{
  "topk": 5,
  "time_points": 13,
  "nodes": 12,
  "mean_intensity": {
    "0": 0.49535129710232767,
    "1": 1.3014699141982105,
    "2": 0.8220085642074919,
    "3": 1.056427971994226,
    "4": 0.8220085642074919,
    "5": 1.2932137086142608,
    "6": 1.6330051058478792,
    "7": 1.295546907833357,
    "8": 0.5351085312622591,
    "9": 1.018943000907558,
    "10": 0.46549013090709024,
    "11": 1.0617845394977512
  },
  "std_intensity": {
    "0": 0.2160362277333273,
    "1": 0.48025139492549984,
    "2": 0.3635213195230819,
    "3": 0.462484361066901,
    "4": 0.36352131952308203,
    "5": 0.4793112064631018,
    "6": 0.6562179289419612,
    "7": 0.502250102488948,
    "8": 0.24670467101552718,
    "9": 0.47492402612379114,
    "10": 0.2118806256538592,
    "11": 0.4283223754762157
  },
  "cv_intensity": {
    "0": 0.4361273080269401,
    "1": 0.36900691263462415,
    "2": 0.44223544054326835,
    "3": 0.43778125279419516,
    "4": 0.4422354405432685,
    "5": 0.3706357296322938,
    "6": 0.40184683231644996,
    "7": 0.38767419338641457,
    "8": 0.4610366992899896,
    "9": 0.4660947920544299,
    "10": 0.4551774819382679,
    "11": 0.40339857997783496
  },
  "topk_occupancy_fraction": {
    "0": 0.07692307692307693,
    "1": 0.8461538461538461,
    "2": 0.07692307692307693,
    "3": 0.38461538461538464,
    "4": 0.07692307692307693,
    "5": 0.9230769230769231,
    "6": 0.9230769230769231,
    "7": 0.8461538461538461,
    "8": 0.0,
    "9": 0.3076923076923077,
    "10": 0.0,
    "11": 0.5384615384615384
  },
  "persistent_hub_candidates": [
    6,
    5,
    1,
    7,
    11
  ]
}