t,mean_deg,locked_frac,S95,peaks,L_flow,P_press,g_flow,top10_flow,g_mem,top10_mem,dim_est
0,10.0,0.0,272,0,17.551605728250046,0.0645279622362134,0.2812065298510156,0.011394968819182828,0.2812065298510156,0.011394968819182828,1.2077682909853673
1,9.895833333333334,0.0,273,0,18.303242514207753,0.06704484437438737,0.26767554641978475,0.010927025626456706,0.23968837490959985,0.011129303991857674,1.2077682909853673
2,9.895833333333334,0.0,281,0,17.33826922172872,0.061702025700102206,0.25017748614807533,0.011031511939829554,0.22781374178494293,0.010567922995108241,1.2077682909853673
3,9.895833333333334,0.0,282,0,16.208802772511543,0.05747802401599838,0.23045535055867744,0.010704020398402882,0.21400054852569683,0.010070405825954833,1.2077682909853673
4,9.895833333333334,0.0,278,0,14.812175906873357,0.0532812082981056,0.21817309437898758,0.010326132357913015,0.19872147935102907,0.009545372639751477,1.2077682909853673
5,9.895833333333334,0.0,305,0,12.175801799347076,0.03992066163720353,0.22066164156676726,0.010457341126769777,0.18352612541375504,0.009044323091914682,1.2077682909853673
6,9.895833333333334,0.0,349,0,7.386328105656682,0.021164263913056397,0.23915224314848885,0.011821769798246371,0.17214880344484407,0.008712645564543816,1.2077682909853673
7,9.791666666666666,0.0,360,0,3.150995120621738,0.008752764223949272,0.2657427479379705,0.01396760487983877,0.16097156887727093,0.0085806042921427,1.2077682909853673
8,9.791666666666666,0.0,363,0,1.1807895530261803,0.003252863782441268,0.30154243185735635,0.016940967591703788,0.15816781358229892,0.008516845578156126,1.2077682909853673
9,9.791666666666666,0.0,364,0,0.4473822476355296,0.0012290721088888176,0.3284323398305185,0.019645017260792597,0.1569605400224411,0.00849078189172556,1.2077682909853673
10,9.791666666666666,0.0,365,0,0.1757699366145326,0.00048156147017680166,0.3524085671392697,0.021851864579074263,0.15644228498460827,0.00848080459387984,1.229322813196155
11,9.791666666666666,0.0,365,0,0.07275644048872204,0.0001993327136677316,0.36054578576487906,0.022495910403004322,0.15622267115836816,0.008476537509444904,1.229322813196155
12,9.791666666666666,0.0,365,0,0.031655869437071826,8.672840941663514e-05,0.36036277443648906,0.023621693198879027,0.1561262580756414,0.008474989915686692,1.229322813196155
13,9.6875,0.0,365,0,0.01463180515613239,4.008713741406134e-05,0.3438103720815884,0.021602716299916606,0.15179513843508805,0.00850927437578151,1.229322813196155
14,9.6875,0.0,365,0,0.007163674886313884,1.962650653784626e-05,0.3324710897066343,0.022261947421838284,0.1517769424591181,0.008509018666557046,1.229322813196155
15,9.6875,0.0,365,0,0.0038984013125435294,1.0680551541215149e-05,0.3111400678733324,0.018003905830348055,0.15176823557059824,0.008508862982248467,1.229322813196155
16,9.6875,0.0,365,0,0.002255729792419274,6.180081623066504e-06,0.30550938109890324,0.017676394556469997,0.15176367466420446,0.008508798989958927,1.229322813196155
17,9.6875,0.0,365,0,0.0013804429419544434,3.7820354574094343e-06,0.2963449631119533,0.015767159485170053,0.1517610886162618,0.008508754711233947,1.229322813196155
18,9.6875,0.0,365,0,0.0008642538194250512,2.3678186833563045e-06,0.296040602355517,0.016081999227277894,0.15175954315318388,0.008508731457009776,1.229322813196155
19,9.583333333333334,0.0,365,0,0.0005455182172659668,1.4945704582629227e-06,0.2943142367244654,0.015906703123169635,0.148046435931581,0.008549354009574472,1.229322813196155
20,9.583333333333334,0.0,365,0,0.0003512498677207123,9.623284047142804e-07,0.29553927694896664,0.0161773897158426,0.14804583059136342,0.008549344312787534,1.2824245122853142
21,9.583333333333334,0.0,365,0,0.0002283609732907115,6.256465021663328e-07,0.29676323860457093,0.016162512825043475,0.14804543700965012,0.008549337717247713,1.2824245122853142
22,9.583333333333334,0.0,365,0,0.0001491044459402268,4.0850533134308715e-07,0.2968663148776433,0.01642707902010546,0.14804517998579766,0.008549333461064037,1.2824245122853142
23,9.583333333333334,0.0,365,0,9.75656505369149e-05,2.673031521559312e-07,0.29827518924631113,0.016477354948688794,0.14804501125854203,0.008549330592968604,1.2824245122853142
24,9.583333333333334,0.0,365,0,6.397267846213424e-05,1.7526761222502531e-07,0.29921021630988737,0.01669136690435073,0.14804490052560063,0.008549328704046635,1.2824245122853142
25,9.479166666666666,0.0,365,0,4.1498997308117086e-05,1.1369588303593723e-07,0.30114016110894104,0.016987205292957972,0.14470034123192146,0.008594082081192913,1.2824245122853142
26,9.479166666666666,0.0,365,0,2.7372946584327375e-05,7.499437420363664e-08,0.3037133319151805,0.017059757775421007,0.14470029406855778,0.008594081246436331,1.2824245122853142
27,9.479166666666666,0.0,365,0,1.8140156145326147e-05,4.9699057932400404e-08,0.30611265302776824,0.017184351724197543,0.14470026271377479,0.008594080680824526,1.2824245122853142
28,9.479166666666666,0.0,365,0,1.2048621771160634e-05,3.3009922660714065e-08,0.3086694819077278,0.01740753625115042,0.14470024181451066,0.008594080297696177,1.2824245122853142
29,9.479166666666666,0.0,365,0,8.01710298958557e-06,2.1964665724891975e-08,0.31120677432804295,0.01764520490984847,0.14470022786277797,0.008594080037392374,1.2824245122853142
30,9.479166666666666,0.0,365,0,5.342342048547396e-06,1.4636553557664098e-08,0.3138131499456178,0.017875123089733245,0.14470021854068055,0.008594079860772303,1.26574371345094
31,9.380208333333334,0.0,365,0,3.524069006600291e-06,9.654983579726825e-09,0.3168264034311967,0.01817735649470942,0.14214040064423428,0.008642567708741286,1.26574371345094
32,9.380208333333334,0.0,365,0,2.364235243989797e-06,6.477356832848759e-09,0.3180599026605922,0.01824960495775143,0.14214039651191315,0.008642567627310992,1.26574371345094
33,9.380208333333334,0.0,365,0,1.5934215855695235e-06,4.365538590601434e-09,0.3205260065138784,0.018360708389941933,0.1421403937073634,0.00864256757087186,1.26574371345094
34,9.380208333333334,0.0,365,0,1.0764643850915556e-06,2.9492174934015223e-09,0.32274885405643333,0.018442366679265857,0.14214039180368937,0.008642567531976139,1.26574371345094
35,9.380208333333334,0.0,365,0,7.283342658114977e-07,1.9954363446890347e-09,0.3251377690605991,0.018529558471486293,0.14214039051011432,0.008642567505116338,1.26574371345094
36,9.380208333333334,0.0,365,0,4.934574754583034e-07,1.3519382889268587e-09,0.327424271175115,0.018632158219945776,0.14214038963078404,0.008642567486610698,1.26574371345094
37,9.28125,0.0,365,0,3.3136018908688e-07,9.078361344846027e-10,0.33007038436856606,0.020032502319380883,0.13941465570579675,0.008691141096061684,1.26574371345094
38,9.28125,0.0,365,0,2.2578381582141446e-07,6.185857967709986e-10,0.3301121688392529,0.01909882570097283,0.13941465530082497,0.008691141087264563,1.26574371345094
39,9.28125,0.0,365,0,1.5439193351910517e-07,4.229915986824799e-10,0.33181143500879956,0.019115208805546288,0.13941465502123956,0.00869114108112857,1.26574371345094
40,9.28125,0.0,363,0,0.16000010522749047,0.0004407716397451528,0.9955102231978511,0.9999993451141612,0.1394058103659141,0.008677520103219568,1.274503540072489
41,9.28125,0.0,363,0,0.16208799206865987,0.0004465233941285396,0.9704178195865961,0.33808492105551663,0.13931419652136823,0.008708102621400425,1.274503540072489
42,9.28125,0.0,364,0,0.1521054791144072,0.0004178721953692505,0.8522338380387374,0.16310729367476215,0.13918802105243244,0.008748916131393501,1.274503540072489
43,9.182291666666666,0.0,364,0,0.11769498054904301,0.00032333785865121706,0.6838807209910014,0.10769977799283109,0.13644327964694022,0.008830189467672913,1.274503540072489
44,9.182291666666666,0.0,364,0,0.08286648015333925,0.00022765516525642652,0.6303324963062027,0.08745144683004845,0.13634140236123465,0.008847307143595154,1.274503540072489
45,9.182291666666666,0.0,365,0,0.057035446188093045,0.00015626149640573438,0.5833827835967638,0.07453325987372807,0.13626720203439377,0.008856771574091158,1.274503540072489
46,9.182291666666666,0.0,365,0,0.03871025854338391,0.00010605550285858606,0.5576281010427171,0.06659133606746699,0.13621462221007669,0.008862245877643341,1.274503540072489
47,9.182291666666666,0.0,365,0,0.0261072463487818,7.152670232542959e-05,0.5373279141837771,0.06083963901801456,0.1361780707097143,0.00886544575096724,1.274503540072489
48,9.182291666666666,0.0,365,0,0.017563226634944168,4.811842913683334e-05,0.5220971159649718,0.05665517859133694,0.13615282625629957,0.008867344834002118,1.274503540072489
49,9.088541666666666,0.0,365,0,0.01166825972922866,3.196783487459907e-05,0.5114226203799294,0.05386781892235297,0.13414106147668547,0.00892248531450626,1.274503540072489
50,9.088541666666666,0.0,365,0,0.00787912756971185,2.1586650875922877e-05,0.49855645072609467,0.050567318195353865,0.13412953821075682,0.008923168943839679,1.429980614386199
51,9.088541666666666,0.0,365,0,0.005330993582405281,1.460546186960351e-05,0.48771811533455006,0.04792238659409128,0.13412160947665158,0.008923577202967723,1.429980614386199
52,9.088541666666666,0.0,365,0,0.003608911009113149,9.887427422227805e-06,0.4800166894032419,0.04558247408008246,0.13411616672309978,0.008923821731829552,1.429980614386199
53,9.088541666666666,0.0,365,0,0.0024461253159087414,6.7017131942705245e-06,0.4737616181635934,0.043508526156154165,0.1341124288767391,0.008923967897884154,1.429980614386199
54,9.088541666666666,0.0,365,0,0.001660387320708178,4.549006358104597e-06,0.4685523395265748,0.04162532845334357,0.1341098604994241,0.008924054976623528,1.429980614386199
55,9.005208333333334,0.0,365,0,0.0011214067201884873,3.0723471785985953e-06,0.46543583594041565,0.04016572748004887,0.13294072784181463,0.008978080194526845,1.429980614386199
56,9.005208333333334,0.0,365,0,0.0007652778166486891,2.0966515524621617e-06,0.4590638673737458,0.03847802029287367,0.13293949165037144,0.008978110699769512,1.429980614386199
57,9.005208333333334,0.0,365,0,0.0005233578011345168,1.4338569894096352e-06,0.45481327038702435,0.036880203852541635,0.1329386418947003,0.008978128343409336,1.429980614386199
58,9.005208333333334,0.0,365,0,0.0003589390861130148,9.833947564740132e-07,0.45066445486167184,0.035374552677513646,0.1329380524944691,0.00897813837557583,1.429980614386199
59,9.005208333333334,0.0,365,0,0.000246377766227751,6.750075787061671e-07,0.44744358134421824,0.033971778956165447,0.13293764483360573,0.008978144241893022,1.429980614386199
60,9.005208333333334,0.0,365,0,0.0001694180992506994,4.6415917602931345e-07,0.4443525859109881,0.03267171617209541,0.13293736162450615,0.008978147594112048,1.3456575621999414
61,8.916666666666666,0.0,365,0,0.00011539353856034936,3.161466809872585e-07,0.4427003302504896,0.031811117967956486,0.1305436757984277,0.009027534095176586,1.3456575621999414
62,8.916666666666666,0.0,365,0,7.959449672260695e-05,2.1806711430851217e-07,0.4404438013760575,0.03070634227197715,0.1305435433919218,0.009027535130136191,1.3456575621999414
63,8.916666666666666,0.0,365,0,5.53082888769525e-05,1.5152955856699315e-07,0.43839485912405285,0.029427139191928825,0.130543450120641,0.009027535607059285,1.3456575621999414
64,8.916666666666666,0.0,365,0,3.8542006539244106e-05,1.0559453846368248e-07,0.43658974201452716,0.028630078656474413,0.1305433844394903,0.009027535785903625,1.3456575621999414
65,8.916666666666666,0.0,365,0,2.6916255483196798e-05,7.374316570738849e-08,0.43510833650143516,0.028064654475307517,0.13054333807342328,0.009027535805874882,1.3456575621999414
66,8.916666666666666,0.0,365,0,1.8827122983681888e-05,5.158115885940243e-08,0.43436298396606443,0.02801733316027142,0.1305433053447669,0.00902753575063248,1.3456575621999414
67,8.84375,0.0,365,0,1.3200737656841321e-05,3.616640453929129e-08,0.4381120012865011,0.03358619105423184,0.13012826066607913,0.009081668007162444,1.3456575621999414
68,8.84375,0.0,365,0,9.195633763064603e-06,2.5193517159081104e-08,0.4339672407714146,0.030083253189263092,0.13012824413326032,0.009081667922318142,1.3456575621999414
69,8.84375,0.0,365,0,6.4361380573668554e-06,1.7633254951690014e-08,0.43187836619867453,0.0299517194618888,0.1301282324485866,0.00908166785071151,1.3456575621999414
70,8.84375,0.0,365,0,4.517590762715194e-06,1.2376960993740258e-08,0.4296571691027928,0.02966367787162004,0.13012822423608766,0.009081667792355629,1.6234200694127259
71,8.84375,0.0,365,0,3.1749071001557556e-06,8.698375616865085e-09,0.42852122099621714,0.029636730054532087,0.13012821842044994,0.009081667745451348,1.6234200694127259
72,8.84375,0.0,365,0,2.2337275502951665e-06,6.11980150765799e-09,0.42806027045569267,0.029632268608843392,0.13012821430367774,0.009081667708396768,1.6234200694127259
73,8.78125,0.0,365,0,1.570723138254829e-06,4.30335106371186e-09,0.4286084346888659,0.031167552759639273,0.12961675414531232,0.00912761191219826,1.6234200694127259
74,8.78125,0.0,365,0,1.1038133680399411e-06,3.024146213808058e-09,0.42542047410724326,0.028356840907480713,0.12961675206426881,0.009127611889214009,1.6234200694127259
75,8.78125,0.0,365,0,7.80828951575184e-07,2.1392574015758464e-09,0.42593081841337455,0.028686923043915163,0.12961675058241848,0.009127611872091173,1.6234200694127259
76,8.78125,0.0,365,0,5.541496031579307e-07,1.5182180908436458e-09,0.42618403758032414,0.028784549113633234,0.12961674952995927,0.00912761185910989,1.6234200694127259
77,8.78125,0.0,365,0,3.9399477360571887e-07,1.079437735906079e-09,0.4261558587732822,0.028975067502417802,0.12961674877834106,0.00912761184963411,1.6234200694127259
78,8.78125,0.0,365,0,2.804368125672397e-07,7.683200344307938e-10,0.4264607675773453,0.02941421177883944,0.1296167482407682,0.009127611842745166,1.6234200694127259
79,8.708333333333334,0.0,365,0,1.9971972989063176e-07,5.471773421661144e-10,0.4304529457739876,0.03404609058455829,0.12732570424955386,0.00916825042124674,1.6234200694127259
80,8.708333333333334,0.0,365,0,0.1593370864259891,0.000436539962810929,0.9952316115828262,0.9999991230606872,0.12825545939416969,0.009334968487300258,1.4186085289942125
81,8.708333333333334,0.0,364,0,0.1486653780443589,0.00040842136825373324,0.9699918848059943,0.34266593187799166,0.12844556966579723,0.009544141974816405,1.4186085289942125
82,8.708333333333334,0.0,365,0,0.13839526583013978,0.00037916511186339663,0.860982815456665,0.1876818058457589,0.12844497783077014,0.009671971267719444,1.4186085289942125
83,8.708333333333334,0.0,365,0,0.11124875071624177,0.0003047910978527172,0.7202656815826877,0.1287298018101854,0.1283826575677217,0.009773442659829091,1.4186085289942125
84,8.708333333333334,0.0,365,0,0.08347711306491223,0.00022870441935592394,0.6590677838746293,0.10208697770657443,0.12831127812891518,0.009832792419700764,1.4186085289942125
85,8.640625,0.0,365,0,0.06133578928859313,0.0001680432583249127,0.6125393795756212,0.08618251607904767,0.12732232515468228,0.009919883878227738,1.4186085289942125
86,8.640625,0.0,365,0,0.044798102144144675,0.00012273452642231418,0.5807042610765308,0.0762759238559264,0.1272678444844589,0.009941453085448177,1.4186085289942125
87,8.640625,0.0,365,0,0.03256280880846925,8.921317481772396e-05,0.5574386928935754,0.06870939871159541,0.12722520750346905,0.00995489285002923,1.4186085289942125
88,8.640625,0.0,365,0,0.02363110083781545,6.47427420214122e-05,0.5393061887160927,0.06288363572898234,0.1271925026542016,0.009963404353412876,1.4186085289942125
89,8.640625,0.0,365,0,0.0171410176715382,4.6961692250789596e-05,0.5244789635361101,0.058121112040891404,0.12716762638655082,0.009968857833502856,1.4186085289942125
90,8.640625,0.0,365,0,0.012432506609818792,3.406166194470902e-05,0.5123916240385179,0.054318338457198405,0.12714882157421167,0.009972385923788145,1.3848522017249387
91,8.588541666666666,0.0,365,0,0.00904716987858889,2.4786766790654493e-05,0.5037789140727874,0.05166597196352144,0.12740657979419426,0.010024356067495343,1.3848522017249387
92,8.588541666666666,0.0,365,0,0.006525596860453651,1.7878347562886716e-05,0.4946832605193959,0.04837619490567853,0.1273957426317662,0.010025871113804744,1.3848522017249387
93,8.588541666666666,0.0,365,0,0.004733246771266212,1.296779937333209e-05,0.48632216818537494,0.04595813283258942,0.12738773723313823,0.01002687231952093,1.3848522017249387
94,8.588541666666666,0.0,365,0,0.0034373252680950867,9.417329501630375e-06,0.4794720134197521,0.04375172281749899,0.12738182685824898,0.010027536534704075,1.3848522017249387
95,8.588541666666666,0.0,365,0,0.00249944503906556,6.847794627576877e-06,0.4732848195670878,0.0417478462219733,0.12737745702509798,0.010027978298546358,1.3848522017249387
96,8.588541666666666,0.0,365,0,0.0018182688799336527,4.981558575160692e-06,0.4685762121594674,0.03994986382917553,0.127374232130875,0.010028272941491528,1.3848522017249387
97,8.541666666666666,0.0,365,0,0.0013238549872359021,3.626999965029869e-06,0.4643556742533439,0.03831668932579425,0.12692037693021552,0.010067471235498828,1.3848522017249387
98,8.541666666666666,0.0,365,0,0.0009591351938703128,2.627767654439213e-06,0.46117882814715694,0.03704034511550076,0.12691861220009118,0.010067603850562979,1.3848522017249387
99,8.541666666666666,0.0,365,0,0.0006995299597006869,1.9165204375361288e-06,0.45781164875763664,0.03570246213729968,0.12691730610907145,0.010067692431588417,1.3848522017249387
100,8.541666666666666,0.0,365,0,0.0005111432130955153,1.4003923646452475e-06,0.45464627747180913,0.0344239026296865,0.12691634132142884,0.010067751741263337,1.399992688285319
101,8.541666666666666,0.0,365,0,0.00037386634416077284,1.024291353865131e-06,0.4518511002425937,0.03325977046143456,0.12691562840395193,0.010067791567862725,1.399992688285319
102,8.541666666666666,0.0,365,0,0.0002736546597390041,7.497387938054908e-07,0.4494316509077243,0.03226154754739048,0.12691510234501743,0.010067818468831386,1.399992688285319
103,8.5,0.0,365,0,0.0002012550618206176,5.513837310153907e-07,0.45069970510046126,0.03322430803901782,0.1265819690075997,0.010103526859122226,1.399992688285319
104,8.5,0.0,365,0,0.00014630013536281385,4.008222886652434e-07,0.4451506727245597,0.03081726175969433,0.12658168388742172,0.010103539253086687,1.399992688285319
105,8.5,0.0,365,0,0.0001068056085939168,2.9261810573675835e-07,0.44419712057303845,0.030388065042519015,0.12658147535270173,0.010103547752440658,1.399992688285319
106,8.5,0.0,365,0,7.819042114941722e-05,2.1422033191621154e-07,0.4428037697215466,0.029950783343565743,0.12658132234314615,0.010103553552791035,1.399992688285319
107,8.5,0.0,365,0,5.7314567153019997e-05,1.5702621137813697e-07,0.44169700232392184,0.029549404654858592,0.12658120951762944,0.01010355751121214,1.399992688285319
108,8.5,0.0,365,0,4.206160513788981e-05,1.1523727435038304e-07,0.44054316296910223,0.029224518059825386,0.12658112619060022,0.010103560210469334,1.399992688285319
109,8.4375,0.0,365,0,3.077107632227594e-05,8.430431869116696e-08,0.4412545076694755,0.031776163859063705,0.1236738994293163,0.010135839685652154,1.399992688285319
110,8.4375,0.0,365,0,2.2456719179276953e-05,6.152525802541631e-08,0.4390743223693372,0.029525710583041764,0.1236738548074899,0.010135840969804572,1.54526417246753
111,8.4375,0.0,365,0,1.654040354968539e-05,4.531617410872709e-08,0.4384491543884747,0.029398522836966645,0.12367382195315157,0.010135841846940597,1.54526417246753
112,8.4375,0.0,365,0,1.2225199532370236e-05,3.349369734895955e-08,0.43756037994098557,0.029055136516418587,0.12367379758504711,0.010135842439977413,1.54526417246753
113,8.4375,0.0,365,0,9.051479371834727e-06,2.4798573621465005e-08,0.4368479861714371,0.028779359445916395,0.12367377949677928,0.01013584283966414,1.54526417246753
114,8.4375,0.0,365,0,6.710291112797947e-06,1.838435921314506e-08,0.43620774889314023,0.028508148104657294,0.12367376604363962,0.01013584310912668,1.54526417246753
115,8.385416666666666,0.0,365,0,4.984753044527468e-06,1.365685765623964e-08,0.4384881171865223,0.03179285514127359,0.12364247845551132,0.010185115609318899,1.54526417246753
116,8.385416666666666,0.0,365,0,3.6815640960101947e-06,1.0086476975370396e-08,0.43345164120973423,0.028677673784365896,0.12364247100332738,0.010185115732480172,1.54526417246753
117,8.385416666666666,0.0,365,0,2.7372890680534666e-06,7.499422104256073e-09,0.4333283972536284,0.028061498991747664,0.12364246546342682,0.010185115817677212,1.54526417246753
118,8.385416666666666,0.0,365,0,2.0430333963878464e-06,5.5973517709256066e-09,0.4316992920952791,0.027818578061231967,0.12364246133657017,0.01018511587418753,1.54526417246753
119,8.385416666666666,0.0,365,0,1.5264546649752744e-06,4.182067575274724e-09,0.43087114027397744,0.027745717563276602,0.12364245824939703,0.01018511591137688,1.54526417246753
120,8.385416666666666,0.0,362,0,0.18000113484863706,0.0004972407040017598,0.994406334503241,0.9999937166692379,0.1241188091742035,0.010183074610996917,1.4766158983204878
121,8.34375,0.0,362,0,0.16383943793035582,0.00045259513240429784,0.9596148638058127,0.2602399827273207,0.12449878428489644,0.010251732460152674,1.4766158983204878
122,8.34375,0.0,363,0,0.14200312026205963,0.0003911931687660045,0.8181106272116118,0.1351417917925809,0.12447463216358641,0.010272721442955431,1.4766158983204878
123,8.34375,0.0,363,0,0.10443118215932451,0.00028768920705048075,0.66627382361679,0.08633536917606688,0.1244072238636627,0.010290951716967707,1.4766158983204878
124,8.34375,0.0,364,0,0.07336921985676917,0.00020156379081529992,0.6044862488214157,0.07047609946874091,0.1243386570272964,0.010301412278291266,1.4766158983204878
125,8.34375,0.0,364,0,0.05131820982026679,0.00014098409291282086,0.562113572173811,0.06111759270398701,0.12428098133519276,0.010306742366050137,1.4766158983204878
126,8.34375,0.0,365,0,0.03604172767343036,9.874445937926126e-05,0.5368890905478987,0.05625266927907385,0.12423533679905435,0.010309608819061159,1.4766158983204878
127,8.276041666666666,0.0,365,0,0.025360906099158965,6.948193451824374e-05,0.5209140682931609,0.05414169444425847,0.12076874977943922,0.010345750749416651,1.4766158983204878
128,8.276041666666666,0.0,365,0,0.017968968099884852,4.9230049588725624e-05,0.5104864328566606,0.05594597214262746,0.12074323273893338,0.010346831192343756,1.4766158983204878
129,8.276041666666666,0.0,365,0,0.012868978289328838,3.525747476528449e-05,0.5041786933275106,0.05868671909894276,0.1207242224274513,0.01034776696386718,1.4766158983204878
130,8.276041666666666,0.0,365,0,0.009289935315330781,2.5451877576248718e-05,0.5009792991521078,0.06228373191519362,0.12071020335796127,0.010348320351499244,1.4430608936820681
131,8.276041666666666,0.0,365,0,0.006760514122078808,1.8521956498846047e-05,0.49880734475729904,0.066145042581106,0.12069980772178009,0.01034864889610649,1.4430608936820681
132,8.276041666666666,0.0,365,0,0.004951616710420352,1.356607317923384e-05,0.4986526571942411,0.06989985543361732,0.12069208328449545,0.010348844081285719,1.4430608936820681
133,8.239583333333334,0.0,365,0,0.003650150866848027,1.0000413333830212e-05,0.5021588376480987,0.0737285338506797,0.12287014383533376,0.010405668664083888,1.4430608936820681
134,8.239583333333334,0.0,365,0,0.002687887333051129,7.364074885071587e-06,0.5044867046687639,0.07811672973020432,0.12286574784520916,0.01040573739215557,1.4430608936820681
135,8.239583333333334,0.0,365,0,0.0019996240688001272,5.4784221063017185e-06,0.5070542758313059,0.08201296521867524,0.12286250783003808,0.010405787252587064,1.4430608936820681
136,8.239583333333334,0.0,365,0,0.001496403432160702,4.0997354305772655e-06,0.5101279927834298,0.08559088699258392,0.12286009075289951,0.010405824174994211,1.4430608936820681
137,8.239583333333334,0.0,365,0,0.0011242699000838156,3.080191507078947e-06,0.5139779154707335,0.08903401969361598,0.12285827636167251,0.010405851689752442,1.4430608936820681
138,8.239583333333334,0.0,365,0,0.0008477489214543122,2.3225997848063348e-06,0.5179306273685685,0.09224687022014111,0.12285691033047201,0.010405872359912083,1.4430608936820681
139,8.192708333333334,0.0,365,0,0.0006425902796962632,1.7605213142363374e-06,0.5255993579842897,0.09506942783657325,0.12114363982487926,0.010436931759343855,1.4430608936820681
140,8.192708333333334,0.0,365,0,0.0004815801067496906,1.3193975527388783e-06,0.5287594643717642,0.09957527792652085,0.12114286924951281,0.010436945251024118,1.5338195411138826
141,8.192708333333334,0.0,365,0,0.0003654722450654726,1.0012938220971853e-06,0.5328884110686827,0.10203315241258161,0.12114228336996563,0.010436955179654745,1.5338195411138826
142,8.192708333333334,0.0,365,0,0.0002784579758125099,7.628985638698901e-07,0.5357071225350591,0.10450877666712922,0.12114184138522259,0.010436962647555136,1.5338195411138826
143,8.192708333333334,0.0,365,0,0.00021277369886221238,5.829416407183901e-07,0.5385819144351601,0.10664324592690937,0.12114150525230677,0.010436968302891701,1.5338195411138826
144,8.192708333333334,0.0,365,0,0.0001629074079988887,4.4632166575037997e-07,0.54151735891652,0.10863957740304175,0.12114124933124583,0.01043697262138983,1.5338195411138826
145,8.145833333333334,0.0,365,0,0.00012498273122724162,3.4241844171847016e-07,0.5446518163829689,0.11066529199253583,0.12036917246857268,0.010477352351243302,1.5338195411138826
146,8.145833333333334,0.0,365,0,9.592658682223886e-05,2.628125666362709e-07,0.545905059621806,0.11196971347899909,0.12036902109750018,0.010477354751303486,1.5338195411138826
147,8.145833333333334,0.0,365,0,7.376958165756893e-05,2.0210844289744913e-07,0.5472216065966743,0.11367629615008831,0.12036890540410548,0.010477356616710683,1.5338195411138826
148,8.145833333333334,0.0,365,0,5.6828564249844804e-05,1.5569469657491726e-07,0.5490565536391723,0.1150806217201915,0.12036881655297521,0.010477358076826464,1.5338195411138826
149,8.145833333333334,0.0,365,0,4.3811991365365794e-05,1.200328530557967e-07,0.5513634569895411,0.11643416712465429,0.12036874825476919,0.010477359221262684,1.5338195411138826
150,8.145833333333334,0.0,365,0,3.380443609479186e-05,9.261489341038866e-08,0.553891116132337,0.11768855645104864,0.12036869569497254,0.010477360118512902,1.4911345611687592
151,8.09375,0.0,365,0,2.6182831918816534e-05,7.17337860789494e-08,0.5570283832636687,0.11851319008138333,0.11904307580751802,0.010518365656146495,1.4911345611687592
152,8.09375,0.0,365,0,2.0021505554222407e-05,5.485343987458194e-08,0.5615472297177778,0.12072954856085162,0.11904304398341277,0.010518366215963543,1.4911345611687592
153,8.09375,0.0,365,0,1.5450555455132315e-05,4.2330288918170726e-08,0.5649309638505386,0.12200545976695543,0.11904301960770801,0.010518366647707035,1.4911345611687592
154,8.09375,0.0,365,0,1.1956022043066498e-05,3.275622477552465e-08,0.5676019415899016,0.12293922814438595,0.11904300080291157,0.010518366985904777,1.4911345611687592
155,8.09375,0.0,365,0,9.266759546513439e-06,2.53883823192149e-08,0.5696837606926959,0.12367221808725933,0.11904298625592555,0.010518367249698629,1.4911345611687592
156,8.09375,0.0,365,0,7.1887108288486866e-06,1.9695098161229277e-08,0.5716119861338742,0.12430701189076246,0.11904297498829781,0.010518367455904561,1.4911345611687592
157,8.057291666666666,0.0,365,0,5.585293973540079e-06,1.530217526997282e-08,0.5741940414272436,0.12475119753118319,0.11991245120829978,0.010564600793330456,1.4911345611687592
158,8.057291666666666,0.0,365,0,4.3189397102517565e-06,1.1832711534936319e-08,0.5752830894619774,0.1257933264032368,0.11991244429067573,0.010564600917250113,1.4911345611687592
159,8.057291666666666,0.0,365,0,3.358429984865334e-06,9.201178040726944e-09,0.5755882369877346,0.12616230213098178,0.1199124389108792,0.01056460101327607,1.4911345611687592
160,8.057291666666666,0.0,365,0,0.20000259935086367,0.0005479523269886676,0.9935303249922517,0.999987003414595,0.12095191060276347,0.010628627151344706,1.4674514750139063
161,8.057291666666666,0.0,365,0,0.15441095636620994,0.00042304371607180803,0.9553690287533932,0.20309270528177567,0.12090308593356226,0.01073302239660327,1.4674514750139063
162,8.057291666666666,0.0,365,0,0.12864095276712043,0.00035244096648526143,0.8026344856628101,0.12405825376203206,0.12078711827942219,0.010804648785149371,1.4674514750139063
163,7.989583333333333,0.0,365,0,0.09404847170786904,0.0002576670457749837,0.6583103678005519,0.10542515533955579,0.11665109560680964,0.010868790138102163,1.4674514750139063
164,7.989583333333333,0.0,365,0,0.06801756592133462,0.00018634949567488939,0.6155592443706127,0.10356550067773543,0.11657179856685769,0.010887035211498624,1.4674514750139063
165,7.989583333333333,0.0,365,0,0.05006374987652937,0.00013716095856583388,0.5871921102921093,0.10462486817446984,0.11651683766274983,0.010898612160990901,1.4674514750139063
166,7.989583333333333,0.0,365,0,0.037405355382562025,0.00010248042570564938,0.571365783083814,0.10741189408479676,0.11647814306312332,0.010906683178612613,1.4674514750139063
167,7.989583333333333,0.0,365,0,0.028246739668334273,7.738832785845006e-05,0.5631798554066665,0.10991266067849832,0.11645084021211034,0.010912542835713293,1.4674514750139063
168,7.989583333333333,0.0,365,0,0.02151150397991838,5.893562734224214e-05,0.560149678194213,0.11222073158075255,0.11643106108333544,0.010916928932370416,1.4674514750139063
169,7.927083333333333,0.0,365,0,0.01655975251187226,4.536918496403359e-05,0.5606169941597408,0.11381495859947065,0.11590122299093995,0.010983877549041518,1.4674514750139063
170,7.927083333333333,0.0,365,0,0.012717952061974062,3.4843704279380994e-05,0.559844367716862,0.11608304086580844,0.11588942159588111,0.010986425054135801,1.5496639177683265
171,7.927083333333333,0.0,365,0,0.00985172584205217,2.699102970425252e-05,0.5601820861431283,0.11770290347337678,0.11588075784303356,0.010988417198282797,1.5496639177683265
172,7.927083333333333,0.0,365,0,0.007661349444229608,2.0989998477341394e-05,0.5612763029675389,0.11910256601203283,0.11587430146513189,0.010989983939347355,1.5496639177683265
173,7.927083333333333,0.0,365,0,0.00598205133865695,1.6389181749745067e-05,0.5617419473582183,0.12023255673284375,0.11586944398579226,0.010991223777904504,1.5496639177683265
174,7.927083333333333,0.0,365,0,0.004684497234618079,1.283423899895364e-05,0.5619895464774286,0.12118611759283542,0.11586575819871031,0.010992206578940462,1.5496639177683265
175,7.890625,0.0,365,0,0.0036640619124589423,1.0038525787558746e-05,0.5620513714604197,0.12243254559888608,0.11777717921426806,0.011052803138384412,1.5496639177683265
176,7.890625,0.0,365,0,0.0028745759147636384,7.875550451407228e-06,0.5628141787701448,0.12344740728978386,0.11777510402617247,0.011053427466281397,1.5496639177683265
177,7.890625,0.0,365,0,0.0022676564002275237,6.212757260897325e-06,0.5631751992398651,0.1237843709724275,0.11777349847512647,0.0110539209952374,1.5496639177683265
178,7.890625,0.0,365,0,0.0017944114692193484,4.916195806080406e-06,0.5626451186317902,0.12389133370142595,0.11777225771613765,0.011054310903965067,1.5496639177683265
179,7.890625,0.0,365,0,0.0014226237507024096,3.897599316992903e-06,0.5618085847137745,0.12393575155180805,0.1177712908391375,0.0110546192416671,1.5496639177683265
180,7.890625,0.0,365,0,0.0011295225013464765,3.0945821954697987e-06,0.5608406156383073,0.12391057896528015,0.1177705315492552,0.011054863176838195,1.4380856574716814
181,7.854166666666667,0.0,365,0,0.0009015293033007709,2.4699432967144407e-06,0.5611656821693036,0.12330604017887262,0.11720121870510593,0.011090463326312925,1.4380856574716814
182,7.854166666666667,0.0,365,0,0.000712218420612656,1.951283344144263e-06,0.5601689555602064,0.12406593354083344,0.117200754306407,0.011090614723468978,1.4380856574716814
183,7.854166666666667,0.0,365,0,0.00056595372509902,1.5505581509562191e-06,0.5599594230013089,0.1241292461883793,0.11720039040353347,0.011090735077165197,1.4380856574716814
184,7.854166666666667,0.0,365,0,0.0004509343007905659,1.2354364405220983e-06,0.5592847217828243,0.12391881545350157,0.11720010459808976,0.011090830677308636,1.4380856574716814
185,7.854166666666667,0.0,365,0,0.00035973903577299273,9.855863993780622e-07,0.5589502183543115,0.12358063217771667,0.11719987699345603,0.011090906611527328,1.4380856574716814
186,7.854166666666667,0.0,365,0,0.00028736625219973836,7.873048005472284e-07,0.5584178805329757,0.12310832006665975,0.11719969528323598,0.011090966915399379,1.4380856574716814
187,7.807291666666667,0.0,365,0,0.00024260555557582397,6.646727550022575e-07,0.5806653194264007,0.16086956199084657,0.11545865377357914,0.011126842151183756,1.4380856574716814
188,7.807291666666667,0.0,365,0,0.00019450037611057745,5.328777427687053e-07,0.5784914895898954,0.13202234412985095,0.11545840631595054,0.01112687900787665,1.4380856574716814
189,7.807291666666667,0.0,365,0,0.00015307195615510595,4.1937522234275603e-07,0.5631484460751313,0.11626016367034707,0.11545819697683833,0.011126904192115194,1.4380856574716814
190,7.807291666666667,0.0,365,0,0.00011979683326151284,3.2821050208633655e-07,0.5531413820133295,0.10630967730588556,0.11545802476048005,0.011126921779775104,1.5659113448707767
191,7.807291666666667,0.0,365,0,9.35515722692791e-05,2.5630567745007973e-07,0.5428704420629434,0.09876246400560103,0.1154578837823432,0.011126934168885648,1.5659113448707767
192,7.807291666666667,0.0,365,0,7.295069017294543e-05,1.9986490458341215e-07,0.5333256232088622,0.09314416822270634,0.11545776948436993,0.011126942978819821,1.5659113448707767
193,7.760416666666667,0.0,365,0,5.56164598773789e-05,1.523738626777504e-07,0.5178930358330891,0.07712036267322864,0.11473724260328462,0.011173648473733871,1.5659113448707767
194,7.760416666666667,0.0,365,0,4.268629847716824e-05,1.1694876295114586e-07,0.5040331763240565,0.08323560804095934,0.11473718494511827,0.011173653245685759,1.5659113448707767
195,7.760416666666667,0.0,365,0,3.323484597678704e-05,9.105437253914259e-08,0.5008538031538675,0.08826700558739986,0.11473714052234611,0.011173657150370083,1.5659113448707767
196,7.760416666666667,0.0,365,0,2.6108057737323733e-05,7.152892530773625e-08,0.5016504332201469,0.09245138255566604,0.11473710650006474,0.011173660347867095,1.5659113448707767
197,7.760416666666667,0.0,365,0,2.0640974809331517e-05,5.655061591597676e-08,0.5043609479130405,0.09651809014208519,0.11473708023120481,0.011173662969716754,1.5659113448707767
198,7.760416666666667,0.0,365,0,1.640047692197196e-05,4.493281348485468e-08,0.5082481719255606,0.10061227272286437,0.11473705987353748,0.011173665119323252,1.5659113448707767
199,7.708333333333333,0.0,365,0,1.3723564084621454e-05,3.7598805711291655e-08,0.535905133953905,0.1301952986606866,0.11342374558928134,0.011221029255032646,1.5659113448707767
200,7.708333333333333,0.0,365,0,0.17915322182790103,0.0004908307447339754,0.9939132567591394,0.9999394698228387,0.11496453475472224,0.01134586474892289,1.6734258753648674
201,7.708333333333333,0.0,365,0,0.1551195520879818,0.0004249850742136488,0.9604811701094388,0.295484202133469,0.11539291743636958,0.011558845625112247,1.6734258753648674
202,7.708333333333333,0.0,365,0,0.13556254425323352,0.0003714042308307768,0.8354793723657139,0.161724355281866,0.1154303071282925,0.011691673010905467,1.6734258753648674
203,7.708333333333333,0.0,365,0,0.10600608028828912,0.00029042761722818935,0.6940269311028477,0.1165082662221006,0.11537908053852484,0.011766227498272743,1.6734258753648674
204,7.708333333333333,0.0,365,0,0.07877410621577356,0.00021581946908431112,0.6371656260386276,0.10480606217305109,0.11530808280702998,0.011807842777392368,1.6734258753648674
205,7.661458333333333,0.0,365,0,0.05932241001071317,0.00016252715071428267,0.602684463909016,0.09828780697815652,0.11505335897462174,0.011888653782803418,1.6734258753648674
206,7.661458333333333,0.0,365,0,0.043506619278268696,0.00011919621720073616,0.5721693387372974,0.09623915049305916,0.11499476689491307,0.01190537800786737,1.6734258753648674
207,7.661458333333333,0.0,365,0,0.032109979645032045,8.797254697269053e-05,0.5553004423257891,0.09377727680309147,0.1149515813678906,0.011918513282970397,1.6734258753648674
208,7.661458333333333,0.0,365,0,0.023830930447527918,6.529022040418608e-05,0.5418859740073338,0.09150953510744594,0.11491971639077253,0.011927500509887461,1.6734258753648674
209,7.661458333333333,0.0,365,0,0.017745935134584685,4.861900036872516e-05,0.5330032096997647,0.08943510474966801,0.11489622470588691,0.011933767469070196,1.6734258753648674
210,7.661458333333333,0.0,365,0,0.013255043969210824,3.6315188956741984e-05,0.5276802205868968,0.08812904887952135,0.11487881261029309,0.011938205761423192,1.7542359359475554
211,7.609375,0.0,365,0,0.010259572364015486,2.8108417435658867e-05,0.542573335825945,0.11226965385828808,0.11362422311378749,0.011993605327929811,1.7542359359475554
212,7.609375,0.0,365,0,0.007661583076766809,2.0990638566484406e-05,0.5306231872337042,0.08019713267286771,0.11361319909060204,0.011995854346691207,1.7542359359475554
213,7.609375,0.0,365,0,0.005687189511999263,1.5581341128765103e-05,0.5142242807128526,0.0721191645778648,0.11360506758943413,0.011997328868815499,1.7542359359475554
214,7.609375,0.0,365,0,0.004220211013866953,1.1562221955799872e-05,0.5057736634647024,0.06663338671866109,0.11359890647876676,0.011998301809437974,1.7542359359475554
215,7.609375,0.0,365,0,0.003144857875791068,8.61604897477005e-06,0.49994620940690165,0.06352635960879657,0.11359420901092043,0.011998941251504141,1.7542359359475554
216,7.609375,0.0,365,0,0.0023548693527620825,6.451696856882418e-06,0.49708919419602016,0.06284582163811656,0.11359061452816552,0.011999363740030536,1.7542359359475554
217,7.557291666666667,0.0,365,0,0.001802225708216775,4.937604680045958e-06,0.5054801185514738,0.08124107153134807,0.11285808691998363,0.01205829213102004,1.7542359359475554
218,7.557291666666667,0.0,365,0,0.001374669012282241,3.76621647200614e-06,0.506257927956236,0.07671795914388793,0.11285590827022207,0.012058474986344615,1.7542359359475554
219,7.557291666666667,0.0,365,0,0.001058215592460875,2.8992208012626714e-06,0.5081058692738757,0.07838896018234877,0.1128542204838529,0.012058605189799215,1.7542359359475554
220,7.557291666666667,0.0,365,0,0.0008240138375709032,2.257572157728502e-06,0.5106537966077441,0.08025272949769857,0.11285292011441359,0.012058699271039688,1.8130701941343539
221,7.557291666666667,0.0,365,0,0.000645775585263412,1.7692481788038684e-06,0.5132332318947754,0.08249621837738758,0.11285190489348174,0.012058768102571343,1.8130701941343539
222,7.557291666666667,0.0,365,0,0.0005088778559579495,1.3941859067341083e-06,0.5159127683817667,0.08449572357773645,0.11285110730065002,0.012058818596471012,1.8130701941343539
223,7.510416666666667,0.0,365,0,0.0003962181305044599,1.0855291246697532e-06,0.5093264628830535,0.06977345925255254,0.11273652143177833,0.012118360886967466,1.8130701941343539
224,7.510416666666667,0.0,365,0,0.0003078183688100829,8.433379967399532e-07,0.4978144296494034,0.07213902300944425,0.11273604513427529,0.012118389762879468,1.8130701941343539
225,7.510416666666667,0.0,365,0,0.0002424218014674315,6.641693190888535e-07,0.5041523205089797,0.07856561843646315,0.11273565949855546,0.01211841157613421,1.8130701941343539
226,7.510416666666667,0.0,365,0,0.00019407736291326863,5.317188025021058e-07,0.509641846014043,0.08588934573570238,0.11273534578274506,0.012118427938674483,1.8130701941343539
227,7.510416666666667,0.0,365,0,0.00015690344137355,4.2987244211931506e-07,0.5163994488881893,0.0943519023380916,0.11273508856754973,0.012118440232114416,1.8130701941343539
228,7.510416666666667,0.0,365,0,0.0001278922860951981,3.5038982491835095e-07,0.5244358369218485,0.10288725362088082,0.11273487745671161,0.01211844950699049,1.8130701941343539
229,7.4375,0.0,365,0,0.00010534341028705913,2.886120829782442e-07,0.5359969559534911,0.11111126457844216,0.10898316542364776,0.012172862725475115,1.8130701941343539
230,7.4375,0.0,365,0,8.675411468279565e-05,2.3768250598026207e-07,0.5426033577502173,0.12077484135580188,0.10898301166138227,0.012172868141182604,1.5693202176386774
231,7.4375,0.0,365,0,7.223615963954738e-05,1.9790728668369146e-07,0.550627051688788,0.12902121932421712,0.10898288341177033,0.01217287237041708,1.5693202176386774
232,7.4375,0.0,365,0,6.0619391358645534e-05,1.6608052427026173e-07,0.5597256530170223,0.1372780988719733,0.10898277558025121,0.012172875773468327,1.5693202176386774
233,7.4375,0.0,365,0,5.124796563977457e-05,1.4040538531445088e-07,0.5689542303604138,0.14624832896405768,0.10898268456047719,0.012172878539929557,1.5693202176386774
234,7.4375,0.0,365,0,4.360757157373407e-05,1.1947279883214813e-07,0.5785676345960105,0.15597757045979124,0.10898260728435306,0.012172880831360531,1.5693202176386774
235,7.380208333333333,0.0,365,0,3.696640455332783e-05,1.0127782069404884e-07,0.5890000317502189,0.1674905849151038,0.10985114577045883,0.012259099097854182,1.5693202176386774
236,7.380208333333333,0.0,365,0,3.1758494037572845e-05,8.700957270567902e-08,0.6009808487014151,0.17822349895361575,0.10985109169752466,0.012259100789698336,1.5693202176386774
237,7.380208333333333,0.0,365,0,2.755966367274537e-05,7.550592787053525e-08,0.6115422975590721,0.1886121898749728,0.109851045871129,0.012259102262186558,1.5693202176386774
238,7.380208333333333,0.0,365,0,2.4048552918540134e-05,6.588644635216475e-08,0.6218944586964417,0.1987927056083588,0.1098510065310427,0.012259103554100488,1.5693202176386774
239,7.380208333333333,0.0,365,0,2.1087330376464938e-05,5.7773507880725857e-08,0.6317188827177408,0.2084986985288315,0.10985097251669373,0.012259104700783036,1.5693202176386774
240,7.380208333333333,0.0,361,0,0.20001853692345753,0.0005540679693170568,0.9929090840249012,0.9999073239723544,0.11144439759989268,0.0122265855572193,1.7844389773463816
241,7.328125,0.0,362,0,0.17300311142807356,0.00047790914759136344,0.9424767088510406,0.16538911927505143,0.11140042512730547,0.012289878946922142,1.7844389773463816
242,7.328125,0.0,363,0,0.1325038085088027,0.00036502426586447023,0.7714518217404983,0.11653073059894224,0.11140878425390455,0.012295223806121304,1.7844389773463816
243,7.328125,0.0,364,0,0.09213565673980456,0.0002531199360983642,0.6312371384559493,0.0688310845059248,0.11135453439965656,0.012293393985600861,1.7844389773463816
244,7.328125,0.0,364,0,0.06338782080582965,0.00017414236485118037,0.5624564964885421,0.05508527201150103,0.11129533984318411,0.012295910185873268,1.7844389773463816
245,7.328125,0.0,365,0,0.044185735885814814,0.00012105681064606799,0.5181030036549257,0.044311519862912194,0.11124185778954997,0.012296355913669562,1.7844389773463816
246,7.328125,0.0,365,0,0.03155230798370968,8.644467940742378e-05,0.48777926523048154,0.03751819803568256,0.11119648873248085,0.0122960480868087,1.7844389773463816
247,7.28125,0.0,365,0,0.023157127475940807,6.344418486559126e-05,0.4695665659822606,0.03746927611544799,0.11113485768543162,0.012359298800677583,1.7844389773463816
248,7.28125,0.0,365,0,0.01699798040965654,4.656980934152477e-05,0.45386569136597643,0.034587819732689734,0.11110292106532055,0.012358628393853212,1.7844389773463816
249,7.28125,0.0,365,0,0.012641372014361243,3.463389592975683e-05,0.4468568206758826,0.03605557526120125,0.111077571635387,0.01235801085411746,1.7844389773463816
250,7.28125,0.0,365,0,0.009508632578635389,2.60510481606449e-05,0.4430396736790985,0.03891531849896238,0.11105765727214187,0.012357468107697151,1.8123573408313574
251,7.28125,0.0,365,0,0.007215051957080072,1.9767265635835816e-05,0.4417905766699224,0.04243989096128644,0.11104195303437125,0.012357004708173922,1.8123573408313574
252,7.28125,0.0,365,0,0.005519629990039318,1.51222739453132e-05,0.44192318357329524,0.045950638102227666,0.11102954295625238,0.01235661593583658,1.8123573408313574
253,7.25,0.0,365,0,0.004299735703922893,1.178009781896683e-05,0.45119238484321983,0.056595473234811476,0.1123608737785073,0.012414742362067466,1.8123573408313574
254,7.25,0.0,365,0,0.0032861362395072537,9.00311298495138e-06,0.45175345112047766,0.05636542302052703,0.11235282504820368,0.012414457284239077,1.8123573408313574
255,7.25,0.0,365,0,0.0025404895880010367,6.960245446578183e-06,0.4559000427125537,0.06107901248937658,0.11234656061261289,0.012414234048686914,1.8123573408313574
256,7.25,0.0,365,0,0.00198395086528881,5.435481822709069e-06,0.46178506760228144,0.0652752588106053,0.11234166917757636,0.01241406144292012,1.8123573408313574
257,7.25,0.0,365,0,0.0015584812285804757,4.269811585151988e-06,0.4686401042905498,0.06993119649833723,0.11233782212654193,0.012413927565296476,1.8123573408313574
258,7.25,0.0,365,0,0.0012328334290190178,3.377625832928816e-06,0.4752252382160883,0.07494922184731065,0.11233477607525276,0.012413823093392862,1.8123573408313574
259,7.213541666666667,0.0,365,0,0.0009898281280322954,2.7118578850199873e-06,0.4858450159973044,0.08423188709582029,0.11131373376515151,0.012453111460587984,1.8123573408313574
260,7.213541666666667,0.0,365,0,0.0007830356749156226,2.1453032189469113e-06,0.4891374106965184,0.08560614364313182,0.11131175181992989,0.012453047801209267,1.8435231892274473
261,7.213541666666667,0.0,365,0,0.0006228188068841256,1.7063528955729468e-06,0.5019989578542382,0.09243356047812192,0.11131017240438008,0.012452998794757374,1.8435231892274473
262,7.213541666666667,0.0,365,0,0.0005017216193102605,1.3745797789322206e-06,0.5123109750334941,0.09918014399327665,0.11130890937250654,0.012452960714362932,1.8435231892274473
263,7.213541666666667,0.0,365,0,0.0004070411656714466,1.1151812758121825e-06,0.5236430586781595,0.10681558755833596,0.11130788723384817,0.012452930864801755,1.8435231892274473
264,7.213541666666667,0.0,365,0,0.0003330107663238679,9.123582639010081e-07,0.5345199811892107,0.11513379356983697,0.1113070538619003,0.012452907274672253,1.8435231892274473
265,7.145833333333333,0.0,365,0,0.0002735625002503265,7.49486302055689e-07,0.5467842229272927,0.1266015170665036,0.10697436408085777,0.012499267859520718,1.8435231892274473
266,7.145833333333333,0.0,365,0,0.00022618501150075077,6.196849630157555e-07,0.557640901928536,0.13335532703298075,0.1069738129942382,0.012499253196973693,1.8435231892274473
267,7.145833333333333,0.0,365,0,0.00018924216347661191,5.184716807578409e-07,0.5697692052750492,0.14210026626844155,0.10697335511856146,0.012499241558757285,1.8435231892274473
268,7.145833333333333,0.0,365,0,0.00016009174891511664,4.3860753127429216e-07,0.5822770922785101,0.14992294995764283,0.10697297015557052,0.012499232139637885,1.8435231892274473
269,7.145833333333333,0.0,365,0,0.0001364773442272124,3.739105321293491e-07,0.5941111250816136,0.15775272414794994,0.10697264283353015,0.012499224404223417,1.8435231892274473
270,7.145833333333333,0.0,365,0,0.00011722709288824902,3.211701175020521e-07,0.6052774379866852,0.1649832156922569,0.10697236322726425,0.012499217978615739,1.7341822163072957
271,7.104166666666667,0.0,365,0,0.00011055668629193958,3.028950309368208e-07,0.645872490974674,0.22873710086292312,0.1093789840590704,0.012586580493469595,1.7341822163072957
272,7.104166666666667,0.0,365,0,9.788231530112447e-05,2.681707268523958e-07,0.6577857104051968,0.20894148632001489,0.10937866930031452,0.012586574150060089,1.7341822163072957
273,7.104166666666667,0.0,365,0,8.585691340795665e-05,2.3522442029577165e-07,0.6517766372384408,0.19982438899639499,0.10937840180988748,0.012586568691507179,1.7341822163072957
274,7.104166666666667,0.0,365,0,7.505936869727413e-05,2.0564210601992912e-07,0.6509192711089035,0.19529955015233072,0.10937817418324715,0.01258656413573154,1.7341822163072957
275,7.104166666666667,0.0,365,0,6.551482327680708e-05,1.7949266651180021e-07,0.6500856931975107,0.1919620894645862,0.10937798015002569,0.012586560400233747,1.7341822163072957
276,7.104166666666667,0.0,365,0,5.721647498692728e-05,1.5675746571760898e-07,0.6488968067338775,0.19074385923747608,0.10937781477250967,0.012586557348391933,1.7341822163072957
277,7.072916666666667,0.0,365,0,4.8465250692454837e-05,1.3278150874645162e-07,0.6385749617571234,0.1711777313407833,0.11017514697426103,0.012641166493233807,1.7341822163072957
278,7.072916666666667,0.0,365,0,4.1289850608510796e-05,1.1312287837948163e-07,0.6318362592940162,0.1846210678939434,0.11017504573893085,0.012641164881495895,1.7341822163072957
279,7.072916666666667,0.0,365,0,3.570325335718089e-05,9.78171324854271e-08,0.6345217628561791,0.19678927088422032,0.11017495987416208,0.012641163637167547,1.7341822163072957
280,7.072916666666667,0.0,365,0,0.2000311215739765,0.0005480304700656891,0.9925801475879608,0.9998444163401593,0.11205948939597864,0.012643863355356232,1.8124524149626777
281,7.072916666666667,0.0,365,0,0.1382831239441109,0.00037885787381948196,0.9583333415304635,0.2524667734397216,0.11217942995824816,0.012685830839483414,1.8124524149626777
282,7.072916666666667,0.0,365,0,0.12330270557399572,0.0003378156317095773,0.8382531911509806,0.12806814610331888,0.11210635159657624,0.012739249855779783,1.8124524149626777
283,7.03125,0.0,365,0,0.09849212359166433,0.0002698414344977105,0.6932345131482491,0.11310843025822362,0.11044958513992512,0.01281145833674098,1.8124524149626777
284,7.03125,0.0,365,0,0.07555844299285908,0.00020700943285714815,0.6299941268775705,0.1084258119243818,0.110339876876089,0.012836858493909161,1.8124524149626777
285,7.03125,0.0,365,0,0.058761335088524984,0.00016098995914664378,0.5980728999477535,0.10859415104976843,0.11024758359224843,0.012854339255570035,1.8124524149626777
286,7.03125,0.0,365,0,0.04634460484423806,0.00012697152012120015,0.5792418104255885,0.10721871388101807,0.11017485784700579,0.012867313835469572,1.8124524149626777
287,7.03125,0.0,365,0,0.03682984217848739,0.00010090367720133532,0.5674910463542772,0.10537389337786274,0.11011778848765398,0.012877148346501655,1.8124524149626777
288,7.03125,0.0,365,0,0.029466730946736734,8.073076971708694e-05,0.5577933816619095,0.10361895566937343,0.1100729077889749,0.012884707770881227,1.8124524149626777
289,6.96875,0.0,365,0,0.02341470290817893,6.414987098131214e-05,0.5483142945561167,0.1031925158412792,0.10702059875264645,0.01294893078751594,1.8124524149626777
290,6.96875,0.0,365,0,0.018836600383048442,5.160712433711902e-05,0.5420162188110246,0.10129919963820845,0.10699478823560912,0.012953471522098232,1.5963165001220503
291,6.96875,0.0,365,0,0.015254886620953274,4.179420992041993e-05,0.5406195170769041,0.09918383444608973,0.10697385058314904,0.012957036228350614,1.5963165001220503
292,6.96875,0.0,365,0,0.012413422042518461,3.400937545895469e-05,0.5379394191773205,0.0969549293853928,0.10695687395602509,0.01295983486383359,1.5963165001220503
293,6.96875,0.0,365,0,0.010130341890054628,2.775436134261542e-05,0.5356677591880697,0.09474848181779054,0.10694298296683412,0.012962032413927339,1.5963165001220503
294,6.96875,0.0,365,0,0.00828634559252792,2.2702316691857313e-05,0.5338512684038047,0.09259057867805157,0.10693158580309865,0.012964072805837001,1.5963165001220503
295,6.921875,0.0,365,0,0.006959735590996543,1.9067768742456284e-05,0.5393364573776991,0.09465974282513859,0.10820423185069684,0.013052815640579828,1.5963165001220503
296,6.921875,0.0,365,0,0.005635668643057597,1.54401880631715e-05,0.5326957145623117,0.08808319015496166,0.10819476241385073,0.013054242144467916,1.5963165001220503
297,6.921875,0.0,365,0,0.004596973259691197,1.2594447286825198e-05,0.5301941083589388,0.08571312428640843,0.10818727742114093,0.013055341430933409,1.5963165001220503
298,6.921875,0.0,365,0,0.0037778796586598945,1.035035522920519e-05,0.5271662086171741,0.08483576182457171,0.10818116899990311,0.013056181242046102,1.5963165001220503
299,6.921875,0.0,365,0,0.0031157984398168326,8.536434081689953e-06,0.5261773216967341,0.08592280035780102,0.10817613143101595,0.013056821622090887,1.5963165001220503
300,6.921875,0.0,365,0,0.00257953228416613,7.067211737441453e-06,0.526144096032552,0.08798731347776846,0.10817195037268412,0.013057309646343598,1.5935533571102463
301,6.875,0.0,365,0,0.0021493801665596925,5.888712785095048e-06,0.5293055426447946,0.09071190979875206,0.10764663874291362,0.013124136645022837,1.5935533571102463
302,6.875,0.0,365,0,0.0017606138747079418,4.823599656734087e-06,0.5349272261815367,0.09657889363707377,0.10764366813278757,0.013124425389358131,1.5935533571102463
303,6.875,0.0,365,0,0.0014676352776996095,4.020918569040026e-06,0.5400593945296569,0.10038152151040461,0.10764119929020446,0.013124652054289102,1.5935533571102463
304,6.875,0.0,365,0,0.0012306923202549235,3.3717597815203384e-06,0.5443657882677896,0.10422835118474534,0.10763912601270645,0.013124828969762362,1.5935533571102463
305,6.875,0.0,365,0,0.0010380068111177797,2.8438542770350126e-06,0.5480379416520541,0.10790826750210272,0.10763736976477906,0.0131249665133391,1.5935533571102463
306,6.875,0.0,365,0,0.0008793640213110637,2.4092164967426402e-06,0.5513629273455534,0.11162021416131303,0.10763587909571791,0.013125072763515294,1.5935533571102463
307,6.802083333333333,0.0,365,0,0.0007663142148073953,2.0994909994723158e-06,0.566879588341528,0.13432109285128124,0.10369115529969594,0.013192500282968662,1.5935533571102463
308,6.802083333333333,0.0,365,0,0.0006580023408544826,1.8027461393273497e-06,0.5677138189046034,0.12751228985621887,0.10368993790448286,0.013192557976840468,1.5935533571102463
309,6.802083333333333,0.0,365,0,0.0005594030863471475,1.532611195471637e-06,0.567782586703,0.12919186940110294,0.10368889529065606,0.013192603805214096,1.5935533571102463
310,6.802083333333333,0.0,365,0,0.0004787102404565135,1.311534905360311e-06,0.5689420942712138,0.13024701778955922,0.10368800792397205,0.013192637896638805,1.756781625501149
311,6.802083333333333,0.0,365,0,0.0004104279668320514,1.1244601831015108e-06,0.5704721792115492,0.13205114318499198,0.10368723931674627,0.013192662899217672,1.756781625501149
312,6.802083333333333,0.0,365,0,0.0003528406298149095,9.666866570271493e-07,0.572812222017801,0.13406061773851877,0.10368657356802277,0.013192680672352502,1.756781625501149
313,6.744791666666667,0.0,365,0,0.00030010268627741034,8.221991404860558e-07,0.5724320066207025,0.12959523129943354,0.10491194438570757,0.013299389188050436,1.756781625501149
314,6.744791666666667,0.0,365,0,0.00025701055817681836,7.04138515552927e-07,0.5718516893352886,0.13580041408754875,0.10491147067008724,0.013299397865756866,1.756781625501149
315,6.744791666666667,0.0,365,0,0.00022293307892642437,6.107755587025325e-07,0.5749564917020128,0.1408076381839596,0.10491106179802782,0.013299402733282296,1.756781625501149
316,6.744791666666667,0.0,365,0,0.0001943842163734407,5.325594969135362e-07,0.5792716745263462,0.14528204110484974,0.1049107084315794,0.013299404761736838,1.756781625501149
317,6.744791666666667,0.0,365,0,0.00017018925827452932,4.6627194047816254e-07,0.583930265307459,0.14973036309150903,0.10491040178683561,0.013299404692282614,1.756781625501149
318,6.744791666666667,0.0,365,0,0.00014959655838480323,4.0985358461589927e-07,0.5879700973887554,0.15395352773724327,0.10491013432911325,0.013299403056647043,1.756781625501149
319,6.697916666666667,0.0,365,0,0.00013380657344254655,3.665933518973878e-07,0.5941073925675372,0.16302437725427293,0.10566345679443329,0.01338501961902972,1.756781625501149
320,6.697916666666667,0.0,364,1,0.12011747525517708,0.0003299930638878491,0.9949367917078669,0.9991340349440193,0.10586603708048277,0.013360765631815276,1.6546166247369671
321,6.697916666666667,0.0,365,0,0.12304622998332432,0.00033711295885842276,0.9811226822928475,0.5823687361847428,0.10644733675473966,0.013335982515183403,1.6546166247369671
322,6.697916666666667,0.0,365,0,0.11599811377789178,0.00031780305144627884,0.9337170965804212,0.34177410561105476,0.10675697110400047,0.013316404343192237,1.6546166247369671
323,6.697916666666667,0.0,365,0,0.10825410057701042,0.0002965865769233162,0.8368213402099772,0.2358761134646592,0.10695431183368827,0.013301185289668708,1.6546166247369671
324,6.697916666666667,0.0,365,0,0.09520141716420266,0.0002608258004498703,0.7620731870670167,0.18402358678495284,0.10708122241083774,0.013316123719803721,1.6546166247369671
325,6.614583333333333,0.0,365,0,0.08118220802334038,0.00022241700828312433,0.7079617911562456,0.15401715007026945,0.10169297009803767,0.013419519990461417,1.6546166247369671
326,6.614583333333333,0.0,365,0,0.06768769575374059,0.00018544574179107012,0.6709000395146042,0.13668713301872715,0.1017396436463147,0.013454932510823895,1.6546166247369671
327,6.614583333333333,0.0,365,0,0.056137096309505585,0.00015380026386165914,0.64224577846579,0.12471240428000803,0.1017680402284704,0.013490461093800261,1.6546166247369671
328,6.614583333333333,0.0,365,0,0.04637988016718837,0.00012706816484161197,0.6189463680738346,0.1154878049512959,0.1017840121173891,0.013516542013470946,1.6546166247369671
329,6.614583333333333,0.0,365,0,0.03821289437807335,0.00010469286130978999,0.6011537636340174,0.1081423970981058,0.10179180158082458,0.01353667929241159,1.6546166247369671
330,6.614583333333333,0.0,365,0,0.031444556698597616,8.614947040711676e-05,0.5872169982999923,0.10204982615994802,0.10179431317897177,0.013554674769982282,1.7389891390025605
331,6.567708333333333,0.0,365,0,0.025968169587805963,7.114567010357798e-05,0.5770766100109516,0.09644840844553454,0.10574960051020804,0.013697177660889173,1.7389891390025605
332,6.567708333333333,0.0,365,0,0.021252132675052,5.822502102753973e-05,0.5686133445353451,0.09236607746127427,0.10574377055158976,0.013707493984116945,1.7389891390025605
333,6.567708333333333,0.0,365,0,0.017468774807382688,4.7859657006527914e-05,0.5601315628273644,0.08853943322115644,0.10573735359840211,0.013715374061843002,1.7389891390025605
334,6.567708333333333,0.0,365,0,0.014389249787577732,3.942260215774721e-05,0.5523349165356997,0.08493729564266532,0.10573077503811425,0.013721419247687838,1.7389891390025605
335,6.567708333333333,0.0,365,0,0.011868945058635064,3.251765769489059e-05,0.5458184332103074,0.08154967207980245,0.10572423304507801,0.013726074508625095,1.7389891390025605
336,6.567708333333333,0.0,365,0,0.009807119511502746,2.6868820579459577e-05,0.539705041030404,0.07848758403636655,0.10571788278713162,0.01372966768510893,1.7389891390025605
337,6.5,0.0,365,0,0.0081654592917945,2.2371121347382192e-05,0.5365554496595092,0.07548893352622767,0.10232482040910276,0.013806970857619288,1.7389891390025605
338,6.5,0.0,365,0,0.006666306003735399,1.826385206502849e-05,0.5309262629138132,0.0740997814261651,0.10231859414405492,0.013809088299700761,1.7389891390025605
339,6.5,0.0,365,0,0.0055121904608377995,1.5101891673528218e-05,0.5283131966705209,0.07145926586451393,0.10231291434096772,0.013810733388079952,1.7389891390025605
340,6.5,0.0,365,0,0.0045821343944153076,1.2553792861411802e-05,0.5241186661328942,0.06859782593741733,0.10230775999115721,0.013812006612428788,1.967264680114497
341,6.5,0.0,365,0,0.003820990198177455,1.046846629637659e-05,0.5198405135780172,0.06641643760493092,0.10230310278401461,0.013812990275874123,1.967264680114497
342,6.5,0.0,365,0,0.003192032713091087,8.745295104359142e-06,0.5165634396804055,0.06600858547428973,0.10229893282337617,0.01381374921696903,1.967264680114497
343,6.432291666666667,0.0,365,0,0.0026173183911263878,7.170735318154487e-06,0.5131995234978338,0.0671885848272174,0.10151011010765254,0.013923939556340031,1.967264680114497
344,6.432291666666667,0.0,365,0,0.0021611028345751068,5.920829683767416e-06,0.5158875657537209,0.06875884146543546,0.10150740731791107,0.013924410944288784,1.967264680114497
345,6.432291666666667,0.0,365,0,0.0018052877914010682,4.9459939490440226e-06,0.5146375337778212,0.07011057843529833,0.10150507286531332,0.013924776887993241,1.967264680114497
346,6.432291666666667,0.0,365,0,0.0015122982891992872,4.143282984107636e-06,0.5141840987975694,0.07172163643514623,0.10150303002273073,0.01392506013471921,1.967264680114497
347,6.432291666666667,0.0,365,0,0.0012698665008046056,3.479086303574262e-06,0.5142386479163249,0.07361293834935058,0.10150124284592965,0.013925278634302166,1.967264680114497
348,6.432291666666667,0.0,365,0,0.0010686631800437619,2.927844328887019e-06,0.5149088965429123,0.07623943472837308,0.10149968232999323,0.013925446651154349,1.967264680114497
349,6.375,0.0,365,0,0.0009081499508012301,2.4880820569896717e-06,0.5183401367014686,0.07860608716500049,0.10217142045317548,0.014037404380991856,1.967264680114497
350,6.375,0.0,365,0,0.000762391225408347,2.0887430833105398e-06,0.517141447765691,0.08271216976709908,0.10217010231223783,0.014037501748981874,1.8527567112055328
351,6.375,0.0,365,0,0.0006436697907267167,1.7634788787033333e-06,0.5201682613752819,0.08663906634955285,0.10216896378884069,0.014037576524041596,1.8527567112055328
352,6.375,0.0,365,0,0.0005458032609524305,1.4953513998696728e-06,0.5234138336583916,0.09095075543157013,0.1021679830817264,0.014037632999720107,1.8527567112055328
353,6.375,0.0,365,0,0.00046439469415833164,1.2723142305707717e-06,0.5270133616764472,0.09569704686447658,0.10216713323713113,0.014037674973458968,1.8527567112055328
354,6.375,0.0,365,0,0.0003966433851192025,1.0866942058060342e-06,0.5300008807310947,0.10061633294014895,0.10216639262530477,0.014037705562169295,1.8527567112055328
355,6.34375,0.0,365,0,0.000427292350052591,1.1706639727468245e-06,0.6302757036311968,0.28571527486406195,0.10519576167225363,0.014134260858941667,1.8527567112055328
356,6.34375,0.0,365,0,0.00043300845494862903,1.186324534105833e-06,0.681262130711298,0.3316408684082575,0.10519321287901044,0.014134243368080179,1.8527567112055328
357,6.34375,0.0,365,0,0.00039796642708658374,1.0903189783194074e-06,0.6736401629373625,0.2839319222425038,0.10519093415903186,0.014134219593388276,1.8527567112055328
358,6.34375,0.0,365,0,0.00035917473420977135,9.840403676980037e-07,0.6803134586935455,0.2906560762909978,0.10518886421928805,0.01413419296143799,1.8527567112055328
359,6.34375,0.0,365,0,0.00032494072127460207,8.902485514372659e-07,0.6871160861865944,0.28062934723376004,0.10518699848437942,0.014134165209173885,1.8527567112055328
360,6.34375,0.0,364,1,0.04029404180388317,0.00011069791704363508,0.9960637904870655,0.994499055342767,0.10520470141342758,0.014124996678477534,1.8348601101733641
361,6.291666666666667,0.0,364,1,0.06512042379275235,0.00017890226316690205,0.9896837512523521,0.7518057208660314,0.10231938908080583,0.014163527536394396,1.8348601101733641
362,6.291666666666667,0.0,365,1,0.07289484037447382,0.00019971189143691456,0.965697911016767,0.555990064657075,0.10268306580660566,0.014370229040581226,1.8348601101733641
363,6.291666666666667,0.0,365,1,0.07467041759587273,0.00020457648656403487,0.9116601026982052,0.44918337527192265,0.10299995507841196,0.014693290881529096,1.8348601101733641
364,6.291666666666667,0.0,365,1,0.07255898668756539,0.0001987917443494942,0.8610105825914868,0.389956428145127,0.1032758534398045,0.014961691778193491,1.8348601101733641
365,6.291666666666667,0.0,365,1,0.06859069652011206,0.00018791971649345768,0.8237614928990042,0.354522569051815,0.1035183220291089,0.0151894102765595,1.8348601101733641
366,6.291666666666667,0.0,365,0,0.06395524012822562,0.00017521983596774143,0.7952593299975452,0.330772642858652,0.1037335347607068,0.015385590536489854,1.8348601101733641
367,6.234375,0.0,365,0,0.05893129257533873,0.00016145559609681844,0.7732671514252564,0.3155704310323493,0.10263153540959255,0.015655735113253397,1.8348601101733641
368,6.234375,0.0,365,0,0.05420822101304538,0.0001485156740083435,0.7583492027527459,0.30375050133277937,0.10280806885982274,0.015807178736602596,1.8348601101733641
369,6.234375,0.0,365,0,0.049870909335163874,0.00013663262831551746,0.7460694800490351,0.2946272211119603,0.10296836504855465,0.015941453533613637,1.8348601101733641
370,6.234375,0.0,365,0,0.04583266910739485,0.00012556895645861603,0.7363409687338115,0.2874992258424509,0.10311497169306598,0.01606130008018207,1.9652475185857854
371,6.234375,0.0,365,0,0.04210489827462058,0.000115355885683892,0.7285072049442962,0.2819579183185172,0.10324975830105983,0.01616887083371941,1.9652475185857854
372,6.234375,0.0,365,0,0.03868003410122015,0.00010597269616772645,0.7220637630067366,0.27762404773852495,0.10337368362161138,0.0162659038283017,1.9652475185857854
373,6.177083333333333,0.0,365,0,0.03595615358309968,9.851000981671144e-05,0.7160110920726818,0.2711653248095583,0.10283221634445003,0.016468801361882092,1.9652475185857854
374,6.177083333333333,0.0,365,0,0.03265373898363167,8.946229858529225e-05,0.7118063496979823,0.27250871345891947,0.10293197323788529,0.016549234668070692,1.9652475185857854
375,6.177083333333333,0.0,365,0,0.029972501473990356,8.211644239449412e-05,0.709240130128325,0.27121230301873483,0.10302467533449583,0.016622637867849704,1.9652475185857854
376,6.177083333333333,0.0,365,0,0.02753550548964743,7.54397410675272e-05,0.70631536969756,0.27051497879166847,0.10311119558407124,0.016689803588961775,1.9652475185857854
377,6.177083333333333,0.0,365,0,0.025341859449752847,6.942975191713109e-05,0.704079898638591,0.26985277857439305,0.1031916898784211,0.016751415599912483,1.9652475185857854
378,6.177083333333333,0.0,365,0,0.023346590711187304,6.396326222243097e-05,0.7022908148729264,0.2694119823961236,0.10326657652983474,0.016808058557861248,1.9652475185857854
379,6.125,0.0,365,0,0.021421515109404057,5.8689082491517964e-05,0.7017990341021609,0.2705031701813881,0.1034793120382493,0.016980595903092862,1.9652475185857854
380,6.125,0.0,365,0,0.019787339108690086,5.421188796901393e-05,0.7008182518853722,0.2701890069518461,0.10354593202551868,0.017029079063923234,1.8269949027796584
381,6.125,0.0,365,0,0.018314439374325635,5.017654623102913e-05,0.6994978708587762,0.26967611262642,0.1036081030415563,0.017073883390819337,1.8269949027796584
382,6.125,0.0,365,0,0.01696447012926871,4.6478000354160845e-05,0.6984159076770261,0.26929828316261545,0.10366603241604946,0.017115351711116118,1.8269949027796584
383,6.125,0.0,365,0,0.015724474115549558,4.308075100150564e-05,0.6975744450974781,0.2690647456420374,0.10372003550249453,0.01715378345637443,1.8269949027796584
384,6.125,0.0,365,0,0.014583200231535158,3.995397323708263e-05,0.6970317403719977,0.26897285628643486,0.10377047868846208,0.017189445558178317,1.8269949027796584
385,6.0625,0.0,365,0,0.013977428689318252,3.829432517621439e-05,0.704639747707786,0.27398478049506897,0.10170048546933042,0.01733516332815813,1.8269949027796584
386,6.0625,0.0,365,0,0.012737787218524678,3.489804717404021e-05,0.6975359254176959,0.2611995213168439,0.10173648767606316,0.01736630854970333,1.8269949027796584
387,6.0625,0.0,365,0,0.011765409664466951,3.2233999080731375e-05,0.6932780799553118,0.2605912946759438,0.10177010590235987,0.017395301816351492,1.8269949027796584
388,6.0625,0.0,365,0,0.010891432173157514,2.9839540200431543e-05,0.6933728744532927,0.2601995863108697,0.1018019819013833,0.017422307983217356,1.8269949027796584
389,6.0625,0.0,365,0,0.010115162782020962,2.771277474526291e-05,0.6930048470656225,0.2599312336638247,0.10183200465367845,0.017447472508786685,1.8269949027796584
390,6.0625,0.0,365,0,0.00940860279623652,2.5776993962291836e-05,0.6930060179579409,0.2597368476507732,0.10186027220567141,0.017470937540996587,2.033104242616451
391,6.026041666666667,0.0,365,0,0.008695096295895963,2.382218163259168e-05,0.692144361391301,0.2605065226740838,0.10511872032606681,0.017632619631991173,2.033104242616451
392,6.026041666666667,0.0,365,0,0.008089787884636471,2.2163802423661565e-05,0.6932660218954227,0.26777204454085535,0.10514563072536817,0.017653167821337374,2.033104242616451
393,6.026041666666667,0.0,365,0,0.0075455035116634775,2.0672612360721858e-05,0.6961446081686153,0.2690983754563713,0.1051712414474724,0.017672354267389764,2.033104242616451
394,6.026041666666667,0.0,365,0,0.007045921653588491,1.930389494133833e-05,0.6965097865311999,0.26978372134278833,0.10519541839088578,0.017690282685997347,2.033104242616451
395,6.026041666666667,0.0,365,0,0.006580159456128729,1.802783412638008e-05,0.6968752442666076,0.27020179061874067,0.10521821091821627,0.017707048568608788,2.033104242616451
396,6.026041666666667,0.0,365,0,0.006147240013095383,1.6841753460535296e-05,0.6969370830836356,0.27055939054772155,0.10523966359054648,0.017722735705778418,2.033104242616451
397,5.979166666666667,0.0,365,0,0.007797364928559935,2.1362643639890232e-05,0.7763636645708542,0.45699404480367545,0.10329527181948783,0.01781995786661353,2.033104242616451
398,5.979166666666667,0.0,365,0,0.007189440084628977,1.9697096122271168e-05,0.772379400220824,0.4325185898769752,0.10328530144446776,0.01783080835472103,2.033104242616451
399,5.979166666666667,0.0,365,0,0.006874152245692118,1.883329382381402e-05,0.7702040529415162,0.4004909567562351,0.10327975674982465,0.017839369250548145,2.033104242616451
400,5.979166666666667,0.0,364,1,0.06653458027911521,0.00018278730845910774,0.97335119686697,0.9343358644249692,0.10356336463488595,0.01782785056018534,1.9574659083684682
401,5.979166666666667,0.0,365,1,0.0923728405169133,0.0002530762753888036,0.9686858605079783,0.6362545057247757,0.10433213499431027,0.017806924254110155,1.9574659083684682
402,5.979166666666667,0.0,365,0,0.09637869304039223,0.0002640512138092938,0.9325224210154607,0.46494988337004184,0.10497759985410852,0.018132156760194133,1.9574659083684682
403,5.932291666666667,0.0,365,0,0.09447219612863321,0.0002588279345989951,0.8712082465148804,0.3829556409332974,0.10518601107152797,0.018626448953382852,1.9574659083684682
404,5.932291666666667,0.0,365,0,0.0862299086935833,0.00023624632518789944,0.819669727287111,0.3297740497200819,0.10559045208423563,0.01892365457634948,1.9574659083684682
405,5.932291666666667,0.0,365,0,0.07801278141638993,0.00021373364771613677,0.780863833744328,0.2947088568899094,0.10591522427571624,0.019159789591579594,1.9574659083684682
406,5.932291666666667,0.0,365,0,0.06977458734402374,0.00019116325299732532,0.7520770635572207,0.2696397846559103,0.10617820471697623,0.019351243278056804,1.9574659083684682
407,5.932291666666667,0.0,365,0,0.06209996565950994,0.00017013689221783546,0.7283775411910279,0.2512024280865312,0.10639305237870772,0.019508629316455663,1.9574659083684682
408,5.932291666666667,0.0,365,0,0.05511972440283446,0.0001510129435694095,0.7079455547934503,0.23680612060018305,0.1065700427914249,0.01963943950304281,1.9574659083684682
409,5.864583333333333,0.0,365,0,0.04827238848384936,0.00013225311913383388,0.6907708085794783,0.22777776691769958,0.10320636550826337,0.019872133698834196,1.9574659083684682
410,5.864583333333333,0.0,365,0,0.04279915524141522,0.00011725795956552115,0.6788460880013716,0.21717077944523067,0.10333925672259225,0.019965052445181375,2.442889589399668
411,5.864583333333333,0.0,365,0,0.037874624134609715,0.00010376609351947867,0.6679213781166099,0.20878159342686803,0.10345257433659849,0.020043982502052714,2.442889589399668
412,5.864583333333333,0.0,365,0,0.033476236459172484,9.171571632649996e-05,0.6582829368308697,0.20201501160639068,0.10354922851747167,0.020111422932651054,2.442889589399668
413,5.864583333333333,0.0,365,0,0.029566575586493133,8.100431667532366e-05,0.650735441118396,0.19639629511560028,0.1036319997886523,0.020169317421918305,2.442889589399668
414,5.864583333333333,0.0,365,0,0.026125702405246247,7.157726686368834e-05,0.6440751845193656,0.19137912458761805,0.10370292414996028,0.020219201716685148,2.442889589399668
415,5.807291666666667,0.0,365,0,0.023107779208275676,6.330898413226213e-05,0.6380974626431766,0.1867496006149281,0.10464085738102862,0.020442911687683783,2.442889589399668
416,5.807291666666667,0.0,365,0,0.020386887537558924,5.5854486404271025e-05,0.633927430178084,0.18306289835514544,0.1046918345942594,0.020480566514442612,2.442889589399668
417,5.807291666666667,0.0,365,0,0.01803502067600726,4.941101555070482e-05,0.629406578419017,0.17930616427503404,0.10473616745359951,0.020513293656874747,2.442889589399668
418,5.807291666666667,0.0,365,0,0.015973328200935076,4.376254301626048e-05,0.6256346424224755,0.17566989863228202,0.10477456635543331,0.020541799813761526,2.442889589399668
419,5.807291666666667,0.0,365,0,0.01416491922160985,3.8807997867424246e-05,0.6218953278808962,0.17212715546496157,0.10480778778034645,0.02056667259374171,2.442889589399668
420,5.807291666666667,0.0,365,0,0.012572651772868697,3.4445621295530675e-05,0.6183995056986866,0.16868672844312424,0.10483654183832603,0.02058841004520205,2.8137819398117974
421,5.776041666666667,0.0,365,0,0.011319098368736673,3.1011228407497734e-05,0.61933037878966,0.16317721991625544,0.10830819529575884,0.02076492450302605,2.8137819398117974
422,5.776041666666667,0.0,365,0,0.010003367316831484,2.740648579953831e-05,0.6124627118649822,0.16101436266962754,0.10832791264829017,0.02078166998334623,2.8137819398117974
423,5.776041666666667,0.0,365,0,0.008872746712942354,2.4308895103951654e-05,0.6094387914003696,0.15844187594039238,0.10834548612612042,0.020796375877142424,2.8137819398117974
424,5.776041666666667,0.0,365,0,0.007885312541553433,2.1603596004255978e-05,0.6071277888550856,0.1556399279274374,0.10836097752479446,0.020809305973084613,2.8137819398117974
425,5.776041666666667,0.0,365,0,0.007017597922616144,1.9226295678400392e-05,0.6052907811565518,0.15275932307683251,0.10837454411086778,0.02082068506375735,2.8137819398117974
426,5.776041666666667,0.0,365,0,0.00625568403188701,1.7138860361334274e-05,0.602821013681316,0.1502575523204009,0.10838633587648037,0.02083070947261732,2.8137819398117974
427,5.734375,0.0,365,0,0.005655639365634129,1.5494902371600356e-05,0.6047991836025395,0.15268324611287873,0.10648836252224439,0.020927280281293856,2.8137819398117974
428,5.734375,0.0,365,0,0.005036042922914315,1.3797377870998125e-05,0.6017921975472514,0.1484332342239734,0.10649604202468128,0.020935088357893733,2.8137819398117974
429,5.734375,0.0,365,0,0.0044790096663441074,1.227125935984687e-05,0.6012109567069104,0.14695058188744267,0.10650275774235447,0.02094244172011467,2.8137819398117974
430,5.734375,0.0,365,0,0.003992502215397431,1.0938362233965565e-05,0.6004078266196398,0.14538331442902952,0.1065086060374196,0.02094894896378302,2.010454573331184
431,5.734375,0.0,365,0,0.00356504513180876,9.767246936462355e-06,0.5986886790500819,0.1438267938348616,0.10651368510330209,0.02095470552946215,2.010454573331184
432,5.734375,0.0,365,0,0.003186118535264686,8.729091877437496e-06,0.5972119012392336,0.14242850268550675,0.10651809584230092,0.020959802820536864,2.010454573331184
433,5.692708333333333,0.0,365,0,0.0029203450828266257,8.000945432401715e-06,0.6056314116540475,0.15387873492296505,0.10614522288440824,0.021083361014945918,2.010454573331184
434,5.692708333333333,0.0,365,0,0.0025535940803254314,6.996148165275154e-06,0.6018786902391068,0.1489700775068624,0.10614787817377426,0.021087383083483277,2.010454573331184
435,5.692708333333333,0.0,365,0,0.002257378808412077,6.18459947510158e-06,0.6007679616454021,0.14797411649521233,0.10615030407382643,0.02109097554684066,2.010454573331184
436,5.692708333333333,0.0,365,0,0.002005146817336306,5.493552924209058e-06,0.6004869530453081,0.14744199421515705,0.1061524931185032,0.02109417866322111,2.010454573331184
437,5.692708333333333,0.0,365,0,0.0017875900193837187,4.897506902421147e-06,0.5990197120666321,0.14664304809469297,0.10615444352967927,0.02109703337822563,2.010454573331184
438,5.692708333333333,0.0,365,0,0.0015967011061796689,4.374523578574435e-06,0.5975709878402743,0.14583909985471924,0.1061561760952587,0.021099578003674124,2.010454573331184
439,5.619791666666667,0.0,365,0,0.0013944082858159744,3.8202966734684225e-06,0.5905334153120348,0.1408729693588489,0.10083137780751583,0.021223159385661848,2.010454573331184
440,5.619791666666667,0.0,365,0,0.18123532655094093,0.0004965351412354546,0.9888091544071375,0.9933545282249608,0.10289948874041231,0.021155093391690014,2.221009862649909
441,5.619791666666667,0.0,365,0,0.1427859999567493,0.0003911945204294501,0.9494809091694995,0.31882775773276023,0.10372407260389785,0.021143792619648046,2.221009862649909
442,5.619791666666667,0.0,365,0,0.10789157932795301,0.00029559336802178907,0.8317482859907246,0.17896358617759422,0.10397176038652177,0.021209442754741056,2.221009862649909
443,5.619791666666667,0.0,365,0,0.08331036359229853,0.0002282475714857494,0.7013018559925116,0.1367368081236742,0.10404154948503662,0.021240910513159173,2.221009862649909
444,5.619791666666667,0.0,365,0,0.06498401190677994,0.00017803838878569845,0.6413372779928468,0.12730449416541423,0.10406391300063943,0.02127065991430429,2.221009862649909
445,5.53125,0.0,365,0,0.05304496756920209,0.00014532867827178654,0.6131675430180312,0.14312884664957928,0.10084258605803159,0.021506704204000027,2.221009862649909
446,5.53125,0.0,365,0,0.0431266844890479,0.00011815529996999423,0.5955702432980944,0.1335310135497814,0.10084014017804885,0.021528067755792486,2.221009862649909
447,5.53125,0.0,365,0,0.035606523782643805,9.755211995244878e-05,0.5826139603209121,0.13467178458701096,0.10084377445181957,0.021546946595083594,2.221009862649909
448,5.53125,0.0,365,0,0.029792327177587338,8.162281418517079e-05,0.5733367142558601,0.1370958295575063,0.10085221963959638,0.02156328131728327,2.221009862649909
449,5.53125,0.0,365,0,0.025228269629249993,6.911854692945204e-05,0.5678850827054639,0.14057053502034114,0.10086448392845564,0.021577795727612013,2.221009862649909
450,5.53125,0.0,365,0,0.021568791709443383,5.909258002587228e-05,0.5658869828839381,0.14484119541773469,0.10087924048832199,0.02159091410196595,1.8200072203234188
451,5.494791666666667,0.0,365,0,0.018907787156507365,5.180215659317086e-05,0.5696426496066083,0.15203096984643694,0.1086591260334109,0.021875892083897584,1.8200072203234188
452,5.494791666666667,0.0,365,0,0.016317764824715003,4.470620499921919e-05,0.5702820132832818,0.15802171948588578,0.10866986808654575,0.021887167024054608,1.8200072203234188
453,5.494791666666667,0.0,365,0,0.014276110053623583,3.911263028390023e-05,0.570531221606233,0.16520474297669988,0.1086818466760246,0.021897665968904204,1.8200072203234188
454,5.494791666666667,0.0,365,0,0.012584685941756114,3.447859162124963e-05,0.5725290676347877,0.1730899777745365,0.1086948145679056,0.02190750258454562,1.8200072203234188
455,5.494791666666667,0.0,365,0,0.011158323819051307,3.057075018918166e-05,0.5756503650986046,0.18063443696713974,0.1087083372634779,0.021916732263925306,1.8200072203234188
456,5.494791666666667,0.0,365,0,0.00994615188874126,2.724973120203085e-05,0.579003346705843,0.18783731706049187,0.10872209203489094,0.021925401434000413,1.8200072203234188
457,5.458333333333333,0.0,365,0,0.008849220455838514,2.4244439605037025e-05,0.5817050228167348,0.19598373558608134,0.10852118062137626,0.022049576034391966,1.8200072203234188
458,5.458333333333333,0.0,365,0,0.007870808412071086,2.1563858663208455e-05,0.586205340683343,0.20493955272041364,0.10853587538926729,0.02205731439283448,1.8200072203234188
459,5.458333333333333,0.0,365,0,0.0070875994357209714,1.941808064581088e-05,0.5914988739380714,0.21168684601787113,0.10855048071051357,0.022072311070939633,1.8200072203234188
460,5.458333333333333,0.0,365,0,0.0064195027188416924,1.758767868175806e-05,0.596889822269207,0.2176612457974472,0.10856473427903615,0.0220886586100111,2.0087789735549553
461,5.458333333333333,0.0,365,0,0.005839126813185773,1.599760770735828e-05,0.602531923975223,0.22310170589553682,0.1085785470552367,0.02210402754049342,2.0087789735549553
462,5.458333333333333,0.0,365,0,0.005330740636949292,1.4604768868354225e-05,0.6079142891809813,0.22806912826766373,0.10859185455988822,0.02211847490746698,2.0087789735549553
463,5.40625,0.0,365,0,0.0049163483029089645,1.3469447405230039e-05,0.6147698953841522,0.23099174716684795,0.10578430277598738,0.02224942623072572,2.0087789735549553
464,5.40625,0.0,365,0,0.004497850402824697,1.2322877815958074e-05,0.6155627794428645,0.23601264471088118,0.10579605128231283,0.02226224461420871,2.0087789735549553
465,5.40625,0.0,365,0,0.0041268617675066475,1.1306470595908623e-05,0.6187727428852191,0.24061296075112304,0.10580753388724069,0.022274302181348776,2.0087789735549553
466,5.40625,0.0,365,0,0.003797534470018,1.0404204027446577e-05,0.6220500978005007,0.24491329699939623,0.1058186578929817,0.022285643461276115,2.0087789735549553
467,5.40625,0.0,365,0,0.0035015001851751728,9.593151192260747e-06,0.6253772623618864,0.24905969178370646,0.1058293873229825,0.022296312058176247,2.0087789735549553
468,5.40625,0.0,365,0,0.0032342502064910505,8.860959469838495e-06,0.6287728540006932,0.2529287952369893,0.10583968088926346,0.022306348966726692,2.0087789735549553
469,5.364583333333333,0.0,365,0,0.003112494107863784,8.527381117435025e-06,0.6434479907949491,0.263899103340401,0.10722301477349268,0.02248682998520676,2.0087789735549553
470,5.364583333333333,0.0,365,0,0.0028898159612602754,7.91730400345281e-06,0.6426733726435946,0.2579971893362626,0.10723021801215114,0.02249570583898218,2.1836992450588055
471,5.364583333333333,0.0,365,0,0.002674045272625786,7.326151431851469e-06,0.6447540082787926,0.25797474407451915,0.10723722565791403,0.022504055554755275,2.1836992450588055
472,5.364583333333333,0.0,365,0,0.002487225009613366,6.81431509483114e-06,0.6466898034662643,0.2574777308448562,0.10724402174635529,0.02251190936974417,2.1836992450588055
473,5.364583333333333,0.0,365,0,0.002315589186496064,6.344079963002916e-06,0.6486668473125522,0.258545067365047,0.10725055191676358,0.0225192995817014,2.1836992450588055
474,5.364583333333333,0.0,365,0,0.002158096905211796,5.912594260854236e-06,0.6509150905624467,0.2601238464709208,0.10725680450747906,0.022526255250610316,2.1836992450588055
475,5.322916666666667,0.0,365,0,0.002082969968856356,5.706767037962619e-06,0.6645736107320174,0.2791263437510029,0.10700495660534236,0.02267262301206423,2.1836992450588055
476,5.322916666666667,0.0,365,0,0.0019566454773455987,5.360672540672873e-06,0.6622556577895414,0.26834548526326774,0.10700907292766393,0.022678789882254607,2.1836992450588055
477,5.322916666666667,0.0,365,0,0.0018282375867800615,5.0088701007672915e-06,0.6582836003103496,0.2659882776690675,0.1070131780186243,0.022684596902881732,2.1836992450588055
478,5.322916666666667,0.0,365,0,0.0017115297350672833,4.6891225618281735e-06,0.6583116346529604,0.2638926410943292,0.10701717878689472,0.022690066092219737,2.1836992450588055
479,5.322916666666667,0.0,365,0,0.0016011364329688283,4.386675158818708e-06,0.6584996858890566,0.2631242831048489,0.10702107752478661,0.022695219156777774,2.1836992450588055
480,5.322916666666667,0.0,364,1,0.0414963367510758,0.00011400092514031813,0.9857165440139343,0.9724806747243738,0.10704343620199186,0.022682171257546062,2.041081464404667
481,5.260416666666667,0.0,364,1,0.05920167678891887,0.00016264196920032657,0.984154426442095,0.8359700652612286,0.10385142628732075,0.0228025956041066,2.041081464404667
482,5.260416666666667,0.0,364,1,0.0646282035811534,0.00017755000983833352,0.9702322835991665,0.6710772468302094,0.10444071619333702,0.02297223936672737,2.041081464404667
483,5.260416666666667,0.0,364,1,0.06723693904505151,0.00018471686550838328,0.9345012563528767,0.5499808949990965,0.10499657848049863,0.023361884818583003,2.041081464404667
484,5.260416666666667,0.0,365,1,0.06746205757563434,0.0001848275550017379,0.892897604455481,0.4743071553878703,0.10550974487145093,0.02368464073381189,2.041081464404667
485,5.260416666666667,0.0,365,1,0.06594373248628331,0.00018066776023639263,0.8550046267103776,0.42483053256858766,0.10597963424989591,0.02395838478869768,2.041081464404667
486,5.260416666666667,0.0,365,1,0.0633310027011084,0.00017350959644139288,0.8241679448759482,0.39070615827937194,0.106406318072904,0.024194493279772553,2.041081464404667
487,5.208333333333333,0.0,365,0,0.059770345935219904,0.00016375437242526002,0.7971949483094015,0.3684307642227227,0.10822266495384997,0.024632703846853333,2.041081464404667
488,5.208333333333333,0.0,365,0,0.05625005704134552,0.00015410974531875486,0.7801069005131545,0.3502547798148423,0.1085774572711257,0.024816411500860305,2.041081464404667
489,5.208333333333333,0.0,365,0,0.052915519094904266,0.00014497402491754594,0.7655145560119918,0.3352021376114867,0.10889991800078326,0.02497972465000198,2.041081464404667
490,5.208333333333333,0.0,365,0,0.04965210919845405,0.00013603317588617547,0.7527747301372738,0.3230757319613545,0.10919364956485515,0.025125912628825915,2.395323212869016
491,5.208333333333333,0.0,365,0,0.04650050669168855,0.00012739864847037958,0.7417883277572822,0.3132195816403793,0.10946175788485141,0.025257532340369333,2.395323212869016
492,5.208333333333333,0.0,365,0,0.04348627786531288,0.00011914048730222707,0.732579954904624,0.3051530877086475,0.10970718976753506,0.02537662811455758,2.395323212869016
493,5.151041666666667,0.0,365,0,0.041117833856092675,0.00011265159960573335,0.7302090717843481,0.2954261253584484,0.10870892753463353,0.025687317816907924,2.395323212869016
494,5.151041666666667,0.0,365,0,0.03824311465206175,0.00010477565658099109,0.7195591400961524,0.29192511626130546,0.10890802139535674,0.025786514323838695,2.395323212869016
495,5.151041666666667,0.0,365,0,0.035590250881667,9.750753666210137e-05,0.7118856304885538,0.2881315181149763,0.10909288407596311,0.025877399282899408,2.395323212869016
496,5.151041666666667,0.0,365,0,0.0331806542047831,9.090590193091259e-05,0.7054728407433145,0.2842745787677655,0.10926419199897339,0.02596762508744656,2.395323212869016
497,5.151041666666667,0.0,365,0,0.030965935998138523,8.483818081681787e-05,0.6997446404179892,0.28072093191302033,0.10942303758323092,0.026055231131708784,2.395323212869016
498,5.151041666666667,0.0,365,0,0.02891356441311371,7.921524496743483e-05,0.6950520396462122,0.2776085348504139,0.10957037559529181,0.026136010420437943,2.395323212869016
499,5.09375,0.0,365,0,0.026985382468089906,7.393255470709563e-05,0.6901754169841108,0.27514420089660696,0.10941198582023984,0.026443776456376872,2.395323212869016
500,5.09375,0.0,365,0,0.025136090438307963,6.886600120084373e-05,0.686715941418355,0.27315645810538747,0.10954144156345211,0.026513429213315547,2.248370477652045
501,5.09375,0.0,365,0,0.023486502148796256,6.434658122957879e-05,0.6840786265862514,0.27112150859536543,0.10966310341164914,0.026578068701284444,2.248370477652045
502,5.09375,0.0,365,0,0.021969641219268032,6.0190797861008305e-05,0.6815675019666062,0.26928956683585825,0.10977704184945374,0.026638147609385158,2.248370477652045
503,5.09375,0.0,365,0,0.020557762346802892,5.6322636566583266e-05,0.6798844945862809,0.26776507890562223,0.10988362157074705,0.026694066870691036,2.248370477652045
504,5.09375,0.0,365,0,0.019244288566737263,5.27240782650336e-05,0.6786338699188559,0.2664593201276219,0.10998335303554575,0.026746179480837663,2.248370477652045
505,5.09375,0.0,365,0,0.018023343249508605,4.937902260139344e-05,0.677553123542563,0.26532164424155624,0.11007674140098704,0.02679479870567182,2.248370477652045
506,5.09375,0.0,365,0,0.01689087467941776,4.627636898470619e-05,0.6762706091175201,0.2643152300153056,0.11016414887183983,0.026840203286376107,2.248370477652045
507,5.09375,0.0,365,0,0.015835375061983178,4.338458921091282e-05,0.6751897078257071,0.26342758944235994,0.11024596406441504,0.026882646203836978,2.248370477652045
508,5.09375,0.0,365,0,0.014850862463885298,4.068729442160356e-05,0.6742945201365085,0.2626477458145417,0.11032258830160978,0.026922355610218083,2.248370477652045
509,5.09375,0.0,365,0,0.013932315627886086,3.817072774763311e-05,0.6735369445512353,0.2619594600301464,0.11039437110279544,0.026959537623803338,2.248370477652045
510,5.09375,0.0,365,0,0.013075125573621196,3.5822261845537525e-05,0.6728609714052586,0.2613477113849277,0.11046168331480738,0.026994378953118604,2.239631937086224
511,5.09375,0.0,365,0,0.012274637431338786,3.362914364750352e-05,0.6722767121156203,0.2608070070389248,0.11052479227318013,0.027027049379686044,2.239631937086224
512,5.09375,0.0,365,0,0.01152650627550865,3.15794692479689e-05,0.6718163083047229,0.26033496910581405,0.11058406817701132,0.02705770371596665,2.239631937086224
513,5.09375,0.0,365,0,0.01082708638644956,2.966325037383441e-05,0.6714613336938183,0.25992250728641353,0.11063976571022426,0.02708648326769754,2.239631937086224
514,5.09375,0.0,365,0,0.010173007060862275,2.787125222154048e-05,0.6711904182458384,0.2595611667952358,0.110692093497108,0.027113517294107194,2.239631937086224
515,5.09375,0.0,365,0,0.009561128461592988,2.6194872497515036e-05,0.6709879106007869,0.25924359545188486,0.1107413003642857,0.027138924291154113,2.239631937086224
516,5.09375,0.0,365,0,0.008988639143140378,2.46264086113435e-05,0.6708197994717158,0.25896023483872566,0.11078756842385347,0.027162813047747855,2.239631937086224
517,5.09375,0.0,365,0,0.008452754262514066,2.315823085620292e-05,0.6706856213126251,0.25870706723771475,0.11083110188514583,0.027185283722662403,2.239631937086224
518,5.09375,0.0,365,0,0.007950839900575818,2.1783123015276213e-05,0.6705980511824177,0.25848265641949997,0.11087205762452067,0.027206428725005727,2.239631937086224
519,5.09375,0.0,365,0,0.007480527753926864,2.0494596586101e-05,0.6705578699278097,0.2582841769481024,0.11091061253937483,0.027226333420148813,2.239631937086224
520,5.09375,0.0,363,1,0.0470205654982784,0.00012953323828726832,0.9486651938006152,0.8853798708868148,0.11123368150582574,0.027222563969313034,1.974986297699422
521,5.09375,0.0,364,1,0.0675450467439076,0.00018556331523051538,0.9577629148019946,0.7123303682459786,0.11211462063104606,0.027236467792260292,1.974986297699422
522,5.09375,0.0,364,1,0.0746127098411681,0.00020497997209112118,0.9357283290467394,0.561936859211275,0.11294175518646511,0.027542619743420878,1.974986297699422
523,5.09375,0.0,364,1,0.07602631050113018,0.00020886349038772028,0.8900571501600435,0.4691243006452363,0.11365353707815753,0.027980412459210027,1.974986297699422
524,5.09375,0.0,364,1,0.07501001555625542,0.000206071471308394,0.8544217893315664,0.413250232380633,0.11427221074719977,0.02835485709391611,1.974986297699422
525,5.09375,0.0,364,1,0.07266932389363277,0.00019964099970778236,0.8229724500083764,0.376897451776086,0.11481751959735813,0.028681399307072416,1.974986297699422
526,5.09375,0.0,364,1,0.0696166980256675,0.00019125466490567993,0.797264050917119,0.35229154593909545,0.11530447443738721,0.028970294830248607,1.974986297699422
527,5.09375,0.0,364,1,0.06625466608567938,0.00018201831342219612,0.7765272061610038,0.3344248240844478,0.11574319674488308,0.02922875698137756,1.974986297699422
528,5.09375,0.0,364,1,0.06282628876398424,0.00017259969440655012,0.7595463621153181,0.32092722038877863,0.11614259081394661,0.02946206576152178,1.974986297699422
529,5.09375,0.0,364,1,0.05945429011543041,0.00016333596185557804,0.7455941723723892,0.31045134024119914,0.11650933805038348,0.029674217240895716,1.974986297699422
530,5.09375,0.0,364,1,0.05619922164736365,0.00015439346606418584,0.734285249559674,0.3021754161554266,0.11684832727692099,0.029868316407754992,2.3573701249041674
531,5.09375,0.0,364,1,0.053093090547991786,0.0001458601388681093,0.7252789764472831,0.2955774664873717,0.11716403863185428,0.030046825324222686,2.3573701249041674
532,5.09375,0.0,364,1,0.05017750496277082,0.0001378502883592605,0.7173429011767971,0.2901222474765729,0.11745918829303315,0.03021171331749623,2.3573701249041674
533,5.09375,0.0,364,1,0.047436905308153816,0.000130321168428994,0.7105916700031115,0.2855910840532253,0.11773588117872269,0.030364601665972307,2.3573701249041674
534,5.09375,0.0,364,1,0.044856039023240285,0.00012323087643747332,0.7050911798053344,0.2818576710764984,0.11799531546789681,0.030506842437680717,2.3573701249041674
535,5.09375,0.0,364,1,0.042430472215034834,0.00011656723135998581,0.7005885301683431,0.27876578437765726,0.11823940564434327,0.030639569775579814,2.3573701249041674
536,5.09375,0.0,364,1,0.04015417474456219,0.00011031366688066535,0.6968939483056844,0.27619178103757563,0.11846971458396545,0.030763744344487514,2.3573701249041674
537,5.09375,0.0,364,1,0.03801898448358973,0.00010444775957030146,0.6938753074641951,0.27404490800679776,0.1186873840734853,0.030880187823436316,2.3573701249041674
538,5.09375,0.0,364,0,0.036016967251145865,9.894771222842271e-05,0.6914145035501144,0.2722490956924352,0.11889355461930894,0.03098960843124385,2.3573701249041674
539,5.09375,0.0,364,0,0.03413905617586174,9.378861586775204e-05,0.6894554860196862,0.270750878624938,0.11908915439408616,0.031092621786628485,2.3573701249041674
540,5.09375,0.0,364,0,0.0323779194379846,8.895032812633132e-05,0.6878888255567662,0.26949613039365344,0.11927475235746125,0.031189765788531058,2.015544486564383
541,5.09375,0.0,364,0,0.030728361310589026,8.441857502909073e-05,0.6864944250369344,0.268422242299368,0.11945105844690627,0.03128151205879972,2.015544486564383
542,5.09375,0.0,364,0,0.029184016891223893,8.017587058028542e-05,0.6851113287791726,0.2674832147302498,0.11961855609481417,0.03136827706902214,2.015544486564383
543,5.09375,0.0,364,0,0.027734573819795404,7.619388412031704e-05,0.6838487660400105,0.2666783761657409,0.119777909004052,0.031450433193602245,2.015544486564383
544,5.09375,0.0,364,0,0.026371797240431004,7.244999241876649e-05,0.6827497104702932,0.2660007710295374,0.11992971133981664,0.03152831439468563,2.015544486564383
545,5.09375,0.0,364,0,0.02508901562399226,6.892586709887983e-05,0.6818104217016995,0.2654384149969128,0.1200744259850616,0.03160222103455704,2.015544486564383
546,5.09375,0.0,364,0,0.023880116581814215,6.560471588410498e-05,0.6810380817309215,0.26498213250402647,0.12021234097621351,0.031672424380241294,2.015544486564383
547,5.09375,0.0,364,0,0.02273993092108177,6.247233769527958e-05,0.6804164753175477,0.26462014440407633,0.12034389638990936,0.03173917008458269,2.015544486564383
548,5.09375,0.0,364,0,0.021663797864396272,5.951592819889086e-05,0.6799204210878277,0.264341303875211,0.12046955503637725,0.03180268132117567,2.015544486564383
549,5.09375,0.0,364,0,0.020647532651524574,5.672399080089169e-05,0.6795246906503187,0.26413450906885183,0.12058961744009225,0.0318631614254892,2.015544486564383
550,5.09375,0.0,364,0,0.019687228902028293,5.408579368689092e-05,0.6792078303547308,0.2639903704697077,0.12070444753015223,0.031920796241324025,2.2171896387215795
551,5.09375,0.0,364,0,0.018779151477882963,5.159107548868946e-05,0.6789618097099555,0.263902280475549,0.12081429537375543,0.031975756186347064,2.2171896387215795
552,5.09375,0.0,364,0,0.01791986191277713,4.923038987026684e-05,0.6787808393926518,0.2638644642312269,0.12091942211382438,0.03202819794098154,2.2171896387215795
553,5.09375,0.0,364,0,0.017106210917011352,4.6995084936844375e-05,0.678659225616344,0.26387156178203425,0.1210200563814916,0.03207826589471448,2.2171896387215795
554,5.09375,0.0,364,0,0.016335334124507894,4.487729155084586e-05,0.6785881537364608,0.2639181349524219,0.1211164612793507,0.03212609338604283,2.2171896387215795
555,5.09375,0.0,364,0,0.015604547322090202,4.286963550024781e-05,0.6785614742401591,0.26399983052042203,0.12120889064603065,0.0321718038347837,2.2171896387215795
556,5.09375,0.0,364,0,0.014911352608503965,4.096525441896694e-05,0.6785762977355398,0.2641130050962661,0.12129750712585578,0.03221551171938954,2.2171896387215795
557,5.09375,0.0,364,0,0.014253456499323077,3.9157847525612846e-05,0.6786276741658397,0.26425406685139874,0.12138248689024904,0.03225732341274933,2.2171896387215795
558,5.09375,0.0,364,0,0.013628730458737677,3.7441567194334275e-05,0.6787119755614052,0.2644197996930578,0.12146402462382566,0.032297337933042417,2.2171896387215795
559,5.09375,0.0,364,0,0.013035195524062956,3.581097671445867e-05,0.6788254343330993,0.26460735343006464,0.12154226978453628,0.0323356476088481,2.2171896387215795
560,5.09375,0.0,360,0,0.1324442133762733,0.00036790059271187025,0.963298326524697,0.9238510183636693,0.12250931120248423,0.032291543061250996,2.3362132666321656
561,5.09375,0.0,360,0,0.13562951053532138,0.0003767486403758927,0.9423774686070111,0.4981565647872326,0.12318666677563185,0.03224370505319542,2.3362132666321656
562,5.09375,0.0,359,0,0.12054450647494248,0.0003357785695680849,0.8711097959654579,0.2969597449378892,0.12357401342426001,0.03220735613844165,2.3362132666321656
563,5.09375,0.0,360,0,0.1028870687731066,0.0002857974132586295,0.7882297898012933,0.22066834003486174,0.12383036662953303,0.032182271723146166,2.3362132666321656
564,5.09375,0.0,361,0,0.08644283509006562,0.0002394538368145862,0.7267812955541956,0.18005334544792415,0.12400996361439556,0.032167008613107534,2.3362132666321656
565,5.09375,0.0,362,0,0.07247670106854508,0.00020021188140482066,0.6778154086123547,0.16247224395115029,0.12413886082737863,0.03215954331194383,2.3362132666321656
566,5.09375,0.0,362,0,0.06095859673126882,0.00016839391362228956,0.6406514302765547,0.152021160920702,0.1242351624065995,0.03215818478334739,2.3362132666321656
567,5.09375,0.0,363,0,0.05179817934541661,0.00014269470894054162,0.6124130420230239,0.1443493362823338,0.12431387179749775,0.032162066922165014,2.3362132666321656
568,5.09375,0.0,363,0,0.044314814271926586,0.00012207937815957736,0.5910740735751008,0.1388392023680358,0.12437976436623556,0.03217883202012661,2.3362132666321656
569,5.09375,0.0,363,0,0.03813051194532724,0.00010504273263175548,0.5745627197392722,0.13596489089368705,0.12443571431517116,0.032195774737325975,2.3362132666321656
570,5.09375,0.0,364,0,0.03300315289895134,9.066800246964654e-05,0.5615339352077472,0.1340779458579155,0.12448460723320878,0.03221286368150756,1.8685460742044642
571,5.09375,0.0,364,0,0.028699416186633183,7.884454996327798e-05,0.552175026715406,0.13301103397912434,0.12452843449555769,0.032230040221830424,1.8685460742044642
572,5.09375,0.0,364,0,0.02506619722986627,6.886317920292932e-05,0.5457871664819964,0.13268343359336884,0.12456852205367919,0.03224723044693663,1.8685460742044642
573,5.09375,0.0,364,0,0.021982758640895394,6.039219406839394e-05,0.5422924845631897,0.13349112232029373,0.12460578995611843,0.032264361627517876,1.8685460742044642
574,5.09375,0.0,364,0,0.019365241181734674,5.320121203773262e-05,0.5409329234771487,0.13513825728520718,0.1246409033724197,0.03228136049680619,1.8685460742044642
575,5.09375,0.0,364,0,0.017147030366916415,4.71072262827374e-05,0.5404520033277076,0.1377385735591911,0.12467420112514682,0.03229815609276236,1.8685460742044642
576,5.09375,0.0,364,0,0.015250130166206244,4.18959619950721e-05,0.5415345187224818,0.1413560084177241,0.12470600393344258,0.03231469708677448,1.8685460742044642
577,5.09375,0.0,364,0,0.013618068914999762,3.7412277239010334e-05,0.5442844308334853,0.14643001852087453,0.12473660114135243,0.032330944983364335,1.8685460742044642
578,5.09375,0.0,364,0,0.01220922575636054,3.35418290009905e-05,0.5484313191080227,0.15215068386906966,0.1247662224106381,0.03234689736939894,1.8685460742044642
579,5.09375,0.0,364,0,0.010992919736619746,3.0200328946757544e-05,0.5532822438507584,0.15792048586515997,0.12479500196821866,0.03236258683205288,1.8685460742044642
580,5.09375,0.0,364,0,0.00993565650144169,2.7295759619345302e-05,0.559339810693746,0.1637616228492332,0.12482304912899138,0.032377977330250544,2.05158363530993
581,5.09375,0.0,364,0,0.009014574483043415,2.4765314513855536e-05,0.5662783916738889,0.16964436633714355,0.12485041894748924,0.03239303729422435,2.05158363530993
582,5.09375,0.0,364,0,0.008209963381487637,2.2554844454636366e-05,0.5738810901960816,0.17615432982407228,0.1248771445629463,0.03240774216866562,2.05158363530993
583,5.09375,0.0,364,0,0.007505267500317504,2.061886675911402e-05,0.5819414450833322,0.1832681999932225,0.12490323354968998,0.03242207347282984,2.05158363530993
584,5.09375,0.0,364,0,0.006887019647608453,1.892038364727597e-05,0.5901193731782737,0.1909440349769675,0.12492867303409189,0.0324360175202233,2.05158363530993
585,5.09375,0.0,364,0,0.0063428700713515545,1.7425467228987786e-05,0.5983051257524088,0.1990163774496037,0.12495345310688223,0.03244956528428457,2.05158363530993
586,5.09375,0.0,364,0,0.005862231727844061,1.6105032219351816e-05,0.6064251714992551,0.20675276946667126,0.1249775804377345,0.03246271170266174,2.05158363530993
587,5.09375,0.0,364,0,0.005436783951483242,1.4936219646931982e-05,0.6142524174964885,0.21409491931309996,0.12500107178596873,0.03247545454488763,2.05158363530993
588,5.09375,0.0,364,0,0.005058756068448402,1.3897681506726379e-05,0.6217886791647687,0.2210170375491609,0.12502393575064608,0.03248779437370541,2.05158363530993
589,5.09375,0.0,364,0,0.004721867110671596,1.2972162391954935e-05,0.6288944929547305,0.2274870788179945,0.12504615787155163,0.032499733812435254,2.05158363530993
590,5.09375,0.0,364,0,0.004420546860883676,1.2144359507922187e-05,0.6354914139005935,0.23349034754542386,0.12506774465288467,0.03251127729757187,2.250747290839727
591,5.09375,0.0,364,0,0.0041497378178209435,1.1400378620387207e-05,0.6416487678477405,0.23903751812912358,0.12508871153777837,0.03252243093155676,2.250747290839727
592,5.09375,0.0,364,0,0.003905224232767458,1.0728638002108402e-05,0.6474145378289812,0.24414298944231516,0.12510906441564643,0.03253320208200432,2.250747290839727
593,5.09375,0.0,364,0,0.0036831921253112233,1.0118659684920943e-05,0.6529636983802393,0.2488634530847979,0.1251288169206512,0.03254359925743613,2.250747290839727
594,5.09375,0.0,364,0,0.0034805998796037223,9.562087581328907e-06,0.658350758125461,0.2532440014998383,0.12514797698093663,0.03255363170926036,2.250747290839727
595,5.09375,0.0,364,0,0.003295305924689631,9.053038254641843e-06,0.6634395938994289,0.25724457985321963,0.12516655275764024,0.032563308927897876,2.250747290839727
596,5.09375,0.0,364,0,0.003125489007934758,8.586508263557027e-06,0.6680485628941358,0.2608612556044461,0.12518454913747704,0.03257264052144597,2.250747290839727
597,5.09375,0.0,364,0,0.0029690564844179297,8.156748583565742e-06,0.6723139832912234,0.2641361237876679,0.1252019767438838,0.03258163649008331,2.250747290839727
598,5.09375,0.0,364,0,0.002824367433893813,7.75925119201597e-06,0.6762934815774515,0.26709969548726886,0.12521884849859372,0.03259030699407652,2.250747290839727
599,5.09375,0.0,364,0,0.0026901166642510138,7.390430396293994e-06,0.6799780582702507,0.26977280627795636,0.12523517224403996,0.03259866219230566,2.250747290839727
600,5.09375,0.0,364,0,0.1225589311876191,0.000336700360405547,0.9871803610759421,0.9832080322067551,0.12637363380057268,0.03252397357344604,2.0801189984799273
601,5.09375,0.0,364,0,0.13549153122704205,0.00037222948139297265,0.9636779456292824,0.5063388142537097,0.1271697509416727,0.03244261750412647,2.0801189984799273
602,5.09375,0.0,364,0,0.11674028520759817,0.00032071506925164333,0.886371109153915,0.32501383885007923,0.1275220512063761,0.03239456927491498,2.0801189984799273
603,5.09375,0.0,364,0,0.09705965366796337,0.00026664740018671255,0.7802695955922644,0.24311843396946603,0.12768421089550636,0.03235255890622783,2.0801189984799273
604,5.09375,0.0,364,0,0.07895719294577176,0.00021691536523563672,0.7082729513900181,0.20358750220465055,0.12774334757459513,0.03231825803459638,2.0801189984799273
605,5.09375,0.0,364,0,0.06462901728922169,0.00017755224530005957,0.6565740996851257,0.18183763278002926,0.12775531379029448,0.032296568165168384,2.0801189984799273
606,5.09375,0.0,364,0,0.05383041873174763,0.00014788576574655942,0.6245292372423358,0.16577696927800847,0.12775409137529548,0.03229121518730546,2.0801189984799273
607,5.09375,0.0,364,0,0.04522802304905468,0.00012425281057432605,0.6035053056391476,0.16018453555801504,0.1277493095456932,0.03228628765722773,2.0801189984799273
608,5.09375,0.0,364,0,0.038375734143065235,0.00010542784105237701,0.5897851207355712,0.156397503874442,0.12774399476362538,0.03228218680595238,2.0801189984799273
609,5.09375,0.0,364,0,0.03292014406903571,9.04399562336146e-05,0.5770048006927851,0.15293804729735994,0.12773904664485786,0.03227895176377065,2.0801189984799273
610,5.09375,0.0,364,0,0.02841862777485386,7.807315322762049e-05,0.5679666854888665,0.15051100613270807,0.12773504163182917,0.03227657847764355,2.6590169122888594
611,5.09375,0.0,364,0,0.02467261739838931,6.778191592964096e-05,0.5609458445236475,0.14922130635654726,0.12773195303336515,0.03227499107894628,2.6590169122888594
612,5.09375,0.0,364,0,0.021523965992577714,5.913177470488383e-05,0.555545466300126,0.1479745491202563,0.12772979474949803,0.03227409313046219,2.6590169122888594
613,5.09375,0.0,364,0,0.018860611630714126,5.18148671173465e-05,0.551019444083796,0.14713157225747606,0.1277286922668693,0.03227378218008314,2.6590169122888594
614,5.09375,0.0,365,0,0.016591071647516123,4.5454990815112663e-05,0.5471787633966976,0.1461678903197511,0.12772842575320142,0.032273963507712056,2.6590169122888594
615,5.09375,0.0,365,0,0.01464294788650342,4.011766544247512e-05,0.5440734439925039,0.14615843375868223,0.12772884573124874,0.03227455430630803,2.6590169122888594
616,5.09375,0.0,365,0,0.012962781579732015,3.551447008145758e-05,0.5414776238813547,0.14625461820579463,0.12772974107122104,0.03227548170420514,2.6590169122888594
617,5.09375,0.0,365,0,0.011508058656640206,3.152892782641152e-05,0.5391576642997432,0.1462554040616645,0.12773104518044545,0.03227668243121448,2.6590169122888594
618,5.09375,0.0,365,0,0.01024281490668242,2.8062506593650465e-05,0.5371729030084995,0.1461719398596636,0.127732674394607,0.03227810313328692,2.6590169122888594
619,5.09375,0.0,365,0,0.009137609455296854,2.503454645286809e-05,0.5356244903082933,0.1460230896043437,0.1277345646026898,0.03227969922168164,2.6590169122888594
620,5.09375,0.0,365,0,0.008168539899982853,2.2379561369816037e-05,0.5345912359983664,0.14582750013590795,0.12773665933834466,0.03228143343429822,1.9897834137687036
621,5.09375,0.0,365,0,0.00731785240295342,2.004891069302307e-05,0.5337615774930098,0.14556627829712182,0.1277388956293157,0.03228327334197485,1.9897834137687036
622,5.09375,0.0,365,0,0.006570260945712512,1.8000714919760308e-05,0.5328535945189612,0.14522315542635353,0.12774121541493316,0.03228519094054453,1.9897834137687036
623,5.09375,0.0,365,0,0.005910623206687719,1.6193488237500602e-05,0.5321428903903886,0.1448317087227312,0.12774359237968697,0.03228716354048355,1.9897834137687036
624,5.09375,0.0,365,0,0.00532724983428071,1.4595205025426602e-05,0.5316328722141556,0.14440218246627007,0.12774602107914418,0.03228917217871206,1.9897834137687036
625,5.09375,0.0,365,0,0.004811381653145553,1.318186754286453e-05,0.5309655191511502,0.1439097066088726,0.12774845281908984,0.0322912002300923,1.9897834137687036
626,5.09375,0.0,365,0,0.0043535999267419745,1.1927671032169793e-05,0.5303654016189516,0.14338469712674995,0.12775086626407367,0.03229323436866249,1.9897834137687036
627,5.09375,0.0,365,0,0.003946150771138298,1.0811371975721364e-05,0.5299955423739888,0.14285157729274697,0.12775326033753923,0.032295263845761576,1.9897834137687036
628,5.09375,0.0,365,0,0.0035830181355187675,9.816488042517172e-06,0.5297901119890941,0.14231225947567214,0.127755635348818,0.03229727964674004,1.9897834137687036
629,5.09375,0.0,365,0,0.003258860323200756,8.928384447125359e-06,0.5297313597141098,0.14177300962364794,0.12775799176603908,0.03229927432372473,1.9897834137687036
630,5.09375,0.0,365,0,0.002968972540767785,8.134171344569274e-06,0.5298462501929048,0.14124301382114707,0.12776032761073805,0.03230124181001782,2.451691637310699
631,5.09375,0.0,364,0,0.0027092912013782977,7.443107696094225e-06,0.5301607966409645,0.14073025155662242,0.127762638893608,0.0323031771950615,2.451691637310699
632,5.09375,0.0,364,0,0.0024763428907497538,6.80313980975207e-06,0.5306594354979226,0.14023877455174397,0.12776492507000994,0.03230507650417566,2.451691637310699
633,5.09375,0.0,364,0,0.002267081446400852,6.228245731870472e-06,0.5313157032823892,0.13977250974632907,0.1277671812572318,0.032306936565481635,2.451691637310699
634,5.09375,0.0,364,0,0.002078773175199831,5.710915316483053e-06,0.532179034164476,0.13970522816674646,0.1277694032146572,0.03230875493506877,2.451691637310699
635,5.09375,0.0,364,0,0.0019090536484541155,5.244652880368449e-06,0.5332565978549647,0.13971934407790207,0.1277715900287252,0.03231052976483895,2.451691637310699
636,5.09375,0.0,364,0,0.0017558831099028435,4.823854697535284e-06,0.5345451679075856,0.1401244939651771,0.12777373989211457,0.03231225968580204,2.451691637310699
637,5.09375,0.0,364,0,0.0016174420892216346,4.4435222231363585e-06,0.5360501798761015,0.14062583582586713,0.12777585252281268,0.032313943750735354,2.451691637310699
638,5.09375,0.0,364,0,0.0014921480831354035,4.099307920701658e-06,0.5377491744849864,0.14172038496568426,0.12777792762275775,0.032315581354114636,2.451691637310699
639,5.09375,0.0,364,0,0.0013786024941333588,3.7873694893773596e-06,0.5396352979324747,0.14391936779061557,0.12777996451236126,0.03231717217935028,2.451691637310699
640,5.09375,0.0,362,0,0.08127320670307295,0.00022451162072672086,0.9886972083840587,0.9862465837858359,0.12891674247735577,0.032262985756348464,2.0034608201844915
641,5.09375,0.0,362,0,0.08998446660624423,0.00024857587460288465,0.9785192990399587,0.6766186884135965,0.12991333562019758,0.032273957905702345,2.0034608201844915
642,5.09375,0.0,362,0,0.0903869900809601,0.0002496878179032047,0.9439814292395466,0.4795901896950995,0.1306347239054827,0.03238077688945817,2.0034608201844915
643,5.09375,0.0,361,0,0.08793963871753002,0.00024360010725077568,0.878909646466348,0.36826037060301137,0.1312007184789358,0.03244217888997008,2.0034608201844915
644,5.09375,0.0,361,0,0.08208549652401734,0.00022738364688093445,0.8202384938181659,0.30451079519282387,0.1316505368409506,0.03247837466323755,2.0034608201844915
645,5.09375,0.0,361,0,0.07474858262940724,0.00020705978567702837,0.7721146604037628,0.263492791045751,0.13200979898472306,0.03249976416866625,2.0034608201844915
646,5.09375,0.0,362,0,0.06695746465634284,0.00018496537197884761,0.733602783620255,0.23538670253969163,0.13229659878635774,0.03251222101858299,2.0034608201844915
647,5.09375,0.0,362,0,0.05940177129680068,0.00016409329087514,0.7025223759568551,0.21461028053258913,0.13252663730464098,0.03252976410683124,2.0034608201844915
648,5.09375,0.0,362,0,0.05241790313834792,0.00014480083739875117,0.6765915866489014,0.19893128285543257,0.132711413448722,0.03256961317654712,2.0034608201844915
649,5.09375,0.0,363,0,0.04609976197746655,0.00012699658946960482,0.654843363671177,0.18637315936181498,0.13286000056156919,0.03260049367654115,2.0034608201844915
650,5.09375,0.0,363,0,0.04046133566112563,0.00011146373460365186,0.6364830438975257,0.17619340050222745,0.13297902272822304,0.032628811752278435,2.5893888951727124
651,5.09375,0.0,363,0,0.03548518226489407,9.775532304378531e-05,0.6205168882468908,0.1675629451954576,0.13307423405514288,0.03266542573739132,2.5893888951727124
652,5.09375,0.0,363,0,0.0311180620377286,8.572468880916969e-05,0.6065434971498459,0.16011106399365044,0.1331504222345134,0.03269510140035854,2.5893888951727124
653,5.09375,0.0,364,0,0.02729094093505742,7.497511245894895e-05,0.5950002037717224,0.1539961821268197,0.13321145606201418,0.03271928093834081,2.5893888951727124
654,5.09375,0.0,364,0,0.023964535925740833,6.583663715862866e-05,0.5846829649607627,0.14831370923298534,0.13325996341565566,0.03273905603670069,2.5893888951727124
655,5.09375,0.0,364,0,0.02106695088385268,5.7876238691902967e-05,0.5763483663118479,0.14300557081047374,0.13329827334346908,0.03275528351751166,2.5893888951727124
656,5.09375,0.0,364,0,0.018553018772340925,5.09698317921454e-05,0.5691082446635723,0.1379231945719346,0.13332867292325684,0.032769017749760265,2.5893888951727124
657,5.09375,0.0,364,0,0.01636623398341322,4.496218127311324e-05,0.5629120005438306,0.13322064576582082,0.1333528237596806,0.032780866710874185,2.5893888951727124
658,5.09375,0.0,364,0,0.01445417798040211,3.970928016593986e-05,0.5581042672411727,0.12870262101416824,0.13337189435424973,0.03279115662637831,2.5893888951727124
659,5.09375,0.0,364,0,0.012781567434329018,3.5114196248156644e-05,0.5543900410412953,0.12433765180705329,0.13338692209588326,0.032800148754418466,2.5893888951727124
660,5.09375,0.0,364,0,0.01132008081178112,3.109912310928879e-05,0.55125038944674,0.12007551478340156,0.1333987168107065,0.03280805227147852,2.020980995285789
661,5.09375,0.0,365,0,0.01004202938199223,2.7512409265732137e-05,0.5485705176657788,0.11590086133205768,0.13340796617011227,0.0328150374163018,2.020980995285789
662,5.09375,0.0,365,0,0.008923030132737417,2.444665789791073e-05,0.5463144634424649,0.11239277356841623,0.13341516857534189,0.03282124380495066,2.020980995285789
663,5.09375,0.0,365,0,0.007942875080788047,2.1761301591200127e-05,0.5442811038713151,0.10914994930291333,0.13342073633098986,0.03282678593214723,2.020980995285789
664,5.09375,0.0,365,0,0.007080510762827003,1.939865962418357e-05,0.5430365255171877,0.10601032909827639,0.13342502374389986,0.0328317605612959,2.020980995285789
665,5.09375,0.0,365,0,0.006322639129618535,1.7322298985256262e-05,0.5421641707625137,0.1029436454829614,0.13342828732928064,0.03283624671484141,2.020980995285789
666,5.09375,0.0,365,0,0.005657197515012983,1.5499171274008172e-05,0.5412117067635179,0.101067883817812,0.13343075485066566,0.032840309271079095,2.020980995285789
667,5.09375,0.0,365,0,0.005070349925527254,1.3891369658978777e-05,0.5406887408421999,0.10079986643405885,0.13343261075267693,0.032844003902336535,2.020980995285789
668,5.09375,0.0,365,0,0.004552002688518455,1.2471240242516315e-05,0.540612355838045,0.10104927605963715,0.13343398050094477,0.03284737744657554,2.020980995285789
669,5.09375,0.0,365,0,0.004093481934232497,1.1215018997897253e-05,0.540943106063486,0.10135136633946382,0.13343498628835462,0.032850469408770816,2.020980995285789
670,5.09375,0.0,365,0,0.0036871948295162426,1.0101903642510254e-05,0.541702866909115,0.10171312268344272,0.13343571626453893,0.03285331328070559,2.4510172853507837
671,5.09375,0.0,365,0,0.003327179419477083,9.115560053361871e-06,0.5426368007232827,0.10230421310662022,0.13343623406569224,0.03285593712120264,2.4510172853507837
672,5.09375,0.0,365,0,0.003007388970619242,8.239421837312992e-06,0.5438646620000659,0.10293390926902682,0.1334365946518449,0.03285836507787255,2.4510172853507837
673,5.09375,0.0,365,0,0.0027230209206434266,7.460331289434045e-06,0.5452943339387845,0.10359004120152056,0.13343684049911944,0.03286061772417176,2.4510172853507837
674,5.09375,0.0,365,0,0.002469920506228085,6.766905496515302e-06,0.5467999852634728,0.10437952864519544,0.13343700645179107,0.03286271262743608,2.4510172853507837
675,5.09375,0.0,365,0,0.0022441616329250676,6.148388035411144e-06,0.5484289339870904,0.10571598583849492,0.13343711836569255,0.03286466505557319,2.4510172853507837
676,5.09375,0.0,365,0,0.0020423514310616165,5.5954833727715524e-06,0.5502485889329198,0.10716045830297591,0.13343719224738637,0.03286648833042279,2.4510172853507837
677,5.09375,0.0,365,0,0.0018615849221963016,5.100232663551511e-06,0.5522823709693756,0.10918364292303585,0.1334372446376403,0.032868194100186654,2.4510172853507837
678,5.09375,0.0,365,0,0.0016998654892722313,4.65716572403351e-06,0.5540809042260872,0.1111760084273564,0.13343728852548128,0.03286979221357507,2.4510172853507837
679,5.09375,0.0,365,0,0.0015546135119291133,4.259215101175653e-06,0.555947683163084,0.11338005188035956,0.13343733102079414,0.032871291587771224,2.4510172853507837
680,5.09375,0.0,363,1,0.001423785124677692,3.9222730707374435e-06,0.5580228719109804,0.11562643268313044,0.13343737952239793,0.03287270020471184,2.298627115202473
681,5.09375,0.0,363,1,0.0012446402152896437,3.4287609236629302e-06,0.5601626200426024,0.11783040264944626,0.13343743597323057,0.0328739629451515,2.298627115202473
682,5.09375,0.0,362,1,0.0011343746427242682,3.1336316097355475e-06,0.5624091876882275,0.11998828830510944,0.13343750392442516,0.03287514267856163,2.298627115202473
683,5.09375,0.0,362,1,0.0010327082667094712,2.852785267153235e-06,0.564917527941386,0.12257953585099483,0.1334375862221717,0.03287624329369471,2.298627115202473
684,5.09375,0.0,361,1,0.0009380226624309455,2.598400726955528e-06,0.5675104455893658,0.12510974782554826,0.133437684788733,0.03287726720466916,2.298627115202473
685,5.09375,0.0,359,1,0.0008482787927141945,2.36289357302004e-06,0.570157229690942,0.12767868244014943,0.13343779831071387,0.032878214993467283,2.298627115202473
686,5.09375,0.0,357,1,0.0007609647272557748,2.1315538578593135e-06,0.572386530754043,0.1301837546548391,0.13343792874655724,0.03287909020328978,2.298627115202473
687,5.09375,0.0,352,1,0.0006717122253416131,1.9082733674477646e-06,0.5745504621310079,0.13258783594906642,0.1334380747889303,0.03287988689640412,2.298627115202473
688,5.09375,0.0,341,1,0.0005737413878341173,1.6825260640296693e-06,0.5768944140888255,0.1349130008379506,0.1334382285344222,0.032880587600836404,2.298627115202473
689,5.09375,0.0,308,1,0.00045740877470027916,1.4850934243515558e-06,0.5793418547764565,0.1371578945258408,0.13343837517255716,0.032881161995760334,2.298627115202473
690,5.09375,0.0,179,1,0.00031769634297646517,1.7748399048964536e-06,0.5815081997136684,0.1392928089510426,0.13343849521180573,0.03288157150921542,2.2142116918594983
691,5.09375,0.0,1,1,0.0001783766963992452,0.0001783766963992452,0.5836212825214147,0.14134123124489342,0.13343857315633606,0.03288180720756529,2.2142116918594983
692,5.09375,0.0,1,1,8.297792669947074e-05,8.297792669947074e-05,0.5857072978121521,0.14330818535885698,0.13343861434219173,0.032881919463603464,2.2142116918594983
693,5.09375,0.0,1,1,3.552864583322255e-05,3.552864583322255e-05,0.587799647270749,0.14519982840840803,0.13343863413823073,0.0328819686196948,2.2142116918594983
694,5.09375,0.0,1,1,1.4887954529074276e-05,1.4887954529074276e-05,0.589914447850134,0.1470213895330543,0.13343864334525124,0.03288198966492957,2.2142116918594983
695,5.09375,0.0,1,1,6.2130972942203145e-06,6.2130972942203145e-06,0.5919863897484228,0.14876958902224746,0.1334386475670782,0.03288199862926907,2.2142116918594983
696,5.09375,0.0,1,1,2.591890916835543e-06,2.591890916835543e-06,0.5941109487269401,0.15045569026500336,0.1334386494882392,0.03288200244303922,2.2142116918594983
697,5.09375,0.0,1,1,1.081718244837018e-06,1.081718244837018e-06,0.5961787446187135,0.15207251236786976,0.13343865035618147,0.032882004064840584,2.2142116918594983
698,5.09375,0.0,1,1,4.5176895592914315e-07,4.5176895592914315e-07,0.5979462662524074,0.15360056184803816,0.13343865074488653,0.03288200475427805,2.2142116918594983
699,5.09375,0.0,1,1,1.887928884326177e-07,1.887928884326177e-07,0.5995512731858263,0.15505502895827555,0.13343865091794277,0.032882005047290795,2.2142116918594983
700,5.09375,0.0,1,1,7.893626635445679e-08,7.893626635445679e-08,0.6011312843324518,0.1564506447889833,0.1334386509946879,0.032882005171799164,2.28898819279537
701,5.09375,0.0,1,1,3.301932256471102e-08,3.301932256471102e-08,0.602715590593638,0.1577932335584461,0.13343865102861704,0.03288200522469745,2.28898819279537
702,5.09375,0.0,1,1,1.3818370097228332e-08,1.3818370097228332e-08,0.6042774443514355,0.15908237355712612,0.13343865104357674,0.03288200524716816,2.28898819279537
703,5.09375,0.0,1,1,5.785613231321912e-09,5.785613231321912e-09,0.605750685213135,0.16031388863482993,0.13343865105015337,0.032882005256711956,2.28898819279537
704,5.09375,0.0,1,1,2.423638071211977e-09,2.423638071211977e-09,0.6070212555465396,0.1614779967928438,0.13343865105303412,0.03288200526076466,2.28898819279537
705,5.09375,0.0,1,1,1.015711273988081e-09,1.015711273988081e-09,0.6082016675534915,0.16263876554732778,0.1334386510542912,0.032882005262485366,2.28898819279537
706,5.09375,0.0,1,1,4.258261429313113e-10,4.258261429313113e-10,0.6093484845574899,0.1638259865344042,0.1334386510548385,0.03288200526321587,2.28898819279537
707,5.09375,0.0,1,1,1.7857957816136897e-10,1.7857957816136897e-10,0.6105109045508528,0.1649742731154777,0.1334386510550777,0.03288200526352595,2.28898819279537
708,5.09375,0.0,1,1,7.491451270412439e-11,7.491451270412439e-11,0.611671515267691,0.16608383234823268,0.13343865105518093,0.03288200526365758,2.28898819279537
709,5.09375,0.0,1,1,3.143638780299468e-11,3.143638780299468e-11,0.6128067282006863,0.16715470497514945,0.13343865105522615,0.03288200526371344,2.28898819279537
710,5.09375,0.0,1,1,1.319523989617657e-11,1.319523989617657e-11,0.6139429216642828,0.1681917557427076,0.13343865105524555,0.03288200526373714,2.809355857344544
711,5.09375,0.0,1,1,5.5400461648773266e-12,5.5400461648773266e-12,0.6150794583473523,0.16920687660499953,0.1334386510552543,0.03288200526374721,2.809355857344544
712,5.09375,0.0,1,1,2.326577818456618e-12,2.326577818456618e-12,0.6162082107249638,0.17028791658758508,0.13343865105525776,0.03288200526375147,2.809355857344544
713,5.09375,0.0,1,1,9.773095112127694e-13,9.773095112127694e-13,0.6172961306148044,0.17133686272917664,0.13343865105525882,0.03288200526375328,2.809355857344544
714,5.09375,0.0,1,1,4.106374222935114e-13,4.106374222935114e-13,0.6183258672012687,0.17235255400227634,0.13343865105526045,0.03288200526375405,2.809355857344544
715,5.09375,0.0,1,1,1.7257959951886442e-13,1.7257959951886442e-13,0.6193101637869295,0.17333734581635526,0.13343865105525973,0.03288200526375437,2.809355857344544
716,5.09375,0.0,1,1,7.254601059591575e-14,7.254601059591575e-14,0.6202803972377422,0.17429529141431344,0.13343865105526032,0.03288200526375451,2.809355857344544
717,5.09375,0.0,1,1,3.050175529109277e-14,3.050175529109277e-14,0.6212413274510543,0.17522834113175076,0.13343865105526045,0.032882005263754566,2.809355857344544
718,5.09375,0.0,1,1,1.2826904882621966e-14,1.2826904882621966e-14,0.6221860173379385,0.17613668820158884,0.1334386510552602,0.0328820052637546,2.809355857344544
719,5.09375,0.0,1,1,5.395120897302136e-15,5.395120897302136e-15,0.6231204561970204,0.17702135265336294,0.133438651055261,0.03288200526375461,2.809355857344544
720,5.09375,0.0,1,1,0.08000000000000225,0.08000000000000225,0.9959100204498871,0.9999999999999759,0.13419071820072398,0.03282199036107477,1.917987530927589
721,5.09375,0.0,1,1,0.04641925969928799,0.04641925969928799,0.9827085932717207,0.6583306069514544,0.13465704095575345,0.032787232878653164,1.917987530927589
722,5.09375,0.0,1,1,0.021058347205836395,0.021058347205836395,0.9440582745090418,0.4706380596818842,0.13478596503704376,0.0327718765492083,1.917987530927589
723,5.09375,0.0,1,1,0.009124122735642214,0.009124122735642214,0.8746153233606195,0.36522755200668855,0.1348220542385701,0.032765248970180995,1.917987530927589
724,5.09375,0.0,1,1,0.003754500944071816,0.003754500944071816,0.8108134520333932,0.30221376668786215,0.13483166017172935,0.032762540488583285,1.917987530927589
725,5.09375,0.0,1,1,0.0014967127635018497,0.0014967127635018497,0.7585735278331075,0.2599241836171547,0.1348340422979494,0.03276147031117331,1.917987530927589
726,5.09375,0.0,1,1,0.0005848827778617671,0.0005848827778617671,0.7159840597510476,0.22924365125191362,0.13483455864827068,0.0327610560667781,1.917987530927589
727,5.09375,0.0,1,1,0.00022594854254823722,0.00022594854254823722,0.6798004379916985,0.20525643971991972,0.13483463309663016,0.03276089752639183,1.917987530927589
728,5.09375,0.0,1,1,8.666697080704795e-05,8.666697080704795e-05,0.6488657427417387,0.18569993788178873,0.134834623249619,0.0327608373113675,1.917987530927589
729,5.09375,0.0,1,1,3.31241539647832e-05,3.31241539647832e-05,0.6216318943387347,0.1691292558001303,0.1348346070295343,0.03276081454513817,1.917987530927589
730,5.09375,0.0,1,1,1.2634577416182154e-05,1.2634577416182154e-05,0.5986245489556147,0.15480724993837847,0.13483459698077585,0.03276080594944656,2.200126195909129
731,5.09375,0.0,1,1,4.815737307682147e-06,4.815737307682147e-06,0.5789615493927702,0.14221164149975435,0.13483459189205965,0.0327608027067265,2.200126195909129
732,5.09375,0.0,1,1,1.8351089584516612e-06,1.8351089584516612e-06,0.562533950726313,0.1310445347697572,0.13483458951100227,0.032760801486006505,2.200126195909129
733,5.09375,0.0,1,1,6.995261917286729e-07,6.995261917286729e-07,0.5491908257731204,0.12105573327137693,0.13483458845095156,0.032760801027108565,2.200126195909129
734,5.09375,0.0,1,1,2.6706898495986164e-07,2.6706898495986164e-07,0.5376688968031671,0.1119687336247863,0.13483458798949158,0.032760800854919704,2.200126195909129
735,5.09375,0.0,1,1,1.0218921102124414e-07,1.0218921102124414e-07,0.5274074835278085,0.10362654695398961,0.1348345877909274,0.032760800790224906,2.200126195909129
736,5.09375,0.0,1,1,3.9185510992538014e-08,3.9185510992538014e-08,0.5187345486530016,0.09597073769293946,0.13483458770683135,0.03276080076588747,2.200126195909129
737,5.09375,0.0,1,1,1.5067134018425026e-08,1.5067134018425026e-08,0.5109124365612976,0.08889256504092204,0.13483458767167236,0.03276080075671435,2.200126195909129
738,5.09375,0.0,1,1,5.807394660097435e-09,5.807394660097435e-09,0.5043718672987212,0.08240403351991121,0.13483458765711973,0.03276080075325157,2.200126195909129
739,5.09375,0.0,1,1,2.2432736557312443e-09,2.2432736557312443e-09,0.49937840811806633,0.07698506030061315,0.1348345876511348,0.032760800751942806,2.200126195909129
740,5.09375,0.0,1,1,8.688765396154275e-10,8.688765396154275e-10,0.49513046846858444,0.07212048207009887,0.1348345876486832,0.03276080075144871,2.9577101939551347
741,5.09375,0.0,1,1,3.3736093599102947e-10,3.3736093599102947e-10,0.4919231019152068,0.06770625252804184,0.13483458764768327,0.032760800751262475,2.9577101939551347
742,5.09375,0.0,1,1,1.3135760923674828e-10,1.3135760923674828e-10,0.48916190743963733,0.06358474925137496,0.13483458764727443,0.03276080075119214,2.9577101939551347
743,5.09375,0.0,1,1,5.1258526371284524e-11,5.1258526371284524e-11,0.48774684093070436,0.060113935971598025,0.13483458764710868,0.03276080075116557,2.9577101939551347
744,5.09375,0.0,1,1,2.0050064947821864e-11,2.0050064947821864e-11,0.48733033287895006,0.057137472119931976,0.1348345876470408,0.032760800751155505,2.9577101939551347
745,5.09375,0.0,1,1,7.86162929561567e-12,7.86162929561567e-12,0.48781733384593134,0.0556381973352154,0.13483458764701406,0.032760800751151675,2.9577101939551347
746,5.09375,0.0,1,1,3.090920040314621e-12,3.090920040314621e-12,0.4886697592325748,0.055499255025333746,0.13483458764700254,0.03276080075115024,2.9577101939551347
747,5.09375,0.0,1,1,1.2186785949267252e-12,1.2186785949267252e-12,0.48965529830769333,0.056724465476074765,0.13483458764699882,0.032760800751149684,2.9577101939551347
748,5.09375,0.0,1,1,4.818505460051612e-13,4.818505460051612e-13,0.49068204968312373,0.05918416028871531,0.13483458764699685,0.03276080075114947,2.9577101939551347
749,5.09375,0.0,1,1,1.909534371773811e-13,1.909534371773811e-13,0.492407529051638,0.06228122988196944,0.1348345876469951,0.03276080075114939,2.9577101939551347
750,5.09375,0.0,1,1,7.58527285563598e-14,7.58527285563598e-14,0.4945509654601987,0.06528917172702417,0.1348345876469959,0.032760800751149365,2.143932073185869
751,5.09375,0.0,1,1,3.020893020012509e-14,3.020893020012509e-14,0.4966487965285687,0.06827358135261619,0.13483458764699488,0.03276080075114935,2.143932073185869
752,5.09375,0.0,1,1,1.2059117000699198e-14,1.2059117000699198e-14,0.4989017254474569,0.07126821274158116,0.13483458764699474,0.032760800751149344,2.143932073185869
753,5.09375,0.0,1,1,4.825446446108402e-15,4.825446446108402e-15,0.5010572731333628,0.07412666744126446,0.1348345876469952,0.032760800751149344,2.143932073185869
754,5.09375,0.0,1,1,1.9351712532566955e-15,1.9351712532566955e-15,0.5032223692835297,0.07684688324697225,0.13483458764699544,0.03276080075114935,2.143932073185869
755,5.09375,0.0,1,1,7.777187335359063e-16,7.777187335359063e-16,0.5053452881885666,0.0794635524235827,0.13483458764699532,0.03276080075114935,2.143932073185869
756,5.09375,0.0,1,1,3.13069641371523e-16,3.13069641371523e-16,0.5079976440854572,0.08201832604254994,0.1348345876469952,0.03276080075114935,2.143932073185869
757,5.09375,0.0,1,1,1.2623942778718936e-16,1.2623942778718936e-16,0.5109259891766389,0.08445191154515073,0.134834587646995,0.032760800751149344,2.143932073185869
758,5.09375,0.0,1,1,5.098767788779922e-17,5.098767788779922e-17,0.5140351672545825,0.08675909125406243,0.13483458764699616,0.03276080075114935,2.143932073185869
759,5.09375,0.0,1,1,2.0628275817579776e-17,2.0628275817579776e-17,0.5171142697008574,0.08892915424741035,0.1348345876469951,0.03276080075114935,2.143932073185869
760,5.09375,0.0,1,1,0.08,0.08,0.9959100204498977,1.0,0.13503417436907078,0.0326988007056471,2.1507857523644844
761,5.09375,0.0,1,1,0.0447589131852223,0.0447589131852223,0.9860533673751666,0.7189077756958244,0.13536771338069165,0.032664180206893066,2.1507857523644844
762,5.09375,0.0,1,1,0.02040746700441219,0.02040746700441219,0.9548590462314093,0.4872477027263544,0.13544725119069925,0.03264899245977877,2.1507857523644844
763,5.09375,0.0,1,1,0.008890260543059358,0.008890260543059358,0.8947650576304894,0.3678989205186251,0.13546715208676438,0.032642629541548625,2.1507857523644844
764,5.09375,0.0,1,1,0.003669776901027686,0.003669776901027686,0.8328699940829056,0.30031754555136836,0.13547159751966004,0.03264007994473193,2.1507857523644844
765,5.09375,0.0,1,1,0.0014669566408316002,0.0014669566408316002,0.7809118573826688,0.2562925597466147,0.13547232561331424,0.03263908461444269,2.1507857523644844
766,5.09375,0.0,1,1,0.0005762685313373556,0.0005762685313373556,0.7369689878147626,0.22492643503887944,0.13547229443231132,0.03263870084510132,2.1507857523644844
767,5.09375,0.0,1,1,0.00022422262273908718,0.00022422262273908718,0.6997248601071226,0.20083501769288756,0.13547218129789887,0.03263855368249924,2.1507857523644844
768,5.09375,0.0,1,1,8.680606413552336e-05,8.680606413552336e-05,0.6683228856458175,0.18153324935473886,0.13547210493423248,0.032638497351879785,2.1507857523644844
769,5.09375,0.0,1,1,3.368759171661057e-05,3.368759171661057e-05,0.6409984706526661,0.16486708169072303,0.13547206204873383,0.032638475664919814,2.1507857523644844
770,5.09375,0.0,1,1,1.3079774956415343e-05,1.3079774956415343e-05,0.6189980421061222,0.151805692756027,0.1354720406166846,0.03263846729504796,2.3394322303622124
771,5.09375,0.0,1,1,5.080317254855604e-06,5.080317254855604e-06,0.6013339282203563,0.14167428613495306,0.13547203065964147,0.03263846406006599,2.3394322303622124
772,5.09375,0.0,1,1,1.9748121518754855e-06,1.9748121518754855e-06,0.5884983409311657,0.13346322956946532,0.13547202621789184,0.032638462808097346,2.3394322303622124
773,5.09375,0.0,1,1,7.69846531047312e-07,7.69846531047312e-07,0.5781853731685652,0.131350702725007,0.1354720242675494,0.03263846232194144,2.3394322303622124
774,5.09375,0.0,1,1,3.0115399867766555e-07,3.0115399867766555e-07,0.5698447073009859,0.1307508517000688,0.1354720234206128,0.032638462132446484,2.3394322303622124
775,5.09375,0.0,1,1,1.1816350280609009e-07,1.1816350280609009e-07,0.5639694257740608,0.1309122837512562,0.1354720230575426,0.0326384620583636,2.3394322303622124
776,5.09375,0.0,1,1,4.650398081802523e-08,4.650398081802523e-08,0.5600953445188042,0.13174306037327455,0.13547202290323887,0.03263846202931839,2.3394322303622124
777,5.09375,0.0,1,1,1.8358898598295654e-08,1.8358898598295654e-08,0.5577898208354697,0.1336479525154341,0.1354720228380318,0.03263846201789805,2.3394322303622124
778,5.09375,0.0,1,1,7.270814778915809e-09,7.270814778915809e-09,0.5572378695304887,0.13643838767923544,0.13547202281061932,0.03263846201339446,2.3394322303622124
779,5.09375,0.0,1,1,2.8942572374641856e-09,2.8942572374641856e-09,0.5566470103300897,0.13917854542737634,0.13547202279926504,0.03263846201160885,2.3394322303622124
780,5.09375,0.0,1,1,1.1555187582745546e-09,1.1555187582745546e-09,0.5577924440855443,0.14206523033215704,0.13547202279458168,0.03263846201089895,2.136173932956364
781,5.09375,0.0,1,1,4.624359677344993e-10,4.624359677344993e-10,0.5601546963656965,0.14511787743654364,0.13547202279265377,0.03263846201061613,2.136173932956364
782,5.09375,0.0,1,1,1.8560341909236224e-10,1.8560341909236224e-10,0.5625102282532102,0.1482040103876991,0.13547202279186263,0.03263846201050315,2.136173932956364
783,5.09375,0.0,1,1,7.467245451152081e-11,7.467245451152081e-11,0.565410523258834,0.15134291782279466,0.13547202279153692,0.032638462010457905,2.136173932956364
784,5.09375,0.0,1,1,3.010896792205344e-11,3.010896792205344e-11,0.5688964146205925,0.1545132241258631,0.13547202279140438,0.03263846201043976,2.136173932956364
785,5.09375,0.0,1,1,1.2168580908445763e-11,1.2168580908445763e-11,0.5725601396165008,0.15765269464726772,0.13547202279134976,0.032638462010432454,2.136173932956364
786,5.09375,0.0,1,1,4.9284833886401085e-12,4.9284833886401085e-12,0.5764926397568403,0.1607474067765019,0.13547202279132767,0.03263846201042951,2.136173932956364
787,5.09375,0.0,1,1,2.000191019536707e-12,2.000191019536707e-12,0.5806848356246287,0.1641548672229955,0.13547202279131826,0.03263846201042833,2.136173932956364
788,5.09375,0.0,1,1,8.133045541640952e-13,8.133045541640952e-13,0.5851522866406191,0.16778191580352222,0.13547202279131465,0.03263846201042784,2.136173932956364
789,5.09375,0.0,1,1,3.314842224159562e-13,3.314842224159562e-13,0.5889630381161848,0.1711522507556507,0.13547202279131268,0.03263846201042765,2.136173932956364
790,5.09375,0.0,1,1,1.3542112303477556e-13,1.3542112303477556e-13,0.5919624563042611,0.17424318734639307,0.13547202279131232,0.032638462010427575,2.0246318580648257
791,5.09375,0.0,1,1,5.541473233415033e-14,5.541473233415033e-14,0.595039650488865,0.17715051910990628,0.1354720227913121,0.03263846201042754,2.0246318580648257
792,5.09375,0.0,1,1,2.2711211229762998e-14,2.2711211229762998e-14,0.5981371634039002,0.1798720066660972,0.1354720227913122,0.03263846201042753,2.0246318580648257
793,5.09375,0.0,1,1,9.321932134116952e-15,9.321932134116952e-15,0.6011499276365709,0.1824019407290525,0.1354720227913114,0.03263846201042752,2.0246318580648257
794,5.09375,0.0,1,1,3.831531969885161e-15,3.831531969885161e-15,0.6040874526680712,0.18478152797378922,0.13547202279131115,0.03263846201042752,2.0246318580648257
795,5.09375,0.0,1,1,1.576894929641659e-15,1.576894929641659e-15,0.6069236139705134,0.18704740682613183,0.13547202279131115,0.03263846201042753,2.0246318580648257
796,5.09375,0.0,1,1,6.497960064230046e-16,6.497960064230046e-16,0.6095598362945623,0.18911717497396488,0.13547202279131162,0.03263846201042752,2.0246318580648257
797,5.09375,0.0,1,1,2.6811373889552176e-16,2.6811373889552176e-16,0.6117570841308853,0.19097152095824851,0.1354720227913121,0.03263846201042752,2.0246318580648257
798,5.09375,0.0,1,1,1.1073416149567663e-16,1.1073416149567663e-16,0.6139339838170882,0.19266739153220463,0.1354720227913114,0.03263846201042752,2.0246318580648257
799,5.09375,0.0,1,1,4.5776478212818197e-17,4.5776478212818197e-17,0.6160475605968599,0.19420879046382725,0.13547202279131174,0.03263846201042752,2.0246318580648257
800,5.09375,0.0,1,1,1.8941039353054096e-17,1.8941039353054096e-17,0.617972069875043,0.19558936347750364,0.13547202279131174,0.03263846201042751,1.9313277735545127
801,5.09375,0.0,1,1,7.788730755037785e-18,7.788730755037785e-18,0.6199189879849865,0.19684396720106287,0.13547202279131093,0.03263846201042752,1.9313277735545127
802,5.09375,0.0,1,1,3.2811431586410266e-18,3.2811431586410266e-18,0.6217057215161734,0.1979586762525274,0.13547202279131162,0.03263846201042752,1.9313277735545127
803,5.09375,0.0,1,1,1.3653785566237264e-18,1.3653785566237264e-18,0.6234208564119705,0.19895095796147405,0.1354720227913115,0.03263846201042752,1.9313277735545127
804,5.09375,0.0,1,1,5.669459537170735e-19,5.669459537170735e-19,0.6250307812222247,0.19982478947755727,0.1354720227913115,0.03263846201042751,1.9313277735545127
805,5.09375,0.0,1,1,2.3540799205112543e-19,2.3540799205112543e-19,0.626604949492561,0.20059436257881022,0.13547202279131174,0.03263846201042751,1.9313277735545127
806,5.09375,0.0,1,1,9.778281016147186e-20,9.778281016147186e-20,0.6281831571812115,0.20127059643186815,0.1354720227913115,0.03263846201042752,1.9313277735545127
807,5.09375,0.0,1,1,4.063653690551383e-20,4.063653690551383e-20,0.6296601012976293,0.2018468697557135,0.13547202279131196,0.03263846201042752,1.9313277735545127
808,5.09375,0.0,1,1,1.6895337801208466e-20,1.6895337801208466e-20,0.6310672351326477,0.20233341253541798,0.1354720227913114,0.03263846201042753,1.9313277735545127
809,5.09375,0.0,1,1,7.027730823239523e-21,7.027730823239523e-21,0.6323573922342388,0.20272890996927412,0.13547202279131046,0.03263846201042752,1.9313277735545127
810,5.09375,0.0,1,1,2.9246554547325235e-21,2.9246554547325235e-21,0.6334282236215605,0.20302634054525345,0.1354720227913115,0.03263846201042751,2.112246579424758
811,5.09375,0.0,1,1,1.2175697339688521e-21,1.2175697339688521e-21,0.6344339625459895,0.20324917751955016,0.13547202279131185,0.03263846201042751,2.112246579424758
812,5.09375,0.0,1,1,5.070360916944112e-22,5.070360916944112e-22,0.6354664590596036,0.20341261262072324,0.13547202279131104,0.03263846201042752,2.112246579424758
813,5.09375,0.0,1,1,2.112156226124419e-22,2.112156226124419e-22,0.6364337806871084,0.20350860851515926,0.13547202279131196,0.03263846201042752,2.112246579424758
814,5.09375,0.0,1,1,8.801085324350647e-23,8.801085324350647e-23,0.6373755058038473,0.2035457719219334,0.1354720227913115,0.03263846201042752,2.112246579424758
815,5.09375,0.0,1,1,3.668512568429513e-23,3.668512568429513e-23,0.6381872784518763,0.20355737396069926,0.13547202279131115,0.03263846201042753,2.112246579424758
816,5.09375,0.0,1,1,1.529659388453388e-23,1.529659388453388e-23,0.6388148091693459,0.20363094308039434,0.13547202279131115,0.03263846201042752,2.112246579424758
817,5.09375,0.0,1,1,6.379740165742206e-24,6.379740165742206e-24,0.6394088126556441,0.20365562805656176,0.1354720227913121,0.03263846201042752,2.112246579424758
818,5.09375,0.0,1,1,2.6613569855235706e-24,2.6613569855235706e-24,0.6399902903866923,0.2036368777112045,0.13547202279131196,0.03263846201042752,2.112246579424758
819,5.09375,0.0,1,1,1.1104033808119393e-24,1.1104033808119393e-24,0.6405914030751727,0.20373634075311986,0.13547202279131185,0.03263846201042752,2.112246579424758
820,5.09375,0.0,1,1,4.633811074333015e-25,4.633811074333015e-25,0.6411791757350718,0.20383597372442558,0.13547202279131162,0.03263846201042752,2.068921449480446
821,5.09375,0.0,1,1,1.93403349660803e-25,1.93403349660803e-25,0.6417799440979233,0.2039048352169481,0.13547202279131162,0.03263846201042752,2.068921449480446
822,5.09375,0.0,1,1,8.073600614653637e-26,8.073600614653637e-26,0.6423412806369925,0.20393855727473223,0.13547202279131082,0.03263846201042752,2.068921449480446
823,5.09375,0.0,1,1,3.370983637043149e-26,3.370983637043149e-26,0.6428187069689053,0.20393324124827414,0.1354720227913114,0.03263846201042751,2.068921449480446
824,5.09375,0.0,1,1,1.4076689639218455e-26,1.4076689639218455e-26,0.6433174756363501,0.20390384249841256,0.13547202279131046,0.03263846201042752,2.068921449480446
825,5.09375,0.0,1,1,5.879040582869533e-27,5.879040582869533e-27,0.6437941257890719,0.20384695458157126,0.1354720227913115,0.03263846201042751,2.068921449480446
826,5.09375,0.0,1,1,2.4556787048598206e-27,2.4556787048598206e-27,0.644247860908217,0.20376406025636973,0.13547202279131068,0.03263846201042752,2.068921449480446
827,5.09375,0.0,1,1,1.025847538583258e-27,1.025847538583258e-27,0.6447179404023476,0.2036613883165308,0.1354720227913115,0.03263846201042751,2.068921449480446
828,5.09375,0.0,1,1,4.285858345065847e-28,4.285858345065847e-28,0.645205845586533,0.2035402419409844,0.1354720227913115,0.03263846201042752,2.068921449480446
829,5.09375,0.0,1,1,1.7907692479161501e-28,1.7907692479161501e-28,0.6456899464576982,0.20339931148890378,0.13547202279131232,0.03263846201042752,2.068921449480446
830,5.09375,0.0,1,1,7.483160584023936e-29,7.483160584023936e-29,0.6461762462543131,0.20324024840539226,0.13547202279131162,0.03263846201042752,2.1214073208418576
831,5.09375,0.0,1,1,3.127388080621249e-29,3.127388080621249e-29,0.6466262632109732,0.2030596292303208,0.1354720227913114,0.03263846201042752,2.1214073208418576
832,5.09375,0.0,1,1,1.3071519620012017e-29,1.3071519620012017e-29,0.6470491530489141,0.20285934347348902,0.13547202279131126,0.03263846201042751,2.1214073208418576
833,5.09375,0.0,1,1,5.464238200644424e-30,5.464238200644424e-30,0.6473979316359276,0.2026341242755251,0.13547202279131162,0.03263846201042751,2.1214073208418576
834,5.09375,0.0,1,1,2.284389687061321e-30,2.284389687061321e-30,0.6477504981400745,0.20239451913004727,0.13547202279131104,0.03263846201042752,2.1214073208418576
835,5.09375,0.0,1,1,9.550938694592123e-31,9.550938694592123e-31,0.6481062019736638,0.202141491947621,0.1354720227913114,0.03263846201042752,2.1214073208418576
836,5.09375,0.0,1,1,3.993460151774063e-31,3.993460151774063e-31,0.6484929819556275,0.2018788597624465,0.13547202279131196,0.03263846201042752,2.1214073208418576
837,5.09375,0.0,1,1,1.6698599383447187e-31,1.6698599383447187e-31,0.6489066455241952,0.20160678692603123,0.13547202279131068,0.03263846201042752,2.1214073208418576
838,5.09375,0.0,1,1,6.98300940349901e-32,6.98300940349901e-32,0.6493272601265455,0.2013233348348283,0.13547202279131243,0.03263846201042752,2.1214073208418576
839,5.09375,0.0,1,1,2.920328403276286e-32,2.920328403276286e-32,0.6497727741538057,0.2010388646666141,0.13547202279131162,0.03263846201042753,2.1214073208418576
840,5.09375,0.0,1,1,1.2213970222976787e-32,1.2213970222976787e-32,0.6502029338779041,0.20083566920527235,0.13547202279131174,0.03263846201042752,1.9812101676506995
841,5.09375,0.0,1,1,5.073734320565044e-33,5.073734320565044e-33,0.6505328136878653,0.20060995295741735,0.13547202279131243,0.03263846201042752,1.9812101676506995
842,5.09375,0.0,1,1,2.1577327960636892e-33,2.1577327960636892e-33,0.650829402545635,0.2003701032709091,0.13547202279131174,0.03263846201042751,1.9812101676506995
843,5.09375,0.0,1,1,9.059386373640211e-34,9.059386373640211e-34,0.6510414809916478,0.2001104828620509,0.13547202279131162,0.03263846201042752,1.9812101676506995
844,5.09375,0.0,1,1,3.793433382929857e-34,3.793433382929857e-34,0.651182106484887,0.1998333422307576,0.13547202279131126,0.03263846201042752,1.9812101676506995
845,5.09375,0.0,1,1,1.5875828217840711e-34,1.5875828217840711e-34,0.651358260814866,0.19955191060169464,0.13547202279131057,0.03263846201042751,1.9812101676506995
846,5.09375,0.0,1,1,6.643796152001414e-35,6.643796152001414e-35,0.6515400793783211,0.19937872487668423,0.13547202279131057,0.03263846201042752,1.9812101676506995
847,5.09375,0.0,1,1,2.780374482685587e-35,2.780374482685587e-35,0.6517601309462819,0.19927848932976902,0.1354720227913115,0.03263846201042751,1.9812101676506995
848,5.09375,0.0,1,1,1.1636279485061487e-35,1.1636279485061487e-35,0.6519817567949546,0.19919191462804867,0.13547202279131185,0.03263846201042752,1.9812101676506995
849,5.09375,0.0,1,1,4.8702327816491544e-36,4.8702327816491544e-36,0.6522052571092201,0.19910112942627634,0.13547202279131126,0.03263846201042752,1.9812101676506995
850,5.09375,0.0,1,1,2.038488571471081e-36,2.038488571471081e-36,0.6524370189815997,0.19900718518091642,0.13547202279131254,0.03263846201042752,2.059063789312157
851,5.09375,0.0,1,1,8.532733115243286e-37,8.532733115243286e-37,0.6526825061262719,0.19891097469789376,0.13547202279131126,0.03263846201042752,2.059063789312157
852,5.09375,0.0,1,1,3.5718758560862026e-37,3.5718758560862026e-37,0.652911016469032,0.19880939930650998,0.13547202279131115,0.03263846201042752,2.059063789312157
853,5.09375,0.0,1,1,1.4953021578058188e-37,1.4953021578058188e-37,0.6531364694269275,0.19870434599457903,0.1354720227913114,0.03263846201042752,2.059063789312157
854,5.09375,0.0,1,1,6.260025604975839e-38,6.260025604975839e-38,0.6533945730822804,0.1986004214514352,0.13547202279131126,0.03263846201042751,2.059063789312157
855,5.09375,0.0,1,1,2.620885238342471e-38,2.620885238342471e-38,0.6536475217708583,0.19849305074860504,0.1354720227913115,0.03263846201042752,2.059063789312157
856,5.09375,0.0,1,1,1.097346156075932e-38,1.097346156075932e-38,0.6538954975362227,0.19838278295306805,0.13547202279131185,0.03263846201042752,2.059063789312157
857,5.09375,0.0,1,1,4.5948527678399555e-39,4.5948527678399555e-39,0.6541043811305081,0.19826579865297755,0.13547202279131082,0.03263846201042751,2.059063789312157
858,5.09375,0.0,1,1,1.9241152365899072e-39,1.9241152365899072e-39,0.6542775356282821,0.19814255246922843,0.13547202279131162,0.03263846201042752,2.059063789312157
859,5.09375,0.0,1,1,8.057756203006538e-40,8.057756203006538e-40,0.654445577373976,0.19801676809507332,0.13547202279131174,0.03263846201042752,2.059063789312157
860,5.09375,0.0,1,1,3.374733087709248e-40,3.374733087709248e-40,0.6545364630738987,0.19788001281168083,0.13547202279131162,0.03263846201042752,2.6206015908871643
861,5.09375,0.0,1,1,1.4134756918217613e-40,1.4134756918217613e-40,0.6546194458510083,0.19774088234958956,0.13547202279131232,0.03263846201042752,2.6206015908871643
862,5.09375,0.0,1,1,5.920609059207532e-41,5.920609059207532e-41,0.6546745661820256,0.19759694921818885,0.13547202279131232,0.03263846201042753,2.6206015908871643
863,5.09375,0.0,1,1,2.4800643543501953e-41,2.4800643543501953e-41,0.6547408449648117,0.1974531213448938,0.1354720227913115,0.03263846201042752,2.6206015908871643
864,5.09375,0.0,1,1,1.0389212169235991e-41,1.0389212169235991e-41,0.6547998044324943,0.1973073947076833,0.13547202279131126,0.03263846201042752,2.6206015908871643
865,5.09375,0.0,1,1,4.352268325887178e-42,4.352268325887178e-42,0.6548887493913018,0.19716425936632764,0.13547202279131104,0.03263846201042752,2.6206015908871643
866,5.09375,0.0,1,1,1.8234112986218953e-42,1.8234112986218953e-42,0.6549212124542959,0.19701355219789798,0.13547202279131254,0.03263846201042752,2.6206015908871643
867,5.09375,0.0,1,1,7.639718363921447e-43,7.639718363921447e-43,0.6549406190642018,0.19686089309582835,0.13547202279131104,0.03263846201042752,2.6206015908871643
868,5.09375,0.0,1,1,3.2010937857409863e-43,3.2010937857409863e-43,0.654929580830881,0.1967042660640982,0.1354720227913115,0.03263846201042753,2.6206015908871643
869,5.09375,0.0,1,1,1.3413425007064436e-43,1.3413425007064436e-43,0.654920274064995,0.19654741630559425,0.1354720227913114,0.03263846201042751,2.6206015908871643
870,5.09375,0.0,1,1,5.620762850482839e-44,5.620762850482839e-44,0.6549350957512687,0.19639310050484224,0.1354720227913114,0.03263846201042753,2.7049987566005482
871,5.09375,0.0,1,1,2.3554418945170206e-44,2.3554418945170206e-44,0.6549464697510069,0.1963000698922609,0.13547202279131162,0.03263846201042752,2.7049987566005482
872,5.09375,0.0,1,1,9.871144604209505e-45,9.871144604209505e-45,0.6549652641709229,0.1963553972888893,0.1354720227913115,0.03263846201042752,2.7049987566005482
873,5.09375,0.0,1,1,4.136911097853668e-45,4.136911097853668e-45,0.6550081624983624,0.1964145307331826,0.13547202279131093,0.03263846201042751,2.7049987566005482
874,5.09375,0.0,1,1,1.733854680803642e-45,1.733854680803642e-45,0.6550212943204734,0.19647104631481327,0.13547202279131126,0.03263846201042752,2.7049987566005482
875,5.09375,0.0,1,1,7.267115176512786e-46,7.267115176512786e-46,0.6550619149537015,0.1965317562572287,0.1354720227913122,0.03263846201042752,2.7049987566005482
876,5.09375,0.0,1,1,3.0459883444685025e-46,3.0459883444685025e-46,0.6551166575943639,0.1965948798596205,0.13547202279131162,0.03263846201042752,2.7049987566005482
877,5.09375,0.0,1,1,1.2767573564747527e-46,1.2767573564747527e-46,0.655195190553635,0.196661762527706,0.1354720227913115,0.03263846201042753,2.7049987566005482
878,5.09375,0.0,1,1,5.351843175522843e-47,5.351843175522843e-47,0.6552939158846899,0.1967320066147009,0.1354720227913122,0.03263846201042752,2.7049987566005482
879,5.09375,0.0,1,1,2.243457234274374e-47,2.243457234274374e-47,0.6553942870147169,0.19680358637693515,0.13547202279131093,0.03263846201042751,2.7049987566005482
880,5.09375,0.0,1,1,0.1,0.1,0.9948875255623721,1.0,0.13645612216653916,0.03255179776891865,2.5290798946558843
881,5.09375,0.0,1,1,0.05543082198424388,0.05543082198424388,0.9792335486644356,0.6146841289464693,0.1369146380734358,0.03250390921955745,2.5290798946558843
882,5.09375,0.0,1,1,0.023394289287301508,0.023394289287301508,0.9317372091748879,0.39568449614289053,0.13701734357480008,0.032484425156827,2.5290798946558843
883,5.09375,0.0,1,1,0.009286747891812178,0.009286747891812178,0.8504393223794235,0.2988946491048381,0.13704126838710087,0.032477004396658134,2.5290798946558843
884,5.09375,0.0,1,1,0.0035493282523933927,0.0035493282523933927,0.7794296517396587,0.24343224904433938,0.13704614232391674,0.0324742607183063,2.5290798946558843
885,5.09375,0.0,1,1,0.0013402543723129825,0.0013402543723129825,0.7211149599826739,0.20485501759056976,0.13704682358093973,0.03247325086865348,2.5290798946558843
886,5.09375,0.0,1,1,0.0005032981582086037,0.0005032981582086037,0.6773958563616125,0.17640841815452057,0.1370467580001572,0.03247287968197249,2.5290798946558843
887,5.09375,0.0,1,1,0.00019004345491388752,0.00019004345491388752,0.6432516010738667,0.1556061408819255,0.1370466262209099,0.03247274195161568,2.5290798946558843
888,5.09375,0.0,1,1,7.255624403373964e-05,7.255624403373964e-05,0.616049461384893,0.13869240402605543,0.13704653657360064,0.03247269008823091,2.5290798946558843
889,5.09375,0.0,1,1,2.7832956237737028e-05,2.7832956237737028e-05,0.5949524429069091,0.12563507890723324,0.13704648925390603,0.0324726704323841,2.5290798946558843
890,5.09375,0.0,1,1,1.0718452440967395e-05,1.0718452440967395e-05,0.5789924435044153,0.11558275579931325,0.13704646695804143,0.03247266294726998,2.0109982674032554
891,5.09375,0.0,1,1,4.139233105250521e-06,4.139233105250521e-06,0.5681612660454858,0.10922672737777635,0.1370464570458603,0.03247266008809689,2.0109982674032554
892,5.09375,0.0,1,1,1.6043694686550432e-06,1.6043694686550432e-06,0.5604829799211924,0.10677231759300838,0.1370464527761399,0.03247265899160856,2.0109982674032554
893,5.09375,0.0,1,1,6.247279518714419e-07,6.247279518714419e-07,0.5541346750378998,0.10948692719337133,0.13704645095839826,0.03247265856896095,2.0109982674032554
894,5.09375,0.0,1,1,2.4421768201621005e-07,2.4421768201621005e-07,0.5498064369631191,0.11299531400163114,0.13704645019477377,0.03247265840536207,2.0109982674032554
895,5.09375,0.0,1,1,9.590211256023666e-08,9.590211256023666e-08,0.5466283419132677,0.11685210062751643,0.13704644987593403,0.03247265834171567,2.0109982674032554
896,5.09375,0.0,1,1,3.783720399204757e-08,3.783720399204757e-08,0.5452565309183921,0.12111033262739054,0.13704644974430025,0.03247265831682174,2.0109982674032554
897,5.09375,0.0,1,1,1.5006884683565643e-08,1.5006884683565643e-08,0.5447696421290735,0.12597910887823938,0.13704644969066423,0.03247265830702449,2.0109982674032554
898,5.09375,0.0,1,1,5.973381652358669e-09,5.973381652358669e-09,0.5461422653573363,0.13143992454051934,0.13704644966884405,0.03247265830315296,2.0109982674032554
899,5.09375,0.0,1,1,2.385842538626712e-09,2.385842538626712e-09,0.5488127946768491,0.13712459165936786,0.1370464496599752,0.03247265830161706,2.0109982674032554
900,5.09375,0.0,1,1,9.56337626446693e-10,9.56337626446693e-10,0.5522137490157073,0.1430667816460533,0.13704644965636814,0.03247265830100521,2.3579545355990845
901,5.09375,0.0,1,1,3.847369450505766e-10,3.847369450505766e-10,0.5558959619567363,0.1487405993937202,0.13704644965489637,0.032472658300760404,2.3579545355990845
902,5.09375,0.0,1,1,1.5532040377254636e-10,1.5532040377254636e-10,0.559761233487248,0.15412452363393697,0.13704644965429422,0.032472658300662045,2.3579545355990845
903,5.09375,0.0,1,1,6.289843262567246e-11,6.289843262567246e-11,0.5639832834587647,0.1592353967605823,0.13704644965404814,0.032472658300622376,2.3579545355990845
904,5.09375,0.0,1,1,2.5547130656631246e-11,2.5547130656631246e-11,0.5683841212293639,0.16405691147527637,0.137046449653947,0.03247265830060631,2.3579545355990845
905,5.09375,0.0,1,1,1.0405561687040288e-11,1.0405561687040288e-11,0.5728092401562848,0.16958421442870314,0.13704644965390597,0.0324726583005998,2.3579545355990845
906,5.09375,0.0,1,1,4.248618552047052e-12,4.248618552047052e-12,0.5774660634788927,0.17484567036500862,0.13704644965388887,0.032472658300597146,2.3579545355990845
907,5.09375,0.0,1,1,1.7386247074007692e-12,1.7386247074007692e-12,0.5822928791370048,0.17980691755235328,0.1370464496538818,0.03247265830059606,2.3579545355990845
908,5.09375,0.0,1,1,7.131569447525707e-13,7.131569447525707e-13,0.5867938951894432,0.18442452241398594,0.1370464496538784,0.03247265830059561,2.3579545355990845
909,5.09375,0.0,1,1,2.9313533258429e-13,2.9313533258429e-13,0.5910960363862963,0.18872476820113218,0.13704644965387713,0.032472658300595425,2.3579545355990845
910,5.09375,0.0,1,1,1.2070554672310126e-13,1.2070554672310126e-13,0.5953730306787545,0.1927442173190874,0.1370464496538769,0.03247265830059536,2.283509106260767
911,5.09375,0.0,1,1,4.9785740002553504e-14,4.9785740002553504e-14,0.5995745393928835,0.1964930238142019,0.13704644965387633,0.03247265830059533,2.283509106260767
912,5.09375,0.0,1,1,2.056558650363921e-14,2.056558650363921e-14,0.6036889989731824,0.19998530340029977,0.13704644965387655,0.032472658300595314,2.283509106260767
913,5.09375,0.0,1,1,8.506834091120738e-15,8.506834091120738e-15,0.6077699972160898,0.20324112564572094,0.13704644965387622,0.03247265830059531,2.283509106260767
914,5.09375,0.0,1,1,3.523245087443712e-15,3.523245087443712e-15,0.6117823081709882,0.20627120094319942,0.13704644965387713,0.03247265830059531,2.283509106260767
915,5.09375,0.0,1,1,1.4609338941780246e-15,1.4609338941780246e-15,0.6156706921192382,0.2090842328617084,0.13704644965387644,0.0324726583005953,2.283509106260767
916,5.09375,0.0,1,1,6.064617901497544e-16,6.064617901497544e-16,0.6193744742791236,0.2116865313240666,0.13704644965387702,0.0324726583005953,2.283509106260767
917,5.09375,0.0,1,1,2.52068172867158e-16,2.52068172867158e-16,0.622525639883284,0.21404394601381024,0.13704644965387633,0.03247265830059531,2.283509106260767
918,5.09375,0.0,1,1,1.0485852445764929e-16,1.0485852445764929e-16,0.6256330621934567,0.21623464857994953,0.13704644965387575,0.03247265830059531,2.283509106260767
919,5.09375,0.0,1,1,4.365775083020972e-17,4.365775083020972e-17,0.6285556625878981,0.21825448604115075,0.13704644965387633,0.03247265830059531,2.283509106260767
920,5.09375,0.0,1,1,0.12000000000000001,0.12000000000000001,0.9938650306748467,1.0,0.13876095936942062,0.03236558697473452,2.5282155859511044
921,5.09375,0.0,1,1,0.05993724691561488,0.05993724691561488,0.9742354162064895,0.5562106543244876,0.13936621589357853,0.032329448086431546,2.5282155859511044
922,5.09375,0.0,1,1,0.02512009666699034,0.02512009666699034,0.9093459536049208,0.31008107573306265,0.13948085893153733,0.03231567511392535,2.5282155859511044
923,5.09375,0.0,1,1,0.009979990655015866,0.009979990655015866,0.8048020597512974,0.21232110425504352,0.13949913950753018,0.032310155053603955,2.5282155859511044
924,5.09375,0.0,1,1,0.0037134074370180127,0.0037134074370180127,0.7209352930913904,0.16466645617665823,0.13950051126167487,0.032308104541753174,2.5282155859511044
925,5.09375,0.0,1,1,0.00134697761449079,0.00134697761449079,0.6576120567141481,0.13542259583669947,0.13949972739283356,0.032307366542871245,2.5282155859511044
926,5.09375,0.0,1,1,0.00048473626928908397,0.00048473626928908397,0.6091481389785149,0.11506673691258784,0.13949911771373827,0.03230710432111179,2.5282155859511044
927,5.09375,0.0,1,1,0.0001755911815853776,0.0001755911815853776,0.5701372510419725,0.09987720948519319,0.13949879296542736,0.03230701036398182,2.5282155859511044
928,5.09375,0.0,1,1,6.38819587000047e-05,6.38819587000047e-05,0.5419035873759955,0.08770829415065057,0.13949864225099465,0.03230697658543166,2.5282155859511044
929,5.09375,0.0,1,1,2.3388090913174904e-05,2.3388090913174904e-05,0.5227693920951011,0.07866626197992146,0.1394985767183664,0.03230696436647715,2.5282155859511044
930,5.09375,0.0,1,1,8.650448323497292e-06,8.650448323497292e-06,0.5078025457804568,0.07582332111348906,0.13949854892421448,0.03230695989598841,2.423810179411091
931,5.09375,0.0,1,1,3.2294561816518392e-06,3.2294561816518392e-06,0.4978545756611759,0.07524424080361676,0.13949853733317089,0.032306958247500094,2.423810179411091
932,5.09375,0.0,1,1,1.2180825166744486e-06,1.2180825166744486e-06,0.49036860337996074,0.07591374217609177,0.1394985325565991,0.03230695763145066,2.423810179411091
933,5.09375,0.0,1,1,4.6329416565269e-07,4.6329416565269e-07,0.48679054023788804,0.07783353602340395,0.13949853060830278,0.03230695739880996,2.423810179411091
934,5.09375,0.0,1,1,1.7766740048584173e-07,1.7766740048584173e-07,0.48590494085944685,0.08074068760011326,0.13949852981647953,0.03230695731002296,2.423810179411091
935,5.09375,0.0,1,1,6.866131950403696e-08,6.866131950403696e-08,0.48713116534942297,0.08420834228688694,0.13949852949574396,0.032306957276161924,2.423810179411091
936,5.09375,0.0,1,1,2.675093547584901e-08,2.675093547584901e-08,0.4884897690393081,0.08809641848703981,0.13949852936687948,0.032306957263193194,2.423810179411091
937,5.09375,0.0,1,1,1.048728055763212e-08,1.048728055763212e-08,0.4911411019497723,0.09191833018769176,0.13949852931505768,0.032306957258157555,2.423810179411091
938,5.09375,0.0,1,1,4.133581391669617e-09,4.133581391669617e-09,0.49469872509943935,0.0957265306207583,0.1394985292942044,0.03230695725617969,2.423810179411091
939,5.09375,0.0,1,1,1.6365670808236129e-09,1.6365670808236129e-09,0.4992970540085407,0.09932473781295587,0.1394985292858016,0.032306957255395806,2.423810179411091
940,5.09375,0.0,1,1,6.505027517871456e-10,6.505027517871456e-10,0.5048149276895133,0.10271273387176057,0.13949852928241468,0.03230695725508287,2.206932036625332
941,5.09375,0.0,1,1,2.595669694869468e-10,2.595669694869468e-10,0.5105318508505575,0.10584994981723748,0.1394985292810465,0.0323069572549571,2.206932036625332
942,5.09375,0.0,1,1,1.0394377579830112e-10,1.0394377579830112e-10,0.5162156730735306,0.10872881199320539,0.1394985292804934,0.032306957254906274,2.206932036625332
943,5.09375,0.0,1,1,4.1757279474845376e-11,4.1757279474845376e-11,0.5218272778965183,0.1114609029559176,0.1394985292802694,0.03230695725488565,2.206932036625332
944,5.09375,0.0,1,1,1.6828819340855202e-11,1.6828819340855202e-11,0.5268200747038966,0.11404683586956925,0.13949852928018047,0.03230695725487724,2.206932036625332
945,5.09375,0.0,1,1,6.8017179048169835e-12,6.8017179048169835e-12,0.5312252874456111,0.11635895633680465,0.13949852928014303,0.0323069572548738,2.206932036625332
946,5.09375,0.0,1,1,2.755569751219956e-12,2.755569751219956e-12,0.5353756005091895,0.11843519995649095,0.13949852928012899,0.03230695725487239,2.206932036625332
947,5.09375,0.0,1,1,1.1187758050882057e-12,1.1187758050882057e-12,0.5392115758917917,0.12033353787386525,0.13949852928012213,0.03230695725487181,2.206932036625332
948,5.09375,0.0,1,1,4.550461269189313e-13,4.550461269189313e-13,0.5429726290303768,0.12216607788083846,0.1394985292801199,0.03230695725487157,2.206932036625332
949,5.09375,0.0,1,1,1.8539209700675177e-13,1.8539209700675177e-13,0.5465708365821765,0.12400846588550442,0.13949852928011897,0.03230695725487147,2.206932036625332
950,5.09375,0.0,1,1,7.564769806453746e-14,7.564769806453746e-14,0.5499523988130317,0.1257110513533451,0.13949852928011863,0.03230695725487143,2.296697918927373
951,5.09375,0.0,1,1,3.09093642517871e-14,3.09093642517871e-14,0.553169537829509,0.12729878622139834,0.13949852928011816,0.03230695725487141,2.296697918927373
952,5.09375,0.0,1,1,1.264566209322357e-14,1.264566209322357e-14,0.5561433523141529,0.1287512733695856,0.13949852928011863,0.032306957254871406,2.296697918927373
953,5.09375,0.0,1,1,5.179055885034803e-15,5.179055885034803e-15,0.5590534979613271,0.13007467212493773,0.1394985292801177,0.03230695725487141,2.296697918927373
954,5.09375,0.0,1,1,2.123117705553712e-15,2.123117705553712e-15,0.5619028788910427,0.13127944227424546,0.1394985292801184,0.0323069572548714,2.296697918927373
955,5.09375,0.0,1,1,8.711278499921173e-16,8.711278499921173e-16,0.564665033190992,0.13237281776220827,0.13949852928011852,0.032306957254871406,2.296697918927373
956,5.09375,0.0,1,1,3.5770672029959364e-16,3.5770672029959364e-16,0.5673928739997133,0.13336772401932043,0.1394985292801171,0.032306957254871406,2.296697918927373
957,5.09375,0.0,1,1,1.4698192395371344e-16,1.4698192395371344e-16,0.5701492824141496,0.13427729033477231,0.13949852928011863,0.032306957254871406,2.296697918927373
958,5.09375,0.0,1,1,6.043550462298856e-17,6.043550462298856e-17,0.572836139863114,0.13510096964029453,0.13949852928011827,0.032306957254871406,2.296697918927373
959,5.09375,0.0,1,1,2.4865887204510382e-17,2.4865887204510382e-17,0.5753942888752178,0.13584067704557115,0.1394985292801177,0.0323069572548714,2.296697918927373
960,5.09375,0.0,1,1,0.12,0.12,0.9938650306748467,1.0000000000000002,0.14230241269458654,0.0323367965242886,1.983154428890794
961,5.09375,0.0,1,1,0.05455309920214274,0.05455309920214274,0.9723931370459363,0.5190215501075263,0.14314274548028275,0.03241240185743778,1.983154428890794
962,5.09375,0.0,1,1,0.023323557247477207,0.023323557247477207,0.9093719403188661,0.3322820797875757,0.14337647657882124,0.032450899777633324,1.983154428890794
963,5.09375,0.0,1,1,0.009315975660657581,0.009315975660657581,0.8107986348082976,0.24886697477224695,0.14343954758341607,0.03245970616869645,1.983154428890794
964,5.09375,0.0,1,1,0.0035478469998579424,0.0035478469998579424,0.7383455690955841,0.20415678565881396,0.14345648527663332,0.03246178446764019,1.983154428890794
965,5.09375,0.0,1,1,0.0013334633870898897,0.0013334633870898897,0.683061514848253,0.17686278370893982,0.14346097352529702,0.032462262056491616,1.983154428890794
966,5.09375,0.0,1,1,0.0004987930984652004,0.0004987930984652004,0.6393217425183236,0.159645979621572,0.14346213279673958,0.03246236516784254,1.983154428890794
967,5.09375,0.0,1,1,0.0001866603014774668,0.0001866603014774668,0.6074527783788056,0.14626496301776293,0.1434624208653483,0.03246238336660424,1.983154428890794
968,5.09375,0.0,1,1,7.029656919061073e-05,7.029656919061073e-05,0.5825834806858495,0.13537469462793966,0.14346249123616417,0.03246238424489854,1.983154428890794
969,5.09375,0.0,1,1,2.6541488978675505e-05,2.6541488978675505e-05,0.5631249337164267,0.1269964735487374,0.1434625056434988,0.03246238283996526,1.983154428890794
970,5.09375,0.0,1,1,1.0060964275210319e-05,1.0060964275210319e-05,0.5460601122056046,0.1197836240422214,0.14346250717114592,0.032462381778953185,2.1500304820538343
971,5.09375,0.0,1,1,3.822864209923473e-06,3.822864209923473e-06,0.5326928170677176,0.11393109479803641,0.14346250645298664,0.03246238121465896,2.1500304820538343
972,5.09375,0.0,1,1,1.4552199077068778e-06,1.4552199077068778e-06,0.5233329094078695,0.10868192066729158,0.14346250575001396,0.03246238095030338,2.1500304820538343
973,5.09375,0.0,1,1,5.559456531319139e-07,5.559456531319139e-07,0.5151756738783452,0.10370856464321324,0.14346250532810037,0.032462380833076475,2.1500304820538343
974,5.09375,0.0,1,1,2.129549177831737e-07,2.129549177831737e-07,0.5092503411774183,0.09941206391727415,0.14346250511254838,0.03246238078286275,2.1500304820538343
975,5.09375,0.0,1,1,8.18028194116166e-08,8.18028194116166e-08,0.5047034763657184,0.09541480425423358,0.14346250501058824,0.032462380761795626,2.1500304820538343
976,5.09375,0.0,1,1,3.150788165620701e-08,3.150788165620701e-08,0.5013567125577832,0.09148455544010319,0.14346250496444454,0.032462380753078154,2.1500304820538343
977,5.09375,0.0,1,1,1.2178630710528394e-08,1.2178630710528394e-08,0.4977384840674343,0.08755456139284025,0.14346250494423304,0.0324623807496856,2.1500304820538343
978,5.09375,0.0,1,1,4.71887963630077e-09,4.71887963630077e-09,0.4952858151886195,0.08373041603949238,0.14346250493557808,0.03246238074839423,2.1500304820538343
979,5.09375,0.0,1,1,1.8327106620421288e-09,1.8327106620421288e-09,0.4939820025418208,0.0808763474219713,0.14346250493191265,0.032462380747904265,2.1500304820538343
980,5.09375,0.0,1,1,7.135871361741692e-10,7.135871361741692e-10,0.4933758899250202,0.0784609905380859,0.14346250493037394,0.0324623807477192,2.3857352054178547
981,5.09375,0.0,1,1,2.785691422883668e-10,2.785691422883668e-10,0.4931987189638227,0.07635295089240741,0.1434625049297324,0.032462380747649386,2.3857352054178547
982,5.09375,0.0,1,1,1.0900434183259648e-10,1.0900434183259648e-10,0.4936677598276389,0.07462493922760689,0.14346250492946794,0.03246238074762308,2.3857352054178547
983,5.09375,0.0,1,1,4.274941526680605e-11,4.274941526680605e-11,0.49484974068214416,0.07327793086798011,0.1434625049293575,0.03246238074761317,2.3857352054178547
984,5.09375,0.0,1,1,1.6806328683463062e-11,1.6806328683463062e-11,0.496394176845926,0.0729522225422097,0.1434625049293131,0.03246238074760943,2.3857352054178547
985,5.09375,0.0,1,1,6.624555787672385e-12,6.624555787672385e-12,0.4979206686757323,0.07340171139269652,0.14346250492929508,0.032462380747608016,2.3857352054178547
986,5.09375,0.0,1,1,2.6184027003766735e-12,2.6184027003766735e-12,0.4991079417932987,0.07380837292058394,0.14346250492928808,0.032462380747607496,2.3857352054178547
987,5.09375,0.0,1,1,1.0371907085885076e-12,1.0371907085885076e-12,0.5006953928122747,0.07448595962836158,0.14346250492928392,0.03246238074760728,2.3857352054178547
988,5.09375,0.0,1,1,4.117698550850951e-13,4.117698550850951e-13,0.502477369759039,0.07524144352348369,0.14346250492928356,0.032462380747607204,2.3857352054178547
989,5.09375,0.0,1,1,1.638554514676706e-13,1.638554514676706e-13,0.5041996764237927,0.07629309376296674,0.14346250492928322,0.03246238074760717,2.3857352054178547
990,5.09375,0.0,1,1,6.535619287515657e-14,6.535619287515657e-14,0.505711460447915,0.07744994230969206,0.14346250492928228,0.03246238074760717,2.3305251640223545
991,5.09375,0.0,1,1,2.6124201089988962e-14,2.6124201089988962e-14,0.5071762621668663,0.0787385815148027,0.14346250492928206,0.03246238074760716,2.3305251640223545
992,5.09375,0.0,1,1,1.0462641389491595e-14,1.0462641389491595e-14,0.5087550518997876,0.08047118590821195,0.14346250492928275,0.03246238074760716,2.3305251640223545
993,5.09375,0.0,1,1,4.197131976689565e-15,4.197131976689565e-15,0.5107662389887176,0.08213574999783464,0.14346250492928322,0.03246238074760715,2.3305251640223545
994,5.09375,0.0,1,1,1.6863829344449907e-15,1.6863829344449907e-15,0.5131382429652268,0.0837270885635839,0.14346250492928275,0.03246238074760716,2.3305251640223545
995,5.09375,0.0,1,1,6.78739380737989e-16,6.78739380737989e-16,0.5155394258167504,0.08552240138627684,0.14346250492928195,0.032462380747607156,2.3305251640223545
996,5.09375,0.0,1,1,2.736204695409508e-16,2.736204695409508e-16,0.5180184041561287,0.08745455054181786,0.14346250492928228,0.032462380747607156,2.3305251640223545
997,5.09375,0.0,1,1,1.1049721346237718e-16,1.1049721346237718e-16,0.5202275916502631,0.08925569453392346,0.14346250492928228,0.03246238074760716,2.3305251640223545
998,5.09375,0.0,1,1,4.4704578668422396e-17,4.4704578668422396e-17,0.5218932050235242,0.09136312779733925,0.1434625049292824,0.03246238074760716,2.3305251640223545
999,5.09375,0.0,1,1,1.8111390899861033e-17,1.8111390899861033e-17,0.5235789908712819,0.09344681593381628,0.14346250492928217,0.032462380747607156,2.3305251640223545
1000,5.09375,0.0,1,1,7.34651341167916e-18,7.34651341167916e-18,0.5254148887837692,0.09542486879049047,0.14346250492928275,0.03246238074760716,2.075888448842208
1001,5.09375,0.0,1,1,2.9622717805430945e-18,2.9622717805430945e-18,0.5276295115901797,0.09731637239749974,0.14346250492928297,0.03246238074760716,2.075888448842208
1002,5.09375,0.0,1,1,1.2239110225341526e-18,1.2239110225341526e-18,0.5301388654770244,0.0991199187307561,0.14346250492928264,0.03246238074760717,2.075888448842208
1003,5.09375,0.0,1,1,4.997303965475584e-19,4.997303965475584e-19,0.5325950961997448,0.10081902576078915,0.1434625049292824,0.032462380747607156,2.075888448842208
1004,5.09375,0.0,1,1,2.0369156490163074e-19,2.0369156490163074e-19,0.5349416315564542,0.102414383471444,0.1434625049292824,0.032462380747607156,2.075888448842208
1005,5.09375,0.0,1,1,8.306377069229184e-20,8.306377069229184e-20,0.5371352282648165,0.10390725603362692,0.14346250492928275,0.03246238074760715,2.075888448842208
1006,5.09375,0.0,1,1,3.3899037407268994e-20,3.3899037407268994e-20,0.5393103941312462,0.10531059510696494,0.14346250492928228,0.03246238074760716,2.075888448842208
1007,5.09375,0.0,1,1,1.384632259390513e-20,1.384632259390513e-20,0.5414035432365432,0.10662437446270431,0.1434625049292824,0.032462380747607156,2.075888448842208
1008,5.09375,0.0,1,1,5.6601684526336085e-21,5.6601684526336085e-21,0.5434538726347922,0.1078551212081383,0.14346250492928217,0.032462380747607156,2.075888448842208
1009,5.09375,0.0,1,1,2.3154133318903198e-21,2.3154133318903198e-21,0.545546705925152,0.10901321375243664,0.1434625049292825,0.032462380747607156,2.075888448842208
1010,5.09375,0.0,1,1,9.479761787007864e-22,9.479761787007864e-22,0.5473933560153563,0.1100815924224117,0.1434625049292824,0.03246238074760716,2.080961942390055
1011,5.09375,0.0,1,1,3.883491093369179e-22,3.883491093369179e-22,0.5493359986137771,0.11108840396806906,0.14346250492928228,0.032462380747607156,2.080961942390055
1012,5.09375,0.0,1,1,1.5917121871973698e-22,1.5917121871973698e-22,0.5514612845608664,0.11217474385332647,0.14346250492928228,0.032462380747607156,2.080961942390055
1013,5.09375,0.0,1,1,6.52830146558483e-23,6.52830146558483e-23,0.5534510199634023,0.11324342688419324,0.14346250492928286,0.032462380747607156,2.080961942390055
1014,5.09375,0.0,1,1,2.679142218220654e-23,2.679142218220654e-23,0.5553654188275482,0.11425554410806847,0.14346250492928264,0.032462380747607156,2.080961942390055
1015,5.09375,0.0,1,1,1.1000664502655436e-23,1.1000664502655436e-23,0.5572835327593401,0.11521920761584455,0.1434625049292825,0.03246238074760716,2.080961942390055
1016,5.09375,0.0,1,1,4.51941156733874e-24,4.51941156733874e-24,0.5591326925452151,0.11618685120589874,0.14346250492928217,0.03246238074760716,2.080961942390055
1017,5.09375,0.0,1,1,1.8576369947184102e-24,1.8576369947184102e-24,0.5609630804775083,0.11728437626078839,0.14346250492928206,0.03246238074760715,2.080961942390055
1018,5.09375,0.0,1,1,7.639335174346156e-25,7.639335174346156e-25,0.562737904789441,0.11834209111882435,0.1434625049292824,0.03246238074760716,2.080961942390055
1019,5.09375,0.0,1,1,3.1433420288228175e-25,3.1433420288228175e-25,0.5643474369734615,0.11935241825652645,0.14346250492928228,0.032462380747607156,2.080961942390055
1020,5.09375,0.0,1,1,1.293911596397579e-25,1.293911596397579e-25,0.5659901172481345,0.12033250232191531,0.14346250492928297,0.03246238074760716,2.2342867695990645
1021,5.09375,0.0,1,1,5.329570047202994e-26,5.329570047202994e-26,0.5672930655152462,0.12125477124998951,0.14346250492928217,0.03246238074760716,2.2342867695990645
1022,5.09375,0.0,1,1,2.1962097287111133e-26,2.1962097287111133e-26,0.5685174170540229,0.12214096607556617,0.14346250492928275,0.03246238074760716,2.2342867695990645
1023,5.09375,0.0,1,1,9.053053068710877e-27,9.053053068710877e-27,0.5698393574906152,0.12300610666872037,0.14346250492928275,0.03246238074760717,2.2342867695990645
1024,5.09375,0.0,1,1,3.733036949583683e-27,3.733036949583683e-27,0.5712181306268255,0.12408036894614656,0.1434625049292824,0.032462380747607156,2.2342867695990645
1025,5.09375,0.0,1,1,1.5399040915627808e-27,1.5399040915627808e-27,0.5725630164275533,0.1251542991924194,0.14346250492928309,0.03246238074760717,2.2342867695990645
1026,5.09375,0.0,1,1,6.354678425327951e-28,6.354678425327951e-28,0.5738394074999189,0.12620144764499772,0.14346250492928286,0.03246238074760716,2.2342867695990645
1027,5.09375,0.0,1,1,2.62328238314899e-28,2.62328238314899e-28,0.5750965047145119,0.12722617592552338,0.1434625049292825,0.03246238074760717,2.2342867695990645
1028,5.09375,0.0,1,1,1.0832413889247454e-28,1.0832413889247454e-28,0.5764016248892703,0.12823472374283074,0.14346250492928264,0.03246238074760717,2.2342867695990645
1029,5.09375,0.0,1,1,4.4743959146469654e-29,4.4743959146469654e-29,0.5777464884385236,0.12922666928069232,0.14346250492928264,0.03246238074760717,2.2342867695990645
1030,5.09375,0.0,1,1,1.8486163032876546e-29,1.8486163032876546e-29,0.5792105480361166,0.13020936128761104,0.14346250492928286,0.03246238074760716,2.1193300716886583
1031,5.09375,0.0,1,1,7.640169077670095e-30,7.640169077670095e-30,0.5806348445843146,0.13117031466893528,0.14346250492928217,0.032462380747607156,2.1193300716886583
1032,5.09375,0.0,1,1,3.1585234327508495e-30,3.1585234327508495e-30,0.5820799135732151,0.13215955445462976,0.1434625049292825,0.032462380747607156,2.1193300716886583
1033,5.09375,0.0,1,1,1.3061347133224103e-30,1.3061347133224103e-30,0.5835442343946142,0.13327649975733324,0.1434625049292817,0.03246238074760716,2.1193300716886583
1034,5.09375,0.0,1,1,5.402759656008227e-31,5.402759656008227e-31,0.5850158571999992,0.13439100176636842,0.14346250492928228,0.03246238074760716,2.1193300716886583
1035,5.09375,0.0,1,1,2.235603003696667e-31,2.235603003696667e-31,0.5863843931901643,0.13551773340105713,0.1434625049292825,0.032462380747607156,2.1193300716886583
1036,5.09375,0.0,1,1,9.254466672180844e-32,9.254466672180844e-32,0.5875508402412498,0.13661017176801327,0.14346250492928195,0.03246238074760717,2.1193300716886583
1037,5.09375,0.0,1,1,3.832111466047182e-32,3.832111466047182e-32,0.5886889566813088,0.13768240244235666,0.1434625049292824,0.03246238074760716,2.1193300716886583
1038,5.09375,0.0,1,1,1.587212586834538e-32,1.587212586834538e-32,0.5898538601341664,0.13874008658370005,0.14346250492928195,0.03246238074760716,2.1193300716886583
1039,5.09375,0.0,1,1,6.57609890156367e-33,6.57609890156367e-33,0.5909426225798871,0.13977431861080308,0.14346250492928228,0.032462380747607156,2.1193300716886583
1040,5.09375,0.0,1,1,0.02,0.02,0.9989775051124744,1.0,0.14358467843272252,0.03244245453772264,2.3336869451350517
1041,5.09375,0.0,1,1,0.015583308271294855,0.015583308271294855,0.996292326788928,1.0,0.14375842190239127,0.03242693015476283,2.3336869451350517
1042,5.09375,0.0,1,1,0.008712595039807227,0.008712595039807227,0.9873170358221055,0.8300165567252885,0.1438241728945016,0.032418248299019514,2.3336869451350517
1043,5.09375,0.0,1,1,0.004371815587805718,0.004371815587805718,0.9628529323342395,0.6994779842144625,0.14384921923570199,0.03241395517920744,2.3336869451350517
1044,5.09375,0.0,1,1,0.002085632002467689,0.002085632002467689,0.9246904123902385,0.6168559557914917,0.1438585397619985,0.03241193425505923,2.3336869451350517
1045,5.09375,0.0,1,1,0.0009612870342421286,0.0009612870342421286,0.8931159272320726,0.5631678602711694,0.14386204296792512,0.032411012505706986,2.3336869451350517
1046,5.09375,0.0,1,1,0.00043384247791001325,0.00043384247791001325,0.8676634314258739,0.5251124577860832,0.14386336345589124,0.03241059986231575,2.3336869451350517
1047,5.09375,0.0,1,1,0.00019293934167248917,0.00019293934167248917,0.8473208164671849,0.4965311639851936,0.14386386439741822,0.03241041752493184,2.3336869451350517
1048,5.09375,0.0,1,1,8.492050696527122e-05,8.492050696527122e-05,0.8302584871391084,0.473938729075113,0.1438640554169457,0.032410337690121756,2.3336869451350517
1049,5.09375,0.0,1,1,3.708229416391351e-05,3.708229416391351e-05,0.8157971287859431,0.4555480340469964,0.14386412814311114,0.03241030297996319,2.3336869451350517
1050,5.09375,0.0,1,1,1.609583510256081e-05,1.609583510256081e-05,0.8029496166582692,0.4401393708713906,0.14386415569879563,0.03241028796867172,1.946110330061339
1051,5.09375,0.0,1,1,6.951417717419184e-06,6.951417717419184e-06,0.7916844382845577,0.4270950820651786,0.14386416613781738,0.03241028150565431,1.946110330061339
1052,5.09375,0.0,1,1,2.9896313715242945e-06,2.9896313715242945e-06,0.7817612722177449,0.4159241466684151,0.14386417008443445,0.03241027873337211,1.946110330061339
1053,5.09375,0.0,1,1,1.2811853174555113e-06,1.2811853174555113e-06,0.7731049303077155,0.4062903877497081,0.143864171575136,0.03241027754799099,1.946110330061339
1054,5.09375,0.0,1,1,5.473977108630538e-07,5.473977108630538e-07,0.7655210021247502,0.3979061926696698,0.1438641721379413,0.03241027704249072,1.946110330061339
1055,5.09375,0.0,1,1,2.3330202797362914e-07,2.3330202797362914e-07,0.7587500957199629,0.3905245667893447,0.1438641723504048,0.032410276827390415,1.946110330061339
1056,5.09375,0.0,1,1,9.922476924484821e-08,9.922476924484821e-08,0.7527079929313274,0.3839742346954123,0.14386417243045974,0.032410276736028615,1.946110330061339
1057,5.09375,0.0,1,1,4.212325298942644e-08,4.212325298942644e-08,0.7474504962436568,0.37813554178523734,0.14386417246054653,0.03241027669728561,1.946110330061339
1058,5.09375,0.0,1,1,1.7859838076842416e-08,1.7859838076842416e-08,0.7424348765010937,0.3727753983974799,0.14386417247175423,0.03241027668087273,1.946110330061339
1059,5.09375,0.0,1,1,7.565026885466267e-09,7.565026885466267e-09,0.7374445603672127,0.36778257755719984,0.14386417247587346,0.03241027667392472,1.946110330061339
1060,5.09375,0.0,1,1,3.200665537054727e-09,3.200665537054727e-09,0.7329311607776037,0.3632208293779779,0.14386417247736893,0.03241027667098631,2.200051456194324
1061,5.09375,0.0,1,1,1.3526900519849822e-09,1.3526900519849822e-09,0.7289094446836186,0.359057364271812,0.14386417247790517,0.03241027666974476,2.200051456194324
1062,5.09375,0.0,1,1,5.711579357981256e-10,5.711579357981256e-10,0.7252347802725629,0.35522725923642545,0.14386417247809558,0.03241027666922058,2.200051456194324
1063,5.09375,0.0,1,1,2.409670032756442e-10,2.409670032756442e-10,0.7218662484929009,0.35169069174583656,0.143864172478163,0.03241027666899942,2.200051456194324
1064,5.09375,0.0,1,1,1.0158617386840586e-10,1.0158617386840586e-10,0.7188038593236568,0.3484180506626013,0.1438641724781853,0.032410276668906154,2.200051456194324
1065,5.09375,0.0,1,1,4.279897203247582e-11,4.279897203247582e-11,0.7159741423979837,0.34536948168299464,0.1438641724781929,0.03241027666886685,2.200051456194324
1066,5.09375,0.0,1,1,1.8021218249907863e-11,1.8021218249907863e-11,0.7133523051758619,0.34251857197863317,0.1438641724781939,0.032410276668850296,2.200051456194324
1067,5.09375,0.0,1,1,7.584109626544486e-12,7.584109626544486e-12,0.7109524392209021,0.33984951450808754,0.14386417247819555,0.03241027666884333,2.200051456194324
1068,5.09375,0.0,1,1,3.1901783351245197e-12,3.1901783351245197e-12,0.7087646961773746,0.3373446883615369,0.14386417247819486,0.032410276668840395,2.200051456194324
1069,5.09375,0.0,1,1,1.341334791857771e-12,1.341334791857771e-12,0.7067597831106098,0.33498549241432474,0.14386417247819613,0.032410276668839166,2.200051456194324
1070,5.09375,0.0,1,1,5.637503710453166e-13,5.637503710453166e-13,0.7049296305701385,0.33275860323492745,0.14386417247819577,0.03241027666883864,2.0258494261634854
1071,5.09375,0.0,1,1,2.3685624348769127e-13,2.3685624348769127e-13,0.7032403190104572,0.33064683511604326,0.1438641724781952,0.032410276668838424,2.0258494261634854
1072,5.09375,0.0,1,1,9.948297027363244e-14,9.948297027363244e-14,0.7016623886226491,0.3286358653163599,0.14386417247819508,0.032410276668838334,2.0258494261634854
1073,5.09375,0.0,1,1,4.1772217282755725e-14,4.1772217282755725e-14,0.7001969920147005,0.32671808503419125,0.14386417247819486,0.032410276668838285,2.0258494261634854
1074,5.09375,0.0,1,1,1.7535491716471092e-14,1.7535491716471092e-14,0.6988103275211967,0.32488015161232786,0.14386417247819555,0.03241027666883827,2.0258494261634854
1075,5.09375,0.0,1,1,7.359723916845025e-15,7.359723916845025e-15,0.6974452035956591,0.3231054042240303,0.1438641724781952,0.03241027666883827,2.0258494261634854
1076,5.09375,0.0,1,1,3.088193115026761e-15,3.088193115026761e-15,0.6961783705925627,0.321403612379687,0.14386417247819497,0.03241027666883827,2.0258494261634854
1077,5.09375,0.0,1,1,1.2956156925765577e-15,1.2956156925765577e-15,0.6949163696463774,0.3197524277178467,0.1438641724781952,0.03241027666883827,2.0258494261634854
1078,5.09375,0.0,1,1,5.434877353396745e-16,5.434877353396745e-16,0.6936290364531486,0.3181419905948084,0.14386417247819602,0.032410276668838264,2.0258494261634854
1079,5.09375,0.0,1,1,2.279469585612215e-16,2.279469585612215e-16,0.6923771544696472,0.3165802834182767,0.14386417247819555,0.03241027666883826,2.0258494261634854
1080,5.09375,0.0,1,1,0.09980309668200482,0.09980309668200482,0.994895594756322,0.9999999999999994,0.14618769595512118,0.0327387594996915,2.023891975116634
1081,5.09375,0.0,1,1,0.04837033427732547,0.04837033427732547,0.9829423173687944,0.6630421808923147,0.14704613977134903,0.032868366946955496,2.023891975116634
1082,5.09375,0.0,1,1,0.020794270743126432,0.020794270743126432,0.9468508019824502,0.4302947923950304,0.14732003418866707,0.03290295284667801,2.023891975116634
1083,5.09375,0.0,1,1,0.00887281044907939,0.00887281044907939,0.861876559892919,0.31152027851900116,0.1474035690744804,0.03291267834891344,2.023891975116634
1084,5.09375,0.0,1,1,0.003571338906846881,0.003571338906846881,0.7852748971254343,0.2553391599353668,0.14742916855642443,0.032915566784244774,2.023891975116634
1085,5.09375,0.0,1,1,0.001409979659696032,0.001409979659696032,0.731211169679787,0.21967382967678487,0.14743716135549667,0.03291644339994618,2.023891975116634
1086,5.09375,0.0,1,1,0.0005494575261666172,0.0005494575261666172,0.6903553996931208,0.19727735596384088,0.1474396953298343,0.03291671411550013,2.023891975116634
1087,5.09375,0.0,1,1,0.00021339443302419812,0.00021339443302419812,0.6603056439333721,0.18399396327135648,0.147440509100693,0.03291679774711589,2.023891975116634
1088,5.09375,0.0,1,1,8.294648238122894e-05,8.294648238122894e-05,0.6372440496814049,0.1725918663839345,0.147440769221179,0.032916823157993824,2.023891975116634
1089,5.09375,0.0,1,1,3.220987351996661e-05,3.220987351996661e-05,0.6201660140886294,0.16368875664723045,0.14744085244441463,0.032916830707657184,2.023891975116634
1090,5.09375,0.0,1,1,1.2516386447856425e-05,1.2516386447856425e-05,0.606310084491579,0.1561383551054291,0.14744087898521496,0.0329168328471551,2.2834788169573965
1091,5.09375,0.0,1,1,4.864906599713207e-06,4.864906599713207e-06,0.5959261096481813,0.14926186807698819,0.14744088743695055,0.032916833404815646,2.2834788169573965
1092,5.09375,0.0,1,1,1.891934571465063e-06,1.891934571465063e-06,0.5872457258937215,0.14477631391915405,0.14744089010310116,0.032916833525378206,2.2834788169573965
1093,5.09375,0.0,1,1,7.362940386070344e-07,7.362940386070344e-07,0.5796046490396809,0.1407294736025793,0.14744089090183976,0.0329168335380352,2.2834788169573965
1094,5.09375,0.0,1,1,2.867317356205273e-07,2.867317356205273e-07,0.573202903005294,0.1370542255487526,0.14744089112418376,0.03291683353062562,2.2834788169573965
1095,5.09375,0.0,1,1,1.117780802517913e-07,1.117780802517913e-07,0.5675884618934212,0.13366103261692452,0.1474408911780317,0.03291683352321276,2.2834788169573965
1096,5.09375,0.0,1,1,4.3616651885952196e-08,4.3616651885952196e-08,0.5630503732494666,0.13054021414011505,0.14744089118681047,0.03291683351866312,2.2834788169573965
1097,5.09375,0.0,1,1,1.703895650016353e-08,1.703895650016353e-08,0.559441181711969,0.1276490934523407,0.14744089118569093,0.032916833516273496,2.2834788169573965
1098,5.09375,0.0,1,1,6.666409485011841e-09,6.666409485011841e-09,0.5563715983653873,0.12566812157070206,0.14744089118355586,0.03291683351510888,2.2834788169573965
1099,5.09375,0.0,1,1,2.6123790255914744e-09,2.6123790255914744e-09,0.553879552823188,0.12406043957462196,0.14744089118208398,0.032916833514565896,2.2834788169573965
1100,5.09375,0.0,1,1,1.0251877954344488e-09,1.0251877954344488e-09,0.552377128350201,0.12307650888770535,0.14744089118126735,0.03291683351432024,2.060819150632785
1101,5.09375,0.0,1,1,4.030302773247639e-10,4.030302773247639e-10,0.5514826237232295,0.12259027753252365,0.14744089118085993,0.0329168335142136,2.060819150632785
1102,5.09375,0.0,1,1,1.5876911026120112e-10,1.5876911026120112e-10,0.55084172468152,0.12251314407446726,0.1474408911806687,0.03291683351416955,2.060819150632785
1103,5.09375,0.0,1,1,6.265154221092166e-11,6.265154221092166e-11,0.5510536109794657,0.12259128628803553,0.14744089118057954,0.03291683351415139,2.060819150632785
1104,5.09375,0.0,1,1,2.477355994522675e-11,2.477355994522675e-11,0.5516094912441236,0.12309638289958658,0.14744089118054118,0.03291683351414393,2.060819150632785
1105,5.09375,0.0,1,1,9.814172664213405e-12,9.814172664213405e-12,0.5528286059565255,0.12373244906981447,0.14744089118052386,0.03291683351414086,2.060819150632785
1106,5.09375,0.0,1,1,3.896431090108909e-12,3.896431090108909e-12,0.5541962892344392,0.124425003670401,0.1474408911805169,0.032916833514139605,2.060819150632785
1107,5.09375,0.0,1,1,1.550435555482492e-12,1.550435555482492e-12,0.5555843726942653,0.12551914506355494,0.1474408911805126,0.03291683351413908,2.060819150632785
1108,5.09375,0.0,1,1,6.180658148527964e-13,6.180658148527964e-13,0.5575940514186021,0.12658674851662147,0.14744089118051165,0.03291683351413888,2.060819150632785
1109,5.09375,0.0,1,1,2.469003898698737e-13,2.469003898698737e-13,0.5598238404244984,0.12758313139182248,0.14744089118051096,0.03291683351413878,2.060819150632785
1110,5.09375,0.0,1,1,9.882491737796244e-14,9.882491737796244e-14,0.5624608859532441,0.1285100639722712,0.14744089118051132,0.03291683351413874,2.0066565896076747
1111,5.09375,0.0,1,1,3.96295060681266e-14,3.96295060681266e-14,0.5657643352563135,0.12937040051611604,0.14744089118051038,0.032916833514138724,2.0066565896076747
1112,5.09375,0.0,1,1,1.5933614467552337e-14,1.5933614467552337e-14,0.5683968383030508,0.13005193679618252,0.14744089118051074,0.032916833514138724,2.0066565896076747
1113,5.09375,0.0,1,1,6.419058875819853e-15,6.419058875819853e-15,0.5711007835549591,0.13062680546846922,0.14744089118051085,0.032916833514138724,2.0066565896076747
1114,5.09375,0.0,1,1,2.590760523374658e-15,2.590760523374658e-15,0.5738044257420785,0.1313750751660399,0.14744089118051074,0.032916833514138724,2.0066565896076747
1115,5.09375,0.0,1,1,1.0473717677105109e-15,1.0473717677105109e-15,0.5765852336138747,0.1323168714488612,0.14744089118051118,0.03291683351413872,2.0066565896076747
1116,5.09375,0.0,1,1,4.240366403587182e-16,4.240366403587182e-16,0.5795896945450195,0.1338667998771379,0.1474408911805106,0.03291683351413872,2.0066565896076747
1117,5.09375,0.0,1,1,1.7196747363020868e-16,1.7196747363020868e-16,0.5822669469733036,0.13567696969278664,0.14744089118051001,0.03291683351413872,2.0066565896076747
1118,5.09375,0.0,1,1,6.98463416618171e-17,6.98463416618171e-17,0.5848096068405012,0.13736123832279162,0.14744089118051015,0.032916833514138724,2.0066565896076747
1119,5.09375,0.0,1,1,2.840906246869202e-17,2.840906246869202e-17,0.5872120351866992,0.13951172742119408,0.14744089118051074,0.03291683351413872,2.0066565896076747
1120,5.09375,0.0,1,1,0.15940415706709393,0.15940415706709393,0.9918467950607103,1.0,0.15005517169491336,0.03332056404659969,2.211666865712325
1121,5.09375,0.0,1,1,0.06646724955757961,0.06646724955757961,0.9623376584172567,0.42994412426813555,0.15087400597497214,0.03337130063404635,2.211666865712325
1122,5.09375,0.0,1,1,0.0239079933718215,0.0239079933718215,0.8694228693435093,0.20639234524772113,0.15098945558603716,0.033368673558906166,2.211666865712325
1123,5.09375,0.0,1,1,0.008761504977923596,0.008761504977923596,0.7433482294190342,0.1536533233855772,0.15100591919863157,0.03336553272340476,2.211666865712325
1124,5.09375,0.0,1,1,0.0031654850509849615,0.0031654850509849615,0.6708824026817461,0.13345674223244533,0.15100614507315843,0.033364029862701344,2.211666865712325
1125,5.09375,0.0,1,1,0.001163914312293414,0.001163914312293414,0.6158875664505552,0.11882134805858759,0.15100509103290846,0.03336340185831068,2.211666865712325
1126,5.09375,0.0,1,1,0.00042859806472511956,0.00042859806472511956,0.5826289963876,0.10886229495603884,0.15100438561368498,0.033363153368537055,2.211666865712325
1127,5.09375,0.0,1,1,0.00015851489828095858,0.00015851489828095858,0.5593767149843367,0.10105227460520884,0.1510040418816384,0.03336305742025892,2.211666865712325
1128,5.09375,0.0,1,1,5.880381876474449e-05,5.880381876474449e-05,0.5443411525292309,0.0979926055420466,0.151003886412627,0.033363020807486245,2.211666865712325
1129,5.09375,0.0,1,1,2.1923113142623207e-05,2.1923113142623207e-05,0.5337500464255625,0.09573161877208518,0.15100381997089393,0.033363006881459004,2.211666865712325
1130,5.09375,0.0,1,1,8.215923774797395e-06,8.215923774797395e-06,0.5251662500994781,0.09328765866227093,0.15100379233028224,0.0333630017356128,2.084831081258936
1131,5.09375,0.0,1,1,3.0891382726639524e-06,3.0891382726639524e-06,0.5197297915200981,0.09082166026978115,0.1510037810476708,0.03336299984629533,2.084831081258936
1132,5.09375,0.0,1,1,1.1651953519172779e-06,1.1651953519172779e-06,0.5164125954032592,0.08846250982765963,0.1510037764822493,0.0333629991525928,2.084831081258936
1133,5.09375,0.0,1,1,4.410695427169512e-07,4.410695427169512e-07,0.5142407038517113,0.08618587361392889,0.15100377464460082,0.033362998897469506,2.084831081258936
1134,5.09375,0.0,1,1,1.6759101820205264e-07,1.6759101820205264e-07,0.5125789076915008,0.08436257737749446,0.15100377390785444,0.033362998803402225,2.084831081258936
1135,5.09375,0.0,1,1,6.393447861974004e-08,6.393447861974004e-08,0.5107227517654018,0.08245238187819301,0.1510037736151963,0.033362998768588586,2.084831081258936
1136,5.09375,0.0,1,1,2.4471930651414122e-08,2.4471930651414122e-08,0.509399040655528,0.08046506392189356,0.15100377349928626,0.03336299875566646,2.084831081258936
1137,5.09375,0.0,1,1,9.391813871775593e-09,9.391813871775593e-09,0.5094118105636746,0.07872489516525202,0.15100377345341398,0.03336299875086061,2.084831081258936
1138,5.09375,0.0,1,1,3.615649478012855e-09,3.615649478012855e-09,0.5098429758357494,0.07687011664972895,0.1510037734352584,0.03336299874906721,2.084831081258936
1139,5.09375,0.0,1,1,1.3965798761050053e-09,1.3965798761050053e-09,0.5101842918958356,0.07494478779977419,0.1510037734280732,0.03336299874839507,2.084831081258936
1140,5.09375,0.0,1,1,5.411805475546532e-10,5.411805475546532e-10,0.5104302552276208,0.07321001140318249,0.15100377342522617,0.033362998748142005,2.3202698524258865
1141,5.09375,0.0,1,1,2.1024294460737138e-10,2.1024294460737138e-10,0.5114379443881791,0.07173405201418992,0.15100377342409638,0.0333629987480466,2.3202698524258865
1142,5.09375,0.0,1,1,8.188411902063127e-11,8.188411902063127e-11,0.5130523489816119,0.07082291430453021,0.1510037734236478,0.033362998748010526,2.3202698524258865
1143,5.09375,0.0,1,1,3.197529024508599e-11,3.197529024508599e-11,0.5149777346192409,0.07043617927902479,0.1510037734234704,0.03336299874799683,2.3202698524258865
1144,5.09375,0.0,1,1,1.2517661979882897e-11,1.2517661979882897e-11,0.5172096602348376,0.07075157136672498,0.15100377342339927,0.03336299874799162,2.3202698524258865
1145,5.09375,0.0,1,1,4.911226565113176e-12,4.911226565113176e-12,0.5200534097646909,0.07165307955117539,0.15100377342337112,0.03336299874798963,2.3202698524258865
1146,5.09375,0.0,1,1,1.931669278913162e-12,1.931669278913162e-12,0.5229203569123361,0.07326817836618064,0.15100377342336022,0.033362998747988884,2.3202698524258865
1147,5.09375,0.0,1,1,7.615743134443753e-13,7.615743134443753e-13,0.5258001181807397,0.07531785503354871,0.1510037734233559,0.03336299874798859,2.3202698524258865
1148,5.09375,0.0,1,1,3.0100299118497294e-13,3.0100299118497294e-13,0.5283801098832761,0.07735697293991611,0.15100377342335358,0.03336299874798848,2.3202698524258865
1149,5.09375,0.0,1,1,1.1923880156810033e-13,1.1923880156810033e-13,0.530813017333401,0.07932498328997384,0.15100377342335322,0.03336299874798844,2.3202698524258865
1150,5.09375,0.0,1,1,4.733890996876745e-14,4.733890996876745e-14,0.5330684010106567,0.08135002609673452,0.1510037734233529,0.03336299874798842,1.9484324299739333
1151,5.09375,0.0,1,1,1.8833258526866505e-14,1.8833258526866505e-14,0.5351640830141252,0.08365972360257276,0.151003773423353,0.03336299874798841,1.9484324299739333
1152,5.09375,0.0,1,1,7.507985331449935e-15,7.507985331449935e-15,0.5370053595453066,0.08586642058454251,0.1510037734233529,0.033362998747988405,1.9484324299739333
1153,5.09375,0.0,1,1,2.9984497074912895e-15,2.9984497074912895e-15,0.5388592724199055,0.08798442171534697,0.15100377342335278,0.03336299874798841,1.9484324299739333
1154,5.09375,0.0,1,1,1.1995788844438308e-15,1.1995788844438308e-15,0.5406476064780743,0.09000995018723806,0.15100377342335253,0.033362998747988405,1.9484324299739333
1155,5.09375,0.0,1,1,4.806147856242e-16,4.806147856242e-16,0.5426694159320983,0.09196202830322932,0.15100377342335242,0.033362998747988405,1.9484324299739333
1156,5.09375,0.0,1,1,1.928049915530022e-16,1.928049915530022e-16,0.5451126198851536,0.09385351159220695,0.15100377342335264,0.033362998747988405,1.9484324299739333
1157,5.09375,0.0,1,1,7.744720575582152e-17,7.744720575582152e-17,0.5478145920585535,0.09567734472636723,0.15100377342335264,0.033362998747988405,1.9484324299739333
1158,5.09375,0.0,1,1,3.1151799872004e-17,3.1151799872004e-17,0.550591234024326,0.09799919897810458,0.15100377342335253,0.03336299874798841,1.9484324299739333
1159,5.09375,0.0,1,1,1.2548558185704183e-17,1.2548558185704183e-17,0.553168259659654,0.10030174420819431,0.15100377342335253,0.033362998747988405,1.9484324299739333
1160,5.09375,0.0,1,1,5.061297417812778e-18,5.061297417812778e-18,0.5557159192232627,0.10271286821776758,0.15100377342335253,0.033362998747988405,2.0596273024247207
1161,5.09375,0.0,1,1,2.029584408793161e-18,2.029584408793161e-18,0.5583982546796591,0.10524215987465722,0.15100377342335206,0.03336299874798841,2.0596273024247207
1162,5.09375,0.0,1,1,8.341399966020149e-19,8.341399966020149e-19,0.5609941680024725,0.10783300646403772,0.15100377342335278,0.03336299874798841,2.0596273024247207
1163,5.09375,0.0,1,1,3.388032516234062e-19,3.388032516234062e-19,0.5635205306048352,0.11037121049311836,0.15100377342335242,0.03336299874798841,2.0596273024247207
1164,5.09375,0.0,1,1,1.374167633270915e-19,1.374167633270915e-19,0.5655478839602179,0.11282595845396151,0.15100377342335264,0.03336299874798841,2.0596273024247207
1165,5.09375,0.0,1,1,5.576230800787769e-20,5.576230800787769e-20,0.5674972625000579,0.11522829166879829,0.15100377342335206,0.033362998747988405,2.0596273024247207
1166,5.09375,0.0,1,1,2.264878218829367e-20,2.264878218829367e-20,0.5693251327077652,0.11762288904678671,0.15100377342335264,0.033362998747988405,2.0596273024247207
1167,5.09375,0.0,1,1,9.208517361106862e-21,9.208517361106862e-21,0.5709786062049446,0.11996449360634805,0.1510037734233529,0.033362998747988405,2.0596273024247207
1168,5.09375,0.0,1,1,3.748212608104191e-21,3.748212608104191e-21,0.5722608158824493,0.12226079775570906,0.15100377342335278,0.033362998747988405,2.0596273024247207
1169,5.09375,0.0,1,1,1.5271072970989949e-21,1.5271072970989949e-21,0.5733982634873579,0.12457986139460255,0.15100377342335242,0.03336299874798841,2.0596273024247207
1170,5.09375,0.0,1,1,6.226450785325462e-22,6.226450785325462e-22,0.5746531280323558,0.12686796554904595,0.15100377342335278,0.033362998747988405,2.3225338339634964
1171,5.09375,0.0,1,1,2.5406735449347913e-22,2.5406735449347913e-22,0.5759378563534895,0.1293164485821132,0.1510037734233529,0.033362998747988405,2.3225338339634964
1172,5.09375,0.0,1,1,1.0377024271960707e-22,1.0377024271960707e-22,0.5769194705336064,0.13171612925290127,0.15100377342335253,0.033362998747988405,2.3225338339634964
1173,5.09375,0.0,1,1,4.241251911927614e-23,4.241251911927614e-23,0.5779821170060567,0.13410407965370996,0.15100377342335264,0.033362998747988405,2.3225338339634964
1174,5.09375,0.0,1,1,1.734657921707122e-23,1.734657921707122e-23,0.5791001650991916,0.13658090396559747,0.15100377342335278,0.03336299874798841,2.3225338339634964
1175,5.09375,0.0,1,1,7.099517134359637e-24,7.099517134359637e-24,0.5802486417139008,0.13903295843167884,0.15100377342335264,0.03336299874798841,2.3225338339634964
1176,5.09375,0.0,1,1,2.9073959686974823e-24,2.9073959686974823e-24,0.5815154300710184,0.14148647500232903,0.1510037734233516,0.03336299874798841,2.3225338339634964
1177,5.09375,0.0,1,1,1.1915311347878802e-24,1.1915311347878802e-24,0.5826296549218409,0.1440159971932047,0.1510037734233522,0.03336299874798841,2.3225338339634964
1178,5.09375,0.0,1,1,4.8863344779296e-25,4.8863344779296e-25,0.5837390804779596,0.1465193334332713,0.1510037734233522,0.033362998747988405,2.3225338339634964
1179,5.09375,0.0,1,1,2.0049659719253207e-25,2.0049659719253207e-25,0.5849337633740657,0.14912937994435985,0.15100377342335242,0.033362998747988405,2.3225338339634964
1180,5.09375,0.0,1,1,8.231061509569751e-26,8.231061509569751e-26,0.5862655934745343,0.15198850467197217,0.1510037734233523,0.03336299874798841,2.2058468305861454
1181,5.09375,0.0,1,1,3.381087865228101e-26,3.381087865228101e-26,0.5876052997457635,0.15482722737556753,0.15100377342335278,0.03336299874798841,2.2058468305861454
1182,5.09375,0.0,1,1,1.3894740262982358e-26,1.3894740262982358e-26,0.5891363359812186,0.15766325386284136,0.15100377342335242,0.033362998747988405,2.2058468305861454
1183,5.09375,0.0,1,1,5.712813764204842e-27,5.712813764204842e-27,0.5908006324730809,0.16048963987653192,0.15100377342335322,0.033362998747988405,2.2058468305861454
1184,5.09375,0.0,1,1,2.350197934627281e-27,2.350197934627281e-27,0.5924002637437153,0.16328524058549482,0.15100377342335278,0.033362998747988405,2.2058468305861454
1185,5.09375,0.0,1,1,9.673707570589254e-28,9.673707570589254e-28,0.5939852756899954,0.16605425620275113,0.15100377342335206,0.033362998747988405,2.2058468305861454
1186,5.09375,0.0,1,1,3.9836858210427715e-28,3.9836858210427715e-28,0.5956422923149816,0.1688052453385612,0.15100377342335322,0.033362998747988405,2.2058468305861454
1187,5.09375,0.0,1,1,1.6413816186805846e-28,1.6413816186805846e-28,0.5972470939490641,0.17152409499401886,0.15100377342335206,0.033362998747988405,2.2058468305861454
1188,5.09375,0.0,1,1,6.766077628295104e-29,6.766077628295104e-29,0.5988918991400924,0.17421929059234015,0.15100377342335206,0.033362998747988405,2.2058468305861454
1189,5.09375,0.0,1,1,2.7901704014049724e-29,2.7901704014049724e-29,0.6006960118148119,0.17690293915372302,0.15100377342335264,0.033362998747988405,2.2058468305861454
1190,5.09375,0.0,1,1,1.151015252650429e-29,1.151015252650429e-29,0.6026803180654322,0.1795769245809627,0.15100377342335278,0.033362998747988405,1.9405140064368445
1191,5.09375,0.0,1,1,4.750298123407308e-30,4.750298123407308e-30,0.6047121806147672,0.18222547655205948,0.15100377342335242,0.033362998747988405,1.9405140064368445
1192,5.09375,0.0,1,1,1.961305344951472e-30,1.961305344951472e-30,0.6067958143441575,0.18487166456090262,0.15100377342335206,0.033362998747988405,1.9405140064368445
1193,5.09375,0.0,1,1,8.102175558765363e-31,8.102175558765363e-31,0.6087459684545561,0.1876498748901445,0.15100377342335253,0.033362998747988405,1.9405140064368445
1194,5.09375,0.0,1,1,3.3485887914638598e-31,3.3485887914638598e-31,0.6106516791980598,0.190390870202503,0.1510037734233523,0.033362998747988405,1.9405140064368445
1195,5.09375,0.0,1,1,1.3845610214005334e-31,1.3845610214005334e-31,0.6125542865489869,0.19309762209702125,0.1510037734233529,0.033362998747988405,1.9405140064368445
1196,5.09375,0.0,1,1,5.727596827755068e-32,5.727596827755068e-32,0.6143700050501844,0.19575830663045127,0.1510037734233522,0.033362998747988405,1.9405140064368445
1197,5.09375,0.0,1,1,2.3703074336880694e-32,2.3703074336880694e-32,0.6162310252746234,0.1983871566807313,0.15100377342335206,0.033362998747988405,1.9405140064368445
1198,5.09375,0.0,1,1,9.812822930839118e-33,9.812822930839118e-33,0.6181836556709713,0.20098854523989937,0.1510037734233529,0.033362998747988405,1.9405140064368445
1199,5.09375,0.0,1,1,4.064056980842815e-33,4.064056980842815e-33,0.6201527883418734,0.20355109318873155,0.1510037734233523,0.0333629987479884,1.9405140064368445
