t,mean_deg,locked_frac,S95,peaks,L_flow,P_press,g_flow,top10_flow,g_mem,top10_mem,dim_est
0,10.0,0.0,272,0,17.551605728250046,0.0645279622362134,0.2812065298510156,0.011394968819182828,0.28120652985101785,0.01139496881918283,1.2077682909853673
1,9.895833333333334,0.0,276,0,15.563005313513045,0.05638770041127915,0.2511686355640144,0.011783813589317604,0.2247360313716831,0.010685664556813456,1.2077682909853673
2,9.895833333333334,0.0,274,0,13.025048612958486,0.04753667376992148,0.23213026541201495,0.012045894060820876,0.1923702879565277,0.009454221520660031,1.2077682909853673
3,9.895833333333334,0.0,340,0,9.332791797378592,0.0274493876393488,0.27683438109305636,0.01299254512458867,0.15871684796824675,0.00836571668992082,1.2077682909853673
4,9.895833333333334,0.0,356,0,2.6231124546648883,0.007368293411980024,0.34478441723669256,0.018092993853216263,0.14478169751055797,0.00810647893782819,1.2077682909853673
5,9.895833333333334,0.0,359,0,0.8223587995184578,0.002290693034870356,0.2995001240942083,0.015224625372527221,0.14196056112094252,0.008055818193876785,1.2077682909853673
6,9.895833333333334,0.0,361,0,0.5223883711798241,0.001447059199944111,0.2950305716969669,0.01515846389975265,0.14044418438100317,0.00803314185580606,1.2077682909853673
7,9.791666666666666,0.0,363,0,0.3587728213910992,0.000988354879865287,0.29204558209579096,0.01510763624124304,0.1348893512972386,0.008051358827092072,1.2077682909853673
8,9.791666666666666,0.0,363,0,0.2519037252875039,0.0006939496564394046,0.29126619574576207,0.015122592504558025,0.13422078326443831,0.008043410913232431,1.2077682909853673
9,9.791666666666666,0.0,364,0,0.17838466039002832,0.0004900677483242536,0.29093714534647225,0.015224472704281964,0.1337569222407249,0.008037864402904592,1.2077682909853673
10,9.791666666666666,0.0,364,0,0.12709859312532312,0.00034917195913550307,0.2909034508891599,0.015329260292395588,0.13343112579043656,0.0080341483266729,1.2247003875126576
11,9.791666666666666,0.0,365,0,0.090994038132,0.00024929873460821916,0.2910099880758613,0.015426940227146113,0.13320034151737276,0.008032005833564454,1.2247003875126576
12,9.791666666666666,0.0,365,0,0.06540007789370175,0.00017917829559918288,0.29120688436991576,0.015513462937909315,0.13303561549171178,0.008030501140748441,1.2247003875126576
13,9.6875,0.0,365,0,0.04659563980946293,0.0001276592871492135,0.29185869923958624,0.015795866740346748,0.12938444929286158,0.008070434581316012,1.2247003875126576
14,9.6875,0.0,365,0,0.03376230362146848,9.249946197662598e-05,0.292160827572035,0.015847858060356247,0.12930162590105515,0.008069695145182281,1.2247003875126576
15,9.6875,0.0,365,0,0.02456851206569885,6.731099196081876e-05,0.292416535244847,0.01588787485200603,0.12924116870580357,0.008069163640448419,1.2247003875126576
16,9.6875,0.0,365,0,0.017928040807050412,4.9117920019316194e-05,0.29267208010837775,0.015918189577321235,0.1291969139544983,0.008068779577387249,1.2247003875126576
17,9.6875,0.0,365,0,0.013112560342410574,3.592482285591938e-05,0.2928764419738275,0.01596520374591362,0.129164439935078,0.008068500391910694,1.2247003875126576
18,9.6875,0.0,365,0,0.009610062320990856,2.6328937865728373e-05,0.29298855167828913,0.01603014708989274,0.12914055352306805,0.008068296188023662,1.2247003875126576
19,9.583333333333334,0.0,365,0,0.006982070904882638,1.9128961383240104e-05,0.2936103349924439,0.016281863938990476,0.12599333795193104,0.008113370377479882,1.2247003875126576
20,9.583333333333334,0.0,365,0,0.005143742216652867,1.4092444429185937e-05,0.2932950967848908,0.01632877653823072,0.12598052170231921,0.008113260896546001,1.251613601220356
21,9.583333333333334,0.0,365,0,0.0037995512168160234,1.040972936113979e-05,0.2931308873794319,0.016397676951404847,0.12597098152766253,0.008113178039887526,1.251613601220356
22,9.583333333333334,0.0,365,0,0.00281173753501655,7.703390506894657e-06,0.2930334604965021,0.016458417923545337,0.12596387292717023,0.008113115000543965,1.251613601220356
23,9.583333333333334,0.0,365,0,0.0020838938803566446,5.7092983023469715e-06,0.29298068360741564,0.016506301288078395,0.12595857197972293,0.00811306689684119,1.251613601220356
24,9.583333333333334,0.0,365,0,0.001546504730121404,4.236999260606586e-06,0.2929794534910511,0.01654192360730558,0.12595461572041997,0.008113030126317778,1.251613601220356
25,9.479166666666666,0.0,364,1,0.1942630221077345,0.0005336896211750948,0.9905241181700946,0.9941737765460276,0.12527923964344054,0.009336389702459097,1.251613601220356
26,9.479166666666666,0.0,364,1,0.16098880403316534,0.00044227693415704763,0.9593172797643712,0.335632398565994,0.12567954045958726,0.010219291145086514,1.251613601220356
27,9.479166666666666,0.0,364,0,0.1450319334269599,0.00039843937754659316,0.8610107087143722,0.2228019263984076,0.1258506057445758,0.010736332769586746,1.251613601220356
28,9.479166666666666,0.0,365,0,0.12255491802518215,0.00033576689869912915,0.7708937124169828,0.17499942773841945,0.12591888883778535,0.011073309452440836,1.251613601220356
29,9.479166666666666,0.0,365,0,0.09977799612396451,0.0002733643729423685,0.7152719456164085,0.15064601879474712,0.125942236181862,0.011306079110759523,1.251613601220356
30,9.479166666666666,0.0,365,0,0.07987863964377773,0.00021884558806514447,0.6774482270197003,0.13623088483944057,0.12594490071571976,0.011472680157864875,1.2606006103581286
31,9.375,0.0,365,0,0.0630513912487782,0.0001727435376678855,0.6514412276870427,0.1276087009952731,0.12335161605365985,0.01166804823838668,1.2606006103581286
32,9.375,0.0,365,0,0.04987622393271967,0.0001366471888567662,0.6323302785625676,0.12100827131187768,0.12334046391273344,0.01175953514616706,1.2606006103581286
33,9.375,0.0,365,0,0.03940296416298924,0.00010795332647394312,0.6173722751777215,0.11607022073290135,0.12332839924835551,0.011828454777956778,1.2606006103581286
34,9.375,0.0,365,0,0.031120341745037146,8.526121026037574e-05,0.60507068096104,0.11219143528107951,0.12331673877332516,0.01188081041109382,1.2606006103581286
35,9.375,0.0,365,0,0.024572975679358285,6.732322103933777e-05,0.5951910974824556,0.109061998970423,0.12330606065065,0.011920831918601804,1.2606006103581286
36,9.375,0.0,365,0,0.0193994675453171,5.3149226151553704e-05,0.5873907539724031,0.10647326421849945,0.12329660646350855,0.011951568931981278,1.2606006103581286
37,9.270833333333334,0.0,365,0,0.015106120373521765,4.13866311603336e-05,0.5824807545437738,0.10570909152064499,0.12089685441403553,0.01205468785985784,1.2606006103581286
38,9.270833333333334,0.0,365,0,0.011973981489595758,3.2805428738618516e-05,0.5756422887393386,0.10334183762877508,0.1208908266724499,0.012073124975602468,1.2606006103581286
39,9.270833333333334,0.0,365,0,0.00950983424877743,2.6054340407609396e-05,0.5691001325405182,0.10098822759735564,0.12088529502989434,0.012087387960752557,1.2606006103581286
40,9.270833333333334,0.0,365,0,0.007554355157893281,2.069686344628296e-05,0.5635119887558616,0.09880054577931975,0.12088038776932326,0.012098438306556858,1.3153077924880938
41,9.270833333333334,0.0,365,0,0.006000518765011641,1.6439777438388057e-05,0.5587433806493048,0.09677543022564161,0.12087612780176557,0.012107010472860709,1.3153077924880938
42,9.270833333333334,0.0,365,0,0.004766563597605245,1.3059078349603411e-05,0.554293087422266,0.0948729701277765,0.12087248359555092,0.012113666965449774,1.3153077924880938
43,9.177083333333334,0.0,365,0,0.0037616369449151024,1.030585464360302e-05,0.5507334115627529,0.09368929301654937,0.1196784048140306,0.01220306160272682,1.3153077924880938
44,9.177083333333334,0.0,365,0,0.002987913909792743,8.186065506281488e-06,0.5474464363803238,0.09197821104870588,0.11967572341970693,0.012207112541590813,1.3153077924880938
45,9.177083333333334,0.0,365,0,0.0023762487941896347,6.510270669012697e-06,0.5438226893242392,0.09022273443495567,0.11967347547643245,0.012210263645993272,1.3153077924880938
46,9.177083333333334,0.0,365,0,0.0018899871766092425,5.178047059203404e-06,0.5403887026484405,0.0885301159893698,0.11967159648605956,0.01221271586130773,1.3153077924880938
47,9.177083333333334,0.0,365,0,0.0015029816941806082,4.1177580662482416e-06,0.5372489556486805,0.08691772729836185,0.11967003355302999,0.012214625017311753,1.3153077924880938
48,9.177083333333334,0.0,365,0,0.0011948980320005674,3.273693238357719e-06,0.5344362621572191,0.08538770372252458,0.11966873966690363,0.012216111973614358,1.3153077924880938
49,9.078125,0.0,365,0,0.0009385412913120086,2.571346003594544e-06,0.5308729888774791,0.08493214231819829,0.1172901873940868,0.012296070393700355,1.3153077924880938
50,9.078125,0.0,364,1,0.19283202152775075,0.0005297583009004141,0.992610828388049,0.9961411841559151,0.11927771004508184,0.012256667667129087,1.438589633009388
51,9.078125,0.0,365,0,0.1533602464403229,0.0004201650587406107,0.9624583649459079,0.3581281733181861,0.11972709046165601,0.012225476476609758,1.438589633009388
52,9.078125,0.0,365,0,0.13938433781848852,0.00038187489813284526,0.8696525491209647,0.22948934967759446,0.11991072918509926,0.012237000608989341,1.438589633009388
53,9.078125,0.0,365,0,0.1195766381765615,0.0003276072278809904,0.7822034570630301,0.17574011097547185,0.1199971448188193,0.01227296166621783,1.438589633009388
54,9.078125,0.0,365,0,0.09952904869310963,0.0002726823251866017,0.7212376628025571,0.14718675864759687,0.12003720022792665,0.012322490459463178,1.438589633009388
55,8.989583333333334,0.0,365,0,0.08151503084274783,0.00022332885162396667,0.6788534361233408,0.12975629593112112,0.1191739187902604,0.012443137236022167,1.438589633009388
56,8.989583333333334,0.0,365,0,0.06633206590579371,0.00018173168741313347,0.6478038554630458,0.11779495321594102,0.11916919254331607,0.012467925077973856,1.438589633009388
57,8.989583333333334,0.0,365,0,0.053789156459935775,0.00014736755194502953,0.6244221001097716,0.10902046926186217,0.11915837444457268,0.01248967847384495,1.438589633009388
58,8.989583333333334,0.0,365,0,0.04351206234036345,0.00011921112969962588,0.6067329840527425,0.10230424878697837,0.11914512453581957,0.012510158786471727,1.438589633009388
59,8.989583333333334,0.0,365,0,0.03514534406376969,9.628861387334163e-05,0.5928898812010291,0.09696227948891378,0.11913119609253882,0.012525587302179453,1.438589633009388
60,8.989583333333334,0.0,365,0,0.028355944862819917,7.768752017210936e-05,0.5819078208878443,0.0925921628066013,0.11911776382358005,0.012537301430396074,1.3589359034087347
61,8.895833333333334,0.0,365,0,0.022741945007939517,6.230669865188909e-05,0.5734283622656783,0.08938959557040956,0.11696612898885203,0.012626462450033961,1.3589359034087347
62,8.895833333333334,0.0,365,0,0.018315181580929492,5.017857967377943e-05,0.5661820588141917,0.08654382798409861,0.11695476282683831,0.012633371956068703,1.3589359034087347
63,8.895833333333334,0.0,365,0,0.014765198008407972,4.0452597283309513e-05,0.5595030999001653,0.08406544301825299,0.11694484645434826,0.012638692118749687,1.3589359034087347
64,8.895833333333334,0.0,365,0,0.011901779767223303,3.260761580061179e-05,0.5537092976719411,0.08185328655911368,0.11693629649078106,0.012642800210555992,1.3589359034087347
65,8.895833333333334,0.0,365,0,0.009591396254348288,2.6277797957118597e-05,0.5486953633726047,0.07986560793570853,0.11692896890612187,0.012647044174028899,1.3589359034087347
66,8.895833333333334,0.0,365,0,0.0077270080809476865,2.1169885153281333e-05,0.5444612522811826,0.07807047681126274,0.11692274081152461,0.01265051340695144,1.3589359034087347
67,8.817708333333334,0.0,365,0,0.006215938528994336,1.7029968572587222e-05,0.5422989516866703,0.07652464556733501,0.1168141463925052,0.012740930429880936,1.3589359034087347
68,8.817708333333334,0.0,365,0,0.0049918279080394335,1.3676240843943653e-05,0.5381494917816022,0.0752861384101131,0.11680938842461844,0.012743054828877417,1.3589359034087347
69,8.817708333333334,0.0,365,0,0.004019115002025902,1.1011273978153156e-05,0.53476909012123,0.0740104116074935,0.11680545960286723,0.012744716938948342,1.3589359034087347
70,8.817708333333334,0.0,365,0,0.0032385073765506863,8.872622949453936e-06,0.5314321370764098,0.0727476533090012,0.11680220031963502,0.012746017598474818,1.4476930242734003
71,8.817708333333334,0.0,365,0,0.0026103169088394123,7.151553174902499e-06,0.5282384928800338,0.07152380464595569,0.11679949433766032,0.012747035769635208,1.4476930242734003
72,8.817708333333334,0.0,365,0,0.002104182438718447,5.76488339374917e-06,0.5252373717223653,0.07036411720149925,0.11679724643664467,0.012747833156394129,1.4476930242734003
73,8.729166666666666,0.0,365,0,0.0016823987624476236,4.609311677938695e-06,0.5237393166649701,0.06986076762582444,0.11439658802890583,0.012823581000640783,1.4476930242734003
74,8.729166666666666,0.0,365,0,0.0013573883742429324,3.7188722581998147e-06,0.5196657750631382,0.06876120958798579,0.11439508342470842,0.012824074044850088,1.4476930242734003
75,8.729166666666666,0.0,365,1,0.16109143392419567,0.00044134639431286487,0.9919391747602918,0.9933310901323722,0.1150808077831853,0.012789003313148384,1.4476930242734003
76,8.729166666666666,0.0,365,0,0.14155385941132675,0.0003878187929077445,0.970363467857653,0.45296415642273136,0.11543673841067686,0.012758277499448885,1.4476930242734003
77,8.729166666666666,0.0,365,0,0.13039039089081028,0.0003572339476460556,0.9062199171123623,0.2849164681460182,0.11550226434468414,0.012730043280392423,1.4476930242734003
78,8.729166666666666,0.0,365,0,0.11669341113380854,0.0003197079757090645,0.8302761263561489,0.21663892503980564,0.11549613165438911,0.012705112019757957,1.4476930242734003
79,8.666666666666666,0.0,365,0,0.10132949224428164,0.00027761504724460725,0.7706991179445138,0.1813730956488464,0.11656354923973225,0.012769421486613792,1.4476930242734003
80,8.666666666666666,0.0,365,0,0.08646239147109193,0.00023688326430436145,0.7260657212085478,0.16053154451554263,0.11652201053911071,0.012751695059484133,1.4772522375954056
81,8.666666666666666,0.0,365,0,0.07304087011455479,0.00020011197291658846,0.6928889500384579,0.14706603121331238,0.11648328113301787,0.012740438095666131,1.4772522375954056
82,8.666666666666666,0.0,365,0,0.06136099754265065,0.0001681123220346593,0.6679716831932263,0.1377807678581854,0.11644906863306631,0.012743736499441652,1.4772522375954056
83,8.666666666666666,0.0,365,0,0.051390912744342904,0.00014079702121737783,0.6489607031204361,0.13107128018767036,0.116419804626574,0.012753924247562892,1.4772522375954056
84,8.666666666666666,0.0,365,0,0.042976209962300796,0.00011774304099260491,0.6339256618605312,0.12602408797045286,0.11639492324843367,0.01276536841173487,1.4772522375954056
85,8.625,0.0,365,0,0.0358618168972767,9.825155314322384e-05,0.6227203571468529,0.12228633080119662,0.11747189019918991,0.012836575978107423,1.4772522375954056
86,8.625,0.0,365,0,0.02991158073877276,8.19495362706103e-05,0.6133166970672687,0.11936114482380836,0.11745303259698335,0.01284398785085189,1.4772522375954056
87,8.625,0.0,365,0,0.024978315130481852,6.843374008351192e-05,0.605542958580985,0.11685911166656779,0.1174374137881193,0.012850013292905742,1.4772522375954056
88,8.625,0.0,365,0,0.020856886158957567,5.714215386015772e-05,0.5995308621539869,0.1148102484774639,0.11742439964578837,0.012857880791962342,1.4772522375954056
89,8.625,0.0,365,0,0.017416577987426726,4.7716652020347194e-05,0.5946172931784736,0.11309884576133303,0.11741353636925958,0.012865663642989219,1.4772522375954056
90,8.625,0.0,365,0,0.014546624034019797,3.9853764476766565e-05,0.5903644534964434,0.1116358404910875,0.11740441004507061,0.012872071984556236,1.4017488919587648
91,8.567708333333334,0.0,365,0,0.012146038225536367,3.327681705626402e-05,0.5866081030395425,0.1104196515896741,0.11512832047856371,0.012919687511010169,1.4017488919587648
92,8.567708333333334,0.0,365,0,0.010141136817562787,2.778393648647339e-05,0.5818319345527263,0.1093789036300221,0.11512143076124312,0.012924068387169358,1.4017488919587648
93,8.567708333333334,0.0,365,0,0.008476782457934068,2.3224061528586486e-05,0.5783084525859381,0.10835154618263579,0.11511563610006761,0.012927694935700394,1.4017488919587648
94,8.567708333333334,0.0,365,0,0.007087816500218504,1.9418675343064396e-05,0.5752969576406615,0.10740182331901357,0.11511072686863583,0.012930700007026124,1.4017488919587648
95,8.567708333333334,0.0,365,0,0.005926865113390842,1.6237986612029705e-05,0.5727574542740776,0.10653507287739267,0.11510655813185691,0.012933192198589545,1.4017488919587648
96,8.567708333333334,0.0,365,0,0.004956292897149134,1.3578884649723654e-05,0.5705517186083141,0.10573737437770409,0.11510302198148012,0.012935260414060866,1.4017488919587648
97,8.505208333333334,0.0,365,0,0.00415044049218862,1.1371069841612657e-05,0.5691301427286247,0.10485361272801363,0.11366677778799143,0.012996300072683806,1.4017488919587648
98,8.505208333333334,0.0,365,0,0.0034532666118219407,9.461004415950522e-06,0.568944356606932,0.10469421207053298,0.11366401573426875,0.012997842663261167,1.4017488919587648
99,8.505208333333334,0.0,365,0,0.0028857094058842066,7.906053166806046e-06,0.5669558180575389,0.10411855142429931,0.11366172866544688,0.012999619443182514,1.4017488919587648
100,8.505208333333334,0.0,364,1,0.18192000179890414,0.0004997802247222641,0.9887134769843396,0.9869348114025158,0.11538179160906706,0.012960609917760126,1.5173156760700728
101,8.505208333333334,0.0,365,1,0.1397866195493286,0.00038297703986117426,0.9616101833707316,0.39649652234181376,0.11568954540062074,0.012930886697600924,1.5173156760700728
102,8.505208333333334,0.0,365,0,0.1287167693707705,0.00035264868320759044,0.8876112461716401,0.2604962043964029,0.11580406926853552,0.012903380965017093,1.5173156760700728
103,8.458333333333334,0.0,365,0,0.11386524596422032,0.00031195957798416525,0.8119553819941051,0.2007300720160874,0.11653510296297707,0.01294443882158173,1.5173156760700728
104,8.458333333333334,0.0,365,0,0.09845221346133512,0.0002697320916748907,0.7534019968198999,0.16771634434405205,0.11654079233576391,0.012923687298810733,1.5173156760700728
105,8.458333333333334,0.0,365,0,0.08385730753492808,0.00022974604804089886,0.7095942786711985,0.14725357448716336,0.11653117940461985,0.012906217631783252,1.5173156760700728
106,8.458333333333334,0.0,365,0,0.07078008501539046,0.00019391804113805605,0.6770586549296285,0.13345400347305172,0.11651464646682941,0.012891652860756676,1.5173156760700728
107,8.458333333333334,0.0,365,0,0.059446287347277554,0.00016286654067747275,0.6524927417190822,0.12349608995910692,0.11649541038338056,0.012891835015548133,1.5173156760700728
108,8.458333333333334,0.0,365,0,0.04981660210479018,0.0001364838413829868,0.6327267279635032,0.11587172174611464,0.11647574084663137,0.012902373500278324,1.5173156760700728
109,8.395833333333334,0.0,365,0,0.042097243406158336,0.00011533491344152968,0.6204040659005271,0.11225241724896273,0.11416165472785826,0.012968103007048678,1.5173156760700728
110,8.395833333333334,0.0,365,0,0.03483585513393184,9.544069899707353e-05,0.6032746346402496,0.10531662121578039,0.11413736571549188,0.012984497768414939,1.4255824995481603
111,8.395833333333334,0.0,365,0,0.028986272560746523,7.941444537190828e-05,0.5913649100362843,0.10166351739604287,0.11411645393119446,0.012999626738323255,1.4255824995481603
112,8.395833333333334,0.0,365,0,0.02416629077398177,6.620901581912814e-05,0.582559309957467,0.09826660572149978,0.11409833043421741,0.013011693121996704,1.4255824995481603
113,8.395833333333334,0.0,365,0,0.020172127347222936,5.526610232115873e-05,0.5752949672001735,0.09515489816141476,0.11408252945317268,0.01302134253680094,1.4255824995481603
114,8.395833333333334,0.0,365,0,0.01684905107242799,4.616178376007669e-05,0.569109868458714,0.09232113211904311,0.11406876340072669,0.013029079694615461,1.4255824995481603
115,8.34375,0.0,365,0,0.01433905115846714,3.9285071667033264e-05,0.5715155842598112,0.09149808688201147,0.11429617433588306,0.013103445742533242,1.4255824995481603
116,8.34375,0.0,365,0,0.011790890639234433,3.23038099705053e-05,0.5605520484831437,0.08757904981442145,0.11428300351107386,0.013108505305814876,1.4255824995481603
117,8.34375,0.0,365,0,0.009802912398731798,2.6857294243100815e-05,0.553483234372924,0.08568156943077022,0.11427253482130031,0.013112612215590253,1.4255824995481603
118,8.34375,0.0,365,0,0.008175148580218507,2.2397667343064404e-05,0.5474505724762371,0.08379835296891648,0.11426381828133256,0.013115941709132353,1.4255824995481603
119,8.34375,0.0,365,0,0.006825338056409476,1.8699556318930072e-05,0.5421859749270087,0.08194015698715777,0.11425647494857398,0.01311864129885514,1.4255824995481603
120,8.34375,0.0,365,0,0.00570077118313181,1.5618551186662493e-05,0.5375783893286011,0.08016156363074409,0.11425023663520555,0.013120831587225844,1.4722071382755597
121,8.322916666666666,0.0,365,0,0.0048276842057771545,1.3226532070622341e-05,0.5382938424452819,0.07890171456095829,0.11687257402963604,0.013180495961241505,1.4722071382755597
122,8.322916666666666,0.0,365,0,0.0039710283934192596,1.0879529844984273e-05,0.5315200251136835,0.07712711908170622,0.11686743303524362,0.013181939352763879,1.4722071382755597
123,8.322916666666666,0.0,365,0,0.003298599162062042,9.037257978252169e-06,0.5285097767402974,0.07599437535473957,0.11686329797106303,0.013183111951989561,1.4722071382755597
124,8.322916666666666,0.0,365,0,0.002749327497379071,7.532404102408413e-06,0.5255633106560589,0.07463714851936923,0.11685986320501439,0.013184063356168474,1.4722071382755597
125,8.322916666666666,0.0,364,1,0.18145810888896913,0.0004985112881565086,0.9881661797534823,0.9874047074262846,0.11900371912598087,0.013255889895490808,1.4722071382755597
126,8.322916666666666,0.0006257822277847309,364,1,0.133633531144253,0.0003671250855611346,0.9597688711115365,0.40500956570969676,0.11949648005761947,0.01328898332840167,1.4722071382755597
127,8.28125,0.0006289308176100629,364,0,0.12726529365873748,0.0003496299276338942,0.88214488351061,0.2602940324677895,0.11720448729383003,0.01332680359423105,1.4722071382755597
128,8.28125,0.0006289308176100629,364,0,0.11151327476445858,0.0003063551504518093,0.8080169207766604,0.20258772447159654,0.1173190207752378,0.013333288732068934,1.4722071382755597
129,8.28125,0.0006289308176100629,365,0,0.09593232834140716,0.00026282829682577305,0.7508538408655276,0.16978635657997812,0.11738551836719921,0.01333667490555466,1.4722071382755597
130,8.28125,0.0006289308176100629,365,0,0.0813119214507684,0.0002227723875363518,0.7086992440807823,0.14922723129302246,0.11742451405899508,0.013339588803034201,1.448215634825257
131,8.28125,0.0006289308176100629,365,0,0.06836646928728697,0.00018730539530763553,0.6769983624947509,0.13515654006681577,0.11744724756470679,0.013341130456891793,1.448215634825257
132,8.28125,0.0006289308176100629,365,0,0.05726612139835907,0.00015689348328317554,0.6519703908108965,0.12479568696019226,0.11745961755377506,0.013352200654270334,1.448215634825257
133,8.244791666666666,0.0006317119393556538,365,0,0.048521364497682594,0.00013293524519913038,0.6339515083169709,0.11521724760787956,0.11758424084143661,0.013421583665299186,1.448215634825257
134,8.244791666666666,0.0006317119393556538,365,0,0.040208989154723485,0.0001101616141225301,0.6155388862286093,0.10958481121537607,0.11757941173329094,0.013443133370782637,1.448215634825257
135,8.244791666666666,0.0006317119393556538,365,0,0.03347977887390881,9.17254215723529e-05,0.6017588263209743,0.10450029539209901,0.11757464810798629,0.01346582515730176,1.448215634825257
136,8.244791666666666,0.0006317119393556538,365,0,0.027907766925017875,7.645963541100788e-05,0.5903727300793519,0.10009598343364653,0.11756935390188099,0.013488214545497446,1.448215634825257
137,8.244791666666666,0.0006317119393556538,365,0,0.023279791074833245,6.378024952009109e-05,0.5802776235020682,0.09622168344776977,0.11756361601690006,0.013506444063984416,1.448215634825257
138,8.244791666666666,0.0006317119393556538,365,0,0.019423463481248127,5.321496844177569e-05,0.5716658533856823,0.09279195226939105,0.11755768209228042,0.01352102528041125,1.448215634825257
139,8.213541666666666,0.0006341154090044388,365,0,0.0163954952446266,4.491916505377151e-05,0.5661820276198083,0.08869103760122199,0.11768067526524627,0.013575572748781742,1.448215634825257
140,8.213541666666666,0.0006341154090044388,365,0,0.013480784101735947,3.693365507324917e-05,0.5573179107737237,0.08722027768028542,0.11767382747638734,0.013585019655442704,1.530555551293315
141,8.213541666666666,0.0006341154090044388,365,0,0.011207135569008516,3.0704481010982235e-05,0.5493804729795028,0.08501846877432766,0.11766819651930756,0.013592653571362497,1.530555551293315
142,8.213541666666666,0.0006341154090044388,365,0,0.009341219790137474,2.559238298667801e-05,0.5433718497457602,0.08278374676086392,0.11766335908620618,0.013598826815410789,1.530555551293315
143,8.213541666666666,0.0006341154090044388,365,0,0.007800951747003014,2.1372470539734283e-05,0.5378537487765662,0.08063426568128015,0.11765910147515124,0.01360382189026124,1.530555551293315
144,8.213541666666666,0.0006341154090044388,365,0,0.006524595902652484,1.7875605212746534e-05,0.5324366721454699,0.07849502838386099,0.11765530043647578,0.013607865755317528,1.530555551293315
145,8.177083333333334,0.0006369426751592356,365,0,0.005553812875229229,1.5215925685559532e-05,0.5341641186019376,0.08040201063328455,0.11669733111062687,0.013647973427810291,1.530555551293315
146,8.177083333333334,0.0006369426751592356,365,0,0.004586747862995467,1.2566432501357444e-05,0.5275992730376217,0.07684707185161258,0.11669357066092118,0.013650636786137794,1.530555551293315
147,8.177083333333334,0.0006369426751592356,365,0,0.0038218012895538302,1.0470688464531042e-05,0.5230698327791217,0.07433727738085841,0.1166905632629016,0.013652802969033739,1.530555551293315
148,8.177083333333334,0.0006369426751592356,365,0,0.003191825985498136,8.744728727392153e-06,0.519099839617003,0.07222567506723485,0.11668803503799191,0.013654563403213839,1.530555551293315
149,8.177083333333334,0.0006369426751592356,365,0,0.002669091090470028,7.312578330054871e-06,0.5154840377401088,0.07029115388121443,0.1166858713302435,0.013655993890160397,1.530555551293315
150,8.177083333333334,0.0012738853503184713,364,1,0.09142680456383975,0.0002511725400105488,0.981889017188783,0.9756359623341991,0.11801590521022957,0.014186414165367818,1.4859458939693
151,8.114583333333334,0.005134788189987163,364,1,0.09458633896467684,0.00025985257957328805,0.9596119327095137,0.5461331435998698,0.11546992165069077,0.01498206212009403,1.4859458939693
152,8.114583333333334,0.007060333761232349,364,1,0.09589907212222319,0.000263458989346767,0.905411462822219,0.3883627179441447,0.11597937003740702,0.015535608233803911,1.4859458939693
153,8.114583333333334,0.007060333761232349,365,1,0.09160587409617005,0.00025097499752375354,0.8534286480741816,0.3120523007674001,0.11635052846263248,0.01595478711491907,1.4859458939693
154,8.114583333333334,0.007060333761232349,365,1,0.0848323764483137,0.00023241746972140742,0.8073839954970194,0.268238603031858,0.11663161874184427,0.016284482899120496,1.4859458939693
155,8.114583333333334,0.007060333761232349,365,0,0.0770147695964128,0.00021099936875729536,0.7701485303472427,0.24095814613845665,0.11685077727841535,0.016581254605025523,1.4859458939693
156,8.114583333333334,0.007060333761232349,365,0,0.06910418922519508,0.00018932654582245228,0.7407245286981157,0.22282619259839756,0.11702561351150119,0.01682776068739652,1.4859458939693
157,8.067708333333334,0.0071013557133634605,365,0,0.06219988982069517,0.00017041065704300048,0.718862921123888,0.20811397390331476,0.11809551698479379,0.017126857733179922,1.4859458939693
158,8.067708333333334,0.0071013557133634605,365,0,0.054850410066150525,0.00015027509607164528,0.6993763828815828,0.20042369294121726,0.11820438013332545,0.01730141781145534,1.4859458939693
159,8.067708333333334,0.0071013557133634605,365,0,0.048514896872641655,0.0001329175256784703,0.6835403563591886,0.1940203303270173,0.11829628232200333,0.017450178901611733,1.4859458939693
160,8.067708333333334,0.0071013557133634605,365,0,0.0429129044757267,0.00011756960130336083,0.6708548804567136,0.18906177861237114,0.11837414659730333,0.01757789019686158,1.5387074829763145
161,8.067708333333334,0.0071013557133634605,365,0,0.03795976953200024,0.00010399936858082258,0.6608070293476862,0.18523109412731983,0.11844063695532196,0.01768820434011865,1.5387074829763145
162,8.067708333333334,0.0071013557133634605,365,0,0.03359197657506006,9.203281253441112e-05,0.6526841193536026,0.18223743355009187,0.11849790137905328,0.017783981332052348,1.5387074829763145
163,8.020833333333334,0.007142857142857143,365,0,0.036362223751460324,9.962253082591869e-05,0.7100424390913761,0.31159705384512126,0.11791865476074746,0.01794060721610121,1.5387074829763145
164,8.020833333333334,0.007142857142857143,365,0,0.030528057431785417,8.363851351174088e-05,0.6907203834312455,0.23845250689122752,0.11786222370177218,0.01799937334921423,1.5387074829763145
165,8.020833333333334,0.007142857142857143,365,0,0.026628052923869286,7.29535696544364e-05,0.6758469412069158,0.21744546643102625,0.11781670874143892,0.018044495678810422,1.5387074829763145
166,8.020833333333334,0.007142857142857143,365,0,0.023311725527261917,6.386774117058059e-05,0.6673942069660518,0.20362469208137798,0.11777899610839032,0.01808027273121477,1.5387074829763145
167,8.020833333333334,0.007142857142857143,365,0,0.02042884174197813,5.5969429430077075e-05,0.6595906224173688,0.19240024397322392,0.11774727308043319,0.018109193727348448,1.5387074829763145
168,8.020833333333334,0.007142857142857143,365,0,0.017932752878907342,4.9130829805225596e-05,0.6515739226520347,0.18286842902810654,0.1177205023054035,0.018132872532010888,1.5387074829763145
169,7.96875,0.00718954248366013,365,0,0.015263101172951071,4.18167155423317e-05,0.6312771950013296,0.14801977757202434,0.11690160376286353,0.018234074423002893,1.5387074829763145
170,7.96875,0.00718954248366013,365,0,0.013270764639624467,3.6358259286642375e-05,0.6206869721046493,0.13729102898612391,0.11689255921620223,0.018251856640489436,1.5223928535890898
171,7.96875,0.00718954248366013,365,0,0.011587208677831987,3.174577719953969e-05,0.6112027782072961,0.12958510794938635,0.11688631399484468,0.018267813403927535,1.5223928535890898
172,7.96875,0.00718954248366013,365,0,0.010112684844729759,2.770598587597194e-05,0.6035295416870302,0.12398448216937459,0.11688198686282082,0.018282131335943926,1.5223928535890898
173,7.96875,0.00718954248366013,365,0,0.008823439054578799,2.417380562898301e-05,0.5975266746034202,0.119740260531113,0.11687909669879942,0.018294978659723595,1.5223928535890898
174,7.96875,0.00718954248366013,365,0,0.00770047754405578,2.1097198750837753e-05,0.592669236106964,0.11753663557472677,0.11687728207169225,0.01830650537114748,1.5223928535890898
175,7.927083333333333,0.007227332457293035,364,1,0.1782412665756408,0.0004896738092737384,0.9786919785149832,0.9623693647376644,0.11898415252220473,0.01834821578926159,1.5223928535890898
176,7.927083333333333,0.007227332457293035,365,0,0.13213932770320472,0.0003620255553512458,0.9503230221853411,0.43590501316155084,0.11952550533834311,0.01831690129433652,1.5223928535890898
177,7.927083333333333,0.007227332457293035,365,0,0.118792319006046,0.00032545840823574245,0.8828684456975452,0.2888488635680502,0.1197738694264963,0.018288568294370866,1.5223928535890898
178,7.927083333333333,0.007227332457293035,365,0,0.1052921869540886,0.00028847174507969477,0.8249452815127737,0.22271367218247853,0.11991238021594651,0.018263468937878807,1.5223928535890898
179,7.927083333333333,0.007227332457293035,365,0,0.09255683712727031,0.0002535803756911515,0.7730453687829392,0.18515529530258493,0.11999254852803588,0.018241497493349437,1.5223928535890898
180,7.927083333333333,0.007227332457293035,365,0,0.08053452992554304,0.0002206425477412138,0.7317548746771266,0.1610945946772245,0.1200388408567374,0.018222525053324574,1.6242603151331694
181,7.890625,0.007260726072607261,365,0,0.06987071558413026,0.00019142661803871303,0.6987839866584169,0.14389042928052262,0.12029406706707686,0.01827708471810432,1.6242603151331694
182,7.890625,0.007260726072607261,365,0,0.05990641783185491,0.00016412717214206823,0.6736420787479646,0.13209627505476512,0.12030342249270497,0.018263135342952673,1.6242603151331694
183,7.890625,0.007260726072607261,365,0,0.05146668802813875,0.0001410046247346267,0.6523422965374137,0.1226152885381111,0.12030630304066288,0.018251291435734365,1.6242603151331694
184,7.890625,0.007260726072607261,365,0,0.04421031582196716,0.00012112415293689633,0.634332343984175,0.11494003803933724,0.12030488564348248,0.01824123807573487,1.6242603151331694
185,7.890625,0.007260726072607261,365,0,0.03796296129659617,0.00010400811314135937,0.6191847222073592,0.10879901000515957,0.12030065745103988,0.018232710424797665,1.6242603151331694
186,7.890625,0.007260726072607261,365,0,0.03259417461477672,8.929910853363485e-05,0.6062086701154863,0.10407474230124938,0.12029422647309963,0.018225480049203116,1.6242603151331694
187,7.833333333333333,0.007313829787234043,365,0,0.02792514865042403,7.650725657650419e-05,0.5952619888741358,0.10036359490520384,0.11758710449846313,0.01828083407717315,1.6242603151331694
188,7.833333333333333,0.007313829787234043,365,0,0.02392768157595737,6.555529198892431e-05,0.5847010852330412,0.09728544975683703,0.11757988312685887,0.018275629971860753,1.6242603151331694
189,7.833333333333333,0.007313829787234043,365,0,0.020550449389896773,5.630260106821034e-05,0.5754920374925795,0.09432836794098823,0.11757250895443498,0.018271220612638927,1.6242603151331694
190,7.833333333333333,0.007313829787234043,365,0,0.01766907795541032,4.840843275454882e-05,0.5671294878317813,0.09156675593181507,0.11756494541376415,0.01826748039076885,1.5821592850757273
191,7.833333333333333,0.007313829787234043,365,0,0.015199594497891378,4.16427246517572e-05,0.5597774258758093,0.08900831686882622,0.11755735802773357,0.01826430694278193,1.5821592850757273
192,7.833333333333333,0.007313829787234043,365,0,0.013079947706012868,3.583547316715854e-05,0.5533296659478062,0.0867687136855697,0.11754990016198566,0.018261614463692885,1.5821592850757273
193,7.78125,0.007362784471218206,365,0,0.01142051894864851,3.1289093009995916e-05,0.552186909698185,0.08678360837678847,0.11748337522372314,0.018355897056520906,1.5821592850757273
194,7.78125,0.007362784471218206,365,0,0.009712047321042264,2.6608348824773327e-05,0.5445374168649367,0.0829825320420178,0.11747389923146472,0.018353927842079263,1.5821592850757273
195,7.78125,0.007362784471218206,365,0,0.008319933248476904,2.279433766706001e-05,0.5398467066388752,0.08167194794318465,0.11746566010670356,0.018352272915752376,1.5821592850757273
196,7.78125,0.007362784471218206,365,0,0.007148008059016046,1.9583583723331632e-05,0.5351603584339241,0.08012818288552845,0.11745832173505809,0.018350876791348086,1.5821592850757273
197,7.78125,0.007362784471218206,365,0,0.006148726694240643,1.6845826559563404e-05,0.5309064627145881,0.07853189832071514,0.11745173525797382,0.018349697529514732,1.5821592850757273
198,7.78125,0.007362784471218206,365,0,0.005294032407769177,1.45041983774498e-05,0.5267955697939175,0.07692140033811418,0.11744580947070023,0.018348700746378836,1.5821592850757273
199,7.739583333333333,0.007402422611036339,365,0,0.004614594439618645,1.2642724492105877e-05,0.5256863125217619,0.07709624500022999,0.11806405064026698,0.018437244020295288,1.5821592850757273
200,7.739583333333333,0.007402422611036339,364,1,0.1403364217832201,0.0003855396202835717,0.9817314993637447,0.972716883838306,0.11935420856376462,0.01839243813906976,1.5079363505729808
201,7.739583333333333,0.007402422611036339,364,1,0.11060561425787514,0.00030386157763152513,0.9604174018532998,0.493331743801777,0.11995335215223227,0.018357309037362515,1.5079363505729808
202,7.739583333333333,0.007402422611036339,365,1,0.10333189286736963,0.0002831010763489579,0.9110283542873718,0.3539354889666188,0.12035416925485069,0.018325049943277945,1.5079363505729808
203,7.739583333333333,0.007402422611036339,365,1,0.09498297845100277,0.00026022733822192543,0.861437648873906,0.28668487633311396,0.12066048174758519,0.01829579550061587,1.5079363505729808
204,7.739583333333333,0.007402422611036339,365,0,0.08672466586995806,0.00023760182430125496,0.8127665963498479,0.2454506059693228,0.12090184750793641,0.018269335848301704,1.5079363505729808
205,7.671875,0.00746775288526816,365,0,0.0788213396636422,0.00021594887579080054,0.7736921329557702,0.21750691144010578,0.11767096988535633,0.018316887684236106,1.5079363505729808
206,7.671875,0.00746775288526816,365,0,0.07024676196098686,0.00019245688208489552,0.7421006417244402,0.20061387335808165,0.11782074691149096,0.018295554662583497,1.5079363505729808
207,7.671875,0.00746775288526816,365,0,0.06240623044596279,0.00017097597382455558,0.7171499872671591,0.18840426515680553,0.11794432296370608,0.018276694414623988,1.5079363505729808
208,7.671875,0.00746775288526816,365,0,0.05528856167772684,0.00015147551144582697,0.6975084000029829,0.17944020587174275,0.11804680118723053,0.01826005580210585,1.5079363505729808
209,7.671875,0.00746775288526816,365,0,0.048908709947602644,0.00013399646560987026,0.6818168270448483,0.17268450720073714,0.11813236959108354,0.018245394471535472,1.5079363505729808
210,7.671875,0.009504412763068567,365,0,0.043232124665733646,0.00011844417716639355,0.6692664281156542,0.16749708293225873,0.1182044322275677,0.018232483867360184,1.6156699755031554
211,7.609375,0.009582477754962354,365,0,0.0382023635307316,0.00010466400967323727,0.6601372175988366,0.1634640321697053,0.11822225578257353,0.018339385808955836,1.6156699755031554
212,7.609375,0.01026694045174538,365,0,0.0334704609497059,9.169989301289287e-05,0.6520835027243197,0.16205061129070356,0.11827473950993667,0.01832933958493023,1.6156699755031554
213,7.609375,0.010951403148528405,365,0,0.029528127816176235,8.089898031829106e-05,0.6454135659975548,0.15991792358143608,0.11832056355091053,0.01832051450926413,1.6156699755031554
214,7.609375,0.01163586584531143,365,0,0.026127120588626665,7.15811522976073e-05,0.6394683982172048,0.15780776262047652,0.11836027175741458,0.018312738615963473,1.6156699755031554
215,7.609375,0.01163586584531143,365,0,0.023155250447386533,6.343904232160694e-05,0.6343538941271181,0.15590216824973432,0.11839472462248314,0.01830587594618742,1.6156699755031554
216,7.609375,0.01163586584531143,365,0,0.020544631163964877,5.6286660723191446e-05,0.6299331022863865,0.15422171272830335,0.11842466805672353,0.01829981244613657,1.6156699755031554
217,7.546875,0.011732229123533472,365,0,0.018350758915309535,5.027605182276585e-05,0.6282555518160383,0.15186536428109756,0.11785163848558199,0.0184050577144223,1.6156699755031554
218,7.546875,0.011732229123533472,365,0,0.016219701307420332,4.4437537828548856e-05,0.6238702236846834,0.15125672851543276,0.11787241396208539,0.018400250551836424,1.6156699755031554
219,7.546875,0.011732229123533472,365,0,0.014395404898887448,3.943946547640397e-05,0.6206028006743058,0.15033443354509643,0.11789096020247083,0.018396002714850233,1.6156699755031554
220,7.546875,0.011732229123533472,365,0,0.012797855766889146,3.5062618539422315e-05,0.6175003679865464,0.1494086030995452,0.1179073422424382,0.01839224264784667,1.6467834793774205
221,7.546875,0.011732229123533472,365,0,0.011389814683009945,3.1204971734273825e-05,0.6146091415056466,0.14853047179006273,0.11792173923864019,0.01838891078903262,1.6467834793774205
222,7.546875,0.011732229123533472,365,0,0.010141878063891399,2.77859672983326e-05,0.6124151652044059,0.14775299842084555,0.11793440553190172,0.01838595696933651,1.6467834793774205
223,7.473958333333333,0.011846689895470384,365,0,0.009038160556047252,2.476208371519795e-05,0.612754250177685,0.14700504588585872,0.11611362412047782,0.018495579977757477,1.6467834793774205
224,7.473958333333333,0.012543554006968641,365,0,0.008013640752180844,2.1955180142961216e-05,0.6110139401877541,0.1471359999433977,0.11612325623435166,0.018493236241029064,1.6467834793774205
225,7.473958333333333,0.012543554006968641,361,0,0.19701832331151486,0.0005457571282867447,0.9790151754205659,0.964013589246958,0.11813392789747666,0.018429232962737987,1.6467834793774205
226,7.473958333333333,0.012543554006968641,361,0,0.14384928130855312,0.0003984744634585959,0.939088555551004,0.35689098588182966,0.11851791774606142,0.01838282187585007,1.6467834793774205
227,7.473958333333333,0.012543554006968641,361,0,0.12427492318894015,0.0003442518647893079,0.8624040246584926,0.2489367376799798,0.11873841420948839,0.018343246129609386,1.6467834793774205
228,7.473958333333333,0.012543554006968641,361,0,0.1062779205968068,0.00029439867201331524,0.7983628901745706,0.19619301294501437,0.11887915201926512,0.01830991256652532,1.6467834793774205
229,7.447916666666667,0.012587412587412588,362,0,0.0901772162759092,0.0002491083322538928,0.7390651300024776,0.16458636637617277,0.12396888910874927,0.01841565112810171,1.6467834793774205
230,7.447916666666667,0.012587412587412588,362,0,0.07669577609545777,0.00021186678479408224,0.6935078209935694,0.1421200994894704,0.12402135043051972,0.018391952780195113,1.7584848265544164
231,7.447916666666667,0.012587412587412588,363,0,0.06514578413711528,0.00017946497007469774,0.6558045065774146,0.12571644233266951,0.12404994330803551,0.01837208077649615,1.7584848265544164
232,7.447916666666667,0.012587412587412588,363,0,0.0552949859278785,0.00015232778492528512,0.6247060245426936,0.11308805661952934,0.12406258023022601,0.01835541161524255,1.7584848265544164
233,7.447916666666667,0.012587412587412588,363,0,0.046936708554723955,0.00012930222742348196,0.5992450195405467,0.10292805702260162,0.12406444807498078,0.018341412371385115,1.7584848265544164
234,7.447916666666667,0.012587412587412588,364,0,0.03987674299242217,0.00010955149173742355,0.5780793797123953,0.0944397417034577,0.12405910469773536,0.018329632222927914,1.7584848265544164
235,7.40625,0.012658227848101266,364,0,0.03458285511874222,9.500784373280829e-05,0.5667661223273751,0.08905010239178363,0.1220369039118012,0.018367994028002533,1.7584848265544164
236,7.40625,0.012658227848101266,364,0,0.02911028307249566,7.997330514421884e-05,0.550943053486085,0.08106834007998676,0.12201490184323935,0.018359366366856093,1.7584848265544164
237,7.40625,0.012658227848101266,364,0,0.024701975739415506,6.786257071267996e-05,0.5367450450291226,0.07493197626863078,0.12199390051780346,0.018352023505190093,1.7584848265544164
238,7.40625,0.012658227848101266,365,0,0.021035306311041023,5.763097619463294e-05,0.5245303057635213,0.07006452808284674,0.12197364504253606,0.018345765652486645,1.7584848265544164
239,7.40625,0.012658227848101266,365,0,0.017960907587272562,4.9207965992527564e-05,0.5137918782517951,0.06554491074703003,0.1219542326288903,0.01834041997500944,1.7584848265544164
240,7.40625,0.012658227848101266,365,0,0.015370256704931907,4.21102923422792e-05,0.5043323563866546,0.06134650624108487,0.12193581636204617,0.0183358437642625,1.7105280228557245
241,7.34375,0.01276595744680851,365,0,0.01327913379672362,3.63811884841743e-05,0.5022613277169747,0.06102327129241092,0.11913011253830225,0.018409363400494115,1.7105280228557245
242,7.34375,0.01276595744680851,365,0,0.011255650392671627,3.0837398336086646e-05,0.49190075952620727,0.05534097038304339,0.11911299891147636,0.01840599487438735,1.7105280228557245
243,7.34375,0.01276595744680851,365,0,0.009648234264583461,2.6433518533105372e-05,0.4836786025412108,0.05156456926963758,0.11909777755733529,0.018403117347996146,1.7105280228557245
244,7.34375,0.01276595744680851,365,0,0.00829511801493476,2.2726350725848658e-05,0.4772807120153786,0.04837247339175149,0.1190840336692516,0.018400650390448536,1.7105280228557245
245,7.34375,0.01276595744680851,365,0,0.007144125988909145,1.9572947914819577e-05,0.4724456709407012,0.04548562057446547,0.11907160352001055,0.018398530904271345,1.7105280228557245
246,7.34375,0.01276595744680851,365,0,0.006162072717342395,1.688239100641752e-05,0.4687741353947798,0.042858240697999955,0.11906037691391319,0.018396706691114012,1.7105280228557245
247,7.302083333333333,0.012838801711840228,365,0,0.00539627512560029,1.4784315412603533e-05,0.4754658835682161,0.051513968181824334,0.12104938677161607,0.01851204483652556,1.7105280228557245
248,7.302083333333333,0.012838801711840228,365,0,0.004610069675064128,1.2630327876888023e-05,0.465570065267345,0.04360513681283072,0.12103948932585001,0.018510666679914328,1.7105280228557245
249,7.302083333333333,0.012838801711840228,365,0,0.003971980010367841,1.0882137014706415e-05,0.46168340827715676,0.04161801579881962,0.12103101399846397,0.018509481783882266,1.7105280228557245
250,7.302083333333333,0.012838801711840228,360,1,0.15282964612619115,0.00042452679479497543,0.9823443586625458,0.9778426072535156,0.12258898935382462,0.018459406138342748,1.7011630563900628
251,7.302083333333333,0.012838801711840228,360,0,0.11122742768128437,0.00030896507689245656,0.9562164375939141,0.4834715145018657,0.12339972694551116,0.01842314136344484,1.7011630563900628
252,7.302083333333333,0.012838801711840228,360,0,0.10347263111055532,0.00028742397530709813,0.903858038475354,0.3363448069054866,0.12394781341286751,0.018389714211948984,1.7011630563900628
253,7.260416666666667,0.01291248206599713,361,0,0.09450558328487701,0.0002617883193486898,0.8518287600084347,0.2662580447678162,0.1240520440037889,0.01843770432775659,1.7011630563900628
254,7.260416666666667,0.01291248206599713,361,0,0.08569144663331851,0.00023737242834714268,0.8029716250006654,0.22381104051030273,0.12435420724579604,0.018410253369081142,1.7011630563900628
255,7.260416666666667,0.01291248206599713,361,0,0.07683997841225423,0.0002128531257957181,0.7618221020728854,0.19648484101155256,0.1245832900919934,0.018385843665753836,1.7011630563900628
256,7.260416666666667,0.01291248206599713,361,0,0.06837419581367538,0.0001894022044700149,0.7277132008393887,0.17767267959126712,0.12475918628154617,0.01836431602580047,1.7011630563900628
257,7.260416666666667,0.01291248206599713,361,0,0.060546050382148345,0.0001677175910862835,0.6995482787657084,0.16401356048429436,0.1248947821978537,0.018345425928005362,1.7011630563900628
258,7.260416666666667,0.01291248206599713,362,0,0.05346312996800187,0.00014768820433149689,0.6761853874772827,0.15364771847433123,0.12499973527554455,0.01832889752606165,1.7011630563900628
259,7.208333333333333,0.01300578034682081,362,0,0.04729587715661985,0.00013065159435530344,0.6566215519431219,0.14500267550597512,0.12355249013194619,0.01839351980112841,1.7011630563900628
260,7.208333333333333,0.01300578034682081,363,0,0.04143766445326373,0.0001141533456012775,0.6410128947883099,0.13918646410993532,0.12361454592858515,0.018380827782671774,1.531877555870243
261,7.208333333333333,0.013728323699421965,363,0,0.03643826217816254,0.0001003808875431475,0.6275212835424783,0.13390936149131602,0.12366415452962695,0.01836976452558987,1.531877555870243
262,7.208333333333333,0.013728323699421965,363,0,0.032098289269957295,8.842503931117712e-05,0.6153892307924265,0.1292360307074184,0.12370353564444034,0.018360101360259284,1.531877555870243
263,7.208333333333333,0.013728323699421965,363,0,0.02829983381275167,7.796097469077596e-05,0.6050080198688641,0.12519692095799803,0.12373478074470336,0.018351652090295763,1.531877555870243
264,7.208333333333333,0.013728323699421965,364,0,0.024976907647640677,6.861787815285901e-05,0.5955986933287144,0.12154892577343102,0.12375935899040041,0.01834425502732727,1.531877555870243
265,7.145833333333333,0.014577259475218658,364,0,0.022069331753446202,6.063003228968737e-05,0.5885785626952006,0.11819187600237804,0.12217399115221433,0.018437706435442052,1.531877555870243
266,7.145833333333333,0.015306122448979591,364,0,0.019394911867549814,5.3282724910851137e-05,0.5811848057462927,0.11581598664299829,0.12218922437511147,0.01843199010351531,1.531877555870243
267,7.145833333333333,0.015306122448979591,364,0,0.017142326700463933,4.709430412215366e-05,0.5735767890560852,0.11304733302469619,0.12220151449326579,0.01842697730008445,1.531877555870243
268,7.145833333333333,0.016034985422740525,364,0,0.015176287800228887,4.1693098352277164e-05,0.566827677013694,0.110345259052811,0.1222111300500028,0.01842257297968858,1.531877555870243
269,7.145833333333333,0.016034985422740525,364,0,0.01344712056328848,3.694263891013319e-05,0.561053430407216,0.10777088473406297,0.12221850095187989,0.018418699132343407,1.531877555870243
270,7.145833333333333,0.016034985422740525,365,0,0.011925373652933814,3.267225658338031e-05,0.5558007112265604,0.10529508759452111,0.12222403919562999,0.018415288100672358,1.618972988983386
271,7.09375,0.016152716593245228,365,0,0.01072490009363015,2.9383287927753833e-05,0.5533534237359329,0.1015550202824832,0.12311165338025264,0.01853384706334491,1.618972988983386
272,7.09375,0.016886930983847283,365,0,0.009392289055649167,2.5732298782600458e-05,0.550308032048617,0.1006795698012318,0.123112525091309,0.01853115939680122,1.618972988983386
273,7.09375,0.016886930983847283,365,0,0.00830454371962146,2.275217457430537e-05,0.5461899459507146,0.09896145944049857,0.12311323779021348,0.01852879956462724,1.618972988983386
274,7.09375,0.016886930983847283,365,0,0.007363517416770755,2.0174020319919877e-05,0.5424762662270092,0.09706258074720542,0.12311356187765037,0.01852672061885082,1.618972988983386
275,7.09375,0.01762114537444934,362,1,0.14102821544074934,0.0003895807056374291,0.9725190941291857,0.9543572514518637,0.12486827356974473,0.01848044971874413,1.618972988983386
276,7.09375,0.01762114537444934,362,0,0.1054816959033903,0.00029138590028560856,0.9461878721508341,0.523228920028734,0.12560362418684629,0.018446038926618825,1.618972988983386
277,7.052083333333333,0.01846381093057607,362,0,0.0982149661528667,0.0002713120611957644,0.8928416886319039,0.36596026845932655,0.12708085604919905,0.018516359596119466,1.618972988983386
278,7.052083333333333,0.01846381093057607,362,0,0.09087655454705167,0.00025104020593108193,0.8461148079724097,0.2855857246573568,0.1274403298773265,0.01848711671116335,1.618972988983386
279,7.052083333333333,0.01846381093057607,362,0,0.08347600337380784,0.0002305966944027841,0.8001737443014488,0.23672149786475072,0.1277151847060137,0.01846056361855217,1.618972988983386
280,7.052083333333333,0.01846381093057607,363,0,0.0759123279942468,0.00020912487050756695,0.7612183318795285,0.20480669506189875,0.1279267747426405,0.01843666369980444,1.693055980755517
281,7.052083333333333,0.019202363367799114,363,0,0.06853024250191794,0.0001887885468372395,0.7287147579348727,0.18254068889766947,0.1280916890857012,0.018415281709826384,1.693055980755517
282,7.052083333333333,0.019940915805022157,363,0,0.06156453303597237,0.00016959926456190736,0.7015775880988101,0.16617281317495974,0.12822222571893999,0.018396224064319688,1.693055980755517
283,7.0,0.020089285714285716,363,0,0.055157755129679506,0.00015194973864925484,0.6786053476391694,0.15357932682941422,0.12684268796262543,0.018461865233941336,1.693055980755517
284,7.0,0.023809523809523808,363,0,0.0491734469141626,0.0001354640410858474,0.6594802111009171,0.14415701160938765,0.12692420508179275,0.018446703337343,1.693055980755517
285,7.0,0.023809523809523808,363,0,0.043866644966791254,0.00012084475197463155,0.6436188855638498,0.1362613281046971,0.1269896731848544,0.018433252816780002,1.693055980755517
286,7.0,0.023809523809523808,363,0,0.039131634826970636,0.0001078006469062552,0.6300399084403123,0.1297957006515433,0.12704216990195402,0.018421314027996325,1.693055980755517
287,7.0,0.023809523809523808,364,0,0.03491680390041045,9.592528544068805e-05,0.6178871516884415,0.12438704269240523,0.12708407627385096,0.018410709235699492,1.693055980755517
288,7.0,0.024553571428571428,364,0,0.03116963915130324,8.563087678929462e-05,0.6067480534194862,0.11963319200374778,0.12711725025424836,0.018401281438788403,1.693055980755517
289,6.921875,0.024830699774266364,364,0,0.027756529231912602,7.625420118657309e-05,0.5991222986995898,0.11573399653473906,0.12358052135727976,0.01849641412895465,1.693055980755517
290,6.921875,0.024830699774266364,364,0,0.024736511512234,6.795744920943407e-05,0.5898074096745183,0.11219454121998523,0.12360147252383559,0.018488902589414723,1.904349843784979
291,6.921875,0.024830699774266364,364,0,0.022069014850465994,6.062916167710438e-05,0.5822296557108397,0.1089101914009808,0.12361838153335203,0.018482224579002005,1.904349843784979
292,6.921875,0.024830699774266364,364,0,0.0197078351154485,5.414240416332006e-05,0.5752921852616086,0.10584932782108489,0.12363161961900211,0.018477398730301266,1.904349843784979
293,6.921875,0.024830699774266364,364,0,0.017612550992295497,4.83861290997129e-05,0.5689170909001761,0.10298618675375025,0.12364178853507454,0.018474218853604864,1.904349843784979
294,6.921875,0.024830699774266364,365,0,0.015748281794700458,4.314597751972728e-05,0.5632709742566652,0.10030719835787735,0.12364939229110532,0.01847132647632923,1.904349843784979
295,6.864583333333333,0.02503793626707132,365,0,0.014044212581930764,3.847729474501579e-05,0.5586513064930915,0.09809122399626954,0.12583219212988017,0.018626041027602045,1.904349843784979
296,6.864583333333333,0.02503793626707132,365,0,0.012536433146602403,3.4346392182472335e-05,0.5536917115955851,0.09594835207635335,0.12583499935885673,0.018623624449325575,1.904349843784979
297,6.864583333333333,0.02503793626707132,365,0,0.011218059211597149,3.07344087988963e-05,0.5491681177563621,0.09371970656737144,0.12583649860633708,0.01862143563370249,1.904349843784979
298,6.864583333333333,0.02503793626707132,365,0,0.010050433772362526,2.7535434992774043e-05,0.5450640298153882,0.09163090589707344,0.12583688745384813,0.018619451486066353,1.904349843784979
299,6.864583333333333,0.02503793626707132,365,0,0.009012464640829821,2.4691683947478962e-05,0.5412305685164621,0.08962655262399853,0.12583638446642764,0.018617652121506324,1.904349843784979
300,6.864583333333333,0.025796661608497723,364,1,0.14032807982225154,0.00038551670280838335,0.9672894662033522,0.9430440414629251,0.1274278096020335,0.01857174367776891,1.7673450902588967
301,6.833333333333333,0.025914634146341462,364,1,0.1094139702385929,0.00030058783032580464,0.9380908113477374,0.49649404610249986,0.13099738196293106,0.018652964691816994,1.7673450902588967
302,6.833333333333333,0.025914634146341462,364,1,0.09974421454235768,0.0002740225674240596,0.8857785848757561,0.36125121053942155,0.1313550327961241,0.018620229647832158,1.7673450902588967
303,6.833333333333333,0.025914634146341462,364,0,0.09084269639947157,0.0002495678472512955,0.8406954593181182,0.2899296852361361,0.13162113443541978,0.018590552609003455,1.7673450902588967
304,6.833333333333333,0.025914634146341462,365,0,0.08253113528521366,0.00022611269941154427,0.7967493392658898,0.2450813794916121,0.13182444945351426,0.018563785837113166,1.7673450902588967
305,6.833333333333333,0.025914634146341462,365,0,0.07463677419111148,0.0002044843128523602,0.7584868308839778,0.21461468443762727,0.13198049057951747,0.01853978399595654,1.7673450902588967
306,6.833333333333333,0.026676829268292682,365,0,0.06724446609395193,0.00018423141395603268,0.7254494980569778,0.19267528021659983,0.13210035366913855,0.018522185751192556,1.7673450902588967
307,6.791666666666667,0.026840490797546013,365,0,0.06168979814659753,0.0001690131456071165,0.7013238128660597,0.18165500930200362,0.13077469025382346,0.018580871892818374,1.7673450902588967
308,6.791666666666667,0.029141104294478526,365,0,0.05448159541658549,0.00014926464497694655,0.672054609711011,0.16547728509915713,0.13082847659333008,0.018574260001175,1.7673450902588967
309,6.791666666666667,0.0299079754601227,365,0,0.04844703762680949,0.00013273160993646437,0.6508733896468833,0.15364659324354696,0.13087153376158298,0.01856794129261537,1.7673450902588967
310,6.791666666666667,0.03067484662576687,365,0,0.043244474882238745,0.00011847801337599656,0.6330222600800891,0.14545215433162206,0.1309052431951068,0.01856194150393974,1.7581916382300986
311,6.791666666666667,0.032208588957055216,365,0,0.03868418851902558,0.00010598407813431666,0.6176055950216158,0.13820346381711454,0.13093135422918328,0.01855626682469502,1.7581916382300986
312,6.791666666666667,0.032208588957055216,365,0,0.034662534549153544,9.496584807987272e-05,0.6038362363679546,0.13175323016799154,0.13095102512171022,0.018550938446542115,1.7581916382300986
313,6.729166666666667,0.032507739938080496,365,0,0.03135253391991834,8.589735320525571e-05,0.5980575356280995,0.1249575877346133,0.12817859422838848,0.018633709232216775,1.7581916382300986
314,6.729166666666667,0.032507739938080496,365,0,0.02776098132538364,7.605748308324285e-05,0.5848363763286817,0.12142776147648968,0.12818802461643689,0.01862907576704742,1.7581916382300986
315,6.729166666666667,0.032507739938080496,365,0,0.024764676230509083,6.784842802879201e-05,0.5754827345910513,0.11753484495458551,0.1281970096508557,0.01862484384537817,1.7581916382300986
316,6.729166666666667,0.032507739938080496,365,0,0.022169401411463285,6.073808605880352e-05,0.5677349970246371,0.11369515359919506,0.12820446705477456,0.018620966382233515,1.7581916382300986
317,6.729166666666667,0.032507739938080496,365,0,0.019885156458755604,5.447988070891946e-05,0.5611511239799839,0.11003037852185993,0.12821013925857372,0.018617412391751173,1.7581916382300986
318,6.729166666666667,0.032507739938080496,365,0,0.017860580010693215,4.893309591970744e-05,0.5554101234536708,0.10664463503039694,0.12821412874969007,0.01861415612853676,1.7581916382300986
319,6.692708333333333,0.03268482490272374,365,0,0.01660812025025639,4.550169931577093e-05,0.5590848765001531,0.10705846482164931,0.13130207985982664,0.018742220228684242,1.7581916382300986
320,6.692708333333333,0.03268482490272374,365,0,0.014697490815716682,4.026709812525118e-05,0.5496278424677159,0.10116590052306437,0.13129563556982612,0.01873933702262192,1.8433970152734804
321,6.692708333333333,0.03268482490272374,365,0,0.013135515930846421,3.598771487903129e-05,0.5435826150159987,0.09764694460768812,0.13129055262467015,0.01873673108480549,1.8433970152734804
322,6.692708333333333,0.03268482490272374,365,0,0.011780689910542267,3.227586276860895e-05,0.5389279155371229,0.0947116787903978,0.13128585047974223,0.01873436793399175,1.8433970152734804
323,6.692708333333333,0.03268482490272374,365,0,0.010591815844619153,2.901867354690179e-05,0.5345637227335942,0.09200208275311456,0.1312812088846725,0.01873221941082307,1.8433970152734804
324,6.692708333333333,0.03268482490272374,365,0,0.009539348009067476,2.61352000248424e-05,0.5305156102277935,0.08956208630134846,0.1312764906803265,0.018731108174811842,1.8433970152734804
325,6.640625,0.03294117647058824,361,1,0.11958264195528112,0.00033125385583180364,0.9616643942920198,0.930137450580204,0.12995352388576673,0.01877032435715633,1.8433970152734804
326,6.640625,0.03294117647058824,361,1,0.0854827754130782,0.00023679439172597837,0.9401356342388933,0.5984742551735831,0.13042516107473298,0.01874301095671331,1.8433970152734804
327,6.640625,0.03294117647058824,361,0,0.07812473357340169,0.00021641200435845343,0.9094691035911308,0.46183662349637844,0.1306955847937643,0.018718210306814767,1.8433970152734804
328,6.640625,0.03294117647058824,361,0,0.07303136663899035,0.0002023029546786436,0.885688711705169,0.38300832498055104,0.13089294287360306,0.018695168949520734,1.8433970152734804
329,6.640625,0.03294117647058824,361,0,0.0689225089908771,0.00019092107753705567,0.8562587296763193,0.33045035184997634,0.13105511189036478,0.018673510558782302,1.8433970152734804
330,6.640625,0.03294117647058824,361,0,0.06509151398380635,0.00018030890300223365,0.8281136477809943,0.2939816005815074,0.13119345091572468,0.018653119479190367,1.883647680345021
331,6.578125,0.03483768804433888,361,0,0.060211537084115606,0.00016679096145184378,0.8003489668784748,0.2716016994003217,0.129815293870912,0.018746515441160412,1.883647680345021
332,6.578125,0.035629453681710214,361,0,0.05606681980197571,0.00015530975014397703,0.7775276885325434,0.2532664101208852,0.1299347296343934,0.01872884803280829,1.883647680345021
333,6.578125,0.03721298495645289,361,0,0.05231655763369665,0.00014492121228170817,0.7578131600850482,0.23811325333964892,0.13004001854293826,0.018712399310313703,1.883647680345021
334,6.578125,0.03721298495645289,361,0,0.04882388511232583,0.00013524621914771698,0.7410467615504557,0.2257189319548069,0.1301339640544447,0.01869707845651488,1.883647680345021
335,6.578125,0.03800475059382423,361,0,0.04555946522434481,0.00012620350477657842,0.726659378063755,0.21547624706016882,0.13021800280721732,0.018682805089996993,1.883647680345021
336,6.578125,0.03800475059382423,361,0,0.042512047816400736,0.0001177619053085893,0.7142055679954944,0.2068955086442913,0.1302929395234221,0.01866950387636522,1.883647680345021
337,6.526041666666667,0.03830806065442937,362,0,0.03984182014115288,0.00011006027663301901,0.7021225055843128,0.19876109531185243,0.13145509341711278,0.018791316972361118,1.883647680345021
338,6.526041666666667,0.03830806065442937,362,0,0.03698419928097053,0.00010216629635627217,0.6948789141158441,0.19358824762343518,0.13150996701645756,0.018779594637046305,1.883647680345021
339,6.526041666666667,0.03830806065442937,362,0,0.03443469253559786,9.512346004308802e-05,0.6880058457204506,0.18867134171591138,0.13155991389850835,0.018768688646648796,1.883647680345021
340,6.526041666666667,0.03830806065442937,362,0,0.03211381623645429,8.871219954821628e-05,0.6812297506180599,0.1841586019649263,0.13160525212172275,0.018758523697102254,1.802682606978427
341,6.526041666666667,0.03830806065442937,362,0,0.029980449602312817,8.281892155335032e-05,0.674724170781708,0.1800660542578166,0.13164613189991808,0.018749039456823602,1.802682606978427
342,6.526041666666667,0.03830806065442937,362,0,0.028002964004952863,7.735625415732834e-05,0.6689716385009368,0.1764067674139576,0.13168293712759463,0.01874018622041547,1.802682606978427
343,6.484375,0.03855421686746988,362,0,0.026443585080769796,7.304857757118728e-05,0.6643024441771704,0.17131409016359797,0.13289891144027827,0.018845525213639643,1.802682606978427
344,6.484375,0.03855421686746988,363,0,0.024491154019618648,6.746874385569876e-05,0.6610669144250118,0.16996797114768686,0.1329248603520273,0.01883769473866351,1.802682606978427
345,6.484375,0.03855421686746988,363,0,0.02283317438729448,6.29013068520509e-05,0.6569941510745491,0.16786404838464544,0.13294939421678603,0.01883040144257105,1.802682606978427
346,6.484375,0.03855421686746988,363,0,0.021329115818970276,5.8757894818099934e-05,0.6534179584502682,0.16572164616382118,0.13297194848449484,0.018823594461001472,1.802682606978427
347,6.484375,0.03855421686746988,363,0,0.01994617730679704,5.494814685068056e-05,0.6501029854880579,0.16365620624133165,0.13299249377257227,0.018817234231501518,1.802682606978427
348,6.484375,0.03855421686746988,363,0,0.018666163857462316,5.1421939001273595e-05,0.6470657489214863,0.16170800498316523,0.13301108628188046,0.01881128732052496,1.802682606978427
349,6.432291666666667,0.038866396761133605,363,0,0.01760005269280488,4.8484993644090584e-05,0.6446345561623135,0.15877109889359464,0.13147314753819855,0.018897787546432687,1.802682606978427
350,6.432291666666667,0.038866396761133605,362,1,0.10426997132689463,0.00028803859482567576,0.9395397318540951,0.8562154183445798,0.1322935128683223,0.018862100376378397,1.9215853348347882
351,6.432291666666667,0.038866396761133605,362,1,0.08194892584142571,0.000226378248180734,0.9149737567309918,0.553805538490235,0.1328048631494334,0.018834196098918083,1.9215853348347882
352,6.432291666666667,0.038866396761133605,363,1,0.07833740765109365,0.00021580553071926626,0.8773210764340641,0.4313465785518558,0.13318617953324519,0.01880758916269871,1.9215853348347882
353,6.432291666666667,0.038866396761133605,363,1,0.07515898840501324,0.0002070495548347472,0.850241487112674,0.3594642340929488,0.13350891815305488,0.01878214848127046,1.9215853348347882
354,6.432291666666667,0.03967611336032389,363,1,0.07173967953810238,0.00019762997117934541,0.8188226934181803,0.3124582923361973,0.13378645409090592,0.0187579846763387,1.9215853348347882
355,6.385416666666667,0.04241435562805873,363,1,0.0704968882642128,0.00019420630375816198,0.7943011564453082,0.28761959167183926,0.13448036167548394,0.018849343135187442,1.9215853348347882
356,6.385416666666667,0.0432300163132137,364,1,0.06509569177717746,0.00017883431806916885,0.765161577013793,0.2617139633625972,0.13464646107386968,0.018827399155444482,1.9215853348347882
357,6.385416666666667,0.0432300163132137,364,0,0.06052446776593548,0.0001662760103459766,0.7414567145125682,0.24296499713201303,0.13479597537291854,0.018807128818591798,1.9215853348347882
358,6.385416666666667,0.0432300163132137,364,0,0.05633762541428543,0.00015477369619309184,0.7219666580762092,0.22905092441593766,0.13493023874102944,0.018788378859081308,1.9215853348347882
359,6.385416666666667,0.0432300163132137,364,0,0.052441417245787256,0.00014406982759831662,0.7060630048370841,0.21843461153738458,0.13505054238466582,0.018771028824966687,1.9215853348347882
360,6.385416666666667,0.0432300163132137,364,0,0.04881865534644108,0.0001341171850176953,0.692636164203152,0.21096658178963495,0.13515833348599557,0.018754966506773312,1.9231634716207995
361,6.333333333333333,0.04358552631578947,364,0,0.04560185403730886,0.00012527981878381555,0.6818118162789791,0.20426607324318669,0.13454390815462342,0.018847219390743374,1.9231634716207995
362,6.333333333333333,0.04358552631578947,364,0,0.04222693015157421,0.00011600804986696211,0.6693062873570707,0.20038868812256522,0.1346329978035927,0.018833309755780066,1.9231634716207995
363,6.333333333333333,0.04358552631578947,364,0,0.03928019996255436,0.00010791263725976471,0.6607388834575472,0.1965853675124449,0.1347163010159209,0.01883551074478221,1.9231634716207995
364,6.333333333333333,0.04358552631578947,364,0,0.03659432400498444,0.00010053385715655066,0.6535191027150099,0.19332154155216774,0.13479327499967428,0.018841995093161215,1.9231634716207995
365,6.333333333333333,0.04358552631578947,364,0,0.03412134642889442,9.37399627167429e-05,0.6474157916906996,0.1906052364962558,0.13486441310280384,0.01884782499074358,1.9231634716207995
366,6.333333333333333,0.04358552631578947,364,0,0.03184065886058393,8.747433752907673e-05,0.6421586155706578,0.18835356142704482,0.13493042778532968,0.018853423896641075,1.9231634716207995
367,6.291666666666667,0.043874172185430466,365,0,0.04047085408006373,0.0001108790522741472,0.7343813961111227,0.384996911290543,0.13606674629025312,0.018988395838847302,1.9231634716207995
368,6.291666666666667,0.043874172185430466,365,0,0.03436309853562319,9.414547544006354e-05,0.6979100077474444,0.28055775202877214,0.1360223115098266,0.019009970558854984,1.9231634716207995
369,6.291666666666667,0.043874172185430466,365,0,0.031106891069102825,8.52243590934324e-05,0.6781456811873176,0.24142085433830687,0.13601662056999483,0.019029452248031077,1.9231634716207995
370,6.291666666666667,0.043874172185430466,365,0,0.028720168057341556,7.868539193792207e-05,0.6617313428589574,0.2182830931722568,0.1360273018149547,0.019051141293115137,2.041870905196191
371,6.291666666666667,0.043874172185430466,365,0,0.026671878368741214,7.307363936641429e-05,0.649772231801972,0.20201459457709375,0.1360448780636605,0.019078926701668632,2.041870905196191
372,6.291666666666667,0.04470198675496689,365,0,0.024806662772065648,6.796345964949493e-05,0.6406804246911304,0.1898685827518208,0.1360647272049408,0.01910414582349712,2.041870905196191
373,6.244791666666667,0.045037531276063386,365,0,0.022423375132022222,6.143390447129375e-05,0.6197734873531828,0.1400547398089565,0.13583414399671492,0.019232961310579125,2.041870905196191
374,6.244791666666667,0.045037531276063386,365,0,0.020465860304582882,5.6070850149542144e-05,0.606524339354512,0.1326363491341894,0.13586270144055843,0.01925644804388577,2.041870905196191
375,6.244791666666667,0.045037531276063386,362,1,0.07772092993722518,0.00021469870148404745,0.8996241689925558,0.7821459344743988,0.13616550237281264,0.01925814353861797,2.041870905196191
376,6.244791666666667,0.045037531276063386,362,1,0.06091736003539265,0.00016828000009776976,0.8750892771512978,0.5993405840310356,0.13643223202166363,0.019263264540698943,2.041870905196191
377,6.244791666666667,0.045037531276063386,361,1,0.057274913297521476,0.00015865626952222016,0.8524181629579741,0.514390593945254,0.13661354496017825,0.019268227308862913,2.041870905196191
378,6.244791666666667,0.045871559633027525,361,1,0.05485960194994124,0.00015196565637102836,0.8408232971798633,0.4542456996778269,0.1367861491952682,0.019272648299920057,2.041870905196191
379,6.177083333333333,0.048060708263069137,361,1,0.05595869683258897,0.00015501024053348746,0.8326823977842059,0.42692280680845407,0.13388664023771563,0.01938615800493181,2.041870905196191
380,6.177083333333333,0.048903878583473864,361,1,0.05253114129961181,0.00014551562686873078,0.8115866260896585,0.38357332594648996,0.134007103372357,0.01938540116129615,2.001280179051852
381,6.177083333333333,0.048903878583473864,361,1,0.049710043588831465,0.00013770095176961626,0.7934144562708809,0.35098595343886285,0.13414015206115537,0.01938266537432541,2.001280179051852
382,6.177083333333333,0.048903878583473864,361,1,0.047149189652119936,0.00013060717355157877,0.7780637418124656,0.3263985168072057,0.13427573596492445,0.019378780785699223,2.001280179051852
383,6.177083333333333,0.048903878583473864,362,0,0.04475022844076569,0.00012361941558222567,0.7647984356880115,0.3108804610115745,0.1344089698776604,0.019374269254937036,2.001280179051852
384,6.177083333333333,0.048903878583473864,362,0,0.042477828361262016,0.00011734206729630391,0.7533089475015465,0.299889970919171,0.13453816663145252,0.01936947045519538,2.001280179051852
385,6.098958333333333,0.04953031596925705,362,0,0.039985997375422994,0.00011045855628569888,0.743182556612814,0.2933421368588653,0.13312168741762676,0.019528694488880345,2.001280179051852
386,6.098958333333333,0.04953031596925705,362,0,0.0380633160504419,0.00010514728190729807,0.7349096673020238,0.28512038140635393,0.13324206204299455,0.01953550355362353,2.001280179051852
387,6.098958333333333,0.04953031596925705,362,0,0.036240454859606114,0.00010011175375581799,0.7273462203090748,0.2782315639358511,0.13335655244012753,0.01960586624345939,2.001280179051852
388,6.098958333333333,0.04953031596925705,362,0,0.03450378383135979,9.531431997613202e-05,0.7206897394510495,0.272529443435758,0.13346476877242375,0.019697742091758348,2.001280179051852
389,6.098958333333333,0.04953031596925705,362,0,0.0328529551332975,9.075401970524172e-05,0.7148243538030699,0.2678123738083424,0.13356679713478073,0.01978343426779304,2.001280179051852
390,6.098958333333333,0.04953031596925705,362,0,0.03128760188967697,8.642983947424577e-05,0.7096418137187508,0.26391075618756626,0.133663034257231,0.019863662267288106,1.710488320412298
391,6.020833333333333,0.050173010380622836,363,0,0.029731032866345618,8.190367180811465e-05,0.7061092683324882,0.2613476258640907,0.1334820591820917,0.020133108159595937,1.710488320412298
392,6.020833333333333,0.050173010380622836,363,0,0.02826889658023157,7.787574815490791e-05,0.7029073772744671,0.25929061113007235,0.13356658634541702,0.020204753576848023,1.710488320412298
393,6.020833333333333,0.050173010380622836,363,0,0.026930697723072203,7.418924992581875e-05,0.699791007120273,0.2573300121876408,0.13364697689745356,0.0202724438594559,1.710488320412298
394,6.020833333333333,0.050173010380622836,363,0,0.02568333325838361,7.075298418287496e-05,0.6968694233475996,0.25563554356654833,0.13372346379461347,0.020336545784914124,1.710488320412298
395,6.020833333333333,0.050173010380622836,363,0,0.02451204714329477,6.752630067023353e-05,0.6942616938987564,0.25424364028588187,0.13379633821018372,0.020397379852541517,1.710488320412298
396,6.020833333333333,0.050173010380622836,363,0,0.02340872706473876,6.448685141801311e-05,0.6920335365644751,0.25314564944620965,0.13386588652388162,0.020455226529545012,1.710488320412298
397,5.96875,0.0506108202443281,363,0,0.023839175418770283,6.5672659555841e-05,0.7058164992329211,0.27223795214078705,0.13743543459624338,0.02071250865584893,1.710488320412298
398,5.96875,0.0506108202443281,363,0,0.022510314154046654,6.201188472189161e-05,0.7002422280297828,0.2618763089369584,0.13747299653934456,0.020765087356047315,1.710488320412298
399,5.96875,0.0506108202443281,363,0,0.021414297451585802,5.899255496304629e-05,0.6965548438436363,0.2545817005784424,0.13751246286500854,0.020815380006582816,1.710488320412298
400,5.96875,0.0506108202443281,361,1,0.02045123473029479,5.665161975150911e-05,0.6933148889502622,0.24942203942730823,0.13755243567735695,0.020863528190918194,1.7917994948278884
401,5.96875,0.0506108202443281,361,1,0.01854914815544758,5.1382681871045925e-05,0.6909588140794978,0.2457894451496297,0.13759024116174198,0.020907257023461256,1.7917994948278884
402,5.96875,0.0506108202443281,361,1,0.017741383211848268,4.91451058499952e-05,0.6893291247297102,0.24339849427924293,0.13762756863355,0.02094916741594711,1.7917994948278884
403,5.932291666666667,0.050921861281826165,361,1,0.03671871466209327,0.00010171389103072928,0.8556924182593191,0.6498143643427254,0.13952629601860653,0.02112370663368651,1.7917994948278884
404,5.932291666666667,0.050921861281826165,362,1,0.04002659972338507,0.00011057071746791455,0.8702690272819028,0.668831905130485,0.13916486961067442,0.02115328450951078,1.7917994948278884
405,5.932291666666667,0.050921861281826165,362,1,0.038715531724611035,0.00010694898266467137,0.8661421624012715,0.6487085417552639,0.1392978287095035,0.02118169187594284,1.7917994948278884
406,5.932291666666667,0.050921861281826165,362,1,0.0353510524239688,9.765484095019006e-05,0.8527374112923386,0.5837343907134767,0.1395049995133568,0.02120977268069675,1.7917994948278884
407,5.932291666666667,0.050921861281826165,362,1,0.03389790366618504,9.36406178623896e-05,0.8420603940175181,0.5312962126134805,0.13970959272243128,0.0212370393173073,1.7917994948278884
408,5.932291666666667,0.050921861281826165,362,1,0.03288700669391746,9.084808478982724e-05,0.8325311254313834,0.489376757356955,0.13991254522441404,0.021263532121949535,1.7917994948278884
409,5.875,0.05230496453900709,362,1,0.03211806207165102,8.872392837472658e-05,0.8229161136395994,0.4546190072006793,0.13776919948003397,0.02140391802485236,1.7917994948278884
410,5.875,0.05230496453900709,362,1,0.03122355242278886,8.62529072452731e-05,0.8135707462720712,0.42879763352398576,0.13795324838727138,0.02142891126334037,1.9130056294277697
411,5.875,0.05230496453900709,362,1,0.030371876819263496,8.390021220791021e-05,0.8041286084508319,0.407412350710601,0.13812788175351365,0.021453161279795224,1.9130056294277697
412,5.875,0.05230496453900709,362,1,0.02952974735038172,8.157388770823679e-05,0.7949093333702429,0.3896673535644539,0.13829197969930312,0.02147669019801003,1.9130056294277697
413,5.875,0.05230496453900709,362,1,0.028690236511199792,7.925479699226462e-05,0.7860828195866165,0.3751596648039389,0.13844687608535367,0.021499526083621205,1.9130056294277697
414,5.875,0.05230496453900709,362,1,0.027851641549658107,7.693823632502239e-05,0.7778658997497133,0.3632286137273299,0.13859438692125536,0.021559121697766286,1.9130056294277697
415,5.838541666666667,0.05263157894736842,362,1,0.027311964326671073,7.544741526704716e-05,0.7702312048466856,0.34961261664499066,0.14173876625624524,0.02180190492476232,1.9130056294277697
416,5.838541666666667,0.05263157894736842,362,1,0.026301322784300214,7.26555878019343e-05,0.7648296637944664,0.34385629648294536,0.14186674075222508,0.021878949277290043,1.9130056294277697
417,5.838541666666667,0.05263157894736842,362,1,0.025431183457794986,7.025188800495852e-05,0.7584654598321497,0.3378484958984645,0.14198992758507245,0.021952280924647873,1.9130056294277697
418,5.838541666666667,0.05263157894736842,362,1,0.02460507379866394,6.796981712338104e-05,0.7527516268490976,0.33262448114464904,0.1421080802098487,0.0220223160288124,1.9130056294277697
419,5.838541666666667,0.05263157894736842,362,1,0.0238107151560465,6.577545623217265e-05,0.747574044229858,0.3282054682301212,0.14222150940582345,0.022089405565453992,1.9130056294277697
420,5.838541666666667,0.05263157894736842,362,1,0.023043985259596316,6.365741784418872e-05,0.7429682758418849,0.32453305343577876,0.14233046720218184,0.022153847224800072,2.2292356388921872
421,5.796875,0.053009883198562445,362,1,0.02268555421143062,6.266727682715641e-05,0.741248777463759,0.3161170348436742,0.14167710652665175,0.022323017457575596,2.2292356388921872
422,5.796875,0.053009883198562445,361,1,0.02178029724646302,6.033323336970366e-05,0.7361732840914627,0.3163236032430853,0.14177257339197752,0.02238305147410518,2.2292356388921872
423,5.796875,0.053009883198562445,361,1,0.02101348463486271,5.820909871153105e-05,0.7320817487006009,0.31555137327746313,0.14186626810269512,0.02244112553110921,2.2292356388921872
424,5.796875,0.053009883198562445,361,1,0.020302244576520904,5.623890464410223e-05,0.7290642695873173,0.3148552821774489,0.14195771103744656,0.02249739603581844,2.2292356388921872
425,5.796875,0.053009883198562445,356,2,0.16322298998575827,0.00045849154490381537,0.9598242074030258,0.8966726587067169,0.14296536630338927,0.022490138414934274,2.2292356388921872
426,5.796875,0.053009883198562445,356,1,0.11453002506117732,0.0003217135535426329,0.9165272350257243,0.4726325647333941,0.1435492824768806,0.02250162641470932,2.2292356388921872
427,5.75,0.05344202898550725,356,1,0.1021535571345191,0.00028694819419808733,0.8623122654266339,0.3479127100468584,0.14316895009422723,0.022641647518745325,2.2292356388921872
428,5.75,0.05344202898550725,356,1,0.0924741601423088,0.0002597588768042382,0.8246821208304586,0.2825238563364933,0.14346642248842384,0.022660087871918883,2.2292356388921872
429,5.75,0.05344202898550725,356,1,0.08417348960356283,0.00023644238652686188,0.7877034988585033,0.2416671624851284,0.14370882422397235,0.022680812365460393,2.2292356388921872
430,5.75,0.05344202898550725,356,1,0.07683308307393363,0.00021582326706161132,0.7537226762270431,0.2136270977452603,0.1439076258338853,0.022703427612770957,2.0502675220886286
431,5.75,0.05344202898550725,355,1,0.07022059076768547,0.00019780448103573373,0.724196724360868,0.1933323585157606,0.14407057326198344,0.022727665511077088,2.0502675220886286
432,5.75,0.05434782608695652,355,1,0.06424431034848405,0.00018096988830558887,0.6989406971006148,0.17804695845026156,0.14420569923653742,0.02275330904085248,2.0502675220886286
433,5.692708333333333,0.05489478499542543,356,1,0.05894123211583857,0.00016556525875235554,0.6788896816843751,0.16591649975398406,0.14277139972217548,0.02292286486497417,2.0502675220886286
434,5.692708333333333,0.05489478499542543,356,1,0.05374659480153646,0.0001509735809031923,0.6611622990610122,0.15749759847164424,0.14286596300163731,0.022950911286034537,2.0502675220886286
435,5.692708333333333,0.05489478499542543,356,1,0.04924424224934913,0.00013832652317232903,0.6463002738651754,0.1513965397943188,0.14294980243163197,0.02297993810218893,2.0502675220886286
436,5.692708333333333,0.056724611161939616,356,1,0.045267917368301235,0.00012715707125927314,0.6329899683860192,0.14624168212659752,0.14302425700694676,0.023009778956100062,2.0502675220886286
437,5.692708333333333,0.05763952424519671,356,1,0.041711097160815155,0.00011716600326071673,0.6210923047748877,0.14241358214011834,0.14309067893283678,0.023040312474202563,2.0502675220886286
438,5.692708333333333,0.05763952424519671,356,1,0.038483751851953976,0.00010810042655043252,0.6115194565405612,0.14326147061326613,0.14315094272025664,0.02307145494666028,2.0502675220886286
439,5.635416666666667,0.05822550831792976,355,1,0.036026204335527404,0.00010148226573388001,0.6084356402238249,0.14417751516758778,0.14318117148708912,0.023280994908249752,2.0502675220886286
440,5.635416666666667,0.05822550831792976,355,1,0.03310366160206508,9.324975099173262e-05,0.6000278677786037,0.14848524824087458,0.14322457921123447,0.023313195648821818,1.9484362664683805
441,5.635416666666667,0.05822550831792976,355,1,0.030578542344038014,8.613673899729018e-05,0.5931925299769759,0.15306805159858153,0.14326865070409658,0.023345881957162064,1.9484362664683805
442,5.635416666666667,0.05822550831792976,354,1,0.028302242738869807,7.994983824539493e-05,0.5884873085151956,0.15825178989595898,0.14331260018820707,0.023378994309819125,1.9484362664683805
443,5.635416666666667,0.059149722735674676,353,1,0.02622019933784643,7.427818509304938e-05,0.5857698329121847,0.166000324260688,0.14335621367329812,0.02341249460924061,1.9484362664683805
444,5.635416666666667,0.06007393715341959,353,1,0.024303701656408626,6.884901319095927e-05,0.5846349949649334,0.17454385499690306,0.14339972831213774,0.023446353655492382,1.9484362664683805
445,5.588541666666667,0.06057781919850885,351,1,0.02319738074021727,6.608940381828282e-05,0.5946274168723246,0.1839868458123095,0.14503087483197713,0.023663452821747907,1.9484362664683805
446,5.588541666666667,0.06057781919850885,350,1,0.021145896880629164,6.041684823036904e-05,0.5952285098739254,0.19301553400387444,0.14506318896133147,0.02369805860058787,1.9484362664683805
447,5.588541666666667,0.06057781919850885,348,1,0.01944003338121112,5.58621648885377e-05,0.5953153774267858,0.20300099715997078,0.145099171798309,0.023733044113441484,1.9484362664683805
448,5.588541666666667,0.06150978564771668,346,1,0.017896471205735447,5.1723905218888575e-05,0.5976378034441695,0.21530295260754145,0.1451374373691958,0.02376833655175969,1.9484362664683805
449,5.588541666666667,0.06150978564771668,342,1,0.016459416287992877,4.812694821050549e-05,0.6017696159694396,0.22840232698088933,0.14517722336519787,0.023803874655815467,1.9484362664683805
450,5.588541666666667,0.06150978564771668,334,2,0.12620810306458374,0.0003778685720496519,0.9468931466072319,0.8989530666677851,0.14601037195235794,0.023788606288048682,2.1225119136259347
451,5.53125,0.06308851224105462,330,2,0.08944199454286986,0.0002710363470996056,0.917557612261703,0.5811965076101658,0.14481950419711317,0.023941644971927148,2.1225119136259347
452,5.53125,0.06308851224105462,322,2,0.07715049751056563,0.0002395978183557939,0.8811901703189912,0.45185031826499306,0.14503764370393443,0.02394648588691043,2.1225119136259347
453,5.53125,0.06308851224105462,312,1,0.06689437905166379,0.00021440506106302498,0.8550384120094631,0.37472691766788047,0.14520699535119994,0.023955615735590147,2.1225119136259347
454,5.53125,0.06308851224105462,296,1,0.05749150304608153,0.0001942280508313565,0.8277885584342792,0.3247441103034422,0.1453448100753832,0.02396842706868838,2.1225119136259347
455,5.53125,0.06308851224105462,274,1,0.04881043267681974,0.00017814026524386767,0.8022999221119038,0.29195597947907953,0.14545644656953918,0.023984395393270703,2.1225119136259347
456,5.53125,0.06308851224105462,241,1,0.04087472822465857,0.00016960468143011853,0.7794727977654553,0.2707918891929734,0.14554680561933217,0.02400300203796952,2.1225119136259347
457,5.484375,0.06457739791073125,193,1,0.03393441652954732,0.00017582599238107419,0.757551871601018,0.25020856441574524,0.14759822945177975,0.024221276267302173,2.1225119136259347
458,5.484375,0.06457739791073125,122,1,0.027430983547162436,0.00022484412743575767,0.7402410984333062,0.2442977045587652,0.1476576580905352,0.024243732216698552,2.1225119136259347
459,5.484375,0.06552706552706553,20,1,0.02213455054176177,0.0011067275270880885,0.7267660158840861,0.24153710040517146,0.1477096453485632,0.024267343111863866,2.1225119136259347
460,5.484375,0.06647673314339982,1,1,0.017806696765461996,0.017806696765461996,0.7174869179287613,0.24258024057537256,0.14775501645989442,0.02429164589509167,2.4499470440935496
461,5.484375,0.06647673314339982,1,1,0.01430971803929814,0.01430971803929814,0.711899993797215,0.25037883262219746,0.14779516295028497,0.0243162806974734,2.4499470440935496
462,5.484375,0.06647673314339982,1,1,0.011517886203785417,0.011517886203785417,0.7096455849870539,0.2636557645033966,0.14783129252264207,0.024340973328781268,2.4499470440935496
463,5.447916666666667,0.06692160611854685,1,1,0.00937555790302803,0.00937555790302803,0.71240583080087,0.2816653084850105,0.14956672101050833,0.024525747176324036,2.4499470440935496
464,5.447916666666667,0.06692160611854685,1,1,0.007525393711774003,0.007525393711774003,0.71970613871538,0.31395970539367085,0.14959698521126383,0.0245501681821197,2.4499470440935496
465,5.447916666666667,0.06692160611854685,1,1,0.006145426268320058,0.006145426268320058,0.7300904452764613,0.3499858154768321,0.14962604773714225,0.024574216587154935,2.4499470440935496
466,5.447916666666667,0.06692160611854685,1,1,0.005092798443721194,0.005092798443721194,0.7428467473629355,0.3893286934740564,0.14965394987440978,0.024597813336485995,2.4499470440935496
467,5.447916666666667,0.06692160611854685,1,1,0.004281106306805115,0.004281106306805115,0.758425057360285,0.4316218270155574,0.14968082278269798,0.024620915384313942,2.4499470440935496
468,5.447916666666667,0.06692160611854685,1,1,0.0036524985205968682,0.0036524985205968682,0.7762191880596475,0.4758154559970145,0.14970679064917689,0.024643501189998588,2.4499470440935496
469,5.395833333333333,0.06853281853281853,1,1,0.0038772413689414824,0.0038772413689414824,0.8308129103426118,0.5956451148142538,0.14728546944921303,0.02479141730494906,2.4499470440935496
470,5.395833333333333,0.06853281853281853,1,1,0.0033485338260350606,0.0033485338260350606,0.8436994786986053,0.6132763426870191,0.14729771931749785,0.02481279927608122,2.2962052716878545
471,5.395833333333333,0.06853281853281853,1,1,0.0029782714022962,0.0029782714022962,0.8580953183067016,0.6481635737417065,0.1473110557492737,0.02483370817002836,2.2962052716878545
472,5.395833333333333,0.06853281853281853,1,1,0.002699641200233459,0.002699641200233459,0.8735193657261828,0.6802979758044381,0.14732467926118453,0.024854139303031843,2.2962052716878545
473,5.395833333333333,0.06853281853281853,1,1,0.0024824258982927205,0.0024824258982927205,0.8880278052964752,0.7094644866815107,0.14733827803703914,0.02487409974104418,2.2962052716878545
474,5.395833333333333,0.0694980694980695,1,1,0.0023094599165527693,0.0023094599165527693,0.9013250447658046,0.735291005624955,0.14735172933174512,0.024893601862537494,2.2962052716878545
475,5.359375,0.07094266277939747,2,2,0.001891670838487557,0.0009458354192437785,0.9009568777264865,0.7280952415092891,0.1499384140944213,0.02509791154234041,2.2962052716878545
476,5.359375,0.07094266277939747,2,2,0.001675119019254859,0.0008375595096274295,0.9120598926908791,0.7463592276681424,0.14995706133432316,0.02511605274974251,2.2962052716878545
477,5.359375,0.07094266277939747,1,2,0.0015992526593123473,0.0015992526593123473,0.9212360514765473,0.7643273843026867,0.14997591791717407,0.025134019098294123,2.2962052716878545
478,5.359375,0.07094266277939747,1,2,0.0015344432312215423,0.0015344432312215423,0.9298323436217826,0.7816103830862461,0.1499948360298503,0.025151764426099052,2.2962052716878545
479,5.359375,0.07094266277939747,1,1,0.0014807434816041347,0.0014807434816041347,0.9374808459202019,0.7963815564522665,0.15001373355616246,0.02516925284178562,2.2962052716878545
480,5.359375,0.07094266277939747,1,1,0.0014332645887556806,0.0014332645887556806,0.9442860745755164,0.8117169379413839,0.15003252198536657,0.025186461405155326,2.296830970166971
481,5.317708333333333,0.07149853085210578,1,1,0.001397503410479298,0.001397503410479298,0.9499625316261863,0.8212497431256733,0.14925917194583815,0.025334629999175885,2.296830970166971
482,5.317708333333333,0.07149853085210578,1,1,0.0013558983022508688,0.0013558983022508688,0.9548278916255288,0.8312602797523823,0.14927752687183019,0.025351328101079,2.296830970166971
483,5.317708333333333,0.07149853085210578,1,1,0.0013191037829971945,0.0013191037829971945,0.958937394850757,0.8396736643915613,0.14929564823760405,0.025367726858689984,2.296830970166971
484,5.317708333333333,0.07149853085210578,1,1,0.0012859304722352579,0.0012859304722352579,0.9622170286886863,0.8459812048146172,0.14931350420547848,0.02538382948595405,2.296830970166971
485,5.317708333333333,0.07149853085210578,1,1,0.0012555216963795143,0.0012555216963795143,0.9649098336937479,0.850799935340198,0.14933108055107583,0.025399641811911452,2.296830970166971
486,5.317708333333333,0.07247796278158668,1,1,0.0012274016069107204,0.0012274016069107204,0.9670788208505626,0.8544971016125077,0.14934836967492607,0.025415171173300385,2.296830970166971
487,5.276041666666667,0.07305034550839092,1,1,0.0012002595271225348,0.0012002595271225348,0.9687991971474379,0.8580217965771929,0.1494308366477546,0.025583507984417497,2.296830970166971
488,5.276041666666667,0.07305034550839092,1,1,0.001175558423588188,0.001175558423588188,0.9702950324003377,0.8603513010382087,0.14944765075848274,0.025598583452208657,2.296830970166971
489,5.276041666666667,0.07305034550839092,1,1,0.001152539910756386,0.001152539910756386,0.9713327056319598,0.8620318991136112,0.1494641839927962,0.025613399728061443,2.296830970166971
490,5.276041666666667,0.07305034550839092,1,1,0.0011308039523534202,0.0011308039523534202,0.972108275590609,0.8632903406691305,0.1494804410522197,0.025627965354633738,2.1340218900702905
491,5.276041666666667,0.07305034550839092,1,1,0.0011101307148753106,0.0011101307148753106,0.9727015569535424,0.8642647219466582,0.14949642757619058,0.025642288700792753,2.1340218900702905
492,5.276041666666667,0.07305034550839092,1,1,0.0010903712370412405,0.0010903712370412405,0.9731656001611592,0.8650490160772804,0.14951215027532752,0.025656377873910452,2.1340218900702905
493,5.244791666666667,0.07348560079443893,1,1,0.0014399838377839194,0.0014399838377839194,0.97885988500683,0.8968089000455474,0.15128741603095677,0.02582607759651267,2.1340218900702905
494,5.244791666666667,0.07348560079443893,1,1,0.0013722253247342928,0.0013722253247342928,0.9775747638780653,0.8789071733500607,0.15129547576710473,0.025839638797020746,2.1340218900702905
495,5.244791666666667,0.07348560079443893,1,1,0.001331981544191101,0.001331981544191101,0.9755898626419442,0.8682429289122545,0.15130388036095543,0.025852999659221648,2.1340218900702905
496,5.244791666666667,0.07348560079443893,1,1,0.0012997359487149827,0.0012997359487149827,0.9743138700611504,0.8607613328358454,0.15131237446093646,0.02586616194261275,2.1340218900702905
497,5.244791666666667,0.07348560079443893,1,1,0.0012719437126408873,0.0012719437126408873,0.9730715493057049,0.8558558296449682,0.15132084563815876,0.02587912974397294,2.1340218900702905
498,5.244791666666667,0.07348560079443893,1,1,0.0012468241821814105,0.0012468241821814105,0.9720550932212773,0.8528954163260268,0.15132925033729577,0.02589190810721241,2.1340218900702905
499,5.213541666666667,0.07392607392607392,1,1,0.0010494446215476337,0.0010494446215476337,0.9670267825352693,0.8336464391460188,0.15144643123363852,0.026024212991015917,2.1340218900702905
500,5.213541666666667,0.07392607392607392,1,2,0.15880059327280774,0.15880059327280774,0.991109648575072,0.9977339551860239,0.15234117440803419,0.025953583026320396,2.3777711756242006
501,5.213541666666667,0.07392607392607392,1,1,0.07244681612886034,0.07244681612886034,0.9726243276630875,0.6262372292424291,0.15263485596733062,0.02592822921746226,2.3777711756242006
502,5.213541666666667,0.07392607392607392,1,1,0.0516662911460479,0.0516662911460479,0.9410963222496581,0.4560005744737371,0.15272465890357445,0.02591375313763043,2.3777711756242006
503,5.213541666666667,0.07392607392607392,1,1,0.03855715727556969,0.03855715727556969,0.9045882870081646,0.3520310744041056,0.1527442036016507,0.025906048077006368,2.3777711756242006
504,5.213541666666667,0.07392607392607392,1,1,0.029218341434220665,0.029218341434220665,0.8684592097661994,0.2878287370198144,0.1527375200012301,0.025903110951437006,2.3777711756242006
505,5.171875,0.07452165156092648,1,1,0.022622691392638002,0.022622691392638002,0.8355928578237275,0.24112932100158735,0.15115581669449776,0.02602445547524834,2.3777711756242006
506,5.171875,0.07452165156092648,1,1,0.01732190958109616,0.01732190958109616,0.8043236532938042,0.21517501912951412,0.15113217712961047,0.026027432152768887,2.3777711756242006
507,5.171875,0.07452165156092648,1,1,0.013340968242010238,0.013340968242010238,0.7787711005760778,0.20501996378733472,0.15111192250280722,0.026032357508861174,2.3777711756242006
508,5.171875,0.07452165156092648,1,1,0.010327382794316407,0.010327382794316407,0.7587166079017492,0.20546091612064563,0.15109551943291172,0.02603871814835112,2.3777711756242006
509,5.171875,0.07452165156092648,1,1,0.008052123504365825,0.008052123504365825,0.7427539180964459,0.21485164270366014,0.15108305971369193,0.026046124856323658,2.3777711756242006
510,5.171875,0.07452165156092648,1,1,0.006329806099271598,0.006329806099271598,0.7321625197991372,0.23062958135720857,0.1510742177615567,0.02605428816447428,1.9780589751575484
511,5.130208333333333,0.0751269035532995,1,1,0.005220945190899063,0.005220945190899063,0.7327810136586034,0.25229523479665755,0.1511933663890997,0.02622517237463592,1.9780589751575484
512,5.130208333333333,0.0751269035532995,1,1,0.004132833060451307,0.004132833060451307,0.7260926782852446,0.2739101139375362,0.15118841396728255,0.02623424420938121,1.9780589751575484
513,5.130208333333333,0.0751269035532995,1,1,0.0033538926512053373,0.0033538926512053373,0.7267252260654249,0.30128544192292095,0.15118670536897016,0.026243590437277232,1.9780589751575484
514,5.130208333333333,0.0751269035532995,1,1,0.002773320491249472,0.002773320491249472,0.7332867915554727,0.3347528718058685,0.1511871379393847,0.02625310941690391,1.9780589751575484
515,5.130208333333333,0.0751269035532995,1,1,0.002335618700504037,0.002335618700504037,0.744716585397932,0.3786099567963723,0.1511890793789844,0.02626272919529402,1.9780589751575484
516,5.130208333333333,0.0751269035532995,1,1,0.0020023827982631297,0.0020023827982631297,0.760649528289074,0.4242236872165246,0.1511921165635935,0.02627239814357772,1.9780589751575484
517,5.067708333333333,0.07605344295991778,1,1,0.0016045172628090774,0.0016045172628090774,0.7615424921186984,0.42962161517394015,0.1478257927533112,0.026446795356526488,1.9780589751575484
518,5.067708333333333,0.07605344295991778,1,1,0.0013685962160366984,0.0013685962160366984,0.7768756233287294,0.489545050766388,0.14783371342473317,0.026456612657397082,1.9780589751575484
519,5.067708333333333,0.07605344295991778,1,1,0.0011967271364945417,0.0011967271364945417,0.7968636121898555,0.5487965624758147,0.14784228332437985,0.02646640419355501,1.9780589751575484
520,5.067708333333333,0.07605344295991778,1,1,0.0010703511139101784,0.0010703511139101784,0.819228740592205,0.6035997501430836,0.14785132456185815,0.026476148936314437,2.0206234873273146
521,5.067708333333333,0.07605344295991778,1,1,0.0009769099598287017,0.0009769099598287017,0.8414205963649837,0.6516748737522733,0.147860699065556,0.02648583230602736,2.0206234873273146
522,5.067708333333333,0.07605344295991778,1,1,0.0009058717075176636,0.0009058717075176636,0.8627309405317598,0.6932199502215186,0.1478702940876029,0.026495445195179476,2.0206234873273146
523,4.994791666666667,0.07716371220020855,1,1,0.0008482564575333325,0.0008482564575333325,0.8823804123581188,0.7280760033383233,0.1461826209264831,0.02675574372640074,2.0206234873273146
524,4.994791666666667,0.07716371220020855,1,1,0.0008044608760830822,0.0008044608760830822,0.8995953127420755,0.7601649378337608,0.14619260261870815,0.02676528743801144,2.0206234873273146
525,4.994791666666667,0.07716371220020855,1,2,0.11608230278726231,0.11608230278726231,0.9929699317982597,0.99796646004058,0.14663603887496354,0.026715580306565265,2.0206234873273146
526,4.994791666666667,0.07716371220020855,1,1,0.06133239998741757,0.06133239998741757,0.9784778049255698,0.6761897958000369,0.1469348296117538,0.026738898160341733,2.0206234873273146
527,4.994791666666667,0.07716371220020855,1,1,0.04611909656784821,0.04611909656784821,0.9545612526086317,0.5301413536268682,0.14707512586019839,0.02675290093043819,2.0206234873273146
528,4.994791666666667,0.07716371220020855,1,1,0.03564284368496142,0.03564284368496142,0.9258504156702981,0.4425488239937852,0.14715535794235982,0.026762415029796566,2.0206234873273146
529,4.958333333333333,0.07773109243697479,1,1,0.027818023051253665,0.027818023051253665,0.8957128711592054,0.38175320358858245,0.15355480500458585,0.027069231507328703,2.0206234873273146
530,4.958333333333333,0.07773109243697479,1,1,0.02170034764253454,0.02170034764253454,0.8656914054254232,0.339858872152215,0.15358088240367937,0.02707570279310658,2.276863039526342
531,4.958333333333333,0.07773109243697479,1,1,0.01695364546356227,0.01695364546356227,0.8385503301187232,0.3122519199696048,0.1535967482578377,0.027081961173760626,2.276863039526342
532,4.958333333333333,0.07773109243697479,1,1,0.013258962574659892,0.013258962574659892,0.8138280762827306,0.2931390397552415,0.15360639690286382,0.027088304804244224,2.276863039526342
533,4.958333333333333,0.07773109243697479,1,1,0.010382531159798015,0.010382531159798015,0.7921509811495605,0.2799015839939729,0.1536126793137856,0.027094862962406777,2.276863039526342
534,4.958333333333333,0.07773109243697479,1,1,0.008145904152695397,0.008145904152695397,0.7738144663614898,0.2717468302895367,0.15361727519900542,0.027101674529008146,2.276863039526342
535,4.901041666666667,0.07863974495217853,1,1,0.006352512131885332,0.006352512131885332,0.7585711467191129,0.27129980278151977,0.1501374259579927,0.027262222816254775,2.276863039526342
536,4.901041666666667,0.07863974495217853,1,1,0.005010371303654575,0.005010371303654575,0.7491107370763234,0.275017543502242,0.15014227079440354,0.02726955048146786,2.276863039526342
537,4.901041666666667,0.07863974495217853,1,1,0.003982621092868757,0.003982621092868757,0.742444874073976,0.282590614817442,0.15014738551422033,0.02727705287070786,2.276863039526342
538,4.901041666666667,0.07863974495217853,1,1,0.0031943489490377885,0.0031943489490377885,0.7384863994430724,0.2941742327014764,0.15015286447246873,0.027284689242322316,2.276863039526342
539,4.901041666666667,0.07863974495217853,1,1,0.0025875967970288146,0.0025875967970288146,0.7382893105895278,0.31002878862981664,0.1501587369268808,0.027292424276086434,2.276863039526342
540,4.901041666666667,0.07863974495217853,1,1,0.0021204269412461625,0.0021204269412461625,0.7419138343958496,0.3325756521975612,0.15016500483217043,0.027300227263353464,2.165776202320753
541,4.848958333333333,0.079484425349087,1,1,0.02177310588313497,0.02177310588313497,0.97875637377903,0.9475174366440786,0.15069227450857958,0.02754085425260801,2.165776202320753
542,4.848958333333333,0.079484425349087,1,1,0.025901857759506354,0.025901857759506354,0.983496967795608,0.9607870300053124,0.15024631664649882,0.02753452339247564,2.165776202320753
543,4.848958333333333,0.079484425349087,1,1,0.028898034645992325,0.028898034645992325,0.9844440034097631,0.9461210086117062,0.15033860827401818,0.02752632742021611,2.165776202320753
544,4.848958333333333,0.079484425349087,1,1,0.03101577541910555,0.03101577541910555,0.9836358041871637,0.924786864377336,0.15064738685315276,0.02751679876155689,2.165776202320753
545,4.848958333333333,0.08055853920515575,1,1,0.032300037075013444,0.032300037075013444,0.9822739902964237,0.9020757869153044,0.15103765594015459,0.027506440490294933,2.165776202320753
546,4.848958333333333,0.08055853920515575,1,1,0.025851342942403738,0.025851342942403738,0.9756856373130972,0.8489085553335649,0.15133030361793648,0.02765399373628985,2.165776202320753
547,4.802083333333333,0.08134490238611713,1,1,0.02202362535715649,0.02202362535715649,0.968609692498639,0.7938626725188852,0.15349333110454638,0.028095173950253925,2.165776202320753
548,4.802083333333333,0.08134490238611713,1,1,0.01903855623991378,0.01903855623991378,0.9615480185541387,0.7524356256544575,0.15367638223694147,0.028250218919240365,2.165776202320753
549,4.802083333333333,0.08134490238611713,1,1,0.016632739814029324,0.016632739814029324,0.954444448100141,0.7218911712028286,0.15382904314891074,0.028381509120385087,2.165776202320753
550,4.802083333333333,0.08134490238611713,2,2,0.09620533736563586,0.04810266868281793,0.9862648427769671,0.9335790744689606,0.15434477333757105,0.028446405865166634,2.4290907391247485
551,4.802083333333333,0.08134490238611713,1,2,0.06701367598112429,0.06701367598112429,0.9629652695146464,0.6229970475153185,0.15466271646986582,0.028512368451899504,2.4290907391247485
552,4.802083333333333,0.0824295010845987,1,1,0.05396425793902187,0.05396425793902187,0.9301054323566836,0.512946275142253,0.15488338447718497,0.028577520370850384,2.4290907391247485
553,4.739583333333333,0.08351648351648351,1,1,0.04498041422855101,0.04498041422855101,0.9023273998324275,0.4633692478556997,0.15248747636286977,0.028856923337790823,2.4290907391247485
554,4.739583333333333,0.08351648351648351,1,1,0.03596984291725966,0.03596984291725966,0.8748540657058219,0.4247035477925316,0.1526152826711087,0.028918721246668885,2.4290907391247485
555,4.739583333333333,0.08351648351648351,1,1,0.029143327660833385,0.029143327660833385,0.8520159365804729,0.4003231059165985,0.15272209378609936,0.028978740586993127,2.4290907391247485
556,4.739583333333333,0.08351648351648351,1,1,0.023793812717721012,0.023793812717721012,0.8345271919467326,0.38920148191506954,0.15281163489173788,0.029036848177033593,2.4290907391247485
557,4.739583333333333,0.08351648351648351,1,1,0.019579026234364087,0.019579026234364087,0.8215989950760338,0.38639996855375797,0.1528881915388448,0.02909301444748046,2.4290907391247485
558,4.739583333333333,0.08351648351648351,1,1,0.016244834662995672,0.016244834662995672,0.8128429041288485,0.3893639688395244,0.15295475648032442,0.02914726153659029,2.4290907391247485
559,4.677083333333333,0.08463251670378619,1,1,0.016502368617372462,0.016502368617372462,0.8401944122778201,0.49785419311503887,0.15326334918117512,0.029496553045846016,2.4290907391247485
560,4.677083333333333,0.08463251670378619,1,1,0.01312445980640437,0.01312445980640437,0.8223035015670674,0.43305300720850676,0.15328495466769432,0.029546504415505603,2.429564955148809
561,4.677083333333333,0.08463251670378619,1,1,0.010812732941740795,0.010812732941740795,0.8138085025826305,0.4228670809134724,0.15331981031220795,0.02959510309684355,2.429564955148809
562,4.677083333333333,0.08463251670378619,1,1,0.009074637180639389,0.009074637180639389,0.8105650221310972,0.4439188857064661,0.1533597510939735,0.029642283080653982,2.429564955148809
563,4.677083333333333,0.08463251670378619,1,1,0.007733713496396305,0.007733713496396305,0.8125061632168403,0.47491257465767683,0.15340165076883078,0.029688045073534064,2.429564955148809
564,4.677083333333333,0.08463251670378619,1,1,0.0066890360831926895,0.0066890360831926895,0.8186805841854087,0.510093205484376,0.1534441204396792,0.029732416496180542,2.429564955148809
565,4.619791666666667,0.08568207440811725,1,1,0.005721665526448417,0.005721665526448417,0.8255856936693172,0.5491772886380062,0.1547412049999088,0.03008335580496497,2.429564955148809
566,4.619791666666667,0.08568207440811725,1,1,0.0050852960361899655,0.0050852960361899655,0.8390836219251577,0.5920697741798351,0.15478572585749895,0.03012556733431517,2.429564955148809
567,4.619791666666667,0.08568207440811725,1,1,0.00459902959844733,0.00459902959844733,0.8538140510554756,0.6300947693733133,0.1548290075584287,0.030166508767413697,2.429564955148809
568,4.619791666666667,0.08568207440811725,1,1,0.0042182954876786895,0.0042182954876786895,0.8685065155957536,0.6621246804013461,0.15487105092015263,0.030206235202999858,2.429564955148809
569,4.619791666666667,0.08568207440811725,1,1,0.003912622965347605,0.003912622965347605,0.8824686622831939,0.6890089736659983,0.1549119255244562,0.030244806989073156,2.429564955148809
570,4.619791666666667,0.08568207440811725,1,1,0.003663084767989975,0.003663084767989975,0.8950322188264216,0.7112980253481462,0.15495168508849674,0.03028228451982529,2.261128849675199
571,4.572916666666667,0.08656036446469248,1,1,0.003567105565769696,0.003567105565769696,0.9066546539580913,0.7152187404826829,0.1570482964273611,0.03060538171409947,2.261128849675199
572,4.572916666666667,0.08656036446469248,1,1,0.0033601580818594804,0.0033601580818594804,0.9150410601885242,0.7317510446225006,0.15708397022486328,0.03064110756844051,2.261128849675199
573,4.572916666666667,0.08656036446469248,1,1,0.0031976337363040404,0.0031976337363040404,0.9225719720705765,0.7442619077284367,0.15711902809348294,0.030675909738861258,2.261128849675199
574,4.572916666666667,0.08656036446469248,1,1,0.0030600607527836356,0.0030600607527836356,0.9291920589462814,0.7542999169348035,0.15715337893968181,0.030709834791187003,2.261128849675199
575,4.572916666666667,0.08656036446469248,2,2,0.020985450947478838,0.010492725473739419,0.9895694623984529,0.9654488628786982,0.1572341035661,0.030730709943655725,2.261128849675199
576,4.572916666666667,0.08656036446469248,1,2,0.013987638383181816,0.013987638383181816,0.9839936363457187,0.9257492645640477,0.15736690146234322,0.030754183665229067,2.261128849675199
577,4.536458333333333,0.08725602755453502,1,2,0.012138303125351755,0.012138303125351755,0.9762698335593869,0.862862828243263,0.15956593761962976,0.031019631588668946,2.261128849675199
578,4.536458333333333,0.08725602755453502,1,2,0.010592366215634006,0.010592366215634006,0.9691211791866,0.8053423865520808,0.15966440716125654,0.031044703528310277,2.261128849675199
579,4.536458333333333,0.08725602755453502,1,1,0.009354687060192518,0.009354687060192518,0.9603504201638122,0.7510281752079631,0.15974918773580107,0.03107009682403844,2.261128849675199
580,4.536458333333333,0.08725602755453502,1,1,0.008281146037725146,0.008281146037725146,0.951638237789663,0.7062147935424747,0.15982311594460544,0.031095667019699482,3.004757142858538
581,4.536458333333333,0.08840413318025259,1,1,0.007339820092766715,0.007339820092766715,0.9426336775975608,0.6707651567843045,0.15988780230680957,0.031121310666411703,3.004757142858538
582,4.536458333333333,0.08840413318025259,1,1,0.006514592271988513,0.006514592271988513,0.934161279244515,0.6437558981158206,0.15994506033784983,0.031146948254852383,3.004757142858538
583,4.473958333333333,0.08963911525029103,1,1,0.005696089921938316,0.005696089921938316,0.9270277628525345,0.6341502215428748,0.1552608584035849,0.03136428495305581,3.004757142858538
584,4.473958333333333,0.08963911525029103,1,1,0.005069093004601155,0.005069093004601155,0.9213559496964528,0.6218093569373377,0.15530893148203015,0.03138993604720389,3.004757142858538
585,4.473958333333333,0.08963911525029103,1,1,0.004533587109785624,0.004533587109785624,0.9169247255405247,0.6139638081375117,0.15535257697854973,0.03141542265779614,3.004757142858538
586,4.473958333333333,0.08963911525029103,1,1,0.0040764721026893555,0.0040764721026893555,0.913990189519139,0.6130968757082595,0.15539263052234972,0.03144070883456726,3.004757142858538
587,4.473958333333333,0.08963911525029103,1,1,0.003687619957029583,0.003687619957029583,0.9124616996133121,0.6153860727477548,0.1554297752216717,0.03146576604157508,3.004757142858538
588,4.473958333333333,0.08963911525029103,1,1,0.0033576975363786435,0.0033576975363786435,0.9122337326547972,0.6199943245556654,0.15546455325498504,0.03149057208034287,3.004757142858538
589,4.416666666666667,0.09080188679245282,1,1,0.02310929769906336,0.02310929769906336,0.9868778468349854,0.9464188665932529,0.1561410379279668,0.03183629644966928,3.004757142858538
590,4.416666666666667,0.09080188679245282,1,1,0.026915176277409292,0.026915176277409292,0.9881011879018001,0.9501980459613988,0.1556191159045222,0.031843467468995544,1.9743982702870213
591,4.416666666666667,0.09080188679245282,1,1,0.02944475217992585,0.02944475217992585,0.987571547315075,0.9368183108888449,0.15560360379826502,0.03184836546374943,1.9743982702870213
592,4.416666666666667,0.09080188679245282,1,1,0.031090926989264932,0.031090926989264932,0.9863402551087432,0.9215237063914437,0.1558193609207033,0.03185164320632404,1.9743982702870213
593,4.416666666666667,0.09198113207547169,1,1,0.03191980121352223,0.03191980121352223,0.9849344967274861,0.9068147189767443,0.15612752479671652,0.03185390635569912,1.9743982702870213
594,4.416666666666667,0.09198113207547169,1,1,0.02515575409255049,0.02515575409255049,0.9789968624811155,0.8624109424584897,0.15633283949812238,0.03203317463144379,1.9743982702870213
595,4.348958333333333,0.09341317365269461,1,1,0.02022830060058426,0.02022830060058426,0.9704236102768132,0.7946678423312178,0.15616732487937313,0.032610271249221445,1.9743982702870213
596,4.348958333333333,0.09341317365269461,1,1,0.016911498958726626,0.016911498958726626,0.9613663246751073,0.7563696608519662,0.15634065046501705,0.03278993228987136,1.9743982702870213
597,4.348958333333333,0.09341317365269461,1,1,0.014656665423135004,0.014656665423135004,0.9532072125886408,0.7364604480964113,0.15649794327183048,0.03294414510321125,1.9743982702870213
598,4.348958333333333,0.09341317365269461,1,1,0.012973454945207909,0.012973454945207909,0.9471467580549127,0.723904144446232,0.1566413654083911,0.03308018544421011,1.9743982702870213
599,4.348958333333333,0.09341317365269461,1,1,0.011608034905415631,0.011608034905415631,0.9427258666111642,0.7200726535457305,0.1567727834361009,0.03320254079648202,1.9743982702870213
600,4.348958333333333,0.09341317365269461,1,2,0.13814068381249983,0.13814068381249983,0.9859104984895547,0.9602508987426726,0.15751968853982537,0.033217651593983856,2.237863105576412
601,4.286458333333333,0.0959902794653706,1,1,0.0778529741646857,0.0778529741646857,0.9557032656382907,0.6075280385515821,0.15925657069703308,0.033665010641061914,2.237863105576412
602,4.286458333333333,0.0959902794653706,1,1,0.05874521409712756,0.05874521409712756,0.9232813938693597,0.4722521850728169,0.15947691099959127,0.03372372813455021,2.237863105576412
603,4.286458333333333,0.0959902794653706,1,1,0.04547528918078778,0.04547528918078778,0.8948671801814729,0.3996724206127599,0.1596339655643914,0.03378621750578105,2.237863105576412
604,4.286458333333333,0.0959902794653706,1,1,0.03569734906298227,0.03569734906298227,0.8668048700919103,0.3578902357869973,0.15975516186680203,0.03385044403114481,2.237863105576412
605,4.286458333333333,0.0959902794653706,1,1,0.028315606259282956,0.028315606259282956,0.8416586609026652,0.333472932236066,0.1598531950738881,0.03391524458815102,2.237863105576412
606,4.286458333333333,0.0959902794653706,1,1,0.022681105290275526,0.022681105290275526,0.8207180268271296,0.32095591143066,0.15993550608676593,0.03397988340525817,2.237863105576412
607,4.229166666666667,0.09729064039408868,1,1,0.019278229635142956,0.019278229635142956,0.8129142736857747,0.3285159188161215,0.16133395020701638,0.034422830264578146,2.237863105576412
608,4.229166666666667,0.09729064039408868,1,1,0.01536622466570177,0.01536622466570177,0.7966195780772628,0.33286477928321295,0.161386490901177,0.03448616692379475,2.237863105576412
609,4.229166666666667,0.09729064039408868,1,1,0.012592492443919344,0.012592492443919344,0.7880779647921485,0.3573138342797355,0.1614411189310003,0.03454849413183515,2.237863105576412
610,4.229166666666667,0.09729064039408868,1,1,0.010512119485530005,0.010512119485530005,0.7851862881614844,0.38957806788110255,0.16149604729651967,0.03460957694723068,2.2574931431979426
611,4.229166666666667,0.09729064039408868,1,1,0.008913471933448425,0.008913471933448425,0.7881074718135631,0.428296892595345,0.1615508030310946,0.03466930489312676,2.2574931431979426
612,4.229166666666667,0.09729064039408868,1,1,0.0076743244153090725,0.0076743244153090725,0.7956846263060865,0.46993983212705825,0.16160522173094796,0.03472762775638204,2.2574931431979426
613,4.177083333333333,0.09850374064837905,1,1,0.008215359209783772,0.008215359209783772,0.8366542055714946,0.5839803149409922,0.16296127307918298,0.03514318087912101,2.2574931431979426
614,4.177083333333333,0.09850374064837905,1,1,0.007005708668264775,0.007005708668264775,0.840643319625611,0.5947984919478854,0.16298564973643673,0.035198381371981446,2.2574931431979426
615,4.177083333333333,0.09850374064837905,1,1,0.006193284641607641,0.006193284641607641,0.8502651851602778,0.6144911254676071,0.16301514436641054,0.03525238599994096,2.2574931431979426
616,4.177083333333333,0.09850374064837905,1,1,0.005603758599067907,0.005603758599067907,0.8615786251285741,0.6386027918306094,0.16304694894267147,0.03530514020276948,2.2574931431979426
617,4.177083333333333,0.09850374064837905,1,1,0.005153496299644591,0.005153496299644591,0.8741701909088384,0.662062556447188,0.16307973137344914,0.03535664880149554,2.2574931431979426
618,4.177083333333333,0.09850374064837905,1,1,0.004798868761393156,0.004798868761393156,0.8864774545186345,0.6833283628653827,0.16311282664492138,0.035406941754158865,2.2574931431979426
619,4.130208333333333,0.09962168978562422,1,1,0.004318489625208375,0.004318489625208375,0.8941247508897814,0.6868534708290308,0.16459300368512414,0.035796841816418505,2.2574931431979426
620,4.130208333333333,0.09962168978562422,1,1,0.004004679582204298,0.004004679582204298,0.9019829104857913,0.7096052472978098,0.16463227511451178,0.035845482641365355,2.158982900167431
621,4.130208333333333,0.09962168978562422,1,1,0.0037791111645936954,0.0037791111645936954,0.9111814290506337,0.7300138533215138,0.16467162775875635,0.03589305508459213,2.158982900167431
622,4.130208333333333,0.09962168978562422,1,1,0.0036034313535797877,0.0036034313535797877,0.9197218331350691,0.7467816378690953,0.16471062990123186,0.03593959272163163,2.158982900167431
623,4.130208333333333,0.09962168978562422,1,1,0.003463067598524998,0.003463067598524998,0.9270755290635063,0.7596492040709173,0.16474906876042766,0.03598513407709131,2.158982900167431
624,4.130208333333333,0.09962168978562422,1,1,0.0033449944688658077,0.0033449944688658077,0.9337910707882874,0.7697406766053538,0.1647868465231291,0.03602972226551163,2.158982900167431
625,4.09375,0.1005089058524173,2,2,0.09107110267781236,0.04553555133890618,0.9879116421491528,0.9796567221218994,0.16760716503061415,0.03631000347104887,2.158982900167431
626,4.09375,0.10687022900763359,1,2,0.06728479950000593,0.06728479950000593,0.9811061369322078,0.849312204600368,0.16762329702396267,0.036296504961701864,2.158982900167431
627,4.09375,0.10941475826972011,1,1,0.0584176103026586,0.0584176103026586,0.9699695521882679,0.756998492888827,0.1679773464612876,0.03632759366754311,2.158982900167431
628,4.09375,0.10941475826972011,1,1,0.05254538207979199,0.05254538207979199,0.959954116373179,0.6971753223935518,0.16848630212992682,0.03635779796628084,2.158982900167431
629,4.09375,0.11068702290076336,1,1,0.04763680585856381,0.04763680585856381,0.9502801687178479,0.6562091428444161,0.16903607254900715,0.03638219417033549,2.158982900167431
630,4.09375,0.11195928753180662,1,1,0.03690445985038214,0.03690445985038214,0.9318729939927768,0.5658172950690497,0.16944783826299933,0.03657696146861284,2.7102788959112893
631,4.036458333333333,0.1135483870967742,1,1,0.030541987690682147,0.030541987690682147,0.9166609531672739,0.5172871265383421,0.16679798559419,0.0371021364272308,2.7102788959112893
632,4.036458333333333,0.1135483870967742,1,1,0.025686814546192947,0.025686814546192947,0.9058800976379373,0.5040950780654073,0.16706110326459875,0.03730417022279568,2.7102788959112893
633,4.036458333333333,0.1135483870967742,1,1,0.021884522459882094,0.021884522459882094,0.8973794361303575,0.5086446284174657,0.16728329571247816,0.03747895148620701,2.7102788959112893
634,4.036458333333333,0.1135483870967742,1,1,0.018819078238134165,0.018819078238134165,0.8911356288009303,0.5198471644579584,0.16747605093764142,0.037634322009920486,2.7102788959112893
635,4.036458333333333,0.1135483870967742,1,1,0.016319341424882228,0.016319341424882228,0.8871281597765404,0.535046700412667,0.167646482917529,0.03777509630296867,2.7102788959112893
636,4.036458333333333,0.1135483870967742,1,1,0.01426934112291965,0.01426934112291965,0.885082737458702,0.5548724441239598,0.16779939212665898,0.03790444445188199,2.7102788959112893
637,3.9895833333333335,0.11488250652741515,1,1,0.012788998614169135,0.012788998614169135,0.8847712350373617,0.5663360068958401,0.17040604068601628,0.03843159100733431,2.7102788959112893
638,3.9895833333333335,0.11488250652741515,1,1,0.011290319868023119,0.011290319868023119,0.8864492927357109,0.5915354923116704,0.1705300035812822,0.03854506904347756,2.7102788959112893
639,3.9895833333333335,0.11488250652741515,1,1,0.010100091064091151,0.010100091064091151,0.8888826052344786,0.6137632491722311,0.17064577157532343,0.038652063248432005,2.7102788959112893
640,3.9895833333333335,0.11488250652741515,1,1,0.00912250498926429,0.00912250498926429,0.892397493751786,0.6344893531174519,0.17075443085779748,0.03875347286892425,2.2405832162706005
641,3.9895833333333335,0.11488250652741515,1,1,0.008309682868535572,0.008309682868535572,0.8968694312397514,0.6538436762184274,0.17085700532796874,0.038850011426943235,2.2405832162706005
642,3.9895833333333335,0.11488250652741515,1,1,0.007628743685087175,0.007628743685087175,0.9019716901800626,0.6717257665865164,0.17095430809873358,0.03894225318194731,2.2405832162706005
643,3.9270833333333335,0.11671087533156499,1,1,0.007111505157557971,0.007111505157557971,0.9080758577765446,0.6825268364051724,0.16805198231725804,0.039377199012368955,2.2405832162706005
644,3.9270833333333335,0.11671087533156499,1,1,0.006575633439641936,0.006575633439641936,0.9135293879263074,0.7017572022588887,0.1681414683388414,0.03946285116694492,2.2405832162706005
645,3.9270833333333335,0.11671087533156499,1,1,0.0061410664478938806,0.0061410664478938806,0.9188023803482356,0.7168414119275709,0.16822811410403743,0.03954538214255004,2.2405832162706005
646,3.9270833333333335,0.11671087533156499,1,1,0.0057775632497190504,0.0057775632497190504,0.9237964013448585,0.729126790248986,0.16831181926447464,0.03962506580175415,2.2405832162706005
647,3.9270833333333335,0.11671087533156499,1,1,0.0054676897575781785,0.0054676897575781785,0.9283392673611501,0.7399090793525119,0.16839268642171923,0.039702140388823984,2.2405832162706005
648,3.9270833333333335,0.11671087533156499,1,1,0.00519898579752076,0.00519898579752076,0.9326457345276783,0.749314374509986,0.16847088954093656,0.03977681477171424,2.2405832162706005
649,3.8802083333333335,0.11812080536912752,1,1,0.004996228284599061,0.004996228284599061,0.9362581974892926,0.7524256049328343,0.17224422273387127,0.040327499524938866,2.2405832162706005
650,3.8802083333333335,0.11812080536912752,1,2,0.09511965616853052,0.09511965616853052,0.9896246164476601,0.9826865540006282,0.1721990807203586,0.04030938504347097,2.7355142208680423
651,3.8802083333333335,0.11812080536912752,1,1,0.06812892340361824,0.06812892340361824,0.9732831652651099,0.7296881287755715,0.17197099064276153,0.04031405646020224,2.7355142208680423
652,3.8802083333333335,0.11812080536912752,1,1,0.049358778670151905,0.049358778670151905,0.9492807189786295,0.5595421694869239,0.17196244899872856,0.04033626692070077,2.7355142208680423
653,3.8802083333333335,0.11812080536912752,1,1,0.037994759407255906,0.037994759407255906,0.9267993653385279,0.4747349392137876,0.17205513193715577,0.04036824571502753,2.7355142208680423
654,3.8802083333333335,0.11812080536912752,1,1,0.029687900337130375,0.029687900337130375,0.9035062188659714,0.4231315868500125,0.1721575181251091,0.04040687562385806,2.7355142208680423
655,3.828125,0.11972789115646258,1,1,0.023296320949082273,0.023296320949082273,0.8778665407209157,0.3948013984807602,0.17262884806876785,0.040860479357438445,2.7355142208680423
656,3.828125,0.11972789115646258,1,1,0.0186831796153211,0.0186831796153211,0.8578286007253922,0.37873572217454854,0.1727089772526111,0.040907786754434024,2.7355142208680423
657,3.828125,0.11972789115646258,1,1,0.015164277172978692,0.015164277172978692,0.8410464775614558,0.3723680169705002,0.172779026191215,0.04095748027314391,2.7355142208680423
658,3.828125,0.11972789115646258,1,1,0.012457128576106622,0.012457128576106622,0.8280672323422128,0.3775021495618972,0.17284200588169493,0.0410084677761882,2.7355142208680423
659,3.828125,0.11972789115646258,1,1,0.010362466288210935,0.010362466288210935,0.8190916959976804,0.3890965405189151,0.17290025223917538,0.04106020739892658,2.7355142208680423
660,3.828125,0.11972789115646258,1,1,0.00873450172014106,0.00873450172014106,0.8143278874633748,0.40603088891729616,0.172955335642233,0.041112300787736186,3.076423012061221
661,3.7760416666666665,0.12137931034482759,1,1,0.0076962359117612785,0.0076962359117612785,0.818336329972569,0.4288857142452784,0.17333068509346283,0.041585082415014164,3.076423012061221
662,3.7760416666666665,0.12137931034482759,1,1,0.006589346865757284,0.006589346865757284,0.8204536686969274,0.45242428996317,0.17337852698002248,0.04163741457601721,3.076423012061221
663,3.7760416666666665,0.12137931034482759,1,1,0.005748892030281533,0.005748892030281533,0.8258379931394123,0.4788131828663967,0.1734272876084739,0.04168949850349768,3.076423012061221
664,3.7760416666666665,0.12137931034482759,1,1,0.005100079156987215,0.005100079156987215,0.8340009618063139,0.5120181760407189,0.17347635220212254,0.04174119314271583,3.076423012061221
665,3.7760416666666665,0.12137931034482759,1,1,0.004593815456815433,0.004593815456815433,0.8444217454798714,0.5532632129817664,0.17352540633819083,0.04179240243143536,3.076423012061221
666,3.7760416666666665,0.12137931034482759,1,1,0.004195738257238108,0.004195738257238108,0.8561259858513484,0.593057564128162,0.17357426080923796,0.041843061203924545,3.076423012061221
667,3.7291666666666665,0.12290502793296089,1,1,0.004473047942337214,0.004473047942337214,0.8824804995260592,0.6628789715274375,0.17510469953178442,0.04232682157026798,3.076423012061221
668,3.7291666666666665,0.12290502793296089,1,1,0.0040313549072347335,0.0040313549072347335,0.8901372468220661,0.6844915381217187,0.17514001452765524,0.04237619613577573,3.076423012061221
669,3.7291666666666665,0.12290502793296089,1,1,0.0037344148921037296,0.0037344148921037296,0.8992669586326091,0.7046329401905121,0.17517718605680765,0.04242497511584827,3.076423012061221
670,3.7291666666666665,0.12290502793296089,1,1,0.0035191096531532297,0.0035191096531532297,0.9085280255541037,0.7230185542003755,0.17521520418541192,0.04247313671426104,2.29987208198716
671,3.7291666666666665,0.12290502793296089,1,1,0.0033560936763570616,0.0033560936763570616,0.9172554159789069,0.7393732318688763,0.17525352440214625,0.04252067334858716,2.29987208198716
672,3.7291666666666665,0.12290502793296089,1,1,0.003228232506499468,0.003228232506499468,0.9250721196686309,0.7531796818244884,0.17529184573551845,0.04256758588962648,2.29987208198716
673,3.6822916666666665,0.12446958981612447,1,1,0.0029161136368892433,0.0029161136368892433,0.9279496410609528,0.7495603343824909,0.17571273788251668,0.04301828677674817,2.29987208198716
674,3.6822916666666665,0.12446958981612447,1,1,0.0028315246556087905,0.0028315246556087905,0.9344689109244528,0.7620271259150246,0.17575709701220293,0.04306465145816909,2.29987208198716
675,3.6822916666666665,0.12446958981612447,2,2,0.037563970236719924,0.018781985118359962,0.9925981937339279,0.9815584882115975,0.1757892568260138,0.04307240515853526,2.29987208198716
676,3.6822916666666665,0.12446958981612447,1,2,0.023735143123567767,0.023735143123567767,0.9855419342825095,0.8962365132130405,0.17591510923798323,0.04309299115910565,2.29987208198716
677,3.6822916666666665,0.12446958981612447,1,2,0.019299048266707395,0.019299048266707395,0.9781411956913966,0.8343723298484675,0.17601249951609838,0.043118402288482016,2.29987208198716
678,3.6822916666666665,0.12446958981612447,1,1,0.01610408321020558,0.01610408321020558,0.9706818824316676,0.7747257676223771,0.17610104822570208,0.04314707372238605,2.29987208198716
679,3.6510416666666665,0.12553495007132667,1,1,0.013534569363640036,0.013534569363640036,0.9625046743970379,0.7216859698906578,0.17999717171180782,0.04358906142287267,2.29987208198716
680,3.6510416666666665,0.12553495007132667,1,1,0.011462292641123018,0.011462292641123018,0.9549701399246735,0.6800958988862716,0.18006882383768197,0.043622217348888846,2.398400441408871
681,3.6510416666666665,0.12696148359486448,1,1,0.00977376749373608,0.00977376749373608,0.9473558572918171,0.6446684975076901,0.18013428642855817,0.04365678356874406,2.398400441408871
682,3.6510416666666665,0.12838801711840228,1,1,0.008392730562897618,0.008392730562897618,0.9397816812820223,0.6216566275391943,0.1801953189056317,0.04369239900547524,2.398400441408871
683,3.6510416666666665,0.12838801711840228,1,1,0.007259836591481641,0.007259836591481641,0.9326702522522674,0.604448063669958,0.18025206021863843,0.04372928224488293,2.398400441408871
684,3.6510416666666665,0.12838801711840228,1,1,0.006328158211048617,0.006328158211048617,0.9264873307250859,0.5968366673838302,0.18030491265708604,0.043766708878538355,2.398400441408871
685,3.5989583333333335,0.13024602026049203,1,1,0.0058382396053256545,0.0058382396053256545,0.9216447995152284,0.5701641411258368,0.17582822927967368,0.044084341939314854,2.398400441408871
686,3.5989583333333335,0.13024602026049203,1,1,0.005100740119480528,0.005100740119480528,0.9178546274872239,0.5808515684545481,0.17586971488042466,0.044122364844419094,2.398400441408871
687,3.5989583333333335,0.13024602026049203,1,1,0.004530019971618972,0.004530019971618972,0.914893908684798,0.5915550941832076,0.17591043695829853,0.04416055621939843,2.398400441408871
688,3.5989583333333335,0.13024602026049203,1,1,0.00407393358302205,0.00407393358302205,0.9134850609839386,0.6033089923402042,0.17595020872666098,0.044198798081709234,2.398400441408871
689,3.5989583333333335,0.13024602026049203,1,1,0.0037049162985691494,0.0037049162985691494,0.9133847181305287,0.6158734281819226,0.17598901411675733,0.04423700354886459,2.398400441408871
690,3.5989583333333335,0.13024602026049203,1,1,0.003404294452561585,0.003404294452561585,0.9144018865996371,0.6287876451982235,0.1760269110294298,0.04427510663817361,3.2448545223246583
691,3.5416666666666665,0.1323529411764706,1,1,0.003105730098425453,0.003105730098425453,0.9157329149477732,0.6407477686384606,0.17520015539782421,0.044792930717888875,3.2448545223246583
692,3.5416666666666665,0.1323529411764706,1,1,0.002893787277547361,0.002893787277547361,0.9186191591151536,0.655304932405234,0.17523867005961286,0.04483113309297853,3.2448545223246583
693,3.5416666666666665,0.1323529411764706,1,1,0.0027293192967080067,0.0027293192967080067,0.921529753692457,0.6708904933390619,0.17527670087869215,0.044869110853458315,3.2448545223246583
694,3.5416666666666665,0.1323529411764706,1,1,0.0025953694877690896,0.0025953694877690896,0.9248963279808746,0.687138665227955,0.17531422891146667,0.04490683895407051,3.2448545223246583
695,3.5416666666666665,0.1323529411764706,1,1,0.0024842131337329087,0.0024842131337329087,0.9283969972963297,0.7014063461213655,0.17535128273941275,0.044944300852922836,3.2448545223246583
696,3.5416666666666665,0.1323529411764706,1,1,0.002391041371579832,0.002391041371579832,0.9318670442405925,0.713923638288993,0.17538789333802307,0.04498148517316145,3.2448545223246583
697,3.5,0.13392857142857142,1,1,0.002308834431998058,0.002308834431998058,0.935804099140625,0.725965498836317,0.17947185034210106,0.04556289030415661,3.2448545223246583
698,3.5,0.13392857142857142,1,1,0.0022397416023694867,0.0022397416023694867,0.9394732372178252,0.7372814584114511,0.17950787768074794,0.04559991655518458,3.2448545223246583
699,3.5,0.13392857142857142,1,1,0.002182451255625057,0.002182451255625057,0.9425751351435319,0.7496393546608603,0.1795435489185906,0.04563664712737746,3.2448545223246583
700,3.5,0.13392857142857142,2,2,0.0021335782405449907,0.0010667891202724954,0.9453259474591074,0.7597739358166802,0.17957886369346251,0.04567308022882433,3.317723947850974
701,3.5,0.13392857142857142,2,2,0.0020064451976843645,0.0010032225988421822,0.9477601577095647,0.7680567778138311,0.1796124158275767,0.04570774856110847,3.317723947850974
702,3.5,0.13392857142857142,1,2,0.0020041466820944344,0.0020041466820944344,0.9493994185296062,0.7722965692277086,0.1796461066718033,0.04574253898305262,3.317723947850974
703,3.5,0.13392857142857142,1,2,0.001995887218483452,0.001995887218483452,0.9508717367661955,0.7761460076912219,0.1796798133975797,0.04577735340772521,3.317723947850974
704,3.5,0.13392857142857142,1,1,0.0019829387359916084,0.0019829387359916084,0.9522416243783078,0.7796934868789454,0.17971344355311084,0.045812110544919384,3.317723947850974
705,3.5,0.13392857142857142,1,1,0.001966736541303961,0.001966736541303961,0.9535199325741921,0.7829487407493501,0.1797469294731814,0.04584674748872606,3.317723947850974
706,3.5,0.13392857142857142,1,1,0.0019486008946929556,0.0019486008946929556,0.9546930102786726,0.7858816996828629,0.17978022509375688,0.04588121821202121,3.317723947850974
707,3.5,0.13392857142857142,1,1,0.0019295453580568487,0.0019295453580568487,0.9557681562936376,0.7884729386929185,0.17981330485890248,0.04591549066944759,3.317723947850974
708,3.5,0.13392857142857142,1,1,0.0019102816766941586,0.0019102816766941586,0.9567339810027217,0.79071742615688,0.1798461541402349,0.04594954359550822,3.317723947850974
709,3.5,0.13392857142857142,1,1,0.0018912419750652708,0.0018912419750652708,0.9575973848844744,0.7926828356550346,0.17987875662425235,0.04598336367759812,3.317723947850974
710,3.5,0.13392857142857142,1,1,0.0018726759754596688,0.0018726759754596688,0.9583663560579775,0.794370769959753,0.1799111090118958,0.046016943256294,2.2333558179901716
711,3.5,0.13392857142857142,1,1,0.0018547355642061902,0.0018547355642061902,0.9590381246889447,0.7957841974128818,0.17994321190117174,0.046050278562827444,2.2333558179901716
712,3.5,0.13392857142857142,1,1,0.0018375228957374762,0.0018375228957374762,0.9595929227323252,0.7969314963274055,0.1799750689358013,0.0460833684324345,2.2333558179901716
713,3.5,0.13392857142857142,1,1,0.0018210905958869303,0.0018210905958869303,0.960021163013474,0.7978197409505772,0.18000668418279192,0.04611621342614666,2.2333558179901716
714,3.5,0.13392857142857142,1,1,0.0018053481632439212,0.0018053481632439212,0.9603512402312206,0.7985043256980435,0.18003806360490704,0.0461488153637602,2.2333558179901716
715,3.5,0.13392857142857142,1,1,0.0017901658182308566,0.0017901658182308566,0.9606207197227018,0.7990945423588319,0.18006921244425894,0.04618117693966836,2.2333558179901716
716,3.5,0.13392857142857142,1,1,0.0017754741378800795,0.0017754741378800795,0.9608460931187436,0.799618979861802,0.18010013315916074,0.04621330136105201,2.2333558179901716
717,3.5,0.13392857142857142,1,1,0.0017612259739371047,0.0017612259739371047,0.9610376616199775,0.8000557465005675,0.1801308297589386,0.0462451921300229,2.2333558179901716
718,3.5,0.13392857142857142,1,1,0.0017473839547004232,0.0017473839547004232,0.9612013992013712,0.8004203748682882,0.18016130622719423,0.046276852906713094,2.2333558179901716
719,3.5,0.13392857142857142,1,1,0.0017339157075523873,0.0017339157075523873,0.9613410945468667,0.8007250604755257,0.18019156645451553,0.0463082874221165,2.2333558179901716
720,3.5,0.13392857142857142,1,1,0.00172079291636283,0.00172079291636283,0.9614587912609616,0.8009796143448945,0.18022161163515296,0.04633949942126749,2.879728886570941
721,3.5,0.13392857142857142,1,1,0.0017079894918870366,0.0017079894918870366,0.9615571304717714,0.8011926349632965,0.18025144410388383,0.0463704926279575,2.879728886570941
722,3.5,0.13392857142857142,1,1,0.0016954815268893889,0.0016954815268893889,0.9616398441997672,0.8013717337070332,0.18028106769933638,0.046401270722207406,2.879728886570941
723,3.5,0.13392857142857142,1,1,0.0016832488129613341,0.0016832488129613341,0.9617096758331227,0.8015229247658735,0.1803104891948657,0.04643227600324325,2.879728886570941
724,3.5,0.13392857142857142,1,1,0.00167127437390875,0.00167127437390875,0.9617682441118321,0.8016508754087148,0.18033971169218754,0.04646311874444958,2.879728886570941
725,3.5,0.13392857142857142,2,2,0.08176348145232538,0.04088174072616269,0.9920395195342641,0.9947211333140346,0.1805182215754464,0.046395364227000496,2.879728886570941
726,3.5,0.13392857142857142,1,2,0.04238749896001466,0.04238749896001466,0.9843516647611775,0.8480470452073086,0.18073868693246284,0.046374988201362884,2.879728886570941
727,3.5,0.13392857142857142,1,1,0.030566321886302945,0.030566321886302945,0.9754763386065858,0.7505309913406115,0.1808888378825882,0.04636929303919326,2.879728886570941
728,3.5,0.13392857142857142,1,1,0.023319341276646983,0.023319341276646983,0.965194372301361,0.6733774678959005,0.1810068678999428,0.04637246004535696,2.879728886570941
729,3.5,0.13392857142857142,1,1,0.018288836476314546,0.018288836476314546,0.953809274762003,0.6075557320139515,0.1810955542147578,0.04638167746381161,2.879728886570941
730,3.5,0.13392857142857142,1,1,0.014592706847871858,0.014592706847871858,0.9415894041299585,0.5530235264863727,0.18116362512003345,0.046395263015356555,2.6259049932415337
731,3.5,0.13541666666666666,1,1,0.011791236664367544,0.011791236664367544,0.9290433283941233,0.5110358046384873,0.18121799725574525,0.04641209729031066,2.6259049932415337
732,3.5,0.13541666666666666,1,1,0.009628091682062473,0.009628091682062473,0.916607300273151,0.4816638274795091,0.18126248813980186,0.04643138763179177,2.6259049932415337
733,3.5,0.13541666666666666,1,1,0.007937691805742697,0.007937691805742697,0.9048382383269717,0.4639099387621462,0.18130008455809232,0.046452551118680824,2.6259049932415337
734,3.5,0.13541666666666666,1,1,0.006606349631589636,0.006606349631589636,0.8943887098229898,0.4521151087463662,0.18133283349293247,0.04647514788630857,2.6259049932415337
735,3.5,0.13541666666666666,1,1,0.0055524226820558775,0.0055524226820558775,0.88566702499727,0.44616956378839007,0.1813623035926673,0.04649884013262789,2.6259049932415337
736,3.5,0.13541666666666666,1,1,0.0047152507149467345,0.0047152507149467345,0.8788595625470311,0.45095660468619186,0.18138971013455302,0.04652336541220092,2.6259049932415337
737,3.5,0.13541666666666666,1,1,0.004048737735169907,0.004048737735169907,0.8741245180966916,0.46164345785121513,0.18141579802308255,0.046548518212445884,2.6259049932415337
738,3.5,0.13541666666666666,1,1,0.003517301939560483,0.003517301939560483,0.871535591315823,0.4786387357527844,0.18144105881318073,0.046574136740646165,2.6259049932415337
739,3.5,0.13541666666666666,1,1,0.0030931115772420974,0.0030931115772420974,0.8709821971048302,0.4983334855018894,0.1814658611318079,0.04660009324810662,2.6259049932415337
740,3.5,0.13541666666666666,1,1,0.002754272867536213,0.002754272867536213,0.8724203019006873,0.5198640558527706,0.18149041069526936,0.04662628666522959,2.7052115749264787
741,3.5,0.13541666666666666,1,1,0.002483422753811634,0.002483422753811634,0.8756814603331995,0.5423283957220834,0.18151485477308055,0.04665263701457679,2.7052115749264787
742,3.5,0.13541666666666666,1,1,0.002266722435411323,0.002266722435411323,0.8803773541449976,0.5657105535440137,0.18153926491608968,0.0466790810875361,2.7052115749264787
743,3.5,0.13541666666666666,1,1,0.002093156406211389,0.002093156406211389,0.886204789628257,0.5921580691787637,0.18156368422510147,0.04670556899536058,2.7052115749264787
744,3.5,0.13541666666666666,1,1,0.0019538259444420994,0.0019538259444420994,0.8928296095879459,0.6176945823983306,0.18158812847177838,0.0467320615936029,2.7052115749264787
745,3.5,0.13541666666666666,1,1,0.0018417391793707264,0.0018417391793707264,0.8997995644427897,0.6419466039098972,0.18161259369452426,0.04675852816404716,2.7052115749264787
746,3.5,0.13541666666666666,1,1,0.0017513430007997997,0.0017513430007997997,0.9068283839944185,0.6677095091363086,0.18163706786133274,0.04678494466958404,2.7052115749264787
747,3.5,0.13541666666666666,1,1,0.0016782210334008016,0.0016782210334008016,0.9136854053535527,0.6929379852339872,0.18166154054231853,0.04681129237704097,2.7052115749264787
748,3.5,0.13541666666666666,1,1,0.0016188682788851132,0.0016188682788851132,0.9201237007254972,0.7143925144591268,0.18168599517880274,0.04683755675360577,2.7052115749264787
749,3.5,0.13541666666666666,1,1,0.0015705021773888194,0.0015705021773888194,0.926045689841369,0.7323765606166425,0.18171041696105492,0.046863726592515156,2.7052115749264787
750,3.5,0.13541666666666666,2,2,0.0015308639121186375,0.0007654319560593187,0.9314258237823194,0.7472746643739793,0.18173479167656362,0.04688979338100878,3.130567490757753
751,3.5,0.13541666666666666,2,2,0.0014373768038322778,0.0007186884019161389,0.9362149180561478,0.7594826131245408,0.1817581201341779,0.04691469739538669,3.130567490757753
752,3.5,0.13541666666666666,1,2,0.0014348470237076827,0.0014348470237076827,0.939890317083152,0.7668786300476438,0.1817816959072553,0.04693978654719302,3.130567490757753
753,3.5,0.13541666666666666,1,2,0.001429148726231349,0.001429148726231349,0.943245311005598,0.7732842468910668,0.18180541896713381,0.046964985877361955,3.130567490757753
754,3.5,0.13541666666666666,1,1,0.0014211340364607525,0.0014211340364607525,0.946205139324323,0.7788231840771674,0.1818292130179647,0.046990232601226,3.130567490757753
755,3.5,0.13541666666666666,1,1,0.0014116383227625131,0.0014116383227625131,0.9488134009516338,0.7835945904958398,0.18185302057488614,0.04701547746449681,3.130567490757753
756,3.5,0.13541666666666666,1,1,0.0014013829999985003,0.0014013829999985003,0.9511035999017136,0.7876702669279543,0.18187680114602298,0.04704068373241991,3.130567490757753
757,3.5,0.13541666666666666,1,1,0.0013909087562431644,0.0013909087562431644,0.9530885945791534,0.791113716061765,0.18190052519645591,0.04706582507277711,3.130567490757753
758,3.5,0.13541666666666666,1,1,0.0013805687353567304,0.0013805687353567304,0.9547653016020148,0.7939924118268405,0.1819241729179962,0.04709088321840356,3.130567490757753
759,3.5,0.13541666666666666,1,1,0.0013705648181425627,0.0013705648181425627,0.956175358211882,0.7963773197049705,0.18194773218163413,0.047115845867296904,3.130567490757753
760,3.5,0.13541666666666666,1,1,0.0013609945672481767,0.0013609945672481767,0.9573556004551704,0.7983376157310195,0.18197119612443083,0.04714070498695731,2.670001732576926
761,3.5,0.13541666666666666,1,1,0.0013518888205083911,0.0013518888205083911,0.9583322655809848,0.7999374494341268,0.18199455967578632,0.04716545553330925,2.670001732576926
762,3.5,0.13541666666666666,1,1,0.0013432377638882644,0.0013432377638882644,0.9591317509672376,0.801234941575616,0.1820178177856078,0.047190094523558775,2.670001732576926
763,3.5,0.13541666666666666,1,1,0.0013350090766277472,0.0013350090766277472,0.9597815526758734,0.8022817393484034,0.1820409700213033,0.04721462038245266,2.670001732576926
764,3.5,0.13541666666666666,1,1,0.0013271600012784318,0.0013271600012784318,0.9603067262973058,0.8031229104480602,0.18206401856353846,0.04723903248873636,2.670001732576926
765,3.5,0.13541666666666666,1,1,0.0013196450676415544,0.0013196450676415544,0.9607282002147434,0.803797041154589,0.18208696258810486,0.0472633308634758,2.670001732576926
766,3.5,0.13541666666666666,1,1,0.0013124206164732064,0.0013124206164732064,0.9610646621016385,0.8043365915676572,0.18210980311161878,0.0472875159571207,2.670001732576926
767,3.5,0.13541666666666666,1,1,0.0013054470306976494,0.0013054470306976494,0.9613303817534571,0.8047685169763189,0.1821325387313129,0.04731158850468252,2.670001732576926
768,3.5,0.13541666666666666,1,1,0.0012986896551550635,0.0012986896551550635,0.961538787037241,0.8051149511576273,0.18215516909395307,0.04733554942743616,2.670001732576926
769,3.5,0.13541666666666666,1,1,0.001292118947398152,0.001292118947398152,0.9617009215522536,0.805393883673779,0.1821776951755337,0.047359399766249,2.670001732576926
770,3.5,0.13541666666666666,1,1,0.0012857101874747916,0.0012857101874747916,0.9618259260136431,0.80561980454955,0.18220011837784206,0.047383140636381,2.5556540719916336
771,3.5,0.13541666666666666,1,1,0.0012794429806177539,0.0012794429806177539,0.9619213054139503,0.8058042859913747,0.18222244022831377,0.04740677319684042,2.5556540719916336
772,3.5,0.13541666666666666,1,1,0.0012733006962548947,0.0012733006962548947,0.9619935538599698,0.8059564853663301,0.1822446619431522,0.04743029862959487,2.5556540719916336
773,3.5,0.13541666666666666,1,1,0.0012672699066175143,0.0012672699066175143,0.9620478380838442,0.806083576587315,0.18226678347270106,0.04745371812546928,2.5556540719916336
774,3.5,0.13541666666666666,1,1,0.0012613398477916483,0.0012613398477916483,0.9620883068575177,0.8061911252121284,0.18228880626197336,0.04747703287460992,2.5556540719916336
775,3.5,0.13690476190476192,1,2,0.09745562560324975,0.09745562560324975,0.9900738206828633,0.9949258328215742,0.18284678400372809,0.047379396283017516,2.5556540719916336
776,3.5,0.13690476190476192,1,2,0.051002098231816013,0.051002098231816013,0.9781358051657463,0.7980511016060424,0.18320743307164936,0.0473420075021855,2.5556540719916336
777,3.5,0.13690476190476192,1,1,0.036576438961952555,0.036576438961952555,0.9629865576067296,0.6724587312794402,0.18345853933417086,0.04732306109728505,2.5556540719916336
778,3.5,0.13690476190476192,1,1,0.027658347647411055,0.027658347647411055,0.9450281155645504,0.5806462213362847,0.18363565260186393,0.047314884726148726,2.5556540719916336
779,3.5,0.13690476190476192,1,1,0.02144676043680927,0.02144676043680927,0.925127764365281,0.5089306265154353,0.183759116480338,0.04731392397879278,2.5556540719916336
780,3.5,0.13690476190476192,1,1,0.016921218963446144,0.016921218963446144,0.9036827138582886,0.4492304686929364,0.1838465858552824,0.047318085663775794,2.498564798669931
781,3.5,0.13690476190476192,1,1,0.0134816325264253,0.0134816325264253,0.882666141961419,0.39912496241882717,0.1839101717486691,0.04732607760365138,2.498564798669931
782,3.5,0.13690476190476192,1,1,0.010826276531501516,0.010826276531501516,0.8626833584782838,0.358703956149331,0.1839576532863701,0.04733699169344079,2.498564798669931
783,3.5,0.13690476190476192,1,1,0.008757645786557654,0.008757645786557654,0.8442773430756623,0.32869382366004146,0.18399436213324313,0.04735016042542117,2.498564798669931
784,3.5,0.13690476190476192,1,1,0.007136135982081173,0.007136135982081173,0.8285291069999985,0.31443619398246797,0.18402396131391863,0.04736508268154921,2.498564798669931
785,3.5,0.13839285714285715,1,1,0.005861758015890587,0.005861758015890587,0.8157577621476504,0.3134576579321912,0.18404893520678808,0.047381377356311094,2.498564798669931
786,3.5,0.13839285714285715,1,1,0.004858428409805306,0.004858428409805306,0.806155294188069,0.3252480628973971,0.1840709989777015,0.04739875783500319,2.498564798669931
787,3.5,0.13839285714285715,1,1,0.004068034066356313,0.004068034066356313,0.7997544176438631,0.3432594595616668,0.18409129957142378,0.047417004396928225,2.498564798669931
788,3.5,0.13839285714285715,1,1,0.0034447907231184407,0.0034447907231184407,0.7967997858115945,0.3668619231837005,0.1841106268419273,0.047435934872755575,2.498564798669931
789,3.5,0.13839285714285715,1,1,0.0029530039189863745,0.0029530039189863745,0.7972716452294442,0.39448346501713083,0.18412942714084157,0.047455394306378136,2.498564798669931
790,3.5,0.13839285714285715,1,1,0.0025646018182100775,0.0025646018182100775,0.8011267766038758,0.42501628226955895,0.18414801438282577,0.04747525540229272,2.5554797556938365
791,3.5,0.13839285714285715,1,1,0.0022577516026405487,0.0022577516026405487,0.8080390319029549,0.45701470014509066,0.18416656172041898,0.04749541593480375,2.5554797556938365
792,3.5,0.13839285714285715,1,1,0.0020152621363833654,0.0020152621363833654,0.817515974135643,0.4894842876339335,0.18418516513495659,0.047515794759000717,2.5554797556938365
793,3.5,0.13839285714285715,1,1,0.00182349413421139,0.00182349413421139,0.8291193663863512,0.523294237218692,0.1842038636070051,0.04753632792114137,2.5554797556938365
794,3.5,0.13839285714285715,1,1,0.0016717447944912854,0.0016717447944912854,0.842195593722266,0.5611182848384705,0.1842226750876411,0.04755696511582527,2.5554797556938365
795,3.5,0.13839285714285715,1,1,0.0015516350857339425,0.0015516350857339425,0.8559690647133037,0.5994915325261836,0.1842415951768855,0.04757766677323163,2.5554797556938365
796,3.5,0.13839285714285715,1,1,0.0014565453282379967,0.0014565453282379967,0.8697953891669764,0.6357983151979547,0.18426061107438432,0.04759840181453419,2.5554797556938365
797,3.5,0.13839285714285715,1,1,0.0013815631460687146,0.0013815631460687146,0.8827433989432405,0.6678047290230132,0.18427970954048942,0.04761914546592579,2.5554797556938365
798,3.5,0.13839285714285715,1,1,0.0013223621882026593,0.0013223621882026593,0.8944049443946737,0.6950885095189826,0.1842988683018674,0.04763987848592292,2.5554797556938365
799,3.5,0.13839285714285715,1,1,0.0012752190354341003,0.0012752190354341003,0.9049989061004392,0.7180797158569485,0.18431806464525954,0.047660586380230845,2.5554797556938365
800,3.5,0.13839285714285715,1,2,0.09363271165024958,0.09363271165024958,0.9908048206408693,0.9955623565422789,0.18442642231059633,0.0475651665543978,1.581999822823614
801,3.5,0.13839285714285715,1,2,0.047216369495496,0.047216369495496,0.9803487637073984,0.8174775315087429,0.1846807343835058,0.04752759656737829,1.581999822823614
802,3.5,0.13839285714285715,1,1,0.03437209314892649,0.03437209314892649,0.9648822756195502,0.6934952982422596,0.184847296457368,0.04750644856771052,1.581999822823614
803,3.5,0.13839285714285715,1,1,0.026428363220469937,0.026428363220469937,0.9477477649348355,0.6005410704441679,0.1849677122516773,0.0474953856249074,1.581999822823614
804,3.5,0.13839285714285715,1,1,0.02075217842006606,0.02075217842006606,0.929370640103244,0.5280587449890707,0.18505067550868895,0.04749145494487167,1.581999822823614
805,3.5,0.13839285714285715,1,1,0.016456275770699413,0.016456275770699413,0.9106476428202096,0.46960312475534793,0.18510946360676664,0.04749286061981934,1.581999822823614
806,3.5,0.13839285714285715,1,1,0.01313083275690077,0.01313083275690077,0.8920428743823953,0.4207382801430576,0.18515281545104673,0.04749834869061681,1.581999822823614
807,3.5,0.13839285714285715,1,1,0.010531195846347735,0.010531195846347735,0.8742477880101115,0.37913578771957024,0.18518604037523106,0.047506989737859294,1.581999822823614
808,3.5,0.13839285714285715,1,1,0.008490202438233693,0.008490202438233693,0.8578421514436116,0.35161546244017955,0.1852125865192662,0.04751807501269188,1.581999822823614
809,3.5,0.13839285714285715,1,1,0.006884925214259159,0.006884925214259159,0.8433095565166576,0.3381536338967605,0.18523464717140925,0.047531056574993916,1.581999822823614
810,3.5,0.13839285714285715,1,1,0.0056217409657415805,0.0056217409657415805,0.831212974334256,0.33536402779018143,0.18525393055101483,0.04754550768318472,3.02904498417452
811,3.5,0.13839285714285715,1,1,0.00462799685006017,0.00462799685006017,0.8220053918312651,0.34460472991351865,0.18527156504187894,0.04756109466347805,3.02904498417452
812,3.5,0.13839285714285715,1,1,0.0038468015020882403,0.0038468015020882403,0.8158378029882629,0.360159817922258,0.18528832307363952,0.04757755600459362,3.02904498417452
813,3.5,0.13839285714285715,1,1,0.003233421335022816,0.003233421335022816,0.8126246613712917,0.38064516122649683,0.18530467950523644,0.04759468643259904,3.02904498417452
814,3.5,0.13839285714285715,1,1,0.002751907863340143,0.002751907863340143,0.8124451679557435,0.40545928957523475,0.18532091650130073,0.047612325513277494,3.02904498417452
815,3.5,0.13839285714285715,1,1,0.0023739903382174526,0.0023739903382174526,0.8154195704778113,0.43376476231193356,0.18533719837096202,0.0476303478374255,3.02904498417452
816,3.5,0.13839285714285715,1,1,0.0020775545083909896,0.0020775545083909896,0.8213795960458876,0.464478551433137,0.185353623014208,0.047648655229373574,3.02904498417452
817,3.5,0.13839285714285715,1,1,0.0018479549235192044,0.0018479549235192044,0.8296310948316674,0.4958037206669649,0.18537025400952056,0.04766716737813393,3.02904498417452
818,3.5,0.13839285714285715,1,1,0.0016697476926077755,0.0016697476926077755,0.8395877585388689,0.5265110110773973,0.18538710980139886,0.04768582286222144,3.02904498417452
819,3.5,0.13839285714285715,1,1,0.0015290430983663102,0.0015290430983663102,0.8510459076627319,0.5610760821839283,0.18540415505002644,0.04770457725655327,3.02904498417452
820,3.5,0.13839285714285715,1,1,0.0014179978015218997,0.0014179978015218997,0.8633230569389239,0.598622417207068,0.18542135499256707,0.047723395610113864,2.0656957924630595
821,3.5,0.13839285714285715,1,1,0.0013303706271678435,0.0013303706271678435,0.8758033581590694,0.6356801361724511,0.18543867604970152,0.047742250490106775,2.0656957924630595
822,3.5,0.13839285714285715,1,1,0.001261219667617082,0.001261219667617082,0.8878833757448982,0.6681247064894085,0.18545608724904214,0.047761120402452534,2.0656957924630595
823,3.5,0.13839285714285715,1,1,0.0012066275502857571,0.0012066275502857571,0.8990782582925527,0.6959049527199747,0.18547356078813712,0.047779988551611516,2.0656957924630595
824,3.5,0.13839285714285715,1,1,0.0011634858318915584,0.0011634858318915584,0.9092196422133325,0.7193654055278418,0.18549107342155952,0.04779884186499213,2.0656957924630595
825,3.5,0.13839285714285715,2,2,0.011887009946626116,0.005943504973313058,0.990610697026936,0.9741089233942871,0.18560135148097803,0.04780412985778738,2.0656957924630595
826,3.5,0.13839285714285715,2,2,0.009076088639890751,0.0045380443199453755,0.9846992023324882,0.9135968313857786,0.18571575371337243,0.04781210996815511,2.0656957924630595
827,3.5,0.13988095238095238,1,2,0.007900651188148243,0.007900651188148243,0.9782708288355136,0.8681147928458255,0.18582538961019965,0.0478217475926966,2.0656957924630595
828,3.5,0.13988095238095238,1,2,0.0069166004310975745,0.0069166004310975745,0.9713562273158052,0.8177427388927896,0.1859181500390981,0.04783273112906673,2.0656957924630595
829,3.5,0.13988095238095238,1,1,0.006049900846325073,0.006049900846325073,0.9635438358710612,0.7683625894035383,0.18599426750469744,0.04784485981553508,2.0656957924630595
830,3.5,0.13988095238095238,1,1,0.0052823535676446215,0.0052823535676446215,0.9555300888294224,0.7228604732221722,0.18605722861203336,0.04785797065235643,3.027039685153387
831,3.5,0.13988095238095238,1,1,0.004607923584155962,0.004607923584155962,0.9476474212152323,0.6822405363585228,0.18610985892820087,0.04787192022006811,3.027039685153387
832,3.5,0.13988095238095238,1,1,0.004021973568928889,0.004021973568928889,0.9401715182969302,0.6536661379282505,0.18615449586082666,0.047886579455922326,3.027039685153387
833,3.5,0.13988095238095238,1,1,0.003518260978704938,0.003518260978704938,0.9332137480199398,0.6359017993304371,0.18619313139908722,0.04790183323294029,3.027039685153387
834,3.5,0.13988095238095238,1,1,0.003088924947007444,0.003088924947007444,0.9269999461187013,0.6260939061255691,0.18622700870326236,0.04791758050261115,3.027039685153387
835,3.5,0.13988095238095238,1,1,0.002725583329350196,0.002725583329350196,0.9216924616088846,0.6210032545954375,0.1862571641026997,0.04793373356370613,3.027039685153387
836,3.5,0.13988095238095238,1,1,0.002419802178854372,0.002419802178854372,0.9175264447543383,0.6197874036915505,0.18628438866203534,0.04795021717139443,3.027039685153387
837,3.5,0.13988095238095238,1,1,0.0021636402939616585,0.0021636402939616585,0.9146867827331158,0.6217976600470384,0.18630934424958395,0.047966967273624046,3.027039685153387
838,3.5,0.13988095238095238,1,1,0.0019498796019491041,0.0019498796019491041,0.913110619608859,0.6263933325882075,0.18633255416124175,0.04798392967476313,3.027039685153387
839,3.5,0.13988095238095238,1,1,0.0017720665361722265,0.0017720665361722265,0.9127036731394155,0.6329555589759814,0.1863544059850326,0.04800105879427268,3.027039685153387
840,3.5,0.13988095238095238,1,1,0.0016245387419932,0.0016245387419932,0.9133624977435693,0.6408952765744143,0.1863751866716485,0.04801831648939034,2.543318863463147
841,3.5,0.13988095238095238,1,1,0.0015023944536608218,0.0015023944536608218,0.9150003674612366,0.6496688122373726,0.18639512526540292,0.048035670980616424,2.543318863463147
842,3.5,0.13988095238095238,1,1,0.001401439638090925,0.001401439638090925,0.917363143601064,0.6587925536812756,0.18641439501870766,0.04805309588569955,2.543318863463147
843,3.5,0.13988095238095238,1,1,0.0013180915643770893,0.0013180915643770893,0.9202813776958394,0.6692016136827735,0.18643313041779308,0.048070569402542826,2.543318863463147
844,3.5,0.13988095238095238,1,1,0.00124933934962355,0.00124933934962355,0.9236137712819502,0.6848937455699133,0.18645143459787913,0.04808807355920298,2.543318863463147
845,3.5,0.13988095238095238,1,1,0.001192672454464663,0.001192672454464663,0.9271815986203767,0.7023139632975326,0.1864693912440196,0.04810559356520105,2.543318863463147
846,3.5,0.13988095238095238,1,1,0.0011459976300939663,0.0011459976300939663,0.9309117294588812,0.7178441469231265,0.18648706221354466,0.04812311727473192,2.543318863463147
847,3.5,0.13988095238095238,1,1,0.0011075659344734986,0.0011075659344734986,0.9345843208683585,0.7314445632505351,0.18650449235073874,0.04814063474644808,2.543318863463147
848,3.5,0.13988095238095238,1,1,0.0010759106103161013,0.0010759106103161013,0.9380223899755693,0.7431674590693821,0.18652172031400177,0.04815813788442695,2.543318863463147
849,3.5,0.13988095238095238,1,1,0.0010498018073426907,0.0010498018073426907,0.9411958639067457,0.7531351593626087,0.1865387777451867,0.04817562013792499,2.543318863463147
850,3.5,0.13988095238095238,2,2,0.0010282118035364193,0.0005141059017682096,0.9441095079180222,0.7615157836607995,0.1865556875833921,0.048193076245943295,2.7358237671906416
851,3.5,0.13988095238095238,2,2,0.0009693190355320653,0.00048465951776603265,0.9467151719172455,0.768493728548802,0.18657178836948266,0.04820979524028993,2.7358237671906416
852,3.5,0.13988095238095238,1,2,0.0009708545660867053,0.0009708545660867053,0.9485105449754523,0.7717889386313782,0.18658799798900766,0.04822667781970924,2.7358237671906416
853,3.5,0.13988095238095238,1,2,0.0009697919968361082,0.0009697919968361082,0.9501879079659084,0.7749821747627246,0.18660426606213829,0.048243674829747035,2.7358237671906416
854,3.5,0.13988095238095238,1,1,0.0009667959636125586,0.0009667959636125586,0.9517630145162929,0.7802309305273478,0.18662055238415964,0.04826074468657711,2.7358237671906416
855,3.5,0.13988095238095238,1,1,0.0009625426745088593,0.0009625426745088593,0.953223338149343,0.7849835881997665,0.18663683069132697,0.048277854385484584,2.7358237671906416
856,3.5,0.13988095238095238,1,1,0.0009576012670435481,0.0009576012670435481,0.9545724240497913,0.7891471544247769,0.18665308378999074,0.04829497897719231,2.7358237671906416
857,3.5,0.13988095238095238,1,1,0.0009523928154360257,0.0009523928154360257,0.9557849985787609,0.7927433941274987,0.1866692982316979,0.04831210027310536,2.7358237671906416
858,3.5,0.13988095238095238,1,1,0.0009471973070393385,0.0009471973070393385,0.9568672677606807,0.7958084377604939,0.18668546733464164,0.04832920536203821,2.7358237671906416
859,3.5,0.13988095238095238,1,1,0.0009421818847532763,0.0009421818847532763,0.9578203968389127,0.7983895081882743,0.18670158791909416,0.04834628525922058,2.7358237671906416
860,3.5,0.13988095238095238,1,1,0.0009374327265232158,0.0009374327265232158,0.9586328166217071,0.8005399346700164,0.18671765878063712,0.048363333809474836,2.5004959978844736
861,3.5,0.13988095238095238,1,1,0.0009329821443753109,0.0009329821443753109,0.9593087189862892,0.8023149036741866,0.18673367849239075,0.04838034685491571,2.5004959978844736
862,3.5,0.13988095238095238,1,1,0.0009288290373821639,0.0009288290373821639,0.959863661973508,0.8037683373614323,0.18674964784006523,0.04839732162916818,2.5004959978844736
863,3.5,0.13988095238095238,1,1,0.0009249534554625651,0.0009249534554625651,0.9603214385242722,0.8049506494942973,0.18676556855890933,0.04841425632758292,2.5004959978844736
864,3.5,0.13988095238095238,1,1,0.0009213265020427636,0.0009213265020427636,0.9607024250577351,0.8059072273298136,0.18678144283435655,0.048431149806895946,2.5004959978844736
865,3.5,0.13988095238095238,1,1,0.0009179167271261047,0.0009179167271261047,0.9610307575723198,0.8066775603175526,0.18679727049049974,0.04844800137708861,2.5004959978844736
866,3.5,0.13988095238095238,1,1,0.0009146938943494607,0.0009146938943494607,0.9613080282182219,0.8072949997901451,0.1868130522501222,0.048464810657831106,2.5004959978844736
867,3.5,0.13988095238095238,1,1,0.0009116308104629098,0.0009116308104629098,0.961542691295234,0.807787107810495,0.18682878919106133,0.04848157747989897,2.5004959978844736
868,3.5,0.13988095238095238,1,1,0.0009087038413504364,0.0009087038413504364,0.961742619791238,0.8081764396555692,0.18684448274623477,0.04849830181786733,2.5004959978844736
869,3.5,0.13988095238095238,1,1,0.0009058926284282459,0.0009058926284282459,0.9619097040441638,0.8084815708010423,0.18686013478705513,0.048514983744560945,2.5004959978844736
870,3.5,0.13988095238095238,1,1,0.0009031794660607788,0.0009031794660607788,0.9620429598306914,0.8087181324932643,0.18687574498580584,0.048531623400541776,2.996542475285162
871,3.5,0.13988095238095238,1,1,0.0009005488196081498,0.0009005488196081498,0.9621455207849217,0.8088995369001626,0.18689131475099008,0.04854822097364457,2.996542475285162
872,3.5,0.13988095238095238,1,1,0.0008979872218251794,0.0008979872218251794,0.9622238459183082,0.8090372438139765,0.1869068441962471,0.048564776684864246,2.996542475285162
873,3.5,0.13988095238095238,1,1,0.0008954833356693887,0.0008954833356693887,0.9622833281130195,0.809140798797277,0.1869223343684227,0.04858129077824679,2.996542475285162
874,3.5,0.13988095238095238,1,1,0.0008930278992066344,0.0008930278992066344,0.962328277836791,0.8092179273447891,0.18693778496939878,0.048597763513522074,2.996542475285162
875,3.5,0.13988095238095238,2,2,0.017773625543435208,0.008886812771717604,0.9965528729572567,0.989807304108765,0.18696776053533443,0.04859244020258102,2.996542475285162
876,3.5,0.13988095238095238,2,2,0.013336600772413955,0.006668300386206977,0.9908132661733592,0.9498759118279839,0.18700832319352603,0.04859213747226675,2.996542475285162
877,3.5,0.13988095238095238,1,2,0.011228545788665835,0.011228545788665835,0.9849591656167489,0.9013551497452654,0.18705021085764528,0.04859477815624288,2.996542475285162
878,3.5,0.13988095238095238,1,2,0.009369228978834666,0.009369228978834666,0.977378555678609,0.8447208836210123,0.18709212924360974,0.0485999621442384,2.996542475285162
879,3.5,0.13988095238095238,1,1,0.007803502679013345,0.007803502679013345,0.969325098395989,0.7883847964379949,0.18713436501357383,0.048607242930295176,2.996542475285162
880,3.5,0.14136904761904762,1,1,0.006518970017769379,0.006518970017769379,0.960153014499258,0.7350153097718266,0.18717277770615462,0.04861620782064142,3.0166103411555127
881,3.5,0.14136904761904762,1,1,0.005473303925556149,0.005473303925556149,0.9504676886372989,0.6919143804637734,0.18720637465269618,0.04862651544649037,3.0166103411555127
882,3.5,0.14136904761904762,1,1,0.004622830619451615,0.004622830619451615,0.9409365795635758,0.6604791264195876,0.18723552544969108,0.04863789324965848,3.0166103411555127
883,3.5,0.14136904761904762,1,1,0.003930736161884543,0.003930736161884543,0.93204293193436,0.634760808344136,0.18726138837142733,0.04865012470514222,3.0166103411555127
884,3.5,0.14136904761904762,1,1,0.0033664446606843533,0.0033664446606843533,0.9243203928527819,0.6205834735610081,0.18728467773205673,0.04866303828916267,3.0166103411555127
885,3.5,0.14136904761904762,1,1,0.0029056170699269025,0.0029056170699269025,0.9178769583038728,0.6120836233754849,0.18730591778026012,0.048676497354750596,3.0166103411555127
886,3.5,0.14136904761904762,1,1,0.002528686433428961,0.002528686433428961,0.9127305944717639,0.6078124378098085,0.1873257286000724,0.04869039259601515,3.0166103411555127
887,3.5,0.14136904761904762,1,1,0.0022200461956219017,0.0022200461956219017,0.909013503429599,0.6072186618300894,0.18734445203481323,0.048704636052799836,3.0166103411555127
888,3.5,0.14136904761904762,1,1,0.0019672007457660246,0.0019672007457660246,0.9067223322753942,0.6104417053553576,0.18736230225419906,0.04871915654217779,3.0166103411555127
889,3.5,0.14136904761904762,1,1,0.0017601746250397485,0.0017601746250397485,0.9057165164453929,0.6162702913621453,0.18737947928315332,0.048733896067584,3.0166103411555127
890,3.5,0.14136904761904762,1,1,0.001590938505906048,0.001590938505906048,0.9055927710660346,0.6236487902094289,0.18739611175273735,0.04874880710607967,2.303115195442278
891,3.5,0.14136904761904762,1,1,0.0014525219372879766,0.0014525219372879766,0.9063037194923796,0.6320831733016531,0.18741233111560213,0.04876385112848661,2.303115195442278
892,3.5,0.14136904761904762,1,1,0.0013391950585079431,0.0013391950585079431,0.9079446048618989,0.6411461997889447,0.1874282187927693,0.048778996937906736,2.303115195442278
893,3.5,0.14136904761904762,1,1,0.0012462754336484837,0.0012462754336484837,0.910456368047993,0.6504765196805884,0.18744383897075526,0.04879421928953889,2.303115195442278
894,3.5,0.14136904761904762,1,1,0.0011699997368214,0.0011699997368214,0.9137237715713675,0.6616873438451661,0.18745924977367795,0.048809497694613846,2.303115195442278
895,3.5,0.14136904761904762,1,1,0.0011073437697688856,0.0011073437697688856,0.9175780002386175,0.6765489839013641,0.1874744866812629,0.04882481546718691,2.303115195442278
896,3.5,0.14136904761904762,1,1,0.0010558439189173904,0.0010558439189173904,0.9217707320495773,0.6924136775524026,0.18748958328852186,0.048840159007213044,2.303115195442278
897,3.5,0.14136904761904762,1,1,0.0010135018419288949,0.0010135018419288949,0.9261096513439038,0.7083652443557868,0.18750456253595463,0.048855517209341615,2.303115195442278
898,3.5,0.14136904761904762,1,1,0.000978704734129239,0.000978704734129239,0.930300036878902,0.7227517469159638,0.1875194413478322,0.04887088097578688,2.303115195442278
899,3.5,0.14136904761904762,1,1,0.0009501084892700904,0.0009501084892700904,0.9342122601010332,0.735228718390226,0.18753423193249286,0.04888624288136274,2.303115195442278
900,3.5,0.14136904761904762,2,2,0.017653958002879826,0.008826979001439913,0.9951925864588986,0.9861090077008127,0.18757188255603738,0.04887986789731761,2.5920170691187403
901,3.5,0.14136904761904762,2,2,0.011107366608544313,0.005553683304272156,0.9914440367298093,0.9753140938208896,0.18765757216699458,0.04888134259478991,2.5920170691187403
902,3.5,0.14136904761904762,1,2,0.00896203574056608,0.00896203574056608,0.9873012143081309,0.9448769120408026,0.18774481951747357,0.04888576502261225,2.5920170691187403
903,3.5,0.14136904761904762,1,2,0.007506471718413493,0.007506471718413493,0.9823192415161275,0.9041757424162471,0.1878238617218623,0.04889217756057862,2.5920170691187403
904,3.5,0.14136904761904762,1,1,0.006381287606168289,0.006381287606168289,0.9768430087282577,0.8612785859790694,0.18789469264789324,0.04890010723206912,2.5920170691187403
905,3.5,0.14285714285714285,1,1,0.005463870026436498,0.005463870026436498,0.9707388435254136,0.8207361502761591,0.18795474706737603,0.048909253533573456,2.5920170691187403
906,3.5,0.14285714285714285,1,1,0.004699329260498545,0.004699329260498545,0.964161552800308,0.7846136138472724,0.18800502276884873,0.04891939700515786,2.5920170691187403
907,3.5,0.14285714285714285,1,1,0.004056487172469524,0.004056487172469524,0.9573367404782228,0.753703343377759,0.18804719375238155,0.048930365637030376,2.5920170691187403
908,3.5,0.14285714285714285,1,1,0.0035143284266561394,0.0035143284266561394,0.9505231759585548,0.7281487699317913,0.18808318602482035,0.04894201951729645,2.5920170691187403
909,3.5,0.14285714285714285,1,1,0.003057022518334015,0.003057022518334015,0.9440606411833711,0.7077683166610922,0.1881142323358142,0.048954242562368945,2.5920170691187403
910,3.5,0.14285714285714285,1,1,0.00267181302831967,0.00267181302831967,0.9381665612615813,0.692223027678601,0.18814144977339792,0.04896693745720346,2.3867599570117752
911,3.5,0.14285714285714285,1,1,0.002348062550557757,0.002348062550557757,0.9331138972677331,0.6810863513332804,0.18816578320125948,0.048980022157437075,2.3867599570117752
912,3.5,0.14285714285714285,1,1,0.0020766994113437954,0.0020766994113437954,0.9289362990803525,0.6738846704637729,0.18818783211343057,0.04899342734219473,2.3867599570117752
913,3.5,0.14285714285714285,1,1,0.001849902816136042,0.001849902816136042,0.925712399772206,0.6701152457202095,0.18820807393931155,0.04900709444429514,2.3867599570117752
914,3.5,0.14285714285714285,1,1,0.0016609058365771496,0.0016609058365771496,0.9234547311346385,0.6692557540022734,0.18822689756095118,0.049020974055191006,2.3867599570117752
915,3.5,0.14285714285714285,1,1,0.0015038516590422425,0.0015038516590422425,0.9220939203791387,0.6707762310142893,0.1882446239567066,0.04903502459770298,2.3867599570117752
916,3.5,0.14285714285714285,1,1,0.0013736871221980548,0.0013736871221980548,0.9216671879512971,0.6741525070974574,0.1882615134630084,0.04904921119082065,2.3867599570117752
917,3.5,0.14285714285714285,1,1,0.0012660757832438157,0.0012660757832438157,0.9222265302409645,0.6788809942594807,0.18827773498678133,0.049063504662317195,2.3867599570117752
918,3.5,0.14285714285714285,1,1,0.0011773124947259974,0.0011773124947259974,0.9235713008727835,0.6844978017127298,0.1882934386998556,0.04907788069456671,2.3867599570117752
919,3.5,0.14285714285714285,1,1,0.0011042449242114408,0.0011042449242114408,0.9255981601076252,0.6917849356150123,0.18830873214565105,0.04909231908621804,2.3867599570117752
920,3.5,0.14285714285714285,1,1,0.001044204756622147,0.001044204756622147,0.9280485280672442,0.7001227881169555,0.18832369954313272,0.049106803111764075,2.5396068478347007
921,3.5,0.14285714285714285,1,1,0.0009949415007541845,0.0009949415007541845,0.9307561592236814,0.7093575252648974,0.1883384073328974,0.049121318972265245,2.5396068478347007
922,3.5,0.14285714285714285,1,1,0.0009545618755350835,0.0009545618755350835,0.9336185645880504,0.7189259838520708,0.18835290891024586,0.04913585532789859,2.5396068478347007
923,3.5,0.14285714285714285,1,1,0.0009214801280503444,0.0009214801280503444,0.9365643430051356,0.72874418584026,0.18836724312274641,0.04915040289682066,2.5396068478347007
924,3.5,0.14285714285714285,1,1,0.000894374108262245,0.000894374108262245,0.9394993736218776,0.7405078703210761,0.18838144106735114,0.04916495411209456,2.5396068478347007
925,3.5,0.14285714285714285,2,2,0.07880099350331031,0.039400496751655155,0.9926958568345777,0.9965352991920723,0.1884383202006791,0.04907760885933732,2.5396068478347007
926,3.5,0.14434523809523808,1,2,0.045434486233935506,0.045434486233935506,0.9821178768696851,0.8055572882694618,0.18849377274677978,0.04903359099044892,2.5396068478347007
927,3.5,0.14434523809523808,1,1,0.03478512329986449,0.03478512329986449,0.9658243251574914,0.6874307042792559,0.1884987134178346,0.04900367586494423,2.5396068478347007
928,3.5,0.14434523809523808,1,1,0.02744272973031236,0.02744272973031236,0.946957108563887,0.6007596809059919,0.18849797092919593,0.04898342814880909,2.5396068478347007
929,3.5,0.14434523809523808,1,1,0.02186305982052548,0.02186305982052548,0.9268748187030834,0.5342065374096193,0.18849201694859458,0.048970489283145284,2.5396068478347007
930,3.5,0.14434523809523808,1,1,0.017481000482401057,0.017481000482401057,0.9066380108945774,0.48137389827397303,0.18848667965210808,0.048963263750468604,2.6355200770043434
931,3.5,0.14434523809523808,1,1,0.014002832067111963,0.014002832067111963,0.8870241762050751,0.43837043990080443,0.1884834843197841,0.04896055289662042,2.6355200770043434
932,3.5,0.14434523809523808,1,1,0.01123484052963128,0.01123484052963128,0.8685047235552671,0.40198194001311605,0.1884817908453838,0.04896141889742023,2.6355200770043434
933,3.5,0.14434523809523808,1,1,0.009033132507119509,0.009033132507119509,0.8513972392070738,0.37075315201982645,0.1884815698938159,0.04896511674648595,2.6355200770043434
934,3.5,0.14434523809523808,1,1,0.007284400680336636,0.007284400680336636,0.8360812668979882,0.35016647875385776,0.18848294749655653,0.048971052514243385,2.6355200770043434
935,3.5,0.14434523809523808,1,1,0.005897802144662027,0.005897802144662027,0.8228060534712263,0.3422075638394693,0.1884857699585127,0.048978752849830186,2.6355200770043434
936,3.5,0.14434523809523808,1,1,0.004801118969024465,0.004801118969024465,0.8116694077095145,0.33896493384373516,0.18849008820350188,0.04898783989485961,2.6355200770043434
937,3.5,0.14434523809523808,1,1,0.003935397388115507,0.003935397388115507,0.8030257981772124,0.34389949377939966,0.1884957229357171,0.04899801343904555,2.6355200770043434
938,3.5,0.14434523809523808,1,1,0.003252258423050846,0.003252258423050846,0.7974245192364913,0.3552885424001106,0.1885025537367746,0.04900903676461868,2.6355200770043434
939,3.5,0.14434523809523808,1,1,0.002713611555886224,0.002713611555886224,0.7948853556669614,0.3711899014487585,0.18851042340096735,0.04902072300004111,2.6355200770043434
940,3.5,0.14434523809523808,1,1,0.002289273532635467,0.002289273532635467,0.7955474837673848,0.3919660006335769,0.18851919195040234,0.049032924661408656,3.0930485932798364
941,3.5,0.14434523809523808,1,1,0.001957665944568655,0.001957665944568655,0.7989755966423586,0.4159030226849608,0.18852865709760347,0.04904552234996885,3.0930485932798364
942,3.5,0.14434523809523808,1,1,0.0016980128639265337,0.0016980128639265337,0.8047639222471846,0.442305966055092,0.18853867754890835,0.04905842363887926,3.0930485932798364
943,3.5,0.14434523809523808,1,1,0.001493000790935579,0.001493000790935579,0.8131535998257317,0.47081708795887145,0.18854919370303133,0.04907155853795849,3.0930485932798364
944,3.5,0.14434523809523808,1,1,0.0013311806923473593,0.0013311806923473593,0.8236232245446153,0.5004457388511209,0.1885601392585316,0.049084871850098216,3.0930485932798364
945,3.5,0.14434523809523808,1,1,0.0012036418945849646,0.0012036418945849646,0.8354472782031527,0.5304352629736543,0.18857145356559948,0.04909831986417769,3.0930485932798364
946,3.5,0.14434523809523808,1,1,0.001103181044342618,0.001103181044342618,0.848100245728314,0.5620463119323812,0.18858307703515328,0.0491118681371482,3.0930485932798364
947,3.5,0.14434523809523808,1,1,0.0010239822656885494,0.0010239822656885494,0.8613160691946457,0.597274703514565,0.18859496123366798,0.04912548969690929,3.0930485932798364
948,3.5,0.14434523809523808,1,1,0.000961601752080586,0.000961601752080586,0.8744882088116516,0.6348132991702573,0.18860705895049348,0.049139163266612565,3.0930485932798364
949,3.5,0.14434523809523808,1,1,0.0009125766468373554,0.0009125766468373554,0.8870005051359653,0.6677805190763051,0.18861933032251071,0.04915287199854797,3.0930485932798364
950,3.5,0.14583333333333334,2,2,0.07276565596905993,0.036382827984529964,0.9921112928367118,0.9956620170430147,0.1888939517211446,0.049072894830416096,2.3132072292646195
951,3.5,0.14583333333333334,1,2,0.0384488575714568,0.0384488575714568,0.9856786789917945,0.8854638991608719,0.18913975268161987,0.04903731901946088,2.3132072292646195
952,3.5,0.14583333333333334,1,1,0.027839652014128243,0.027839652014128243,0.9769227701423722,0.7976062617307388,0.18932635587178634,0.04901570873522199,2.3132072292646195
953,3.5,0.14583333333333334,1,1,0.02127278995129102,0.02127278995129102,0.9663769379842632,0.7263843929070798,0.1894619236361944,0.049002757537012075,2.3132072292646195
954,3.5,0.14583333333333334,1,1,0.016640784444095866,0.016640784444095866,0.9546791849781135,0.6663001801954501,0.1895626857730734,0.04899588045997292,2.3132072292646195
955,3.5,0.14583333333333334,1,1,0.01317855931146656,0.01317855931146656,0.9421203976614708,0.614694635547364,0.18963817102860978,0.04899350521314964,2.3132072292646195
956,3.5,0.14583333333333334,1,1,0.0105200478035307,0.0105200478035307,0.92907949692233,0.5692380469404809,0.18969461894490602,0.04899455861607797,2.3132072292646195
957,3.5,0.14583333333333334,1,1,0.008450106641675363,0.008450106641675363,0.9159971606339112,0.5281558626188128,0.1897375529491456,0.048998263003944234,2.3132072292646195
958,3.5,0.14583333333333334,1,1,0.006826130209862411,0.006826130209862411,0.9033290570695097,0.49011753879206343,0.18977056702410522,0.04900403544032795,2.3132072292646195
959,3.5,0.14732142857142858,1,1,0.005546633122261656,0.005546633122261656,0.8913038062124843,0.45412420931504704,0.18979677471899828,0.04901142976123523,2.3132072292646195
960,3.5,0.14732142857142858,1,1,0.004535967022519644,0.004535967022519644,0.8802925873688074,0.4312044120218394,0.1898182298668059,0.04902010000785174,2.2323413681529107
961,3.5,0.14732142857142858,1,1,0.0037366764044701765,0.0037366764044701765,0.8706580776307665,0.4210893100471503,0.18983644529627122,0.04902977499642852,2.2323413681529107
962,3.5,0.14732142857142858,1,1,0.0031041074108846276,0.0031041074108846276,0.8629065206928596,0.41997781444832943,0.18985239461524644,0.04904024088213053,2.2323413681529107
963,3.5,0.14732142857142858,1,1,0.002603577671139336,0.002603577671139336,0.8572478003114548,0.42957650345996146,0.1898668239769996,0.04905132806466762,2.2323413681529107
964,3.5,0.14732142857142858,1,1,0.002207660073523364,0.002207660073523364,0.8536652260083037,0.4438048375074695,0.1898802852155118,0.049062901921071746,2.2323413681529107
965,3.5,0.14732142857142858,1,1,0.0018947861307400137,0.0018947861307400137,0.852122099986977,0.46137746964966236,0.18989311416774596,0.04907485540997003,2.2323413681529107
966,3.5,0.14732142857142858,1,1,0.001647397411100812,0.001647397411100812,0.8527150561787815,0.48172742686063635,0.18990555221873318,0.04908710403544305,2.2323413681529107
967,3.5,0.14732142857142858,1,1,0.0014514795725934471,0.0014514795725934471,0.8554272164454924,0.5042030441296107,0.18991775832664867,0.04909958135849323,2.2323413681529107
968,3.5,0.14732142857142858,1,1,0.0012963104814386448,0.0012963104814386448,0.8601477242473707,0.5279486443968964,0.18992984337849197,0.04911223478841715,2.2323413681529107
969,3.5,0.14732142857142858,1,1,0.0011735626584725794,0.0011735626584725794,0.8664599618687605,0.5519967281234517,0.18994187833605009,0.04912502250884188,2.2323413681529107
970,3.5,0.14732142857142858,1,1,0.001076795230341078,0.001076795230341078,0.8734128239265805,0.5753226572788307,0.18995390567390352,0.04913791104515739,2.848566307049157
971,3.5,0.14732142857142858,1,1,0.0009999674787992074,0.0009999674787992074,0.8814452848355442,0.6001063879856258,0.18996594986902202,0.04915087475632871,2.848566307049157
972,3.5,0.14732142857142858,1,1,0.0009399063061044645,0.0009399063061044645,0.8896740970359677,0.6259332610448525,0.18997803630767862,0.04916389210822674,2.848566307049157
973,3.5,0.14732142857142858,1,1,0.000892526076778281,0.000892526076778281,0.897971748824104,0.6539558680007596,0.18999016858473064,0.04917694686586498,2.848566307049157
974,3.5,0.14732142857142858,1,1,0.0008546281590170559,0.0008546281590170559,0.9061243169630725,0.6816721279125051,0.1900023377770114,0.049190026942411494,2.848566307049157
975,3.5,0.14732142857142858,2,2,0.054140009800896796,0.027070004900448398,0.9942524668094435,0.995024715158109,0.18989513195263508,0.04913365433507612,2.848566307049157
976,3.5,0.14732142857142858,1,2,0.03313505688324464,0.03313505688324464,0.9849379566060881,0.8296578729308237,0.18998870570533183,0.04910834567101154,2.848566307049157
977,3.5,0.14732142857142858,1,2,0.026212758549735198,0.026212758549735198,0.9733041858159561,0.7296744118288805,0.19007701001149427,0.0490923351293129,2.848566307049157
978,3.5,0.14732142857142858,1,1,0.021167962710229044,0.021167962710229044,0.959407358040393,0.6583878765475265,0.1901543467309425,0.04908235366257494,2.848566307049157
979,3.5,0.14732142857142858,1,1,0.017194790843171427,0.017194790843171427,0.9444525168725736,0.6054126614816314,0.19021968583030052,0.04907687265102223,2.848566307049157
980,3.5,0.14732142857142858,1,1,0.013997190140203657,0.013997190140203657,0.9287459445841105,0.5618339406461246,0.19027546175471294,0.04907493303794636,2.565833460639711
981,3.5,0.14732142857142858,1,1,0.011411541432962812,0.011411541432962812,0.9126599624067777,0.5243947711344151,0.19032261473700918,0.049075831690361414,2.565833460639711
982,3.5,0.14732142857142858,1,1,0.00931810281207723,0.00931810281207723,0.8968382409474328,0.49127040176756054,0.1903611314706104,0.04907902111042552,2.565833460639711
983,3.5,0.14732142857142858,1,1,0.007624166420996073,0.007624166420996073,0.8818496941158555,0.46114136005483797,0.1903923840260426,0.04908406234218534,2.565833460639711
984,3.5,0.1488095238095238,1,1,0.00625513159874745,0.00625513159874745,0.868072603761217,0.4337379647053663,0.19041833288367438,0.04909059965760949,2.565833460639711
985,3.5,0.15029761904761904,1,1,0.005150119306342572,0.005150119306342572,0.8557684356075329,0.418950697872137,0.1904402964250996,0.049098344098147055,2.565833460639711
986,3.5,0.15029761904761904,1,1,0.004259515060414327,0.004259515060414327,0.845288100083197,0.414959386822429,0.19045922827661396,0.04910706098491763,2.565833460639711
987,3.5,0.15029761904761904,1,1,0.0035428388483412674,0.0035428388483412674,0.8366455527464489,0.418725564136898,0.19047610594225414,0.049116560204886195,2.565833460639711
988,3.5,0.15029761904761904,1,1,0.0029669483709205344,0.0029669483709205344,0.8299816385223044,0.4262172885794101,0.19049147994828175,0.049126688634082656,2.565833460639711
989,3.5,0.15029761904761904,1,1,0.0025048046192398983,0.0025048046192398983,0.825603375593019,0.43725849270645556,0.19050579020888847,0.049137323881410615,2.565833460639711
990,3.5,0.15029761904761904,1,1,0.0021345472426860194,0.0021345472426860194,0.8238732967533382,0.45160137530661687,0.19051935259348002,0.049148368665666145,2.1317077352232774
991,3.5,0.15029761904761904,1,1,0.0018383374147756303,0.0018383374147756303,0.8247442203329876,0.46888428968494306,0.190532381790061,0.049159745540353045,2.1317077352232774
992,3.5,0.15029761904761904,1,1,0.0016016857348342159,0.0016016857348342159,0.8278152120477612,0.4886004758237336,0.19054503492296707,0.049171391402950806,2.1317077352232774
993,3.5,0.15178571428571427,1,1,0.0014127151450170853,0.0014127151450170853,0.8329708564437558,0.5101538350090284,0.19055743432930514,0.04918325352367306,2.1317077352232774
994,3.5,0.15178571428571427,1,1,0.0012619019426915535,0.0012619019426915535,0.8400129371946883,0.5329104123750312,0.19056965809468773,0.04919528746437399,2.1317077352232774
995,3.5,0.15178571428571427,1,1,0.0011416095656982973,0.0011416095656982973,0.8486177112225448,0.556051696156381,0.1905817623944694,0.049207456173474794,2.1317077352232774
996,3.5,0.15178571428571427,1,1,0.001045728639145131,0.001045728639145131,0.858377735412389,0.5812792374552452,0.19059378577624048,0.049219729176796664,2.1317077352232774
997,3.5,0.15178571428571427,1,1,0.0009693719500142442,0.0009693719500142442,0.8688182065386153,0.6091918869672495,0.19060575142103903,0.04923208166920642,2.1317077352232774
998,3.5,0.15178571428571427,1,1,0.0009086263490839776,0.0009086263490839776,0.8794691437579604,0.6348784652575261,0.19061767456869982,0.04924449360244312,2.1317077352232774
999,3.5,0.15178571428571427,1,1,0.0008603575079993382,0.0008603575079993382,0.889861303914706,0.6579184299394101,0.1906295658538536,0.049256948850159986,2.1317077352232774
1000,3.5,0.15178571428571427,1,2,0.16114863684684327,0.16114863684684327,0.9858530564430735,0.994906368352701,0.19060474268321975,0.049061081071876754,1.9768760052566816
1001,3.5,0.15178571428571427,1,1,0.06785889449909374,0.06785889449909374,0.9642476690815229,0.666025402109349,0.19065155943910078,0.04898667939389706,1.9768760052566816
1002,3.5,0.15178571428571427,1,1,0.045607632431837714,0.045607632431837714,0.9342878378348543,0.5023555976427325,0.19062931935876226,0.048941328514781626,1.9768760052566816
1003,3.5,0.15178571428571427,1,1,0.03274751794294503,0.03274751794294503,0.9012881127732878,0.39316191411668133,0.1905885081097856,0.04891267536747291,1.9768760052566816
1004,3.5,0.15178571428571427,1,1,0.024233626634551197,0.024233626634551197,0.8665869034807653,0.31426350171218836,0.19054532762126508,0.04889501634394318,1.9768760052566816
1005,3.5,0.15178571428571427,1,1,0.01823020998105814,0.01823020998105814,0.8328769010038289,0.26005958349530245,0.19050434239201086,0.048885070358678256,1.9768760052566816
1006,3.5,0.15178571428571427,1,1,0.013864407722963165,0.013864407722963165,0.8018633949711584,0.22757367126599376,0.19046862592588656,0.048880707719895895,1.9768760052566816
1007,3.5,0.15178571428571427,1,1,0.010637769509566544,0.010637769509566544,0.7741450939405071,0.2071899074956639,0.1904392539163113,0.04888045435927604,1.9768760052566816
1008,3.5,0.15178571428571427,1,1,0.008229331454533702,0.008229331454533702,0.7502323009028649,0.1948331176125593,0.19041613226415355,0.04888325616294752,1.9768760052566816
1009,3.5,0.15178571428571427,1,1,0.006417588912104196,0.006417588912104196,0.7312157661712692,0.20028234922122523,0.19039899272544333,0.04888834720304223,1.9768760052566816
1010,3.5,0.15178571428571427,1,1,0.00504852777253918,0.00504852777253918,0.7172204662728161,0.21529670376795637,0.1903871166059019,0.048895160991031986,2.2484323689514922
1011,3.5,0.15178571428571427,1,1,0.004011519891814856,0.004011519891814856,0.7081823107123152,0.23489784313861053,0.19037974064757213,0.048903273674363944,2.2484323689514922
1012,3.5,0.15178571428571427,1,1,0.003224307310282638,0.003224307310282638,0.7047628125890409,0.25855058416854154,0.19037609143317522,0.04891236705404322,2.2484323689514922
1013,3.5,0.15178571428571427,1,1,0.0026349843503861376,0.0026349843503861376,0.7037282103872747,0.28526512198132714,0.1903756082619156,0.04892218934163524,2.2484323689514922
1014,3.5,0.15178571428571427,1,1,0.00218314803719296,0.00218314803719296,0.7081244179812791,0.31586359780206763,0.19037766047186502,0.04893256600214553,2.2484323689514922
1015,3.5,0.15178571428571427,1,1,0.0018355833841398655,0.0018355833841398655,0.7166504221706875,0.3497321031867763,0.19038173146639367,0.04894336482090513,2.2484323689514922
1016,3.5,0.15178571428571427,1,1,0.0015669589236931786,0.0015669589236931786,0.729619590986057,0.38635079579817483,0.1903873924497906,0.048954485806400175,2.2484323689514922
1017,3.5,0.15178571428571427,1,1,0.0013592479932578192,0.0013592479932578192,0.7462157836897662,0.4248323256182928,0.19039430606658417,0.04896585184784973,2.2484323689514922
1018,3.5,0.15178571428571427,1,1,0.0011986914238565432,0.0011986914238565432,0.7654437216936933,0.4663122266605415,0.19040219930759134,0.048977403279847086,2.2484323689514922
1019,3.5,0.15178571428571427,1,1,0.0010747074588766414,0.0010747074588766414,0.7860341333905149,0.5107857265014851,0.19041086062960724,0.048989093845075875,2.2484323689514922
1020,3.5,0.15178571428571427,1,1,0.0009789513727495483,0.0009789513727495483,0.807167111001802,0.5541258383339311,0.19042012073757808,0.04900088785996476,2.7215628305419046
1021,3.5,0.15178571428571427,1,1,0.0009053716892596388,0.0009053716892596388,0.8274411212123951,0.5949746992669058,0.1904298392976446,0.04901275729869719,2.7215628305419046
1022,3.5,0.15178571428571427,1,1,0.0008485075662301618,0.0008485075662301618,0.8468112213198179,0.6340226891352491,0.19043991013059186,0.04902468106380997,2.7215628305419046
1023,3.5,0.15178571428571427,1,1,0.0008045259698884676,0.0008045259698884676,0.8647043357581997,0.6677932981171021,0.19045025188715567,0.04903664291335756,2.7215628305419046
1024,3.5,0.15178571428571427,1,1,0.000770477624187699,0.000770477624187699,0.8808150730072932,0.6963577858474354,0.1904608028532319,0.049048630341279924,2.7215628305419046
1025,3.5,0.15178571428571427,2,2,0.0007441074588364085,0.00037205372941820423,0.8949529034048315,0.7200421914979692,0.1904715128133371,0.049060633697701875,2.7215628305419046
1026,3.5,0.15178571428571427,2,2,0.0006943209690762463,0.00034716048453812317,0.9071145359066785,0.7393524107513519,0.19048190323549616,0.04907215852540181,2.7215628305419046
1027,3.5,0.15178571428571427,1,2,0.000690499744810359,0.000690499744810359,0.916607683715203,0.7522572916827466,0.1904925123821254,0.049083820196774056,2.7215628305419046
1028,3.5,0.15178571428571427,1,2,0.0006863511019942544,0.0006863511019942544,0.9247362729054622,0.762984034836079,0.1905032833497439,0.04909558323704494,2.7215628305419046
1029,3.5,0.15178571428571427,1,1,0.0006820591947134928,0.0006820591947134928,0.9315771134386087,0.7718359761074284,0.19051417059495415,0.049107417574119246,2.7215628305419046
1030,3.5,0.15178571428571427,1,1,0.0006778082352244612,0.0006778082352244612,0.9373272902374781,0.7791013160006556,0.19052513810047988,0.049119299288641026,2.8112266568489
1031,3.5,0.15178571428571427,1,1,0.0006737673883288638,0.0006737673883288638,0.9421218713211997,0.7850130692993365,0.1905361584681121,0.049131210217286815,2.8112266568489
1032,3.5,0.15178571428571427,1,1,0.0006700437207720479,0.0006700437207720479,0.9460754068164466,0.7897823788123421,0.19054721174403222,0.04914313704008797,2.8112266568489
1033,3.5,0.15178571428571427,1,1,0.0006666819948211732,0.0006666819948211732,0.9493346093517449,0.7936043643217889,0.19055828390282448,0.049155070235207605,2.8112266568489
1034,3.5,0.15178571428571427,1,1,0.0006636907851164225,0.0006636907851164225,0.9520020490170383,0.796643727858752,0.19056936566312102,0.0491670031087086,2.8112266568489
1035,3.5,0.15178571428571427,1,1,0.0006610521968051983,0.0006610521968051983,0.9541678879900249,0.799041255307076,0.19058045010197183,0.04917893100981427,2.8112266568489
1036,3.5,0.15178571428571427,1,1,0.0006587319350611801,0.0006587319350611801,0.9559142726548906,0.8009177588972368,0.19059153208045693,0.049190850735872906,2.8112266568489
1037,3.5,0.15178571428571427,1,1,0.000656688440767263,0.000656688440767263,0.9573137535355776,0.8023755173608705,0.19060260805351112,0.04920276009746152,2.8112266568489
1038,3.5,0.15178571428571427,1,1,0.0006548792093595498,0.0006548792093595498,0.9584263240840368,0.8034996232488014,0.19061367572795399,0.04921465760813215,2.8112266568489
1039,3.5,0.15178571428571427,1,1,0.0006532652887363468,0.0006532652887363468,0.959301920144531,0.8043587399660659,0.19062473361592577,0.049226542265521304,2.8112266568489
1040,3.5,0.15178571428571427,1,1,0.0006518121822211542,0.0006518121822211542,0.9599830667892307,0.8050082126084227,0.1906357818116763,0.04923841340006629,3.1868303857248623
1041,3.5,0.15178571428571427,1,1,0.0006504893839061126,0.0006504893839061126,0.96050646754035,0.805493455388433,0.19064681875430403,0.049250270571949466,3.1868303857248623
1042,3.5,0.15178571428571427,1,1,0.0006492707830911383,0.0006492707830911383,0.9609025575022279,0.8058513008100288,0.19065784321291632,0.049262113500017496,3.1868303857248623
1043,3.5,0.15178571428571427,1,1,0.0006481349425571752,0.0006481349425571752,0.9611972795322219,0.8061108423904626,0.19066885558784666,0.04927394201229314,3.1868303857248623
1044,3.5,0.15178571428571427,1,1,0.0006470645607218899,0.0006470645607218899,0.9614127898140618,0.8062948557225948,0.19067985512089572,0.04928575601190922,3.1868303857248623
1045,3.5,0.15178571428571427,1,1,0.0006460455142633445,0.0006460455142633445,0.961567003739736,0.8064214660259854,0.1906908416046021,0.04929755545410673,3.1868303857248623
1046,3.5,0.15178571428571427,1,1,0.0006450662709354776,0.0006450662709354776,0.9616757632106617,0.8065051787115742,0.190701815568269,0.049309340330515976,3.1868303857248623
1047,3.5,0.15178571428571427,1,1,0.0006441178463020055,0.0006441178463020055,0.9617506082762184,0.8065571144387409,0.19071277639846618,0.04932111065780258,3.1868303857248623
1048,3.5,0.15178571428571427,1,1,0.000643193468320122,0.000643193468320122,0.9618003042463925,0.8065855330295237,0.19072372406596674,0.049332866469586976,3.1868303857248623
1049,3.5,0.15178571428571427,1,1,0.0006422879802687878,0.0006422879802687878,0.9618315806614962,0.8065966402478453,0.19073465860267952,0.04934460781100165,3.1868303857248623
1050,3.5,0.15178571428571427,2,2,0.03814326572057672,0.01907163286028836,0.9963559007918383,0.996315032282226,0.19053233337540898,0.049307424456710734,2.730707853952732
1051,3.5,0.15178571428571427,1,2,0.025842097121272285,0.025842097121272285,0.9896175791727698,0.9099620215244995,0.1904984168494474,0.049285883921418035,2.730707853952732
1052,3.5,0.15178571428571427,1,2,0.020890683026784276,0.020890683026784276,0.980079058409141,0.8307765072941873,0.19048131707466726,0.04927094797336315,2.730707853952732
1053,3.5,0.15178571428571427,1,1,0.01700598654739844,0.01700598654739844,0.9674647308624221,0.7564302821895881,0.19048110865938317,0.04926115768747361,2.730707853952732
1054,3.5,0.15178571428571427,1,1,0.013906330028870536,0.013906330028870536,0.9528797311498187,0.6910574361793258,0.19049014408957549,0.04925544831876474,2.730707853952732
1055,3.5,0.15178571428571427,1,1,0.011399810990169823,0.011399810990169823,0.9374199195568093,0.6347098570180423,0.19050434464185173,0.04925302159286352,2.730707853952732
1056,3.5,0.15178571428571427,1,1,0.009361974098044252,0.009361974098044252,0.9220311993337083,0.5863793678365908,0.19051734502374612,0.04925325168803199,2.730707853952732
1057,3.5,0.15178571428571427,1,1,0.0077027397728910655,0.0077027397728910655,0.9072474538059128,0.5445071609041813,0.1905293621461522,0.04925563654276297,2.730707853952732
1058,3.5,0.15476190476190477,1,1,0.006351764160665069,0.006351764160665069,0.8934749597444108,0.5081203164263082,0.19054050861069594,0.04925976963296008,2.730707853952732
1059,3.5,0.15476190476190477,1,1,0.005252831175323335,0.005252831175323335,0.8810388125939368,0.4754498223877259,0.19055094841148462,0.049265319991683904,2.730707853952732
1060,3.5,0.15476190476190477,1,1,0.004360036984598133,0.004360036984598133,0.8703451127369229,0.4548982768701485,0.19056094776197527,0.049272017805164145,2.8184779779299114
1061,3.5,0.15476190476190477,1,1,0.003635942408776718,0.003635942408776718,0.8617979371578264,0.45230488388641227,0.1905707059181188,0.049279642799909096,2.8184779779299114
1062,3.5,0.15476190476190477,1,1,0.003049748427494812,0.003049748427494812,0.8550844348104724,0.45649299507757624,0.19058033896747079,0.0492880152431534,2.8184779779299114
1063,3.5,0.15476190476190477,1,1,0.0025759055146075452,0.0025759055146075452,0.8500512922640875,0.46389123413963057,0.19058999217443345,0.04929698889958068,2.8184779779299114
1064,3.5,0.15476190476190477,1,1,0.002192931129844382,0.002192931129844382,0.846838556570967,0.47423636516581474,0.1905997250080753,0.04930644561625991,2.8184779779299114
1065,3.5,0.15476190476190477,1,1,0.0018836941048654304,0.0018836941048654304,0.8454154794977514,0.4872443548324601,0.19060954674041022,0.049316289590780604,2.8184779779299114
1066,3.5,0.15476190476190477,1,1,0.0016342612752337803,0.0016342612752337803,0.8457923277846692,0.5025445613288374,0.1906194662552741,0.04932644317126146,2.8184779779299114
1067,3.5,0.15476190476190477,1,1,0.0014332265660860733,0.0014332265660860733,0.8482031489554822,0.5196924276271055,0.19062949014579866,0.0493368435478846,2.8184779779299114
1068,3.5,0.15476190476190477,1,1,0.0012712278184151568,0.0012712278184151568,0.8525217864845169,0.5381990394873393,0.19063961354783454,0.04934744008392246,2.8184779779299114
1069,3.5,0.15476190476190477,1,1,0.0011407285297243418,0.0011407285297243418,0.8583230763151225,0.5575024392826144,0.1906498149989859,0.04935819193636741,2.8184779779299114
1070,3.5,0.15476190476190477,1,1,0.001035737531304048,0.001035737531304048,0.8652048499811807,0.5769611556174752,0.19066008737133935,0.04936906604409731,3.0900400160770918
1071,3.5,0.15476190476190477,1,1,0.0009513550612859822,0.0009513550612859822,0.8730223465648828,0.5968720791338354,0.19067041848470825,0.04938003570869654,3.0900400160770918
1072,3.5,0.15476190476190477,1,1,0.00088390347415958,0.00088390347415958,0.881255084094944,0.6178187675446161,0.19068078922621046,0.04939107900440574,3.0900400160770918
1073,3.5,0.15476190476190477,1,1,0.0008299346328737964,0.0008299346328737964,0.8896053462913639,0.6422275424560329,0.19069118625997172,0.049402178483288955,3.0900400160770918
1074,3.5,0.15476190476190477,1,1,0.0007864928562412103,0.0007864928562412103,0.8979793130877044,0.6643748720454848,0.19070160511518183,0.049413320537372574,3.0900400160770918
1075,3.5,0.15476190476190477,2,2,0.05508097316276006,0.02754048658138003,0.9932759906059696,0.9950694184130535,0.19095060314528076,0.04935356028774028,3.0900400160770918
1076,3.5,0.15625,1,2,0.036078780598029485,0.036078780598029485,0.9828180389680341,0.8118863736573595,0.191110254872454,0.04931830920805119,3.0900400160770918
1077,3.5,0.15625,1,1,0.02825186256242035,0.02825186256242035,0.9705040620312738,0.7066030273449848,0.19123732950499486,0.04929349077653322,3.0900400160770918
1078,3.5,0.15625,1,1,0.02243265656339,0.02243265656339,0.956627312702002,0.633780282423117,0.19133655262166507,0.049276397974891174,3.0900400160770918
1079,3.5,0.15625,1,1,0.01794283484821136,0.01794283484821136,0.941763712816137,0.5783956960997614,0.19141557238673407,0.049265231403364,3.0900400160770918
1080,3.5,0.15625,1,1,0.01442585550335828,0.01442585550335828,0.9262207410185231,0.5325846133868046,0.19147299532602582,0.04925867271158187,2.392658548582014
1081,3.5,0.15625,1,1,0.011647581279886847,0.011647581279886847,0.9104672408201614,0.49308171049142585,0.19151443896186984,0.049255725508613096,2.392658548582014
1082,3.5,0.15922619047619047,1,1,0.009439044592462698,0.009439044592462698,0.8950478732788684,0.45819767617210544,0.19154464268825355,0.049255627480898546,2.392658548582014
1083,3.5,0.16071428571428573,1,1,0.00767613134446779,0.00767613134446779,0.8804789889561524,0.4267329212256238,0.19156737293319145,0.04925778798368546,2.392658548582014
1084,3.5,0.16071428571428573,1,1,0.006264999963130151,0.006264999963130151,0.8673247562006372,0.40772813004092595,0.19158500661406327,0.049261745186992514,2.392658548582014
1085,3.5,0.16071428571428573,1,1,0.005133952781564224,0.005133952781564224,0.8554885902151883,0.3987910131899565,0.19159920913896974,0.04926713468153004,2.392658548582014
1086,3.5,0.16071428571428573,1,1,0.00422656333025998,0.00422656333025998,0.8450463333627434,0.3956336402969851,0.19161119514557207,0.049273667792204295,2.392658548582014
1087,3.5,0.16071428571428573,1,1,0.0034985011530267347,0.0034985011530267347,0.8362327933561715,0.396320158555071,0.1916218260064705,0.04928111461338427,2.392658548582014
1088,3.5,0.16071428571428573,1,1,0.002914517626174632,0.002914517626174632,0.8291849032069382,0.40083037555093537,0.19163165446125097,0.0492892914004227,2.392658548582014
1089,3.5,0.16071428571428573,1,1,0.0024463553308123756,0.0024463553308123756,0.8241381955620491,0.4091339631447328,0.1916410251205554,0.049298050999417226,2.392658548582014
1090,3.5,0.16071428571428573,1,1,0.002071291532274815,0.002071291532274815,0.8213512951467528,0.42113580981742194,0.19165018737753703,0.049307275399670406,2.259962294231146
1091,3.5,0.16071428571428573,1,1,0.0017710418486206634,0.0017710418486206634,0.8207429286089285,0.4366230125031725,0.19165928187621922,0.04931686986678023,2.259962294231146
1092,3.5,0.16071428571428573,1,1,0.0015309041235432184,0.0015309041235432184,0.8221408742847102,0.45522107811495816,0.19166839931487614,0.049326758284800015,2.259962294231146
1093,3.5,0.16071428571428573,1,1,0.001338992868896867,0.001338992868896867,0.8256024401675697,0.47639768366790675,0.1916775949670828,0.049336879545149884,2.259962294231146
1094,3.5,0.16071428571428573,1,1,0.0011857281651672569,0.0011857281651672569,0.8311967201450566,0.49947326931042507,0.19168689609918607,0.04934718462091176,2.259962294231146
1095,3.5,0.16071428571428573,1,1,0.0010634523241146955,0.0010634523241146955,0.8386700475767132,0.5236395140728378,0.19169631020081535,0.04935763414178068,2.259962294231146
1096,3.5,0.16071428571428573,1,1,0.000966012065737447,0.000966012065737447,0.8476379287319113,0.5480417949935019,0.19170583598881055,0.04936819650514461,2.259962294231146
1097,3.5,0.16071428571428573,1,1,0.0008884368083516022,0.0008884368083516022,0.8575932075335728,0.5723607747608334,0.19171546721071647,0.04937884639458259,2.259962294231146
1098,3.5,0.16071428571428573,1,1,0.0008267343027026407,0.0008267343027026407,0.8681584067591883,0.5997300002788712,0.19172519235179428,0.049389563552472836,2.259962294231146
1099,3.5,0.16071428571428573,1,1,0.0007777079687545546,0.0007777079687545546,0.8789296472360842,0.6285740223990641,0.19173499753241718,0.04940033177961342,2.259962294231146
1100,3.5,0.16071428571428573,2,2,0.020738953171155667,0.010369476585577833,0.9945090615540021,0.9874046276160887,0.19113113698668305,0.049385043493999685,2.381798128278519
1101,3.5,0.16071428571428573,1,2,0.020682340558255487,0.020682340558255487,0.9951267108004649,0.9892376690007791,0.19053128057042962,0.04936939969437251,2.381798128278519
1102,3.5,0.16071428571428573,1,2,0.010394242044339507,0.010394242044339507,0.9924137737059993,0.9802470098239477,0.19041592907479266,0.04936732027429404,2.381798128278519
1103,3.5,0.16071428571428573,1,1,0.006455306942492162,0.006455306942492162,0.9896549801322678,0.970608562006594,0.19043366906203238,0.04937045656224212,2.381798128278519
1104,3.5,0.16071428571428573,1,1,0.004501030063959465,0.004501030063959465,0.9870410779730354,0.9608034268826698,0.1904578337194661,0.04937618712310816,2.381798128278519
1105,3.5,0.16071428571428573,1,1,0.0033366371829557876,0.0033366371829557876,0.9844872694646276,0.950441823705003,0.19047941904291255,0.049383461472688246,2.381798128278519
1106,3.5,0.16071428571428573,1,1,0.002578019962156262,0.002578019962156262,0.9819704553733989,0.939368202936229,0.19049912010480122,0.04939173729901616,2.381798128278519
1107,3.5,0.16071428571428573,1,1,0.002057210450750698,0.002057210450750698,0.979493785470333,0.9275665225471247,0.19051707229463638,0.04940069596937219,2.381798128278519
1108,3.5,0.16071428571428573,1,1,0.001687382409848359,0.001687382409848359,0.9770772211459444,0.9151438854955843,0.19053352207925978,0.049410135099720386,2.381798128278519
1109,3.5,0.16071428571428573,1,1,0.0014186175449679187,0.0014186175449679187,0.9747474259219202,0.9023175977259712,0.19054881405537452,0.049419919370341854,2.381798128278519
1110,3.5,0.16071428571428573,1,1,0.0012200418018434476,0.0012200418018434476,0.9725345110346092,0.8893891778065459,0.19056316935148215,0.049429954999039974,3.520505543037948
1111,3.5,0.16071428571428573,1,1,0.0010715274286004425,0.0010715274286004425,0.9704772935657979,0.876703712800083,0.1905767788781166,0.04944017527527267,3.520505543037948
1112,3.5,0.16071428571428573,1,1,0.0009594284292200584,0.0009594284292200584,0.9686094251069901,0.8646011120966351,0.19058963437662463,0.04945053181395689,3.520505543037948
1113,3.5,0.16071428571428573,1,1,0.0008742138395887035,0.0008742138395887035,0.9669490367297378,0.8533709091253889,0.19060196244896047,0.04946098899941663,3.520505543037948
1114,3.5,0.16071428571428573,1,1,0.0008090724088963479,0.0008090724088963479,0.9655010041495538,0.8432211588384594,0.19061383345193963,0.049471520316421234,3.520505543037948
1115,3.5,0.16071428571428573,1,1,0.0007590489667087621,0.0007590489667087621,0.9642618156431573,0.8342663325308834,0.19062531058208232,0.04948210585114169,3.520505543037948
1116,3.5,0.16071428571428573,1,1,0.0007204880588287343,0.0007204880588287343,0.9632170436116296,0.8265327436168185,0.19063645802813953,0.04949273054581418,3.520505543037948
1117,3.5,0.16071428571428573,1,1,0.0006906634200559461,0.0006906634200559461,0.9625134686004004,0.8199757121440403,0.19064734589053348,0.04950338295472118,3.520505543037948
1118,3.5,0.16071428571428573,1,1,0.0006675240512946692,0.0006675240512946692,0.9621794232517539,0.8145018345455092,0.19065803420808605,0.049514054342947665,3.520505543037948
1119,3.5,0.16071428571428573,1,1,0.0006495161456807591,0.0006495161456807591,0.9619187018077543,0.809990667176607,0.1906685677153206,0.04952473802482538,3.520505543037948
1120,3.5,0.16071428571428573,1,1,0.0006354566838778948,0.0006354566838778948,0.9617060541902802,0.8063113711591438,0.19067897792373686,0.049535428871995184,2.567982702967759
1121,3.5,0.16071428571428573,1,1,0.0006244412716641997,0.0006244412716641997,0.9615314197569533,0.8033349853076012,0.19068928852353548,0.049546122944710294,2.567982702967759
1122,3.5,0.16071428571428573,1,1,0.0006157762208031622,0.0006157762208031622,0.9613868842581752,0.800942192281999,0.19069951946688912,0.049556817213660974,2.567982702967759
1123,3.5,0.16071428571428573,1,1,0.0006089280827656436,0.0006089280827656436,0.9612665352708311,0.7990272944762954,0.19070968632589586,0.049567509348852075,2.567982702967759
1124,3.5,0.16071428571428573,1,1,0.0006034857645954539,0.0006034857645954539,0.9611646839020422,0.79749959884162,0.19071980224954221,0.049578197558673306,2.567982702967759
1125,3.5,0.16071428571428573,2,2,0.0005991319148229669,0.00029956595741148344,0.9610776209544936,0.7962831276849813,0.19072987660070934,0.049588880466784266,2.567982702967759
1126,3.5,0.16071428571428573,2,2,0.000571474716114513,0.0002857373580572565,0.9610024502870695,0.795313596830658,0.19073950921740135,0.04959912416483209,2.567982702967759
1127,3.5,0.16071428571428573,1,2,0.0005779812983252265,0.0005779812983252265,0.9605756122909457,0.7922244158604863,0.19074924159282264,0.04960948055562367,2.567982702967759
1128,3.5,0.16071428571428573,1,2,0.0005822912222021759,0.0005822912222021759,0.960298871683402,0.7927566523396636,0.19075904191508455,0.04961992076237575,2.567982702967759
1129,3.5,0.16071428571428573,1,1,0.0005848183597854243,0.0005848183597854243,0.9601336872468986,0.7937509563815534,0.19076888557957786,0.04963042033807363,2.567982702967759
1130,3.5,0.16071428571428573,1,1,0.0005860152681129973,0.0005860152681129973,0.9600569746232513,0.7948645123146434,0.19077875443263198,0.049640959883864556,2.7198466491004174
1131,3.5,0.16071428571428573,1,1,0.0005862880325985192,0.0005862880325985192,0.9600352706786113,0.7960189204185828,0.19078863590967288,0.04965152474703304,2.7198466491004174
1132,3.5,0.16071428571428573,1,1,0.0005859604306839924,0.0005859604306839924,0.9600561818303984,0.7971479948392772,0.19079852167448982,0.049662104254374076,2.7198466491004174
1133,3.5,0.16071428571428573,1,1,0.0005852704066977155,0.0005852704066977155,0.9601095332174083,0.798204805560098,0.19080840641437918,0.04967269083129289,2.7198466491004174
1134,3.5,0.16071428571428573,1,1,0.0005843822815185636,0.0005843822815185636,0.9601822611694066,0.7991610684674864,0.1908182872415658,0.049683279200045005,2.7198466491004174
1135,3.5,0.16071428571428573,1,1,0.0005834036426197433,0.0005834036426197433,0.9602665297052881,0.8000035537214619,0.19082816214627923,0.04969386573030422,2.7198466491004174
1136,3.5,0.16071428571428573,1,1,0.0005824012797268885,0.0005824012797268885,0.9603574775831871,0.8007298997867999,0.1908380298465194,0.04970444794772163,2.7198466491004174
1137,3.5,0.16071428571428573,1,1,0.0005814140804899758,0.0005814140804899758,0.9604605669060934,0.8013448820163774,0.19084788965007216,0.04971502417744579,2.7198466491004174
1138,3.5,0.16071428571428573,1,1,0.0005804626236156168,0.0005804626236156168,0.9605628379658145,0.8018574777767208,0.19085774082232765,0.04972559329243981,2.7198466491004174
1139,3.5,0.16071428571428573,1,1,0.000579555942124582,0.000579555942124582,0.9606628171640027,0.8022787372478368,0.19086758327886702,0.0497361545388622,2.7198466491004174
1140,3.5,0.16071428571428573,1,1,0.0005786961108411714,0.0005786961108411714,0.9607566347212232,0.8026203374690964,0.1908774179476289,0.049746707416267695,2.7780497004107936
1141,3.5,0.16071428571428573,1,1,0.0005778812611840756,0.0005778812611840756,0.9608386071510621,0.8028936645752414,0.19088724380125266,0.04975725159599744,2.7780497004107936
1142,3.5,0.16071428571428573,1,1,0.000577107503809276,0.000577107503809276,0.960907417423204,0.8031092798452741,0.19089706088691963,0.049767786865821464,2.7780497004107936
1143,3.5,0.16071428571428573,1,1,0.0005763701146207975,0.0005763701146207975,0.9609644438054346,0.8032766510609926,0.19090686932953393,0.04977831309247443,2.7780497004107936
1144,3.5,0.16071428571428573,1,1,0.0005756642357723007,0.0005756642357723007,0.9610120450834495,0.8034040586417049,0.19091666963775364,0.049788830196323665,2.7780497004107936
1145,3.5,0.16071428571428573,1,1,0.0005749852645714592,0.0005749852645714592,0.9610519559669977,0.8034986107221973,0.19092646137232586,0.0497993381342373,2.7780497004107936
1146,3.5,0.16071428571428573,1,1,0.0005743290465307851,0.0005743290465307851,0.9610853290952273,0.8035663211653077,0.1909362445719785,0.049809836887986174,2.7780497004107936
1147,3.5,0.16071428571428573,1,1,0.0005736919492830194,0.0005736919492830194,0.9611135801748683,0.8036122195207291,0.19094601929935537,0.049820326456378336,2.7780497004107936
1148,3.5,0.16071428571428573,1,1,0.00057307086710356,0.00057307086710356,0.9611362331904042,0.8036404728691823,0.19095578666848093,0.04983080684991225,2.7780497004107936
1149,3.5,0.16071428571428573,1,1,0.000572463187674538,0.000572463187674538,0.9611535720351848,0.8036545071856037,0.19096554608662009,0.049841278087130944,2.7780497004107936
1150,3.5,0.16071428571428573,1,2,0.1218773759827237,0.1218773759827237,0.9893714131285058,0.9970997605492282,0.1910531865745543,0.04969131137701928,2.723138434832145
1151,3.5,0.16071428571428573,1,1,0.05963774827859301,0.05963774827859301,0.9728828165169402,0.7332945918490114,0.19117042183166313,0.04962374736885927,2.723138434832145
1152,3.5,0.16220238095238096,1,1,0.04276514722311241,0.04276514722311241,0.9505156193444341,0.5800495161543271,0.19121828078645092,0.04957878603007434,2.723138434832145
1153,3.5,0.16220238095238096,1,1,0.03219833889970056,0.03219833889970056,0.9247658867583439,0.47917510564977095,0.19123379131991533,0.04954789626188321,2.723138434832145
1154,3.5,0.16220238095238096,1,1,0.024672329646434097,0.024672329646434097,0.8971803406913132,0.4075438556167115,0.19123154859331595,0.04952694806781641,2.723138434832145
1155,3.5,0.16220238095238096,1,1,0.01904979650296034,0.01904979650296034,0.8694415195684296,0.35375889866965443,0.19122047374360646,0.04951337134276812,2.723138434832145
1156,3.5,0.16220238095238096,1,1,0.01477017146334086,0.01477017146334086,0.8427527672092077,0.3115765683113677,0.19120578495241705,0.04950537073855026,2.723138434832145
1157,3.5,0.16220238095238096,1,1,0.01148836503844925,0.01148836503844925,0.8177828669762383,0.277261956002362,0.19119082085351768,0.049501624795437245,2.723138434832145
1158,3.5,0.16220238095238096,1,1,0.008964169391917874,0.008964169391917874,0.7950090188780751,0.24847555167588675,0.1911769880110184,0.049501137859949626,2.723138434832145
1159,3.5,0.16220238095238096,1,1,0.007021355194513203,0.007021355194513203,0.7750931543198117,0.2243870401663047,0.1911653640424352,0.04950315039355239,2.723138434832145
1160,3.5,0.16220238095238096,1,1,0.0055254937707833835,0.0055254937707833835,0.7584810354259468,0.21280410009487236,0.19115639008199417,0.04950708109604486,3.080944451128031
1161,3.5,0.16220238095238096,1,1,0.004374676288652994,0.004374676288652994,0.7453365484303092,0.21825866314496908,0.19115013707669348,0.049512482728477615,3.080944451128031
1162,3.5,0.16220238095238096,1,1,0.0034900832296457583,0.0034900832296457583,0.7354751107744035,0.23041369772005238,0.19114647174012622,0.04951901111774101,3.080944451128031
1163,3.5,0.16220238095238096,1,1,0.002809270041460662,0.002809270041460662,0.7296108226489336,0.24908241312245352,0.19114515479760893,0.049526403393006145,3.080944451128031
1164,3.5,0.16220238095238096,1,1,0.0022856842991526745,0.0022856842991526745,0.7277815946060758,0.2728605069394406,0.1911458365605033,0.04953445708095739,3.080944451128031
1165,3.5,0.16220238095238096,1,1,0.001882974024927812,0.001882974024927812,0.7303240549403178,0.30208284441305494,0.19114821537363472,0.04954301675795863,3.080944451128031
1166,3.5,0.16220238095238096,1,1,0.0015732604374854098,0.0015732604374854098,0.737641283966459,0.33559618950597897,0.19115201870593895,0.049551963009895804,3.080944451128031
1167,3.5,0.16220238095238096,1,1,0.001337486530818343,0.001337486530818343,0.7475035956289577,0.3719277532814992,0.19115701280883357,0.04956120094671727,3.080944451128031
1168,3.5,0.16220238095238096,1,1,0.0011555996185168794,0.0011555996185168794,0.7614280111518574,0.41191639551656456,0.19116297307303956,0.04957066158128594,3.080944451128031
1169,3.5,0.16220238095238096,1,1,0.0010151224635060526,0.0010151224635060526,0.7784836990554608,0.45813109820205095,0.19116970496252333,0.04958029197113836,3.080944451128031
1170,3.5,0.16220238095238096,1,1,0.0009068142547070758,0.0009068142547070758,0.7974360923290126,0.5062981344112016,0.191177050094123,0.049590051033493926,2.699291151635433
1171,3.5,0.16220238095238096,1,1,0.0008234632591040456,0.0008234632591040456,0.817157369019482,0.5526534727214456,0.19118488066408343,0.0495999069334295,2.699291151635433
1172,3.5,0.16220238095238096,1,1,0.0007595266139905885,0.0007595266139905885,0.8365306398395751,0.5950021559342494,0.19119309207747173,0.04960983493585646,2.699291151635433
1173,3.5,0.16220238095238096,1,1,0.0007105994110305821,0.0007105994110305821,0.8549488989496459,0.6328787978315614,0.1912016015470538,0.04961981594677118,2.699291151635433
1174,3.5,0.16220238095238096,1,1,0.0006731277902127775,0.0006731277902127775,0.872224259024381,0.6672271135247557,0.19121034298895928,0.04962983542527869,2.699291151635433
1175,3.5,0.16220238095238096,2,2,0.024405742009508027,0.012202871004754014,0.9947179825112236,0.9913809935723769,0.19128692317102272,0.04960866164534546,2.699291151635433
1176,3.5,0.16220238095238096,1,2,0.01507956306297745,0.01507956306297745,0.9903697849763156,0.9454772014154331,0.19142008659281154,0.04959934940436668,2.699291151635433
1177,3.5,0.16220238095238096,1,2,0.012250729562356288,0.012250729562356288,0.9819158569324835,0.8732586166128643,0.19154049711041732,0.04962919643296909,2.699291151635433
1178,3.5,0.16220238095238096,1,1,0.010352912010551872,0.010352912010551872,0.972205053339508,0.8032626135302818,0.1916429411110118,0.049681898489193056,2.699291151635433
1179,3.5,0.16220238095238096,1,1,0.00883978475854278,0.00883978475854278,0.9610519994964037,0.7398562550741709,0.19172809383110895,0.04972330485890555,2.699291151635433
1180,3.5,0.16220238095238096,1,1,0.007552519966509644,0.007552519966509644,0.9493062589735728,0.6868886739417538,0.19179505263522484,0.04975663017260397,2.601803332219276
1181,3.5,0.1636904761904762,1,1,0.006441135825380015,0.006441135825380015,0.937538948231448,0.646449054396353,0.19184822852755598,0.049784101754021315,2.601803332219276
1182,3.5,0.1636904761904762,1,1,0.005483361740043413,0.005483361740043413,0.9260096683174298,0.6157504553356062,0.19189052747127938,0.04980728637218341,2.601803332219276
1183,3.5,0.1636904761904762,1,1,0.004663088063209261,0.004663088063209261,0.9149898830946801,0.5919716022033725,0.19192525077118172,0.04982730093104611,2.601803332219276
1184,3.5,0.1636904761904762,1,1,0.0039654218876663296,0.0039654218876663296,0.9047498987203876,0.5739611616170608,0.1919538519667143,0.0498449510128192,2.601803332219276
1185,3.5,0.1636904761904762,1,1,0.0033759921749511373,0.0033759921749511373,0.8953873055337167,0.5608626666104058,0.19197777702179222,0.049860823637225646,2.601803332219276
1186,3.5,0.1636904761904762,1,1,0.0028807098985491413,0.0028807098985491413,0.88712801236496,0.5521410959863435,0.19199819823465483,0.04987535095393814,2.601803332219276
1187,3.5,0.1636904761904762,1,1,0.0024665599642988154,0.0024665599642988154,0.8800976465217244,0.5472776587773752,0.1920159476856393,0.049888853737202137,2.601803332219276
1188,3.5,0.1636904761904762,1,1,0.002121645357990692,0.002121645357990692,0.8744357628531932,0.5459329633549215,0.19203167753929828,0.04990157199266654,2.601803332219276
1189,3.5,0.1636904761904762,1,1,0.0018354342950900636,0.0018354342950900636,0.8703031403391583,0.547799678833761,0.19204588786653787,0.049913686452570445,2.601803332219276
1190,3.5,0.1636904761904762,1,1,0.0015987201650921516,0.0015987201650921516,0.8677825481488272,0.552563093124021,0.1920589477274216,0.049925333987743244,0.0
1191,3.5,0.1636904761904762,1,1,0.0014035313888669733,0.0014035313888669733,0.8667771839889165,0.5598739325030291,0.192071130286401,0.049936618779219934,0.0
1192,3.5,0.1636904761904762,1,1,0.0012430190543493537,0.0012430190543493537,0.867333557628395,0.5693345229042245,0.19208265199516156,0.04994762049327789,0.0
1193,3.5,0.1636904761904762,1,1,0.0011113417433849491,0.0011113417433849491,0.8695480638386511,0.5809388576601697,0.19209366356925306,0.04995840030730265,0.0
1194,3.5,0.1636904761904762,1,1,0.0010035642186397456,0.0010035642186397456,0.873277757779892,0.5948371383299235,0.19210428953579783,0.0499690053635517,0.0
1195,3.5,0.1636904761904762,1,1,0.0009155338635853028,0.0009155338635853028,0.8781840597584873,0.6094025196539417,0.1921146169054412,0.04997947210686959,0.0
1196,3.5,0.1636904761904762,1,1,0.0008437727437054202,0.0008437727437054202,0.8839215143584308,0.6241072122681346,0.19212471481291124,0.04998982879574623,0.0
1197,3.5,0.1636904761904762,1,1,0.0007853791221672447,0.0007853791221672447,0.8901178787535728,0.6384750790851375,0.19213463634392236,0.05000009740252128,0.0
1198,3.5,0.1636904761904762,1,1,0.0007379439811229468,0.0007379439811229468,0.8965454208818691,0.6534659363452294,0.19214441941139476,0.05001029505301749,0.0
1199,3.5,0.1636904761904762,1,1,0.0006994649583393282,0.0006994649583393282,0.9030457476438524,0.6681138005484871,0.19215409234678896,0.05002043513724001,0.0
