t,site_subsystems,total_subsystems,interface_subsystems,n_links,mean_degree,frontier_radius,volume_proxy,density,energy_remaining,energy_density,creation_rate_modifier,memory_total,memory_bound,memory_free,birth_attempts,births_accepted,births_reject_exclusion,births_reject_memory,births_reject_energy,deaths_attempted,deaths_executed,links_attempted_random,links_added_random
0.0,2.0,4.0,2.0,1.0,1.0,0.23668214079275193,0.05553734008879741,36.0118074938815,0.0,0.0,1.0,inf,2.0,inf,0.0,0.0,0.0,0.0,0.0,0.0,0.0,0.0,0.0
1.0,2.0,4.0,2.0,1.0,1.0,0.23668214079275193,0.05553734008879741,36.0118074938815,0.0,0.0,1.0,inf,2.0,inf,0.0,0.0,0.0,0.0,0.0,0.0,0.0,0.0,0.0
2.0,217.0,595.0,378.0,189.0,1.7419354838709677,16.74626964807417,19671.743322920483,0.011031050804082168,0.0,0.0,1.0,inf,217.0,inf,220.0,215.0,5.0,0.0,0.0,0.0,0.0,0.0,0.0
3.0,217.0,595.0,378.0,189.0,1.7419354838709677,16.74626964807417,19671.743322920483,0.011031050804082168,0.0,0.0,1.0,inf,217.0,inf,0.0,0.0,0.0,0.0,0.0,0.0,0.0,0.0,0.0
4.0,424.0,1166.0,742.0,371.0,1.75,17.61013059862762,22875.80256258752,0.018534868835309647,0.0,0.0,1.0,inf,424.0,inf,220.0,207.0,13.0,0.0,0.0,0.0,0.0,0.0,0.0
5.0,464.0,1262.0,798.0,399.0,1.7198275862068966,17.84059051500896,23785.71905754033,0.01950750359396459,0.0,0.0,1.0,inf,464.0,inf,44.0,40.0,4.0,0.0,0.0,0.0,0.0,0.0,0.0
6.0,658.0,1810.0,1152.0,576.0,1.750759878419453,19.353801686393123,30365.99171423351,0.0216689777891092,0.0,0.0,1.0,inf,658.0,inf,204.0,194.0,10.0,0.0,0.0,0.0,0.0,0.0,0.0
7.0,754.0,2058.0,1304.0,652.0,1.7294429708222812,19.353801686393123,30365.99171423351,0.02483040919907042,0.0,0.0,1.0,inf,754.0,inf,97.0,96.0,1.0,0.0,0.0,0.0,0.0,0.0,0.0
8.0,901.0,2449.0,1548.0,774.0,1.7180910099889013,19.744181342489515,32240.814353625232,0.027945944234460365,0.0,0.0,1.0,inf,901.0,inf,158.0,147.0,11.0,0.0,0.0,0.0,0.0,0.0,0.0
9.0,1026.0,2788.0,1762.0,881.0,1.7173489278752436,19.744181342489515,32240.814353625232,0.03182301751893045,0.0,0.0,1.0,inf,1026.0,inf,143.0,125.0,18.0,0.0,0.0,0.0,0.0,0.0,0.0
10.0,1182.0,3202.0,2020.0,1010.0,1.7089678510998307,20.202123286854622,34536.60636586597,0.03422455546090429,0.0,0.0,1.0,inf,1182.0,inf,174.0,156.0,18.0,0.0,0.0,0.0,0.0,0.0,0.0
11.0,1315.0,3561.0,2246.0,1123.0,1.7079847908745247,20.202123286854622,34536.60636586597,0.03807554181987237,0.0,0.0,1.0,inf,1315.0,inf,157.0,133.0,24.0,0.0,0.0,0.0,0.0,0.0,0.0
12.0,1469.0,3959.0,2490.0,1245.0,1.6950306330837304,20.202123286854622,34536.60636586597,0.04253457865657225,0.0,0.0,1.0,inf,1469.0,inf,187.0,154.0,33.0,0.0,0.0,0.0,0.0,0.0,0.0
13.0,1624.0,4386.0,2762.0,1381.0,1.7007389162561577,20.202123286854622,34536.60636586597,0.04702257027792603,0.0,0.0,1.0,inf,1624.0,inf,178.0,155.0,23.0,0.0,0.0,0.0,0.0,0.0,0.0
14.0,1781.0,4813.0,3032.0,1516.0,1.7024143739472206,20.90660871635126,38277.13137635672,0.046529087629071916,0.0,0.0,1.0,inf,1781.0,inf,180.0,157.0,23.0,0.0,0.0,0.0,0.0,0.0,0.0
15.0,1942.0,5252.0,3310.0,1655.0,1.7044284243048404,21.056619716907107,39107.006252417035,0.04965862095056109,0.0,0.0,1.0,inf,1942.0,inf,184.0,161.0,23.0,0.0,0.0,0.0,0.0,0.0,0.0
16.0,2100.0,5684.0,3584.0,1792.0,1.7066666666666668,21.310154230822146,40536.699732626264,0.05180490799328193,0.0,0.0,1.0,inf,2100.0,inf,184.0,158.0,26.0,0.0,0.0,0.0,0.0,0.0,0.0
17.0,2256.0,6120.0,3864.0,1932.0,1.7127659574468086,21.310154230822146,40536.699732626264,0.05565327258706859,0.0,0.0,1.0,inf,2256.0,inf,187.0,156.0,31.0,0.0,0.0,0.0,0.0,0.0,0.0
18.0,2405.0,6531.0,4126.0,2063.0,1.7155925155925156,21.397397547235688,41036.60992936988,0.058606205632954655,0.0,0.0,1.0,inf,2405.0,inf,185.0,149.0,36.0,0.0,0.0,0.0,0.0,0.0,0.0
19.0,2562.0,6962.0,4400.0,2200.0,1.7174082747853239,21.61156489452551,42281.1951834038,0.06059431359229021,0.0,0.0,1.0,inf,2562.0,inf,193.0,157.0,36.0,0.0,0.0,0.0,0.0,0.0,0.0
20.0,2720.0,7406.0,4686.0,2343.0,1.722794117647059,21.61156489452551,42281.1951834038,0.0643311994422441,0.0,0.0,1.0,inf,2720.0,inf,187.0,158.0,29.0,0.0,0.0,0.0,0.0,0.0,0.0
21.0,2870.0,7804.0,4934.0,2467.0,1.719163763066202,21.95244196058279,44313.60907516038,0.06476565686925181,0.0,0.0,1.0,inf,2870.0,inf,190.0,150.0,40.0,0.0,0.0,0.0,0.0,0.0,0.0
22.0,3025.0,8231.0,5206.0,2603.0,1.72099173553719,21.95244196058279,44313.60907516038,0.0682634536688107,0.0,0.0,1.0,inf,3025.0,inf,191.0,155.0,36.0,0.0,0.0,0.0,0.0,0.0,0.0
23.0,3183.0,8677.0,5494.0,2747.0,1.7260446120012567,22.0708493363096,45034.54172214745,0.0706790805075438,0.0,0.0,1.0,inf,3183.0,inf,191.0,158.0,33.0,0.0,0.0,0.0,0.0,0.0,0.0
24.0,3352.0,9146.0,5794.0,2897.0,1.7285202863961815,22.307490329169045,46498.693393036185,0.07208804711278205,0.0,0.0,1.0,inf,3352.0,inf,190.0,169.0,21.0,0.0,0.0,0.0,0.0,0.0,0.0
25.0,3500.0,9558.0,6058.0,3029.0,1.7308571428571429,22.76977665072355,49449.84346878496,0.07077878825257279,0.0,0.0,1.0,inf,3500.0,inf,190.0,148.0,42.0,0.0,0.0,0.0,0.0,0.0,0.0
26.0,3651.0,9985.0,6334.0,3167.0,1.734867159682279,22.76977665072355,49449.84346878496,0.07383238740289808,0.0,0.0,1.0,inf,3651.0,inf,182.0,151.0,31.0,0.0,0.0,0.0,0.0,0.0,0.0
27.0,3821.0,10451.0,6630.0,3315.0,1.7351478670505103,22.76977665072355,49449.84346878496,0.07727021426088018,0.0,0.0,1.0,inf,3821.0,inf,203.0,170.0,33.0,0.0,0.0,0.0,0.0,0.0,0.0
28.0,3979.0,10903.0,6924.0,3462.0,1.7401357124905754,23.345592857082302,53297.06958459213,0.0746570126840577,0.0,0.0,1.0,inf,3979.0,inf,192.0,158.0,34.0,0.0,0.0,0.0,0.0,0.0,0.0
29.0,4133.0,11331.0,7198.0,3599.0,1.741592063876119,23.345592857082302,53297.06958459213,0.07754647736195286,0.0,0.0,1.0,inf,4133.0,inf,188.0,154.0,34.0,0.0,0.0,0.0,0.0,0.0,0.0
30.0,4289.0,11773.0,7484.0,3742.0,1.7449288878526463,23.345592857082302,53297.06958459213,0.08047346755514537,0.0,0.0,1.0,inf,4289.0,inf,192.0,156.0,36.0,0.0,0.0,0.0,0.0,0.0,0.0
31.0,4457.0,12225.0,7768.0,3884.0,1.7428763742427642,23.39792868308767,53656.315627437565,0.08306571086518805,0.0,0.0,1.0,inf,4457.0,inf,200.0,168.0,32.0,0.0,0.0,0.0,0.0,0.0,0.0
32.0,4607.0,12635.0,8028.0,4014.0,1.7425656609507272,23.39792868308767,53656.315627437565,0.08586128112091572,0.0,0.0,1.0,inf,4607.0,inf,188.0,150.0,38.0,0.0,0.0,0.0,0.0,0.0,0.0
33.0,4775.0,13109.0,8334.0,4167.0,1.7453403141361257,23.39792868308767,53656.315627437565,0.0889923198073307,0.0,0.0,1.0,inf,4775.0,inf,199.0,168.0,31.0,0.0,0.0,0.0,0.0,0.0,0.0
34.0,4931.0,13517.0,8586.0,4293.0,1.7412289596430743,23.39792868308767,53656.315627437565,0.09189971287328748,0.0,0.0,1.0,inf,4931.0,inf,200.0,156.0,44.0,0.0,0.0,0.0,0.0,0.0,0.0
35.0,5097.0,13971.0,8874.0,4437.0,1.7410241318422601,23.39792868308767,53656.315627437565,0.0949934772896261,0.0,0.0,1.0,inf,5097.0,inf,196.0,166.0,30.0,0.0,0.0,0.0,0.0,0.0,0.0
36.0,5258.0,14400.0,9142.0,4571.0,1.7386839102320273,23.39792868308767,53656.315627437565,0.09799405603077378,0.0,0.0,1.0,inf,5258.0,inf,205.0,161.0,44.0,0.0,0.0,0.0,0.0,0.0,0.0
37.0,5422.0,14838.0,9416.0,4708.0,1.7366285503504242,23.41687277642699,53786.74941123048,0.10080549688075975,0.0,0.0,1.0,inf,5422.0,inf,206.0,164.0,42.0,0.0,0.0,0.0,0.0,0.0,0.0
38.0,5594.0,15298.0,9704.0,4852.0,1.7347157668930997,23.41687277642699,53786.74941123048,0.10400331050368315,0.0,0.0,1.0,inf,5594.0,inf,206.0,172.0,34.0,0.0,0.0,0.0,0.0,0.0,0.0
39.0,5764.0,15762.0,9998.0,4999.0,1.734559333795975,23.41687277642699,53786.74941123048,0.10716394024727023,0.0,0.0,1.0,inf,5764.0,inf,202.0,170.0,32.0,0.0,0.0,0.0,0.0,0.0,0.0
40.0,5922.0,16202.0,10280.0,5140.0,1.7359000337723742,23.890827023961965,57119.20589449239,0.10367791196080016,0.0,0.0,1.0,inf,5922.0,inf,205.0,158.0,47.0,0.0,0.0,0.0,0.0,0.0,0.0
41.0,6086.0,16662.0,10576.0,5288.0,1.7377587906671048,23.890827023961965,57119.20589449239,0.10654910033661429,0.0,0.0,1.0,inf,6086.0,inf,200.0,164.0,36.0,0.0,0.0,0.0,0.0,0.0,0.0
42.0,6259.0,17161.0,10902.0,5451.0,1.7418117910209299,23.997936163430673,57890.89855285611,0.1081171679220931,0.0,0.0,1.0,inf,6259.0,inf,205.0,173.0,32.0,0.0,0.0,0.0,0.0,0.0,0.0
43.0,6426.0,17622.0,11196.0,5598.0,1.742296918767507,23.997936163430673,57890.89855285611,0.11100190462811475,0.0,0.0,1.0,inf,6426.0,inf,200.0,167.0,33.0,0.0,0.0,0.0,0.0,0.0,0.0
44.0,6593.0,18071.0,11478.0,5739.0,1.7409373578037313,23.997936163430673,57890.89855285611,0.11388664133413641,0.0,0.0,1.0,inf,6593.0,inf,210.0,167.0,43.0,0.0,0.0,0.0,0.0,0.0,0.0
45.0,6760.0,18522.0,11762.0,5881.0,1.739940828402367,23.997936163430673,57890.89855285611,0.11677137804015807,0.0,0.0,1.0,inf,6760.0,inf,209.0,167.0,42.0,0.0,0.0,0.0,0.0,0.0,0.0
46.0,6906.0,18932.0,12026.0,6013.0,1.7413843035041991,23.997936163430673,57890.89855285611,0.11929336342386562,0.0,0.0,1.0,inf,6906.0,inf,213.0,146.0,67.0,0.0,0.0,0.0,0.0,0.0,0.0
47.0,7073.0,19395.0,12322.0,6161.0,1.742117913191008,24.062501917754577,58359.41820652354,0.12119723289512445,0.0,0.0,1.0,inf,7073.0,inf,210.0,167.0,43.0,0.0,0.0,0.0,0.0,0.0,0.0
48.0,7233.0,19843.0,12610.0,6305.0,1.7433983132863267,24.49330967332092,61550.42123675882,0.1175134118445374,0.0,0.0,1.0,inf,7233.0,inf,210.0,160.0,50.0,0.0,0.0,0.0,0.0,0.0,0.0
49.0,7392.0,20274.0,12882.0,6441.0,1.7426948051948052,24.49330967332092,61550.42123675882,0.12009665980296148,0.0,0.0,1.0,inf,7392.0,inf,203.0,159.0,44.0,0.0,0.0,0.0,0.0,0.0,0.0
50.0,7542.0,20688.0,13146.0,6573.0,1.7430389817024663,25.358315426151243,68304.57731814352,0.11041719744302764,0.0,0.0,1.0,inf,7542.0,inf,201.0,150.0,51.0,0.0,0.0,0.0,0.0,0.0,0.0
51.0,7713.0,21169.0,13456.0,6728.0,1.7445870608064307,25.55255202958543,69886.20424007802,0.11036512976872744,0.0,0.0,1.0,inf,7713.0,inf,206.0,171.0,35.0,0.0,0.0,0.0,0.0,0.0,0.0
52.0,7878.0,21648.0,13770.0,6885.0,1.7479055597867479,25.55255202958543,69886.20424007802,0.112726110763391,0.0,0.0,1.0,inf,7878.0,inf,195.0,165.0,30.0,0.0,0.0,0.0,0.0,0.0,0.0
53.0,8045.0,22117.0,14072.0,7036.0,1.749160969546302,25.55255202958543,69886.20424007802,0.11511570970950502,0.0,0.0,1.0,inf,8045.0,inf,196.0,167.0,29.0,0.0,0.0,0.0,0.0,0.0,0.0
54.0,8205.0,22561.0,14356.0,7178.0,1.7496648385131017,25.55255202958543,69886.20424007802,0.11740514582554241,0.0,0.0,1.0,inf,8205.0,inf,194.0,160.0,34.0,0.0,0.0,0.0,0.0,0.0,0.0
55.0,8374.0,23034.0,14660.0,7330.0,1.750656794841175,25.809162723800792,72012.90931278768,0.11628470617160565,0.0,0.0,1.0,inf,8374.0,inf,197.0,169.0,28.0,0.0,0.0,0.0,0.0,0.0,0.0
56.0,8543.0,23495.0,14952.0,7476.0,1.7502048460728081,25.809162723800792,72012.90931278768,0.1186315076216894,0.0,0.0,1.0,inf,8543.0,inf,191.0,169.0,22.0,0.0,0.0,0.0,0.0,0.0,0.0
57.0,8716.0,23962.0,15246.0,7623.0,1.7491968793024324,25.809162723800792,72012.90931278768,0.12103385466822485,0.0,0.0,1.0,inf,8716.0,inf,203.0,173.0,30.0,0.0,0.0,0.0,0.0,0.0,0.0
58.0,8873.0,24389.0,15516.0,7758.0,1.7486757579172771,25.809162723800792,72012.90931278768,0.12321401932895354,0.0,0.0,1.0,inf,8873.0,inf,195.0,157.0,38.0,0.0,0.0,0.0,0.0,0.0,0.0
59.0,9037.0,24833.0,15796.0,7898.0,1.7479251964147393,25.809162723800792,72012.90931278768,0.12549138878347268,0.0,0.0,1.0,inf,9037.0,inf,202.0,164.0,38.0,0.0,0.0,0.0,0.0,0.0,0.0
60.0,9209.0,25285.0,16076.0,8038.0,1.7456835704202411,25.809162723800792,72012.90931278768,0.1278798494308952,0.0,0.0,1.0,inf,9209.0,inf,202.0,172.0,30.0,0.0,0.0,0.0,0.0,0.0,0.0
61.0,9367.0,25723.0,16356.0,8178.0,1.7461300309597523,25.809162723800792,72012.90931278768,0.13007390049073683,0.0,0.0,1.0,inf,9367.0,inf,196.0,158.0,38.0,0.0,0.0,0.0,0.0,0.0,0.0
62.0,9535.0,26185.0,16650.0,8325.0,1.7461982170949135,25.809162723800792,72012.90931278768,0.13240681554170766,0.0,0.0,1.0,inf,9535.0,inf,208.0,168.0,40.0,0.0,0.0,0.0,0.0,0.0,0.0
63.0,9706.0,26650.0,16944.0,8472.0,1.7457242942509787,25.930766000703855,73035.60777473214,0.1328940813354599,0.0,0.0,1.0,inf,9706.0,inf,208.0,171.0,37.0,0.0,0.0,0.0,0.0,0.0,0.0
64.0,9873.0,27129.0,17256.0,8628.0,1.7477970221817076,25.930766000703855,73035.60777473214,0.13518063723727544,0.0,0.0,1.0,inf,9873.0,inf,202.0,167.0,35.0,0.0,0.0,0.0,0.0,0.0,0.0
65.0,10036.0,27580.0,17544.0,8772.0,1.7481068154643284,25.930766000703855,73035.60777473214,0.1374124253330595,0.0,0.0,1.0,inf,10036.0,inf,210.0,163.0,47.0,0.0,0.0,0.0,0.0,0.0,0.0
66.0,10196.0,28014.0,17818.0,8909.0,1.747548058061985,26.026954347473172,73851.38768390055,0.13806104827225482,0.0,0.0,1.0,inf,10196.0,inf,207.0,160.0,47.0,0.0,0.0,0.0,0.0,0.0,0.0
67.0,10367.0,28489.0,18122.0,9061.0,1.748046686601717,26.026954347473172,73851.38768390055,0.14037650916422773,0.0,0.0,1.0,inf,10367.0,inf,208.0,171.0,37.0,0.0,0.0,0.0,0.0,0.0,0.0
68.0,10526.0,28926.0,18400.0,9200.0,1.7480524415732472,26.026954347473172,73851.38768390055,0.14252948157255338,0.0,0.0,1.0,inf,10526.0,inf,204.0,159.0,45.0,0.0,0.0,0.0,0.0,0.0,0.0
69.0,10683.0,29347.0,18664.0,9332.0,1.7470747917251708,26.026954347473172,73851.38768390055,0.14465537256693786,0.0,0.0,1.0,inf,10683.0,inf,213.0,157.0,56.0,0.0,0.0,0.0,0.0,0.0,0.0
70.0,10852.0,29810.0,18958.0,9479.0,1.7469590858827866,26.55315055861325,78421.7958167447,0.13837989664708583,0.0,0.0,1.0,inf,10852.0,inf,212.0,169.0,43.0,0.0,0.0,0.0,0.0,0.0,0.0
71.0,11007.0,30245.0,19238.0,9619.0,1.7477968565458344,26.55315055861325,78421.7958167447,0.14035638798327255,0.0,0.0,1.0,inf,11007.0,inf,209.0,155.0,54.0,0.0,0.0,0.0,0.0,0.0,0.0
72.0,11165.0,30683.0,19518.0,9759.0,1.748141513658755,26.55315055861325,78421.7958167447,0.14237113399048223,0.0,0.0,1.0,inf,11165.0,inf,205.0,158.0,47.0,0.0,0.0,0.0,0.0,0.0,0.0
73.0,11324.0,31134.0,19810.0,9905.0,1.7493818438714235,26.55315055861325,78421.7958167447,0.1443986315546996,0.0,0.0,1.0,inf,11324.0,inf,202.0,159.0,43.0,0.0,0.0,0.0,0.0,0.0,0.0
74.0,11480.0,31574.0,20094.0,10047.0,1.7503484320557492,26.55315055861325,78421.7958167447,0.14638787444789397,0.0,0.0,1.0,inf,11480.0,inf,211.0,156.0,55.0,0.0,0.0,0.0,0.0,0.0,0.0
75.0,11632.0,31996.0,20364.0,10182.0,1.750687757909216,26.55315055861325,78421.7958167447,0.1483261111130577,0.0,0.0,1.0,inf,11632.0,inf,208.0,152.0,56.0,0.0,0.0,0.0,0.0,0.0,0.0
76.0,11804.0,32482.0,20678.0,10339.0,1.7517790579464587,26.55315055861325,78421.7958167447,0.15051937891837458,0.0,0.0,1.0,inf,11804.0,inf,207.0,172.0,35.0,0.0,0.0,0.0,0.0,0.0,0.0
77.0,11964.0,32934.0,20970.0,10485.0,1.7527582748244734,26.55315055861325,78421.7958167447,0.1525596280395996,0.0,0.0,1.0,inf,11964.0,inf,209.0,160.0,49.0,0.0,0.0,0.0,0.0,0.0,0.0
78.0,12108.0,33330.0,21222.0,10611.0,1.752725470763132,26.55315055861325,78421.7958167447,0.1543958522487021,0.0,0.0,1.0,inf,12108.0,inf,210.0,144.0,66.0,0.0,0.0,0.0,0.0,0.0,0.0
79.0,12274.0,33788.0,21514.0,10757.0,1.7528108196187062,26.635586625593458,79154.46317376026,0.15506390300514142,0.0,0.0,1.0,inf,12274.0,inf,211.0,166.0,45.0,0.0,0.0,0.0,0.0,0.0,0.0
80.0,12424.0,34214.0,21790.0,10895.0,1.7538634900193175,26.985925879627093,82319.0934097453,0.15092488856940195,0.0,0.0,1.0,inf,12424.0,inf,214.0,150.0,64.0,0.0,0.0,0.0,0.0,0.0,0.0
81.0,12596.0,34690.0,22094.0,11047.0,1.7540489044140997,26.985925879627093,82319.0934097453,0.15301431877174718,0.0,0.0,1.0,inf,12596.0,inf,212.0,172.0,40.0,0.0,0.0,0.0,0.0,0.0,0.0
82.0,12752.0,35134.0,22382.0,11191.0,1.7551756587202008,26.985925879627093,82319.0934097453,0.15490938337387425,0.0,0.0,1.0,inf,12752.0,inf,212.0,156.0,56.0,0.0,0.0,0.0,0.0,0.0,0.0
83.0,12912.0,35582.0,22670.0,11335.0,1.755731102850062,26.985925879627093,82319.0934097453,0.15685303937605585,0.0,0.0,1.0,inf,12912.0,inf,213.0,160.0,53.0,0.0,0.0,0.0,0.0,0.0,0.0
84.0,13078.0,36016.0,22938.0,11469.0,1.753937910995565,26.985925879627093,82319.0934097453,0.15886958247831928,0.0,0.0,1.0,inf,13078.0,inf,211.0,166.0,45.0,0.0,0.0,0.0,0.0,0.0,0.0
85.0,13230.0,36440.0,23210.0,11605.0,1.7543461829176115,26.985925879627093,82319.0934097453,0.16071605568039182,0.0,0.0,1.0,inf,13230.0,inf,205.0,152.0,53.0,0.0,0.0,0.0,0.0,0.0,0.0
86.0,13396.0,36898.0,23502.0,11751.0,1.7544042997909823,26.985925879627093,82319.0934097453,0.16273259878265522,0.0,0.0,1.0,inf,13396.0,inf,211.0,166.0,45.0,0.0,0.0,0.0,0.0,0.0,0.0
87.0,13563.0,37357.0,23794.0,11897.0,1.7543316375433164,26.985925879627093,82319.0934097453,0.1647612897349323,0.0,0.0,1.0,inf,13563.0,inf,214.0,167.0,47.0,0.0,0.0,0.0,0.0,0.0,0.0
88.0,13737.0,37837.0,24100.0,12050.0,1.7543859649122806,26.985925879627093,82319.0934097453,0.16687501563730478,0.0,0.0,1.0,inf,13737.0,inf,214.0,174.0,40.0,0.0,0.0,0.0,0.0,0.0,0.0
89.0,13904.0,38304.0,24400.0,12200.0,1.754890678941312,27.421399108066584,86368.91000063201,0.16098385402685128,0.0,0.0,1.0,inf,13904.0,inf,213.0,167.0,46.0,0.0,0.0,0.0,0.0,0.0,0.0
90.0,14056.0,38730.0,24674.0,12337.0,1.7554069436539557,27.421399108066584,86368.91000063201,0.16274374656224264,0.0,0.0,1.0,inf,14056.0,inf,209.0,152.0,57.0,0.0,0.0,0.0,0.0,0.0,0.0
91.0,14213.0,39173.0,24960.0,12480.0,1.756138746218251,27.421399108066584,86368.91000063201,0.16456153029945608,0.0,0.0,1.0,inf,14213.0,inf,208.0,157.0,51.0,0.0,0.0,0.0,0.0,0.0,0.0
92.0,14370.0,39620.0,25250.0,12625.0,1.757132915796799,27.421399108066584,86368.91000063201,0.16637931403666953,0.0,0.0,1.0,inf,14370.0,inf,208.0,157.0,51.0,0.0,0.0,0.0,0.0,0.0,0.0
93.0,14519.0,40047.0,25528.0,12764.0,1.7582478132102761,27.421399108066584,86368.91000063201,0.16810447185096764,0.0,0.0,1.0,inf,14519.0,inf,211.0,149.0,62.0,0.0,0.0,0.0,0.0,0.0,0.0
94.0,14663.0,40439.0,25776.0,12888.0,1.7578940189592853,27.421399108066584,86368.91000063201,0.16977173846344365,0.0,0.0,1.0,inf,14663.0,inf,210.0,144.0,66.0,0.0,0.0,0.0,0.0,0.0,0.0
95.0,14827.0,40905.0,26078.0,13039.0,1.7588183718891213,27.421399108066584,86368.91000063201,0.171670569883208,0.0,0.0,1.0,inf,14827.0,inf,215.0,164.0,51.0,0.0,0.0,0.0,0.0,0.0,0.0
96.0,14976.0,41326.0,26350.0,13175.0,1.7594818376068375,27.421399108066584,86368.91000063201,0.1733957276975061,0.0,0.0,1.0,inf,14976.0,inf,209.0,149.0,60.0,0.0,0.0,0.0,0.0,0.0,0.0
97.0,15132.0,41764.0,26632.0,13316.0,1.7599788527623579,27.421399108066584,86368.91000063201,0.17520193319435515,0.0,0.0,1.0,inf,15132.0,inf,209.0,156.0,53.0,0.0,0.0,0.0,0.0,0.0,0.0
98.0,15293.0,42211.0,26918.0,13459.0,1.7601517033937095,27.421399108066584,86368.91000063201,0.17706602989302625,0.0,0.0,1.0,inf,15293.0,inf,212.0,161.0,51.0,0.0,0.0,0.0,0.0,0.0,0.0
99.0,15455.0,42647.0,27192.0,13596.0,1.7594306049822064,27.421399108066584,86368.91000063201,0.17894170483206176,0.0,0.0,1.0,inf,15455.0,inf,211.0,162.0,49.0,0.0,0.0,0.0,0.0,0.0,0.0
100.0,15609.0,43079.0,27470.0,13735.0,1.759882119290153,27.421399108066584,86368.91000063201,0.18072475384818196,0.0,0.0,1.0,inf,15609.0,inf,214.0,154.0,60.0,0.0,0.0,0.0,0.0,0.0,0.0
101.0,15762.0,43508.0,27746.0,13873.0,1.760309605380028,27.421399108066584,86368.91000063201,0.18249622462393772,0.0,0.0,1.0,inf,15762.0,inf,213.0,153.0,60.0,0.0,0.0,0.0,0.0,0.0,0.0
102.0,15926.0,43972.0,28046.0,14023.0,1.7610197161873666,27.536768474578455,87463.63618674545,0.18208710150120058,0.0,0.0,1.0,inf,15926.0,inf,215.0,164.0,51.0,0.0,0.0,0.0,0.0,0.0,0.0
103.0,16085.0,44419.0,28334.0,14167.0,1.7615169412496114,27.536768474578455,87463.63618674545,0.18390499985224235,0.0,0.0,1.0,inf,16085.0,inf,213.0,159.0,54.0,0.0,0.0,0.0,0.0,0.0,0.0
104.0,16240.0,44854.0,28614.0,14307.0,1.7619458128078818,27.536768474578455,87463.63618674545,0.18567716491143396,0.0,0.0,1.0,inf,16240.0,inf,215.0,155.0,60.0,0.0,0.0,0.0,0.0,0.0,0.0
105.0,16400.0,45308.0,28908.0,14454.0,1.7626829268292683,27.536768474578455,87463.63618674545,0.18750649658543825,0.0,0.0,1.0,inf,16400.0,inf,215.0,160.0,55.0,0.0,0.0,0.0,0.0,0.0,0.0
106.0,16558.0,45734.0,29176.0,14588.0,1.76204855658896,27.536768474578455,87463.63618674545,0.18931296161351746,0.0,0.0,1.0,inf,16558.0,inf,213.0,158.0,55.0,0.0,0.0,0.0,0.0,0.0,0.0
107.0,16710.0,46162.0,29452.0,14726.0,1.7625374027528427,27.629885644864988,88353.92997701607,0.18912571296315683,0.0,0.0,1.0,inf,16710.0,inf,218.0,152.0,66.0,0.0,0.0,0.0,0.0,0.0,0.0
108.0,16864.0,46584.0,29720.0,14860.0,1.7623339658444024,27.629885644864988,88353.92997701607,0.19086870277741932,0.0,0.0,1.0,inf,16864.0,inf,215.0,154.0,61.0,0.0,0.0,0.0,0.0,0.0,0.0
109.0,17025.0,47049.0,30024.0,15012.0,1.7635242290748898,28.128247214324542,93221.61453612921,0.18262931922726724,0.0,0.0,1.0,inf,17025.0,inf,217.0,161.0,56.0,0.0,0.0,0.0,0.0,0.0,0.0
110.0,17194.0,47540.0,30346.0,15173.0,1.7649179946492963,28.128247214324542,93221.61453612921,0.1844422035121077,0.0,0.0,1.0,inf,17194.0,inf,211.0,169.0,42.0,0.0,0.0,0.0,0.0,0.0,0.0
111.0,17351.0,47977.0,30626.0,15313.0,1.7650855858451961,28.128247214324542,93221.61453612921,0.18612636228559848,0.0,0.0,1.0,inf,17351.0,inf,214.0,157.0,57.0,0.0,0.0,0.0,0.0,0.0,0.0
112.0,17504.0,48394.0,30890.0,15445.0,1.7647394881170018,28.128247214324542,93221.61453612921,0.18776761255530608,0.0,0.0,1.0,inf,17504.0,inf,216.0,153.0,63.0,0.0,0.0,0.0,0.0,0.0,0.0
113.0,17659.0,48835.0,31176.0,15588.0,1.7654453819582083,28.128247214324542,93221.61453612921,0.18943031707690527,0.0,0.0,1.0,inf,17659.0,inf,215.0,155.0,60.0,0.0,0.0,0.0,0.0,0.0,0.0
114.0,17819.0,49287.0,31468.0,15734.0,1.7659801335652954,28.42821544661693,96235.9645960892,0.18515946792644422,0.0,0.0,1.0,inf,17819.0,inf,210.0,160.0,50.0,0.0,0.0,0.0,0.0,0.0,0.0
115.0,17979.0,49745.0,31766.0,15883.0,1.7668390900495021,28.42821544661693,96235.9645960892,0.18682204803016672,0.0,0.0,1.0,inf,17979.0,inf,208.0,160.0,48.0,0.0,0.0,0.0,0.0,0.0,0.0
116.0,18146.0,50220.0,32074.0,16037.0,1.767552077592858,29.030018722307958,102477.98020351621,0.17707218627809543,0.0,0.0,1.0,inf,18146.0,inf,213.0,167.0,46.0,0.0,0.0,0.0,0.0,0.0,0.0
117.0,18314.0,50702.0,32388.0,16194.0,1.768483127661898,29.030018722307958,102477.98020351621,0.17871156285115397,0.0,0.0,1.0,inf,18314.0,inf,210.0,168.0,42.0,0.0,0.0,0.0,0.0,0.0,0.0
118.0,18482.0,51178.0,32696.0,16348.0,1.7690726111892652,29.030018722307958,102477.98020351621,0.1803509394242125,0.0,0.0,1.0,inf,18482.0,inf,210.0,168.0,42.0,0.0,0.0,0.0,0.0,0.0,0.0
119.0,18649.0,51647.0,32998.0,16499.0,1.7694246340286341,29.030018722307958,102477.98020351621,0.18198055780338376,0.0,0.0,1.0,inf,18649.0,inf,209.0,167.0,42.0,0.0,0.0,0.0,0.0,0.0,0.0
120.0,18811.0,52107.0,33296.0,16648.0,1.770028175003987,29.030018722307958,102477.98020351621,0.18356138521311877,0.0,0.0,1.0,inf,18811.0,inf,208.0,162.0,46.0,0.0,0.0,0.0,0.0,0.0,0.0
121.0,18980.0,52582.0,33602.0,16801.0,1.7703898840885142,29.030018722307958,102477.98020351621,0.18521051998006455,0.0,0.0,1.0,inf,18980.0,inf,209.0,169.0,40.0,0.0,0.0,0.0,0.0,0.0,0.0
122.0,19133.0,53009.0,33876.0,16938.0,1.7705534939633094,29.090143302738877,103116.03168153632,0.185548257511406,0.0,0.0,1.0,inf,19133.0,inf,204.0,153.0,51.0,0.0,0.0,0.0,0.0,0.0,0.0
123.0,19314.0,53512.0,34198.0,17099.0,1.7706327016671843,29.090143302738877,103116.03168153632,0.1873035616774837,0.0,0.0,1.0,inf,19314.0,inf,216.0,181.0,35.0,0.0,0.0,0.0,0.0,0.0,0.0
124.0,19471.0,53957.0,34486.0,17243.0,1.7711468337527605,29.090143302738877,103116.03168153632,0.18882611832982732,0.0,0.0,1.0,inf,19471.0,inf,210.0,157.0,53.0,0.0,0.0,0.0,0.0,0.0,0.0
125.0,19635.0,54409.0,34774.0,17387.0,1.771021135727018,29.098491723922983,103204.83528044177,0.19025271390284373,0.0,0.0,1.0,inf,19635.0,inf,209.0,164.0,45.0,0.0,0.0,0.0,0.0,0.0,0.0
126.0,19795.0,54849.0,35054.0,17527.0,1.7708512250568325,29.098491723922983,103204.83528044177,0.1918030288620724,0.0,0.0,1.0,inf,19795.0,inf,215.0,160.0,55.0,0.0,0.0,0.0,0.0,0.0,0.0
127.0,19960.0,55314.0,35354.0,17677.0,1.77124248496994,29.098491723922983,103204.83528044177,0.19340179116377698,0.0,0.0,1.0,inf,19960.0,inf,212.0,165.0,47.0,0.0,0.0,0.0,0.0,0.0,0.0
128.0,20113.0,55741.0,35628.0,17814.0,1.7713916372495402,29.098491723922983,103204.83528044177,0.1948842798435394,0.0,0.0,1.0,inf,20113.0,inf,208.0,153.0,55.0,0.0,0.0,0.0,0.0,0.0,0.0
129.0,20272.0,56196.0,35924.0,17962.0,1.772099447513812,29.098491723922983,103204.83528044177,0.19642490533427287,0.0,0.0,1.0,inf,20272.0,inf,212.0,159.0,53.0,0.0,0.0,0.0,0.0,0.0,0.0
130.0,20439.0,56669.0,36230.0,18115.0,1.7725916140711384,29.098491723922983,103204.83528044177,0.1980430465729678,0.0,0.0,1.0,inf,20439.0,inf,213.0,167.0,46.0,0.0,0.0,0.0,0.0,0.0,0.0
131.0,20595.0,57097.0,36502.0,18251.0,1.772371934935664,29.098491723922983,103204.83528044177,0.19955460365821576,0.0,0.0,1.0,inf,20595.0,inf,209.0,156.0,53.0,0.0,0.0,0.0,0.0,0.0,0.0
132.0,20758.0,57540.0,36782.0,18391.0,1.7719433471432702,29.098491723922983,103204.83528044177,0.20113398702292998,0.0,0.0,1.0,inf,20758.0,inf,215.0,163.0,52.0,0.0,0.0,0.0,0.0,0.0,0.0
133.0,20940.0,58044.0,37104.0,18552.0,1.771919770773639,29.098491723922983,103204.83528044177,0.20289747028905258,0.0,0.0,1.0,inf,20940.0,inf,217.0,182.0,35.0,0.0,0.0,0.0,0.0,0.0,0.0
134.0,21102.0,58482.0,37380.0,18690.0,1.771396076201308,29.098491723922983,103204.83528044177,0.2044671641852716,0.0,0.0,1.0,inf,21102.0,inf,212.0,162.0,50.0,0.0,0.0,0.0,0.0,0.0,0.0
135.0,21256.0,58900.0,37644.0,18822.0,1.770982310876929,29.098491723922983,103204.83528044177,0.20595934233352922,0.0,0.0,1.0,inf,21256.0,inf,213.0,154.0,59.0,0.0,0.0,0.0,0.0,0.0,0.0
136.0,21417.0,59353.0,37936.0,18968.0,1.7713031703786712,29.285067765451394,105202.80252626658,0.20357822686950472,0.0,0.0,1.0,inf,21417.0,inf,213.0,161.0,52.0,0.0,0.0,0.0,0.0,0.0,0.0
137.0,21578.0,59808.0,38230.0,19115.0,1.7717119288163872,29.285067765451394,105202.80252626658,0.20510860435122438,0.0,0.0,1.0,inf,21578.0,inf,211.0,161.0,50.0,0.0,0.0,0.0,0.0,0.0,0.0
138.0,21739.0,60255.0,38516.0,19258.0,1.7717466304797829,29.285067765451394,105202.80252626658,0.20663898183294405,0.0,0.0,1.0,inf,21739.0,inf,216.0,161.0,55.0,0.0,0.0,0.0,0.0,0.0,0.0
139.0,21886.0,60654.0,38768.0,19384.0,1.7713606871972951,29.285067765451394,105202.80252626658,0.2080362830119055,0.0,0.0,1.0,inf,21886.0,inf,215.0,147.0,68.0,0.0,0.0,0.0,0.0,0.0,0.0
140.0,22049.0,61121.0,39072.0,19536.0,1.7720531543380653,29.451388315089922,107005.45672227933,0.20605491229504033,0.0,0.0,1.0,inf,22049.0,inf,215.0,163.0,52.0,0.0,0.0,0.0,0.0,0.0,0.0
141.0,22214.0,61582.0,39368.0,19684.0,1.772215719816332,29.451388315089922,107005.45672227933,0.2075968897329596,0.0,0.0,1.0,inf,22214.0,inf,214.0,165.0,49.0,0.0,0.0,0.0,0.0,0.0,0.0
142.0,22375.0,62043.0,39668.0,19834.0,1.7728715083798883,29.451388315089922,107005.45672227933,0.20910148589965655,0.0,0.0,1.0,inf,22375.0,inf,211.0,161.0,50.0,0.0,0.0,0.0,0.0,0.0,0.0
143.0,22533.0,62489.0,39956.0,19978.0,1.7732214973594285,29.451388315089922,107005.45672227933,0.21057804611293682,0.0,0.0,1.0,inf,22533.0,inf,216.0,158.0,58.0,0.0,0.0,0.0,0.0,0.0,0.0
144.0,22695.0,62951.0,40256.0,20128.0,1.7737827715355805,29.451388315089922,107005.45672227933,0.21209198759743936,0.0,0.0,1.0,inf,22695.0,inf,218.0,162.0,56.0,0.0,0.0,0.0,0.0,0.0,0.0
145.0,22855.0,63391.0,40536.0,20268.0,1.7736162765259242,29.451388315089922,107005.45672227933,0.21358723844633073,0.0,0.0,1.0,inf,22855.0,inf,214.0,160.0,54.0,0.0,0.0,0.0,0.0,0.0,0.0
146.0,23013.0,63821.0,40808.0,20404.0,1.7732585929691913,29.451388315089922,107005.45672227933,0.215063798659611,0.0,0.0,1.0,inf,23013.0,inf,216.0,158.0,58.0,0.0,0.0,0.0,0.0,0.0,0.0
147.0,23184.0,64300.0,41116.0,20558.0,1.7734644582470669,29.451388315089922,107005.45672227933,0.2166618480043637,0.0,0.0,1.0,inf,23184.0,inf,215.0,171.0,44.0,0.0,0.0,0.0,0.0,0.0,0.0
148.0,23342.0,64730.0,41388.0,20694.0,1.7731128438008739,29.451388315089922,107005.45672227933,0.21813840821764394,0.0,0.0,1.0,inf,23342.0,inf,217.0,158.0,59.0,0.0,0.0,0.0,0.0,0.0,0.0
149.0,23495.0,65151.0,41656.0,20828.0,1.772972972972973,29.451388315089922,107005.45672227933,0.21956824184189636,0.0,0.0,1.0,inf,23495.0,inf,211.0,153.0,58.0,0.0,0.0,0.0,0.0,0.0,0.0
150.0,23656.0,65608.0,41952.0,20976.0,1.77341900574907,30.073367401101258,113929.13219996904,0.20763784945257774,0.0,0.0,1.0,inf,23656.0,inf,216.0,161.0,55.0,0.0,0.0,0.0,0.0,0.0,0.0
151.0,23809.0,66039.0,42230.0,21115.0,1.7736990213784702,30.073367401101258,113929.13219996904,0.2089807895509141,0.0,0.0,1.0,inf,23809.0,inf,205.0,153.0,52.0,0.0,0.0,0.0,0.0,0.0,0.0
152.0,23965.0,66479.0,42514.0,21257.0,1.774003755476737,30.073367401101258,113929.13219996904,0.21035006180804133,0.0,0.0,1.0,inf,23965.0,inf,215.0,156.0,59.0,0.0,0.0,0.0,0.0,0.0,0.0
153.0,24130.0,66928.0,42798.0,21399.0,1.7736427683381684,30.073367401101258,113929.13219996904,0.21179833054154132,0.0,0.0,1.0,inf,24130.0,inf,214.0,165.0,49.0,0.0,0.0,0.0,0.0,0.0,0.0
154.0,24285.0,67359.0,43074.0,21537.0,1.7736874613959235,30.073367401101258,113929.13219996904,0.2131588254124049,0.0,0.0,1.0,inf,24285.0,inf,215.0,155.0,60.0,0.0,0.0,0.0,0.0,0.0,0.0
155.0,24452.0,67818.0,43366.0,21683.0,1.7735154588581712,30.073367401101258,113929.13219996904,0.21462464891843216,0.0,0.0,1.0,inf,24452.0,inf,212.0,167.0,45.0,0.0,0.0,0.0,0.0,0.0,0.0
156.0,24614.0,68264.0,43650.0,21825.0,1.7733810026814008,30.073367401101258,113929.13219996904,0.21604658549314124,0.0,0.0,1.0,inf,24614.0,inf,216.0,162.0,54.0,0.0,0.0,0.0,0.0,0.0,0.0
157.0,24770.0,68706.0,43936.0,21968.0,1.7737585789261203,30.073367401101258,113929.13219996904,0.21741585775026848,0.0,0.0,1.0,inf,24770.0,inf,212.0,156.0,56.0,0.0,0.0,0.0,0.0,0.0,0.0
158.0,24942.0,69176.0,44234.0,22117.0,1.7734744607489374,30.073367401101258,113929.13219996904,0.21892556818761388,0.0,0.0,1.0,inf,24942.0,inf,211.0,172.0,39.0,0.0,0.0,0.0,0.0,0.0,0.0
159.0,25105.0,69613.0,44508.0,22254.0,1.7728739294961162,30.073367401101258,113929.13219996904,0.2203562821485866,0.0,0.0,1.0,inf,25105.0,inf,214.0,163.0,51.0,0.0,0.0,0.0,0.0,0.0,0.0
160.0,25259.0,70037.0,44778.0,22389.0,1.7727542658062472,30.073367401101258,113929.13219996904,0.22170799963318658,0.0,0.0,1.0,inf,25259.0,inf,214.0,154.0,60.0,0.0,0.0,0.0,0.0,0.0,0.0
161.0,25412.0,70450.0,45038.0,22519.0,1.7723122934046907,30.073367401101258,113929.13219996904,0.2230509397315229,0.0,0.0,1.0,inf,25412.0,inf,217.0,153.0,64.0,0.0,0.0,0.0,0.0,0.0,0.0
162.0,25562.0,70868.0,45306.0,22653.0,1.77239652609342,30.073367401101258,113929.13219996904,0.22436754767106834,0.0,0.0,1.0,inf,25562.0,inf,218.0,150.0,68.0,0.0,0.0,0.0,0.0,0.0,0.0
163.0,25710.0,71276.0,45566.0,22783.0,1.7723064955270322,30.287564010572712,116380.88202500025,0.220912572173814,0.0,0.0,1.0,inf,25710.0,inf,212.0,148.0,64.0,0.0,0.0,0.0,0.0,0.0,0.0
164.0,25868.0,71700.0,45832.0,22916.0,1.7717643420442246,30.287564010572712,116380.88202500025,0.22227018346916455,0.0,0.0,1.0,inf,25868.0,inf,215.0,158.0,57.0,0.0,0.0,0.0,0.0,0.0,0.0
165.0,26014.0,72110.0,46096.0,23048.0,1.7719689398016452,30.287564010572712,116380.88202500025,0.22352468504588088,0.0,0.0,1.0,inf,26014.0,inf,218.0,146.0,72.0,0.0,0.0,0.0,0.0,0.0,0.0
166.0,26181.0,72589.0,46408.0,23204.0,1.7725831710018716,30.562898837584402,119583.77006019927,0.21893439207360924,0.0,0.0,1.0,inf,26181.0,inf,216.0,167.0,49.0,0.0,0.0,0.0,0.0,0.0,0.0
167.0,26345.0,73037.0,46692.0,23346.0,1.77232871512621,30.562898837584402,119583.77006019927,0.2203058156365011,0.0,0.0,1.0,inf,26345.0,inf,214.0,164.0,50.0,0.0,0.0,0.0,0.0,0.0,0.0
168.0,26509.0,73489.0,46980.0,23490.0,1.7722282998227017,30.562898837584402,119583.77006019927,0.22167723919939297,0.0,0.0,1.0,inf,26509.0,inf,211.0,164.0,47.0,0.0,0.0,0.0,0.0,0.0,0.0
169.0,26672.0,73944.0,47272.0,23636.0,1.7723455308938212,30.562898837584402,119583.77006019927,0.22304030042348671,0.0,0.0,1.0,inf,26672.0,inf,211.0,163.0,48.0,0.0,0.0,0.0,0.0,0.0,0.0
170.0,26814.0,74342.0,47528.0,23764.0,1.7725068993809203,30.562898837584402,119583.77006019927,0.2242277525328199,0.0,0.0,1.0,inf,26814.0,inf,210.0,142.0,68.0,0.0,0.0,0.0,0.0,0.0,0.0
171.0,26969.0,74771.0,47802.0,23901.0,1.7724795135155178,30.562898837584402,119583.77006019927,0.2255239150465287,0.0,0.0,1.0,inf,26969.0,inf,213.0,155.0,58.0,0.0,0.0,0.0,0.0,0.0,0.0
172.0,27110.0,75160.0,48050.0,24025.0,1.7724087052748063,30.562898837584402,119583.77006019927,0.22670300481706376,0.0,0.0,1.0,inf,27110.0,inf,209.0,141.0,68.0,0.0,0.0,0.0,0.0,0.0,0.0
173.0,27266.0,75582.0,48316.0,24158.0,1.772023765862246,30.562898837584402,119583.77006019927,0.22800752966957066,0.0,0.0,1.0,inf,27266.0,inf,213.0,156.0,57.0,0.0,0.0,0.0,0.0,0.0,0.0
174.0,27426.0,76034.0,48608.0,24304.0,1.7723328228688107,30.562898837584402,119583.77006019927,0.22934550387727004,0.0,0.0,1.0,inf,27426.0,inf,211.0,160.0,51.0,0.0,0.0,0.0,0.0,0.0,0.0
175.0,27569.0,76443.0,48874.0,24437.0,1.772788276687584,30.562898837584402,119583.77006019927,0.23054131832540137,0.0,0.0,1.0,inf,27569.0,inf,217.0,143.0,74.0,0.0,0.0,0.0,0.0,0.0,0.0
176.0,27727.0,76875.0,49148.0,24574.0,1.772568254769719,30.562898837584402,119583.77006019927,0.2318625678555045,0.0,0.0,1.0,inf,27727.0,inf,219.0,158.0,61.0,0.0,0.0,0.0,0.0,0.0,0.0
177.0,27887.0,77309.0,49422.0,24711.0,1.7722236167389824,30.594322638511706,119953.00612858408,0.2324827105217057,0.0,0.0,1.0,inf,27887.0,inf,214.0,160.0,54.0,0.0,0.0,0.0,0.0,0.0,0.0
178.0,28046.0,77754.0,49708.0,24854.0,1.772373957070527,30.594322638511706,119953.00612858408,0.2338082296156545,0.0,0.0,1.0,inf,28046.0,inf,217.0,159.0,58.0,0.0,0.0,0.0,0.0,0.0,0.0
179.0,28195.0,78177.0,49982.0,24991.0,1.7727256605781168,30.594322638511706,119953.00612858408,0.23505038272885187,0.0,0.0,1.0,inf,28195.0,inf,215.0,149.0,66.0,0.0,0.0,0.0,0.0,0.0,0.0
180.0,28367.0,78649.0,50282.0,25141.0,1.7725526139528325,31.089572694413384,125873.08265670856,0.22536192330623075,0.0,0.0,1.0,inf,28367.0,inf,214.0,172.0,42.0,0.0,0.0,0.0,0.0,0.0,0.0
181.0,28529.0,79109.0,50580.0,25290.0,1.7729328052157454,31.089572694413384,125873.08265670856,0.22664893397269564,0.0,0.0,1.0,inf,28529.0,inf,212.0,162.0,50.0,0.0,0.0,0.0,0.0,0.0,0.0
182.0,28683.0,79545.0,50862.0,25431.0,1.773245476414601,31.089572694413384,125873.08265670856,0.22787238855686598,0.0,0.0,1.0,inf,28683.0,inf,215.0,154.0,61.0,0.0,0.0,0.0,0.0,0.0,0.0
183.0,28824.0,79946.0,51122.0,25561.0,1.7735914515681377,31.089572694413384,125873.08265670856,0.22899256450730762,0.0,0.0,1.0,inf,28824.0,inf,215.0,141.0,74.0,0.0,0.0,0.0,0.0,0.0,0.0
184.0,28988.0,80400.0,51412.0,25706.0,1.7735614737132606,31.089572694413384,125873.08265670856,0.23029546419434616,0.0,0.0,1.0,inf,28988.0,inf,215.0,164.0,51.0,0.0,0.0,0.0,0.0,0.0,0.0
185.0,29152.0,80864.0,51712.0,25856.0,1.7738748627881449,31.089572694413384,125873.08265670856,0.2315983638813847,0.0,0.0,1.0,inf,29152.0,inf,214.0,164.0,50.0,0.0,0.0,0.0,0.0,0.0,0.0
186.0,29309.0,81301.0,51992.0,25996.0,1.773926097785663,31.194544966626644,127152.40361522562,0.23050291749648413,0.0,0.0,1.0,inf,29309.0,inf,213.0,157.0,56.0,0.0,0.0,0.0,0.0,0.0,0.0
187.0,29462.0,81724.0,52262.0,26131.0,1.7738782160070599,31.194544966626644,127152.40361522562,0.23170619793515354,0.0,0.0,1.0,inf,29462.0,inf,212.0,153.0,59.0,0.0,0.0,0.0,0.0,0.0,0.0
188.0,29617.0,82153.0,52536.0,26268.0,1.7738461019009353,31.194544966626644,127152.40361522562,0.232925207529884,0.0,0.0,1.0,inf,29617.0,inf,215.0,155.0,60.0,0.0,0.0,0.0,0.0,0.0,0.0
189.0,29770.0,82582.0,52812.0,26406.0,1.7740006718172656,31.194544966626644,127152.40361522562,0.23412848796855343,0.0,0.0,1.0,inf,29770.0,inf,214.0,153.0,61.0,0.0,0.0,0.0,0.0,0.0,0.0
190.0,29923.0,83011.0,53088.0,26544.0,1.7741536610633961,31.194544966626644,127152.40361522562,0.23533176840722286,0.0,0.0,1.0,inf,29923.0,inf,216.0,153.0,63.0,0.0,0.0,0.0,0.0,0.0,0.0
191.0,30069.0,83409.0,53340.0,26670.0,1.7739199840367155,31.194544966626644,127152.40361522562,0.23647999679967863,0.0,0.0,1.0,inf,30069.0,inf,215.0,146.0,69.0,0.0,0.0,0.0,0.0,0.0,0.0
192.0,30234.0,83862.0,53628.0,26814.0,1.7737646358404446,31.194544966626644,127152.40361522562,0.23777765217471428,0.0,0.0,1.0,inf,30234.0,inf,217.0,165.0,52.0,0.0,0.0,0.0,0.0,0.0,0.0
193.0,30380.0,84270.0,53890.0,26945.0,1.7738643844634627,31.194544966626644,127152.40361522562,0.23892588056717007,0.0,0.0,1.0,inf,30380.0,inf,216.0,146.0,70.0,0.0,0.0,0.0,0.0,0.0,0.0
194.0,30528.0,84670.0,54142.0,27071.0,1.773519392033543,31.209508876337335,127335.47504185265,0.23974465866614195,0.0,0.0,1.0,inf,30528.0,inf,216.0,148.0,68.0,0.0,0.0,0.0,0.0,0.0,0.0
195.0,30685.0,85109.0,54424.0,27212.0,1.77363532670686,31.44277202075801,130212.0240519351,0.23565412045020726,0.0,0.0,1.0,inf,30685.0,inf,216.0,157.0,59.0,0.0,0.0,0.0,0.0,0.0,0.0
196.0,30833.0,85527.0,54694.0,27347.0,1.7738786365258004,31.44277202075801,130212.0240519351,0.23679072823337918,0.0,0.0,1.0,inf,30833.0,inf,213.0,148.0,65.0,0.0,0.0,0.0,0.0,0.0,0.0
197.0,30989.0,85959.0,54970.0,27485.0,1.7738552389557585,31.44277202075801,130212.0240519351,0.23798877427510096,0.0,0.0,1.0,inf,30989.0,inf,214.0,156.0,58.0,0.0,0.0,0.0,0.0,0.0,0.0
198.0,31136.0,86362.0,55226.0,27613.0,1.77370246659815,31.74675059970125,134025.1956712487,0.23231452745925255,0.0,0.0,1.0,inf,31136.0,inf,213.0,147.0,66.0,0.0,0.0,0.0,0.0,0.0,0.0
199.0,31290.0,86796.0,55506.0,27753.0,1.77392138063279,31.74675059970125,134025.1956712487,0.23346356514003125,0.0,0.0,1.0,inf,31290.0,inf,211.0,154.0,57.0,0.0,0.0,0.0,0.0,0.0,0.0
200.0,31452.0,87262.0,55810.0,27905.0,1.7744499554877273,31.74675059970125,134025.1956712487,0.23467229308994128,0.0,0.0,1.0,inf,31452.0,inf,212.0,162.0,50.0,0.0,0.0,0.0,0.0,0.0,0.0
201.0,31614.0,87718.0,56104.0,28052.0,1.774656797621307,32.26497898720926,140696.3299716592,0.2246966925602685,0.0,0.0,1.0,inf,31614.0,inf,212.0,162.0,50.0,0.0,0.0,0.0,0.0,0.0,0.0
202.0,31778.0,88184.0,56406.0,28203.0,1.7750015734155704,32.26497898720926,140696.3299716592,0.2258623235332515,0.0,0.0,1.0,inf,31778.0,inf,212.0,164.0,48.0,0.0,0.0,0.0,0.0,0.0,0.0
203.0,31933.0,88623.0,56690.0,28345.0,1.7752794914351924,32.26497898720926,140696.3299716592,0.22696398695283906,0.0,0.0,1.0,inf,31933.0,inf,204.0,155.0,49.0,0.0,0.0,0.0,0.0,0.0,0.0
204.0,32102.0,89110.0,57008.0,28504.0,1.7758395115569123,32.26497898720926,140696.3299716592,0.22816515545548618,0.0,0.0,1.0,inf,32102.0,inf,213.0,169.0,44.0,0.0,0.0,0.0,0.0,0.0,0.0
205.0,32271.0,89591.0,57320.0,28660.0,1.7762077406959809,32.26497898720926,140696.3299716592,0.22936632395813328,0.0,0.0,1.0,inf,32271.0,inf,214.0,169.0,45.0,0.0,0.0,0.0,0.0,0.0,0.0
206.0,32438.0,90060.0,57622.0,28811.0,1.776373389234848,32.26497898720926,140696.3299716592,0.2305532774489147,0.0,0.0,1.0,inf,32438.0,inf,215.0,167.0,48.0,0.0,0.0,0.0,0.0,0.0,0.0
207.0,32606.0,90542.0,57936.0,28968.0,1.7768508863399375,32.26497898720926,140696.3299716592,0.231747338445629,0.0,0.0,1.0,inf,32606.0,inf,216.0,168.0,48.0,0.0,0.0,0.0,0.0,0.0,0.0
208.0,32759.0,90977.0,58218.0,29109.0,1.7771604749839738,32.26497898720926,140696.3299716592,0.23283478685335093,0.0,0.0,1.0,inf,32759.0,inf,212.0,153.0,59.0,0.0,0.0,0.0,0.0,0.0,0.0
209.0,32926.0,91452.0,58526.0,29263.0,1.7775010629897345,32.26497898720926,140696.3299716592,0.2340217403441324,0.0,0.0,1.0,inf,32926.0,inf,215.0,167.0,48.0,0.0,0.0,0.0,0.0,0.0,0.0
210.0,33095.0,91937.0,58842.0,29421.0,1.777972503399305,32.4695370520808,143389.3509458393,0.23080514544277814,0.0,0.0,1.0,inf,33095.0,inf,212.0,169.0,43.0,0.0,0.0,0.0,0.0,0.0,0.0
211.0,33258.0,92400.0,59142.0,29571.0,1.7782789103373624,32.4695370520808,143389.3509458393,0.23194191047396634,0.0,0.0,1.0,inf,33258.0,inf,213.0,163.0,50.0,0.0,0.0,0.0,0.0,0.0,0.0
212.0,33430.0,92894.0,59464.0,29732.0,1.7787615913849835,32.4695370520808,143389.3509458393,0.23314144167252074,0.0,0.0,1.0,inf,33430.0,inf,215.0,172.0,43.0,0.0,0.0,0.0,0.0,0.0,0.0
213.0,33595.0,93353.0,59758.0,29879.0,1.7787766036612591,32.4695370520808,143389.3509458393,0.2342921547409014,0.0,0.0,1.0,inf,33595.0,inf,211.0,165.0,46.0,0.0,0.0,0.0,0.0,0.0,0.0
214.0,33760.0,93810.0,60050.0,30025.0,1.7787322274881516,32.4695370520808,143389.3509458393,0.23544286780928209,0.0,0.0,1.0,inf,33760.0,inf,215.0,165.0,50.0,0.0,0.0,0.0,0.0,0.0,0.0
215.0,33927.0,94281.0,60354.0,30177.0,1.7789371297196923,32.49073424775244,143670.36235771474,0.23614473746177062,0.0,0.0,1.0,inf,33927.0,inf,213.0,167.0,46.0,0.0,0.0,0.0,0.0,0.0,0.0
216.0,34083.0,94717.0,60634.0,30317.0,1.7790100636681043,32.49073424775244,143670.36235771474,0.23723055639784033,0.0,0.0,1.0,inf,34083.0,inf,212.0,156.0,56.0,0.0,0.0,0.0,0.0,0.0,0.0
217.0,34242.0,95156.0,60914.0,30457.0,1.7789264645756673,32.49073424775244,143670.36235771474,0.23833725646729595,0.0,0.0,1.0,inf,34242.0,inf,215.0,159.0,56.0,0.0,0.0,0.0,0.0,0.0,0.0
218.0,34407.0,95609.0,61202.0,30601.0,1.7787659487894905,32.49073424775244,143670.36235771474,0.2394857188035235,0.0,0.0,1.0,inf,34407.0,inf,215.0,165.0,50.0,0.0,0.0,0.0,0.0,0.0,0.0
219.0,34574.0,96064.0,61490.0,30745.0,1.7785040782090589,32.49073424775244,143670.36235771474,0.2406481018953417,0.0,0.0,1.0,inf,34574.0,inf,213.0,167.0,46.0,0.0,0.0,0.0,0.0,0.0,0.0
220.0,34735.0,96507.0,61772.0,30886.0,1.7783791564704188,32.49073424775244,143670.36235771474,0.24176872272038796,0.0,0.0,1.0,inf,34735.0,inf,213.0,161.0,52.0,0.0,0.0,0.0,0.0,0.0,0.0
221.0,34890.0,96946.0,62056.0,31028.0,1.7786185153339065,32.49073424775244,143670.36235771474,0.24284758127866235,0.0,0.0,1.0,inf,34890.0,inf,214.0,155.0,59.0,0.0,0.0,0.0,0.0,0.0,0.0
222.0,35053.0,97415.0,62362.0,31181.0,1.779077397084415,32.62714984245892,145487.6140810651,0.24093459928807828,0.0,0.0,1.0,inf,35053.0,inf,216.0,163.0,53.0,0.0,0.0,0.0,0.0,0.0,0.0
223.0,35218.0,97874.0,62656.0,31328.0,1.7790902379465046,32.62714984245892,145487.6140810651,0.24206871645016237,0.0,0.0,1.0,inf,35218.0,inf,216.0,165.0,51.0,0.0,0.0,0.0,0.0,0.0,0.0
224.0,35373.0,98309.0,62936.0,31468.0,1.7792101320215985,32.853824763563466,148541.02567419058,0.2381362309803019,0.0,0.0,1.0,inf,35373.0,inf,211.0,155.0,56.0,0.0,0.0,0.0,0.0,0.0,0.0
225.0,35544.0,98780.0,63236.0,31618.0,1.7790907044789557,32.853824763563466,148541.02567419058,0.23928742809385267,0.0,0.0,1.0,inf,35544.0,inf,215.0,171.0,44.0,0.0,0.0,0.0,0.0,0.0,0.0
226.0,35712.0,99240.0,63528.0,31764.0,1.7788978494623655,32.853824763563466,148541.02567419058,0.24041842876681482,0.0,0.0,1.0,inf,35712.0,inf,210.0,168.0,42.0,0.0,0.0,0.0,0.0,0.0,0.0
227.0,35880.0,99722.0,63842.0,31921.0,1.779319955406912,32.853824763563466,148541.02567419058,0.241549429439777,0.0,0.0,1.0,inf,35880.0,inf,214.0,168.0,46.0,0.0,0.0,0.0,0.0,0.0,0.0
228.0,36044.0,100184.0,64140.0,32070.0,1.7794917323271557,32.853824763563466,148541.02567419058,0.2426535015252877,0.0,0.0,1.0,inf,36044.0,inf,214.0,164.0,50.0,0.0,0.0,0.0,0.0,0.0,0.0
229.0,36194.0,100600.0,64406.0,32203.0,1.779466209869039,32.853824763563466,148541.02567419058,0.2436633235547182,0.0,0.0,1.0,inf,36194.0,inf,208.0,150.0,58.0,0.0,0.0,0.0,0.0,0.0,0.0
230.0,36360.0,101064.0,64704.0,32352.0,1.7795379537953795,32.853824763563466,148541.02567419058,0.24478085993395463,0.0,0.0,1.0,inf,36360.0,inf,217.0,166.0,51.0,0.0,0.0,0.0,0.0,0.0,0.0
231.0,36532.0,101550.0,65018.0,32509.0,1.779754735574291,33.23061154060154,153710.52653116055,0.23766752235146466,0.0,0.0,1.0,inf,36532.0,inf,217.0,172.0,45.0,0.0,0.0,0.0,0.0,0.0,0.0
232.0,36683.0,101977.0,65294.0,32647.0,1.7799525665839762,33.23061154060154,153710.52653116055,0.2386498883833017,0.0,0.0,1.0,inf,36683.0,inf,209.0,151.0,58.0,0.0,0.0,0.0,0.0,0.0,0.0
233.0,36855.0,102467.0,65612.0,32806.0,1.7802740469407137,33.23061154060154,153710.52653116055,0.23976887485665252,0.0,0.0,1.0,inf,36855.0,inf,215.0,172.0,43.0,0.0,0.0,0.0,0.0,0.0,0.0
234.0,37026.0,102944.0,65918.0,32959.0,1.7803165343272296,33.23061154060154,153710.52653116055,0.24088135559469315,0.0,0.0,1.0,inf,37026.0,inf,215.0,171.0,44.0,0.0,0.0,0.0,0.0,0.0,0.0
235.0,37189.0,103401.0,66212.0,33106.0,1.7804189410847293,33.23061154060154,153710.52653116055,0.24194179045025235,0.0,0.0,1.0,inf,37189.0,inf,215.0,163.0,52.0,0.0,0.0,0.0,0.0,0.0,0.0
236.0,37341.0,103831.0,66490.0,33245.0,1.780616480544174,33.23061154060154,153710.52653116055,0.2429306622173996,0.0,0.0,1.0,inf,37341.0,inf,210.0,152.0,58.0,0.0,0.0,0.0,0.0,0.0,0.0
237.0,37517.0,104309.0,66792.0,33396.0,1.7803129248074205,33.23061154060154,153710.52653116055,0.24407567163199112,0.0,0.0,1.0,inf,37517.0,inf,216.0,176.0,40.0,0.0,0.0,0.0,0.0,0.0,0.0
238.0,37680.0,104760.0,67080.0,33540.0,1.7802547770700636,33.23061154060154,153710.52653116055,0.24513610648755033,0.0,0.0,1.0,inf,37680.0,inf,212.0,163.0,49.0,0.0,0.0,0.0,0.0,0.0,0.0
239.0,37837.0,105195.0,67358.0,33679.0,1.7802151333350953,33.23061154060154,153710.52653116055,0.24615750693124844,0.0,0.0,1.0,inf,37837.0,inf,213.0,157.0,56.0,0.0,0.0,0.0,0.0,0.0,0.0
240.0,38009.0,105679.0,67670.0,33835.0,1.78036780762451,33.23061154060154,153710.52653116055,0.24727649340459926,0.0,0.0,1.0,inf,38009.0,inf,215.0,172.0,43.0,0.0,0.0,0.0,0.0,0.0,0.0
241.0,38166.0,106114.0,67948.0,33974.0,1.7803280406644657,33.23061154060154,153710.52653116055,0.24829789384829737,0.0,0.0,1.0,inf,38166.0,inf,209.0,157.0,52.0,0.0,0.0,0.0,0.0,0.0,0.0
242.0,38333.0,106585.0,68252.0,34126.0,1.7805024391516449,33.23061154060154,153710.52653116055,0.2493843516450973,0.0,0.0,1.0,inf,38333.0,inf,216.0,167.0,49.0,0.0,0.0,0.0,0.0,0.0,0.0
243.0,38493.0,107033.0,68540.0,34270.0,1.7805834827111422,33.23061154060154,153710.52653116055,0.25042526929472597,0.0,0.0,1.0,inf,38493.0,inf,217.0,160.0,57.0,0.0,0.0,0.0,0.0,0.0,0.0
244.0,38658.0,107490.0,68832.0,34416.0,1.780537016917585,33.23061154060154,153710.52653116055,0.25149871562090553,0.0,0.0,1.0,inf,38658.0,inf,218.0,165.0,53.0,0.0,0.0,0.0,0.0,0.0,0.0
245.0,38806.0,107900.0,69094.0,34547.0,1.7804978611554914,33.23061154060154,153710.52653116055,0.25246156444681206,0.0,0.0,1.0,inf,38806.0,inf,214.0,148.0,66.0,0.0,0.0,0.0,0.0,0.0,0.0
246.0,38968.0,108366.0,69398.0,34699.0,1.780897146376514,33.23061154060154,153710.52653116055,0.25351549356706105,0.0,0.0,1.0,inf,38968.0,inf,219.0,162.0,57.0,0.0,0.0,0.0,0.0,0.0,0.0
247.0,39127.0,108805.0,69678.0,34839.0,1.7808163160988575,33.23061154060154,153710.52653116055,0.25454990548137957,0.0,0.0,1.0,inf,39127.0,inf,217.0,159.0,58.0,0.0,0.0,0.0,0.0,0.0,0.0
248.0,39274.0,109208.0,69934.0,34967.0,1.7806691449814127,33.23061154060154,153710.52653116055,0.2555062485719759,0.0,0.0,1.0,inf,39274.0,inf,214.0,147.0,67.0,0.0,0.0,0.0,0.0,0.0,0.0
249.0,39441.0,109673.0,70232.0,35116.0,1.7806850739078623,34.0206392638822,164936.21314704148,0.23912880772179573,0.0,0.0,1.0,inf,39441.0,inf,216.0,167.0,49.0,0.0,0.0,0.0,0.0,0.0,0.0
250.0,39616.0,110166.0,70550.0,35275.0,1.7808461227786754,34.0206392638822,164936.21314704148,0.24018982395747218,0.0,0.0,1.0,inf,39616.0,inf,210.0,175.0,35.0,0.0,0.0,0.0,0.0,0.0,0.0
251.0,39787.0,110651.0,70864.0,35432.0,1.7810842737577601,34.0206392638822,164936.21314704148,0.24122658839347602,0.0,0.0,1.0,inf,39787.0,inf,211.0,171.0,40.0,0.0,0.0,0.0,0.0,0.0,0.0
252.0,39953.0,111121.0,71168.0,35584.0,1.7812930192976748,34.0206392638822,164936.21314704148,0.24223303807988908,0.0,0.0,1.0,inf,39953.0,inf,215.0,166.0,49.0,0.0,0.0,0.0,0.0,0.0,0.0
253.0,40119.0,111595.0,71476.0,35738.0,1.7815997407712056,34.53382023357085,172513.25960210484,0.23255603709844055,0.0,0.0,1.0,inf,40119.0,inf,211.0,166.0,45.0,0.0,0.0,0.0,0.0,0.0,0.0
254.0,40286.0,112076.0,71790.0,35895.0,1.7820086382366083,34.53382023357085,172513.25960210484,0.23352407862977084,0.0,0.0,1.0,inf,40286.0,inf,206.0,167.0,39.0,0.0,0.0,0.0,0.0,0.0,0.0
255.0,40450.0,112550.0,72100.0,36050.0,1.7824474660074165,34.53382023357085,172513.25960210484,0.23447473019347242,0.0,0.0,1.0,inf,40450.0,inf,213.0,164.0,49.0,0.0,0.0,0.0,0.0,0.0,0.0
256.0,40612.0,112988.0,72376.0,36188.0,1.7821333595981483,34.53382023357085,172513.25960210484,0.23541378844542157,0.0,0.0,1.0,inf,40612.0,inf,210.0,162.0,48.0,0.0,0.0,0.0,0.0,0.0,0.0
257.0,40787.0,113487.0,72700.0,36350.0,1.782430676441023,34.53382023357085,172513.25960210484,0.23642820322376168,0.0,0.0,1.0,inf,40787.0,inf,212.0,175.0,37.0,0.0,0.0,0.0,0.0,0.0,0.0
258.0,40960.0,113974.0,73014.0,36507.0,1.782568359375,34.53382023357085,172513.25960210484,0.23743102469034935,0.0,0.0,1.0,inf,40960.0,inf,207.0,173.0,34.0,0.0,0.0,0.0,0.0,0.0,0.0
259.0,41129.0,114437.0,73308.0,36654.0,1.782391986189793,34.53382023357085,172513.25960210484,0.23841065953343207,0.0,0.0,1.0,inf,41129.0,inf,214.0,169.0,45.0,0.0,0.0,0.0,0.0,0.0,0.0
260.0,41298.0,114904.0,73606.0,36803.0,1.7823139135067074,34.53382023357085,172513.25960210484,0.23939029437651482,0.0,0.0,1.0,inf,41298.0,inf,212.0,169.0,43.0,0.0,0.0,0.0,0.0,0.0,0.0
261.0,41465.0,115385.0,73920.0,36960.0,1.7827083082117448,34.53382023357085,172513.25960210484,0.2403583359078451,0.0,0.0,1.0,inf,41465.0,inf,217.0,167.0,50.0,0.0,0.0,0.0,0.0,0.0,0.0
262.0,41621.0,115831.0,74210.0,37105.0,1.782994161601115,34.53382023357085,172513.25960210484,0.24126261422453688,0.0,0.0,1.0,inf,41621.0,inf,209.0,156.0,53.0,0.0,0.0,0.0,0.0,0.0,0.0
263.0,41772.0,116246.0,74474.0,37237.0,1.7828689074020876,34.53382023357085,172513.25960210484,0.24213790926184747,0.0,0.0,1.0,inf,41772.0,inf,214.0,151.0,63.0,0.0,0.0,0.0,0.0,0.0,0.0
264.0,41930.0,116684.0,74754.0,37377.0,1.7828285237300263,34.53382023357085,172513.25960210484,0.2430537808902917,0.0,0.0,1.0,inf,41930.0,inf,212.0,158.0,54.0,0.0,0.0,0.0,0.0,0.0,0.0
265.0,42091.0,117139.0,75048.0,37524.0,1.7829939892138462,34.53382023357085,172513.25960210484,0.2439870424863646,0.0,0.0,1.0,inf,42091.0,inf,210.0,161.0,49.0,0.0,0.0,0.0,0.0,0.0,0.0
266.0,42257.0,117603.0,75346.0,37673.0,1.7830418628866223,34.53382023357085,172513.25960210484,0.24494928736181865,0.0,0.0,1.0,inf,42257.0,inf,216.0,166.0,50.0,0.0,0.0,0.0,0.0,0.0,0.0
267.0,42426.0,118066.0,75640.0,37820.0,1.7828689954273322,34.53382023357085,172513.25960210484,0.2459289222049014,0.0,0.0,1.0,inf,42426.0,inf,215.0,169.0,46.0,0.0,0.0,0.0,0.0,0.0,0.0
268.0,42600.0,118556.0,75956.0,37978.0,1.7830046948356808,34.53382023357085,172513.25960210484,0.24693754032736528,0.0,0.0,1.0,inf,42600.0,inf,211.0,174.0,37.0,0.0,0.0,0.0,0.0,0.0,0.0
269.0,42763.0,119015.0,76252.0,38126.0,1.7831302761733274,34.53382023357085,172513.25960210484,0.24788239523519065,0.0,0.0,1.0,inf,42763.0,inf,211.0,163.0,48.0,0.0,0.0,0.0,0.0,0.0,0.0
270.0,42932.0,119488.0,76556.0,38278.0,1.7831920245970372,34.53382023357085,172513.25960210484,0.2488620300782734,0.0,0.0,1.0,inf,42932.0,inf,215.0,169.0,46.0,0.0,0.0,0.0,0.0,0.0,0.0
271.0,43095.0,119933.0,76838.0,38419.0,1.7829910662489847,34.64315501424623,174156.9942501634,0.24744914888745312,0.0,0.0,1.0,inf,43095.0,inf,210.0,163.0,47.0,0.0,0.0,0.0,0.0,0.0,0.0
272.0,43255.0,120375.0,77120.0,38560.0,1.782915269910993,34.64315501424623,174156.9942501634,0.24836786019553972,0.0,0.0,1.0,inf,43255.0,inf,214.0,160.0,54.0,0.0,0.0,0.0,0.0,0.0,0.0
273.0,43429.0,120845.0,77416.0,38708.0,1.7825876718321858,34.64315501424623,174156.9942501634,0.2493669587430839,0.0,0.0,1.0,inf,43429.0,inf,216.0,174.0,42.0,0.0,0.0,0.0,0.0,0.0,0.0
274.0,43597.0,121311.0,77714.0,38857.0,1.7825538454480814,34.64315501424623,174156.9942501634,0.25033160561657486,0.0,0.0,1.0,inf,43597.0,inf,214.0,168.0,46.0,0.0,0.0,0.0,0.0,0.0,0.0
275.0,43770.0,121788.0,78018.0,39009.0,1.7824537354352297,34.64315501424623,174156.9942501634,0.2513249622184435,0.0,0.0,1.0,inf,43770.0,inf,218.0,173.0,45.0,0.0,0.0,0.0,0.0,0.0,0.0
276.0,43927.0,122207.0,78280.0,39140.0,1.7820474878776151,34.64315501424623,174156.9942501634,0.2522264476895035,0.0,0.0,1.0,inf,43927.0,inf,214.0,157.0,57.0,0.0,0.0,0.0,0.0,0.0,0.0
277.0,44081.0,122637.0,78556.0,39278.0,1.7820829835983758,34.64315501424623,174156.9942501634,0.25311070732353685,0.0,0.0,1.0,inf,44081.0,inf,215.0,154.0,61.0,0.0,0.0,0.0,0.0,0.0,0.0
278.0,44252.0,123128.0,78876.0,39438.0,1.7824279128626954,34.64315501424623,174156.9942501634,0.25409258003405444,0.0,0.0,1.0,inf,44252.0,inf,216.0,171.0,45.0,0.0,0.0,0.0,0.0,0.0,0.0
279.0,44414.0,123580.0,79166.0,39583.0,1.7824559823479083,34.64315501424623,174156.9942501634,0.2550227752334921,0.0,0.0,1.0,inf,44414.0,inf,211.0,162.0,49.0,0.0,0.0,0.0,0.0,0.0,0.0
280.0,44579.0,124045.0,79466.0,39733.0,1.7825882141815652,34.64315501424623,174156.9942501634,0.25597019626995643,0.0,0.0,1.0,inf,44579.0,inf,215.0,165.0,50.0,0.0,0.0,0.0,0.0,0.0,0.0
281.0,44745.0,124497.0,79752.0,39876.0,1.782366744887697,34.64315501424623,174156.9942501634,0.2569233592520963,0.0,0.0,1.0,inf,44745.0,inf,217.0,166.0,51.0,0.0,0.0,0.0,0.0,0.0,0.0
282.0,44899.0,124923.0,80024.0,40012.0,1.782311410053676,34.64315501424623,174156.9942501634,0.25780761888612963,0.0,0.0,1.0,inf,44899.0,inf,213.0,154.0,59.0,0.0,0.0,0.0,0.0,0.0,0.0
283.0,45052.0,125354.0,80302.0,40151.0,1.7824291929326113,34.64315501424623,174156.9942501634,0.25868613657448747,0.0,0.0,1.0,inf,45052.0,inf,216.0,153.0,63.0,0.0,0.0,0.0,0.0,0.0,0.0
284.0,45208.0,125780.0,80572.0,40286.0,1.7822509290391082,34.64315501424623,174156.9942501634,0.25958188009987193,0.0,0.0,1.0,inf,45208.0,inf,214.0,156.0,58.0,0.0,0.0,0.0,0.0,0.0,0.0
285.0,45362.0,126208.0,80846.0,40423.0,1.782240641947004,34.64315501424623,174156.9942501634,0.26046613973390526,0.0,0.0,1.0,inf,45362.0,inf,217.0,154.0,63.0,0.0,0.0,0.0,0.0,0.0,0.0
286.0,45520.0,126642.0,81122.0,40561.0,1.7821177504393673,34.64315501424623,174156.9942501634,0.2613733671506408,0.0,0.0,1.0,inf,45520.0,inf,217.0,158.0,59.0,0.0,0.0,0.0,0.0,0.0,0.0
287.0,45678.0,127072.0,81394.0,40697.0,1.7819081395857963,34.64315501424623,174156.9942501634,0.26228059456737635,0.0,0.0,1.0,inf,45678.0,inf,219.0,158.0,61.0,0.0,0.0,0.0,0.0,0.0,0.0
288.0,45834.0,127500.0,81666.0,40833.0,1.7817777195968059,34.64315501424623,174156.9942501634,0.26317633809276075,0.0,0.0,1.0,inf,45834.0,inf,217.0,156.0,61.0,0.0,0.0,0.0,0.0,0.0,0.0
289.0,45988.0,127934.0,81946.0,40973.0,1.7818996259893884,34.64315501424623,174156.9942501634,0.26406059772679413,0.0,0.0,1.0,inf,45988.0,inf,212.0,154.0,58.0,0.0,0.0,0.0,0.0,0.0,0.0
290.0,46155.0,128395.0,82240.0,41120.0,1.781822121113639,34.64315501424623,174156.9942501634,0.26501950265460955,0.0,0.0,1.0,inf,46155.0,inf,214.0,167.0,47.0,0.0,0.0,0.0,0.0,0.0,0.0
291.0,46317.0,128835.0,82518.0,41259.0,1.7815920720253902,35.2402030213736,183317.452997133,0.25266006723715706,0.0,0.0,1.0,inf,46317.0,inf,220.0,162.0,58.0,0.0,0.0,0.0,0.0,0.0,0.0
292.0,46479.0,129287.0,82808.0,41404.0,1.7816218076981003,35.2402030213736,183317.452997133,0.2535437801480196,0.0,0.0,1.0,inf,46479.0,inf,217.0,162.0,55.0,0.0,0.0,0.0,0.0,0.0,0.0
293.0,46643.0,129745.0,83102.0,41551.0,1.7816606993546726,35.2402030213736,183317.452997133,0.2544384030948187,0.0,0.0,1.0,inf,46643.0,inf,217.0,164.0,53.0,0.0,0.0,0.0,0.0,0.0,0.0
294.0,46803.0,130203.0,83400.0,41700.0,1.781937055316967,35.2402030213736,183317.452997133,0.2553112059697446,0.0,0.0,1.0,inf,46803.0,inf,214.0,160.0,54.0,0.0,0.0,0.0,0.0,0.0,0.0
295.0,46962.0,130644.0,83682.0,41841.0,1.7819087773093139,35.2402030213736,183317.452997133,0.2561785538267023,0.0,0.0,1.0,inf,46962.0,inf,213.0,159.0,54.0,0.0,0.0,0.0,0.0,0.0,0.0
296.0,47138.0,131134.0,83996.0,41998.0,1.7819169247740676,35.2402030213736,183317.452997133,0.2571386369891208,0.0,0.0,1.0,inf,47138.0,inf,217.0,176.0,41.0,0.0,0.0,0.0,0.0,0.0,0.0
297.0,47301.0,131589.0,84288.0,42144.0,1.7819496416566245,35.2402030213736,183317.452997133,0.25802780491795163,0.0,0.0,1.0,inf,47301.0,inf,215.0,163.0,52.0,0.0,0.0,0.0,0.0,0.0,0.0
298.0,47459.0,132029.0,84570.0,42285.0,1.781959164752734,35.2402030213736,183317.452997133,0.258889697756941,0.0,0.0,1.0,inf,47459.0,inf,215.0,158.0,57.0,0.0,0.0,0.0,0.0,0.0,0.0
299.0,47618.0,132454.0,84836.0,42418.0,1.781595195094292,35.2402030213736,183317.452997133,0.2597570456138987,0.0,0.0,1.0,inf,47618.0,inf,212.0,159.0,53.0,0.0,0.0,0.0,0.0,0.0,0.0
300.0,47783.0,132917.0,85134.0,42567.0,1.7816796768725278,35.2402030213736,183317.452997133,0.26065712357866605,0.0,0.0,1.0,inf,47783.0,inf,217.0,165.0,52.0,0.0,0.0,0.0,0.0,0.0,0.0
301.0,47938.0,133350.0,85412.0,42706.0,1.7817180524844591,35.2402030213736,183317.452997133,0.26150265136375056,0.0,0.0,1.0,inf,47938.0,inf,216.0,155.0,61.0,0.0,0.0,0.0,0.0,0.0,0.0
302.0,48098.0,133792.0,85694.0,42847.0,1.7816541228325502,35.2402030213736,183317.452997133,0.26237545423867653,0.0,0.0,1.0,inf,48098.0,inf,217.0,160.0,57.0,0.0,0.0,0.0,0.0,0.0,0.0
303.0,48255.0,134229.0,85974.0,42987.0,1.7816599316133044,35.2402030213736,183317.452997133,0.2632318920596976,0.0,0.0,1.0,inf,48255.0,inf,213.0,157.0,56.0,0.0,0.0,0.0,0.0,0.0,0.0
304.0,48407.0,134651.0,86244.0,43122.0,1.7816431507839776,35.2402030213736,183317.452997133,0.26406105479087727,0.0,0.0,1.0,inf,48407.0,inf,216.0,152.0,64.0,0.0,0.0,0.0,0.0,0.0,0.0
305.0,48580.0,135118.0,86538.0,43269.0,1.7813503499382461,35.4610106358669,186784.97374597695,0.2600851611654138,0.0,0.0,1.0,inf,48580.0,inf,220.0,173.0,47.0,0.0,0.0,0.0,0.0,0.0,0.0
306.0,48754.0,135602.0,86848.0,43424.0,1.7813512737416417,36.014348440051336,195665.96787256753,0.24916954404535127,0.0,0.0,1.0,inf,48754.0,inf,217.0,174.0,43.0,0.0,0.0,0.0,0.0,0.0,0.0
307.0,48910.0,136044.0,87134.0,43567.0,1.7815170721733797,36.014348440051336,195665.96787256753,0.24996682116868627,0.0,0.0,1.0,inf,48910.0,inf,216.0,156.0,60.0,0.0,0.0,0.0,0.0,0.0,0.0
308.0,49074.0,136500.0,87426.0,43713.0,1.7815136324734075,36.014348440051336,195665.96787256753,0.25080498429834613,0.0,0.0,1.0,inf,49074.0,inf,214.0,164.0,50.0,0.0,0.0,0.0,0.0,0.0,0.0
309.0,49235.0,136951.0,87716.0,43858.0,1.7815781456281101,36.014348440051336,195665.96787256753,0.2516278151756342,0.0,0.0,1.0,inf,49235.0,inf,214.0,161.0,53.0,0.0,0.0,0.0,0.0,0.0,0.0
310.0,49391.0,137397.0,88006.0,44003.0,1.7818225992589742,36.014348440051336,195665.96787256753,0.2524250922989692,0.0,0.0,1.0,inf,49391.0,inf,214.0,156.0,58.0,0.0,0.0,0.0,0.0,0.0,0.0
311.0,49554.0,137850.0,88296.0,44148.0,1.781813778907858,36.014348440051336,195665.96787256753,0.25325814467783847,0.0,0.0,1.0,inf,49554.0,inf,216.0,163.0,53.0,0.0,0.0,0.0,0.0,0.0,0.0
312.0,49716.0,138316.0,88600.0,44300.0,1.78212245554751,36.014348440051336,195665.96787256753,0.2540860863059171,0.0,0.0,1.0,inf,49716.0,inf,214.0,162.0,52.0,0.0,0.0,0.0,0.0,0.0,0.0
313.0,49870.0,138750.0,88880.0,44440.0,1.7822338079005413,36.014348440051336,195665.96787256753,0.2548731419276709,0.0,0.0,1.0,inf,49870.0,inf,211.0,154.0,57.0,0.0,0.0,0.0,0.0,0.0,0.0
314.0,50030.0,139204.0,89174.0,44587.0,1.7824105536677992,36.014348440051336,195665.96787256753,0.25569086205416836,0.0,0.0,1.0,inf,50030.0,inf,216.0,160.0,56.0,0.0,0.0,0.0,0.0,0.0,0.0
315.0,50189.0,139653.0,89464.0,44732.0,1.782541991272988,36.014348440051336,195665.96787256753,0.2565034714298752,0.0,0.0,1.0,inf,50189.0,inf,219.0,159.0,60.0,0.0,0.0,0.0,0.0,0.0,0.0
316.0,50354.0,140108.0,89754.0,44877.0,1.7824601819120627,36.014348440051336,195665.96787256753,0.25734674531032564,0.0,0.0,1.0,inf,50354.0,inf,215.0,165.0,50.0,0.0,0.0,0.0,0.0,0.0,0.0
317.0,50509.0,140545.0,90036.0,45018.0,1.7825734027599043,36.014348440051336,195665.96787256753,0.25813891168287006,0.0,0.0,1.0,inf,50509.0,inf,216.0,155.0,61.0,0.0,0.0,0.0,0.0,0.0,0.0
318.0,50663.0,140989.0,90326.0,45163.0,1.7828790241399048,36.014348440051336,195665.96787256753,0.25892596730462386,0.0,0.0,1.0,inf,50663.0,inf,214.0,154.0,60.0,0.0,0.0,0.0,0.0,0.0,0.0
319.0,50815.0,141401.0,90586.0,45293.0,1.7826625996260947,36.014348440051336,195665.96787256753,0.2597028014247964,0.0,0.0,1.0,inf,50815.0,inf,215.0,152.0,63.0,0.0,0.0,0.0,0.0,0.0,0.0
320.0,50983.0,141869.0,90886.0,45443.0,1.7826726555910795,36.014348440051336,195665.96787256753,0.2605614075576187,0.0,0.0,1.0,inf,50983.0,inf,215.0,168.0,47.0,0.0,0.0,0.0,0.0,0.0,0.0
321.0,51151.0,142363.0,91212.0,45606.0,1.7831909444585639,36.014348440051336,195665.96787256753,0.26142001369044104,0.0,0.0,1.0,inf,51151.0,inf,218.0,168.0,50.0,0.0,0.0,0.0,0.0,0.0,0.0
322.0,51319.0,142841.0,91522.0,45761.0,1.7833940645764728,36.014348440051336,195665.96787256753,0.26227861982326334,0.0,0.0,1.0,inf,51319.0,inf,215.0,168.0,47.0,0.0,0.0,0.0,0.0,0.0,0.0
323.0,51474.0,143270.0,91796.0,45898.0,1.7833469324319073,36.014348440051336,195665.96787256753,0.26307078619580776,0.0,0.0,1.0,inf,51474.0,inf,218.0,155.0,63.0,0.0,0.0,0.0,0.0,0.0,0.0
324.0,51630.0,143722.0,92092.0,46046.0,1.7836916521402286,36.014348440051336,195665.96787256753,0.26386806331914275,0.0,0.0,1.0,inf,51630.0,inf,215.0,156.0,59.0,0.0,0.0,0.0,0.0,0.0,0.0
325.0,51785.0,144165.0,92380.0,46190.0,1.783914260886357,36.014348440051336,195665.96787256753,0.2646602296916871,0.0,0.0,1.0,inf,51785.0,inf,215.0,155.0,60.0,0.0,0.0,0.0,0.0,0.0,0.0
326.0,51948.0,144618.0,92670.0,46335.0,1.783899283899284,36.014348440051336,195665.96787256753,0.2654932820705564,0.0,0.0,1.0,inf,51948.0,inf,212.0,163.0,49.0,0.0,0.0,0.0,0.0,0.0,0.0
327.0,52113.0,145069.0,92956.0,46478.0,1.7837391821618407,36.014348440051336,195665.96787256753,0.2663365559510069,0.0,0.0,1.0,inf,52113.0,inf,217.0,165.0,52.0,0.0,0.0,0.0,0.0,0.0,0.0
328.0,52272.0,145526.0,93254.0,46627.0,1.7840143862871136,36.014348440051336,195665.96787256753,0.26714916532671373,0.0,0.0,1.0,inf,52272.0,inf,215.0,159.0,56.0,0.0,0.0,0.0,0.0,0.0,0.0
329.0,52425.0,145955.0,93530.0,46765.0,1.784072484501669,36.014348440051336,195665.96787256753,0.2679311101976769,0.0,0.0,1.0,inf,52425.0,inf,217.0,153.0,64.0,0.0,0.0,0.0,0.0,0.0,0.0
330.0,52586.0,146418.0,93832.0,46916.0,1.784353249914426,36.014348440051336,195665.96787256753,0.268753941074965,0.0,0.0,1.0,inf,52586.0,inf,216.0,161.0,55.0,0.0,0.0,0.0,0.0,0.0,0.0
331.0,52754.0,146892.0,94138.0,47069.0,1.7844713197103537,36.014348440051336,195665.96787256753,0.26961254720778727,0.0,0.0,1.0,inf,52754.0,inf,218.0,168.0,50.0,0.0,0.0,0.0,0.0,0.0,0.0
332.0,52913.0,147351.0,94438.0,47219.0,1.7847787878215184,36.014348440051336,195665.96787256753,0.2704251565834941,0.0,0.0,1.0,inf,52913.0,inf,216.0,159.0,57.0,0.0,0.0,0.0,0.0,0.0,0.0
333.0,53073.0,147793.0,94720.0,47360.0,1.7847116236127598,36.014348440051336,195665.96787256753,0.27124287670999153,0.0,0.0,1.0,inf,53073.0,inf,216.0,160.0,56.0,0.0,0.0,0.0,0.0,0.0,0.0
334.0,53233.0,148237.0,95004.0,47502.0,1.7846824338286402,36.014348440051336,195665.96787256753,0.272060596836489,0.0,0.0,1.0,inf,53233.0,inf,216.0,160.0,56.0,0.0,0.0,0.0,0.0,0.0,0.0
335.0,53399.0,148701.0,95302.0,47651.0,1.7847150695705911,36.014348440051336,195665.96787256753,0.27290898146773007,0.0,0.0,1.0,inf,53399.0,inf,215.0,166.0,49.0,0.0,0.0,0.0,0.0,0.0,0.0
336.0,53552.0,149138.0,95586.0,47793.0,1.7849193307439497,36.014348440051336,195665.96787256753,0.27369092633869324,0.0,0.0,1.0,inf,53552.0,inf,217.0,153.0,64.0,0.0,0.0,0.0,0.0,0.0,0.0
337.0,53708.0,149566.0,95858.0,47929.0,1.7847992850227155,36.014348440051336,195665.96787256753,0.27448820346202824,0.0,0.0,1.0,inf,53708.0,inf,218.0,156.0,62.0,0.0,0.0,0.0,0.0,0.0,0.0
338.0,53860.0,149998.0,96138.0,48069.0,1.7849610100259934,36.014348440051336,195665.96787256753,0.27526503758220083,0.0,0.0,1.0,inf,53860.0,inf,214.0,152.0,62.0,0.0,0.0,0.0,0.0,0.0,0.0
339.0,54006.0,150408.0,96402.0,48201.0,1.7850238862348629,36.014348440051336,195665.96787256753,0.2760112071976297,0.0,0.0,1.0,inf,54006.0,inf,214.0,146.0,68.0,0.0,0.0,0.0,0.0,0.0,0.0
340.0,54159.0,150835.0,96676.0,48338.0,1.7850403441717904,36.014348440051336,195665.96787256753,0.2767931520685929,0.0,0.0,1.0,inf,54159.0,inf,216.0,153.0,63.0,0.0,0.0,0.0,0.0,0.0,0.0
341.0,54305.0,151247.0,96942.0,48471.0,1.7851394899180555,36.014348440051336,195665.96787256753,0.27753932168402184,0.0,0.0,1.0,inf,54305.0,inf,212.0,146.0,66.0,0.0,0.0,0.0,0.0,0.0,0.0
342.0,54461.0,151691.0,97230.0,48615.0,1.7853142615816824,36.014348440051336,195665.96787256753,0.27833659880735684,0.0,0.0,1.0,inf,54461.0,inf,220.0,156.0,64.0,0.0,0.0,0.0,0.0,0.0,0.0
343.0,54608.0,152092.0,97484.0,48742.0,1.785159683562848,36.12379344338243,197455.2385635941,0.2765588818876157,0.0,0.0,1.0,inf,54608.0,inf,217.0,147.0,70.0,0.0,0.0,0.0,0.0,0.0,0.0
344.0,54761.0,152529.0,97768.0,48884.0,1.785358192874491,36.12379344338243,197455.2385635941,0.277333741046142,0.0,0.0,1.0,inf,54761.0,inf,215.0,153.0,62.0,0.0,0.0,0.0,0.0,0.0,0.0
345.0,54914.0,152958.0,98044.0,49022.0,1.7854099136832138,36.12379344338243,197455.2385635941,0.2781086002046683,0.0,0.0,1.0,inf,54914.0,inf,213.0,153.0,60.0,0.0,0.0,0.0,0.0,0.0,0.0
346.0,55078.0,153422.0,98344.0,49172.0,1.7855405061912197,37.05073033705507,213048.71970548294,0.2585230273908214,0.0,0.0,1.0,inf,55078.0,inf,218.0,164.0,54.0,0.0,0.0,0.0,0.0,0.0,0.0
347.0,55233.0,153849.0,98616.0,49308.0,1.7854543479441638,37.05073033705507,213048.71970548294,0.25925056051195106,0.0,0.0,1.0,inf,55233.0,inf,211.0,155.0,56.0,0.0,0.0,0.0,0.0,0.0,0.0
348.0,55398.0,154324.0,98926.0,49463.0,1.7857323369074696,37.05073033705507,213048.71970548294,0.26002503125379867,0.0,0.0,1.0,inf,55398.0,inf,215.0,165.0,50.0,0.0,0.0,0.0,0.0,0.0,0.0
349.0,55552.0,154754.0,99202.0,49601.0,1.7857502880184333,37.05073033705507,213048.71970548294,0.26074787061285654,0.0,0.0,1.0,inf,55552.0,inf,214.0,154.0,60.0,0.0,0.0,0.0,0.0,0.0,0.0
350.0,55717.0,155213.0,99496.0,49748.0,1.7857386435019833,37.05073033705507,213048.71970548294,0.26152234135470415,0.0,0.0,1.0,inf,55717.0,inf,214.0,165.0,49.0,0.0,0.0,0.0,0.0,0.0,0.0
351.0,55881.0,155673.0,99792.0,49896.0,1.7857948139797069,37.05073033705507,213048.71970548294,0.26229211833448,0.0,0.0,1.0,inf,55881.0,inf,211.0,164.0,47.0,0.0,0.0,0.0,0.0,0.0,0.0
352.0,56046.0,156144.0,100098.0,50049.0,1.7859972165721014,37.05073033705507,213048.71970548294,0.2630665890763277,0.0,0.0,1.0,inf,56046.0,inf,211.0,165.0,46.0,0.0,0.0,0.0,0.0,0.0,0.0
353.0,56212.0,156608.0,100396.0,50198.0,1.7860243364406176,37.05073033705507,213048.71970548294,0.26384575358024714,0.0,0.0,1.0,inf,56212.0,inf,215.0,166.0,49.0,0.0,0.0,0.0,0.0,0.0,0.0
354.0,56372.0,157064.0,100692.0,50346.0,1.7862059178315475,37.05073033705507,213048.71970548294,0.2645967555117358,0.0,0.0,1.0,inf,56372.0,inf,216.0,160.0,56.0,0.0,0.0,0.0,0.0,0.0,0.0
355.0,56526.0,157492.0,100966.0,50483.0,1.786186887450023,37.05073033705507,213048.71970548294,0.2653195948707936,0.0,0.0,1.0,inf,56526.0,inf,209.0,154.0,55.0,0.0,0.0,0.0,0.0,0.0,0.0
356.0,56687.0,157935.0,101248.0,50624.0,1.7860885211776951,37.05073033705507,213048.71970548294,0.2660752905643541,0.0,0.0,1.0,inf,56687.0,inf,210.0,161.0,49.0,0.0,0.0,0.0,0.0,0.0,0.0
357.0,56848.0,158388.0,101540.0,50770.0,1.786166619757951,37.05073033705507,213048.71970548294,0.2668309862579145,0.0,0.0,1.0,inf,56848.0,inf,216.0,161.0,55.0,0.0,0.0,0.0,0.0,0.0,0.0
358.0,57011.0,158853.0,101842.0,50921.0,1.7863570188209292,37.05073033705507,213048.71970548294,0.2675960694756186,0.0,0.0,1.0,inf,57011.0,inf,215.0,163.0,52.0,0.0,0.0,0.0,0.0,0.0,0.0
359.0,57157.0,159261.0,102104.0,51052.0,1.7863778714768095,37.05073033705507,213048.71970548294,0.26828135873810194,0.0,0.0,1.0,inf,57157.0,inf,213.0,146.0,67.0,0.0,0.0,0.0,0.0,0.0,0.0
360.0,57319.0,159721.0,102402.0,51201.0,1.786528027355676,37.05073033705507,213048.71970548294,0.2690417481937342,0.0,0.0,1.0,inf,57319.0,inf,215.0,162.0,53.0,0.0,0.0,0.0,0.0,0.0,0.0
361.0,57468.0,160142.0,102674.0,51337.0,1.7866290805317742,37.05073033705507,213048.71970548294,0.269741118742433,0.0,0.0,1.0,inf,57468.0,inf,213.0,149.0,64.0,0.0,0.0,0.0,0.0,0.0,0.0
362.0,57616.0,160566.0,102950.0,51475.0,1.7868300472091085,37.05073033705507,213048.71970548294,0.27043579552906,0.0,0.0,1.0,inf,57616.0,inf,216.0,148.0,68.0,0.0,0.0,0.0,0.0,0.0,0.0
363.0,57769.0,161003.0,103234.0,51617.0,1.7870137963267496,37.05073033705507,213048.71970548294,0.271153941126046,0.0,0.0,1.0,inf,57769.0,inf,214.0,153.0,61.0,0.0,0.0,0.0,0.0,0.0,0.0
364.0,57917.0,161427.0,103510.0,51755.0,1.7872127354662708,37.05073033705507,213048.71970548294,0.271848617912673,0.0,0.0,1.0,inf,57917.0,inf,218.0,148.0,70.0,0.0,0.0,0.0,0.0,0.0,0.0
365.0,58080.0,161888.0,103808.0,51904.0,1.78732782369146,37.05073033705507,213048.71970548294,0.27261370113037703,0.0,0.0,1.0,inf,58080.0,inf,218.0,163.0,55.0,0.0,0.0,0.0,0.0,0.0,0.0
366.0,58227.0,162299.0,104072.0,52036.0,1.7873495113950573,37.05073033705507,213048.71970548294,0.2733036841549322,0.0,0.0,1.0,inf,58227.0,inf,218.0,147.0,71.0,0.0,0.0,0.0,0.0,0.0,0.0
367.0,58369.0,162685.0,104316.0,52158.0,1.7871815518511538,37.05073033705507,213048.71970548294,0.2739701983691284,0.0,0.0,1.0,inf,58369.0,inf,218.0,142.0,76.0,0.0,0.0,0.0,0.0,0.0,0.0
368.0,58518.0,163108.0,104590.0,52295.0,1.7873133053077686,37.05073033705507,213048.71970548294,0.27466956891782723,0.0,0.0,1.0,inf,58518.0,inf,215.0,149.0,66.0,0.0,0.0,0.0,0.0,0.0,0.0
369.0,58674.0,163548.0,104874.0,52437.0,1.7874015748031495,37.05073033705507,213048.71970548294,0.27540179580102864,0.0,0.0,1.0,inf,58674.0,inf,216.0,156.0,60.0,0.0,0.0,0.0,0.0,0.0,0.0
370.0,58827.0,163979.0,105152.0,52576.0,1.7874785387662129,37.05073033705507,213048.71970548294,0.27611994139801466,0.0,0.0,1.0,inf,58827.0,inf,217.0,153.0,64.0,0.0,0.0,0.0,0.0,0.0,0.0
371.0,58998.0,164458.0,105460.0,52730.0,1.7875182209566427,37.05073033705507,213048.71970548294,0.27692257471229315,0.0,0.0,1.0,inf,58998.0,inf,219.0,171.0,48.0,0.0,0.0,0.0,0.0,0.0,0.0
372.0,59163.0,164921.0,105758.0,52879.0,1.7875699339113973,37.05073033705507,213048.71970548294,0.2776970454541408,0.0,0.0,1.0,inf,59163.0,inf,214.0,165.0,49.0,0.0,0.0,0.0,0.0,0.0,0.0
373.0,59312.0,165324.0,106012.0,53006.0,1.7873617480442405,37.05073033705507,213048.71970548294,0.2783964160028396,0.0,0.0,1.0,inf,59312.0,inf,218.0,149.0,69.0,0.0,0.0,0.0,0.0,0.0,0.0
374.0,59471.0,165769.0,106298.0,53149.0,1.7873921743370718,37.05073033705507,213048.71970548294,0.27914272417225644,0.0,0.0,1.0,inf,59471.0,inf,214.0,159.0,55.0,0.0,0.0,0.0,0.0,0.0,0.0
375.0,59629.0,166199.0,106570.0,53285.0,1.7872176290060207,37.05073033705507,213048.71970548294,0.2798843385796015,0.0,0.0,1.0,inf,59629.0,inf,217.0,158.0,59.0,0.0,0.0,0.0,0.0,0.0,0.0
376.0,59783.0,166623.0,106840.0,53420.0,1.787130120602847,37.05073033705507,213048.71970548294,0.2806071779386593,0.0,0.0,1.0,inf,59783.0,inf,219.0,154.0,65.0,0.0,0.0,0.0,0.0,0.0,0.0
377.0,59943.0,167081.0,107138.0,53569.0,1.7873312980664966,37.05073033705507,213048.71970548294,0.28135817987014794,0.0,0.0,1.0,inf,59943.0,inf,217.0,160.0,57.0,0.0,0.0,0.0,0.0,0.0,0.0
378.0,60096.0,167508.0,107412.0,53706.0,1.7873402555910542,37.05073033705507,213048.71970548294,0.28207632546713396,0.0,0.0,1.0,inf,60096.0,inf,218.0,153.0,65.0,0.0,0.0,0.0,0.0,0.0,0.0
379.0,60254.0,167942.0,107688.0,53844.0,1.7872340425531914,37.05073033705507,213048.71970548294,0.28281793987447895,0.0,0.0,1.0,inf,60254.0,inf,217.0,158.0,59.0,0.0,0.0,0.0,0.0,0.0,0.0
380.0,60405.0,168359.0,107954.0,53977.0,1.7871699362635542,37.05073033705507,213048.71970548294,0.2835266979473214,0.0,0.0,1.0,inf,60405.0,inf,214.0,151.0,63.0,0.0,0.0,0.0,0.0,0.0,0.0
381.0,60547.0,168741.0,108194.0,54097.0,1.7869423753447735,37.05073033705507,213048.71970548294,0.28419321216151755,0.0,0.0,1.0,inf,60547.0,inf,216.0,142.0,74.0,0.0,0.0,0.0,0.0,0.0,0.0
382.0,60694.0,169154.0,108460.0,54230.0,1.7869970672554123,37.05073033705507,213048.71970548294,0.28488319518607275,0.0,0.0,1.0,inf,60694.0,inf,217.0,147.0,70.0,0.0,0.0,0.0,0.0,0.0,0.0
383.0,60848.0,169574.0,108726.0,54363.0,1.786845911122798,37.05073033705507,213048.71970548294,0.28560603454513056,0.0,0.0,1.0,inf,60848.0,inf,219.0,154.0,65.0,0.0,0.0,0.0,0.0,0.0,0.0
384.0,60990.0,169988.0,108998.0,54499.0,1.787145433677652,37.05073033705507,213048.71970548294,0.28627254875932673,0.0,0.0,1.0,inf,60990.0,inf,217.0,142.0,75.0,0.0,0.0,0.0,0.0,0.0,0.0
385.0,61135.0,170381.0,109246.0,54623.0,1.7869632779913307,37.05073033705507,213048.71970548294,0.28695314425973834,0.0,0.0,1.0,inf,61135.0,inf,218.0,145.0,73.0,0.0,0.0,0.0,0.0,0.0,0.0
386.0,61268.0,170744.0,109476.0,54738.0,1.7868381536854476,37.05073033705507,213048.71970548294,0.28757741461528824,0.0,0.0,1.0,inf,61268.0,inf,217.0,133.0,84.0,0.0,0.0,0.0,0.0,0.0,0.0
387.0,61409.0,171111.0,109702.0,54851.0,1.7864156719699067,37.05073033705507,213048.71970548294,0.2882392350674126,0.0,0.0,1.0,inf,61409.0,inf,218.0,141.0,77.0,0.0,0.0,0.0,0.0,0.0,0.0
388.0,61559.0,171533.0,109974.0,54987.0,1.786481261878848,37.05073033705507,213048.71970548294,0.2889432993781832,0.0,0.0,1.0,inf,61559.0,inf,219.0,150.0,69.0,0.0,0.0,0.0,0.0,0.0,0.0
389.0,61702.0,171932.0,110230.0,55115.0,1.786489903082558,37.05073033705507,213048.71970548294,0.2896145073544512,0.0,0.0,1.0,inf,61702.0,inf,216.0,143.0,73.0,0.0,0.0,0.0,0.0,0.0,0.0
390.0,61854.0,172364.0,110510.0,55255.0,1.7866265722507841,37.05073033705507,213048.71970548294,0.2903279591893654,0.0,0.0,1.0,inf,61854.0,inf,219.0,152.0,67.0,0.0,0.0,0.0,0.0,0.0,0.0
391.0,62001.0,172777.0,110776.0,55388.0,1.7866808599861292,37.05073033705507,213048.71970548294,0.2910179422139206,0.0,0.0,1.0,inf,62001.0,inf,215.0,147.0,68.0,0.0,0.0,0.0,0.0,0.0,0.0
392.0,62148.0,173188.0,111040.0,55520.0,1.7867027096608097,37.05073033705507,213048.71970548294,0.2917079252384758,0.0,0.0,1.0,inf,62148.0,inf,217.0,147.0,70.0,0.0,0.0,0.0,0.0,0.0,0.0
393.0,62290.0,173570.0,111280.0,55640.0,1.7864825814737517,37.05073033705507,213048.71970548294,0.29237443945267194,0.0,0.0,1.0,inf,62290.0,inf,218.0,142.0,76.0,0.0,0.0,0.0,0.0,0.0,0.0
394.0,62424.0,173944.0,111520.0,55760.0,1.7864923747276689,37.05073033705507,213048.71970548294,0.2930034035702937,0.0,0.0,1.0,inf,62424.0,inf,216.0,134.0,82.0,0.0,0.0,0.0,0.0,0.0,0.0
395.0,62564.0,174326.0,111762.0,55881.0,1.7863627645291222,37.05073033705507,213048.71970548294,0.2936605302603462,0.0,0.0,1.0,inf,62564.0,inf,215.0,140.0,75.0,0.0,0.0,0.0,0.0,0.0,0.0
396.0,62709.0,174729.0,112020.0,56010.0,1.7863464574462995,37.05073033705507,213048.71970548294,0.2943411257607578,0.0,0.0,1.0,inf,62709.0,inf,217.0,145.0,72.0,0.0,0.0,0.0,0.0,0.0,0.0
397.0,62860.0,175146.0,112286.0,56143.0,1.7862869869551383,37.05073033705507,213048.71970548294,0.29504988383360026,0.0,0.0,1.0,inf,62860.0,inf,219.0,151.0,68.0,0.0,0.0,0.0,0.0,0.0,0.0
398.0,63013.0,175557.0,112544.0,56272.0,1.7860441496199198,37.05073033705507,213048.71970548294,0.2957680294305862,0.0,0.0,1.0,inf,63013.0,inf,214.0,153.0,61.0,0.0,0.0,0.0,0.0,0.0,0.0
399.0,63163.0,175967.0,112804.0,56402.0,1.7859189715497996,37.05073033705507,213048.71970548294,0.29647209374135686,0.0,0.0,1.0,inf,63163.0,inf,218.0,150.0,68.0,0.0,0.0,0.0,0.0,0.0,0.0
400.0,63310.0,176362.0,113052.0,56526.0,1.7856894645395671,37.05073033705507,213048.71970548294,0.29716207676591205,0.0,0.0,1.0,inf,63310.0,inf,218.0,147.0,71.0,0.0,0.0,0.0,0.0,0.0,0.0
401.0,63463.0,176785.0,113322.0,56661.0,1.7856388761955786,37.05073033705507,213048.71970548294,0.2978802223628981,0.0,0.0,1.0,inf,63463.0,inf,219.0,153.0,66.0,0.0,0.0,0.0,0.0,0.0,0.0
402.0,63606.0,177186.0,113580.0,56790.0,1.7856805961701727,37.05073033705507,213048.71970548294,0.29855143033916604,0.0,0.0,1.0,inf,63606.0,inf,216.0,143.0,73.0,0.0,0.0,0.0,0.0,0.0,0.0
403.0,63741.0,177553.0,113812.0,56906.0,1.785538350512229,37.05073033705507,213048.71970548294,0.2991850882188596,0.0,0.0,1.0,inf,63741.0,inf,218.0,135.0,83.0,0.0,0.0,0.0,0.0,0.0,0.0
404.0,63889.0,177969.0,114080.0,57040.0,1.7855968946140963,37.05073033705507,213048.71970548294,0.2998797650054866,0.0,0.0,1.0,inf,63889.0,inf,216.0,148.0,68.0,0.0,0.0,0.0,0.0,0.0,0.0
405.0,64033.0,178371.0,114338.0,57169.0,1.7856105445629598,37.05073033705507,213048.71970548294,0.30055566674382633,0.0,0.0,1.0,inf,64033.0,inf,219.0,144.0,75.0,0.0,0.0,0.0,0.0,0.0,0.0
406.0,64172.0,178754.0,114582.0,57291.0,1.7855450975503335,37.05073033705507,213048.71970548294,0.3012080996718071,0.0,0.0,1.0,inf,64172.0,inf,219.0,139.0,80.0,0.0,0.0,0.0,0.0,0.0,0.0
407.0,64322.0,179150.0,114828.0,57414.0,1.7852056839028638,37.05073033705507,213048.71970548294,0.3019121639825777,0.0,0.0,1.0,inf,64322.0,inf,220.0,150.0,70.0,0.0,0.0,0.0,0.0,0.0,0.0
408.0,64469.0,179569.0,115100.0,57550.0,1.7853542012440087,37.05073033705507,213048.71970548294,0.3026021470071329,0.0,0.0,1.0,inf,64469.0,inf,217.0,147.0,70.0,0.0,0.0,0.0,0.0,0.0,0.0
409.0,64610.0,179946.0,115336.0,57668.0,1.7851106639839034,37.05073033705507,213048.71970548294,0.30326396745925727,0.0,0.0,1.0,inf,64610.0,inf,220.0,141.0,79.0,0.0,0.0,0.0,0.0,0.0,0.0
410.0,64760.0,180352.0,115592.0,57796.0,1.7849289684990735,37.05073033705507,213048.71970548294,0.30396803177002785,0.0,0.0,1.0,inf,64760.0,inf,218.0,150.0,68.0,0.0,0.0,0.0,0.0,0.0,0.0
411.0,64912.0,180778.0,115866.0,57933.0,1.7849704214937145,37.05073033705507,213048.71970548294,0.30468148360494207,0.0,0.0,1.0,inf,64912.0,inf,219.0,152.0,67.0,0.0,0.0,0.0,0.0,0.0,0.0
412.0,65052.0,181156.0,116104.0,58052.0,1.7847875545717273,37.05073033705507,213048.71970548294,0.30533861029499465,0.0,0.0,1.0,inf,65052.0,inf,218.0,140.0,78.0,0.0,0.0,0.0,0.0,0.0,0.0
413.0,65203.0,181577.0,116374.0,58187.0,1.7847951781359754,37.05073033705507,213048.71970548294,0.306047368367837,0.0,0.0,1.0,inf,65203.0,inf,218.0,151.0,67.0,0.0,0.0,0.0,0.0,0.0,0.0
414.0,65354.0,181982.0,116628.0,58314.0,1.7845579459558711,37.05073033705507,213048.71970548294,0.30675612644067946,0.0,0.0,1.0,inf,65354.0,inf,217.0,151.0,66.0,0.0,0.0,0.0,0.0,0.0,0.0
415.0,65485.0,182359.0,116874.0,58437.0,1.7847445979995418,37.05073033705507,213048.71970548294,0.30737100927208577,0.0,0.0,1.0,inf,65485.0,inf,216.0,131.0,85.0,0.0,0.0,0.0,0.0,0.0,0.0
416.0,65623.0,182747.0,117124.0,58562.0,1.7848010606037517,37.05073033705507,213048.71970548294,0.3080187484379947,0.0,0.0,1.0,inf,65623.0,inf,215.0,138.0,77.0,0.0,0.0,0.0,0.0,0.0,0.0
417.0,65754.0,183110.0,117356.0,58678.0,1.784773549898105,37.05073033705507,213048.71970548294,0.308633631269401,0.0,0.0,1.0,inf,65754.0,inf,217.0,131.0,86.0,0.0,0.0,0.0,0.0,0.0,0.0
418.0,65893.0,183507.0,117614.0,58807.0,1.7849240435251088,37.05073033705507,213048.71970548294,0.3092860641973818,0.0,0.0,1.0,inf,65893.0,inf,218.0,139.0,79.0,0.0,0.0,0.0,0.0,0.0,0.0
419.0,66033.0,183883.0,117850.0,58925.0,1.7847137037541836,37.05073033705507,213048.71970548294,0.3099431908874344,0.0,0.0,1.0,inf,66033.0,inf,218.0,140.0,78.0,0.0,0.0,0.0,0.0,0.0,0.0
420.0,66160.0,184226.0,118066.0,59033.0,1.784552599758162,37.05073033705507,213048.71970548294,0.31053929867055347,0.0,0.0,1.0,inf,66160.0,inf,219.0,127.0,92.0,0.0,0.0,0.0,0.0,0.0,0.0
421.0,66299.0,184611.0,118312.0,59156.0,1.7845216368271015,37.336366368258574,218014.18801761544,0.30410406131294115,0.0,0.0,1.0,inf,66299.0,inf,218.0,139.0,79.0,0.0,0.0,0.0,0.0,0.0,0.0
422.0,66441.0,184995.0,118554.0,59277.0,1.7843500248340634,37.336366368258574,218014.18801761544,0.30475539506920346,0.0,0.0,1.0,inf,66441.0,inf,216.0,142.0,74.0,0.0,0.0,0.0,0.0,0.0,0.0
423.0,66581.0,185397.0,118816.0,59408.0,1.7845331250657095,37.336366368258574,218014.18801761544,0.3053975551105889,0.0,0.0,1.0,inf,66581.0,inf,216.0,140.0,76.0,0.0,0.0,0.0,0.0,0.0,0.0
424.0,66724.0,185788.0,119064.0,59532.0,1.7844253941610215,37.336366368258574,218014.18801761544,0.3060534757242897,0.0,0.0,1.0,inf,66724.0,inf,216.0,143.0,73.0,0.0,0.0,0.0,0.0,0.0,0.0
425.0,66862.0,186176.0,119314.0,59657.0,1.7844814692949658,37.336366368258574,218014.18801761544,0.3066864620507982,0.0,0.0,1.0,inf,66862.0,inf,220.0,138.0,82.0,0.0,0.0,0.0,0.0,0.0,0.0
426.0,67009.0,186589.0,119580.0,59790.0,1.7845364055574624,37.336366368258574,218014.18801761544,0.3073607300942529,0.0,0.0,1.0,inf,67009.0,inf,219.0,147.0,72.0,0.0,0.0,0.0,0.0,0.0,0.0
427.0,67143.0,186965.0,119822.0,59911.0,1.7845791817464218,37.336366368258574,218014.18801761544,0.3079753689910075,0.0,0.0,1.0,inf,67143.0,inf,213.0,134.0,79.0,0.0,0.0,0.0,0.0,0.0,0.0
428.0,67281.0,187347.0,120066.0,60033.0,1.7845454140098989,37.336366368258574,218014.18801761544,0.30860835531751596,0.0,0.0,1.0,inf,67281.0,inf,220.0,138.0,82.0,0.0,0.0,0.0,0.0,0.0,0.0
429.0,67420.0,187734.0,120314.0,60157.0,1.7845446455057847,37.336366368258574,218014.18801761544,0.30924592850146293,0.0,0.0,1.0,inf,67420.0,inf,218.0,139.0,79.0,0.0,0.0,0.0,0.0,0.0,0.0
430.0,67545.0,188083.0,120538.0,60269.0,1.7845584425198016,37.336366368258574,218014.18801761544,0.3098192856812713,0.0,0.0,1.0,inf,67545.0,inf,219.0,125.0,94.0,0.0,0.0,0.0,0.0,0.0,0.0
431.0,67682.0,188456.0,120774.0,60387.0,1.7844330841287197,37.336366368258574,218014.18801761544,0.3104476851503414,0.0,0.0,1.0,inf,67682.0,inf,219.0,137.0,82.0,0.0,0.0,0.0,0.0,0.0,0.0
432.0,67815.0,188819.0,121004.0,60502.0,1.78432500184325,37.336366368258574,218014.18801761544,0.3110577371896575,0.0,0.0,1.0,inf,67815.0,inf,220.0,133.0,87.0,0.0,0.0,0.0,0.0,0.0,0.0
433.0,67970.0,189256.0,121286.0,60643.0,1.784404884507871,37.336366368258574,218014.18801761544,0.3117687000926199,0.0,0.0,1.0,inf,67970.0,inf,216.0,155.0,61.0,0.0,0.0,0.0,0.0,0.0,0.0
434.0,68108.0,189634.0,121526.0,60763.0,1.7843131497034121,37.336366368258574,218014.18801761544,0.3124016864191284,0.0,0.0,1.0,inf,68108.0,inf,219.0,138.0,81.0,0.0,0.0,0.0,0.0,0.0,0.0
435.0,68253.0,190043.0,121790.0,60895.0,1.7843904297247009,37.599580451100046,222657.64234879348,0.30653787258324416,0.0,0.0,1.0,inf,68253.0,inf,220.0,145.0,75.0,0.0,0.0,0.0,0.0,0.0,0.0
436.0,68399.0,190461.0,122062.0,61031.0,1.78455825377564,37.599580451100046,222657.64234879348,0.3071935877810692,0.0,0.0,1.0,inf,68399.0,inf,215.0,146.0,69.0,0.0,0.0,0.0,0.0,0.0,0.0
437.0,68532.0,190840.0,122308.0,61154.0,1.7846845269363216,37.599580451100046,222657.64234879348,0.3077909173790879,0.0,0.0,1.0,inf,68532.0,inf,217.0,133.0,84.0,0.0,0.0,0.0,0.0,0.0,0.0
438.0,68671.0,191225.0,122554.0,61277.0,1.7846543664720187,37.599580451100046,222657.64234879348,0.30841519417701724,0.0,0.0,1.0,inf,68671.0,inf,219.0,139.0,80.0,0.0,0.0,0.0,0.0,0.0,0.0
439.0,68815.0,191625.0,122810.0,61405.0,1.7846399767492553,37.599580451100046,222657.64234879348,0.3090619269748721,0.0,0.0,1.0,inf,68815.0,inf,217.0,144.0,73.0,0.0,0.0,0.0,0.0,0.0,0.0
440.0,68966.0,192054.0,123088.0,61544.0,1.7847635066554535,37.599580451100046,222657.64234879348,0.30974009817262266,0.0,0.0,1.0,inf,68966.0,inf,219.0,151.0,68.0,0.0,0.0,0.0,0.0,0.0,0.0
441.0,69108.0,192448.0,123340.0,61670.0,1.784742721537304,37.599580451100046,222657.64234879348,0.3103778485705073,0.0,0.0,1.0,inf,69108.0,inf,219.0,142.0,77.0,0.0,0.0,0.0,0.0,0.0,0.0
442.0,69231.0,192799.0,123568.0,61784.0,1.7848651615605726,37.599580451100046,222657.64234879348,0.31093026616867503,0.0,0.0,1.0,inf,69231.0,inf,218.0,123.0,95.0,0.0,0.0,0.0,0.0,0.0,0.0
443.0,69371.0,193197.0,123826.0,61913.0,1.7849821971717288,37.599580451100046,222657.64234879348,0.3115590341665894,0.0,0.0,1.0,inf,69371.0,inf,220.0,140.0,80.0,0.0,0.0,0.0,0.0,0.0,0.0
444.0,69525.0,193605.0,124080.0,62040.0,1.7846817691477885,37.599580451100046,222657.64234879348,0.3122506789642953,0.0,0.0,1.0,inf,69525.0,inf,218.0,154.0,64.0,0.0,0.0,0.0,0.0,0.0,0.0
445.0,69666.0,194000.0,124334.0,62167.0,1.7847156432118967,37.599580451100046,222657.64234879348,0.31288393816219484,0.0,0.0,1.0,inf,69666.0,inf,219.0,141.0,78.0,0.0,0.0,0.0,0.0,0.0,0.0
446.0,69816.0,194408.0,124592.0,62296.0,1.7845766013521256,37.599580451100046,222657.64234879348,0.31355761815996036,0.0,0.0,1.0,inf,69816.0,inf,219.0,150.0,69.0,0.0,0.0,0.0,0.0,0.0,0.0
447.0,69945.0,194769.0,124824.0,62412.0,1.7846021874329832,37.599580451100046,222657.64234879348,0.31413698295803866,0.0,0.0,1.0,inf,69945.0,inf,220.0,129.0,91.0,0.0,0.0,0.0,0.0,0.0,0.0
448.0,70083.0,195153.0,125070.0,62535.0,1.7845982620606995,37.599580451100046,222657.64234879348,0.3147567685559829,0.0,0.0,1.0,inf,70083.0,inf,219.0,138.0,81.0,0.0,0.0,0.0,0.0,0.0,0.0
449.0,70222.0,195546.0,125324.0,62662.0,1.7846828629204523,37.599580451100046,222657.64234879348,0.3153810453539122,0.0,0.0,1.0,inf,70222.0,inf,219.0,139.0,80.0,0.0,0.0,0.0,0.0,0.0,0.0
450.0,70356.0,195914.0,125558.0,62779.0,1.7846096992438456,37.599580451100046,222657.64234879348,0.315982866151916,0.0,0.0,1.0,inf,70356.0,inf,220.0,134.0,86.0,0.0,0.0,0.0,0.0,0.0,0.0
451.0,70492.0,196296.0,125804.0,62902.0,1.7846564149123305,37.599580451100046,222657.64234879348,0.31659366934989003,0.0,0.0,1.0,inf,70492.0,inf,218.0,136.0,82.0,0.0,0.0,0.0,0.0,0.0,0.0
452.0,70621.0,196663.0,126042.0,63021.0,1.7847665708500304,37.599580451100046,222657.64234879348,0.3171730341479684,0.0,0.0,1.0,inf,70621.0,inf,216.0,129.0,87.0,0.0,0.0,0.0,0.0,0.0,0.0
453.0,70762.0,197068.0,126306.0,63153.0,1.7849410700658546,37.599580451100046,222657.64234879348,0.3178062933458679,0.0,0.0,1.0,inf,70762.0,inf,217.0,141.0,76.0,0.0,0.0,0.0,0.0,0.0,0.0
454.0,70896.0,197438.0,126542.0,63271.0,1.7848961859625367,37.599580451100046,222657.64234879348,0.3184081141438717,0.0,0.0,1.0,inf,70896.0,inf,219.0,134.0,85.0,0.0,0.0,0.0,0.0,0.0,0.0
455.0,71032.0,197810.0,126778.0,63389.0,1.784801216353193,37.599580451100046,222657.64234879348,0.31901891734184573,0.0,0.0,1.0,inf,71032.0,inf,218.0,136.0,82.0,0.0,0.0,0.0,0.0,0.0,0.0
456.0,71172.0,198206.0,127034.0,63517.0,1.784887315236329,37.599580451100046,222657.64234879348,0.3196476853397602,0.0,0.0,1.0,inf,71172.0,inf,220.0,140.0,80.0,0.0,0.0,0.0,0.0,0.0,0.0
457.0,71314.0,198606.0,127292.0,63646.0,1.7849510615026503,37.599580451100046,222657.64234879348,0.32028543573764484,0.0,0.0,1.0,inf,71314.0,inf,218.0,142.0,76.0,0.0,0.0,0.0,0.0,0.0,0.0
458.0,71443.0,198959.0,127516.0,63758.0,1.7848634575815685,37.599580451100046,222657.64234879348,0.32086480053572314,0.0,0.0,1.0,inf,71443.0,inf,219.0,129.0,90.0,0.0,0.0,0.0,0.0,0.0,0.0
459.0,71587.0,199363.0,127776.0,63888.0,1.7849050805313813,37.599580451100046,222657.64234879348,0.32151153333357796,0.0,0.0,1.0,inf,71587.0,inf,219.0,144.0,75.0,0.0,0.0,0.0,0.0,0.0,0.0
460.0,71739.0,199779.0,128040.0,64020.0,1.7848032450968092,37.599580451100046,222657.64234879348,0.32219419573131364,0.0,0.0,1.0,inf,71739.0,inf,219.0,152.0,67.0,0.0,0.0,0.0,0.0,0.0,0.0
461.0,71881.0,200177.0,128296.0,64148.0,1.784838830845425,37.599580451100046,222657.64234879348,0.3228319461291983,0.0,0.0,1.0,inf,71881.0,inf,219.0,142.0,77.0,0.0,0.0,0.0,0.0,0.0,0.0
462.0,72027.0,200587.0,128560.0,64280.0,1.7848862232218474,37.599580451100046,222657.64234879348,0.32348766132702333,0.0,0.0,1.0,inf,72027.0,inf,218.0,146.0,72.0,0.0,0.0,0.0,0.0,0.0,0.0
463.0,72168.0,200982.0,128814.0,64407.0,1.7849185234452942,37.599580451100046,222657.64234879348,0.3241209205249229,0.0,0.0,1.0,inf,72168.0,inf,220.0,141.0,79.0,0.0,0.0,0.0,0.0,0.0,0.0
464.0,72309.0,201369.0,129060.0,64530.0,1.7848400614031448,37.599580451100046,222657.64234879348,0.32475417972282244,0.0,0.0,1.0,inf,72309.0,inf,219.0,141.0,78.0,0.0,0.0,0.0,0.0,0.0,0.0
465.0,72446.0,201744.0,129298.0,64649.0,1.7847500207050768,37.599580451100046,222657.64234879348,0.3253694741207816,0.0,0.0,1.0,inf,72446.0,inf,218.0,137.0,81.0,0.0,0.0,0.0,0.0,0.0,0.0
466.0,72594.0,202156.0,129562.0,64781.0,1.7847480508030966,37.599580451100046,222657.64234879348,0.32603417171857685,0.0,0.0,1.0,inf,72594.0,inf,220.0,148.0,72.0,0.0,0.0,0.0,0.0,0.0,0.0
467.0,72729.0,202539.0,129810.0,64905.0,1.784845109928639,37.599580451100046,222657.64234879348,0.3266404837165658,0.0,0.0,1.0,inf,72729.0,inf,219.0,135.0,84.0,0.0,0.0,0.0,0.0,0.0,0.0
468.0,72882.0,202954.0,130072.0,65036.0,1.784693065503142,37.599580451100046,222657.64234879348,0.32732763731428655,0.0,0.0,1.0,inf,72882.0,inf,219.0,153.0,66.0,0.0,0.0,0.0,0.0,0.0,0.0
469.0,73013.0,203313.0,130300.0,65150.0,1.7846136989303274,37.599580451100046,222657.64234879348,0.32791598451233506,0.0,0.0,1.0,inf,73013.0,inf,216.0,131.0,85.0,0.0,0.0,0.0,0.0,0.0,0.0
470.0,73151.0,203699.0,130548.0,65274.0,1.784637257180353,37.599580451100046,222657.64234879348,0.3285357701102793,0.0,0.0,1.0,inf,73151.0,inf,220.0,138.0,82.0,0.0,0.0,0.0,0.0,0.0,0.0
471.0,73295.0,204093.0,130798.0,65399.0,1.7845419196398118,37.599580451100046,222657.64234879348,0.3291825029081341,0.0,0.0,1.0,inf,73295.0,inf,219.0,144.0,75.0,0.0,0.0,0.0,0.0,0.0,0.0
472.0,73435.0,204477.0,131042.0,65521.0,1.7844624497855246,37.599580451100046,222657.64234879348,0.32981127090604856,0.0,0.0,1.0,inf,73435.0,inf,219.0,140.0,79.0,0.0,0.0,0.0,0.0,0.0,0.0
473.0,73562.0,204832.0,131270.0,65635.0,1.7844811179685163,37.599580451100046,222657.64234879348,0.3303816533041567,0.0,0.0,1.0,inf,73562.0,inf,219.0,127.0,92.0,0.0,0.0,0.0,0.0,0.0,0.0
474.0,73708.0,205240.0,131532.0,65766.0,1.784501003961578,37.599580451100046,222657.64234879348,0.33103736850198173,0.0,0.0,1.0,inf,73708.0,inf,217.0,146.0,71.0,0.0,0.0,0.0,0.0,0.0,0.0
475.0,73836.0,205598.0,131762.0,65881.0,1.7845224551709193,37.599580451100046,222657.64234879348,0.33161224210007495,0.0,0.0,1.0,inf,73836.0,inf,219.0,128.0,91.0,0.0,0.0,0.0,0.0,0.0,0.0
476.0,73964.0,205948.0,131984.0,65992.0,1.7844356714077119,37.599580451100046,222657.64234879348,0.3321871156981681,0.0,0.0,1.0,inf,73964.0,inf,219.0,128.0,91.0,0.0,0.0,0.0,0.0,0.0,0.0
477.0,74107.0,206343.0,132236.0,66118.0,1.784392837383783,37.599580451100046,222657.64234879348,0.33282935729603785,0.0,0.0,1.0,inf,74107.0,inf,217.0,143.0,74.0,0.0,0.0,0.0,0.0,0.0,0.0
478.0,74243.0,206725.0,132482.0,66241.0,1.784437590075832,37.599580451100046,222657.64234879348,0.33344016049401193,0.0,0.0,1.0,inf,74243.0,inf,218.0,136.0,82.0,0.0,0.0,0.0,0.0,0.0,0.0
479.0,74385.0,207117.0,132732.0,66366.0,1.7843920145190562,37.599580451100046,222657.64234879348,0.33407791089189653,0.0,0.0,1.0,inf,74385.0,inf,219.0,142.0,77.0,0.0,0.0,0.0,0.0,0.0,0.0
480.0,74514.0,207478.0,132964.0,66482.0,1.7844163512896904,37.599580451100046,222657.64234879348,0.33465727568997483,0.0,0.0,1.0,inf,74514.0,inf,219.0,129.0,90.0,0.0,0.0,0.0,0.0,0.0,0.0
481.0,74639.0,207833.0,133194.0,66597.0,1.7845094387652567,37.599580451100046,222657.64234879348,0.33521867568811275,0.0,0.0,1.0,inf,74639.0,inf,219.0,125.0,94.0,0.0,0.0,0.0,0.0,0.0,0.0
482.0,74773.0,208207.0,133434.0,66717.0,1.784521150682733,37.812258870319845,226457.37914727515,0.3301857518688841,0.0,0.0,1.0,inf,74773.0,inf,220.0,134.0,86.0,0.0,0.0,0.0,0.0,0.0,0.0
483.0,74911.0,208595.0,133684.0,66842.0,1.7845710242821482,37.812258870319845,226457.37914727515,0.33079513806119826,0.0,0.0,1.0,inf,74911.0,inf,219.0,138.0,81.0,0.0,0.0,0.0,0.0,0.0,0.0
484.0,75046.0,208984.0,133938.0,66969.0,1.784745356181542,37.812258870319845,226457.37914727515,0.33139127672759255,0.0,0.0,1.0,inf,75046.0,inf,220.0,135.0,85.0,0.0,0.0,0.0,0.0,0.0,0.0
485.0,75183.0,209371.0,134188.0,67094.0,1.7848183764946863,37.812258870319845,226457.37914727515,0.3319962470779334,0.0,0.0,1.0,inf,75183.0,inf,219.0,137.0,82.0,0.0,0.0,0.0,0.0,0.0,0.0
486.0,75310.0,209728.0,134418.0,67209.0,1.7848625680520516,37.812258870319845,226457.37914727515,0.3325570590085413,0.0,0.0,1.0,inf,75310.0,inf,219.0,127.0,92.0,0.0,0.0,0.0,0.0,0.0,0.0
487.0,75453.0,210129.0,134676.0,67338.0,1.784899208778975,37.812258870319845,226457.37914727515,0.33318852441072194,0.0,0.0,1.0,inf,75453.0,inf,218.0,143.0,75.0,0.0,0.0,0.0,0.0,0.0,0.0
488.0,75588.0,210506.0,134918.0,67459.0,1.784912949145367,37.812258870319845,226457.37914727515,0.33378466307711624,0.0,0.0,1.0,inf,75588.0,inf,217.0,135.0,82.0,0.0,0.0,0.0,0.0,0.0,0.0
489.0,75721.0,210881.0,135160.0,67580.0,1.7849737853435639,38.3545775289421,236341.6262339101,0.32038791137477424,0.0,0.0,1.0,inf,75721.0,inf,219.0,133.0,86.0,0.0,0.0,0.0,0.0,0.0,0.0
490.0,75881.0,211323.0,135442.0,67721.0,1.784926397912521,38.3545775289421,236341.6262339101,0.3210648974924954,0.0,0.0,1.0,inf,75881.0,inf,219.0,160.0,59.0,0.0,0.0,0.0,0.0,0.0,0.0
491.0,76026.0,211732.0,135706.0,67853.0,1.7849946071080947,38.3545775289421,236341.6262339101,0.3216784161616802,0.0,0.0,1.0,inf,76026.0,inf,216.0,145.0,71.0,0.0,0.0,0.0,0.0,0.0,0.0
492.0,76153.0,212065.0,135912.0,67956.0,1.7847228605570364,38.3545775289421,236341.6262339101,0.32221577389262135,0.0,0.0,1.0,inf,76153.0,inf,217.0,127.0,90.0,0.0,0.0,0.0,0.0,0.0,0.0
493.0,76294.0,212474.0,136180.0,68090.0,1.7849372165570032,38.3545775289421,236341.6262339101,0.32281236790886314,0.0,0.0,1.0,inf,76294.0,inf,217.0,141.0,76.0,0.0,0.0,0.0,0.0,0.0,0.0
494.0,76442.0,212876.0,136434.0,68217.0,1.7848041652494702,38.3545775289421,236341.6262339101,0.32343858006775517,0.0,0.0,1.0,inf,76442.0,inf,219.0,148.0,71.0,0.0,0.0,0.0,0.0,0.0,0.0
495.0,76571.0,213237.0,136666.0,68333.0,1.784827153883324,38.3545775289421,236341.6262339101,0.3239844001251679,0.0,0.0,1.0,inf,76571.0,inf,218.0,129.0,89.0,0.0,0.0,0.0,0.0,0.0,0.0
496.0,76711.0,213635.0,136924.0,68462.0,1.784933060447654,38.3545775289421,236341.6262339101,0.3245767629781739,0.0,0.0,1.0,inf,76711.0,inf,219.0,140.0,79.0,0.0,0.0,0.0,0.0,0.0,0.0
497.0,76845.0,214007.0,137162.0,68581.0,1.7849176914568288,38.3545775289421,236341.6262339101,0.32514373885176534,0.0,0.0,1.0,inf,76845.0,inf,219.0,134.0,85.0,0.0,0.0,0.0,0.0,0.0,0.0
498.0,76985.0,214409.0,137424.0,68712.0,1.7850750146132364,38.3545775289421,236341.6262339101,0.32573610170477135,0.0,0.0,1.0,inf,76985.0,inf,220.0,140.0,80.0,0.0,0.0,0.0,0.0,0.0,0.0
499.0,77125.0,214801.0,137676.0,68838.0,1.785102106969206,38.3545775289421,236341.6262339101,0.32632846455777736,0.0,0.0,1.0,inf,77125.0,inf,216.0,140.0,76.0,0.0,0.0,0.0,0.0,0.0,0.0
500.0,77259.0,215177.0,137918.0,68959.0,1.785138301039361,38.3545775289421,236341.6262339101,0.32689544043136887,0.0,0.0,1.0,inf,77259.0,inf,219.0,134.0,85.0,0.0,0.0,0.0,0.0,0.0,0.0
501.0,77417.0,215615.0,138198.0,69099.0,1.7851117971504966,38.3545775289421,236341.6262339101,0.3275639642226185,0.0,0.0,1.0,inf,77417.0,inf,216.0,158.0,58.0,0.0,0.0,0.0,0.0,0.0,0.0
502.0,77553.0,215999.0,138446.0,69223.0,1.7851791677949274,38.3545775289421,236341.6262339101,0.32813940242268147,0.0,0.0,1.0,inf,77553.0,inf,218.0,136.0,82.0,0.0,0.0,0.0,0.0,0.0,0.0
503.0,77693.0,216383.0,138690.0,69345.0,1.7851029050236187,38.3545775289421,236341.6262339101,0.3287317652756875,0.0,0.0,1.0,inf,77693.0,inf,216.0,140.0,76.0,0.0,0.0,0.0,0.0,0.0,0.0
504.0,77828.0,216764.0,138936.0,69468.0,1.7851672919771804,38.3545775289421,236341.6262339101,0.3293029723125147,0.0,0.0,1.0,inf,77828.0,inf,218.0,135.0,83.0,0.0,0.0,0.0,0.0,0.0,0.0
505.0,77962.0,217138.0,139176.0,69588.0,1.7851773941150817,38.3545775289421,236341.6262339101,0.3298699481861062,0.0,0.0,1.0,inf,77962.0,inf,216.0,134.0,82.0,0.0,0.0,0.0,0.0,0.0,0.0
506.0,78104.0,217538.0,139434.0,69717.0,1.7852350711871352,38.3545775289421,236341.6262339101,0.3304707733655837,0.0,0.0,1.0,inf,78104.0,inf,219.0,142.0,77.0,0.0,0.0,0.0,0.0,0.0,0.0
507.0,78239.0,217915.0,139676.0,69838.0,1.7852477664591828,38.3545775289421,236341.6262339101,0.33104198040241095,0.0,0.0,1.0,inf,78239.0,inf,216.0,135.0,81.0,0.0,0.0,0.0,0.0,0.0,0.0
508.0,78377.0,218289.0,139912.0,69956.0,1.785115531342103,38.3545775289421,236341.6262339101,0.33162588092894546,0.0,0.0,1.0,inf,78377.0,inf,217.0,138.0,79.0,0.0,0.0,0.0,0.0,0.0,0.0
509.0,78520.0,218694.0,140174.0,70087.0,1.785201222618441,38.3545775289421,236341.6262339101,0.33223093727165875,0.0,0.0,1.0,inf,78520.0,inf,216.0,143.0,73.0,0.0,0.0,0.0,0.0,0.0,0.0
510.0,78662.0,219102.0,140440.0,70220.0,1.7853601484833845,38.3545775289421,236341.6262339101,0.33283176245113627,0.0,0.0,1.0,inf,78662.0,inf,219.0,142.0,77.0,0.0,0.0,0.0,0.0,0.0,0.0
511.0,78805.0,219505.0,140700.0,70350.0,1.7854197068713915,38.3545775289421,236341.6262339101,0.33343681879384957,0.0,0.0,1.0,inf,78805.0,inf,217.0,143.0,74.0,0.0,0.0,0.0,0.0,0.0,0.0
512.0,78945.0,219901.0,140956.0,70478.0,1.7854962315536134,38.63596170339545,241581.56482620526,0.32678404106204606,0.0,0.0,1.0,inf,78945.0,inf,217.0,140.0,77.0,0.0,0.0,0.0,0.0,0.0,0.0
513.0,79081.0,220277.0,141196.0,70598.0,1.785460477232205,38.63596170339545,241581.56482620526,0.32734699792548816,0.0,0.0,1.0,inf,79081.0,inf,219.0,136.0,83.0,0.0,0.0,0.0,0.0,0.0,0.0
514.0,79217.0,220659.0,141442.0,70721.0,1.7855005869952156,38.63596170339545,241581.56482620526,0.3279099547889303,0.0,0.0,1.0,inf,79217.0,inf,218.0,136.0,82.0,0.0,0.0,0.0,0.0,0.0,0.0
515.0,79341.0,221003.0,141662.0,70831.0,1.7854829155165677,38.63596170339545,241581.56482620526,0.32842323898795106,0.0,0.0,1.0,inf,79341.0,inf,220.0,124.0,96.0,0.0,0.0,0.0,0.0,0.0,0.0
516.0,79486.0,221410.0,141924.0,70962.0,1.7855219787132326,38.63596170339545,241581.56482620526,0.3290234503497092,0.0,0.0,1.0,inf,79486.0,inf,217.0,145.0,72.0,0.0,0.0,0.0,0.0,0.0,0.0
517.0,79626.0,221814.0,142188.0,71094.0,1.7856981387988848,38.63596170339545,241581.56482620526,0.3296029647679584,0.0,0.0,1.0,inf,79626.0,inf,218.0,140.0,78.0,0.0,0.0,0.0,0.0,0.0,0.0
518.0,79782.0,222258.0,142476.0,71238.0,1.7858163495525305,38.63596170339545,241581.56482620526,0.33024870940543616,0.0,0.0,1.0,inf,79782.0,inf,219.0,156.0,63.0,0.0,0.0,0.0,0.0,0.0,0.0
519.0,79931.0,222677.0,142746.0,71373.0,1.785865308828865,38.63596170339545,241581.56482620526,0.3308654783220014,0.0,0.0,1.0,inf,79931.0,inf,219.0,149.0,70.0,0.0,0.0,0.0,0.0,0.0,0.0
520.0,80062.0,223040.0,142978.0,71489.0,1.7858409732457345,38.63596170339545,241581.56482620526,0.33140773824193465,0.0,0.0,1.0,inf,80062.0,inf,218.0,131.0,87.0,0.0,0.0,0.0,0.0,0.0,0.0
521.0,80189.0,223395.0,143206.0,71603.0,1.7858559153998679,38.63596170339545,241581.56482620526,0.33193344060706076,0.0,0.0,1.0,inf,80189.0,inf,218.0,127.0,91.0,0.0,0.0,0.0,0.0,0.0,0.0
522.0,80334.0,223810.0,143476.0,71738.0,1.785993477232554,38.63596170339545,241581.56482620526,0.3325336519688189,0.0,0.0,1.0,inf,80334.0,inf,220.0,145.0,75.0,0.0,0.0,0.0,0.0,0.0,0.0
523.0,80466.0,224186.0,143720.0,71860.0,1.7860959908532796,38.63596170339545,241581.56482620526,0.3330800512774539,0.0,0.0,1.0,inf,80466.0,inf,215.0,132.0,83.0,0.0,0.0,0.0,0.0,0.0,0.0
524.0,80613.0,224595.0,143982.0,71991.0,1.7860890923300212,38.63596170339545,241581.56482620526,0.3336885414166156,0.0,0.0,1.0,inf,80613.0,inf,219.0,147.0,72.0,0.0,0.0,0.0,0.0,0.0,0.0
525.0,80748.0,224966.0,144218.0,72109.0,1.7860256600782682,38.63596170339545,241581.56482620526,0.33424735889135593,0.0,0.0,1.0,inf,80748.0,inf,217.0,135.0,82.0,0.0,0.0,0.0,0.0,0.0,0.0
526.0,80894.0,225364.0,144470.0,72235.0,1.7859173733527827,38.63596170339545,241581.56482620526,0.3348517096418159,0.0,0.0,1.0,inf,80894.0,inf,219.0,146.0,73.0,0.0,0.0,0.0,0.0,0.0,0.0
527.0,81037.0,225767.0,144730.0,72365.0,1.7859743080321335,38.63596170339545,241581.56482620526,0.33544364222617046,0.0,0.0,1.0,inf,81037.0,inf,218.0,143.0,75.0,0.0,0.0,0.0,0.0,0.0,0.0
528.0,81184.0,226184.0,145000.0,72500.0,1.7860662199448167,38.63596170339545,241581.56482620526,0.33605213236533216,0.0,0.0,1.0,inf,81184.0,inf,220.0,147.0,73.0,0.0,0.0,0.0,0.0,0.0,0.0
529.0,81309.0,226535.0,145226.0,72613.0,1.7860999397360686,38.63596170339545,241581.56482620526,0.3365695559530547,0.0,0.0,1.0,inf,81309.0,inf,218.0,125.0,93.0,0.0,0.0,0.0,0.0,0.0,0.0
530.0,81451.0,226937.0,145486.0,72743.0,1.7861781930240268,38.63596170339545,241581.56482620526,0.3371573491487075,0.0,0.0,1.0,inf,81451.0,inf,217.0,142.0,75.0,0.0,0.0,0.0,0.0,0.0,0.0
531.0,81584.0,227314.0,145730.0,72865.0,1.7862571092371053,38.63596170339545,241581.56482620526,0.3377078878460443,0.0,0.0,1.0,inf,81584.0,inf,214.0,133.0,81.0,0.0,0.0,0.0,0.0,0.0,0.0
532.0,81715.0,227675.0,145960.0,72980.0,1.786208162516062,38.63596170339545,241581.56482620526,0.3382501477659775,0.0,0.0,1.0,inf,81715.0,inf,218.0,131.0,87.0,0.0,0.0,0.0,0.0,0.0,0.0
533.0,81853.0,228059.0,146206.0,73103.0,1.7862020939977765,38.63596170339545,241581.56482620526,0.33882138340682316,0.0,0.0,1.0,inf,81853.0,inf,215.0,138.0,77.0,0.0,0.0,0.0,0.0,0.0,0.0
534.0,81995.0,228451.0,146456.0,73228.0,1.7861576925422282,38.63596170339545,241581.56482620526,0.339409176602476,0.0,0.0,1.0,inf,81995.0,inf,219.0,142.0,77.0,0.0,0.0,0.0,0.0,0.0,0.0
535.0,82129.0,228825.0,146696.0,73348.0,1.7861656662080385,38.63596170339545,241581.56482620526,0.33996385468851453,0.0,0.0,1.0,inf,82129.0,inf,219.0,134.0,85.0,0.0,0.0,0.0,0.0,0.0,0.0
536.0,82275.0,229225.0,146950.0,73475.0,1.786083257368581,38.8037311262596,244742.3181693844,0.3361698974472329,0.0,0.0,1.0,inf,82275.0,inf,219.0,146.0,73.0,0.0,0.0,0.0,0.0,0.0,0.0
537.0,82410.0,229596.0,147186.0,73593.0,1.7860211139424826,38.8037311262596,244742.3181693844,0.336721498008222,0.0,0.0,1.0,inf,82410.0,inf,217.0,135.0,82.0,0.0,0.0,0.0,0.0,0.0,0.0
538.0,82546.0,229984.0,147438.0,73719.0,1.7861313691759746,38.8037311262596,244742.3181693844,0.33727718449929245,0.0,0.0,1.0,inf,82546.0,inf,219.0,136.0,83.0,0.0,0.0,0.0,0.0,0.0,0.0
539.0,82694.0,230402.0,147708.0,73854.0,1.7861997242847123,38.8037311262596,244742.3181693844,0.33788190215133973,0.0,0.0,1.0,inf,82694.0,inf,219.0,148.0,71.0,0.0,0.0,0.0,0.0,0.0,0.0
540.0,82836.0,230810.0,147974.0,73987.0,1.786348930416727,38.8037311262596,244742.3181693844,0.33846210422289863,0.0,0.0,1.0,inf,82836.0,inf,220.0,142.0,78.0,0.0,0.0,0.0,0.0,0.0,0.0
541.0,82982.0,231224.0,148242.0,74121.0,1.7864356125424792,38.8037311262596,244742.3181693844,0.3390586500147831,0.0,0.0,1.0,inf,82982.0,inf,218.0,146.0,72.0,0.0,0.0,0.0,0.0,0.0,0.0
542.0,83114.0,231604.0,148490.0,74245.0,1.7865822845729962,38.8037311262596,244742.3181693844,0.339597992785528,0.0,0.0,1.0,inf,83114.0,inf,220.0,132.0,88.0,0.0,0.0,0.0,0.0,0.0,0.0
543.0,83250.0,231976.0,148726.0,74363.0,1.7864984984984984,38.8037311262596,244742.3181693844,0.34015367927659845,0.0,0.0,1.0,inf,83250.0,inf,218.0,136.0,82.0,0.0,0.0,0.0,0.0,0.0,0.0
544.0,83388.0,232366.0,148978.0,74489.0,1.7865640140068115,38.8037311262596,244742.3181693844,0.34071753762783175,0.0,0.0,1.0,inf,83388.0,inf,220.0,138.0,82.0,0.0,0.0,0.0,0.0,0.0,0.0
545.0,83524.0,232756.0,149232.0,74616.0,1.7866960394617115,38.8037311262596,244742.3181693844,0.3412732241189022,0.0,0.0,1.0,inf,83524.0,inf,218.0,136.0,82.0,0.0,0.0,0.0,0.0,0.0,0.0
546.0,83663.0,233129.0,149466.0,74733.0,1.786524509042229,38.8037311262596,244742.3181693844,0.3418411684002169,0.0,0.0,1.0,inf,83663.0,inf,220.0,139.0,81.0,0.0,0.0,0.0,0.0,0.0,0.0
547.0,83802.0,233512.0,149710.0,74855.0,1.786472876542326,38.8037311262596,244742.3181693844,0.34240911268153157,0.0,0.0,1.0,inf,83802.0,inf,216.0,139.0,77.0,0.0,0.0,0.0,0.0,0.0,0.0
548.0,83939.0,233897.0,149958.0,74979.0,1.7865116334480993,38.8037311262596,244742.3181693844,0.3429688851026835,0.0,0.0,1.0,inf,83939.0,inf,220.0,137.0,83.0,0.0,0.0,0.0,0.0,0.0,0.0
549.0,84081.0,234301.0,150220.0,75110.0,1.7866105303219515,38.8037311262596,244742.3181693844,0.3435490871742423,0.0,0.0,1.0,inf,84081.0,inf,218.0,142.0,76.0,0.0,0.0,0.0,0.0,0.0,0.0
550.0,84218.0,234682.0,150464.0,75232.0,1.786601439122278,38.8037311262596,244742.3181693844,0.3441088595953942,0.0,0.0,1.0,inf,84218.0,inf,219.0,137.0,82.0,0.0,0.0,0.0,0.0,0.0,0.0
551.0,84346.0,235034.0,150688.0,75344.0,1.786545894292557,38.8037311262596,244742.3181693844,0.34463185864581347,0.0,0.0,1.0,inf,84346.0,inf,217.0,128.0,89.0,0.0,0.0,0.0,0.0,0.0,0.0
552.0,84480.0,235408.0,150928.0,75464.0,1.7865530303030304,38.8037311262596,244742.3181693844,0.34517937327672116,0.0,0.0,1.0,inf,84480.0,inf,220.0,134.0,86.0,0.0,0.0,0.0,0.0,0.0,0.0
553.0,84609.0,235765.0,151156.0,75578.0,1.7865238922573248,38.8037311262596,244742.3181693844,0.34570645825722185,0.0,0.0,1.0,inf,84609.0,inf,218.0,129.0,89.0,0.0,0.0,0.0,0.0,0.0,0.0
554.0,84742.0,236128.0,151386.0,75693.0,1.7864341176748249,38.8037311262596,244742.3181693844,0.34624988695804815,0.0,0.0,1.0,inf,84742.0,inf,218.0,133.0,85.0,0.0,0.0,0.0,0.0,0.0,0.0
555.0,84869.0,236491.0,151622.0,75811.0,1.786541611189009,39.02303178037563,248915.32295845993,0.340955305568566,0.0,0.0,1.0,inf,84869.0,inf,219.0,127.0,92.0,0.0,0.0,0.0,0.0,0.0,0.0
556.0,85012.0,236882.0,151870.0,75935.0,1.786453677127935,39.02303178037563,248915.32295845993,0.34152979812410816,0.0,0.0,1.0,inf,85012.0,inf,219.0,143.0,76.0,0.0,0.0,0.0,0.0,0.0,0.0
557.0,85154.0,237278.0,152124.0,76062.0,1.7864574770415953,39.02303178037563,248915.32295845993,0.34210027324919196,0.0,0.0,1.0,inf,85154.0,inf,217.0,142.0,75.0,0.0,0.0,0.0,0.0,0.0,0.0
558.0,85288.0,237634.0,152346.0,76173.0,1.7862536347434574,39.02303178037563,248915.32295845993,0.34263860893060905,0.0,0.0,1.0,inf,85288.0,inf,219.0,134.0,85.0,0.0,0.0,0.0,0.0,0.0,0.0
559.0,85428.0,238022.0,152594.0,76297.0,1.7862293393266844,39.02303178037563,248915.32295845993,0.3432010491947762,0.0,0.0,1.0,inf,85428.0,inf,217.0,140.0,77.0,0.0,0.0,0.0,0.0,0.0,0.0
560.0,85564.0,238408.0,152844.0,76422.0,1.786312000373989,39.02303178037563,248915.32295845993,0.3437474197371099,0.0,0.0,1.0,inf,85564.0,inf,218.0,136.0,82.0,0.0,0.0,0.0,0.0,0.0,0.0
561.0,85702.0,238804.0,153102.0,76551.0,1.7864460572682084,39.02303178037563,248915.32295845993,0.34430182514036034,0.0,0.0,1.0,inf,85702.0,inf,220.0,138.0,82.0,0.0,0.0,0.0,0.0,0.0,0.0
562.0,85849.0,239217.0,153368.0,76684.0,1.7864855735069716,39.02303178037563,248915.32295845993,0.34489238741773587,0.0,0.0,1.0,inf,85849.0,inf,219.0,147.0,72.0,0.0,0.0,0.0,0.0,0.0,0.0
563.0,85981.0,239585.0,153604.0,76802.0,1.786487712401577,39.02303178037563,248915.32295845993,0.34542268823823624,0.0,0.0,1.0,inf,85981.0,inf,218.0,132.0,86.0,0.0,0.0,0.0,0.0,0.0,0.0
564.0,86129.0,239999.0,153870.0,76935.0,1.7865062870810064,39.02303178037563,248915.32295845993,0.3460172679460701,0.0,0.0,1.0,inf,86129.0,inf,218.0,148.0,70.0,0.0,0.0,0.0,0.0,0.0,0.0
565.0,86259.0,240367.0,154108.0,77054.0,1.7865729952816518,39.02303178037563,248915.32295845993,0.34653953390565384,0.0,0.0,1.0,inf,86259.0,inf,218.0,130.0,88.0,0.0,0.0,0.0,0.0,0.0,0.0
566.0,86392.0,240738.0,154346.0,77173.0,1.786577460876007,39.02303178037563,248915.32295845993,0.3470738521566126,0.0,0.0,1.0,inf,86392.0,inf,219.0,133.0,86.0,0.0,0.0,0.0,0.0,0.0,0.0
567.0,86523.0,241089.0,154566.0,77283.0,1.7864151728442148,39.02303178037563,248915.32295845993,0.3476001355466547,0.0,0.0,1.0,inf,86523.0,inf,219.0,131.0,88.0,0.0,0.0,0.0,0.0,0.0,0.0
568.0,86661.0,241477.0,154816.0,77408.0,1.7864552682290764,39.02303178037563,248915.32295845993,0.3481545409499051,0.0,0.0,1.0,inf,86661.0,inf,220.0,138.0,82.0,0.0,0.0,0.0,0.0,0.0,0.0
569.0,86792.0,241846.0,155054.0,77527.0,1.7865010600055304,39.02303178037563,248915.32295845993,0.34868082433994724,0.0,0.0,1.0,inf,86792.0,inf,219.0,131.0,88.0,0.0,0.0,0.0,0.0,0.0,0.0
570.0,86918.0,242196.0,155278.0,77639.0,1.7864884143675648,39.02303178037563,248915.32295845993,0.3491870205776976,0.0,0.0,1.0,inf,86918.0,inf,217.0,126.0,91.0,0.0,0.0,0.0,0.0,0.0,0.0
571.0,87050.0,242562.0,155512.0,77756.0,1.7864675473865594,39.02303178037563,248915.32295845993,0.34971732139819806,0.0,0.0,1.0,inf,87050.0,inf,220.0,132.0,88.0,0.0,0.0,0.0,0.0,0.0,0.0
572.0,87191.0,242949.0,155758.0,77879.0,1.7863999724742232,39.02303178037563,248915.32295845993,0.3502837790928235,0.0,0.0,1.0,inf,87191.0,inf,219.0,141.0,78.0,0.0,0.0,0.0,0.0,0.0,0.0
573.0,87332.0,243348.0,156016.0,78008.0,1.7864700224430907,39.02303178037563,248915.32295845993,0.350850236787449,0.0,0.0,1.0,inf,87332.0,inf,220.0,141.0,79.0,0.0,0.0,0.0,0.0,0.0,0.0
574.0,87468.0,243736.0,156268.0,78134.0,1.7865733754058628,39.02303178037563,248915.32295845993,0.35139660732978273,0.0,0.0,1.0,inf,87468.0,inf,219.0,136.0,83.0,0.0,0.0,0.0,0.0,0.0,0.0
575.0,87607.0,244123.0,156516.0,78258.0,1.7865695663588526,39.02303178037563,248915.32295845993,0.3519550301634915,0.0,0.0,1.0,inf,87607.0,inf,215.0,139.0,76.0,0.0,0.0,0.0,0.0,0.0,0.0
576.0,87744.0,244512.0,156768.0,78384.0,1.786652078774617,39.02303178037563,248915.32295845993,0.3525054181362836,0.0,0.0,1.0,inf,87744.0,inf,218.0,137.0,81.0,0.0,0.0,0.0,0.0,0.0,0.0
577.0,87876.0,244878.0,157002.0,78501.0,1.7866311620920388,39.02303178037563,248915.32295845993,0.35303571895678404,0.0,0.0,1.0,inf,87876.0,inf,219.0,132.0,87.0,0.0,0.0,0.0,0.0,0.0,0.0
578.0,88015.0,245279.0,157264.0,78632.0,1.7867863432369482,39.02303178037563,248915.32295845993,0.35359414179049287,0.0,0.0,1.0,inf,88015.0,inf,220.0,139.0,81.0,0.0,0.0,0.0,0.0,0.0,0.0
579.0,88163.0,245695.0,157532.0,78766.0,1.7868266733210076,39.02303178037563,248915.32295845993,0.35418872149832664,0.0,0.0,1.0,inf,88163.0,inf,220.0,148.0,72.0,0.0,0.0,0.0,0.0,0.0,0.0
580.0,88290.0,246062.0,157772.0,78886.0,1.7869747423264244,39.02303178037563,248915.32295845993,0.3546989351665354,0.0,0.0,1.0,inf,88290.0,inf,219.0,127.0,92.0,0.0,0.0,0.0,0.0,0.0,0.0
581.0,88424.0,246442.0,158018.0,79009.0,1.7870487650411653,39.02303178037563,248915.32295845993,0.3552372708479525,0.0,0.0,1.0,inf,88424.0,inf,219.0,134.0,85.0,0.0,0.0,0.0,0.0,0.0,0.0
582.0,88558.0,246812.0,158254.0,79127.0,1.7870096433975473,39.02303178037563,248915.32295845993,0.3557756065293696,0.0,0.0,1.0,inf,88558.0,inf,217.0,134.0,83.0,0.0,0.0,0.0,0.0,0.0,0.0
583.0,88696.0,247202.0,158506.0,79253.0,1.7870704428610085,39.02303178037563,248915.32295845993,0.35633001193262004,0.0,0.0,1.0,inf,88696.0,inf,218.0,138.0,80.0,0.0,0.0,0.0,0.0,0.0,0.0
584.0,88845.0,247625.0,158780.0,79390.0,1.7871574089706792,39.02303178037563,248915.32295845993,0.3569286090709122,0.0,0.0,1.0,inf,88845.0,inf,219.0,149.0,70.0,0.0,0.0,0.0,0.0,0.0,0.0
585.0,88981.0,248009.0,159028.0,79514.0,1.7872130005282028,39.02303178037563,248915.32295845993,0.357474979613246,0.0,0.0,1.0,inf,88981.0,inf,219.0,136.0,83.0,0.0,0.0,0.0,0.0,0.0,0.0
586.0,89116.0,248392.0,159276.0,79638.0,1.7872884779388662,39.02303178037563,248915.32295845993,0.35801733272512143,0.0,0.0,1.0,inf,89116.0,inf,220.0,135.0,85.0,0.0,0.0,0.0,0.0,0.0,0.0
587.0,89254.0,248774.0,159520.0,79760.0,1.7872588343379567,39.02303178037563,248915.32295845993,0.35857173812837184,0.0,0.0,1.0,inf,89254.0,inf,220.0,138.0,82.0,0.0,0.0,0.0,0.0,0.0,0.0
588.0,89398.0,249170.0,159772.0,79886.0,1.7871988187655206,39.02303178037563,248915.32295845993,0.3591502481143723,0.0,0.0,1.0,inf,89398.0,inf,219.0,144.0,75.0,0.0,0.0,0.0,0.0,0.0,0.0
589.0,89543.0,249565.0,160022.0,80011.0,1.7870967021431043,39.02303178037563,248915.32295845993,0.3597327755308311,0.0,0.0,1.0,inf,89543.0,inf,220.0,145.0,75.0,0.0,0.0,0.0,0.0,0.0,0.0
590.0,89680.0,249954.0,160274.0,80137.0,1.7871766280107046,39.02303178037563,248915.32295845993,0.3602831635036232,0.0,0.0,1.0,inf,89680.0,inf,218.0,137.0,81.0,0.0,0.0,0.0,0.0,0.0,0.0
591.0,89813.0,250339.0,160526.0,80263.0,1.787335909055482,39.02303178037563,248915.32295845993,0.360817481754582,0.0,0.0,1.0,inf,89813.0,inf,219.0,133.0,86.0,0.0,0.0,0.0,0.0,0.0,0.0
592.0,89942.0,250704.0,160762.0,80381.0,1.7873963220742257,39.02303178037563,248915.32295845993,0.3613357302837074,0.0,0.0,1.0,inf,89942.0,inf,219.0,129.0,90.0,0.0,0.0,0.0,0.0,0.0,0.0
593.0,90088.0,251122.0,161034.0,80517.0,1.7875188704377942,39.02303178037563,248915.32295845993,0.3619222751306245,0.0,0.0,1.0,inf,90088.0,inf,217.0,146.0,71.0,0.0,0.0,0.0,0.0,0.0,0.0
594.0,90222.0,251490.0,161268.0,80634.0,1.7874576045753807,39.02303178037563,248915.32295845993,0.3624606108120417,0.0,0.0,1.0,inf,90222.0,inf,216.0,134.0,82.0,0.0,0.0,0.0,0.0,0.0,0.0
595.0,90364.0,251886.0,161522.0,80761.0,1.7874596078084193,39.02303178037563,248915.32295845993,0.36303108593712546,0.0,0.0,1.0,inf,90364.0,inf,219.0,142.0,77.0,0.0,0.0,0.0,0.0,0.0,0.0
596.0,90499.0,252251.0,161752.0,80876.0,1.7873346666813998,39.02303178037563,248915.32295845993,0.36357343904900086,0.0,0.0,1.0,inf,90499.0,inf,220.0,135.0,85.0,0.0,0.0,0.0,0.0,0.0,0.0
597.0,90637.0,252639.0,162002.0,81001.0,1.7873716032084028,39.02303178037563,248915.32295845993,0.3641278444522513,0.0,0.0,1.0,inf,90637.0,inf,219.0,138.0,81.0,0.0,0.0,0.0,0.0,0.0,0.0
598.0,90770.0,253004.0,162234.0,81117.0,1.78730858213066,39.02303178037563,248915.32295845993,0.36466216270321006,0.0,0.0,1.0,inf,90770.0,inf,218.0,133.0,85.0,0.0,0.0,0.0,0.0,0.0,0.0
599.0,90904.0,253378.0,162474.0,81237.0,1.787314089589017,39.02303178037563,248915.32295845993,0.3652004983846272,0.0,0.0,1.0,inf,90904.0,inf,218.0,134.0,84.0,0.0,0.0,0.0,0.0,0.0,0.0
600.0,91051.0,253781.0,162730.0,81365.0,1.787240118175528,39.02303178037563,248915.32295845993,0.3657910606620027,0.0,0.0,1.0,inf,91051.0,inf,220.0,147.0,73.0,0.0,0.0,0.0,0.0,0.0,0.0
601.0,91188.0,254174.0,162986.0,81493.0,1.7873623722419616,39.02303178037563,248915.32295845993,0.3663414486347948,0.0,0.0,1.0,inf,91188.0,inf,219.0,137.0,82.0,0.0,0.0,0.0,0.0,0.0,0.0
602.0,91311.0,254519.0,163208.0,81604.0,1.787385966641478,39.02303178037563,248915.32295845993,0.36683559258117016,0.0,0.0,1.0,inf,91311.0,inf,220.0,123.0,97.0,0.0,0.0,0.0,0.0,0.0,0.0
603.0,91450.0,254906.0,163456.0,81728.0,1.7873810825587753,39.02303178037563,248915.32295845993,0.3673940154148789,0.0,0.0,1.0,inf,91450.0,inf,220.0,139.0,81.0,0.0,0.0,0.0,0.0,0.0,0.0
604.0,91581.0,255267.0,163686.0,81843.0,1.7873358010941134,39.02303178037563,248915.32295845993,0.36792029880492105,0.0,0.0,1.0,inf,91581.0,inf,217.0,131.0,86.0,0.0,0.0,0.0,0.0,0.0,0.0
605.0,91720.0,255642.0,163922.0,81961.0,1.7872001744439598,39.02303178037563,248915.32295845993,0.3684787216386298,0.0,0.0,1.0,inf,91720.0,inf,217.0,139.0,78.0,0.0,0.0,0.0,0.0,0.0,0.0
606.0,91853.0,256023.0,164170.0,82085.0,1.7873123360151546,39.093442633562795,250265.13987216115,0.36702275053936706,0.0,0.0,1.0,inf,91853.0,inf,219.0,133.0,86.0,0.0,0.0,0.0,0.0,0.0,0.0
607.0,91986.0,256394.0,164408.0,82204.0,1.7873154610484203,39.093442633562795,250265.13987216115,0.3675541869194715,0.0,0.0,1.0,inf,91986.0,inf,219.0,133.0,86.0,0.0,0.0,0.0,0.0,0.0,0.0
608.0,92112.0,256756.0,164644.0,82322.0,1.7874326906374849,39.093442633562795,250265.13987216115,0.368057652963781,0.0,0.0,1.0,inf,92112.0,inf,218.0,126.0,92.0,0.0,0.0,0.0,0.0,0.0,0.0
609.0,92243.0,257131.0,164888.0,82444.0,1.7875394338865822,39.093442633562795,250265.13987216115,0.36858109781937265,0.0,0.0,1.0,inf,92243.0,inf,220.0,131.0,89.0,0.0,0.0,0.0,0.0,0.0,0.0
610.0,92371.0,257489.0,165118.0,82559.0,1.78755237033268,39.093442633562795,250265.13987216115,0.36909255538819497,0.0,0.0,1.0,inf,92371.0,inf,220.0,128.0,92.0,0.0,0.0,0.0,0.0,0.0,0.0
611.0,92498.0,257842.0,165344.0,82672.0,1.787541352245454,39.093442633562795,250265.13987216115,0.3696000171947609,0.0,0.0,1.0,inf,92498.0,inf,219.0,127.0,92.0,0.0,0.0,0.0,0.0,0.0,0.0
612.0,92633.0,258207.0,165574.0,82787.0,1.7874191702740925,39.093442633562795,250265.13987216115,0.3701394450993782,0.0,0.0,1.0,inf,92633.0,inf,217.0,135.0,82.0,0.0,0.0,0.0,0.0,0.0,0.0
613.0,92758.0,258560.0,165802.0,82901.0,1.787468466331745,39.093442633562795,250265.13987216115,0.3706389153814313,0.0,0.0,1.0,inf,92758.0,inf,220.0,125.0,95.0,0.0,0.0,0.0,0.0,0.0,0.0
614.0,92872.0,258874.0,166002.0,83001.0,1.7874278576966147,39.093442633562795,250265.13987216115,0.3710944322786637,0.0,0.0,1.0,inf,92872.0,inf,218.0,114.0,104.0,0.0,0.0,0.0,0.0,0.0,0.0
615.0,93015.0,259265.0,166250.0,83125.0,1.7873461269687685,39.093442633562795,250265.13987216115,0.3716658262813324,0.0,0.0,1.0,inf,93015.0,inf,219.0,143.0,76.0,0.0,0.0,0.0,0.0,0.0,0.0
616.0,93155.0,259669.0,166514.0,83257.0,1.7874939616767753,39.093442633562795,250265.13987216115,0.37222523299723187,0.0,0.0,1.0,inf,93155.0,inf,216.0,140.0,76.0,0.0,0.0,0.0,0.0,0.0,0.0
617.0,93282.0,260026.0,166744.0,83372.0,1.7875259964408996,39.093442633562795,250265.13987216115,0.3727326948037978,0.0,0.0,1.0,inf,93282.0,inf,218.0,127.0,91.0,0.0,0.0,0.0,0.0,0.0,0.0
618.0,93401.0,260373.0,166972.0,83486.0,1.787689639297224,39.093442633562795,250265.13987216115,0.3732081905123123,0.0,0.0,1.0,inf,93401.0,inf,217.0,119.0,98.0,0.0,0.0,0.0,0.0,0.0,0.0
619.0,93527.0,260727.0,167200.0,83600.0,1.7877190543907107,39.093442633562795,250265.13987216115,0.3737116565566218,0.0,0.0,1.0,inf,93527.0,inf,219.0,126.0,93.0,0.0,0.0,0.0,0.0,0.0,0.0
620.0,93659.0,261101.0,167442.0,83721.0,1.7877833416970073,39.093442633562795,250265.13987216115,0.37423909717446985,0.0,0.0,1.0,inf,93659.0,inf,218.0,132.0,86.0,0.0,0.0,0.0,0.0,0.0,0.0
621.0,93788.0,261456.0,167668.0,83834.0,1.7877340384697402,39.093442633562795,250265.13987216115,0.3747545505055486,0.0,0.0,1.0,inf,93788.0,inf,220.0,129.0,91.0,0.0,0.0,0.0,0.0,0.0,0.0
622.0,93918.0,261812.0,167894.0,83947.0,1.7876658361549436,39.093442633562795,250265.13987216115,0.3752739995988838,0.0,0.0,1.0,inf,93918.0,inf,218.0,130.0,88.0,0.0,0.0,0.0,0.0,0.0,0.0
623.0,94045.0,262165.0,168120.0,84060.0,1.7876548460843213,39.093442633562795,250265.13987216115,0.3757814614054497,0.0,0.0,1.0,inf,94045.0,inf,220.0,127.0,93.0,0.0,0.0,0.0,0.0,0.0,0.0
624.0,94172.0,262532.0,168360.0,84180.0,1.7877925498024891,39.093442633562795,250265.13987216115,0.3762889232120156,0.0,0.0,1.0,inf,94172.0,inf,218.0,127.0,91.0,0.0,0.0,0.0,0.0,0.0,0.0
625.0,94311.0,262931.0,168620.0,84310.0,1.7879144532451146,39.093442633562795,250265.13987216115,0.37684433416565866,0.0,0.0,1.0,inf,94311.0,inf,219.0,139.0,80.0,0.0,0.0,0.0,0.0,0.0,0.0
626.0,94445.0,263305.0,168860.0,84430.0,1.7879188945947377,39.093442633562795,250265.13987216115,0.37737976630801956,0.0,0.0,1.0,inf,94445.0,inf,219.0,134.0,85.0,0.0,0.0,0.0,0.0,0.0,0.0
627.0,94582.0,263690.0,169108.0,84554.0,1.787951195787782,39.093442633562795,250265.13987216115,0.37792718573714973,0.0,0.0,1.0,inf,94582.0,inf,218.0,137.0,81.0,0.0,0.0,0.0,0.0,0.0,0.0
628.0,94719.0,264071.0,169352.0,84676.0,1.7879411733654282,39.093442633562795,250265.13987216115,0.3784746051662799,0.0,0.0,1.0,inf,94719.0,inf,219.0,137.0,82.0,0.0,0.0,0.0,0.0,0.0,0.0
629.0,94846.0,264418.0,169572.0,84786.0,1.78786664698564,39.093442633562795,250265.13987216115,0.3789820669728458,0.0,0.0,1.0,inf,94846.0,inf,220.0,127.0,93.0,0.0,0.0,0.0,0.0,0.0,0.0
630.0,94970.0,264756.0,169786.0,84893.0,1.787785616510477,39.093442633562795,250265.13987216115,0.37947754149264246,0.0,0.0,1.0,inf,94970.0,inf,219.0,124.0,95.0,0.0,0.0,0.0,0.0,0.0,0.0
631.0,95100.0,265120.0,170020.0,85010.0,1.787802313354364,39.093442633562795,250265.13987216115,0.37999699058597763,0.0,0.0,1.0,inf,95100.0,inf,218.0,130.0,88.0,0.0,0.0,0.0,0.0,0.0,0.0
632.0,95223.0,265461.0,170238.0,85119.0,1.7877823635046155,39.093442633562795,250265.13987216115,0.3804884693435179,0.0,0.0,1.0,inf,95223.0,inf,220.0,123.0,97.0,0.0,0.0,0.0,0.0,0.0,0.0
633.0,95347.0,265807.0,170460.0,85230.0,1.787785667089683,39.093442633562795,250265.13987216115,0.3809839438633145,0.0,0.0,1.0,inf,95347.0,inf,220.0,124.0,96.0,0.0,0.0,0.0,0.0,0.0,0.0
634.0,95471.0,266153.0,170682.0,85341.0,1.787788962093201,39.093442633562795,250265.13987216115,0.38147941838311117,0.0,0.0,1.0,inf,95471.0,inf,219.0,124.0,95.0,0.0,0.0,0.0,0.0,0.0,0.0
635.0,95597.0,266489.0,170892.0,85446.0,1.7876293189116814,39.093442633562795,250265.13987216115,0.3819828844274207,0.0,0.0,1.0,inf,95597.0,inf,219.0,126.0,93.0,0.0,0.0,0.0,0.0,0.0,0.0
636.0,95725.0,266839.0,171114.0,85557.0,1.7875581091668844,39.093442633562795,250265.13987216115,0.382494341996243,0.0,0.0,1.0,inf,95725.0,inf,219.0,128.0,91.0,0.0,0.0,0.0,0.0,0.0,0.0
637.0,95854.0,267188.0,171334.0,85667.0,1.787447576522628,39.093442633562795,250265.13987216115,0.38300979532732177,0.0,0.0,1.0,inf,95854.0,inf,218.0,129.0,89.0,0.0,0.0,0.0,0.0,0.0,0.0
638.0,95976.0,267532.0,171556.0,85778.0,1.787488538801367,39.093442633562795,250265.13987216115,0.3834972783226056,0.0,0.0,1.0,inf,95976.0,inf,220.0,122.0,98.0,0.0,0.0,0.0,0.0,0.0,0.0
639.0,96100.0,267892.0,171792.0,85896.0,1.7876378772112382,39.093442633562795,250265.13987216115,0.38399275284240225,0.0,0.0,1.0,inf,96100.0,inf,218.0,124.0,94.0,0.0,0.0,0.0,0.0,0.0,0.0
640.0,96236.0,268270.0,172034.0,86017.0,1.78762625213018,39.093442633562795,250265.13987216115,0.38453617650927596,0.0,0.0,1.0,inf,96236.0,inf,220.0,136.0,84.0,0.0,0.0,0.0,0.0,0.0,0.0
641.0,96368.0,268636.0,172268.0,86134.0,1.787605844263656,39.093442633562795,250265.13987216115,0.385063617127124,0.0,0.0,1.0,inf,96368.0,inf,219.0,132.0,87.0,0.0,0.0,0.0,0.0,0.0,0.0
642.0,96485.0,268957.0,172472.0,86236.0,1.7875524692957454,39.093442633562795,250265.13987216115,0.3855311213111257,0.0,0.0,1.0,inf,96485.0,inf,217.0,117.0,100.0,0.0,0.0,0.0,0.0,0.0,0.0
643.0,96612.0,269324.0,172712.0,86356.0,1.7876868297934003,39.093442633562795,250265.13987216115,0.3860385831176916,0.0,0.0,1.0,inf,96612.0,inf,219.0,127.0,92.0,0.0,0.0,0.0,0.0,0.0,0.0
644.0,96747.0,269711.0,172964.0,86482.0,1.7877970376342418,39.371675918827776,255646.7724933294,0.3784401385412539,0.0,0.0,1.0,inf,96747.0,inf,220.0,135.0,85.0,0.0,0.0,0.0,0.0,0.0,0.0
645.0,96871.0,270051.0,173180.0,86590.0,1.7877383324214677,39.371675918827776,255646.7724933294,0.3789251828028756,0.0,0.0,1.0,inf,96871.0,inf,220.0,124.0,96.0,0.0,0.0,0.0,0.0,0.0,0.0
646.0,96989.0,270395.0,173406.0,86703.0,1.7878934724556392,39.371675918827776,255646.7724933294,0.3793867571808705,0.0,0.0,1.0,inf,96989.0,inf,219.0,118.0,101.0,0.0,0.0,0.0,0.0,0.0,0.0
647.0,97130.0,270784.0,173654.0,86827.0,1.7878513332646968,39.371675918827776,255646.7724933294,0.37993829944610163,0.0,0.0,1.0,inf,97130.0,inf,220.0,141.0,79.0,0.0,0.0,0.0,0.0,0.0,0.0
648.0,97266.0,271152.0,173886.0,86943.0,1.7877367219789033,39.371675918827776,255646.7724933294,0.3804702834749771,0.0,0.0,1.0,inf,97266.0,inf,218.0,136.0,82.0,0.0,0.0,0.0,0.0,0.0,0.0
649.0,97396.0,271512.0,174116.0,87058.0,1.7877120210275577,39.371675918827776,255646.7724933294,0.38097879762022563,0.0,0.0,1.0,inf,97396.0,inf,220.0,130.0,90.0,0.0,0.0,0.0,0.0,0.0,0.0
650.0,97528.0,271876.0,174348.0,87174.0,1.7876712328767124,39.371675918827776,255646.7724933294,0.3814951350600165,0.0,0.0,1.0,inf,97528.0,inf,220.0,132.0,88.0,0.0,0.0,0.0,0.0,0.0,0.0
651.0,97648.0,272220.0,174572.0,87286.0,1.7877683106668851,39.371675918827776,255646.7724933294,0.3819645327325536,0.0,0.0,1.0,inf,97648.0,inf,218.0,120.0,98.0,0.0,0.0,0.0,0.0,0.0,0.0
652.0,97782.0,272604.0,174822.0,87411.0,1.78787506903111,39.371675918827776,255646.7724933294,0.38248869346688674,0.0,0.0,1.0,inf,97782.0,inf,220.0,134.0,86.0,0.0,0.0,0.0,0.0,0.0,0.0
653.0,97906.0,272950.0,175044.0,87522.0,1.7878781688558414,39.371675918827776,255646.7724933294,0.38297373772850846,0.0,0.0,1.0,inf,97906.0,inf,218.0,124.0,94.0,0.0,0.0,0.0,0.0,0.0,0.0
654.0,98037.0,273313.0,175276.0,87638.0,1.7878556055366852,39.371675918827776,255646.7724933294,0.38348616352102816,0.0,0.0,1.0,inf,98037.0,inf,220.0,131.0,89.0,0.0,0.0,0.0,0.0,0.0,0.0
655.0,98163.0,273659.0,175496.0,87748.0,1.787801921294174,39.371675918827776,255646.7724933294,0.38397903107719217,0.0,0.0,1.0,inf,98163.0,inf,218.0,126.0,92.0,0.0,0.0,0.0,0.0,0.0,0.0
656.0,98309.0,274069.0,175760.0,87880.0,1.7878322432330713,39.371675918827776,255646.7724933294,0.384550131578779,0.0,0.0,1.0,inf,98309.0,inf,220.0,146.0,74.0,0.0,0.0,0.0,0.0,0.0,0.0
657.0,98446.0,274450.0,176004.0,88002.0,1.7878227657802246,39.371675918827776,255646.7724933294,0.3850860272549256,0.0,0.0,1.0,inf,98446.0,inf,218.0,137.0,81.0,0.0,0.0,0.0,0.0,0.0,0.0
658.0,98567.0,274787.0,176220.0,88110.0,1.7878194527580225,39.371675918827776,255646.7724933294,0.38555933657473385,0.0,0.0,1.0,inf,98567.0,inf,218.0,121.0,97.0,0.0,0.0,0.0,0.0,0.0,0.0
659.0,98700.0,275154.0,176454.0,88227.0,1.7877811550151976,40.02127874725216,268510.6353399819,0.3675832053170943,0.0,0.0,1.0,inf,98700.0,inf,220.0,133.0,87.0,0.0,0.0,0.0,0.0,0.0,0.0
660.0,98843.0,275553.0,176710.0,88355.0,1.7877846686158858,40.02127874725216,268510.6353399819,0.3681157726763683,0.0,0.0,1.0,inf,98843.0,inf,219.0,143.0,76.0,0.0,0.0,0.0,0.0,0.0,0.0
661.0,98988.0,275954.0,176966.0,88483.0,1.7877520507536266,40.02127874725216,268510.6353399819,0.3686557885301776,0.0,0.0,1.0,inf,98988.0,inf,219.0,145.0,74.0,0.0,0.0,0.0,0.0,0.0,0.0
662.0,99142.0,276376.0,177234.0,88617.0,1.7876782796393051,40.02127874725216,268510.6353399819,0.3692293226093958,0.0,0.0,1.0,inf,99142.0,inf,219.0,154.0,65.0,0.0,0.0,0.0,0.0,0.0,0.0
663.0,99281.0,276773.0,177492.0,88746.0,1.7877740957484312,40.02127874725216,268510.6353399819,0.3697469929795992,0.0,0.0,1.0,inf,99281.0,inf,220.0,139.0,81.0,0.0,0.0,0.0,0.0,0.0,0.0
664.0,99413.0,277145.0,177732.0,88866.0,1.787814470944444,40.02127874725216,268510.6353399819,0.3702385936189291,0.0,0.0,1.0,inf,99413.0,inf,218.0,132.0,86.0,0.0,0.0,0.0,0.0,0.0,0.0
665.0,99555.0,277535.0,177980.0,88990.0,1.787755512028527,40.02127874725216,268510.6353399819,0.37076743673093543,0.0,0.0,1.0,inf,99555.0,inf,220.0,142.0,78.0,0.0,0.0,0.0,0.0,0.0,0.0
666.0,99691.0,277923.0,178232.0,89116.0,1.787844439317491,40.02127874725216,268510.6353399819,0.37127393435933587,0.0,0.0,1.0,inf,99691.0,inf,219.0,136.0,83.0,0.0,0.0,0.0,0.0,0.0,0.0
667.0,99826.0,278298.0,178472.0,89236.0,1.7878308256366078,40.02127874725216,268510.6353399819,0.37177670774046867,0.0,0.0,1.0,inf,99826.0,inf,220.0,135.0,85.0,0.0,0.0,0.0,0.0,0.0,0.0
668.0,99958.0,278670.0,178712.0,89356.0,1.7878709057804278,40.02127874725216,268510.6353399819,0.3722683083797985,0.0,0.0,1.0,inf,99958.0,inf,217.0,132.0,85.0,0.0,0.0,0.0,0.0,0.0,0.0
669.0,100088.0,279030.0,178942.0,89471.0,1.7878466949084806,40.02127874725216,268510.6353399819,0.3727524605245931,0.0,0.0,1.0,inf,100088.0,inf,214.0,130.0,84.0,0.0,0.0,0.0,0.0,0.0,0.0
670.0,100228.0,279424.0,179196.0,89598.0,1.7878836253342378,40.02127874725216,268510.6353399819,0.3732738551420641,0.0,0.0,1.0,inf,100228.0,inf,220.0,140.0,80.0,0.0,0.0,0.0,0.0,0.0,0.0
671.0,100357.0,279789.0,179432.0,89716.0,1.7879370646790955,40.02127874725216,268510.6353399819,0.373754283039591,0.0,0.0,1.0,inf,100357.0,inf,217.0,129.0,88.0,0.0,0.0,0.0,0.0,0.0,0.0
672.0,100486.0,280148.0,179662.0,89831.0,1.7879306570069462,40.02127874725216,268510.6353399819,0.3742347109371179,0.0,0.0,1.0,inf,100486.0,inf,218.0,129.0,89.0,0.0,0.0,0.0,0.0,0.0,0.0
673.0,100606.0,280498.0,179892.0,89946.0,1.788084209689283,40.02127874725216,268510.6353399819,0.374681620609236,0.0,0.0,1.0,inf,100606.0,inf,219.0,120.0,99.0,0.0,0.0,0.0,0.0,0.0,0.0
674.0,100760.0,280934.0,180174.0,90087.0,1.7881500595474396,40.02127874725216,268510.6353399819,0.37525515468845416,0.0,0.0,1.0,inf,100760.0,inf,219.0,154.0,65.0,0.0,0.0,0.0,0.0,0.0,0.0
675.0,100896.0,281328.0,180432.0,90216.0,1.7882968601332065,40.02127874725216,268510.6353399819,0.3757616523168546,0.0,0.0,1.0,inf,100896.0,inf,220.0,136.0,84.0,0.0,0.0,0.0,0.0,0.0,0.0
676.0,101029.0,281703.0,180674.0,90337.0,1.7883380019598334,40.02127874725216,268510.6353399819,0.3762569772034521,0.0,0.0,1.0,inf,101029.0,inf,217.0,133.0,84.0,0.0,0.0,0.0,0.0,0.0,0.0
677.0,101153.0,282049.0,180896.0,90448.0,1.788340434786907,40.02127874725216,268510.6353399819,0.37671878386464075,0.0,0.0,1.0,inf,101153.0,inf,219.0,124.0,95.0,0.0,0.0,0.0,0.0,0.0,0.0
678.0,101281.0,282415.0,181134.0,90567.0,1.7884302090224227,40.02127874725216,268510.6353399819,0.3771954875149,0.0,0.0,1.0,inf,101281.0,inf,218.0,128.0,90.0,0.0,0.0,0.0,0.0,0.0,0.0
679.0,101410.0,282770.0,181360.0,90680.0,1.7883837885810079,40.02127874725216,268510.6353399819,0.3776759154124269,0.0,0.0,1.0,inf,101410.0,inf,217.0,129.0,88.0,0.0,0.0,0.0,0.0,0.0,0.0
680.0,101537.0,283137.0,181600.0,90800.0,1.788510592197918,40.02127874725216,268510.6353399819,0.3781488948154185,0.0,0.0,1.0,inf,101537.0,inf,216.0,127.0,89.0,0.0,0.0,0.0,0.0,0.0,0.0
681.0,101661.0,283493.0,181832.0,90916.0,1.7886111684913586,40.02127874725216,268510.6353399819,0.37861070147660714,0.0,0.0,1.0,inf,101661.0,inf,220.0,124.0,96.0,0.0,0.0,0.0,0.0,0.0,0.0
682.0,101798.0,283880.0,182082.0,91041.0,1.7886598950863475,40.02127874725216,268510.6353399819,0.37912092335227526,0.0,0.0,1.0,inf,101798.0,inf,220.0,137.0,83.0,0.0,0.0,0.0,0.0,0.0,0.0
683.0,101936.0,284278.0,182342.0,91171.0,1.7887890441061058,40.02127874725216,268510.6353399819,0.379634869475211,0.0,0.0,1.0,inf,101936.0,inf,220.0,138.0,82.0,0.0,0.0,0.0,0.0,0.0,0.0
684.0,102067.0,284643.0,182576.0,91288.0,1.788785797564345,40.02127874725216,268510.6353399819,0.38012274586727324,0.0,0.0,1.0,inf,102067.0,inf,218.0,131.0,87.0,0.0,0.0,0.0,0.0,0.0,0.0
685.0,102198.0,285016.0,182818.0,91409.0,1.788860838763968,40.02127874725216,268510.6353399819,0.3806106222593354,0.0,0.0,1.0,inf,102198.0,inf,217.0,131.0,86.0,0.0,0.0,0.0,0.0,0.0,0.0
686.0,102342.0,285424.0,183082.0,91541.0,1.788923413652264,40.02127874725216,268510.6353399819,0.38114691386587707,0.0,0.0,1.0,inf,102342.0,inf,218.0,144.0,74.0,0.0,0.0,0.0,0.0,0.0,0.0
687.0,102462.0,285766.0,183304.0,91652.0,1.788994944467217,40.02127874725216,268510.6353399819,0.3815938235379951,0.0,0.0,1.0,inf,102462.0,inf,218.0,120.0,98.0,0.0,0.0,0.0,0.0,0.0,0.0
688.0,102603.0,286167.0,183564.0,91782.0,1.7890704950147656,40.02127874725216,268510.6353399819,0.3821189424027338,0.0,0.0,1.0,inf,102603.0,inf,219.0,141.0,78.0,0.0,0.0,0.0,0.0,0.0,0.0
689.0,102735.0,286539.0,183804.0,91902.0,1.7891078989633522,40.02127874725216,268510.6353399819,0.38261054304206366,0.0,0.0,1.0,inf,102735.0,inf,218.0,132.0,86.0,0.0,0.0,0.0,0.0,0.0,0.0
690.0,102862.0,286902.0,184040.0,92020.0,1.7891932880947288,40.02127874725216,268510.6353399819,0.3830835224450553,0.0,0.0,1.0,inf,102862.0,inf,220.0,127.0,93.0,0.0,0.0,0.0,0.0,0.0,0.0
691.0,103001.0,287293.0,184292.0,92146.0,1.789225347326725,40.02127874725216,268510.6353399819,0.3836011928152587,0.0,0.0,1.0,inf,103001.0,inf,220.0,139.0,81.0,0.0,0.0,0.0,0.0,0.0,0.0
692.0,103145.0,287701.0,184556.0,92278.0,1.789286926171894,40.02127874725216,268510.6353399819,0.38413748442180035,0.0,0.0,1.0,inf,103145.0,inf,219.0,144.0,75.0,0.0,0.0,0.0,0.0,0.0,0.0
693.0,103283.0,288091.0,184808.0,92404.0,1.789336095969327,40.02127874725216,268510.6353399819,0.3846514305447361,0.0,0.0,1.0,inf,103283.0,inf,220.0,138.0,82.0,0.0,0.0,0.0,0.0,0.0,0.0
694.0,103411.0,288447.0,185036.0,92518.0,1.7893260871667425,40.02127874725216,268510.6353399819,0.38512813419499536,0.0,0.0,1.0,inf,103411.0,inf,220.0,128.0,92.0,0.0,0.0,0.0,0.0,0.0,0.0
695.0,103549.0,288835.0,185286.0,92643.0,1.789355763937846,40.02127874725216,268510.6353399819,0.3856420803179311,0.0,0.0,1.0,inf,103549.0,inf,220.0,138.0,82.0,0.0,0.0,0.0,0.0,0.0,0.0
696.0,103680.0,289204.0,185524.0,92762.0,1.7893904320987655,40.02127874725216,268510.6353399819,0.3861299567099933,0.0,0.0,1.0,inf,103680.0,inf,218.0,131.0,87.0,0.0,0.0,0.0,0.0,0.0,0.0
697.0,103803.0,289547.0,185744.0,92872.0,1.7893895166806355,40.02127874725216,268510.6353399819,0.3865880391239143,0.0,0.0,1.0,inf,103803.0,inf,217.0,123.0,94.0,0.0,0.0,0.0,0.0,0.0,0.0
698.0,103934.0,289930.0,185996.0,92998.0,1.789558758442858,40.02127874725216,268510.6353399819,0.38707591551597653,0.0,0.0,1.0,inf,103934.0,inf,219.0,131.0,88.0,0.0,0.0,0.0,0.0,0.0,0.0
699.0,104058.0,290276.0,186218.0,93109.0,1.7895596686463318,40.02127874725216,268510.6353399819,0.38753772217716514,0.0,0.0,1.0,inf,104058.0,inf,219.0,124.0,95.0,0.0,0.0,0.0,0.0,0.0,0.0
700.0,104182.0,290624.0,186442.0,93221.0,1.7895797738572883,40.02127874725216,268510.6353399819,0.3879995288383538,0.0,0.0,1.0,inf,104182.0,inf,220.0,124.0,96.0,0.0,0.0,0.0,0.0,0.0,0.0
