t,site_subsystems,total_subsystems,interface_subsystems,n_links,mean_degree,frontier_radius,volume_proxy,density,energy_remaining,energy_density,creation_rate_modifier,memory_total,memory_bound,memory_free,birth_attempts,births_accepted,births_reject_exclusion,births_reject_memory,births_reject_energy,deaths_attempted,deaths_executed,links_attempted_random,links_added_random
0.0,2.0,4.0,2.0,1.0,1.0,0.24582754256793837,0.06222719551849106,32.14028823467855,0.0,0.0,1.0,inf,2.0,inf,0.0,0.0,0.0,0.0,0.0,0.0,0.0,0.0,0.0
1.0,2.0,4.0,2.0,1.0,1.0,0.24582754256793837,0.06222719551849106,32.14028823467855,0.0,0.0,1.0,inf,2.0,inf,0.0,0.0,0.0,0.0,0.0,0.0,0.0,0.0,0.0
2.0,215.0,603.0,388.0,194.0,1.8046511627906976,12.061459247075584,7350.01407391878,0.029251644668670577,0.0,0.0,1.0,inf,215.0,inf,220.0,213.0,7.0,0.0,0.0,0.0,0.0,0.0,0.0
3.0,215.0,603.0,388.0,194.0,1.8046511627906976,12.061459247075584,7350.01407391878,0.029251644668670577,0.0,0.0,1.0,inf,215.0,inf,0.0,0.0,0.0,0.0,0.0,0.0,0.0,0.0,0.0
4.0,427.0,1205.0,778.0,389.0,1.8220140515222483,15.31826601583827,15056.2712688285,0.02836027542118163,0.0,0.0,1.0,inf,427.0,inf,220.0,212.0,8.0,0.0,0.0,0.0,0.0,0.0,0.0
5.0,427.0,1205.0,778.0,389.0,1.8220140515222483,15.31826601583827,15056.2712688285,0.02836027542118163,0.0,0.0,1.0,inf,427.0,inf,0.0,0.0,0.0,0.0,0.0,0.0,0.0,0.0,0.0
6.0,642.0,1788.0,1146.0,573.0,1.7850467289719627,16.344682015228678,18290.182410723784,0.035100798099399304,0.0,0.0,1.0,inf,642.0,inf,220.0,215.0,5.0,0.0,0.0,0.0,0.0,0.0,0.0
7.0,693.0,1901.0,1208.0,604.0,1.743145743145743,16.344682015228678,18290.182410723784,0.03788917925682822,0.0,0.0,1.0,inf,693.0,inf,54.0,51.0,3.0,0.0,0.0,0.0,0.0,0.0,0.0
8.0,855.0,2355.0,1500.0,750.0,1.7543859649122806,17.153527093068952,21142.13821802123,0.04044056429785381,0.0,0.0,1.0,inf,855.0,inf,174.0,162.0,12.0,0.0,0.0,0.0,0.0,0.0,0.0
9.0,968.0,2658.0,1690.0,845.0,1.7458677685950412,18.017723613581833,24501.257316364565,0.039508176560125584,0.0,0.0,1.0,inf,968.0,inf,123.0,113.0,10.0,0.0,0.0,0.0,0.0,0.0,0.0
10.0,1132.0,3106.0,1974.0,987.0,1.743816254416961,19.08779001512085,29131.01087456503,0.03885893300696873,0.0,0.0,1.0,inf,1132.0,inf,171.0,164.0,7.0,0.0,0.0,0.0,0.0,0.0,0.0
11.0,1219.0,3345.0,2126.0,1063.0,1.7440525020508613,19.25547406431903,29905.51289556925,0.040761715214742394,0.0,0.0,1.0,inf,1219.0,inf,89.0,87.0,2.0,0.0,0.0,0.0,0.0,0.0,0.0
12.0,1379.0,3789.0,2410.0,1205.0,1.747643219724438,19.86014757329021,32812.25084819336,0.04202698578588758,0.0,0.0,1.0,inf,1379.0,inf,164.0,160.0,4.0,0.0,0.0,0.0,0.0,0.0,0.0
13.0,1476.0,4042.0,2566.0,1283.0,1.7384823848238482,19.86014757329021,32812.25084819336,0.04498319870918786,0.0,0.0,1.0,inf,1476.0,inf,106.0,97.0,9.0,0.0,0.0,0.0,0.0,0.0,0.0
14.0,1641.0,4471.0,2830.0,1415.0,1.724558196221816,19.86014757329021,32812.25084819336,0.05001180832098732,0.0,0.0,1.0,inf,1641.0,inf,179.0,165.0,14.0,0.0,0.0,0.0,0.0,0.0,0.0
15.0,1785.0,4847.0,3062.0,1531.0,1.715406162464986,19.86014757329021,32812.25084819336,0.054400413073103206,0.0,0.0,1.0,inf,1785.0,inf,155.0,144.0,11.0,0.0,0.0,0.0,0.0,0.0,0.0
16.0,1946.0,5270.0,3324.0,1662.0,1.7081192189105858,20.737144287491947,37353.85750305307,0.05209635978937239,0.0,0.0,1.0,inf,1946.0,inf,175.0,161.0,14.0,0.0,0.0,0.0,0.0,0.0,0.0
17.0,2107.0,5709.0,3602.0,1801.0,1.7095396298054106,20.737144287491947,37353.85750305307,0.05640649027554348,0.0,0.0,1.0,inf,2107.0,inf,174.0,161.0,13.0,0.0,0.0,0.0,0.0,0.0,0.0
18.0,2269.0,6143.0,3874.0,1937.0,1.7073600705156458,21.080990721990357,39242.951230472034,0.05781930076242911,0.0,0.0,1.0,inf,2269.0,inf,173.0,162.0,11.0,0.0,0.0,0.0,0.0,0.0,0.0
19.0,2439.0,6597.0,4158.0,2079.0,1.7047970479704797,21.666149246255678,42602.37399565038,0.05725033070337858,0.0,0.0,1.0,inf,2439.0,inf,180.0,170.0,10.0,0.0,0.0,0.0,0.0,0.0,0.0
20.0,2596.0,7034.0,4438.0,2219.0,1.7095531587057011,21.666149246255678,42602.37399565038,0.06093557134316146,0.0,0.0,1.0,inf,2596.0,inf,166.0,157.0,9.0,0.0,0.0,0.0,0.0,0.0,0.0
21.0,2767.0,7491.0,4724.0,2362.0,1.7072641850379473,21.666149246255678,42602.37399565038,0.06494943216738357,0.0,0.0,1.0,inf,2767.0,inf,184.0,171.0,13.0,0.0,0.0,0.0,0.0,0.0,0.0
22.0,2916.0,7884.0,4968.0,2484.0,1.7037037037037037,21.666149246255678,42602.37399565038,0.06844688984462974,0.0,0.0,1.0,inf,2916.0,inf,165.0,149.0,16.0,0.0,0.0,0.0,0.0,0.0,0.0
23.0,3086.0,8338.0,5252.0,2626.0,1.7018794556059624,21.897512950574086,43981.79853778633,0.07016538892443672,0.0,0.0,1.0,inf,3086.0,inf,196.0,170.0,26.0,0.0,0.0,0.0,0.0,0.0,0.0
24.0,3249.0,8779.0,5530.0,2765.0,1.7020621729763004,21.897512950574086,43981.79853778633,0.0738714674709964,0.0,0.0,1.0,inf,3249.0,inf,180.0,163.0,17.0,0.0,0.0,0.0,0.0,0.0,0.0
25.0,3417.0,9223.0,5806.0,2903.0,1.6991513023119695,21.897512950574086,43981.79853778633,0.07769122940855484,0.0,0.0,1.0,inf,3417.0,inf,187.0,168.0,19.0,0.0,0.0,0.0,0.0,0.0,0.0
26.0,3581.0,9667.0,6086.0,3043.0,1.6995252722703156,21.897512950574086,43981.79853778633,0.08142004463331429,0.0,0.0,1.0,inf,3581.0,inf,188.0,164.0,24.0,0.0,0.0,0.0,0.0,0.0,0.0
27.0,3750.0,10128.0,6378.0,3189.0,1.7008,21.897512950574086,43981.79853778633,0.08526254324907248,0.0,0.0,1.0,inf,3750.0,inf,194.0,169.0,25.0,0.0,0.0,0.0,0.0,0.0,0.0
28.0,3916.0,10572.0,6656.0,3328.0,1.699693564862104,21.897512950574086,43981.79853778633,0.08903683183023142,0.0,0.0,1.0,inf,3916.0,inf,189.0,166.0,23.0,0.0,0.0,0.0,0.0,0.0,0.0
29.0,4089.0,11033.0,6944.0,3472.0,1.6982147224260211,21.897512950574086,43981.79853778633,0.09297027715878864,0.0,0.0,1.0,inf,4089.0,inf,201.0,173.0,28.0,0.0,0.0,0.0,0.0,0.0,0.0
30.0,4256.0,11486.0,7230.0,3615.0,1.6987781954887218,21.897512950574086,43981.79853778633,0.09676730241814734,0.0,0.0,1.0,inf,4256.0,inf,195.0,167.0,28.0,0.0,0.0,0.0,0.0,0.0,0.0
31.0,4427.0,11979.0,7552.0,3776.0,1.705895640388525,23.06718827581238,51412.9578921384,0.08610669725106278,0.0,0.0,1.0,inf,4427.0,inf,197.0,171.0,26.0,0.0,0.0,0.0,0.0,0.0,0.0
32.0,4606.0,12484.0,7878.0,3939.0,1.710377768128528,23.06718827581238,51412.9578921384,0.0895883098121516,0.0,0.0,1.0,inf,4606.0,inf,202.0,179.0,23.0,0.0,0.0,0.0,0.0,0.0,0.0
33.0,4764.0,12922.0,8158.0,4079.0,1.7124265323257766,23.06718827581238,51412.9578921384,0.09266146503367136,0.0,0.0,1.0,inf,4764.0,inf,193.0,158.0,35.0,0.0,0.0,0.0,0.0,0.0,0.0
34.0,4934.0,13406.0,8472.0,4236.0,1.7170652614511552,23.06718827581238,51412.9578921384,0.09596802444923057,0.0,0.0,1.0,inf,4934.0,inf,188.0,170.0,18.0,0.0,0.0,0.0,0.0,0.0,0.0
35.0,5100.0,13872.0,8772.0,4386.0,1.72,23.06718827581238,51412.9578921384,0.09919678246677663,0.0,0.0,1.0,inf,5100.0,inf,200.0,166.0,34.0,0.0,0.0,0.0,0.0,0.0,0.0
36.0,5264.0,14322.0,9058.0,4529.0,1.7207446808510638,23.06718827581238,51412.9578921384,0.10238663978531612,0.0,0.0,1.0,inf,5264.0,inf,199.0,164.0,35.0,0.0,0.0,0.0,0.0,0.0,0.0
37.0,5436.0,14786.0,9350.0,4675.0,1.7200147167034585,23.06718827581238,51412.9578921384,0.10573209989988192,0.0,0.0,1.0,inf,5436.0,inf,194.0,172.0,22.0,0.0,0.0,0.0,0.0,0.0,0.0
38.0,5603.0,15239.0,9636.0,4818.0,1.7197929680528288,23.06718827581238,51412.9578921384,0.10898030826693127,0.0,0.0,1.0,inf,5603.0,inf,193.0,167.0,26.0,0.0,0.0,0.0,0.0,0.0,0.0
39.0,5773.0,15719.0,9946.0,4973.0,1.722847739476875,23.69805057391639,55747.638505520554,0.1035559559967426,0.0,0.0,1.0,inf,5773.0,inf,196.0,170.0,26.0,0.0,0.0,0.0,0.0,0.0,0.0
40.0,5952.0,16232.0,10280.0,5140.0,1.7271505376344085,23.69805057391639,55747.638505520554,0.10676685433788533,0.0,0.0,1.0,inf,5952.0,inf,206.0,179.0,27.0,0.0,0.0,0.0,0.0,0.0,0.0
41.0,6122.0,16710.0,10588.0,5294.0,1.729500163345312,23.69805057391639,55747.638505520554,0.10981631086299294,0.0,0.0,1.0,inf,6122.0,inf,201.0,170.0,31.0,0.0,0.0,0.0,0.0,0.0,0.0
42.0,6296.0,17190.0,10894.0,5447.0,1.7303049555273189,23.69805057391639,55747.638505520554,0.11293751930633837,0.0,0.0,1.0,inf,6296.0,inf,205.0,174.0,31.0,0.0,0.0,0.0,0.0,0.0,0.0
43.0,6463.0,17649.0,11186.0,5593.0,1.7307751818041157,23.69805057391639,55747.638505520554,0.11593316189276762,0.0,0.0,1.0,inf,6463.0,inf,200.0,167.0,33.0,0.0,0.0,0.0,0.0,0.0,0.0
44.0,6625.0,18103.0,11478.0,5739.0,1.7325283018867925,23.69805057391639,55747.638505520554,0.11883911458139958,0.0,0.0,1.0,inf,6625.0,inf,199.0,162.0,37.0,0.0,0.0,0.0,0.0,0.0,0.0
45.0,6798.0,18574.0,11776.0,5888.0,1.7322741982936158,23.69805057391639,55747.638505520554,0.12194238504518555,0.0,0.0,1.0,inf,6798.0,inf,208.0,173.0,35.0,0.0,0.0,0.0,0.0,0.0,0.0
46.0,6972.0,19058.0,12086.0,6043.0,1.7335054503729201,23.69805057391639,55747.638505520554,0.125063593488531,0.0,0.0,1.0,inf,6972.0,inf,209.0,174.0,35.0,0.0,0.0,0.0,0.0,0.0,0.0
47.0,7134.0,19510.0,12376.0,6188.0,1.7347911410148584,23.69805057391639,55747.638505520554,0.12796954617716294,0.0,0.0,1.0,inf,7134.0,inf,194.0,162.0,32.0,0.0,0.0,0.0,0.0,0.0,0.0
48.0,7295.0,19967.0,12672.0,6336.0,1.7370801919122687,23.69805057391639,55747.638505520554,0.13085756088623546,0.0,0.0,1.0,inf,7295.0,inf,204.0,161.0,43.0,0.0,0.0,0.0,0.0,0.0,0.0
49.0,7464.0,20418.0,12954.0,6477.0,1.7355305466237942,23.790818294796342,56404.889062306924,0.1323289545300761,0.0,0.0,1.0,inf,7464.0,inf,212.0,169.0,43.0,0.0,0.0,0.0,0.0,0.0,0.0
50.0,7631.0,20875.0,13244.0,6622.0,1.735552352247412,23.790818294796342,56404.889062306924,0.13528969078496927,0.0,0.0,1.0,inf,7631.0,inf,201.0,167.0,34.0,0.0,0.0,0.0,0.0,0.0,0.0
51.0,7797.0,21331.0,13534.0,6767.0,1.735795818904707,23.790818294796342,56404.889062306924,0.13823269808025232,0.0,0.0,1.0,inf,7797.0,inf,208.0,166.0,42.0,0.0,0.0,0.0,0.0,0.0,0.0
52.0,7964.0,21790.0,13826.0,6913.0,1.7360622802611754,23.817819681854427,56597.157283212604,0.14071378108529523,0.0,0.0,1.0,inf,7964.0,inf,205.0,167.0,38.0,0.0,0.0,0.0,0.0,0.0,0.0
53.0,8129.0,22261.0,14132.0,7066.0,1.7384672161397465,24.07544505185972,58453.64284122918,0.1390674661984687,0.0,0.0,1.0,inf,8129.0,inf,206.0,165.0,41.0,0.0,0.0,0.0,0.0,0.0,0.0
54.0,8301.0,22735.0,14434.0,7217.0,1.7388266473918805,24.07544505185972,58453.64284122918,0.1420099688662183,0.0,0.0,1.0,inf,8301.0,inf,209.0,172.0,37.0,0.0,0.0,0.0,0.0,0.0,0.0
55.0,8482.0,23250.0,14768.0,7384.0,1.7410987974534309,24.496167640882362,61571.96952518623,0.13775749038741417,0.0,0.0,1.0,inf,8482.0,inf,207.0,181.0,26.0,0.0,0.0,0.0,0.0,0.0,0.0
56.0,8665.0,23769.0,15104.0,7552.0,1.7431044431621465,24.496167640882362,61571.96952518623,0.14072962204750575,0.0,0.0,1.0,inf,8665.0,inf,209.0,183.0,26.0,0.0,0.0,0.0,0.0,0.0,0.0
57.0,8838.0,24252.0,15414.0,7707.0,1.7440597420230821,24.523999701492954,61782.07862392128,0.14305119213936632,0.0,0.0,1.0,inf,8838.0,inf,207.0,173.0,34.0,0.0,0.0,0.0,0.0,0.0,0.0
58.0,9014.0,24722.0,15708.0,7854.0,1.742622587086754,24.803894954164353,63921.69161332449,0.14101629310011923,0.0,0.0,1.0,inf,9014.0,inf,211.0,176.0,35.0,0.0,0.0,0.0,0.0,0.0,0.0
59.0,9190.0,25218.0,16028.0,8014.0,1.744069640914037,24.937112239764044,64957.16905326156,0.1414778404592212,0.0,0.0,1.0,inf,9190.0,inf,214.0,176.0,38.0,0.0,0.0,0.0,0.0,0.0,0.0
60.0,9367.0,25737.0,16370.0,8185.0,1.7476246396925377,24.937112239764044,64957.16905326156,0.14420271290332154,0.0,0.0,1.0,inf,9367.0,inf,210.0,177.0,33.0,0.0,0.0,0.0,0.0,0.0,0.0
61.0,9537.0,26229.0,16692.0,8346.0,1.7502359232463038,24.937112239764044,64957.16905326156,0.14681982203042357,0.0,0.0,1.0,inf,9537.0,inf,205.0,170.0,35.0,0.0,0.0,0.0,0.0,0.0,0.0
62.0,9720.0,26734.0,17014.0,8507.0,1.7504115226337449,25.776703851082875,71741.54994176203,0.13548633961617013,0.0,0.0,1.0,inf,9720.0,inf,205.0,183.0,22.0,0.0,0.0,0.0,0.0,0.0,0.0
63.0,9888.0,27214.0,17326.0,8663.0,1.752224919093851,25.776703851082875,71741.54994176203,0.13782807881941256,0.0,0.0,1.0,inf,9888.0,inf,198.0,168.0,30.0,0.0,0.0,0.0,0.0,0.0,0.0
64.0,10053.0,27679.0,17626.0,8813.0,1.7533074704068436,25.776703851082875,71741.54994176203,0.14012800125116853,0.0,0.0,1.0,inf,10053.0,inf,194.0,165.0,29.0,0.0,0.0,0.0,0.0,0.0,0.0
65.0,10220.0,28150.0,17930.0,8965.0,1.75440313111546,25.776703851082875,71741.54994176203,0.14245580153058215,0.0,0.0,1.0,inf,10220.0,inf,192.0,167.0,25.0,0.0,0.0,0.0,0.0,0.0,0.0
66.0,10388.0,28610.0,18222.0,9111.0,1.7541393916056989,25.776703851082875,71741.54994176203,0.14479754073382461,0.0,0.0,1.0,inf,10388.0,inf,194.0,168.0,26.0,0.0,0.0,0.0,0.0,0.0,0.0
67.0,10569.0,29123.0,18554.0,9277.0,1.7555114012678588,25.776703851082875,71741.54994176203,0.14732048594684177,0.0,0.0,1.0,inf,10569.0,inf,199.0,181.0,18.0,0.0,0.0,0.0,0.0,0.0,0.0
68.0,10741.0,29617.0,18876.0,9438.0,1.7573782701796854,26.449258264750558,77504.8894689063,0.13858480508264082,0.0,0.0,1.0,inf,10741.0,inf,206.0,172.0,34.0,0.0,0.0,0.0,0.0,0.0,0.0
69.0,10919.0,30109.0,19190.0,9595.0,1.7574869493543366,26.449258264750558,77504.8894689063,0.14088143438202727,0.0,0.0,1.0,inf,10919.0,inf,200.0,178.0,22.0,0.0,0.0,0.0,0.0,0.0,0.0
70.0,11093.0,30581.0,19488.0,9744.0,1.756783557198233,26.449258264750558,77504.8894689063,0.14312645403423652,0.0,0.0,1.0,inf,11093.0,inf,200.0,174.0,26.0,0.0,0.0,0.0,0.0,0.0,0.0
71.0,11265.0,31069.0,19804.0,9902.0,1.758011540168664,26.449258264750558,77504.8894689063,0.14534566886285716,0.0,0.0,1.0,inf,11265.0,inf,185.0,172.0,13.0,0.0,0.0,0.0,0.0,0.0,0.0
72.0,11436.0,31542.0,20106.0,10053.0,1.7581322140608604,26.449258264750558,77504.8894689063,0.14755198127968347,0.0,0.0,1.0,inf,11436.0,inf,195.0,171.0,24.0,0.0,0.0,0.0,0.0,0.0,0.0
73.0,11624.0,32052.0,20428.0,10214.0,1.7573984858912595,26.449258264750558,77504.8894689063,0.149977634697013,0.0,0.0,1.0,inf,11624.0,inf,208.0,188.0,20.0,0.0,0.0,0.0,0.0,0.0,0.0
74.0,11803.0,32551.0,20748.0,10374.0,1.7578581716512751,26.449258264750558,77504.8894689063,0.15228716640819379,0.0,0.0,1.0,inf,11803.0,inf,209.0,179.0,30.0,0.0,0.0,0.0,0.0,0.0,0.0
75.0,11988.0,33064.0,21076.0,10538.0,1.7580914247580914,26.449258264750558,77504.8894689063,0.15467411259014038,0.0,0.0,1.0,inf,11988.0,inf,207.0,185.0,22.0,0.0,0.0,0.0,0.0,0.0,0.0
76.0,12161.0,33541.0,21380.0,10690.0,1.7580791053367322,26.449258264750558,77504.8894689063,0.15690622983055533,0.0,0.0,1.0,inf,12161.0,inf,210.0,173.0,37.0,0.0,0.0,0.0,0.0,0.0,0.0
77.0,12339.0,34027.0,21688.0,10844.0,1.7576789042872194,26.449258264750558,77504.8894689063,0.1592028591299418,0.0,0.0,1.0,inf,12339.0,inf,211.0,178.0,33.0,0.0,0.0,0.0,0.0,0.0,0.0
78.0,12519.0,34505.0,21986.0,10993.0,1.7562105599488778,26.449258264750558,77504.8894689063,0.1615252932529169,0.0,0.0,1.0,inf,12519.0,inf,214.0,180.0,34.0,0.0,0.0,0.0,0.0,0.0,0.0
79.0,12688.0,34968.0,22280.0,11140.0,1.7559899117276165,26.449258264750558,77504.8894689063,0.1637058008461546,0.0,0.0,1.0,inf,12688.0,inf,207.0,169.0,38.0,0.0,0.0,0.0,0.0,0.0,0.0
80.0,12869.0,35465.0,22596.0,11298.0,1.7558473851892145,26.449258264750558,77504.8894689063,0.166041137380924,0.0,0.0,1.0,inf,12869.0,inf,214.0,181.0,33.0,0.0,0.0,0.0,0.0,0.0,0.0
81.0,13032.0,35922.0,22890.0,11445.0,1.7564456721915285,26.449258264750558,77504.8894689063,0.16814423050339586,0.0,0.0,1.0,inf,13032.0,inf,207.0,163.0,44.0,0.0,0.0,0.0,0.0,0.0,0.0
82.0,13210.0,36396.0,23186.0,11593.0,1.7551854655563968,26.449258264750558,77504.8894689063,0.17044085980278234,0.0,0.0,1.0,inf,13210.0,inf,212.0,178.0,34.0,0.0,0.0,0.0,0.0,0.0,0.0
83.0,13379.0,36869.0,23490.0,11745.0,1.7557366021376783,26.449258264750558,77504.8894689063,0.17262136739602005,0.0,0.0,1.0,inf,13379.0,inf,210.0,169.0,41.0,0.0,0.0,0.0,0.0,0.0,0.0
84.0,13546.0,37312.0,23766.0,11883.0,1.7544662631034993,26.449258264750558,77504.8894689063,0.17477607016566915,0.0,0.0,1.0,inf,13546.0,inf,210.0,167.0,43.0,0.0,0.0,0.0,0.0,0.0,0.0
85.0,13722.0,37792.0,24070.0,12035.0,1.754117475586649,26.831658990096514,80915.40021670435,0.16958452857243855,0.0,0.0,1.0,inf,13722.0,inf,212.0,176.0,36.0,0.0,0.0,0.0,0.0,0.0,0.0
86.0,13896.0,38272.0,24376.0,12188.0,1.754173862982153,26.831658990096514,80915.40021670435,0.17173492268201473,0.0,0.0,1.0,inf,13896.0,inf,209.0,174.0,35.0,0.0,0.0,0.0,0.0,0.0,0.0
87.0,14070.0,38744.0,24674.0,12337.0,1.7536602700781805,26.831658990096514,80915.40021670435,0.17388531679159092,0.0,0.0,1.0,inf,14070.0,inf,208.0,174.0,34.0,0.0,0.0,0.0,0.0,0.0,0.0
88.0,14237.0,39199.0,24962.0,12481.0,1.753318817166538,26.831658990096514,80915.40021670435,0.17594920079331058,0.0,0.0,1.0,inf,14237.0,inf,205.0,167.0,38.0,0.0,0.0,0.0,0.0,0.0,0.0
89.0,14419.0,39681.0,25262.0,12631.0,1.7519938969415354,26.831658990096514,80915.40021670435,0.1781984635975799,0.0,0.0,1.0,inf,14419.0,inf,211.0,182.0,29.0,0.0,0.0,0.0,0.0,0.0,0.0
90.0,14587.0,40147.0,25560.0,12780.0,1.7522451497909097,27.189754317288518,84198.52032915314,0.17324532477501692,0.0,0.0,1.0,inf,14587.0,inf,204.0,168.0,36.0,0.0,0.0,0.0,0.0,0.0,0.0
91.0,14768.0,40640.0,25872.0,12936.0,1.751895991332611,27.189754317288518,84198.52032915314,0.17539500625745183,0.0,0.0,1.0,inf,14768.0,inf,214.0,181.0,33.0,0.0,0.0,0.0,0.0,0.0,0.0
92.0,14951.0,41151.0,26200.0,13100.0,1.7523911444050566,27.189754317288518,84198.52032915314,0.177568441126433,0.0,0.0,1.0,inf,14951.0,inf,211.0,183.0,28.0,0.0,0.0,0.0,0.0,0.0,0.0
93.0,15132.0,41662.0,26530.0,13265.0,1.753238170763944,27.189754317288518,84198.52032915314,0.1797181226088679,0.0,0.0,1.0,inf,15132.0,inf,210.0,181.0,29.0,0.0,0.0,0.0,0.0,0.0,0.0
94.0,15303.0,42125.0,26822.0,13411.0,1.7527282232242043,27.191909827101902,84218.5468203523,0.18170581870336747,0.0,0.0,1.0,inf,15303.0,inf,203.0,171.0,32.0,0.0,0.0,0.0,0.0,0.0,0.0
95.0,15474.0,42590.0,27116.0,13558.0,1.7523587953987334,27.83991195541729,90384.12993224527,0.171202621650502,0.0,0.0,1.0,inf,15474.0,inf,212.0,171.0,41.0,0.0,0.0,0.0,0.0,0.0,0.0
96.0,15653.0,43091.0,27438.0,13719.0,1.752890819651185,28.093140362815387,92873.00044974813,0.16854198662903705,0.0,0.0,1.0,inf,15653.0,inf,211.0,179.0,32.0,0.0,0.0,0.0,0.0,0.0,0.0
97.0,15829.0,43593.0,27764.0,13882.0,1.753995830437804,28.093140362815387,92873.00044974813,0.17043704761713585,0.0,0.0,1.0,inf,15829.0,inf,209.0,176.0,33.0,0.0,0.0,0.0,0.0,0.0,0.0
98.0,16002.0,44078.0,28076.0,14038.0,1.754530683664542,28.093140362815387,92873.00044974813,0.17229980642930115,0.0,0.0,1.0,inf,16002.0,inf,209.0,173.0,36.0,0.0,0.0,0.0,0.0,0.0,0.0
99.0,16180.0,44580.0,28400.0,14200.0,1.7552533992583437,28.85750489147098,100661.8582012086,0.16073615457861412,0.0,0.0,1.0,inf,16180.0,inf,201.0,178.0,23.0,0.0,0.0,0.0,0.0,0.0,0.0
100.0,16353.0,45069.0,28716.0,14358.0,1.7560080719134104,28.85750489147098,100661.8582012086,0.16245477971718644,0.0,0.0,1.0,inf,16353.0,inf,197.0,173.0,24.0,0.0,0.0,0.0,0.0,0.0,0.0
101.0,16522.0,45530.0,29008.0,14504.0,1.755719646531897,28.85750489147098,100661.8582012086,0.16413366785833514,0.0,0.0,1.0,inf,16522.0,inf,198.0,169.0,29.0,0.0,0.0,0.0,0.0,0.0,0.0
102.0,16693.0,46011.0,29318.0,14659.0,1.756305038039897,28.85750489147098,100661.8582012086,0.16583242449819563,0.0,0.0,1.0,inf,16693.0,inf,199.0,171.0,28.0,0.0,0.0,0.0,0.0,0.0,0.0
103.0,16870.0,46518.0,29648.0,14824.0,1.7574392412566686,28.85750489147098,100661.8582012086,0.1675907866341916,0.0,0.0,1.0,inf,16870.0,inf,197.0,177.0,20.0,0.0,0.0,0.0,0.0,0.0,0.0
104.0,17045.0,46993.0,29948.0,14974.0,1.756996186564975,28.85750489147098,100661.8582012086,0.16932928027147576,0.0,0.0,1.0,inf,17045.0,inf,204.0,175.0,29.0,0.0,0.0,0.0,0.0,0.0,0.0
105.0,17224.0,47478.0,30254.0,15127.0,1.7565025545750117,28.85750489147098,100661.8582012086,0.17110751090618354,0.0,0.0,1.0,inf,17224.0,inf,208.0,179.0,29.0,0.0,0.0,0.0,0.0,0.0,0.0
106.0,17397.0,47941.0,30544.0,15272.0,1.755705006610335,28.85750489147098,100661.8582012086,0.17282613604475586,0.0,0.0,1.0,inf,17397.0,inf,198.0,173.0,25.0,0.0,0.0,0.0,0.0,0.0,0.0
107.0,17566.0,48408.0,30842.0,15421.0,1.7557782079016282,29.24882880275036,104812.7343158796,0.16759413934437042,0.0,0.0,1.0,inf,17566.0,inf,197.0,169.0,28.0,0.0,0.0,0.0,0.0,0.0,0.0
108.0,17742.0,48902.0,31160.0,15580.0,1.756284522601736,29.24882880275036,104812.7343158796,0.16927332461845723,0.0,0.0,1.0,inf,17742.0,inf,204.0,176.0,28.0,0.0,0.0,0.0,0.0,0.0,0.0
109.0,17918.0,49400.0,31482.0,15741.0,1.7570041299252148,29.24882880275036,104812.7343158796,0.17095250989254407,0.0,0.0,1.0,inf,17918.0,inf,204.0,176.0,28.0,0.0,0.0,0.0,0.0,0.0,0.0
110.0,18080.0,49838.0,31758.0,15879.0,1.7565265486725663,29.24882880275036,104812.7343158796,0.17249812361073763,0.0,0.0,1.0,inf,18080.0,inf,192.0,162.0,30.0,0.0,0.0,0.0,0.0,0.0,0.0
111.0,18259.0,50331.0,32072.0,16036.0,1.7565036420395421,29.24882880275036,104812.7343158796,0.17420593136108728,0.0,0.0,1.0,inf,18259.0,inf,208.0,179.0,29.0,0.0,0.0,0.0,0.0,0.0,0.0
112.0,18438.0,50840.0,32402.0,16201.0,1.7573489532487254,29.24882880275036,104812.7343158796,0.17591373911143696,0.0,0.0,1.0,inf,18438.0,inf,212.0,179.0,33.0,0.0,0.0,0.0,0.0,0.0,0.0
113.0,18627.0,51355.0,32728.0,16364.0,1.7570193804692114,29.24882880275036,104812.7343158796,0.1777169551159961,0.0,0.0,1.0,inf,18627.0,inf,213.0,189.0,24.0,0.0,0.0,0.0,0.0,0.0,0.0
114.0,18807.0,51847.0,33040.0,16520.0,1.7567926835752645,29.24882880275036,104812.7343158796,0.17943430369176672,0.0,0.0,1.0,inf,18807.0,inf,204.0,180.0,24.0,0.0,0.0,0.0,0.0,0.0,0.0
115.0,18996.0,52368.0,33372.0,16686.0,1.7567909033480733,29.24882880275036,104812.7343158796,0.18123751969632587,0.0,0.0,1.0,inf,18996.0,inf,212.0,189.0,23.0,0.0,0.0,0.0,0.0,0.0,0.0
116.0,19167.0,52847.0,33680.0,16840.0,1.7571868315333647,29.24882880275036,104812.7343158796,0.18286900084330796,0.0,0.0,1.0,inf,19167.0,inf,205.0,171.0,34.0,0.0,0.0,0.0,0.0,0.0,0.0
117.0,19348.0,53354.0,34006.0,17003.0,1.7575976845151953,29.24882880275036,104812.7343158796,0.18459589024449952,0.0,0.0,1.0,inf,19348.0,inf,213.0,181.0,32.0,0.0,0.0,0.0,0.0,0.0,0.0
118.0,19518.0,53822.0,34304.0,17152.0,1.7575571267547905,29.29103953836011,105267.17410680882,0.18541392571435572,0.0,0.0,1.0,inf,19518.0,inf,206.0,170.0,36.0,0.0,0.0,0.0,0.0,0.0,0.0
119.0,19690.0,54310.0,34620.0,17310.0,1.7582529202640935,29.29103953836011,105267.17410680882,0.1870478633730743,0.0,0.0,1.0,inf,19690.0,inf,214.0,172.0,42.0,0.0,0.0,0.0,0.0,0.0,0.0
120.0,19860.0,54778.0,34918.0,17459.0,1.758207452165156,29.29103953836011,105267.17410680882,0.1886628017566915,0.0,0.0,1.0,inf,19860.0,inf,209.0,170.0,39.0,0.0,0.0,0.0,0.0,0.0,0.0
121.0,20038.0,55258.0,35220.0,17610.0,1.757660445154207,29.29103953836011,105267.17410680882,0.19035373724071422,0.0,0.0,1.0,inf,20038.0,inf,216.0,178.0,38.0,0.0,0.0,0.0,0.0,0.0,0.0
122.0,20214.0,55746.0,35532.0,17766.0,1.7577916295636686,29.29103953836011,105267.17410680882,0.19202567344963556,0.0,0.0,1.0,inf,20214.0,inf,212.0,176.0,36.0,0.0,0.0,0.0,0.0,0.0,0.0
123.0,20379.0,56199.0,35820.0,17910.0,1.7576917414986015,29.29103953836011,105267.17410680882,0.1935931136454993,0.0,0.0,1.0,inf,20379.0,inf,210.0,165.0,45.0,0.0,0.0,0.0,0.0,0.0,0.0
124.0,20549.0,56673.0,36124.0,18062.0,1.75794442551949,29.29103953836011,105267.17410680882,0.1952080520291165,0.0,0.0,1.0,inf,20549.0,inf,208.0,170.0,38.0,0.0,0.0,0.0,0.0,0.0,0.0
125.0,20719.0,57135.0,36416.0,18208.0,1.7576137844490565,29.29103953836011,105267.17410680882,0.19682299041273368,0.0,0.0,1.0,inf,20719.0,inf,210.0,170.0,40.0,0.0,0.0,0.0,0.0,0.0,0.0
126.0,20885.0,57601.0,36716.0,18358.0,1.7580081398132632,29.29103953836011,105267.17410680882,0.19839993024614813,0.0,0.0,1.0,inf,20885.0,inf,213.0,166.0,47.0,0.0,0.0,0.0,0.0,0.0,0.0
127.0,21064.0,58100.0,37036.0,18518.0,1.7582605393087734,29.29103953836011,105267.17410680882,0.20010036536772155,0.0,0.0,1.0,inf,21064.0,inf,217.0,179.0,38.0,0.0,0.0,0.0,0.0,0.0,0.0
128.0,21231.0,58547.0,37316.0,18658.0,1.7576185766096746,29.29103953836011,105267.17410680882,0.20168680483868667,0.0,0.0,1.0,inf,21231.0,inf,214.0,167.0,47.0,0.0,0.0,0.0,0.0,0.0,0.0
129.0,21410.0,59034.0,37624.0,18812.0,1.757309668379262,29.750672372191932,110300.87694431622,0.19410543771840114,0.0,0.0,1.0,inf,21410.0,inf,211.0,179.0,32.0,0.0,0.0,0.0,0.0,0.0,0.0
130.0,21581.0,59497.0,37916.0,18958.0,1.756915805569714,29.750672372191932,110300.87694431622,0.19565574270905256,0.0,0.0,1.0,inf,21581.0,inf,212.0,171.0,41.0,0.0,0.0,0.0,0.0,0.0,0.0
131.0,21762.0,60006.0,38244.0,19122.0,1.757375241246209,29.750672372191932,110300.87694431622,0.19729670881026837,0.0,0.0,1.0,inf,21762.0,inf,216.0,181.0,35.0,0.0,0.0,0.0,0.0,0.0,0.0
132.0,21927.0,60457.0,38530.0,19265.0,1.7571943266292698,29.750672372191932,110300.87694431622,0.19879261713458113,0.0,0.0,1.0,inf,21927.0,inf,212.0,165.0,47.0,0.0,0.0,0.0,0.0,0.0,0.0
133.0,22093.0,60925.0,38832.0,19416.0,1.7576607975376817,29.750672372191932,110300.87694431622,0.20029759156995033,0.0,0.0,1.0,inf,22093.0,inf,213.0,166.0,47.0,0.0,0.0,0.0,0.0,0.0,0.0
134.0,22268.0,61428.0,39160.0,19580.0,1.7585773306987607,30.115140639645357,114404.54978833684,0.19464260854309265,0.0,0.0,1.0,inf,22268.0,inf,215.0,175.0,40.0,0.0,0.0,0.0,0.0,0.0,0.0
135.0,22443.0,61921.0,39478.0,19739.0,1.759033997237446,30.115140639645357,114404.54978833684,0.19617226798691523,0.0,0.0,1.0,inf,22443.0,inf,213.0,175.0,38.0,0.0,0.0,0.0,0.0,0.0,0.0
136.0,22603.0,62369.0,39766.0,19883.0,1.7593239835420078,30.132420786300454,114601.59970470087,0.19723110373888475,0.0,0.0,1.0,inf,22603.0,inf,210.0,160.0,50.0,0.0,0.0,0.0,0.0,0.0,0.0
137.0,22769.0,62835.0,40066.0,20033.0,1.7596732399314858,30.132420786300454,114601.59970470087,0.19867960009868896,0.0,0.0,1.0,inf,22769.0,inf,211.0,166.0,45.0,0.0,0.0,0.0,0.0,0.0,0.0
138.0,22946.0,63332.0,40386.0,20193.0,1.760045323803713,30.22601759726352,115672.84089284811,0.19836981458124384,0.0,0.0,1.0,inf,22946.0,inf,214.0,177.0,37.0,0.0,0.0,0.0,0.0,0.0,0.0
139.0,23109.0,63793.0,40684.0,20342.0,1.7605262019126746,30.22601759726352,115672.84089284811,0.1997789612637481,0.0,0.0,1.0,inf,23109.0,inf,210.0,163.0,47.0,0.0,0.0,0.0,0.0,0.0,0.0
140.0,23289.0,64287.0,40998.0,20499.0,1.7604019064794538,30.22601759726352,115672.84089284811,0.20133507416467306,0.0,0.0,1.0,inf,23289.0,inf,212.0,180.0,32.0,0.0,0.0,0.0,0.0,0.0,0.0
141.0,23445.0,64719.0,41274.0,20637.0,1.7604606525911708,30.22601759726352,115672.84089284811,0.20268370534547467,0.0,0.0,1.0,inf,23445.0,inf,211.0,156.0,55.0,0.0,0.0,0.0,0.0,0.0,0.0
142.0,23624.0,65234.0,41610.0,20805.0,1.7613443955299695,30.22601759726352,115672.84089284811,0.20423117317472783,0.0,0.0,1.0,inf,23624.0,inf,214.0,179.0,35.0,0.0,0.0,0.0,0.0,0.0,0.0
143.0,23790.0,65696.0,41906.0,20953.0,1.7614964270701976,30.22601759726352,115672.84089284811,0.2056662550722475,0.0,0.0,1.0,inf,23790.0,inf,216.0,166.0,50.0,0.0,0.0,0.0,0.0,0.0,0.0
144.0,23948.0,66134.0,42186.0,21093.0,1.7615667279104728,30.22601759726352,115672.84089284811,0.20703217639639274,0.0,0.0,1.0,inf,23948.0,inf,212.0,158.0,54.0,0.0,0.0,0.0,0.0,0.0,0.0
145.0,24111.0,66581.0,42470.0,21235.0,1.7614366886483348,30.22601759726352,115672.84089284811,0.20844132307889698,0.0,0.0,1.0,inf,24111.0,inf,214.0,163.0,51.0,0.0,0.0,0.0,0.0,0.0,0.0
146.0,24273.0,67023.0,42750.0,21375.0,1.761216166110493,30.22601759726352,115672.84089284811,0.20984182468972945,0.0,0.0,1.0,inf,24273.0,inf,214.0,162.0,52.0,0.0,0.0,0.0,0.0,0.0,0.0
147.0,24435.0,67465.0,43030.0,21515.0,1.760998567628402,30.22601759726352,115672.84089284811,0.2112423263005619,0.0,0.0,1.0,inf,24435.0,inf,217.0,162.0,55.0,0.0,0.0,0.0,0.0,0.0,0.0
148.0,24600.0,67918.0,43318.0,21659.0,1.7608943089430895,30.306130665515084,116595.04205596162,0.21098667289980344,0.0,0.0,1.0,inf,24600.0,inf,213.0,165.0,48.0,0.0,0.0,0.0,0.0,0.0,0.0
149.0,24755.0,68353.0,43598.0,21799.0,1.7611795596849122,30.306130665515084,116595.04205596162,0.21231606047295262,0.0,0.0,1.0,inf,24755.0,inf,211.0,155.0,56.0,0.0,0.0,0.0,0.0,0.0,0.0
150.0,24906.0,68778.0,43872.0,21936.0,1.7615032522283787,30.306130665515084,116595.04205596162,0.2136111412700205,0.0,0.0,1.0,inf,24906.0,inf,210.0,151.0,59.0,0.0,0.0,0.0,0.0,0.0,0.0
151.0,25077.0,69257.0,44180.0,22090.0,1.7617737368903776,30.306130665515084,116595.04205596162,0.21507775594749476,0.0,0.0,1.0,inf,25077.0,inf,215.0,171.0,44.0,0.0,0.0,0.0,0.0,0.0,0.0
152.0,25235.0,69705.0,44470.0,22235.0,1.7622349910838122,30.306130665515084,116595.04205596162,0.21643287360270488,0.0,0.0,1.0,inf,25235.0,inf,213.0,158.0,55.0,0.0,0.0,0.0,0.0,0.0,0.0
153.0,25400.0,70162.0,44762.0,22381.0,1.7622834645669292,30.306130665515084,116595.04205596162,0.21784802811605722,0.0,0.0,1.0,inf,25400.0,inf,215.0,165.0,50.0,0.0,0.0,0.0,0.0,0.0,0.0
154.0,25570.0,70634.0,45064.0,22532.0,1.7623777864685177,30.306130665515084,116595.04205596162,0.21930606609951114,0.0,0.0,1.0,inf,25570.0,inf,214.0,170.0,44.0,0.0,0.0,0.0,0.0,0.0,0.0
155.0,25730.0,71082.0,45352.0,22676.0,1.7626117372716674,30.306130665515084,116595.04205596162,0.2206783371427619,0.0,0.0,1.0,inf,25730.0,inf,214.0,160.0,54.0,0.0,0.0,0.0,0.0,0.0,0.0
156.0,25890.0,71528.0,45638.0,22819.0,1.7627655465430667,30.53756906746544,119286.69224722977,0.21704013676849399,0.0,0.0,1.0,inf,25890.0,inf,219.0,160.0,59.0,0.0,0.0,0.0,0.0,0.0,0.0
157.0,26046.0,71958.0,45912.0,22956.0,1.7627274821469707,30.53756906746544,119286.69224722977,0.2183479104778754,0.0,0.0,1.0,inf,26046.0,inf,215.0,156.0,59.0,0.0,0.0,0.0,0.0,0.0,0.0
158.0,26216.0,72434.0,46218.0,23109.0,1.7629691791272506,30.53756906746544,119286.69224722977,0.219773048494509,0.0,0.0,1.0,inf,26216.0,inf,213.0,170.0,43.0,0.0,0.0,0.0,0.0,0.0,0.0
159.0,26379.0,72897.0,46518.0,23259.0,1.7634481974297738,30.53756906746544,119286.69224722977,0.2211395043575165,0.0,0.0,1.0,inf,26379.0,inf,213.0,163.0,50.0,0.0,0.0,0.0,0.0,0.0,0.0
160.0,26538.0,73328.0,46790.0,23395.0,1.7631321124425352,30.53756906746544,119286.69224722977,0.2224724275613091,0.0,0.0,1.0,inf,26538.0,inf,215.0,159.0,56.0,0.0,0.0,0.0,0.0,0.0,0.0
161.0,26708.0,73804.0,47096.0,23548.0,1.7633667814886926,30.53756906746544,119286.69224722977,0.22389756557794271,0.0,0.0,1.0,inf,26708.0,inf,218.0,170.0,48.0,0.0,0.0,0.0,0.0,0.0,0.0
162.0,26875.0,74275.0,47400.0,23700.0,1.763720930232558,30.53756906746544,119286.69224722977,0.22529755410016514,0.0,0.0,1.0,inf,26875.0,inf,215.0,167.0,48.0,0.0,0.0,0.0,0.0,0.0,0.0
163.0,27039.0,74735.0,47696.0,23848.0,1.7639705610414587,30.53756906746544,119286.69224722977,0.22667239312797638,0.0,0.0,1.0,inf,27039.0,inf,214.0,164.0,50.0,0.0,0.0,0.0,0.0,0.0,0.0
164.0,27201.0,75171.0,47970.0,23985.0,1.76353810521672,30.609545791672275,120132.15424415495,0.22642564075490612,0.0,0.0,1.0,inf,27201.0,inf,216.0,162.0,54.0,0.0,0.0,0.0,0.0,0.0,0.0
165.0,27350.0,75588.0,48238.0,24119.0,1.763729433272395,30.609545791672275,120132.15424415495,0.22766594149651417,0.0,0.0,1.0,inf,27350.0,inf,217.0,149.0,68.0,0.0,0.0,0.0,0.0,0.0,0.0
166.0,27518.0,76062.0,48544.0,24272.0,1.764081691983429,30.719339205146085,121429.50306698446,0.22661708485144816,0.0,0.0,1.0,inf,27518.0,inf,216.0,168.0,48.0,0.0,0.0,0.0,0.0,0.0,0.0
167.0,27681.0,76511.0,48830.0,24415.0,1.7640258661175536,30.719339205146085,121429.50306698446,0.22795942749374723,0.0,0.0,1.0,inf,27681.0,inf,215.0,163.0,52.0,0.0,0.0,0.0,0.0,0.0,0.0
168.0,27847.0,76981.0,49134.0,24567.0,1.7644270477968902,30.719339205146085,121429.50306698446,0.22932647582884935,0.0,0.0,1.0,inf,27847.0,inf,217.0,166.0,51.0,0.0,0.0,0.0,0.0,0.0,0.0
169.0,28017.0,77451.0,49434.0,24717.0,1.7644287396937575,30.719339205146085,121429.50306698446,0.23072646508768888,0.0,0.0,1.0,inf,28017.0,inf,217.0,170.0,47.0,0.0,0.0,0.0,0.0,0.0,0.0
170.0,28180.0,77910.0,49730.0,24865.0,1.7647267565649396,30.719339205146085,121429.50306698446,0.23206880772998797,0.0,0.0,1.0,inf,28180.0,inf,214.0,163.0,51.0,0.0,0.0,0.0,0.0,0.0,0.0
171.0,28336.0,78348.0,50012.0,25006.0,1.7649632975719933,30.719339205146085,121429.50306698446,0.2333535037557466,0.0,0.0,1.0,inf,28336.0,inf,214.0,156.0,58.0,0.0,0.0,0.0,0.0,0.0,0.0
172.0,28497.0,78803.0,50306.0,25153.0,1.765308628978489,30.719339205146085,121429.50306698446,0.23467937593617696,0.0,0.0,1.0,inf,28497.0,inf,216.0,161.0,55.0,0.0,0.0,0.0,0.0,0.0,0.0
173.0,28653.0,79229.0,50576.0,25288.0,1.7651205807419816,30.719339205146085,121429.50306698446,0.2359640719619356,0.0,0.0,1.0,inf,28653.0,inf,215.0,156.0,59.0,0.0,0.0,0.0,0.0,0.0,0.0
174.0,28810.0,79664.0,50854.0,25427.0,1.7651509892398474,30.719339205146085,121429.50306698446,0.23725700321862858,0.0,0.0,1.0,inf,28810.0,inf,216.0,157.0,59.0,0.0,0.0,0.0,0.0,0.0,0.0
175.0,28955.0,80063.0,51108.0,25554.0,1.7650837506475565,30.719339205146085,121429.50306698446,0.23845111170410935,0.0,0.0,1.0,inf,28955.0,inf,215.0,145.0,70.0,0.0,0.0,0.0,0.0,0.0,0.0
176.0,29109.0,80503.0,51394.0,25697.0,1.765570785667663,30.719339205146085,121429.50306698446,0.2397193372679993,0.0,0.0,1.0,inf,29109.0,inf,213.0,154.0,59.0,0.0,0.0,0.0,0.0,0.0,0.0
177.0,29265.0,80937.0,51672.0,25836.0,1.7656586365966171,31.03023464228189,125153.72728536559,0.23383242860416192,0.0,0.0,1.0,inf,29265.0,inf,214.0,156.0,58.0,0.0,0.0,0.0,0.0,0.0,0.0
178.0,29430.0,81408.0,51978.0,25989.0,1.7661569826707442,31.03023464228189,125153.72728536559,0.23515080723801418,0.0,0.0,1.0,inf,29430.0,inf,217.0,165.0,52.0,0.0,0.0,0.0,0.0,0.0,0.0
179.0,29594.0,81866.0,52272.0,26136.0,1.7663039805365952,31.03023464228189,125153.72728536559,0.23646119569832796,0.0,0.0,1.0,inf,29594.0,inf,215.0,164.0,51.0,0.0,0.0,0.0,0.0,0.0,0.0
180.0,29761.0,82339.0,52578.0,26289.0,1.7666745069050098,31.03023464228189,125153.72728536559,0.23779555467925723,0.0,0.0,1.0,inf,29761.0,inf,215.0,167.0,48.0,0.0,0.0,0.0,0.0,0.0,0.0
181.0,29925.0,82807.0,52882.0,26441.0,1.7671512113617376,31.03023464228189,125153.72728536559,0.239105943139571,0.0,0.0,1.0,inf,29925.0,inf,212.0,164.0,48.0,0.0,0.0,0.0,0.0,0.0,0.0
182.0,30091.0,83273.0,53182.0,26591.0,1.7673723040111662,31.03023464228189,125153.72728536559,0.24043231194696177,0.0,0.0,1.0,inf,30091.0,inf,218.0,166.0,52.0,0.0,0.0,0.0,0.0,0.0,0.0
183.0,30244.0,83706.0,53462.0,26731.0,1.767689459066261,31.03023464228189,125153.72728536559,0.24165480849835205,0.0,0.0,1.0,inf,30244.0,inf,219.0,153.0,66.0,0.0,0.0,0.0,0.0,0.0,0.0
184.0,30408.0,84168.0,53760.0,26880.0,1.7679558011049723,31.03023464228189,125153.72728536559,0.24296519695866584,0.0,0.0,1.0,inf,30408.0,inf,217.0,164.0,53.0,0.0,0.0,0.0,0.0,0.0,0.0
185.0,30567.0,84609.0,54042.0,27021.0,1.7679850819511238,31.03023464228189,125153.72728536559,0.2442356345512871,0.0,0.0,1.0,inf,30567.0,inf,219.0,159.0,60.0,0.0,0.0,0.0,0.0,0.0,0.0
186.0,30726.0,85040.0,54314.0,27157.0,1.7676886024864935,31.03872771389384,125256.52030678473,0.24530459512003283,0.0,0.0,1.0,inf,30726.0,inf,216.0,159.0,57.0,0.0,0.0,0.0,0.0,0.0,0.0
187.0,30888.0,85482.0,54594.0,27297.0,1.7674825174825175,31.03872771389384,125256.52030678473,0.24659794096425094,0.0,0.0,1.0,inf,30888.0,inf,214.0,162.0,52.0,0.0,0.0,0.0,0.0,0.0,0.0
188.0,31049.0,85929.0,54880.0,27440.0,1.767528744887114,31.03872771389384,125256.52030678473,0.24788330319214671,0.0,0.0,1.0,inf,31049.0,inf,218.0,161.0,57.0,0.0,0.0,0.0,0.0,0.0,0.0
189.0,31210.0,86382.0,55172.0,27586.0,1.7677667414290292,31.03872771389384,125256.52030678473,0.24916866542004246,0.0,0.0,1.0,inf,31210.0,inf,218.0,161.0,57.0,0.0,0.0,0.0,0.0,0.0,0.0
190.0,31356.0,86782.0,55426.0,27713.0,1.7676361780839394,31.03872771389384,125256.52030678473,0.2503342734031032,0.0,0.0,1.0,inf,31356.0,inf,214.0,146.0,68.0,0.0,0.0,0.0,0.0,0.0,0.0
191.0,31517.0,87231.0,55714.0,27857.0,1.7677443919154743,31.03872771389384,125256.52030678473,0.251619635630999,0.0,0.0,1.0,inf,31517.0,inf,215.0,161.0,54.0,0.0,0.0,0.0,0.0,0.0,0.0
192.0,31671.0,87649.0,55978.0,27989.0,1.7674844494963846,31.03872771389384,125256.52030678473,0.25284911254463843,0.0,0.0,1.0,inf,31671.0,inf,215.0,154.0,61.0,0.0,0.0,0.0,0.0,0.0,0.0
193.0,31835.0,88109.0,56274.0,28137.0,1.7676770849693733,31.355930907545293,129136.11173576993,0.24652283216594553,0.0,0.0,1.0,inf,31835.0,inf,217.0,164.0,53.0,0.0,0.0,0.0,0.0,0.0,0.0
194.0,31989.0,88541.0,56552.0,28276.0,1.7678577010847478,31.61307067545901,132339.2460428721,0.24171967845152276,0.0,0.0,1.0,inf,31989.0,inf,211.0,154.0,57.0,0.0,0.0,0.0,0.0,0.0,0.0
195.0,32155.0,89017.0,56862.0,28431.0,1.7683719483750584,31.61307067545901,132339.2460428721,0.24297403046699534,0.0,0.0,1.0,inf,32155.0,inf,216.0,166.0,50.0,0.0,0.0,0.0,0.0,0.0,0.0
196.0,32322.0,89480.0,57158.0,28579.0,1.76839304498484,31.61307067545901,132339.2460428721,0.24423593881991054,0.0,0.0,1.0,inf,32322.0,inf,215.0,167.0,48.0,0.0,0.0,0.0,0.0,0.0,0.0
197.0,32475.0,89911.0,57436.0,28718.0,1.7686220169361047,31.61307067545901,132339.2460428721,0.24539205844862924,0.0,0.0,1.0,inf,32475.0,inf,215.0,153.0,62.0,0.0,0.0,0.0,0.0,0.0,0.0
198.0,32634.0,90368.0,57734.0,28867.0,1.7691364834221976,31.61307067545901,132339.2460428721,0.2465935161020036,0.0,0.0,1.0,inf,32634.0,inf,214.0,159.0,55.0,0.0,0.0,0.0,0.0,0.0,0.0
199.0,32799.0,90829.0,58030.0,29015.0,1.7692612579651819,31.61307067545901,132339.2460428721,0.2478403117800336,0.0,0.0,1.0,inf,32799.0,inf,219.0,165.0,54.0,0.0,0.0,0.0,0.0,0.0,0.0
200.0,32963.0,91277.0,58314.0,29157.0,1.7690744167703183,31.61307067545901,132339.2460428721,0.24907955112062097,0.0,0.0,1.0,inf,32963.0,inf,217.0,164.0,53.0,0.0,0.0,0.0,0.0,0.0,0.0
201.0,33130.0,91748.0,58618.0,29309.0,1.769332930878358,31.61307067545901,132339.2460428721,0.25034145947353614,0.0,0.0,1.0,inf,33130.0,inf,220.0,167.0,53.0,0.0,0.0,0.0,0.0,0.0,0.0
202.0,33293.0,92221.0,58928.0,29464.0,1.7699816778301745,31.61307067545901,132339.2460428721,0.25157314247668094,0.0,0.0,1.0,inf,33293.0,inf,217.0,163.0,54.0,0.0,0.0,0.0,0.0,0.0,0.0
203.0,33463.0,92705.0,59242.0,29621.0,1.770373248065027,31.61307067545901,132339.2460428721,0.25285771984192396,0.0,0.0,1.0,inf,33463.0,inf,212.0,170.0,42.0,0.0,0.0,0.0,0.0,0.0,0.0
204.0,33619.0,93143.0,59524.0,29762.0,1.7705464172045569,31.61307067545901,132339.2460428721,0.2540365084829705,0.0,0.0,1.0,inf,33619.0,inf,215.0,156.0,59.0,0.0,0.0,0.0,0.0,0.0,0.0
205.0,33784.0,93604.0,59820.0,29910.0,1.7706606677717263,31.61307067545901,132339.2460428721,0.2552833041610005,0.0,0.0,1.0,inf,33784.0,inf,218.0,165.0,53.0,0.0,0.0,0.0,0.0,0.0,0.0
206.0,33951.0,94079.0,60128.0,30064.0,1.7710229448322583,31.65758987356939,132899.13514532274,0.25546441640026635,0.0,0.0,1.0,inf,33951.0,inf,217.0,167.0,50.0,0.0,0.0,0.0,0.0,0.0,0.0
207.0,34108.0,94518.0,60410.0,30205.0,1.771138735780462,31.65758987356939,132899.13514532274,0.2566457634408496,0.0,0.0,1.0,inf,34108.0,inf,214.0,157.0,57.0,0.0,0.0,0.0,0.0,0.0,0.0
208.0,34277.0,95001.0,60724.0,30362.0,1.7715669399305656,31.65758987356939,132899.13514532274,0.2579174045227513,0.0,0.0,1.0,inf,34277.0,inf,217.0,169.0,48.0,0.0,0.0,0.0,0.0,0.0,0.0
209.0,34431.0,95427.0,60996.0,30498.0,1.7715430861723447,31.65758987356939,132899.13514532274,0.2590761780530049,0.0,0.0,1.0,inf,34431.0,inf,218.0,154.0,64.0,0.0,0.0,0.0,0.0,0.0,0.0
210.0,34595.0,95889.0,61294.0,30647.0,1.771758924700101,31.65758987356939,132899.13514532274,0.2603101966176906,0.0,0.0,1.0,inf,34595.0,inf,217.0,164.0,53.0,0.0,0.0,0.0,0.0,0.0,0.0
211.0,34741.0,96293.0,61552.0,30776.0,1.7717394433090585,31.65758987356939,132899.13514532274,0.2614087741203986,0.0,0.0,1.0,inf,34741.0,inf,218.0,146.0,72.0,0.0,0.0,0.0,0.0,0.0,0.0
212.0,34888.0,96700.0,61812.0,30906.0,1.771726668195368,31.65758987356939,132899.13514532274,0.2625148761265498,0.0,0.0,1.0,inf,34888.0,inf,214.0,147.0,67.0,0.0,0.0,0.0,0.0,0.0,0.0
213.0,35035.0,97105.0,62070.0,31035.0,1.7716569145140573,31.65758987356939,132899.13514532274,0.26362097813270097,0.0,0.0,1.0,inf,35035.0,inf,217.0,147.0,70.0,0.0,0.0,0.0,0.0,0.0,0.0
214.0,35205.0,97593.0,62388.0,31194.0,1.772134639965914,31.9890611235093,137117.56447919118,0.25675047637928744,0.0,0.0,1.0,inf,35205.0,inf,217.0,170.0,47.0,0.0,0.0,0.0,0.0,0.0,0.0
215.0,35371.0,98053.0,62682.0,31341.0,1.7721297107800176,31.9890611235093,137117.56447919118,0.25796111631903923,0.0,0.0,1.0,inf,35371.0,inf,215.0,166.0,49.0,0.0,0.0,0.0,0.0,0.0,0.0
216.0,35545.0,98535.0,62990.0,31495.0,1.7721198480798988,31.9890611235093,137117.56447919118,0.25923010035227306,0.0,0.0,1.0,inf,35545.0,inf,217.0,174.0,43.0,0.0,0.0,0.0,0.0,0.0,0.0
217.0,35702.0,98974.0,63272.0,31636.0,1.772225645622094,31.9890611235093,137117.56447919118,0.2603751031868576,0.0,0.0,1.0,inf,35702.0,inf,216.0,157.0,59.0,0.0,0.0,0.0,0.0,0.0,0.0
218.0,35862.0,99424.0,63562.0,31781.0,1.7724053315487145,31.9890611235093,137117.56447919118,0.26154198505649784,0.0,0.0,1.0,inf,35862.0,inf,219.0,160.0,59.0,0.0,0.0,0.0,0.0,0.0,0.0
219.0,36024.0,99886.0,63862.0,31931.0,1.7727626027093049,31.9890611235093,137117.56447919118,0.26272345294950866,0.0,0.0,1.0,inf,36024.0,inf,217.0,162.0,55.0,0.0,0.0,0.0,0.0,0.0,0.0
220.0,36182.0,100328.0,64146.0,32073.0,1.7728704880879995,31.9890611235093,137117.56447919118,0.2638757487957784,0.0,0.0,1.0,inf,36182.0,inf,218.0,158.0,60.0,0.0,0.0,0.0,0.0,0.0,0.0
221.0,36337.0,100761.0,64424.0,32212.0,1.7729586922420673,31.9890611235093,137117.56447919118,0.2650061656069924,0.0,0.0,1.0,inf,36337.0,inf,216.0,155.0,61.0,0.0,0.0,0.0,0.0,0.0,0.0
222.0,36484.0,101162.0,64678.0,32339.0,1.7727771077732706,31.9890611235093,137117.56447919118,0.26607823832472444,0.0,0.0,1.0,inf,36484.0,inf,214.0,147.0,67.0,0.0,0.0,0.0,0.0,0.0,0.0
223.0,36634.0,101582.0,64948.0,32474.0,1.772888573456352,31.9890611235093,137117.56447919118,0.2671721900775122,0.0,0.0,1.0,inf,36634.0,inf,217.0,150.0,67.0,0.0,0.0,0.0,0.0,0.0,0.0
224.0,36795.0,102031.0,65236.0,32618.0,1.7729582823753227,31.9890611235093,137117.56447919118,0.26834636495883774,0.0,0.0,1.0,inf,36795.0,inf,219.0,161.0,58.0,0.0,0.0,0.0,0.0,0.0,0.0
225.0,36948.0,102438.0,65490.0,32745.0,1.7724910685287432,31.9890611235093,137117.56447919118,0.26946219574668123,0.0,0.0,1.0,inf,36948.0,inf,217.0,153.0,64.0,0.0,0.0,0.0,0.0,0.0,0.0
226.0,37113.0,102903.0,65790.0,32895.0,1.772694204187212,31.9890611235093,137117.56447919118,0.2706655426747478,0.0,0.0,1.0,inf,37113.0,inf,216.0,165.0,51.0,0.0,0.0,0.0,0.0,0.0,0.0
227.0,37266.0,103332.0,66066.0,33033.0,1.7728224118499436,31.9890611235093,137117.56447919118,0.2717813734625913,0.0,0.0,1.0,inf,37266.0,inf,212.0,153.0,59.0,0.0,0.0,0.0,0.0,0.0,0.0
228.0,37426.0,103780.0,66354.0,33177.0,1.7729385988350346,31.9890611235093,137117.56447919118,0.2729482553322316,0.0,0.0,1.0,inf,37426.0,inf,219.0,160.0,59.0,0.0,0.0,0.0,0.0,0.0,0.0
229.0,37585.0,104229.0,66644.0,33322.0,1.77315418384994,31.9890611235093,137117.56447919118,0.2741078441901866,0.0,0.0,1.0,inf,37585.0,inf,216.0,159.0,57.0,0.0,0.0,0.0,0.0,0.0,0.0
230.0,37745.0,104677.0,66932.0,33466.0,1.7732679825142403,31.9890611235093,137117.56447919118,0.2752747260598269,0.0,0.0,1.0,inf,37745.0,inf,220.0,160.0,60.0,0.0,0.0,0.0,0.0,0.0,0.0
231.0,37900.0,105106.0,67206.0,33603.0,1.773245382585752,31.9890611235093,137117.56447919118,0.2764051428710409,0.0,0.0,1.0,inf,37900.0,inf,215.0,155.0,60.0,0.0,0.0,0.0,0.0,0.0,0.0
232.0,38066.0,105570.0,67504.0,33752.0,1.7733410392476225,31.9890611235093,137117.56447919118,0.2776157828107927,0.0,0.0,1.0,inf,38066.0,inf,214.0,166.0,48.0,0.0,0.0,0.0,0.0,0.0,0.0
233.0,38225.0,106013.0,67788.0,33894.0,1.773394375408764,31.9890611235093,137117.56447919118,0.2787753716687477,0.0,0.0,1.0,inf,38225.0,inf,220.0,159.0,61.0,0.0,0.0,0.0,0.0,0.0,0.0
234.0,38393.0,106481.0,68088.0,34044.0,1.7734482848435913,31.9890611235093,137117.56447919118,0.28000059763187,0.0,0.0,1.0,inf,38393.0,inf,216.0,168.0,48.0,0.0,0.0,0.0,0.0,0.0,0.0
235.0,38551.0,106909.0,68358.0,34179.0,1.7731835750045395,31.9890611235093,137117.56447919118,0.28115289347813976,0.0,0.0,1.0,inf,38551.0,inf,218.0,158.0,60.0,0.0,0.0,0.0,0.0,0.0,0.0
236.0,38710.0,107368.0,68658.0,34329.0,1.7736502195815036,31.9890611235093,137117.56447919118,0.2823124823360948,0.0,0.0,1.0,inf,38710.0,inf,218.0,159.0,59.0,0.0,0.0,0.0,0.0,0.0,0.0
237.0,38881.0,107831.0,68950.0,34475.0,1.7733597386898485,31.9890611235093,137117.56447919118,0.28355958733427283,0.0,0.0,1.0,inf,38881.0,inf,219.0,171.0,48.0,0.0,0.0,0.0,0.0,0.0,0.0
238.0,39044.0,108282.0,69238.0,34619.0,1.7733326503432025,31.9890611235093,137117.56447919118,0.2847483482389689,0.0,0.0,1.0,inf,39044.0,inf,219.0,163.0,56.0,0.0,0.0,0.0,0.0,0.0,0.0
239.0,39195.0,108699.0,69504.0,34752.0,1.7732874091083046,31.9890611235093,137117.56447919118,0.2858495930034419,0.0,0.0,1.0,inf,39195.0,inf,215.0,151.0,64.0,0.0,0.0,0.0,0.0,0.0,0.0
240.0,39354.0,109150.0,69796.0,34898.0,1.7735427148447427,31.9890611235093,137117.56447919118,0.28700918186139696,0.0,0.0,1.0,inf,39354.0,inf,218.0,159.0,59.0,0.0,0.0,0.0,0.0,0.0,0.0
241.0,39513.0,109599.0,70086.0,35043.0,1.7737453496317668,31.9890611235093,137117.56447919118,0.28816877071935193,0.0,0.0,1.0,inf,39513.0,inf,215.0,159.0,56.0,0.0,0.0,0.0,0.0,0.0,0.0
242.0,39673.0,110039.0,70366.0,35183.0,1.7736495853603207,31.9890611235093,137117.56447919118,0.28933565258899224,0.0,0.0,1.0,inf,39673.0,inf,215.0,160.0,55.0,0.0,0.0,0.0,0.0,0.0,0.0
243.0,39830.0,110470.0,70640.0,35320.0,1.7735375345217173,31.9890611235093,137117.56447919118,0.29048065542357676,0.0,0.0,1.0,inf,39830.0,inf,218.0,157.0,61.0,0.0,0.0,0.0,0.0,0.0,0.0
244.0,39984.0,110904.0,70920.0,35460.0,1.7737094837935174,31.9890611235093,137117.56447919118,0.29160377922310554,0.0,0.0,1.0,inf,39984.0,inf,219.0,154.0,65.0,0.0,0.0,0.0,0.0,0.0,0.0
245.0,40139.0,111347.0,71208.0,35604.0,1.7740352275841451,31.9890611235093,137117.56447919118,0.29273419603431955,0.0,0.0,1.0,inf,40139.0,inf,217.0,155.0,62.0,0.0,0.0,0.0,0.0,0.0,0.0
246.0,40299.0,111793.0,71494.0,35747.0,1.7740886870641952,31.9890611235093,137117.56447919118,0.2939010779039598,0.0,0.0,1.0,inf,40299.0,inf,216.0,160.0,56.0,0.0,0.0,0.0,0.0,0.0,0.0
247.0,40451.0,112211.0,71760.0,35880.0,1.7739981706261898,31.9890611235093,137117.56447919118,0.2950096156801181,0.0,0.0,1.0,inf,40451.0,inf,214.0,152.0,62.0,0.0,0.0,0.0,0.0,0.0,0.0
248.0,40599.0,112625.0,72026.0,36013.0,1.7740831054952093,31.9890611235093,137117.56447919118,0.2960889814095353,0.0,0.0,1.0,inf,40599.0,inf,219.0,148.0,71.0,0.0,0.0,0.0,0.0,0.0,0.0
249.0,40754.0,113058.0,72304.0,36152.0,1.774157137949649,31.9890611235093,137117.56447919118,0.2972193982207494,0.0,0.0,1.0,inf,40754.0,inf,219.0,155.0,64.0,0.0,0.0,0.0,0.0,0.0,0.0
250.0,40902.0,113478.0,72576.0,36288.0,1.7743875605104884,32.01809353723014,137491.23607781704,0.2974880520882826,0.0,0.0,1.0,inf,40902.0,inf,213.0,148.0,65.0,0.0,0.0,0.0,0.0,0.0,0.0
251.0,41055.0,113899.0,72844.0,36422.0,1.7743027645840945,32.01809353723014,137491.23607781704,0.2986008502881141,0.0,0.0,1.0,inf,41055.0,inf,218.0,153.0,65.0,0.0,0.0,0.0,0.0,0.0,0.0
252.0,41205.0,114303.0,73098.0,36549.0,1.7740080087368038,32.01809353723014,137491.23607781704,0.29969182891539986,0.0,0.0,1.0,inf,41205.0,inf,216.0,150.0,66.0,0.0,0.0,0.0,0.0,0.0,0.0
253.0,41352.0,114702.0,73350.0,36675.0,1.7737957051654092,32.01809353723014,137491.23607781704,0.30076098797013995,0.0,0.0,1.0,inf,41352.0,inf,217.0,147.0,70.0,0.0,0.0,0.0,0.0,0.0,0.0
254.0,41497.0,115109.0,73612.0,36806.0,1.7739113670867774,32.01809353723014,137491.23607781704,0.30181560064318286,0.0,0.0,1.0,inf,41497.0,inf,216.0,145.0,71.0,0.0,0.0,0.0,0.0,0.0,0.0
255.0,41656.0,115554.0,73898.0,36949.0,1.7740061455732667,32.35141826366112,141830.15681417976,0.29370340508454795,0.0,0.0,1.0,inf,41656.0,inf,218.0,159.0,59.0,0.0,0.0,0.0,0.0,0.0,0.0
256.0,41809.0,115977.0,74168.0,37084.0,1.7739721112679088,32.52901454009929,144178.77429977639,0.2899802706955378,0.0,0.0,1.0,inf,41809.0,inf,216.0,153.0,63.0,0.0,0.0,0.0,0.0,0.0,0.0
257.0,41959.0,116405.0,74446.0,37223.0,1.7742558211587502,32.52901454009929,144178.77429977639,0.29102064574885955,0.0,0.0,1.0,inf,41959.0,inf,217.0,150.0,67.0,0.0,0.0,0.0,0.0,0.0,0.0
258.0,42122.0,116866.0,74744.0,37372.0,1.7744646503015051,32.52901454009929,144178.77429977639,0.2921511866401359,0.0,0.0,1.0,inf,42122.0,inf,216.0,163.0,53.0,0.0,0.0,0.0,0.0,0.0,0.0
259.0,42278.0,117306.0,75028.0,37514.0,1.7746345617105823,32.52901454009929,144178.77429977639,0.29323317669559057,0.0,0.0,1.0,inf,42278.0,inf,219.0,156.0,63.0,0.0,0.0,0.0,0.0,0.0,0.0
260.0,42430.0,117714.0,75284.0,37642.0,1.7743106292717417,32.52901454009929,144178.77429977639,0.29428742341629,0.0,0.0,1.0,inf,42430.0,inf,216.0,152.0,64.0,0.0,0.0,0.0,0.0,0.0,0.0
261.0,42580.0,118132.0,75552.0,37776.0,1.774354156881165,32.52901454009929,144178.77429977639,0.29532779846961177,0.0,0.0,1.0,inf,42580.0,inf,217.0,150.0,67.0,0.0,0.0,0.0,0.0,0.0,0.0
262.0,42743.0,118583.0,75840.0,37920.0,1.77432562056945,32.52901454009929,144178.77429977639,0.2964583393608881,0.0,0.0,1.0,inf,42743.0,inf,220.0,163.0,57.0,0.0,0.0,0.0,0.0,0.0,0.0
263.0,42883.0,118979.0,76096.0,38048.0,1.774502716694261,32.52901454009929,144178.77429977639,0.2974293560773218,0.0,0.0,1.0,inf,42883.0,inf,215.0,140.0,75.0,0.0,0.0,0.0,0.0,0.0,0.0
264.0,43044.0,119430.0,76386.0,38193.0,1.774602732088096,32.52901454009929,144178.77429977639,0.2985460253012205,0.0,0.0,1.0,inf,43044.0,inf,214.0,161.0,53.0,0.0,0.0,0.0,0.0,0.0,0.0
265.0,43209.0,119891.0,76682.0,38341.0,1.7746765720104607,32.52901454009929,144178.77429977639,0.2996904378598745,0.0,0.0,1.0,inf,43209.0,inf,215.0,165.0,50.0,0.0,0.0,0.0,0.0,0.0,0.0
266.0,43352.0,120292.0,76940.0,38470.0,1.774773943532017,32.52901454009929,144178.77429977639,0.3006822620773746,0.0,0.0,1.0,inf,43352.0,inf,217.0,143.0,74.0,0.0,0.0,0.0,0.0,0.0,0.0
267.0,43506.0,120714.0,77208.0,38604.0,1.774651772169356,32.52901454009929,144178.77429977639,0.3017503804654516,0.0,0.0,1.0,inf,43506.0,inf,219.0,154.0,65.0,0.0,0.0,0.0,0.0,0.0,0.0
268.0,43653.0,121123.0,77470.0,38735.0,1.7746775708427829,32.52901454009929,144178.77429977639,0.30276994801770696,0.0,0.0,1.0,inf,43653.0,inf,215.0,147.0,68.0,0.0,0.0,0.0,0.0,0.0,0.0
269.0,43804.0,121550.0,77746.0,38873.0,1.7748607433111132,32.52901454009929,144178.77429977639,0.30381725890471756,0.0,0.0,1.0,inf,43804.0,inf,218.0,151.0,67.0,0.0,0.0,0.0,0.0,0.0,0.0
270.0,43947.0,121955.0,78008.0,39004.0,1.7750472159646848,32.52901454009929,144178.77429977639,0.30480908312221766,0.0,0.0,1.0,inf,43947.0,inf,217.0,143.0,74.0,0.0,0.0,0.0,0.0,0.0,0.0
271.0,44098.0,122386.0,78288.0,39144.0,1.7753186085536758,32.52901454009929,144178.77429977639,0.30585639400922826,0.0,0.0,1.0,inf,44098.0,inf,219.0,151.0,68.0,0.0,0.0,0.0,0.0,0.0,0.0
272.0,44249.0,122793.0,78544.0,39272.0,1.7750457637460733,32.52901454009929,144178.77429977639,0.30690370489623886,0.0,0.0,1.0,inf,44249.0,inf,217.0,151.0,66.0,0.0,0.0,0.0,0.0,0.0,0.0
273.0,44409.0,123237.0,78828.0,39414.0,1.7750455988650948,32.52901454009929,144178.77429977639,0.3080134382864488,0.0,0.0,1.0,inf,44409.0,inf,219.0,160.0,59.0,0.0,0.0,0.0,0.0,0.0,0.0
274.0,44554.0,123646.0,79092.0,39546.0,1.7751941464290524,32.52901454009929,144178.77429977639,0.3090191341713265,0.0,0.0,1.0,inf,44554.0,inf,217.0,145.0,72.0,0.0,0.0,0.0,0.0,0.0,0.0
275.0,44696.0,124050.0,79354.0,39677.0,1.7754161446214427,32.52901454009929,144178.77429977639,0.3100040225551378,0.0,0.0,1.0,inf,44696.0,inf,218.0,142.0,76.0,0.0,0.0,0.0,0.0,0.0,0.0
276.0,44848.0,124478.0,79630.0,39815.0,1.7755529789511237,32.52901454009929,144178.77429977639,0.3110582692758372,0.0,0.0,1.0,inf,44848.0,inf,218.0,152.0,66.0,0.0,0.0,0.0,0.0,0.0,0.0
277.0,45002.0,124906.0,79904.0,39952.0,1.7755655304208702,32.52901454009929,144178.77429977639,0.31212638766391426,0.0,0.0,1.0,inf,45002.0,inf,219.0,154.0,65.0,0.0,0.0,0.0,0.0,0.0,0.0
278.0,45166.0,125348.0,80182.0,40091.0,1.7752734357702697,32.52901454009929,144178.77429977639,0.3132638643888794,0.0,0.0,1.0,inf,45166.0,inf,220.0,164.0,56.0,0.0,0.0,0.0,0.0,0.0,0.0
279.0,45320.0,125784.0,80464.0,40232.0,1.7754633715798764,32.52901454009929,144178.77429977639,0.31433198277695645,0.0,0.0,1.0,inf,45320.0,inf,218.0,154.0,64.0,0.0,0.0,0.0,0.0,0.0,0.0
280.0,45472.0,126206.0,80734.0,40367.0,1.7754662209711471,32.52901454009929,144178.77429977639,0.3153862294976558,0.0,0.0,1.0,inf,45472.0,inf,218.0,152.0,66.0,0.0,0.0,0.0,0.0,0.0,0.0
281.0,45619.0,126591.0,80972.0,40486.0,1.7749621868081282,32.52901454009929,144178.77429977639,0.3164057970499112,0.0,0.0,1.0,inf,45619.0,inf,219.0,147.0,72.0,0.0,0.0,0.0,0.0,0.0,0.0
282.0,45761.0,127003.0,81242.0,40621.0,1.7753545595594502,32.52901454009929,144178.77429977639,0.3173906854337225,0.0,0.0,1.0,inf,45761.0,inf,218.0,142.0,76.0,0.0,0.0,0.0,0.0,0.0,0.0
283.0,45920.0,127442.0,81522.0,40761.0,1.7753048780487806,32.76832640215026,147384.35736764938,0.31156630744369185,0.0,0.0,1.0,inf,45920.0,inf,217.0,159.0,58.0,0.0,0.0,0.0,0.0,0.0,0.0
284.0,46078.0,127882.0,81804.0,40902.0,1.7753374712444117,32.76832640215026,147384.35736764938,0.31263833437261396,0.0,0.0,1.0,inf,46078.0,inf,216.0,158.0,58.0,0.0,0.0,0.0,0.0,0.0,0.0
285.0,46228.0,128290.0,82062.0,41031.0,1.7751579129531885,32.76832640215026,147384.35736764938,0.3136560814570337,0.0,0.0,1.0,inf,46228.0,inf,216.0,150.0,66.0,0.0,0.0,0.0,0.0,0.0,0.0
286.0,46383.0,128719.0,82336.0,41168.0,1.775133130672876,32.76832640215026,147384.35736764938,0.31470775344426744,0.0,0.0,1.0,inf,46383.0,inf,219.0,155.0,64.0,0.0,0.0,0.0,0.0,0.0,0.0
287.0,46537.0,129151.0,82614.0,41307.0,1.7752326106109118,32.76832640215026,147384.35736764938,0.3157526404509383,0.0,0.0,1.0,inf,46537.0,inf,219.0,154.0,65.0,0.0,0.0,0.0,0.0,0.0,0.0
288.0,46677.0,129539.0,82862.0,41431.0,1.775221201019774,32.94208702908976,149741.41748341505,0.31171736440367154,0.0,0.0,1.0,inf,46677.0,inf,216.0,140.0,76.0,0.0,0.0,0.0,0.0,0.0,0.0
289.0,46833.0,129965.0,83132.0,41566.0,1.7750731321931117,32.94208702908976,149741.41748341505,0.31275916033843537,0.0,0.0,1.0,inf,46833.0,inf,217.0,156.0,61.0,0.0,0.0,0.0,0.0,0.0,0.0
290.0,46982.0,130376.0,83394.0,41697.0,1.7750202205099825,32.94208702908976,149741.41748341505,0.3137542090197163,0.0,0.0,1.0,inf,46982.0,inf,219.0,149.0,70.0,0.0,0.0,0.0,0.0,0.0,0.0
291.0,47143.0,130821.0,83678.0,41839.0,1.7749825000530302,32.94208702908976,149741.41748341505,0.3148293958498251,0.0,0.0,1.0,inf,47143.0,inf,218.0,161.0,57.0,0.0,0.0,0.0,0.0,0.0,0.0
292.0,47292.0,131252.0,83960.0,41980.0,1.7753531252643153,32.94208702908976,149741.41748341505,0.315824444531106,0.0,0.0,1.0,inf,47292.0,inf,219.0,149.0,70.0,0.0,0.0,0.0,0.0,0.0,0.0
293.0,47439.0,131661.0,84222.0,42111.0,1.7753746917093531,32.94208702908976,149741.41748341505,0.31680613685424885,0.0,0.0,1.0,inf,47439.0,inf,216.0,147.0,69.0,0.0,0.0,0.0,0.0,0.0,0.0
294.0,47595.0,132107.0,84512.0,42256.0,1.7756487025948104,32.94208702908976,149741.41748341505,0.31784793278901274,0.0,0.0,1.0,inf,47595.0,inf,215.0,156.0,59.0,0.0,0.0,0.0,0.0,0.0,0.0
295.0,47757.0,132547.0,84790.0,42395.0,1.7754465313985384,32.94208702908976,149741.41748341505,0.3189297977981906,0.0,0.0,1.0,inf,47757.0,inf,215.0,162.0,53.0,0.0,0.0,0.0,0.0,0.0,0.0
296.0,47909.0,132975.0,85066.0,42533.0,1.7755745267068819,32.94208702908976,149741.41748341505,0.31994488101667845,0.0,0.0,1.0,inf,47909.0,inf,216.0,152.0,64.0,0.0,0.0,0.0,0.0,0.0,0.0
297.0,48053.0,133373.0,85320.0,42660.0,1.7755395084594094,32.94208702908976,149741.41748341505,0.3209065388026143,0.0,0.0,1.0,inf,48053.0,inf,215.0,144.0,71.0,0.0,0.0,0.0,0.0,0.0,0.0
298.0,48212.0,133826.0,85614.0,42807.0,1.7757819629967644,32.94208702908976,149741.41748341505,0.32196836927458516,0.0,0.0,1.0,inf,48212.0,inf,217.0,159.0,58.0,0.0,0.0,0.0,0.0,0.0,0.0
299.0,48348.0,134198.0,85850.0,42925.0,1.7756680731364276,32.94208702908976,149741.41748341505,0.32287660162796905,0.0,0.0,1.0,inf,48348.0,inf,218.0,136.0,82.0,0.0,0.0,0.0,0.0,0.0,0.0
300.0,48499.0,134631.0,86132.0,43066.0,1.7759541433843997,32.94208702908976,149741.41748341505,0.3238850066673879,0.0,0.0,1.0,inf,48499.0,inf,220.0,151.0,69.0,0.0,0.0,0.0,0.0,0.0,0.0
301.0,48656.0,135056.0,86400.0,43200.0,1.775731667214732,32.94208702908976,149741.41748341505,0.32493348078122075,0.0,0.0,1.0,inf,48656.0,inf,217.0,157.0,60.0,0.0,0.0,0.0,0.0,0.0,0.0
302.0,48802.0,135480.0,86678.0,43339.0,1.7761157329617638,32.94208702908976,149741.41748341505,0.32590849492529467,0.0,0.0,1.0,inf,48802.0,inf,216.0,146.0,70.0,0.0,0.0,0.0,0.0,0.0,0.0
303.0,48951.0,135907.0,86956.0,43478.0,1.7763886335314907,32.94208702908976,149741.41748341505,0.32690354360657553,0.0,0.0,1.0,inf,48951.0,inf,219.0,149.0,70.0,0.0,0.0,0.0,0.0,0.0,0.0
304.0,49113.0,136351.0,87238.0,43619.0,1.776271048398591,32.94208702908976,149741.41748341505,0.32798540861575337,0.0,0.0,1.0,inf,49113.0,inf,220.0,162.0,58.0,0.0,0.0,0.0,0.0,0.0,0.0
305.0,49261.0,136763.0,87502.0,43751.0,1.7762936196991534,33.19930791961582,153276.54431497204,0.3213864209958457,0.0,0.0,1.0,inf,49261.0,inf,218.0,148.0,70.0,0.0,0.0,0.0,0.0,0.0,0.0
306.0,49416.0,137206.0,87790.0,43895.0,1.7765501052290755,33.19930791961582,153276.54431497204,0.32239766508862405,0.0,0.0,1.0,inf,49416.0,inf,213.0,155.0,58.0,0.0,0.0,0.0,0.0,0.0,0.0
307.0,49559.0,137613.0,88054.0,44027.0,1.7767509433200832,33.19930791961582,153276.54431497204,0.3233306193161551,0.0,0.0,1.0,inf,49559.0,inf,217.0,143.0,74.0,0.0,0.0,0.0,0.0,0.0,0.0
308.0,49715.0,138039.0,88324.0,44162.0,1.7766066579503168,33.19930791961582,153276.54431497204,0.32434838756437073,0.0,0.0,1.0,inf,49715.0,inf,217.0,156.0,61.0,0.0,0.0,0.0,0.0,0.0,0.0
309.0,49867.0,138477.0,88610.0,44305.0,1.7769266248220266,33.19930791961582,153276.54431497204,0.3253400591908373,0.0,0.0,1.0,inf,49867.0,inf,219.0,152.0,67.0,0.0,0.0,0.0,0.0,0.0,0.0
310.0,50018.0,138894.0,88876.0,44438.0,1.7768803230836898,33.19930791961582,153276.54431497204,0.3263252066618666,0.0,0.0,1.0,inf,50018.0,inf,220.0,151.0,69.0,0.0,0.0,0.0,0.0,0.0,0.0
311.0,50169.0,139317.0,89148.0,44574.0,1.7769538958320876,33.19930791961582,153276.54431497204,0.32731035413289583,0.0,0.0,1.0,inf,50169.0,inf,219.0,151.0,68.0,0.0,0.0,0.0,0.0,0.0,0.0
312.0,50311.0,139721.0,89410.0,44705.0,1.7771461509411461,33.19930791961582,153276.54431497204,0.3282367842049896,0.0,0.0,1.0,inf,50311.0,inf,219.0,142.0,77.0,0.0,0.0,0.0,0.0,0.0,0.0
313.0,50452.0,140126.0,89674.0,44837.0,1.7774121937683343,33.19930791961582,153276.54431497204,0.32915669012164606,0.0,0.0,1.0,inf,50452.0,inf,219.0,141.0,78.0,0.0,0.0,0.0,0.0,0.0,0.0
314.0,50605.0,140561.0,89956.0,44978.0,1.7776109080130422,33.19930791961582,153276.54431497204,0.33015488590354986,0.0,0.0,1.0,inf,50605.0,inf,219.0,153.0,66.0,0.0,0.0,0.0,0.0,0.0,0.0
315.0,50755.0,140983.0,90228.0,45114.0,1.7777164811348636,33.19930791961582,153276.54431497204,0.33113350921914186,0.0,0.0,1.0,inf,50755.0,inf,219.0,150.0,69.0,0.0,0.0,0.0,0.0,0.0,0.0
316.0,50905.0,141399.0,90494.0,45247.0,1.7777035654650821,33.42111531270401,156369.2761855537,0.32554349065090127,0.0,0.0,1.0,inf,50905.0,inf,216.0,150.0,66.0,0.0,0.0,0.0,0.0,0.0,0.0
317.0,51069.0,141849.0,90780.0,45390.0,1.7775950185043765,33.42111531270401,156369.2761855537,0.32659229003144835,0.0,0.0,1.0,inf,51069.0,inf,220.0,164.0,56.0,0.0,0.0,0.0,0.0,0.0,0.0
318.0,51224.0,142282.0,91058.0,45529.0,1.777643292206778,33.42111531270401,156369.2761855537,0.32758353334842877,0.0,0.0,1.0,inf,51224.0,inf,219.0,155.0,64.0,0.0,0.0,0.0,0.0,0.0,0.0
319.0,51379.0,142719.0,91340.0,45670.0,1.7777691274645282,33.42111531270401,156369.2761855537,0.32857477666540924,0.0,0.0,1.0,inf,51379.0,inf,219.0,155.0,64.0,0.0,0.0,0.0,0.0,0.0,0.0
320.0,51538.0,143166.0,91628.0,45814.0,1.777872637665412,33.42111531270401,156369.2761855537,0.32959160045508595,0.0,0.0,1.0,inf,51538.0,inf,219.0,159.0,60.0,0.0,0.0,0.0,0.0,0.0,0.0
321.0,51686.0,143594.0,91908.0,45954.0,1.7781991254885268,33.42111531270401,156369.2761855537,0.3305380779448479,0.0,0.0,1.0,inf,51686.0,inf,218.0,148.0,70.0,0.0,0.0,0.0,0.0,0.0,0.0
322.0,51842.0,144034.0,92192.0,46096.0,1.7783264534547278,33.42111531270401,156369.2761855537,0.33153571638000245,0.0,0.0,1.0,inf,51842.0,inf,214.0,156.0,58.0,0.0,0.0,0.0,0.0,0.0,0.0
323.0,51994.0,144466.0,92472.0,46236.0,1.778512905335231,33.42111531270401,156369.2761855537,0.3325077743424607,0.0,0.0,1.0,inf,51994.0,inf,218.0,152.0,66.0,0.0,0.0,0.0,0.0,0.0,0.0
324.0,52148.0,144902.0,92754.0,46377.0,1.7786684053079695,33.42111531270401,156369.2761855537,0.33349262254126705,0.0,0.0,1.0,inf,52148.0,inf,219.0,154.0,65.0,0.0,0.0,0.0,0.0,0.0,0.0
325.0,52297.0,145327.0,93030.0,46515.0,1.7788783295408914,33.42111531270401,156369.2761855537,0.33444549514920313,0.0,0.0,1.0,inf,52297.0,inf,216.0,149.0,67.0,0.0,0.0,0.0,0.0,0.0,0.0
326.0,52443.0,145741.0,93298.0,46649.0,1.7790362870163796,33.42111531270401,156369.2761855537,0.33537918240261694,0.0,0.0,1.0,inf,52443.0,inf,218.0,146.0,72.0,0.0,0.0,0.0,0.0,0.0,0.0
327.0,52593.0,146145.0,93552.0,46776.0,1.7787918544292967,33.42111531270401,156369.2761855537,0.33633845012872704,0.0,0.0,1.0,inf,52593.0,inf,213.0,150.0,63.0,0.0,0.0,0.0,0.0,0.0,0.0
328.0,52734.0,146536.0,93802.0,46901.0,1.7787765009291918,33.42111531270401,156369.2761855537,0.3372401617912706,0.0,0.0,1.0,inf,52734.0,inf,218.0,141.0,77.0,0.0,0.0,0.0,0.0,0.0,0.0
329.0,52890.0,146984.0,94094.0,47047.0,1.7790508602760446,33.42111531270401,156369.2761855537,0.3382378002264251,0.0,0.0,1.0,inf,52890.0,inf,219.0,156.0,63.0,0.0,0.0,0.0,0.0,0.0,0.0
330.0,53034.0,147382.0,94348.0,47174.0,1.779009691895765,33.42111531270401,156369.2761855537,0.3391586972434908,0.0,0.0,1.0,inf,53034.0,inf,218.0,144.0,74.0,0.0,0.0,0.0,0.0,0.0,0.0
331.0,53178.0,147774.0,94596.0,47298.0,1.7788559178607695,33.42111531270401,156369.2761855537,0.3400795942605565,0.0,0.0,1.0,inf,53178.0,inf,219.0,144.0,75.0,0.0,0.0,0.0,0.0,0.0,0.0
332.0,53327.0,148195.0,94868.0,47434.0,1.778986254617736,33.42111531270401,156369.2761855537,0.34103246686849253,0.0,0.0,1.0,inf,53327.0,inf,214.0,149.0,65.0,0.0,0.0,0.0,0.0,0.0,0.0
333.0,53484.0,148624.0,95140.0,47570.0,1.7788497494577817,33.42111531270401,156369.2761855537,0.3420365004218211,0.0,0.0,1.0,inf,53484.0,inf,217.0,157.0,60.0,0.0,0.0,0.0,0.0,0.0,0.0
334.0,53647.0,149081.0,95434.0,47717.0,1.7789251961899082,33.42111531270401,156369.2761855537,0.3430789046841941,0.0,0.0,1.0,inf,53647.0,inf,220.0,163.0,57.0,0.0,0.0,0.0,0.0,0.0,0.0
335.0,53793.0,149485.0,95692.0,47846.0,1.778893164538137,33.42111531270401,156369.2761855537,0.34401259193760797,0.0,0.0,1.0,inf,53793.0,inf,216.0,146.0,70.0,0.0,0.0,0.0,0.0,0.0,0.0
336.0,53949.0,149919.0,95970.0,47985.0,1.7789022966134682,33.42111531270401,156369.2761855537,0.34501023037276246,0.0,0.0,1.0,inf,53949.0,inf,216.0,156.0,60.0,0.0,0.0,0.0,0.0,0.0,0.0
337.0,54108.0,150366.0,96258.0,48129.0,1.7789975604346862,33.42111531270401,156369.2761855537,0.3460270541624392,0.0,0.0,1.0,inf,54108.0,inf,218.0,159.0,59.0,0.0,0.0,0.0,0.0,0.0,0.0
338.0,54251.0,150763.0,96512.0,48256.0,1.7789902490276677,33.42111531270401,156369.2761855537,0.3469415560613308,0.0,0.0,1.0,inf,54251.0,inf,219.0,143.0,76.0,0.0,0.0,0.0,0.0,0.0,0.0
339.0,54395.0,151155.0,96760.0,48380.0,1.7788399669087231,33.42111531270401,156369.2761855537,0.3478624530783965,0.0,0.0,1.0,inf,54395.0,inf,218.0,144.0,74.0,0.0,0.0,0.0,0.0,0.0,0.0
340.0,54545.0,151569.0,97024.0,48512.0,1.7787881565679713,33.42111531270401,156369.2761855537,0.34882172080450663,0.0,0.0,1.0,inf,54545.0,inf,216.0,150.0,66.0,0.0,0.0,0.0,0.0,0.0,0.0
341.0,54690.0,151968.0,97278.0,48639.0,1.7787164015359298,33.42111531270401,156369.2761855537,0.3497490129397464,0.0,0.0,1.0,inf,54690.0,inf,217.0,145.0,72.0,0.0,0.0,0.0,0.0,0.0,0.0
342.0,54836.0,152368.0,97532.0,48766.0,1.7786125902691663,33.42111531270401,156369.2761855537,0.3506827001931603,0.0,0.0,1.0,inf,54836.0,inf,217.0,146.0,71.0,0.0,0.0,0.0,0.0,0.0,0.0
343.0,54995.0,152803.0,97808.0,48904.0,1.778488953541231,33.42111531270401,156369.2761855537,0.351699523982837,0.0,0.0,1.0,inf,54995.0,inf,219.0,159.0,60.0,0.0,0.0,0.0,0.0,0.0,0.0
344.0,55146.0,153224.0,98078.0,49039.0,1.7785152141587786,33.42111531270401,156369.2761855537,0.35266518682712117,0.0,0.0,1.0,inf,55146.0,inf,220.0,151.0,69.0,0.0,0.0,0.0,0.0,0.0,0.0
345.0,55290.0,153622.0,98332.0,49166.0,1.7784771206366432,33.42111531270401,156369.2761855537,0.3535860838441869,0.0,0.0,1.0,inf,55290.0,inf,219.0,144.0,75.0,0.0,0.0,0.0,0.0,0.0,0.0
346.0,55450.0,154068.0,98618.0,49309.0,1.778503155996393,33.7568906247879,161129.81891460254,0.34413245402694853,0.0,0.0,1.0,inf,55450.0,inf,219.0,160.0,59.0,0.0,0.0,0.0,0.0,0.0,0.0
347.0,55606.0,154496.0,98890.0,49445.0,1.7784052080710715,33.7568906247879,161129.81891460254,0.34510061746839493,0.0,0.0,1.0,inf,55606.0,inf,220.0,156.0,64.0,0.0,0.0,0.0,0.0,0.0,0.0
348.0,55754.0,154926.0,99172.0,49586.0,1.7787423323887075,33.7568906247879,161129.81891460254,0.34601913150258773,0.0,0.0,1.0,inf,55754.0,inf,218.0,148.0,70.0,0.0,0.0,0.0,0.0,0.0,0.0
349.0,55912.0,155362.0,99450.0,49725.0,1.778687938188582,33.7568906247879,161129.81891460254,0.34699970729584756,0.0,0.0,1.0,inf,55912.0,inf,217.0,158.0,59.0,0.0,0.0,0.0,0.0,0.0,0.0
350.0,56073.0,155815.0,99742.0,49871.0,1.7787883651668361,33.7568906247879,161129.81891460254,0.3479989016168275,0.0,0.0,1.0,inf,56073.0,inf,219.0,161.0,58.0,0.0,0.0,0.0,0.0,0.0,0.0
351.0,56232.0,156252.0,100020.0,50010.0,1.7787025181391378,33.7568906247879,161129.81891460254,0.348985683585994,0.0,0.0,1.0,inf,56232.0,inf,214.0,159.0,55.0,0.0,0.0,0.0,0.0,0.0,0.0
352.0,56377.0,156661.0,100284.0,50142.0,1.7788105078312078,33.7568906247879,161129.81891460254,0.3498855790924667,0.0,0.0,1.0,inf,56377.0,inf,214.0,145.0,69.0,0.0,0.0,0.0,0.0,0.0,0.0
353.0,56524.0,157086.0,100562.0,50281.0,1.7791026820465643,33.7568906247879,161129.81891460254,0.3507978869507527,0.0,0.0,1.0,inf,56524.0,inf,218.0,147.0,71.0,0.0,0.0,0.0,0.0,0.0,0.0
354.0,56679.0,157517.0,100838.0,50419.0,1.7791069002628839,33.7568906247879,161129.81891460254,0.3517598442162924,0.0,0.0,1.0,inf,56679.0,inf,217.0,155.0,62.0,0.0,0.0,0.0,0.0,0.0,0.0
355.0,56835.0,157951.0,101116.0,50558.0,1.7791149819653382,33.7568906247879,161129.81891460254,0.3527280076577389,0.0,0.0,1.0,inf,56835.0,inf,217.0,156.0,61.0,0.0,0.0,0.0,0.0,0.0,0.0
356.0,56993.0,158393.0,101400.0,50700.0,1.779165862474339,33.7568906247879,161129.81891460254,0.3537085834509987,0.0,0.0,1.0,inf,56993.0,inf,218.0,158.0,60.0,0.0,0.0,0.0,0.0,0.0,0.0
357.0,57139.0,158801.0,101662.0,50831.0,1.7792050963440031,33.7568906247879,161129.81891460254,0.354614685133378,0.0,0.0,1.0,inf,57139.0,inf,219.0,146.0,73.0,0.0,0.0,0.0,0.0,0.0,0.0
358.0,57285.0,159209.0,101924.0,50962.0,1.7792441302260626,33.7568906247879,161129.81891460254,0.3555207868157574,0.0,0.0,1.0,inf,57285.0,inf,217.0,146.0,71.0,0.0,0.0,0.0,0.0,0.0,0.0
359.0,57427.0,159607.0,102180.0,51090.0,1.7793024187229003,33.7568906247879,161129.81891460254,0.3564020637945099,0.0,0.0,1.0,inf,57427.0,inf,217.0,142.0,75.0,0.0,0.0,0.0,0.0,0.0,0.0
360.0,57577.0,160025.0,102448.0,51224.0,1.7793216041127533,33.7568906247879,161129.81891460254,0.35733299018051606,0.0,0.0,1.0,inf,57577.0,inf,216.0,150.0,66.0,0.0,0.0,0.0,0.0,0.0,0.0
361.0,57736.0,160466.0,102730.0,51365.0,1.7793058057364557,33.7568906247879,161129.81891460254,0.3583197721496826,0.0,0.0,1.0,inf,57736.0,inf,218.0,159.0,59.0,0.0,0.0,0.0,0.0,0.0,0.0
362.0,57886.0,160900.0,103014.0,51507.0,1.7796012852848702,33.7568906247879,161129.81891460254,0.35925069853568875,0.0,0.0,1.0,inf,57886.0,inf,218.0,150.0,68.0,0.0,0.0,0.0,0.0,0.0,0.0
363.0,58029.0,161301.0,103272.0,51636.0,1.7796618931913353,33.7568906247879,161129.81891460254,0.360138181690348,0.0,0.0,1.0,inf,58029.0,inf,220.0,143.0,77.0,0.0,0.0,0.0,0.0,0.0,0.0
364.0,58176.0,161710.0,103534.0,51767.0,1.779668591859186,33.7568906247879,161129.81891460254,0.36105048954863406,0.0,0.0,1.0,inf,58176.0,inf,217.0,147.0,70.0,0.0,0.0,0.0,0.0,0.0,0.0
365.0,58327.0,162141.0,103814.0,51907.0,1.7798618135683302,33.7568906247879,161129.81891460254,0.3619876221105469,0.0,0.0,1.0,inf,58327.0,inf,218.0,151.0,67.0,0.0,0.0,0.0,0.0,0.0,0.0
366.0,58468.0,162536.0,104068.0,52034.0,1.779913799001163,33.7568906247879,161129.81891460254,0.36286269291339274,0.0,0.0,1.0,inf,58468.0,inf,220.0,141.0,79.0,0.0,0.0,0.0,0.0,0.0,0.0
367.0,58615.0,162949.0,104334.0,52167.0,1.7799880576644205,33.7568906247879,161129.81891460254,0.3637750007716788,0.0,0.0,1.0,inf,58615.0,inf,216.0,147.0,69.0,0.0,0.0,0.0,0.0,0.0,0.0
368.0,58774.0,163372.0,104598.0,52299.0,1.7796644774900465,33.7568906247879,161129.81891460254,0.3647617827408453,0.0,0.0,1.0,inf,58774.0,inf,219.0,159.0,60.0,0.0,0.0,0.0,0.0,0.0,0.0
369.0,58928.0,163792.0,104864.0,52432.0,1.779527559055118,33.7568906247879,161129.81891460254,0.36571753383047834,0.0,0.0,1.0,inf,58928.0,inf,218.0,154.0,64.0,0.0,0.0,0.0,0.0,0.0,0.0
370.0,59074.0,164196.0,105122.0,52561.0,1.779496902190473,33.815370646483906,161968.68842814473,0.36472481547695806,0.0,0.0,1.0,inf,59074.0,inf,215.0,146.0,69.0,0.0,0.0,0.0,0.0,0.0,0.0
371.0,59212.0,164582.0,105370.0,52685.0,1.7795379315003717,33.815370646483906,161968.68842814473,0.3655768320076792,0.0,0.0,1.0,inf,59212.0,inf,218.0,138.0,80.0,0.0,0.0,0.0,0.0,0.0,0.0
372.0,59362.0,165004.0,105642.0,52821.0,1.7796233280549847,33.815370646483906,161968.68842814473,0.36650293693237607,0.0,0.0,1.0,inf,59362.0,inf,217.0,150.0,67.0,0.0,0.0,0.0,0.0,0.0,0.0
373.0,59517.0,165437.0,105920.0,52960.0,1.7796595930574457,33.815370646483906,161968.68842814473,0.3674599120212295,0.0,0.0,1.0,inf,59517.0,inf,218.0,155.0,63.0,0.0,0.0,0.0,0.0,0.0,0.0
374.0,59674.0,165872.0,106198.0,53099.0,1.7796360223883099,33.815370646483906,161968.68842814473,0.3684292351757456,0.0,0.0,1.0,inf,59674.0,inf,217.0,157.0,60.0,0.0,0.0,0.0,0.0,0.0,0.0
375.0,59834.0,166328.0,106494.0,53247.0,1.7798241802319752,33.815370646483906,161968.68842814473,0.3694170804287556,0.0,0.0,1.0,inf,59834.0,inf,217.0,160.0,57.0,0.0,0.0,0.0,0.0,0.0,0.0
376.0,59983.0,166747.0,106764.0,53382.0,1.7799043062200957,33.815370646483906,161968.68842814473,0.3703370113206212,0.0,0.0,1.0,inf,59983.0,inf,218.0,149.0,69.0,0.0,0.0,0.0,0.0,0.0,0.0
377.0,60139.0,167179.0,107040.0,53520.0,1.7798766191655997,33.815370646483906,161968.68842814473,0.37130016044230596,0.0,0.0,1.0,inf,60139.0,inf,218.0,156.0,62.0,0.0,0.0,0.0,0.0,0.0,0.0
378.0,60291.0,167593.0,107302.0,53651.0,1.7797349521487453,33.815370646483906,161968.68842814473,0.37223861343266545,0.0,0.0,1.0,inf,60291.0,inf,218.0,152.0,66.0,0.0,0.0,0.0,0.0,0.0,0.0
379.0,60451.0,168057.0,107606.0,53803.0,1.7800532662817818,34.629873990545974,173956.773176731,0.3475058711199761,0.0,0.0,1.0,inf,60451.0,inf,218.0,160.0,58.0,0.0,0.0,0.0,0.0,0.0,0.0
380.0,60619.0,168535.0,107916.0,53958.0,1.7802339200580677,34.629873990545974,173956.773176731,0.34847162828442596,0.0,0.0,1.0,inf,60619.0,inf,219.0,168.0,51.0,0.0,0.0,0.0,0.0,0.0,0.0
381.0,60782.0,168994.0,108212.0,54106.0,1.7803297028725609,34.629873990545974,173956.773176731,0.34940864267612426,0.0,0.0,1.0,inf,60782.0,inf,216.0,163.0,53.0,0.0,0.0,0.0,0.0,0.0,0.0
382.0,60950.0,169470.0,108520.0,54260.0,1.780475799835931,34.629873990545974,173956.773176731,0.3503743998405741,0.0,0.0,1.0,inf,60950.0,inf,218.0,168.0,50.0,0.0,0.0,0.0,0.0,0.0,0.0
383.0,61125.0,169959.0,108834.0,54417.0,1.780515337423313,34.629873990545974,173956.773176731,0.351380396886876,0.0,0.0,1.0,inf,61125.0,inf,219.0,175.0,44.0,0.0,0.0,0.0,0.0,0.0,0.0
384.0,61296.0,170442.0,109146.0,54573.0,1.7806382145653876,34.629873990545974,173956.773176731,0.3523633997149767,0.0,0.0,1.0,inf,61296.0,inf,214.0,171.0,43.0,0.0,0.0,0.0,0.0,0.0,0.0
385.0,61454.0,170884.0,109430.0,54715.0,1.7806814853386272,34.629873990545974,173956.773176731,0.35327167133392356,0.0,0.0,1.0,inf,61454.0,inf,219.0,158.0,61.0,0.0,0.0,0.0,0.0,0.0,0.0
386.0,61605.0,171319.0,109714.0,54857.0,1.7809268728187646,34.629873990545974,173956.773176731,0.35413970307101833,0.0,0.0,1.0,inf,61605.0,inf,219.0,151.0,68.0,0.0,0.0,0.0,0.0,0.0,0.0
387.0,61749.0,171719.0,109970.0,54985.0,1.7809195290611994,34.629873990545974,173956.773176731,0.35496749492626106,0.0,0.0,1.0,inf,61749.0,inf,214.0,144.0,70.0,0.0,0.0,0.0,0.0,0.0,0.0
388.0,61920.0,172202.0,110282.0,55141.0,1.7810400516795866,34.629873990545974,173956.773176731,0.35595049775436177,0.0,0.0,1.0,inf,61920.0,inf,217.0,171.0,46.0,0.0,0.0,0.0,0.0,0.0,0.0
389.0,62081.0,172655.0,110574.0,55287.0,1.7811246597187544,34.629873990545974,173956.773176731,0.3568760150369595,0.0,0.0,1.0,inf,62081.0,inf,219.0,161.0,58.0,0.0,0.0,0.0,0.0,0.0,0.0
390.0,62241.0,173087.0,110846.0,55423.0,1.7809161163863048,34.629873990545974,173956.773176731,0.3577957837650069,0.0,0.0,1.0,inf,62241.0,inf,215.0,160.0,55.0,0.0,0.0,0.0,0.0,0.0,0.0
391.0,62394.0,173526.0,111132.0,55566.0,1.7811328012308876,34.629873990545974,173956.773176731,0.35867531261120233,0.0,0.0,1.0,inf,62394.0,inf,217.0,153.0,64.0,0.0,0.0,0.0,0.0,0.0,0.0
392.0,62547.0,173959.0,111412.0,55706.0,1.7812524981214126,34.629873990545974,173956.773176731,0.3595548414573977,0.0,0.0,1.0,inf,62547.0,inf,217.0,153.0,64.0,0.0,0.0,0.0,0.0,0.0,0.0
393.0,62709.0,174399.0,111690.0,55845.0,1.7810840549203464,34.629873990545974,173956.773176731,0.3604861072945457,0.0,0.0,1.0,inf,62709.0,inf,219.0,162.0,57.0,0.0,0.0,0.0,0.0,0.0,0.0
394.0,62868.0,174852.0,111984.0,55992.0,1.7812559648787936,34.629873990545974,173956.773176731,0.36140012746804284,0.0,0.0,1.0,inf,62868.0,inf,218.0,159.0,59.0,0.0,0.0,0.0,0.0,0.0,0.0
395.0,63021.0,175289.0,112268.0,56134.0,1.7814379333872836,34.629873990545974,173956.773176731,0.36227965631423825,0.0,0.0,1.0,inf,63021.0,inf,217.0,153.0,64.0,0.0,0.0,0.0,0.0,0.0,0.0
396.0,63171.0,175701.0,112530.0,56265.0,1.781355368760982,34.629873990545974,173956.773176731,0.3631419394967827,0.0,0.0,1.0,inf,63171.0,inf,217.0,150.0,67.0,0.0,0.0,0.0,0.0,0.0,0.0
397.0,63329.0,176143.0,112814.0,56407.0,1.781395569170522,34.629873990545974,173956.773176731,0.36405021111572955,0.0,0.0,1.0,inf,63329.0,inf,217.0,158.0,59.0,0.0,0.0,0.0,0.0,0.0,0.0
398.0,63485.0,176575.0,113090.0,56545.0,1.7813656769315587,34.629873990545974,173956.773176731,0.3649469856255758,0.0,0.0,1.0,inf,63485.0,inf,219.0,156.0,63.0,0.0,0.0,0.0,0.0,0.0,0.0
399.0,63641.0,177007.0,113366.0,56683.0,1.7813359312392953,34.629873990545974,173956.773176731,0.3658437601354221,0.0,0.0,1.0,inf,63641.0,inf,219.0,156.0,63.0,0.0,0.0,0.0,0.0,0.0,0.0
400.0,63795.0,177437.0,113642.0,56821.0,1.7813621757191003,34.629873990545974,173956.773176731,0.36672903753616776,0.0,0.0,1.0,inf,63795.0,inf,218.0,154.0,64.0,0.0,0.0,0.0,0.0,0.0,0.0
401.0,63948.0,177872.0,113924.0,56962.0,1.7815099768561957,34.629873990545974,173956.773176731,0.3676085663823631,0.0,0.0,1.0,inf,63948.0,inf,218.0,153.0,65.0,0.0,0.0,0.0,0.0,0.0,0.0
402.0,64109.0,178323.0,114214.0,57107.0,1.781559531423045,34.629873990545974,173956.773176731,0.3685340836649609,0.0,0.0,1.0,inf,64109.0,inf,219.0,161.0,58.0,0.0,0.0,0.0,0.0,0.0,0.0
403.0,64259.0,178749.0,114490.0,57245.0,1.7816959492055588,34.629873990545974,173956.773176731,0.3693963668475054,0.0,0.0,1.0,inf,64259.0,inf,216.0,150.0,66.0,0.0,0.0,0.0,0.0,0.0,0.0
404.0,64416.0,179184.0,114768.0,57384.0,1.7816691505216096,34.629873990545974,173956.773176731,0.3702988899119019,0.0,0.0,1.0,inf,64416.0,inf,217.0,157.0,60.0,0.0,0.0,0.0,0.0,0.0,0.0
405.0,64567.0,179595.0,115028.0,57514.0,1.7815292641751979,34.629873990545974,173956.773176731,0.3711669216489967,0.0,0.0,1.0,inf,64567.0,inf,218.0,151.0,67.0,0.0,0.0,0.0,0.0,0.0,0.0
406.0,64718.0,180014.0,115296.0,57648.0,1.781513643808523,34.629873990545974,173956.773176731,0.3720349533860915,0.0,0.0,1.0,inf,64718.0,inf,218.0,151.0,67.0,0.0,0.0,0.0,0.0,0.0,0.0
407.0,64884.0,180486.0,115602.0,57801.0,1.7816719067874978,34.629873990545974,173956.773176731,0.3729892134414407,0.0,0.0,1.0,inf,64884.0,inf,220.0,166.0,54.0,0.0,0.0,0.0,0.0,0.0,0.0
408.0,65038.0,180920.0,115882.0,57941.0,1.7817583566530335,34.629873990545974,173956.773176731,0.3738744908421864,0.0,0.0,1.0,inf,65038.0,inf,218.0,154.0,64.0,0.0,0.0,0.0,0.0,0.0,0.0
409.0,65199.0,181361.0,116162.0,58081.0,1.7816530928388472,34.629873990545974,173956.773176731,0.3748000081247841,0.0,0.0,1.0,inf,65199.0,inf,219.0,161.0,58.0,0.0,0.0,0.0,0.0,0.0,0.0
410.0,65358.0,181804.0,116446.0,58223.0,1.7816640656078828,34.629873990545974,173956.773176731,0.37571402829828127,0.0,0.0,1.0,inf,65358.0,inf,216.0,159.0,57.0,0.0,0.0,0.0,0.0,0.0,0.0
411.0,65510.0,182236.0,116726.0,58363.0,1.7818043046863075,34.629873990545974,173956.773176731,0.37658780858992635,0.0,0.0,1.0,inf,65510.0,inf,217.0,152.0,65.0,0.0,0.0,0.0,0.0,0.0,0.0
412.0,65667.0,182671.0,117004.0,58502.0,1.7817777574733122,34.629873990545974,173956.773176731,0.3774903316543229,0.0,0.0,1.0,inf,65667.0,inf,219.0,157.0,62.0,0.0,0.0,0.0,0.0,0.0,0.0
413.0,65813.0,183079.0,117266.0,58633.0,1.7818060261650435,34.629873990545974,173956.773176731,0.37832962061866615,0.0,0.0,1.0,inf,65813.0,inf,218.0,146.0,72.0,0.0,0.0,0.0,0.0,0.0,0.0
414.0,65958.0,183470.0,117512.0,58756.0,1.7816186057794354,34.629873990545974,173956.773176731,0.37916316102845915,0.0,0.0,1.0,inf,65958.0,inf,220.0,145.0,75.0,0.0,0.0,0.0,0.0,0.0,0.0
415.0,66107.0,183891.0,117784.0,58892.0,1.7817175185683816,34.629873990545974,173956.773176731,0.3800196956564534,0.0,0.0,1.0,inf,66107.0,inf,217.0,149.0,68.0,0.0,0.0,0.0,0.0,0.0,0.0
416.0,66256.0,184318.0,118062.0,59031.0,1.7819065443129678,34.629873990545974,173956.773176731,0.38087623028444756,0.0,0.0,1.0,inf,66256.0,inf,220.0,149.0,71.0,0.0,0.0,0.0,0.0,0.0,0.0
417.0,66409.0,184751.0,118342.0,59171.0,1.7820174976283336,34.629873990545974,173956.773176731,0.3817557591306429,0.0,0.0,1.0,inf,66409.0,inf,216.0,153.0,63.0,0.0,0.0,0.0,0.0,0.0,0.0
418.0,66567.0,185193.0,118626.0,59313.0,1.7820541709856235,34.629873990545974,173956.773176731,0.38266403074958977,0.0,0.0,1.0,inf,66567.0,inf,219.0,158.0,61.0,0.0,0.0,0.0,0.0,0.0,0.0
419.0,66725.0,185645.0,118920.0,59460.0,1.782240539527913,34.629873990545974,173956.773176731,0.3835723023685366,0.0,0.0,1.0,inf,66725.0,inf,218.0,158.0,60.0,0.0,0.0,0.0,0.0,0.0,0.0
420.0,66882.0,186088.0,119206.0,59603.0,1.7823330642026256,34.629873990545974,173956.773176731,0.38447482543293315,0.0,0.0,1.0,inf,66882.0,inf,217.0,157.0,60.0,0.0,0.0,0.0,0.0,0.0,0.0
421.0,67052.0,186552.0,119500.0,59750.0,1.7821988904134105,34.629873990545974,173956.773176731,0.3854520797064836,0.0,0.0,1.0,inf,67052.0,inf,219.0,170.0,49.0,0.0,0.0,0.0,0.0,0.0,0.0
422.0,67201.0,186975.0,119774.0,59887.0,1.7823246677876818,34.629873990545974,173956.773176731,0.3863086143344778,0.0,0.0,1.0,inf,67201.0,inf,218.0,149.0,69.0,0.0,0.0,0.0,0.0,0.0,0.0
423.0,67356.0,187414.0,120058.0,60029.0,1.782439574796603,34.629873990545974,173956.773176731,0.3871996402897737,0.0,0.0,1.0,inf,67356.0,inf,220.0,155.0,65.0,0.0,0.0,0.0,0.0,0.0,0.0
424.0,67509.0,187841.0,120332.0,60166.0,1.7824586351449436,34.666189885519266,174504.6258653458,0.3868608047794242,0.0,0.0,1.0,inf,67509.0,inf,217.0,153.0,64.0,0.0,0.0,0.0,0.0,0.0,0.0
425.0,67658.0,188256.0,120598.0,60299.0,1.7824647491796979,34.666189885519266,174504.6258653458,0.38771465033945524,0.0,0.0,1.0,inf,67658.0,inf,218.0,149.0,69.0,0.0,0.0,0.0,0.0,0.0,0.0
426.0,67805.0,188653.0,120848.0,60424.0,1.7822874419290613,34.666189885519266,174504.6258653458,0.38855703488525767,0.0,0.0,1.0,inf,67805.0,inf,216.0,147.0,69.0,0.0,0.0,0.0,0.0,0.0,0.0
427.0,67950.0,189042.0,121092.0,60546.0,1.7820750551876379,34.666189885519266,174504.6258653458,0.3893879584168315,0.0,0.0,1.0,inf,67950.0,inf,220.0,145.0,75.0,0.0,0.0,0.0,0.0,0.0,0.0
428.0,68098.0,189464.0,121366.0,60683.0,1.7822256160239656,34.666189885519266,174504.6258653458,0.3902360734697482,0.0,0.0,1.0,inf,68098.0,inf,217.0,148.0,69.0,0.0,0.0,0.0,0.0,0.0,0.0
429.0,68257.0,189919.0,121662.0,60831.0,1.782410595250304,34.666189885519266,174504.6258653458,0.39114722410092223,0.0,0.0,1.0,inf,68257.0,inf,218.0,159.0,59.0,0.0,0.0,0.0,0.0,0.0,0.0
430.0,68416.0,190370.0,121954.0,60977.0,1.7825362488306828,34.666189885519266,174504.6258653458,0.39205837473209626,0.0,0.0,1.0,inf,68416.0,inf,215.0,159.0,56.0,0.0,0.0,0.0,0.0,0.0,0.0
431.0,68553.0,190751.0,122198.0,61099.0,1.7825332224702055,34.666189885519266,174504.6258653458,0.39284345420675565,0.0,0.0,1.0,inf,68553.0,inf,218.0,137.0,81.0,0.0,0.0,0.0,0.0,0.0,0.0
432.0,68709.0,191177.0,122468.0,61234.0,1.7824156951782153,34.666189885519266,174504.6258653458,0.3937374133165868,0.0,0.0,1.0,inf,68709.0,inf,218.0,156.0,62.0,0.0,0.0,0.0,0.0,0.0,0.0
433.0,68848.0,191570.0,122722.0,61361.0,1.7825063908900767,34.666189885519266,174504.6258653458,0.3945339538054748,0.0,0.0,1.0,inf,68848.0,inf,218.0,139.0,79.0,0.0,0.0,0.0,0.0,0.0,0.0
434.0,68998.0,191990.0,122992.0,61496.0,1.782544421577437,34.666189885519266,174504.6258653458,0.3953935298726201,0.0,0.0,1.0,inf,68998.0,inf,220.0,150.0,70.0,0.0,0.0,0.0,0.0,0.0,0.0
435.0,69153.0,192425.0,123272.0,61636.0,1.7825980073171084,34.666189885519266,174504.6258653458,0.396281758475337,0.0,0.0,1.0,inf,69153.0,inf,219.0,155.0,64.0,0.0,0.0,0.0,0.0,0.0,0.0
436.0,69307.0,192863.0,123556.0,61778.0,1.7827347886937828,34.666189885519266,174504.6258653458,0.3971642565709395,0.0,0.0,1.0,inf,69307.0,inf,219.0,154.0,65.0,0.0,0.0,0.0,0.0,0.0,0.0
437.0,69464.0,193304.0,123840.0,61920.0,1.7827939652193943,34.68490859184472,174787.46037802956,0.3974198140402267,0.0,0.0,1.0,inf,69464.0,inf,220.0,157.0,63.0,0.0,0.0,0.0,0.0,0.0,0.0
438.0,69615.0,193735.0,124120.0,62060.0,1.7829490770667242,34.68490859184472,174787.46037802956,0.39828372040784266,0.0,0.0,1.0,inf,69615.0,inf,217.0,151.0,66.0,0.0,0.0,0.0,0.0,0.0,0.0
439.0,69774.0,194186.0,124412.0,62206.0,1.7830710579872158,34.91154093027466,178236.0971670007,0.3914695233402935,0.0,0.0,1.0,inf,69774.0,inf,220.0,159.0,61.0,0.0,0.0,0.0,0.0,0.0,0.0
440.0,69934.0,194634.0,124700.0,62350.0,1.7831097892298453,34.91154093027466,178236.0971670007,0.3923672090646958,0.0,0.0,1.0,inf,69934.0,inf,218.0,160.0,58.0,0.0,0.0,0.0,0.0,0.0,0.0
441.0,70087.0,195063.0,124976.0,62488.0,1.7831552213677286,34.91154093027466,178236.0971670007,0.39322562103865555,0.0,0.0,1.0,inf,70087.0,inf,218.0,153.0,65.0,0.0,0.0,0.0,0.0,0.0,0.0
442.0,70233.0,195487.0,125254.0,62627.0,1.783406660686572,34.91154093027466,178236.0971670007,0.39404475926217264,0.0,0.0,1.0,inf,70233.0,inf,219.0,146.0,73.0,0.0,0.0,0.0,0.0,0.0,0.0
443.0,70374.0,195880.0,125506.0,62753.0,1.7834143291556541,34.91154093027466,178236.0971670007,0.39483584480680217,0.0,0.0,1.0,inf,70374.0,inf,217.0,141.0,76.0,0.0,0.0,0.0,0.0,0.0,0.0
444.0,70518.0,196290.0,125772.0,62886.0,1.7835446269037694,34.91154093027466,178236.0971670007,0.3956437619587643,0.0,0.0,1.0,inf,70518.0,inf,218.0,144.0,74.0,0.0,0.0,0.0,0.0,0.0,0.0
445.0,70664.0,196672.0,126008.0,63004.0,1.783199366013812,34.91154093027466,178236.0971670007,0.39646290018228136,0.0,0.0,1.0,inf,70664.0,inf,217.0,146.0,71.0,0.0,0.0,0.0,0.0,0.0,0.0
446.0,70809.0,197067.0,126258.0,63129.0,1.7830784222344618,34.91154093027466,178236.0971670007,0.39727642787002093,0.0,0.0,1.0,inf,70809.0,inf,220.0,145.0,75.0,0.0,0.0,0.0,0.0,0.0,0.0
447.0,70959.0,197485.0,126526.0,63263.0,1.7830860074127313,34.91154093027466,178236.0971670007,0.3981180082366481,0.0,0.0,1.0,inf,70959.0,inf,219.0,150.0,69.0,0.0,0.0,0.0,0.0,0.0,0.0
448.0,71109.0,197903.0,126794.0,63397.0,1.78309356059008,34.91154093027466,178236.0971670007,0.3989595886032753,0.0,0.0,1.0,inf,71109.0,inf,218.0,150.0,68.0,0.0,0.0,0.0,0.0,0.0,0.0
449.0,71263.0,198333.0,127070.0,63535.0,1.7831132565286334,34.91154093027466,178236.0971670007,0.3998236111130125,0.0,0.0,1.0,inf,71263.0,inf,220.0,154.0,66.0,0.0,0.0,0.0,0.0,0.0,0.0
450.0,71425.0,198779.0,127354.0,63677.0,1.783045152257613,34.91154093027466,178236.0971670007,0.40073251790896985,0.0,0.0,1.0,inf,71425.0,inf,219.0,162.0,57.0,0.0,0.0,0.0,0.0,0.0,0.0
451.0,71569.0,199183.0,127614.0,63807.0,1.7830904441867288,34.91154093027466,178236.0971670007,0.40154043506093196,0.0,0.0,1.0,inf,71569.0,inf,219.0,144.0,75.0,0.0,0.0,0.0,0.0,0.0,0.0
452.0,71706.0,199568.0,127862.0,63931.0,1.7831422754023374,34.91154093027466,178236.0971670007,0.4023090784624514,0.0,0.0,1.0,inf,71706.0,inf,219.0,137.0,82.0,0.0,0.0,0.0,0.0,0.0,0.0
453.0,71849.0,199971.0,128122.0,64061.0,1.783212014085095,34.91154093027466,178236.0971670007,0.403111385078636,0.0,0.0,1.0,inf,71849.0,inf,218.0,143.0,75.0,0.0,0.0,0.0,0.0,0.0,0.0
454.0,71980.0,200324.0,128344.0,64172.0,1.7830508474576272,34.91154093027466,178236.0971670007,0.4038463652654904,0.0,0.0,1.0,inf,71980.0,inf,218.0,131.0,87.0,0.0,0.0,0.0,0.0,0.0,0.0
455.0,72134.0,200758.0,128624.0,64312.0,1.7831258491141486,34.91154093027466,178236.0971670007,0.4047103877752276,0.0,0.0,1.0,inf,72134.0,inf,218.0,154.0,64.0,0.0,0.0,0.0,0.0,0.0,0.0
456.0,72289.0,201191.0,128902.0,64451.0,1.7831481968210932,34.91154093027466,178236.0971670007,0.40558002082074235,0.0,0.0,1.0,inf,72289.0,inf,219.0,155.0,64.0,0.0,0.0,0.0,0.0,0.0,0.0
457.0,72446.0,201630.0,129184.0,64592.0,1.7831764348618282,34.91154093027466,178236.0971670007,0.40646087493781213,0.0,0.0,1.0,inf,72446.0,inf,219.0,157.0,62.0,0.0,0.0,0.0,0.0,0.0,0.0
458.0,72588.0,202028.0,129440.0,64720.0,1.783214856450102,34.91154093027466,178236.0971670007,0.4072575710182192,0.0,0.0,1.0,inf,72588.0,inf,219.0,142.0,77.0,0.0,0.0,0.0,0.0,0.0,0.0
459.0,72739.0,202459.0,129720.0,64860.0,1.7833624328077098,34.91154093027466,178236.0971670007,0.40810476192062384,0.0,0.0,1.0,inf,72739.0,inf,219.0,151.0,68.0,0.0,0.0,0.0,0.0,0.0,0.0
460.0,72883.0,202865.0,129982.0,64991.0,1.7834337225416077,34.91154093027466,178236.0971670007,0.40891267907258594,0.0,0.0,1.0,inf,72883.0,inf,217.0,144.0,73.0,0.0,0.0,0.0,0.0,0.0,0.0
461.0,73038.0,203300.0,130262.0,65131.0,1.7834825707166133,34.91154093027466,178236.0971670007,0.4097823121181007,0.0,0.0,1.0,inf,73038.0,inf,219.0,155.0,64.0,0.0,0.0,0.0,0.0,0.0,0.0
462.0,73200.0,203752.0,130552.0,65276.0,1.7834972677595629,34.91154093027466,178236.0971670007,0.410691218914058,0.0,0.0,1.0,inf,73200.0,inf,217.0,162.0,55.0,0.0,0.0,0.0,0.0,0.0,0.0
463.0,73341.0,204145.0,130804.0,65402.0,1.783504451807311,34.91154093027466,178236.0971670007,0.41148230445868755,0.0,0.0,1.0,inf,73341.0,inf,219.0,141.0,78.0,0.0,0.0,0.0,0.0,0.0,0.0
464.0,73489.0,204551.0,131062.0,65531.0,1.7834233694838684,34.91154093027466,178236.0971670007,0.4123126637537597,0.0,0.0,1.0,inf,73489.0,inf,220.0,148.0,72.0,0.0,0.0,0.0,0.0,0.0,0.0
465.0,73628.0,204938.0,131310.0,65655.0,1.7834247840495463,34.91154093027466,178236.0971670007,0.4130925282268342,0.0,0.0,1.0,inf,73628.0,inf,220.0,139.0,81.0,0.0,0.0,0.0,0.0,0.0,0.0
466.0,73776.0,205348.0,131572.0,65786.0,1.7833983951420516,34.91154093027466,178236.0971670007,0.41392288752190637,0.0,0.0,1.0,inf,73776.0,inf,220.0,148.0,72.0,0.0,0.0,0.0,0.0,0.0,0.0
467.0,73918.0,205750.0,131832.0,65916.0,1.783489813036067,34.91154093027466,178236.0971670007,0.41471958360231337,0.0,0.0,1.0,inf,73918.0,inf,218.0,142.0,76.0,0.0,0.0,0.0,0.0,0.0,0.0
468.0,74066.0,206164.0,132098.0,66049.0,1.7835174033969703,34.91154093027466,178236.0971670007,0.41554994289738556,0.0,0.0,1.0,inf,74066.0,inf,218.0,148.0,70.0,0.0,0.0,0.0,0.0,0.0,0.0
469.0,74218.0,206582.0,132364.0,66182.0,1.7834487590611443,34.91154093027466,178236.0971670007,0.41640274433556773,0.0,0.0,1.0,inf,74218.0,inf,219.0,152.0,67.0,0.0,0.0,0.0,0.0,0.0,0.0
470.0,74367.0,207003.0,132636.0,66318.0,1.7835330186776392,34.91154093027466,178236.0971670007,0.4172387141664174,0.0,0.0,1.0,inf,74367.0,inf,217.0,149.0,68.0,0.0,0.0,0.0,0.0,0.0,0.0
471.0,74516.0,207428.0,132912.0,66456.0,1.7836706210746684,34.91154093027466,178236.0971670007,0.41807468399726705,0.0,0.0,1.0,inf,74516.0,inf,220.0,149.0,71.0,0.0,0.0,0.0,0.0,0.0,0.0
472.0,74678.0,207876.0,133198.0,66599.0,1.7836310560004285,35.154872361007826,181989.019712119,0.4103434378520752,0.0,0.0,1.0,inf,74678.0,inf,219.0,162.0,57.0,0.0,0.0,0.0,0.0,0.0,0.0
473.0,74830.0,208304.0,133474.0,66737.0,1.7836963784578377,35.154872361007826,181989.019712119,0.41117865307682033,0.0,0.0,1.0,inf,74830.0,inf,217.0,152.0,65.0,0.0,0.0,0.0,0.0,0.0,0.0
474.0,74982.0,208742.0,133760.0,66880.0,1.7838948014190072,35.154872361007826,181989.019712119,0.41201386830156544,0.0,0.0,1.0,inf,74982.0,inf,218.0,152.0,66.0,0.0,0.0,0.0,0.0,0.0,0.0
475.0,75135.0,209167.0,134032.0,67016.0,1.7838823451121315,35.154872361007826,181989.019712119,0.41285457836331546,0.0,0.0,1.0,inf,75135.0,inf,217.0,153.0,64.0,0.0,0.0,0.0,0.0,0.0,0.0
476.0,75287.0,209591.0,134304.0,67152.0,1.7838936336950602,35.154872361007826,181989.019712119,0.4136897935880606,0.0,0.0,1.0,inf,75287.0,inf,220.0,152.0,68.0,0.0,0.0,0.0,0.0,0.0,0.0
477.0,75438.0,210002.0,134564.0,67282.0,1.7837694530607917,35.154872361007826,181989.019712119,0.4145195139758008,0.0,0.0,1.0,inf,75438.0,inf,217.0,151.0,66.0,0.0,0.0,0.0,0.0,0.0,0.0
478.0,75595.0,210443.0,134848.0,67424.0,1.7838216813281302,35.154872361007826,181989.019712119,0.4153822033855704,0.0,0.0,1.0,inf,75595.0,inf,219.0,157.0,62.0,0.0,0.0,0.0,0.0,0.0,0.0
479.0,75729.0,210811.0,135082.0,67541.0,1.7837552324736892,35.154872361007826,181989.019712119,0.41611851154422724,0.0,0.0,1.0,inf,75729.0,inf,220.0,134.0,86.0,0.0,0.0,0.0,0.0,0.0,0.0
480.0,75873.0,211215.0,135342.0,67671.0,1.78379660748883,35.154872361007826,181989.019712119,0.4169097680729332,0.0,0.0,1.0,inf,75873.0,inf,219.0,144.0,75.0,0.0,0.0,0.0,0.0,0.0,0.0
481.0,76017.0,211615.0,135598.0,67799.0,1.7837852059407764,35.154872361007826,181989.019712119,0.41770102460163905,0.0,0.0,1.0,inf,76017.0,inf,220.0,144.0,76.0,0.0,0.0,0.0,0.0,0.0,0.0
482.0,76177.0,212059.0,135882.0,67941.0,1.7837667537445685,35.154872361007826,181989.019712119,0.4185801985224234,0.0,0.0,1.0,inf,76177.0,inf,219.0,160.0,59.0,0.0,0.0,0.0,0.0,0.0,0.0
483.0,76310.0,212432.0,136122.0,68061.0,1.7838029091862142,35.154872361007826,181989.019712119,0.4193110118440754,0.0,0.0,1.0,inf,76310.0,inf,217.0,133.0,84.0,0.0,0.0,0.0,0.0,0.0,0.0
484.0,76450.0,212818.0,136368.0,68184.0,1.7837540876389797,35.154872361007826,181989.019712119,0.42008028902476163,0.0,0.0,1.0,inf,76450.0,inf,219.0,140.0,79.0,0.0,0.0,0.0,0.0,0.0,0.0
485.0,76595.0,213235.0,136640.0,68320.0,1.7839284548599779,35.70725491492799,190703.20909753724,0.40164505024571795,0.0,0.0,1.0,inf,76595.0,inf,215.0,145.0,70.0,0.0,0.0,0.0,0.0,0.0,0.0
486.0,76762.0,213682.0,136920.0,68460.0,1.783695057450301,35.70725491492799,190703.20909753724,0.40252075653713426,0.0,0.0,1.0,inf,76762.0,inf,217.0,167.0,50.0,0.0,0.0,0.0,0.0,0.0,0.0
487.0,76922.0,214120.0,137198.0,68599.0,1.7835989703855855,35.70725491492799,190703.20909753724,0.4033597565768146,0.0,0.0,1.0,inf,76922.0,inf,218.0,160.0,58.0,0.0,0.0,0.0,0.0,0.0,0.0
488.0,77078.0,214558.0,137480.0,68740.0,1.783647733464802,35.70725491492799,190703.20909753724,0.40417778161550294,0.0,0.0,1.0,inf,77078.0,inf,217.0,156.0,61.0,0.0,0.0,0.0,0.0,0.0,0.0
489.0,77232.0,214982.0,137750.0,68875.0,1.7835871141495754,35.70725491492799,190703.20909753724,0.40498531915369523,0.0,0.0,1.0,inf,77232.0,inf,217.0,154.0,63.0,0.0,0.0,0.0,0.0,0.0,0.0
490.0,77389.0,215417.0,138028.0,69014.0,1.783560971197457,35.70725491492799,190703.20909753724,0.4058085879426316,0.0,0.0,1.0,inf,77389.0,inf,220.0,157.0,63.0,0.0,0.0,0.0,0.0,0.0,0.0
491.0,77541.0,215853.0,138312.0,69156.0,1.783727318450884,35.70725491492799,190703.20909753724,0.4066056379803279,0.0,0.0,1.0,inf,77541.0,inf,218.0,152.0,66.0,0.0,0.0,0.0,0.0,0.0,0.0
492.0,77691.0,216279.0,138588.0,69294.0,1.783835965555856,35.70725491492799,190703.20909753724,0.4073922005175282,0.0,0.0,1.0,inf,77691.0,inf,215.0,150.0,65.0,0.0,0.0,0.0,0.0,0.0,0.0
493.0,77840.0,216700.0,138860.0,69430.0,1.7839157245632067,35.70725491492799,190703.20909753724,0.4081735193044805,0.0,0.0,1.0,inf,77840.0,inf,216.0,149.0,67.0,0.0,0.0,0.0,0.0,0.0,0.0
494.0,77986.0,217108.0,139122.0,69561.0,1.7839355781806991,35.70725491492799,190703.20909753724,0.4089391068406888,0.0,0.0,1.0,inf,77986.0,inf,219.0,146.0,73.0,0.0,0.0,0.0,0.0,0.0,0.0
495.0,78139.0,217529.0,139390.0,69695.0,1.78387233007845,35.70725491492799,190703.20909753724,0.4097414006286331,0.0,0.0,1.0,inf,78139.0,inf,218.0,153.0,65.0,0.0,0.0,0.0,0.0,0.0,0.0
496.0,78301.0,217999.0,139698.0,69849.0,1.7841151454004418,35.70725491492799,190703.20909753724,0.41059088816880945,0.0,0.0,1.0,inf,78301.0,inf,218.0,162.0,56.0,0.0,0.0,0.0,0.0,0.0,0.0
497.0,78450.0,218414.0,139964.0,69982.0,1.7841172721478649,35.70725491492799,190703.20909753724,0.41137220695576177,0.0,0.0,1.0,inf,78450.0,inf,218.0,149.0,69.0,0.0,0.0,0.0,0.0,0.0,0.0
498.0,78595.0,218833.0,140238.0,70119.0,1.7843119791335327,35.70725491492799,190703.20909753724,0.41213255074172206,0.0,0.0,1.0,inf,78595.0,inf,217.0,145.0,72.0,0.0,0.0,0.0,0.0,0.0,0.0
499.0,78749.0,219257.0,140508.0,70254.0,1.7842512285870298,35.70725491492799,190703.20909753724,0.4129400882799144,0.0,0.0,1.0,inf,78749.0,inf,218.0,154.0,64.0,0.0,0.0,0.0,0.0,0.0,0.0
500.0,78901.0,219681.0,140780.0,70390.0,1.784261289464012,35.70725491492799,190703.20909753724,0.4137371383176107,0.0,0.0,1.0,inf,78901.0,inf,220.0,152.0,68.0,0.0,0.0,0.0,0.0,0.0,0.0
501.0,79053.0,220111.0,141058.0,70529.0,1.7843472100995534,35.70725491492799,190703.20909753724,0.41453418835530703,0.0,0.0,1.0,inf,79053.0,inf,219.0,152.0,67.0,0.0,0.0,0.0,0.0,0.0,0.0
502.0,79207.0,220555.0,141348.0,70674.0,1.7845392452687263,35.70725491492799,190703.20909753724,0.4153417258934993,0.0,0.0,1.0,inf,79207.0,inf,218.0,154.0,64.0,0.0,0.0,0.0,0.0,0.0,0.0
503.0,79361.0,220983.0,141622.0,70811.0,1.784528924786734,35.70725491492799,190703.20909753724,0.4161492634316916,0.0,0.0,1.0,inf,79361.0,inf,220.0,154.0,66.0,0.0,0.0,0.0,0.0,0.0,0.0
504.0,79518.0,221430.0,141912.0,70956.0,1.7846525315023014,35.70725491492799,190703.20909753724,0.41697253222062797,0.0,0.0,1.0,inf,79518.0,inf,216.0,157.0,59.0,0.0,0.0,0.0,0.0,0.0,0.0
505.0,79651.0,221805.0,142154.0,71077.0,1.7847108008687902,35.70725491492799,190703.20909753724,0.41766995100361226,0.0,0.0,1.0,inf,79651.0,inf,219.0,133.0,86.0,0.0,0.0,0.0,0.0,0.0,0.0
506.0,79815.0,222265.0,142450.0,71225.0,1.7847522395539686,35.70725491492799,190703.20909753724,0.4185299260442846,0.0,0.0,1.0,inf,79815.0,inf,219.0,164.0,55.0,0.0,0.0,0.0,0.0,0.0,0.0
507.0,79962.0,222678.0,142716.0,71358.0,1.784797778944999,35.70725491492799,190703.20909753724,0.4193007573307409,0.0,0.0,1.0,inf,79962.0,inf,219.0,147.0,72.0,0.0,0.0,0.0,0.0,0.0,0.0
508.0,80109.0,223095.0,142986.0,71493.0,1.7848930831741752,35.70725491492799,190703.20909753724,0.4200715886171972,0.0,0.0,1.0,inf,80109.0,inf,218.0,147.0,71.0,0.0,0.0,0.0,0.0,0.0,0.0
509.0,80275.0,223563.0,143288.0,71644.0,1.784964185611959,35.70725491492799,190703.20909753724,0.4209420511583655,0.0,0.0,1.0,inf,80275.0,inf,218.0,166.0,52.0,0.0,0.0,0.0,0.0,0.0,0.0
510.0,80424.0,223988.0,143564.0,71782.0,1.7850890281508007,35.70725491492799,190703.20909753724,0.42172336994531784,0.0,0.0,1.0,inf,80424.0,inf,218.0,149.0,69.0,0.0,0.0,0.0,0.0,0.0,0.0
511.0,80571.0,224393.0,143822.0,71911.0,1.7850343175584267,35.70725491492799,190703.20909753724,0.4224942012317741,0.0,0.0,1.0,inf,80571.0,inf,218.0,147.0,71.0,0.0,0.0,0.0,0.0,0.0,0.0
512.0,80717.0,224797.0,144080.0,72040.0,1.7850019202894063,35.70725491492799,190703.20909753724,0.4232597887679824,0.0,0.0,1.0,inf,80717.0,inf,218.0,146.0,72.0,0.0,0.0,0.0,0.0,0.0,0.0
513.0,80868.0,225220.0,144352.0,72176.0,1.7850323984765297,35.70725491492799,190703.20909753724,0.4240515950554308,0.0,0.0,1.0,inf,80868.0,inf,215.0,151.0,64.0,0.0,0.0,0.0,0.0,0.0,0.0
514.0,81006.0,225600.0,144594.0,72297.0,1.784978890452559,35.70725491492799,190703.20909753724,0.42477523258965505,0.0,0.0,1.0,inf,81006.0,inf,217.0,138.0,79.0,0.0,0.0,0.0,0.0,0.0,0.0
515.0,81159.0,226027.0,144868.0,72434.0,1.784989957983711,35.70725491492799,190703.20909753724,0.4255775263775993,0.0,0.0,1.0,inf,81159.0,inf,218.0,153.0,65.0,0.0,0.0,0.0,0.0,0.0,0.0
516.0,81295.0,226409.0,145114.0,72557.0,1.7850298296328186,35.70725491492799,190703.20909753724,0.4262906764113276,0.0,0.0,1.0,inf,81295.0,inf,219.0,136.0,83.0,0.0,0.0,0.0,0.0,0.0,0.0
517.0,81437.0,226807.0,145370.0,72685.0,1.7850608445792453,35.70725491492799,190703.20909753724,0.4270352889465439,0.0,0.0,1.0,inf,81437.0,inf,218.0,142.0,76.0,0.0,0.0,0.0,0.0,0.0,0.0
518.0,81579.0,227207.0,145628.0,72814.0,1.785116267666924,35.70725491492799,190703.20909753724,0.4277799014817602,0.0,0.0,1.0,inf,81579.0,inf,220.0,142.0,78.0,0.0,0.0,0.0,0.0,0.0,0.0
519.0,81727.0,227621.0,145894.0,72947.0,1.785138326379287,35.70725491492799,190703.20909753724,0.4285559765184645,0.0,0.0,1.0,inf,81727.0,inf,220.0,148.0,72.0,0.0,0.0,0.0,0.0,0.0,0.0
520.0,81880.0,228054.0,146174.0,73087.0,1.7852222765021983,35.70725491492799,190703.20909753724,0.42935827030640883,0.0,0.0,1.0,inf,81880.0,inf,220.0,153.0,67.0,0.0,0.0,0.0,0.0,0.0,0.0
521.0,82021.0,228447.0,146426.0,73213.0,1.7852257348727765,36.275935328740836,199960.61612903164,0.41018577351788643,0.0,0.0,1.0,inf,82021.0,inf,219.0,141.0,78.0,0.0,0.0,0.0,0.0,0.0,0.0
522.0,82180.0,228888.0,146708.0,73354.0,1.7852032124604527,36.275935328740836,199960.61612903164,0.4109809300996075,0.0,0.0,1.0,inf,82180.0,inf,219.0,159.0,60.0,0.0,0.0,0.0,0.0,0.0,0.0
523.0,82345.0,229365.0,147020.0,73510.0,1.7854150221628515,36.275935328740836,199960.61612903164,0.4118060925900728,0.0,0.0,1.0,inf,82345.0,inf,218.0,165.0,53.0,0.0,0.0,0.0,0.0,0.0,0.0
524.0,82500.0,229794.0,147294.0,73647.0,1.7853818181818182,36.275935328740836,199960.61612903164,0.41258124523263107,0.0,0.0,1.0,inf,82500.0,inf,215.0,155.0,60.0,0.0,0.0,0.0,0.0,0.0,0.0
525.0,82657.0,230221.0,147564.0,73782.0,1.7852571470050933,36.275935328740836,199960.61612903164,0.4133663998447707,0.0,0.0,1.0,inf,82657.0,inf,219.0,157.0,62.0,0.0,0.0,0.0,0.0,0.0,0.0
526.0,82818.0,230678.0,147860.0,73930.0,1.785360670385665,36.275935328740836,199960.61612903164,0.41417155839607317,0.0,0.0,1.0,inf,82818.0,inf,217.0,161.0,56.0,0.0,0.0,0.0,0.0,0.0,0.0
527.0,82967.0,231101.0,148134.0,74067.0,1.7854568683934577,36.275935328740836,199960.61612903164,0.41491670512988726,0.0,0.0,1.0,inf,82967.0,inf,218.0,149.0,69.0,0.0,0.0,0.0,0.0,0.0,0.0
528.0,83134.0,231578.0,148444.0,74222.0,1.785599153174393,36.275935328740836,199960.61612903164,0.41575186958993393,0.0,0.0,1.0,inf,83134.0,inf,218.0,167.0,51.0,0.0,0.0,0.0,0.0,0.0,0.0
529.0,83293.0,232035.0,148742.0,74371.0,1.7857683118629417,36.275935328740836,199960.61612903164,0.416547026171655,0.0,0.0,1.0,inf,83293.0,inf,218.0,159.0,59.0,0.0,0.0,0.0,0.0,0.0,0.0
530.0,83450.0,232482.0,149032.0,74516.0,1.7858837627321749,36.275935328740836,199960.61612903164,0.4173321807837947,0.0,0.0,1.0,inf,83450.0,inf,217.0,157.0,60.0,0.0,0.0,0.0,0.0,0.0,0.0
531.0,83612.0,232934.0,149322.0,74661.0,1.785891977228149,36.275935328740836,199960.61612903164,0.41814234031988784,0.0,0.0,1.0,inf,83612.0,inf,218.0,162.0,56.0,0.0,0.0,0.0,0.0,0.0,0.0
532.0,83761.0,233347.0,149586.0,74793.0,1.785866930910567,36.275935328740836,199960.61612903164,0.41888748705370193,0.0,0.0,1.0,inf,83761.0,inf,217.0,149.0,68.0,0.0,0.0,0.0,0.0,0.0,0.0
533.0,83930.0,233814.0,149884.0,74942.0,1.7858215179316097,36.275935328740836,199960.61612903164,0.41973265348333,0.0,0.0,1.0,inf,83930.0,inf,219.0,169.0,50.0,0.0,0.0,0.0,0.0,0.0,0.0
534.0,84082.0,234230.0,150148.0,75074.0,1.785732974953022,36.275935328740836,199960.61612903164,0.42049280317151616,0.0,0.0,1.0,inf,84082.0,inf,215.0,152.0,63.0,0.0,0.0,0.0,0.0,0.0,0.0
535.0,84234.0,234658.0,150424.0,75212.0,1.7857872118147067,36.275935328740836,199960.61612903164,0.4212529528597023,0.0,0.0,1.0,inf,84234.0,inf,215.0,152.0,63.0,0.0,0.0,0.0,0.0,0.0,0.0
536.0,84394.0,235104.0,150710.0,75355.0,1.7857904590373723,36.275935328740836,199960.61612903164,0.42205311042621413,0.0,0.0,1.0,inf,84394.0,inf,220.0,160.0,60.0,0.0,0.0,0.0,0.0,0.0,0.0
537.0,84546.0,235530.0,150984.0,75492.0,1.7858207366404089,36.275935328740836,199960.61612903164,0.4228132601144003,0.0,0.0,1.0,inf,84546.0,inf,214.0,152.0,62.0,0.0,0.0,0.0,0.0,0.0,0.0
538.0,84710.0,235994.0,151284.0,75642.0,1.7859048518474796,36.275935328740836,199960.61612903164,0.42363342162007483,0.0,0.0,1.0,inf,84710.0,inf,219.0,164.0,55.0,0.0,0.0,0.0,0.0,0.0,0.0
539.0,84870.0,236466.0,151596.0,75798.0,1.7862142099681866,36.275935328740836,199960.61612903164,0.42443357918658664,0.0,0.0,1.0,inf,84870.0,inf,218.0,160.0,58.0,0.0,0.0,0.0,0.0,0.0,0.0
540.0,85022.0,236890.0,151868.0,75934.0,1.7862200371668508,36.275935328740836,199960.61612903164,0.4251937288747728,0.0,0.0,1.0,inf,85022.0,inf,217.0,152.0,65.0,0.0,0.0,0.0,0.0,0.0,0.0
541.0,85178.0,237324.0,152146.0,76073.0,1.7862124022634953,36.275935328740836,199960.61612903164,0.42597388250212176,0.0,0.0,1.0,inf,85178.0,inf,218.0,156.0,62.0,0.0,0.0,0.0,0.0,0.0,0.0
542.0,85328.0,237734.0,152406.0,76203.0,1.7861194449653104,36.275935328740836,199960.61612903164,0.4267240302207266,0.0,0.0,1.0,inf,85328.0,inf,218.0,150.0,68.0,0.0,0.0,0.0,0.0,0.0,0.0
543.0,85481.0,238151.0,152670.0,76335.0,1.7860109264046982,36.275935328740836,199960.61612903164,0.42748918089370347,0.0,0.0,1.0,inf,85481.0,inf,220.0,153.0,67.0,0.0,0.0,0.0,0.0,0.0,0.0
544.0,85634.0,238586.0,152952.0,76476.0,1.7861129925029777,36.275935328740836,199960.61612903164,0.4282543315666803,0.0,0.0,1.0,inf,85634.0,inf,217.0,153.0,64.0,0.0,0.0,0.0,0.0,0.0,0.0
545.0,85790.0,239016.0,153226.0,76613.0,1.786058981233244,36.275935328740836,199960.61612903164,0.4290344851940293,0.0,0.0,1.0,inf,85790.0,inf,219.0,156.0,63.0,0.0,0.0,0.0,0.0,0.0,0.0
546.0,85944.0,239436.0,153492.0,76746.0,1.7859536442334543,36.275935328740836,199960.61612903164,0.4298046368517969,0.0,0.0,1.0,inf,85944.0,inf,219.0,154.0,65.0,0.0,0.0,0.0,0.0,0.0,0.0
547.0,86110.0,239906.0,153796.0,76898.0,1.7860411102078737,36.275935328740836,199960.61612903164,0.4306348003270528,0.0,0.0,1.0,inf,86110.0,inf,216.0,166.0,50.0,0.0,0.0,0.0,0.0,0.0,0.0
548.0,86257.0,240319.0,154062.0,77031.0,1.7860811296474488,36.275935328740836,199960.61612903164,0.4313699450912855,0.0,0.0,1.0,inf,86257.0,inf,219.0,147.0,72.0,0.0,0.0,0.0,0.0,0.0,0.0
549.0,86412.0,240750.0,154338.0,77169.0,1.7860713789751423,36.275935328740836,199960.61612903164,0.4321450977338438,0.0,0.0,1.0,inf,86412.0,inf,219.0,155.0,64.0,0.0,0.0,0.0,0.0,0.0,0.0
550.0,86561.0,241183.0,154622.0,77311.0,1.7862778849597394,36.275935328740836,199960.61612903164,0.4328902444676579,0.0,0.0,1.0,inf,86561.0,inf,219.0,149.0,70.0,0.0,0.0,0.0,0.0,0.0,0.0
551.0,86721.0,241629.0,154908.0,77454.0,1.786280139758536,36.275935328740836,199960.61612903164,0.43369040203416964,0.0,0.0,1.0,inf,86721.0,inf,219.0,160.0,59.0,0.0,0.0,0.0,0.0,0.0,0.0
552.0,86869.0,242049.0,155180.0,77590.0,1.7863679793712373,36.275935328740836,199960.61612903164,0.43443054778319307,0.0,0.0,1.0,inf,86869.0,inf,217.0,148.0,69.0,0.0,0.0,0.0,0.0,0.0,0.0
553.0,87020.0,242482.0,155462.0,77731.0,1.7865088485405654,36.275935328740836,199960.61612903164,0.4351856964865885,0.0,0.0,1.0,inf,87020.0,inf,218.0,151.0,67.0,0.0,0.0,0.0,0.0,0.0,0.0
554.0,87162.0,242884.0,155722.0,77861.0,1.7865813083683257,36.45685741065734,202967.40457193626,0.4294384124575422,0.0,0.0,1.0,inf,87162.0,inf,219.0,142.0,77.0,0.0,0.0,0.0,0.0,0.0,0.0
555.0,87323.0,243359.0,156036.0,78018.0,1.7868831808343735,36.45685741065734,202967.40457193626,0.43023164327378854,0.0,0.0,1.0,inf,87323.0,inf,220.0,161.0,59.0,0.0,0.0,0.0,0.0,0.0,0.0
556.0,87482.0,243808.0,156326.0,78163.0,1.7869504583800095,36.45685741065734,202967.40457193626,0.4310150202910753,0.0,0.0,1.0,inf,87482.0,inf,220.0,159.0,61.0,0.0,0.0,0.0,0.0,0.0,0.0
557.0,87638.0,244246.0,156608.0,78304.0,1.7869873799036948,36.45685741065734,202967.40457193626,0.4317836166099227,0.0,0.0,1.0,inf,87638.0,inf,216.0,156.0,60.0,0.0,0.0,0.0,0.0,0.0,0.0
558.0,87797.0,244689.0,156892.0,78446.0,1.7869858879004978,36.45685741065734,202967.40457193626,0.43256699362720946,0.0,0.0,1.0,inf,87797.0,inf,220.0,159.0,61.0,0.0,0.0,0.0,0.0,0.0,0.0
559.0,87963.0,245175.0,157212.0,78606.0,1.7872514579993861,36.45685741065734,202967.40457193626,0.43338485894085477,0.0,0.0,1.0,inf,87963.0,inf,219.0,166.0,53.0,0.0,0.0,0.0,0.0,0.0,0.0
560.0,88125.0,245641.0,157516.0,78758.0,1.7874156028368795,36.45685741065734,202967.40457193626,0.43418301665658093,0.0,0.0,1.0,inf,88125.0,inf,217.0,162.0,55.0,0.0,0.0,0.0,0.0,0.0,0.0
561.0,88272.0,246054.0,157782.0,78891.0,1.7874524197933659,36.45685741065734,202967.40457193626,0.4349072708801102,0.0,0.0,1.0,inf,88272.0,inf,218.0,147.0,71.0,0.0,0.0,0.0,0.0,0.0,0.0
562.0,88419.0,246457.0,158038.0,79019.0,1.787376016467049,36.45685741065734,202967.40457193626,0.43563152510363945,0.0,0.0,1.0,inf,88419.0,inf,218.0,147.0,71.0,0.0,0.0,0.0,0.0,0.0,0.0
563.0,88564.0,246868.0,158304.0,79152.0,1.7874531412312,36.45685741065734,202967.40457193626,0.43634592552820917,0.0,0.0,1.0,inf,88564.0,inf,217.0,145.0,72.0,0.0,0.0,0.0,0.0,0.0,0.0
564.0,88721.0,247315.0,158594.0,79297.0,1.7875587515920695,36.45685741065734,202967.40457193626,0.43711944874653635,0.0,0.0,1.0,inf,88721.0,inf,219.0,157.0,62.0,0.0,0.0,0.0,0.0,0.0,0.0
565.0,88885.0,247771.0,158886.0,79443.0,1.787545705124599,36.45685741065734,202967.40457193626,0.4379274602612221,0.0,0.0,1.0,inf,88885.0,inf,218.0,164.0,54.0,0.0,0.0,0.0,0.0,0.0,0.0
566.0,89021.0,248137.0,159116.0,79558.0,1.7873984790105706,36.45685741065734,202967.40457193626,0.43859751859047363,0.0,0.0,1.0,inf,89021.0,inf,218.0,136.0,82.0,0.0,0.0,0.0,0.0,0.0,0.0
567.0,89174.0,248572.0,159398.0,79699.0,1.7874941126337274,36.45685741065734,202967.40457193626,0.4393513342108817,0.0,0.0,1.0,inf,89174.0,inf,219.0,153.0,66.0,0.0,0.0,0.0,0.0,0.0,0.0
568.0,89331.0,248995.0,159664.0,79832.0,1.7873302660890396,36.45685741065734,202967.40457193626,0.44012485742920887,0.0,0.0,1.0,inf,89331.0,inf,219.0,157.0,62.0,0.0,0.0,0.0,0.0,0.0,0.0
569.0,89498.0,249460.0,159962.0,79981.0,1.7873248564213726,36.45685741065734,202967.40457193626,0.44094764964233396,0.0,0.0,1.0,inf,89498.0,inf,220.0,167.0,53.0,0.0,0.0,0.0,0.0,0.0,0.0
570.0,89647.0,249875.0,160228.0,80114.0,1.7873213827568128,36.45685741065734,202967.40457193626,0.4416817576648228,0.0,0.0,1.0,inf,89647.0,inf,219.0,149.0,70.0,0.0,0.0,0.0,0.0,0.0,0.0
571.0,89795.0,250287.0,160492.0,80246.0,1.7873155520908737,36.45685741065734,202967.40457193626,0.4424109387878319,0.0,0.0,1.0,inf,89795.0,inf,215.0,148.0,67.0,0.0,0.0,0.0,0.0,0.0,0.0
572.0,89941.0,250711.0,160770.0,80385.0,1.787505142259926,36.45685741065734,202967.40457193626,0.44313026611188133,0.0,0.0,1.0,inf,89941.0,inf,218.0,146.0,72.0,0.0,0.0,0.0,0.0,0.0,0.0
573.0,90087.0,251117.0,161030.0,80515.0,1.7874943110548691,36.45685741065734,202967.40457193626,0.44384959343593083,0.0,0.0,1.0,inf,90087.0,inf,218.0,146.0,72.0,0.0,0.0,0.0,0.0,0.0,0.0
574.0,90247.0,251565.0,161318.0,80659.0,1.787516482542356,36.45685741065734,202967.40457193626,0.4446378973526974,0.0,0.0,1.0,inf,90247.0,inf,218.0,160.0,58.0,0.0,0.0,0.0,0.0,0.0,0.0
575.0,90404.0,252010.0,161606.0,80803.0,1.7875978938985,36.45685741065734,202967.40457193626,0.44541142057102456,0.0,0.0,1.0,inf,90404.0,inf,219.0,157.0,62.0,0.0,0.0,0.0,0.0,0.0,0.0
576.0,90554.0,252432.0,161878.0,80939.0,1.7876405238862998,36.45685741065734,202967.40457193626,0.4461504554929932,0.0,0.0,1.0,inf,90554.0,inf,217.0,150.0,67.0,0.0,0.0,0.0,0.0,0.0,0.0
577.0,90713.0,252867.0,162154.0,81077.0,1.7875497447995325,36.45685741065734,202967.40457193626,0.44693383251028,0.0,0.0,1.0,inf,90713.0,inf,220.0,159.0,61.0,0.0,0.0,0.0,0.0,0.0,0.0
578.0,90864.0,253294.0,162430.0,81215.0,1.7876166578622996,36.45685741065734,202967.40457193626,0.44767779433172844,0.0,0.0,1.0,inf,90864.0,inf,220.0,151.0,69.0,0.0,0.0,0.0,0.0,0.0,0.0
579.0,91019.0,253729.0,162710.0,81355.0,1.7876487326821873,36.45685741065734,202967.40457193626,0.44844146375109606,0.0,0.0,1.0,inf,91019.0,inf,220.0,155.0,65.0,0.0,0.0,0.0,0.0,0.0,0.0
580.0,91160.0,254118.0,162958.0,81479.0,1.7876042123738483,36.45685741065734,202967.40457193626,0.4491361565777466,0.0,0.0,1.0,inf,91160.0,inf,218.0,141.0,77.0,0.0,0.0,0.0,0.0,0.0,0.0
581.0,91325.0,254575.0,163250.0,81625.0,1.787571858746236,36.45685741065734,202967.40457193626,0.4499490949919121,0.0,0.0,1.0,inf,91325.0,inf,217.0,165.0,52.0,0.0,0.0,0.0,0.0,0.0,0.0
582.0,91478.0,255004.0,163526.0,81763.0,1.78759920418024,36.45685741065734,202967.40457193626,0.4507029106123201,0.0,0.0,1.0,inf,91478.0,inf,215.0,153.0,62.0,0.0,0.0,0.0,0.0,0.0,0.0
583.0,91620.0,255410.0,163790.0,81895.0,1.787710106963545,36.45685741065734,202967.40457193626,0.4514025303384504,0.0,0.0,1.0,inf,91620.0,inf,219.0,142.0,77.0,0.0,0.0,0.0,0.0,0.0,0.0
584.0,91758.0,255808.0,164050.0,82025.0,1.7878550099173913,36.45685741065734,202967.40457193626,0.45208244246666157,0.0,0.0,1.0,inf,91758.0,inf,220.0,138.0,82.0,0.0,0.0,0.0,0.0,0.0,0.0
585.0,91908.0,256220.0,164312.0,82156.0,1.7877877877877877,36.45685741065734,202967.40457193626,0.4528214773886302,0.0,0.0,1.0,inf,91908.0,inf,219.0,150.0,69.0,0.0,0.0,0.0,0.0,0.0,0.0
586.0,92041.0,256587.0,164546.0,82273.0,1.7877467650286285,36.45685741065734,202967.40457193626,0.45347675501944246,0.0,0.0,1.0,inf,92041.0,inf,220.0,133.0,87.0,0.0,0.0,0.0,0.0,0.0,0.0
587.0,92203.0,257041.0,164838.0,82419.0,1.7877726321269374,36.45685741065734,202967.40457193626,0.45427491273516857,0.0,0.0,1.0,inf,92203.0,inf,219.0,162.0,57.0,0.0,0.0,0.0,0.0,0.0,0.0
588.0,92354.0,257468.0,165114.0,82557.0,1.7878381012192217,36.45685741065734,202967.40457193626,0.455018874556617,0.0,0.0,1.0,inf,92354.0,inf,220.0,151.0,69.0,0.0,0.0,0.0,0.0,0.0,0.0
589.0,92509.0,257913.0,165404.0,82702.0,1.7879773859840664,36.45685741065734,202967.40457193626,0.4557825439759846,0.0,0.0,1.0,inf,92509.0,inf,218.0,155.0,63.0,0.0,0.0,0.0,0.0,0.0,0.0
590.0,92657.0,258321.0,165664.0,82832.0,1.7879275176187444,36.45685741065734,202967.40457193626,0.4565117250989937,0.0,0.0,1.0,inf,92657.0,inf,219.0,148.0,71.0,0.0,0.0,0.0,0.0,0.0,0.0
591.0,92805.0,258733.0,165928.0,82964.0,1.787920909433759,36.45685741065734,202967.40457193626,0.45724090622200275,0.0,0.0,1.0,inf,92805.0,inf,217.0,148.0,69.0,0.0,0.0,0.0,0.0,0.0,0.0
592.0,92952.0,259128.0,166176.0,83088.0,1.7877614252517429,36.45685741065734,202967.40457193626,0.45796516044553204,0.0,0.0,1.0,inf,92952.0,inf,220.0,147.0,73.0,0.0,0.0,0.0,0.0,0.0,0.0
593.0,93108.0,259568.0,166460.0,83230.0,1.787816299351291,36.45685741065734,202967.40457193626,0.45873375676437944,0.0,0.0,1.0,inf,93108.0,inf,216.0,156.0,60.0,0.0,0.0,0.0,0.0,0.0,0.0
594.0,93262.0,260016.0,166754.0,83377.0,1.788016555510283,36.45685741065734,202967.40457193626,0.4594924992842672,0.0,0.0,1.0,inf,93262.0,inf,219.0,154.0,65.0,0.0,0.0,0.0,0.0,0.0,0.0
595.0,93411.0,260445.0,167034.0,83517.0,1.7881619937694704,36.45685741065734,202967.40457193626,0.4602266073067561,0.0,0.0,1.0,inf,93411.0,inf,219.0,149.0,70.0,0.0,0.0,0.0,0.0,0.0,0.0
596.0,93560.0,260856.0,167296.0,83648.0,1.7881145788798631,36.45685741065734,202967.40457193626,0.46096071532924493,0.0,0.0,1.0,inf,93560.0,inf,219.0,149.0,70.0,0.0,0.0,0.0,0.0,0.0,0.0
597.0,93699.0,261231.0,167532.0,83766.0,1.787980661479845,36.45685741065734,202967.40457193626,0.4616455543569359,0.0,0.0,1.0,inf,93699.0,inf,218.0,139.0,79.0,0.0,0.0,0.0,0.0,0.0,0.0
598.0,93833.0,261599.0,167766.0,83883.0,1.7879210938582375,36.45685741065734,202967.40457193626,0.46230575888722786,0.0,0.0,1.0,inf,93833.0,inf,219.0,134.0,85.0,0.0,0.0,0.0,0.0,0.0,0.0
599.0,93980.0,262002.0,168022.0,84011.0,1.7878484783996595,36.45685741065734,202967.40457193626,0.46303001311075714,0.0,0.0,1.0,inf,93980.0,inf,220.0,147.0,73.0,0.0,0.0,0.0,0.0,0.0,0.0
600.0,94131.0,262423.0,168292.0,84146.0,1.787848848944556,36.45685741065734,202967.40457193626,0.4637739749322056,0.0,0.0,1.0,inf,94131.0,inf,218.0,151.0,67.0,0.0,0.0,0.0,0.0,0.0,0.0
601.0,94288.0,262862.0,168574.0,84287.0,1.787862718479552,36.45685741065734,202967.40457193626,0.4645474981505328,0.0,0.0,1.0,inf,94288.0,inf,219.0,157.0,62.0,0.0,0.0,0.0,0.0,0.0,0.0
602.0,94433.0,263263.0,168830.0,84415.0,1.7878284074423136,36.45685741065734,202967.40457193626,0.4652618985751025,0.0,0.0,1.0,inf,94433.0,inf,217.0,145.0,72.0,0.0,0.0,0.0,0.0,0.0,0.0
603.0,94572.0,263642.0,169070.0,84535.0,1.78773844266802,36.45685741065734,202967.40457193626,0.4659467376027934,0.0,0.0,1.0,inf,94572.0,inf,218.0,139.0,79.0,0.0,0.0,0.0,0.0,0.0,0.0
604.0,94722.0,264068.0,169346.0,84673.0,1.7878212030995968,36.45685741065734,202967.40457193626,0.46668577252476207,0.0,0.0,1.0,inf,94722.0,inf,219.0,150.0,69.0,0.0,0.0,0.0,0.0,0.0,0.0
605.0,94867.0,264473.0,169606.0,84803.0,1.7878292767769615,36.45685741065734,202967.40457193626,0.4674001729493318,0.0,0.0,1.0,inf,94867.0,inf,217.0,145.0,72.0,0.0,0.0,0.0,0.0,0.0,0.0
606.0,95006.0,264870.0,169864.0,84932.0,1.7879291834199946,36.45685741065734,202967.40457193626,0.46808501197702274,0.0,0.0,1.0,inf,95006.0,inf,219.0,139.0,80.0,0.0,0.0,0.0,0.0,0.0,0.0
607.0,95143.0,265253.0,170110.0,85055.0,1.7879402583479604,36.45685741065734,202967.40457193626,0.46875999720575406,0.0,0.0,1.0,inf,95143.0,inf,220.0,137.0,83.0,0.0,0.0,0.0,0.0,0.0,0.0
608.0,95278.0,265632.0,170354.0,85177.0,1.7879678414744222,36.465109090748385,203105.25527985717,0.4691065224714012,0.0,0.0,1.0,inf,95278.0,inf,215.0,135.0,80.0,0.0,0.0,0.0,0.0,0.0,0.0
609.0,95413.0,266001.0,170588.0,85294.0,1.7878905390250805,36.465109090748385,203105.25527985717,0.46977120246608667,0.0,0.0,1.0,inf,95413.0,inf,217.0,135.0,82.0,0.0,0.0,0.0,0.0,0.0,0.0
610.0,95561.0,266407.0,170846.0,85423.0,1.7878213915718755,36.465109090748385,203105.25527985717,0.47049988868248255,0.0,0.0,1.0,inf,95561.0,inf,219.0,148.0,71.0,0.0,0.0,0.0,0.0,0.0,0.0
611.0,95705.0,266811.0,171106.0,85553.0,1.7878480748132282,36.465109090748385,203105.25527985717,0.47120888067681366,0.0,0.0,1.0,inf,95705.0,inf,220.0,144.0,76.0,0.0,0.0,0.0,0.0,0.0,0.0
612.0,95854.0,267222.0,171368.0,85684.0,1.787802282638179,36.465109090748385,203105.25527985717,0.47194249044872577,0.0,0.0,1.0,inf,95854.0,inf,216.0,149.0,67.0,0.0,0.0,0.0,0.0,0.0,0.0
613.0,96004.0,267650.0,171646.0,85823.0,1.7879046706387234,36.79673055983723,208697.04868398386,0.46001608841806146,0.0,0.0,1.0,inf,96004.0,inf,220.0,150.0,70.0,0.0,0.0,0.0,0.0,0.0,0.0
614.0,96168.0,268112.0,171944.0,85972.0,1.7879544131103902,36.79673055983723,208697.04868398386,0.4608019164929392,0.0,0.0,1.0,inf,96168.0,inf,219.0,164.0,55.0,0.0,0.0,0.0,0.0,0.0,0.0
615.0,96328.0,268552.0,172224.0,86112.0,1.7878913711485758,37.002907543514574,212224.81369557822,0.4538960280967702,0.0,0.0,1.0,inf,96328.0,inf,218.0,160.0,58.0,0.0,0.0,0.0,0.0,0.0,0.0
616.0,96488.0,269000.0,172512.0,86256.0,1.7879114501285134,37.002907543514574,212224.81369557822,0.4546499455921556,0.0,0.0,1.0,inf,96488.0,inf,219.0,160.0,59.0,0.0,0.0,0.0,0.0,0.0,0.0
617.0,96644.0,269446.0,172802.0,86401.0,1.7880261578577046,37.002907543514574,212224.81369557822,0.45538501515015634,0.0,0.0,1.0,inf,96644.0,inf,219.0,156.0,63.0,0.0,0.0,0.0,0.0,0.0,0.0
618.0,96790.0,269854.0,173064.0,86532.0,1.7880359541274926,37.002907543514574,212224.81369557822,0.4560729648646955,0.0,0.0,1.0,inf,96790.0,inf,219.0,146.0,73.0,0.0,0.0,0.0,0.0,0.0,0.0
619.0,96936.0,270264.0,173328.0,86664.0,1.7880663530576875,37.002907543514574,212224.81369557822,0.4567609145792347,0.0,0.0,1.0,inf,96936.0,inf,220.0,146.0,74.0,0.0,0.0,0.0,0.0,0.0,0.0
620.0,97092.0,270692.0,173600.0,86800.0,1.7879948914431674,37.002907543514574,212224.81369557822,0.4574959841372354,0.0,0.0,1.0,inf,97092.0,inf,219.0,156.0,63.0,0.0,0.0,0.0,0.0,0.0,0.0
621.0,97248.0,271122.0,173874.0,86937.0,1.7879442250740376,37.002907543514574,212224.81369557822,0.4582310536952362,0.0,0.0,1.0,inf,97248.0,inf,220.0,156.0,64.0,0.0,0.0,0.0,0.0,0.0,0.0
622.0,97403.0,271555.0,174152.0,87076.0,1.7879531431270084,37.002907543514574,212224.81369557822,0.4589614112688908,0.0,0.0,1.0,inf,97403.0,inf,219.0,155.0,64.0,0.0,0.0,0.0,0.0,0.0,0.0
623.0,97540.0,271948.0,174408.0,87204.0,1.788066434283371,37.002907543514574,212224.81369557822,0.4596069531243145,0.0,0.0,1.0,inf,97540.0,inf,219.0,137.0,82.0,0.0,0.0,0.0,0.0,0.0,0.0
624.0,97705.0,272413.0,174708.0,87354.0,1.7881172918479096,37.002907543514574,212224.81369557822,0.4603844305414307,0.0,0.0,1.0,inf,97705.0,inf,218.0,165.0,53.0,0.0,0.0,0.0,0.0,0.0,0.0
625.0,97852.0,272826.0,174974.0,87487.0,1.788149450190083,37.002907543514574,212224.81369557822,0.461077092240316,0.0,0.0,1.0,inf,97852.0,inf,218.0,147.0,71.0,0.0,0.0,0.0,0.0,0.0,0.0
626.0,98006.0,273252.0,175246.0,87623.0,1.7881150133665287,37.002907543514574,212224.81369557822,0.46180273782962444,0.0,0.0,1.0,inf,98006.0,inf,219.0,154.0,65.0,0.0,0.0,0.0,0.0,0.0,0.0
627.0,98147.0,273649.0,175502.0,87751.0,1.7881545029394683,37.002907543514574,212224.81369557822,0.4624671276224328,0.0,0.0,1.0,inf,98147.0,inf,219.0,141.0,78.0,0.0,0.0,0.0,0.0,0.0,0.0
628.0,98305.0,274101.0,175796.0,87898.0,1.7882711967855145,37.07372576050934,213445.65008312682,0.4605622085140406,0.0,0.0,1.0,inf,98305.0,inf,219.0,158.0,61.0,0.0,0.0,0.0,0.0,0.0,0.0
629.0,98472.0,274568.0,176096.0,88048.0,1.7882849947193111,37.07372576050934,213445.65008312682,0.4613446090920564,0.0,0.0,1.0,inf,98472.0,inf,219.0,167.0,52.0,0.0,0.0,0.0,0.0,0.0,0.0
630.0,98629.0,275013.0,176384.0,88192.0,1.788358393575926,37.07372576050934,213445.65008312682,0.4620801593360593,0.0,0.0,1.0,inf,98629.0,inf,218.0,157.0,61.0,0.0,0.0,0.0,0.0,0.0,0.0
631.0,98787.0,275447.0,176660.0,88330.0,1.788291981738488,37.07372576050934,213445.65008312682,0.46282039461346347,0.0,0.0,1.0,inf,98787.0,inf,219.0,158.0,61.0,0.0,0.0,0.0,0.0,0.0,0.0
632.0,98941.0,275877.0,176936.0,88468.0,1.788298076631528,37.07372576050934,213445.65008312682,0.4635418897572625,0.0,0.0,1.0,inf,98941.0,inf,218.0,154.0,64.0,0.0,0.0,0.0,0.0,0.0,0.0
633.0,99103.0,276331.0,177228.0,88614.0,1.7883212415365832,37.07372576050934,213445.65008312682,0.46430086516827185,0.0,0.0,1.0,inf,99103.0,inf,219.0,162.0,57.0,0.0,0.0,0.0,0.0,0.0,0.0
634.0,99256.0,276768.0,177512.0,88756.0,1.7884258886112678,37.07372576050934,213445.65008312682,0.46501767527866955,0.0,0.0,1.0,inf,99256.0,inf,216.0,153.0,63.0,0.0,0.0,0.0,0.0,0.0,0.0
635.0,99401.0,277185.0,177784.0,88892.0,1.7885534350761059,37.07372576050934,213445.65008312682,0.46569700512185697,0.0,0.0,1.0,inf,99401.0,inf,218.0,145.0,73.0,0.0,0.0,0.0,0.0,0.0,0.0
636.0,99542.0,277574.0,178032.0,89016.0,1.7885113821301561,37.07372576050934,213445.65008312682,0.4663575948314392,0.0,0.0,1.0,inf,99542.0,inf,218.0,141.0,77.0,0.0,0.0,0.0,0.0,0.0,0.0
637.0,99708.0,278042.0,178334.0,89167.0,1.7885626028001764,37.07372576050934,213445.65008312682,0.4671353103760537,0.0,0.0,1.0,inf,99708.0,inf,220.0,166.0,54.0,0.0,0.0,0.0,0.0,0.0,0.0
638.0,99866.0,278494.0,178628.0,89314.0,1.7886768269481104,37.07372576050934,213445.65008312682,0.4678755456534579,0.0,0.0,1.0,inf,99866.0,inf,219.0,158.0,61.0,0.0,0.0,0.0,0.0,0.0,0.0
639.0,100020.0,278912.0,178892.0,89446.0,1.7885622875424916,37.07372576050934,213445.65008312682,0.4685970407972569,0.0,0.0,1.0,inf,100020.0,inf,219.0,154.0,65.0,0.0,0.0,0.0,0.0,0.0,0.0
640.0,100162.0,279322.0,179160.0,89580.0,1.7887023022703221,37.07372576050934,213445.65008312682,0.4692623155402404,0.0,0.0,1.0,inf,100162.0,inf,218.0,142.0,76.0,0.0,0.0,0.0,0.0,0.0,0.0
641.0,100308.0,279728.0,179420.0,89710.0,1.788690832236711,37.07372576050934,213445.65008312682,0.4699463304168291,0.0,0.0,1.0,inf,100308.0,inf,219.0,146.0,73.0,0.0,0.0,0.0,0.0,0.0,0.0
642.0,100440.0,280102.0,179662.0,89831.0,1.7887495021903623,37.07372576050934,213445.65008312682,0.4705647548257997,0.0,0.0,1.0,inf,100440.0,inf,216.0,132.0,84.0,0.0,0.0,0.0,0.0,0.0,0.0
643.0,100606.0,280572.0,179966.0,89983.0,1.7888197523010556,37.07372576050934,213445.65008312682,0.4713424703704142,0.0,0.0,1.0,inf,100606.0,inf,218.0,166.0,52.0,0.0,0.0,0.0,0.0,0.0,0.0
644.0,100759.0,280995.0,180236.0,90118.0,1.7887831359977768,37.07372576050934,213445.65008312682,0.4720592804808119,0.0,0.0,1.0,inf,100759.0,inf,217.0,153.0,64.0,0.0,0.0,0.0,0.0,0.0,0.0
645.0,100911.0,281427.0,180516.0,90258.0,1.7888634539346553,37.07372576050934,213445.65008312682,0.47277140555780833,0.0,0.0,1.0,inf,100911.0,inf,219.0,152.0,67.0,0.0,0.0,0.0,0.0,0.0,0.0
646.0,101062.0,281850.0,180788.0,90394.0,1.7888820723912053,37.07372576050934,213445.65008312682,0.47347884560140346,0.0,0.0,1.0,inf,101062.0,inf,217.0,151.0,66.0,0.0,0.0,0.0,0.0,0.0,0.0
647.0,101215.0,282271.0,181056.0,90528.0,1.7888257669317789,37.07372576050934,213445.65008312682,0.4741956557118012,0.0,0.0,1.0,inf,101215.0,inf,218.0,153.0,65.0,0.0,0.0,0.0,0.0,0.0,0.0
648.0,101366.0,282692.0,181326.0,90663.0,1.7888246552098337,37.07372576050934,213445.65008312682,0.47490309575539635,0.0,0.0,1.0,inf,101366.0,inf,219.0,151.0,68.0,0.0,0.0,0.0,0.0,0.0,0.0
649.0,101521.0,283109.0,181588.0,90794.0,1.7886742644378995,37.07372576050934,213445.65008312682,0.4756292759325967,0.0,0.0,1.0,inf,101521.0,inf,219.0,155.0,64.0,0.0,0.0,0.0,0.0,0.0,0.0
650.0,101677.0,283559.0,181882.0,90941.0,1.7888214640479165,37.07372576050934,213445.65008312682,0.47636014114319825,0.0,0.0,1.0,inf,101677.0,inf,219.0,156.0,63.0,0.0,0.0,0.0,0.0,0.0,0.0
651.0,101821.0,283965.0,182144.0,91072.0,1.7888647724929043,37.07372576050934,213445.65008312682,0.4770347859529844,0.0,0.0,1.0,inf,101821.0,inf,219.0,144.0,75.0,0.0,0.0,0.0,0.0,0.0,0.0
652.0,101961.0,284357.0,182396.0,91198.0,1.7888800619844842,37.07372576050934,213445.65008312682,0.4776906906291653,0.0,0.0,1.0,inf,101961.0,inf,220.0,140.0,80.0,0.0,0.0,0.0,0.0,0.0,0.0
653.0,102105.0,284757.0,182652.0,91326.0,1.7888644042897017,37.07372576050934,213445.65008312682,0.4783653354389514,0.0,0.0,1.0,inf,102105.0,inf,219.0,144.0,75.0,0.0,0.0,0.0,0.0,0.0,0.0
654.0,102237.0,285111.0,182874.0,91437.0,1.7887261950174593,37.07372576050934,213445.65008312682,0.47898375984792196,0.0,0.0,1.0,inf,102237.0,inf,218.0,132.0,86.0,0.0,0.0,0.0,0.0,0.0,0.0
655.0,102381.0,285527.0,183146.0,91573.0,1.7888670749455466,37.07372576050934,213445.65008312682,0.47965840465770804,0.0,0.0,1.0,inf,102381.0,inf,219.0,144.0,75.0,0.0,0.0,0.0,0.0,0.0,0.0
656.0,102532.0,285960.0,183428.0,91714.0,1.788982951663871,37.07372576050934,213445.65008312682,0.48036584470130317,0.0,0.0,1.0,inf,102532.0,inf,220.0,151.0,69.0,0.0,0.0,0.0,0.0,0.0,0.0
657.0,102677.0,286371.0,183694.0,91847.0,1.7890472062876788,37.07372576050934,213445.65008312682,0.4810451745444906,0.0,0.0,1.0,inf,102677.0,inf,220.0,145.0,75.0,0.0,0.0,0.0,0.0,0.0,0.0
658.0,102826.0,286798.0,183972.0,91986.0,1.7891583840662868,37.07372576050934,213445.65008312682,0.48174324452128314,0.0,0.0,1.0,inf,102826.0,inf,218.0,149.0,69.0,0.0,0.0,0.0,0.0,0.0,0.0
659.0,102980.0,287216.0,184236.0,92118.0,1.7890464167799573,37.07372576050934,213445.65008312682,0.48246473966508213,0.0,0.0,1.0,inf,102980.0,inf,218.0,154.0,64.0,0.0,0.0,0.0,0.0,0.0,0.0
660.0,103124.0,287610.0,184486.0,92243.0,1.7889724991272642,37.07372576050934,213445.65008312682,0.48313938447486826,0.0,0.0,1.0,inf,103124.0,inf,217.0,144.0,73.0,0.0,0.0,0.0,0.0,0.0,0.0
661.0,103269.0,288019.0,184750.0,92375.0,1.7890170331851767,37.07372576050934,213445.65008312682,0.4838187143180556,0.0,0.0,1.0,inf,103269.0,inf,220.0,145.0,75.0,0.0,0.0,0.0,0.0,0.0,0.0
662.0,103409.0,288417.0,185008.0,92504.0,1.789089924474659,37.07372576050934,213445.65008312682,0.48447461899423655,0.0,0.0,1.0,inf,103409.0,inf,218.0,140.0,78.0,0.0,0.0,0.0,0.0,0.0,0.0
663.0,103560.0,288840.0,185280.0,92640.0,1.7891077636152954,37.07372576050934,213445.65008312682,0.4851820590378317,0.0,0.0,1.0,inf,103560.0,inf,220.0,151.0,69.0,0.0,0.0,0.0,0.0,0.0,0.0
664.0,103709.0,289261.0,185552.0,92776.0,1.7891600536115477,37.621033786250976,223038.98769685693,0.46498148629044134,0.0,0.0,1.0,inf,103709.0,inf,217.0,149.0,68.0,0.0,0.0,0.0,0.0,0.0,0.0
665.0,103862.0,289692.0,185830.0,92915.0,1.7892010552463846,37.621033786250976,223038.98769685693,0.46566746501362294,0.0,0.0,1.0,inf,103862.0,inf,218.0,153.0,65.0,0.0,0.0,0.0,0.0,0.0,0.0
666.0,104019.0,290141.0,186122.0,93061.0,1.7893077226275969,37.621033786250976,223038.98769685693,0.4663713778210707,0.0,0.0,1.0,inf,104019.0,inf,219.0,157.0,62.0,0.0,0.0,0.0,0.0,0.0,0.0
667.0,104155.0,290533.0,186378.0,93189.0,1.7894292160722,37.621033786250976,223038.98769685693,0.46698113668612096,0.0,0.0,1.0,inf,104155.0,inf,216.0,136.0,80.0,0.0,0.0,0.0,0.0,0.0,0.0
668.0,104306.0,290966.0,186660.0,93330.0,1.7895423082085402,37.621033786250976,223038.98769685693,0.46765814836716946,0.0,0.0,1.0,inf,104306.0,inf,218.0,151.0,67.0,0.0,0.0,0.0,0.0,0.0,0.0
669.0,104459.0,291391.0,186932.0,93466.0,1.7895250768244,37.621033786250976,223038.98769685693,0.468344127090351,0.0,0.0,1.0,inf,104459.0,inf,220.0,153.0,67.0,0.0,0.0,0.0,0.0,0.0,0.0
670.0,104604.0,291796.0,187192.0,93596.0,1.7895300370922718,37.621033786250976,223038.98769685693,0.4689942376450002,0.0,0.0,1.0,inf,104604.0,inf,216.0,145.0,71.0,0.0,0.0,0.0,0.0,0.0,0.0
671.0,104760.0,292240.0,187480.0,93740.0,1.7896143566246658,37.621033786250976,223038.98769685693,0.4696936669313814,0.0,0.0,1.0,inf,104760.0,inf,218.0,156.0,62.0,0.0,0.0,0.0,0.0,0.0,0.0
672.0,104924.0,292704.0,187780.0,93890.0,1.7896763371583242,37.621033786250976,223038.98769685693,0.470428964386295,0.0,0.0,1.0,inf,104924.0,inf,220.0,164.0,56.0,0.0,0.0,0.0,0.0,0.0,0.0
673.0,105065.0,293099.0,188034.0,94017.0,1.7896920953695332,37.621033786250976,223038.98769685693,0.47106114085667805,0.0,0.0,1.0,inf,105065.0,inf,217.0,141.0,76.0,0.0,0.0,0.0,0.0,0.0,0.0
674.0,105219.0,293533.0,188314.0,94157.0,1.7897337933263004,37.621033786250976,223038.98769685693,0.4717516031009261,0.0,0.0,1.0,inf,105219.0,inf,219.0,154.0,65.0,0.0,0.0,0.0,0.0,0.0,0.0
675.0,105369.0,293949.0,188580.0,94290.0,1.7897104461463997,37.621033786250976,223038.98769685693,0.4724241312609081,0.0,0.0,1.0,inf,105369.0,inf,219.0,150.0,69.0,0.0,0.0,0.0,0.0,0.0,0.0
676.0,105515.0,294353.0,188838.0,94419.0,1.7896791925318676,37.621033786250976,223038.98769685693,0.4730787253366238,0.0,0.0,1.0,inf,105515.0,inf,217.0,146.0,71.0,0.0,0.0,0.0,0.0,0.0,0.0
677.0,105657.0,294753.0,189096.0,94548.0,1.7897157784150601,37.621033786250976,223038.98769685693,0.4737153853280734,0.0,0.0,1.0,inf,105657.0,inf,217.0,142.0,75.0,0.0,0.0,0.0,0.0,0.0,0.0
678.0,105809.0,295189.0,189380.0,94690.0,1.7898288425370243,37.621033786250976,223038.98769685693,0.4743968805301884,0.0,0.0,1.0,inf,105809.0,inf,218.0,152.0,66.0,0.0,0.0,0.0,0.0,0.0,0.0
679.0,105969.0,295653.0,189684.0,94842.0,1.7899951872717492,37.621033786250976,223038.98769685693,0.4751142439008358,0.0,0.0,1.0,inf,105969.0,inf,220.0,160.0,60.0,0.0,0.0,0.0,0.0,0.0,0.0
680.0,106126.0,296092.0,189966.0,94983.0,1.7900043344703465,37.621033786250976,223038.98769685693,0.47581815670828354,0.0,0.0,1.0,inf,106126.0,inf,219.0,157.0,62.0,0.0,0.0,0.0,0.0,0.0,0.0
681.0,106286.0,296550.0,190264.0,95132.0,1.7901134674369155,37.621033786250976,223038.98769685693,0.47653552007893096,0.0,0.0,1.0,inf,106286.0,inf,218.0,160.0,58.0,0.0,0.0,0.0,0.0,0.0,0.0
682.0,106435.0,296959.0,190524.0,95262.0,1.7900502654202095,37.621033786250976,223038.98769685693,0.47720356471784636,0.0,0.0,1.0,inf,106435.0,inf,220.0,149.0,71.0,0.0,0.0,0.0,0.0,0.0,0.0
683.0,106585.0,297385.0,190800.0,95400.0,1.7901205610545574,37.621033786250976,223038.98769685693,0.4778760928778283,0.0,0.0,1.0,inf,106585.0,inf,219.0,150.0,69.0,0.0,0.0,0.0,0.0,0.0,0.0
684.0,106734.0,297806.0,191072.0,95536.0,1.79016995521577,37.621033786250976,223038.98769685693,0.4785441375167437,0.0,0.0,1.0,inf,106734.0,inf,219.0,149.0,70.0,0.0,0.0,0.0,0.0,0.0,0.0
685.0,106889.0,298235.0,191346.0,95673.0,1.7901374322895713,37.621033786250976,223038.98769685693,0.47923908328205833,0.0,0.0,1.0,inf,106889.0,inf,220.0,155.0,65.0,0.0,0.0,0.0,0.0,0.0,0.0
686.0,107046.0,298670.0,191624.0,95812.0,1.7901089251349886,37.621033786250976,223038.98769685693,0.4799429960895061,0.0,0.0,1.0,inf,107046.0,inf,220.0,157.0,63.0,0.0,0.0,0.0,0.0,0.0,0.0
687.0,107195.0,299091.0,191896.0,95948.0,1.7901581230467838,37.621033786250976,223038.98769685693,0.4806110407284215,0.0,0.0,1.0,inf,107195.0,inf,219.0,149.0,70.0,0.0,0.0,0.0,0.0,0.0,0.0
688.0,107352.0,299520.0,192168.0,96084.0,1.7900737759892689,37.621033786250976,223038.98769685693,0.4813149535358692,0.0,0.0,1.0,inf,107352.0,inf,218.0,157.0,61.0,0.0,0.0,0.0,0.0,0.0,0.0
689.0,107506.0,299950.0,192444.0,96222.0,1.7900768329209533,37.621033786250976,223038.98769685693,0.48200541578011735,0.0,0.0,1.0,inf,107506.0,inf,215.0,154.0,61.0,0.0,0.0,0.0,0.0,0.0,0.0
690.0,107644.0,300330.0,192686.0,96343.0,1.790030099215934,37.621033786250976,223038.98769685693,0.4826241416873007,0.0,0.0,1.0,inf,107644.0,inf,217.0,138.0,79.0,0.0,0.0,0.0,0.0,0.0,0.0
691.0,107781.0,300717.0,192936.0,96468.0,1.7900743173657694,37.621033786250976,223038.98769685693,0.48323838407341757,0.0,0.0,1.0,inf,107781.0,inf,219.0,137.0,82.0,0.0,0.0,0.0,0.0,0.0,0.0
692.0,107926.0,301134.0,193208.0,96604.0,1.7901895743379723,37.621033786250976,223038.98769685693,0.48388849462806677,0.0,0.0,1.0,inf,107926.0,inf,218.0,145.0,73.0,0.0,0.0,0.0,0.0,0.0,0.0
693.0,108074.0,301556.0,193482.0,96741.0,1.7902733312360049,37.621033786250976,223038.98769685693,0.4845520557459156,0.0,0.0,1.0,inf,108074.0,inf,218.0,148.0,70.0,0.0,0.0,0.0,0.0,0.0,0.0
694.0,108223.0,301979.0,193756.0,96878.0,1.7903403158293523,37.621033786250976,223038.98769685693,0.485220100384831,0.0,0.0,1.0,inf,108223.0,inf,219.0,149.0,70.0,0.0,0.0,0.0,0.0,0.0,0.0
695.0,108383.0,302435.0,194052.0,97026.0,1.790428388215864,37.621033786250976,223038.98769685693,0.48593746375547836,0.0,0.0,1.0,inf,108383.0,inf,218.0,160.0,58.0,0.0,0.0,0.0,0.0,0.0,0.0
696.0,108532.0,302850.0,194318.0,97159.0,1.7904212582464158,37.621033786250976,223038.98769685693,0.48660550839439376,0.0,0.0,1.0,inf,108532.0,inf,218.0,149.0,69.0,0.0,0.0,0.0,0.0,0.0,0.0
697.0,108681.0,303273.0,194592.0,97296.0,1.7904877577497447,37.621033786250976,223038.98769685693,0.48727355303330916,0.0,0.0,1.0,inf,108681.0,inf,218.0,149.0,69.0,0.0,0.0,0.0,0.0,0.0,0.0
698.0,108821.0,303655.0,194834.0,97417.0,1.7904081013774915,37.621033786250976,223038.98769685693,0.48790124598262563,0.0,0.0,1.0,inf,108821.0,inf,219.0,140.0,79.0,0.0,0.0,0.0,0.0,0.0,0.0
699.0,108976.0,304096.0,195120.0,97560.0,1.7904859785640874,37.621033786250976,223038.98769685693,0.4885961917479403,0.0,0.0,1.0,inf,108976.0,inf,219.0,155.0,64.0,0.0,0.0,0.0,0.0,0.0,0.0
700.0,109123.0,304509.0,195386.0,97693.0,1.790511624497127,37.621033786250976,223038.98769685693,0.4892552693447226,0.0,0.0,1.0,inf,109123.0,inf,219.0,147.0,72.0,0.0,0.0,0.0,0.0,0.0,0.0
