t,site_subsystems,total_subsystems,interface_subsystems,n_links,mean_degree,frontier_radius,volume_proxy,density,energy_remaining,energy_density,creation_rate_modifier,memory_total,memory_bound,memory_free,birth_attempts,births_accepted,births_reject_exclusion,births_reject_memory,births_reject_energy,deaths_attempted,deaths_executed,links_attempted_random,links_added_random
0.0,2.0,4.0,2.0,1.0,1.0,0.32972081004921744,0.15015081149852988,13.319941331250027,0.0,0.0,1.0,inf,2.0,inf,0.0,0.0,0.0,0.0,0.0,0.0,0.0,0.0,0.0
1.0,2.0,4.0,2.0,1.0,1.0,0.32972081004921744,0.15015081149852988,13.319941331250027,0.0,0.0,1.0,inf,2.0,inf,0.0,0.0,0.0,0.0,0.0,0.0,0.0,0.0,0.0
2.0,220.0,624.0,404.0,202.0,1.8363636363636364,13.754525871410802,10899.974524514793,0.020183533411496042,0.0,0.0,1.0,inf,220.0,inf,220.0,218.0,2.0,0.0,0.0,0.0,0.0,0.0,0.0
3.0,220.0,624.0,404.0,202.0,1.8363636363636364,13.754525871410802,10899.974524514793,0.020183533411496042,0.0,0.0,1.0,inf,220.0,inf,0.0,0.0,0.0,0.0,0.0,0.0,0.0,0.0,0.0
4.0,429.0,1203.0,774.0,387.0,1.8041958041958042,14.87380819226461,13783.361266631086,0.031124483476943337,0.0,0.0,1.0,inf,429.0,inf,220.0,209.0,11.0,0.0,0.0,0.0,0.0,0.0,0.0
5.0,470.0,1290.0,820.0,410.0,1.7446808510638299,14.987637759652854,14102.242328960776,0.03332803316213013,0.0,0.0,1.0,inf,470.0,inf,45.0,41.0,4.0,0.0,0.0,0.0,0.0,0.0,0.0
6.0,661.0,1833.0,1172.0,586.0,1.773071104387292,16.23694053588586,17930.8637217603,0.0368638126002727,0.0,0.0,1.0,inf,661.0,inf,198.0,191.0,7.0,0.0,0.0,0.0,0.0,0.0,0.0
7.0,715.0,1963.0,1248.0,624.0,1.7454545454545454,16.23694053588586,17930.8637217603,0.03987537974159604,0.0,0.0,1.0,inf,715.0,inf,57.0,54.0,3.0,0.0,0.0,0.0,0.0,0.0,0.0
8.0,885.0,2447.0,1562.0,781.0,1.7649717514124295,17.4723330614495,22342.99089105113,0.03960973731383753,0.0,0.0,1.0,inf,885.0,inf,175.0,170.0,5.0,0.0,0.0,0.0,0.0,0.0,0.0
9.0,978.0,2674.0,1696.0,848.0,1.7341513292433537,17.75017530993186,23425.914264205156,0.04174863738378766,0.0,0.0,1.0,inf,978.0,inf,101.0,93.0,8.0,0.0,0.0,0.0,0.0,0.0,0.0
10.0,1120.0,3072.0,1952.0,976.0,1.7428571428571429,17.8793622022888,23941.131753810532,0.0467814141585741,0.0,0.0,1.0,inf,1120.0,inf,150.0,142.0,8.0,0.0,0.0,0.0,0.0,0.0,0.0
11.0,1264.0,3464.0,2200.0,1100.0,1.740506329113924,18.753004783331694,27624.931035517307,0.04575577033567534,0.0,0.0,1.0,inf,1264.0,inf,150.0,144.0,6.0,0.0,0.0,0.0,0.0,0.0,0.0
12.0,1400.0,3838.0,2438.0,1219.0,1.7414285714285713,18.753004783331694,27624.931035517307,0.0506788595490075,0.0,0.0,1.0,inf,1400.0,inf,146.0,136.0,10.0,0.0,0.0,0.0,0.0,0.0,0.0
13.0,1541.0,4209.0,2668.0,1334.0,1.7313432835820894,18.772262086751066,27710.121887793375,0.05561144791206523,0.0,0.0,1.0,inf,1541.0,inf,155.0,141.0,14.0,0.0,0.0,0.0,0.0,0.0,0.0
14.0,1708.0,4644.0,2936.0,1468.0,1.7189695550351287,19.015126285518996,28799.586444787066,0.05930640716923074,0.0,0.0,1.0,inf,1708.0,inf,184.0,167.0,17.0,0.0,0.0,0.0,0.0,0.0,0.0
15.0,1853.0,5043.0,3190.0,1595.0,1.7215326497571506,19.417101578685315,30664.91866206585,0.06042735741191645,0.0,0.0,1.0,inf,1853.0,inf,167.0,145.0,22.0,0.0,0.0,0.0,0.0,0.0,0.0
16.0,1995.0,5443.0,3448.0,1724.0,1.7283208020050125,19.417101578685315,30664.91866206585,0.06505805614504766,0.0,0.0,1.0,inf,1995.0,inf,160.0,142.0,18.0,0.0,0.0,0.0,0.0,0.0,0.0
17.0,2145.0,5843.0,3698.0,1849.0,1.724009324009324,19.57273864800234,31408.225511502096,0.0682942116298316,0.0,0.0,1.0,inf,2145.0,inf,170.0,150.0,20.0,0.0,0.0,0.0,0.0,0.0,0.0
18.0,2313.0,6305.0,3992.0,1996.0,1.72589710332901,19.605989718755318,31568.570829690503,0.07326907551432782,0.0,0.0,1.0,inf,2313.0,inf,189.0,168.0,21.0,0.0,0.0,0.0,0.0,0.0,0.0
19.0,2477.0,6739.0,4262.0,2131.0,1.720629794105773,19.648638707061515,31775.033014467015,0.07795428564534407,0.0,0.0,1.0,inf,2477.0,inf,186.0,164.0,22.0,0.0,0.0,0.0,0.0,0.0,0.0
20.0,2637.0,7169.0,4532.0,2266.0,1.7186196435343193,19.829339176012436,32659.785892657685,0.08074149685692916,0.0,0.0,1.0,inf,2637.0,inf,193.0,160.0,33.0,0.0,0.0,0.0,0.0,0.0,0.0
21.0,2799.0,7599.0,4800.0,2400.0,1.714898177920686,19.829339176012436,32659.785892657685,0.08570172533278148,0.0,0.0,1.0,inf,2799.0,inf,183.0,162.0,21.0,0.0,0.0,0.0,0.0,0.0,0.0
22.0,2977.0,8097.0,5120.0,2560.0,1.7198522002015453,20.114635583746328,34089.85201413756,0.08732804116501867,0.0,0.0,1.0,inf,2977.0,inf,204.0,178.0,26.0,0.0,0.0,0.0,0.0,0.0,0.0
23.0,3145.0,8557.0,5412.0,2706.0,1.720826709062003,20.114635583746328,34089.85201413756,0.0922561939751373,0.0,0.0,1.0,inf,3145.0,inf,191.0,168.0,23.0,0.0,0.0,0.0,0.0,0.0,0.0
24.0,3310.0,9018.0,5708.0,2854.0,1.7244712990936555,20.277167738901667,34922.91530342266,0.0947801743136719,0.0,0.0,1.0,inf,3310.0,inf,188.0,165.0,23.0,0.0,0.0,0.0,0.0,0.0,0.0
25.0,3467.0,9463.0,5996.0,2998.0,1.729449091433516,20.41317227931249,35630.35192021417,0.09730468022778822,0.0,0.0,1.0,inf,3467.0,inf,193.0,157.0,36.0,0.0,0.0,0.0,0.0,0.0,0.0
26.0,3639.0,9933.0,6294.0,3147.0,1.72959604286892,20.598575080871104,36610.03514202063,0.09939897587869816,0.0,0.0,1.0,inf,3639.0,inf,199.0,172.0,27.0,0.0,0.0,0.0,0.0,0.0,0.0
27.0,3800.0,10374.0,6574.0,3287.0,1.73,20.598575080871104,36610.03514202063,0.10379667720226793,0.0,0.0,1.0,inf,3800.0,inf,195.0,161.0,34.0,0.0,0.0,0.0,0.0,0.0,0.0
28.0,3961.0,10819.0,6858.0,3429.0,1.7313809644029285,20.69465278817483,37124.70762930228,0.10669444294488153,0.0,0.0,1.0,inf,3961.0,inf,189.0,161.0,28.0,0.0,0.0,0.0,0.0,0.0,0.0
29.0,4131.0,11305.0,7174.0,3587.0,1.7366255144032923,21.096378839427818,39328.95042150532,0.10503712801196809,0.0,0.0,1.0,inf,4131.0,inf,200.0,170.0,30.0,0.0,0.0,0.0,0.0,0.0,0.0
30.0,4280.0,11716.0,7436.0,3718.0,1.7373831775700934,21.096378839427818,39328.95042150532,0.10882568576403374,0.0,0.0,1.0,inf,4280.0,inf,190.0,149.0,41.0,0.0,0.0,0.0,0.0,0.0,0.0
31.0,4449.0,12185.0,7736.0,3868.0,1.7388177118453585,21.096378839427818,39328.95042150532,0.11312277475798742,0.0,0.0,1.0,inf,4449.0,inf,198.0,169.0,29.0,0.0,0.0,0.0,0.0,0.0,0.0
32.0,4621.0,12659.0,8038.0,4019.0,1.7394503354252326,21.181149554827265,39804.959770797985,0.11609106067706902,0.0,0.0,1.0,inf,4621.0,inf,207.0,172.0,35.0,0.0,0.0,0.0,0.0,0.0,0.0
33.0,4774.0,13090.0,8316.0,4158.0,1.7419354838709677,21.220036829553838,40024.60082492002,0.11927664240507863,0.0,0.0,1.0,inf,4774.0,inf,195.0,153.0,42.0,0.0,0.0,0.0,0.0,0.0,0.0
34.0,4941.0,13555.0,8614.0,4307.0,1.7433717870876342,21.5521687852656,41933.54204616201,0.11782930224593866,0.0,0.0,1.0,inf,4941.0,inf,205.0,167.0,38.0,0.0,0.0,0.0,0.0,0.0,0.0
35.0,5108.0,14016.0,8908.0,4454.0,1.7439310884886452,21.931438977647776,44186.53968619227,0.11560081500557476,0.0,0.0,1.0,inf,5108.0,inf,198.0,167.0,31.0,0.0,0.0,0.0,0.0,0.0,0.0
36.0,5275.0,14493.0,9218.0,4609.0,1.7474881516587677,22.06061420155174,44971.91782278873,0.11729542023949413,0.0,0.0,1.0,inf,5275.0,inf,198.0,167.0,31.0,0.0,0.0,0.0,0.0,0.0,0.0
37.0,5435.0,14931.0,9496.0,4748.0,1.7471941122355106,22.17121247191212,45651.69857439697,0.1190536205600931,0.0,0.0,1.0,inf,5435.0,inf,199.0,160.0,39.0,0.0,0.0,0.0,0.0,0.0,0.0
38.0,5605.0,15411.0,9806.0,4903.0,1.7495093666369312,22.17121247191212,45651.69857439697,0.12277746885728093,0.0,0.0,1.0,inf,5605.0,inf,200.0,170.0,30.0,0.0,0.0,0.0,0.0,0.0,0.0
39.0,5768.0,15884.0,10116.0,5058.0,1.7538141470180306,22.729318941521537,49186.721685567456,0.11726742100993624,0.0,0.0,1.0,inf,5768.0,inf,185.0,163.0,22.0,0.0,0.0,0.0,0.0,0.0,0.0
40.0,5923.0,16323.0,10400.0,5200.0,1.75586695931116,22.729318941521537,49186.721685567456,0.12041867798922545,0.0,0.0,1.0,inf,5923.0,inf,188.0,155.0,33.0,0.0,0.0,0.0,0.0,0.0,0.0
41.0,6092.0,16794.0,10702.0,5351.0,1.7567301378857518,23.045541915237077,51268.35517104945,0.11882573528397632,0.0,0.0,1.0,inf,6092.0,inf,196.0,169.0,27.0,0.0,0.0,0.0,0.0,0.0,0.0
42.0,6256.0,17238.0,10982.0,5491.0,1.7554347826086956,23.045541915237077,51268.35517104945,0.12202458961532432,0.0,0.0,1.0,inf,6256.0,inf,184.0,164.0,20.0,0.0,0.0,0.0,0.0,0.0,0.0
43.0,6430.0,17722.0,11292.0,5646.0,1.7561430793157076,23.20891845127029,52366.472132441726,0.12278848924055225,0.0,0.0,1.0,inf,6430.0,inf,193.0,174.0,19.0,0.0,0.0,0.0,0.0,0.0,0.0
44.0,6606.0,18226.0,11620.0,5810.0,1.7590069633666363,23.20891845127029,52366.472132441726,0.12614941833951604,0.0,0.0,1.0,inf,6606.0,inf,192.0,176.0,16.0,0.0,0.0,0.0,0.0,0.0,0.0
45.0,6764.0,18666.0,11902.0,5951.0,1.7596096984033116,23.20891845127029,52366.472132441726,0.12916661605335855,0.0,0.0,1.0,inf,6764.0,inf,187.0,158.0,29.0,0.0,0.0,0.0,0.0,0.0,0.0
46.0,6947.0,19177.0,12230.0,6115.0,1.76047214625018,24.82040343656237,64049.40775762054,0.10846314186524937,0.0,0.0,1.0,inf,6947.0,inf,203.0,183.0,20.0,0.0,0.0,0.0,0.0,0.0,0.0
47.0,7094.0,19584.0,12490.0,6245.0,1.7606427967296308,24.82040343656237,64049.40775762054,0.1107582450542794,0.0,0.0,1.0,inf,7094.0,inf,157.0,147.0,10.0,0.0,0.0,0.0,0.0,0.0,0.0
48.0,7243.0,19977.0,12734.0,6367.0,1.7581112798564131,24.82040343656237,64049.40775762054,0.11308457413703774,0.0,0.0,1.0,inf,7243.0,inf,163.0,149.0,14.0,0.0,0.0,0.0,0.0,0.0,0.0
49.0,7391.0,20371.0,12980.0,6490.0,1.7561899607630902,24.82040343656237,64049.40775762054,0.11539529027293192,0.0,0.0,1.0,inf,7391.0,inf,163.0,148.0,15.0,0.0,0.0,0.0,0.0,0.0,0.0
50.0,7562.0,20834.0,13272.0,6636.0,1.7550912457021952,24.83533734260549,64165.088809995956,0.11785224863309086,0.0,0.0,1.0,inf,7562.0,inf,182.0,171.0,11.0,0.0,0.0,0.0,0.0,0.0,0.0
51.0,7726.0,21288.0,13562.0,6781.0,1.7553714729484857,25.231574382655733,67285.5272398548,0.11482409838981998,0.0,0.0,1.0,inf,7726.0,inf,172.0,164.0,8.0,0.0,0.0,0.0,0.0,0.0,0.0
52.0,7890.0,21720.0,13830.0,6915.0,1.752851711026616,25.231574382655733,67285.5272398548,0.11726147246902403,0.0,0.0,1.0,inf,7890.0,inf,175.0,164.0,11.0,0.0,0.0,0.0,0.0,0.0,0.0
53.0,8055.0,22177.0,14122.0,7061.0,1.7531967721911856,25.499901169778905,69455.09361536452,0.1159742155788861,0.0,0.0,1.0,inf,8055.0,inf,189.0,165.0,24.0,0.0,0.0,0.0,0.0,0.0,0.0
54.0,8226.0,22628.0,14402.0,7201.0,1.75079017748602,25.513355880625202,69565.09302576643,0.11824896140012559,0.0,0.0,1.0,inf,8226.0,inf,192.0,171.0,21.0,0.0,0.0,0.0,0.0,0.0,0.0
55.0,8403.0,23103.0,14700.0,7350.0,1.7493752231345947,25.513355880625202,69565.09302576643,0.12079334094885184,0.0,0.0,1.0,inf,8403.0,inf,195.0,177.0,18.0,0.0,0.0,0.0,0.0,0.0,0.0
56.0,8563.0,23543.0,14980.0,7490.0,1.7493868971154969,25.513355880625202,69565.09302576643,0.12309334506069479,0.0,0.0,1.0,inf,8563.0,inf,184.0,160.0,24.0,0.0,0.0,0.0,0.0,0.0,0.0
57.0,8727.0,23981.0,15254.0,7627.0,1.7479087888163172,25.875108001003756,72566.32388668052,0.12026239628216626,0.0,0.0,1.0,inf,8727.0,inf,194.0,164.0,30.0,0.0,0.0,0.0,0.0,0.0,0.0
58.0,8900.0,24466.0,15566.0,7783.0,1.7489887640449437,25.875108001003756,72566.32388668052,0.12264642224261255,0.0,0.0,1.0,inf,8900.0,inf,196.0,173.0,23.0,0.0,0.0,0.0,0.0,0.0,0.0
59.0,9059.0,24901.0,15842.0,7921.0,1.7487581410751738,25.875108001003756,72566.32388668052,0.12483752124672215,0.0,0.0,1.0,inf,9059.0,inf,189.0,159.0,30.0,0.0,0.0,0.0,0.0,0.0,0.0
60.0,9212.0,25320.0,16108.0,8054.0,1.7485887972210161,25.875108001003756,72566.32388668052,0.1269459372695446,0.0,0.0,1.0,inf,9212.0,inf,199.0,153.0,46.0,0.0,0.0,0.0,0.0,0.0,0.0
61.0,9386.0,25806.0,16420.0,8210.0,1.749414020882165,25.92765914734456,73009.3589854593,0.1285588605410073,0.0,0.0,1.0,inf,9386.0,inf,207.0,174.0,33.0,0.0,0.0,0.0,0.0,0.0,0.0
62.0,9542.0,26240.0,16698.0,8349.0,1.7499476000838399,25.92765914734456,73009.3589854593,0.13069557290456973,0.0,0.0,1.0,inf,9542.0,inf,186.0,156.0,30.0,0.0,0.0,0.0,0.0,0.0,0.0
63.0,9701.0,26671.0,16970.0,8485.0,1.7493041954437687,25.92765914734456,73009.3589854593,0.13287337589050838,0.0,0.0,1.0,inf,9701.0,inf,199.0,159.0,40.0,0.0,0.0,0.0,0.0,0.0,0.0
64.0,9868.0,27114.0,17246.0,8623.0,1.7476692338873125,26.280390093450023,76029.83211174163,0.12979115862701004,0.0,0.0,1.0,inf,9868.0,inf,201.0,167.0,34.0,0.0,0.0,0.0,0.0,0.0,0.0
65.0,10032.0,27568.0,17536.0,8768.0,1.748006379585327,26.280390093450023,76029.83211174163,0.1319482066625623,0.0,0.0,1.0,inf,10032.0,inf,203.0,164.0,39.0,0.0,0.0,0.0,0.0,0.0,0.0
66.0,10188.0,27992.0,17804.0,8902.0,1.7475461327051434,26.505749288583164,78002.56186400229,0.13061109477100008,0.0,0.0,1.0,inf,10188.0,inf,202.0,156.0,46.0,0.0,0.0,0.0,0.0,0.0,0.0
67.0,10365.0,28481.0,18116.0,9058.0,1.747805113362277,26.879439563710264,81348.44161524452,0.12741485631677574,0.0,0.0,1.0,inf,10365.0,inf,206.0,177.0,29.0,0.0,0.0,0.0,0.0,0.0,0.0
68.0,10514.0,28904.0,18390.0,9195.0,1.7490964428381206,26.879439563710264,81348.44161524452,0.12924648329132465,0.0,0.0,1.0,inf,10514.0,inf,194.0,149.0,45.0,0.0,0.0,0.0,0.0,0.0,0.0
69.0,10672.0,29344.0,18672.0,9336.0,1.749625187406297,26.879439563710264,81348.44161524452,0.13118874545225573,0.0,0.0,1.0,inf,10672.0,inf,204.0,158.0,46.0,0.0,0.0,0.0,0.0,0.0,0.0
70.0,10829.0,29789.0,18960.0,9480.0,1.7508541878289778,26.879439563710264,81348.44161524452,0.1331187148146999,0.0,0.0,1.0,inf,10829.0,inf,197.0,157.0,40.0,0.0,0.0,0.0,0.0,0.0,0.0
71.0,10992.0,30254.0,19262.0,9631.0,1.7523653566229986,26.879439563710264,81348.44161524452,0.1351224409680655,0.0,0.0,1.0,inf,10992.0,inf,204.0,163.0,41.0,0.0,0.0,0.0,0.0,0.0,0.0
72.0,11148.0,30692.0,19544.0,9772.0,1.7531395766056692,27.531355538659128,87412.06782634225,0.1275338780698707,0.0,0.0,1.0,inf,11148.0,inf,196.0,156.0,40.0,0.0,0.0,0.0,0.0,0.0,0.0
73.0,11309.0,31137.0,19828.0,9914.0,1.7532938367671766,27.531355538659128,87412.06782634225,0.1293757290179555,0.0,0.0,1.0,inf,11309.0,inf,199.0,161.0,38.0,0.0,0.0,0.0,0.0,0.0,0.0
74.0,11485.0,31633.0,20148.0,10074.0,1.754288202002612,27.531355538659128,87412.06782634225,0.13138918098604818,0.0,0.0,1.0,inf,11485.0,inf,200.0,176.0,24.0,0.0,0.0,0.0,0.0,0.0,0.0
75.0,11645.0,32079.0,20434.0,10217.0,1.7547445255474452,27.531355538659128,87412.06782634225,0.13321959186613244,0.0,0.0,1.0,inf,11645.0,inf,199.0,160.0,39.0,0.0,0.0,0.0,0.0,0.0,0.0
76.0,11803.0,32519.0,20716.0,10358.0,1.755146996526307,27.531355538659128,87412.06782634225,0.13502712261021563,0.0,0.0,1.0,inf,11803.0,inf,197.0,158.0,39.0,0.0,0.0,0.0,0.0,0.0,0.0
77.0,11963.0,32955.0,20992.0,10496.0,1.754743793362869,27.531355538659128,87412.06782634225,0.1368575334902999,0.0,0.0,1.0,inf,11963.0,inf,203.0,160.0,43.0,0.0,0.0,0.0,0.0,0.0,0.0
78.0,12119.0,33383.0,21264.0,10632.0,1.7546002145391535,27.531355538659128,87412.06782634225,0.13864218409838205,0.0,0.0,1.0,inf,12119.0,inf,197.0,156.0,41.0,0.0,0.0,0.0,0.0,0.0,0.0
79.0,12275.0,33803.0,21528.0,10764.0,1.7538085539714867,27.531355538659128,87412.06782634225,0.1404268347064642,0.0,0.0,1.0,inf,12275.0,inf,202.0,156.0,46.0,0.0,0.0,0.0,0.0,0.0,0.0
80.0,12444.0,34268.0,21824.0,10912.0,1.7537769206043072,27.531355538659128,87412.06782634225,0.1423602061985532,0.0,0.0,1.0,inf,12444.0,inf,213.0,169.0,44.0,0.0,0.0,0.0,0.0,0.0,0.0
81.0,12594.0,34684.0,22090.0,11045.0,1.7540098459583928,27.531355538659128,87412.06782634225,0.1440762163986322,0.0,0.0,1.0,inf,12594.0,inf,202.0,150.0,52.0,0.0,0.0,0.0,0.0,0.0,0.0
82.0,12756.0,35128.0,22372.0,11186.0,1.7538413295703983,28.247345098871953,94410.76497901918,0.13511171107272305,0.0,0.0,1.0,inf,12756.0,inf,200.0,162.0,38.0,0.0,0.0,0.0,0.0,0.0,0.0
83.0,12913.0,35555.0,22642.0,11321.0,1.7534267792147449,28.247345098871953,94410.76497901918,0.13677465703057956,0.0,0.0,1.0,inf,12913.0,inf,204.0,157.0,47.0,0.0,0.0,0.0,0.0,0.0,0.0
84.0,13075.0,35991.0,22916.0,11458.0,1.7526577437858508,28.247345098871953,94410.76497901918,0.1384905630507882,0.0,0.0,1.0,inf,13075.0,inf,209.0,162.0,47.0,0.0,0.0,0.0,0.0,0.0,0.0
85.0,13235.0,36443.0,23208.0,11604.0,1.7535323007177936,28.247345098871953,94410.76497901918,0.14018528504605596,0.0,0.0,1.0,inf,13235.0,inf,203.0,160.0,43.0,0.0,0.0,0.0,0.0,0.0,0.0
86.0,13382.0,36852.0,23470.0,11735.0,1.753848453146017,28.247345098871953,94410.76497901918,0.14174231087920822,0.0,0.0,1.0,inf,13382.0,inf,208.0,147.0,61.0,0.0,0.0,0.0,0.0,0.0,0.0
87.0,13553.0,37331.0,23778.0,11889.0,1.7544455102191396,28.247345098871953,94410.76497901918,0.14355354501165066,0.0,0.0,1.0,inf,13553.0,inf,206.0,171.0,35.0,0.0,0.0,0.0,0.0,0.0,0.0
88.0,13713.0,37791.0,24078.0,12039.0,1.7558521111354188,28.379196008842367,95738.99673163131,0.14323317005753985,0.0,0.0,1.0,inf,13713.0,inf,207.0,160.0,47.0,0.0,0.0,0.0,0.0,0.0,0.0
89.0,13864.0,38212.0,24348.0,12174.0,1.7562031159838432,28.43649850517408,96320.10921058516,0.1439367138765288,0.0,0.0,1.0,inf,13864.0,inf,203.0,151.0,52.0,0.0,0.0,0.0,0.0,0.0,0.0
90.0,14005.0,38607.0,24602.0,12301.0,1.7566583363084614,28.43649850517408,96320.10921058516,0.14540058264864292,0.0,0.0,1.0,inf,14005.0,inf,208.0,141.0,67.0,0.0,0.0,0.0,0.0,0.0,0.0
91.0,14162.0,39044.0,24882.0,12441.0,1.7569552323118203,28.43649850517408,96320.10921058516,0.14703056418922392,0.0,0.0,1.0,inf,14162.0,inf,206.0,157.0,49.0,0.0,0.0,0.0,0.0,0.0,0.0
92.0,14322.0,39478.0,25156.0,12578.0,1.7564585951682725,28.677452372586576,98789.39159348923,0.14497508051202432,0.0,0.0,1.0,inf,14322.0,inf,204.0,160.0,44.0,0.0,0.0,0.0,0.0,0.0,0.0
93.0,14482.0,39926.0,25444.0,12722.0,1.7569396492197211,28.677452372586576,98789.39159348923,0.14659468761172575,0.0,0.0,1.0,inf,14482.0,inf,202.0,160.0,42.0,0.0,0.0,0.0,0.0,0.0,0.0
94.0,14647.0,40381.0,25734.0,12867.0,1.75694681504745,28.677452372586576,98789.39159348923,0.14826490743329285,0.0,0.0,1.0,inf,14647.0,inf,211.0,165.0,46.0,0.0,0.0,0.0,0.0,0.0,0.0
95.0,14814.0,40842.0,26028.0,13014.0,1.7569866342648846,28.81448300397134,100212.31725407788,0.14782613959959282,0.0,0.0,1.0,inf,14814.0,inf,211.0,167.0,44.0,0.0,0.0,0.0,0.0,0.0,0.0
96.0,14979.0,41299.0,26320.0,13160.0,1.7571266439682223,28.81448300397134,100212.31725407788,0.14947264378711358,0.0,0.0,1.0,inf,14979.0,inf,210.0,165.0,45.0,0.0,0.0,0.0,0.0,0.0,0.0
97.0,15127.0,41717.0,26590.0,13295.0,1.7577840946651682,28.81448300397134,100212.31725407788,0.15094950814925345,0.0,0.0,1.0,inf,15127.0,inf,209.0,148.0,61.0,0.0,0.0,0.0,0.0,0.0,0.0
98.0,15284.0,42166.0,26882.0,13441.0,1.7588327662915466,28.921921709587924,101337.46774646727,0.15082279377888655,0.0,0.0,1.0,inf,15284.0,inf,211.0,157.0,54.0,0.0,0.0,0.0,0.0,0.0,0.0
99.0,15455.0,42635.0,27180.0,13590.0,1.7586541572306698,28.921921709587924,101337.46774646727,0.1525102249314768,0.0,0.0,1.0,inf,15455.0,inf,211.0,171.0,40.0,0.0,0.0,0.0,0.0,0.0,0.0
100.0,15616.0,43094.0,27478.0,13739.0,1.7596055327868851,28.921921709587924,101337.46774646727,0.15409897589970506,0.0,0.0,1.0,inf,15616.0,inf,207.0,161.0,46.0,0.0,0.0,0.0,0.0,0.0,0.0
101.0,15767.0,43517.0,27750.0,13875.0,1.7600050738885014,28.921921709587924,101337.46774646727,0.15558904668357132,0.0,0.0,1.0,inf,15767.0,inf,208.0,151.0,57.0,0.0,0.0,0.0,0.0,0.0,0.0
102.0,15923.0,43951.0,28028.0,14014.0,1.7602210638698739,28.921921709587924,101337.46774646727,0.15712845755961857,0.0,0.0,1.0,inf,15923.0,inf,210.0,156.0,54.0,0.0,0.0,0.0,0.0,0.0,0.0
103.0,16077.0,44377.0,28300.0,14150.0,1.7602786589537849,29.256124635034613,104891.18739491665,0.1532731242661015,0.0,0.0,1.0,inf,16077.0,inf,214.0,154.0,60.0,0.0,0.0,0.0,0.0,0.0,0.0
104.0,16236.0,44828.0,28592.0,14296.0,1.7610248829761024,29.256124635034613,104891.18739491665,0.1547889808785485,0.0,0.0,1.0,inf,16236.0,inf,211.0,159.0,52.0,0.0,0.0,0.0,0.0,0.0,0.0
105.0,16389.0,45265.0,28876.0,14438.0,1.7619134785526878,29.256124635034613,104891.18739491665,0.15624763535467673,0.0,0.0,1.0,inf,16389.0,inf,204.0,153.0,51.0,0.0,0.0,0.0,0.0,0.0,0.0
106.0,16544.0,45710.0,29166.0,14583.0,1.7629352030947776,29.256124635034613,104891.18739491665,0.15772535720957787,0.0,0.0,1.0,inf,16544.0,inf,210.0,155.0,55.0,0.0,0.0,0.0,0.0,0.0,0.0
107.0,16710.0,46174.0,29464.0,14732.0,1.7632555356074207,29.465453611936983,107158.83988995569,0.15593673855707985,0.0,0.0,1.0,inf,16710.0,inf,210.0,166.0,44.0,0.0,0.0,0.0,0.0,0.0,0.0
108.0,16881.0,46657.0,29776.0,14888.0,1.763876547597891,29.465453611936983,107158.83988995569,0.15753250051358855,0.0,0.0,1.0,inf,16881.0,inf,215.0,171.0,44.0,0.0,0.0,0.0,0.0,0.0,0.0
109.0,17027.0,47073.0,30046.0,15023.0,1.7646091501732541,29.465453611936983,107158.83988995569,0.15889496393844396,0.0,0.0,1.0,inf,17027.0,inf,213.0,146.0,67.0,0.0,0.0,0.0,0.0,0.0,0.0
110.0,17180.0,47488.0,30308.0,15154.0,1.7641443538998836,29.465453611936983,107158.83988995569,0.16032275095216228,0.0,0.0,1.0,inf,17180.0,inf,212.0,153.0,59.0,0.0,0.0,0.0,0.0,0.0,0.0
111.0,17331.0,47919.0,30588.0,15294.0,1.7649298944088627,29.86643012447903,111593.41170970674,0.15530486732571594,0.0,0.0,1.0,inf,17331.0,inf,205.0,151.0,54.0,0.0,0.0,0.0,0.0,0.0,0.0
112.0,17486.0,48356.0,30870.0,15435.0,1.765412329863891,29.86643012447903,111593.41170970674,0.15669383821230562,0.0,0.0,1.0,inf,17486.0,inf,207.0,155.0,52.0,0.0,0.0,0.0,0.0,0.0,0.0
113.0,17648.0,48812.0,31164.0,15582.0,1.7658658204895739,29.86643012447903,111593.41170970674,0.1581455368163542,0.0,0.0,1.0,inf,17648.0,inf,215.0,162.0,53.0,0.0,0.0,0.0,0.0,0.0,0.0
114.0,17804.0,49238.0,31434.0,15717.0,1.7655583015052798,29.86643012447903,111593.41170970674,0.15954346880543804,0.0,0.0,1.0,inf,17804.0,inf,206.0,156.0,50.0,0.0,0.0,0.0,0.0,0.0,0.0
115.0,17955.0,49647.0,31692.0,15846.0,1.765079365079365,29.86643012447903,111593.41170970674,0.16089659528205122,0.0,0.0,1.0,inf,17955.0,inf,207.0,151.0,56.0,0.0,0.0,0.0,0.0,0.0,0.0
116.0,18117.0,50089.0,31972.0,15986.0,1.7647513385218303,29.86643012447903,111593.41170970674,0.1623482938860998,0.0,0.0,1.0,inf,18117.0,inf,213.0,162.0,51.0,0.0,0.0,0.0,0.0,0.0,0.0
117.0,18281.0,50555.0,32274.0,16137.0,1.7654395273781522,30.202847243661292,115407.03082411677,0.1584045605320243,0.0,0.0,1.0,inf,18281.0,inf,210.0,164.0,46.0,0.0,0.0,0.0,0.0,0.0,0.0
118.0,18439.0,51005.0,32566.0,16283.0,1.7661478388198926,30.202847243661292,115407.03082411677,0.15977362790055227,0.0,0.0,1.0,inf,18439.0,inf,203.0,158.0,45.0,0.0,0.0,0.0,0.0,0.0,0.0
119.0,18584.0,51400.0,32816.0,16408.0,1.7658200602668963,30.202847243661292,115407.03082411677,0.16103005048559377,0.0,0.0,1.0,inf,18584.0,inf,204.0,145.0,59.0,0.0,0.0,0.0,0.0,0.0,0.0
120.0,18736.0,51822.0,33086.0,16543.0,1.7659052092228864,30.202847243661292,115407.03082411677,0.16234712795405107,0.0,0.0,1.0,inf,18736.0,inf,218.0,152.0,66.0,0.0,0.0,0.0,0.0,0.0,0.0
121.0,18898.0,52268.0,33370.0,16685.0,1.7657953222563234,30.202847243661292,115407.03082411677,0.1637508552559595,0.0,0.0,1.0,inf,18898.0,inf,210.0,162.0,48.0,0.0,0.0,0.0,0.0,0.0,0.0
122.0,19048.0,52688.0,33640.0,16820.0,1.7660646787064258,30.202847243661292,115407.03082411677,0.16505060275772657,0.0,0.0,1.0,inf,19048.0,inf,208.0,150.0,58.0,0.0,0.0,0.0,0.0,0.0,0.0
123.0,19197.0,53105.0,33908.0,16954.0,1.7663176538000729,30.202847243661292,115407.03082411677,0.1663416852761485,0.0,0.0,1.0,inf,19197.0,inf,210.0,149.0,61.0,0.0,0.0,0.0,0.0,0.0,0.0
124.0,19347.0,53509.0,34162.0,17081.0,1.765751796144105,30.202847243661292,115407.03082411677,0.16764143277791557,0.0,0.0,1.0,inf,19347.0,inf,214.0,150.0,64.0,0.0,0.0,0.0,0.0,0.0,0.0
125.0,19503.0,53941.0,34438.0,17219.0,1.765779623647644,30.202847243661292,115407.03082411677,0.1689931701797533,0.0,0.0,1.0,inf,19503.0,inf,214.0,156.0,58.0,0.0,0.0,0.0,0.0,0.0,0.0
126.0,19661.0,54385.0,34724.0,17362.0,1.7661360052896597,30.42258566079706,117944.30542372439,0.16669732319306368,0.0,0.0,1.0,inf,19661.0,inf,211.0,158.0,53.0,0.0,0.0,0.0,0.0,0.0,0.0
127.0,19820.0,54824.0,35004.0,17502.0,1.7660948536831482,30.42258566079706,117944.30542372439,0.16804541710424303,0.0,0.0,1.0,inf,19820.0,inf,214.0,159.0,55.0,0.0,0.0,0.0,0.0,0.0,0.0
128.0,19973.0,55247.0,35274.0,17637.0,1.7660842136884793,30.42258566079706,117944.30542372439,0.16934263954707598,0.0,0.0,1.0,inf,19973.0,inf,208.0,153.0,55.0,0.0,0.0,0.0,0.0,0.0,0.0
129.0,20115.0,55645.0,35530.0,17765.0,1.7663435247327866,30.42258566079706,117944.30542372439,0.1705465976312739,0.0,0.0,1.0,inf,20115.0,inf,207.0,142.0,65.0,0.0,0.0,0.0,0.0,0.0,0.0
130.0,20273.0,56079.0,35806.0,17903.0,1.76619148621319,30.42258566079706,117944.30542372439,0.17188621296439552,0.0,0.0,1.0,inf,20273.0,inf,215.0,158.0,57.0,0.0,0.0,0.0,0.0,0.0,0.0
131.0,20432.0,56522.0,36090.0,18045.0,1.7663469068128426,30.42258566079706,117944.30542372439,0.17323430687557487,0.0,0.0,1.0,inf,20432.0,inf,214.0,159.0,55.0,0.0,0.0,0.0,0.0,0.0,0.0
132.0,20602.0,56994.0,36392.0,18196.0,1.766430443646248,30.55103881952337,119444.60963014672,0.17248162193164593,0.0,0.0,1.0,inf,20602.0,inf,212.0,170.0,42.0,0.0,0.0,0.0,0.0,0.0,0.0
133.0,20747.0,57407.0,36660.0,18330.0,1.7670024581867259,30.55103881952337,119444.60963014672,0.17369557374118327,0.0,0.0,1.0,inf,20747.0,inf,212.0,145.0,67.0,0.0,0.0,0.0,0.0,0.0,0.0
134.0,20909.0,57865.0,36956.0,18478.0,1.7674685542111053,31.346631293546874,129021.24735549741,0.16205857894388973,0.0,0.0,1.0,inf,20909.0,inf,210.0,162.0,48.0,0.0,0.0,0.0,0.0,0.0,0.0
135.0,21072.0,58326.0,37254.0,18627.0,1.7679384965831435,31.346631293546874,129021.24735549741,0.16332193674999493,0.0,0.0,1.0,inf,21072.0,inf,211.0,163.0,48.0,0.0,0.0,0.0,0.0,0.0,0.0
136.0,21225.0,58755.0,37530.0,18765.0,1.7681978798586573,31.346631293546874,129021.24735549741,0.16450778794222867,0.0,0.0,1.0,inf,21225.0,inf,209.0,153.0,56.0,0.0,0.0,0.0,0.0,0.0,0.0
137.0,21384.0,59206.0,37822.0,18911.0,1.7687055742611297,31.346631293546874,129021.24735549741,0.1657401431027853,0.0,0.0,1.0,inf,21384.0,inf,214.0,159.0,55.0,0.0,0.0,0.0,0.0,0.0,0.0
138.0,21537.0,59637.0,38100.0,19050.0,1.7690486140130937,31.346631293546874,129021.24735549741,0.16692599429501903,0.0,0.0,1.0,inf,21537.0,inf,208.0,153.0,55.0,0.0,0.0,0.0,0.0,0.0,0.0
139.0,21713.0,60143.0,38430.0,19215.0,1.7699074287293326,31.346631293546874,129021.24735549741,0.16829011069915717,0.0,0.0,1.0,inf,21713.0,inf,212.0,176.0,36.0,0.0,0.0,0.0,0.0,0.0,0.0
140.0,21878.0,60608.0,38730.0,19365.0,1.7702715056220861,31.346631293546874,129021.24735549741,0.16956896982803668,0.0,0.0,1.0,inf,21878.0,inf,207.0,165.0,42.0,0.0,0.0,0.0,0.0,0.0,0.0
141.0,22016.0,60992.0,38976.0,19488.0,1.7703488372093024,31.346631293546874,129021.24735549741,0.1706385610994632,0.0,0.0,1.0,inf,22016.0,inf,212.0,138.0,74.0,0.0,0.0,0.0,0.0,0.0,0.0
142.0,22165.0,61405.0,39240.0,19620.0,1.77035867358448,31.346631293546874,129021.24735549741,0.17179340964614834,0.0,0.0,1.0,inf,22165.0,inf,214.0,149.0,65.0,0.0,0.0,0.0,0.0,0.0,0.0
143.0,22324.0,61852.0,39528.0,19764.0,1.7706504210714926,31.346631293546874,129021.24735549741,0.17302576480670495,0.0,0.0,1.0,inf,22324.0,inf,211.0,159.0,52.0,0.0,0.0,0.0,0.0,0.0,0.0
144.0,22474.0,62272.0,39798.0,19899.0,1.7708463112930497,31.346631293546874,129021.24735549741,0.17418836401477725,0.0,0.0,1.0,inf,22474.0,inf,209.0,150.0,59.0,0.0,0.0,0.0,0.0,0.0,0.0
145.0,22627.0,62693.0,40066.0,20033.0,1.770716400760154,31.346631293546874,129021.24735549741,0.175374215207011,0.0,0.0,1.0,inf,22627.0,inf,210.0,153.0,57.0,0.0,0.0,0.0,0.0,0.0,0.0
146.0,22771.0,63093.0,40322.0,20161.0,1.7707610557287778,31.346631293546874,129021.24735549741,0.1764903104467604,0.0,0.0,1.0,inf,22771.0,inf,212.0,144.0,68.0,0.0,0.0,0.0,0.0,0.0,0.0
147.0,22932.0,63548.0,40616.0,20308.0,1.7711494854351997,31.564521286871678,131730.46676618964,0.1740827354745683,0.0,0.0,1.0,inf,22932.0,inf,212.0,161.0,51.0,0.0,0.0,0.0,0.0,0.0,0.0
148.0,23084.0,63972.0,40888.0,20444.0,1.771270143822561,31.564521286871678,131730.46676618964,0.1752366067370894,0.0,0.0,1.0,inf,23084.0,inf,214.0,152.0,62.0,0.0,0.0,0.0,0.0,0.0,0.0
149.0,23238.0,64400.0,41162.0,20581.0,1.7713228332903004,31.564521286871678,131730.46676618964,0.17640566051622267,0.0,0.0,1.0,inf,23238.0,inf,216.0,154.0,62.0,0.0,0.0,0.0,0.0,0.0,0.0
150.0,23384.0,64800.0,41416.0,20708.0,1.7711255559356824,31.564521286871678,131730.46676618964,0.1775139842289074,0.0,0.0,1.0,inf,23384.0,inf,209.0,146.0,63.0,0.0,0.0,0.0,0.0,0.0,0.0
151.0,23528.0,65202.0,41674.0,20837.0,1.7712512750765046,31.564521286871678,131730.46676618964,0.17860712542498006,0.0,0.0,1.0,inf,23528.0,inf,210.0,144.0,66.0,0.0,0.0,0.0,0.0,0.0,0.0
152.0,23682.0,65624.0,41942.0,20971.0,1.7710497424204037,31.564521286871678,131730.46676618964,0.1797761792041133,0.0,0.0,1.0,inf,23682.0,inf,215.0,154.0,61.0,0.0,0.0,0.0,0.0,0.0,0.0
153.0,23839.0,66061.0,42222.0,21111.0,1.7711313394018204,31.564521286871678,131730.46676618964,0.1809680067581647,0.0,0.0,1.0,inf,23839.0,inf,212.0,157.0,55.0,0.0,0.0,0.0,0.0,0.0,0.0
154.0,23989.0,66483.0,42494.0,21247.0,1.7713952228104548,31.564521286871678,131730.46676618964,0.1821066955040737,0.0,0.0,1.0,inf,23989.0,inf,211.0,150.0,61.0,0.0,0.0,0.0,0.0,0.0,0.0
155.0,24141.0,66905.0,42764.0,21382.0,1.7714262043825857,31.564521286871678,131730.46676618964,0.18326056676659486,0.0,0.0,1.0,inf,24141.0,inf,216.0,152.0,64.0,0.0,0.0,0.0,0.0,0.0,0.0
156.0,24289.0,67331.0,43042.0,21521.0,1.7720778953435712,31.564521286871678,131730.46676618964,0.18438407299589174,0.0,0.0,1.0,inf,24289.0,inf,213.0,148.0,65.0,0.0,0.0,0.0,0.0,0.0,0.0
157.0,24434.0,67730.0,43296.0,21648.0,1.7719571089465498,31.564521286871678,131730.46676618964,0.18548480545027043,0.0,0.0,1.0,inf,24434.0,inf,215.0,145.0,70.0,0.0,0.0,0.0,0.0,0.0,0.0
158.0,24584.0,68152.0,43568.0,21784.0,1.7722095671981777,32.04229600665808,137803.2605979995,0.17839926205894788,0.0,0.0,1.0,inf,24584.0,inf,211.0,150.0,61.0,0.0,0.0,0.0,0.0,0.0,0.0
159.0,24742.0,68592.0,43850.0,21925.0,1.7722900331420257,32.04229600665808,137803.2605979995,0.17954582418900458,0.0,0.0,1.0,inf,24742.0,inf,216.0,158.0,58.0,0.0,0.0,0.0,0.0,0.0,0.0
160.0,24902.0,69052.0,44150.0,22075.0,1.7729499638583246,32.04229600665808,137803.2605979995,0.18070689976374554,0.0,0.0,1.0,inf,24902.0,inf,215.0,160.0,55.0,0.0,0.0,0.0,0.0,0.0,0.0
161.0,25062.0,69504.0,44442.0,22221.0,1.7732822599952118,32.95472244456123,149913.79006281117,0.16717608159662614,0.0,0.0,1.0,inf,25062.0,inf,213.0,160.0,53.0,0.0,0.0,0.0,0.0,0.0,0.0
162.0,25217.0,69933.0,44716.0,22358.0,1.7732482055756038,32.95472244456123,149913.79006281117,0.1682100091621627,0.0,0.0,1.0,inf,25217.0,inf,201.0,155.0,46.0,0.0,0.0,0.0,0.0,0.0,0.0
163.0,25374.0,70386.0,45012.0,22506.0,1.7739418302199101,32.95472244456123,149913.79006281117,0.16925727772854487,0.0,0.0,1.0,inf,25374.0,inf,211.0,157.0,54.0,0.0,0.0,0.0,0.0,0.0,0.0
164.0,25537.0,70843.0,45306.0,22653.0,1.774131652112621,32.95472244456123,149913.79006281117,0.17034456929746394,0.0,0.0,1.0,inf,25537.0,inf,207.0,163.0,44.0,0.0,0.0,0.0,0.0,0.0,0.0
165.0,25711.0,71341.0,45630.0,22815.0,1.7747267706429155,32.95472244456123,149913.79006281117,0.17150523637103401,0.0,0.0,1.0,inf,25711.0,inf,209.0,174.0,35.0,0.0,0.0,0.0,0.0,0.0,0.0
166.0,25873.0,71795.0,45922.0,22961.0,1.7749004753990647,32.95472244456123,149913.79006281117,0.17258585743953028,0.0,0.0,1.0,inf,25873.0,inf,206.0,162.0,44.0,0.0,0.0,0.0,0.0,0.0,0.0
167.0,26044.0,72284.0,46240.0,23120.0,1.7754569190600522,32.95472244456123,149913.79006281117,0.1737265130118319,0.0,0.0,1.0,inf,26044.0,inf,211.0,171.0,40.0,0.0,0.0,0.0,0.0,0.0,0.0
168.0,26197.0,72707.0,46510.0,23255.0,1.7753941290987518,32.95472244456123,149913.79006281117,0.17474709957652282,0.0,0.0,1.0,inf,26197.0,inf,210.0,153.0,57.0,0.0,0.0,0.0,0.0,0.0,0.0
169.0,26366.0,73184.0,46818.0,23409.0,1.7756959720852614,32.95472244456123,149913.79006281117,0.1758744141479788,0.0,0.0,1.0,inf,26366.0,inf,217.0,169.0,48.0,0.0,0.0,0.0,0.0,0.0,0.0
170.0,26528.0,73648.0,47120.0,23560.0,1.776236429433052,32.95472244456123,149913.79006281117,0.17695503521647507,0.0,0.0,1.0,inf,26528.0,inf,210.0,162.0,48.0,0.0,0.0,0.0,0.0,0.0,0.0
171.0,26679.0,74071.0,47392.0,23696.0,1.7763784249784476,32.95472244456123,149913.79006281117,0.17796228078032036,0.0,0.0,1.0,inf,26679.0,inf,213.0,151.0,62.0,0.0,0.0,0.0,0.0,0.0,0.0
172.0,26834.0,74502.0,47668.0,23834.0,1.776403070731162,32.95472244456123,149913.79006281117,0.17899620834585692,0.0,0.0,1.0,inf,26834.0,inf,212.0,155.0,57.0,0.0,0.0,0.0,0.0,0.0,0.0
173.0,26991.0,74943.0,47952.0,23976.0,1.776592197399133,32.95472244456123,149913.79006281117,0.1800434769122391,0.0,0.0,1.0,inf,26991.0,inf,210.0,157.0,53.0,0.0,0.0,0.0,0.0,0.0,0.0
174.0,27158.0,75398.0,48240.0,24120.0,1.776272184991531,32.95472244456123,149913.79006281117,0.18115745048284942,0.0,0.0,1.0,inf,27158.0,inf,216.0,167.0,49.0,0.0,0.0,0.0,0.0,0.0,0.0
175.0,27317.0,75827.0,48510.0,24255.0,1.775817256653366,32.95472244456123,149913.79006281117,0.18221806005007726,0.0,0.0,1.0,inf,27317.0,inf,210.0,159.0,51.0,0.0,0.0,0.0,0.0,0.0,0.0
176.0,27478.0,76276.0,48798.0,24399.0,1.7758934420263484,32.95472244456123,149913.79006281117,0.1832920106181507,0.0,0.0,1.0,inf,27478.0,inf,215.0,161.0,54.0,0.0,0.0,0.0,0.0,0.0,0.0
177.0,27640.0,76728.0,49088.0,24544.0,1.7759768451519538,32.95472244456123,149913.79006281117,0.18437263168664697,0.0,0.0,1.0,inf,27640.0,inf,213.0,162.0,51.0,0.0,0.0,0.0,0.0,0.0,0.0
178.0,27791.0,77147.0,49356.0,24678.0,1.7759706379763234,32.95472244456123,149913.79006281117,0.18537987725049226,0.0,0.0,1.0,inf,27791.0,inf,210.0,151.0,59.0,0.0,0.0,0.0,0.0,0.0,0.0
179.0,27944.0,77584.0,49640.0,24820.0,1.7764099627827084,33.31446116204751,154877.021893616,0.18042702305571542,0.0,0.0,1.0,inf,27944.0,inf,216.0,153.0,63.0,0.0,0.0,0.0,0.0,0.0,0.0
180.0,28095.0,78015.0,49920.0,24960.0,1.7768286171916712,33.31446116204751,154877.021893616,0.18140199014995437,0.0,0.0,1.0,inf,28095.0,inf,211.0,151.0,60.0,0.0,0.0,0.0,0.0,0.0,0.0
181.0,28246.0,78444.0,50198.0,25099.0,1.7771719889541882,33.31446116204751,154877.021893616,0.1823769572441933,0.0,0.0,1.0,inf,28246.0,inf,211.0,151.0,60.0,0.0,0.0,0.0,0.0,0.0,0.0
182.0,28397.0,78867.0,50470.0,25235.0,1.7773004190583512,33.31446116204751,154877.021893616,0.18335192433843225,0.0,0.0,1.0,inf,28397.0,inf,213.0,151.0,62.0,0.0,0.0,0.0,0.0,0.0,0.0
183.0,28553.0,79311.0,50758.0,25379.0,1.7776766014079082,33.31446116204751,154877.021893616,0.18435917511128838,0.0,0.0,1.0,inf,28553.0,inf,214.0,156.0,58.0,0.0,0.0,0.0,0.0,0.0,0.0
184.0,28712.0,79752.0,51040.0,25520.0,1.7776539426023963,33.31446116204751,154877.021893616,0.18538579609131484,0.0,0.0,1.0,inf,28712.0,inf,216.0,159.0,57.0,0.0,0.0,0.0,0.0,0.0,0.0
185.0,28869.0,80199.0,51330.0,25665.0,1.7780317988153382,33.31446116204751,154877.021893616,0.1863995035998944,0.0,0.0,1.0,inf,28869.0,inf,212.0,157.0,55.0,0.0,0.0,0.0,0.0,0.0,0.0
186.0,29035.0,80667.0,51632.0,25816.0,1.7782676080592388,33.31446116204751,154877.021893616,0.18747132172998487,0.0,0.0,1.0,inf,29035.0,inf,213.0,166.0,47.0,0.0,0.0,0.0,0.0,0.0,0.0
187.0,29185.0,81085.0,51900.0,25950.0,1.7783107760836045,33.31446116204751,154877.021893616,0.1884398320885004,0.0,0.0,1.0,inf,29185.0,inf,213.0,150.0,63.0,0.0,0.0,0.0,0.0,0.0,0.0
188.0,29336.0,81504.0,52168.0,26084.0,1.7782928824652304,33.31446116204751,154877.021893616,0.18941479918273935,0.0,0.0,1.0,inf,29336.0,inf,214.0,151.0,63.0,0.0,0.0,0.0,0.0,0.0,0.0
189.0,29491.0,81937.0,52446.0,26223.0,1.7783730629683632,33.31446116204751,154877.021893616,0.19041559321987203,0.0,0.0,1.0,inf,29491.0,inf,217.0,155.0,62.0,0.0,0.0,0.0,0.0,0.0,0.0
190.0,29647.0,82363.0,52716.0,26358.0,1.778122575640031,33.421894227775255,156380.20950331632,0.18958281290300535,0.0,0.0,1.0,inf,29647.0,inf,211.0,156.0,55.0,0.0,0.0,0.0,0.0,0.0,0.0
191.0,29800.0,82796.0,52996.0,26498.0,1.7783892617449664,33.421894227775255,156380.20950331632,0.19056119757511925,0.0,0.0,1.0,inf,29800.0,inf,216.0,153.0,63.0,0.0,0.0,0.0,0.0,0.0,0.0
192.0,29948.0,83208.0,53260.0,26630.0,1.7784159209296113,33.421894227775255,156380.20950331632,0.19150760889193527,0.0,0.0,1.0,inf,29948.0,inf,213.0,148.0,65.0,0.0,0.0,0.0,0.0,0.0,0.0
193.0,30092.0,83608.0,53516.0,26758.0,1.7784128672072312,33.421894227775255,156380.20950331632,0.19242844152451302,0.0,0.0,1.0,inf,30092.0,inf,211.0,144.0,67.0,0.0,0.0,0.0,0.0,0.0,0.0
194.0,30240.0,84018.0,53778.0,26889.0,1.7783730158730158,33.421894227775255,156380.20950331632,0.19337485284132905,0.0,0.0,1.0,inf,30240.0,inf,216.0,148.0,68.0,0.0,0.0,0.0,0.0,0.0,0.0
195.0,30380.0,84404.0,54024.0,27012.0,1.778275181040158,33.421894227775255,156380.20950331632,0.19427010678966852,0.0,0.0,1.0,inf,30380.0,inf,211.0,140.0,71.0,0.0,0.0,0.0,0.0,0.0,0.0
196.0,30540.0,84846.0,54306.0,27153.0,1.7781925343811396,33.51394061086089,157675.8193589336,0.19368854478871408,0.0,0.0,1.0,inf,30540.0,inf,217.0,160.0,57.0,0.0,0.0,0.0,0.0,0.0,0.0
197.0,30685.0,85237.0,54552.0,27276.0,1.777806745967085,33.51394061086089,157675.8193589336,0.19460815313823482,0.0,0.0,1.0,inf,30685.0,inf,213.0,145.0,68.0,0.0,0.0,0.0,0.0,0.0,0.0
198.0,30854.0,85706.0,54852.0,27426.0,1.7777921825371104,33.51394061086089,157675.8193589336,0.19567997252491762,0.0,0.0,1.0,inf,30854.0,inf,217.0,169.0,48.0,0.0,0.0,0.0,0.0,0.0,0.0
199.0,31006.0,86128.0,55122.0,27561.0,1.777784944849384,33.51394061086089,157675.8193589336,0.19664397576027728,0.0,0.0,1.0,inf,31006.0,inf,217.0,152.0,65.0,0.0,0.0,0.0,0.0,0.0,0.0
200.0,31153.0,86545.0,55392.0,27696.0,1.778063107886881,33.51394061086089,157675.8193589336,0.19757626836289488,0.0,0.0,1.0,inf,31153.0,inf,216.0,147.0,69.0,0.0,0.0,0.0,0.0,0.0,0.0
201.0,31299.0,86957.0,55658.0,27829.0,1.7782676762835874,33.51394061086089,157675.8193589336,0.19850221883896405,0.0,0.0,1.0,inf,31299.0,inf,218.0,146.0,72.0,0.0,0.0,0.0,0.0,0.0,0.0
202.0,31449.0,87379.0,55930.0,27965.0,1.7784349263887564,33.51394061086089,157675.8193589336,0.19945353782122688,0.0,0.0,1.0,inf,31449.0,inf,214.0,150.0,64.0,0.0,0.0,0.0,0.0,0.0,0.0
203.0,31606.0,87822.0,56216.0,28108.0,1.7786496234892109,33.83794794955186,162293.32703157933,0.19474614624081277,0.0,0.0,1.0,inf,31606.0,inf,214.0,157.0,57.0,0.0,0.0,0.0,0.0,0.0,0.0
204.0,31751.0,88215.0,56464.0,28232.0,1.7783376901514913,33.83794794955186,162293.32703157933,0.19563959024527133,0.0,0.0,1.0,inf,31751.0,inf,216.0,145.0,71.0,0.0,0.0,0.0,0.0,0.0,0.0
205.0,31906.0,88642.0,56736.0,28368.0,1.778223531624146,33.83794794955186,162293.32703157933,0.1965946510776236,0.0,0.0,1.0,inf,31906.0,inf,216.0,155.0,61.0,0.0,0.0,0.0,0.0,0.0,0.0
206.0,32072.0,89096.0,57024.0,28512.0,1.7779995011224745,33.83794794955186,162293.32703157933,0.19761749042065896,0.0,0.0,1.0,inf,32072.0,inf,217.0,166.0,51.0,0.0,0.0,0.0,0.0,0.0,0.0
207.0,32222.0,89514.0,57292.0,28646.0,1.7780398485506796,33.83794794955186,162293.32703157933,0.1985417428390644,0.0,0.0,1.0,inf,32222.0,inf,218.0,150.0,68.0,0.0,0.0,0.0,0.0,0.0,0.0
208.0,32370.0,89932.0,57562.0,28781.0,1.7782514674080938,33.83794794955186,162293.32703157933,0.19945367189189106,0.0,0.0,1.0,inf,32370.0,inf,211.0,148.0,63.0,0.0,0.0,0.0,0.0,0.0,0.0
209.0,32514.0,90322.0,57808.0,28904.0,1.7779418096819832,33.83794794955186,162293.32703157933,0.20034095421356027,0.0,0.0,1.0,inf,32514.0,inf,215.0,144.0,71.0,0.0,0.0,0.0,0.0,0.0,0.0
210.0,32671.0,90759.0,58088.0,29044.0,1.7779682287043554,33.83794794955186,162293.32703157933,0.2013083384114913,0.0,0.0,1.0,inf,32671.0,inf,213.0,157.0,56.0,0.0,0.0,0.0,0.0,0.0,0.0
211.0,32824.0,91176.0,58352.0,29176.0,1.777723616865708,33.83794794955186,162293.32703157933,0.20225107587826482,0.0,0.0,1.0,inf,32824.0,inf,217.0,153.0,64.0,0.0,0.0,0.0,0.0,0.0,0.0
212.0,32962.0,91556.0,58594.0,29297.0,1.7776227170681391,33.83794794955186,162293.32703157933,0.2031013881031978,0.0,0.0,1.0,inf,32962.0,inf,215.0,138.0,77.0,0.0,0.0,0.0,0.0,0.0,0.0
213.0,33113.0,91979.0,58866.0,29433.0,1.7777308005919126,33.83794794955186,162293.32703157933,0.20403180220439263,0.0,0.0,1.0,inf,33113.0,inf,209.0,151.0,58.0,0.0,0.0,0.0,0.0,0.0,0.0
214.0,33261.0,92401.0,59140.0,29570.0,1.778058386699137,33.83794794955186,162293.32703157933,0.2049437312572193,0.0,0.0,1.0,inf,33261.0,inf,216.0,148.0,68.0,0.0,0.0,0.0,0.0,0.0,0.0
215.0,33410.0,92832.0,59422.0,29711.0,1.7785692906315473,33.83794794955186,162293.32703157933,0.20586182199283537,0.0,0.0,1.0,inf,33410.0,inf,219.0,149.0,70.0,0.0,0.0,0.0,0.0,0.0,0.0
216.0,33559.0,93243.0,59684.0,29842.0,1.7784796924818975,33.83794794955186,162293.32703157933,0.20677991272845142,0.0,0.0,1.0,inf,33559.0,inf,217.0,149.0,68.0,0.0,0.0,0.0,0.0,0.0,0.0
217.0,33706.0,93648.0,59942.0,29971.0,1.778377736901442,33.83794794955186,162293.32703157933,0.20768568009848873,0.0,0.0,1.0,inf,33706.0,inf,217.0,147.0,70.0,0.0,0.0,0.0,0.0,0.0,0.0
218.0,33859.0,94077.0,60218.0,30109.0,1.7784931628222924,33.83794794955186,162293.32703157933,0.20862841756526226,0.0,0.0,1.0,inf,33859.0,inf,218.0,153.0,65.0,0.0,0.0,0.0,0.0,0.0,0.0
219.0,33998.0,94462.0,60464.0,30232.0,1.7784575563268428,33.83794794955186,162293.32703157933,0.20948489147298463,0.0,0.0,1.0,inf,33998.0,inf,213.0,139.0,74.0,0.0,0.0,0.0,0.0,0.0,0.0
220.0,34146.0,94880.0,60734.0,30367.0,1.7786563579921513,33.83794794955186,162293.32703157933,0.21039682052581132,0.0,0.0,1.0,inf,34146.0,inf,218.0,148.0,70.0,0.0,0.0,0.0,0.0,0.0,0.0
221.0,34304.0,95328.0,61024.0,30512.0,1.7789179104477613,33.83794794955186,162293.32703157933,0.2113703664065317,0.0,0.0,1.0,inf,34304.0,inf,217.0,158.0,59.0,0.0,0.0,0.0,0.0,0.0,0.0
222.0,34442.0,95714.0,61272.0,30636.0,1.7789907670866965,33.83794794955186,162293.32703157933,0.21222067863146468,0.0,0.0,1.0,inf,34442.0,inf,212.0,138.0,74.0,0.0,0.0,0.0,0.0,0.0,0.0
223.0,34591.0,96133.0,61542.0,30771.0,1.7791333005695122,33.83794794955186,162293.32703157933,0.21313876936708076,0.0,0.0,1.0,inf,34591.0,inf,216.0,149.0,67.0,0.0,0.0,0.0,0.0,0.0,0.0
224.0,34737.0,96545.0,61808.0,30904.0,1.7793131243342832,33.83794794955186,162293.32703157933,0.2140383750543287,0.0,0.0,1.0,inf,34737.0,inf,217.0,146.0,71.0,0.0,0.0,0.0,0.0,0.0,0.0
225.0,34875.0,96919.0,62044.0,31022.0,1.7790394265232974,33.83794794955186,162293.32703157933,0.2148886872792617,0.0,0.0,1.0,inf,34875.0,inf,216.0,138.0,78.0,0.0,0.0,0.0,0.0,0.0,0.0
226.0,35020.0,97328.0,62308.0,31154.0,1.7792118789263278,33.83794794955186,162293.32703157933,0.21578213128372029,0.0,0.0,1.0,inf,35020.0,inf,216.0,145.0,71.0,0.0,0.0,0.0,0.0,0.0,0.0
227.0,35164.0,97732.0,62568.0,31284.0,1.7793197588442726,33.83794794955186,162293.32703157933,0.2166694136053895,0.0,0.0,1.0,inf,35164.0,inf,217.0,144.0,73.0,0.0,0.0,0.0,0.0,0.0,0.0
228.0,35305.0,98119.0,62814.0,31407.0,1.7791814190624557,33.83794794955186,162293.32703157933,0.21753821087869057,0.0,0.0,1.0,inf,35305.0,inf,215.0,141.0,74.0,0.0,0.0,0.0,0.0,0.0,0.0
229.0,35440.0,98492.0,63052.0,31526.0,1.7791196388261852,33.83794794955186,162293.32703157933,0.21837003805525546,0.0,0.0,1.0,inf,35440.0,inf,216.0,135.0,81.0,0.0,0.0,0.0,0.0,0.0,0.0
230.0,35588.0,98894.0,63306.0,31653.0,1.7788580420366416,33.83794794955186,162293.32703157933,0.21928196710808215,0.0,0.0,1.0,inf,35588.0,inf,215.0,148.0,67.0,0.0,0.0,0.0,0.0,0.0,0.0
231.0,35729.0,99277.0,63548.0,31774.0,1.7786112121805815,33.83794794955186,162293.32703157933,0.22015076438138326,0.0,0.0,1.0,inf,35729.0,inf,220.0,141.0,79.0,0.0,0.0,0.0,0.0,0.0,0.0
232.0,35882.0,99700.0,63818.0,31909.0,1.7785519201828215,34.914449560325,178280.6497173341,0.20126693534543036,0.0,0.0,1.0,inf,35882.0,inf,215.0,153.0,62.0,0.0,0.0,0.0,0.0,0.0,0.0
233.0,36030.0,100100.0,64070.0,32035.0,1.778240355259506,34.914449560325,178280.6497173341,0.20209708713270877,0.0,0.0,1.0,inf,36030.0,inf,212.0,148.0,64.0,0.0,0.0,0.0,0.0,0.0,0.0
234.0,36179.0,100515.0,64336.0,32168.0,1.7782691616683712,34.914449560325,178280.6497173341,0.202932848053685,0.0,0.0,1.0,inf,36179.0,inf,214.0,149.0,65.0,0.0,0.0,0.0,0.0,0.0,0.0
235.0,36333.0,100945.0,64612.0,32306.0,1.7783282415435004,34.914449560325,178280.6497173341,0.20379665464315036,0.0,0.0,1.0,inf,36333.0,inf,216.0,154.0,62.0,0.0,0.0,0.0,0.0,0.0,0.0
236.0,36494.0,101404.0,64910.0,32455.0,1.7786485449662959,34.914449560325,178280.6497173341,0.20469972516850052,0.0,0.0,1.0,inf,36494.0,inf,213.0,161.0,52.0,0.0,0.0,0.0,0.0,0.0,0.0
237.0,36644.0,101816.0,65172.0,32586.0,1.7785176290797948,34.914449560325,178280.6497173341,0.20554109522317457,0.0,0.0,1.0,inf,36644.0,inf,214.0,150.0,64.0,0.0,0.0,0.0,0.0,0.0,0.0
238.0,36788.0,102218.0,65430.0,32715.0,1.778569098619115,34.914449560325,178280.6497173341,0.20634881047566167,0.0,0.0,1.0,inf,36788.0,inf,213.0,144.0,69.0,0.0,0.0,0.0,0.0,0.0,0.0
239.0,36929.0,102617.0,65688.0,32844.0,1.7787646565030193,34.914449560325,178280.6497173341,0.20713969832705528,0.0,0.0,1.0,inf,36929.0,inf,211.0,141.0,70.0,0.0,0.0,0.0,0.0,0.0,0.0
240.0,37070.0,102998.0,65928.0,32964.0,1.7784731588885891,34.914449560325,178280.6497173341,0.2079305861784489,0.0,0.0,1.0,inf,37070.0,inf,215.0,141.0,74.0,0.0,0.0,0.0,0.0,0.0,0.0
241.0,37213.0,103403.0,66190.0,33095.0,1.778679493725311,34.914449560325,178280.6497173341,0.20873269229723818,0.0,0.0,1.0,inf,37213.0,inf,211.0,143.0,68.0,0.0,0.0,0.0,0.0,0.0,0.0
242.0,37366.0,103840.0,66474.0,33237.0,1.7789969490981106,34.914449560325,178280.6497173341,0.20959088975300572,0.0,0.0,1.0,inf,37366.0,inf,215.0,153.0,62.0,0.0,0.0,0.0,0.0,0.0,0.0
243.0,37515.0,104259.0,66744.0,33372.0,1.7791283486605358,34.914449560325,178280.6497173341,0.21042665067398195,0.0,0.0,1.0,inf,37515.0,inf,216.0,149.0,67.0,0.0,0.0,0.0,0.0,0.0,0.0
244.0,37652.0,104638.0,66986.0,33493.0,1.779082120471688,34.914449560325,178280.6497173341,0.21119510199058425,0.0,0.0,1.0,inf,37652.0,inf,216.0,137.0,79.0,0.0,0.0,0.0,0.0,0.0,0.0
245.0,37797.0,105047.0,67250.0,33625.0,1.7792417387623356,34.980344520961296,179291.9773267734,0.21081255594115103,0.0,0.0,1.0,inf,37797.0,inf,216.0,145.0,71.0,0.0,0.0,0.0,0.0,0.0,0.0
246.0,37949.0,105479.0,67530.0,33765.0,1.779493530791325,34.980344520961296,179291.9773267734,0.2116603350903707,0.0,0.0,1.0,inf,37949.0,inf,216.0,152.0,64.0,0.0,0.0,0.0,0.0,0.0,0.0
247.0,38101.0,105907.0,67806.0,33903.0,1.7796383297026326,34.980344520961296,179291.9773267734,0.21250811423959032,0.0,0.0,1.0,inf,38101.0,inf,217.0,152.0,65.0,0.0,0.0,0.0,0.0,0.0,0.0
248.0,38247.0,106319.0,68072.0,34036.0,1.77979972285408,34.980344520961296,179291.9773267734,0.2133224284223934,0.0,0.0,1.0,inf,38247.0,inf,214.0,146.0,68.0,0.0,0.0,0.0,0.0,0.0,0.0
249.0,38383.0,106699.0,68316.0,34158.0,1.7798504546283511,34.980344520961296,179291.9773267734,0.21408096766116888,0.0,0.0,1.0,inf,38383.0,inf,218.0,136.0,82.0,0.0,0.0,0.0,0.0,0.0,0.0
250.0,38526.0,107118.0,68592.0,34296.0,1.7804080361314436,34.980344520961296,179291.9773267734,0.21487854936076367,0.0,0.0,1.0,inf,38526.0,inf,217.0,143.0,74.0,0.0,0.0,0.0,0.0,0.0,0.0
251.0,38660.0,107478.0,68818.0,34409.0,1.780082772891878,34.980344520961296,179291.9773267734,0.21562593361073362,0.0,0.0,1.0,inf,38660.0,inf,220.0,134.0,86.0,0.0,0.0,0.0,0.0,0.0,0.0
252.0,38809.0,107899.0,69090.0,34545.0,1.7802571568450618,35.38111470125328,185525.30050948577,0.20918440715861136,0.0,0.0,1.0,inf,38809.0,inf,217.0,149.0,68.0,0.0,0.0,0.0,0.0,0.0,0.0
253.0,38971.0,108351.0,69380.0,34690.0,1.7802981704344256,35.38111470125328,185525.30050948577,0.21005760342647953,0.0,0.0,1.0,inf,38971.0,inf,213.0,162.0,51.0,0.0,0.0,0.0,0.0,0.0,0.0
254.0,39115.0,108767.0,69652.0,34826.0,1.7806979419659976,35.38111470125328,185525.30050948577,0.21083377788680677,0.0,0.0,1.0,inf,39115.0,inf,212.0,144.0,68.0,0.0,0.0,0.0,0.0,0.0,0.0
255.0,39251.0,109149.0,69898.0,34949.0,1.78079539374793,35.38111470125328,185525.30050948577,0.2115668315437825,0.0,0.0,1.0,inf,39251.0,inf,214.0,136.0,78.0,0.0,0.0,0.0,0.0,0.0,0.0
256.0,39412.0,109588.0,70176.0,35088.0,1.7805744443316756,35.38111470125328,185525.30050948577,0.21243463771123172,0.0,0.0,1.0,inf,39412.0,inf,216.0,161.0,55.0,0.0,0.0,0.0,0.0,0.0,0.0
257.0,39560.0,110008.0,70448.0,35224.0,1.780788675429727,35.38111470125328,185525.30050948577,0.2132323725732347,0.0,0.0,1.0,inf,39560.0,inf,218.0,148.0,70.0,0.0,0.0,0.0,0.0,0.0,0.0
258.0,39710.0,110444.0,70734.0,35367.0,1.7812641651976833,35.38111470125328,185525.30050948577,0.2140408876360756,0.0,0.0,1.0,inf,39710.0,inf,216.0,150.0,66.0,0.0,0.0,0.0,0.0,0.0,0.0
259.0,39860.0,110872.0,71012.0,35506.0,1.781535373808329,35.38111470125328,185525.30050948577,0.21484940269891648,0.0,0.0,1.0,inf,39860.0,inf,217.0,150.0,67.0,0.0,0.0,0.0,0.0,0.0,0.0
260.0,40019.0,111321.0,71302.0,35651.0,1.7817036907468953,35.38111470125328,185525.30050948577,0.2157064286655278,0.0,0.0,1.0,inf,40019.0,inf,215.0,159.0,56.0,0.0,0.0,0.0,0.0,0.0,0.0
261.0,40161.0,111717.0,71556.0,35778.0,1.7817285426159708,35.38111470125328,185525.30050948577,0.21647182292501715,0.0,0.0,1.0,inf,40161.0,inf,216.0,142.0,74.0,0.0,0.0,0.0,0.0,0.0,0.0
262.0,40301.0,112113.0,71812.0,35906.0,1.7818912682067443,35.38111470125328,185525.30050948577,0.21722643698366867,0.0,0.0,1.0,inf,40301.0,inf,216.0,140.0,76.0,0.0,0.0,0.0,0.0,0.0,0.0
263.0,40442.0,112494.0,72052.0,36026.0,1.78161317442263,35.38111470125328,185525.30050948577,0.21798644114273907,0.0,0.0,1.0,inf,40442.0,inf,214.0,141.0,73.0,0.0,0.0,0.0,0.0,0.0,0.0
264.0,40606.0,112944.0,72338.0,36169.0,1.7814608678520416,35.38111470125328,185525.30050948577,0.2188704176114451,0.0,0.0,1.0,inf,40606.0,inf,218.0,164.0,54.0,0.0,0.0,0.0,0.0,0.0,0.0
265.0,40750.0,113340.0,72590.0,36295.0,1.7813496932515338,35.38111470125328,185525.30050948577,0.21964659207177237,0.0,0.0,1.0,inf,40750.0,inf,213.0,144.0,69.0,0.0,0.0,0.0,0.0,0.0,0.0
266.0,40896.0,113762.0,72866.0,36433.0,1.7817390453834117,35.38111470125328,185525.30050948577,0.22043354673293747,0.0,0.0,1.0,inf,40896.0,inf,219.0,146.0,73.0,0.0,0.0,0.0,0.0,0.0,0.0
267.0,41050.0,114184.0,73134.0,36567.0,1.7815834348355664,35.38111470125328,185525.30050948577,0.22126362219745413,0.0,0.0,1.0,inf,41050.0,inf,213.0,154.0,59.0,0.0,0.0,0.0,0.0,0.0,0.0
268.0,41182.0,114556.0,73374.0,36687.0,1.7817007430430771,35.38111470125328,185525.30050948577,0.22197511545275408,0.0,0.0,1.0,inf,41182.0,inf,214.0,132.0,82.0,0.0,0.0,0.0,0.0,0.0,0.0
269.0,41321.0,114943.0,73622.0,36811.0,1.7817090583480555,35.38111470125328,185525.30050948577,0.22272433941098663,0.0,0.0,1.0,inf,41321.0,inf,218.0,139.0,79.0,0.0,0.0,0.0,0.0,0.0,0.0
270.0,41465.0,115333.0,73868.0,36934.0,1.7814542385144096,35.38111470125328,185525.30050948577,0.2235005138713139,0.0,0.0,1.0,inf,41465.0,inf,217.0,144.0,73.0,0.0,0.0,0.0,0.0,0.0,0.0
271.0,41601.0,115715.0,74114.0,37057.0,1.781543712891517,35.38111470125328,185525.30050948577,0.2242335675282896,0.0,0.0,1.0,inf,41601.0,inf,215.0,136.0,79.0,0.0,0.0,0.0,0.0,0.0,0.0
272.0,41748.0,116130.0,74382.0,37191.0,1.7816901408450705,35.38111470125328,185525.30050948577,0.22502591228987368,0.0,0.0,1.0,inf,41748.0,inf,217.0,147.0,70.0,0.0,0.0,0.0,0.0,0.0,0.0
273.0,41899.0,116561.0,74662.0,37331.0,1.7819518365593452,35.38111470125328,185525.30050948577,0.2258398174531335,0.0,0.0,1.0,inf,41899.0,inf,217.0,151.0,66.0,0.0,0.0,0.0,0.0,0.0,0.0
274.0,42043.0,116965.0,74922.0,37461.0,1.7820326808267726,35.38111470125328,185525.30050948577,0.22661599191346074,0.0,0.0,1.0,inf,42043.0,inf,218.0,144.0,74.0,0.0,0.0,0.0,0.0,0.0,0.0
275.0,42183.0,117353.0,75170.0,37585.0,1.781997487139369,35.38111470125328,185525.30050948577,0.22737060597211223,0.0,0.0,1.0,inf,42183.0,inf,219.0,140.0,79.0,0.0,0.0,0.0,0.0,0.0,0.0
276.0,42320.0,117734.0,75414.0,37707.0,1.7819943289224953,35.38111470125328,185525.30050948577,0.2281090497295069,0.0,0.0,1.0,inf,42320.0,inf,217.0,137.0,80.0,0.0,0.0,0.0,0.0,0.0,0.0
277.0,42462.0,118136.0,75674.0,37837.0,1.7821581649474825,35.38111470125328,185525.30050948577,0.22887444398899626,0.0,0.0,1.0,inf,42462.0,inf,218.0,142.0,76.0,0.0,0.0,0.0,0.0,0.0,0.0
278.0,42596.0,118514.0,75918.0,37959.0,1.7822800262935488,35.485248592992555,187168.24381539412,0.22758134142676925,0.0,0.0,1.0,inf,42596.0,inf,214.0,134.0,80.0,0.0,0.0,0.0,0.0,0.0,0.0
279.0,42739.0,118911.0,76172.0,38086.0,1.7822597627459698,35.485248592992555,187168.24381539412,0.22834535992202767,0.0,0.0,1.0,inf,42739.0,inf,217.0,143.0,74.0,0.0,0.0,0.0,0.0,0.0,0.0
280.0,42870.0,119274.0,76404.0,38202.0,1.78222533240028,35.485248592992555,187168.24381539412,0.22904526497712455,0.0,0.0,1.0,inf,42870.0,inf,218.0,131.0,87.0,0.0,0.0,0.0,0.0,0.0,0.0
281.0,43016.0,119686.0,76670.0,38335.0,1.7823600520736471,35.485248592992555,187168.24381539412,0.22982531183242336,0.0,0.0,1.0,inf,43016.0,inf,217.0,146.0,71.0,0.0,0.0,0.0,0.0,0.0,0.0
282.0,43163.0,120093.0,76930.0,38465.0,1.7823135555915945,35.485248592992555,187168.24381539412,0.23061070147440232,0.0,0.0,1.0,inf,43163.0,inf,217.0,147.0,70.0,0.0,0.0,0.0,0.0,0.0,0.0
283.0,43298.0,120466.0,77168.0,38584.0,1.7822532218578224,35.485248592992555,187168.24381539412,0.2313319776762197,0.0,0.0,1.0,inf,43298.0,inf,217.0,135.0,82.0,0.0,0.0,0.0,0.0,0.0,0.0
284.0,43450.0,120894.0,77444.0,38722.0,1.7823705408515536,35.89216799372375,193681.29699516782,0.22433761377116365,0.0,0.0,1.0,inf,43450.0,inf,218.0,152.0,66.0,0.0,0.0,0.0,0.0,0.0,0.0
285.0,43594.0,121312.0,77718.0,38859.0,1.7827682708629629,35.89216799372375,193681.29699516782,0.22508110321611297,0.0,0.0,1.0,inf,43594.0,inf,219.0,144.0,75.0,0.0,0.0,0.0,0.0,0.0,0.0
286.0,43733.0,121693.0,77960.0,38980.0,1.7826355383806278,35.89216799372375,193681.29699516782,0.22579877705533488,0.0,0.0,1.0,inf,43733.0,inf,217.0,139.0,78.0,0.0,0.0,0.0,0.0,0.0,0.0
287.0,43877.0,122089.0,78212.0,39106.0,1.7825284317523988,35.89216799372375,193681.29699516782,0.2265422665002842,0.0,0.0,1.0,inf,43877.0,inf,218.0,144.0,74.0,0.0,0.0,0.0,0.0,0.0,0.0
288.0,44015.0,122457.0,78442.0,39221.0,1.782165170964444,35.89216799372375,193681.29699516782,0.2272547772183606,0.0,0.0,1.0,inf,44015.0,inf,215.0,138.0,77.0,0.0,0.0,0.0,0.0,0.0,0.0
289.0,44164.0,122870.0,78706.0,39353.0,1.7821302418259215,35.89216799372375,193681.29699516782,0.22802408226903734,0.0,0.0,1.0,inf,44164.0,inf,215.0,149.0,66.0,0.0,0.0,0.0,0.0,0.0,0.0
290.0,44317.0,123297.0,78980.0,39490.0,1.7821603447886816,35.89216799372375,193681.29699516782,0.22881403980429596,0.0,0.0,1.0,inf,44317.0,inf,220.0,153.0,67.0,0.0,0.0,0.0,0.0,0.0,0.0
291.0,44451.0,123667.0,79216.0,39608.0,1.782097140671751,35.89216799372375,193681.29699516782,0.22950589803779048,0.0,0.0,1.0,inf,44451.0,inf,217.0,134.0,83.0,0.0,0.0,0.0,0.0,0.0,0.0
292.0,44603.0,124083.0,79480.0,39740.0,1.7819429186377598,35.89216799372375,193681.29699516782,0.23029069245190362,0.0,0.0,1.0,inf,44603.0,inf,219.0,152.0,67.0,0.0,0.0,0.0,0.0,0.0,0.0
293.0,44752.0,124504.0,79752.0,39876.0,1.7820879513764747,35.89216799372375,193681.29699516782,0.23105999750258036,0.0,0.0,1.0,inf,44752.0,inf,218.0,149.0,69.0,0.0,0.0,0.0,0.0,0.0,0.0
294.0,44894.0,124896.0,80002.0,40001.0,1.782019869024814,35.89216799372375,193681.29699516782,0.2317931607052387,0.0,0.0,1.0,inf,44894.0,inf,219.0,142.0,77.0,0.0,0.0,0.0,0.0,0.0,0.0
295.0,45043.0,125319.0,80276.0,40138.0,1.782208112248296,35.89216799372375,193681.29699516782,0.2325624657559154,0.0,0.0,1.0,inf,45043.0,inf,217.0,149.0,68.0,0.0,0.0,0.0,0.0,0.0,0.0
296.0,45184.0,125716.0,80532.0,40266.0,1.7823123229461757,36.20552097168523,198798.45847000147,0.2272854646245571,0.0,0.0,1.0,inf,45184.0,inf,219.0,141.0,78.0,0.0,0.0,0.0,0.0,0.0,0.0
297.0,45333.0,126123.0,80790.0,40395.0,1.7821454569518893,36.20552097168523,198798.45847000147,0.2280349674182243,0.0,0.0,1.0,inf,45333.0,inf,217.0,149.0,68.0,0.0,0.0,0.0,0.0,0.0,0.0
298.0,45469.0,126509.0,81040.0,40520.0,1.7823132243946425,36.20552097168523,198798.45847000147,0.22871907735069905,0.0,0.0,1.0,inf,45469.0,inf,214.0,136.0,78.0,0.0,0.0,0.0,0.0,0.0,0.0
299.0,45614.0,126916.0,81302.0,40651.0,1.7823913710702854,36.20552097168523,198798.45847000147,0.22944845926399937,0.0,0.0,1.0,inf,45614.0,inf,216.0,145.0,71.0,0.0,0.0,0.0,0.0,0.0,0.0
300.0,45774.0,127364.0,81590.0,40795.0,1.7824529208721107,36.20552097168523,198798.45847000147,0.23025329447867554,0.0,0.0,1.0,inf,45774.0,inf,217.0,160.0,57.0,0.0,0.0,0.0,0.0,0.0,0.0
301.0,45915.0,127753.0,81838.0,40919.0,1.782380485680061,36.20552097168523,198798.45847000147,0.23096255551160894,0.0,0.0,1.0,inf,45915.0,inf,218.0,141.0,77.0,0.0,0.0,0.0,0.0,0.0,0.0
302.0,46064.0,128158.0,82094.0,41047.0,1.7821726293852032,36.20552097168523,198798.45847000147,0.23171205830527616,0.0,0.0,1.0,inf,46064.0,inf,216.0,149.0,67.0,0.0,0.0,0.0,0.0,0.0,0.0
303.0,46202.0,128534.0,82332.0,41166.0,1.7820007791870482,36.20552097168523,198798.45847000147,0.23240622867793437,0.0,0.0,1.0,inf,46202.0,inf,214.0,138.0,76.0,0.0,0.0,0.0,0.0,0.0,0.0
304.0,46341.0,128913.0,82572.0,41286.0,1.7818346604518678,36.20552097168523,198798.45847000147,0.2331054292706843,0.0,0.0,1.0,inf,46341.0,inf,214.0,139.0,75.0,0.0,0.0,0.0,0.0,0.0,0.0
305.0,46483.0,129303.0,82820.0,41410.0,1.7817266527547706,36.20552097168523,198798.45847000147,0.23381972052370945,0.0,0.0,1.0,inf,46483.0,inf,217.0,142.0,75.0,0.0,0.0,0.0,0.0,0.0,0.0
306.0,46618.0,129678.0,83060.0,41530.0,1.7817152172980393,36.20552097168523,198798.45847000147,0.2344988002360925,0.0,0.0,1.0,inf,46618.0,inf,218.0,135.0,83.0,0.0,0.0,0.0,0.0,0.0,0.0
307.0,46772.0,130114.0,83342.0,41671.0,1.7818780466946036,36.20552097168523,198798.45847000147,0.2352734541302183,0.0,0.0,1.0,inf,46772.0,inf,217.0,154.0,63.0,0.0,0.0,0.0,0.0,0.0,0.0
308.0,46917.0,130527.0,83610.0,41805.0,1.782083253404949,36.27334242673507,199917.74132350716,0.23468152295737899,0.0,0.0,1.0,inf,46917.0,inf,216.0,145.0,71.0,0.0,0.0,0.0,0.0,0.0,0.0
309.0,47049.0,130907.0,83858.0,41929.0,1.78235456651576,36.27334242673507,199917.74132350716,0.23534179452270443,0.0,0.0,1.0,inf,47049.0,inf,216.0,132.0,84.0,0.0,0.0,0.0,0.0,0.0,0.0
310.0,47195.0,131315.0,84120.0,42060.0,1.782392202563831,36.27334242673507,199917.74132350716,0.2360720948904129,0.0,0.0,1.0,inf,47195.0,inf,218.0,146.0,72.0,0.0,0.0,0.0,0.0,0.0,0.0
311.0,47346.0,131746.0,84400.0,42200.0,1.7826215519790478,36.27334242673507,199917.74132350716,0.2368274055446867,0.0,0.0,1.0,inf,47346.0,inf,211.0,151.0,60.0,0.0,0.0,0.0,0.0,0.0,0.0
312.0,47491.0,132151.0,84660.0,42330.0,1.7826535554104987,36.27334242673507,199917.74132350716,0.23755270385508206,0.0,0.0,1.0,inf,47491.0,inf,216.0,145.0,71.0,0.0,0.0,0.0,0.0,0.0,0.0
313.0,47634.0,132556.0,84922.0,42461.0,1.7828022001091657,36.27334242673507,199917.74132350716,0.2382679980508513,0.0,0.0,1.0,inf,47634.0,inf,219.0,143.0,76.0,0.0,0.0,0.0,0.0,0.0,0.0
314.0,47778.0,132960.0,85182.0,42591.0,1.7828707773452217,36.27334242673507,199917.74132350716,0.23898829430393362,0.0,0.0,1.0,inf,47778.0,inf,217.0,144.0,73.0,0.0,0.0,0.0,0.0,0.0,0.0
315.0,47919.0,133363.0,85444.0,42722.0,1.7830923015922704,36.27334242673507,199917.74132350716,0.2396935843850767,0.0,0.0,1.0,inf,47919.0,inf,218.0,141.0,77.0,0.0,0.0,0.0,0.0,0.0,0.0
316.0,48068.0,133786.0,85718.0,42859.0,1.7832653740534243,36.27334242673507,199917.74132350716,0.24043889092472437,0.0,0.0,1.0,inf,48068.0,inf,218.0,149.0,69.0,0.0,0.0,0.0,0.0,0.0,0.0
317.0,48210.0,134182.0,85972.0,42986.0,1.7832814768720182,36.83332055881977,209320.24160269054,0.2303169518192469,0.0,0.0,1.0,inf,48210.0,inf,220.0,142.0,78.0,0.0,0.0,0.0,0.0,0.0,0.0
318.0,48368.0,134626.0,86258.0,43129.0,1.7833691696989746,36.83332055881977,209320.24160269054,0.23107177609610732,0.0,0.0,1.0,inf,48368.0,inf,213.0,158.0,55.0,0.0,0.0,0.0,0.0,0.0,0.0
319.0,48519.0,135053.0,86534.0,43267.0,1.7835074919103857,36.83332055881977,209320.24160269054,0.23179315879108153,0.0,0.0,1.0,inf,48519.0,inf,216.0,151.0,65.0,0.0,0.0,0.0,0.0,0.0,0.0
320.0,48680.0,135494.0,86814.0,43407.0,1.7833607230895645,36.83332055881977,209320.24160269054,0.23256231517446463,0.0,0.0,1.0,inf,48680.0,inf,216.0,161.0,55.0,0.0,0.0,0.0,0.0,0.0,0.0
321.0,48834.0,135924.0,87090.0,43545.0,1.783388622680919,36.83332055881977,209320.24160269054,0.2332980299759615,0.0,0.0,1.0,inf,48834.0,inf,216.0,154.0,62.0,0.0,0.0,0.0,0.0,0.0,0.0
322.0,48983.0,136347.0,87364.0,43682.0,1.7835575607863954,36.83332055881977,209320.24160269054,0.2340098579332539,0.0,0.0,1.0,inf,48983.0,inf,219.0,149.0,70.0,0.0,0.0,0.0,0.0,0.0,0.0
323.0,49127.0,136753.0,87626.0,43813.0,1.783662751643699,36.83332055881977,209320.24160269054,0.2346977990463419,0.0,0.0,1.0,inf,49127.0,inf,216.0,144.0,72.0,0.0,0.0,0.0,0.0,0.0,0.0
324.0,49272.0,137168.0,87896.0,43948.0,1.7838934892027927,37.00708524090555,212296.70354530792,0.2320902735519135,0.0,0.0,1.0,inf,49272.0,inf,218.0,145.0,73.0,0.0,0.0,0.0,0.0,0.0,0.0
325.0,49431.0,137615.0,88184.0,44092.0,1.7839817118812082,37.00708524090555,212296.70354530792,0.23283922536013632,0.0,0.0,1.0,inf,49431.0,inf,215.0,159.0,56.0,0.0,0.0,0.0,0.0,0.0,0.0
326.0,49583.0,138047.0,88464.0,44232.0,1.7841598935118892,37.00708524090555,212296.70354530792,0.2335552044472424,0.0,0.0,1.0,inf,49583.0,inf,217.0,152.0,65.0,0.0,0.0,0.0,0.0,0.0,0.0
327.0,49751.0,138523.0,88772.0,44386.0,1.7843259431971217,37.5482028611033,221746.14372378442,0.2243601587136134,0.0,0.0,1.0,inf,49751.0,inf,216.0,168.0,48.0,0.0,0.0,0.0,0.0,0.0,0.0
328.0,49912.0,138990.0,89078.0,44539.0,1.7847010738900464,37.5482028611033,221746.14372378442,0.2250862141808983,0.0,0.0,1.0,inf,49912.0,inf,216.0,161.0,55.0,0.0,0.0,0.0,0.0,0.0,0.0
329.0,50066.0,139414.0,89348.0,44674.0,1.784604322294571,37.5482028611033,221746.14372378442,0.22578070201917083,0.0,0.0,1.0,inf,50066.0,inf,211.0,154.0,57.0,0.0,0.0,0.0,0.0,0.0,0.0
330.0,50221.0,139839.0,89618.0,44809.0,1.7844726309711076,37.5482028611033,221746.14372378442,0.22647969951873084,0.0,0.0,1.0,inf,50221.0,inf,215.0,155.0,60.0,0.0,0.0,0.0,0.0,0.0,0.0
331.0,50368.0,140256.0,89888.0,44944.0,1.7846251588310038,37.5482028611033,221746.14372378442,0.227142619727991,0.0,0.0,1.0,inf,50368.0,inf,210.0,147.0,63.0,0.0,0.0,0.0,0.0,0.0,0.0
332.0,50524.0,140692.0,90168.0,45084.0,1.784656796769852,37.5482028611033,221746.14372378442,0.22784612688883848,0.0,0.0,1.0,inf,50524.0,inf,217.0,156.0,61.0,0.0,0.0,0.0,0.0,0.0,0.0
333.0,50690.0,141160.0,90470.0,45235.0,1.7847701716314854,37.5482028611033,221746.14372378442,0.2285947306625608,0.0,0.0,1.0,inf,50690.0,inf,217.0,166.0,51.0,0.0,0.0,0.0,0.0,0.0,0.0
334.0,50831.0,141543.0,90712.0,45356.0,1.784580275815939,37.68232577840684,224130.88655090774,0.22679158942448813,0.0,0.0,1.0,inf,50831.0,inf,214.0,141.0,73.0,0.0,0.0,0.0,0.0,0.0,0.0
335.0,50985.0,141981.0,90996.0,45498.0,1.784760223595175,37.68232577840684,224130.88655090774,0.22747868794254544,0.0,0.0,1.0,inf,50985.0,inf,219.0,154.0,65.0,0.0,0.0,0.0,0.0,0.0,0.0
336.0,51139.0,142411.0,91272.0,45636.0,1.7847826512055378,37.68232577840684,224130.88655090774,0.22816578646060276,0.0,0.0,1.0,inf,51139.0,inf,212.0,154.0,58.0,0.0,0.0,0.0,0.0,0.0,0.0
337.0,51292.0,142828.0,91536.0,45768.0,1.7846057864774234,37.68232577840684,224130.88655090774,0.22884842329997138,0.0,0.0,1.0,inf,51292.0,inf,216.0,153.0,63.0,0.0,0.0,0.0,0.0,0.0,0.0
338.0,51453.0,143293.0,91840.0,45920.0,1.78492993605815,38.24225346152826,234271.27223408755,0.2196300020456087,0.0,0.0,1.0,inf,51453.0,inf,217.0,161.0,56.0,0.0,0.0,0.0,0.0,0.0,0.0
339.0,51606.0,143728.0,92122.0,46061.0,1.7851025074603728,38.24225346152826,234271.27223408755,0.22028309108440094,0.0,0.0,1.0,inf,51606.0,inf,217.0,153.0,64.0,0.0,0.0,0.0,0.0,0.0,0.0
340.0,51754.0,144142.0,92388.0,46194.0,1.7851373806855508,38.24225346152826,234271.27223408755,0.2209148373441477,0.0,0.0,1.0,inf,51754.0,inf,208.0,148.0,60.0,0.0,0.0,0.0,0.0,0.0,0.0
341.0,51914.0,144596.0,92682.0,46341.0,1.7852987633393689,38.24225346152826,234271.27223408755,0.22159780627360368,0.0,0.0,1.0,inf,51914.0,inf,215.0,160.0,55.0,0.0,0.0,0.0,0.0,0.0,0.0
342.0,52080.0,145056.0,92976.0,46488.0,1.7852534562211981,38.24225346152826,234271.27223408755,0.22230638653791424,0.0,0.0,1.0,inf,52080.0,inf,213.0,166.0,47.0,0.0,0.0,0.0,0.0,0.0,0.0
343.0,52231.0,145491.0,93260.0,46630.0,1.7855296662901343,38.24225346152826,234271.27223408755,0.2229509384650883,0.0,0.0,1.0,inf,52231.0,inf,210.0,151.0,59.0,0.0,0.0,0.0,0.0,0.0,0.0
344.0,52386.0,145926.0,93540.0,46770.0,1.7855915702668652,38.24225346152826,234271.27223408755,0.22361256461549875,0.0,0.0,1.0,inf,52386.0,inf,216.0,155.0,61.0,0.0,0.0,0.0,0.0,0.0,0.0
345.0,52544.0,146370.0,93826.0,46913.0,1.7856653471376371,38.24225346152826,234271.27223408755,0.22428699643333652,0.0,0.0,1.0,inf,52544.0,inf,213.0,158.0,55.0,0.0,0.0,0.0,0.0,0.0,0.0
346.0,52707.0,146841.0,94134.0,47067.0,1.7859866810860037,38.24225346152826,234271.27223408755,0.22498277103021977,0.0,0.0,1.0,inf,52707.0,inf,212.0,163.0,49.0,0.0,0.0,0.0,0.0,0.0,0.0
347.0,52859.0,147267.0,94408.0,47204.0,1.7860345447322121,38.24225346152826,234271.27223408755,0.22563159151320292,0.0,0.0,1.0,inf,52859.0,inf,215.0,152.0,63.0,0.0,0.0,0.0,0.0,0.0,0.0
348.0,53010.0,147700.0,94690.0,47345.0,1.7862667421241276,38.24225346152826,234271.27223408755,0.226276143440377,0.0,0.0,1.0,inf,53010.0,inf,215.0,151.0,64.0,0.0,0.0,0.0,0.0,0.0,0.0
349.0,53169.0,148155.0,94986.0,47493.0,1.7864921288720872,38.24225346152826,234271.27223408755,0.22695484381402384,0.0,0.0,1.0,inf,53169.0,inf,213.0,159.0,54.0,0.0,0.0,0.0,0.0,0.0,0.0
350.0,53313.0,148567.0,95254.0,47627.0,1.7866936769643427,38.24225346152826,234271.27223408755,0.2275695158505342,0.0,0.0,1.0,inf,53313.0,inf,213.0,144.0,69.0,0.0,0.0,0.0,0.0,0.0,0.0
351.0,53478.0,149042.0,95564.0,47782.0,1.7869778226560455,38.24225346152826,234271.27223408755,0.22827382755903566,0.0,0.0,1.0,inf,53478.0,inf,215.0,165.0,50.0,0.0,0.0,0.0,0.0,0.0,0.0
352.0,53641.0,149495.0,95854.0,47927.0,1.7869540090602338,38.24225346152826,234271.27223408755,0.2289696021559189,0.0,0.0,1.0,inf,53641.0,inf,215.0,163.0,52.0,0.0,0.0,0.0,0.0,0.0,0.0
353.0,53809.0,149961.0,96152.0,48076.0,1.786912969949265,38.24225346152826,234271.27223408755,0.22968671953184766,0.0,0.0,1.0,inf,53809.0,inf,216.0,168.0,48.0,0.0,0.0,0.0,0.0,0.0,0.0
354.0,53968.0,150416.0,96448.0,48224.0,1.7871331159205455,38.24225346152826,234271.27223408755,0.23036541990549453,0.0,0.0,1.0,inf,53968.0,inf,214.0,159.0,55.0,0.0,0.0,0.0,0.0,0.0,0.0
355.0,54125.0,150855.0,96730.0,48365.0,1.7871593533487298,38.24225346152826,234271.27223408755,0.23103558316752318,0.0,0.0,1.0,inf,54125.0,inf,214.0,157.0,57.0,0.0,0.0,0.0,0.0,0.0,0.0
356.0,54288.0,151320.0,97032.0,48516.0,1.7873563218390804,38.24225346152826,234271.27223408755,0.23173135776440645,0.0,0.0,1.0,inf,54288.0,inf,214.0,163.0,51.0,0.0,0.0,0.0,0.0,0.0,0.0
357.0,54435.0,151725.0,97290.0,48645.0,1.787269220170846,38.24225346152826,234271.27223408755,0.2323588354683441,0.0,0.0,1.0,inf,54435.0,inf,218.0,147.0,71.0,0.0,0.0,0.0,0.0,0.0,0.0
358.0,54584.0,152140.0,97556.0,48778.0,1.7872636670086472,38.24225346152826,234271.27223408755,0.23299485028389996,0.0,0.0,1.0,inf,54584.0,inf,217.0,149.0,68.0,0.0,0.0,0.0,0.0,0.0,0.0
359.0,54741.0,152581.0,97840.0,48920.0,1.7873257704462835,38.24225346152826,234271.27223408755,0.23366501354592864,0.0,0.0,1.0,inf,54741.0,inf,214.0,157.0,57.0,0.0,0.0,0.0,0.0,0.0,0.0
360.0,54901.0,153035.0,98134.0,49067.0,1.7874719950456275,38.24225346152826,234271.27223408755,0.23434798247538458,0.0,0.0,1.0,inf,54901.0,inf,216.0,160.0,56.0,0.0,0.0,0.0,0.0,0.0,0.0
361.0,55045.0,153439.0,98394.0,49197.0,1.7875193023889544,38.24225346152826,234271.27223408755,0.23496265451189494,0.0,0.0,1.0,inf,55045.0,inf,211.0,144.0,67.0,0.0,0.0,0.0,0.0,0.0,0.0
362.0,55204.0,153884.0,98680.0,49340.0,1.787551626693718,38.24225346152826,234271.27223408755,0.2356413548855418,0.0,0.0,1.0,inf,55204.0,inf,217.0,159.0,58.0,0.0,0.0,0.0,0.0,0.0,0.0
363.0,55361.0,154325.0,98964.0,49482.0,1.787612217987392,38.24225346152826,234271.27223408755,0.23631151814757045,0.0,0.0,1.0,inf,55361.0,inf,217.0,157.0,60.0,0.0,0.0,0.0,0.0,0.0,0.0
364.0,55506.0,154722.0,99216.0,49608.0,1.7874824343314237,38.24225346152826,234271.27223408755,0.23693045873988994,0.0,0.0,1.0,inf,55506.0,inf,214.0,145.0,69.0,0.0,0.0,0.0,0.0,0.0,0.0
365.0,55653.0,155133.0,99480.0,49740.0,1.7875047167268612,38.24225346152826,234271.27223408755,0.23755793644382758,0.0,0.0,1.0,inf,55653.0,inf,214.0,147.0,67.0,0.0,0.0,0.0,0.0,0.0,0.0
366.0,55812.0,155574.0,99762.0,49881.0,1.7874650612771448,38.24225346152826,234271.27223408755,0.23823663681747445,0.0,0.0,1.0,inf,55812.0,inf,218.0,159.0,59.0,0.0,0.0,0.0,0.0,0.0,0.0
367.0,55970.0,156010.0,100040.0,50020.0,1.7873860996962658,38.24225346152826,234271.27223408755,0.2389110686353122,0.0,0.0,1.0,inf,55970.0,inf,216.0,158.0,58.0,0.0,0.0,0.0,0.0,0.0,0.0
368.0,56134.0,156460.0,100326.0,50163.0,1.7872590586810133,38.24225346152826,234271.27223408755,0.23961111178800457,0.0,0.0,1.0,inf,56134.0,inf,216.0,164.0,52.0,0.0,0.0,0.0,0.0,0.0,0.0
369.0,56291.0,156899.0,100608.0,50304.0,1.7872839352649623,38.24225346152826,234271.27223408755,0.24028127505003322,0.0,0.0,1.0,inf,56291.0,inf,218.0,157.0,61.0,0.0,0.0,0.0,0.0,0.0,0.0
370.0,56441.0,157321.0,100880.0,50440.0,1.7873531652522103,38.24225346152826,234271.27223408755,0.24092155842139817,0.0,0.0,1.0,inf,56441.0,inf,218.0,150.0,68.0,0.0,0.0,0.0,0.0,0.0,0.0
371.0,56601.0,157769.0,101168.0,50584.0,1.7873889153901874,38.24225346152826,234271.27223408755,0.24160452735085414,0.0,0.0,1.0,inf,56601.0,inf,217.0,160.0,57.0,0.0,0.0,0.0,0.0,0.0,0.0
372.0,56744.0,158174.0,101430.0,50715.0,1.78750176230086,38.24225346152826,234271.27223408755,0.2422149308315554,0.0,0.0,1.0,inf,56744.0,inf,217.0,143.0,74.0,0.0,0.0,0.0,0.0,0.0,0.0
373.0,56899.0,158607.0,101708.0,50854.0,1.7875182340638676,38.24225346152826,234271.27223408755,0.24287655698196586,0.0,0.0,1.0,inf,56899.0,inf,218.0,155.0,63.0,0.0,0.0,0.0,0.0,0.0,0.0
374.0,57050.0,159028.0,101978.0,50989.0,1.7875197195442594,38.24225346152826,234271.27223408755,0.24352110890913992,0.0,0.0,1.0,inf,57050.0,inf,215.0,151.0,64.0,0.0,0.0,0.0,0.0,0.0,0.0
375.0,57198.0,159442.0,102244.0,51122.0,1.7875450190566105,38.24225346152826,234271.27223408755,0.24415285516888668,0.0,0.0,1.0,inf,57198.0,inf,219.0,148.0,71.0,0.0,0.0,0.0,0.0,0.0,0.0
376.0,57344.0,159850.0,102506.0,51253.0,1.7875627790178572,38.24225346152826,234271.27223408755,0.24477606431701524,0.0,0.0,1.0,inf,57344.0,inf,215.0,146.0,69.0,0.0,0.0,0.0,0.0,0.0,0.0
377.0,57488.0,160234.0,102746.0,51373.0,1.7872599499025883,38.24225346152826,234271.27223408755,0.2453907363535256,0.0,0.0,1.0,inf,57488.0,inf,218.0,144.0,74.0,0.0,0.0,0.0,0.0,0.0,0.0
378.0,57634.0,160650.0,103016.0,51508.0,1.7874171495991948,38.24225346152826,234271.27223408755,0.24601394550165417,0.0,0.0,1.0,inf,57634.0,inf,218.0,146.0,72.0,0.0,0.0,0.0,0.0,0.0,0.0
379.0,57788.0,161074.0,103286.0,51643.0,1.7873260884612723,38.24225346152826,234271.27223408755,0.2466713030962555,0.0,0.0,1.0,inf,57788.0,inf,218.0,154.0,64.0,0.0,0.0,0.0,0.0,0.0,0.0
380.0,57940.0,161502.0,103562.0,51781.0,1.7874007594062824,38.24225346152826,234271.27223408755,0.2473201235792387,0.0,0.0,1.0,inf,57940.0,inf,216.0,152.0,64.0,0.0,0.0,0.0,0.0,0.0,0.0
381.0,58095.0,161931.0,103836.0,51918.0,1.7873483088045443,38.24225346152826,234271.27223408755,0.24798174972964915,0.0,0.0,1.0,inf,58095.0,inf,211.0,155.0,56.0,0.0,0.0,0.0,0.0,0.0,0.0
382.0,58249.0,162355.0,104106.0,52053.0,1.7872581503545126,38.24225346152826,234271.27223408755,0.2486391073242505,0.0,0.0,1.0,inf,58249.0,inf,218.0,154.0,64.0,0.0,0.0,0.0,0.0,0.0,0.0
383.0,58398.0,162770.0,104372.0,52186.0,1.7872529881160313,38.24225346152826,234271.27223408755,0.24927512213980635,0.0,0.0,1.0,inf,58398.0,inf,218.0,149.0,69.0,0.0,0.0,0.0,0.0,0.0,0.0
384.0,58551.0,163201.0,104650.0,52325.0,1.7873307031476833,38.24225346152826,234271.27223408755,0.24992821117859862,0.0,0.0,1.0,inf,58551.0,inf,220.0,153.0,67.0,0.0,0.0,0.0,0.0,0.0,0.0
385.0,58701.0,163609.0,104908.0,52454.0,1.787158651471014,38.24225346152826,234271.27223408755,0.2505684945499636,0.0,0.0,1.0,inf,58701.0,inf,217.0,150.0,67.0,0.0,0.0,0.0,0.0,0.0,0.0
386.0,58852.0,164032.0,105180.0,52590.0,1.7871949976211514,38.24225346152826,234271.27223408755,0.25121304647713766,0.0,0.0,1.0,inf,58852.0,inf,217.0,151.0,66.0,0.0,0.0,0.0,0.0,0.0,0.0
387.0,58993.0,164435.0,105442.0,52721.0,1.7873646025799672,38.24225346152826,234271.27223408755,0.2518149128462207,0.0,0.0,1.0,inf,58993.0,inf,218.0,141.0,77.0,0.0,0.0,0.0,0.0,0.0,0.0
388.0,59133.0,164823.0,105690.0,52845.0,1.7873268733194663,38.24225346152826,234271.27223408755,0.25241251065949466,0.0,0.0,1.0,inf,59133.0,inf,220.0,140.0,80.0,0.0,0.0,0.0,0.0,0.0,0.0
389.0,59281.0,165233.0,105952.0,52976.0,1.7872842900760784,38.24225346152826,234271.27223408755,0.25304425691924143,0.0,0.0,1.0,inf,59281.0,inf,218.0,148.0,70.0,0.0,0.0,0.0,0.0,0.0,0.0
390.0,59416.0,165602.0,106186.0,53093.0,1.7871617072842332,38.24225346152826,234271.27223408755,0.2536205119534699,0.0,0.0,1.0,inf,59416.0,inf,215.0,135.0,80.0,0.0,0.0,0.0,0.0,0.0,0.0
391.0,59560.0,166004.0,106444.0,53222.0,1.7871725990597715,38.24225346152826,234271.27223408755,0.25423518398998024,0.0,0.0,1.0,inf,59560.0,inf,218.0,144.0,74.0,0.0,0.0,0.0,0.0,0.0,0.0
392.0,59701.0,166413.0,106712.0,53356.0,1.7874407463861577,38.24225346152826,234271.27223408755,0.2548370503590633,0.0,0.0,1.0,inf,59701.0,inf,218.0,141.0,77.0,0.0,0.0,0.0,0.0,0.0,0.0
393.0,59839.0,166801.0,106962.0,53481.0,1.7874964488042915,38.24225346152826,234271.27223408755,0.25542611106071905,0.0,0.0,1.0,inf,59839.0,inf,220.0,138.0,82.0,0.0,0.0,0.0,0.0,0.0,0.0
394.0,59981.0,167189.0,107208.0,53604.0,1.7873659992330906,38.24225346152826,234271.27223408755,0.25603224598561125,0.0,0.0,1.0,inf,59981.0,inf,218.0,142.0,76.0,0.0,0.0,0.0,0.0,0.0,0.0
395.0,60126.0,167604.0,107478.0,53739.0,1.787546153078535,38.24225346152826,234271.27223408755,0.2566511865779307,0.0,0.0,1.0,inf,60126.0,inf,218.0,145.0,73.0,0.0,0.0,0.0,0.0,0.0,0.0
396.0,60264.0,167988.0,107724.0,53862.0,1.7875348466746317,38.24225346152826,234271.27223408755,0.25724024727958644,0.0,0.0,1.0,inf,60264.0,inf,218.0,138.0,80.0,0.0,0.0,0.0,0.0,0.0,0.0
397.0,60408.0,168380.0,107972.0,53986.0,1.7873791550787974,38.24225346152826,234271.27223408755,0.25785491931609683,0.0,0.0,1.0,inf,60408.0,inf,218.0,144.0,74.0,0.0,0.0,0.0,0.0,0.0,0.0
398.0,60555.0,168795.0,108240.0,54120.0,1.7874659400544959,38.24225346152826,234271.27223408755,0.2584823970200345,0.0,0.0,1.0,inf,60555.0,inf,217.0,147.0,70.0,0.0,0.0,0.0,0.0,0.0,0.0
399.0,60697.0,169191.0,108494.0,54247.0,1.7874689029111819,38.24225346152826,234271.27223408755,0.25908853194492665,0.0,0.0,1.0,inf,60697.0,inf,219.0,142.0,77.0,0.0,0.0,0.0,0.0,0.0,0.0
400.0,60832.0,169566.0,108734.0,54367.0,1.7874473961073118,38.24225346152826,234271.27223408755,0.2596647869791551,0.0,0.0,1.0,inf,60832.0,inf,219.0,135.0,84.0,0.0,0.0,0.0,0.0,0.0,0.0
401.0,60966.0,169936.0,108970.0,54485.0,1.7873896926155561,38.24225346152826,234271.27223408755,0.26023677345757446,0.0,0.0,1.0,inf,60966.0,inf,220.0,134.0,86.0,0.0,0.0,0.0,0.0,0.0,0.0
402.0,61107.0,170331.0,109224.0,54612.0,1.7874220629387796,38.24225346152826,234271.27223408755,0.26083863982665756,0.0,0.0,1.0,inf,61107.0,inf,218.0,141.0,77.0,0.0,0.0,0.0,0.0,0.0,0.0
403.0,61255.0,170735.0,109480.0,54740.0,1.7872826708023835,38.24225346152826,234271.27223408755,0.2614703860864043,0.0,0.0,1.0,inf,61255.0,inf,219.0,148.0,71.0,0.0,0.0,0.0,0.0,0.0,0.0
404.0,61402.0,171134.0,109732.0,54866.0,1.787107911794404,38.24225346152826,234271.27223408755,0.26209786379034195,0.0,0.0,1.0,inf,61402.0,inf,220.0,147.0,73.0,0.0,0.0,0.0,0.0,0.0,0.0
405.0,61537.0,171497.0,109960.0,54980.0,1.786892438695419,38.24225346152826,234271.27223408755,0.2626741188245704,0.0,0.0,1.0,inf,61537.0,inf,218.0,135.0,83.0,0.0,0.0,0.0,0.0,0.0,0.0
406.0,61679.0,171889.0,110210.0,55105.0,1.7868318228246243,38.24225346152826,234271.27223408755,0.26328025374946257,0.0,0.0,1.0,inf,61679.0,inf,220.0,142.0,78.0,0.0,0.0,0.0,0.0,0.0,0.0
407.0,61823.0,172287.0,110464.0,55232.0,1.7867783834495252,38.24225346152826,234271.27223408755,0.26389492578597296,0.0,0.0,1.0,inf,61823.0,inf,219.0,144.0,75.0,0.0,0.0,0.0,0.0,0.0,0.0
408.0,61957.0,172661.0,110704.0,55352.0,1.7867876107623029,38.24225346152826,234271.27223408755,0.26446691226439234,0.0,0.0,1.0,inf,61957.0,inf,215.0,134.0,81.0,0.0,0.0,0.0,0.0,0.0,0.0
409.0,62091.0,173035.0,110944.0,55472.0,1.786796798247733,38.24225346152826,234271.27223408755,0.26503889874281167,0.0,0.0,1.0,inf,62091.0,inf,219.0,134.0,85.0,0.0,0.0,0.0,0.0,0.0,0.0
410.0,62234.0,173440.0,111206.0,55603.0,1.7869010508725134,38.659616600433345,242025.5620452028,0.2571381281964615,0.0,0.0,1.0,inf,62234.0,inf,218.0,143.0,75.0,0.0,0.0,0.0,0.0,0.0,0.0
411.0,62377.0,173839.0,111462.0,55731.0,1.7869086361960338,38.79978969909585,244667.7478111912,0.25494573991883884,0.0,0.0,1.0,inf,62377.0,inf,219.0,143.0,76.0,0.0,0.0,0.0,0.0,0.0,0.0
412.0,62519.0,174233.0,111714.0,55857.0,1.786880788240375,38.79978969909585,244667.7478111912,0.255526118825623,0.0,0.0,1.0,inf,62519.0,inf,217.0,142.0,75.0,0.0,0.0,0.0,0.0,0.0,0.0
413.0,62658.0,174612.0,111954.0,55977.0,1.7867471033228,38.79978969909585,244667.7478111912,0.25609423620620747,0.0,0.0,1.0,inf,62658.0,inf,218.0,139.0,79.0,0.0,0.0,0.0,0.0,0.0,0.0
414.0,62792.0,174974.0,112182.0,56091.0,1.7865651675372658,38.79978969909585,244667.7478111912,0.2566419177097925,0.0,0.0,1.0,inf,62792.0,inf,217.0,134.0,83.0,0.0,0.0,0.0,0.0,0.0,0.0
415.0,62936.0,175376.0,112440.0,56220.0,1.7865768399644082,38.79978969909585,244667.7478111912,0.25723047096737645,0.0,0.0,1.0,inf,62936.0,inf,216.0,144.0,72.0,0.0,0.0,0.0,0.0,0.0,0.0
416.0,63080.0,175780.0,112700.0,56350.0,1.7866201648700064,38.79978969909585,244667.7478111912,0.2578190242249604,0.0,0.0,1.0,inf,63080.0,inf,219.0,144.0,75.0,0.0,0.0,0.0,0.0,0.0,0.0
417.0,63227.0,176197.0,112970.0,56485.0,1.7867366789504484,38.8114397482862,244888.2062671785,0.2581871988192765,0.0,0.0,1.0,inf,63227.0,inf,217.0,147.0,70.0,0.0,0.0,0.0,0.0,0.0,0.0
418.0,63381.0,176623.0,113242.0,56621.0,1.7866868619933418,38.8114397482862,244888.2062671785,0.258816057196523,0.0,0.0,1.0,inf,63381.0,inf,217.0,154.0,63.0,0.0,0.0,0.0,0.0,0.0,0.0
419.0,63541.0,177077.0,113536.0,56768.0,1.7868148124832786,38.8114397482862,244888.2062671785,0.2594694165495065,0.0,0.0,1.0,inf,63541.0,inf,219.0,160.0,59.0,0.0,0.0,0.0,0.0,0.0,0.0
420.0,63683.0,177469.0,113786.0,56893.0,1.7867562771854342,38.8114397482862,244888.2062671785,0.2600492729752793,0.0,0.0,1.0,inf,63683.0,inf,217.0,142.0,75.0,0.0,0.0,0.0,0.0,0.0,0.0
421.0,63837.0,177907.0,114070.0,57035.0,1.7868947475601924,39.36530156950915,255522.623497342,0.24982915064921463,0.0,0.0,1.0,inf,63837.0,inf,216.0,154.0,62.0,0.0,0.0,0.0,0.0,0.0,0.0
422.0,63993.0,178345.0,114352.0,57176.0,1.7869454471582829,39.36530156950915,255522.623497342,0.25043966410538077,0.0,0.0,1.0,inf,63993.0,inf,217.0,156.0,61.0,0.0,0.0,0.0,0.0,0.0,0.0
423.0,64144.0,178770.0,114626.0,57313.0,1.787010476428037,39.36530156950915,255522.623497342,0.2510306098225672,0.0,0.0,1.0,inf,64144.0,inf,215.0,151.0,64.0,0.0,0.0,0.0,0.0,0.0,0.0
424.0,64284.0,179174.0,114890.0,57445.0,1.7872254371227678,39.36530156950915,255522.623497342,0.2515785065139983,0.0,0.0,1.0,inf,64284.0,inf,216.0,140.0,76.0,0.0,0.0,0.0,0.0,0.0,0.0
425.0,64443.0,179625.0,115182.0,57591.0,1.7873469577766399,39.36530156950915,255522.623497342,0.2522007606135523,0.0,0.0,1.0,inf,64443.0,inf,216.0,159.0,57.0,0.0,0.0,0.0,0.0,0.0,0.0
426.0,64582.0,180006.0,115424.0,57712.0,1.7872472205877799,39.36530156950915,255522.623497342,0.25274474375718753,0.0,0.0,1.0,inf,64582.0,inf,216.0,139.0,77.0,0.0,0.0,0.0,0.0,0.0,0.0
427.0,64744.0,180462.0,115718.0,57859.0,1.7873161991844804,39.36530156950915,255522.623497342,0.25337873850012926,0.0,0.0,1.0,inf,64744.0,inf,220.0,162.0,58.0,0.0,0.0,0.0,0.0,0.0,0.0
428.0,64882.0,180856.0,115974.0,57987.0,1.7874603125674302,39.36530156950915,255522.623497342,0.2539188080959685,0.0,0.0,1.0,inf,64882.0,inf,213.0,138.0,75.0,0.0,0.0,0.0,0.0,0.0,0.0
429.0,65024.0,181252.0,116228.0,58114.0,1.787463090551181,39.36530156950915,255522.623497342,0.2544745318829916,0.0,0.0,1.0,inf,65024.0,inf,220.0,142.0,78.0,0.0,0.0,0.0,0.0,0.0,0.0
430.0,65173.0,181679.0,116506.0,58253.0,1.7876421217375293,39.36530156950915,255522.623497342,0.2550576505045861,0.0,0.0,1.0,inf,65173.0,inf,214.0,149.0,65.0,0.0,0.0,0.0,0.0,0.0,0.0
431.0,65312.0,182060.0,116748.0,58374.0,1.7875428711415973,39.36530156950915,255522.623497342,0.25560163364822136,0.0,0.0,1.0,inf,65312.0,inf,217.0,139.0,78.0,0.0,0.0,0.0,0.0,0.0,0.0
432.0,65451.0,182439.0,116988.0,58494.0,1.7874134848970986,39.36530156950915,255522.623497342,0.25614561679185655,0.0,0.0,1.0,inf,65451.0,inf,217.0,139.0,78.0,0.0,0.0,0.0,0.0,0.0,0.0
433.0,65591.0,182831.0,117240.0,58620.0,1.787440350048025,39.36530156950915,255522.623497342,0.25669351348328767,0.0,0.0,1.0,inf,65591.0,inf,216.0,140.0,76.0,0.0,0.0,0.0,0.0,0.0,0.0
434.0,65740.0,183240.0,117500.0,58750.0,1.7873440827502283,39.36530156950915,255522.623497342,0.2572766321048823,0.0,0.0,1.0,inf,65740.0,inf,214.0,149.0,65.0,0.0,0.0,0.0,0.0,0.0,0.0
435.0,65891.0,183651.0,117760.0,58880.0,1.7871940022157806,39.36530156950915,255522.623497342,0.2578675778220687,0.0,0.0,1.0,inf,65891.0,inf,217.0,151.0,66.0,0.0,0.0,0.0,0.0,0.0,0.0
436.0,66031.0,184055.0,118024.0,59012.0,1.7874028865229967,39.36530156950915,255522.623497342,0.25841547451349983,0.0,0.0,1.0,inf,66031.0,inf,218.0,140.0,78.0,0.0,0.0,0.0,0.0,0.0,0.0
437.0,66174.0,184460.0,118286.0,59143.0,1.787499622208118,39.36530156950915,255522.623497342,0.25897511184831884,0.0,0.0,1.0,inf,66174.0,inf,216.0,143.0,73.0,0.0,0.0,0.0,0.0,0.0,0.0
438.0,66326.0,184884.0,118558.0,59279.0,1.7875041461870156,39.36530156950915,255522.623497342,0.2595699711133012,0.0,0.0,1.0,inf,66326.0,inf,217.0,152.0,65.0,0.0,0.0,0.0,0.0,0.0,0.0
439.0,66475.0,185301.0,118826.0,59413.0,1.7875291462955998,39.36530156950915,255522.623497342,0.26015308973489576,0.0,0.0,1.0,inf,66475.0,inf,215.0,149.0,66.0,0.0,0.0,0.0,0.0,0.0,0.0
440.0,66621.0,185705.0,119084.0,59542.0,1.7874844268323802,39.36530156950915,255522.623497342,0.26072446771310254,0.0,0.0,1.0,inf,66621.0,inf,215.0,146.0,69.0,0.0,0.0,0.0,0.0,0.0,0.0
441.0,66771.0,186125.0,119354.0,59677.0,1.7875125428704077,39.36530156950915,255522.623497342,0.2613114998824931,0.0,0.0,1.0,inf,66771.0,inf,216.0,150.0,66.0,0.0,0.0,0.0,0.0,0.0,0.0
442.0,66910.0,186512.0,119602.0,59801.0,1.7875056045434166,39.36530156950915,255522.623497342,0.26185548302612827,0.0,0.0,1.0,inf,66910.0,inf,218.0,139.0,79.0,0.0,0.0,0.0,0.0,0.0,0.0
443.0,67062.0,186942.0,119880.0,59940.0,1.7875995347588798,39.36530156950915,255522.623497342,0.26245034229111064,0.0,0.0,1.0,inf,67062.0,inf,217.0,152.0,65.0,0.0,0.0,0.0,0.0,0.0,0.0
444.0,67219.0,187375.0,120156.0,60078.0,1.7875303113702972,39.36530156950915,255522.623497342,0.2630647692950727,0.0,0.0,1.0,inf,67219.0,inf,218.0,157.0,61.0,0.0,0.0,0.0,0.0,0.0,0.0
445.0,67363.0,187775.0,120412.0,60206.0,1.7875094636521534,39.36530156950915,255522.623497342,0.2636283201776876,0.0,0.0,1.0,inf,67363.0,inf,215.0,144.0,71.0,0.0,0.0,0.0,0.0,0.0,0.0
446.0,67518.0,188192.0,120674.0,60337.0,1.787286353268758,39.36530156950915,255522.623497342,0.2642349200860578,0.0,0.0,1.0,inf,67518.0,inf,220.0,155.0,65.0,0.0,0.0,0.0,0.0,0.0,0.0
447.0,67660.0,188586.0,120926.0,60463.0,1.7872598285545374,39.36530156950915,255522.623497342,0.2647906438730808,0.0,0.0,1.0,inf,67660.0,inf,217.0,142.0,75.0,0.0,0.0,0.0,0.0,0.0,0.0
448.0,67814.0,189024.0,121210.0,60605.0,1.7873890347125962,39.36530156950915,255522.623497342,0.2653933302336551,0.0,0.0,1.0,inf,67814.0,inf,219.0,154.0,65.0,0.0,0.0,0.0,0.0,0.0,0.0
449.0,67948.0,189404.0,121456.0,60728.0,1.7874845470065344,39.36530156950915,255522.623497342,0.2659177456383106,0.0,0.0,1.0,inf,67948.0,inf,218.0,134.0,84.0,0.0,0.0,0.0,0.0,0.0,0.0
450.0,68100.0,189826.0,121726.0,60863.0,1.787459618208517,39.36530156950915,255522.623497342,0.266512604903293,0.0,0.0,1.0,inf,68100.0,inf,218.0,152.0,66.0,0.0,0.0,0.0,0.0,0.0,0.0
451.0,68247.0,190237.0,121990.0,60995.0,1.7874778378536786,39.36530156950915,255522.623497342,0.2670878964292957,0.0,0.0,1.0,inf,68247.0,inf,216.0,147.0,69.0,0.0,0.0,0.0,0.0,0.0,0.0
452.0,68397.0,190667.0,122270.0,61135.0,1.7876515051829758,39.36530156950915,255522.623497342,0.26767492859868625,0.0,0.0,1.0,inf,68397.0,inf,218.0,150.0,68.0,0.0,0.0,0.0,0.0,0.0,0.0
453.0,68534.0,191052.0,122518.0,61259.0,1.7876966177371816,39.36530156950915,255522.623497342,0.26821108464672955,0.0,0.0,1.0,inf,68534.0,inf,220.0,137.0,83.0,0.0,0.0,0.0,0.0,0.0,0.0
454.0,68677.0,191431.0,122754.0,61377.0,1.787410632380564,39.36530156950915,255522.623497342,0.2687707219815485,0.0,0.0,1.0,inf,68677.0,inf,217.0,143.0,74.0,0.0,0.0,0.0,0.0,0.0,0.0
455.0,68819.0,191833.0,123014.0,61507.0,1.7875005449076564,39.36530156950915,255522.623497342,0.2693264457685715,0.0,0.0,1.0,inf,68819.0,inf,217.0,142.0,75.0,0.0,0.0,0.0,0.0,0.0,0.0
456.0,68957.0,192207.0,123250.0,61625.0,1.787345737198544,39.36530156950915,255522.623497342,0.2698665153644108,0.0,0.0,1.0,inf,68957.0,inf,218.0,138.0,80.0,0.0,0.0,0.0,0.0,0.0,0.0
457.0,69105.0,192621.0,123516.0,61758.0,1.7873670501410897,39.36530156950915,255522.623497342,0.27044572043820947,0.0,0.0,1.0,inf,69105.0,inf,218.0,148.0,70.0,0.0,0.0,0.0,0.0,0.0,0.0
458.0,69249.0,193015.0,123766.0,61883.0,1.7872604658551026,39.36530156950915,255522.623497342,0.27100927132082436,0.0,0.0,1.0,inf,69249.0,inf,216.0,144.0,72.0,0.0,0.0,0.0,0.0,0.0,0.0
459.0,69381.0,193381.0,124000.0,62000.0,1.7872328159006068,39.36530156950915,255522.623497342,0.271525859629888,0.0,0.0,1.0,inf,69381.0,inf,215.0,132.0,83.0,0.0,0.0,0.0,0.0,0.0,0.0
460.0,69522.0,193778.0,124256.0,62128.0,1.787290354132505,39.36530156950915,255522.623497342,0.2720776698691151,0.0,0.0,1.0,inf,69522.0,inf,219.0,141.0,78.0,0.0,0.0,0.0,0.0,0.0,0.0
461.0,69664.0,194172.0,124508.0,62254.0,1.7872645842903077,39.36530156950915,255522.623497342,0.2726333936561381,0.0,0.0,1.0,inf,69664.0,inf,218.0,142.0,76.0,0.0,0.0,0.0,0.0,0.0,0.0
462.0,69788.0,194528.0,124740.0,62370.0,1.7874133088783173,39.36530156950915,255522.623497342,0.27311867358283426,0.0,0.0,1.0,inf,69788.0,inf,218.0,124.0,94.0,0.0,0.0,0.0,0.0,0.0,0.0
463.0,69931.0,194919.0,124988.0,62494.0,1.7873046288484362,39.36530156950915,255522.623497342,0.2736783109176532,0.0,0.0,1.0,inf,69931.0,inf,220.0,143.0,77.0,0.0,0.0,0.0,0.0,0.0,0.0
464.0,70079.0,195317.0,125238.0,62619.0,1.787097418627549,39.36530156950915,255522.623497342,0.2742575159914518,0.0,0.0,1.0,inf,70079.0,inf,218.0,148.0,70.0,0.0,0.0,0.0,0.0,0.0,0.0
465.0,70225.0,195737.0,125512.0,62756.0,1.7872837308650766,39.36530156950915,255522.623497342,0.2748288939696586,0.0,0.0,1.0,inf,70225.0,inf,218.0,146.0,72.0,0.0,0.0,0.0,0.0,0.0,0.0
466.0,70371.0,196143.0,125772.0,62886.0,1.7872703244234132,39.36530156950915,255522.623497342,0.27540027194786537,0.0,0.0,1.0,inf,70371.0,inf,219.0,146.0,73.0,0.0,0.0,0.0,0.0,0.0,0.0
467.0,70524.0,196570.0,126046.0,63023.0,1.7872780897283194,39.36530156950915,255522.623497342,0.2759990447606437,0.0,0.0,1.0,inf,70524.0,inf,218.0,153.0,65.0,0.0,0.0,0.0,0.0,0.0,0.0
468.0,70664.0,196968.0,126304.0,63152.0,1.7873882033284274,39.36530156950915,255522.623497342,0.27654694145207487,0.0,0.0,1.0,inf,70664.0,inf,216.0,140.0,76.0,0.0,0.0,0.0,0.0,0.0,0.0
469.0,70817.0,197395.0,126578.0,63289.0,1.7873956818278096,39.36530156950915,255522.623497342,0.2771457142648532,0.0,0.0,1.0,inf,70817.0,inf,218.0,153.0,65.0,0.0,0.0,0.0,0.0,0.0,0.0
470.0,70959.0,197797.0,126838.0,63419.0,1.7874829126678786,39.36530156950915,255522.623497342,0.2777014380518762,0.0,0.0,1.0,inf,70959.0,inf,219.0,142.0,77.0,0.0,0.0,0.0,0.0,0.0,0.0
471.0,71089.0,198157.0,127068.0,63534.0,1.787449535089817,39.36530156950915,255522.623497342,0.27821019926534796,0.0,0.0,1.0,inf,71089.0,inf,217.0,130.0,87.0,0.0,0.0,0.0,0.0,0.0,0.0
472.0,71222.0,198540.0,127318.0,63659.0,1.787621802252113,39.36530156950915,255522.623497342,0.27873070112220755,0.0,0.0,1.0,inf,71222.0,inf,218.0,133.0,85.0,0.0,0.0,0.0,0.0,0.0,0.0
473.0,71367.0,198937.0,127570.0,63785.0,1.7875208429666372,39.36530156950915,255522.623497342,0.2792981655526184,0.0,0.0,1.0,inf,71367.0,inf,220.0,145.0,75.0,0.0,0.0,0.0,0.0,0.0,0.0
474.0,71505.0,199309.0,127804.0,63902.0,1.7873435424096218,39.36530156950915,255522.623497342,0.2798382351484577,0.0,0.0,1.0,inf,71505.0,inf,220.0,138.0,82.0,0.0,0.0,0.0,0.0,0.0,0.0
475.0,71638.0,199692.0,128054.0,64027.0,1.787515006002401,39.36530156950915,255522.623497342,0.28035873700531727,0.0,0.0,1.0,inf,71638.0,inf,218.0,133.0,85.0,0.0,0.0,0.0,0.0,0.0,0.0
476.0,71773.0,200059.0,128286.0,64143.0,1.7873852284285177,39.36530156950915,255522.623497342,0.2808870659577687,0.0,0.0,1.0,inf,71773.0,inf,216.0,135.0,81.0,0.0,0.0,0.0,0.0,0.0,0.0
477.0,71914.0,200448.0,128534.0,64267.0,1.7873293100091776,39.36530156950915,255522.623497342,0.2814388761969958,0.0,0.0,1.0,inf,71914.0,inf,219.0,141.0,78.0,0.0,0.0,0.0,0.0,0.0,0.0
478.0,72035.0,200785.0,128750.0,64375.0,1.7873256056083848,39.36530156950915,255522.623497342,0.28191241548030416,0.0,0.0,1.0,inf,72035.0,inf,216.0,121.0,95.0,0.0,0.0,0.0,0.0,0.0,0.0
479.0,72169.0,201137.0,128968.0,64484.0,1.7870276711607478,39.36530156950915,255522.623497342,0.2824368308849597,0.0,0.0,1.0,inf,72169.0,inf,218.0,134.0,84.0,0.0,0.0,0.0,0.0,0.0,0.0
480.0,72319.0,201567.0,129248.0,64624.0,1.7871928538834885,39.36530156950915,255522.623497342,0.2830238630543502,0.0,0.0,1.0,inf,72319.0,inf,220.0,150.0,70.0,0.0,0.0,0.0,0.0,0.0,0.0
481.0,72466.0,201980.0,129514.0,64757.0,1.7872381530648855,39.36530156950915,255522.623497342,0.2835991545803529,0.0,0.0,1.0,inf,72466.0,inf,220.0,147.0,73.0,0.0,0.0,0.0,0.0,0.0,0.0
482.0,72605.0,202367.0,129762.0,64881.0,1.7872322842779422,39.36530156950915,255522.623497342,0.2841431377239881,0.0,0.0,1.0,inf,72605.0,inf,219.0,139.0,80.0,0.0,0.0,0.0,0.0,0.0,0.0
483.0,72730.0,202716.0,129986.0,64993.0,1.787240478482057,39.36530156950915,255522.623497342,0.2846323311984802,0.0,0.0,1.0,inf,72730.0,inf,219.0,125.0,94.0,0.0,0.0,0.0,0.0,0.0,0.0
484.0,72874.0,203118.0,130244.0,65122.0,1.7872492246891896,39.36530156950915,255522.623497342,0.2851958820810951,0.0,0.0,1.0,inf,72874.0,inf,218.0,144.0,74.0,0.0,0.0,0.0,0.0,0.0,0.0
485.0,73011.0,203497.0,130486.0,65243.0,1.7872101464162935,39.36530156950915,255522.623497342,0.2857320381291384,0.0,0.0,1.0,inf,73011.0,inf,217.0,137.0,80.0,0.0,0.0,0.0,0.0,0.0,0.0
486.0,73147.0,203871.0,130724.0,65362.0,1.7871409627189085,39.36530156950915,255522.623497342,0.2862642806293858,0.0,0.0,1.0,inf,73147.0,inf,220.0,136.0,84.0,0.0,0.0,0.0,0.0,0.0,0.0
487.0,73275.0,204213.0,130938.0,65469.0,1.7869396110542477,39.36530156950915,255522.623497342,0.2867652147472657,0.0,0.0,1.0,inf,73275.0,inf,218.0,128.0,90.0,0.0,0.0,0.0,0.0,0.0,0.0
488.0,73404.0,204560.0,131156.0,65578.0,1.7867691133998147,39.36530156950915,255522.623497342,0.28727006241294156,0.0,0.0,1.0,inf,73404.0,inf,220.0,129.0,91.0,0.0,0.0,0.0,0.0,0.0,0.0
489.0,73529.0,204907.0,131378.0,65689.0,1.7867508058045125,39.36530156950915,255522.623497342,0.2877592558874337,0.0,0.0,1.0,inf,73529.0,inf,218.0,125.0,93.0,0.0,0.0,0.0,0.0,0.0,0.0
490.0,73666.0,205284.0,131618.0,65809.0,1.7866858523606548,39.36530156950915,255522.623497342,0.288295411935477,0.0,0.0,1.0,inf,73666.0,inf,219.0,137.0,82.0,0.0,0.0,0.0,0.0,0.0,0.0
491.0,73791.0,205641.0,131850.0,65925.0,1.7868032686913038,39.391580965926984,256034.70879712407,0.2882070182854398,0.0,0.0,1.0,inf,73791.0,inf,218.0,125.0,93.0,0.0,0.0,0.0,0.0,0.0,0.0
492.0,73928.0,206032.0,132104.0,66052.0,1.786927821664322,39.391580965926984,256034.70879712407,0.2887421019881286,0.0,0.0,1.0,inf,73928.0,inf,218.0,137.0,81.0,0.0,0.0,0.0,0.0,0.0,0.0
493.0,74059.0,206411.0,132352.0,66176.0,1.7871156780404813,39.391580965926984,256034.70879712407,0.28925375136807185,0.0,0.0,1.0,inf,74059.0,inf,219.0,131.0,88.0,0.0,0.0,0.0,0.0,0.0,0.0
494.0,74198.0,206800.0,132602.0,66301.0,1.787137119598911,39.391580965926984,256034.70879712407,0.28979664651167575,0.0,0.0,1.0,inf,74198.0,inf,220.0,139.0,81.0,0.0,0.0,0.0,0.0,0.0,0.0
495.0,74334.0,207162.0,132828.0,66414.0,1.7869077407377512,39.391580965926984,256034.70879712407,0.2903278244939069,0.0,0.0,1.0,inf,74334.0,inf,218.0,136.0,82.0,0.0,0.0,0.0,0.0,0.0,0.0
496.0,74472.0,207528.0,133056.0,66528.0,1.7866580728327426,39.391580965926984,256034.70879712407,0.2908668139170532,0.0,0.0,1.0,inf,74472.0,inf,217.0,138.0,79.0,0.0,0.0,0.0,0.0,0.0,0.0
497.0,74618.0,207940.0,133322.0,66661.0,1.786727063175105,39.391580965926984,256034.70879712407,0.2914370491038602,0.0,0.0,1.0,inf,74618.0,inf,218.0,146.0,72.0,0.0,0.0,0.0,0.0,0.0,0.0
498.0,74767.0,208359.0,133592.0,66796.0,1.7867775890432944,39.391580965926984,256034.70879712407,0.29201900145203996,0.0,0.0,1.0,inf,74767.0,inf,216.0,149.0,67.0,0.0,0.0,0.0,0.0,0.0,0.0
499.0,74910.0,208742.0,133832.0,66916.0,1.7865705513282606,39.391580965926984,256034.70879712407,0.2925775194774742,0.0,0.0,1.0,inf,74910.0,inf,219.0,143.0,76.0,0.0,0.0,0.0,0.0,0.0,0.0
500.0,75044.0,209124.0,134080.0,67040.0,1.7866851447151004,39.391580965926984,256034.70879712407,0.2931008860187902,0.0,0.0,1.0,inf,75044.0,inf,220.0,134.0,86.0,0.0,0.0,0.0,0.0,0.0,0.0
501.0,75169.0,209467.0,134298.0,67149.0,1.7866141627532626,39.391580965926984,256034.70879712407,0.29358910107598796,0.0,0.0,1.0,inf,75169.0,inf,218.0,125.0,93.0,0.0,0.0,0.0,0.0,0.0,0.0
502.0,75307.0,209837.0,134530.0,67265.0,1.7864209170462242,39.391580965926984,256034.70879712407,0.2941280904991343,0.0,0.0,1.0,inf,75307.0,inf,216.0,138.0,78.0,0.0,0.0,0.0,0.0,0.0,0.0
503.0,75435.0,210191.0,134756.0,67378.0,1.7863856300125935,39.391580965926984,256034.70879712407,0.2946280227177048,0.0,0.0,1.0,inf,75435.0,inf,219.0,128.0,91.0,0.0,0.0,0.0,0.0,0.0,0.0
504.0,75573.0,210569.0,134996.0,67498.0,1.7862993397112725,39.391580965926984,256034.70879712407,0.2951670121408511,0.0,0.0,1.0,inf,75573.0,inf,219.0,138.0,81.0,0.0,0.0,0.0,0.0,0.0,0.0
505.0,75716.0,210956.0,135240.0,67620.0,1.7861482381530984,39.391580965926984,256034.70879712407,0.29572553016628533,0.0,0.0,1.0,inf,75716.0,inf,218.0,143.0,75.0,0.0,0.0,0.0,0.0,0.0,0.0
506.0,75841.0,211299.0,135458.0,67729.0,1.7860787700584118,39.391580965926984,256034.70879712407,0.2962137452234831,0.0,0.0,1.0,inf,75841.0,inf,220.0,125.0,95.0,0.0,0.0,0.0,0.0,0.0,0.0
507.0,75985.0,211691.0,135706.0,67853.0,1.7859577548200303,39.620912536878166,260532.57439001257,0.29165258961534624,0.0,0.0,1.0,inf,75985.0,inf,218.0,144.0,74.0,0.0,0.0,0.0,0.0,0.0,0.0
508.0,76127.0,212077.0,135950.0,67975.0,1.785831570927529,39.620912536878166,260532.57439001257,0.2921976270270114,0.0,0.0,1.0,inf,76127.0,inf,218.0,142.0,76.0,0.0,0.0,0.0,0.0,0.0,0.0
509.0,76262.0,212458.0,136196.0,68098.0,1.7858959901392568,39.620912536878166,260532.57439001257,0.2927157963972565,0.0,0.0,1.0,inf,76262.0,inf,218.0,135.0,83.0,0.0,0.0,0.0,0.0,0.0,0.0
510.0,76403.0,212849.0,136446.0,68223.0,1.785872282501996,39.620912536878166,260532.57439001257,0.29325699551729023,0.0,0.0,1.0,inf,76403.0,inf,219.0,141.0,78.0,0.0,0.0,0.0,0.0,0.0,0.0
511.0,76542.0,213228.0,136686.0,68343.0,1.7857646782158816,39.620912536878166,260532.57439001257,0.2937905180540611,0.0,0.0,1.0,inf,76542.0,inf,218.0,139.0,79.0,0.0,0.0,0.0,0.0,0.0,0.0
512.0,76667.0,213583.0,136916.0,68458.0,1.7858531049865,39.620912536878166,260532.57439001257,0.2942703045079917,0.0,0.0,1.0,inf,76667.0,inf,219.0,125.0,94.0,0.0,0.0,0.0,0.0,0.0,0.0
513.0,76800.0,213942.0,137142.0,68571.0,1.785703125,39.620912536878166,260532.57439001257,0.29478079729497386,0.0,0.0,1.0,inf,76800.0,inf,219.0,133.0,86.0,0.0,0.0,0.0,0.0,0.0,0.0
514.0,76940.0,214336.0,137396.0,68698.0,1.7857551338705484,39.620912536878166,260532.57439001257,0.2953181581233762,0.0,0.0,1.0,inf,76940.0,inf,218.0,140.0,78.0,0.0,0.0,0.0,0.0,0.0,0.0
515.0,77062.0,214676.0,137614.0,68807.0,1.7857569229970673,39.82998094990689,264678.6466682533,0.2911530679563625,0.0,0.0,1.0,inf,77062.0,inf,220.0,122.0,98.0,0.0,0.0,0.0,0.0,0.0,0.0
516.0,77190.0,215030.0,137840.0,68920.0,1.7857235393185646,39.82998094990689,264678.6466682533,0.291636673270245,0.0,0.0,1.0,inf,77190.0,inf,220.0,128.0,92.0,0.0,0.0,0.0,0.0,0.0,0.0
517.0,77334.0,215442.0,138108.0,69054.0,1.7858639149662503,39.82998094990689,264678.6466682533,0.2921807292483628,0.0,0.0,1.0,inf,77334.0,inf,218.0,144.0,74.0,0.0,0.0,0.0,0.0,0.0,0.0
518.0,77452.0,215776.0,138324.0,69162.0,1.785931932035325,39.82998094990689,264678.6466682533,0.29262655289709827,0.0,0.0,1.0,inf,77452.0,inf,217.0,118.0,99.0,0.0,0.0,0.0,0.0,0.0,0.0
519.0,77580.0,216120.0,138540.0,69270.0,1.785769528228925,39.82998094990689,264678.6466682533,0.29311015821098074,0.0,0.0,1.0,inf,77580.0,inf,219.0,128.0,91.0,0.0,0.0,0.0,0.0,0.0,0.0
520.0,77716.0,216502.0,138786.0,69393.0,1.7858098718410624,39.82998094990689,264678.6466682533,0.29362398885698093,0.0,0.0,1.0,inf,77716.0,inf,220.0,136.0,84.0,0.0,0.0,0.0,0.0,0.0,0.0
521.0,77848.0,216862.0,139014.0,69507.0,1.7857106155585243,39.82998094990689,264678.6466682533,0.29412270683692227,0.0,0.0,1.0,inf,77848.0,inf,217.0,132.0,85.0,0.0,0.0,0.0,0.0,0.0,0.0
522.0,77977.0,217227.0,139250.0,69625.0,1.7857829872911244,39.82998094990689,264678.6466682533,0.2946100903173195,0.0,0.0,1.0,inf,77977.0,inf,217.0,129.0,88.0,0.0,0.0,0.0,0.0,0.0,0.0
523.0,78102.0,217578.0,139476.0,69738.0,1.785818544979642,39.82998094990689,264678.6466682533,0.2950823611316579,0.0,0.0,1.0,inf,78102.0,inf,218.0,125.0,93.0,0.0,0.0,0.0,0.0,0.0,0.0
524.0,78239.0,217971.0,139732.0,69866.0,1.7859635220286558,39.82998094990689,264678.6466682533,0.29559996994417276,0.0,0.0,1.0,inf,78239.0,inf,219.0,137.0,82.0,0.0,0.0,0.0,0.0,0.0,0.0
525.0,78367.0,218329.0,139962.0,69981.0,1.7859813441882424,39.82998094990689,264678.6466682533,0.2960835752580553,0.0,0.0,1.0,inf,78367.0,inf,220.0,128.0,92.0,0.0,0.0,0.0,0.0,0.0,0.0
526.0,78495.0,218689.0,140194.0,70097.0,1.7860245875533474,39.82998094990689,264678.6466682533,0.2965671805719378,0.0,0.0,1.0,inf,78495.0,inf,219.0,128.0,91.0,0.0,0.0,0.0,0.0,0.0,0.0
527.0,78639.0,219093.0,140454.0,70227.0,1.7860603517338725,39.82998094990689,264678.6466682533,0.2971112365500556,0.0,0.0,1.0,inf,78639.0,inf,218.0,144.0,74.0,0.0,0.0,0.0,0.0,0.0,0.0
528.0,78781.0,219505.0,140724.0,70362.0,1.7862682626521624,39.82998094990689,264678.6466682533,0.29764773619514406,0.0,0.0,1.0,inf,78781.0,inf,219.0,142.0,77.0,0.0,0.0,0.0,0.0,0.0,0.0
529.0,78916.0,219870.0,140954.0,70477.0,1.7861270211363982,39.82998094990689,264678.6466682533,0.2981577886746295,0.0,0.0,1.0,inf,78916.0,inf,219.0,135.0,84.0,0.0,0.0,0.0,0.0,0.0,0.0
530.0,79055.0,220267.0,141212.0,70606.0,1.7862500790588831,39.82998094990689,264678.6466682533,0.2986829538201738,0.0,0.0,1.0,inf,79055.0,inf,219.0,139.0,80.0,0.0,0.0,0.0,0.0,0.0,0.0
531.0,79186.0,220636.0,141450.0,70725.0,1.7863006086934559,39.82998094990689,264678.6466682533,0.2991778936336005,0.0,0.0,1.0,inf,79186.0,inf,220.0,131.0,89.0,0.0,0.0,0.0,0.0,0.0,0.0
532.0,79319.0,221015.0,141696.0,70848.0,1.7864067877809857,39.82998094990689,264678.6466682533,0.2996803897800565,0.0,0.0,1.0,inf,79319.0,inf,218.0,133.0,85.0,0.0,0.0,0.0,0.0,0.0,0.0
533.0,79450.0,221386.0,141936.0,70968.0,1.7864820641913153,39.82998094990689,264678.6466682533,0.30017532959348314,0.0,0.0,1.0,inf,79450.0,inf,217.0,131.0,86.0,0.0,0.0,0.0,0.0,0.0,0.0
534.0,79576.0,221732.0,142156.0,71078.0,1.7864180154820548,39.82998094990689,264678.6466682533,0.3006513785743362,0.0,0.0,1.0,inf,79576.0,inf,219.0,126.0,93.0,0.0,0.0,0.0,0.0,0.0,0.0
535.0,79713.0,222113.0,142400.0,71200.0,1.7864087413596277,39.82998094990689,264678.6466682533,0.3011689873868511,0.0,0.0,1.0,inf,79713.0,inf,219.0,137.0,82.0,0.0,0.0,0.0,0.0,0.0,0.0
536.0,79848.0,222500.0,142652.0,71326.0,1.7865444344254082,39.82998094990689,264678.6466682533,0.3016790398663366,0.0,0.0,1.0,inf,79848.0,inf,219.0,135.0,84.0,0.0,0.0,0.0,0.0,0.0,0.0
537.0,79976.0,222844.0,142868.0,71434.0,1.7863859157747324,39.86126807853512,265302.86550514534,0.3014517006732026,0.0,0.0,1.0,inf,79976.0,inf,219.0,128.0,91.0,0.0,0.0,0.0,0.0,0.0,0.0
538.0,80088.0,223156.0,143068.0,71534.0,1.7863849765258215,39.86126807853512,265302.86550514534,0.30187385970185365,0.0,0.0,1.0,inf,80088.0,inf,216.0,112.0,104.0,0.0,0.0,0.0,0.0,0.0,0.0
539.0,80230.0,223562.0,143332.0,71666.0,1.7865137729029041,39.86126807853512,265302.86550514534,0.30240909704175056,0.0,0.0,1.0,inf,80230.0,inf,219.0,142.0,77.0,0.0,0.0,0.0,0.0,0.0,0.0
540.0,80365.0,223937.0,143572.0,71786.0,1.7864990978659865,39.86126807853512,265302.86550514534,0.3029179494423568,0.0,0.0,1.0,inf,80365.0,inf,220.0,135.0,85.0,0.0,0.0,0.0,0.0,0.0,0.0
541.0,80496.0,224298.0,143802.0,71901.0,1.786449016100179,39.86126807853512,265302.86550514534,0.3034117247347969,0.0,0.0,1.0,inf,80496.0,inf,219.0,131.0,88.0,0.0,0.0,0.0,0.0,0.0,0.0
542.0,80622.0,224650.0,144028.0,72014.0,1.7864602713899431,39.86126807853512,265302.86550514534,0.3038866536420294,0.0,0.0,1.0,inf,80622.0,inf,217.0,126.0,91.0,0.0,0.0,0.0,0.0,0.0,0.0
543.0,80745.0,224999.0,144254.0,72127.0,1.7865378661217413,39.86126807853512,265302.86550514534,0.30435027471813725,0.0,0.0,1.0,inf,80745.0,inf,219.0,123.0,96.0,0.0,0.0,0.0,0.0,0.0,0.0
544.0,80875.0,225373.0,144498.0,72249.0,1.7866831530139105,39.86126807853512,265302.86550514534,0.3048402807335358,0.0,0.0,1.0,inf,80875.0,inf,218.0,130.0,88.0,0.0,0.0,0.0,0.0,0.0,0.0
545.0,81013.0,225771.0,144758.0,72379.0,1.786849024230679,39.86126807853512,265302.86550514534,0.3053604409652666,0.0,0.0,1.0,inf,81013.0,inf,219.0,138.0,81.0,0.0,0.0,0.0,0.0,0.0,0.0
546.0,81141.0,226125.0,144984.0,72492.0,1.7868155433134914,39.86126807853512,265302.86550514534,0.3058429084265821,0.0,0.0,1.0,inf,81141.0,inf,219.0,128.0,91.0,0.0,0.0,0.0,0.0,0.0,0.0
547.0,81282.0,226518.0,145236.0,72618.0,1.7868162692847125,39.86126807853512,265302.86550514534,0.3063743764894375,0.0,0.0,1.0,inf,81282.0,inf,219.0,141.0,78.0,0.0,0.0,0.0,0.0,0.0,0.0
548.0,81421.0,226891.0,145470.0,72735.0,1.7866398103683325,39.86126807853512,265302.86550514534,0.30689830599820983,0.0,0.0,1.0,inf,81421.0,inf,220.0,139.0,81.0,0.0,0.0,0.0,0.0,0.0,0.0
549.0,81553.0,227269.0,145716.0,72858.0,1.7867644353978394,39.86126807853512,265302.86550514534,0.3073958505676915,0.0,0.0,1.0,inf,81553.0,inf,217.0,132.0,85.0,0.0,0.0,0.0,0.0,0.0,0.0
550.0,81679.0,227617.0,145938.0,72969.0,1.7867260862645233,39.86126807853512,265302.86550514534,0.3078707794749239,0.0,0.0,1.0,inf,81679.0,inf,219.0,126.0,93.0,0.0,0.0,0.0,0.0,0.0,0.0
551.0,81815.0,228007.0,146192.0,73096.0,1.7868606001344496,39.86126807853512,265302.86550514534,0.3083834011525717,0.0,0.0,1.0,inf,81815.0,inf,217.0,136.0,81.0,0.0,0.0,0.0,0.0,0.0,0.0
552.0,81962.0,228414.0,146452.0,73226.0,1.786828042263488,39.86126807853512,265302.86550514534,0.3089374848776762,0.0,0.0,1.0,inf,81962.0,inf,218.0,147.0,71.0,0.0,0.0,0.0,0.0,0.0,0.0
553.0,82091.0,228775.0,146684.0,73342.0,1.786846304710626,39.86126807853512,265302.86550514534,0.30942372161603326,0.0,0.0,1.0,inf,82091.0,inf,219.0,129.0,90.0,0.0,0.0,0.0,0.0,0.0,0.0
554.0,82224.0,229156.0,146932.0,73466.0,1.7869721735746253,39.86126807853512,265302.86550514534,0.3099250354625564,0.0,0.0,1.0,inf,82224.0,inf,220.0,133.0,87.0,0.0,0.0,0.0,0.0,0.0,0.0
555.0,82345.0,229491.0,147146.0,73573.0,1.7869451697127938,39.86126807853512,265302.86550514534,0.31038111798458123,0.0,0.0,1.0,inf,82345.0,inf,220.0,121.0,99.0,0.0,0.0,0.0,0.0,0.0,0.0
556.0,82479.0,229875.0,147396.0,73698.0,1.7870730731458917,39.86126807853512,265302.86550514534,0.3108862011081459,0.0,0.0,1.0,inf,82479.0,inf,219.0,134.0,85.0,0.0,0.0,0.0,0.0,0.0,0.0
557.0,82621.0,230273.0,147652.0,73826.0,1.7871001319277182,39.86126807853512,265302.86550514534,0.3114214384480428,0.0,0.0,1.0,inf,82621.0,inf,218.0,142.0,76.0,0.0,0.0,0.0,0.0,0.0,0.0
558.0,82762.0,230664.0,147902.0,73951.0,1.7870761943887292,39.86126807853512,265302.86550514534,0.3119529065108982,0.0,0.0,1.0,inf,82762.0,inf,220.0,141.0,79.0,0.0,0.0,0.0,0.0,0.0,0.0
559.0,82893.0,231031.0,148138.0,74069.0,1.7870990312812904,39.86126807853512,265302.86550514534,0.3124466818033383,0.0,0.0,1.0,inf,82893.0,inf,216.0,131.0,85.0,0.0,0.0,0.0,0.0,0.0,0.0
560.0,83023.0,231391.0,148368.0,74184.0,1.7870710525998819,39.86126807853512,265302.86550514534,0.31293668781873685,0.0,0.0,1.0,inf,83023.0,inf,217.0,130.0,87.0,0.0,0.0,0.0,0.0,0.0,0.0
561.0,83158.0,231754.0,148596.0,74298.0,1.7869116621371366,39.86126807853512,265302.86550514534,0.31344554021934307,0.0,0.0,1.0,inf,83158.0,inf,220.0,135.0,85.0,0.0,0.0,0.0,0.0,0.0,0.0
562.0,83293.0,232133.0,148840.0,74420.0,1.7869448813225601,39.86126807853512,265302.86550514534,0.3139543926199493,0.0,0.0,1.0,inf,83293.0,inf,218.0,135.0,83.0,0.0,0.0,0.0,0.0,0.0,0.0
563.0,83416.0,232480.0,149064.0,74532.0,1.7869953006617436,40.39722856936948,276148.9041035779,0.3020689155757516,0.0,0.0,1.0,inf,83416.0,inf,218.0,123.0,95.0,0.0,0.0,0.0,0.0,0.0,0.0
564.0,83551.0,232857.0,149306.0,74653.0,1.7870043446517696,40.39722856936948,276148.9041035779,0.3025577822632304,0.0,0.0,1.0,inf,83551.0,inf,216.0,135.0,81.0,0.0,0.0,0.0,0.0,0.0,0.0
565.0,83686.0,233234.0,149548.0,74774.0,1.7870133594627535,40.39722856936948,276148.9041035779,0.3030466489507091,0.0,0.0,1.0,inf,83686.0,inf,220.0,135.0,85.0,0.0,0.0,0.0,0.0,0.0,0.0
566.0,83819.0,233619.0,149800.0,74900.0,1.787184289958124,40.39722856936948,276148.9041035779,0.3035282731687437,0.0,0.0,1.0,inf,83819.0,inf,219.0,133.0,86.0,0.0,0.0,0.0,0.0,0.0,0.0
567.0,83951.0,233995.0,150044.0,75022.0,1.787280675632214,40.39722856936948,276148.9041035779,0.3040062761520562,0.0,0.0,1.0,inf,83951.0,inf,220.0,132.0,88.0,0.0,0.0,0.0,0.0,0.0,0.0
568.0,84091.0,234385.0,150294.0,75147.0,1.7872780678074942,40.39722856936948,276148.9041035779,0.3045132490131453,0.0,0.0,1.0,inf,84091.0,inf,218.0,140.0,78.0,0.0,0.0,0.0,0.0,0.0,0.0
569.0,84232.0,234770.0,150538.0,75269.0,1.7871830183303257,40.39722856936948,276148.9041035779,0.3050238431089564,0.0,0.0,1.0,inf,84232.0,inf,218.0,141.0,77.0,0.0,0.0,0.0,0.0,0.0,0.0
570.0,84365.0,235149.0,150784.0,75392.0,1.7872814555799206,40.39722856936948,276148.9041035779,0.305505467326991,0.0,0.0,1.0,inf,84365.0,inf,218.0,133.0,85.0,0.0,0.0,0.0,0.0,0.0,0.0
571.0,84499.0,235529.0,151030.0,75515.0,1.7873584302772814,40.39722856936948,276148.9041035779,0.3059907127797477,0.0,0.0,1.0,inf,84499.0,inf,220.0,134.0,86.0,0.0,0.0,0.0,0.0,0.0,0.0
572.0,84637.0,235921.0,151284.0,75642.0,1.7874452071788933,40.39722856936948,276148.9041035779,0.3064904431713927,0.0,0.0,1.0,inf,84637.0,inf,217.0,138.0,79.0,0.0,0.0,0.0,0.0,0.0,0.0
573.0,84766.0,236284.0,151518.0,75759.0,1.78748554845103,40.39722856936948,276148.9041035779,0.306957582450539,0.0,0.0,1.0,inf,84766.0,inf,219.0,129.0,90.0,0.0,0.0,0.0,0.0,0.0,0.0
574.0,84898.0,236656.0,151758.0,75879.0,1.7875332752243869,40.39722856936948,276148.9041035779,0.3074355854338515,0.0,0.0,1.0,inf,84898.0,inf,217.0,132.0,85.0,0.0,0.0,0.0,0.0,0.0,0.0
575.0,85036.0,237042.0,152006.0,76003.0,1.787548802859965,40.39722856936948,276148.9041035779,0.3079353158254965,0.0,0.0,1.0,inf,85036.0,inf,220.0,138.0,82.0,0.0,0.0,0.0,0.0,0.0,0.0
576.0,85169.0,237411.0,152242.0,76121.0,1.7875283260341204,40.39722856936948,276148.9041035779,0.3084169400435311,0.0,0.0,1.0,inf,85169.0,inf,218.0,133.0,85.0,0.0,0.0,0.0,0.0,0.0,0.0
577.0,85304.0,237776.0,152472.0,76236.0,1.7873956672606208,40.39722856936948,276148.9041035779,0.3089058067310098,0.0,0.0,1.0,inf,85304.0,inf,220.0,135.0,85.0,0.0,0.0,0.0,0.0,0.0,0.0
578.0,85439.0,238153.0,152714.0,76357.0,1.7874038787907163,40.39722856936948,276148.9041035779,0.3093946734184886,0.0,0.0,1.0,inf,85439.0,inf,219.0,135.0,84.0,0.0,0.0,0.0,0.0,0.0,0.0
579.0,85581.0,238559.0,152978.0,76489.0,1.787522931491803,40.39722856936948,276148.9041035779,0.3099088887490218,0.0,0.0,1.0,inf,85581.0,inf,219.0,142.0,77.0,0.0,0.0,0.0,0.0,0.0,0.0
580.0,85709.0,238921.0,153212.0,76606.0,1.7875835676533387,40.39722856936948,276148.9041035779,0.310372406793446,0.0,0.0,1.0,inf,85709.0,inf,220.0,128.0,92.0,0.0,0.0,0.0,0.0,0.0,0.0
581.0,85846.0,239304.0,153458.0,76729.0,1.787596393541924,40.60822801713335,280498.61830032483,0.3060478533555065,0.0,0.0,1.0,inf,85846.0,inf,219.0,137.0,82.0,0.0,0.0,0.0,0.0,0.0,0.0
582.0,85982.0,239680.0,153698.0,76849.0,1.787560187015887,40.60822801713335,280498.61830032483,0.3065327042286555,0.0,0.0,1.0,inf,85982.0,inf,218.0,136.0,82.0,0.0,0.0,0.0,0.0,0.0,0.0
583.0,86108.0,240044.0,153936.0,76968.0,1.7877084591443304,40.60822801713335,280498.61830032483,0.3069819043023082,0.0,0.0,1.0,inf,86108.0,inf,219.0,126.0,93.0,0.0,0.0,0.0,0.0,0.0,0.0
584.0,86244.0,240434.0,154190.0,77095.0,1.7878345160243032,40.60822801713335,280498.61830032483,0.30746675517545724,0.0,0.0,1.0,inf,86244.0,inf,219.0,136.0,83.0,0.0,0.0,0.0,0.0,0.0,0.0
585.0,86383.0,240831.0,154448.0,77224.0,1.787944387205816,40.60822801713335,280498.61830032483,0.3079623012884551,0.0,0.0,1.0,inf,86383.0,inf,217.0,139.0,78.0,0.0,0.0,0.0,0.0,0.0,0.0
586.0,86530.0,241248.0,154718.0,77359.0,1.7880272737778804,40.60822801713335,280498.61830032483,0.30848636804104995,0.0,0.0,1.0,inf,86530.0,inf,218.0,147.0,71.0,0.0,0.0,0.0,0.0,0.0,0.0
587.0,86656.0,241608.0,154952.0,77476.0,1.7881277695716395,40.60822801713335,280498.61830032483,0.30893556811470274,0.0,0.0,1.0,inf,86656.0,inf,218.0,126.0,92.0,0.0,0.0,0.0,0.0,0.0,0.0
588.0,86793.0,241987.0,155194.0,77597.0,1.788093509845264,40.60822801713335,280498.61830032483,0.30942398406780136,0.0,0.0,1.0,inf,86793.0,inf,219.0,137.0,82.0,0.0,0.0,0.0,0.0,0.0,0.0
589.0,86923.0,242353.0,155430.0,77715.0,1.7881343257825892,40.60822801713335,280498.61830032483,0.3098874444612526,0.0,0.0,1.0,inf,86923.0,inf,218.0,130.0,88.0,0.0,0.0,0.0,0.0,0.0,0.0
590.0,87049.0,242707.0,155658.0,77829.0,1.788165286218107,40.60822801713335,280498.61830032483,0.31033664453490534,0.0,0.0,1.0,inf,87049.0,inf,218.0,126.0,92.0,0.0,0.0,0.0,0.0,0.0,0.0
591.0,87182.0,243082.0,155900.0,77950.0,1.788213163267647,40.60822801713335,280498.61830032483,0.31081080016820545,0.0,0.0,1.0,inf,87182.0,inf,216.0,133.0,83.0,0.0,0.0,0.0,0.0,0.0,0.0
592.0,87313.0,243451.0,156138.0,78069.0,1.7882560443462028,40.60822801713335,280498.61830032483,0.31127782564160633,0.0,0.0,1.0,inf,87313.0,inf,220.0,131.0,89.0,0.0,0.0,0.0,0.0,0.0,0.0
593.0,87443.0,243805.0,156362.0,78181.0,1.788159143670734,40.60822801713335,280498.61830032483,0.3117412860350576,0.0,0.0,1.0,inf,87443.0,inf,218.0,130.0,88.0,0.0,0.0,0.0,0.0,0.0,0.0
594.0,87566.0,244156.0,156590.0,78295.0,1.7882511477057306,40.60822801713335,280498.61830032483,0.31217979086886144,0.0,0.0,1.0,inf,87566.0,inf,220.0,123.0,97.0,0.0,0.0,0.0,0.0,0.0,0.0
595.0,87698.0,244520.0,156822.0,78411.0,1.7882049761682137,40.60822801713335,280498.61830032483,0.31265038142221196,0.0,0.0,1.0,inf,87698.0,inf,218.0,132.0,86.0,0.0,0.0,0.0,0.0,0.0,0.0
596.0,87815.0,244853.0,157038.0,78519.0,1.7882821841371064,40.84233436119962,285377.86105568137,0.30771482999820376,0.0,0.0,1.0,inf,87815.0,inf,220.0,117.0,103.0,0.0,0.0,0.0,0.0,0.0,0.0
597.0,87946.0,245218.0,157272.0,78636.0,1.7882791713096673,40.84233436119962,285377.86105568137,0.30817387051212236,0.0,0.0,1.0,inf,87946.0,inf,217.0,131.0,86.0,0.0,0.0,0.0,0.0,0.0,0.0
598.0,88089.0,245623.0,157534.0,78767.0,1.7883504183269194,40.84233436119962,285377.86105568137,0.30867496053876636,0.0,0.0,1.0,inf,88089.0,inf,220.0,143.0,77.0,0.0,0.0,0.0,0.0,0.0,0.0
599.0,88225.0,246001.0,157776.0,78888.0,1.788336639274582,40.84233436119962,285377.86105568137,0.30915152168298726,0.0,0.0,1.0,inf,88225.0,inf,219.0,136.0,83.0,0.0,0.0,0.0,0.0,0.0,0.0
600.0,88367.0,246403.0,158036.0,79018.0,1.788405173877126,40.855507180701366,285654.0776604895,0.30934968869944673,0.0,0.0,1.0,inf,88367.0,inf,219.0,142.0,77.0,0.0,0.0,0.0,0.0,0.0,0.0
601.0,88514.0,246808.0,158294.0,79147.0,1.7883498655579908,40.855507180701366,285654.0776604895,0.3098642971419515,0.0,0.0,1.0,inf,88514.0,inf,218.0,147.0,71.0,0.0,0.0,0.0,0.0,0.0,0.0
602.0,88655.0,247215.0,158560.0,79280.0,1.7885060064294174,40.855507180701366,285654.0776604895,0.3103579011582316,0.0,0.0,1.0,inf,88655.0,inf,220.0,141.0,79.0,0.0,0.0,0.0,0.0,0.0,0.0
603.0,88785.0,247581.0,158796.0,79398.0,1.788545362392296,40.855507180701366,285654.0776604895,0.3108129970597664,0.0,0.0,1.0,inf,88785.0,inf,218.0,130.0,88.0,0.0,0.0,0.0,0.0,0.0,0.0
604.0,88911.0,247941.0,159030.0,79515.0,1.788642575159429,40.855507180701366,285654.0776604895,0.31125409001048476,0.0,0.0,1.0,inf,88911.0,inf,218.0,126.0,92.0,0.0,0.0,0.0,0.0,0.0,0.0
605.0,89047.0,248321.0,159274.0,79637.0,1.7886509371455523,40.855507180701366,285654.0776604895,0.3117301903382443,0.0,0.0,1.0,inf,89047.0,inf,217.0,136.0,81.0,0.0,0.0,0.0,0.0,0.0,0.0
606.0,89173.0,248669.0,159496.0,79748.0,1.7886131452345442,40.855507180701366,285654.0776604895,0.31217128328896265,0.0,0.0,1.0,inf,89173.0,inf,220.0,126.0,94.0,0.0,0.0,0.0,0.0,0.0,0.0
607.0,89314.0,249064.0,159750.0,79875.0,1.7886333609512506,40.855507180701366,285654.0776604895,0.3126648873052427,0.0,0.0,1.0,inf,89314.0,inf,217.0,141.0,76.0,0.0,0.0,0.0,0.0,0.0,0.0
608.0,89442.0,249420.0,159978.0,79989.0,1.7886227946602267,40.855507180701366,285654.0776604895,0.3131129817313693,0.0,0.0,1.0,inf,89442.0,inf,219.0,128.0,91.0,0.0,0.0,0.0,0.0,0.0,0.0
609.0,89578.0,249808.0,160230.0,80115.0,1.7887204447520597,40.855507180701366,285654.0776604895,0.31358908205912883,0.0,0.0,1.0,inf,89578.0,inf,218.0,136.0,82.0,0.0,0.0,0.0,0.0,0.0,0.0
610.0,89713.0,250191.0,160478.0,80239.0,1.7887931514942093,41.176545070451695,292441.04150119954,0.30677294657231624,0.0,0.0,1.0,inf,89713.0,inf,220.0,135.0,85.0,0.0,0.0,0.0,0.0,0.0,0.0
611.0,89852.0,250588.0,160736.0,80368.0,1.788897297778569,41.176545070451695,292441.04150119954,0.30724825605448214,0.0,0.0,1.0,inf,89852.0,inf,218.0,139.0,79.0,0.0,0.0,0.0,0.0,0.0,0.0
612.0,89984.0,250966.0,160982.0,80491.0,1.789006934566145,41.176545070451695,292441.04150119954,0.30769962908790593,0.0,0.0,1.0,inf,89984.0,inf,218.0,132.0,86.0,0.0,0.0,0.0,0.0,0.0,0.0
613.0,90115.0,251331.0,161216.0,80608.0,1.7890029406869001,41.176545070451695,292441.04150119954,0.3081475826286522,0.0,0.0,1.0,inf,90115.0,inf,218.0,131.0,87.0,0.0,0.0,0.0,0.0,0.0,0.0
614.0,90239.0,251673.0,161434.0,80717.0,1.7889604273096997,41.176545070451695,292441.04150119954,0.30857159972065634,0.0,0.0,1.0,inf,90239.0,inf,217.0,124.0,93.0,0.0,0.0,0.0,0.0,0.0,0.0
615.0,90383.0,252071.0,161688.0,80844.0,1.7889204828341614,41.176545070451695,292441.04150119954,0.30906400666620953,0.0,0.0,1.0,inf,90383.0,inf,220.0,144.0,76.0,0.0,0.0,0.0,0.0,0.0,0.0
616.0,90537.0,252511.0,161974.0,80987.0,1.7890365265029766,41.176545070451695,292441.04150119954,0.30959060853853726,0.0,0.0,1.0,inf,90537.0,inf,219.0,154.0,65.0,0.0,0.0,0.0,0.0,0.0,0.0
617.0,90670.0,252878.0,162208.0,81104.0,1.7889930517260395,41.176545070451695,292441.04150119954,0.3100454010646385,0.0,0.0,1.0,inf,90670.0,inf,220.0,133.0,87.0,0.0,0.0,0.0,0.0,0.0,0.0
618.0,90807.0,253255.0,162448.0,81224.0,1.7889369762243,41.176545070451695,292441.04150119954,0.3105138715614495,0.0,0.0,1.0,inf,90807.0,inf,216.0,137.0,79.0,0.0,0.0,0.0,0.0,0.0,0.0
619.0,90947.0,253647.0,162700.0,81350.0,1.7889540061794231,41.176545070451695,292441.04150119954,0.3109926005362929,0.0,0.0,1.0,inf,90947.0,inf,219.0,140.0,79.0,0.0,0.0,0.0,0.0,0.0,0.0
620.0,91087.0,254051.0,162964.0,81482.0,1.7891027259652859,41.176545070451695,292441.04150119954,0.31147132951113626,0.0,0.0,1.0,inf,91087.0,inf,220.0,140.0,80.0,0.0,0.0,0.0,0.0,0.0,0.0
621.0,91234.0,254460.0,163226.0,81613.0,1.7890917859569897,41.176545070451695,292441.04150119954,0.31197399493472183,0.0,0.0,1.0,inf,91234.0,inf,214.0,147.0,67.0,0.0,0.0,0.0,0.0,0.0,0.0
622.0,91376.0,254844.0,163468.0,81734.0,1.7889599019436175,41.176545070451695,292441.04150119954,0.3124595628949201,0.0,0.0,1.0,inf,91376.0,inf,219.0,142.0,77.0,0.0,0.0,0.0,0.0,0.0,0.0
623.0,91506.0,255208.0,163702.0,81851.0,1.7889755863003518,41.176545070451695,292441.04150119954,0.312904096942989,0.0,0.0,1.0,inf,91506.0,inf,218.0,130.0,88.0,0.0,0.0,0.0,0.0,0.0,0.0
624.0,91657.0,255627.0,163970.0,81985.0,1.788952289514167,41.176545070451695,292441.04150119954,0.31342044033728433,0.0,0.0,1.0,inf,91657.0,inf,220.0,151.0,69.0,0.0,0.0,0.0,0.0,0.0,0.0
625.0,91797.0,256027.0,164230.0,82115.0,1.7890562872425024,41.176545070451695,292441.04150119954,0.3138991693121277,0.0,0.0,1.0,inf,91797.0,inf,216.0,140.0,76.0,0.0,0.0,0.0,0.0,0.0,0.0
626.0,91923.0,256387.0,164464.0,82232.0,1.7891496143511416,41.176545070451695,292441.04150119954,0.31433002538948673,0.0,0.0,1.0,inf,91923.0,inf,218.0,126.0,92.0,0.0,0.0,0.0,0.0,0.0,0.0
627.0,92055.0,256749.0,164694.0,82347.0,1.7890826136548803,41.176545070451695,292441.04150119954,0.31478139842291053,0.0,0.0,1.0,inf,92055.0,inf,217.0,132.0,85.0,0.0,0.0,0.0,0.0,0.0,0.0
628.0,92181.0,257107.0,164926.0,82463.0,1.7891539471257634,41.176545070451695,292441.04150119954,0.3152122545002696,0.0,0.0,1.0,inf,92181.0,inf,217.0,126.0,91.0,0.0,0.0,0.0,0.0,0.0,0.0
629.0,92315.0,257483.0,165168.0,82584.0,1.789178356713427,41.176545070451695,292441.04150119954,0.31567046651904823,0.0,0.0,1.0,inf,92315.0,inf,220.0,134.0,86.0,0.0,0.0,0.0,0.0,0.0,0.0
630.0,92451.0,257871.0,165420.0,82710.0,1.7892721549793944,41.176545070451695,292441.04150119954,0.3161355175231818,0.0,0.0,1.0,inf,92451.0,inf,219.0,136.0,83.0,0.0,0.0,0.0,0.0,0.0,0.0
631.0,92583.0,258239.0,165656.0,82828.0,1.7892701683894452,41.176545070451695,292441.04150119954,0.31658689055660555,0.0,0.0,1.0,inf,92583.0,inf,219.0,132.0,87.0,0.0,0.0,0.0,0.0,0.0,0.0
632.0,92707.0,258585.0,165878.0,82939.0,1.7892715760406441,41.176545070451695,292441.04150119954,0.3170109076486097,0.0,0.0,1.0,inf,92707.0,inf,219.0,124.0,95.0,0.0,0.0,0.0,0.0,0.0,0.0
633.0,92841.0,258957.0,166116.0,83058.0,1.7892525931431156,41.176545070451695,292441.04150119954,0.31746911966738833,0.0,0.0,1.0,inf,92841.0,inf,216.0,134.0,82.0,0.0,0.0,0.0,0.0,0.0,0.0
634.0,92972.0,259310.0,166338.0,83169.0,1.78911930473691,41.176545070451695,292441.04150119954,0.31791707320813467,0.0,0.0,1.0,inf,92972.0,inf,220.0,131.0,89.0,0.0,0.0,0.0,0.0,0.0,0.0
635.0,93113.0,259697.0,166584.0,83292.0,1.7890520120713542,41.176545070451695,292441.04150119954,0.3183992216756555,0.0,0.0,1.0,inf,93113.0,inf,218.0,141.0,77.0,0.0,0.0,0.0,0.0,0.0,0.0
636.0,93240.0,260054.0,166814.0,83407.0,1.789081939081939,41.176545070451695,292441.04150119954,0.318833497245692,0.0,0.0,1.0,inf,93240.0,inf,219.0,127.0,92.0,0.0,0.0,0.0,0.0,0.0,0.0
637.0,93370.0,260412.0,167042.0,83521.0,1.7890328799400235,41.176545070451695,292441.04150119954,0.31927803129376087,0.0,0.0,1.0,inf,93370.0,inf,217.0,130.0,87.0,0.0,0.0,0.0,0.0,0.0,0.0
638.0,93485.0,260733.0,167248.0,83624.0,1.789035674172327,41.176545070451695,292441.04150119954,0.3196712729516679,0.0,0.0,1.0,inf,93485.0,inf,217.0,115.0,102.0,0.0,0.0,0.0,0.0,0.0,0.0
639.0,93618.0,261116.0,167498.0,83749.0,1.7891644769168322,41.176545070451695,292441.04150119954,0.3201260654777691,0.0,0.0,1.0,inf,93618.0,inf,219.0,133.0,86.0,0.0,0.0,0.0,0.0,0.0,0.0
640.0,93755.0,261505.0,167750.0,83875.0,1.78923790731161,41.176545070451695,292441.04150119954,0.32059453597458015,0.0,0.0,1.0,inf,93755.0,inf,220.0,137.0,83.0,0.0,0.0,0.0,0.0,0.0,0.0
641.0,93897.0,261885.0,167988.0,83994.0,1.789066743346433,41.19056237231808,292739.80114466505,0.3207524212042432,0.0,0.0,1.0,inf,93897.0,inf,218.0,142.0,76.0,0.0,0.0,0.0,0.0,0.0,0.0
642.0,94048.0,262312.0,168264.0,84132.0,1.789128955427016,41.19056237231808,292739.80114466505,0.32126823763716267,0.0,0.0,1.0,inf,94048.0,inf,220.0,151.0,69.0,0.0,0.0,0.0,0.0,0.0,0.0
643.0,94182.0,262684.0,168502.0,84251.0,1.7891104457327303,41.19056237231808,292739.80114466505,0.3217259820213429,0.0,0.0,1.0,inf,94182.0,inf,220.0,134.0,86.0,0.0,0.0,0.0,0.0,0.0,0.0
644.0,94320.0,263074.0,168754.0,84377.0,1.789164546225615,42.12518836390167,313122.42866168165,0.30122403049546354,0.0,0.0,1.0,inf,94320.0,inf,217.0,138.0,79.0,0.0,0.0,0.0,0.0,0.0,0.0
645.0,94474.0,263502.0,169028.0,84514.0,1.7891483371086225,42.12518836390167,313122.42866168165,0.3017158509014888,0.0,0.0,1.0,inf,94474.0,inf,220.0,154.0,66.0,0.0,0.0,0.0,0.0,0.0,0.0
646.0,94634.0,263958.0,169324.0,84662.0,1.789251220491578,42.12518836390167,313122.42866168165,0.302226833141515,0.0,0.0,1.0,inf,94634.0,inf,217.0,160.0,57.0,0.0,0.0,0.0,0.0,0.0,0.0
647.0,94774.0,264350.0,169576.0,84788.0,1.7892670985713381,42.12518836390167,313122.42866168165,0.30267394260153796,0.0,0.0,1.0,inf,94774.0,inf,220.0,140.0,80.0,0.0,0.0,0.0,0.0,0.0,0.0
648.0,94923.0,264775.0,169852.0,84926.0,1.7893661178007438,42.12518836390167,313122.42866168165,0.3031497948125624,0.0,0.0,1.0,inf,94923.0,inf,217.0,149.0,68.0,0.0,0.0,0.0,0.0,0.0,0.0
649.0,95067.0,265193.0,170126.0,85063.0,1.789537904846056,42.12518836390167,313122.42866168165,0.303609678828586,0.0,0.0,1.0,inf,95067.0,inf,217.0,144.0,73.0,0.0,0.0,0.0,0.0,0.0,0.0
650.0,95206.0,265584.0,170378.0,85189.0,1.7895720857929123,42.12518836390167,313122.42866168165,0.3040535946496088,0.0,0.0,1.0,inf,95206.0,inf,212.0,139.0,73.0,0.0,0.0,0.0,0.0,0.0,0.0
651.0,95339.0,265957.0,170618.0,85309.0,1.7895929262945909,42.12518836390167,313122.42866168165,0.3044783486366306,0.0,0.0,1.0,inf,95339.0,inf,218.0,133.0,85.0,0.0,0.0,0.0,0.0,0.0,0.0
652.0,95474.0,266324.0,170850.0,85425.0,1.7894924272576826,42.12518836390167,313122.42866168165,0.30490948990165273,0.0,0.0,1.0,inf,95474.0,inf,220.0,135.0,85.0,0.0,0.0,0.0,0.0,0.0,0.0
653.0,95616.0,266728.0,171112.0,85556.0,1.7895749665327978,42.12518836390167,313122.42866168165,0.30536298663967604,0.0,0.0,1.0,inf,95616.0,inf,215.0,142.0,73.0,0.0,0.0,0.0,0.0,0.0,0.0
654.0,95754.0,267122.0,171368.0,85684.0,1.7896693610710779,42.12518836390167,313122.42866168165,0.30580370882169866,0.0,0.0,1.0,inf,95754.0,inf,217.0,138.0,79.0,0.0,0.0,0.0,0.0,0.0,0.0
655.0,95905.0,267541.0,171636.0,85818.0,1.7896460038579844,42.12518836390167,313122.42866168165,0.30628594831072337,0.0,0.0,1.0,inf,95905.0,inf,216.0,151.0,65.0,0.0,0.0,0.0,0.0,0.0,0.0
656.0,96052.0,267950.0,171898.0,85949.0,1.789634781160205,42.12518836390167,313122.42866168165,0.3067554132437475,0.0,0.0,1.0,inf,96052.0,inf,219.0,147.0,72.0,0.0,0.0,0.0,0.0,0.0,0.0
657.0,96196.0,268368.0,172172.0,86086.0,1.7898041498607011,42.12518836390167,313122.42866168165,0.3072152972597711,0.0,0.0,1.0,inf,96196.0,inf,219.0,144.0,75.0,0.0,0.0,0.0,0.0,0.0,0.0
658.0,96348.0,268790.0,172442.0,86221.0,1.7897828704280316,42.12518836390167,313122.42866168165,0.307700730387796,0.0,0.0,1.0,inf,96348.0,inf,218.0,152.0,66.0,0.0,0.0,0.0,0.0,0.0,0.0
659.0,96500.0,269222.0,172722.0,86361.0,1.7898652849740933,42.12518836390167,313122.42866168165,0.30818616351582095,0.0,0.0,1.0,inf,96500.0,inf,219.0,152.0,67.0,0.0,0.0,0.0,0.0,0.0,0.0
660.0,96639.0,269617.0,172978.0,86489.0,1.789939879344778,42.12518836390167,313122.42866168165,0.3086300793368437,0.0,0.0,1.0,inf,96639.0,inf,216.0,139.0,77.0,0.0,0.0,0.0,0.0,0.0,0.0
661.0,96787.0,270027.0,173240.0,86620.0,1.7899098019362105,42.12518836390167,313122.42866168165,0.309102737908868,0.0,0.0,1.0,inf,96787.0,inf,216.0,148.0,68.0,0.0,0.0,0.0,0.0,0.0,0.0
662.0,96931.0,270445.0,173514.0,86757.0,1.790077477793482,42.12518836390167,313122.42866168165,0.3095626219248916,0.0,0.0,1.0,inf,96931.0,inf,219.0,144.0,75.0,0.0,0.0,0.0,0.0,0.0,0.0
663.0,97076.0,270844.0,173768.0,86884.0,1.7900201903663109,42.12518836390167,313122.42866168165,0.3100256995799154,0.0,0.0,1.0,inf,97076.0,inf,218.0,145.0,73.0,0.0,0.0,0.0,0.0,0.0,0.0
664.0,97223.0,271249.0,174026.0,87013.0,1.789967394546558,42.12518836390167,313122.42866168165,0.31049516451293946,0.0,0.0,1.0,inf,97223.0,inf,216.0,147.0,69.0,0.0,0.0,0.0,0.0,0.0,0.0
665.0,97365.0,271629.0,174264.0,87132.0,1.789801263287629,42.12518836390167,313122.42866168165,0.31094866125096277,0.0,0.0,1.0,inf,97365.0,inf,218.0,142.0,76.0,0.0,0.0,0.0,0.0,0.0,0.0
666.0,97509.0,272039.0,174530.0,87265.0,1.7898860617994237,42.12518836390167,313122.42866168165,0.31140854526698636,0.0,0.0,1.0,inf,97509.0,inf,219.0,144.0,75.0,0.0,0.0,0.0,0.0,0.0,0.0
667.0,97658.0,272456.0,174798.0,87399.0,1.7898994450019456,42.12518836390167,313122.42866168165,0.3118843974780108,0.0,0.0,1.0,inf,97658.0,inf,218.0,149.0,69.0,0.0,0.0,0.0,0.0,0.0,0.0
668.0,97811.0,272887.0,175076.0,87538.0,1.789941826583922,42.12518836390167,313122.42866168165,0.3123730242450359,0.0,0.0,1.0,inf,97811.0,inf,216.0,153.0,63.0,0.0,0.0,0.0,0.0,0.0,0.0
669.0,97958.0,273302.0,175344.0,87672.0,1.7899916290655178,42.12518836390167,313122.42866168165,0.31284248917805996,0.0,0.0,1.0,inf,97958.0,inf,218.0,147.0,71.0,0.0,0.0,0.0,0.0,0.0,0.0
670.0,98098.0,273698.0,175600.0,87800.0,1.7900466880058716,42.12518836390167,313122.42866168165,0.3132895986380829,0.0,0.0,1.0,inf,98098.0,inf,218.0,140.0,78.0,0.0,0.0,0.0,0.0,0.0,0.0
671.0,98243.0,274113.0,175870.0,87935.0,1.790152987999145,42.12518836390167,313122.42866168165,0.3137526762931067,0.0,0.0,1.0,inf,98243.0,inf,218.0,145.0,73.0,0.0,0.0,0.0,0.0,0.0,0.0
672.0,98383.0,274511.0,176128.0,88064.0,1.7902279865423905,42.12518836390167,313122.42866168165,0.3141997857531297,0.0,0.0,1.0,inf,98383.0,inf,218.0,140.0,78.0,0.0,0.0,0.0,0.0,0.0,0.0
673.0,98526.0,274916.0,176390.0,88195.0,1.790288857763433,42.12518836390167,313122.42866168165,0.3146564761301531,0.0,0.0,1.0,inf,98526.0,inf,218.0,143.0,75.0,0.0,0.0,0.0,0.0,0.0,0.0
674.0,98678.0,275344.0,176666.0,88333.0,1.7903281379841505,42.12518836390167,313122.42866168165,0.31514190925817803,0.0,0.0,1.0,inf,98678.0,inf,220.0,152.0,68.0,0.0,0.0,0.0,0.0,0.0,0.0
675.0,98826.0,275758.0,176932.0,88466.0,1.7903385748689615,42.12518836390167,313122.42866168165,0.3156145678302023,0.0,0.0,1.0,inf,98826.0,inf,220.0,148.0,72.0,0.0,0.0,0.0,0.0,0.0,0.0
676.0,98956.0,276120.0,177164.0,88582.0,1.79033105622701,42.12518836390167,313122.42866168165,0.3160297409002236,0.0,0.0,1.0,inf,98956.0,inf,218.0,130.0,88.0,0.0,0.0,0.0,0.0,0.0,0.0
677.0,99104.0,276532.0,177428.0,88714.0,1.7903212786567646,42.12518836390167,313122.42866168165,0.31650239947224784,0.0,0.0,1.0,inf,99104.0,inf,219.0,148.0,71.0,0.0,0.0,0.0,0.0,0.0,0.0
678.0,99231.0,276897.0,177666.0,88833.0,1.7904283943525712,42.12518836390167,313122.42866168165,0.31690799162526867,0.0,0.0,1.0,inf,99231.0,inf,219.0,127.0,92.0,0.0,0.0,0.0,0.0,0.0,0.0
679.0,99368.0,277280.0,177912.0,88956.0,1.7904355526930198,42.12518836390167,313122.42866168165,0.31734552016829115,0.0,0.0,1.0,inf,99368.0,inf,219.0,137.0,82.0,0.0,0.0,0.0,0.0,0.0,0.0
680.0,99508.0,277684.0,178176.0,89088.0,1.7905696024440245,42.12518836390167,313122.42866168165,0.3177926296283141,0.0,0.0,1.0,inf,99508.0,inf,218.0,140.0,78.0,0.0,0.0,0.0,0.0,0.0,0.0
681.0,99655.0,278095.0,178440.0,89220.0,1.7905774923486026,42.12518836390167,313122.42866168165,0.3182620945613382,0.0,0.0,1.0,inf,99655.0,inf,219.0,147.0,72.0,0.0,0.0,0.0,0.0,0.0,0.0
682.0,99798.0,278500.0,178702.0,89351.0,1.7906370869155694,42.12518836390167,313122.42866168165,0.31871878493836164,0.0,0.0,1.0,inf,99798.0,inf,219.0,143.0,76.0,0.0,0.0,0.0,0.0,0.0,0.0
683.0,99936.0,278890.0,178954.0,89477.0,1.7906860390650017,42.12518836390167,313122.42866168165,0.31915950712038427,0.0,0.0,1.0,inf,99936.0,inf,218.0,138.0,80.0,0.0,0.0,0.0,0.0,0.0,0.0
684.0,100076.0,279284.0,179208.0,89604.0,1.7907190535193254,42.12518836390167,313122.42866168165,0.31960661658040723,0.0,0.0,1.0,inf,100076.0,inf,217.0,140.0,77.0,0.0,0.0,0.0,0.0,0.0,0.0
685.0,100221.0,279701.0,179480.0,89740.0,1.7908422386525777,42.12518836390167,313122.42866168165,0.32006969423543097,0.0,0.0,1.0,inf,100221.0,inf,217.0,145.0,72.0,0.0,0.0,0.0,0.0,0.0,0.0
686.0,100366.0,280112.0,179746.0,89873.0,1.790905286650858,42.12518836390167,313122.42866168165,0.32053277189045476,0.0,0.0,1.0,inf,100366.0,inf,218.0,145.0,73.0,0.0,0.0,0.0,0.0,0.0,0.0
687.0,100506.0,280512.0,180006.0,90003.0,1.7909975523849322,42.12518836390167,313122.42866168165,0.3209798813504777,0.0,0.0,1.0,inf,100506.0,inf,219.0,140.0,79.0,0.0,0.0,0.0,0.0,0.0,0.0
688.0,100642.0,280886.0,180244.0,90122.0,1.7909421513880885,42.12518836390167,313122.42866168165,0.3214142162545,0.0,0.0,1.0,inf,100642.0,inf,220.0,136.0,84.0,0.0,0.0,0.0,0.0,0.0,0.0
689.0,100785.0,281299.0,180514.0,90257.0,1.7910800218286451,42.12518836390167,313122.42866168165,0.32187090663152346,0.0,0.0,1.0,inf,100785.0,inf,216.0,143.0,73.0,0.0,0.0,0.0,0.0,0.0,0.0
690.0,100919.0,281679.0,180760.0,90380.0,1.7911394286507,42.12518836390167,313122.42866168165,0.32229885425754545,0.0,0.0,1.0,inf,100919.0,inf,219.0,134.0,85.0,0.0,0.0,0.0,0.0,0.0,0.0
691.0,101056.0,282050.0,180994.0,90497.0,1.7910267574414187,42.12518836390167,313122.42866168165,0.3227363828005679,0.0,0.0,1.0,inf,101056.0,inf,219.0,137.0,82.0,0.0,0.0,0.0,0.0,0.0,0.0
692.0,101188.0,282404.0,181216.0,90608.0,1.7908842945803851,42.12518836390167,313122.42866168165,0.32315794314858953,0.0,0.0,1.0,inf,101188.0,inf,215.0,132.0,83.0,0.0,0.0,0.0,0.0,0.0,0.0
693.0,101318.0,282764.0,181446.0,90723.0,1.7908565111826131,42.12518836390167,313122.42866168165,0.32357311621861085,0.0,0.0,1.0,inf,101318.0,inf,217.0,130.0,87.0,0.0,0.0,0.0,0.0,0.0,0.0
694.0,101455.0,283149.0,181694.0,90847.0,1.7908826573357646,42.12518836390167,313122.42866168165,0.3240106447616333,0.0,0.0,1.0,inf,101455.0,inf,220.0,137.0,83.0,0.0,0.0,0.0,0.0,0.0,0.0
695.0,101597.0,283559.0,181962.0,90981.0,1.791017451302696,42.12518836390167,313122.42866168165,0.3244641414996566,0.0,0.0,1.0,inf,101597.0,inf,219.0,142.0,77.0,0.0,0.0,0.0,0.0,0.0,0.0
696.0,101730.0,283936.0,182206.0,91103.0,1.7910744126609652,42.12518836390167,313122.42866168165,0.3248888954866784,0.0,0.0,1.0,inf,101730.0,inf,219.0,133.0,86.0,0.0,0.0,0.0,0.0,0.0,0.0
697.0,101871.0,284317.0,182446.0,91223.0,1.7909513011553828,42.12518836390167,313122.42866168165,0.3253391985857015,0.0,0.0,1.0,inf,101871.0,inf,217.0,141.0,76.0,0.0,0.0,0.0,0.0,0.0,0.0
698.0,102013.0,284711.0,182698.0,91349.0,1.790928607138306,42.12518836390167,313122.42866168165,0.3257926953237248,0.0,0.0,1.0,inf,102013.0,inf,219.0,142.0,77.0,0.0,0.0,0.0,0.0,0.0,0.0
699.0,102137.0,285055.0,182918.0,91459.0,1.7909082898459912,42.12518836390167,313122.42866168165,0.32618870655974513,0.0,0.0,1.0,inf,102137.0,inf,217.0,124.0,93.0,0.0,0.0,0.0,0.0,0.0,0.0
700.0,102291.0,285469.0,183178.0,91589.0,1.790753829760194,42.12518836390167,313122.42866168165,0.3266805269657704,0.0,0.0,1.0,inf,102291.0,inf,219.0,154.0,65.0,0.0,0.0,0.0,0.0,0.0,0.0
