t,site_subsystems,total_subsystems,interface_subsystems,n_links,mean_degree,frontier_radius,volume_proxy,density,energy_remaining,energy_density,creation_rate_modifier,memory_total,memory_bound,memory_free,birth_attempts,births_accepted,births_reject_exclusion,births_reject_memory,births_reject_energy,deaths_attempted,deaths_executed,links_attempted_random,links_added_random
0.0,2.0,4.0,2.0,1.0,1.0,0.1534351955229981,0.015130858942083752,132.18020256849803,0.0,0.0,1.0,inf,2.0,inf,0.0,0.0,0.0,0.0,0.0,0.0,0.0,0.0,0.0
1.0,2.0,4.0,2.0,1.0,1.0,0.1534351955229981,0.015130858942083752,132.18020256849803,0.0,0.0,1.0,inf,2.0,inf,0.0,0.0,0.0,0.0,0.0,0.0,0.0,0.0,0.0
2.0,218.0,602.0,384.0,192.0,1.761467889908257,13.26584695740214,9778.979989620138,0.02229271357865496,0.0,0.0,1.0,inf,218.0,inf,220.0,216.0,4.0,0.0,0.0,0.0,0.0,0.0,0.0
3.0,218.0,602.0,384.0,192.0,1.761467889908257,13.26584695740214,9778.979989620138,0.02229271357865496,0.0,0.0,1.0,inf,218.0,inf,0.0,0.0,0.0,0.0,0.0,0.0,0.0,0.0,0.0
4.0,430.0,1192.0,762.0,381.0,1.7720930232558139,15.726914256089541,16293.67938372631,0.02639060152548923,0.0,0.0,1.0,inf,430.0,inf,220.0,212.0,8.0,0.0,0.0,0.0,0.0,0.0,0.0
5.0,430.0,1192.0,762.0,381.0,1.7720930232558139,15.726914256089541,16293.67938372631,0.02639060152548923,0.0,0.0,1.0,inf,430.0,inf,0.0,0.0,0.0,0.0,0.0,0.0,0.0,0.0,0.0
6.0,635.0,1743.0,1108.0,554.0,1.7448818897637794,16.358949485554096,18338.121396250834,0.03462732012068715,0.0,0.0,1.0,inf,635.0,inf,220.0,205.0,15.0,0.0,0.0,0.0,0.0,0.0,0.0
7.0,700.0,1892.0,1192.0,596.0,1.7028571428571428,16.358949485554096,18338.121396250834,0.03817184895193859,0.0,0.0,1.0,inf,700.0,inf,68.0,65.0,3.0,0.0,0.0,0.0,0.0,0.0,0.0
8.0,850.0,2300.0,1450.0,725.0,1.7058823529411764,17.309625925963896,21724.593402527382,0.03912616380203982,0.0,0.0,1.0,inf,850.0,inf,169.0,150.0,19.0,0.0,0.0,0.0,0.0,0.0,0.0
9.0,1001.0,2705.0,1704.0,852.0,1.7022977022977024,17.309625925963896,21724.593402527382,0.046076811724519835,0.0,0.0,1.0,inf,1001.0,inf,161.0,151.0,10.0,0.0,0.0,0.0,0.0,0.0,0.0
10.0,1138.0,3080.0,1942.0,971.0,1.7065026362038664,18.190359453447673,25212.299213101676,0.04513670055956791,0.0,0.0,1.0,inf,1138.0,inf,151.0,137.0,14.0,0.0,0.0,0.0,0.0,0.0,0.0
11.0,1269.0,3437.0,2168.0,1084.0,1.7084318360914106,18.310752641537125,25716.223808271687,0.04934628075494595,0.0,0.0,1.0,inf,1269.0,inf,141.0,131.0,10.0,0.0,0.0,0.0,0.0,0.0,0.0
12.0,1425.0,3861.0,2436.0,1218.0,1.7094736842105263,18.682647796674754,27315.16882773084,0.052168815392907804,0.0,0.0,1.0,inf,1425.0,inf,161.0,156.0,5.0,0.0,0.0,0.0,0.0,0.0,0.0
13.0,1555.0,4213.0,2658.0,1329.0,1.7093247588424438,19.078349135821348,29087.80738906215,0.053458824833415415,0.0,0.0,1.0,inf,1555.0,inf,140.0,130.0,10.0,0.0,0.0,0.0,0.0,0.0,0.0
14.0,1721.0,4663.0,2942.0,1471.0,1.7094712376525276,19.078349135821348,29087.80738906215,0.05916568330437809,0.0,0.0,1.0,inf,1721.0,inf,181.0,166.0,15.0,0.0,0.0,0.0,0.0,0.0,0.0
15.0,1874.0,5062.0,3188.0,1594.0,1.7011739594450372,19.11056482791663,29235.409326199162,0.0641003510192219,0.0,0.0,1.0,inf,1874.0,inf,164.0,153.0,11.0,0.0,0.0,0.0,0.0,0.0,0.0
16.0,2037.0,5505.0,3468.0,1734.0,1.7025036818851251,20.09141247008038,33971.91418117771,0.05996129594394799,0.0,0.0,1.0,inf,2037.0,inf,178.0,163.0,15.0,0.0,0.0,0.0,0.0,0.0,0.0
17.0,2185.0,5911.0,3726.0,1863.0,1.7052631578947368,20.27404994214815,34906.80864406883,0.06259523814621945,0.0,0.0,1.0,inf,2185.0,inf,162.0,148.0,14.0,0.0,0.0,0.0,0.0,0.0,0.0
18.0,2333.0,6319.0,3986.0,1993.0,1.7085297899699956,20.27404994214815,34906.80864406883,0.06683509867054004,0.0,0.0,1.0,inf,2333.0,inf,165.0,148.0,17.0,0.0,0.0,0.0,0.0,0.0,0.0
19.0,2496.0,6766.0,4270.0,2135.0,1.7107371794871795,20.27404994214815,34906.80864406883,0.07150467478854176,0.0,0.0,1.0,inf,2496.0,inf,178.0,163.0,15.0,0.0,0.0,0.0,0.0,0.0,0.0
20.0,2640.0,7154.0,4514.0,2257.0,1.709848484848485,20.27404994214815,34906.80864406883,0.07562994448788071,0.0,0.0,1.0,inf,2640.0,inf,165.0,144.0,21.0,0.0,0.0,0.0,0.0,0.0,0.0
21.0,2805.0,7599.0,4794.0,2397.0,1.709090909090909,20.818615361595434,37795.85145083075,0.0742144942454616,0.0,0.0,1.0,inf,2805.0,inf,185.0,165.0,20.0,0.0,0.0,0.0,0.0,0.0,0.0
22.0,2975.0,8059.0,5084.0,2542.0,1.7089075630252102,20.818615361595434,37795.85145083075,0.07871234238155018,0.0,0.0,1.0,inf,2975.0,inf,190.0,170.0,20.0,0.0,0.0,0.0,0.0,0.0,0.0
23.0,3139.0,8493.0,5354.0,2677.0,1.7056387384517362,20.818615361595434,37795.85145083075,0.08305144293636504,0.0,0.0,1.0,inf,3139.0,inf,189.0,164.0,25.0,0.0,0.0,0.0,0.0,0.0,0.0
24.0,3314.0,8978.0,5664.0,2832.0,1.7091128545564274,21.020165162924922,38904.24411267354,0.08518350826717189,0.0,0.0,1.0,inf,3314.0,inf,192.0,175.0,17.0,0.0,0.0,0.0,0.0,0.0,0.0
25.0,3473.0,9417.0,5944.0,2972.0,1.7114886265476534,21.020165162924922,38904.24411267354,0.08927046596617018,0.0,0.0,1.0,inf,3473.0,inf,184.0,159.0,25.0,0.0,0.0,0.0,0.0,0.0,0.0
26.0,3639.0,9855.0,6216.0,3108.0,1.708161582852432,21.020165162924922,38904.24411267354,0.09353735262047028,0.0,0.0,1.0,inf,3639.0,inf,191.0,166.0,25.0,0.0,0.0,0.0,0.0,0.0,0.0
27.0,3797.0,10277.0,6480.0,3240.0,1.7066104819594416,21.020165162924922,38904.24411267354,0.09759860618299689,0.0,0.0,1.0,inf,3797.0,inf,191.0,158.0,33.0,0.0,0.0,0.0,0.0,0.0,0.0
28.0,3971.0,10757.0,6786.0,3393.0,1.7088894485016368,21.020165162924922,38904.24411267354,0.10207112592907047,0.0,0.0,1.0,inf,3971.0,inf,201.0,174.0,27.0,0.0,0.0,0.0,0.0,0.0,0.0
29.0,4144.0,11220.0,7076.0,3538.0,1.7075289575289576,21.020165162924922,38904.24411267354,0.10651794153867239,0.0,0.0,1.0,inf,4144.0,inf,206.0,173.0,33.0,0.0,0.0,0.0,0.0,0.0,0.0
30.0,4315.0,11697.0,7382.0,3691.0,1.7107763615295482,21.731214666029334,42987.34421455476,0.10037838063368931,0.0,0.0,1.0,inf,4315.0,inf,197.0,171.0,26.0,0.0,0.0,0.0,0.0,0.0,0.0
31.0,4486.0,12170.0,7684.0,3842.0,1.712884529647793,21.884456829957482,43903.17462865006,0.10217939905130584,0.0,0.0,1.0,inf,4486.0,inf,198.0,171.0,27.0,0.0,0.0,0.0,0.0,0.0,0.0
32.0,4655.0,12645.0,7990.0,3995.0,1.7164339419978518,22.226232154522055,45992.40798112163,0.10121235665483583,0.0,0.0,1.0,inf,4655.0,inf,187.0,169.0,18.0,0.0,0.0,0.0,0.0,0.0,0.0
33.0,4830.0,13138.0,8308.0,4154.0,1.7200828157349897,22.226232154522055,45992.40798112163,0.1050173324689274,0.0,0.0,1.0,inf,4830.0,inf,198.0,175.0,23.0,0.0,0.0,0.0,0.0,0.0,0.0
34.0,4983.0,13585.0,8602.0,4301.0,1.7262693156732891,23.153525828989466,51992.41783106272,0.09584089772841688,0.0,0.0,1.0,inf,4983.0,inf,174.0,153.0,21.0,0.0,0.0,0.0,0.0,0.0,0.0
35.0,5147.0,14041.0,8894.0,4447.0,1.7279968913930446,23.153525828989466,51992.41783106272,0.09899520381460199,0.0,0.0,1.0,inf,5147.0,inf,172.0,164.0,8.0,0.0,0.0,0.0,0.0,0.0,0.0
36.0,5307.0,14483.0,9176.0,4588.0,1.7290371207838704,23.457162563459832,54064.854949522516,0.09815988602863845,0.0,0.0,1.0,inf,5307.0,inf,174.0,160.0,14.0,0.0,0.0,0.0,0.0,0.0,0.0
37.0,5460.0,14898.0,9438.0,4719.0,1.7285714285714286,23.457162563459832,54064.854949522516,0.10098982056083776,0.0,0.0,1.0,inf,5460.0,inf,166.0,153.0,13.0,0.0,0.0,0.0,0.0,0.0,0.0
38.0,5626.0,15346.0,9720.0,4860.0,1.727692854603626,23.57021212713686,54850.309517010224,0.10257006841967337,0.0,0.0,1.0,inf,5626.0,inf,181.0,166.0,15.0,0.0,0.0,0.0,0.0,0.0,0.0
39.0,5781.0,15757.0,9976.0,4988.0,1.725653001210863,23.57021212713686,54850.309517010224,0.1053959412609548,0.0,0.0,1.0,inf,5781.0,inf,177.0,155.0,22.0,0.0,0.0,0.0,0.0,0.0,0.0
40.0,5948.0,16220.0,10272.0,5136.0,1.726967047747142,24.460973031672538,61306.96201313006,0.09701997627489879,0.0,0.0,1.0,inf,5948.0,inf,182.0,167.0,15.0,0.0,0.0,0.0,0.0,0.0,0.0
41.0,6097.0,16627.0,10530.0,5265.0,1.7270788912579957,24.460973031672538,61306.96201313006,0.09945036909012406,0.0,0.0,1.0,inf,6097.0,inf,167.0,149.0,18.0,0.0,0.0,0.0,0.0,0.0,0.0
42.0,6258.0,17050.0,10792.0,5396.0,1.724512623841483,24.460973031672538,61306.96201313006,0.10207649823946144,0.0,0.0,1.0,inf,6258.0,inf,181.0,161.0,20.0,0.0,0.0,0.0,0.0,0.0,0.0
43.0,6425.0,17521.0,11096.0,5548.0,1.7270038910505836,24.48749360977641,61506.58524626338,0.10446035939526213,0.0,0.0,1.0,inf,6425.0,inf,184.0,167.0,17.0,0.0,0.0,0.0,0.0,0.0,0.0
44.0,6568.0,17910.0,11342.0,5671.0,1.7268574908647991,24.48749360977641,61506.58524626338,0.1067853136977559,0.0,0.0,1.0,inf,6568.0,inf,178.0,143.0,35.0,0.0,0.0,0.0,0.0,0.0,0.0
45.0,6738.0,18378.0,11640.0,5820.0,1.7275155832591274,24.48749360977641,61506.58524626338,0.10954924538603522,0.0,0.0,1.0,inf,6738.0,inf,191.0,170.0,21.0,0.0,0.0,0.0,0.0,0.0,0.0
46.0,6902.0,18828.0,11926.0,5963.0,1.7279049550854824,24.66241534478919,62834.10477332192,0.10984480522002199,0.0,0.0,1.0,inf,6902.0,inf,188.0,164.0,24.0,0.0,0.0,0.0,0.0,0.0,0.0
47.0,7072.0,19292.0,12220.0,6110.0,1.7279411764705883,24.66241534478919,62834.10477332192,0.11255034229440677,0.0,0.0,1.0,inf,7072.0,inf,197.0,170.0,27.0,0.0,0.0,0.0,0.0,0.0,0.0
48.0,7230.0,19728.0,12498.0,6249.0,1.728630705394191,24.935664908953036,64945.8595173171,0.11132349396457214,0.0,0.0,1.0,inf,7230.0,inf,192.0,158.0,34.0,0.0,0.0,0.0,0.0,0.0,0.0
49.0,7403.0,20213.0,12810.0,6405.0,1.7303795758476292,24.935664908953036,64945.8595173171,0.11398725115072303,0.0,0.0,1.0,inf,7403.0,inf,191.0,173.0,18.0,0.0,0.0,0.0,0.0,0.0,0.0
50.0,7563.0,20665.0,13102.0,6551.0,1.7323813301599895,24.935664908953036,64945.8595173171,0.11645084161190306,0.0,0.0,1.0,inf,7563.0,inf,187.0,160.0,27.0,0.0,0.0,0.0,0.0,0.0,0.0
51.0,7730.0,21126.0,13396.0,6698.0,1.7329883570504527,25.259722705154104,67510.96958369066,0.11449991086881706,0.0,0.0,1.0,inf,7730.0,inf,195.0,167.0,28.0,0.0,0.0,0.0,0.0,0.0,0.0
52.0,7907.0,21607.0,13700.0,6850.0,1.7326419628177565,25.548123379194188,69849.87347431638,0.11319991872150469,0.0,0.0,1.0,inf,7907.0,inf,202.0,177.0,25.0,0.0,0.0,0.0,0.0,0.0,0.0
53.0,8084.0,22100.0,14016.0,7008.0,1.7337951509153884,25.548123379194188,69849.87347431638,0.11573392474322042,0.0,0.0,1.0,inf,8084.0,inf,202.0,177.0,25.0,0.0,0.0,0.0,0.0,0.0,0.0
54.0,8255.0,22565.0,14310.0,7155.0,1.7334948516050879,25.548123379194188,69849.87347431638,0.11818203225572545,0.0,0.0,1.0,inf,8255.0,inf,198.0,171.0,27.0,0.0,0.0,0.0,0.0,0.0,0.0
55.0,8423.0,23029.0,14606.0,7303.0,1.7340614982785232,25.548123379194188,69849.87347431638,0.12058719051362514,0.0,0.0,1.0,inf,8423.0,inf,197.0,168.0,29.0,0.0,0.0,0.0,0.0,0.0,0.0
56.0,8595.0,23499.0,14904.0,7452.0,1.7340314136125654,26.175525169484807,75123.32829763014,0.11441186372823607,0.0,0.0,1.0,inf,8595.0,inf,198.0,172.0,26.0,0.0,0.0,0.0,0.0,0.0,0.0
57.0,8769.0,23979.0,15210.0,7605.0,1.7345193294560384,26.175525169484807,75123.32829763014,0.1167280550358234,0.0,0.0,1.0,inf,8769.0,inf,193.0,174.0,19.0,0.0,0.0,0.0,0.0,0.0,0.0
58.0,8934.0,24436.0,15502.0,7751.0,1.7351690172375196,26.218919459379176,75497.5707415098,0.1183349333263771,0.0,0.0,1.0,inf,8934.0,inf,189.0,165.0,24.0,0.0,0.0,0.0,0.0,0.0,0.0
59.0,9114.0,24936.0,15822.0,7911.0,1.7360105332455562,26.343103656195897,76575.42777328589,0.11901990318596053,0.0,0.0,1.0,inf,9114.0,inf,204.0,180.0,24.0,0.0,0.0,0.0,0.0,0.0,0.0
60.0,9278.0,25376.0,16098.0,8049.0,1.7350722138391894,26.343103656195897,76575.42777328589,0.12116158237429689,0.0,0.0,1.0,inf,9278.0,inf,197.0,164.0,33.0,0.0,0.0,0.0,0.0,0.0,0.0
61.0,9447.0,25833.0,16386.0,8193.0,1.7345188948872658,26.343103656195897,76575.42777328589,0.12336855665983862,0.0,0.0,1.0,inf,9447.0,inf,205.0,169.0,36.0,0.0,0.0,0.0,0.0,0.0,0.0
62.0,9622.0,26326.0,16704.0,8352.0,1.7360216171274163,26.94803031907128,81972.78516116177,0.11738042060035857,0.0,0.0,1.0,inf,9622.0,inf,195.0,175.0,20.0,0.0,0.0,0.0,0.0,0.0,0.0
63.0,9798.0,26810.0,17012.0,8506.0,1.7362727087160645,26.94803031907128,81972.78516116177,0.11952747464584423,0.0,0.0,1.0,inf,9798.0,inf,198.0,176.0,22.0,0.0,0.0,0.0,0.0,0.0,0.0
64.0,9972.0,27300.0,17328.0,8664.0,1.7376654632972321,26.99766716425292,82426.58860914106,0.12098037985396026,0.0,0.0,1.0,inf,9972.0,inf,199.0,174.0,25.0,0.0,0.0,0.0,0.0,0.0,0.0
65.0,10135.0,27761.0,17626.0,8813.0,1.739121854958066,26.99766716425292,82426.58860914106,0.1229578970938515,0.0,0.0,1.0,inf,10135.0,inf,193.0,163.0,30.0,0.0,0.0,0.0,0.0,0.0,0.0
66.0,10301.0,28217.0,17916.0,8958.0,1.7392486166391612,26.99766716425292,82426.58860914106,0.12497181035656284,0.0,0.0,1.0,inf,10301.0,inf,199.0,166.0,33.0,0.0,0.0,0.0,0.0,0.0,0.0
67.0,10469.0,28677.0,18208.0,9104.0,1.7392301079377208,26.99766716425292,82426.58860914106,0.12700998763448756,0.0,0.0,1.0,inf,10469.0,inf,203.0,168.0,35.0,0.0,0.0,0.0,0.0,0.0,0.0
68.0,10639.0,29149.0,18510.0,9255.0,1.7398251715386785,26.99766716425292,82426.58860914106,0.12907242892762566,0.0,0.0,1.0,inf,10639.0,inf,208.0,170.0,38.0,0.0,0.0,0.0,0.0,0.0,0.0
69.0,10803.0,29609.0,18806.0,9403.0,1.740812737202629,26.99766716425292,82426.58860914106,0.1310620781751236,0.0,0.0,1.0,inf,10803.0,inf,205.0,164.0,41.0,0.0,0.0,0.0,0.0,0.0,0.0
70.0,10976.0,30098.0,19122.0,9561.0,1.74216472303207,26.99766716425292,82426.58860914106,0.1331609154910818,0.0,0.0,1.0,inf,10976.0,inf,201.0,173.0,28.0,0.0,0.0,0.0,0.0,0.0,0.0
71.0,11142.0,30562.0,19420.0,9710.0,1.7429545862502245,26.99766716425292,82426.58860914106,0.13517482875379314,0.0,0.0,1.0,inf,11142.0,inf,202.0,166.0,36.0,0.0,0.0,0.0,0.0,0.0,0.0
72.0,11305.0,31015.0,19710.0,9855.0,1.7434763379035825,26.99766716425292,82426.58860914106,0.1371523459936844,0.0,0.0,1.0,inf,11305.0,inf,208.0,163.0,45.0,0.0,0.0,0.0,0.0,0.0,0.0
73.0,11476.0,31484.0,20008.0,10004.0,1.7434646218194494,26.99766716425292,82426.58860914106,0.1392269192944292,0.0,0.0,1.0,inf,11476.0,inf,211.0,171.0,40.0,0.0,0.0,0.0,0.0,0.0,0.0
74.0,11641.0,31925.0,20284.0,10142.0,1.7424619878017353,27.15853196623193,83908.7944883957,0.13873396788711953,0.0,0.0,1.0,inf,11641.0,inf,211.0,165.0,46.0,0.0,0.0,0.0,0.0,0.0,0.0
75.0,11808.0,32386.0,20578.0,10289.0,1.7427168021680217,27.15853196623193,83908.7944883957,0.14072422410541255,0.0,0.0,1.0,inf,11808.0,inf,211.0,167.0,44.0,0.0,0.0,0.0,0.0,0.0,0.0
76.0,11978.0,32854.0,20876.0,10438.0,1.7428619135080983,27.15853196623193,83908.7944883957,0.1427502334294234,0.0,0.0,1.0,inf,11978.0,inf,213.0,170.0,43.0,0.0,0.0,0.0,0.0,0.0,0.0
77.0,12138.0,33278.0,21140.0,10570.0,1.7416378316032295,27.15853196623193,83908.7944883957,0.14465706573437478,0.0,0.0,1.0,inf,12138.0,inf,209.0,160.0,49.0,0.0,0.0,0.0,0.0,0.0,0.0
78.0,12303.0,33727.0,21424.0,10712.0,1.741363894984963,27.15853196623193,83908.7944883957,0.1466234865488559,0.0,0.0,1.0,inf,12303.0,inf,210.0,165.0,45.0,0.0,0.0,0.0,0.0,0.0,0.0
79.0,12469.0,34191.0,21722.0,10861.0,1.7420803592910419,27.4176907350396,86333.87406148037,0.14442766684048644,0.0,0.0,1.0,inf,12469.0,inf,213.0,166.0,47.0,0.0,0.0,0.0,0.0,0.0,0.0
80.0,12634.0,34644.0,22010.0,11005.0,1.7421244261516542,27.4176907350396,86333.87406148037,0.1463388517814344,0.0,0.0,1.0,inf,12634.0,inf,207.0,165.0,42.0,0.0,0.0,0.0,0.0,0.0,0.0
81.0,12800.0,35108.0,22308.0,11154.0,1.7428125,27.4176907350396,86333.87406148037,0.14826161966141843,0.0,0.0,1.0,inf,12800.0,inf,208.0,166.0,42.0,0.0,0.0,0.0,0.0,0.0,0.0
82.0,12969.0,35579.0,22610.0,11305.0,1.743388079265942,27.77135937750949,89718.09113032371,0.14455278569359378,0.0,0.0,1.0,inf,12969.0,inf,210.0,169.0,41.0,0.0,0.0,0.0,0.0,0.0,0.0
83.0,13126.0,36000.0,22874.0,11437.0,1.7426481791863477,27.955027061503262,91509.95890655441,0.14343794005419283,0.0,0.0,1.0,inf,13126.0,inf,213.0,157.0,56.0,0.0,0.0,0.0,0.0,0.0,0.0
84.0,13286.0,36444.0,23158.0,11579.0,1.7430377841336746,27.955027061503262,91509.95890655441,0.1451863836324856,0.0,0.0,1.0,inf,13286.0,inf,208.0,160.0,48.0,0.0,0.0,0.0,0.0,0.0,0.0
85.0,13451.0,36897.0,23446.0,11723.0,1.7430674299308602,27.955027061503262,91509.95890655441,0.1469894660726,0.0,0.0,1.0,inf,13451.0,inf,211.0,165.0,46.0,0.0,0.0,0.0,0.0,0.0,0.0
86.0,13614.0,37354.0,23740.0,11870.0,1.7437931541060674,27.955027061503262,91509.95890655441,0.14877069296798576,0.0,0.0,1.0,inf,13614.0,inf,212.0,163.0,49.0,0.0,0.0,0.0,0.0,0.0,0.0
87.0,13777.0,37809.0,24032.0,12016.0,1.744356536256079,27.955027061503262,91509.95890655441,0.15055191986337152,0.0,0.0,1.0,inf,13777.0,inf,212.0,163.0,49.0,0.0,0.0,0.0,0.0,0.0,0.0
88.0,13950.0,38294.0,24344.0,12172.0,1.7450896057347671,27.955027061503262,91509.95890655441,0.15244242448240056,0.0,0.0,1.0,inf,13950.0,inf,210.0,173.0,37.0,0.0,0.0,0.0,0.0,0.0,0.0
89.0,14108.0,38732.0,24624.0,12312.0,1.7453926850014176,27.955027061503262,91509.95890655441,0.15416901251596468,0.0,0.0,1.0,inf,14108.0,inf,215.0,158.0,57.0,0.0,0.0,0.0,0.0,0.0,0.0
90.0,14263.0,39163.0,24900.0,12450.0,1.7457757834957583,27.955027061503262,91509.95890655441,0.15586281723243578,0.0,0.0,1.0,inf,14263.0,inf,209.0,155.0,54.0,0.0,0.0,0.0,0.0,0.0,0.0
91.0,14423.0,39617.0,25194.0,12597.0,1.7467933162310199,28.22941278496783,94231.0742233879,0.153059912760925,0.0,0.0,1.0,inf,14423.0,inf,199.0,160.0,39.0,0.0,0.0,0.0,0.0,0.0,0.0
92.0,14594.0,40092.0,25498.0,12749.0,1.7471563656297109,28.22941278496783,94231.0742233879,0.15487460076495455,0.0,0.0,1.0,inf,14594.0,inf,216.0,171.0,45.0,0.0,0.0,0.0,0.0,0.0,0.0
93.0,14771.0,40583.0,25812.0,12906.0,1.74747816667795,28.22941278496783,94231.0742233879,0.15675296203228337,0.0,0.0,1.0,inf,14771.0,inf,212.0,177.0,35.0,0.0,0.0,0.0,0.0,0.0,0.0
94.0,14925.0,41015.0,26090.0,13045.0,1.748073701842546,28.384847641643784,95796.20653589383,0.1557994887240943,0.0,0.0,1.0,inf,14925.0,inf,208.0,154.0,54.0,0.0,0.0,0.0,0.0,0.0,0.0
95.0,15086.0,41462.0,26376.0,13188.0,1.7483759777276946,28.384847641643784,95796.20653589383,0.15748013982523865,0.0,0.0,1.0,inf,15086.0,inf,211.0,161.0,50.0,0.0,0.0,0.0,0.0,0.0,0.0
96.0,15248.0,41920.0,26672.0,13336.0,1.7492130115424973,28.384847641643784,95796.20653589383,0.15917122975309816,0.0,0.0,1.0,inf,15248.0,inf,210.0,162.0,48.0,0.0,0.0,0.0,0.0,0.0,0.0
97.0,15403.0,42343.0,26940.0,13470.0,1.7490099331299098,28.384847641643784,95796.20653589383,0.1607892478939514,0.0,0.0,1.0,inf,15403.0,inf,210.0,155.0,55.0,0.0,0.0,0.0,0.0,0.0,0.0
98.0,15560.0,42796.0,27236.0,13618.0,1.7503856041131105,28.384847641643784,95796.20653589383,0.162428143688235,0.0,0.0,1.0,inf,15560.0,inf,214.0,157.0,57.0,0.0,0.0,0.0,0.0,0.0,0.0
99.0,15722.0,43234.0,27512.0,13756.0,1.7499045922910572,28.384847641643784,95796.20653589383,0.1641192336160945,0.0,0.0,1.0,inf,15722.0,inf,214.0,162.0,52.0,0.0,0.0,0.0,0.0,0.0,0.0
100.0,15876.0,43666.0,27790.0,13895.0,1.7504409171075839,28.384847641643784,95796.20653589383,0.1657268129302326,0.0,0.0,1.0,inf,15876.0,inf,210.0,154.0,56.0,0.0,0.0,0.0,0.0,0.0,0.0
101.0,16031.0,44091.0,28060.0,14030.0,1.7503586800573887,28.500005458225274,96966.88376168028,0.16532448376293174,0.0,0.0,1.0,inf,16031.0,inf,210.0,155.0,55.0,0.0,0.0,0.0,0.0,0.0,0.0
102.0,16196.0,44542.0,28346.0,14173.0,1.7501852309212151,28.500005458225274,96966.88376168028,0.16702609562874696,0.0,0.0,1.0,inf,16196.0,inf,215.0,165.0,50.0,0.0,0.0,0.0,0.0,0.0,0.0
103.0,16363.0,45017.0,28654.0,14327.0,1.7511458778952516,28.500005458225274,96966.88376168028,0.1687483330929357,0.0,0.0,1.0,inf,16363.0,inf,214.0,167.0,47.0,0.0,0.0,0.0,0.0,0.0,0.0
104.0,16525.0,45477.0,28952.0,14476.0,1.7520121028744327,28.500005458225274,96966.88376168028,0.17041900656119063,0.0,0.0,1.0,inf,16525.0,inf,214.0,162.0,52.0,0.0,0.0,0.0,0.0,0.0,0.0
105.0,16683.0,45919.0,29236.0,14618.0,1.752442606245879,28.500005458225274,96966.88376168028,0.17204842883269852,0.0,0.0,1.0,inf,16683.0,inf,212.0,158.0,54.0,0.0,0.0,0.0,0.0,0.0,0.0
106.0,16847.0,46379.0,29532.0,14766.0,1.752953048020419,28.500005458225274,96966.88376168028,0.17373972789932698,0.0,0.0,1.0,inf,16847.0,inf,215.0,164.0,51.0,0.0,0.0,0.0,0.0,0.0,0.0
107.0,17008.0,46824.0,29816.0,14908.0,1.753057384760113,28.691255115611746,98932.10521085071,0.17191588073205774,0.0,0.0,1.0,inf,17008.0,inf,215.0,161.0,54.0,0.0,0.0,0.0,0.0,0.0,0.0
108.0,17155.0,47231.0,30076.0,15038.0,1.7531914893617022,28.691255115611746,98932.10521085071,0.17340174823368124,0.0,0.0,1.0,inf,17155.0,inf,213.0,147.0,66.0,0.0,0.0,0.0,0.0,0.0,0.0
109.0,17326.0,47706.0,30380.0,15190.0,1.7534341452152833,28.691255115611746,98932.10521085071,0.1751302063478147,0.0,0.0,1.0,inf,17326.0,inf,214.0,171.0,43.0,0.0,0.0,0.0,0.0,0.0,0.0
110.0,17490.0,48150.0,30660.0,15330.0,1.7530017152658661,28.691255115611746,98932.10521085071,0.17678790886663276,0.0,0.0,1.0,inf,17490.0,inf,212.0,164.0,48.0,0.0,0.0,0.0,0.0,0.0,0.0
111.0,17657.0,48625.0,30968.0,15484.0,1.753865322534972,29.235530569370244,104669.83725220604,0.16869234216400636,0.0,0.0,1.0,inf,17657.0,inf,215.0,167.0,48.0,0.0,0.0,0.0,0.0,0.0,0.0
112.0,17806.0,49032.0,31226.0,15613.0,1.7536785353251714,29.235530569370244,104669.83725220604,0.17011586592129452,0.0,0.0,1.0,inf,17806.0,inf,214.0,149.0,65.0,0.0,0.0,0.0,0.0,0.0,0.0
113.0,17950.0,49432.0,31482.0,15741.0,1.7538718662952646,29.235530569370244,104669.83725220604,0.1714916204249824,0.0,0.0,1.0,inf,17950.0,inf,205.0,144.0,61.0,0.0,0.0,0.0,0.0,0.0,0.0
114.0,18112.0,49888.0,31776.0,15888.0,1.754416961130742,29.235530569370244,104669.83725220604,0.17303934424163125,0.0,0.0,1.0,inf,18112.0,inf,212.0,162.0,50.0,0.0,0.0,0.0,0.0,0.0,0.0
115.0,18272.0,50342.0,32070.0,16035.0,1.7551444833625218,29.235530569370244,104669.83725220604,0.17456796035684002,0.0,0.0,1.0,inf,18272.0,inf,212.0,160.0,52.0,0.0,0.0,0.0,0.0,0.0,0.0
116.0,18431.0,50777.0,32346.0,16173.0,1.7549780261515924,29.235530569370244,104669.83725220604,0.17608702262132872,0.0,0.0,1.0,inf,18431.0,inf,214.0,159.0,55.0,0.0,0.0,0.0,0.0,0.0,0.0
117.0,18590.0,51218.0,32628.0,16314.0,1.755137170521786,29.35917638281347,106003.50210663037,0.17537156443473031,0.0,0.0,1.0,inf,18590.0,inf,213.0,159.0,54.0,0.0,0.0,0.0,0.0,0.0,0.0
118.0,18735.0,51615.0,32880.0,16440.0,1.755004003202562,29.35917638281347,106003.50210663037,0.17673944377002004,0.0,0.0,1.0,inf,18735.0,inf,216.0,145.0,71.0,0.0,0.0,0.0,0.0,0.0,0.0
119.0,18887.0,52043.0,33156.0,16578.0,1.7554931963784615,29.35917638281347,106003.50210663037,0.17817335865942718,0.0,0.0,1.0,inf,18887.0,inf,215.0,152.0,63.0,0.0,0.0,0.0,0.0,0.0,0.0
120.0,19042.0,52474.0,33432.0,16716.0,1.7556979308896123,29.35917638281347,106003.50210663037,0.17963557450059897,0.0,0.0,1.0,inf,19042.0,inf,212.0,155.0,57.0,0.0,0.0,0.0,0.0,0.0,0.0
121.0,19195.0,52895.0,33700.0,16850.0,1.7556655379004948,29.35917638281347,106003.50210663037,0.18107892304059434,0.0,0.0,1.0,inf,19195.0,inf,214.0,153.0,61.0,0.0,0.0,0.0,0.0,0.0,0.0
122.0,19348.0,53334.0,33986.0,16993.0,1.7565639859416995,29.35917638281347,106003.50210663037,0.18252227158058967,0.0,0.0,1.0,inf,19348.0,inf,217.0,153.0,64.0,0.0,0.0,0.0,0.0,0.0,0.0
123.0,19503.0,53757.0,34254.0,17127.0,1.7563451776649746,29.35917638281347,106003.50210663037,0.18398448742176146,0.0,0.0,1.0,inf,19503.0,inf,213.0,155.0,58.0,0.0,0.0,0.0,0.0,0.0,0.0
124.0,19663.0,54195.0,34532.0,17266.0,1.7561918323755277,29.35917638281347,106003.50210663037,0.18549387151587424,0.0,0.0,1.0,inf,19663.0,inf,216.0,160.0,56.0,0.0,0.0,0.0,0.0,0.0,0.0
125.0,19818.0,54626.0,34808.0,17404.0,1.7563830860833585,29.35917638281347,106003.50210663037,0.18695608735704602,0.0,0.0,1.0,inf,19818.0,inf,217.0,155.0,62.0,0.0,0.0,0.0,0.0,0.0,0.0
126.0,19975.0,55059.0,35084.0,17542.0,1.75639549436796,29.35917638281347,106003.50210663037,0.1884371704993942,0.0,0.0,1.0,inf,19975.0,inf,214.0,157.0,57.0,0.0,0.0,0.0,0.0,0.0,0.0
127.0,20136.0,55510.0,35374.0,17687.0,1.7567540723083035,29.35917638281347,106003.50210663037,0.1899559882440952,0.0,0.0,1.0,inf,20136.0,inf,212.0,161.0,51.0,0.0,0.0,0.0,0.0,0.0,0.0
128.0,20289.0,55949.0,35660.0,17830.0,1.7576026418256199,29.35917638281347,106003.50210663037,0.19139933678409055,0.0,0.0,1.0,inf,20289.0,inf,213.0,153.0,60.0,0.0,0.0,0.0,0.0,0.0,0.0
129.0,20444.0,56378.0,35934.0,17967.0,1.7576795147720603,29.35917638281347,106003.50210663037,0.19286155262526233,0.0,0.0,1.0,inf,20444.0,inf,215.0,155.0,60.0,0.0,0.0,0.0,0.0,0.0,0.0
130.0,20587.0,56781.0,36194.0,18097.0,1.7580997717005877,29.35917638281347,106003.50210663037,0.19421056465937564,0.0,0.0,1.0,inf,20587.0,inf,213.0,143.0,70.0,0.0,0.0,0.0,0.0,0.0,0.0
131.0,20751.0,57247.0,36496.0,18248.0,1.7587586140426967,29.35917638281347,106003.50210663037,0.19575768335584126,0.0,0.0,1.0,inf,20751.0,inf,215.0,164.0,51.0,0.0,0.0,0.0,0.0,0.0,0.0
132.0,20900.0,57658.0,36758.0,18379.0,1.758755980861244,29.458416030636222,107082.0762040291,0.1951773886058964,0.0,0.0,1.0,inf,20900.0,inf,217.0,149.0,68.0,0.0,0.0,0.0,0.0,0.0,0.0
133.0,21045.0,58073.0,37028.0,18514.0,1.7594678070800664,29.68768142441193,109601.74085068052,0.1920133734798185,0.0,0.0,1.0,inf,21045.0,inf,214.0,145.0,69.0,0.0,0.0,0.0,0.0,0.0,0.0
134.0,21196.0,58504.0,37308.0,18654.0,1.7601434232874127,29.68768142441193,109601.74085068052,0.19339108882291436,0.0,0.0,1.0,inf,21196.0,inf,213.0,151.0,62.0,0.0,0.0,0.0,0.0,0.0,0.0
135.0,21359.0,58967.0,37608.0,18804.0,1.7607565897279835,29.68768142441193,109601.74085068052,0.19487829147804436,0.0,0.0,1.0,inf,21359.0,inf,212.0,163.0,49.0,0.0,0.0,0.0,0.0,0.0,0.0
136.0,21520.0,59430.0,37910.0,18955.0,1.7616171003717471,29.83630461998307,111256.06794454581,0.19342765206052737,0.0,0.0,1.0,inf,21520.0,inf,214.0,161.0,53.0,0.0,0.0,0.0,0.0,0.0,0.0
137.0,21672.0,59854.0,38182.0,19091.0,1.761812476928756,29.83630461998307,111256.06794454581,0.19479386967731177,0.0,0.0,1.0,inf,21672.0,inf,212.0,152.0,60.0,0.0,0.0,0.0,0.0,0.0,0.0
138.0,21829.0,60283.0,38454.0,19227.0,1.7616015392367952,29.83630461998307,111256.06794454581,0.19620502866306933,0.0,0.0,1.0,inf,21829.0,inf,214.0,157.0,57.0,0.0,0.0,0.0,0.0,0.0,0.0
139.0,21984.0,60710.0,38726.0,19363.0,1.7615538573508005,29.83630461998307,111256.06794454581,0.19759821110123763,0.0,0.0,1.0,inf,21984.0,inf,217.0,155.0,62.0,0.0,0.0,0.0,0.0,0.0,0.0
140.0,22138.0,61154.0,39016.0,19508.0,1.762399494082573,29.83630461998307,111256.06794454581,0.19898240526561128,0.0,0.0,1.0,inf,22138.0,inf,217.0,154.0,63.0,0.0,0.0,0.0,0.0,0.0,0.0
141.0,22290.0,61576.0,39286.0,19643.0,1.7624943921040825,29.83630461998307,111256.06794454581,0.2003486228823957,0.0,0.0,1.0,inf,22290.0,inf,216.0,152.0,64.0,0.0,0.0,0.0,0.0,0.0,0.0
142.0,22433.0,61973.0,39540.0,19770.0,1.7625819105781662,29.83630461998307,111256.06794454581,0.20163394603502838,0.0,0.0,1.0,inf,22433.0,inf,212.0,143.0,69.0,0.0,0.0,0.0,0.0,0.0,0.0
143.0,22584.0,62390.0,39806.0,19903.0,1.7625752745306411,29.83630461998307,111256.06794454581,0.20299117537801814,0.0,0.0,1.0,inf,22584.0,inf,214.0,151.0,63.0,0.0,0.0,0.0,0.0,0.0,0.0
144.0,22736.0,62822.0,40086.0,20043.0,1.7631069669247008,29.83630461998307,111256.06794454581,0.20435739299480254,0.0,0.0,1.0,inf,22736.0,inf,219.0,152.0,67.0,0.0,0.0,0.0,0.0,0.0,0.0
145.0,22884.0,63244.0,40360.0,20180.0,1.7636776787274953,29.83630461998307,111256.06794454581,0.20568765751640838,0.0,0.0,1.0,inf,22884.0,inf,215.0,148.0,67.0,0.0,0.0,0.0,0.0,0.0,0.0
146.0,23032.0,63656.0,40624.0,20312.0,1.763806877387982,29.83630461998307,111256.06794454581,0.20701792203801425,0.0,0.0,1.0,inf,23032.0,inf,216.0,148.0,68.0,0.0,0.0,0.0,0.0,0.0,0.0
147.0,23178.0,64056.0,40878.0,20439.0,1.7636551902666322,29.83630461998307,111256.06794454581,0.20833021001203084,0.0,0.0,1.0,inf,23178.0,inf,212.0,146.0,66.0,0.0,0.0,0.0,0.0,0.0,0.0
148.0,23321.0,64457.0,41136.0,20568.0,1.7639037777110758,29.83630461998307,111256.06794454581,0.20961553316466353,0.0,0.0,1.0,inf,23321.0,inf,214.0,143.0,71.0,0.0,0.0,0.0,0.0,0.0,0.0
149.0,23467.0,64857.0,41390.0,20695.0,1.7637533557761964,29.83630461998307,111256.06794454581,0.2109278211386801,0.0,0.0,1.0,inf,23467.0,inf,214.0,146.0,68.0,0.0,0.0,0.0,0.0,0.0,0.0
150.0,23624.0,65310.0,41686.0,20843.0,1.7645614629190653,29.83630461998307,111256.06794454581,0.21233898012443767,0.0,0.0,1.0,inf,23624.0,inf,219.0,157.0,62.0,0.0,0.0,0.0,0.0,0.0,0.0
151.0,23771.0,65713.0,41942.0,20971.0,1.7644188296664003,29.83630461998307,111256.06794454581,0.2136602563722489,0.0,0.0,1.0,inf,23771.0,inf,216.0,147.0,69.0,0.0,0.0,0.0,0.0,0.0,0.0
152.0,23915.0,66107.0,42192.0,21096.0,1.7642483796780264,29.83630461998307,111256.06794454581,0.21495456779867622,0.0,0.0,1.0,inf,23915.0,inf,217.0,144.0,73.0,0.0,0.0,0.0,0.0,0.0,0.0
153.0,24061.0,66501.0,42440.0,21220.0,1.7638502140393166,29.83630461998307,111256.06794454581,0.2162668557726928,0.0,0.0,1.0,inf,24061.0,inf,216.0,146.0,70.0,0.0,0.0,0.0,0.0,0.0,0.0
154.0,24192.0,66860.0,42668.0,21334.0,1.7637235449735449,29.83630461998307,111256.06794454581,0.21744431963978988,0.0,0.0,1.0,inf,24192.0,inf,212.0,131.0,81.0,0.0,0.0,0.0,0.0,0.0,0.0
155.0,24341.0,67271.0,42930.0,21465.0,1.7636908919107679,29.83630461998307,111256.06794454581,0.21878357243519037,0.0,0.0,1.0,inf,24341.0,inf,219.0,149.0,70.0,0.0,0.0,0.0,0.0,0.0,0.0
156.0,24496.0,67692.0,43196.0,21598.0,1.7633899412148921,30.00158104848655,113115.21770873632,0.21655795299864486,0.0,0.0,1.0,inf,24496.0,inf,218.0,155.0,63.0,0.0,0.0,0.0,0.0,0.0,0.0
157.0,24642.0,68102.0,43460.0,21730.0,1.7636555474393312,30.00158104848655,113115.21770873632,0.21784867234620373,0.0,0.0,1.0,inf,24642.0,inf,216.0,146.0,70.0,0.0,0.0,0.0,0.0,0.0,0.0
158.0,24800.0,68544.0,43744.0,21872.0,1.7638709677419355,30.00158104848655,113115.21770873632,0.21924547821547977,0.0,0.0,1.0,inf,24800.0,inf,218.0,158.0,60.0,0.0,0.0,0.0,0.0,0.0,0.0
159.0,24941.0,68939.0,43998.0,21999.0,1.7640832364379937,30.00158104848655,113115.21770873632,0.22049199484565649,0.0,0.0,1.0,inf,24941.0,inf,218.0,141.0,77.0,0.0,0.0,0.0,0.0,0.0,0.0
160.0,25093.0,69363.0,44270.0,22135.0,1.7642370382178296,30.00158104848655,113115.21770873632,0.22183575745407394,0.0,0.0,1.0,inf,25093.0,inf,219.0,152.0,67.0,0.0,0.0,0.0,0.0,0.0,0.0
161.0,25224.0,69726.0,44502.0,22251.0,1.7642721217887727,30.00158104848655,113115.21770873632,0.22299386864948634,0.0,0.0,1.0,inf,25224.0,inf,215.0,131.0,84.0,0.0,0.0,0.0,0.0,0.0,0.0
162.0,25373.0,70147.0,44774.0,22387.0,1.764631695108974,30.388645976973407,117550.0067566828,0.2158485626676285,0.0,0.0,1.0,inf,25373.0,inf,213.0,149.0,64.0,0.0,0.0,0.0,0.0,0.0,0.0
163.0,25517.0,70559.0,45042.0,22521.0,1.7651761570717561,30.388645976973407,117550.0067566828,0.21707357323098872,0.0,0.0,1.0,inf,25517.0,inf,218.0,144.0,74.0,0.0,0.0,0.0,0.0,0.0,0.0
164.0,25665.0,70969.0,45304.0,22652.0,1.765205532826807,30.388645976973407,117550.0067566828,0.21833261186555336,0.0,0.0,1.0,inf,25665.0,inf,218.0,148.0,70.0,0.0,0.0,0.0,0.0,0.0,0.0
165.0,25802.0,71364.0,45562.0,22781.0,1.7658321060382915,30.388645976973407,117550.0067566828,0.2194980733043058,0.0,0.0,1.0,inf,25802.0,inf,217.0,137.0,80.0,0.0,0.0,0.0,0.0,0.0,0.0
166.0,25946.0,71774.0,45828.0,22914.0,1.7662838202420412,30.388645976973407,117550.0067566828,0.22072308386766598,0.0,0.0,1.0,inf,25946.0,inf,218.0,144.0,74.0,0.0,0.0,0.0,0.0,0.0,0.0
167.0,26098.0,72196.0,46098.0,23049.0,1.766342248448157,30.388645976973407,117550.0067566828,0.2220161505734351,0.0,0.0,1.0,inf,26098.0,inf,215.0,152.0,63.0,0.0,0.0,0.0,0.0,0.0,0.0
168.0,26249.0,72619.0,46370.0,23185.0,1.7665434873709476,30.388645976973407,117550.0067566828,0.22330071026140308,0.0,0.0,1.0,inf,26249.0,inf,214.0,151.0,63.0,0.0,0.0,0.0,0.0,0.0,0.0
169.0,26388.0,73012.0,46624.0,23312.0,1.7668637259360316,30.388645976973407,117550.0067566828,0.22448318573575773,0.0,0.0,1.0,inf,26388.0,inf,215.0,139.0,76.0,0.0,0.0,0.0,0.0,0.0,0.0
170.0,26537.0,73423.0,46886.0,23443.0,1.7668161434977578,30.388645976973407,117550.0067566828,0.22575073138812352,0.0,0.0,1.0,inf,26537.0,inf,216.0,149.0,67.0,0.0,0.0,0.0,0.0,0.0,0.0
171.0,26683.0,73831.0,47148.0,23574.0,1.7669677322639883,30.388645976973407,117550.0067566828,0.22699275598708593,0.0,0.0,1.0,inf,26683.0,inf,214.0,146.0,68.0,0.0,0.0,0.0,0.0,0.0,0.0
172.0,26838.0,74258.0,47420.0,23710.0,1.7668976823906402,30.388645976973407,117550.0067566828,0.2283113437462584,0.0,0.0,1.0,inf,26838.0,inf,215.0,155.0,60.0,0.0,0.0,0.0,0.0,0.0,0.0
173.0,26980.0,74656.0,47676.0,23838.0,1.7670867309117866,30.586869094515688,119865.3568070615,0.22508588568611806,0.0,0.0,1.0,inf,26980.0,inf,214.0,142.0,72.0,0.0,0.0,0.0,0.0,0.0,0.0
174.0,27124.0,75078.0,47954.0,23977.0,1.7679545789706532,30.586869094515688,119865.3568070615,0.2262872336304769,0.0,0.0,1.0,inf,27124.0,inf,217.0,144.0,73.0,0.0,0.0,0.0,0.0,0.0,0.0
175.0,27261.0,75471.0,48210.0,24105.0,1.768460437988335,30.586869094515688,119865.3568070615,0.2274301827164294,0.0,0.0,1.0,inf,27261.0,inf,215.0,137.0,78.0,0.0,0.0,0.0,0.0,0.0,0.0
176.0,27404.0,75868.0,48464.0,24232.0,1.7685009487666035,30.586869094515688,119865.3568070615,0.22862318796673017,0.0,0.0,1.0,inf,27404.0,inf,218.0,143.0,75.0,0.0,0.0,0.0,0.0,0.0,0.0
177.0,27555.0,76295.0,48740.0,24370.0,1.7688259843948466,31.37718411201449,129398.8770374141,0.2129462065735919,0.0,0.0,1.0,inf,27555.0,inf,217.0,151.0,66.0,0.0,0.0,0.0,0.0,0.0,0.0
178.0,27703.0,76703.0,49000.0,24500.0,1.7687615059740822,31.37718411201449,129398.8770374141,0.21408995683934734,0.0,0.0,1.0,inf,27703.0,inf,216.0,148.0,68.0,0.0,0.0,0.0,0.0,0.0,0.0
179.0,27869.0,77187.0,49318.0,24659.0,1.769636513689045,31.37718411201449,129398.8770374141,0.21537281186715415,0.0,0.0,1.0,inf,27869.0,inf,213.0,166.0,47.0,0.0,0.0,0.0,0.0,0.0,0.0
180.0,28025.0,77637.0,49612.0,24806.0,1.7702765388046386,31.37718411201449,129398.8770374141,0.21657838647159908,0.0,0.0,1.0,inf,28025.0,inf,212.0,156.0,56.0,0.0,0.0,0.0,0.0,0.0,0.0
181.0,28165.0,78033.0,49868.0,24934.0,1.770566305698562,31.37718411201449,129398.8770374141,0.21766031239866507,0.0,0.0,1.0,inf,28165.0,inf,216.0,140.0,76.0,0.0,0.0,0.0,0.0,0.0,0.0
182.0,28315.0,78451.0,50136.0,25068.0,1.7706515980928836,31.37718411201449,129398.8770374141,0.2188195187490929,0.0,0.0,1.0,inf,28315.0,inf,213.0,150.0,63.0,0.0,0.0,0.0,0.0,0.0,0.0
183.0,28462.0,78862.0,50400.0,25200.0,1.7707820954254796,31.37718411201449,129398.8770374141,0.21995554097251216,0.0,0.0,1.0,inf,28462.0,inf,211.0,147.0,64.0,0.0,0.0,0.0,0.0,0.0,0.0
184.0,28610.0,79276.0,50666.0,25333.0,1.7709192590003495,31.37718411201449,129398.8770374141,0.2210992912382676,0.0,0.0,1.0,inf,28610.0,inf,212.0,148.0,64.0,0.0,0.0,0.0,0.0,0.0,0.0
185.0,28773.0,79735.0,50962.0,25481.0,1.7711743648559413,31.37718411201449,129398.8770374141,0.22235896213906586,0.0,0.0,1.0,inf,28773.0,inf,217.0,163.0,54.0,0.0,0.0,0.0,0.0,0.0,0.0
186.0,28922.0,80148.0,51226.0,25613.0,1.7711776502316576,31.37718411201449,129398.8770374141,0.22351044044715748,0.0,0.0,1.0,inf,28922.0,inf,215.0,149.0,66.0,0.0,0.0,0.0,0.0,0.0,0.0
187.0,29080.0,80576.0,51496.0,25748.0,1.7708390646492436,31.37718411201449,129398.8770374141,0.2247314711362748,0.0,0.0,1.0,inf,29080.0,inf,220.0,158.0,62.0,0.0,0.0,0.0,0.0,0.0,0.0
188.0,29249.0,81061.0,51812.0,25906.0,1.77141098840986,31.77357294725678,134365.1903243994,0.21768286808051857,0.0,0.0,1.0,inf,29249.0,inf,215.0,169.0,46.0,0.0,0.0,0.0,0.0,0.0,0.0
189.0,29419.0,81527.0,52108.0,26054.0,1.7712362758761344,31.77357294725678,134365.1903243994,0.21894807672264952,0.0,0.0,1.0,inf,29419.0,inf,215.0,170.0,45.0,0.0,0.0,0.0,0.0,0.0,0.0
190.0,29570.0,81956.0,52386.0,26193.0,1.7715928305715252,31.77357294725678,134365.1903243994,0.22007187969301287,0.0,0.0,1.0,inf,29570.0,inf,213.0,151.0,62.0,0.0,0.0,0.0,0.0,0.0,0.0
191.0,29735.0,82427.0,52692.0,26346.0,1.7720531360349756,31.77357294725678,134365.1903243994,0.2212998763162576,0.0,0.0,1.0,inf,29735.0,inf,216.0,165.0,51.0,0.0,0.0,0.0,0.0,0.0,0.0
192.0,29879.0,82839.0,52960.0,26480.0,1.772482345460022,31.77357294725678,134365.1903243994,0.22237158246018032,0.0,0.0,1.0,inf,29879.0,inf,209.0,144.0,65.0,0.0,0.0,0.0,0.0,0.0,0.0
193.0,30033.0,83277.0,53244.0,26622.0,1.7728498651483369,31.77357294725678,134365.1903243994,0.2235177126418754,0.0,0.0,1.0,inf,30033.0,inf,212.0,154.0,58.0,0.0,0.0,0.0,0.0,0.0,0.0
194.0,30186.0,83712.0,53526.0,26763.0,1.7732061220433313,31.77357294725678,134365.1903243994,0.22465640041979326,0.0,0.0,1.0,inf,30186.0,inf,213.0,153.0,60.0,0.0,0.0,0.0,0.0,0.0,0.0
195.0,30345.0,84163.0,53818.0,26909.0,1.7735376503542593,31.77357294725678,134365.1903243994,0.22583974262037457,0.0,0.0,1.0,inf,30345.0,inf,213.0,159.0,54.0,0.0,0.0,0.0,0.0,0.0,0.0
196.0,30500.0,84604.0,54104.0,27052.0,1.7739016393442624,31.77357294725678,134365.1903243994,0.2269933152058469,0.0,0.0,1.0,inf,30500.0,inf,216.0,155.0,61.0,0.0,0.0,0.0,0.0,0.0,0.0
197.0,30652.0,85036.0,54384.0,27192.0,1.7742398538431423,31.77357294725678,134365.1903243994,0.2281245605799875,0.0,0.0,1.0,inf,30652.0,inf,213.0,152.0,61.0,0.0,0.0,0.0,0.0,0.0,0.0
198.0,30808.0,85474.0,54666.0,27333.0,1.7744092443521164,31.77357294725678,134365.1903243994,0.2292855755692371,0.0,0.0,1.0,inf,30808.0,inf,216.0,156.0,60.0,0.0,0.0,0.0,0.0,0.0,0.0
199.0,30970.0,85926.0,54956.0,27478.0,1.774491443332257,31.77357294725678,134365.1903243994,0.23049124498115012,0.0,0.0,1.0,inf,30970.0,inf,218.0,162.0,56.0,0.0,0.0,0.0,0.0,0.0,0.0
200.0,31119.0,86321.0,55202.0,27601.0,1.7739001895947812,31.77357294725678,134365.1903243994,0.231600163143959,0.0,0.0,1.0,inf,31119.0,inf,214.0,149.0,65.0,0.0,0.0,0.0,0.0,0.0,0.0
201.0,31257.0,86713.0,55456.0,27728.0,1.7741945804139874,31.77357294725678,134365.1903243994,0.23262721486521826,0.0,0.0,1.0,inf,31257.0,inf,214.0,138.0,76.0,0.0,0.0,0.0,0.0,0.0,0.0
202.0,31412.0,87144.0,55732.0,27866.0,1.7742264102890615,31.77357294725678,134365.1903243994,0.23378078745069059,0.0,0.0,1.0,inf,31412.0,inf,219.0,155.0,64.0,0.0,0.0,0.0,0.0,0.0,0.0
203.0,31557.0,87545.0,55988.0,27994.0,1.7741863928763824,31.77357294725678,134365.1903243994,0.2348599359983905,0.0,0.0,1.0,inf,31557.0,inf,213.0,145.0,68.0,0.0,0.0,0.0,0.0,0.0,0.0
204.0,31706.0,87962.0,56256.0,28128.0,1.774301394057907,31.77357294725678,134365.1903243994,0.2359688541611994,0.0,0.0,1.0,inf,31706.0,inf,215.0,149.0,66.0,0.0,0.0,0.0,0.0,0.0,0.0
205.0,31852.0,88372.0,56520.0,28260.0,1.7744568629913349,31.77357294725678,134365.1903243994,0.23705544511267657,0.0,0.0,1.0,inf,31852.0,inf,220.0,146.0,74.0,0.0,0.0,0.0,0.0,0.0,0.0
206.0,31988.0,88754.0,56766.0,28383.0,1.7746029761160436,31.77357294725678,134365.1903243994,0.23806761202638133,0.0,0.0,1.0,inf,31988.0,inf,215.0,136.0,79.0,0.0,0.0,0.0,0.0,0.0,0.0
207.0,32132.0,89154.0,57022.0,28511.0,1.7746172040333623,31.77357294725678,134365.1903243994,0.239139318170304,0.0,0.0,1.0,inf,32132.0,inf,213.0,144.0,69.0,0.0,0.0,0.0,0.0,0.0,0.0
208.0,32288.0,89604.0,57316.0,28658.0,1.7751486620416255,32.210317252061905,139982.45840779983,0.23065747213795834,0.0,0.0,1.0,inf,32288.0,inf,216.0,156.0,60.0,0.0,0.0,0.0,0.0,0.0,0.0
209.0,32446.0,90048.0,57602.0,28801.0,1.7753189915551995,32.210317252061905,139982.45840779983,0.23178618499096246,0.0,0.0,1.0,inf,32446.0,inf,216.0,158.0,58.0,0.0,0.0,0.0,0.0,0.0,0.0
210.0,32591.0,90471.0,57880.0,28940.0,1.7759504157589519,32.210317252061905,139982.45840779983,0.23282202906492194,0.0,0.0,1.0,inf,32591.0,inf,218.0,145.0,73.0,0.0,0.0,0.0,0.0,0.0,0.0
211.0,32750.0,90922.0,58172.0,29086.0,1.7762442748091603,32.210317252061905,139982.45840779983,0.2339578856701603,0.0,0.0,1.0,inf,32750.0,inf,214.0,159.0,55.0,0.0,0.0,0.0,0.0,0.0,0.0
212.0,32905.0,91357.0,58452.0,29226.0,1.776386567390974,32.210317252061905,139982.45840779983,0.23506516726646182,0.0,0.0,1.0,inf,32905.0,inf,215.0,155.0,60.0,0.0,0.0,0.0,0.0,0.0,0.0
213.0,33057.0,91791.0,58734.0,29367.0,1.7767492512932208,32.210317252061905,139982.45840779983,0.23615101760606072,0.0,0.0,1.0,inf,33057.0,inf,210.0,152.0,58.0,0.0,0.0,0.0,0.0,0.0,0.0
214.0,33214.0,92240.0,59026.0,29513.0,1.7771421689648943,32.210317252061905,139982.45840779983,0.23727258670683066,0.0,0.0,1.0,inf,33214.0,inf,215.0,157.0,58.0,0.0,0.0,0.0,0.0,0.0,0.0
215.0,33364.0,92660.0,59296.0,29648.0,1.7772449346601127,32.210317252061905,139982.45840779983,0.23834414954196115,0.0,0.0,1.0,inf,33364.0,inf,215.0,150.0,65.0,0.0,0.0,0.0,0.0,0.0,0.0
216.0,33516.0,93086.0,59570.0,29785.0,1.777360066833751,32.210317252061905,139982.45840779983,0.23942999988156005,0.0,0.0,1.0,inf,33516.0,inf,216.0,152.0,64.0,0.0,0.0,0.0,0.0,0.0,0.0
217.0,33672.0,93526.0,59854.0,29927.0,1.777559990496555,32.210317252061905,139982.45840779983,0.24054442523009578,0.0,0.0,1.0,inf,33672.0,inf,213.0,156.0,57.0,0.0,0.0,0.0,0.0,0.0,0.0
218.0,33830.0,93964.0,60134.0,30067.0,1.7775347324859592,32.210317252061905,139982.45840779983,0.24167313808309993,0.0,0.0,1.0,inf,33830.0,inf,215.0,158.0,57.0,0.0,0.0,0.0,0.0,0.0,0.0
219.0,33971.0,94367.0,60396.0,30198.0,1.777869359159283,32.210317252061905,139982.45840779983,0.24268040714812258,0.0,0.0,1.0,inf,33971.0,inf,217.0,141.0,76.0,0.0,0.0,0.0,0.0,0.0,0.0
220.0,34115.0,94779.0,60664.0,30332.0,1.7782207240216914,32.210317252061905,139982.45840779983,0.2437091074698479,0.0,0.0,1.0,inf,34115.0,inf,217.0,144.0,73.0,0.0,0.0,0.0,0.0,0.0,0.0
221.0,34262.0,95208.0,60946.0,30473.0,1.7788220185628394,32.210317252061905,139982.45840779983,0.2447592390482758,0.0,0.0,1.0,inf,34262.0,inf,212.0,147.0,65.0,0.0,0.0,0.0,0.0,0.0,0.0
222.0,34406.0,95618.0,61212.0,30606.0,1.7791082950648143,32.210317252061905,139982.45840779983,0.24578793937000107,0.0,0.0,1.0,inf,34406.0,inf,215.0,144.0,71.0,0.0,0.0,0.0,0.0,0.0,0.0
223.0,34561.0,96059.0,61498.0,30749.0,1.7794045311188913,32.210317252061905,139982.45840779983,0.2468952209663026,0.0,0.0,1.0,inf,34561.0,inf,218.0,155.0,63.0,0.0,0.0,0.0,0.0,0.0,0.0
224.0,34719.0,96485.0,61766.0,30883.0,1.7790258936029264,32.210317252061905,139982.45840779983,0.2480239338193067,0.0,0.0,1.0,inf,34719.0,inf,218.0,158.0,60.0,0.0,0.0,0.0,0.0,0.0,0.0
225.0,34859.0,96875.0,62016.0,31008.0,1.7790527553859836,32.210317252061905,139982.45840779983,0.2490240591320952,0.0,0.0,1.0,inf,34859.0,inf,215.0,140.0,75.0,0.0,0.0,0.0,0.0,0.0,0.0
226.0,35004.0,97274.0,62270.0,31135.0,1.778939549765741,32.210317252061905,139982.45840779983,0.2500599032060547,0.0,0.0,1.0,inf,35004.0,inf,218.0,145.0,73.0,0.0,0.0,0.0,0.0,0.0,0.0
227.0,35156.0,97694.0,62538.0,31269.0,1.7788713164182501,32.210317252061905,139982.45840779983,0.2511457535456536,0.0,0.0,1.0,inf,35156.0,inf,217.0,152.0,65.0,0.0,0.0,0.0,0.0,0.0,0.0
228.0,35303.0,98101.0,62798.0,31399.0,1.7788289947029998,32.210317252061905,139982.45840779983,0.2521958851240815,0.0,0.0,1.0,inf,35303.0,inf,211.0,147.0,64.0,0.0,0.0,0.0,0.0,0.0,0.0
229.0,35453.0,98515.0,63062.0,31531.0,1.7787493300990043,32.210317252061905,139982.45840779983,0.25326744795921197,0.0,0.0,1.0,inf,35453.0,inf,217.0,150.0,67.0,0.0,0.0,0.0,0.0,0.0,0.0
230.0,35588.0,98890.0,63302.0,31651.0,1.778745644599303,32.210317252061905,139982.45840779983,0.25423185451082947,0.0,0.0,1.0,inf,35588.0,inf,216.0,135.0,81.0,0.0,0.0,0.0,0.0,0.0,0.0
231.0,35727.0,99279.0,63552.0,31776.0,1.7788227391048788,32.210317252061905,139982.45840779983,0.2552248360713837,0.0,0.0,1.0,inf,35727.0,inf,215.0,139.0,76.0,0.0,0.0,0.0,0.0,0.0,0.0
232.0,35859.0,99647.0,63788.0,31894.0,1.778856075183357,32.210317252061905,139982.45840779983,0.25616781136629857,0.0,0.0,1.0,inf,35859.0,inf,214.0,132.0,82.0,0.0,0.0,0.0,0.0,0.0,0.0
233.0,36014.0,100070.0,64056.0,32028.0,1.7786416393624702,32.210317252061905,139982.45840779983,0.2572750929626001,0.0,0.0,1.0,inf,36014.0,inf,217.0,155.0,62.0,0.0,0.0,0.0,0.0,0.0,0.0
234.0,36166.0,100490.0,64324.0,32162.0,1.7785765636232926,32.210317252061905,139982.45840779983,0.258360943302199,0.0,0.0,1.0,inf,36166.0,inf,217.0,152.0,65.0,0.0,0.0,0.0,0.0,0.0,0.0
235.0,36317.0,100911.0,64594.0,32297.0,1.7786160751163367,32.210317252061905,139982.45840779983,0.2594396498895637,0.0,0.0,1.0,inf,36317.0,inf,218.0,151.0,67.0,0.0,0.0,0.0,0.0,0.0,0.0
236.0,36459.0,101305.0,64846.0,32423.0,1.7786006198743793,32.210317252061905,139982.45840779983,0.2604540627068206,0.0,0.0,1.0,inf,36459.0,inf,218.0,142.0,76.0,0.0,0.0,0.0,0.0,0.0,0.0
237.0,36604.0,101700.0,65096.0,32548.0,1.7783848759698393,32.210317252061905,139982.45840779983,0.26148990678078005,0.0,0.0,1.0,inf,36604.0,inf,217.0,145.0,72.0,0.0,0.0,0.0,0.0,0.0,0.0
238.0,36742.0,102090.0,65348.0,32674.0,1.7785640411518153,32.210317252061905,139982.45840779983,0.2624757445891001,0.0,0.0,1.0,inf,36742.0,inf,217.0,138.0,79.0,0.0,0.0,0.0,0.0,0.0,0.0
239.0,36901.0,102529.0,65628.0,32814.0,1.7784883878485678,32.210317252061905,139982.45840779983,0.26361160119433846,0.0,0.0,1.0,inf,36901.0,inf,218.0,159.0,59.0,0.0,0.0,0.0,0.0,0.0,0.0
240.0,37048.0,102930.0,65882.0,32941.0,1.7782876268624488,32.210317252061905,139982.45840779983,0.26466173277276633,0.0,0.0,1.0,inf,37048.0,inf,217.0,147.0,70.0,0.0,0.0,0.0,0.0,0.0,0.0
241.0,37182.0,103310.0,66128.0,33064.0,1.77849497068474,32.210317252061905,139982.45840779983,0.26561899557214963,0.0,0.0,1.0,inf,37182.0,inf,218.0,134.0,84.0,0.0,0.0,0.0,0.0,0.0,0.0
242.0,37323.0,103699.0,66376.0,33188.0,1.7784208129035715,32.210317252061905,139982.45840779983,0.26662626463717226,0.0,0.0,1.0,inf,37323.0,inf,219.0,141.0,78.0,0.0,0.0,0.0,0.0,0.0,0.0
243.0,37471.0,104097.0,66626.0,33313.0,1.7780683728750233,32.210317252061905,139982.45840779983,0.2676835399678344,0.0,0.0,1.0,inf,37471.0,inf,218.0,148.0,70.0,0.0,0.0,0.0,0.0,0.0,0.0
244.0,37602.0,104456.0,66854.0,33427.0,1.7779373437583108,32.210317252061905,139982.45840779983,0.268619371510515,0.0,0.0,1.0,inf,37602.0,inf,218.0,131.0,87.0,0.0,0.0,0.0,0.0,0.0,0.0
245.0,37738.0,104828.0,67090.0,33545.0,1.7777836663310191,32.210317252061905,139982.45840779983,0.26959092181436667,0.0,0.0,1.0,inf,37738.0,inf,213.0,136.0,77.0,0.0,0.0,0.0,0.0,0.0,0.0
246.0,37880.0,105236.0,67356.0,33678.0,1.7781414994720168,32.210317252061905,139982.45840779983,0.27060533463162356,0.0,0.0,1.0,inf,37880.0,inf,218.0,142.0,76.0,0.0,0.0,0.0,0.0,0.0,0.0
247.0,38026.0,105636.0,67610.0,33805.0,1.7779940041024562,32.210317252061905,139982.45840779983,0.2716483224578172,0.0,0.0,1.0,inf,38026.0,inf,219.0,146.0,73.0,0.0,0.0,0.0,0.0,0.0,0.0
248.0,38170.0,106026.0,67856.0,33928.0,1.7777312025150642,32.210317252061905,139982.45840779983,0.27267702277954253,0.0,0.0,1.0,inf,38170.0,inf,215.0,144.0,71.0,0.0,0.0,0.0,0.0,0.0,0.0
249.0,38309.0,106407.0,68098.0,34049.0,1.7775979534835156,32.210317252061905,139982.45840779983,0.2736700043400968,0.0,0.0,1.0,inf,38309.0,inf,217.0,139.0,78.0,0.0,0.0,0.0,0.0,0.0,0.0
250.0,38452.0,106806.0,68354.0,34177.0,1.7776448559242692,32.210317252061905,139982.45840779983,0.2746915609095879,0.0,0.0,1.0,inf,38452.0,inf,215.0,143.0,72.0,0.0,0.0,0.0,0.0,0.0,0.0
251.0,38600.0,107212.0,68612.0,34306.0,1.7775129533678757,32.210317252061905,139982.45840779983,0.27574883624025,0.0,0.0,1.0,inf,38600.0,inf,218.0,148.0,70.0,0.0,0.0,0.0,0.0,0.0,0.0
252.0,38750.0,107626.0,68876.0,34438.0,1.7774451612903226,32.210317252061905,139982.45840779983,0.2768203990753805,0.0,0.0,1.0,inf,38750.0,inf,220.0,150.0,70.0,0.0,0.0,0.0,0.0,0.0,0.0
253.0,38886.0,107996.0,69110.0,34555.0,1.7772463097258653,32.210317252061905,139982.45840779983,0.27779194937923213,0.0,0.0,1.0,inf,38886.0,inf,219.0,136.0,83.0,0.0,0.0,0.0,0.0,0.0,0.0
254.0,39021.0,108355.0,69334.0,34667.0,1.7768381128110504,32.210317252061905,139982.45840779983,0.27875635593084963,0.0,0.0,1.0,inf,39021.0,inf,220.0,135.0,85.0,0.0,0.0,0.0,0.0,0.0,0.0
255.0,39162.0,108762.0,69600.0,34800.0,1.7772330320208365,32.210317252061905,139982.45840779983,0.27976362499587226,0.0,0.0,1.0,inf,39162.0,inf,219.0,141.0,78.0,0.0,0.0,0.0,0.0,0.0,0.0
256.0,39303.0,109137.0,69834.0,34917.0,1.7768109304633235,32.210317252061905,139982.45840779983,0.28077089406089495,0.0,0.0,1.0,inf,39303.0,inf,218.0,141.0,77.0,0.0,0.0,0.0,0.0,0.0,0.0
257.0,39446.0,109522.0,70076.0,35038.0,1.7765045885514374,32.210317252061905,139982.45840779983,0.28179245063038605,0.0,0.0,1.0,inf,39446.0,inf,218.0,143.0,75.0,0.0,0.0,0.0,0.0,0.0,0.0
258.0,39583.0,109903.0,70320.0,35160.0,1.7765202233281965,32.210317252061905,139982.45840779983,0.2827711446864719,0.0,0.0,1.0,inf,39583.0,inf,216.0,137.0,79.0,0.0,0.0,0.0,0.0,0.0,0.0
259.0,39712.0,110250.0,70538.0,35269.0,1.7762389202256246,32.210317252061905,139982.45840779983,0.2836926887246841,0.0,0.0,1.0,inf,39712.0,inf,220.0,129.0,91.0,0.0,0.0,0.0,0.0,0.0,0.0
260.0,39855.0,110637.0,70782.0,35391.0,1.775987956341739,32.210317252061905,139982.45840779983,0.2847142452941752,0.0,0.0,1.0,inf,39855.0,inf,218.0,143.0,75.0,0.0,0.0,0.0,0.0,0.0,0.0
261.0,39987.0,110993.0,71006.0,35503.0,1.775727111311176,32.210317252061905,139982.45840779983,0.28565722058909004,0.0,0.0,1.0,inf,39987.0,inf,216.0,132.0,84.0,0.0,0.0,0.0,0.0,0.0,0.0
262.0,40118.0,111358.0,71240.0,35620.0,1.7757615035644847,32.210317252061905,139982.45840779983,0.2865930521317707,0.0,0.0,1.0,inf,40118.0,inf,218.0,131.0,87.0,0.0,0.0,0.0,0.0,0.0,0.0
263.0,40251.0,111731.0,71480.0,35740.0,1.7758565004596158,32.210317252061905,139982.45840779983,0.28754317117891975,0.0,0.0,1.0,inf,40251.0,inf,219.0,133.0,86.0,0.0,0.0,0.0,0.0,0.0,0.0
264.0,40396.0,112132.0,71736.0,35868.0,1.7758193880582236,32.69170003990426,146352.83029111323,0.27601789401440024,0.0,0.0,1.0,inf,40396.0,inf,216.0,145.0,71.0,0.0,0.0,0.0,0.0,0.0,0.0
265.0,40547.0,112555.0,72008.0,36004.0,1.775914370976891,32.69170003990426,146352.83029111323,0.27704964720769104,0.0,0.0,1.0,inf,40547.0,inf,216.0,151.0,65.0,0.0,0.0,0.0,0.0,0.0,0.0
266.0,40681.0,112929.0,72248.0,36124.0,1.7759642093360537,32.69170003990426,146352.83029111323,0.27796524275670403,0.0,0.0,1.0,inf,40681.0,inf,214.0,134.0,80.0,0.0,0.0,0.0,0.0,0.0,0.0
267.0,40825.0,113339.0,72514.0,36257.0,1.7762155541947335,32.69170003990426,146352.83029111323,0.2789491663317628,0.0,0.0,1.0,inf,40825.0,inf,216.0,144.0,72.0,0.0,0.0,0.0,0.0,0.0,0.0
268.0,40965.0,113729.0,72764.0,36382.0,1.7762480165995362,32.69170003990426,146352.83029111323,0.2799057586964033,0.0,0.0,1.0,inf,40965.0,inf,217.0,140.0,77.0,0.0,0.0,0.0,0.0,0.0,0.0
269.0,41100.0,114110.0,73010.0,36505.0,1.7763990267639902,32.69170003990426,146352.83029111323,0.28082818704802087,0.0,0.0,1.0,inf,41100.0,inf,220.0,135.0,85.0,0.0,0.0,0.0,0.0,0.0,0.0
270.0,41237.0,114495.0,73258.0,36629.0,1.77651138540631,32.69170003990426,146352.83029111323,0.28176428100484757,0.0,0.0,1.0,inf,41237.0,inf,218.0,137.0,81.0,0.0,0.0,0.0,0.0,0.0,0.0
271.0,41388.0,114920.0,73532.0,36766.0,1.7766502367836088,32.69170003990426,146352.83029111323,0.28279603419813837,0.0,0.0,1.0,inf,41388.0,inf,218.0,151.0,67.0,0.0,0.0,0.0,0.0,0.0,0.0
272.0,41527.0,115311.0,73784.0,36892.0,1.7767717388686879,32.69170003990426,146352.83029111323,0.2837457937601743,0.0,0.0,1.0,inf,41527.0,inf,218.0,139.0,79.0,0.0,0.0,0.0,0.0,0.0,0.0
273.0,41662.0,115680.0,74018.0,37009.0,1.776630982670059,32.69170003990426,146352.83029111323,0.2846682221117918,0.0,0.0,1.0,inf,41662.0,inf,216.0,135.0,81.0,0.0,0.0,0.0,0.0,0.0,0.0
274.0,41798.0,116064.0,74266.0,37133.0,1.7767835781616346,32.69170003990426,146352.83029111323,0.28559748326601403,0.0,0.0,1.0,inf,41798.0,inf,216.0,136.0,80.0,0.0,0.0,0.0,0.0,0.0,0.0
275.0,41935.0,116449.0,74514.0,37257.0,1.7768928103016572,32.69170003990426,146352.83029111323,0.28653357722284073,0.0,0.0,1.0,inf,41935.0,inf,218.0,137.0,81.0,0.0,0.0,0.0,0.0,0.0,0.0
276.0,42076.0,116846.0,74770.0,37385.0,1.7770225306588079,32.69170003990426,146352.83029111323,0.2874970023900858,0.0,0.0,1.0,inf,42076.0,inf,218.0,141.0,77.0,0.0,0.0,0.0,0.0,0.0,0.0
277.0,42224.0,117268.0,75044.0,37522.0,1.7772830617658204,33.162940715294496,152773.3890523905,0.2763832121674027,0.0,0.0,1.0,inf,42224.0,inf,220.0,148.0,72.0,0.0,0.0,0.0,0.0,0.0,0.0
278.0,42363.0,117671.0,75308.0,37654.0,1.777683355758563,33.162940715294496,152773.3890523905,0.27729305648559305,0.0,0.0,1.0,inf,42363.0,inf,217.0,139.0,78.0,0.0,0.0,0.0,0.0,0.0,0.0
279.0,42503.0,118069.0,75566.0,37783.0,1.7778980307272427,33.162940715294496,152773.3890523905,0.2782094464463603,0.0,0.0,1.0,inf,42503.0,inf,216.0,140.0,76.0,0.0,0.0,0.0,0.0,0.0,0.0
280.0,42654.0,118500.0,75846.0,37923.0,1.7781685187790126,33.162940715294496,152773.3890523905,0.2791978384754735,0.0,0.0,1.0,inf,42654.0,inf,219.0,151.0,68.0,0.0,0.0,0.0,0.0,0.0,0.0
281.0,42793.0,118893.0,76100.0,38050.0,1.778328231252775,33.162940715294496,152773.3890523905,0.2801076827936639,0.0,0.0,1.0,inf,42793.0,inf,218.0,139.0,79.0,0.0,0.0,0.0,0.0,0.0,0.0
282.0,42926.0,119268.0,76342.0,38171.0,1.7784559474444392,33.27071185500843,154267.65875597968,0.27825663749717156,0.0,0.0,1.0,inf,42926.0,inf,219.0,133.0,86.0,0.0,0.0,0.0,0.0,0.0,0.0
283.0,43068.0,119680.0,76612.0,38306.0,1.7788613355623666,33.27071185500843,154267.65875597968,0.27917711558794633,0.0,0.0,1.0,inf,43068.0,inf,216.0,142.0,74.0,0.0,0.0,0.0,0.0,0.0,0.0
284.0,43221.0,120113.0,76892.0,38446.0,1.779042595034821,33.27071185500843,154267.65875597968,0.28016889831955577,0.0,0.0,1.0,inf,43221.0,inf,216.0,153.0,63.0,0.0,0.0,0.0,0.0,0.0,0.0
285.0,43367.0,120525.0,77158.0,38579.0,1.7791869393778679,33.27071185500843,154267.65875597968,0.28111530537063406,0.0,0.0,1.0,inf,43367.0,inf,214.0,146.0,68.0,0.0,0.0,0.0,0.0,0.0,0.0
286.0,43513.0,120949.0,77436.0,38718.0,1.7796060947303105,33.27071185500843,154267.65875597968,0.2820617124217124,0.0,0.0,1.0,inf,43513.0,inf,218.0,146.0,72.0,0.0,0.0,0.0,0.0,0.0,0.0
287.0,43657.0,121359.0,77702.0,38851.0,1.779829122477495,33.27071185500843,154267.65875597968,0.28299515499263894,0.0,0.0,1.0,inf,43657.0,inf,217.0,144.0,73.0,0.0,0.0,0.0,0.0,0.0,0.0
288.0,43792.0,121746.0,77954.0,38977.0,1.7800968213372306,33.27071185500843,154267.65875597968,0.2838702574028826,0.0,0.0,1.0,inf,43792.0,inf,220.0,135.0,85.0,0.0,0.0,0.0,0.0,0.0,0.0
289.0,43934.0,122142.0,78208.0,39104.0,1.7801247325533756,33.27071185500843,154267.65875597968,0.28479073549365735,0.0,0.0,1.0,inf,43934.0,inf,216.0,142.0,74.0,0.0,0.0,0.0,0.0,0.0,0.0
290.0,44067.0,122509.0,78442.0,39221.0,1.7800621780470647,33.27071185500843,154267.65875597968,0.28565287342374923,0.0,0.0,1.0,inf,44067.0,inf,218.0,133.0,85.0,0.0,0.0,0.0,0.0,0.0,0.0
291.0,44197.0,122867.0,78670.0,39335.0,1.7799850668597417,33.27071185500843,154267.65875597968,0.2864955646336135,0.0,0.0,1.0,inf,44197.0,inf,217.0,130.0,87.0,0.0,0.0,0.0,0.0,0.0,0.0
292.0,44345.0,123279.0,78934.0,39467.0,1.7799977449543354,33.27071185500843,154267.65875597968,0.2874549361648435,0.0,0.0,1.0,inf,44345.0,inf,218.0,148.0,70.0,0.0,0.0,0.0,0.0,0.0,0.0
293.0,44481.0,123665.0,79184.0,39592.0,1.7801758054000585,33.27071185500843,154267.65875597968,0.28833652081516303,0.0,0.0,1.0,inf,44481.0,inf,216.0,136.0,80.0,0.0,0.0,0.0,0.0,0.0,0.0
294.0,44622.0,124060.0,79438.0,39719.0,1.7802429294966609,33.27071185500843,154267.65875597968,0.28925051666586193,0.0,0.0,1.0,inf,44622.0,inf,213.0,141.0,72.0,0.0,0.0,0.0,0.0,0.0,0.0
295.0,44763.0,124445.0,79682.0,39841.0,1.780086231932623,33.27071185500843,154267.65875597968,0.29016451251656084,0.0,0.0,1.0,inf,44763.0,inf,218.0,141.0,77.0,0.0,0.0,0.0,0.0,0.0,0.0
296.0,44900.0,124826.0,79926.0,39963.0,1.7800890868596881,33.27071185500843,154267.65875597968,0.2910525794069562,0.0,0.0,1.0,inf,44900.0,inf,219.0,137.0,82.0,0.0,0.0,0.0,0.0,0.0,0.0
297.0,45023.0,125161.0,80138.0,40069.0,1.7799347000422006,33.27071185500843,154267.65875597968,0.2918498949362893,0.0,0.0,1.0,inf,45023.0,inf,218.0,123.0,95.0,0.0,0.0,0.0,0.0,0.0,0.0
298.0,45162.0,125530.0,80368.0,40184.0,1.7795491785129092,33.27071185500843,154267.65875597968,0.29275092630683647,0.0,0.0,1.0,inf,45162.0,inf,219.0,139.0,80.0,0.0,0.0,0.0,0.0,0.0,0.0
299.0,45297.0,125899.0,80602.0,40301.0,1.7794114400512175,33.27071185500843,154267.65875597968,0.2936260287170801,0.0,0.0,1.0,inf,45297.0,inf,218.0,135.0,83.0,0.0,0.0,0.0,0.0,0.0,0.0
300.0,45438.0,126296.0,80858.0,40429.0,1.7795237466437783,33.27071185500843,154267.65875597968,0.294540024567779,0.0,0.0,1.0,inf,45438.0,inf,217.0,141.0,76.0,0.0,0.0,0.0,0.0,0.0,0.0
301.0,45574.0,126682.0,81108.0,40554.0,1.779698951156361,33.27071185500843,154267.65875597968,0.2954216092180985,0.0,0.0,1.0,inf,45574.0,inf,218.0,136.0,82.0,0.0,0.0,0.0,0.0,0.0,0.0
302.0,45709.0,127053.0,81344.0,40672.0,1.7796057669167997,33.27071185500843,154267.65875597968,0.29629671162834215,0.0,0.0,1.0,inf,45709.0,inf,217.0,135.0,82.0,0.0,0.0,0.0,0.0,0.0,0.0
303.0,45843.0,127425.0,81582.0,40791.0,1.7795955762057456,33.27071185500843,154267.65875597968,0.2971653317985099,0.0,0.0,1.0,inf,45843.0,inf,219.0,134.0,85.0,0.0,0.0,0.0,0.0,0.0,0.0
304.0,45976.0,127786.0,81810.0,40905.0,1.7794066469462329,33.27071185500843,154267.65875597968,0.2980274697286018,0.0,0.0,1.0,inf,45976.0,inf,219.0,133.0,86.0,0.0,0.0,0.0,0.0,0.0,0.0
305.0,46118.0,128180.0,82062.0,41031.0,1.779391994449022,33.693576203453325,160224.8731290599,0.2878329631308386,0.0,0.0,1.0,inf,46118.0,inf,219.0,142.0,77.0,0.0,0.0,0.0,0.0,0.0,0.0
306.0,46284.0,128644.0,82360.0,41180.0,1.7794486215538847,33.693576203453325,160224.8731290599,0.28886900701564977,0.0,0.0,1.0,inf,46284.0,inf,217.0,166.0,51.0,0.0,0.0,0.0,0.0,0.0,0.0
307.0,46418.0,129022.0,82604.0,41302.0,1.7795682709293807,33.693576203453325,160224.8731290599,0.2897053315973648,0.0,0.0,1.0,inf,46418.0,inf,216.0,134.0,82.0,0.0,0.0,0.0,0.0,0.0,0.0
308.0,46561.0,129425.0,82864.0,41432.0,1.779686862395567,33.693576203453325,160224.8731290599,0.29059782723307553,0.0,0.0,1.0,inf,46561.0,inf,218.0,143.0,75.0,0.0,0.0,0.0,0.0,0.0,0.0
309.0,46714.0,129856.0,83142.0,41571.0,1.7798090508198827,33.693576203453325,160224.8731290599,0.2915527351510039,0.0,0.0,1.0,inf,46714.0,inf,218.0,153.0,65.0,0.0,0.0,0.0,0.0,0.0,0.0
310.0,46848.0,130244.0,83396.0,41698.0,1.7801400273224044,33.693576203453325,160224.8731290599,0.2923890597327189,0.0,0.0,1.0,inf,46848.0,inf,219.0,134.0,85.0,0.0,0.0,0.0,0.0,0.0,0.0
311.0,46987.0,130629.0,83642.0,41821.0,1.7801093919594781,33.693576203453325,160224.8731290599,0.29325659045554264,0.0,0.0,1.0,inf,46987.0,inf,217.0,139.0,78.0,0.0,0.0,0.0,0.0,0.0,0.0
312.0,47128.0,131018.0,83890.0,41945.0,1.7800458326260398,33.693576203453325,160224.8731290599,0.2941366036348099,0.0,0.0,1.0,inf,47128.0,inf,217.0,141.0,76.0,0.0,0.0,0.0,0.0,0.0,0.0
313.0,47261.0,131395.0,84134.0,42067.0,1.7801993186771334,33.693576203453325,160224.8731290599,0.29496668698830314,0.0,0.0,1.0,inf,47261.0,inf,216.0,133.0,83.0,0.0,0.0,0.0,0.0,0.0,0.0
314.0,47396.0,131766.0,84370.0,42185.0,1.7801080259937547,33.693576203453325,160224.8731290599,0.2958092527982399,0.0,0.0,1.0,inf,47396.0,inf,218.0,135.0,83.0,0.0,0.0,0.0,0.0,0.0,0.0
315.0,47545.0,132191.0,84646.0,42323.0,1.780334420023136,33.693576203453325,160224.8731290599,0.29673919580328123,0.0,0.0,1.0,inf,47545.0,inf,218.0,149.0,69.0,0.0,0.0,0.0,0.0,0.0,0.0
316.0,47674.0,132562.0,84888.0,42444.0,1.7805931954524479,33.693576203453325,160224.8731290599,0.29754431424388744,0.0,0.0,1.0,inf,47674.0,inf,213.0,129.0,84.0,0.0,0.0,0.0,0.0,0.0,0.0
317.0,47811.0,132945.0,85134.0,42567.0,1.7806362552550667,33.693576203453325,160224.8731290599,0.2983993625102677,0.0,0.0,1.0,inf,47811.0,inf,214.0,137.0,77.0,0.0,0.0,0.0,0.0,0.0,0.0
318.0,47942.0,133316.0,85374.0,42687.0,1.780776771932752,33.693576203453325,160224.8731290599,0.29921696340731746,0.0,0.0,1.0,inf,47942.0,inf,215.0,131.0,84.0,0.0,0.0,0.0,0.0,0.0,0.0
319.0,48081.0,133707.0,85626.0,42813.0,1.780869782242466,33.693576203453325,160224.8731290599,0.3000844941301412,0.0,0.0,1.0,inf,48081.0,inf,216.0,139.0,77.0,0.0,0.0,0.0,0.0,0.0,0.0
320.0,48222.0,134108.0,85886.0,42943.0,1.7810542905727675,33.693576203453325,160224.8731290599,0.3009645073094085,0.0,0.0,1.0,inf,48222.0,inf,216.0,141.0,75.0,0.0,0.0,0.0,0.0,0.0,0.0
321.0,48353.0,134467.0,86114.0,43057.0,1.780944305420553,33.693576203453325,160224.8731290599,0.30178210820645823,0.0,0.0,1.0,inf,48353.0,inf,218.0,131.0,87.0,0.0,0.0,0.0,0.0,0.0,0.0
322.0,48501.0,134877.0,86376.0,43188.0,1.780911733778685,33.693576203453325,160224.8731290599,0.3027058099832778,0.0,0.0,1.0,inf,48501.0,inf,217.0,148.0,69.0,0.0,0.0,0.0,0.0,0.0,0.0
323.0,48636.0,135252.0,86616.0,43308.0,1.780903034789045,33.693576203453325,160224.8731290599,0.30354837579321453,0.0,0.0,1.0,inf,48636.0,inf,219.0,135.0,84.0,0.0,0.0,0.0,0.0,0.0,0.0
324.0,48780.0,135644.0,86864.0,43432.0,1.780729807298073,33.693576203453325,160224.8731290599,0.3044471126571471,0.0,0.0,1.0,inf,48780.0,inf,219.0,144.0,75.0,0.0,0.0,0.0,0.0,0.0,0.0
325.0,48917.0,136021.0,87104.0,43552.0,1.7806488541815728,33.693576203453325,160224.8731290599,0.30530216092352735,0.0,0.0,1.0,inf,48917.0,inf,217.0,137.0,80.0,0.0,0.0,0.0,0.0,0.0,0.0
326.0,49052.0,136392.0,87340.0,43670.0,1.7805594063442878,33.693576203453325,160224.8731290599,0.3061447267334641,0.0,0.0,1.0,inf,49052.0,inf,219.0,135.0,84.0,0.0,0.0,0.0,0.0,0.0,0.0
327.0,49189.0,136773.0,87584.0,43792.0,1.7805606944642094,33.693576203453325,160224.8731290599,0.3069997749998444,0.0,0.0,1.0,inf,49189.0,inf,220.0,137.0,83.0,0.0,0.0,0.0,0.0,0.0,0.0
328.0,49335.0,137189.0,87854.0,43927.0,1.780764163372859,33.693576203453325,160224.8731290599,0.3079109943202204,0.0,0.0,1.0,inf,49335.0,inf,219.0,146.0,73.0,0.0,0.0,0.0,0.0,0.0,0.0
329.0,49464.0,137542.0,88078.0,44039.0,1.7806485524826137,33.693576203453325,160224.8731290599,0.3087161127608266,0.0,0.0,1.0,inf,49464.0,inf,219.0,129.0,90.0,0.0,0.0,0.0,0.0,0.0,0.0
330.0,49613.0,137957.0,88344.0,44172.0,1.7806623264063854,33.693576203453325,160224.8731290599,0.30964605576586796,0.0,0.0,1.0,inf,49613.0,inf,220.0,149.0,71.0,0.0,0.0,0.0,0.0,0.0,0.0
331.0,49746.0,138332.0,88586.0,44293.0,1.7807662927672576,33.693576203453325,160224.8731290599,0.31047613911936117,0.0,0.0,1.0,inf,49746.0,inf,217.0,133.0,84.0,0.0,0.0,0.0,0.0,0.0,0.0
332.0,49876.0,138700.0,88824.0,44412.0,1.780896623626594,33.693576203453325,160224.8731290599,0.3112874987881892,0.0,0.0,1.0,inf,49876.0,inf,217.0,130.0,87.0,0.0,0.0,0.0,0.0,0.0,0.0
333.0,50018.0,139092.0,89074.0,44537.0,1.7808388979967211,33.693576203453325,160224.8731290599,0.3121737531956782,0.0,0.0,1.0,inf,50018.0,inf,217.0,142.0,75.0,0.0,0.0,0.0,0.0,0.0,0.0
334.0,50154.0,139462.0,89308.0,44654.0,1.7806755194002473,33.749588850886084,161025.2821210698,0.31146661778422347,0.0,0.0,1.0,inf,50154.0,inf,220.0,136.0,84.0,0.0,0.0,0.0,0.0,0.0,0.0
335.0,50284.0,139818.0,89534.0,44767.0,1.780566382944873,33.749588850886084,161025.2821210698,0.3122739444244107,0.0,0.0,1.0,inf,50284.0,inf,219.0,130.0,89.0,0.0,0.0,0.0,0.0,0.0,0.0
336.0,50421.0,140209.0,89788.0,44894.0,1.7807659506951468,33.749588850886084,161025.2821210698,0.3131247424990695,0.0,0.0,1.0,inf,50421.0,inf,215.0,137.0,78.0,0.0,0.0,0.0,0.0,0.0,0.0
337.0,50556.0,140582.0,90026.0,45013.0,1.780718411266714,33.749588850886084,161025.2821210698,0.3139631201638793,0.0,0.0,1.0,inf,50556.0,inf,218.0,135.0,83.0,0.0,0.0,0.0,0.0,0.0,0.0
338.0,50709.0,141013.0,90304.0,45152.0,1.7808278609319845,33.749588850886084,161025.2821210698,0.3149132815173304,0.0,0.0,1.0,inf,50709.0,inf,219.0,153.0,66.0,0.0,0.0,0.0,0.0,0.0,0.0
339.0,50844.0,141410.0,90566.0,45283.0,1.7812524585005114,33.749588850886084,161025.2821210698,0.3157516591821402,0.0,0.0,1.0,inf,50844.0,inf,217.0,135.0,82.0,0.0,0.0,0.0,0.0,0.0,0.0
340.0,50979.0,141795.0,90816.0,45408.0,1.7814394162302125,33.749588850886084,161025.2821210698,0.31659003684695,0.0,0.0,1.0,inf,50979.0,inf,216.0,135.0,81.0,0.0,0.0,0.0,0.0,0.0,0.0
341.0,51111.0,142165.0,91054.0,45527.0,1.7814951771634286,33.749588850886084,161025.2821210698,0.3174097838969862,0.0,0.0,1.0,inf,51111.0,inf,218.0,132.0,86.0,0.0,0.0,0.0,0.0,0.0,0.0
342.0,51243.0,142549.0,91306.0,45653.0,1.7818238588685285,33.749588850886084,161025.2821210698,0.31822953094702244,0.0,0.0,1.0,inf,51243.0,inf,217.0,132.0,85.0,0.0,0.0,0.0,0.0,0.0,0.0
343.0,51378.0,142924.0,91546.0,45773.0,1.7818132274514384,33.749588850886084,161025.2821210698,0.31906790861183226,0.0,0.0,1.0,inf,51378.0,inf,219.0,135.0,84.0,0.0,0.0,0.0,0.0,0.0,0.0
344.0,51510.0,143284.0,91774.0,45887.0,1.7816734614637935,33.749588850886084,161025.2821210698,0.3198876556618685,0.0,0.0,1.0,inf,51510.0,inf,216.0,132.0,84.0,0.0,0.0,0.0,0.0,0.0,0.0
345.0,51645.0,143665.0,92020.0,46010.0,1.7817794559008617,33.749588850886084,161025.2821210698,0.32072603332667826,0.0,0.0,1.0,inf,51645.0,inf,214.0,135.0,79.0,0.0,0.0,0.0,0.0,0.0,0.0
346.0,51761.0,143983.0,92222.0,46111.0,1.7816889163656033,33.749588850886084,161025.2821210698,0.32144641709792227,0.0,0.0,1.0,inf,51761.0,inf,215.0,116.0,99.0,0.0,0.0,0.0,0.0,0.0,0.0
347.0,51898.0,144368.0,92470.0,46235.0,1.7817642298354464,33.749588850886084,161025.2821210698,0.3222972151725811,0.0,0.0,1.0,inf,51898.0,inf,218.0,137.0,81.0,0.0,0.0,0.0,0.0,0.0,0.0
348.0,52031.0,144737.0,92706.0,46353.0,1.7817454978762661,33.749588850886084,161025.2821210698,0.3231231724275418,0.0,0.0,1.0,inf,52031.0,inf,219.0,133.0,86.0,0.0,0.0,0.0,0.0,0.0,0.0
349.0,52174.0,145136.0,92962.0,46481.0,1.7817686970521716,33.749588850886084,161025.2821210698,0.32401123173174773,0.0,0.0,1.0,inf,52174.0,inf,217.0,143.0,74.0,0.0,0.0,0.0,0.0,0.0,0.0
350.0,52309.0,145511.0,93202.0,46601.0,1.7817583972165403,33.749588850886084,161025.2821210698,0.32484960939655755,0.0,0.0,1.0,inf,52309.0,inf,218.0,135.0,83.0,0.0,0.0,0.0,0.0,0.0,0.0
351.0,52445.0,145887.0,93442.0,46721.0,1.7817141767566023,33.749588850886084,161025.2821210698,0.32569419726629184,0.0,0.0,1.0,inf,52445.0,inf,217.0,136.0,81.0,0.0,0.0,0.0,0.0,0.0,0.0
352.0,52571.0,146235.0,93664.0,46832.0,1.7816666983698237,33.749588850886084,161025.2821210698,0.32647668308678096,0.0,0.0,1.0,inf,52571.0,inf,218.0,126.0,92.0,0.0,0.0,0.0,0.0,0.0,0.0
353.0,52711.0,146609.0,93898.0,46949.0,1.781373906774677,33.749588850886084,161025.2821210698,0.32734611177621337,0.0,0.0,1.0,inf,52711.0,inf,220.0,140.0,80.0,0.0,0.0,0.0,0.0,0.0,0.0
354.0,52852.0,147004.0,94152.0,47076.0,1.7814273821236661,33.749588850886084,161025.2821210698,0.32822175067057024,0.0,0.0,1.0,inf,52852.0,inf,219.0,141.0,78.0,0.0,0.0,0.0,0.0,0.0,0.0
355.0,52997.0,147409.0,94412.0,47206.0,1.781459327886484,33.749588850886084,161025.2821210698,0.3291222303846252,0.0,0.0,1.0,inf,52997.0,inf,219.0,145.0,74.0,0.0,0.0,0.0,0.0,0.0,0.0
356.0,53120.0,147748.0,94628.0,47314.0,1.7814006024096385,33.749588850886084,161025.2821210698,0.32988608559034077,0.0,0.0,1.0,inf,53120.0,inf,219.0,123.0,96.0,0.0,0.0,0.0,0.0,0.0,0.0
357.0,53253.0,148125.0,94872.0,47436.0,1.7815334347360712,33.749588850886084,161025.2821210698,0.33071204284530153,0.0,0.0,1.0,inf,53253.0,inf,219.0,133.0,86.0,0.0,0.0,0.0,0.0,0.0,0.0
358.0,53383.0,148483.0,95100.0,47550.0,1.7814660097783939,33.749588850886084,161025.2821210698,0.33151936948548877,0.0,0.0,1.0,inf,53383.0,inf,216.0,130.0,86.0,0.0,0.0,0.0,0.0,0.0,0.0
359.0,53510.0,148842.0,95332.0,47666.0,1.7815735376565127,33.749588850886084,161025.2821210698,0.3323080655109024,0.0,0.0,1.0,inf,53510.0,inf,219.0,127.0,92.0,0.0,0.0,0.0,0.0,0.0,0.0
360.0,53633.0,149189.0,95556.0,47778.0,1.781664273861242,33.749588850886084,161025.2821210698,0.333071920716618,0.0,0.0,1.0,inf,53633.0,inf,219.0,123.0,96.0,0.0,0.0,0.0,0.0,0.0,0.0
361.0,53770.0,149568.0,95798.0,47899.0,1.781625441696113,33.749588850886084,161025.2821210698,0.33392271879127683,0.0,0.0,1.0,inf,53770.0,inf,218.0,137.0,81.0,0.0,0.0,0.0,0.0,0.0,0.0
362.0,53908.0,149944.0,96036.0,48018.0,1.7814795577650813,33.749588850886084,161025.2821210698,0.3347797270708601,0.0,0.0,1.0,inf,53908.0,inf,218.0,138.0,80.0,0.0,0.0,0.0,0.0,0.0,0.0
363.0,54052.0,150352.0,96300.0,48150.0,1.781617701472656,33.749588850886084,161025.2821210698,0.3356739965799906,0.0,0.0,1.0,inf,54052.0,inf,219.0,144.0,75.0,0.0,0.0,0.0,0.0,0.0,0.0
364.0,54181.0,150707.0,96526.0,48263.0,1.7815470367841124,33.749588850886084,161025.2821210698,0.3364751130152533,0.0,0.0,1.0,inf,54181.0,inf,220.0,129.0,91.0,0.0,0.0,0.0,0.0,0.0,0.0
365.0,54319.0,151101.0,96782.0,48391.0,1.7817338316242934,33.749588850886084,161025.2821210698,0.33733212129483664,0.0,0.0,1.0,inf,54319.0,inf,220.0,138.0,82.0,0.0,0.0,0.0,0.0,0.0,0.0
366.0,54452.0,151472.0,97020.0,48510.0,1.7817527363549548,34.457924072152885,171378.34258045192,0.3177297619997581,0.0,0.0,1.0,inf,54452.0,inf,219.0,133.0,86.0,0.0,0.0,0.0,0.0,0.0,0.0
367.0,54599.0,151891.0,97292.0,48646.0,1.7819373981208446,34.457924072152885,171378.34258045192,0.31858751332228,0.0,0.0,1.0,inf,54599.0,inf,216.0,147.0,69.0,0.0,0.0,0.0,0.0,0.0,0.0
368.0,54743.0,152293.0,97550.0,48775.0,1.7819629907020076,34.457924072152885,171378.34258045192,0.3194277595157709,0.0,0.0,1.0,inf,54743.0,inf,217.0,144.0,73.0,0.0,0.0,0.0,0.0,0.0,0.0
369.0,54867.0,152637.0,97770.0,48885.0,1.781945431680245,34.457924072152885,171378.34258045192,0.32015130484905474,0.0,0.0,1.0,inf,54867.0,inf,216.0,124.0,92.0,0.0,0.0,0.0,0.0,0.0,0.0
370.0,55011.0,153035.0,98024.0,49012.0,1.7818981658213813,34.457924072152885,171378.34258045192,0.3209915510425456,0.0,0.0,1.0,inf,55011.0,inf,219.0,144.0,75.0,0.0,0.0,0.0,0.0,0.0,0.0
371.0,55162.0,153460.0,98298.0,49149.0,1.78198760015953,34.457924072152885,171378.34258045192,0.32187264253710896,0.0,0.0,1.0,inf,55162.0,inf,220.0,151.0,69.0,0.0,0.0,0.0,0.0,0.0,0.0
372.0,55308.0,153880.0,98572.0,49286.0,1.7822376509727345,34.457924072152885,171378.34258045192,0.32272455881662054,0.0,0.0,1.0,inf,55308.0,inf,218.0,146.0,72.0,0.0,0.0,0.0,0.0,0.0,0.0
373.0,55440.0,154260.0,98820.0,49410.0,1.7824675324675325,34.457924072152885,171378.34258045192,0.32349478449398716,0.0,0.0,1.0,inf,55440.0,inf,216.0,132.0,84.0,0.0,0.0,0.0,0.0,0.0,0.0
374.0,55575.0,154641.0,99066.0,49533.0,1.7825641025641026,34.457924072152885,171378.34258045192,0.3242825153003849,0.0,0.0,1.0,inf,55575.0,inf,215.0,135.0,80.0,0.0,0.0,0.0,0.0,0.0,0.0
375.0,55710.0,155020.0,99310.0,49655.0,1.7826243044336745,34.457924072152885,171378.34258045192,0.3250702461067826,0.0,0.0,1.0,inf,55710.0,inf,218.0,135.0,83.0,0.0,0.0,0.0,0.0,0.0,0.0
376.0,55863.0,155449.0,99586.0,49793.0,1.7826826343017739,34.457924072152885,171378.34258045192,0.32596300768736663,0.0,0.0,1.0,inf,55863.0,inf,216.0,153.0,63.0,0.0,0.0,0.0,0.0,0.0,0.0
377.0,56001.0,155835.0,99834.0,49917.0,1.7827181657470403,34.457924072152885,171378.34258045192,0.3267682436227954,0.0,0.0,1.0,inf,56001.0,inf,219.0,138.0,81.0,0.0,0.0,0.0,0.0,0.0,0.0
378.0,56145.0,156235.0,100090.0,50045.0,1.78270549470122,34.457924072152885,171378.34258045192,0.32760848981628626,0.0,0.0,1.0,inf,56145.0,inf,215.0,144.0,71.0,0.0,0.0,0.0,0.0,0.0,0.0
379.0,56283.0,156607.0,100324.0,50162.0,1.782492049108967,34.457924072152885,171378.34258045192,0.328413725751715,0.0,0.0,1.0,inf,56283.0,inf,220.0,138.0,82.0,0.0,0.0,0.0,0.0,0.0,0.0
380.0,56417.0,156981.0,100564.0,50282.0,1.7825123632947515,34.457924072152885,171378.34258045192,0.32919562151510234,0.0,0.0,1.0,inf,56417.0,inf,217.0,134.0,83.0,0.0,0.0,0.0,0.0,0.0,0.0
381.0,56556.0,157376.0,100820.0,50410.0,1.7826578965980622,34.457924072152885,171378.34258045192,0.3300066924935415,0.0,0.0,1.0,inf,56556.0,inf,219.0,139.0,80.0,0.0,0.0,0.0,0.0,0.0,0.0
382.0,56691.0,157757.0,101066.0,50533.0,1.7827521123282355,34.457924072152885,171378.34258045192,0.33079442329993913,0.0,0.0,1.0,inf,56691.0,inf,215.0,135.0,80.0,0.0,0.0,0.0,0.0,0.0,0.0
383.0,56834.0,158166.0,101332.0,50666.0,1.7829468276031952,34.457924072152885,171378.34258045192,0.3316288344504197,0.0,0.0,1.0,inf,56834.0,inf,219.0,143.0,76.0,0.0,0.0,0.0,0.0,0.0,0.0
384.0,56961.0,158523.0,101562.0,50781.0,1.7830094275030284,34.457924072152885,171378.34258045192,0.33236988491273456,0.0,0.0,1.0,inf,56961.0,inf,217.0,127.0,90.0,0.0,0.0,0.0,0.0,0.0,0.0
385.0,57087.0,158881.0,101794.0,50897.0,1.7831380174120202,34.457924072152885,171378.34258045192,0.33310510033203905,0.0,0.0,1.0,inf,57087.0,inf,216.0,126.0,90.0,0.0,0.0,0.0,0.0,0.0,0.0
386.0,57226.0,159270.0,102044.0,51022.0,1.7831754796770698,34.457924072152885,171378.34258045192,0.3339161713104782,0.0,0.0,1.0,inf,57226.0,inf,218.0,139.0,79.0,0.0,0.0,0.0,0.0,0.0,0.0
387.0,57361.0,159655.0,102294.0,51147.0,1.7833371105803595,34.457924072152885,171378.34258045192,0.3347039021168759,0.0,0.0,1.0,inf,57361.0,inf,217.0,135.0,82.0,0.0,0.0,0.0,0.0,0.0,0.0
388.0,57491.0,160033.0,102542.0,51271.0,1.7836183054739003,34.457924072152885,171378.34258045192,0.3354624577082218,0.0,0.0,1.0,inf,57491.0,inf,216.0,130.0,86.0,0.0,0.0,0.0,0.0,0.0,0.0
389.0,57616.0,160382.0,102766.0,51383.0,1.7836364898639268,34.457924072152885,171378.34258045192,0.33619183808451597,0.0,0.0,1.0,inf,57616.0,inf,217.0,125.0,92.0,0.0,0.0,0.0,0.0,0.0,0.0
390.0,57743.0,160741.0,102998.0,51499.0,1.7837313613771366,34.457924072152885,171378.34258045192,0.33693288854683084,0.0,0.0,1.0,inf,57743.0,inf,220.0,127.0,93.0,0.0,0.0,0.0,0.0,0.0,0.0
391.0,57873.0,161107.0,103234.0,51617.0,1.783802464016035,34.457924072152885,171378.34258045192,0.33769144413817676,0.0,0.0,1.0,inf,57873.0,inf,217.0,130.0,87.0,0.0,0.0,0.0,0.0,0.0,0.0
392.0,58007.0,161477.0,103470.0,51735.0,1.7837502370403573,34.457924072152885,171378.34258045192,0.3384733399015641,0.0,0.0,1.0,inf,58007.0,inf,220.0,134.0,86.0,0.0,0.0,0.0,0.0,0.0,0.0
393.0,58153.0,161879.0,103726.0,51863.0,1.7836741010781902,34.457924072152885,171378.34258045192,0.3393252561810757,0.0,0.0,1.0,inf,58153.0,inf,218.0,146.0,72.0,0.0,0.0,0.0,0.0,0.0,0.0
394.0,58292.0,162276.0,103984.0,51992.0,1.7838468400466616,34.457924072152885,171378.34258045192,0.3401363271595148,0.0,0.0,1.0,inf,58292.0,inf,218.0,139.0,79.0,0.0,0.0,0.0,0.0,0.0,0.0
395.0,58421.0,162651.0,104230.0,52115.0,1.7841187244312833,34.92562915522666,178451.9607699975,0.32737662140511553,0.0,0.0,1.0,inf,58421.0,inf,219.0,129.0,90.0,0.0,0.0,0.0,0.0,0.0,0.0
396.0,58566.0,163066.0,104500.0,52250.0,1.7843117166956937,34.92562915522666,178451.9607699975,0.32818916501278644,0.0,0.0,1.0,inf,58566.0,inf,218.0,145.0,73.0,0.0,0.0,0.0,0.0,0.0,0.0
397.0,58712.0,163480.0,104768.0,52384.0,1.7844392969069356,34.92562915522666,178451.9607699975,0.3290073123694757,0.0,0.0,1.0,inf,58712.0,inf,219.0,146.0,73.0,0.0,0.0,0.0,0.0,0.0,0.0
398.0,58853.0,163877.0,105024.0,52512.0,1.7845139585067882,34.92562915522666,178451.9607699975,0.32979744098107294,0.0,0.0,1.0,inf,58853.0,inf,218.0,141.0,77.0,0.0,0.0,0.0,0.0,0.0,0.0
399.0,58979.0,164235.0,105256.0,52628.0,1.784635209142237,34.92562915522666,178451.9607699975,0.33050351335739386,0.0,0.0,1.0,inf,58979.0,inf,215.0,126.0,89.0,0.0,0.0,0.0,0.0,0.0,0.0
400.0,59131.0,164669.0,105538.0,52769.0,1.784816762780944,34.92562915522666,178451.9607699975,0.33135528320819374,0.0,0.0,1.0,inf,59131.0,inf,218.0,152.0,66.0,0.0,0.0,0.0,0.0,0.0,0.0
401.0,59266.0,165048.0,105782.0,52891.0,1.784868221239834,34.92562915522666,178451.9607699975,0.3321117893256804,0.0,0.0,1.0,inf,59266.0,inf,214.0,135.0,79.0,0.0,0.0,0.0,0.0,0.0,0.0
402.0,59391.0,165405.0,106014.0,53007.0,1.7850179320099004,34.92562915522666,178451.9607699975,0.3328122579529829,0.0,0.0,1.0,inf,59391.0,inf,216.0,125.0,91.0,0.0,0.0,0.0,0.0,0.0,0.0
403.0,59525.0,165793.0,106268.0,53134.0,1.7852666946661067,34.92562915522666,178451.9607699975,0.3335631603214512,0.0,0.0,1.0,inf,59525.0,inf,218.0,134.0,84.0,0.0,0.0,0.0,0.0,0.0,0.0
404.0,59677.0,166223.0,106546.0,53273.0,1.7853779513045227,34.92562915522666,178451.9607699975,0.33441493017225105,0.0,0.0,1.0,inf,59677.0,inf,217.0,152.0,65.0,0.0,0.0,0.0,0.0,0.0,0.0
405.0,59836.0,166672.0,106836.0,53418.0,1.7854803128551373,35.6294609134279,189459.4897826562,0.31582477113520446,0.0,0.0,1.0,inf,59836.0,inf,213.0,159.0,54.0,0.0,0.0,0.0,0.0,0.0,0.0
406.0,59988.0,167112.0,107124.0,53562.0,1.7857571514302861,35.6294609134279,189459.4897826562,0.31662705346043596,0.0,0.0,1.0,inf,59988.0,inf,217.0,152.0,65.0,0.0,0.0,0.0,0.0,0.0,0.0
407.0,60145.0,167555.0,107410.0,53705.0,1.78585086042065,35.6294609134279,189459.4897826562,0.31745572665162897,0.0,0.0,1.0,inf,60145.0,inf,219.0,157.0,62.0,0.0,0.0,0.0,0.0,0.0,0.0
408.0,60294.0,167970.0,107676.0,53838.0,1.7858493382426113,35.6294609134279,189459.4897826562,0.31824217445728353,0.0,0.0,1.0,inf,60294.0,inf,218.0,149.0,69.0,0.0,0.0,0.0,0.0,0.0,0.0
409.0,60439.0,168377.0,107938.0,53969.0,1.7858998328893596,35.6294609134279,189459.4897826562,0.3190075095701688,0.0,0.0,1.0,inf,60439.0,inf,215.0,145.0,70.0,0.0,0.0,0.0,0.0,0.0,0.0
410.0,60584.0,168796.0,108212.0,54106.0,1.7861481579294862,35.6294609134279,189459.4897826562,0.3197728446830541,0.0,0.0,1.0,inf,60584.0,inf,217.0,145.0,72.0,0.0,0.0,0.0,0.0,0.0,0.0
411.0,60741.0,169235.0,108494.0,54247.0,1.7861740834033026,35.6294609134279,189459.4897826562,0.3206015178742472,0.0,0.0,1.0,inf,60741.0,inf,216.0,157.0,59.0,0.0,0.0,0.0,0.0,0.0,0.0
412.0,60900.0,169690.0,108790.0,54395.0,1.7863711001642035,35.6294609134279,189459.4897826562,0.3214407474118248,0.0,0.0,1.0,inf,60900.0,inf,212.0,159.0,53.0,0.0,0.0,0.0,0.0,0.0,0.0
413.0,61046.0,170114.0,109068.0,54534.0,1.7866526881368148,35.6294609134279,189459.4897826562,0.32221136069790246,0.0,0.0,1.0,inf,61046.0,inf,218.0,146.0,72.0,0.0,0.0,0.0,0.0,0.0,0.0
414.0,61196.0,170530.0,109334.0,54667.0,1.7866200405255246,35.6294609134279,189459.4897826562,0.3230030866767493,0.0,0.0,1.0,inf,61196.0,inf,218.0,150.0,68.0,0.0,0.0,0.0,0.0,0.0,0.0
415.0,61339.0,170937.0,109598.0,54799.0,1.7867588320644288,35.6294609134279,189459.4897826562,0.32375786544324997,0.0,0.0,1.0,inf,61339.0,inf,216.0,143.0,73.0,0.0,0.0,0.0,0.0,0.0,0.0
416.0,61487.0,171357.0,109870.0,54935.0,1.7868817798884318,35.6294609134279,189459.4897826562,0.32453903507571225,0.0,0.0,1.0,inf,61487.0,inf,216.0,148.0,68.0,0.0,0.0,0.0,0.0,0.0,0.0
417.0,61645.0,171807.0,110162.0,55081.0,1.7870386892692027,35.6294609134279,189459.4897826562,0.3253729864400976,0.0,0.0,1.0,inf,61645.0,inf,217.0,158.0,59.0,0.0,0.0,0.0,0.0,0.0,0.0
418.0,61781.0,172193.0,110412.0,55206.0,1.787151389585795,35.6294609134279,189459.4897826562,0.32609081799425205,0.0,0.0,1.0,inf,61781.0,inf,216.0,136.0,80.0,0.0,0.0,0.0,0.0,0.0,0.0
419.0,61930.0,172610.0,110680.0,55340.0,1.7871790731471016,35.6294609134279,189459.4897826562,0.3268772657999066,0.0,0.0,1.0,inf,61930.0,inf,216.0,149.0,67.0,0.0,0.0,0.0,0.0,0.0,0.0
420.0,62077.0,173029.0,110952.0,55476.0,1.787328640237125,35.6294609134279,189459.4897826562,0.32765315725917654,0.0,0.0,1.0,inf,62077.0,inf,214.0,147.0,67.0,0.0,0.0,0.0,0.0,0.0,0.0
421.0,62237.0,173475.0,111238.0,55619.0,1.787329080771888,35.6294609134279,189459.4897826562,0.32849766496994653,0.0,0.0,1.0,inf,62237.0,inf,216.0,160.0,56.0,0.0,0.0,0.0,0.0,0.0,0.0
422.0,62386.0,173878.0,111492.0,55746.0,1.7871317282723689,35.6294609134279,189459.4897826562,0.32928411277560105,0.0,0.0,1.0,inf,62386.0,inf,216.0,149.0,67.0,0.0,0.0,0.0,0.0,0.0,0.0
423.0,62539.0,174315.0,111776.0,55888.0,1.7873007243480068,35.6294609134279,189459.4897826562,0.3300916732740249,0.0,0.0,1.0,inf,62539.0,inf,214.0,153.0,61.0,0.0,0.0,0.0,0.0,0.0,0.0
424.0,62691.0,174737.0,112046.0,56023.0,1.7872740903797992,35.6294609134279,189459.4897826562,0.33089395559925633,0.0,0.0,1.0,inf,62691.0,inf,218.0,152.0,66.0,0.0,0.0,0.0,0.0,0.0,0.0
425.0,62843.0,175171.0,112328.0,56164.0,1.7874385373072579,35.6294609134279,189459.4897826562,0.3316962379244878,0.0,0.0,1.0,inf,62843.0,inf,218.0,152.0,66.0,0.0,0.0,0.0,0.0,0.0,0.0
426.0,62985.0,175565.0,112580.0,56290.0,1.7874097007223941,35.6294609134279,189459.4897826562,0.3324457385177962,0.0,0.0,1.0,inf,62985.0,inf,218.0,142.0,76.0,0.0,0.0,0.0,0.0,0.0,0.0
427.0,63132.0,175984.0,112852.0,56426.0,1.7875562313882025,35.6294609134279,189459.4897826562,0.3332216299770661,0.0,0.0,1.0,inf,63132.0,inf,217.0,147.0,70.0,0.0,0.0,0.0,0.0,0.0,0.0
428.0,63273.0,176377.0,113104.0,56552.0,1.7875555134101433,35.6294609134279,189459.4897826562,0.3339658523971822,0.0,0.0,1.0,inf,63273.0,inf,216.0,141.0,75.0,0.0,0.0,0.0,0.0,0.0,0.0
429.0,63409.0,176761.0,113352.0,56676.0,1.7876326704411045,35.6294609134279,189459.4897826562,0.33468368395133663,0.0,0.0,1.0,inf,63409.0,inf,214.0,136.0,78.0,0.0,0.0,0.0,0.0,0.0,0.0
430.0,63556.0,177180.0,113624.0,56812.0,1.787777707848197,35.6294609134279,189459.4897826562,0.33545957541060656,0.0,0.0,1.0,inf,63556.0,inf,217.0,147.0,70.0,0.0,0.0,0.0,0.0,0.0,0.0
431.0,63707.0,177605.0,113898.0,56949.0,1.7878412105420127,35.6294609134279,189459.4897826562,0.33625657956264576,0.0,0.0,1.0,inf,63707.0,inf,217.0,151.0,66.0,0.0,0.0,0.0,0.0,0.0,0.0
432.0,63853.0,178015.0,114162.0,57081.0,1.7878878048016538,35.6294609134279,189459.4897826562,0.33702719284872334,0.0,0.0,1.0,inf,63853.0,inf,214.0,146.0,68.0,0.0,0.0,0.0,0.0,0.0,0.0
433.0,64000.0,178432.0,114432.0,57216.0,1.788,35.6294609134279,189459.4897826562,0.3378030843079933,0.0,0.0,1.0,inf,64000.0,inf,220.0,147.0,73.0,0.0,0.0,0.0,0.0,0.0,0.0
434.0,64157.0,178877.0,114720.0,57360.0,1.7881135339869383,35.757694689848165,191512.50859055066,0.3350016167203271,0.0,0.0,1.0,inf,64157.0,inf,218.0,157.0,61.0,0.0,0.0,0.0,0.0,0.0,0.0
435.0,64305.0,179295.0,114990.0,57495.0,1.7881968742710521,35.757694689848165,191512.50859055066,0.3357744121950938,0.0,0.0,1.0,inf,64305.0,inf,220.0,148.0,72.0,0.0,0.0,0.0,0.0,0.0,0.0
436.0,64445.0,179689.0,115244.0,57622.0,1.788253549538366,35.757694689848165,191512.50859055066,0.33650543494149476,0.0,0.0,1.0,inf,64445.0,inf,220.0,140.0,80.0,0.0,0.0,0.0,0.0,0.0,0.0
437.0,64590.0,180090.0,115500.0,57750.0,1.7882025081281931,35.757694689848165,191512.50859055066,0.3372625656431243,0.0,0.0,1.0,inf,64590.0,inf,219.0,145.0,74.0,0.0,0.0,0.0,0.0,0.0,0.0
438.0,64748.0,180536.0,115788.0,57894.0,1.788286896892568,35.757694689848165,191512.50859055066,0.33808757702834824,0.0,0.0,1.0,inf,64748.0,inf,217.0,158.0,59.0,0.0,0.0,0.0,0.0,0.0,0.0
439.0,64895.0,180941.0,116046.0,58023.0,1.788211726635334,35.757694689848165,191512.50859055066,0.33885515091206925,0.0,0.0,1.0,inf,64895.0,inf,219.0,147.0,72.0,0.0,0.0,0.0,0.0,0.0,0.0
440.0,65043.0,181361.0,116318.0,58159.0,1.7883246467721354,35.757694689848165,191512.50859055066,0.33962794638683597,0.0,0.0,1.0,inf,65043.0,inf,217.0,148.0,69.0,0.0,0.0,0.0,0.0,0.0,0.0
441.0,65178.0,181742.0,116564.0,58282.0,1.7883948571603916,35.757694689848165,191512.50859055066,0.3403328611780083,0.0,0.0,1.0,inf,65178.0,inf,213.0,135.0,78.0,0.0,0.0,0.0,0.0,0.0,0.0
442.0,65338.0,182200.0,116862.0,58431.0,1.788576326180783,35.757694689848165,191512.50859055066,0.3411683157453237,0.0,0.0,1.0,inf,65338.0,inf,218.0,160.0,58.0,0.0,0.0,0.0,0.0,0.0,0.0
443.0,65480.0,182594.0,117114.0,58557.0,1.7885461209529627,35.77182242562704,191739.5959857373,0.34150483974562446,0.0,0.0,1.0,inf,65480.0,inf,217.0,142.0,75.0,0.0,0.0,0.0,0.0,0.0,0.0
444.0,65625.0,182989.0,117364.0,58682.0,1.7884038095238095,35.77182242562704,191739.5959857373,0.34226107373711984,0.0,0.0,1.0,inf,65625.0,inf,219.0,145.0,74.0,0.0,0.0,0.0,0.0,0.0,0.0
445.0,65765.0,183381.0,117616.0,58808.0,1.788428495400289,35.77182242562704,191739.5959857373,0.34299123069442566,0.0,0.0,1.0,inf,65765.0,inf,216.0,140.0,76.0,0.0,0.0,0.0,0.0,0.0,0.0
446.0,65920.0,183818.0,117898.0,58949.0,1.788501213592233,35.77182242562704,191739.5959857373,0.34379961875430004,0.0,0.0,1.0,inf,65920.0,inf,218.0,155.0,63.0,0.0,0.0,0.0,0.0,0.0,0.0
447.0,66070.0,184216.0,118146.0,59073.0,1.7881943393370667,35.77182242562704,191739.5959857373,0.34458192977998486,0.0,0.0,1.0,inf,66070.0,inf,218.0,150.0,68.0,0.0,0.0,0.0,0.0,0.0,0.0
448.0,66226.0,184662.0,118436.0,59218.0,1.7883610666505603,35.77182242562704,191739.5959857373,0.3453955332466971,0.0,0.0,1.0,inf,66226.0,inf,216.0,156.0,60.0,0.0,0.0,0.0,0.0,0.0,0.0
449.0,66377.0,185095.0,118718.0,59359.0,1.7885412115642467,35.77182242562704,191739.5959857373,0.34618305967921986,0.0,0.0,1.0,inf,66377.0,inf,220.0,151.0,69.0,0.0,0.0,0.0,0.0,0.0,0.0
450.0,66535.0,185527.0,118992.0,59496.0,1.788412113925002,35.77182242562704,191739.5959857373,0.3470070939596079,0.0,0.0,1.0,inf,66535.0,inf,219.0,158.0,61.0,0.0,0.0,0.0,0.0,0.0,0.0
451.0,66681.0,185937.0,119256.0,59628.0,1.7884554820713547,36.198455283176244,198682.09164198648,0.3356165593432309,0.0,0.0,1.0,inf,66681.0,inf,219.0,146.0,73.0,0.0,0.0,0.0,0.0,0.0,0.0
452.0,66835.0,186373.0,119538.0,59769.0,1.7885539013989675,36.198455283176244,198682.09164198648,0.3363916669471789,0.0,0.0,1.0,inf,66835.0,inf,217.0,154.0,63.0,0.0,0.0,0.0,0.0,0.0,0.0
453.0,66982.0,186786.0,119804.0,59902.0,1.788599922367203,36.198455283176244,198682.09164198648,0.33713154238731113,0.0,0.0,1.0,inf,66982.0,inf,219.0,147.0,72.0,0.0,0.0,0.0,0.0,0.0,0.0
454.0,67133.0,187223.0,120090.0,60045.0,1.7888370845932702,36.198455283176244,198682.09164198648,0.33789155049248093,0.0,0.0,1.0,inf,67133.0,inf,219.0,151.0,68.0,0.0,0.0,0.0,0.0,0.0,0.0
455.0,67291.0,187655.0,120364.0,60182.0,1.7887087426253139,36.198455283176244,198682.09164198648,0.33868679076146657,0.0,0.0,1.0,inf,67291.0,inf,220.0,158.0,62.0,0.0,0.0,0.0,0.0,0.0,0.0
456.0,67430.0,188056.0,120626.0,60313.0,1.7889070146818924,36.198455283176244,198682.09164198648,0.33938640087152355,0.0,0.0,1.0,inf,67430.0,inf,218.0,139.0,79.0,0.0,0.0,0.0,0.0,0.0,0.0
457.0,67580.0,188490.0,120910.0,60455.0,1.7891387984610831,36.198455283176244,198682.09164198648,0.34014137581043397,0.0,0.0,1.0,inf,67580.0,inf,217.0,150.0,67.0,0.0,0.0,0.0,0.0,0.0,0.0
458.0,67716.0,188856.0,121140.0,60570.0,1.7889420520999468,36.198455283176244,198682.09164198648,0.3408258864217127,0.0,0.0,1.0,inf,67716.0,inf,218.0,136.0,82.0,0.0,0.0,0.0,0.0,0.0,0.0
459.0,67872.0,189300.0,121428.0,60714.0,1.789073550212164,36.198455283176244,198682.09164198648,0.3416110603581795,0.0,0.0,1.0,inf,67872.0,inf,216.0,156.0,60.0,0.0,0.0,0.0,0.0,0.0,0.0
460.0,68023.0,189739.0,121716.0,60858.0,1.7893359598959175,36.198455283176244,198682.09164198648,0.34237106846334936,0.0,0.0,1.0,inf,68023.0,inf,214.0,151.0,63.0,0.0,0.0,0.0,0.0,0.0,0.0
461.0,68182.0,190186.0,122004.0,61002.0,1.7893872283007246,36.198455283176244,198682.09164198648,0.3431713418985944,0.0,0.0,1.0,inf,68182.0,inf,217.0,159.0,58.0,0.0,0.0,0.0,0.0,0.0,0.0
462.0,68334.0,190606.0,122272.0,61136.0,1.7893288845962478,36.198455283176244,198682.09164198648,0.34393638317002356,0.0,0.0,1.0,inf,68334.0,inf,214.0,152.0,62.0,0.0,0.0,0.0,0.0,0.0,0.0
463.0,68490.0,191044.0,122554.0,61277.0,1.7893707110527084,36.198455283176244,198682.09164198648,0.3447215571064904,0.0,0.0,1.0,inf,68490.0,inf,218.0,156.0,62.0,0.0,0.0,0.0,0.0,0.0,0.0
464.0,68638.0,191446.0,122808.0,61404.0,1.7892129724059558,36.198455283176244,198682.09164198648,0.345466465712882,0.0,0.0,1.0,inf,68638.0,inf,215.0,148.0,67.0,0.0,0.0,0.0,0.0,0.0,0.0
465.0,68799.0,191899.0,123100.0,61550.0,1.7892701928807104,36.198455283176244,198682.09164198648,0.3462768054806458,0.0,0.0,1.0,inf,68799.0,inf,219.0,161.0,58.0,0.0,0.0,0.0,0.0,0.0,0.0
466.0,68936.0,192286.0,123350.0,61675.0,1.789340837878612,36.198455283176244,198682.09164198648,0.346966349258184,0.0,0.0,1.0,inf,68936.0,inf,216.0,137.0,79.0,0.0,0.0,0.0,0.0,0.0,0.0
467.0,69092.0,192724.0,123632.0,61816.0,1.7893822729114803,36.198455283176244,198682.09164198648,0.3477515231946508,0.0,0.0,1.0,inf,69092.0,inf,220.0,156.0,64.0,0.0,0.0,0.0,0.0,0.0,0.0
468.0,69249.0,193165.0,123916.0,61958.0,1.7894265621164205,36.198455283176244,198682.09164198648,0.34854173029737706,0.0,0.0,1.0,inf,69249.0,inf,218.0,157.0,61.0,0.0,0.0,0.0,0.0,0.0,0.0
469.0,69398.0,193596.0,124198.0,62099.0,1.7896481166604226,36.198455283176244,198682.09164198648,0.34929167207002804,0.0,0.0,1.0,inf,69398.0,inf,217.0,149.0,68.0,0.0,0.0,0.0,0.0,0.0,0.0
470.0,69534.0,193970.0,124436.0,62218.0,1.7895705697931947,36.198455283176244,198682.09164198648,0.3499761826813068,0.0,0.0,1.0,inf,69534.0,inf,218.0,136.0,82.0,0.0,0.0,0.0,0.0,0.0,0.0
471.0,69684.0,194400.0,124716.0,62358.0,1.789736524883761,36.198455283176244,198682.09164198648,0.3507311576202172,0.0,0.0,1.0,inf,69684.0,inf,220.0,150.0,70.0,0.0,0.0,0.0,0.0,0.0,0.0
472.0,69829.0,194811.0,124982.0,62491.0,1.7898294404903408,36.198455283176244,198682.09164198648,0.3514609667278306,0.0,0.0,1.0,inf,69829.0,inf,219.0,145.0,74.0,0.0,0.0,0.0,0.0,0.0,0.0
473.0,69988.0,195258.0,125270.0,62635.0,1.7898782648454021,36.198455283176244,198682.09164198648,0.35226124016307564,0.0,0.0,1.0,inf,69988.0,inf,218.0,159.0,59.0,0.0,0.0,0.0,0.0,0.0,0.0
474.0,70137.0,195671.0,125534.0,62767.0,1.7898398847968975,36.198455283176244,198682.09164198648,0.3530111819357266,0.0,0.0,1.0,inf,70137.0,inf,216.0,149.0,67.0,0.0,0.0,0.0,0.0,0.0,0.0
475.0,70291.0,196109.0,125818.0,62909.0,1.7899588852057873,36.31949707070729,200681.84608351436,0.3502608799539754,0.0,0.0,1.0,inf,70291.0,inf,217.0,154.0,63.0,0.0,0.0,0.0,0.0,0.0,0.0
476.0,70430.0,196492.0,126062.0,63031.0,1.7898906715888117,36.31949707070729,200681.84608351436,0.3509535185892716,0.0,0.0,1.0,inf,70430.0,inf,219.0,139.0,80.0,0.0,0.0,0.0,0.0,0.0,0.0
477.0,70598.0,196972.0,126374.0,63187.0,1.7900507096518314,36.31949707070729,200681.84608351436,0.35179066456574465,0.0,0.0,1.0,inf,70598.0,inf,220.0,168.0,52.0,0.0,0.0,0.0,0.0,0.0,0.0
478.0,70752.0,197406.0,126654.0,63327.0,1.7901119402985075,36.31949707070729,200681.84608351436,0.35255804837751165,0.0,0.0,1.0,inf,70752.0,inf,216.0,154.0,62.0,0.0,0.0,0.0,0.0,0.0,0.0
479.0,70898.0,197804.0,126906.0,63453.0,1.7899799712262687,36.31949707070729,200681.84608351436,0.3532855680951608,0.0,0.0,1.0,inf,70898.0,inf,215.0,146.0,69.0,0.0,0.0,0.0,0.0,0.0,0.0
480.0,71052.0,198228.0,127176.0,63588.0,1.7899003546698193,36.31949707070729,200681.84608351436,0.3540529519069278,0.0,0.0,1.0,inf,71052.0,inf,218.0,154.0,64.0,0.0,0.0,0.0,0.0,0.0,0.0
481.0,71194.0,198618.0,127424.0,63712.0,1.78981374834958,36.31949707070729,200681.84608351436,0.35476053957751813,0.0,0.0,1.0,inf,71194.0,inf,219.0,142.0,77.0,0.0,0.0,0.0,0.0,0.0,0.0
482.0,71342.0,199042.0,127700.0,63850.0,1.7899694429648734,36.31949707070729,200681.84608351436,0.3554980253186968,0.0,0.0,1.0,inf,71342.0,inf,215.0,148.0,67.0,0.0,0.0,0.0,0.0,0.0,0.0
483.0,71491.0,199461.0,127970.0,63985.0,1.7900155264299002,36.31949707070729,200681.84608351436,0.35624049407164016,0.0,0.0,1.0,inf,71491.0,inf,217.0,149.0,68.0,0.0,0.0,0.0,0.0,0.0,0.0
484.0,71624.0,199846.0,128222.0,64111.0,1.7902099854797275,36.31949707070729,200681.84608351436,0.356903234636348,0.0,0.0,1.0,inf,71624.0,inf,218.0,133.0,85.0,0.0,0.0,0.0,0.0,0.0,0.0
485.0,71758.0,200226.0,128468.0,64234.0,1.7902951587279468,36.31949707070729,200681.84608351436,0.35757095821282053,0.0,0.0,1.0,inf,71758.0,inf,216.0,134.0,82.0,0.0,0.0,0.0,0.0,0.0,0.0
486.0,71908.0,200648.0,128740.0,64370.0,1.7903432163319797,36.31949707070729,200681.84608351436,0.3583184099775286,0.0,0.0,1.0,inf,71908.0,inf,216.0,150.0,66.0,0.0,0.0,0.0,0.0,0.0,0.0
487.0,72058.0,201062.0,129004.0,64502.0,1.7902800521801883,36.31949707070729,200681.84608351436,0.3590658617422367,0.0,0.0,1.0,inf,72058.0,inf,216.0,150.0,66.0,0.0,0.0,0.0,0.0,0.0,0.0
488.0,72200.0,201460.0,129260.0,64630.0,1.7903047091412743,36.31949707070729,200681.84608351436,0.3597734494128271,0.0,0.0,1.0,inf,72200.0,inf,219.0,142.0,77.0,0.0,0.0,0.0,0.0,0.0,0.0
489.0,72351.0,201883.0,129532.0,64766.0,1.790327707979157,36.31949707070729,200681.84608351436,0.36052588418929987,0.0,0.0,1.0,inf,72351.0,inf,220.0,151.0,69.0,0.0,0.0,0.0,0.0,0.0,0.0
490.0,72496.0,202282.0,129786.0,64893.0,1.7902504965791215,36.31949707070729,200681.84608351436,0.36124842089518433,0.0,0.0,1.0,inf,72496.0,inf,217.0,145.0,72.0,0.0,0.0,0.0,0.0,0.0,0.0
491.0,72647.0,202671.0,130024.0,65012.0,1.789805497818217,36.31949707070729,200681.84608351436,0.3620008556716572,0.0,0.0,1.0,inf,72647.0,inf,217.0,151.0,66.0,0.0,0.0,0.0,0.0,0.0,0.0
492.0,72797.0,203093.0,130296.0,65148.0,1.7898539774990727,36.31949707070729,200681.84608351436,0.36274830743636527,0.0,0.0,1.0,inf,72797.0,inf,217.0,150.0,67.0,0.0,0.0,0.0,0.0,0.0,0.0
493.0,72948.0,203504.0,130556.0,65278.0,1.7897132203761583,36.31949707070729,200681.84608351436,0.36350074221283807,0.0,0.0,1.0,inf,72948.0,inf,220.0,151.0,69.0,0.0,0.0,0.0,0.0,0.0,0.0
494.0,73096.0,203916.0,130820.0,65410.0,1.7897012148407574,36.31949707070729,200681.84608351436,0.3642382279540167,0.0,0.0,1.0,inf,73096.0,inf,215.0,148.0,67.0,0.0,0.0,0.0,0.0,0.0,0.0
495.0,73235.0,204293.0,131058.0,65529.0,1.789554174916365,36.31949707070729,200681.84608351436,0.3649308665893129,0.0,0.0,1.0,inf,73235.0,inf,216.0,139.0,77.0,0.0,0.0,0.0,0.0,0.0,0.0
496.0,73383.0,204713.0,131330.0,65665.0,1.7896515541746727,36.31949707070729,200681.84608351436,0.3656683523304915,0.0,0.0,1.0,inf,73383.0,inf,219.0,148.0,71.0,0.0,0.0,0.0,0.0,0.0,0.0
497.0,73521.0,205083.0,131562.0,65781.0,1.789447912841229,36.31949707070729,200681.84608351436,0.36635600795402296,0.0,0.0,1.0,inf,73521.0,inf,216.0,138.0,78.0,0.0,0.0,0.0,0.0,0.0,0.0
498.0,73670.0,205502.0,131832.0,65916.0,1.7894936880684131,36.31949707070729,200681.84608351436,0.3670984767069663,0.0,0.0,1.0,inf,73670.0,inf,219.0,149.0,70.0,0.0,0.0,0.0,0.0,0.0,0.0
499.0,73804.0,205874.0,132070.0,66035.0,1.789469405452279,36.31949707070729,200681.84608351436,0.36776620028343887,0.0,0.0,1.0,inf,73804.0,inf,217.0,134.0,83.0,0.0,0.0,0.0,0.0,0.0,0.0
500.0,73947.0,206263.0,132316.0,66158.0,1.7893356052307734,36.31949707070729,200681.84608351436,0.36847877096579396,0.0,0.0,1.0,inf,73947.0,inf,219.0,143.0,76.0,0.0,0.0,0.0,0.0,0.0,0.0
501.0,74085.0,206651.0,132566.0,66283.0,1.7893770668826348,36.31949707070729,200681.84608351436,0.36916642658932536,0.0,0.0,1.0,inf,74085.0,inf,217.0,138.0,79.0,0.0,0.0,0.0,0.0,0.0,0.0
502.0,74223.0,207043.0,132820.0,66410.0,1.7894722660091886,36.31949707070729,200681.84608351436,0.3698540822128568,0.0,0.0,1.0,inf,74223.0,inf,217.0,138.0,79.0,0.0,0.0,0.0,0.0,0.0,0.0
503.0,74375.0,207467.0,133092.0,66546.0,1.789472268907563,36.31949707070729,200681.84608351436,0.37061150000109433,0.0,0.0,1.0,inf,74375.0,inf,217.0,152.0,65.0,0.0,0.0,0.0,0.0,0.0,0.0
504.0,74515.0,207855.0,133340.0,66670.0,1.7894383681138026,36.31949707070729,200681.84608351436,0.3713091216481552,0.0,0.0,1.0,inf,74515.0,inf,218.0,140.0,78.0,0.0,0.0,0.0,0.0,0.0,0.0
505.0,74660.0,208258.0,133598.0,66799.0,1.7894186980980444,36.31949707070729,200681.84608351436,0.37203165835403973,0.0,0.0,1.0,inf,74660.0,inf,219.0,145.0,74.0,0.0,0.0,0.0,0.0,0.0,0.0
506.0,74800.0,208638.0,133838.0,66919.0,1.7892780748663102,36.31949707070729,200681.84608351436,0.3727292800011006,0.0,0.0,1.0,inf,74800.0,inf,217.0,140.0,77.0,0.0,0.0,0.0,0.0,0.0,0.0
507.0,74938.0,209028.0,134090.0,67045.0,1.7893458592436413,36.31949707070729,200681.84608351436,0.3734169356246321,0.0,0.0,1.0,inf,74938.0,inf,220.0,138.0,82.0,0.0,0.0,0.0,0.0,0.0,0.0
508.0,75096.0,209460.0,134364.0,67182.0,1.789229785874081,36.31949707070729,200681.84608351436,0.37420425148345793,0.0,0.0,1.0,inf,75096.0,inf,218.0,158.0,60.0,0.0,0.0,0.0,0.0,0.0,0.0
509.0,75244.0,209882.0,134638.0,67319.0,1.7893519749082982,36.31949707070729,200681.84608351436,0.37494173722463653,0.0,0.0,1.0,inf,75244.0,inf,217.0,148.0,69.0,0.0,0.0,0.0,0.0,0.0,0.0
510.0,75379.0,210259.0,134880.0,67440.0,1.7893577786916781,36.31949707070729,200681.84608351436,0.37561444381287384,0.0,0.0,1.0,inf,75379.0,inf,216.0,135.0,81.0,0.0,0.0,0.0,0.0,0.0,0.0
511.0,75517.0,210645.0,135128.0,67564.0,1.789371929499318,36.31949707070729,200681.84608351436,0.37630209943640525,0.0,0.0,1.0,inf,75517.0,inf,219.0,138.0,81.0,0.0,0.0,0.0,0.0,0.0,0.0
512.0,75658.0,211026.0,135368.0,67684.0,1.789209336752227,36.31949707070729,200681.84608351436,0.3770047040952309,0.0,0.0,1.0,inf,75658.0,inf,218.0,141.0,77.0,0.0,0.0,0.0,0.0,0.0,0.0
513.0,75801.0,211429.0,135628.0,67814.0,1.7892639938787087,36.39475239483597,201931.89299095323,0.3753790393248875,0.0,0.0,1.0,inf,75801.0,inf,218.0,143.0,75.0,0.0,0.0,0.0,0.0,0.0,0.0
514.0,75939.0,211817.0,135878.0,67939.0,1.7893045734076034,36.39475239483597,201931.89299095323,0.37606243805876743,0.0,0.0,1.0,inf,75939.0,inf,220.0,138.0,82.0,0.0,0.0,0.0,0.0,0.0,0.0
515.0,76084.0,212224.0,136140.0,68070.0,1.7893380999947426,36.39475239483597,201931.89299095323,0.3767805019458152,0.0,0.0,1.0,inf,76084.0,inf,220.0,145.0,75.0,0.0,0.0,0.0,0.0,0.0,0.0
516.0,76232.0,212654.0,136422.0,68211.0,1.78956343792633,36.868877293843084,209927.02356166273,0.36313571595801747,0.0,0.0,1.0,inf,76232.0,inf,219.0,148.0,71.0,0.0,0.0,0.0,0.0,0.0,0.0
517.0,76378.0,213072.0,136694.0,68347.0,1.7897038414203044,36.868877293843084,209927.02356166273,0.3638311957372424,0.0,0.0,1.0,inf,76378.0,inf,217.0,146.0,71.0,0.0,0.0,0.0,0.0,0.0,0.0
518.0,76533.0,213499.0,136966.0,68483.0,1.7896332301098872,36.868877293843084,209927.02356166273,0.3645695475576523,0.0,0.0,1.0,inf,76533.0,inf,219.0,155.0,64.0,0.0,0.0,0.0,0.0,0.0,0.0
519.0,76686.0,213922.0,137236.0,68618.0,1.7895834963357067,36.868877293843084,209927.02356166273,0.36529837225779893,0.0,0.0,1.0,inf,76686.0,inf,217.0,153.0,64.0,0.0,0.0,0.0,0.0,0.0,0.0
520.0,76829.0,214323.0,137494.0,68747.0,1.7896106938786136,36.868877293843084,209927.02356166273,0.3659795613566288,0.0,0.0,1.0,inf,76829.0,inf,216.0,143.0,73.0,0.0,0.0,0.0,0.0,0.0,0.0
521.0,76970.0,214712.0,137742.0,68871.0,1.7895543718331817,37.01340592558137,212405.5007967285,0.36237291271312266,0.0,0.0,1.0,inf,76970.0,inf,218.0,141.0,77.0,0.0,0.0,0.0,0.0,0.0,0.0
522.0,77118.0,215144.0,138026.0,69013.0,1.7898026401099614,37.01340592558137,212405.5007967285,0.36306969316110943,0.0,0.0,1.0,inf,77118.0,inf,217.0,148.0,69.0,0.0,0.0,0.0,0.0,0.0,0.0
523.0,77267.0,215565.0,138298.0,69149.0,1.7898714845923875,37.01340592558137,212405.5007967285,0.3637711815850961,0.0,0.0,1.0,inf,77267.0,inf,218.0,149.0,69.0,0.0,0.0,0.0,0.0,0.0,0.0
524.0,77420.0,215996.0,138576.0,69288.0,1.7899250839576337,37.01340592558137,212405.5007967285,0.36449150191308244,0.0,0.0,1.0,inf,77420.0,inf,218.0,153.0,65.0,0.0,0.0,0.0,0.0,0.0,0.0
525.0,77568.0,216416.0,138848.0,69424.0,1.790016501650165,37.01340592558137,212405.5007967285,0.3651882823610692,0.0,0.0,1.0,inf,77568.0,inf,217.0,148.0,69.0,0.0,0.0,0.0,0.0,0.0,0.0
526.0,77714.0,216830.0,139116.0,69558.0,1.7901021694932702,37.01340592558137,212405.5007967285,0.36587564685705615,0.0,0.0,1.0,inf,77714.0,inf,217.0,146.0,71.0,0.0,0.0,0.0,0.0,0.0,0.0
527.0,77849.0,217207.0,139358.0,69679.0,1.7901064882015183,37.01340592558137,212405.5007967285,0.3665112236170441,0.0,0.0,1.0,inf,77849.0,inf,218.0,135.0,83.0,0.0,0.0,0.0,0.0,0.0,0.0
528.0,77989.0,217599.0,139610.0,69805.0,1.7901242482914257,37.01340592558137,212405.5007967285,0.3671703402570316,0.0,0.0,1.0,inf,77989.0,inf,219.0,140.0,79.0,0.0,0.0,0.0,0.0,0.0,0.0
529.0,78129.0,217987.0,139858.0,69929.0,1.7900907473537355,37.01340592558137,212405.5007967285,0.36782945689701907,0.0,0.0,1.0,inf,78129.0,inf,217.0,140.0,77.0,0.0,0.0,0.0,0.0,0.0,0.0
530.0,78263.0,218361.0,140098.0,70049.0,1.790092380818522,37.01340592558137,212405.5007967285,0.3684603256810071,0.0,0.0,1.0,inf,78263.0,inf,215.0,134.0,81.0,0.0,0.0,0.0,0.0,0.0,0.0
531.0,78409.0,218773.0,140364.0,70182.0,1.7901516407555256,37.01340592558137,212405.5007967285,0.36914769017699406,0.0,0.0,1.0,inf,78409.0,inf,219.0,146.0,73.0,0.0,0.0,0.0,0.0,0.0,0.0
532.0,78557.0,219191.0,140634.0,70317.0,1.7902160214875822,37.01340592558137,212405.5007967285,0.3698444706249808,0.0,0.0,1.0,inf,78557.0,inf,218.0,148.0,70.0,0.0,0.0,0.0,0.0,0.0,0.0
533.0,78707.0,219607.0,140900.0,70450.0,1.7901838464177264,37.01340592558137,212405.5007967285,0.3705506670249674,0.0,0.0,1.0,inf,78707.0,inf,218.0,150.0,68.0,0.0,0.0,0.0,0.0,0.0,0.0
534.0,78856.0,220020.0,141164.0,70582.0,1.7901491325961245,37.01340592558137,212405.5007967285,0.3712521554489541,0.0,0.0,1.0,inf,78856.0,inf,218.0,149.0,69.0,0.0,0.0,0.0,0.0,0.0,0.0
535.0,78999.0,220421.0,141422.0,70711.0,1.7901745591716351,37.01340592558137,212405.5007967285,0.37192539601694136,0.0,0.0,1.0,inf,78999.0,inf,216.0,143.0,73.0,0.0,0.0,0.0,0.0,0.0,0.0
536.0,79136.0,220806.0,141670.0,70835.0,1.7902092600080874,37.01340592558137,212405.5007967285,0.3725703887289291,0.0,0.0,1.0,inf,79136.0,inf,219.0,137.0,82.0,0.0,0.0,0.0,0.0,0.0,0.0
537.0,79277.0,221205.0,141928.0,70964.0,1.7902796523581872,37.01340592558137,212405.5007967285,0.3732342133449165,0.0,0.0,1.0,inf,79277.0,inf,220.0,141.0,79.0,0.0,0.0,0.0,0.0,0.0,0.0
538.0,79418.0,221590.0,142172.0,71086.0,1.790173512301997,37.01340592558137,212405.5007967285,0.37389803796090393,0.0,0.0,1.0,inf,79418.0,inf,217.0,141.0,76.0,0.0,0.0,0.0,0.0,0.0,0.0
539.0,79558.0,221984.0,142426.0,71213.0,1.7902159430855475,37.01340592558137,212405.5007967285,0.3745571546008914,0.0,0.0,1.0,inf,79558.0,inf,219.0,140.0,79.0,0.0,0.0,0.0,0.0,0.0,0.0
540.0,79696.0,222370.0,142674.0,71337.0,1.7902278658903834,37.01340592558137,212405.5007967285,0.3752068552888791,0.0,0.0,1.0,inf,79696.0,inf,220.0,138.0,82.0,0.0,0.0,0.0,0.0,0.0,0.0
541.0,79846.0,222788.0,142942.0,71471.0,1.7902211757633444,37.01340592558137,212405.5007967285,0.3759130516888657,0.0,0.0,1.0,inf,79846.0,inf,218.0,150.0,68.0,0.0,0.0,0.0,0.0,0.0,0.0
542.0,79986.0,223180.0,143194.0,71597.0,1.7902382917010478,37.01340592558137,212405.5007967285,0.37657216832885315,0.0,0.0,1.0,inf,79986.0,inf,219.0,140.0,79.0,0.0,0.0,0.0,0.0,0.0,0.0
543.0,80128.0,223576.0,143448.0,71724.0,1.7902356230031948,37.01340592558137,212405.5007967285,0.37724070092084044,0.0,0.0,1.0,inf,80128.0,inf,219.0,142.0,77.0,0.0,0.0,0.0,0.0,0.0,0.0
544.0,80269.0,223975.0,143706.0,71853.0,1.790305099104262,37.01340592558137,212405.5007967285,0.37790452553682785,0.0,0.0,1.0,inf,80269.0,inf,218.0,141.0,77.0,0.0,0.0,0.0,0.0,0.0,0.0
545.0,80414.0,224384.0,143970.0,71985.0,1.7903598875817643,37.01340592558137,212405.5007967285,0.3785871820568149,0.0,0.0,1.0,inf,80414.0,inf,218.0,145.0,73.0,0.0,0.0,0.0,0.0,0.0,0.0
546.0,80560.0,224786.0,144226.0,72113.0,1.7902929493545183,37.01340592558137,212405.5007967285,0.37927454655280185,0.0,0.0,1.0,inf,80560.0,inf,216.0,146.0,70.0,0.0,0.0,0.0,0.0,0.0,0.0
547.0,80697.0,225165.0,144468.0,72234.0,1.790252425740734,37.01340592558137,212405.5007967285,0.3799195392647896,0.0,0.0,1.0,inf,80697.0,inf,218.0,137.0,81.0,0.0,0.0,0.0,0.0,0.0,0.0
548.0,80855.0,225605.0,144750.0,72375.0,1.7902417908601818,37.01340592558137,212405.5007967285,0.3806633994727755,0.0,0.0,1.0,inf,80855.0,inf,220.0,158.0,62.0,0.0,0.0,0.0,0.0,0.0,0.0
549.0,80988.0,225974.0,144986.0,72493.0,1.790215834444609,37.01340592558137,212405.5007967285,0.3812895602807636,0.0,0.0,1.0,inf,80988.0,inf,219.0,133.0,86.0,0.0,0.0,0.0,0.0,0.0,0.0
550.0,81130.0,226372.0,145242.0,72621.0,1.7902378898064835,37.01340592558137,212405.5007967285,0.38195809287275095,0.0,0.0,1.0,inf,81130.0,inf,218.0,142.0,76.0,0.0,0.0,0.0,0.0,0.0,0.0
551.0,81278.0,226782.0,145504.0,72752.0,1.7902015305494723,37.01340592558137,212405.5007967285,0.3826548733207377,0.0,0.0,1.0,inf,81278.0,inf,219.0,148.0,71.0,0.0,0.0,0.0,0.0,0.0,0.0
552.0,81424.0,227186.0,145762.0,72881.0,1.7901601493417174,37.01340592558137,212405.5007967285,0.38334223781672466,0.0,0.0,1.0,inf,81424.0,inf,219.0,146.0,73.0,0.0,0.0,0.0,0.0,0.0,0.0
553.0,81560.0,227564.0,146004.0,73002.0,1.7901422265816578,37.01340592558137,212405.5007967285,0.38398252255271254,0.0,0.0,1.0,inf,81560.0,inf,219.0,136.0,83.0,0.0,0.0,0.0,0.0,0.0,0.0
554.0,81704.0,227968.0,146264.0,73132.0,1.7901693919514345,37.01340592558137,212405.5007967285,0.38466047109669965,0.0,0.0,1.0,inf,81704.0,inf,220.0,144.0,76.0,0.0,0.0,0.0,0.0,0.0,0.0
555.0,81863.0,228409.0,146546.0,73273.0,1.7901371804111748,37.38789667495162,218918.1204107001,0.3739434627267098,0.0,0.0,1.0,inf,81863.0,inf,217.0,159.0,58.0,0.0,0.0,0.0,0.0,0.0,0.0
556.0,82005.0,228809.0,146804.0,73402.0,1.790183525394793,37.38789667495162,218918.1204107001,0.37459210706795304,0.0,0.0,1.0,inf,82005.0,inf,220.0,142.0,78.0,0.0,0.0,0.0,0.0,0.0,0.0
557.0,82141.0,229205.0,147064.0,73532.0,1.7903848260917203,37.38789667495162,218918.1204107001,0.37521334390181976,0.0,0.0,1.0,inf,82141.0,inf,215.0,136.0,79.0,0.0,0.0,0.0,0.0,0.0,0.0
558.0,82280.0,229586.0,147306.0,73653.0,1.7903014098201264,37.38789667495162,218918.1204107001,0.37584828448937474,0.0,0.0,1.0,inf,82280.0,inf,216.0,139.0,77.0,0.0,0.0,0.0,0.0,0.0,0.0
559.0,82418.0,229974.0,147556.0,73778.0,1.7903370622922177,37.38789667495162,218918.1204107001,0.3764786571590336,0.0,0.0,1.0,inf,82418.0,inf,217.0,138.0,79.0,0.0,0.0,0.0,0.0,0.0,0.0
560.0,82565.0,230393.0,147828.0,73914.0,1.7904438926906074,37.38789667495162,218918.1204107001,0.3771501410897572,0.0,0.0,1.0,inf,82565.0,inf,219.0,147.0,72.0,0.0,0.0,0.0,0.0,0.0,0.0
561.0,82706.0,230782.0,148076.0,74038.0,1.7903900563441588,37.38789667495162,218918.1204107001,0.3777942175131043,0.0,0.0,1.0,inf,82706.0,inf,218.0,141.0,77.0,0.0,0.0,0.0,0.0,0.0,0.0
562.0,82855.0,231197.0,148342.0,74171.0,1.7903807857099752,37.38789667495162,218918.1204107001,0.3784748372796201,0.0,0.0,1.0,inf,82855.0,inf,213.0,149.0,64.0,0.0,0.0,0.0,0.0,0.0,0.0
563.0,83007.0,231629.0,148622.0,74311.0,1.7904755020660907,37.38789667495162,218918.1204107001,0.3791691607998241,0.0,0.0,1.0,inf,83007.0,inf,217.0,152.0,65.0,0.0,0.0,0.0,0.0,0.0,0.0
564.0,83141.0,232015.0,148874.0,74437.0,1.790620752697225,37.38789667495162,218918.1204107001,0.3797812617978987,0.0,0.0,1.0,inf,83141.0,inf,218.0,134.0,84.0,0.0,0.0,0.0,0.0,0.0,0.0
565.0,83282.0,232414.0,149132.0,74566.0,1.7906870632309502,37.38789667495162,218918.1204107001,0.3804253382212458,0.0,0.0,1.0,inf,83282.0,inf,219.0,141.0,78.0,0.0,0.0,0.0,0.0,0.0,0.0
566.0,83422.0,232798.0,149376.0,74688.0,1.7906067943707895,37.38789667495162,218918.1204107001,0.3810648467266969,0.0,0.0,1.0,inf,83422.0,inf,218.0,140.0,78.0,0.0,0.0,0.0,0.0,0.0,0.0
567.0,83574.0,233212.0,149638.0,74819.0,1.7904850790915836,37.38789667495162,218918.1204107001,0.38175917024690087,0.0,0.0,1.0,inf,83574.0,inf,218.0,152.0,66.0,0.0,0.0,0.0,0.0,0.0,0.0
568.0,83728.0,233642.0,149914.0,74957.0,1.7904882476590867,37.38789667495162,218918.1204107001,0.382462629602897,0.0,0.0,1.0,inf,83728.0,inf,215.0,154.0,61.0,0.0,0.0,0.0,0.0,0.0,0.0
569.0,83872.0,234030.0,150158.0,75079.0,1.7903233498664632,37.38789667495162,218918.1204107001,0.3831204097799324,0.0,0.0,1.0,inf,83872.0,inf,217.0,144.0,73.0,0.0,0.0,0.0,0.0,0.0,0.0
570.0,84013.0,234431.0,150418.0,75209.0,1.7904133884041755,37.38789667495162,218918.1204107001,0.3837644862032795,0.0,0.0,1.0,inf,84013.0,inf,218.0,141.0,77.0,0.0,0.0,0.0,0.0,0.0,0.0
571.0,84167.0,234859.0,150692.0,75346.0,1.7903929093350126,37.38789667495162,218918.1204107001,0.38446794555927566,0.0,0.0,1.0,inf,84167.0,inf,218.0,154.0,64.0,0.0,0.0,0.0,0.0,0.0,0.0
572.0,84318.0,235286.0,150968.0,75484.0,1.790459925520055,37.944199601381975,228836.23718357607,0.3684643701441339,0.0,0.0,1.0,inf,84318.0,inf,215.0,151.0,64.0,0.0,0.0,0.0,0.0,0.0,0.0
573.0,84471.0,235725.0,151254.0,75627.0,1.7906026920481586,37.944199601381975,228836.23718357607,0.36913297054537747,0.0,0.0,1.0,inf,84471.0,inf,216.0,153.0,63.0,0.0,0.0,0.0,0.0,0.0,0.0
574.0,84621.0,236159.0,151538.0,75769.0,1.7907847933728034,37.944199601381975,228836.23718357607,0.36978846113483194,0.0,0.0,1.0,inf,84621.0,inf,219.0,150.0,69.0,0.0,0.0,0.0,0.0,0.0,0.0
575.0,84779.0,236605.0,151826.0,75913.0,1.7908444308142346,37.944199601381975,228836.23718357607,0.37047891122239063,0.0,0.0,1.0,inf,84779.0,inf,218.0,158.0,60.0,0.0,0.0,0.0,0.0,0.0,0.0
576.0,84931.0,237033.0,152102.0,76051.0,1.7908890746606068,37.944199601381975,228836.23718357607,0.37114314168637114,0.0,0.0,1.0,inf,84931.0,inf,217.0,152.0,65.0,0.0,0.0,0.0,0.0,0.0,0.0
577.0,85092.0,237496.0,152404.0,76202.0,1.7910496873971702,37.944199601381975,228836.23718357607,0.37184670158571886,0.0,0.0,1.0,inf,85092.0,inf,217.0,161.0,56.0,0.0,0.0,0.0,0.0,0.0,0.0
578.0,85248.0,237932.0,152684.0,76342.0,1.7910566816816818,37.944199601381975,228836.23718357607,0.3725284117987515,0.0,0.0,1.0,inf,85248.0,inf,219.0,156.0,63.0,0.0,0.0,0.0,0.0,0.0,0.0
579.0,85390.0,238336.0,152946.0,76473.0,1.7911465042745052,37.944199601381975,228836.23718357607,0.3731489428901017,0.0,0.0,1.0,inf,85390.0,inf,218.0,142.0,76.0,0.0,0.0,0.0,0.0,0.0,0.0
580.0,85544.0,238768.0,153224.0,76612.0,1.7911717946320023,37.944199601381975,228836.23718357607,0.3738219132286083,0.0,0.0,1.0,inf,85544.0,inf,217.0,154.0,63.0,0.0,0.0,0.0,0.0,0.0,0.0
581.0,85702.0,239214.0,153512.0,76756.0,1.791230076310938,37.944199601381975,228836.23718357607,0.374512363316167,0.0,0.0,1.0,inf,85702.0,inf,216.0,158.0,58.0,0.0,0.0,0.0,0.0,0.0,0.0
582.0,85845.0,239615.0,153770.0,76885.0,1.7912516745296756,37.944199601381975,228836.23718357607,0.37513726434478023,0.0,0.0,1.0,inf,85845.0,inf,215.0,143.0,72.0,0.0,0.0,0.0,0.0,0.0,0.0
583.0,86004.0,240066.0,154062.0,77031.0,1.7913352867308496,37.944199601381975,228836.23718357607,0.3758320843696019,0.0,0.0,1.0,inf,86004.0,inf,218.0,159.0,59.0,0.0,0.0,0.0,0.0,0.0,0.0
584.0,86166.0,240514.0,154348.0,77174.0,1.7912865863565675,37.944199601381975,228836.23718357607,0.37654001420621275,0.0,0.0,1.0,inf,86166.0,inf,215.0,162.0,53.0,0.0,0.0,0.0,0.0,0.0,0.0
585.0,86314.0,240938.0,154624.0,77312.0,1.7914127488008897,37.944199601381975,228836.23718357607,0.3771867649211411,0.0,0.0,1.0,inf,86314.0,inf,215.0,148.0,67.0,0.0,0.0,0.0,0.0,0.0,0.0
586.0,86449.0,241309.0,154860.0,77430.0,1.7913451861791345,37.944199601381975,228836.23718357607,0.3777767064516501,0.0,0.0,1.0,inf,86449.0,inf,217.0,135.0,82.0,0.0,0.0,0.0,0.0,0.0,0.0
587.0,86594.0,241710.0,155116.0,77558.0,1.791301937778599,37.944199601381975,228836.23718357607,0.3784103473547894,0.0,0.0,1.0,inf,86594.0,inf,219.0,145.0,74.0,0.0,0.0,0.0,0.0,0.0,0.0
588.0,86752.0,242156.0,155404.0,77702.0,1.79135927701955,37.944199601381975,228836.23718357607,0.3791007974423481,0.0,0.0,1.0,inf,86752.0,inf,216.0,158.0,58.0,0.0,0.0,0.0,0.0,0.0,0.0
589.0,86915.0,242621.0,155706.0,77853.0,1.7914744290398665,37.944199601381975,228836.23718357607,0.3798130972162219,0.0,0.0,1.0,inf,86915.0,inf,219.0,163.0,56.0,0.0,0.0,0.0,0.0,0.0,0.0
590.0,87060.0,243034.0,155974.0,77987.0,1.7915690328509075,37.944199601381975,228836.23718357607,0.38044673811936125,0.0,0.0,1.0,inf,87060.0,inf,217.0,145.0,72.0,0.0,0.0,0.0,0.0,0.0,0.0
591.0,87216.0,243468.0,156252.0,78126.0,1.7915520088057237,37.944199601381975,228836.23718357607,0.38112844833239384,0.0,0.0,1.0,inf,87216.0,inf,218.0,156.0,62.0,0.0,0.0,0.0,0.0,0.0,0.0
592.0,87365.0,243885.0,156520.0,78260.0,1.791564127511017,37.944199601381975,228836.23718357607,0.38177956898458526,0.0,0.0,1.0,inf,87365.0,inf,219.0,149.0,70.0,0.0,0.0,0.0,0.0,0.0,0.0
593.0,87511.0,244299.0,156788.0,78394.0,1.7916376226988606,37.944199601381975,228836.23718357607,0.3824175798249876,0.0,0.0,1.0,inf,87511.0,inf,218.0,146.0,72.0,0.0,0.0,0.0,0.0,0.0,0.0
594.0,87665.0,244729.0,157064.0,78532.0,1.791638624308447,37.944199601381975,228836.23718357607,0.3830905501634942,0.0,0.0,1.0,inf,87665.0,inf,217.0,154.0,63.0,0.0,0.0,0.0,0.0,0.0,0.0
595.0,87797.0,245099.0,157302.0,78651.0,1.791655751335467,37.944199601381975,228836.23718357607,0.3836673818822141,0.0,0.0,1.0,inf,87797.0,inf,214.0,132.0,82.0,0.0,0.0,0.0,0.0,0.0,0.0
596.0,87945.0,245523.0,157578.0,78789.0,1.7917789527545624,37.944199601381975,228836.23718357607,0.3843141325971425,0.0,0.0,1.0,inf,87945.0,inf,218.0,148.0,70.0,0.0,0.0,0.0,0.0,0.0,0.0
597.0,88099.0,245969.0,157870.0,78935.0,1.7919613162464954,37.944199601381975,228836.23718357607,0.38498710293564903,0.0,0.0,1.0,inf,88099.0,inf,219.0,154.0,65.0,0.0,0.0,0.0,0.0,0.0,0.0
598.0,88249.0,246401.0,158152.0,79076.0,1.7921109587644053,37.944199601381975,228836.23718357607,0.3856425935251035,0.0,0.0,1.0,inf,88249.0,inf,219.0,150.0,69.0,0.0,0.0,0.0,0.0,0.0,0.0
599.0,88391.0,246797.0,158406.0,79203.0,1.792105531106108,37.944199601381975,228836.23718357607,0.3862631246164537,0.0,0.0,1.0,inf,88391.0,inf,220.0,142.0,78.0,0.0,0.0,0.0,0.0,0.0,0.0
600.0,88534.0,247206.0,158672.0,79336.0,1.7922154200646079,37.944199601381975,228836.23718357607,0.3868880256450669,0.0,0.0,1.0,inf,88534.0,inf,217.0,143.0,74.0,0.0,0.0,0.0,0.0,0.0,0.0
601.0,88687.0,247641.0,158954.0,79477.0,1.7923032687992604,37.944199601381975,228836.23718357607,0.38755662604631047,0.0,0.0,1.0,inf,88687.0,inf,217.0,153.0,64.0,0.0,0.0,0.0,0.0,0.0,0.0
602.0,88839.0,248073.0,159234.0,79617.0,1.7923884780332962,37.944199601381975,228836.23718357607,0.388220856510291,0.0,0.0,1.0,inf,88839.0,inf,219.0,152.0,67.0,0.0,0.0,0.0,0.0,0.0,0.0
603.0,88980.0,248464.0,159484.0,79742.0,1.7923578332209484,37.944199601381975,228836.23718357607,0.38883701766437817,0.0,0.0,1.0,inf,88980.0,inf,216.0,141.0,75.0,0.0,0.0,0.0,0.0,0.0,0.0
604.0,89133.0,248907.0,159774.0,79887.0,1.792534751438861,37.944199601381975,228836.23718357607,0.3895056180656217,0.0,0.0,1.0,inf,89133.0,inf,220.0,153.0,67.0,0.0,0.0,0.0,0.0,0.0,0.0
605.0,89284.0,249330.0,160046.0,80023.0,1.7925496169526456,37.944199601381975,228836.23718357607,0.3901654785923392,0.0,0.0,1.0,inf,89284.0,inf,218.0,151.0,67.0,0.0,0.0,0.0,0.0,0.0,0.0
606.0,89429.0,249735.0,160306.0,80153.0,1.7925505149336345,37.944199601381975,228836.23718357607,0.39079911949547846,0.0,0.0,1.0,inf,89429.0,inf,219.0,145.0,74.0,0.0,0.0,0.0,0.0,0.0,0.0
607.0,89572.0,250132.0,160560.0,80280.0,1.7925244496047872,37.944199601381975,228836.23718357607,0.3914240205240917,0.0,0.0,1.0,inf,89572.0,inf,219.0,143.0,76.0,0.0,0.0,0.0,0.0,0.0,0.0
608.0,89725.0,250557.0,160832.0,80416.0,1.7924993034271384,37.944199601381975,228836.23718357607,0.39209262092533526,0.0,0.0,1.0,inf,89725.0,inf,218.0,153.0,65.0,0.0,0.0,0.0,0.0,0.0,0.0
609.0,89874.0,250980.0,161106.0,80553.0,1.7925762734494959,37.944199601381975,228836.23718357607,0.3927437415775267,0.0,0.0,1.0,inf,89874.0,inf,218.0,149.0,69.0,0.0,0.0,0.0,0.0,0.0,0.0
610.0,90015.0,251369.0,161354.0,80677.0,1.792523468310837,37.944199601381975,228836.23718357607,0.39335990273161386,0.0,0.0,1.0,inf,90015.0,inf,220.0,141.0,79.0,0.0,0.0,0.0,0.0,0.0,0.0
611.0,90181.0,251823.0,161642.0,80821.0,1.7924174715294796,37.944199601381975,228836.23718357607,0.3940853123172768,0.0,0.0,1.0,inf,90181.0,inf,220.0,166.0,54.0,0.0,0.0,0.0,0.0,0.0,0.0
612.0,90327.0,252227.0,161900.0,80950.0,1.7923765872884077,37.944199601381975,228836.23718357607,0.3947233231576791,0.0,0.0,1.0,inf,90327.0,inf,218.0,146.0,72.0,0.0,0.0,0.0,0.0,0.0,0.0
613.0,90481.0,252667.0,162186.0,81093.0,1.79248682043744,37.944199601381975,228836.23718357607,0.39539629349618566,0.0,0.0,1.0,inf,90481.0,inf,220.0,154.0,66.0,0.0,0.0,0.0,0.0,0.0,0.0
614.0,90612.0,253036.0,162424.0,81212.0,1.792521961771068,37.944199601381975,228836.23718357607,0.3959687552776425,0.0,0.0,1.0,inf,90612.0,inf,218.0,131.0,87.0,0.0,0.0,0.0,0.0,0.0,0.0
615.0,90747.0,253415.0,162668.0,81334.0,1.79254410614125,37.944199601381975,228836.23718357607,0.39655869680815153,0.0,0.0,1.0,inf,90747.0,inf,218.0,135.0,83.0,0.0,0.0,0.0,0.0,0.0,0.0
616.0,90886.0,253804.0,162918.0,81459.0,1.7925533085403693,37.944199601381975,228836.23718357607,0.3971661180877127,0.0,0.0,1.0,inf,90886.0,inf,217.0,139.0,78.0,0.0,0.0,0.0,0.0,0.0,0.0
617.0,91024.0,254196.0,163172.0,81586.0,1.7926261205835823,37.944199601381975,228836.23718357607,0.3977691694300108,0.0,0.0,1.0,inf,91024.0,inf,216.0,138.0,78.0,0.0,0.0,0.0,0.0,0.0,0.0
618.0,91176.0,254628.0,163452.0,81726.0,1.792708607528297,37.944199601381975,228836.23718357607,0.3984333998939913,0.0,0.0,1.0,inf,91176.0,inf,218.0,152.0,66.0,0.0,0.0,0.0,0.0,0.0,0.0
619.0,91327.0,255053.0,163726.0,81863.0,1.7927447523733397,37.944199601381975,228836.23718357607,0.39909326042070875,0.0,0.0,1.0,inf,91327.0,inf,218.0,151.0,67.0,0.0,0.0,0.0,0.0,0.0,0.0
620.0,91475.0,255465.0,163990.0,81995.0,1.7927302541678054,37.944199601381975,228836.23718357607,0.3997400111356371,0.0,0.0,1.0,inf,91475.0,inf,218.0,148.0,70.0,0.0,0.0,0.0,0.0,0.0,0.0
621.0,91627.0,255881.0,164254.0,82127.0,1.7926375413360691,37.944199601381975,228836.23718357607,0.4004042415996176,0.0,0.0,1.0,inf,91627.0,inf,220.0,152.0,68.0,0.0,0.0,0.0,0.0,0.0,0.0
622.0,91781.0,256315.0,164534.0,82267.0,1.792680402261906,37.944199601381975,228836.23718357607,0.40107721193812423,0.0,0.0,1.0,inf,91781.0,inf,219.0,154.0,65.0,0.0,0.0,0.0,0.0,0.0,0.0
623.0,91933.0,256753.0,164820.0,82410.0,1.7928273851609324,37.944199601381975,228836.23718357607,0.40174144240210474,0.0,0.0,1.0,inf,91933.0,inf,219.0,152.0,67.0,0.0,0.0,0.0,0.0,0.0,0.0
624.0,92090.0,257202.0,165112.0,82556.0,1.7929416874796396,37.944199601381975,228836.23718357607,0.4024275225524004,0.0,0.0,1.0,inf,92090.0,inf,217.0,157.0,60.0,0.0,0.0,0.0,0.0,0.0,0.0
625.0,92241.0,257633.0,165392.0,82696.0,1.7930421396125367,38.18308309214723,233185.52442991125,0.3955691513249355,0.0,0.0,1.0,inf,92241.0,inf,219.0,151.0,68.0,0.0,0.0,0.0,0.0,0.0,0.0
626.0,92386.0,258042.0,165656.0,82828.0,1.7930855324399801,38.18308309214723,233185.52442991125,0.39619097380021345,0.0,0.0,1.0,inf,92386.0,inf,218.0,145.0,73.0,0.0,0.0,0.0,0.0,0.0,0.0
627.0,92544.0,258492.0,165948.0,82974.0,1.7931794605809128,38.18308309214723,233185.52442991125,0.3968685458767232,0.0,0.0,1.0,inf,92544.0,inf,214.0,158.0,56.0,0.0,0.0,0.0,0.0,0.0,0.0
628.0,92691.0,258917.0,166226.0,83113.0,1.7933348437280858,38.18308309214723,233185.52442991125,0.3974989452137292,0.0,0.0,1.0,inf,92691.0,inf,219.0,147.0,72.0,0.0,0.0,0.0,0.0,0.0,0.0
629.0,92824.0,259290.0,166466.0,83233.0,1.793350857536844,38.18308309214723,233185.52442991125,0.3980693065186393,0.0,0.0,1.0,inf,92824.0,inf,218.0,133.0,85.0,0.0,0.0,0.0,0.0,0.0,0.0
630.0,92966.0,259696.0,166730.0,83365.0,1.7934513693178151,38.18308309214723,233185.52442991125,0.39867826370132536,0.0,0.0,1.0,inf,92966.0,inf,219.0,142.0,77.0,0.0,0.0,0.0,0.0,0.0,0.0
631.0,93103.0,260083.0,166980.0,83490.0,1.793497524247339,38.18308309214723,233185.52442991125,0.39926577872969143,0.0,0.0,1.0,inf,93103.0,inf,216.0,137.0,79.0,0.0,0.0,0.0,0.0,0.0,0.0
632.0,93246.0,260484.0,167238.0,83619.0,1.793513930892478,38.18308309214723,233185.52442991125,0.3998790243432414,0.0,0.0,1.0,inf,93246.0,inf,219.0,143.0,76.0,0.0,0.0,0.0,0.0,0.0,0.0
633.0,93398.0,260906.0,167508.0,83754.0,1.793485941883124,38.18308309214723,233185.52442991125,0.4005308658345673,0.0,0.0,1.0,inf,93398.0,inf,219.0,152.0,67.0,0.0,0.0,0.0,0.0,0.0,0.0
634.0,93545.0,261321.0,167776.0,83888.0,1.7935325244534717,38.18308309214723,233185.52442991125,0.40116126517157324,0.0,0.0,1.0,inf,93545.0,inf,218.0,147.0,71.0,0.0,0.0,0.0,0.0,0.0,0.0
635.0,93693.0,261725.0,168032.0,84016.0,1.7934317398311506,38.18308309214723,233185.52442991125,0.4017959529394432,0.0,0.0,1.0,inf,93693.0,inf,217.0,148.0,69.0,0.0,0.0,0.0,0.0,0.0,0.0
636.0,93832.0,262124.0,168292.0,84146.0,1.7935459118424417,38.18308309214723,233185.52442991125,0.4023920448295372,0.0,0.0,1.0,inf,93832.0,inf,219.0,139.0,80.0,0.0,0.0,0.0,0.0,0.0,0.0
637.0,93978.0,262534.0,168556.0,84278.0,1.7935687075698568,38.786768197599834,244421.49346064977,0.3844915546067958,0.0,0.0,1.0,inf,93978.0,inf,216.0,146.0,70.0,0.0,0.0,0.0,0.0,0.0,0.0
638.0,94130.0,262948.0,168818.0,84409.0,1.793455858918517,38.786768197599834,244421.49346064977,0.3851134311768466,0.0,0.0,1.0,inf,94130.0,inf,219.0,152.0,67.0,0.0,0.0,0.0,0.0,0.0,0.0
639.0,94285.0,263385.0,169100.0,84550.0,1.793498435594209,38.786768197599834,244421.49346064977,0.3857475816265694,0.0,0.0,1.0,inf,94285.0,inf,216.0,155.0,61.0,0.0,0.0,0.0,0.0,0.0,0.0
640.0,94444.0,263822.0,169378.0,84689.0,1.7934225572826226,38.786768197599834,244421.49346064977,0.38639809724918833,0.0,0.0,1.0,inf,94444.0,inf,218.0,159.0,59.0,0.0,0.0,0.0,0.0,0.0,0.0
641.0,94591.0,264235.0,169644.0,84822.0,1.7934475795794527,38.786768197599834,244421.49346064977,0.38699951735311905,0.0,0.0,1.0,inf,94591.0,inf,215.0,147.0,68.0,0.0,0.0,0.0,0.0,0.0,0.0
642.0,94756.0,264700.0,169944.0,84972.0,1.7934906496686225,38.786768197599834,244421.49346064977,0.38767458073508204,0.0,0.0,1.0,inf,94756.0,inf,217.0,165.0,52.0,0.0,0.0,0.0,0.0,0.0,0.0
643.0,94909.0,265125.0,170216.0,85108.0,1.7934653194112256,38.786768197599834,244421.49346064977,0.3883005485983569,0.0,0.0,1.0,inf,94909.0,inf,216.0,153.0,63.0,0.0,0.0,0.0,0.0,0.0,0.0
644.0,95058.0,265556.0,170498.0,85249.0,1.793620736813314,38.786768197599834,244421.49346064977,0.3889101512887356,0.0,0.0,1.0,inf,95058.0,inf,217.0,149.0,68.0,0.0,0.0,0.0,0.0,0.0,0.0
645.0,95215.0,265983.0,170768.0,85384.0,1.793498923488946,38.786768197599834,244421.49346064977,0.38955248432490647,0.0,0.0,1.0,inf,95215.0,inf,219.0,157.0,62.0,0.0,0.0,0.0,0.0,0.0,0.0
646.0,95375.0,266431.0,171056.0,85528.0,1.7935098296199214,38.786768197599834,244421.49346064977,0.3902070912407494,0.0,0.0,1.0,inf,95375.0,inf,218.0,160.0,58.0,0.0,0.0,0.0,0.0,0.0,0.0
647.0,95527.0,266849.0,171322.0,85661.0,1.7934405979461303,38.786768197599834,244421.49346064977,0.3908289678108002,0.0,0.0,1.0,inf,95527.0,inf,216.0,152.0,64.0,0.0,0.0,0.0,0.0,0.0,0.0
648.0,95683.0,267297.0,171614.0,85807.0,1.7935683454741176,38.786768197599834,244421.49346064977,0.3914672095537471,0.0,0.0,1.0,inf,95683.0,inf,216.0,156.0,60.0,0.0,0.0,0.0,0.0,0.0,0.0
649.0,95833.0,267723.0,171890.0,85945.0,1.7936410213600742,38.786768197599834,244421.49346064977,0.3920809035373498,0.0,0.0,1.0,inf,95833.0,inf,219.0,150.0,69.0,0.0,0.0,0.0,0.0,0.0,0.0
650.0,95977.0,268139.0,172162.0,86081.0,1.7937839273992728,39.11150831361302,250612.2543201841,0.38297009960805456,0.0,0.0,1.0,inf,95977.0,inf,218.0,144.0,74.0,0.0,0.0,0.0,0.0,0.0,0.0
651.0,96132.0,268576.0,172444.0,86222.0,1.7938251570756876,39.11150831361302,250612.2543201841,0.383588584926821,0.0,0.0,1.0,inf,96132.0,inf,218.0,155.0,63.0,0.0,0.0,0.0,0.0,0.0,0.0
652.0,96293.0,269035.0,172742.0,86371.0,1.7939206380526103,39.11150831361302,250612.2543201841,0.3842310116127655,0.0,0.0,1.0,inf,96293.0,inf,218.0,161.0,57.0,0.0,0.0,0.0,0.0,0.0,0.0
653.0,96442.0,269454.0,173012.0,86506.0,1.793948694552166,39.11150831361302,250612.2543201841,0.38482555556435394,0.0,0.0,1.0,inf,96442.0,inf,215.0,149.0,66.0,0.0,0.0,0.0,0.0,0.0,0.0
654.0,96608.0,269918.0,173310.0,86655.0,1.7939508115269958,39.11150831361302,250612.2543201841,0.3854879333896135,0.0,0.0,1.0,inf,96608.0,inf,217.0,166.0,51.0,0.0,0.0,0.0,0.0,0.0,0.0
655.0,96766.0,270362.0,173596.0,86798.0,1.793977223404915,39.11150831361302,250612.2543201841,0.38611838939196896,0.0,0.0,1.0,inf,96766.0,inf,219.0,158.0,61.0,0.0,0.0,0.0,0.0,0.0,0.0
656.0,96927.0,270811.0,173884.0,86942.0,1.793968656824208,39.11150831361302,250612.2543201841,0.3867608160779135,0.0,0.0,1.0,inf,96927.0,inf,217.0,161.0,56.0,0.0,0.0,0.0,0.0,0.0,0.0
657.0,97094.0,271282.0,174188.0,87094.0,1.7940140482419098,39.11150831361302,250612.2543201841,0.38742718413103605,0.0,0.0,1.0,inf,97094.0,inf,220.0,167.0,53.0,0.0,0.0,0.0,0.0,0.0,0.0
658.0,97243.0,271699.0,174456.0,87228.0,1.7940211634770626,39.11150831361302,250612.2543201841,0.3880217280826245,0.0,0.0,1.0,inf,97243.0,inf,217.0,149.0,68.0,0.0,0.0,0.0,0.0,0.0,0.0
659.0,97389.0,272107.0,174718.0,87359.0,1.7940219121255994,39.11150831361302,250612.2543201841,0.38860430135062385,0.0,0.0,1.0,inf,97389.0,inf,217.0,146.0,71.0,0.0,0.0,0.0,0.0,0.0,0.0
660.0,97539.0,272525.0,174986.0,87493.0,1.79401060088785,39.11150831361302,250612.2543201841,0.38920283553007523,0.0,0.0,1.0,inf,97539.0,inf,219.0,150.0,69.0,0.0,0.0,0.0,0.0,0.0,0.0
661.0,97683.0,272939.0,175256.0,87628.0,1.7941299919126152,39.11150831361302,250612.2543201841,0.38977742834234863,0.0,0.0,1.0,inf,97683.0,inf,219.0,144.0,75.0,0.0,0.0,0.0,0.0,0.0,0.0
662.0,97841.0,273379.0,175538.0,87769.0,1.7941149415889044,39.11150831361302,250612.2543201841,0.3904078843447041,0.0,0.0,1.0,inf,97841.0,inf,218.0,158.0,60.0,0.0,0.0,0.0,0.0,0.0,0.0
663.0,98001.0,273819.0,175818.0,87909.0,1.7940429179294088,39.11150831361302,250612.2543201841,0.3910463208027856,0.0,0.0,1.0,inf,98001.0,inf,218.0,160.0,58.0,0.0,0.0,0.0,0.0,0.0,0.0
664.0,98153.0,274241.0,176088.0,88044.0,1.794015465650566,39.11150831361302,250612.2543201841,0.39165283543796303,0.0,0.0,1.0,inf,98153.0,inf,216.0,152.0,64.0,0.0,0.0,0.0,0.0,0.0,0.0
665.0,98305.0,274671.0,176366.0,88183.0,1.7940694776461015,39.11150831361302,250612.2543201841,0.39225935007314044,0.0,0.0,1.0,inf,98305.0,inf,219.0,152.0,67.0,0.0,0.0,0.0,0.0,0.0,0.0
666.0,98461.0,275099.0,176638.0,88319.0,1.7939894983800693,39.11150831361302,250612.2543201841,0.3928818256197699,0.0,0.0,1.0,inf,98461.0,inf,219.0,156.0,63.0,0.0,0.0,0.0,0.0,0.0,0.0
667.0,98617.0,275543.0,176926.0,88463.0,1.7940720159810175,39.11150831361302,250612.2543201841,0.3935043011663994,0.0,0.0,1.0,inf,98617.0,inf,218.0,156.0,62.0,0.0,0.0,0.0,0.0,0.0,0.0
668.0,98763.0,275949.0,177186.0,88593.0,1.7940524285410528,39.11150831361302,250612.2543201841,0.39408687443439877,0.0,0.0,1.0,inf,98763.0,inf,216.0,146.0,70.0,0.0,0.0,0.0,0.0,0.0,0.0
669.0,98917.0,276393.0,177476.0,88738.0,1.7941910894992772,39.11150831361302,250612.2543201841,0.3947013695253022,0.0,0.0,1.0,inf,98917.0,inf,219.0,154.0,65.0,0.0,0.0,0.0,0.0,0.0,0.0
670.0,99058.0,276784.0,177726.0,88863.0,1.7941609965878575,39.11150831361302,250612.2543201841,0.39526399165398657,0.0,0.0,1.0,inf,99058.0,inf,213.0,141.0,72.0,0.0,0.0,0.0,0.0,0.0,0.0
671.0,99212.0,277216.0,178004.0,89002.0,1.794178123614079,39.11150831361302,250612.2543201841,0.39587848674489,0.0,0.0,1.0,inf,99212.0,inf,217.0,154.0,63.0,0.0,0.0,0.0,0.0,0.0,0.0
672.0,99369.0,277669.0,178300.0,89150.0,1.7943221729110688,39.11150831361302,250612.2543201841,0.3965049525193825,0.0,0.0,1.0,inf,99369.0,inf,218.0,157.0,61.0,0.0,0.0,0.0,0.0,0.0,0.0
673.0,99526.0,278110.0,178584.0,89292.0,1.794345196230131,39.11150831361302,250612.2543201841,0.39713141829387494,0.0,0.0,1.0,inf,99526.0,inf,218.0,157.0,61.0,0.0,0.0,0.0,0.0,0.0,0.0
674.0,99680.0,278536.0,178856.0,89428.0,1.7943017656500801,39.11150831361302,250612.2543201841,0.39774591338477844,0.0,0.0,1.0,inf,99680.0,inf,218.0,154.0,64.0,0.0,0.0,0.0,0.0,0.0,0.0
675.0,99825.0,278937.0,179112.0,89556.0,1.794259954921112,39.11150831361302,250612.2543201841,0.3983244964249148,0.0,0.0,1.0,inf,99825.0,inf,213.0,145.0,68.0,0.0,0.0,0.0,0.0,0.0,0.0
676.0,99979.0,279383.0,179404.0,89702.0,1.7944168275337822,39.11150831361302,250612.2543201841,0.39893899151581824,0.0,0.0,1.0,inf,99979.0,inf,220.0,154.0,66.0,0.0,0.0,0.0,0.0,0.0,0.0
677.0,100130.0,279814.0,179684.0,89842.0,1.7945071407170679,39.11150831361302,250612.2543201841,0.39954151592313264,0.0,0.0,1.0,inf,100130.0,inf,218.0,151.0,67.0,0.0,0.0,0.0,0.0,0.0,0.0
678.0,100270.0,280204.0,179934.0,89967.0,1.7944948638675575,39.11150831361302,250612.2543201841,0.400100147823954,0.0,0.0,1.0,inf,100270.0,inf,214.0,140.0,74.0,0.0,0.0,0.0,0.0,0.0,0.0
679.0,100419.0,280631.0,180212.0,90106.0,1.7946006233880043,39.11150831361302,250612.2543201841,0.40069469177554234,0.0,0.0,1.0,inf,100419.0,inf,219.0,149.0,70.0,0.0,0.0,0.0,0.0,0.0,0.0
680.0,100558.0,281016.0,180458.0,90229.0,1.7945663199347641,39.11150831361302,250612.2543201841,0.40124933344850067,0.0,0.0,1.0,inf,100558.0,inf,213.0,139.0,74.0,0.0,0.0,0.0,0.0,0.0,0.0
681.0,100709.0,281437.0,180728.0,90364.0,1.7945565937503103,39.11150831361302,250612.2543201841,0.4018518578558151,0.0,0.0,1.0,inf,100709.0,inf,217.0,151.0,66.0,0.0,0.0,0.0,0.0,0.0,0.0
682.0,100871.0,281887.0,181016.0,90508.0,1.7945296467765761,39.11150831361302,250612.2543201841,0.40249827476962263,0.0,0.0,1.0,inf,100871.0,inf,218.0,162.0,56.0,0.0,0.0,0.0,0.0,0.0,0.0
683.0,101025.0,282317.0,181292.0,90646.0,1.7945261073991585,39.11150831361302,250612.2543201841,0.4031127698605261,0.0,0.0,1.0,inf,101025.0,inf,219.0,154.0,65.0,0.0,0.0,0.0,0.0,0.0,0.0
684.0,101158.0,282686.0,181528.0,90764.0,1.794499693548706,39.11150831361302,250612.2543201841,0.4036434701663063,0.0,0.0,1.0,inf,101158.0,inf,220.0,133.0,87.0,0.0,0.0,0.0,0.0,0.0,0.0
685.0,101307.0,283107.0,181800.0,90900.0,1.7945452930202257,39.11150831361302,250612.2543201841,0.40423801411789473,0.0,0.0,1.0,inf,101307.0,inf,217.0,149.0,68.0,0.0,0.0,0.0,0.0,0.0,0.0
686.0,101470.0,283562.0,182092.0,91046.0,1.7945402582043954,39.11150831361302,250612.2543201841,0.40488842125956526,0.0,0.0,1.0,inf,101470.0,inf,219.0,163.0,56.0,0.0,0.0,0.0,0.0,0.0,0.0
687.0,101626.0,283998.0,182372.0,91186.0,1.7945407671265228,39.11150831361302,250612.2543201841,0.40551089680619473,0.0,0.0,1.0,inf,101626.0,inf,219.0,156.0,63.0,0.0,0.0,0.0,0.0,0.0,0.0
688.0,101790.0,284464.0,182674.0,91337.0,1.79461636703016,39.11150831361302,250612.2543201841,0.4061652941757283,0.0,0.0,1.0,inf,101790.0,inf,219.0,164.0,55.0,0.0,0.0,0.0,0.0,0.0,0.0
689.0,101947.0,284899.0,182952.0,91476.0,1.79457953642579,39.11150831361302,250612.2543201841,0.40679175995022077,0.0,0.0,1.0,inf,101947.0,inf,219.0,157.0,62.0,0.0,0.0,0.0,0.0,0.0,0.0
690.0,102097.0,285325.0,183228.0,91614.0,1.7946462677649686,39.11150831361302,250612.2543201841,0.40739029412967215,0.0,0.0,1.0,inf,102097.0,inf,218.0,150.0,68.0,0.0,0.0,0.0,0.0,0.0,0.0
691.0,102236.0,285704.0,183468.0,91734.0,1.7945537775343323,39.11150831361302,250612.2543201841,0.40794493580263047,0.0,0.0,1.0,inf,102236.0,inf,219.0,139.0,80.0,0.0,0.0,0.0,0.0,0.0,0.0
692.0,102386.0,286102.0,183716.0,91858.0,1.7943468833629599,39.11150831361302,250612.2543201841,0.4085434699820819,0.0,0.0,1.0,inf,102386.0,inf,217.0,150.0,67.0,0.0,0.0,0.0,0.0,0.0,0.0
693.0,102544.0,286544.0,184000.0,92000.0,1.7943516929318146,39.11150831361302,250612.2543201841,0.40917392598443736,0.0,0.0,1.0,inf,102544.0,inf,218.0,158.0,60.0,0.0,0.0,0.0,0.0,0.0,0.0
694.0,102686.0,286942.0,184256.0,92128.0,1.7943633991001695,39.11150831361302,250612.2543201841,0.40974053834098473,0.0,0.0,1.0,inf,102686.0,inf,219.0,142.0,77.0,0.0,0.0,0.0,0.0,0.0,0.0
695.0,102830.0,287344.0,184514.0,92257.0,1.7943596226782068,39.11150831361302,250612.2543201841,0.4103151311532581,0.0,0.0,1.0,inf,102830.0,inf,220.0,144.0,76.0,0.0,0.0,0.0,0.0,0.0,0.0
696.0,102970.0,287742.0,184772.0,92386.0,1.794425560842964,39.11150831361302,250612.2543201841,0.4108737630540794,0.0,0.0,1.0,inf,102970.0,inf,217.0,140.0,77.0,0.0,0.0,0.0,0.0,0.0,0.0
697.0,103107.0,288127.0,185020.0,92510.0,1.7944465458213312,39.11150831361302,250612.2543201841,0.4114204242713117,0.0,0.0,1.0,inf,103107.0,inf,216.0,137.0,79.0,0.0,0.0,0.0,0.0,0.0,0.0
698.0,103249.0,288517.0,185268.0,92634.0,1.794380575114529,39.11150831361302,250612.2543201841,0.411987036627859,0.0,0.0,1.0,inf,103249.0,inf,220.0,142.0,78.0,0.0,0.0,0.0,0.0,0.0,0.0
699.0,103402.0,288938.0,185536.0,92768.0,1.7943173246165451,39.11150831361302,250612.2543201841,0.41259754149089944,0.0,0.0,1.0,inf,103402.0,inf,218.0,153.0,65.0,0.0,0.0,0.0,0.0,0.0,0.0
700.0,103544.0,289344.0,185800.0,92900.0,1.7944062427567025,39.11150831361302,250612.2543201841,0.4131641538474468,0.0,0.0,1.0,inf,103544.0,inf,217.0,142.0,75.0,0.0,0.0,0.0,0.0,0.0,0.0
