t,site_subsystems,total_subsystems,interface_subsystems,n_links,mean_degree,frontier_radius,volume_proxy,density,energy_remaining,energy_density,creation_rate_modifier,memory_total,memory_bound,memory_free,birth_attempts,births_accepted,births_reject_exclusion,births_reject_memory,births_reject_energy,deaths_attempted,deaths_executed,links_attempted_random,links_added_random
0.0,2.0,4.0,2.0,1.0,1.0,0.15680255914493224,0.01614908976723489,123.84598939178774,0.0,0.0,1.0,inf,2.0,inf,0.0,0.0,0.0,0.0,0.0,0.0,0.0,0.0,0.0
1.0,2.0,4.0,2.0,1.0,1.0,0.15680255914493224,0.01614908976723489,123.84598939178774,0.0,0.0,1.0,inf,2.0,inf,0.0,0.0,0.0,0.0,0.0,0.0,0.0,0.0,0.0
2.0,218.0,616.0,398.0,199.0,1.8256880733944953,14.554550755339008,12914.720870988762,0.016879962190255973,0.0,0.0,1.0,inf,218.0,inf,220.0,216.0,4.0,0.0,0.0,0.0,0.0,0.0,0.0
3.0,218.0,616.0,398.0,199.0,1.8256880733944953,14.554550755339008,12914.720870988762,0.016879962190255973,0.0,0.0,1.0,inf,218.0,inf,0.0,0.0,0.0,0.0,0.0,0.0,0.0,0.0,0.0
4.0,430.0,1192.0,762.0,381.0,1.7720930232558139,16.142146606241653,17618.6436337434,0.02440596500723017,0.0,0.0,1.0,inf,430.0,inf,220.0,212.0,8.0,0.0,0.0,0.0,0.0,0.0,0.0
5.0,455.0,1253.0,798.0,399.0,1.7538461538461538,16.142146606241653,17618.6436337434,0.0258249164611389,0.0,0.0,1.0,inf,455.0,inf,29.0,25.0,4.0,0.0,0.0,0.0,0.0,0.0,0.0
6.0,638.0,1766.0,1128.0,564.0,1.7680250783699059,16.61949887429621,19228.366110417763,0.03318014626600734,0.0,0.0,1.0,inf,638.0,inf,199.0,183.0,16.0,0.0,0.0,0.0,0.0,0.0,0.0
7.0,724.0,1990.0,1266.0,633.0,1.7486187845303867,16.643989863969004,19313.497922980136,0.0374867361100109,0.0,0.0,1.0,inf,724.0,inf,100.0,86.0,14.0,0.0,0.0,0.0,0.0,0.0,0.0
8.0,885.0,2437.0,1552.0,776.0,1.7536723163841808,17.48925932734975,22407.98791561798,0.03949484457652578,0.0,0.0,1.0,inf,885.0,inf,169.0,161.0,8.0,0.0,0.0,0.0,0.0,0.0,0.0
9.0,1006.0,2756.0,1750.0,875.0,1.739562624254473,17.526036847017508,22549.648189494153,0.044612669410456426,0.0,0.0,1.0,inf,1006.0,inf,137.0,121.0,16.0,0.0,0.0,0.0,0.0,0.0,0.0
10.0,1163.0,3173.0,2010.0,1005.0,1.7282889079965607,18.531502830651235,26657.56827392919,0.043627385215680055,0.0,0.0,1.0,inf,1163.0,inf,166.0,157.0,9.0,0.0,0.0,0.0,0.0,0.0,0.0
11.0,1284.0,3492.0,2208.0,1104.0,1.719626168224299,18.531502830651235,26657.56827392919,0.0481664338924619,0.0,0.0,1.0,inf,1284.0,inf,135.0,121.0,14.0,0.0,0.0,0.0,0.0,0.0,0.0
12.0,1440.0,3920.0,2480.0,1240.0,1.7222222222222223,19.148223835819707,29408.582779929624,0.04896529733431262,0.0,0.0,1.0,inf,1440.0,inf,172.0,156.0,16.0,0.0,0.0,0.0,0.0,0.0,0.0
13.0,1572.0,4276.0,2704.0,1352.0,1.7201017811704835,19.82191108702375,32623.09648101665,0.048186719519857514,0.0,0.0,1.0,inf,1572.0,inf,143.0,132.0,11.0,0.0,0.0,0.0,0.0,0.0,0.0
14.0,1713.0,4655.0,2942.0,1471.0,1.717454757734968,19.82191108702375,32623.09648101665,0.05250881077450122,0.0,0.0,1.0,inf,1713.0,inf,154.0,141.0,13.0,0.0,0.0,0.0,0.0,0.0,0.0
15.0,1858.0,5048.0,3190.0,1595.0,1.7168998923573735,20.716001216639178,37239.71879375711,0.04989296536555685,0.0,0.0,1.0,inf,1858.0,inf,154.0,145.0,9.0,0.0,0.0,0.0,0.0,0.0,0.0
16.0,1991.0,5413.0,3422.0,1711.0,1.7187343043696635,20.769488617715655,37528.91597408786,0.05305242499875834,0.0,0.0,1.0,inf,1991.0,inf,146.0,133.0,13.0,0.0,0.0,0.0,0.0,0.0,0.0
17.0,2142.0,5802.0,3660.0,1830.0,1.7086834733893557,20.769488617715655,37528.91597408786,0.057075989124731476,0.0,0.0,1.0,inf,2142.0,inf,156.0,151.0,5.0,0.0,0.0,0.0,0.0,0.0,0.0
18.0,2277.0,6163.0,3886.0,1943.0,1.7066315327184893,21.353169442025568,40782.66934203363,0.05583253957467555,0.0,0.0,1.0,inf,2277.0,inf,144.0,135.0,9.0,0.0,0.0,0.0,0.0,0.0,0.0
19.0,2425.0,6559.0,4134.0,2067.0,1.7047422680412372,21.353169442025568,40782.66934203363,0.05946153204593246,0.0,0.0,1.0,inf,2425.0,inf,161.0,148.0,13.0,0.0,0.0,0.0,0.0,0.0,0.0
20.0,2587.0,7001.0,4414.0,2207.0,1.7062234248163897,21.48066114496801,41517.53323078242,0.06231102376963754,0.0,0.0,1.0,inf,2587.0,inf,179.0,162.0,17.0,0.0,0.0,0.0,0.0,0.0,0.0
21.0,2735.0,7391.0,4656.0,2328.0,1.7023765996343694,21.589040972015667,42149.13447827512,0.06488863968036397,0.0,0.0,1.0,inf,2735.0,inf,172.0,148.0,24.0,0.0,0.0,0.0,0.0,0.0,0.0
22.0,2893.0,7827.0,4934.0,2467.0,1.7054960248876598,21.589040972015667,42149.13447827512,0.06863723385568299,0.0,0.0,1.0,inf,2893.0,inf,176.0,158.0,18.0,0.0,0.0,0.0,0.0,0.0,0.0
23.0,3044.0,8230.0,5186.0,2593.0,1.7036793692509855,21.66414848770933,42590.57274865471,0.07147121542515883,0.0,0.0,1.0,inf,3044.0,inf,179.0,151.0,28.0,0.0,0.0,0.0,0.0,0.0,0.0
24.0,3205.0,8665.0,5460.0,2730.0,1.703588143525741,22.30610918555945,46490.05718212584,0.06893947209925642,0.0,0.0,1.0,inf,3205.0,inf,191.0,161.0,30.0,0.0,0.0,0.0,0.0,0.0,0.0
25.0,3364.0,9094.0,5730.0,2865.0,1.7033293697978598,22.30610918555945,46490.05718212584,0.07235955823460175,0.0,0.0,1.0,inf,3364.0,inf,189.0,159.0,30.0,0.0,0.0,0.0,0.0,0.0,0.0
26.0,3528.0,9548.0,6020.0,3010.0,1.7063492063492063,22.30610918555945,46490.05718212584,0.07588719424841706,0.0,0.0,1.0,inf,3528.0,inf,189.0,164.0,25.0,0.0,0.0,0.0,0.0,0.0,0.0
27.0,3698.0,10012.0,6314.0,3157.0,1.707409410492158,22.40392208575459,47104.32342455636,0.07850659411174482,0.0,0.0,1.0,inf,3698.0,inf,204.0,170.0,34.0,0.0,0.0,0.0,0.0,0.0,0.0
28.0,3848.0,10438.0,6590.0,3295.0,1.7125779625779627,22.63112760750066,48552.007281792416,0.07925521961772827,0.0,0.0,1.0,inf,3848.0,inf,184.0,150.0,34.0,0.0,0.0,0.0,0.0,0.0,0.0
29.0,4014.0,10906.0,6892.0,3446.0,1.716990533134031,22.63112760750066,48552.007281792416,0.08267423376963651,0.0,0.0,1.0,inf,4014.0,inf,198.0,166.0,32.0,0.0,0.0,0.0,0.0,0.0,0.0
30.0,4188.0,11386.0,7198.0,3599.0,1.718720152817574,22.63112760750066,48552.007281792416,0.08625801968790177,0.0,0.0,1.0,inf,4188.0,inf,204.0,174.0,30.0,0.0,0.0,0.0,0.0,0.0,0.0
31.0,4355.0,11857.0,7502.0,3751.0,1.722617680826636,23.48029415789275,54224.9561487057,0.08031357347817698,0.0,0.0,1.0,inf,4355.0,inf,199.0,167.0,32.0,0.0,0.0,0.0,0.0,0.0,0.0
32.0,4526.0,12322.0,7796.0,3898.0,1.722492266902342,23.48029415789275,54224.9561487057,0.08346710299936373,0.0,0.0,1.0,inf,4526.0,inf,196.0,171.0,25.0,0.0,0.0,0.0,0.0,0.0,0.0
33.0,4694.0,12786.0,8092.0,4046.0,1.723902854708138,23.48029415789275,54224.9561487057,0.0865653074412314,0.0,0.0,1.0,inf,4694.0,inf,191.0,168.0,23.0,0.0,0.0,0.0,0.0,0.0,0.0
34.0,4850.0,13220.0,8370.0,4185.0,1.7257731958762887,23.48029415789275,54224.9561487057,0.08944221156582281,0.0,0.0,1.0,inf,4850.0,inf,186.0,156.0,30.0,0.0,0.0,0.0,0.0,0.0,0.0
35.0,5015.0,13677.0,8662.0,4331.0,1.7272183449651046,23.48029415789275,54224.9561487057,0.09248509092837143,0.0,0.0,1.0,inf,5015.0,inf,199.0,165.0,34.0,0.0,0.0,0.0,0.0,0.0,0.0
36.0,5184.0,14152.0,8968.0,4484.0,1.7299382716049383,23.991277442394924,57842.722860738206,0.08962233697886193,0.0,0.0,1.0,inf,5184.0,inf,197.0,169.0,28.0,0.0,0.0,0.0,0.0,0.0,0.0
37.0,5340.0,14584.0,9244.0,4622.0,1.7310861423220973,23.991277442394924,57842.722860738206,0.09231930545276287,0.0,0.0,1.0,inf,5340.0,inf,189.0,156.0,33.0,0.0,0.0,0.0,0.0,0.0,0.0
38.0,5497.0,15025.0,9528.0,4764.0,1.7333090776787339,24.101401105859328,58642.905665136066,0.0937368286522002,0.0,0.0,1.0,inf,5497.0,inf,197.0,157.0,40.0,0.0,0.0,0.0,0.0,0.0,0.0
39.0,5663.0,15487.0,9824.0,4912.0,1.734769556772029,24.101401105859328,58642.905665136066,0.09656752058530285,0.0,0.0,1.0,inf,5663.0,inf,200.0,166.0,34.0,0.0,0.0,0.0,0.0,0.0,0.0
40.0,5832.0,15952.0,10120.0,5060.0,1.7352537722908092,24.101401105859328,58642.905665136066,0.09944936960153385,0.0,0.0,1.0,inf,5832.0,inf,196.0,169.0,27.0,0.0,0.0,0.0,0.0,0.0,0.0
41.0,5995.0,16395.0,10400.0,5200.0,1.7347789824854045,24.101401105859328,58642.905665136066,0.10222890445150813,0.0,0.0,1.0,inf,5995.0,inf,193.0,163.0,30.0,0.0,0.0,0.0,0.0,0.0,0.0
42.0,6154.0,16832.0,10678.0,5339.0,1.7351316217094572,24.101401105859328,58642.905665136066,0.10494022985731127,0.0,0.0,1.0,inf,6154.0,inf,199.0,159.0,40.0,0.0,0.0,0.0,0.0,0.0,0.0
43.0,6331.0,17329.0,10998.0,5499.0,1.7371663244353184,24.101401105859328,58642.905665136066,0.10795849776188457,0.0,0.0,1.0,inf,6331.0,inf,204.0,177.0,27.0,0.0,0.0,0.0,0.0,0.0,0.0
44.0,6483.0,17757.0,11274.0,5637.0,1.7390097177232762,24.101401105859328,58642.905665136066,0.11055045664038819,0.0,0.0,1.0,inf,6483.0,inf,196.0,152.0,44.0,0.0,0.0,0.0,0.0,0.0,0.0
45.0,6646.0,18216.0,11570.0,5785.0,1.740896780018056,24.7057368510849,63165.80615262958,0.10521515365356147,0.0,0.0,1.0,inf,6646.0,inf,195.0,163.0,32.0,0.0,0.0,0.0,0.0,0.0,0.0
46.0,6806.0,18660.0,11854.0,5927.0,1.7416985013223627,24.7057368510849,63165.80615262958,0.1077481696909629,0.0,0.0,1.0,inf,6806.0,inf,206.0,160.0,46.0,0.0,0.0,0.0,0.0,0.0,0.0
47.0,6970.0,19120.0,12150.0,6075.0,1.7431850789096126,24.7057368510849,63165.80615262958,0.11034451112929936,0.0,0.0,1.0,inf,6970.0,inf,204.0,164.0,40.0,0.0,0.0,0.0,0.0,0.0,0.0
48.0,7131.0,19575.0,12444.0,6222.0,1.7450567942785022,24.7057368510849,63165.80615262958,0.11289335851693454,0.0,0.0,1.0,inf,7131.0,inf,203.0,161.0,42.0,0.0,0.0,0.0,0.0,0.0,0.0
49.0,7283.0,19997.0,12714.0,6357.0,1.7457091857750926,24.7057368510849,63165.80615262958,0.11529972375246587,0.0,0.0,1.0,inf,7283.0,inf,200.0,152.0,48.0,0.0,0.0,0.0,0.0,0.0,0.0
50.0,7431.0,20421.0,12990.0,6495.0,1.748082357690755,24.791608344159368,63826.74782450194,0.11642454383595231,0.0,0.0,1.0,inf,7431.0,inf,209.0,148.0,61.0,0.0,0.0,0.0,0.0,0.0,0.0
51.0,7599.0,20883.0,13284.0,6642.0,1.7481247532570074,24.791608344159368,63826.74782450194,0.11905666917095972,0.0,0.0,1.0,inf,7599.0,inf,203.0,168.0,35.0,0.0,0.0,0.0,0.0,0.0,0.0
52.0,7779.0,21367.0,13588.0,6794.0,1.7467540815014784,24.791608344159368,63826.74782450194,0.12187680345846764,0.0,0.0,1.0,inf,7779.0,inf,211.0,180.0,31.0,0.0,0.0,0.0,0.0,0.0,0.0
53.0,7933.0,21803.0,13870.0,6935.0,1.748392789613009,24.791608344159368,63826.74782450194,0.12428958501555776,0.0,0.0,1.0,inf,7933.0,inf,197.0,154.0,43.0,0.0,0.0,0.0,0.0,0.0,0.0
54.0,8095.0,22249.0,14154.0,7077.0,1.7484867201976528,25.297795028754734,67816.69449217651,0.1193658886003926,0.0,0.0,1.0,inf,8095.0,inf,211.0,162.0,49.0,0.0,0.0,0.0,0.0,0.0,0.0
55.0,8263.0,22715.0,14452.0,7226.0,1.7490015732784703,25.297795028754734,67816.69449217651,0.12184315472576208,0.0,0.0,1.0,inf,8263.0,inf,207.0,168.0,39.0,0.0,0.0,0.0,0.0,0.0,0.0
56.0,8433.0,23191.0,14758.0,7379.0,1.7500296454405313,25.297795028754734,67816.69449217651,0.12434991211452882,0.0,0.0,1.0,inf,8433.0,inf,213.0,170.0,43.0,0.0,0.0,0.0,0.0,0.0,0.0
57.0,8592.0,23618.0,15026.0,7513.0,1.7488361266294228,25.297795028754734,67816.69449217651,0.12669446755461067,0.0,0.0,1.0,inf,8592.0,inf,207.0,159.0,48.0,0.0,0.0,0.0,0.0,0.0,0.0
58.0,8760.0,24086.0,15326.0,7663.0,1.7495433789954338,25.297795028754734,67816.69449217651,0.12917173367998014,0.0,0.0,1.0,inf,8760.0,inf,216.0,168.0,48.0,0.0,0.0,0.0,0.0,0.0,0.0
59.0,8925.0,24557.0,15632.0,7816.0,1.751484593837535,25.297795028754734,67816.69449217651,0.13160476291025375,0.0,0.0,1.0,inf,8925.0,inf,211.0,165.0,46.0,0.0,0.0,0.0,0.0,0.0,0.0
60.0,9086.0,24994.0,15908.0,7954.0,1.7508254457407,25.297795028754734,67816.69449217651,0.13397880961373282,0.0,0.0,1.0,inf,9086.0,inf,209.0,161.0,48.0,0.0,0.0,0.0,0.0,0.0,0.0
61.0,9248.0,25426.0,16178.0,8089.0,1.7493512110726643,25.297795028754734,67816.69449217651,0.13636760194891054,0.0,0.0,1.0,inf,9248.0,inf,208.0,162.0,46.0,0.0,0.0,0.0,0.0,0.0,0.0
62.0,9405.0,25863.0,16458.0,8229.0,1.749920255183413,25.297795028754734,67816.69449217651,0.13868266612559513,0.0,0.0,1.0,inf,9405.0,inf,210.0,157.0,53.0,0.0,0.0,0.0,0.0,0.0,0.0
63.0,9562.0,26292.0,16730.0,8365.0,1.7496339677891655,25.320933665373083,68002.950433772,0.14061154610214188,0.0,0.0,1.0,inf,9562.0,inf,209.0,157.0,52.0,0.0,0.0,0.0,0.0,0.0,0.0
64.0,9723.0,26735.0,17012.0,8506.0,1.7496657410264322,25.320933665373083,68002.950433772,0.14297909043621893,0.0,0.0,1.0,inf,9723.0,inf,218.0,161.0,57.0,0.0,0.0,0.0,0.0,0.0,0.0
65.0,9873.0,27149.0,17276.0,8638.0,1.749822748911172,25.320933665373083,68002.950433772,0.14518487708287459,0.0,0.0,1.0,inf,9873.0,inf,214.0,150.0,64.0,0.0,0.0,0.0,0.0,0.0,0.0
66.0,10034.0,27584.0,17550.0,8775.0,1.7490532190552124,25.320933665373083,68002.950433772,0.14755242141695163,0.0,0.0,1.0,inf,10034.0,inf,211.0,161.0,50.0,0.0,0.0,0.0,0.0,0.0,0.0
67.0,10186.0,28006.0,17820.0,8910.0,1.7494600431965444,25.45489757883255,69088.00802627455,0.14743513803620173,0.0,0.0,1.0,inf,10186.0,inf,210.0,152.0,58.0,0.0,0.0,0.0,0.0,0.0,0.0
68.0,10352.0,28460.0,18108.0,9054.0,1.749227202472952,25.45489757883255,69088.00802627455,0.14983787050370706,0.0,0.0,1.0,inf,10352.0,inf,214.0,166.0,48.0,0.0,0.0,0.0,0.0,0.0,0.0
69.0,10516.0,28902.0,18386.0,9193.0,1.7483834157474325,25.45489757883255,69088.00802627455,0.15221165438726658,0.0,0.0,1.0,inf,10516.0,inf,211.0,164.0,47.0,0.0,0.0,0.0,0.0,0.0,0.0
70.0,10682.0,29348.0,18666.0,9333.0,1.747425575734881,25.599659697039293,70273.43551774858,0.15200622996867863,0.0,0.0,1.0,inf,10682.0,inf,208.0,166.0,42.0,0.0,0.0,0.0,0.0,0.0,0.0
71.0,10836.0,29782.0,18946.0,9473.0,1.7484311554078995,25.599659697039293,70273.43551774858,0.15419766971921003,0.0,0.0,1.0,inf,10836.0,inf,213.0,154.0,59.0,0.0,0.0,0.0,0.0,0.0,0.0
72.0,10990.0,30218.0,19228.0,9614.0,1.7495905368516833,25.7510157983273,71527.27916713973,0.15364767299926746,0.0,0.0,1.0,inf,10990.0,inf,216.0,154.0,62.0,0.0,0.0,0.0,0.0,0.0,0.0
73.0,11153.0,30663.0,19510.0,9755.0,1.7493051196987357,25.7510157983273,71527.27916713973,0.15592652383629024,0.0,0.0,1.0,inf,11153.0,inf,213.0,163.0,50.0,0.0,0.0,0.0,0.0,0.0,0.0
74.0,11303.0,31093.0,19790.0,9895.0,1.7508626028488012,25.96388865002025,73315.84140348615,0.15416859144799427,0.0,0.0,1.0,inf,11303.0,inf,212.0,150.0,62.0,0.0,0.0,0.0,0.0,0.0,0.0
75.0,11471.0,31569.0,20098.0,10049.0,1.7520704384970796,25.96388865002025,73315.84140348615,0.15646004711138126,0.0,0.0,1.0,inf,11471.0,inf,210.0,168.0,42.0,0.0,0.0,0.0,0.0,0.0,0.0
76.0,11625.0,31983.0,20358.0,10179.0,1.7512258064516129,25.96388865002025,73315.84140348615,0.15856054813615267,0.0,0.0,1.0,inf,11625.0,inf,212.0,154.0,58.0,0.0,0.0,0.0,0.0,0.0,0.0
77.0,11787.0,32429.0,20642.0,10321.0,1.751251378637482,25.96388865002025,73315.84140348615,0.16077016609727582,0.0,0.0,1.0,inf,11787.0,inf,216.0,162.0,54.0,0.0,0.0,0.0,0.0,0.0,0.0
78.0,11946.0,32868.0,20922.0,10461.0,1.7513812154696133,26.182749714722675,75185.54844680206,0.15888691705763716,0.0,0.0,1.0,inf,11946.0,inf,214.0,159.0,55.0,0.0,0.0,0.0,0.0,0.0,0.0
79.0,12093.0,33277.0,21184.0,10592.0,1.751757214917721,26.182749714722675,75185.54844680206,0.16084208002494613,0.0,0.0,1.0,inf,12093.0,inf,212.0,147.0,65.0,0.0,0.0,0.0,0.0,0.0,0.0
80.0,12264.0,33756.0,21492.0,10746.0,1.7524461839530332,26.182749714722675,75185.54844680206,0.16311645327263202,0.0,0.0,1.0,inf,12264.0,inf,217.0,171.0,46.0,0.0,0.0,0.0,0.0,0.0,0.0
81.0,12429.0,34217.0,21788.0,10894.0,1.7529970230911578,26.182749714722675,75185.54844680206,0.1653110239502237,0.0,0.0,1.0,inf,12429.0,inf,214.0,165.0,49.0,0.0,0.0,0.0,0.0,0.0,0.0
82.0,12580.0,34638.0,22058.0,11029.0,1.7534181240063593,26.182749714722675,75185.54844680206,0.16731938863092882,0.0,0.0,1.0,inf,12580.0,inf,209.0,151.0,58.0,0.0,0.0,0.0,0.0,0.0,0.0
83.0,12734.0,35058.0,22324.0,11162.0,1.7531019318360295,26.182749714722675,75185.54844680206,0.16936765459668104,0.0,0.0,1.0,inf,12734.0,inf,217.0,154.0,63.0,0.0,0.0,0.0,0.0,0.0,0.0
84.0,12893.0,35501.0,22608.0,11304.0,1.753509656402699,26.182749714722675,75185.54844680206,0.17148242270417846,0.0,0.0,1.0,inf,12893.0,inf,212.0,159.0,53.0,0.0,0.0,0.0,0.0,0.0,0.0
85.0,13041.0,35911.0,22870.0,11435.0,1.7536998696418986,26.205711415073186,75383.53022872112,0.17299534739793043,0.0,0.0,1.0,inf,13041.0,inf,213.0,148.0,65.0,0.0,0.0,0.0,0.0,0.0,0.0
86.0,13203.0,36349.0,23146.0,11573.0,1.7530864197530864,26.205711415073186,75383.53022872112,0.17514435792461278,0.0,0.0,1.0,inf,13203.0,inf,216.0,162.0,54.0,0.0,0.0,0.0,0.0,0.0,0.0
87.0,13349.0,36739.0,23390.0,11695.0,1.7521911753689414,26.205711415073186,75383.53022872112,0.17708112049804256,0.0,0.0,1.0,inf,13349.0,inf,209.0,146.0,63.0,0.0,0.0,0.0,0.0,0.0,0.0
88.0,13503.0,37163.0,23660.0,11830.0,1.7522032141005703,26.205711415073186,75383.53022872112,0.17912400704809864,0.0,0.0,1.0,inf,13503.0,inf,214.0,154.0,60.0,0.0,0.0,0.0,0.0,0.0,0.0
89.0,13653.0,37575.0,23922.0,11961.0,1.7521423862887278,26.205711415073186,75383.53022872112,0.18111383160984157,0.0,0.0,1.0,inf,13653.0,inf,212.0,150.0,62.0,0.0,0.0,0.0,0.0,0.0,0.0
90.0,13803.0,37999.0,24196.0,12098.0,1.7529522567557778,26.205711415073186,75383.53022872112,0.1831036561715845,0.0,0.0,1.0,inf,13803.0,inf,214.0,150.0,64.0,0.0,0.0,0.0,0.0,0.0,0.0
91.0,13958.0,38440.0,24482.0,12241.0,1.7539762143573578,26.205711415073186,75383.53022872112,0.18515980821871889,0.0,0.0,1.0,inf,13958.0,inf,216.0,155.0,61.0,0.0,0.0,0.0,0.0,0.0,0.0
92.0,14115.0,38885.0,24770.0,12385.0,1.75487070492384,26.205711415073186,75383.53022872112,0.1872424912600098,0.0,0.0,1.0,inf,14115.0,inf,214.0,157.0,57.0,0.0,0.0,0.0,0.0,0.0,0.0
93.0,14267.0,39309.0,25042.0,12521.0,1.7552393635662717,26.367749061170738,76790.55032820719,0.1857910893856344,0.0,0.0,1.0,inf,14267.0,inf,213.0,152.0,61.0,0.0,0.0,0.0,0.0,0.0,0.0
94.0,14411.0,39705.0,25294.0,12647.0,1.7551870099229756,26.367749061170738,76790.55032820719,0.1876663201189022,0.0,0.0,1.0,inf,14411.0,inf,213.0,144.0,69.0,0.0,0.0,0.0,0.0,0.0,0.0
95.0,14567.0,40137.0,25570.0,12785.0,1.7553374064666711,26.367749061170738,76790.55032820719,0.1896978200799423,0.0,0.0,1.0,inf,14567.0,inf,216.0,156.0,60.0,0.0,0.0,0.0,0.0,0.0,0.0
96.0,14716.0,40548.0,25832.0,12916.0,1.7553683066050558,26.462591296810313,77622.15886559348,0.18958503879647906,0.0,0.0,1.0,inf,14716.0,inf,217.0,149.0,68.0,0.0,0.0,0.0,0.0,0.0,0.0
97.0,14871.0,40999.0,26128.0,13064.0,1.756976665994217,26.462591296810313,77622.15886559348,0.19158189127089156,0.0,0.0,1.0,inf,14871.0,inf,214.0,155.0,59.0,0.0,0.0,0.0,0.0,0.0,0.0
98.0,15023.0,41411.0,26388.0,13194.0,1.756506689742395,26.462591296810313,77622.15886559348,0.19354009498773478,0.0,0.0,1.0,inf,15023.0,inf,212.0,152.0,60.0,0.0,0.0,0.0,0.0,0.0,0.0
99.0,15167.0,41809.0,26642.0,13321.0,1.7565767785323398,26.462591296810313,77622.15886559348,0.19539523535105993,0.0,0.0,1.0,inf,15167.0,inf,216.0,144.0,72.0,0.0,0.0,0.0,0.0,0.0,0.0
100.0,15313.0,42211.0,26898.0,13449.0,1.7565467250048978,26.555848928496474,78445.70625816307,0.19520507533714157,0.0,0.0,1.0,inf,15313.0,inf,214.0,146.0,68.0,0.0,0.0,0.0,0.0,0.0,0.0
101.0,15474.0,42670.0,27196.0,13598.0,1.757528757916505,26.843176171606526,81019.64096719064,0.19099072540035425,0.0,0.0,1.0,inf,15474.0,inf,216.0,161.0,55.0,0.0,0.0,0.0,0.0,0.0,0.0
102.0,15624.0,43106.0,27482.0,13741.0,1.7589605734767024,26.843176171606526,81019.64096719064,0.19284212832203276,0.0,0.0,1.0,inf,15624.0,inf,211.0,150.0,61.0,0.0,0.0,0.0,0.0,0.0,0.0
103.0,15779.0,43545.0,27766.0,13883.0,1.7596805881234552,26.843176171606526,81019.64096719064,0.19475524467443386,0.0,0.0,1.0,inf,15779.0,inf,218.0,155.0,63.0,0.0,0.0,0.0,0.0,0.0,0.0
104.0,15934.0,43984.0,28050.0,14025.0,1.7603865947031505,27.11724213761925,83526.66980739102,0.1907654170427617,0.0,0.0,1.0,inf,15934.0,inf,213.0,155.0,58.0,0.0,0.0,0.0,0.0,0.0,0.0
105.0,16090.0,44426.0,28336.0,14168.0,1.7610938471100062,27.11724213761925,83526.66980739102,0.19263308398506562,0.0,0.0,1.0,inf,16090.0,inf,211.0,156.0,55.0,0.0,0.0,0.0,0.0,0.0,0.0
106.0,16240.0,44856.0,28616.0,14308.0,1.7620689655172415,27.11724213761925,83526.66980739102,0.19442891758343478,0.0,0.0,1.0,inf,16240.0,inf,211.0,150.0,61.0,0.0,0.0,0.0,0.0,0.0,0.0
107.0,16405.0,45323.0,28918.0,14459.0,1.762755257543432,27.11724213761925,83526.66980739102,0.19640433454164086,0.0,0.0,1.0,inf,16405.0,inf,213.0,165.0,48.0,0.0,0.0,0.0,0.0,0.0,0.0
108.0,16561.0,45767.0,29206.0,14603.0,1.7635408489825493,27.11724213761925,83526.66980739102,0.1982720014839448,0.0,0.0,1.0,inf,16561.0,inf,215.0,156.0,59.0,0.0,0.0,0.0,0.0,0.0,0.0
109.0,16726.0,46234.0,29508.0,14754.0,1.764199449958149,27.11724213761925,83526.66980739102,0.20024741844215088,0.0,0.0,1.0,inf,16726.0,inf,217.0,165.0,52.0,0.0,0.0,0.0,0.0,0.0,0.0
110.0,16884.0,46670.0,29786.0,14893.0,1.7641554134091448,27.11724213761925,83526.66980739102,0.20213902983243306,0.0,0.0,1.0,inf,16884.0,inf,213.0,158.0,55.0,0.0,0.0,0.0,0.0,0.0,0.0
111.0,17027.0,47073.0,30046.0,15023.0,1.7646091501732541,27.11724213761925,83526.66980739102,0.20385105786287833,0.0,0.0,1.0,inf,17027.0,inf,217.0,143.0,74.0,0.0,0.0,0.0,0.0,0.0,0.0
112.0,17183.0,47521.0,30338.0,15169.0,1.7655822615375663,27.11724213761925,83526.66980739102,0.20571872480518227,0.0,0.0,1.0,inf,17183.0,inf,216.0,156.0,60.0,0.0,0.0,0.0,0.0,0.0,0.0
113.0,17336.0,47938.0,30602.0,15301.0,1.765228426395939,27.11724213761925,83526.66980739102,0.2075504750755188,0.0,0.0,1.0,inf,17336.0,inf,217.0,153.0,64.0,0.0,0.0,0.0,0.0,0.0,0.0
114.0,17473.0,48319.0,30846.0,15423.0,1.7653522577691294,27.11724213761925,83526.66980739102,0.20919066976202932,0.0,0.0,1.0,inf,17473.0,inf,216.0,137.0,79.0,0.0,0.0,0.0,0.0,0.0,0.0
115.0,17623.0,48743.0,31120.0,15560.0,1.765874141746581,27.11724213761925,83526.66980739102,0.21098650336039848,0.0,0.0,1.0,inf,17623.0,inf,217.0,150.0,67.0,0.0,0.0,0.0,0.0,0.0,0.0
116.0,17782.0,49198.0,31416.0,15708.0,1.7667304015296368,27.574579103420096,87824.41905102307,0.2024721619811598,0.0,0.0,1.0,inf,17782.0,inf,213.0,159.0,54.0,0.0,0.0,0.0,0.0,0.0,0.0
117.0,17942.0,49660.0,31718.0,15859.0,1.7678073793334077,27.720897346417615,89229.91168138418,0.20107607036602274,0.0,0.0,1.0,inf,17942.0,inf,217.0,160.0,57.0,0.0,0.0,0.0,0.0,0.0,0.0
118.0,18104.0,50132.0,32028.0,16014.0,1.7691117984975695,27.720897346417615,89229.91168138418,0.20289160505553872,0.0,0.0,1.0,inf,18104.0,inf,215.0,162.0,53.0,0.0,0.0,0.0,0.0,0.0,0.0
119.0,18253.0,50547.0,32294.0,16147.0,1.769243412041856,27.720897346417615,89229.91168138418,0.20456144868972317,0.0,0.0,1.0,inf,18253.0,inf,208.0,149.0,59.0,0.0,0.0,0.0,0.0,0.0,0.0
120.0,18418.0,51008.0,32590.0,16295.0,1.7694646541426866,28.384038900689394,95788.01849390374,0.1922787451874493,0.0,0.0,1.0,inf,18418.0,inf,214.0,165.0,49.0,0.0,0.0,0.0,0.0,0.0,0.0
121.0,18582.0,51472.0,32890.0,16445.0,1.7699924658271446,28.384038900689394,95788.01849390374,0.1939908591091966,0.0,0.0,1.0,inf,18582.0,inf,200.0,164.0,36.0,0.0,0.0,0.0,0.0,0.0,0.0
122.0,18743.0,51941.0,33198.0,16599.0,1.7712212559355494,28.384038900689394,95788.01849390374,0.19567165387383878,0.0,0.0,1.0,inf,18743.0,inf,205.0,161.0,44.0,0.0,0.0,0.0,0.0,0.0,0.0
123.0,18905.0,52393.0,33488.0,16744.0,1.7713832319492198,28.384038900689394,95788.01849390374,0.19736288835751598,0.0,0.0,1.0,inf,18905.0,inf,208.0,162.0,46.0,0.0,0.0,0.0,0.0,0.0,0.0
124.0,19071.0,52869.0,33798.0,16899.0,1.7722196004404593,28.384038900689394,95788.01849390374,0.19909588171733336,0.0,0.0,1.0,inf,19071.0,inf,213.0,166.0,47.0,0.0,0.0,0.0,0.0,0.0,0.0
125.0,19240.0,53356.0,34116.0,17058.0,1.7731808731808731,28.536318048713465,97338.00021632727,0.197661755503918,0.0,0.0,1.0,inf,19240.0,inf,213.0,169.0,44.0,0.0,0.0,0.0,0.0,0.0,0.0
126.0,19405.0,53823.0,34418.0,17209.0,1.77366658077815,28.536318048713465,97338.00021632727,0.19935687970652438,0.0,0.0,1.0,inf,19405.0,inf,205.0,165.0,40.0,0.0,0.0,0.0,0.0,0.0,0.0
127.0,19562.0,54252.0,34690.0,17345.0,1.7733360597075964,28.536318048713465,97338.00021632727,0.20096981606900438,0.0,0.0,1.0,inf,19562.0,inf,211.0,157.0,54.0,0.0,0.0,0.0,0.0,0.0,0.0
128.0,19732.0,54728.0,34996.0,17498.0,1.7735657814717212,28.536318048713465,97338.00021632727,0.20271630767168972,0.0,0.0,1.0,inf,19732.0,inf,210.0,170.0,40.0,0.0,0.0,0.0,0.0,0.0,0.0
129.0,19902.0,55202.0,35300.0,17650.0,1.7736910863229827,28.536318048713465,97338.00021632727,0.20446279927437508,0.0,0.0,1.0,inf,19902.0,inf,212.0,170.0,42.0,0.0,0.0,0.0,0.0,0.0,0.0
130.0,20066.0,55658.0,35592.0,17796.0,1.7737466361008671,28.536318048713465,97338.00021632727,0.20614764999696564,0.0,0.0,1.0,inf,20066.0,inf,210.0,164.0,46.0,0.0,0.0,0.0,0.0,0.0,0.0
131.0,20235.0,56115.0,35880.0,17940.0,1.7731653076352853,28.536318048713465,97338.00021632727,0.2078838681196352,0.0,0.0,1.0,inf,20235.0,inf,209.0,169.0,40.0,0.0,0.0,0.0,0.0,0.0,0.0
132.0,20394.0,56558.0,36164.0,18082.0,1.773266647053055,28.536318048713465,97338.00021632727,0.20951735144214678,0.0,0.0,1.0,inf,20394.0,inf,206.0,159.0,47.0,0.0,0.0,0.0,0.0,0.0,0.0
133.0,20570.0,57044.0,36474.0,18237.0,1.7731648031113272,28.536318048713465,97338.00021632727,0.2113254839249269,0.0,0.0,1.0,inf,20570.0,inf,215.0,176.0,39.0,0.0,0.0,0.0,0.0,0.0,0.0
134.0,20737.0,57507.0,36770.0,18385.0,1.7731590876211603,28.6153356385686,98148.8334314466,0.21128116631650076,0.0,0.0,1.0,inf,20737.0,inf,215.0,167.0,48.0,0.0,0.0,0.0,0.0,0.0,0.0
135.0,20903.0,57987.0,37084.0,18542.0,1.7740994115677176,28.6153356385686,98148.8334314466,0.2129724752622759,0.0,0.0,1.0,inf,20903.0,inf,210.0,166.0,44.0,0.0,0.0,0.0,0.0,0.0,0.0
136.0,21061.0,58437.0,37376.0,18688.0,1.7746545748065143,28.6153356385686,98148.8334314466,0.2145822753431944,0.0,0.0,1.0,inf,21061.0,inf,210.0,158.0,52.0,0.0,0.0,0.0,0.0,0.0,0.0
137.0,21225.0,58899.0,37674.0,18837.0,1.774982332155477,28.6153356385686,98148.8334314466,0.2162532070727554,0.0,0.0,1.0,inf,21225.0,inf,212.0,164.0,48.0,0.0,0.0,0.0,0.0,0.0,0.0
138.0,21406.0,59412.0,38006.0,19003.0,1.775483509296459,28.6153356385686,98148.8334314466,0.21809734514013673,0.0,0.0,1.0,inf,21406.0,inf,212.0,181.0,31.0,0.0,0.0,0.0,0.0,0.0,0.0
139.0,21578.0,59894.0,38316.0,19158.0,1.7756974696450087,28.6153356385686,98148.8334314466,0.21984978573455435,0.0,0.0,1.0,inf,21578.0,inf,211.0,172.0,39.0,0.0,0.0,0.0,0.0,0.0,0.0
140.0,21746.0,60372.0,38626.0,19313.0,1.7762347098316933,28.6153356385686,98148.8334314466,0.22156147189654365,0.0,0.0,1.0,inf,21746.0,inf,212.0,168.0,44.0,0.0,0.0,0.0,0.0,0.0,0.0
141.0,21921.0,60863.0,38942.0,19471.0,1.7764700515487433,28.6153356385686,98148.8334314466,0.2233444783152825,0.0,0.0,1.0,inf,21921.0,inf,211.0,175.0,36.0,0.0,0.0,0.0,0.0,0.0,0.0
142.0,22089.0,61321.0,39232.0,19616.0,1.776087645434379,28.6153356385686,98148.8334314466,0.2250561644772718,0.0,0.0,1.0,inf,22089.0,inf,212.0,168.0,44.0,0.0,0.0,0.0,0.0,0.0,0.0
143.0,22249.0,61755.0,39506.0,19753.0,1.7756303654096814,28.6153356385686,98148.8334314466,0.22668634177440447,0.0,0.0,1.0,inf,22249.0,inf,214.0,160.0,54.0,0.0,0.0,0.0,0.0,0.0,0.0
144.0,22412.0,62216.0,39804.0,19902.0,1.77601285025879,28.6153356385686,98148.8334314466,0.22834708489585837,0.0,0.0,1.0,inf,22412.0,inf,217.0,163.0,54.0,0.0,0.0,0.0,0.0,0.0,0.0
145.0,22584.0,62686.0,40102.0,20051.0,1.7756818986893377,28.6153356385686,98148.8334314466,0.23009952549027599,0.0,0.0,1.0,inf,22584.0,inf,212.0,172.0,40.0,0.0,0.0,0.0,0.0,0.0,0.0
146.0,22745.0,63133.0,40388.0,20194.0,1.775686964167949,28.6153356385686,98148.8334314466,0.23173989139551573,0.0,0.0,1.0,inf,22745.0,inf,213.0,161.0,52.0,0.0,0.0,0.0,0.0,0.0,0.0
147.0,22911.0,63611.0,40700.0,20350.0,1.7764392649818865,28.6153356385686,98148.8334314466,0.2334312003412909,0.0,0.0,1.0,inf,22911.0,inf,211.0,166.0,45.0,0.0,0.0,0.0,0.0,0.0,0.0
148.0,23074.0,64070.0,40996.0,20498.0,1.7767183843286816,28.6153356385686,98148.8334314466,0.23509194346274478,0.0,0.0,1.0,inf,23074.0,inf,213.0,163.0,50.0,0.0,0.0,0.0,0.0,0.0,0.0
149.0,23233.0,64507.0,41274.0,20637.0,1.776524770800155,28.6153356385686,98148.8334314466,0.23671193215177036,0.0,0.0,1.0,inf,23233.0,inf,215.0,159.0,56.0,0.0,0.0,0.0,0.0,0.0,0.0
150.0,23384.0,64926.0,41542.0,20771.0,1.7765138556277797,28.6153356385686,98148.8334314466,0.23825041197593932,0.0,0.0,1.0,inf,23384.0,inf,218.0,151.0,67.0,0.0,0.0,0.0,0.0,0.0,0.0
151.0,23549.0,65373.0,41824.0,20912.0,1.776041445496624,28.6153356385686,98148.8334314466,0.2399315323136074,0.0,0.0,1.0,inf,23549.0,inf,216.0,165.0,51.0,0.0,0.0,0.0,0.0,0.0,0.0
152.0,23711.0,65821.0,42110.0,21055.0,1.775968959554637,28.6153356385686,98148.8334314466,0.2415820868269542,0.0,0.0,1.0,inf,23711.0,inf,217.0,162.0,55.0,0.0,0.0,0.0,0.0,0.0,0.0
153.0,23867.0,66249.0,42382.0,21191.0,1.7757573218251141,28.6153356385686,98148.8334314466,0.24317150969165857,0.0,0.0,1.0,inf,23867.0,inf,216.0,156.0,60.0,0.0,0.0,0.0,0.0,0.0,0.0
154.0,24036.0,66718.0,42682.0,21341.0,1.7757530371110002,28.961141322285364,101750.28348799472,0.23622538607311058,0.0,0.0,1.0,inf,24036.0,inf,217.0,169.0,48.0,0.0,0.0,0.0,0.0,0.0,0.0
155.0,24190.0,67136.0,42946.0,21473.0,1.775361719718892,28.961141322285364,101750.28348799472,0.23773889536980133,0.0,0.0,1.0,inf,24190.0,inf,209.0,154.0,55.0,0.0,0.0,0.0,0.0,0.0,0.0
156.0,24341.0,67567.0,43226.0,21613.0,1.7758514440655684,28.961141322285364,101750.28348799472,0.23922292071915396,0.0,0.0,1.0,inf,24341.0,inf,216.0,151.0,65.0,0.0,0.0,0.0,0.0,0.0,0.0
157.0,24500.0,68012.0,43512.0,21756.0,1.776,28.961141322285364,101750.28348799472,0.24078556992807493,0.0,0.0,1.0,inf,24500.0,inf,214.0,159.0,55.0,0.0,0.0,0.0,0.0,0.0,0.0
158.0,24648.0,68410.0,43762.0,21881.0,1.775478740668614,28.961141322285364,101750.28348799472,0.2422401113300894,0.0,0.0,1.0,inf,24648.0,inf,215.0,148.0,67.0,0.0,0.0,0.0,0.0,0.0,0.0
159.0,24809.0,68861.0,44052.0,22026.0,1.7756459349429643,28.961141322285364,101750.28348799472,0.2438224165039025,0.0,0.0,1.0,inf,24809.0,inf,219.0,161.0,58.0,0.0,0.0,0.0,0.0,0.0,0.0
160.0,24975.0,69323.0,44348.0,22174.0,1.7756956956956957,28.961141322285364,101750.28348799472,0.24545386158994578,0.0,0.0,1.0,inf,24975.0,inf,213.0,166.0,47.0,0.0,0.0,0.0,0.0,0.0,0.0
161.0,25138.0,69782.0,44644.0,22322.0,1.775956718911608,28.961141322285364,101750.28348799472,0.24705582272865093,0.0,0.0,1.0,inf,25138.0,inf,217.0,163.0,54.0,0.0,0.0,0.0,0.0,0.0,0.0
162.0,25304.0,70250.0,44946.0,22473.0,1.7762409105279797,28.981963859557975,101969.91116615724,0.24815163326726655,0.0,0.0,1.0,inf,25304.0,inf,215.0,166.0,49.0,0.0,0.0,0.0,0.0,0.0,0.0
163.0,25452.0,70674.0,45222.0,22611.0,1.7767562470532767,28.981963859557975,101969.91116615724,0.24960304180834922,0.0,0.0,1.0,inf,25452.0,inf,214.0,148.0,66.0,0.0,0.0,0.0,0.0,0.0,0.0
164.0,25604.0,71096.0,45492.0,22746.0,1.7767536322449617,28.981963859557975,101969.91116615724,0.25109367760729895,0.0,0.0,1.0,inf,25604.0,inf,217.0,152.0,65.0,0.0,0.0,0.0,0.0,0.0,0.0
165.0,25760.0,71534.0,45774.0,22887.0,1.7769409937888199,29.273926077121512,105082.77299897162,0.2451400859040149,0.0,0.0,1.0,inf,25760.0,inf,216.0,156.0,60.0,0.0,0.0,0.0,0.0,0.0,0.0
166.0,25921.0,71977.0,46056.0,23028.0,1.7767833031133058,29.273926077121512,105082.77299897162,0.246672211440915,0.0,0.0,1.0,inf,25921.0,inf,212.0,161.0,51.0,0.0,0.0,0.0,0.0,0.0,0.0
167.0,26081.0,72419.0,46338.0,23169.0,1.77669567884667,29.273926077121512,105082.77299897162,0.2481948206701325,0.0,0.0,1.0,inf,26081.0,inf,214.0,160.0,54.0,0.0,0.0,0.0,0.0,0.0,0.0
168.0,26233.0,72849.0,46616.0,23308.0,1.7769984370830634,29.273926077121512,105082.77299897162,0.2496412994378891,0.0,0.0,1.0,inf,26233.0,inf,214.0,152.0,62.0,0.0,0.0,0.0,0.0,0.0,0.0
169.0,26391.0,73271.0,46880.0,23440.0,1.7763631541055662,29.273926077121512,105082.77299897162,0.25114487605174135,0.0,0.0,1.0,inf,26391.0,inf,214.0,158.0,56.0,0.0,0.0,0.0,0.0,0.0,0.0
170.0,26554.0,73724.0,47170.0,23585.0,1.7763802063719214,29.732934786450222,110103.70778397625,0.24117262292473396,0.0,0.0,1.0,inf,26554.0,inf,215.0,163.0,52.0,0.0,0.0,0.0,0.0,0.0,0.0
171.0,26710.0,74178.0,47468.0,23734.0,1.7771621115687009,29.732934786450222,110103.70778397625,0.242589468943272,0.0,0.0,1.0,inf,26710.0,inf,217.0,156.0,61.0,0.0,0.0,0.0,0.0,0.0,0.0
172.0,26867.0,74619.0,47752.0,23876.0,1.7773476755871516,29.732934786450222,110103.70778397625,0.24401539730808267,0.0,0.0,1.0,inf,26867.0,inf,212.0,157.0,55.0,0.0,0.0,0.0,0.0,0.0,0.0
173.0,27020.0,75056.0,48036.0,24018.0,1.7777942264988897,29.732934786450222,110103.70778397625,0.24540499628780266,0.0,0.0,1.0,inf,27020.0,inf,211.0,153.0,58.0,0.0,0.0,0.0,0.0,0.0,0.0
174.0,27182.0,75516.0,48334.0,24167.0,1.7781620189831506,29.732934786450222,110103.70778397625,0.24687633638397674,0.0,0.0,1.0,inf,27182.0,inf,215.0,162.0,53.0,0.0,0.0,0.0,0.0,0.0,0.0
175.0,27345.0,75969.0,48624.0,24312.0,1.778167855183763,29.732934786450222,110103.70778397625,0.24835675882642352,0.0,0.0,1.0,inf,27345.0,inf,215.0,163.0,52.0,0.0,0.0,0.0,0.0,0.0,0.0
176.0,27502.0,76416.0,48914.0,24457.0,1.7785615591593338,29.732934786450222,110103.70778397625,0.24978268719123423,0.0,0.0,1.0,inf,27502.0,inf,216.0,157.0,59.0,0.0,0.0,0.0,0.0,0.0,0.0
177.0,27660.0,76852.0,49192.0,24596.0,1.7784526391901663,29.732934786450222,110103.70778397625,0.25121769790231757,0.0,0.0,1.0,inf,27660.0,inf,212.0,158.0,54.0,0.0,0.0,0.0,0.0,0.0,0.0
178.0,27826.0,77318.0,49492.0,24746.0,1.7786243082009632,29.732934786450222,110103.70778397625,0.2527253673835824,0.0,0.0,1.0,inf,27826.0,inf,215.0,166.0,49.0,0.0,0.0,0.0,0.0,0.0,0.0
179.0,27979.0,77745.0,49766.0,24883.0,1.7786911612280638,29.732934786450222,110103.70778397625,0.2541149663633024,0.0,0.0,1.0,inf,27979.0,inf,214.0,153.0,61.0,0.0,0.0,0.0,0.0,0.0,0.0
180.0,28139.0,78185.0,50046.0,25023.0,1.7785280216070223,29.732934786450222,110103.70778397625,0.2555681417669311,0.0,0.0,1.0,inf,28139.0,inf,214.0,160.0,54.0,0.0,0.0,0.0,0.0,0.0,0.0
181.0,28298.0,78628.0,50330.0,25165.0,1.7785709237401937,29.732934786450222,110103.70778397625,0.2570122348242872,0.0,0.0,1.0,inf,28298.0,inf,216.0,159.0,57.0,0.0,0.0,0.0,0.0,0.0,0.0
182.0,28458.0,79070.0,50612.0,25306.0,1.7784805678543818,29.732934786450222,110103.70778397625,0.2584654102279159,0.0,0.0,1.0,inf,28458.0,inf,216.0,160.0,56.0,0.0,0.0,0.0,0.0,0.0,0.0
183.0,28622.0,79530.0,50908.0,25454.0,1.778631821675634,29.732934786450222,110103.70778397625,0.25995491501663537,0.0,0.0,1.0,inf,28622.0,inf,214.0,164.0,50.0,0.0,0.0,0.0,0.0,0.0,0.0
184.0,28791.0,80029.0,51238.0,25619.0,1.7796533638984404,29.732934786450222,110103.70778397625,0.26148983153671823,0.0,0.0,1.0,inf,28791.0,inf,217.0,169.0,48.0,0.0,0.0,0.0,0.0,0.0,0.0
185.0,28947.0,80461.0,51514.0,25757.0,1.7795971948733893,29.884741626302446,111798.79575507146,0.25892049913862236,0.0,0.0,1.0,inf,28947.0,inf,214.0,156.0,58.0,0.0,0.0,0.0,0.0,0.0,0.0
186.0,29109.0,80915.0,51806.0,25903.0,1.7797244838366142,29.884741626302446,111798.79575507146,0.26036953084693265,0.0,0.0,1.0,inf,29109.0,inf,214.0,162.0,52.0,0.0,0.0,0.0,0.0,0.0,0.0
187.0,29274.0,81376.0,52102.0,26051.0,1.7798046047687368,29.884741626302446,111798.79575507146,0.26184539647576716,0.0,0.0,1.0,inf,29274.0,inf,220.0,165.0,55.0,0.0,0.0,0.0,0.0,0.0,0.0
188.0,29427.0,81795.0,52368.0,26184.0,1.7795901722907534,29.884741626302446,111798.79575507146,0.2632139264225046,0.0,0.0,1.0,inf,29427.0,inf,214.0,153.0,61.0,0.0,0.0,0.0,0.0,0.0,0.0
189.0,29577.0,82207.0,52630.0,26315.0,1.7794232004598167,29.884741626302446,111798.79575507146,0.2645556224487178,0.0,0.0,1.0,inf,29577.0,inf,219.0,150.0,69.0,0.0,0.0,0.0,0.0,0.0,0.0
190.0,29729.0,82639.0,52910.0,26455.0,1.7797436846177133,29.884741626302446,111798.79575507146,0.2659152077552805,0.0,0.0,1.0,inf,29729.0,inf,216.0,152.0,64.0,0.0,0.0,0.0,0.0,0.0,0.0
191.0,29882.0,83070.0,53188.0,26594.0,1.7799344086741182,29.884741626302446,111798.79575507146,0.26728373770201796,0.0,0.0,1.0,inf,29882.0,inf,215.0,153.0,62.0,0.0,0.0,0.0,0.0,0.0,0.0
192.0,30046.0,83532.0,53486.0,26743.0,1.7801371230779472,29.884741626302446,111798.79575507146,0.2687506586906777,0.0,0.0,1.0,inf,30046.0,inf,218.0,164.0,54.0,0.0,0.0,0.0,0.0,0.0,0.0
193.0,30204.0,83980.0,53776.0,26888.0,1.7804264335849556,29.884741626302446,111798.79575507146,0.270163911838289,0.0,0.0,1.0,inf,30204.0,inf,217.0,158.0,59.0,0.0,0.0,0.0,0.0,0.0,0.0
194.0,30367.0,84451.0,54084.0,27042.0,1.7810122830704382,29.884741626302446,111798.79575507146,0.27162188818677396,0.0,0.0,1.0,inf,30367.0,inf,213.0,163.0,50.0,0.0,0.0,0.0,0.0,0.0,0.0
195.0,30532.0,84916.0,54384.0,27192.0,1.7812131534128128,30.22680310162589,115681.85933685629,0.2639307508975393,0.0,0.0,1.0,inf,30532.0,inf,215.0,165.0,50.0,0.0,0.0,0.0,0.0,0.0,0.0
196.0,30684.0,85342.0,54658.0,27329.0,1.7813192543345067,30.22680310162589,115681.85933685629,0.2652446993495381,0.0,0.0,1.0,inf,30684.0,inf,216.0,152.0,64.0,0.0,0.0,0.0,0.0,0.0,0.0
197.0,30847.0,85801.0,54954.0,27477.0,1.7815022530554026,30.22680310162589,115681.85933685629,0.2666537361763525,0.0,0.0,1.0,inf,30847.0,inf,216.0,163.0,53.0,0.0,0.0,0.0,0.0,0.0,0.0
198.0,31005.0,86237.0,55232.0,27616.0,1.7813900983712305,30.22680310162589,115681.85933685629,0.2680195510146144,0.0,0.0,1.0,inf,31005.0,inf,218.0,158.0,60.0,0.0,0.0,0.0,0.0,0.0,0.0
199.0,31168.0,86710.0,55542.0,27771.0,1.782020020533881,30.22680310162589,115681.85933685629,0.26942858784142887,0.0,0.0,1.0,inf,31168.0,inf,217.0,163.0,54.0,0.0,0.0,0.0,0.0,0.0,0.0
200.0,31330.0,87168.0,55838.0,27919.0,1.782253431216087,30.22680310162589,115681.85933685629,0.27082898027053276,0.0,0.0,1.0,inf,31330.0,inf,214.0,162.0,52.0,0.0,0.0,0.0,0.0,0.0,0.0
201.0,31490.0,87608.0,56118.0,28059.0,1.782089552238806,30.22680310162589,115681.85933685629,0.2722120839042157,0.0,0.0,1.0,inf,31490.0,inf,218.0,160.0,58.0,0.0,0.0,0.0,0.0,0.0,0.0
202.0,31657.0,88095.0,56438.0,28219.0,1.782796853776416,30.22680310162589,115681.85933685629,0.2736556983218722,0.0,0.0,1.0,inf,31657.0,inf,214.0,167.0,47.0,0.0,0.0,0.0,0.0,0.0,0.0
203.0,31818.0,88538.0,56720.0,28360.0,1.7826387579357597,30.22680310162589,115681.85933685629,0.2750474463532656,0.0,0.0,1.0,inf,31818.0,inf,218.0,161.0,57.0,0.0,0.0,0.0,0.0,0.0,0.0
204.0,31973.0,88969.0,56996.0,28498.0,1.7826290932974698,30.22680310162589,115681.85933685629,0.27638732799839594,0.0,0.0,1.0,inf,31973.0,inf,214.0,155.0,59.0,0.0,0.0,0.0,0.0,0.0,0.0
205.0,32121.0,89385.0,57264.0,28632.0,1.782758942747735,30.22680310162589,115681.85933685629,0.27766669885955264,0.0,0.0,1.0,inf,32121.0,inf,215.0,148.0,67.0,0.0,0.0,0.0,0.0,0.0,0.0
206.0,32278.0,89820.0,57542.0,28771.0,1.782700291220026,30.22680310162589,115681.85933685629,0.279023869300104,0.0,0.0,1.0,inf,32278.0,inf,215.0,157.0,58.0,0.0,0.0,0.0,0.0,0.0,0.0
207.0,32422.0,90230.0,57808.0,28904.0,1.7829868607735488,30.22680310162589,115681.85933685629,0.28026866257041855,0.0,0.0,1.0,inf,32422.0,inf,215.0,144.0,71.0,0.0,0.0,0.0,0.0,0.0,0.0
208.0,32593.0,90709.0,58116.0,29058.0,1.7830822569263338,30.22680310162589,115681.85933685629,0.2817468545789172,0.0,0.0,1.0,inf,32593.0,inf,213.0,171.0,42.0,0.0,0.0,0.0,0.0,0.0,0.0
209.0,32744.0,91122.0,58378.0,29189.0,1.7828609821646715,30.22680310162589,115681.85933685629,0.28305215863320543,0.0,0.0,1.0,inf,32744.0,inf,217.0,151.0,66.0,0.0,0.0,0.0,0.0,0.0,0.0
210.0,32902.0,91560.0,58658.0,29329.0,1.7828095556501125,30.22680310162589,115681.85933685629,0.28441797347146724,0.0,0.0,1.0,inf,32902.0,inf,218.0,158.0,60.0,0.0,0.0,0.0,0.0,0.0,0.0
211.0,33067.0,92027.0,58960.0,29480.0,1.7830465418695376,30.22680310162589,115681.85933685629,0.28584429909370274,0.0,0.0,1.0,inf,33067.0,inf,215.0,165.0,50.0,0.0,0.0,0.0,0.0,0.0,0.0
212.0,33219.0,92447.0,59228.0,29614.0,1.782955537493603,30.240334145079693,115837.28401777091,0.2867729529544545,0.0,0.0,1.0,inf,33219.0,inf,217.0,152.0,65.0,0.0,0.0,0.0,0.0,0.0,0.0
213.0,33379.0,92879.0,59500.0,29750.0,1.7825578956829145,30.240334145079693,115837.28401777091,0.2881542008087762,0.0,0.0,1.0,inf,33379.0,inf,220.0,160.0,60.0,0.0,0.0,0.0,0.0,0.0,0.0
214.0,33533.0,93317.0,59784.0,29892.0,1.7828407837056035,30.240334145079693,115837.28401777091,0.28948365186856084,0.0,0.0,1.0,inf,33533.0,inf,219.0,154.0,65.0,0.0,0.0,0.0,0.0,0.0,0.0
215.0,33686.0,93748.0,60062.0,30031.0,1.782995903342635,30.240334145079693,115837.28401777091,0.290804470129256,0.0,0.0,1.0,inf,33686.0,inf,215.0,153.0,62.0,0.0,0.0,0.0,0.0,0.0,0.0
216.0,33829.0,94137.0,60308.0,30154.0,1.7827307931065062,30.263253213341343,116100.8619839062,0.2913759589889121,0.0,0.0,1.0,inf,33829.0,inf,216.0,143.0,73.0,0.0,0.0,0.0,0.0,0.0,0.0
217.0,33981.0,94569.0,60588.0,30294.0,1.7829963803301845,30.320145733196952,116756.87497589842,0.2910406775362439,0.0,0.0,1.0,inf,33981.0,inf,216.0,152.0,64.0,0.0,0.0,0.0,0.0,0.0,0.0
218.0,34134.0,95000.0,60866.0,30433.0,1.7831487666256518,30.320145733196952,116756.87497589842,0.29235109287608224,0.0,0.0,1.0,inf,34134.0,inf,214.0,153.0,61.0,0.0,0.0,0.0,0.0,0.0,0.0
219.0,34286.0,95408.0,61122.0,30561.0,1.7827101440821327,30.320145733196952,116756.87497589842,0.2936529434097778,0.0,0.0,1.0,inf,34286.0,inf,216.0,152.0,64.0,0.0,0.0,0.0,0.0,0.0,0.0
220.0,34444.0,95836.0,61392.0,30696.0,1.7823713854372314,30.320145733196952,116756.87497589842,0.29500618278032975,0.0,0.0,1.0,inf,34444.0,inf,219.0,158.0,61.0,0.0,0.0,0.0,0.0,0.0,0.0
221.0,34612.0,96294.0,61682.0,30841.0,1.7820986940945336,30.320145733196952,116756.87497589842,0.2964450702123091,0.0,0.0,1.0,inf,34612.0,inf,217.0,168.0,49.0,0.0,0.0,0.0,0.0,0.0,0.0
222.0,34767.0,96721.0,61954.0,30977.0,1.7819771622515603,30.893575043380828,123507.43837043438,0.2814972155419802,0.0,0.0,1.0,inf,34767.0,inf,215.0,155.0,60.0,0.0,0.0,0.0,0.0,0.0,0.0
223.0,34939.0,97211.0,62272.0,31136.0,1.7823063052749077,30.893575043380828,123507.43837043438,0.2828898442149523,0.0,0.0,1.0,inf,34939.0,inf,219.0,172.0,47.0,0.0,0.0,0.0,0.0,0.0,0.0
224.0,35096.0,97656.0,62560.0,31280.0,1.78253932072031,30.893575043380828,123507.43837043438,0.28416102271295585,0.0,0.0,1.0,inf,35096.0,inf,219.0,157.0,62.0,0.0,0.0,0.0,0.0,0.0,0.0
225.0,35254.0,98108.0,62854.0,31427.0,1.7828898848357633,30.893575043380828,123507.43837043438,0.2854402978892907,0.0,0.0,1.0,inf,35254.0,inf,209.0,158.0,51.0,0.0,0.0,0.0,0.0,0.0,0.0
226.0,35418.0,98570.0,63152.0,31576.0,1.7830481675983962,30.893575043380828,123507.43837043438,0.28676815313561294,0.0,0.0,1.0,inf,35418.0,inf,215.0,164.0,51.0,0.0,0.0,0.0,0.0,0.0,0.0
227.0,35576.0,99002.0,63426.0,31713.0,1.7828311221047897,30.893575043380828,123507.43837043438,0.28804742831194774,0.0,0.0,1.0,inf,35576.0,inf,215.0,158.0,57.0,0.0,0.0,0.0,0.0,0.0,0.0
228.0,35736.0,99446.0,63710.0,31855.0,1.7827960599955228,30.893575043380828,123507.43837043438,0.289342896844945,0.0,0.0,1.0,inf,35736.0,inf,218.0,160.0,58.0,0.0,0.0,0.0,0.0,0.0,0.0
229.0,35881.0,99861.0,63980.0,31990.0,1.7831164125860484,30.893575043380828,123507.43837043438,0.29051691520297385,0.0,0.0,1.0,inf,35881.0,inf,217.0,145.0,72.0,0.0,0.0,0.0,0.0,0.0,0.0
230.0,36031.0,100289.0,64258.0,32129.0,1.783408731370209,30.893575043380828,123507.43837043438,0.2917314169526588,0.0,0.0,1.0,inf,36031.0,inf,215.0,150.0,65.0,0.0,0.0,0.0,0.0,0.0,0.0
231.0,36170.0,100686.0,64516.0,32258.0,1.783688139341996,30.893575043380828,123507.43837043438,0.2928568552407002,0.0,0.0,1.0,inf,36170.0,inf,214.0,139.0,75.0,0.0,0.0,0.0,0.0,0.0,0.0
232.0,36315.0,101085.0,64770.0,32385.0,1.7835605121850475,30.893575043380828,123507.43837043438,0.294030873598729,0.0,0.0,1.0,inf,36315.0,inf,217.0,145.0,72.0,0.0,0.0,0.0,0.0,0.0,0.0
233.0,36489.0,101569.0,65080.0,32540.0,1.7835512072131328,30.893575043380828,123507.43837043438,0.29543969562836353,0.0,0.0,1.0,inf,36489.0,inf,219.0,174.0,45.0,0.0,0.0,0.0,0.0,0.0,0.0
234.0,36644.0,102008.0,65364.0,32682.0,1.7837572317432595,30.893575043380828,123507.43837043438,0.2966946807697047,0.0,0.0,1.0,inf,36644.0,inf,215.0,155.0,60.0,0.0,0.0,0.0,0.0,0.0,0.0
235.0,36807.0,102479.0,65672.0,32836.0,1.784225826609069,31.291570702578287,128342.5605299132,0.28678717214326793,0.0,0.0,1.0,inf,36807.0,inf,216.0,163.0,53.0,0.0,0.0,0.0,0.0,0.0,0.0
236.0,36962.0,102916.0,65954.0,32977.0,1.7843731399816027,31.291570702578287,128342.5605299132,0.2879948775167623,0.0,0.0,1.0,inf,36962.0,inf,210.0,155.0,55.0,0.0,0.0,0.0,0.0,0.0,0.0
237.0,37122.0,103376.0,66254.0,33127.0,1.7847637519530197,31.291570702578287,128342.5605299132,0.2892415411281113,0.0,0.0,1.0,inf,37122.0,inf,214.0,160.0,54.0,0.0,0.0,0.0,0.0,0.0,0.0
238.0,37287.0,103843.0,66556.0,33278.0,1.7849652693968407,31.291570702578287,128342.5605299132,0.29052716297731496,0.0,0.0,1.0,inf,37287.0,inf,214.0,165.0,49.0,0.0,0.0,0.0,0.0,0.0,0.0
239.0,37449.0,104303.0,66854.0,33427.0,1.785201206974819,31.291570702578287,128342.5605299132,0.2917894098838058,0.0,0.0,1.0,inf,37449.0,inf,216.0,162.0,54.0,0.0,0.0,0.0,0.0,0.0,0.0
240.0,37620.0,104772.0,67152.0,33576.0,1.7850079744816587,31.291570702578287,128342.5605299132,0.29312178161843505,0.0,0.0,1.0,inf,37620.0,inf,216.0,171.0,45.0,0.0,0.0,0.0,0.0,0.0,0.0
241.0,37784.0,105228.0,67444.0,33722.0,1.7849883548591996,31.291570702578287,128342.5605299132,0.2943996118200678,0.0,0.0,1.0,inf,37784.0,inf,214.0,164.0,50.0,0.0,0.0,0.0,0.0,0.0,0.0
242.0,37941.0,105673.0,67732.0,33866.0,1.7851927993463534,31.291570702578287,128342.5605299132,0.295622900488704,0.0,0.0,1.0,inf,37941.0,inf,215.0,157.0,58.0,0.0,0.0,0.0,0.0,0.0,0.0
243.0,38093.0,106101.0,68008.0,34004.0,1.7853148872496258,31.291570702578287,128342.5605299132,0.2968072309194856,0.0,0.0,1.0,inf,38093.0,inf,214.0,152.0,62.0,0.0,0.0,0.0,0.0,0.0,0.0
244.0,38260.0,106562.0,68302.0,34151.0,1.7852064819654991,31.291570702578287,128342.5605299132,0.2981084360638311,0.0,0.0,1.0,inf,38260.0,inf,218.0,167.0,51.0,0.0,0.0,0.0,0.0,0.0,0.0
245.0,38420.0,107024.0,68604.0,34302.0,1.7856324830817283,31.291570702578287,128342.5605299132,0.2993550996751801,0.0,0.0,1.0,inf,38420.0,inf,217.0,160.0,57.0,0.0,0.0,0.0,0.0,0.0,0.0
246.0,38568.0,107436.0,68868.0,34434.0,1.78562538892346,31.291570702578287,128342.5605299132,0.30050826351567794,0.0,0.0,1.0,inf,38568.0,inf,217.0,148.0,69.0,0.0,0.0,0.0,0.0,0.0,0.0
247.0,38730.0,107888.0,69158.0,34579.0,1.7856442034598503,31.291570702578287,128342.5605299132,0.3017705104221688,0.0,0.0,1.0,inf,38730.0,inf,217.0,162.0,55.0,0.0,0.0,0.0,0.0,0.0,0.0
248.0,38892.0,108342.0,69450.0,34725.0,1.7857142857142858,31.291570702578287,128342.5605299132,0.30303275732865964,0.0,0.0,1.0,inf,38892.0,inf,220.0,162.0,58.0,0.0,0.0,0.0,0.0,0.0,0.0
249.0,39039.0,108749.0,69710.0,34855.0,1.7856502471887088,31.291570702578287,128342.5605299132,0.30417812952158657,0.0,0.0,1.0,inf,39039.0,inf,217.0,147.0,70.0,0.0,0.0,0.0,0.0,0.0,0.0
250.0,39201.0,109199.0,69998.0,34999.0,1.7856177138338307,31.291570702578287,128342.5605299132,0.3054403764280774,0.0,0.0,1.0,inf,39201.0,inf,218.0,162.0,56.0,0.0,0.0,0.0,0.0,0.0,0.0
251.0,39352.0,109620.0,70268.0,35134.0,1.7856271599918683,31.291570702578287,128342.5605299132,0.30661691521128803,0.0,0.0,1.0,inf,39352.0,inf,217.0,151.0,66.0,0.0,0.0,0.0,0.0,0.0,0.0
252.0,39523.0,110097.0,70574.0,35287.0,1.7856438023429395,31.291570702578287,128342.5605299132,0.3079492869459173,0.0,0.0,1.0,inf,39523.0,inf,215.0,171.0,44.0,0.0,0.0,0.0,0.0,0.0,0.0
253.0,39675.0,110525.0,70850.0,35425.0,1.7857592942659106,31.291570702578287,128342.5605299132,0.30913361737669887,0.0,0.0,1.0,inf,39675.0,inf,215.0,152.0,63.0,0.0,0.0,0.0,0.0,0.0,0.0
254.0,39830.0,110964.0,71134.0,35567.0,1.7859402460456941,31.291570702578287,128342.5605299132,0.3103413227501932,0.0,0.0,1.0,inf,39830.0,inf,216.0,155.0,61.0,0.0,0.0,0.0,0.0,0.0,0.0
255.0,39986.0,111386.0,71400.0,35700.0,1.7856249687390586,31.291570702578287,128342.5605299132,0.3115568197712585,0.0,0.0,1.0,inf,39986.0,inf,219.0,156.0,63.0,0.0,0.0,0.0,0.0,0.0,0.0
256.0,40142.0,111824.0,71682.0,35841.0,1.785710726919436,31.291570702578287,128342.5605299132,0.31277231679232376,0.0,0.0,1.0,inf,40142.0,inf,218.0,156.0,62.0,0.0,0.0,0.0,0.0,0.0,0.0
257.0,40293.0,112241.0,71948.0,35974.0,1.7856203310748766,31.291570702578287,128342.5605299132,0.31394885557553437,0.0,0.0,1.0,inf,40293.0,inf,217.0,151.0,66.0,0.0,0.0,0.0,0.0,0.0,0.0
258.0,40452.0,112686.0,72234.0,36117.0,1.7856719074458618,31.291570702578287,128342.5605299132,0.31518772753931246,0.0,0.0,1.0,inf,40452.0,inf,216.0,159.0,57.0,0.0,0.0,0.0,0.0,0.0,0.0
259.0,40603.0,113109.0,72506.0,36253.0,1.785730118464153,31.291570702578287,128342.5605299132,0.31636426632252307,0.0,0.0,1.0,inf,40603.0,inf,219.0,151.0,68.0,0.0,0.0,0.0,0.0,0.0,0.0
260.0,40765.0,113563.0,72798.0,36399.0,1.7857966392738869,31.291570702578287,128342.5605299132,0.317626513229014,0.0,0.0,1.0,inf,40765.0,inf,216.0,162.0,54.0,0.0,0.0,0.0,0.0,0.0,0.0
261.0,40906.0,113948.0,73042.0,36521.0,1.785606023566225,31.291570702578287,128342.5605299132,0.31872513553651527,0.0,0.0,1.0,inf,40906.0,inf,217.0,141.0,76.0,0.0,0.0,0.0,0.0,0.0,0.0
262.0,41056.0,114374.0,73318.0,36659.0,1.7858047544816835,31.291570702578287,128342.5605299132,0.31989388267215496,0.0,0.0,1.0,inf,41056.0,inf,214.0,150.0,64.0,0.0,0.0,0.0,0.0,0.0,0.0
263.0,41212.0,114808.0,73596.0,36798.0,1.7857905464427837,31.291570702578287,128342.5605299132,0.32110937969322023,0.0,0.0,1.0,inf,41212.0,inf,215.0,156.0,59.0,0.0,0.0,0.0,0.0,0.0,0.0
264.0,41365.0,115245.0,73880.0,36940.0,1.7860510093073854,31.291570702578287,128342.5605299132,0.32230150177157274,0.0,0.0,1.0,inf,41365.0,inf,216.0,153.0,63.0,0.0,0.0,0.0,0.0,0.0,0.0
265.0,41506.0,115630.0,74124.0,37062.0,1.7858622849708476,31.291570702578287,128342.5605299132,0.32340012407907404,0.0,0.0,1.0,inf,41506.0,inf,214.0,141.0,73.0,0.0,0.0,0.0,0.0,0.0,0.0
266.0,41673.0,116109.0,74436.0,37218.0,1.7861924987401916,31.40916868640163,129794.99177275828,0.3210678580954804,0.0,0.0,1.0,inf,41673.0,inf,219.0,167.0,52.0,0.0,0.0,0.0,0.0,0.0,0.0
267.0,41817.0,116517.0,74700.0,37350.0,1.7863548317669846,31.40916868640163,129794.99177275828,0.32217729997789224,0.0,0.0,1.0,inf,41817.0,inf,214.0,144.0,70.0,0.0,0.0,0.0,0.0,0.0,0.0
268.0,41974.0,116962.0,74988.0,37494.0,1.786534521370372,31.40916868640163,129794.99177275828,0.3233868998080218,0.0,0.0,1.0,inf,41974.0,inf,217.0,157.0,60.0,0.0,0.0,0.0,0.0,0.0,0.0
269.0,42127.0,117381.0,75254.0,37627.0,1.7863602914995134,31.40916868640163,129794.99177275828,0.3245656818080844,0.0,0.0,1.0,inf,42127.0,inf,219.0,153.0,66.0,0.0,0.0,0.0,0.0,0.0,0.0
270.0,42272.0,117788.0,75516.0,37758.0,1.7864307342922028,31.40916868640163,129794.99177275828,0.325682828148013,0.0,0.0,1.0,inf,42272.0,inf,220.0,145.0,75.0,0.0,0.0,0.0,0.0,0.0,0.0
271.0,42432.0,118230.0,75798.0,37899.0,1.7863404977375565,31.40916868640163,129794.99177275828,0.3269155413506929,0.0,0.0,1.0,inf,42432.0,inf,216.0,160.0,56.0,0.0,0.0,0.0,0.0,0.0,0.0
272.0,42596.0,118688.0,76092.0,38046.0,1.786364916893605,31.40916868640163,129794.99177275828,0.3281790723834397,0.0,0.0,1.0,inf,42596.0,inf,220.0,164.0,56.0,0.0,0.0,0.0,0.0,0.0,0.0
273.0,42748.0,119120.0,76372.0,38186.0,1.7865631140638158,31.40916868640163,129794.99177275828,0.32935014992598555,0.0,0.0,1.0,inf,42748.0,inf,218.0,152.0,66.0,0.0,0.0,0.0,0.0,0.0,0.0
274.0,42900.0,119564.0,76664.0,38332.0,1.787039627039627,31.40916868640163,129794.99177275828,0.3305212274685314,0.0,0.0,1.0,inf,42900.0,inf,220.0,152.0,68.0,0.0,0.0,0.0,0.0,0.0,0.0
275.0,43051.0,119983.0,76932.0,38466.0,1.7869968177278113,31.780067276147413,134447.59749727132,0.3202065399560133,0.0,0.0,1.0,inf,43051.0,inf,219.0,151.0,68.0,0.0,0.0,0.0,0.0,0.0,0.0
276.0,43202.0,120406.0,77204.0,38602.0,1.787046895977038,31.780067276147413,134447.59749727132,0.3213296541120923,0.0,0.0,1.0,inf,43202.0,inf,218.0,151.0,67.0,0.0,0.0,0.0,0.0,0.0,0.0
277.0,43348.0,120826.0,77478.0,38739.0,1.7873488972962996,31.780067276147413,134447.59749727132,0.3224155790577051,0.0,0.0,1.0,inf,43348.0,inf,217.0,146.0,71.0,0.0,0.0,0.0,0.0,0.0,0.0
278.0,43501.0,121267.0,77766.0,38883.0,1.7876830417691547,31.780067276147413,134447.59749727132,0.32355356889797066,0.0,0.0,1.0,inf,43501.0,inf,216.0,153.0,63.0,0.0,0.0,0.0,0.0,0.0,0.0
279.0,43659.0,121713.0,78054.0,39027.0,1.7878100735243592,31.780067276147413,134447.59749727132,0.3247287479487023,0.0,0.0,1.0,inf,43659.0,inf,214.0,158.0,56.0,0.0,0.0,0.0,0.0,0.0,0.0
280.0,43828.0,122182.0,78354.0,39177.0,1.7877612485169299,31.780067276147413,134447.59749727132,0.32598574326245966,0.0,0.0,1.0,inf,43828.0,inf,218.0,169.0,49.0,0.0,0.0,0.0,0.0,0.0,0.0
281.0,43981.0,122617.0,78636.0,39318.0,1.7879538891794184,31.780067276147413,134447.59749727132,0.32712373310272513,0.0,0.0,1.0,inf,43981.0,inf,218.0,153.0,65.0,0.0,0.0,0.0,0.0,0.0,0.0
282.0,44136.0,123044.0,78908.0,39454.0,1.7878375928946892,31.780067276147413,134447.59749727132,0.3282765986271771,0.0,0.0,1.0,inf,44136.0,inf,217.0,155.0,62.0,0.0,0.0,0.0,0.0,0.0,0.0
283.0,44296.0,123498.0,79202.0,39601.0,1.7880169767021854,31.780067276147413,134447.59749727132,0.3294666533620953,0.0,0.0,1.0,inf,44296.0,inf,217.0,160.0,57.0,0.0,0.0,0.0,0.0,0.0,0.0
284.0,44438.0,123896.0,79458.0,39729.0,1.7880642693190512,31.780067276147413,134447.59749727132,0.33052282693933516,0.0,0.0,1.0,inf,44438.0,inf,214.0,142.0,72.0,0.0,0.0,0.0,0.0,0.0,0.0
285.0,44590.0,124314.0,79724.0,39862.0,1.7879345144651266,31.780067276147413,134447.59749727132,0.33165337893750746,0.0,0.0,1.0,inf,44590.0,inf,218.0,152.0,66.0,0.0,0.0,0.0,0.0,0.0,0.0
286.0,44756.0,124768.0,80012.0,40006.0,1.787737956921977,31.941689294023295,136509.30384004329,0.32786043691529976,0.0,0.0,1.0,inf,44756.0,inf,219.0,166.0,53.0,0.0,0.0,0.0,0.0,0.0,0.0
287.0,44916.0,125220.0,80304.0,40152.0,1.7878706919583223,31.941689294023295,136509.30384004329,0.3290325181984003,0.0,0.0,1.0,inf,44916.0,inf,216.0,160.0,56.0,0.0,0.0,0.0,0.0,0.0,0.0
288.0,45069.0,125655.0,80586.0,40293.0,1.788058310590428,31.941689294023295,136509.30384004329,0.3301533209253652,0.0,0.0,1.0,inf,45069.0,inf,218.0,153.0,65.0,0.0,0.0,0.0,0.0,0.0,0.0
289.0,45224.0,126090.0,80866.0,40433.0,1.7881213514947816,31.941689294023295,136509.30384004329,0.33128877466836887,0.0,0.0,1.0,inf,45224.0,inf,219.0,155.0,64.0,0.0,0.0,0.0,0.0,0.0,0.0
290.0,45386.0,126552.0,81166.0,40583.0,1.7883488300356938,31.941689294023295,136509.30384004329,0.33247550696750816,0.0,0.0,1.0,inf,45386.0,inf,218.0,162.0,56.0,0.0,0.0,0.0,0.0,0.0,0.0
291.0,45540.0,126974.0,81434.0,40717.0,1.7881862099253403,31.941689294023295,136509.30384004329,0.3336036352024924,0.0,0.0,1.0,inf,45540.0,inf,215.0,154.0,61.0,0.0,0.0,0.0,0.0,0.0,0.0
292.0,45686.0,127382.0,81696.0,40848.0,1.7882064527426345,31.941689294023295,136509.30384004329,0.3346731593733217,0.0,0.0,1.0,inf,45686.0,inf,215.0,146.0,69.0,0.0,0.0,0.0,0.0,0.0,0.0
293.0,45836.0,127810.0,81974.0,40987.0,1.7884195828606335,31.941689294023295,136509.30384004329,0.33577198557622845,0.0,0.0,1.0,inf,45836.0,inf,217.0,150.0,67.0,0.0,0.0,0.0,0.0,0.0,0.0
294.0,45987.0,128233.0,82246.0,41123.0,1.78846195663992,31.941689294023295,136509.30384004329,0.3368781372871546,0.0,0.0,1.0,inf,45987.0,inf,219.0,151.0,68.0,0.0,0.0,0.0,0.0,0.0,0.0
295.0,46146.0,128692.0,82546.0,41273.0,1.788800762796342,31.941689294023295,136509.30384004329,0.3380428930622357,0.0,0.0,1.0,inf,46146.0,inf,219.0,159.0,60.0,0.0,0.0,0.0,0.0,0.0,0.0
296.0,46298.0,129130.0,82832.0,41416.0,1.789105360922718,31.941689294023295,136509.30384004329,0.3391563702811813,0.0,0.0,1.0,inf,46298.0,inf,216.0,152.0,64.0,0.0,0.0,0.0,0.0,0.0,0.0
297.0,46457.0,129573.0,83116.0,41558.0,1.7890952924209484,31.941689294023295,136509.30384004329,0.3403211260562624,0.0,0.0,1.0,inf,46457.0,inf,217.0,159.0,58.0,0.0,0.0,0.0,0.0,0.0,0.0
298.0,46617.0,130025.0,83408.0,41704.0,1.789218525430637,31.941689294023295,136509.30384004329,0.341493207339363,0.0,0.0,1.0,inf,46617.0,inf,215.0,160.0,55.0,0.0,0.0,0.0,0.0,0.0,0.0
299.0,46762.0,130432.0,83670.0,41835.0,1.7892733416021556,31.941689294023295,136509.30384004329,0.3425554060021728,0.0,0.0,1.0,inf,46762.0,inf,215.0,145.0,70.0,0.0,0.0,0.0,0.0,0.0,0.0
300.0,46900.0,130812.0,83912.0,41956.0,1.7891684434968016,32.313742238087684,141335.21320086662,0.331835208918144,0.0,0.0,1.0,inf,46900.0,inf,217.0,138.0,79.0,0.0,0.0,0.0,0.0,0.0,0.0
301.0,47054.0,131250.0,84196.0,42098.0,1.7893484082118418,32.313742238087684,141335.21320086662,0.33292481706683047,0.0,0.0,1.0,inf,47054.0,inf,217.0,154.0,63.0,0.0,0.0,0.0,0.0,0.0,0.0
302.0,47207.0,131689.0,84482.0,42241.0,1.789607473467918,32.313742238087684,141335.21320086662,0.334007349837928,0.0,0.0,1.0,inf,47207.0,inf,215.0,153.0,62.0,0.0,0.0,0.0,0.0,0.0,0.0
303.0,47376.0,132164.0,84788.0,42394.0,1.7896825396825398,32.313742238087684,141335.21320086662,0.33520308865044757,0.0,0.0,1.0,inf,47376.0,inf,220.0,169.0,51.0,0.0,0.0,0.0,0.0,0.0,0.0
304.0,47529.0,132595.0,85066.0,42533.0,1.7897704559321677,32.313742238087684,141335.21320086662,0.3362856214215451,0.0,0.0,1.0,inf,47529.0,inf,215.0,153.0,62.0,0.0,0.0,0.0,0.0,0.0,0.0
305.0,47685.0,133037.0,85352.0,42676.0,1.789912970535808,32.313742238087684,141335.21320086662,0.3373893803254093,0.0,0.0,1.0,inf,47685.0,inf,219.0,156.0,63.0,0.0,0.0,0.0,0.0,0.0,0.0
306.0,47828.0,133432.0,85604.0,42802.0,1.7898302249728193,32.313742238087684,141335.21320086662,0.33840115932061815,0.0,0.0,1.0,inf,47828.0,inf,218.0,143.0,75.0,0.0,0.0,0.0,0.0,0.0,0.0
307.0,47981.0,133859.0,85878.0,42939.0,1.789833475750818,32.77595730542611,147487.34746456164,0.3253228214137413,0.0,0.0,1.0,inf,47981.0,inf,217.0,153.0,64.0,0.0,0.0,0.0,0.0,0.0,0.0
308.0,48146.0,134332.0,86186.0,43093.0,1.79009678893366,32.77595730542611,147487.34746456164,0.3264415614469475,0.0,0.0,1.0,inf,48146.0,inf,216.0,165.0,51.0,0.0,0.0,0.0,0.0,0.0,0.0
309.0,48308.0,134766.0,86458.0,43229.0,1.7897242692721702,32.77595730542611,147487.34746456164,0.32753996075227726,0.0,0.0,1.0,inf,48308.0,inf,214.0,162.0,52.0,0.0,0.0,0.0,0.0,0.0,0.0
310.0,48473.0,135235.0,86762.0,43381.0,1.789903657706352,32.77595730542611,147487.34746456164,0.3286587007854835,0.0,0.0,1.0,inf,48473.0,inf,218.0,165.0,53.0,0.0,0.0,0.0,0.0,0.0,0.0
311.0,48640.0,135710.0,87070.0,43535.0,1.7900904605263157,32.77595730542611,147487.34746456164,0.3297910013039407,0.0,0.0,1.0,inf,48640.0,inf,217.0,167.0,50.0,0.0,0.0,0.0,0.0,0.0,0.0
312.0,48808.0,136176.0,87368.0,43684.0,1.790034420586789,32.77595730542611,147487.34746456164,0.3309300820650234,0.0,0.0,1.0,inf,48808.0,inf,218.0,168.0,50.0,0.0,0.0,0.0,0.0,0.0,0.0
313.0,48977.0,136669.0,87692.0,43846.0,1.790473079200441,32.77595730542611,147487.34746456164,0.33207594306873156,0.0,0.0,1.0,inf,48977.0,inf,215.0,169.0,46.0,0.0,0.0,0.0,0.0,0.0,0.0
314.0,49132.0,137110.0,87978.0,43989.0,1.7906456077505495,32.77595730542611,147487.34746456164,0.33312688067568286,0.0,0.0,1.0,inf,49132.0,inf,212.0,155.0,57.0,0.0,0.0,0.0,0.0,0.0,0.0
315.0,49292.0,137562.0,88270.0,44135.0,1.7907571208309665,32.77595730542611,147487.34746456164,0.3342117194957616,0.0,0.0,1.0,inf,49292.0,inf,216.0,160.0,56.0,0.0,0.0,0.0,0.0,0.0,0.0
316.0,49457.0,138025.0,88568.0,44284.0,1.7908081768000486,33.05841854436614,151333.41443608902,0.32680819490058244,0.0,0.0,1.0,inf,49457.0,inf,220.0,165.0,55.0,0.0,0.0,0.0,0.0,0.0,0.0
317.0,49624.0,138488.0,88864.0,44432.0,1.7907464130259552,33.05841854436614,151333.41443608902,0.3279117185382555,0.0,0.0,1.0,inf,49624.0,inf,218.0,167.0,51.0,0.0,0.0,0.0,0.0,0.0,0.0
318.0,49784.0,138938.0,89154.0,44577.0,1.7908163265306123,33.05841854436614,151333.41443608902,0.32896898669410995,0.0,0.0,1.0,inf,49784.0,inf,218.0,160.0,58.0,0.0,0.0,0.0,0.0,0.0,0.0
319.0,49948.0,139410.0,89462.0,44731.0,1.791102746856731,33.229235607875594,153691.4339014732,0.32498883465437706,0.0,0.0,1.0,inf,49948.0,inf,215.0,164.0,51.0,0.0,0.0,0.0,0.0,0.0,0.0
320.0,50120.0,139912.0,89792.0,44896.0,1.7915403032721469,33.229235607875594,153691.4339014732,0.3261079601360891,0.0,0.0,1.0,inf,50120.0,inf,215.0,172.0,43.0,0.0,0.0,0.0,0.0,0.0,0.0
321.0,50284.0,140374.0,90090.0,45045.0,1.7916235780765253,33.229235607875594,153691.4339014732,0.32717503326981456,0.0,0.0,1.0,inf,50284.0,inf,216.0,164.0,52.0,0.0,0.0,0.0,0.0,0.0,0.0
322.0,50452.0,140848.0,90396.0,45198.0,1.791722825656069,33.399493741713904,156065.98625377435,0.3232735153319153,0.0,0.0,1.0,inf,50452.0,inf,217.0,168.0,49.0,0.0,0.0,0.0,0.0,0.0,0.0
323.0,50610.0,141282.0,90672.0,45336.0,1.7915826911677535,33.399493741713904,156065.98625377435,0.3242859076141329,0.0,0.0,1.0,inf,50610.0,inf,209.0,158.0,51.0,0.0,0.0,0.0,0.0,0.0,0.0
324.0,50780.0,141762.0,90982.0,45491.0,1.7916896415911776,33.399493741713904,156065.98625377435,0.3253751904494303,0.0,0.0,1.0,inf,50780.0,inf,213.0,170.0,43.0,0.0,0.0,0.0,0.0,0.0,0.0
325.0,50943.0,142211.0,91268.0,45634.0,1.7915709714779262,33.399493741713904,156065.98625377435,0.3264196204620978,0.0,0.0,1.0,inf,50943.0,inf,216.0,163.0,53.0,0.0,0.0,0.0,0.0,0.0,0.0
326.0,51110.0,142676.0,91566.0,45783.0,1.791547642340051,33.399493741713904,156065.98625377435,0.3274896806591253,0.0,0.0,1.0,inf,51110.0,inf,217.0,167.0,50.0,0.0,0.0,0.0,0.0,0.0,0.0
327.0,51265.0,143113.0,91848.0,45924.0,1.791631717546084,33.399493741713904,156065.98625377435,0.32848285030307295,0.0,0.0,1.0,inf,51265.0,inf,213.0,155.0,58.0,0.0,0.0,0.0,0.0,0.0,0.0
328.0,51429.0,143573.0,92144.0,46072.0,1.79167395827257,33.399493741713904,156065.98625377435,0.32953368786183046,0.0,0.0,1.0,inf,51429.0,inf,212.0,164.0,48.0,0.0,0.0,0.0,0.0,0.0,0.0
329.0,51591.0,144021.0,92430.0,46215.0,1.7915915566668605,33.399493741713904,156065.98625377435,0.330571710328408,0.0,0.0,1.0,inf,51591.0,inf,214.0,162.0,52.0,0.0,0.0,0.0,0.0,0.0,0.0
330.0,51754.0,144488.0,92734.0,46367.0,1.7918228542721335,33.399493741713904,156065.98625377435,0.33161614034107556,0.0,0.0,1.0,inf,51754.0,inf,212.0,163.0,49.0,0.0,0.0,0.0,0.0,0.0,0.0
331.0,51918.0,144954.0,93036.0,46518.0,1.791979660233445,33.399493741713904,156065.98625377435,0.33266697789983307,0.0,0.0,1.0,inf,51918.0,inf,217.0,164.0,53.0,0.0,0.0,0.0,0.0,0.0,0.0
332.0,52089.0,145445.0,93356.0,46678.0,1.792240204265776,33.399493741713904,156065.98625377435,0.3337626682812205,0.0,0.0,1.0,inf,52089.0,inf,217.0,171.0,46.0,0.0,0.0,0.0,0.0,0.0,0.0
333.0,52257.0,145919.0,93662.0,46831.0,1.7923340413724478,33.399493741713904,156065.98625377435,0.3348391360243379,0.0,0.0,1.0,inf,52257.0,inf,218.0,168.0,50.0,0.0,0.0,0.0,0.0,0.0,0.0
334.0,52411.0,146353.0,93942.0,46971.0,1.7924099902692183,33.399493741713904,156065.98625377435,0.3358258981221956,0.0,0.0,1.0,inf,52411.0,inf,218.0,154.0,64.0,0.0,0.0,0.0,0.0,0.0,0.0
335.0,52571.0,146809.0,94238.0,47119.0,1.7925852656407526,33.399493741713904,156065.98625377435,0.33685110549659314,0.0,0.0,1.0,inf,52571.0,inf,213.0,160.0,53.0,0.0,0.0,0.0,0.0,0.0,0.0
336.0,52733.0,147269.0,94536.0,47268.0,1.792729410426109,33.399493741713904,156065.98625377435,0.3378891279631707,0.0,0.0,1.0,inf,52733.0,inf,219.0,162.0,57.0,0.0,0.0,0.0,0.0,0.0,0.0
337.0,52895.0,147729.0,94834.0,47417.0,1.7928726722752624,33.399493741713904,156065.98625377435,0.33892715042974825,0.0,0.0,1.0,inf,52895.0,inf,216.0,162.0,54.0,0.0,0.0,0.0,0.0,0.0,0.0
338.0,53061.0,148205.0,95144.0,47572.0,1.7931060477563558,33.399493741713904,156065.98625377435,0.33999080308068574,0.0,0.0,1.0,inf,53061.0,inf,214.0,166.0,48.0,0.0,0.0,0.0,0.0,0.0,0.0
339.0,53227.0,148665.0,95438.0,47719.0,1.7930373682529543,33.399493741713904,156065.98625377435,0.34105445573162324,0.0,0.0,1.0,inf,53227.0,inf,216.0,166.0,50.0,0.0,0.0,0.0,0.0,0.0,0.0
340.0,53384.0,149106.0,95722.0,47861.0,1.7930840701333732,33.399493741713904,156065.98625377435,0.34206044046775086,0.0,0.0,1.0,inf,53384.0,inf,216.0,157.0,59.0,0.0,0.0,0.0,0.0,0.0,0.0
341.0,53554.0,149580.0,96026.0,48013.0,1.7930686783433543,33.399493741713904,156065.98625377435,0.34314972330304827,0.0,0.0,1.0,inf,53554.0,inf,213.0,170.0,43.0,0.0,0.0,0.0,0.0,0.0,0.0
342.0,53712.0,150014.0,96302.0,48151.0,1.7929326779862973,33.399493741713904,156065.98625377435,0.3441621155852659,0.0,0.0,1.0,inf,53712.0,inf,216.0,158.0,58.0,0.0,0.0,0.0,0.0,0.0,0.0
343.0,53872.0,150470.0,96598.0,48299.0,1.7931021681021682,33.399493741713904,156065.98625377435,0.3451873229596634,0.0,0.0,1.0,inf,53872.0,inf,217.0,160.0,57.0,0.0,0.0,0.0,0.0,0.0,0.0
344.0,54033.0,150923.0,96890.0,48445.0,1.7931634371587732,33.399493741713904,156065.98625377435,0.346218937880151,0.0,0.0,1.0,inf,54033.0,inf,214.0,161.0,53.0,0.0,0.0,0.0,0.0,0.0,0.0
345.0,54196.0,151376.0,97180.0,48590.0,1.7931212635618865,33.399493741713904,156065.98625377435,0.34726336789281853,0.0,0.0,1.0,inf,54196.0,inf,217.0,163.0,54.0,0.0,0.0,0.0,0.0,0.0,0.0
346.0,54354.0,151818.0,97464.0,48732.0,1.7931338999889612,33.399493741713904,156065.98625377435,0.34827576017503614,0.0,0.0,1.0,inf,54354.0,inf,215.0,158.0,57.0,0.0,0.0,0.0,0.0,0.0,0.0
347.0,54512.0,152264.0,97752.0,48876.0,1.7932198415027885,33.399493741713904,156065.98625377435,0.34928815245725375,0.0,0.0,1.0,inf,54512.0,inf,216.0,158.0,58.0,0.0,0.0,0.0,0.0,0.0,0.0
348.0,54669.0,152703.0,98034.0,49017.0,1.7932283378148495,33.399493741713904,156065.98625377435,0.35029413719338137,0.0,0.0,1.0,inf,54669.0,inf,218.0,157.0,61.0,0.0,0.0,0.0,0.0,0.0,0.0
349.0,54830.0,153136.0,98306.0,49153.0,1.7929235819806675,33.399493741713904,156065.98625377435,0.3513257521138689,0.0,0.0,1.0,inf,54830.0,inf,217.0,161.0,56.0,0.0,0.0,0.0,0.0,0.0,0.0
350.0,54983.0,153567.0,98584.0,49292.0,1.7929905607187677,33.399493741713904,156065.98625377435,0.3523061066656366,0.0,0.0,1.0,inf,54983.0,inf,217.0,153.0,64.0,0.0,0.0,0.0,0.0,0.0,0.0
351.0,55138.0,153990.0,98852.0,49426.0,1.7928107657151149,33.399493741713904,156065.98625377435,0.35329927630958424,0.0,0.0,1.0,inf,55138.0,inf,215.0,155.0,60.0,0.0,0.0,0.0,0.0,0.0,0.0
352.0,55302.0,154448.0,99146.0,49573.0,1.7928103866044627,33.399493741713904,156065.98625377435,0.35435011386834175,0.0,0.0,1.0,inf,55302.0,inf,215.0,164.0,51.0,0.0,0.0,0.0,0.0,0.0,0.0
353.0,55463.0,154901.0,99438.0,49719.0,1.7928709229576474,33.399493741713904,156065.98625377435,0.35538172878882934,0.0,0.0,1.0,inf,55463.0,inf,218.0,161.0,57.0,0.0,0.0,0.0,0.0,0.0,0.0
354.0,55622.0,155356.0,99734.0,49867.0,1.7930674912804285,33.399493741713904,156065.98625377435,0.3564005286171369,0.0,0.0,1.0,inf,55622.0,inf,211.0,159.0,52.0,0.0,0.0,0.0,0.0,0.0,0.0
355.0,55765.0,155751.0,99986.0,49993.0,1.792988433605308,33.399493741713904,156065.98625377435,0.3573168077080047,0.0,0.0,1.0,inf,55765.0,inf,218.0,143.0,75.0,0.0,0.0,0.0,0.0,0.0,0.0
356.0,55916.0,156182.0,100266.0,50133.0,1.793154016739395,33.49476576348761,157405.33368502028,0.3552357387831092,0.0,0.0,1.0,inf,55916.0,inf,219.0,151.0,68.0,0.0,0.0,0.0,0.0,0.0,0.0
357.0,56078.0,156626.0,100548.0,50274.0,1.7930026035165305,33.49476576348761,157405.33368502028,0.3562649288124901,0.0,0.0,1.0,inf,56078.0,inf,216.0,162.0,54.0,0.0,0.0,0.0,0.0,0.0,0.0
358.0,56232.0,157050.0,100818.0,50409.0,1.7928937259923174,33.49476576348761,157405.33368502028,0.35724329464288923,0.0,0.0,1.0,inf,56232.0,inf,215.0,154.0,61.0,0.0,0.0,0.0,0.0,0.0,0.0
359.0,56382.0,157466.0,101084.0,50542.0,1.792841687063247,33.49476576348761,157405.33368502028,0.35819624837379754,0.0,0.0,1.0,inf,56382.0,inf,215.0,150.0,65.0,0.0,0.0,0.0,0.0,0.0,0.0
360.0,56533.0,157893.0,101360.0,50680.0,1.792935099853183,33.49476576348761,157405.33368502028,0.35915555512957853,0.0,0.0,1.0,inf,56533.0,inf,218.0,151.0,67.0,0.0,0.0,0.0,0.0,0.0,0.0
361.0,56691.0,158323.0,101632.0,50816.0,1.792736060397594,33.49476576348761,157405.33368502028,0.36015933305946857,0.0,0.0,1.0,inf,56691.0,inf,215.0,158.0,57.0,0.0,0.0,0.0,0.0,0.0,0.0
362.0,56838.0,158726.0,101888.0,50944.0,1.792603539885288,33.49476576348761,157405.33368502028,0.36109322771575864,0.0,0.0,1.0,inf,56838.0,inf,217.0,147.0,70.0,0.0,0.0,0.0,0.0,0.0,0.0
363.0,56996.0,159170.0,102174.0,51087.0,1.7926521159379605,33.49476576348761,157405.33368502028,0.3620970056456487,0.0,0.0,1.0,inf,56996.0,inf,219.0,158.0,61.0,0.0,0.0,0.0,0.0,0.0,0.0
364.0,57141.0,159571.0,102430.0,51215.0,1.792583258955916,33.49476576348761,157405.33368502028,0.36301819425219334,0.0,0.0,1.0,inf,57141.0,inf,219.0,145.0,74.0,0.0,0.0,0.0,0.0,0.0,0.0
365.0,57289.0,159985.0,102696.0,51348.0,1.7925954371694393,33.49476576348761,157405.33368502028,0.36395844193335614,0.0,0.0,1.0,inf,57289.0,inf,217.0,148.0,69.0,0.0,0.0,0.0,0.0,0.0,0.0
366.0,57430.0,160368.0,102938.0,51469.0,1.7924081490510186,33.49476576348761,157405.33368502028,0.3648542184404099,0.0,0.0,1.0,inf,57430.0,inf,218.0,141.0,77.0,0.0,0.0,0.0,0.0,0.0,0.0
367.0,57583.0,160793.0,103210.0,51605.0,1.792369275654273,33.49476576348761,157405.33368502028,0.36582623124593633,0.0,0.0,1.0,inf,57583.0,inf,217.0,153.0,64.0,0.0,0.0,0.0,0.0,0.0,0.0
368.0,57736.0,161232.0,103496.0,51748.0,1.7925730913121796,33.49476576348761,157405.33368502028,0.3667982440514628,0.0,0.0,1.0,inf,57736.0,inf,217.0,153.0,64.0,0.0,0.0,0.0,0.0,0.0,0.0
369.0,57881.0,161637.0,103756.0,51878.0,1.7925744199305471,33.49476576348761,157405.33368502028,0.36771943265800744,0.0,0.0,1.0,inf,57881.0,inf,219.0,145.0,74.0,0.0,0.0,0.0,0.0,0.0,0.0
370.0,58049.0,162113.0,104064.0,52032.0,1.7926923805750314,33.49476576348761,157405.33368502028,0.36878674083662466,0.0,0.0,1.0,inf,58049.0,inf,217.0,168.0,49.0,0.0,0.0,0.0,0.0,0.0,0.0
371.0,58192.0,162512.0,104320.0,52160.0,1.7926862799010173,33.49476576348761,157405.33368502028,0.36969522339342387,0.0,0.0,1.0,inf,58192.0,inf,217.0,143.0,74.0,0.0,0.0,0.0,0.0,0.0,0.0
372.0,58351.0,162943.0,104592.0,52296.0,1.7924628541070418,33.49476576348761,157405.33368502028,0.37070535434818663,0.0,0.0,1.0,inf,58351.0,inf,219.0,159.0,60.0,0.0,0.0,0.0,0.0,0.0,0.0
373.0,58498.0,163352.0,104854.0,52427.0,1.7924373482854115,33.49476576348761,157405.33368502028,0.37163924900447676,0.0,0.0,1.0,inf,58498.0,inf,220.0,147.0,73.0,0.0,0.0,0.0,0.0,0.0,0.0
374.0,58646.0,163764.0,105118.0,52559.0,1.7924155100092078,33.49476576348761,157405.33368502028,0.37257949668563956,0.0,0.0,1.0,inf,58646.0,inf,218.0,148.0,70.0,0.0,0.0,0.0,0.0,0.0,0.0
375.0,58793.0,164181.0,105388.0,52694.0,1.7925263211606823,33.49476576348761,157405.33368502028,0.3735133913419296,0.0,0.0,1.0,inf,58793.0,inf,219.0,147.0,72.0,0.0,0.0,0.0,0.0,0.0,0.0
376.0,58939.0,164583.0,105644.0,52822.0,1.7924294609681195,33.49476576348761,157405.33368502028,0.374440932973347,0.0,0.0,1.0,inf,58939.0,inf,219.0,146.0,73.0,0.0,0.0,0.0,0.0,0.0,0.0
377.0,59075.0,164957.0,105882.0,52941.0,1.7923317816335167,33.60820116604606,159009.99117826542,0.37151753523318715,0.0,0.0,1.0,inf,59075.0,inf,218.0,136.0,82.0,0.0,0.0,0.0,0.0,0.0,0.0
378.0,59240.0,165408.0,106168.0,53084.0,1.7921674544226873,33.60820116604606,159009.99117826542,0.37255520587751173,0.0,0.0,1.0,inf,59240.0,inf,216.0,165.0,51.0,0.0,0.0,0.0,0.0,0.0,0.0
379.0,59400.0,165856.0,106456.0,53228.0,1.792188552188552,33.60820116604606,159009.99117826542,0.3735614319568568,0.0,0.0,1.0,inf,59400.0,inf,217.0,160.0,57.0,0.0,0.0,0.0,0.0,0.0,0.0
380.0,59554.0,166290.0,106736.0,53368.0,1.7922557678745341,33.60820116604606,159009.99117826542,0.3745299245582264,0.0,0.0,1.0,inf,59554.0,inf,217.0,154.0,63.0,0.0,0.0,0.0,0.0,0.0,0.0
381.0,59705.0,166713.0,107008.0,53504.0,1.792278703626162,33.60820116604606,159009.99117826542,0.3754795504206083,0.0,0.0,1.0,inf,59705.0,inf,217.0,151.0,66.0,0.0,0.0,0.0,0.0,0.0,0.0
382.0,59849.0,167103.0,107254.0,53627.0,1.7920767264281776,33.60820116604606,159009.99117826542,0.37638515389201893,0.0,0.0,1.0,inf,59849.0,inf,218.0,144.0,74.0,0.0,0.0,0.0,0.0,0.0,0.0
383.0,59996.0,167516.0,107520.0,53760.0,1.792119474631642,33.60820116604606,159009.99117826542,0.3773096241024172,0.0,0.0,1.0,inf,59996.0,inf,219.0,147.0,72.0,0.0,0.0,0.0,0.0,0.0,0.0
384.0,60156.0,167956.0,107800.0,53900.0,1.7920074473036771,33.60820116604606,159009.99117826542,0.3783158501817623,0.0,0.0,1.0,inf,60156.0,inf,219.0,160.0,59.0,0.0,0.0,0.0,0.0,0.0,0.0
385.0,60298.0,168344.0,108046.0,54023.0,1.7918670602673388,33.60820116604606,159009.99117826542,0.379208875827181,0.0,0.0,1.0,inf,60298.0,inf,218.0,142.0,76.0,0.0,0.0,0.0,0.0,0.0,0.0
386.0,60442.0,168744.0,108302.0,54151.0,1.7918334932662718,33.60820116604606,159009.99117826542,0.38011447929859155,0.0,0.0,1.0,inf,60442.0,inf,218.0,144.0,74.0,0.0,0.0,0.0,0.0,0.0,0.0
387.0,60602.0,169182.0,108580.0,54290.0,1.7916900432328966,33.60820116604606,159009.99117826542,0.38112070537793663,0.0,0.0,1.0,inf,60602.0,inf,220.0,160.0,60.0,0.0,0.0,0.0,0.0,0.0,0.0
388.0,60755.0,169607.0,108852.0,54426.0,1.7916550078182865,33.60820116604606,159009.99117826542,0.38208290906631037,0.0,0.0,1.0,inf,60755.0,inf,216.0,153.0,63.0,0.0,0.0,0.0,0.0,0.0,0.0
389.0,60918.0,170076.0,109158.0,54579.0,1.7918841721658623,34.151582606277856,166848.04074544887,0.36511067033109085,0.0,0.0,1.0,inf,60918.0,inf,218.0,163.0,55.0,0.0,0.0,0.0,0.0,0.0,0.0
390.0,61073.0,170509.0,109436.0,54718.0,1.7918883958541418,34.151582606277856,166848.04074544887,0.3660396593639107,0.0,0.0,1.0,inf,61073.0,inf,219.0,155.0,64.0,0.0,0.0,0.0,0.0,0.0,0.0
391.0,61238.0,170970.0,109732.0,54866.0,1.791893922074529,34.151582606277856,166848.04074544887,0.3670285831730415,0.0,0.0,1.0,inf,61238.0,inf,216.0,165.0,51.0,0.0,0.0,0.0,0.0,0.0,0.0
392.0,61389.0,171395.0,110006.0,55003.0,1.7919496978286011,34.151582606277856,166848.04074544887,0.36793359829533695,0.0,0.0,1.0,inf,61389.0,inf,215.0,151.0,64.0,0.0,0.0,0.0,0.0,0.0,0.0
393.0,61554.0,171860.0,110306.0,55153.0,1.792020014946226,34.151582606277856,166848.04074544887,0.36892252210446774,0.0,0.0,1.0,inf,61554.0,inf,219.0,165.0,54.0,0.0,0.0,0.0,0.0,0.0,0.0
394.0,61702.0,172282.0,110580.0,55290.0,1.7921623286117143,34.151582606277856,166848.04074544887,0.36980955679386995,0.0,0.0,1.0,inf,61702.0,inf,213.0,148.0,65.0,0.0,0.0,0.0,0.0,0.0,0.0
395.0,61864.0,172730.0,110866.0,55433.0,1.7920923315660158,34.151582606277856,166848.04074544887,0.37078050017010744,0.0,0.0,1.0,inf,61864.0,inf,218.0,162.0,56.0,0.0,0.0,0.0,0.0,0.0,0.0
396.0,62014.0,173158.0,111144.0,55572.0,1.7922404618311993,34.151582606277856,166848.04074544887,0.3716795218147718,0.0,0.0,1.0,inf,62014.0,inf,218.0,150.0,68.0,0.0,0.0,0.0,0.0,0.0,0.0
397.0,62171.0,173605.0,111434.0,55717.0,1.7923790834955204,34.151582606277856,166848.04074544887,0.37262049780285383,0.0,0.0,1.0,inf,62171.0,inf,218.0,157.0,61.0,0.0,0.0,0.0,0.0,0.0,0.0
398.0,62323.0,174043.0,111720.0,55860.0,1.7925966336665438,34.151582606277856,166848.04074544887,0.3735315064027804,0.0,0.0,1.0,inf,62323.0,inf,217.0,152.0,65.0,0.0,0.0,0.0,0.0,0.0,0.0
399.0,62484.0,174504.0,112020.0,56010.0,1.7927789514115613,34.151582606277856,166848.04074544887,0.3744964563013868,0.0,0.0,1.0,inf,62484.0,inf,219.0,161.0,58.0,0.0,0.0,0.0,0.0,0.0,0.0
400.0,62653.0,174975.0,112322.0,56161.0,1.7927633154038913,34.151582606277856,166848.04074544887,0.37550935402104196,0.0,0.0,1.0,inf,62653.0,inf,217.0,169.0,48.0,0.0,0.0,0.0,0.0,0.0,0.0
401.0,62801.0,175393.0,112592.0,56296.0,1.7928376936672983,34.151582606277856,166848.04074544887,0.3763963887104442,0.0,0.0,1.0,inf,62801.0,inf,219.0,148.0,71.0,0.0,0.0,0.0,0.0,0.0,0.0
402.0,62937.0,175771.0,112834.0,56417.0,1.7928086816975706,34.151582606277856,166848.04074544887,0.37721150166827316,0.0,0.0,1.0,inf,62937.0,inf,216.0,136.0,80.0,0.0,0.0,0.0,0.0,0.0,0.0
403.0,63087.0,176195.0,113108.0,56554.0,1.7928891847765784,34.151582606277856,166848.04074544887,0.37811052331293754,0.0,0.0,1.0,inf,63087.0,inf,217.0,150.0,67.0,0.0,0.0,0.0,0.0,0.0,0.0
404.0,63235.0,176611.0,113376.0,56688.0,1.7929311299122321,34.151582606277856,166848.04074544887,0.3789975580023397,0.0,0.0,1.0,inf,63235.0,inf,217.0,148.0,69.0,0.0,0.0,0.0,0.0,0.0,0.0
405.0,63379.0,177013.0,113634.0,56817.0,1.7929282569936413,34.151582606277856,166848.04074544887,0.3798606187812175,0.0,0.0,1.0,inf,63379.0,inf,218.0,144.0,74.0,0.0,0.0,0.0,0.0,0.0,0.0
406.0,63554.0,177504.0,113950.0,56975.0,1.7929634641407308,34.151582606277856,166848.04074544887,0.38090947736665925,0.0,0.0,1.0,inf,63554.0,inf,219.0,175.0,44.0,0.0,0.0,0.0,0.0,0.0,0.0
407.0,63706.0,177936.0,114230.0,57115.0,1.793080714532383,34.151582606277856,166848.04074544887,0.3818204859665858,0.0,0.0,1.0,inf,63706.0,inf,218.0,152.0,66.0,0.0,0.0,0.0,0.0,0.0,0.0
408.0,63859.0,178355.0,114496.0,57248.0,1.792950093174024,34.151582606277856,166848.04074544887,0.3827374880441435,0.0,0.0,1.0,inf,63859.0,inf,216.0,153.0,63.0,0.0,0.0,0.0,0.0,0.0,0.0
409.0,64009.0,178773.0,114764.0,57382.0,1.7929353684638099,34.151582606277856,166848.04074544887,0.3836365096888078,0.0,0.0,1.0,inf,64009.0,inf,220.0,150.0,70.0,0.0,0.0,0.0,0.0,0.0,0.0
410.0,64157.0,179191.0,115034.0,57517.0,1.7930077777950963,34.151582606277856,166848.04074544887,0.38452354437821,0.0,0.0,1.0,inf,64157.0,inf,218.0,148.0,70.0,0.0,0.0,0.0,0.0,0.0,0.0
411.0,64310.0,179616.0,115306.0,57653.0,1.7929715440833462,34.151582606277856,166848.04074544887,0.38544054645576764,0.0,0.0,1.0,inf,64310.0,inf,218.0,153.0,65.0,0.0,0.0,0.0,0.0,0.0,0.0
412.0,64462.0,180020.0,115558.0,57779.0,1.7926530358971178,34.151582606277856,166848.04074544887,0.3863515550556942,0.0,0.0,1.0,inf,64462.0,inf,220.0,152.0,68.0,0.0,0.0,0.0,0.0,0.0,0.0
413.0,64615.0,180443.0,115828.0,57914.0,1.7925868606360753,34.151582606277856,166848.04074544887,0.38726855713325187,0.0,0.0,1.0,inf,64615.0,inf,212.0,153.0,59.0,0.0,0.0,0.0,0.0,0.0,0.0
414.0,64768.0,180862.0,116094.0,58047.0,1.7924592391304348,34.151582606277856,166848.04074544887,0.3881855592108095,0.0,0.0,1.0,inf,64768.0,inf,217.0,153.0,64.0,0.0,0.0,0.0,0.0,0.0,0.0
415.0,64923.0,181305.0,116382.0,58191.0,1.7926158680282795,34.151582606277856,166848.04074544887,0.38911454824362934,0.0,0.0,1.0,inf,64923.0,inf,218.0,155.0,63.0,0.0,0.0,0.0,0.0,0.0,0.0
416.0,65069.0,181721.0,116652.0,58326.0,1.7927430881064716,34.151582606277856,166848.04074544887,0.38998959597776933,0.0,0.0,1.0,inf,65069.0,inf,218.0,146.0,72.0,0.0,0.0,0.0,0.0,0.0,0.0
417.0,65218.0,182136.0,116918.0,58459.0,1.792725934557944,34.151582606277856,166848.04074544887,0.39088262414480257,0.0,0.0,1.0,inf,65218.0,inf,217.0,149.0,68.0,0.0,0.0,0.0,0.0,0.0,0.0
418.0,65377.0,182575.0,117198.0,58599.0,1.7926487908591706,34.151582606277856,166848.04074544887,0.3918355870881468,0.0,0.0,1.0,inf,65377.0,inf,219.0,159.0,60.0,0.0,0.0,0.0,0.0,0.0,0.0
419.0,65531.0,183009.0,117478.0,58739.0,1.7927087943110893,34.151582606277856,166848.04074544887,0.3927585826433356,0.0,0.0,1.0,inf,65531.0,inf,219.0,154.0,65.0,0.0,0.0,0.0,0.0,0.0,0.0
420.0,65672.0,183404.0,117732.0,58866.0,1.792727494213668,34.151582606277856,166848.04074544887,0.39360366298932004,0.0,0.0,1.0,inf,65672.0,inf,220.0,141.0,79.0,0.0,0.0,0.0,0.0,0.0,0.0
421.0,65820.0,183818.0,117998.0,58999.0,1.7927377696748708,34.151582606277856,166848.04074544887,0.39449069767872225,0.0,0.0,1.0,inf,65820.0,inf,220.0,148.0,72.0,0.0,0.0,0.0,0.0,0.0,0.0
422.0,65983.0,184263.0,118280.0,59140.0,1.7925829380294924,34.151582606277856,166848.04074544887,0.3954676345325908,0.0,0.0,1.0,inf,65983.0,inf,218.0,163.0,55.0,0.0,0.0,0.0,0.0,0.0,0.0
423.0,66131.0,184673.0,118542.0,59271.0,1.7925330026765056,34.151582606277856,166848.04074544887,0.39635466922199303,0.0,0.0,1.0,inf,66131.0,inf,217.0,148.0,69.0,0.0,0.0,0.0,0.0,0.0,0.0
424.0,66272.0,185072.0,118800.0,59400.0,1.7926122646064704,34.151582606277856,166848.04074544887,0.3971997495679775,0.0,0.0,1.0,inf,66272.0,inf,218.0,141.0,77.0,0.0,0.0,0.0,0.0,0.0,0.0
425.0,66428.0,185504.0,119076.0,59538.0,1.7925573553320888,34.151582606277856,166848.04074544887,0.3981347320784284,0.0,0.0,1.0,inf,66428.0,inf,219.0,156.0,63.0,0.0,0.0,0.0,0.0,0.0,0.0
426.0,66591.0,185957.0,119366.0,59683.0,1.7925245153248937,34.151582606277856,166848.04074544887,0.39911166893229705,0.0,0.0,1.0,inf,66591.0,inf,220.0,163.0,57.0,0.0,0.0,0.0,0.0,0.0,0.0
427.0,66737.0,186365.0,119628.0,59814.0,1.792528882029459,34.151582606277856,166848.04074544887,0.39998671666643704,0.0,0.0,1.0,inf,66737.0,inf,219.0,146.0,73.0,0.0,0.0,0.0,0.0,0.0,0.0
428.0,66880.0,186764.0,119884.0,59942.0,1.7925239234449761,34.151582606277856,166848.04074544887,0.4008437839676837,0.0,0.0,1.0,inf,66880.0,inf,219.0,143.0,76.0,0.0,0.0,0.0,0.0,0.0,0.0
429.0,67017.0,187147.0,120130.0,60065.0,1.792530253517764,34.151582606277856,166848.04074544887,0.40166489040314385,0.0,0.0,1.0,inf,67017.0,inf,217.0,137.0,80.0,0.0,0.0,0.0,0.0,0.0,0.0
430.0,67162.0,187550.0,120388.0,60194.0,1.7925017122777762,34.151582606277856,166848.04074544887,0.4025339446596527,0.0,0.0,1.0,inf,67162.0,inf,219.0,145.0,74.0,0.0,0.0,0.0,0.0,0.0,0.0
431.0,67291.0,187915.0,120624.0,60312.0,1.7925725579943825,34.151582606277856,166848.04074544887,0.40330710327406405,0.0,0.0,1.0,inf,67291.0,inf,219.0,129.0,90.0,0.0,0.0,0.0,0.0,0.0,0.0
432.0,67438.0,188324.0,120886.0,60443.0,1.7925501942524986,34.151582606277856,166848.04074544887,0.4041881444858352,0.0,0.0,1.0,inf,67438.0,inf,218.0,147.0,71.0,0.0,0.0,0.0,0.0,0.0,0.0
433.0,67569.0,188687.0,121118.0,60559.0,1.792508398821945,34.151582606277856,166848.04074544887,0.4049732900555087,0.0,0.0,1.0,inf,67569.0,inf,220.0,131.0,89.0,0.0,0.0,0.0,0.0,0.0,0.0
434.0,67717.0,189111.0,121394.0,60697.0,1.7926665386830485,34.151582606277856,166848.04074544887,0.40586032474491085,0.0,0.0,1.0,inf,67717.0,inf,220.0,148.0,72.0,0.0,0.0,0.0,0.0,0.0,0.0
435.0,67863.0,189513.0,121650.0,60825.0,1.7925821139648999,34.151582606277856,166848.04074544887,0.40673537247905084,0.0,0.0,1.0,inf,67863.0,inf,219.0,146.0,73.0,0.0,0.0,0.0,0.0,0.0,0.0
436.0,68012.0,189946.0,121934.0,60967.0,1.7928306769393636,34.151582606277856,166848.04074544887,0.40762840064608413,0.0,0.0,1.0,inf,68012.0,inf,219.0,149.0,70.0,0.0,0.0,0.0,0.0,0.0,0.0
437.0,68153.0,190337.0,122184.0,61092.0,1.7927897524687102,34.151582606277856,166848.04074544887,0.4084734809920686,0.0,0.0,1.0,inf,68153.0,inf,220.0,141.0,79.0,0.0,0.0,0.0,0.0,0.0,0.0
438.0,68300.0,190742.0,122442.0,61221.0,1.7927086383601758,34.151582606277856,166848.04074544887,0.40935452220383967,0.0,0.0,1.0,inf,68300.0,inf,218.0,147.0,71.0,0.0,0.0,0.0,0.0,0.0,0.0
439.0,68446.0,191156.0,122710.0,61355.0,1.7928001636326447,34.665546430257685,174494.90886132466,0.3922521318624585,0.0,0.0,1.0,inf,68446.0,inf,217.0,146.0,71.0,0.0,0.0,0.0,0.0,0.0,0.0
440.0,68600.0,191592.0,122992.0,61496.0,1.7928862973760933,34.665546430257685,174494.90886132466,0.39313467910125727,0.0,0.0,1.0,inf,68600.0,inf,216.0,154.0,62.0,0.0,0.0,0.0,0.0,0.0,0.0
441.0,68749.0,192015.0,123266.0,61633.0,1.7929860797975243,34.665546430257685,174494.90886132466,0.3939885722089262,0.0,0.0,1.0,inf,68749.0,inf,216.0,149.0,67.0,0.0,0.0,0.0,0.0,0.0,0.0
442.0,68905.0,192437.0,123532.0,61766.0,1.7927871707423264,34.665546430257685,174494.90886132466,0.3948825811001768,0.0,0.0,1.0,inf,68905.0,inf,218.0,156.0,62.0,0.0,0.0,0.0,0.0,0.0,0.0
443.0,69049.0,192845.0,123796.0,61898.0,1.792871728772321,34.665546430257685,174494.90886132466,0.3957078200767159,0.0,0.0,1.0,inf,69049.0,inf,218.0,144.0,74.0,0.0,0.0,0.0,0.0,0.0,0.0
444.0,69197.0,193253.0,124056.0,62028.0,1.7927944853100568,34.665546430257685,174494.90886132466,0.39655598235815886,0.0,0.0,1.0,inf,69197.0,inf,220.0,148.0,72.0,0.0,0.0,0.0,0.0,0.0,0.0
445.0,69352.0,193678.0,124326.0,62163.0,1.7926808167031953,34.665546430257685,174494.90886132466,0.3974442604231836,0.0,0.0,1.0,inf,69352.0,inf,218.0,155.0,63.0,0.0,0.0,0.0,0.0,0.0,0.0
446.0,69510.0,194118.0,124608.0,62304.0,1.7926629261976694,34.665546430257685,174494.90886132466,0.3983497309668862,0.0,0.0,1.0,inf,69510.0,inf,216.0,158.0,58.0,0.0,0.0,0.0,0.0,0.0,0.0
447.0,69654.0,194532.0,124878.0,62439.0,1.7928331466965286,34.665546430257685,174494.90886132466,0.3991749699434253,0.0,0.0,1.0,inf,69654.0,inf,220.0,144.0,76.0,0.0,0.0,0.0,0.0,0.0,0.0
448.0,69802.0,194940.0,125138.0,62569.0,1.7927566545371192,34.665546430257685,174494.90886132466,0.4000231322248682,0.0,0.0,1.0,inf,69802.0,inf,220.0,148.0,72.0,0.0,0.0,0.0,0.0,0.0,0.0
449.0,69959.0,195389.0,125430.0,62715.0,1.7929072742606385,34.665546430257685,174494.90886132466,0.4009228719423448,0.0,0.0,1.0,inf,69959.0,inf,219.0,157.0,62.0,0.0,0.0,0.0,0.0,0.0,0.0
450.0,70098.0,195774.0,125676.0,62838.0,1.7928614225798167,34.665546430257685,174494.90886132466,0.4017194567877541,0.0,0.0,1.0,inf,70098.0,inf,219.0,139.0,80.0,0.0,0.0,0.0,0.0,0.0,0.0
451.0,70244.0,196190.0,125946.0,62973.0,1.7929787597517226,34.665546430257685,174494.90886132466,0.4025561574167451,0.0,0.0,1.0,inf,70244.0,inf,219.0,146.0,73.0,0.0,0.0,0.0,0.0,0.0,0.0
452.0,70390.0,196598.0,126208.0,63104.0,1.792981957664441,34.665546430257685,174494.90886132466,0.4033928580457361,0.0,0.0,1.0,inf,70390.0,inf,217.0,146.0,71.0,0.0,0.0,0.0,0.0,0.0,0.0
453.0,70532.0,196996.0,126464.0,63232.0,1.7930017580672601,34.665546430257685,174494.90886132466,0.40420663536982326,0.0,0.0,1.0,inf,70532.0,inf,220.0,142.0,78.0,0.0,0.0,0.0,0.0,0.0,0.0
454.0,70673.0,197403.0,126730.0,63365.0,1.7931883463274518,34.665546430257685,174494.90886132466,0.40501468186768447,0.0,0.0,1.0,inf,70673.0,inf,216.0,141.0,75.0,0.0,0.0,0.0,0.0,0.0,0.0
455.0,70830.0,197834.0,127004.0,63502.0,1.7930820273895243,34.67234334509807,174597.56925921497,0.4056757508166839,0.0,0.0,1.0,inf,70830.0,inf,220.0,157.0,63.0,0.0,0.0,0.0,0.0,0.0,0.0
456.0,70980.0,198272.0,127292.0,63646.0,1.7933502395040857,34.67234334509807,174597.56925921497,0.40653486930634225,0.0,0.0,1.0,inf,70980.0,inf,218.0,150.0,68.0,0.0,0.0,0.0,0.0,0.0,0.0
457.0,71130.0,198704.0,127574.0,63787.0,1.7935329678054266,34.67234334509807,174597.56925921497,0.4073939877960006,0.0,0.0,1.0,inf,71130.0,inf,217.0,150.0,67.0,0.0,0.0,0.0,0.0,0.0,0.0
458.0,71278.0,199120.0,127842.0,63921.0,1.7935688431212997,34.67234334509807,174597.56925921497,0.40824165137246354,0.0,0.0,1.0,inf,71278.0,inf,214.0,148.0,66.0,0.0,0.0,0.0,0.0,0.0,0.0
459.0,71432.0,199546.0,128114.0,64057.0,1.7935099115242468,34.67234334509807,174597.56925921497,0.4091236796885128,0.0,0.0,1.0,inf,71432.0,inf,217.0,154.0,63.0,0.0,0.0,0.0,0.0,0.0,0.0
460.0,71591.0,199989.0,128398.0,64199.0,1.7934935955636881,34.67234334509807,174597.56925921497,0.4100343452875507,0.0,0.0,1.0,inf,71591.0,inf,220.0,159.0,61.0,0.0,0.0,0.0,0.0,0.0,0.0
461.0,71735.0,200385.0,128650.0,64325.0,1.7934062870286471,34.67234334509807,174597.56925921497,0.41085909903762274,0.0,0.0,1.0,inf,71735.0,inf,219.0,144.0,75.0,0.0,0.0,0.0,0.0,0.0,0.0
462.0,71879.0,200781.0,128902.0,64451.0,1.7933193283156417,34.67234334509807,174597.56925921497,0.41168385278769476,0.0,0.0,1.0,inf,71879.0,inf,220.0,144.0,76.0,0.0,0.0,0.0,0.0,0.0,0.0
463.0,72023.0,201183.0,129160.0,64580.0,1.7933160240478736,34.67234334509807,174597.56925921497,0.41250860653776683,0.0,0.0,1.0,inf,72023.0,inf,220.0,144.0,76.0,0.0,0.0,0.0,0.0,0.0,0.0
464.0,72163.0,201567.0,129404.0,64702.0,1.793218131175256,34.67234334509807,174597.56925921497,0.413310450461448,0.0,0.0,1.0,inf,72163.0,inf,220.0,140.0,80.0,0.0,0.0,0.0,0.0,0.0,0.0
465.0,72314.0,201986.0,129672.0,64836.0,1.7931797438946815,34.67234334509807,174597.56925921497,0.41417529640770406,0.0,0.0,1.0,inf,72314.0,inf,219.0,151.0,68.0,0.0,0.0,0.0,0.0,0.0,0.0
466.0,72451.0,202379.0,129928.0,64964.0,1.7933223834039558,34.67234334509807,174597.56925921497,0.414959957961592,0.0,0.0,1.0,inf,72451.0,inf,218.0,137.0,81.0,0.0,0.0,0.0,0.0,0.0,0.0
467.0,72594.0,202774.0,130180.0,65090.0,1.7932611510593162,34.67234334509807,174597.56925921497,0.4157789842550664,0.0,0.0,1.0,inf,72594.0,inf,219.0,143.0,76.0,0.0,0.0,0.0,0.0,0.0,0.0
468.0,72723.0,203137.0,130414.0,65207.0,1.7932978562490547,34.67234334509807,174597.56925921497,0.41651782615617255,0.0,0.0,1.0,inf,72723.0,inf,216.0,129.0,87.0,0.0,0.0,0.0,0.0,0.0,0.0
469.0,72882.0,203574.0,130692.0,65346.0,1.7931999670700585,34.67234334509807,174597.56925921497,0.41742849175521046,0.0,0.0,1.0,inf,72882.0,inf,218.0,159.0,59.0,0.0,0.0,0.0,0.0,0.0,0.0
470.0,73026.0,203982.0,130956.0,65478.0,1.79327910607181,34.67234334509807,174597.56925921497,0.4182532455052825,0.0,0.0,1.0,inf,73026.0,inf,217.0,144.0,73.0,0.0,0.0,0.0,0.0,0.0,0.0
471.0,73177.0,204411.0,131234.0,65617.0,1.7933777006436449,34.67234334509807,174597.56925921497,0.41911809145153855,0.0,0.0,1.0,inf,73177.0,inf,217.0,151.0,66.0,0.0,0.0,0.0,0.0,0.0,0.0
472.0,73315.0,204801.0,131486.0,65743.0,1.7934392689081362,34.67234334509807,174597.56925921497,0.4199084804620243,0.0,0.0,1.0,inf,73315.0,inf,219.0,138.0,81.0,0.0,0.0,0.0,0.0,0.0,0.0
473.0,73457.0,205207.0,131750.0,65875.0,1.793566304096274,34.67234334509807,174597.56925921497,0.42072177929890087,0.0,0.0,1.0,inf,73457.0,inf,218.0,142.0,76.0,0.0,0.0,0.0,0.0,0.0,0.0
474.0,73603.0,205623.0,132020.0,66010.0,1.7936768881703191,34.67234334509807,174597.56925921497,0.42155798796216837,0.0,0.0,1.0,inf,73603.0,inf,218.0,146.0,72.0,0.0,0.0,0.0,0.0,0.0,0.0
475.0,73749.0,206039.0,132290.0,66145.0,1.7937870344004665,34.67234334509807,174597.56925921497,0.4223941966254358,0.0,0.0,1.0,inf,73749.0,inf,215.0,146.0,69.0,0.0,0.0,0.0,0.0,0.0,0.0
476.0,73889.0,206437.0,132548.0,66274.0,1.7938800092029936,34.67234334509807,174597.56925921497,0.42319604054911697,0.0,0.0,1.0,inf,73889.0,inf,218.0,140.0,78.0,0.0,0.0,0.0,0.0,0.0,0.0
477.0,74030.0,206826.0,132796.0,66398.0,1.7938133189247603,34.67234334509807,174597.56925921497,0.42400361192939584,0.0,0.0,1.0,inf,74030.0,inf,218.0,141.0,77.0,0.0,0.0,0.0,0.0,0.0,0.0
478.0,74175.0,207243.0,133068.0,66534.0,1.793973710819009,34.67234334509807,174597.56925921497,0.4248340931360656,0.0,0.0,1.0,inf,74175.0,inf,219.0,145.0,74.0,0.0,0.0,0.0,0.0,0.0,0.0
479.0,74312.0,207626.0,133314.0,66657.0,1.7939767466896328,34.67234334509807,174597.56925921497,0.4256187546899536,0.0,0.0,1.0,inf,74312.0,inf,217.0,137.0,80.0,0.0,0.0,0.0,0.0,0.0,0.0
480.0,74449.0,208005.0,133556.0,66778.0,1.7939260433316768,34.67234334509807,174597.56925921497,0.4264034162438416,0.0,0.0,1.0,inf,74449.0,inf,217.0,137.0,80.0,0.0,0.0,0.0,0.0,0.0,0.0
481.0,74602.0,208426.0,133824.0,66912.0,1.793839307257178,34.67234334509807,174597.56925921497,0.4272797171032931,0.0,0.0,1.0,inf,74602.0,inf,219.0,153.0,66.0,0.0,0.0,0.0,0.0,0.0,0.0
482.0,74734.0,208794.0,134060.0,67030.0,1.7938287794042873,34.67234334509807,174597.56925921497,0.4280357413741925,0.0,0.0,1.0,inf,74734.0,inf,217.0,132.0,85.0,0.0,0.0,0.0,0.0,0.0,0.0
483.0,74873.0,209193.0,134320.0,67160.0,1.7939711244373806,34.67234334509807,174597.56925921497,0.4288318578412759,0.0,0.0,1.0,inf,74873.0,inf,218.0,139.0,79.0,0.0,0.0,0.0,0.0,0.0,0.0
484.0,75003.0,209557.0,134554.0,67277.0,1.7939815740703706,34.67234334509807,174597.56925921497,0.4295764271989798,0.0,0.0,1.0,inf,75003.0,inf,219.0,130.0,89.0,0.0,0.0,0.0,0.0,0.0,0.0
485.0,75147.0,209963.0,134816.0,67408.0,1.7940303671470583,34.67234334509807,174597.56925921497,0.4304011809490519,0.0,0.0,1.0,inf,75147.0,inf,220.0,144.0,76.0,0.0,0.0,0.0,0.0,0.0,0.0
486.0,75293.0,210373.0,135080.0,67540.0,1.7940578805466643,34.67234334509807,174597.56925921497,0.43123738961231933,0.0,0.0,1.0,inf,75293.0,inf,217.0,146.0,71.0,0.0,0.0,0.0,0.0,0.0,0.0
487.0,75425.0,210745.0,135320.0,67660.0,1.7941000994365264,34.67234334509807,174597.56925921497,0.4319934138832187,0.0,0.0,1.0,inf,75425.0,inf,215.0,132.0,83.0,0.0,0.0,0.0,0.0,0.0,0.0
488.0,75566.0,211136.0,135570.0,67785.0,1.7940608210041553,34.67234334509807,174597.56925921497,0.4328009852634976,0.0,0.0,1.0,inf,75566.0,inf,220.0,141.0,79.0,0.0,0.0,0.0,0.0,0.0,0.0
489.0,75705.0,211535.0,135830.0,67915.0,1.7942011756158773,34.67234334509807,174597.56925921497,0.433597101730581,0.0,0.0,1.0,inf,75705.0,inf,217.0,139.0,78.0,0.0,0.0,0.0,0.0,0.0,0.0
490.0,75850.0,211944.0,136094.0,68047.0,1.7942518127883982,34.67234334509807,174597.56925921497,0.4344275829372508,0.0,0.0,1.0,inf,75850.0,inf,219.0,145.0,74.0,0.0,0.0,0.0,0.0,0.0,0.0
491.0,75982.0,212316.0,136334.0,68167.0,1.79429338527546,34.67234334509807,174597.56925921497,0.43518360720815014,0.0,0.0,1.0,inf,75982.0,inf,220.0,132.0,88.0,0.0,0.0,0.0,0.0,0.0,0.0
492.0,76134.0,212736.0,136602.0,68301.0,1.794231223894712,34.67234334509807,174597.56925921497,0.436054180611004,0.0,0.0,1.0,inf,76134.0,inf,219.0,152.0,67.0,0.0,0.0,0.0,0.0,0.0,0.0
493.0,76270.0,213118.0,136848.0,68424.0,1.7942572440015734,34.67234334509807,174597.56925921497,0.4368331147082942,0.0,0.0,1.0,inf,76270.0,inf,219.0,136.0,83.0,0.0,0.0,0.0,0.0,0.0,0.0
494.0,76405.0,213493.0,137088.0,68544.0,1.7942281264315163,34.67234334509807,174597.56925921497,0.43760632134898675,0.0,0.0,1.0,inf,76405.0,inf,219.0,135.0,84.0,0.0,0.0,0.0,0.0,0.0,0.0
495.0,76555.0,213917.0,137362.0,68681.0,1.7942916857161517,34.67234334509807,174597.56925921497,0.43846543983864517,0.0,0.0,1.0,inf,76555.0,inf,220.0,150.0,70.0,0.0,0.0,0.0,0.0,0.0,0.0
496.0,76696.0,214310.0,137614.0,68807.0,1.7942787107541462,34.67234334509807,174597.56925921497,0.43927301121892404,0.0,0.0,1.0,inf,76696.0,inf,220.0,141.0,79.0,0.0,0.0,0.0,0.0,0.0,0.0
497.0,76833.0,214697.0,137864.0,68932.0,1.7943331641352023,34.67234334509807,174597.56925921497,0.440057672772812,0.0,0.0,1.0,inf,76833.0,inf,218.0,137.0,81.0,0.0,0.0,0.0,0.0,0.0,0.0
498.0,76970.0,215080.0,138110.0,69055.0,1.794335455372223,34.67234334509807,174597.56925921497,0.44084233432669995,0.0,0.0,1.0,inf,76970.0,inf,219.0,137.0,82.0,0.0,0.0,0.0,0.0,0.0,0.0
499.0,77113.0,215477.0,138364.0,69182.0,1.7943018686862138,34.67234334509807,174597.56925921497,0.4416613606201743,0.0,0.0,1.0,inf,77113.0,inf,220.0,143.0,77.0,0.0,0.0,0.0,0.0,0.0,0.0
500.0,77259.0,215879.0,138620.0,69310.0,1.7942246210797448,34.67234334509807,174597.56925921497,0.44249756928344175,0.0,0.0,1.0,inf,77259.0,inf,218.0,146.0,72.0,0.0,0.0,0.0,0.0,0.0,0.0
501.0,77400.0,216276.0,138876.0,69438.0,1.794263565891473,34.67234334509807,174597.56925921497,0.4433051406637206,0.0,0.0,1.0,inf,77400.0,inf,218.0,141.0,77.0,0.0,0.0,0.0,0.0,0.0,0.0
502.0,77526.0,216624.0,139098.0,69549.0,1.7942109743827876,34.67234334509807,174597.56925921497,0.44402680019503366,0.0,0.0,1.0,inf,77526.0,inf,219.0,126.0,93.0,0.0,0.0,0.0,0.0,0.0,0.0
503.0,77645.0,216957.0,139312.0,69656.0,1.7942172709124864,34.67234334509807,174597.56925921497,0.44470836753016263,0.0,0.0,1.0,inf,77645.0,inf,220.0,119.0,101.0,0.0,0.0,0.0,0.0,0.0,0.0
504.0,77773.0,217319.0,139546.0,69773.0,1.7942730767747161,34.67234334509807,174597.56925921497,0.44544148197467115,0.0,0.0,1.0,inf,77773.0,inf,218.0,128.0,90.0,0.0,0.0,0.0,0.0,0.0,0.0
505.0,77908.0,217702.0,139794.0,69897.0,1.7943471787236227,34.67234334509807,174597.56925921497,0.4462146886153637,0.0,0.0,1.0,inf,77908.0,inf,220.0,135.0,85.0,0.0,0.0,0.0,0.0,0.0,0.0
506.0,78057.0,218129.0,140072.0,70036.0,1.7944835184544627,34.67234334509807,174597.56925921497,0.4470680796484243,0.0,0.0,1.0,inf,78057.0,inf,219.0,149.0,70.0,0.0,0.0,0.0,0.0,0.0,0.0
507.0,78192.0,218500.0,140308.0,70154.0,1.794403519541641,34.67234334509807,174597.56925921497,0.44784128628911685,0.0,0.0,1.0,inf,78192.0,inf,220.0,135.0,85.0,0.0,0.0,0.0,0.0,0.0,0.0
508.0,78324.0,218872.0,140548.0,70274.0,1.7944435932791993,34.67234334509807,174597.56925921497,0.4485973105600162,0.0,0.0,1.0,inf,78324.0,inf,220.0,132.0,88.0,0.0,0.0,0.0,0.0,0.0,0.0
509.0,78456.0,219236.0,140780.0,70390.0,1.7943815641888448,34.67234334509807,174597.56925921497,0.4493533348309156,0.0,0.0,1.0,inf,78456.0,inf,219.0,132.0,87.0,0.0,0.0,0.0,0.0,0.0,0.0
510.0,78585.0,219597.0,141012.0,70506.0,1.7943882420309218,34.67234334509807,174597.56925921497,0.4500921767320218,0.0,0.0,1.0,inf,78585.0,inf,218.0,129.0,89.0,0.0,0.0,0.0,0.0,0.0,0.0
511.0,78712.0,219944.0,141232.0,70616.0,1.794288037402175,34.67234334509807,174597.56925921497,0.45081956371993254,0.0,0.0,1.0,inf,78712.0,inf,219.0,127.0,92.0,0.0,0.0,0.0,0.0,0.0,0.0
512.0,78849.0,220331.0,141482.0,70741.0,1.7943410823219064,34.67234334509807,174597.56925921497,0.45160422527382055,0.0,0.0,1.0,inf,78849.0,inf,219.0,137.0,82.0,0.0,0.0,0.0,0.0,0.0,0.0
513.0,78999.0,220755.0,141756.0,70878.0,1.794402460790643,34.67234334509807,174597.56925921497,0.4524633437634789,0.0,0.0,1.0,inf,78999.0,inf,220.0,150.0,70.0,0.0,0.0,0.0,0.0,0.0,0.0
514.0,79131.0,221099.0,141968.0,70984.0,1.7940882839847847,34.67234334509807,174597.56925921497,0.4532193680343783,0.0,0.0,1.0,inf,79131.0,inf,220.0,132.0,88.0,0.0,0.0,0.0,0.0,0.0,0.0
515.0,79266.0,221466.0,142200.0,71100.0,1.7939595791385967,34.67234334509807,174597.56925921497,0.4539925746750708,0.0,0.0,1.0,inf,79266.0,inf,217.0,135.0,82.0,0.0,0.0,0.0,0.0,0.0,0.0
516.0,79404.0,221844.0,142440.0,71220.0,1.7938642889526977,34.67234334509807,174597.56925921497,0.4547829636855565,0.0,0.0,1.0,inf,79404.0,inf,220.0,138.0,82.0,0.0,0.0,0.0,0.0,0.0,0.0
517.0,79535.0,222213.0,142678.0,71339.0,1.793902055698749,34.77397627920226,176137.43591918497,0.45155079943648146,0.0,0.0,1.0,inf,79535.0,inf,215.0,131.0,84.0,0.0,0.0,0.0,0.0,0.0,0.0
518.0,79683.0,222627.0,142944.0,71472.0,1.7939083618839653,34.77397627920226,176137.43591918497,0.45239105238570637,0.0,0.0,1.0,inf,79683.0,inf,218.0,148.0,70.0,0.0,0.0,0.0,0.0,0.0,0.0
519.0,79808.0,222978.0,143170.0,71585.0,1.7939304330392942,34.77397627920226,176137.43591918497,0.4531007254847138,0.0,0.0,1.0,inf,79808.0,inf,219.0,125.0,94.0,0.0,0.0,0.0,0.0,0.0,0.0
520.0,79949.0,223359.0,143410.0,71705.0,1.7937685274362407,34.77397627920226,176137.43591918497,0.4539012367403943,0.0,0.0,1.0,inf,79949.0,inf,219.0,141.0,78.0,0.0,0.0,0.0,0.0,0.0,0.0
521.0,80087.0,223745.0,143658.0,71829.0,1.7937742704808521,34.77397627920226,176137.43591918497,0.4546847158416985,0.0,0.0,1.0,inf,80087.0,inf,218.0,138.0,80.0,0.0,0.0,0.0,0.0,0.0,0.0
522.0,80235.0,224147.0,143912.0,71956.0,1.7936312083255437,34.77397627920226,176137.43591918497,0.4555249687909234,0.0,0.0,1.0,inf,80235.0,inf,219.0,148.0,71.0,0.0,0.0,0.0,0.0,0.0,0.0
523.0,80364.0,224498.0,144134.0,72067.0,1.7935145089841222,34.77397627920226,176137.43591918497,0.4562573514290991,0.0,0.0,1.0,inf,80364.0,inf,219.0,129.0,90.0,0.0,0.0,0.0,0.0,0.0,0.0
524.0,80499.0,224879.0,144380.0,72190.0,1.7935626529522106,34.77397627920226,176137.43591918497,0.4570237983760272,0.0,0.0,1.0,inf,80499.0,inf,219.0,135.0,84.0,0.0,0.0,0.0,0.0,0.0,0.0
525.0,80631.0,225251.0,144620.0,72310.0,1.793602956679193,34.77397627920226,176137.43591918497,0.4577732131685791,0.0,0.0,1.0,inf,80631.0,inf,218.0,132.0,86.0,0.0,0.0,0.0,0.0,0.0,0.0
526.0,80762.0,225626.0,144864.0,72432.0,1.7937148659022808,34.77397627920226,176137.43591918497,0.45851695057633896,0.0,0.0,1.0,inf,80762.0,inf,220.0,131.0,89.0,0.0,0.0,0.0,0.0,0.0,0.0
527.0,80898.0,226000.0,145102.0,72551.0,1.7936413755593463,34.77397627920226,176137.43591918497,0.4592890749080591,0.0,0.0,1.0,inf,80898.0,inf,219.0,136.0,83.0,0.0,0.0,0.0,0.0,0.0,0.0
528.0,81037.0,226387.0,145350.0,72675.0,1.793625134197959,34.77397627920226,176137.43591918497,0.4600782313941554,0.0,0.0,1.0,inf,81037.0,inf,220.0,139.0,81.0,0.0,0.0,0.0,0.0,0.0,0.0
529.0,81160.0,226740.0,145580.0,72790.0,1.7937407589945786,34.77397627920226,176137.43591918497,0.4607765497235788,0.0,0.0,1.0,inf,81160.0,inf,216.0,123.0,93.0,0.0,0.0,0.0,0.0,0.0,0.0
530.0,81293.0,227109.0,145816.0,72908.0,1.793709175451761,34.77397627920226,176137.43591918497,0.4615316419009227,0.0,0.0,1.0,inf,81293.0,inf,218.0,133.0,85.0,0.0,0.0,0.0,0.0,0.0,0.0
531.0,81418.0,227456.0,146038.0,73019.0,1.7936819867842493,34.77397627920226,176137.43591918497,0.4622413149999302,0.0,0.0,1.0,inf,81418.0,inf,220.0,125.0,95.0,0.0,0.0,0.0,0.0,0.0,0.0
532.0,81559.0,227855.0,146296.0,73148.0,1.7937444058902146,34.77397627920226,176137.43591918497,0.46304182625561063,0.0,0.0,1.0,inf,81559.0,inf,217.0,141.0,76.0,0.0,0.0,0.0,0.0,0.0,0.0
533.0,81699.0,228259.0,146560.0,73280.0,1.7939020061445061,34.77397627920226,176137.43591918497,0.46383666012649905,0.0,0.0,1.0,inf,81699.0,inf,219.0,140.0,79.0,0.0,0.0,0.0,0.0,0.0,0.0
534.0,81825.0,228619.0,146794.0,73397.0,1.7939993889398105,34.77397627920226,176137.43591918497,0.4645520106102986,0.0,0.0,1.0,inf,81825.0,inf,219.0,126.0,93.0,0.0,0.0,0.0,0.0,0.0,0.0
535.0,81964.0,229002.0,147038.0,73519.0,1.7939339222097506,34.77397627920226,176137.43591918497,0.4653411670963949,0.0,0.0,1.0,inf,81964.0,inf,219.0,139.0,80.0,0.0,0.0,0.0,0.0,0.0,0.0
536.0,82101.0,229381.0,147280.0,73640.0,1.793888015980317,34.77397627920226,176137.43591918497,0.4661189688129071,0.0,0.0,1.0,inf,82101.0,inf,220.0,137.0,83.0,0.0,0.0,0.0,0.0,0.0,0.0
537.0,82235.0,229747.0,147512.0,73756.0,1.7937861008086582,34.77397627920226,176137.43591918497,0.4668797383750431,0.0,0.0,1.0,inf,82235.0,inf,220.0,134.0,86.0,0.0,0.0,0.0,0.0,0.0,0.0
538.0,82377.0,230139.0,147762.0,73881.0,1.7937288320769147,34.81239609192274,176721.89425059583,0.466139186371483,0.0,0.0,1.0,inf,82377.0,inf,220.0,142.0,78.0,0.0,0.0,0.0,0.0,0.0,0.0
539.0,82510.0,230518.0,148008.0,74004.0,1.793818931038662,34.81239609192274,176721.89425059583,0.4668917812922425,0.0,0.0,1.0,inf,82510.0,inf,220.0,133.0,87.0,0.0,0.0,0.0,0.0,0.0,0.0
540.0,82635.0,230867.0,148232.0,74116.0,1.7938161795849217,34.81239609192274,176721.89425059583,0.46759910734558796,0.0,0.0,1.0,inf,82635.0,inf,218.0,125.0,93.0,0.0,0.0,0.0,0.0,0.0,0.0
541.0,82766.0,231226.0,148460.0,74230.0,1.7937317255878018,34.81239609192274,176721.89425059583,0.46834038504949393,0.0,0.0,1.0,inf,82766.0,inf,218.0,131.0,87.0,0.0,0.0,0.0,0.0,0.0,0.0
542.0,82888.0,231578.0,148690.0,74345.0,1.7938664221600231,34.81239609192274,176721.89425059583,0.46903073527755906,0.0,0.0,1.0,inf,82888.0,inf,220.0,122.0,98.0,0.0,0.0,0.0,0.0,0.0,0.0
543.0,83001.0,231893.0,148892.0,74446.0,1.7938579053264418,34.81239609192274,176721.89425059583,0.46967015802978335,0.0,0.0,1.0,inf,83001.0,inf,219.0,113.0,106.0,0.0,0.0,0.0,0.0,0.0,0.0
544.0,83136.0,232250.0,149114.0,74557.0,1.7936152809853734,34.81239609192274,176721.89425059583,0.47043407016739636,0.0,0.0,1.0,inf,83136.0,inf,216.0,135.0,81.0,0.0,0.0,0.0,0.0,0.0,0.0
545.0,83276.0,232638.0,149362.0,74681.0,1.7935779816513762,34.81239609192274,176721.89425059583,0.47122627534714323,0.0,0.0,1.0,inf,83276.0,inf,217.0,140.0,77.0,0.0,0.0,0.0,0.0,0.0,0.0
546.0,83408.0,233006.0,149598.0,74799.0,1.79356896220986,34.95329202575597,178876.3257356352,0.4662886475165545,0.0,0.0,1.0,inf,83408.0,inf,219.0,132.0,87.0,0.0,0.0,0.0,0.0,0.0,0.0
547.0,83557.0,233427.0,149870.0,74935.0,1.7936259080627595,34.95329202575597,178876.3257356352,0.4671216252702468,0.0,0.0,1.0,inf,83557.0,inf,220.0,149.0,71.0,0.0,0.0,0.0,0.0,0.0,0.0
548.0,83693.0,233801.0,150108.0,75054.0,1.7935550165485763,34.95329202575597,178876.3257356352,0.46788192711254317,0.0,0.0,1.0,inf,83693.0,inf,220.0,136.0,84.0,0.0,0.0,0.0,0.0,0.0,0.0
549.0,83825.0,234177.0,150352.0,75176.0,1.7936415150611393,34.95329202575597,178876.3257356352,0.4686198671359484,0.0,0.0,1.0,inf,83825.0,inf,218.0,132.0,86.0,0.0,0.0,0.0,0.0,0.0,0.0
550.0,83956.0,234538.0,150582.0,75291.0,1.7935823526609176,34.95329202575597,178876.3257356352,0.4693522167046309,0.0,0.0,1.0,inf,83956.0,inf,220.0,131.0,89.0,0.0,0.0,0.0,0.0,0.0,0.0
551.0,84083.0,234889.0,150806.0,75403.0,1.7935373381063948,34.95329202575597,178876.3257356352,0.4700622044544223,0.0,0.0,1.0,inf,84083.0,inf,219.0,127.0,92.0,0.0,0.0,0.0,0.0,0.0,0.0
552.0,84214.0,235248.0,151034.0,75517.0,1.793454769990738,34.95329202575597,178876.3257356352,0.47079455402310477,0.0,0.0,1.0,inf,84214.0,inf,218.0,131.0,87.0,0.0,0.0,0.0,0.0,0.0,0.0
553.0,84344.0,235610.0,151266.0,75633.0,1.7934411457839325,34.95329202575597,178876.3257356352,0.4715213131370645,0.0,0.0,1.0,inf,84344.0,inf,217.0,130.0,87.0,0.0,0.0,0.0,0.0,0.0,0.0
554.0,84478.0,235984.0,151506.0,75753.0,1.7934373446341059,34.95329202575597,178876.3257356352,0.4722704340699153,0.0,0.0,1.0,inf,84478.0,inf,219.0,134.0,85.0,0.0,0.0,0.0,0.0,0.0,0.0
555.0,84611.0,236365.0,151754.0,75877.0,1.7935493021001998,34.95329202575597,178876.3257356352,0.4730139645480433,0.0,0.0,1.0,inf,84611.0,inf,218.0,133.0,85.0,0.0,0.0,0.0,0.0,0.0,0.0
556.0,84734.0,236706.0,151972.0,75986.0,1.7935185403734037,34.95329202575597,178876.3257356352,0.47370159047894367,0.0,0.0,1.0,inf,84734.0,inf,219.0,123.0,96.0,0.0,0.0,0.0,0.0,0.0,0.0
557.0,84858.0,237052.0,152194.0,76097.0,1.793513870230267,34.95329202575597,178876.3257356352,0.47439480686456675,0.0,0.0,1.0,inf,84858.0,inf,218.0,124.0,94.0,0.0,0.0,0.0,0.0,0.0,0.0
558.0,84981.0,237399.0,152418.0,76209.0,1.7935538532142479,34.95329202575597,178876.3257356352,0.47508243279546714,0.0,0.0,1.0,inf,84981.0,inf,215.0,123.0,92.0,0.0,0.0,0.0,0.0,0.0,0.0
559.0,85107.0,237747.0,152640.0,76320.0,1.7935069970742712,34.95329202575597,178876.3257356352,0.47578683009053574,0.0,0.0,1.0,inf,85107.0,inf,219.0,126.0,93.0,0.0,0.0,0.0,0.0,0.0,0.0
560.0,85246.0,238140.0,152894.0,76447.0,1.7935621612744292,34.95329202575597,178876.3257356352,0.4765639032970004,0.0,0.0,1.0,inf,85246.0,inf,218.0,139.0,79.0,0.0,0.0,0.0,0.0,0.0,0.0
561.0,85379.0,238517.0,153138.0,76569.0,1.7936260672999216,34.95329202575597,178876.3257356352,0.4773074337751284,0.0,0.0,1.0,inf,85379.0,inf,219.0,133.0,86.0,0.0,0.0,0.0,0.0,0.0,0.0
562.0,85506.0,238862.0,153356.0,76678.0,1.793511566439782,34.95329202575597,178876.3257356352,0.4780174215249198,0.0,0.0,1.0,inf,85506.0,inf,216.0,127.0,89.0,0.0,0.0,0.0,0.0,0.0,0.0
563.0,85638.0,239226.0,153588.0,76794.0,1.793456175996637,34.95329202575597,178876.3257356352,0.47875536154832504,0.0,0.0,1.0,inf,85638.0,inf,218.0,132.0,86.0,0.0,0.0,0.0,0.0,0.0,0.0
564.0,85757.0,239553.0,153796.0,76898.0,1.7933929591753444,34.95329202575597,178876.3257356352,0.47942062566033433,0.0,0.0,1.0,inf,85757.0,inf,219.0,119.0,100.0,0.0,0.0,0.0,0.0,0.0,0.0
565.0,85878.0,239884.0,154006.0,77003.0,1.7933114418128042,34.95329202575597,178876.3257356352,0.48009707068178914,0.0,0.0,1.0,inf,85878.0,inf,219.0,121.0,98.0,0.0,0.0,0.0,0.0,0.0,0.0
566.0,86000.0,240224.0,154224.0,77112.0,1.7933023255813954,34.95329202575597,178876.3257356352,0.48077910615796676,0.0,0.0,1.0,inf,86000.0,inf,218.0,122.0,96.0,0.0,0.0,0.0,0.0,0.0,0.0
567.0,86128.0,240584.0,154456.0,77228.0,1.7933308563997772,34.95329202575597,178876.3257356352,0.48149468436248094,0.0,0.0,1.0,inf,86128.0,inf,219.0,128.0,91.0,0.0,0.0,0.0,0.0,0.0,0.0
568.0,86254.0,240940.0,154686.0,77343.0,1.7933776984255803,34.95329202575597,178876.3257356352,0.4821990816575496,0.0,0.0,1.0,inf,86254.0,inf,219.0,126.0,93.0,0.0,0.0,0.0,0.0,0.0,0.0
569.0,86372.0,241260.0,154888.0,77444.0,1.793266336312694,34.95329202575597,178876.3257356352,0.4828587553148361,0.0,0.0,1.0,inf,86372.0,inf,218.0,118.0,100.0,0.0,0.0,0.0,0.0,0.0,0.0
570.0,86500.0,241616.0,155116.0,77558.0,1.7932485549132948,34.95329202575597,178876.3257356352,0.48357433351935025,0.0,0.0,1.0,inf,86500.0,inf,218.0,128.0,90.0,0.0,0.0,0.0,0.0,0.0,0.0
571.0,86629.0,241979.0,155350.0,77675.0,1.7932793868104215,34.95329202575597,178876.3257356352,0.48429550217858724,0.0,0.0,1.0,inf,86629.0,inf,220.0,129.0,91.0,0.0,0.0,0.0,0.0,0.0,0.0
572.0,86752.0,242314.0,155562.0,77781.0,1.7931805606787163,34.95329202575597,178876.3257356352,0.48498312810948757,0.0,0.0,1.0,inf,86752.0,inf,219.0,123.0,96.0,0.0,0.0,0.0,0.0,0.0,0.0
573.0,86884.0,242680.0,155796.0,77898.0,1.7931494866718845,34.95329202575597,178876.3257356352,0.48572106813289284,0.0,0.0,1.0,inf,86884.0,inf,220.0,132.0,88.0,0.0,0.0,0.0,0.0,0.0,0.0
574.0,87011.0,243041.0,156030.0,78015.0,1.7932215467009918,34.95329202575597,178876.3257356352,0.48643105588268426,0.0,0.0,1.0,inf,87011.0,inf,220.0,127.0,93.0,0.0,0.0,0.0,0.0,0.0,0.0
575.0,87140.0,243402.0,156262.0,78131.0,1.7932292862061052,34.95329202575597,178876.3257356352,0.4871522245419212,0.0,0.0,1.0,inf,87140.0,inf,220.0,129.0,91.0,0.0,0.0,0.0,0.0,0.0,0.0
576.0,87258.0,243732.0,156474.0,78237.0,1.7932338582135736,34.95329202575597,178876.3257356352,0.48781189819920767,0.0,0.0,1.0,inf,87258.0,inf,218.0,118.0,100.0,0.0,0.0,0.0,0.0,0.0,0.0
577.0,87378.0,244060.0,156682.0,78341.0,1.793151594222802,34.95329202575597,178876.3257356352,0.4884827527659397,0.0,0.0,1.0,inf,87378.0,inf,220.0,120.0,100.0,0.0,0.0,0.0,0.0,0.0,0.0
578.0,87500.0,244396.0,156896.0,78448.0,1.793097142857143,34.95329202575597,178876.3257356352,0.48916478824211734,0.0,0.0,1.0,inf,87500.0,inf,220.0,122.0,98.0,0.0,0.0,0.0,0.0,0.0,0.0
579.0,87641.0,244799.0,157158.0,78579.0,1.7932018119373352,34.95329202575597,178876.3257356352,0.4899530423580275,0.0,0.0,1.0,inf,87641.0,inf,220.0,141.0,79.0,0.0,0.0,0.0,0.0,0.0,0.0
580.0,87762.0,245132.0,157370.0,78685.0,1.7931450969667966,34.95329202575597,178876.3257356352,0.4906294873794823,0.0,0.0,1.0,inf,87762.0,inf,220.0,121.0,99.0,0.0,0.0,0.0,0.0,0.0,0.0
581.0,87883.0,245471.0,157588.0,78794.0,1.7931568107597602,34.95329202575597,178876.3257356352,0.4913059324009371,0.0,0.0,1.0,inf,87883.0,inf,219.0,121.0,98.0,0.0,0.0,0.0,0.0,0.0,0.0
582.0,88007.0,245825.0,157818.0,78909.0,1.7932437192496051,34.95329202575597,178876.3257356352,0.4919991487865602,0.0,0.0,1.0,inf,88007.0,inf,220.0,124.0,96.0,0.0,0.0,0.0,0.0,0.0,0.0
583.0,88141.0,246195.0,158054.0,79027.0,1.7931949943839984,34.95329202575597,178876.3257356352,0.492748269719411,0.0,0.0,1.0,inf,88141.0,inf,220.0,134.0,86.0,0.0,0.0,0.0,0.0,0.0,0.0
584.0,88264.0,246540.0,158276.0,79138.0,1.7932112752651137,34.95329202575597,178876.3257356352,0.4934358956503114,0.0,0.0,1.0,inf,88264.0,inf,219.0,123.0,96.0,0.0,0.0,0.0,0.0,0.0,0.0
585.0,88391.0,246895.0,158504.0,79252.0,1.7932142412689074,34.95329202575597,178876.3257356352,0.4941458834001028,0.0,0.0,1.0,inf,88391.0,inf,217.0,127.0,90.0,0.0,0.0,0.0,0.0,0.0,0.0
586.0,88515.0,247227.0,158712.0,79356.0,1.7930520250804949,34.95329202575597,178876.3257356352,0.4948390997857259,0.0,0.0,1.0,inf,88515.0,inf,219.0,124.0,95.0,0.0,0.0,0.0,0.0,0.0,0.0
587.0,88633.0,247549.0,158916.0,79458.0,1.7929665023185495,34.95329202575597,178876.3257356352,0.4954987734430124,0.0,0.0,1.0,inf,88633.0,inf,218.0,118.0,100.0,0.0,0.0,0.0,0.0,0.0,0.0
588.0,88755.0,247881.0,159126.0,79563.0,1.7928680074362007,34.95329202575597,178876.3257356352,0.49618080891919,0.0,0.0,1.0,inf,88755.0,inf,220.0,122.0,98.0,0.0,0.0,0.0,0.0,0.0,0.0
589.0,88881.0,248233.0,159352.0,79676.0,1.7928691171341458,34.95329202575597,178876.3257356352,0.49688520621425863,0.0,0.0,1.0,inf,88881.0,inf,219.0,126.0,93.0,0.0,0.0,0.0,0.0,0.0,0.0
590.0,89004.0,248570.0,159566.0,79783.0,1.7927958294009259,34.95329202575597,178876.3257356352,0.49757283214515896,0.0,0.0,1.0,inf,89004.0,inf,219.0,123.0,96.0,0.0,0.0,0.0,0.0,0.0,0.0
591.0,89121.0,248885.0,159764.0,79882.0,1.7926639063744796,34.95329202575597,178876.3257356352,0.49822691534772273,0.0,0.0,1.0,inf,89121.0,inf,219.0,117.0,102.0,0.0,0.0,0.0,0.0,0.0,0.0
592.0,89241.0,249211.0,159970.0,79985.0,1.7925617149068254,34.95329202575597,178876.3257356352,0.4988977699144548,0.0,0.0,1.0,inf,89241.0,inf,220.0,120.0,100.0,0.0,0.0,0.0,0.0,0.0,0.0
593.0,89364.0,249554.0,160190.0,80095.0,1.7925562866478673,34.95329202575597,178876.3257356352,0.4995853958453551,0.0,0.0,1.0,inf,89364.0,inf,219.0,123.0,96.0,0.0,0.0,0.0,0.0,0.0,0.0
594.0,89499.0,249929.0,160430.0,80215.0,1.792533994793238,34.95329202575597,178876.3257356352,0.5003401072329287,0.0,0.0,1.0,inf,89499.0,inf,219.0,135.0,84.0,0.0,0.0,0.0,0.0,0.0,0.0
595.0,89626.0,250284.0,160658.0,80329.0,1.7925378796331422,34.95329202575597,178876.3257356352,0.5010500949827201,0.0,0.0,1.0,inf,89626.0,inf,220.0,127.0,93.0,0.0,0.0,0.0,0.0,0.0,0.0
596.0,89758.0,250662.0,160904.0,80452.0,1.7926424385570088,34.95329202575597,178876.3257356352,0.5017880350061253,0.0,0.0,1.0,inf,89758.0,inf,220.0,132.0,88.0,0.0,0.0,0.0,0.0,0.0,0.0
597.0,89884.0,251004.0,161120.0,80560.0,1.7925325975702016,34.95329202575597,178876.3257356352,0.502492432301194,0.0,0.0,1.0,inf,89884.0,inf,220.0,126.0,94.0,0.0,0.0,0.0,0.0,0.0,0.0
598.0,90011.0,251357.0,161346.0,80673.0,1.792514248258546,34.95329202575597,178876.3257356352,0.5032024200509854,0.0,0.0,1.0,inf,90011.0,inf,219.0,127.0,92.0,0.0,0.0,0.0,0.0,0.0,0.0
599.0,90135.0,251703.0,161568.0,80784.0,1.7925112331502746,34.95329202575597,178876.3257356352,0.5038956364366085,0.0,0.0,1.0,inf,90135.0,inf,220.0,124.0,96.0,0.0,0.0,0.0,0.0,0.0,0.0
600.0,90261.0,252055.0,161794.0,80897.0,1.792512823921738,34.95329202575597,178876.3257356352,0.5046000337316772,0.0,0.0,1.0,inf,90261.0,inf,216.0,126.0,90.0,0.0,0.0,0.0,0.0,0.0,0.0
601.0,90372.0,252356.0,161984.0,80992.0,1.7924135794272562,34.95329202575597,178876.3257356352,0.5052205742059043,0.0,0.0,1.0,inf,90372.0,inf,219.0,111.0,108.0,0.0,0.0,0.0,0.0,0.0,0.0
602.0,90503.0,252723.0,162220.0,81110.0,1.7924267703833021,34.95329202575597,178876.3257356352,0.5059529237745868,0.0,0.0,1.0,inf,90503.0,inf,220.0,131.0,89.0,0.0,0.0,0.0,0.0,0.0,0.0
603.0,90626.0,253054.0,162428.0,81214.0,1.792289188533092,34.95329202575597,178876.3257356352,0.5066405497054871,0.0,0.0,1.0,inf,90626.0,inf,218.0,123.0,95.0,0.0,0.0,0.0,0.0,0.0,0.0
604.0,90739.0,253367.0,162628.0,81314.0,1.7922613209314628,34.95329202575597,178876.3257356352,0.5072722710891598,0.0,0.0,1.0,inf,90739.0,inf,218.0,113.0,105.0,0.0,0.0,0.0,0.0,0.0,0.0
605.0,90871.0,253727.0,162856.0,81428.0,1.7921669179386164,34.95329202575597,178876.3257356352,0.5080102111125651,0.0,0.0,1.0,inf,90871.0,inf,220.0,132.0,88.0,0.0,0.0,0.0,0.0,0.0,0.0
606.0,90992.0,254060.0,163068.0,81534.0,1.7921135924037277,34.95329202575597,178876.3257356352,0.5086866561340199,0.0,0.0,1.0,inf,90992.0,inf,217.0,121.0,96.0,0.0,0.0,0.0,0.0,0.0,0.0
607.0,91119.0,254427.0,163308.0,81654.0,1.7922496954531986,34.95329202575597,178876.3257356352,0.5093966438838113,0.0,0.0,1.0,inf,91119.0,inf,219.0,127.0,92.0,0.0,0.0,0.0,0.0,0.0,0.0
608.0,91244.0,254778.0,163534.0,81767.0,1.792271272631625,34.95329202575597,178876.3257356352,0.5100954507241572,0.0,0.0,1.0,inf,91244.0,inf,220.0,125.0,95.0,0.0,0.0,0.0,0.0,0.0,0.0
609.0,91369.0,255123.0,163754.0,81877.0,1.79222712298482,34.95329202575597,178876.3257356352,0.510794257564503,0.0,0.0,1.0,inf,91369.0,inf,219.0,125.0,94.0,0.0,0.0,0.0,0.0,0.0,0.0
610.0,91484.0,255444.0,163960.0,81980.0,1.7922259630099253,34.95329202575597,178876.3257356352,0.5114371598576213,0.0,0.0,1.0,inf,91484.0,inf,219.0,115.0,104.0,0.0,0.0,0.0,0.0,0.0,0.0
611.0,91589.0,255731.0,164142.0,82071.0,1.7921584469750733,34.95329202575597,178876.3257356352,0.5120241576035118,0.0,0.0,1.0,inf,91589.0,inf,219.0,105.0,114.0,0.0,0.0,0.0,0.0,0.0,0.0
612.0,91703.0,256055.0,164352.0,82176.0,1.7922205380412854,34.95329202575597,178876.3257356352,0.5126614694419073,0.0,0.0,1.0,inf,91703.0,inf,220.0,114.0,106.0,0.0,0.0,0.0,0.0,0.0,0.0
613.0,91831.0,256419.0,164588.0,82294.0,1.7922923631453431,34.95329202575597,178876.3257356352,0.5133770476464214,0.0,0.0,1.0,inf,91831.0,inf,220.0,128.0,92.0,0.0,0.0,0.0,0.0,0.0,0.0
614.0,91952.0,256748.0,164796.0,82398.0,1.7921959283104227,34.95329202575597,178876.3257356352,0.5140534926678763,0.0,0.0,1.0,inf,91952.0,inf,220.0,121.0,99.0,0.0,0.0,0.0,0.0,0.0,0.0
615.0,92068.0,257072.0,165004.0,82502.0,1.7921970717295912,34.95329202575597,178876.3257356352,0.5147019854157172,0.0,0.0,1.0,inf,92068.0,inf,219.0,116.0,103.0,0.0,0.0,0.0,0.0,0.0,0.0
616.0,92206.0,257444.0,165238.0,82619.0,1.7920525779233456,34.95329202575597,178876.3257356352,0.5154734681674591,0.0,0.0,1.0,inf,92206.0,inf,220.0,138.0,82.0,0.0,0.0,0.0,0.0,0.0,0.0
617.0,92323.0,257769.0,165446.0,82723.0,1.7920344876141374,34.95329202575597,178876.3257356352,0.5161275513700229,0.0,0.0,1.0,inf,92323.0,inf,218.0,117.0,101.0,0.0,0.0,0.0,0.0,0.0,0.0
618.0,92444.0,258106.0,165662.0,82831.0,1.7920254424300117,34.95329202575597,178876.3257356352,0.5168039963914777,0.0,0.0,1.0,inf,92444.0,inf,219.0,121.0,98.0,0.0,0.0,0.0,0.0,0.0,0.0
619.0,92580.0,258490.0,165910.0,82955.0,1.7920717217541586,34.95329202575597,178876.3257356352,0.5175642982337739,0.0,0.0,1.0,inf,92580.0,inf,218.0,136.0,82.0,0.0,0.0,0.0,0.0,0.0,0.0
620.0,92698.0,258820.0,166122.0,83061.0,1.7920774989751667,34.95329202575597,178876.3257356352,0.5182239718910605,0.0,0.0,1.0,inf,92698.0,inf,217.0,118.0,99.0,0.0,0.0,0.0,0.0,0.0,0.0
621.0,92827.0,259197.0,166370.0,83185.0,1.7922587178299416,35.008182435739215,179720.3682916841,0.5165079555665212,0.0,0.0,1.0,inf,92827.0,inf,220.0,129.0,91.0,0.0,0.0,0.0,0.0,0.0,0.0
622.0,92955.0,259547.0,166592.0,83296.0,1.7921790113495777,35.008182435739215,179720.3682916841,0.5172201731143523,0.0,0.0,1.0,inf,92955.0,inf,220.0,128.0,92.0,0.0,0.0,0.0,0.0,0.0,0.0
623.0,93098.0,259948.0,166850.0,83425.0,1.7921974693333906,35.008182435739215,179720.3682916841,0.5180158536560698,0.0,0.0,1.0,inf,93098.0,inf,219.0,143.0,76.0,0.0,0.0,0.0,0.0,0.0,0.0
624.0,93221.0,260297.0,167076.0,83538.0,1.7922571094495876,35.008182435739215,179720.3682916841,0.5187002502059387,0.0,0.0,1.0,inf,93221.0,inf,220.0,123.0,97.0,0.0,0.0,0.0,0.0,0.0,0.0
625.0,93351.0,260667.0,167316.0,83658.0,1.7923321656972073,35.008182435739215,179720.3682916841,0.5194235961529546,0.0,0.0,1.0,inf,93351.0,inf,219.0,130.0,89.0,0.0,0.0,0.0,0.0,0.0,0.0
626.0,93469.0,260993.0,167524.0,83762.0,1.7922947715285282,35.73673191545082,191175.88618405367,0.4889162637907857,0.0,0.0,1.0,inf,93469.0,inf,219.0,118.0,101.0,0.0,0.0,0.0,0.0,0.0,0.0
627.0,93611.0,261403.0,167792.0,83896.0,1.7924389227761695,35.73673191545082,191175.88618405367,0.4896590352921208,0.0,0.0,1.0,inf,93611.0,inf,218.0,142.0,76.0,0.0,0.0,0.0,0.0,0.0,0.0
628.0,93745.0,261779.0,168034.0,84017.0,1.7924582644407703,35.73673191545082,191175.88618405367,0.4903599605116905,0.0,0.0,1.0,inf,93745.0,inf,217.0,134.0,83.0,0.0,0.0,0.0,0.0,0.0,0.0
629.0,93871.0,262131.0,168260.0,84130.0,1.7924598651340669,35.73673191545082,191175.88618405367,0.49101903944949493,0.0,0.0,1.0,inf,93871.0,inf,219.0,126.0,93.0,0.0,0.0,0.0,0.0,0.0,0.0
630.0,94007.0,262507.0,168500.0,84250.0,1.792419713425596,35.73673191545082,191175.88618405367,0.491730426239506,0.0,0.0,1.0,inf,94007.0,inf,218.0,136.0,82.0,0.0,0.0,0.0,0.0,0.0,0.0
631.0,94149.0,262911.0,168762.0,84381.0,1.7924991237294077,35.73673191545082,191175.88618405367,0.49247319774084114,0.0,0.0,1.0,inf,94149.0,inf,220.0,142.0,78.0,0.0,0.0,0.0,0.0,0.0,0.0
632.0,94275.0,263257.0,168982.0,84491.0,1.7924370193582604,35.73673191545082,191175.88618405367,0.4931322766786455,0.0,0.0,1.0,inf,94275.0,inf,218.0,126.0,92.0,0.0,0.0,0.0,0.0,0.0,0.0
633.0,94408.0,263638.0,169230.0,84615.0,1.7925387679010254,35.73673191545082,191175.88618405367,0.4938279711129946,0.0,0.0,1.0,inf,94408.0,inf,220.0,133.0,87.0,0.0,0.0,0.0,0.0,0.0,0.0
634.0,94532.0,263982.0,169450.0,84725.0,1.7925147040155713,35.73673191545082,191175.88618405367,0.49447658848035764,0.0,0.0,1.0,inf,94532.0,inf,216.0,124.0,92.0,0.0,0.0,0.0,0.0,0.0,0.0
635.0,94667.0,264367.0,169700.0,84850.0,1.7925993218333738,35.73673191545082,191175.88618405367,0.4951827444851481,0.0,0.0,1.0,inf,94667.0,inf,220.0,135.0,85.0,0.0,0.0,0.0,0.0,0.0,0.0
636.0,94801.0,264741.0,169940.0,84970.0,1.792597124502906,35.73673191545082,191175.88618405367,0.4958836697047178,0.0,0.0,1.0,inf,94801.0,inf,220.0,134.0,86.0,0.0,0.0,0.0,0.0,0.0,0.0
637.0,94945.0,265147.0,170202.0,85101.0,1.7926378429617147,35.73673191545082,191175.88618405367,0.4966369027764943,0.0,0.0,1.0,inf,94945.0,inf,220.0,144.0,76.0,0.0,0.0,0.0,0.0,0.0,0.0
638.0,95072.0,265500.0,170428.0,85214.0,1.7926203298552676,35.73673191545082,191175.88618405367,0.49730121249951936,0.0,0.0,1.0,inf,95072.0,inf,218.0,127.0,91.0,0.0,0.0,0.0,0.0,0.0,0.0
639.0,95199.0,265871.0,170672.0,85336.0,1.7927919410918183,35.73673191545082,191175.88618405367,0.4979655222225444,0.0,0.0,1.0,inf,95199.0,inf,219.0,127.0,92.0,0.0,0.0,0.0,0.0,0.0,0.0
640.0,95328.0,266232.0,170904.0,85452.0,1.792799597180262,35.73673191545082,191175.88618405367,0.4986402935160108,0.0,0.0,1.0,inf,95328.0,inf,219.0,129.0,90.0,0.0,0.0,0.0,0.0,0.0,0.0
641.0,95456.0,266594.0,171138.0,85569.0,1.7928469661414683,35.73673191545082,191175.88618405367,0.49930983402425655,0.0,0.0,1.0,inf,95456.0,inf,219.0,128.0,91.0,0.0,0.0,0.0,0.0,0.0,0.0
642.0,95591.0,266969.0,171378.0,85689.0,1.7928256844263581,35.73673191545082,191175.88618405367,0.500015990029047,0.0,0.0,1.0,inf,95591.0,inf,218.0,135.0,83.0,0.0,0.0,0.0,0.0,0.0,0.0
643.0,95723.0,267337.0,171614.0,85807.0,1.7928188627602561,35.73673191545082,191175.88618405367,0.5007064536781753,0.0,0.0,1.0,inf,95723.0,inf,220.0,132.0,88.0,0.0,0.0,0.0,0.0,0.0,0.0
644.0,95854.0,267706.0,171852.0,85926.0,1.7928516285183718,35.73673191545082,191175.88618405367,0.5013916865420831,0.0,0.0,1.0,inf,95854.0,inf,218.0,131.0,87.0,0.0,0.0,0.0,0.0,0.0,0.0
645.0,95978.0,268058.0,172080.0,86040.0,1.7929108754089478,35.73673191545082,191175.88618405367,0.5020403039094462,0.0,0.0,1.0,inf,95978.0,inf,219.0,124.0,95.0,0.0,0.0,0.0,0.0,0.0,0.0
646.0,96113.0,268441.0,172328.0,86164.0,1.7929728548687482,35.73673191545082,191175.88618405367,0.5027464599142366,0.0,0.0,1.0,inf,96113.0,inf,218.0,135.0,83.0,0.0,0.0,0.0,0.0,0.0,0.0
647.0,96243.0,268813.0,172570.0,86285.0,1.7930654696964974,35.73673191545082,191175.88618405367,0.5034264619929237,0.0,0.0,1.0,inf,96243.0,inf,219.0,130.0,89.0,0.0,0.0,0.0,0.0,0.0,0.0
648.0,96374.0,269182.0,172808.0,86404.0,1.7930977234523835,35.73673191545082,191175.88618405367,0.5041116948568314,0.0,0.0,1.0,inf,96374.0,inf,218.0,131.0,87.0,0.0,0.0,0.0,0.0,0.0,0.0
649.0,96498.0,269536.0,173038.0,86519.0,1.7931770606644697,35.73673191545082,191175.88618405367,0.5047603122241945,0.0,0.0,1.0,inf,96498.0,inf,219.0,124.0,95.0,0.0,0.0,0.0,0.0,0.0,0.0
650.0,96630.0,269900.0,173270.0,86635.0,1.793128428024423,35.73673191545082,191175.88618405367,0.5054507758733229,0.0,0.0,1.0,inf,96630.0,inf,220.0,132.0,88.0,0.0,0.0,0.0,0.0,0.0,0.0
651.0,96755.0,270249.0,173494.0,86747.0,1.7931269701824195,35.73673191545082,191175.88618405367,0.5061046240259066,0.0,0.0,1.0,inf,96755.0,inf,219.0,125.0,94.0,0.0,0.0,0.0,0.0,0.0,0.0
652.0,96883.0,270609.0,173726.0,86863.0,1.7931525654655616,35.73673191545082,191175.88618405367,0.5067741645341524,0.0,0.0,1.0,inf,96883.0,inf,220.0,128.0,92.0,0.0,0.0,0.0,0.0,0.0,0.0
653.0,97002.0,270928.0,173926.0,86963.0,1.7930145770190304,35.73673191545082,191175.88618405367,0.5073966279754121,0.0,0.0,1.0,inf,97002.0,inf,219.0,119.0,100.0,0.0,0.0,0.0,0.0,0.0,0.0
654.0,97135.0,271299.0,174164.0,87082.0,1.7930097287280589,35.73673191545082,191175.88618405367,0.5080923224097611,0.0,0.0,1.0,inf,97135.0,inf,220.0,133.0,87.0,0.0,0.0,0.0,0.0,0.0,0.0
655.0,97268.0,271660.0,174392.0,87196.0,1.7929020849611383,35.73673191545082,191175.88618405367,0.5087880168441102,0.0,0.0,1.0,inf,97268.0,inf,219.0,133.0,86.0,0.0,0.0,0.0,0.0,0.0,0.0
656.0,97391.0,272009.0,174618.0,87309.0,1.7929582815660585,35.73673191545082,191175.88618405367,0.5094314034262526,0.0,0.0,1.0,inf,97391.0,inf,219.0,123.0,96.0,0.0,0.0,0.0,0.0,0.0,0.0
657.0,97524.0,272382.0,174858.0,87429.0,1.7929740371600837,35.73673191545082,191175.88618405367,0.5101270978606017,0.0,0.0,1.0,inf,97524.0,inf,220.0,133.0,87.0,0.0,0.0,0.0,0.0,0.0,0.0
658.0,97649.0,272727.0,175078.0,87539.0,1.7929318272588557,35.73673191545082,191175.88618405367,0.5107809460131855,0.0,0.0,1.0,inf,97649.0,inf,220.0,125.0,95.0,0.0,0.0,0.0,0.0,0.0,0.0
659.0,97764.0,273056.0,175292.0,87646.0,1.7930117425637249,35.73673191545082,191175.88618405367,0.5113824863135624,0.0,0.0,1.0,inf,97764.0,inf,220.0,115.0,105.0,0.0,0.0,0.0,0.0,0.0,0.0
660.0,97890.0,273420.0,175530.0,87765.0,1.7931351517008887,36.01146540834789,195618.98109736008,0.5004115625736743,0.0,0.0,1.0,inf,97890.0,inf,218.0,126.0,92.0,0.0,0.0,0.0,0.0,0.0,0.0
661.0,98028.0,273816.0,175788.0,87894.0,1.7932427469702534,36.01146540834789,195618.98109736008,0.5011170155886417,0.0,0.0,1.0,inf,98028.0,inf,220.0,138.0,82.0,0.0,0.0,0.0,0.0,0.0,0.0
662.0,98158.0,274192.0,176034.0,88017.0,1.7933739481244524,36.01146540834789,195618.98109736008,0.5017815727766546,0.0,0.0,1.0,inf,98158.0,inf,218.0,130.0,88.0,0.0,0.0,0.0,0.0,0.0,0.0
663.0,98295.0,274583.0,176288.0,88144.0,1.7934584668599625,36.01146540834789,195618.98109736008,0.5024819138132527,0.0,0.0,1.0,inf,98295.0,inf,220.0,137.0,83.0,0.0,0.0,0.0,0.0,0.0,0.0
664.0,98435.0,274975.0,176540.0,88270.0,1.7934677706100473,36.01146540834789,195618.98109736008,0.5031975907849588,0.0,0.0,1.0,inf,98435.0,inf,220.0,140.0,80.0,0.0,0.0,0.0,0.0,0.0,0.0
665.0,98584.0,275390.0,176806.0,88403.0,1.7934553274365008,36.01146540834789,195618.98109736008,0.5039592755619889,0.0,0.0,1.0,inf,98584.0,inf,219.0,149.0,70.0,0.0,0.0,0.0,0.0,0.0,0.0
666.0,98726.0,275782.0,177056.0,88528.0,1.7934080181512468,36.01146540834789,195618.98109736008,0.5046851764904338,0.0,0.0,1.0,inf,98726.0,inf,220.0,142.0,78.0,0.0,0.0,0.0,0.0,0.0,0.0
667.0,98851.0,276127.0,177276.0,88638.0,1.7933657727286523,36.01146540834789,195618.98109736008,0.5053241737866,0.0,0.0,1.0,inf,98851.0,inf,220.0,125.0,95.0,0.0,0.0,0.0,0.0,0.0,0.0
668.0,98991.0,276523.0,177532.0,88766.0,1.7934155630309827,36.01146540834789,195618.98109736008,0.5060398507583062,0.0,0.0,1.0,inf,98991.0,inf,219.0,140.0,79.0,0.0,0.0,0.0,0.0,0.0,0.0
669.0,99120.0,276880.0,177760.0,88880.0,1.7933817594834545,36.01146540834789,195618.98109736008,0.5066992959679496,0.0,0.0,1.0,inf,99120.0,inf,220.0,129.0,91.0,0.0,0.0,0.0,0.0,0.0,0.0
670.0,99237.0,277225.0,177988.0,88994.0,1.7935649001884377,36.01146540834789,195618.98109736008,0.5072973974371612,0.0,0.0,1.0,inf,99237.0,inf,219.0,117.0,102.0,0.0,0.0,0.0,0.0,0.0,0.0
671.0,99369.0,277601.0,178232.0,89116.0,1.7936378548641931,36.01146540834789,195618.98109736008,0.5079721785819127,0.0,0.0,1.0,inf,99369.0,inf,220.0,132.0,88.0,0.0,0.0,0.0,0.0,0.0,0.0
672.0,99504.0,277986.0,178482.0,89241.0,1.7937168355041004,36.01146540834789,195618.98109736008,0.5086622956617722,0.0,0.0,1.0,inf,99504.0,inf,220.0,135.0,85.0,0.0,0.0,0.0,0.0,0.0,0.0
673.0,99636.0,278354.0,178718.0,89359.0,1.7937091011281063,36.01146540834789,195618.98109736008,0.5093370768065237,0.0,0.0,1.0,inf,99636.0,inf,217.0,132.0,85.0,0.0,0.0,0.0,0.0,0.0,0.0
674.0,99763.0,278711.0,178948.0,89474.0,1.7937311428084561,36.01146540834789,195618.98109736008,0.5099862980594285,0.0,0.0,1.0,inf,99763.0,inf,220.0,127.0,93.0,0.0,0.0,0.0,0.0,0.0,0.0
675.0,99891.0,279063.0,179172.0,89586.0,1.7936751058653932,36.01146540834789,195618.98109736008,0.5106406312907027,0.0,0.0,1.0,inf,99891.0,inf,219.0,128.0,91.0,0.0,0.0,0.0,0.0,0.0,0.0
676.0,100014.0,279412.0,179398.0,89699.0,1.793728877957086,36.01146540834789,195618.98109736008,0.5112694046301303,0.0,0.0,1.0,inf,100014.0,inf,220.0,123.0,97.0,0.0,0.0,0.0,0.0,0.0,0.0
677.0,100146.0,279788.0,179642.0,89821.0,1.793801050466319,36.01146540834789,195618.98109736008,0.5119441857748818,0.0,0.0,1.0,inf,100146.0,inf,219.0,132.0,87.0,0.0,0.0,0.0,0.0,0.0,0.0
678.0,100280.0,280164.0,179884.0,89942.0,1.7938173115277223,36.01146540834789,195618.98109736008,0.5126291908763719,0.0,0.0,1.0,inf,100280.0,inf,217.0,134.0,83.0,0.0,0.0,0.0,0.0,0.0,0.0
679.0,100404.0,280512.0,180108.0,90054.0,1.7938329150233059,36.01146540834789,195618.98109736008,0.5132630761941688,0.0,0.0,1.0,inf,100404.0,inf,218.0,124.0,94.0,0.0,0.0,0.0,0.0,0.0,0.0
680.0,100533.0,280887.0,180354.0,90177.0,1.7939780967443526,36.01146540834789,195618.98109736008,0.5139225214038123,0.0,0.0,1.0,inf,100533.0,inf,218.0,129.0,89.0,0.0,0.0,0.0,0.0,0.0,0.0
681.0,100668.0,281274.0,180606.0,90303.0,1.794075575157945,36.01146540834789,195618.98109736008,0.5146126384836719,0.0,0.0,1.0,inf,100668.0,inf,219.0,135.0,84.0,0.0,0.0,0.0,0.0,0.0,0.0
682.0,100793.0,281631.0,180838.0,90419.0,1.7941523716924785,36.01146540834789,195618.98109736008,0.515251635779838,0.0,0.0,1.0,inf,100793.0,inf,220.0,125.0,95.0,0.0,0.0,0.0,0.0,0.0,0.0
683.0,100918.0,281976.0,181058.0,90529.0,1.794110069561426,36.01146540834789,195618.98109736008,0.5158906330760042,0.0,0.0,1.0,inf,100918.0,inf,219.0,125.0,94.0,0.0,0.0,0.0,0.0,0.0,0.0
684.0,101043.0,282323.0,181280.0,90640.0,1.7940876656472986,36.01146540834789,195618.98109736008,0.5165296303721705,0.0,0.0,1.0,inf,101043.0,inf,219.0,125.0,94.0,0.0,0.0,0.0,0.0,0.0,0.0
685.0,101168.0,282670.0,181502.0,90751.0,1.794065317096315,36.01146540834789,195618.98109736008,0.5171686276683366,0.0,0.0,1.0,inf,101168.0,inf,219.0,125.0,94.0,0.0,0.0,0.0,0.0,0.0,0.0
686.0,101299.0,283035.0,181736.0,90868.0,1.7940552226576767,36.01146540834789,195618.98109736008,0.5178382968347188,0.0,0.0,1.0,inf,101299.0,inf,219.0,131.0,88.0,0.0,0.0,0.0,0.0,0.0,0.0
687.0,101427.0,283375.0,181948.0,90974.0,1.7938813136541552,36.01146540834789,195618.98109736008,0.518492630065993,0.0,0.0,1.0,inf,101427.0,inf,220.0,128.0,92.0,0.0,0.0,0.0,0.0,0.0,0.0
688.0,101547.0,283721.0,182174.0,91087.0,1.7939870207884034,36.01146540834789,195618.98109736008,0.5191060674703125,0.0,0.0,1.0,inf,101547.0,inf,219.0,120.0,99.0,0.0,0.0,0.0,0.0,0.0,0.0
689.0,101675.0,284089.0,182414.0,91207.0,1.794089009097615,36.01146540834789,195618.98109736008,0.5197604007015868,0.0,0.0,1.0,inf,101675.0,inf,220.0,128.0,92.0,0.0,0.0,0.0,0.0,0.0,0.0
690.0,101794.0,284414.0,182620.0,91310.0,1.794015364363322,36.01146540834789,195618.98109736008,0.5203687261275369,0.0,0.0,1.0,inf,101794.0,inf,220.0,119.0,101.0,0.0,0.0,0.0,0.0,0.0,0.0
691.0,101922.0,284778.0,182856.0,91428.0,1.79407782421852,36.01146540834789,195618.98109736008,0.5210230593588111,0.0,0.0,1.0,inf,101922.0,inf,220.0,128.0,92.0,0.0,0.0,0.0,0.0,0.0,0.0
692.0,102052.0,285150.0,183098.0,91549.0,1.7941637596519422,36.01146540834789,195618.98109736008,0.521687616546824,0.0,0.0,1.0,inf,102052.0,inf,219.0,130.0,89.0,0.0,0.0,0.0,0.0,0.0,0.0
693.0,102174.0,285496.0,183322.0,91661.0,1.7942137921584747,36.01146540834789,195618.98109736008,0.5223112779078822,0.0,0.0,1.0,inf,102174.0,inf,218.0,122.0,96.0,0.0,0.0,0.0,0.0,0.0,0.0
694.0,102297.0,285847.0,183550.0,91775.0,1.7942852674076464,36.01146540834789,195618.98109736008,0.5229400512473098,0.0,0.0,1.0,inf,102297.0,inf,220.0,123.0,97.0,0.0,0.0,0.0,0.0,0.0,0.0
695.0,102435.0,286235.0,183800.0,91900.0,1.7943085859325425,36.01146540834789,195618.98109736008,0.5236455042622772,0.0,0.0,1.0,inf,102435.0,inf,218.0,138.0,80.0,0.0,0.0,0.0,0.0,0.0,0.0
696.0,102554.0,286560.0,184006.0,92003.0,1.7942352321703687,36.01146540834789,195618.98109736008,0.5242538296882274,0.0,0.0,1.0,inf,102554.0,inf,220.0,119.0,101.0,0.0,0.0,0.0,0.0,0.0,0.0
697.0,102682.0,286912.0,184230.0,92115.0,1.7941800899865605,36.01146540834789,195618.98109736008,0.5249081629195016,0.0,0.0,1.0,inf,102682.0,inf,218.0,128.0,90.0,0.0,0.0,0.0,0.0,0.0,0.0
698.0,102799.0,287247.0,184448.0,92224.0,1.794258699014582,36.01146540834789,195618.98109736008,0.5255062643887132,0.0,0.0,1.0,inf,102799.0,inf,220.0,117.0,103.0,0.0,0.0,0.0,0.0,0.0,0.0
699.0,102932.0,287608.0,184676.0,92338.0,1.7941553647067967,36.01146540834789,195618.98109736008,0.5261861575118341,0.0,0.0,1.0,inf,102932.0,inf,219.0,133.0,86.0,0.0,0.0,0.0,0.0,0.0,0.0
700.0,103054.0,287950.0,184896.0,92448.0,1.79416616531139,36.01146540834789,195618.98109736008,0.5268098188728922,0.0,0.0,1.0,inf,103054.0,inf,219.0,122.0,97.0,0.0,0.0,0.0,0.0,0.0,0.0
