t,site_subsystems,total_subsystems,interface_subsystems,n_links,mean_degree,frontier_radius,volume_proxy,density,energy_remaining,energy_density,creation_rate_modifier,memory_total,memory_bound,memory_free,birth_attempts,births_accepted,births_reject_exclusion,births_reject_memory,births_reject_energy,deaths_attempted,deaths_executed,links_attempted_random,links_added_random
0.0,2.0,4.0,2.0,1.0,1.0,0.31756444306524223,0.13414800487287193,14.908906039231374,0.0,0.0,1.0,inf,2.0,inf,0.0,0.0,0.0,0.0,0.0,0.0,0.0,0.0,0.0
1.0,2.0,4.0,2.0,1.0,1.0,0.31756444306524223,0.13414800487287193,14.908906039231374,0.0,0.0,1.0,inf,2.0,inf,0.0,0.0,0.0,0.0,0.0,0.0,0.0,0.0,0.0
2.0,219.0,609.0,390.0,195.0,1.7808219178082192,15.943398269076507,16975.84082055147,0.012900686470555962,0.0,0.0,1.0,inf,219.0,inf,220.0,217.0,3.0,0.0,0.0,0.0,0.0,0.0,0.0
3.0,219.0,609.0,390.0,195.0,1.7808219178082192,15.943398269076507,16975.84082055147,0.012900686470555962,0.0,0.0,1.0,inf,219.0,inf,0.0,0.0,0.0,0.0,0.0,0.0,0.0,0.0,0.0
4.0,435.0,1207.0,772.0,386.0,1.7747126436781608,18.256618791768176,25488.815362718633,0.017066309038287254,0.0,0.0,1.0,inf,435.0,inf,220.0,216.0,4.0,0.0,0.0,0.0,0.0,0.0,0.0
5.0,435.0,1207.0,772.0,386.0,1.7747126436781608,18.256618791768176,25488.815362718633,0.017066309038287254,0.0,0.0,1.0,inf,435.0,inf,0.0,0.0,0.0,0.0,0.0,0.0,0.0,0.0,0.0
6.0,648.0,1796.0,1148.0,574.0,1.771604938271605,18.72175694746009,27487.068050179758,0.023574722441004843,0.0,0.0,1.0,inf,648.0,inf,220.0,213.0,7.0,0.0,0.0,0.0,0.0,0.0,0.0
7.0,724.0,1986.0,1262.0,631.0,1.7430939226519337,18.94529148309248,28483.442958530428,0.0254182754891705,0.0,0.0,1.0,inf,724.0,inf,78.0,76.0,2.0,0.0,0.0,0.0,0.0,0.0,0.0
8.0,900.0,2470.0,1570.0,785.0,1.7444444444444445,19.11623952873267,29261.46059217924,0.03075717964128368,0.0,0.0,1.0,inf,900.0,inf,191.0,176.0,15.0,0.0,0.0,0.0,0.0,0.0,0.0
9.0,1026.0,2796.0,1770.0,885.0,1.7251461988304093,19.423224271646777,30693.936034705428,0.033426798011174215,0.0,0.0,1.0,inf,1026.0,inf,138.0,126.0,12.0,0.0,0.0,0.0,0.0,0.0,0.0
10.0,1174.0,3186.0,2012.0,1006.0,1.7137989778534923,19.54673518500053,31283.209069373643,0.037528119234715905,0.0,0.0,1.0,inf,1174.0,inf,171.0,148.0,23.0,0.0,0.0,0.0,0.0,0.0,0.0
11.0,1318.0,3570.0,2252.0,1126.0,1.708649468892261,20.131743646235073,34176.909146387916,0.03856404902955645,0.0,0.0,1.0,inf,1318.0,inf,157.0,144.0,13.0,0.0,0.0,0.0,0.0,0.0,0.0
12.0,1467.0,3965.0,2498.0,1249.0,1.7027948193592366,20.131743646235073,34176.909146387916,0.04292371769829994,0.0,0.0,1.0,inf,1467.0,inf,168.0,149.0,19.0,0.0,0.0,0.0,0.0,0.0,0.0
13.0,1624.0,4378.0,2754.0,1377.0,1.6958128078817734,20.131743646235073,34176.909146387916,0.0475174625371773,0.0,0.0,1.0,inf,1624.0,inf,179.0,157.0,22.0,0.0,0.0,0.0,0.0,0.0,0.0
14.0,1781.0,4803.0,3022.0,1511.0,1.6967995508141493,20.131743646235073,34176.909146387916,0.05211120737605466,0.0,0.0,1.0,inf,1781.0,inf,174.0,157.0,17.0,0.0,0.0,0.0,0.0,0.0,0.0
15.0,1942.0,5218.0,3276.0,1638.0,1.68692070030896,20.475410425171763,35957.248945400446,0.05400858121679009,0.0,0.0,1.0,inf,1942.0,inf,183.0,161.0,22.0,0.0,0.0,0.0,0.0,0.0,0.0
16.0,2105.0,5675.0,3570.0,1785.0,1.6959619952494063,20.559979935685465,36404.633969932984,0.057822309152690404,0.0,0.0,1.0,inf,2105.0,inf,185.0,163.0,22.0,0.0,0.0,0.0,0.0,0.0,0.0
17.0,2266.0,6118.0,3852.0,1926.0,1.6999117387466902,20.559979935685465,36404.633969932984,0.06224482305938074,0.0,0.0,1.0,inf,2266.0,inf,195.0,161.0,34.0,0.0,0.0,0.0,0.0,0.0,0.0
18.0,2429.0,6573.0,4144.0,2072.0,1.7060518731988472,20.559979935685465,36404.633969932984,0.06672227502702376,0.0,0.0,1.0,inf,2429.0,inf,190.0,163.0,27.0,0.0,0.0,0.0,0.0,0.0,0.0
19.0,2602.0,7044.0,4442.0,2221.0,1.7071483474250577,21.428429307733722,41215.41007865438,0.06313172658077193,0.0,0.0,1.0,inf,2602.0,inf,194.0,173.0,21.0,0.0,0.0,0.0,0.0,0.0,0.0
20.0,2762.0,7486.0,4724.0,2362.0,1.7103548153511947,21.428429307733722,41215.41007865438,0.06701376972178788,0.0,0.0,1.0,inf,2762.0,inf,186.0,160.0,26.0,0.0,0.0,0.0,0.0,0.0,0.0
21.0,2927.0,7955.0,5028.0,2514.0,1.7177997950119577,21.428429307733722,41215.41007865438,0.07101712671096058,0.0,0.0,1.0,inf,2927.0,inf,189.0,165.0,24.0,0.0,0.0,0.0,0.0,0.0,0.0
22.0,3087.0,8405.0,5318.0,2659.0,1.722708130871396,21.428429307733722,41215.41007865438,0.07489916985197653,0.0,0.0,1.0,inf,3087.0,inf,190.0,160.0,30.0,0.0,0.0,0.0,0.0,0.0,0.0
23.0,3255.0,8869.0,5614.0,2807.0,1.7247311827956988,21.428429307733722,41215.41007865438,0.07897531515004329,0.0,0.0,1.0,inf,3255.0,inf,193.0,168.0,25.0,0.0,0.0,0.0,0.0,0.0,0.0
24.0,3421.0,9323.0,5902.0,2951.0,1.7252265419467991,21.48463023619475,41540.55170207288,0.08235326349383298,0.0,0.0,1.0,inf,3421.0,inf,198.0,166.0,32.0,0.0,0.0,0.0,0.0,0.0,0.0
25.0,3593.0,9799.0,6206.0,3103.0,1.72724742554968,21.48463023619475,41540.55170207288,0.08649379588814438,0.0,0.0,1.0,inf,3593.0,inf,202.0,172.0,30.0,0.0,0.0,0.0,0.0,0.0,0.0
26.0,3758.0,10252.0,6494.0,3247.0,1.728046833422033,21.624253978195366,42355.714270142744,0.08872474622979212,0.0,0.0,1.0,inf,3758.0,inf,198.0,165.0,33.0,0.0,0.0,0.0,0.0,0.0,0.0
27.0,3929.0,10727.0,6798.0,3399.0,1.730211249681853,22.633306316790616,48566.03100544831,0.08090016661149911,0.0,0.0,1.0,inf,3929.0,inf,194.0,171.0,23.0,0.0,0.0,0.0,0.0,0.0,0.0
28.0,4087.0,11171.0,7084.0,3542.0,1.7333007095669195,22.633306316790616,48566.03100544831,0.08415346931565204,0.0,0.0,1.0,inf,4087.0,inf,180.0,158.0,22.0,0.0,0.0,0.0,0.0,0.0,0.0
29.0,4249.0,11619.0,7370.0,3685.0,1.734525770769593,22.633306316790616,48566.03100544831,0.08748913411358099,0.0,0.0,1.0,inf,4249.0,inf,190.0,162.0,28.0,0.0,0.0,0.0,0.0,0.0,0.0
30.0,4409.0,12071.0,7662.0,3831.0,1.7378090269902473,23.23300513244215,52529.68232409062,0.08393349826100109,0.0,0.0,1.0,inf,4409.0,inf,186.0,160.0,26.0,0.0,0.0,0.0,0.0,0.0,0.0
31.0,4564.0,12512.0,7948.0,3974.0,1.7414548641542507,23.23300513244215,52529.68232409062,0.08688421094652052,0.0,0.0,1.0,inf,4564.0,inf,174.0,155.0,19.0,0.0,0.0,0.0,0.0,0.0,0.0
32.0,4739.0,12997.0,8258.0,4129.0,1.7425617218822536,23.23300513244215,52529.68232409062,0.09021566075275214,0.0,0.0,1.0,inf,4739.0,inf,189.0,175.0,14.0,0.0,0.0,0.0,0.0,0.0,0.0
33.0,4904.0,13468.0,8564.0,4282.0,1.7463295269168027,23.23300513244215,52529.68232409062,0.09335674199862766,0.0,0.0,1.0,inf,4904.0,inf,187.0,165.0,22.0,0.0,0.0,0.0,0.0,0.0,0.0
34.0,5074.0,13944.0,8870.0,4435.0,1.748127709893575,23.497346894031725,54343.18579065446,0.09336957202962858,0.0,0.0,1.0,inf,5074.0,inf,196.0,170.0,26.0,0.0,0.0,0.0,0.0,0.0,0.0
35.0,5250.0,14428.0,9178.0,4589.0,1.7481904761904763,23.497346894031725,54343.18579065446,0.09660824855253253,0.0,0.0,1.0,inf,5250.0,inf,194.0,176.0,18.0,0.0,0.0,0.0,0.0,0.0,0.0
36.0,5433.0,14923.0,9490.0,4745.0,1.7467329284005153,23.497346894031725,54343.18579065446,0.09997573607350652,0.0,0.0,1.0,inf,5433.0,inf,202.0,183.0,19.0,0.0,0.0,0.0,0.0,0.0,0.0
37.0,5604.0,15394.0,9790.0,4895.0,1.7469664525339044,23.497346894031725,54343.18579065446,0.10312240474064614,0.0,0.0,1.0,inf,5604.0,inf,197.0,171.0,26.0,0.0,0.0,0.0,0.0,0.0,0.0
38.0,5782.0,15894.0,10112.0,5056.0,1.7488758215150466,23.497346894031725,54343.18579065446,0.10639788440585582,0.0,0.0,1.0,inf,5782.0,inf,198.0,178.0,20.0,0.0,0.0,0.0,0.0,0.0,0.0
39.0,5961.0,16391.0,10430.0,5215.0,1.7497064250964602,24.093940930528124,58588.46680236884,0.10174357386937091,0.0,0.0,1.0,inf,5961.0,inf,199.0,179.0,20.0,0.0,0.0,0.0,0.0,0.0,0.0
40.0,6142.0,16916.0,10774.0,5387.0,1.7541517421035493,24.2095908473045,59436.18947564208,0.10333771485328971,0.0,0.0,1.0,inf,6142.0,inf,201.0,181.0,20.0,0.0,0.0,0.0,0.0,0.0,0.0
41.0,6314.0,17398.0,11084.0,5542.0,1.755464048146975,24.2095908473045,59436.18947564208,0.10623157466357395,0.0,0.0,1.0,inf,6314.0,inf,200.0,172.0,28.0,0.0,0.0,0.0,0.0,0.0,0.0
42.0,6483.0,17881.0,11398.0,5699.0,1.758136665124171,24.2095908473045,59436.18947564208,0.10907496017484161,0.0,0.0,1.0,inf,6483.0,inf,199.0,169.0,30.0,0.0,0.0,0.0,0.0,0.0,0.0
43.0,6658.0,18364.0,11706.0,5853.0,1.7581856413337338,24.2095908473045,59436.18947564208,0.11201929428414244,0.0,0.0,1.0,inf,6658.0,inf,202.0,175.0,27.0,0.0,0.0,0.0,0.0,0.0,0.0
44.0,6838.0,18872.0,12034.0,6017.0,1.7598713073998244,24.2095908473045,59436.18947564208,0.11504775222513758,0.0,0.0,1.0,inf,6838.0,inf,204.0,180.0,24.0,0.0,0.0,0.0,0.0,0.0,0.0
45.0,7027.0,19385.0,12358.0,6179.0,1.7586452255585598,24.781033235830808,63745.10484835773,0.11023591563174026,0.0,0.0,1.0,inf,7027.0,inf,209.0,189.0,20.0,0.0,0.0,0.0,0.0,0.0,0.0
46.0,7202.0,19874.0,12672.0,6336.0,1.7595112468758678,24.781033235830808,63745.10484835773,0.11298122447414165,0.0,0.0,1.0,inf,7202.0,inf,198.0,175.0,23.0,0.0,0.0,0.0,0.0,0.0,0.0
47.0,7366.0,20312.0,12946.0,6473.0,1.757534618517513,24.781033235830808,63745.10484835773,0.11555397104644924,0.0,0.0,1.0,inf,7366.0,inf,199.0,164.0,35.0,0.0,0.0,0.0,0.0,0.0,0.0
48.0,7537.0,20795.0,13258.0,6629.0,1.759055327053204,24.781033235830808,63745.10484835773,0.11823652997245288,0.0,0.0,1.0,inf,7537.0,inf,202.0,171.0,31.0,0.0,0.0,0.0,0.0,0.0,0.0
49.0,7708.0,21258.0,13550.0,6775.0,1.757913855734302,24.781033235830808,63745.10484835773,0.12091908889845651,0.0,0.0,1.0,inf,7708.0,inf,198.0,171.0,27.0,0.0,0.0,0.0,0.0,0.0,0.0
50.0,7882.0,21742.0,13860.0,6930.0,1.758436944937833,24.912136581535535,64762.19173693763,0.12170681363003406,0.0,0.0,1.0,inf,7882.0,inf,204.0,174.0,30.0,0.0,0.0,0.0,0.0,0.0,0.0
51.0,8044.0,22184.0,14140.0,7070.0,1.7578319244157137,24.912136581535535,64762.19173693763,0.12420827313372164,0.0,0.0,1.0,inf,8044.0,inf,194.0,162.0,32.0,0.0,0.0,0.0,0.0,0.0,0.0
52.0,8224.0,22666.0,14442.0,7221.0,1.756079766536965,24.912136581535535,64762.19173693763,0.1269876725822634,0.0,0.0,1.0,inf,8224.0,inf,205.0,180.0,25.0,0.0,0.0,0.0,0.0,0.0,0.0
53.0,8403.0,23171.0,14768.0,7384.0,1.7574675711055576,24.912136581535535,64762.19173693763,0.1297516309227577,0.0,0.0,1.0,inf,8403.0,inf,204.0,179.0,25.0,0.0,0.0,0.0,0.0,0.0,0.0
54.0,8581.0,23667.0,15086.0,7543.0,1.7580701549935904,25.01133437271553,65538.9072704411,0.13092986070993196,0.0,0.0,1.0,inf,8581.0,inf,208.0,178.0,30.0,0.0,0.0,0.0,0.0,0.0,0.0
55.0,8748.0,24138.0,15390.0,7695.0,1.7592592592592593,25.01133437271553,65538.9072704411,0.13347796544580875,0.0,0.0,1.0,inf,8748.0,inf,205.0,167.0,38.0,0.0,0.0,0.0,0.0,0.0,0.0
56.0,8924.0,24616.0,15692.0,7846.0,1.7584043030031375,25.01133437271553,65538.9072704411,0.13616339319140344,0.0,0.0,1.0,inf,8924.0,inf,209.0,176.0,33.0,0.0,0.0,0.0,0.0,0.0,0.0
57.0,9096.0,25088.0,15992.0,7996.0,1.7581354441512753,25.01133437271553,65538.9072704411,0.13878778848823461,0.0,0.0,1.0,inf,9096.0,inf,211.0,172.0,39.0,0.0,0.0,0.0,0.0,0.0,0.0
58.0,9260.0,25548.0,16288.0,8144.0,1.758963282937365,25.01133437271553,65538.9072704411,0.14129011888753876,0.0,0.0,1.0,inf,9260.0,inf,210.0,164.0,46.0,0.0,0.0,0.0,0.0,0.0,0.0
59.0,9429.0,26017.0,16588.0,8294.0,1.7592533672711848,25.455696546391632,69094.51374599473,0.13646524866884355,0.0,0.0,1.0,inf,9429.0,inf,211.0,169.0,42.0,0.0,0.0,0.0,0.0,0.0,0.0
60.0,9614.0,26546.0,16932.0,8466.0,1.7611816101518618,25.455696546391632,69094.51374599473,0.1391427405559722,0.0,0.0,1.0,inf,9614.0,inf,211.0,185.0,26.0,0.0,0.0,0.0,0.0,0.0,0.0
61.0,9783.0,27011.0,17228.0,8614.0,1.761014003884289,25.455696546391632,69094.51374599473,0.14158866557718702,0.0,0.0,1.0,inf,9783.0,inf,206.0,169.0,37.0,0.0,0.0,0.0,0.0,0.0,0.0
62.0,9954.0,27482.0,17528.0,8764.0,1.7609001406469762,25.455696546391632,69094.51374599473,0.14406353645664108,0.0,0.0,1.0,inf,9954.0,inf,202.0,171.0,31.0,0.0,0.0,0.0,0.0,0.0,0.0
63.0,10135.0,27975.0,17840.0,8920.0,1.7602368031573754,25.455696546391632,69094.51374599473,0.14668313662729127,0.0,0.0,1.0,inf,10135.0,inf,209.0,181.0,28.0,0.0,0.0,0.0,0.0,0.0,0.0
64.0,10309.0,28449.0,18140.0,9070.0,1.7596275099427685,25.455696546391632,69094.51374599473,0.14920142629410418,0.0,0.0,1.0,inf,10309.0,inf,210.0,174.0,36.0,0.0,0.0,0.0,0.0,0.0,0.0
65.0,10479.0,28923.0,18444.0,9222.0,1.7600916117950187,25.455696546391632,69094.51374599473,0.1516618242444386,0.0,0.0,1.0,inf,10479.0,inf,207.0,170.0,37.0,0.0,0.0,0.0,0.0,0.0,0.0
66.0,10657.0,29425.0,18768.0,9384.0,1.7610959932438772,25.455696546391632,69094.51374599473,0.15423800562772996,0.0,0.0,1.0,inf,10657.0,inf,206.0,178.0,28.0,0.0,0.0,0.0,0.0,0.0,0.0
67.0,10829.0,29911.0,19082.0,9541.0,1.762120232708468,25.455696546391632,69094.51374599473,0.15672734943630362,0.0,0.0,1.0,inf,10829.0,inf,210.0,172.0,38.0,0.0,0.0,0.0,0.0,0.0,0.0
68.0,10997.0,30369.0,19372.0,9686.0,1.7615713376375375,25.455696546391632,69094.51374599473,0.15915880152839884,0.0,0.0,1.0,inf,10997.0,inf,213.0,168.0,45.0,0.0,0.0,0.0,0.0,0.0,0.0
69.0,11175.0,30861.0,19686.0,9843.0,1.7616107382550334,25.455696546391632,69094.51374599473,0.1617349829116902,0.0,0.0,1.0,inf,11175.0,inf,213.0,178.0,35.0,0.0,0.0,0.0,0.0,0.0,0.0
70.0,11348.0,31346.0,19998.0,9999.0,1.762248854423687,25.455696546391632,69094.51374599473,0.16423879964938345,0.0,0.0,1.0,inf,11348.0,inf,214.0,173.0,41.0,0.0,0.0,0.0,0.0,0.0,0.0
71.0,11508.0,31780.0,20272.0,10136.0,1.7615571776155718,25.455696546391632,69094.51374599473,0.16655446830852175,0.0,0.0,1.0,inf,11508.0,inf,205.0,160.0,45.0,0.0,0.0,0.0,0.0,0.0,0.0
72.0,11687.0,32269.0,20582.0,10291.0,1.7611020792333363,25.6421628405833,70624.04217666789,0.1654818902996895,0.0,0.0,1.0,inf,11687.0,inf,215.0,179.0,36.0,0.0,0.0,0.0,0.0,0.0,0.0
73.0,11854.0,32732.0,20878.0,10439.0,1.761262021258647,25.6421628405833,70624.04217666789,0.16784652413900225,0.0,0.0,1.0,inf,11854.0,inf,209.0,167.0,42.0,0.0,0.0,0.0,0.0,0.0,0.0
74.0,12018.0,33186.0,21168.0,10584.0,1.7613579630554168,25.6421628405833,70624.04217666789,0.17016867952611178,0.0,0.0,1.0,inf,12018.0,inf,211.0,164.0,47.0,0.0,0.0,0.0,0.0,0.0,0.0
75.0,12187.0,33647.0,21460.0,10730.0,1.7608927545745467,25.6421628405833,70624.04217666789,0.17256163233356,0.0,0.0,1.0,inf,12187.0,inf,214.0,169.0,45.0,0.0,0.0,0.0,0.0,0.0,0.0
76.0,12357.0,34117.0,21760.0,10880.0,1.7609452132394594,25.6421628405833,70624.04217666789,0.174968744625076,0.0,0.0,1.0,inf,12357.0,inf,213.0,170.0,43.0,0.0,0.0,0.0,0.0,0.0,0.0
77.0,12515.0,34555.0,22040.0,11020.0,1.7610866959648421,25.783859474918714,71801.3129822949,0.17430043379688623,0.0,0.0,1.0,inf,12515.0,inf,207.0,158.0,49.0,0.0,0.0,0.0,0.0,0.0,0.0
78.0,12690.0,35044.0,22354.0,11177.0,1.761544523246651,25.783859474918714,71801.3129822949,0.17673771513243997,0.0,0.0,1.0,inf,12690.0,inf,218.0,175.0,43.0,0.0,0.0,0.0,0.0,0.0,0.0
79.0,12849.0,35483.0,22634.0,11317.0,1.7615378628687057,25.783859474918714,71801.3129822949,0.17895215931731454,0.0,0.0,1.0,inf,12849.0,inf,215.0,159.0,56.0,0.0,0.0,0.0,0.0,0.0,0.0
80.0,13020.0,35952.0,22932.0,11466.0,1.761290322580645,26.25716732088363,75828.45795949036,0.17170334661105255,0.0,0.0,1.0,inf,13020.0,inf,207.0,171.0,36.0,0.0,0.0,0.0,0.0,0.0,0.0
81.0,13191.0,36439.0,23248.0,11624.0,1.7624137669623228,26.25716732088363,75828.45795949036,0.1739584366471885,0.0,0.0,1.0,inf,13191.0,inf,213.0,171.0,42.0,0.0,0.0,0.0,0.0,0.0,0.0
82.0,13364.0,36922.0,23558.0,11779.0,1.7627955701885663,26.25716732088363,75828.45795949036,0.1762399020053845,0.0,0.0,1.0,inf,13364.0,inf,214.0,173.0,41.0,0.0,0.0,0.0,0.0,0.0,0.0
83.0,13531.0,37393.0,23862.0,11931.0,1.7635060232059714,26.25716732088363,75828.45795949036,0.1784422413974003,0.0,0.0,1.0,inf,13531.0,inf,208.0,167.0,41.0,0.0,0.0,0.0,0.0,0.0,0.0
84.0,13714.0,37900.0,24186.0,12093.0,1.7635992416508677,26.25716732088363,75828.45795949036,0.18085558336589666,0.0,0.0,1.0,inf,13714.0,inf,210.0,183.0,27.0,0.0,0.0,0.0,0.0,0.0,0.0
85.0,13881.0,38385.0,24504.0,12252.0,1.7652906851091419,26.25716732088363,75828.45795949036,0.18305792275791247,0.0,0.0,1.0,inf,13881.0,inf,210.0,167.0,43.0,0.0,0.0,0.0,0.0,0.0,0.0
86.0,14048.0,38862.0,24814.0,12407.0,1.766372437357631,26.47309746537902,77714.64814150972,0.1807638628746045,0.0,0.0,1.0,inf,14048.0,inf,211.0,167.0,44.0,0.0,0.0,0.0,0.0,0.0,0.0
87.0,14216.0,39338.0,25122.0,12561.0,1.7671637591446259,26.47309746537902,77714.64814150972,0.1829256174989591,0.0,0.0,1.0,inf,14216.0,inf,213.0,168.0,45.0,0.0,0.0,0.0,0.0,0.0,0.0
88.0,14385.0,39825.0,25440.0,12720.0,1.7685088633993744,26.47309746537902,77714.64814150972,0.18510023971036343,0.0,0.0,1.0,inf,14385.0,inf,213.0,169.0,44.0,0.0,0.0,0.0,0.0,0.0,0.0
89.0,14551.0,40285.0,25734.0,12867.0,1.7685382447941722,26.47309746537902,77714.64814150972,0.1872362591606186,0.0,0.0,1.0,inf,14551.0,inf,213.0,166.0,47.0,0.0,0.0,0.0,0.0,0.0,0.0
90.0,14721.0,40765.0,26044.0,13022.0,1.769173289858026,26.47309746537902,77714.64814150972,0.18942374895907266,0.0,0.0,1.0,inf,14721.0,inf,213.0,170.0,43.0,0.0,0.0,0.0,0.0,0.0,0.0
91.0,14877.0,41199.0,26322.0,13161.0,1.7693083282919944,26.47309746537902,77714.64814150972,0.1914310925388305,0.0,0.0,1.0,inf,14877.0,inf,216.0,156.0,60.0,0.0,0.0,0.0,0.0,0.0,0.0
92.0,15052.0,41688.0,26636.0,13318.0,1.7695987244220037,26.47309746537902,77714.64814150972,0.19368292027253323,0.0,0.0,1.0,inf,15052.0,inf,212.0,175.0,37.0,0.0,0.0,0.0,0.0,0.0,0.0
93.0,15222.0,42158.0,26936.0,13468.0,1.769544080935488,26.47309746537902,77714.64814150972,0.1958704100709873,0.0,0.0,1.0,inf,15222.0,inf,217.0,170.0,47.0,0.0,0.0,0.0,0.0,0.0,0.0
94.0,15377.0,42591.0,27214.0,13607.0,1.7697860440918254,26.47309746537902,77714.64814150972,0.19786488606369543,0.0,0.0,1.0,inf,15377.0,inf,211.0,155.0,56.0,0.0,0.0,0.0,0.0,0.0,0.0
95.0,15538.0,43060.0,27522.0,13761.0,1.7712704337752607,26.47309746537902,77714.64814150972,0.19993656757870193,0.0,0.0,1.0,inf,15538.0,inf,216.0,161.0,55.0,0.0,0.0,0.0,0.0,0.0,0.0
96.0,15708.0,43546.0,27838.0,13919.0,1.772217978100331,26.47309746537902,77714.64814150972,0.202124057377156,0.0,0.0,1.0,inf,15708.0,inf,214.0,170.0,44.0,0.0,0.0,0.0,0.0,0.0,0.0
97.0,15879.0,44013.0,28134.0,14067.0,1.7717740411864726,26.583458045355492,78690.63186857513,0.20179022105859123,0.0,0.0,1.0,inf,15879.0,inf,215.0,171.0,44.0,0.0,0.0,0.0,0.0,0.0,0.0
98.0,16051.0,44495.0,28444.0,14222.0,1.7721014267023862,26.583458045355492,78690.63186857513,0.20397599585688317,0.0,0.0,1.0,inf,16051.0,inf,216.0,172.0,44.0,0.0,0.0,0.0,0.0,0.0,0.0
99.0,16223.0,44963.0,28740.0,14370.0,1.7715588978610615,26.693880684524345,79675.30857350837,0.20361389607964522,0.0,0.0,1.0,inf,16223.0,inf,217.0,172.0,45.0,0.0,0.0,0.0,0.0,0.0,0.0
100.0,16382.0,45404.0,29022.0,14511.0,1.7715785618361617,26.693880684524345,79675.30857350837,0.20560949550494656,0.0,0.0,1.0,inf,16382.0,inf,210.0,159.0,51.0,0.0,0.0,0.0,0.0,0.0,0.0
101.0,16543.0,45849.0,29306.0,14653.0,1.77150456386387,27.06578621547704,83052.08709070936,0.19918825136726256,0.0,0.0,1.0,inf,16543.0,inf,215.0,161.0,54.0,0.0,0.0,0.0,0.0,0.0,0.0
102.0,16720.0,46346.0,29626.0,14813.0,1.77188995215311,27.06578621547704,83052.08709070936,0.20131944404646257,0.0,0.0,1.0,inf,16720.0,inf,212.0,177.0,35.0,0.0,0.0,0.0,0.0,0.0,0.0
103.0,16888.0,46818.0,29930.0,14965.0,1.7722643297015632,27.06578621547704,83052.08709070936,0.20334227099621172,0.0,0.0,1.0,inf,16888.0,inf,212.0,168.0,44.0,0.0,0.0,0.0,0.0,0.0,0.0
104.0,17061.0,47299.0,30238.0,15119.0,1.7723462868530566,27.06578621547704,83052.08709070936,0.2054253011289891,0.0,0.0,1.0,inf,17061.0,inf,213.0,173.0,40.0,0.0,0.0,0.0,0.0,0.0,0.0
105.0,17232.0,47780.0,30548.0,15274.0,1.772748375116063,27.9127527613635,91095.43535744552,0.18916425320746408,0.0,0.0,1.0,inf,17232.0,inf,211.0,171.0,40.0,0.0,0.0,0.0,0.0,0.0,0.0
106.0,17401.0,48273.0,30872.0,15436.0,1.7741509108671916,27.9127527613635,91095.43535744552,0.1910194504447007,0.0,0.0,1.0,inf,17401.0,inf,209.0,169.0,40.0,0.0,0.0,0.0,0.0,0.0,0.0
107.0,17572.0,48752.0,31180.0,15590.0,1.7744138402003187,27.9127527613635,91095.43535744552,0.1928966026788277,0.0,0.0,1.0,inf,17572.0,inf,206.0,171.0,35.0,0.0,0.0,0.0,0.0,0.0,0.0
108.0,17741.0,49231.0,31490.0,15745.0,1.7749844991826842,27.9127527613635,91095.43535744552,0.1947517999160643,0.0,0.0,1.0,inf,17741.0,inf,206.0,169.0,37.0,0.0,0.0,0.0,0.0,0.0,0.0
109.0,17913.0,49715.0,31802.0,15901.0,1.7753586780550439,27.9127527613635,91095.43535744552,0.1966399296486365,0.0,0.0,1.0,inf,17913.0,inf,208.0,172.0,36.0,0.0,0.0,0.0,0.0,0.0,0.0
110.0,18098.0,50232.0,32134.0,16067.0,1.7755553099790031,27.9127527613635,91095.43535744552,0.1986707668609961,0.0,0.0,1.0,inf,18098.0,inf,208.0,185.0,23.0,0.0,0.0,0.0,0.0,0.0,0.0
111.0,18272.0,50724.0,32452.0,16226.0,1.7760507880910683,27.9127527613635,91095.43535744552,0.20058085159045866,0.0,0.0,1.0,inf,18272.0,inf,213.0,174.0,39.0,0.0,0.0,0.0,0.0,0.0,0.0
112.0,18451.0,51227.0,32776.0,16388.0,1.7763806839737684,27.9127527613635,91095.43535744552,0.20254582381214717,0.0,0.0,1.0,inf,18451.0,inf,212.0,179.0,33.0,0.0,0.0,0.0,0.0,0.0,0.0
113.0,18625.0,51719.0,33094.0,16547.0,1.7768590604026846,27.9127527613635,91095.43535744552,0.20445590854160972,0.0,0.0,1.0,inf,18625.0,inf,211.0,174.0,37.0,0.0,0.0,0.0,0.0,0.0,0.0
114.0,18806.0,52222.0,33416.0,16708.0,1.7768797192385408,27.9127527613635,91095.43535744552,0.20644283576018857,0.0,0.0,1.0,inf,18806.0,inf,211.0,181.0,30.0,0.0,0.0,0.0,0.0,0.0,0.0
115.0,18973.0,52697.0,33724.0,16862.0,1.7774732514626048,27.9127527613635,91095.43535744552,0.20827607800053483,0.0,0.0,1.0,inf,18973.0,inf,207.0,167.0,40.0,0.0,0.0,0.0,0.0,0.0,0.0
116.0,19139.0,53153.0,34014.0,17007.0,1.7772088405872826,27.9127527613635,91095.43535744552,0.21009834274243588,0.0,0.0,1.0,inf,19139.0,inf,209.0,166.0,43.0,0.0,0.0,0.0,0.0,0.0,0.0
117.0,19319.0,53649.0,34330.0,17165.0,1.7770070914643614,27.9127527613635,91095.43535744552,0.21207429246256956,0.0,0.0,1.0,inf,19319.0,inf,212.0,180.0,32.0,0.0,0.0,0.0,0.0,0.0,0.0
118.0,19487.0,54119.0,34632.0,17316.0,1.7771847898599067,27.9127527613635,91095.43535744552,0.213918512201361,0.0,0.0,1.0,inf,19487.0,inf,212.0,168.0,44.0,0.0,0.0,0.0,0.0,0.0,0.0
119.0,19664.0,54624.0,34960.0,17480.0,1.7778681855166802,27.983368640869884,91788.56715601236,0.21423147358403843,0.0,0.0,1.0,inf,19664.0,inf,212.0,177.0,35.0,0.0,0.0,0.0,0.0,0.0,0.0
120.0,19835.0,55113.0,35278.0,17639.0,1.7785732291404084,27.983368640869884,91788.56715601236,0.21609445069870842,0.0,0.0,1.0,inf,19835.0,inf,213.0,171.0,42.0,0.0,0.0,0.0,0.0,0.0,0.0
121.0,20012.0,55604.0,35592.0,17796.0,1.778532880271837,27.983368640869884,91788.56715601236,0.21802279543143702,0.0,0.0,1.0,inf,20012.0,inf,214.0,177.0,37.0,0.0,0.0,0.0,0.0,0.0,0.0
122.0,20185.0,56081.0,35896.0,17948.0,1.7783502600941292,27.983368640869884,91788.56715601236,0.21990756175212653,0.0,0.0,1.0,inf,20185.0,inf,215.0,173.0,42.0,0.0,0.0,0.0,0.0,0.0,0.0
123.0,20354.0,56548.0,36194.0,18097.0,1.7782254102387738,27.983368640869884,91788.56715601236,0.22174874966077698,0.0,0.0,1.0,inf,20354.0,inf,207.0,169.0,38.0,0.0,0.0,0.0,0.0,0.0,0.0
124.0,20526.0,57026.0,36500.0,18250.0,1.778232485627984,27.983368640869884,91788.56715601236,0.22362262137845673,0.0,0.0,1.0,inf,20526.0,inf,215.0,172.0,43.0,0.0,0.0,0.0,0.0,0.0,0.0
125.0,20696.0,57502.0,36806.0,18403.0,1.778411287205257,27.983368640869884,91788.56715601236,0.22547470389011695,0.0,0.0,1.0,inf,20696.0,inf,211.0,170.0,41.0,0.0,0.0,0.0,0.0,0.0,0.0
126.0,20867.0,57983.0,37116.0,18558.0,1.778693631092155,27.983368640869884,91788.56715601236,0.22733768100478693,0.0,0.0,1.0,inf,20867.0,inf,213.0,171.0,42.0,0.0,0.0,0.0,0.0,0.0,0.0
127.0,21034.0,58440.0,37406.0,18703.0,1.7783588475801084,27.983368640869884,91788.56715601236,0.22915707970741786,0.0,0.0,1.0,inf,21034.0,inf,212.0,167.0,45.0,0.0,0.0,0.0,0.0,0.0,0.0
128.0,21204.0,58912.0,37708.0,18854.0,1.7783437087342011,27.983368640869884,91788.56715601236,0.23100916221907805,0.0,0.0,1.0,inf,21204.0,inf,215.0,170.0,45.0,0.0,0.0,0.0,0.0,0.0,0.0
129.0,21378.0,59396.0,38018.0,19009.0,1.7783702872111518,27.983368640869884,91788.56715601236,0.23290482314277736,0.0,0.0,1.0,inf,21378.0,inf,212.0,174.0,38.0,0.0,0.0,0.0,0.0,0.0,0.0
130.0,21542.0,59848.0,38306.0,19153.0,1.7782007241667441,27.983368640869884,91788.56715601236,0.23469153803637896,0.0,0.0,1.0,inf,21542.0,inf,208.0,164.0,44.0,0.0,0.0,0.0,0.0,0.0,0.0
131.0,21712.0,60308.0,38596.0,19298.0,1.7776344878408255,27.983368640869884,91788.56715601236,0.23654362054803918,0.0,0.0,1.0,inf,21712.0,inf,213.0,170.0,43.0,0.0,0.0,0.0,0.0,0.0,0.0
132.0,21867.0,60739.0,38872.0,19436.0,1.7776558284172497,28.238334990066562,94320.45065494026,0.23183731468796437,0.0,0.0,1.0,inf,21867.0,inf,212.0,155.0,57.0,0.0,0.0,0.0,0.0,0.0,0.0
133.0,22045.0,61243.0,39198.0,19599.0,1.7780902699024723,28.685973258464227,98877.4771661095,0.2229526949091292,0.0,0.0,1.0,inf,22045.0,inf,216.0,178.0,38.0,0.0,0.0,0.0,0.0,0.0,0.0
134.0,22222.0,61744.0,39522.0,19761.0,1.7785077850778508,28.685973258464227,98877.4771661095,0.22474278912545562,0.0,0.0,1.0,inf,22222.0,inf,213.0,177.0,36.0,0.0,0.0,0.0,0.0,0.0,0.0
135.0,22405.0,62253.0,39848.0,19924.0,1.7785315777728186,28.685973258464227,98877.4771661095,0.2265935645016575,0.0,0.0,1.0,inf,22405.0,inf,214.0,183.0,31.0,0.0,0.0,0.0,0.0,0.0,0.0
136.0,22569.0,62703.0,40134.0,20067.0,1.7782799415126944,28.685973258464227,98877.4771661095,0.22825218287158708,0.0,0.0,1.0,inf,22569.0,inf,210.0,164.0,46.0,0.0,0.0,0.0,0.0,0.0,0.0
137.0,22733.0,63155.0,40422.0,20211.0,1.778119913781727,28.685973258464227,98877.4771661095,0.22991080124151664,0.0,0.0,1.0,inf,22733.0,inf,212.0,164.0,48.0,0.0,0.0,0.0,0.0,0.0,0.0
138.0,22901.0,63611.0,40710.0,20355.0,1.777651630933147,28.74762771090199,99516.39730531945,0.23012288045093723,0.0,0.0,1.0,inf,22901.0,inf,213.0,168.0,45.0,0.0,0.0,0.0,0.0,0.0,0.0
139.0,23078.0,64116.0,41038.0,20519.0,1.7782303492503684,28.74762771090199,99516.39730531945,0.23190148181506176,0.0,0.0,1.0,inf,23078.0,inf,216.0,177.0,39.0,0.0,0.0,0.0,0.0,0.0,0.0
140.0,23239.0,64567.0,41328.0,20664.0,1.778389775807909,28.74762771090199,99516.39730531945,0.23351930565474566,0.0,0.0,1.0,inf,23239.0,inf,213.0,161.0,52.0,0.0,0.0,0.0,0.0,0.0,0.0
141.0,23411.0,65045.0,41634.0,20817.0,1.7783947716885224,28.74762771090199,99516.39730531945,0.23524766404248248,0.0,0.0,1.0,inf,23411.0,inf,213.0,172.0,41.0,0.0,0.0,0.0,0.0,0.0,0.0
142.0,23583.0,65515.0,41932.0,20966.0,1.7780604672857567,28.74762771090199,99516.39730531945,0.2369760224302193,0.0,0.0,1.0,inf,23583.0,inf,215.0,172.0,43.0,0.0,0.0,0.0,0.0,0.0,0.0
143.0,23763.0,66007.0,42244.0,21122.0,1.7777216681395447,29.47587335105574,107272.562427262,0.22151983193384522,0.0,0.0,1.0,inf,23763.0,inf,215.0,180.0,35.0,0.0,0.0,0.0,0.0,0.0,0.0
144.0,23932.0,66486.0,42554.0,21277.0,1.7781213438074543,29.532476675544267,107891.7452328559,0.22181493077481584,0.0,0.0,1.0,inf,23932.0,inf,210.0,169.0,41.0,0.0,0.0,0.0,0.0,0.0,0.0
145.0,24104.0,66958.0,42854.0,21427.0,1.7778791901759043,29.532476675544267,107891.7452328559,0.22340912131857601,0.0,0.0,1.0,inf,24104.0,inf,211.0,172.0,39.0,0.0,0.0,0.0,0.0,0.0,0.0
146.0,24279.0,67441.0,43162.0,21581.0,1.777750319205898,29.532476675544267,107891.7452328559,0.22503111751135527,0.0,0.0,1.0,inf,24279.0,inf,212.0,175.0,37.0,0.0,0.0,0.0,0.0,0.0,0.0
147.0,24462.0,67960.0,43498.0,21749.0,1.7781865750960675,29.532476675544267,107891.7452328559,0.2267272621015187,0.0,0.0,1.0,inf,24462.0,inf,209.0,183.0,26.0,0.0,0.0,0.0,0.0,0.0,0.0
148.0,24641.0,68465.0,43824.0,21912.0,1.7784992492187817,29.76460889483799,110455.95890612832,0.22308438805860448,0.0,0.0,1.0,inf,24641.0,inf,211.0,179.0,32.0,0.0,0.0,0.0,0.0,0.0,0.0
149.0,24811.0,68947.0,44136.0,22068.0,1.7788883962758455,29.76460889483799,110455.95890612832,0.22462346301375902,0.0,0.0,1.0,inf,24811.0,inf,205.0,170.0,35.0,0.0,0.0,0.0,0.0,0.0,0.0
150.0,24995.0,69473.0,44478.0,22239.0,1.7794758951790357,29.76460889483799,110455.95890612832,0.22628928531816156,0.0,0.0,1.0,inf,24995.0,inf,209.0,184.0,25.0,0.0,0.0,0.0,0.0,0.0,0.0
151.0,25172.0,69974.0,44802.0,22401.0,1.7798347370093754,29.76460889483799,110455.95890612832,0.2278917339479401,0.0,0.0,1.0,inf,25172.0,inf,213.0,177.0,36.0,0.0,0.0,0.0,0.0,0.0,0.0
152.0,25353.0,70487.0,45134.0,22567.0,1.7802232477418847,29.76460889483799,110455.95890612832,0.22953039610607523,0.0,0.0,1.0,inf,25353.0,inf,208.0,181.0,27.0,0.0,0.0,0.0,0.0,0.0,0.0
153.0,25525.0,70961.0,45436.0,22718.0,1.780058765915769,29.76460889483799,110455.95890612832,0.23108757782540804,0.0,0.0,1.0,inf,25525.0,inf,212.0,172.0,40.0,0.0,0.0,0.0,0.0,0.0,0.0
154.0,25702.0,71452.0,45750.0,22875.0,1.7800171192903276,29.76460889483799,110455.95890612832,0.23269002645518658,0.0,0.0,1.0,inf,25702.0,inf,211.0,177.0,34.0,0.0,0.0,0.0,0.0,0.0,0.0
155.0,25875.0,71945.0,46070.0,23035.0,1.7804830917874397,29.76460889483799,110455.95890612832,0.23425626155660853,0.0,0.0,1.0,inf,25875.0,inf,214.0,173.0,41.0,0.0,0.0,0.0,0.0,0.0,0.0
156.0,26054.0,72450.0,46396.0,23198.0,1.7807630306286943,29.76460889483799,110455.95890612832,0.23587681695056537,0.0,0.0,1.0,inf,26054.0,inf,213.0,179.0,34.0,0.0,0.0,0.0,0.0,0.0,0.0
157.0,26235.0,72957.0,46722.0,23361.0,1.7809033733562036,29.76460889483799,110455.95890612832,0.2375154791087005,0.0,0.0,1.0,inf,26235.0,inf,218.0,181.0,37.0,0.0,0.0,0.0,0.0,0.0,0.0
158.0,26404.0,73428.0,47024.0,23512.0,1.7809422814725042,29.76460889483799,110455.95890612832,0.23904550068176586,0.0,0.0,1.0,inf,26404.0,inf,214.0,169.0,45.0,0.0,0.0,0.0,0.0,0.0,0.0
159.0,26589.0,73947.0,47358.0,23679.0,1.7811124901274964,30.206466666920793,115448.52594678939,0.2303104329998545,0.0,0.0,1.0,inf,26589.0,inf,214.0,185.0,29.0,0.0,0.0,0.0,0.0,0.0,0.0
160.0,26768.0,74444.0,47676.0,23838.0,1.7810818888224746,30.206466666920793,115448.52594678939,0.2318609075384597,0.0,0.0,1.0,inf,26768.0,inf,213.0,179.0,34.0,0.0,0.0,0.0,0.0,0.0,0.0
161.0,26944.0,74956.0,48012.0,24006.0,1.781918052256532,30.206466666920793,115448.52594678939,0.23338539647027265,0.0,0.0,1.0,inf,26944.0,inf,210.0,176.0,34.0,0.0,0.0,0.0,0.0,0.0,0.0
162.0,27130.0,75466.0,48336.0,24168.0,1.7816439366015482,30.206466666920793,115448.52594678939,0.23499650409139314,0.0,0.0,1.0,inf,27130.0,inf,210.0,186.0,24.0,0.0,0.0,0.0,0.0,0.0,0.0
163.0,27312.0,75972.0,48660.0,24330.0,1.781634446397188,30.206466666920793,115448.52594678939,0.2365729642367906,0.0,0.0,1.0,inf,27312.0,inf,210.0,182.0,28.0,0.0,0.0,0.0,0.0,0.0,0.0
164.0,27484.0,76444.0,48960.0,24480.0,1.7814000873235336,30.206466666920793,115448.52594678939,0.23806280569288055,0.0,0.0,1.0,inf,27484.0,inf,214.0,172.0,42.0,0.0,0.0,0.0,0.0,0.0,0.0
165.0,27657.0,76917.0,49260.0,24630.0,1.7811042412409155,30.206466666920793,115448.52594678939,0.2395613090179012,0.0,0.0,1.0,inf,27657.0,inf,211.0,173.0,38.0,0.0,0.0,0.0,0.0,0.0,0.0
166.0,27829.0,77401.0,49572.0,24786.0,1.7813072693952352,30.206466666920793,115448.52594678939,0.24105115047399114,0.0,0.0,1.0,inf,27829.0,inf,209.0,172.0,37.0,0.0,0.0,0.0,0.0,0.0,0.0
167.0,28007.0,77899.0,49892.0,24946.0,1.7814117899096655,30.206466666920793,115448.52594678939,0.2425929631436656,0.0,0.0,1.0,inf,28007.0,inf,216.0,178.0,38.0,0.0,0.0,0.0,0.0,0.0,0.0
168.0,28182.0,78384.0,50202.0,25101.0,1.7813497977432404,30.280465650972797,116299.07421567457,0.24232351108605543,0.0,0.0,1.0,inf,28182.0,inf,215.0,175.0,40.0,0.0,0.0,0.0,0.0,0.0,0.0
169.0,28351.0,78859.0,50508.0,25254.0,1.7815244612182992,30.280465650972797,116299.07421567457,0.24377666108866503,0.0,0.0,1.0,inf,28351.0,inf,209.0,169.0,40.0,0.0,0.0,0.0,0.0,0.0,0.0
170.0,28518.0,79322.0,50804.0,25402.0,1.7814713514271687,30.280465650972797,116299.07421567457,0.2452126140498236,0.0,0.0,1.0,inf,28518.0,inf,210.0,167.0,43.0,0.0,0.0,0.0,0.0,0.0,0.0
171.0,28697.0,79811.0,51114.0,25557.0,1.7811617939157403,30.280465650972797,116299.07421567457,0.2467517492596882,0.0,0.0,1.0,inf,28697.0,inf,211.0,179.0,32.0,0.0,0.0,0.0,0.0,0.0,0.0
172.0,28863.0,80275.0,51412.0,25706.0,1.7812424210927484,30.280465650972797,116299.07421567457,0.24817910370012128,0.0,0.0,1.0,inf,28863.0,inf,201.0,166.0,35.0,0.0,0.0,0.0,0.0,0.0,0.0
173.0,29032.0,80760.0,51728.0,25864.0,1.7817580600716452,30.280465650972797,116299.07421567457,0.24963225370273087,0.0,0.0,1.0,inf,29032.0,inf,213.0,169.0,44.0,0.0,0.0,0.0,0.0,0.0,0.0
174.0,29212.0,81254.0,52042.0,26021.0,1.7815281391209092,30.280465650972797,116299.07421567457,0.251179987433321,0.0,0.0,1.0,inf,29212.0,inf,211.0,180.0,31.0,0.0,0.0,0.0,0.0,0.0,0.0
175.0,29380.0,81714.0,52334.0,26167.0,1.781279782164738,30.280465650972797,116299.07421567457,0.25262453891520503,0.0,0.0,1.0,inf,29380.0,inf,215.0,168.0,47.0,0.0,0.0,0.0,0.0,0.0,0.0
176.0,29549.0,82179.0,52630.0,26315.0,1.7811093438018206,30.280465650972797,116299.07421567457,0.2540776889178146,0.0,0.0,1.0,inf,29549.0,inf,216.0,169.0,47.0,0.0,0.0,0.0,0.0,0.0,0.0
177.0,29718.0,82648.0,52930.0,26465.0,1.7810754424927653,30.280465650972797,116299.07421567457,0.2555308389204242,0.0,0.0,1.0,inf,29718.0,inf,214.0,169.0,45.0,0.0,0.0,0.0,0.0,0.0,0.0
178.0,29892.0,83128.0,53236.0,26618.0,1.7809447343770908,30.280465650972797,116299.07421567457,0.2570269815266613,0.0,0.0,1.0,inf,29892.0,inf,215.0,174.0,41.0,0.0,0.0,0.0,0.0,0.0,0.0
179.0,30073.0,83647.0,53574.0,26787.0,1.7814651015861405,30.771953618105304,122054.50585659732,0.2463899205436379,0.0,0.0,1.0,inf,30073.0,inf,215.0,181.0,34.0,0.0,0.0,0.0,0.0,0.0,0.0
180.0,30244.0,84126.0,53882.0,26941.0,1.7815765110435127,30.771953618105304,122054.50585659732,0.2477909339580948,0.0,0.0,1.0,inf,30244.0,inf,214.0,171.0,43.0,0.0,0.0,0.0,0.0,0.0,0.0
181.0,30425.0,84625.0,54200.0,27100.0,1.781429745275267,30.771953618105304,122054.50585659732,0.24927387798158426,0.0,0.0,1.0,inf,30425.0,inf,214.0,181.0,33.0,0.0,0.0,0.0,0.0,0.0,0.0
182.0,30594.0,85114.0,54520.0,27260.0,1.782048767732235,31.125654792648973,126311.85080473605,0.24221005238293034,0.0,0.0,1.0,inf,30594.0,inf,213.0,169.0,44.0,0.0,0.0,0.0,0.0,0.0,0.0
183.0,30781.0,85639.0,54858.0,27429.0,1.7822033072349825,31.125654792648973,126311.85080473605,0.24369051521209972,0.0,0.0,1.0,inf,30781.0,inf,212.0,187.0,25.0,0.0,0.0,0.0,0.0,0.0,0.0
184.0,30959.0,86133.0,55174.0,27587.0,1.7821635065732098,31.125654792648973,126311.85080473605,0.24509972581954437,0.0,0.0,1.0,inf,30959.0,inf,208.0,178.0,30.0,0.0,0.0,0.0,0.0,0.0,0.0
185.0,31132.0,86630.0,55498.0,27749.0,1.7826673519208531,31.125654792648973,126311.85080473605,0.24646935185936417,0.0,0.0,1.0,inf,31132.0,inf,213.0,173.0,40.0,0.0,0.0,0.0,0.0,0.0,0.0
186.0,31306.0,87124.0,55818.0,27909.0,1.7829808982303712,31.125654792648973,126311.85080473605,0.24784689481270894,0.0,0.0,1.0,inf,31306.0,inf,212.0,174.0,38.0,0.0,0.0,0.0,0.0,0.0,0.0
187.0,31481.0,87621.0,56140.0,28070.0,1.7832978622025983,31.125654792648973,126311.85080473605,0.24923235467957866,0.0,0.0,1.0,inf,31481.0,inf,210.0,175.0,35.0,0.0,0.0,0.0,0.0,0.0,0.0
188.0,31657.0,88135.0,56478.0,28239.0,1.7840603973844646,31.85851964254633,135445.7506802108,0.23372457121037776,0.0,0.0,1.0,inf,31657.0,inf,213.0,176.0,37.0,0.0,0.0,0.0,0.0,0.0,0.0
189.0,31836.0,88654.0,56818.0,28409.0,1.7847091343133559,31.85851964254633,135445.7506802108,0.2350461335266635,0.0,0.0,1.0,inf,31836.0,inf,205.0,179.0,26.0,0.0,0.0,0.0,0.0,0.0,0.0
190.0,32010.0,89150.0,57140.0,28570.0,1.7850671665104654,31.85851964254633,135445.7506802108,0.23633078069444963,0.0,0.0,1.0,inf,32010.0,inf,205.0,174.0,31.0,0.0,0.0,0.0,0.0,0.0,0.0
191.0,32183.0,89641.0,57458.0,28729.0,1.7853525153031102,31.85851964254633,135445.7506802108,0.23760804483253584,0.0,0.0,1.0,inf,32183.0,inf,203.0,173.0,30.0,0.0,0.0,0.0,0.0,0.0,0.0
192.0,32361.0,90157.0,57796.0,28898.0,1.7859769475603349,31.85851964254633,135445.7506802108,0.23892222411912167,0.0,0.0,1.0,inf,32361.0,inf,208.0,178.0,30.0,0.0,0.0,0.0,0.0,0.0,0.0
193.0,32534.0,90640.0,58106.0,29053.0,1.7860084834327166,31.85851964254633,135445.7506802108,0.24019948825720788,0.0,0.0,1.0,inf,32534.0,inf,206.0,173.0,33.0,0.0,0.0,0.0,0.0,0.0,0.0
194.0,32717.0,91165.0,58448.0,29224.0,1.7864718647797782,31.85851964254633,135445.7506802108,0.2415505826922933,0.0,0.0,1.0,inf,32717.0,inf,205.0,183.0,22.0,0.0,0.0,0.0,0.0,0.0,0.0
195.0,32897.0,91677.0,58780.0,29390.0,1.786789068912059,31.85851964254633,135445.7506802108,0.24287952803827897,0.0,0.0,1.0,inf,32897.0,inf,213.0,180.0,33.0,0.0,0.0,0.0,0.0,0.0,0.0
196.0,33092.0,92210.0,59118.0,29559.0,1.7864740722833312,31.85851964254633,135445.7506802108,0.24431921882976343,0.0,0.0,1.0,inf,33092.0,inf,210.0,195.0,15.0,0.0,0.0,0.0,0.0,0.0,0.0
197.0,33272.0,92700.0,59428.0,29714.0,1.786126472709786,31.85851964254633,135445.7506802108,0.24564816417574908,0.0,0.0,1.0,inf,33272.0,inf,201.0,180.0,21.0,0.0,0.0,0.0,0.0,0.0,0.0
198.0,33457.0,93193.0,59736.0,29868.0,1.785455958394357,31.85851964254633,135445.7506802108,0.24701402467023434,0.0,0.0,1.0,inf,33457.0,inf,211.0,185.0,26.0,0.0,0.0,0.0,0.0,0.0,0.0
199.0,33634.0,93676.0,60042.0,30021.0,1.7851578759588511,31.85851964254633,135445.7506802108,0.24832082092712024,0.0,0.0,1.0,inf,33634.0,inf,209.0,177.0,32.0,0.0,0.0,0.0,0.0,0.0,0.0
200.0,33817.0,94187.0,60370.0,30185.0,1.7851967945116363,31.85851964254633,135445.7506802108,0.24967191536220565,0.0,0.0,1.0,inf,33817.0,inf,214.0,183.0,31.0,0.0,0.0,0.0,0.0,0.0,0.0
201.0,33991.0,94663.0,60672.0,30336.0,1.7849430731664264,31.85851964254633,135445.7506802108,0.2509565625299918,0.0,0.0,1.0,inf,33991.0,inf,206.0,174.0,32.0,0.0,0.0,0.0,0.0,0.0,0.0
202.0,34168.0,95148.0,60980.0,30490.0,1.7847108405525638,31.85851964254633,135445.7506802108,0.2522633587868777,0.0,0.0,1.0,inf,34168.0,inf,214.0,177.0,37.0,0.0,0.0,0.0,0.0,0.0,0.0
203.0,34343.0,95633.0,61290.0,30645.0,1.7846431587223015,31.85851964254633,135445.7506802108,0.25355538898436375,0.0,0.0,1.0,inf,34343.0,inf,210.0,175.0,35.0,0.0,0.0,0.0,0.0,0.0,0.0
204.0,34523.0,96139.0,61616.0,30808.0,1.7847811603858297,32.350068783354196,141812.4089969135,0.24344131972789054,0.0,0.0,1.0,inf,34523.0,inf,214.0,180.0,34.0,0.0,0.0,0.0,0.0,0.0,0.0
205.0,34711.0,96667.0,61956.0,30978.0,1.784909682809484,32.350068783354196,141812.4089969135,0.24476701471699472,0.0,0.0,1.0,inf,34711.0,inf,214.0,188.0,26.0,0.0,0.0,0.0,0.0,0.0,0.0
206.0,34890.0,97162.0,62272.0,31136.0,1.7848094009744913,32.350068783354196,141812.4089969135,0.24602924558428008,0.0,0.0,1.0,inf,34890.0,inf,207.0,179.0,28.0,0.0,0.0,0.0,0.0,0.0,0.0
207.0,35079.0,97677.0,62598.0,31299.0,1.7844864448815532,32.350068783354196,141812.4089969135,0.24736199214247523,0.0,0.0,1.0,inf,35079.0,inf,216.0,189.0,27.0,0.0,0.0,0.0,0.0,0.0,0.0
208.0,35251.0,98159.0,62908.0,31454.0,1.7845734872769567,32.350068783354196,141812.4089969135,0.24857486202612372,0.0,0.0,1.0,inf,35251.0,inf,207.0,172.0,35.0,0.0,0.0,0.0,0.0,0.0,0.0
209.0,35435.0,98679.0,63244.0,31622.0,1.784789050373924,32.350068783354196,141812.4089969135,0.249872350738864,0.0,0.0,1.0,inf,35435.0,inf,215.0,184.0,31.0,0.0,0.0,0.0,0.0,0.0,0.0
210.0,35623.0,99197.0,63574.0,31787.0,1.7846335232855177,32.86654833310805,148713.6726147005,0.23954085306127143,0.0,0.0,1.0,inf,35623.0,inf,210.0,188.0,22.0,0.0,0.0,0.0,0.0,0.0,0.0
211.0,35814.0,99730.0,63916.0,31958.0,1.7846652147205004,32.86654833310805,148713.6726147005,0.24082520033507496,0.0,0.0,1.0,inf,35814.0,inf,209.0,191.0,18.0,0.0,0.0,0.0,0.0,0.0,0.0
212.0,35985.0,100213.0,64228.0,32114.0,1.7848548006113658,32.86654833310805,148713.6726147005,0.2419750609833493,0.0,0.0,1.0,inf,35985.0,inf,204.0,171.0,33.0,0.0,0.0,0.0,0.0,0.0,0.0
213.0,36169.0,100737.0,64568.0,32284.0,1.7851751499903232,32.86654833310805,148713.6726147005,0.24321233793821762,0.0,0.0,1.0,inf,36169.0,inf,210.0,184.0,26.0,0.0,0.0,0.0,0.0,0.0,0.0
214.0,36353.0,101249.0,64896.0,32448.0,1.78516215993178,32.86654833310805,148713.6726147005,0.24444961489308595,0.0,0.0,1.0,inf,36353.0,inf,212.0,184.0,28.0,0.0,0.0,0.0,0.0,0.0,0.0
215.0,36532.0,101744.0,65212.0,32606.0,1.7850651483630788,32.86654833310805,148713.6726147005,0.24565327019157196,0.0,0.0,1.0,inf,36532.0,inf,207.0,179.0,28.0,0.0,0.0,0.0,0.0,0.0,0.0
216.0,36705.0,102241.0,65536.0,32768.0,1.785478817599782,32.86654833310805,148713.6726147005,0.24681657950239924,0.0,0.0,1.0,inf,36705.0,inf,205.0,173.0,32.0,0.0,0.0,0.0,0.0,0.0,0.0
217.0,36885.0,102749.0,65864.0,32932.0,1.7856581266097329,32.86654833310805,148713.6726147005,0.24802695913216172,0.0,0.0,1.0,inf,36885.0,inf,213.0,180.0,33.0,0.0,0.0,0.0,0.0,0.0,0.0
218.0,37061.0,103241.0,66180.0,33090.0,1.7857046490920374,32.86654833310805,148713.6726147005,0.24921044143681836,0.0,0.0,1.0,inf,37061.0,inf,210.0,176.0,34.0,0.0,0.0,0.0,0.0,0.0,0.0
219.0,37254.0,103778.0,66524.0,33262.0,1.7856874429591454,32.86654833310805,148713.6726147005,0.2505082373731748,0.0,0.0,1.0,inf,37254.0,inf,208.0,193.0,15.0,0.0,0.0,0.0,0.0,0.0,0.0
220.0,37440.0,104290.0,66850.0,33425.0,1.7855235042735043,32.86654833310805,148713.6726147005,0.251758962990596,0.0,0.0,1.0,inf,37440.0,inf,210.0,186.0,24.0,0.0,0.0,0.0,0.0,0.0,0.0
221.0,37609.0,104765.0,67156.0,33578.0,1.785636416815124,32.86654833310805,148713.6726147005,0.2528953749763175,0.0,0.0,1.0,inf,37609.0,inf,210.0,169.0,41.0,0.0,0.0,0.0,0.0,0.0,0.0
222.0,37796.0,105276.0,67480.0,33740.0,1.7853741136628214,32.86654833310805,148713.6726147005,0.2541528249250152,0.0,0.0,1.0,inf,37796.0,inf,214.0,187.0,27.0,0.0,0.0,0.0,0.0,0.0,0.0
223.0,37981.0,105791.0,67810.0,33905.0,1.7853663673942235,32.86654833310805,148713.6726147005,0.25539682621115994,0.0,0.0,1.0,inf,37981.0,inf,209.0,185.0,24.0,0.0,0.0,0.0,0.0,0.0,0.0
224.0,38157.0,106265.0,68108.0,34054.0,1.7849411641376418,32.86654833310805,148713.6726147005,0.2565803085158166,0.0,0.0,1.0,inf,38157.0,inf,214.0,176.0,38.0,0.0,0.0,0.0,0.0,0.0,0.0
225.0,38331.0,106757.0,68426.0,34213.0,1.7851347473324464,32.86654833310805,148713.6726147005,0.2577503421579203,0.0,0.0,1.0,inf,38331.0,inf,212.0,174.0,38.0,0.0,0.0,0.0,0.0,0.0,0.0
226.0,38509.0,107259.0,68750.0,34375.0,1.7852969435716326,32.86654833310805,148713.6726147005,0.2589472731251299,0.0,0.0,1.0,inf,38509.0,inf,215.0,178.0,37.0,0.0,0.0,0.0,0.0,0.0,0.0
227.0,38686.0,107756.0,69070.0,34535.0,1.7854004032466526,32.86654833310805,148713.6726147005,0.260137479761063,0.0,0.0,1.0,inf,38686.0,inf,212.0,177.0,35.0,0.0,0.0,0.0,0.0,0.0,0.0
228.0,38865.0,108249.0,69384.0,34692.0,1.7852566576611346,32.86654833310805,148713.6726147005,0.261341135059549,0.0,0.0,1.0,inf,38865.0,inf,214.0,179.0,35.0,0.0,0.0,0.0,0.0,0.0,0.0
229.0,39050.0,108760.0,69710.0,34855.0,1.7851472471190781,32.86654833310805,148713.6726147005,0.26258513634569375,0.0,0.0,1.0,inf,39050.0,inf,214.0,185.0,29.0,0.0,0.0,0.0,0.0,0.0,0.0
230.0,39230.0,109256.0,70026.0,35013.0,1.7850114708131533,32.86654833310805,148713.6726147005,0.26379551597545625,0.0,0.0,1.0,inf,39230.0,inf,212.0,180.0,32.0,0.0,0.0,0.0,0.0,0.0,0.0
231.0,39406.0,109748.0,70342.0,35171.0,1.7850581129777192,32.86654833310805,148713.6726147005,0.2649789982801129,0.0,0.0,1.0,inf,39406.0,inf,212.0,176.0,36.0,0.0,0.0,0.0,0.0,0.0,0.0
232.0,39578.0,110234.0,70656.0,35328.0,1.7852342210318863,32.86654833310805,148713.6726147005,0.26613558325966374,0.0,0.0,1.0,inf,39578.0,inf,216.0,172.0,44.0,0.0,0.0,0.0,0.0,0.0,0.0
233.0,39747.0,110699.0,70952.0,35476.0,1.785090698669082,32.86654833310805,148713.6726147005,0.26727199524538514,0.0,0.0,1.0,inf,39747.0,inf,213.0,169.0,44.0,0.0,0.0,0.0,0.0,0.0,0.0
234.0,39929.0,111205.0,71276.0,35638.0,1.785068496581432,32.86654833310805,148713.6726147005,0.2684958235377006,0.0,0.0,1.0,inf,39929.0,inf,214.0,182.0,32.0,0.0,0.0,0.0,0.0,0.0,0.0
235.0,40106.0,111690.0,71584.0,35792.0,1.784870094250237,32.86654833310805,148713.6726147005,0.2696860301736337,0.0,0.0,1.0,inf,40106.0,inf,217.0,177.0,40.0,0.0,0.0,0.0,0.0,0.0,0.0
236.0,40276.0,112154.0,71878.0,35939.0,1.7846360115205084,32.86654833310805,148713.6726147005,0.27082916649063155,0.0,0.0,1.0,inf,40276.0,inf,214.0,170.0,44.0,0.0,0.0,0.0,0.0,0.0,0.0
237.0,40457.0,112657.0,72200.0,36100.0,1.7846108213658947,32.86654833310805,148713.6726147005,0.2720462704516705,0.0,0.0,1.0,inf,40457.0,inf,216.0,181.0,35.0,0.0,0.0,0.0,0.0,0.0,0.0
238.0,40624.0,113120.0,72496.0,36248.0,1.7845608507286332,32.86654833310805,148713.6726147005,0.27316923377483904,0.0,0.0,1.0,inf,40624.0,inf,214.0,167.0,47.0,0.0,0.0,0.0,0.0,0.0,0.0
239.0,40799.0,113607.0,72808.0,36404.0,1.7845535429789945,32.86654833310805,148713.6726147005,0.2743459917482192,0.0,0.0,1.0,inf,40799.0,inf,218.0,175.0,43.0,0.0,0.0,0.0,0.0,0.0,0.0
240.0,40958.0,114050.0,73092.0,36546.0,1.7845597929586405,32.86654833310805,148713.6726147005,0.2754151604211761,0.0,0.0,1.0,inf,40958.0,inf,214.0,159.0,55.0,0.0,0.0,0.0,0.0,0.0,0.0
241.0,41132.0,114522.0,73390.0,36695.0,1.7842555674414082,32.86654833310805,148713.6726147005,0.2765851940632798,0.0,0.0,1.0,inf,41132.0,inf,217.0,174.0,43.0,0.0,0.0,0.0,0.0,0.0,0.0
242.0,41301.0,114991.0,73690.0,36845.0,1.7842182997990363,32.86654833310805,148713.6726147005,0.27772160604900126,0.0,0.0,1.0,inf,41301.0,inf,216.0,169.0,47.0,0.0,0.0,0.0,0.0,0.0,0.0
243.0,41495.0,115535.0,74040.0,37020.0,1.7843113628147969,32.86654833310805,148713.6726147005,0.27902612631663415,0.0,0.0,1.0,inf,41495.0,inf,219.0,194.0,25.0,0.0,0.0,0.0,0.0,0.0,0.0
244.0,41672.0,116024.0,74352.0,37176.0,1.7842196198886542,33.06308420240232,151397.4982290179,0.27524893401450445,0.0,0.0,1.0,inf,41672.0,inf,214.0,177.0,37.0,0.0,0.0,0.0,0.0,0.0,0.0
245.0,41844.0,116484.0,74640.0,37320.0,1.783768282190995,33.06308420240232,151397.4982290179,0.27638501619559713,0.0,0.0,1.0,inf,41844.0,inf,220.0,172.0,48.0,0.0,0.0,0.0,0.0,0.0,0.0
246.0,42008.0,116936.0,74928.0,37464.0,1.7836602551894878,33.06308420240232,151397.4982290179,0.2774682573450111,0.0,0.0,1.0,inf,42008.0,inf,210.0,164.0,46.0,0.0,0.0,0.0,0.0,0.0,0.0
247.0,42168.0,117388.0,75220.0,37610.0,1.7838171125023714,33.06308420240232,151397.4982290179,0.2785250779785857,0.0,0.0,1.0,inf,42168.0,inf,215.0,160.0,55.0,0.0,0.0,0.0,0.0,0.0,0.0
248.0,42338.0,117848.0,75510.0,37755.0,1.7835041806415042,33.06308420240232,151397.4982290179,0.27964794990175873,0.0,0.0,1.0,inf,42338.0,inf,219.0,170.0,49.0,0.0,0.0,0.0,0.0,0.0,0.0
249.0,42505.0,118305.0,75800.0,37900.0,1.7833196094577108,33.06308420240232,151397.4982290179,0.28075100643805223,0.0,0.0,1.0,inf,42505.0,inf,213.0,167.0,46.0,0.0,0.0,0.0,0.0,0.0,0.0
250.0,42680.0,118792.0,76112.0,38056.0,1.7833177132146205,33.06308420240232,151397.4982290179,0.2819069040060244,0.0,0.0,1.0,inf,42680.0,inf,216.0,175.0,41.0,0.0,0.0,0.0,0.0,0.0,0.0
251.0,42840.0,119228.0,76388.0,38194.0,1.7830999066293185,33.06308420240232,151397.4982290179,0.282963724639599,0.0,0.0,1.0,inf,42840.0,inf,219.0,160.0,59.0,0.0,0.0,0.0,0.0,0.0,0.0
252.0,43014.0,119694.0,76680.0,38340.0,1.7826754080066955,33.06308420240232,151397.4982290179,0.2841130170786114,0.0,0.0,1.0,inf,43014.0,inf,212.0,174.0,38.0,0.0,0.0,0.0,0.0,0.0,0.0
253.0,43180.0,120146.0,76966.0,38483.0,1.7824455766558591,33.06308420240232,151397.4982290179,0.2852094684859451,0.0,0.0,1.0,inf,43180.0,inf,215.0,166.0,49.0,0.0,0.0,0.0,0.0,0.0,0.0
254.0,43353.0,120621.0,77268.0,38634.0,1.7822988028510138,33.06308420240232,151397.4982290179,0.2863521557959976,0.0,0.0,1.0,inf,43353.0,inf,216.0,173.0,43.0,0.0,0.0,0.0,0.0,0.0,0.0
255.0,43523.0,121093.0,77570.0,38785.0,1.7822760379569422,33.06308420240232,151397.4982290179,0.2874750277191706,0.0,0.0,1.0,inf,43523.0,inf,217.0,170.0,47.0,0.0,0.0,0.0,0.0,0.0,0.0
256.0,43699.0,121581.0,77882.0,38941.0,1.7822375798073182,33.06308420240232,151397.4982290179,0.2886375304161027,0.0,0.0,1.0,inf,43699.0,inf,213.0,176.0,37.0,0.0,0.0,0.0,0.0,0.0,0.0
257.0,43871.0,122051.0,78180.0,39090.0,1.7820428073214651,33.06308420240232,151397.4982290179,0.28977361259719536,0.0,0.0,1.0,inf,43871.0,inf,213.0,172.0,41.0,0.0,0.0,0.0,0.0,0.0,0.0
258.0,44030.0,122486.0,78456.0,39228.0,1.7818759936406996,33.06308420240232,151397.4982290179,0.2908238281018101,0.0,0.0,1.0,inf,44030.0,inf,213.0,159.0,54.0,0.0,0.0,0.0,0.0,0.0,0.0
259.0,44211.0,122989.0,78778.0,39389.0,1.781864241930741,33.06308420240232,151397.4982290179,0.2920193564435414,0.0,0.0,1.0,inf,44211.0,inf,217.0,181.0,36.0,0.0,0.0,0.0,0.0,0.0,0.0
260.0,44373.0,123439.0,79066.0,39533.0,1.7818493227863792,33.06308420240232,151397.4982290179,0.29308938733503564,0.0,0.0,1.0,inf,44373.0,inf,217.0,162.0,55.0,0.0,0.0,0.0,0.0,0.0,0.0
261.0,44541.0,123913.0,79372.0,39686.0,1.7819986080240677,33.06308420240232,151397.4982290179,0.294199049000289,0.0,0.0,1.0,inf,44541.0,inf,212.0,168.0,44.0,0.0,0.0,0.0,0.0,0.0,0.0
262.0,44704.0,124362.0,79658.0,39829.0,1.7818987115246958,33.06308420240232,151397.4982290179,0.29527568502074314,0.0,0.0,1.0,inf,44704.0,inf,214.0,163.0,51.0,0.0,0.0,0.0,0.0,0.0,0.0
263.0,44874.0,124838.0,79964.0,39982.0,1.7819672861790792,33.06308420240232,151397.4982290179,0.29639855694391615,0.0,0.0,1.0,inf,44874.0,inf,218.0,170.0,48.0,0.0,0.0,0.0,0.0,0.0,0.0
264.0,45054.0,125328.0,80274.0,40137.0,1.7817285923558397,33.06308420240232,151397.4982290179,0.29758748015668757,0.0,0.0,1.0,inf,45054.0,inf,219.0,180.0,39.0,0.0,0.0,0.0,0.0,0.0,0.0
265.0,45230.0,125800.0,80570.0,40285.0,1.7813398187043998,33.06308420240232,151397.4982290179,0.2987499828536196,0.0,0.0,1.0,inf,45230.0,inf,216.0,176.0,40.0,0.0,0.0,0.0,0.0,0.0,0.0
266.0,45406.0,126296.0,80890.0,40445.0,1.781482623441836,33.06308420240232,151397.4982290179,0.29991248555055167,0.0,0.0,1.0,inf,45406.0,inf,215.0,176.0,39.0,0.0,0.0,0.0,0.0,0.0,0.0
267.0,45573.0,126765.0,81192.0,40596.0,1.7815811993943782,33.06308420240232,151397.4982290179,0.30101554208684517,0.0,0.0,1.0,inf,45573.0,inf,217.0,167.0,50.0,0.0,0.0,0.0,0.0,0.0,0.0
268.0,45747.0,127237.0,81490.0,40745.0,1.7813189935952085,33.241841415822726,153866.41292775946,0.29731634818495634,0.0,0.0,1.0,inf,45747.0,inf,218.0,174.0,44.0,0.0,0.0,0.0,0.0,0.0,0.0
269.0,45913.0,127693.0,81780.0,40890.0,1.7811948685557468,33.241841415822726,153866.41292775946,0.29839520611659565,0.0,0.0,1.0,inf,45913.0,inf,217.0,166.0,51.0,0.0,0.0,0.0,0.0,0.0,0.0
270.0,46079.0,128159.0,82080.0,41040.0,1.7812886564378567,33.241841415822726,153866.41292775946,0.29947406404823496,0.0,0.0,1.0,inf,46079.0,inf,217.0,166.0,51.0,0.0,0.0,0.0,0.0,0.0,0.0
271.0,46249.0,128649.0,82400.0,41200.0,1.7816601440031137,33.241841415822726,153866.41292775946,0.30057891855654023,0.0,0.0,1.0,inf,46249.0,inf,216.0,170.0,46.0,0.0,0.0,0.0,0.0,0.0,0.0
272.0,46421.0,129123.0,82702.0,41351.0,1.781564378190905,33.241841415822726,153866.41292775946,0.3016967713531785,0.0,0.0,1.0,inf,46421.0,inf,218.0,172.0,46.0,0.0,0.0,0.0,0.0,0.0,0.0
273.0,46585.0,129575.0,82990.0,41495.0,1.781474723623484,33.241841415822726,153866.41292775946,0.3027626309964848,0.0,0.0,1.0,inf,46585.0,inf,214.0,164.0,50.0,0.0,0.0,0.0,0.0,0.0,0.0
274.0,46766.0,130064.0,83298.0,41649.0,1.7811658042167386,33.241841415822726,153866.41292775946,0.30393897609062165,0.0,0.0,1.0,inf,46766.0,inf,216.0,181.0,35.0,0.0,0.0,0.0,0.0,0.0,0.0
275.0,46920.0,130500.0,83580.0,41790.0,1.7813299232736572,33.241841415822726,153866.41292775946,0.3049398442922629,0.0,0.0,1.0,inf,46920.0,inf,216.0,154.0,62.0,0.0,0.0,0.0,0.0,0.0,0.0
276.0,47080.0,130952.0,83872.0,41936.0,1.7814783347493628,33.4221425653885,156383.69542571338,0.30105440258229677,0.0,0.0,1.0,inf,47080.0,inf,217.0,160.0,57.0,0.0,0.0,0.0,0.0,0.0,0.0
277.0,47241.0,131403.0,84162.0,42081.0,1.7815456912427765,33.4221425653885,156383.69542571338,0.3020839216735404,0.0,0.0,1.0,inf,47241.0,inf,217.0,161.0,56.0,0.0,0.0,0.0,0.0,0.0,0.0
278.0,47410.0,131876.0,84466.0,42233.0,1.7816072558531955,33.4221425653885,156383.69542571338,0.30316459699292037,0.0,0.0,1.0,inf,47410.0,inf,217.0,169.0,48.0,0.0,0.0,0.0,0.0,0.0,0.0
279.0,47576.0,132340.0,84764.0,42382.0,1.7816546157726585,33.4221425653885,156383.69542571338,0.3042260887267492,0.0,0.0,1.0,inf,47576.0,inf,212.0,166.0,46.0,0.0,0.0,0.0,0.0,0.0,0.0
280.0,47744.0,132804.0,85060.0,42530.0,1.7815851206434317,33.4221425653885,156383.69542571338,0.3053003695176121,0.0,0.0,1.0,inf,47744.0,inf,216.0,168.0,48.0,0.0,0.0,0.0,0.0,0.0,0.0
281.0,47922.0,133298.0,85376.0,42688.0,1.7815617044363758,33.4221425653885,156383.69542571338,0.30643859559364545,0.0,0.0,1.0,inf,47922.0,inf,217.0,178.0,39.0,0.0,0.0,0.0,0.0,0.0,0.0
282.0,48081.0,133743.0,85662.0,42831.0,1.78161851874961,33.4221425653885,156383.69542571338,0.307455325627855,0.0,0.0,1.0,inf,48081.0,inf,216.0,159.0,57.0,0.0,0.0,0.0,0.0,0.0,0.0
283.0,48251.0,134193.0,85942.0,42971.0,1.7811444322397463,33.4221425653885,156383.69542571338,0.30854239547575196,0.0,0.0,1.0,inf,48251.0,inf,219.0,170.0,49.0,0.0,0.0,0.0,0.0,0.0,0.0
284.0,48405.0,134617.0,86212.0,43106.0,1.7810556760665222,33.4221425653885,156383.69542571338,0.3095271528673763,0.0,0.0,1.0,inf,48405.0,inf,217.0,154.0,63.0,0.0,0.0,0.0,0.0,0.0,0.0
285.0,48567.0,135063.0,86496.0,43248.0,1.7809623818642288,33.4221425653885,156383.69542571338,0.31056306648713694,0.0,0.0,1.0,inf,48567.0,inf,215.0,162.0,53.0,0.0,0.0,0.0,0.0,0.0,0.0
286.0,48739.0,135535.0,86796.0,43398.0,1.780832598124705,33.4221425653885,156383.69542571338,0.311662925392068,0.0,0.0,1.0,inf,48739.0,inf,219.0,172.0,47.0,0.0,0.0,0.0,0.0,0.0,0.0
287.0,48914.0,136028.0,87114.0,43557.0,1.7809625056221123,33.67497770150083,159959.6921933927,0.3057895356591618,0.0,0.0,1.0,inf,48914.0,inf,215.0,175.0,40.0,0.0,0.0,0.0,0.0,0.0,0.0
288.0,49092.0,136538.0,87446.0,43723.0,1.7812678236779924,33.67497770150083,159959.6921933927,0.3069023159950029,0.0,0.0,1.0,inf,49092.0,inf,218.0,178.0,40.0,0.0,0.0,0.0,0.0,0.0,0.0
289.0,49265.0,137011.0,87746.0,43873.0,1.7811022023749112,33.67497770150083,159959.6921933927,0.30798383845624167,0.0,0.0,1.0,inf,49265.0,inf,219.0,173.0,46.0,0.0,0.0,0.0,0.0,0.0,0.0
290.0,49429.0,137471.0,88042.0,44021.0,1.7811810880252483,33.67497770150083,159959.6921933927,0.3090090967431964,0.0,0.0,1.0,inf,49429.0,inf,217.0,164.0,53.0,0.0,0.0,0.0,0.0,0.0,0.0
291.0,49596.0,137950.0,88354.0,44177.0,1.781474312444552,33.67497770150083,159959.6921933927,0.31005310975491246,0.0,0.0,1.0,inf,49596.0,inf,215.0,167.0,48.0,0.0,0.0,0.0,0.0,0.0,0.0
292.0,49752.0,138388.0,88636.0,44318.0,1.7815565203408907,33.67497770150083,159959.6921933927,0.3110283554425035,0.0,0.0,1.0,inf,49752.0,inf,217.0,156.0,61.0,0.0,0.0,0.0,0.0,0.0,0.0
293.0,49934.0,138900.0,88966.0,44483.0,1.7816718067849562,33.67497770150083,159959.6921933927,0.31216614207802645,0.0,0.0,1.0,inf,49934.0,inf,217.0,182.0,35.0,0.0,0.0,0.0,0.0,0.0,0.0
294.0,50097.0,139363.0,89266.0,44633.0,1.7818631854202847,33.67497770150083,159959.6921933927,0.3131851487900607,0.0,0.0,1.0,inf,50097.0,inf,219.0,163.0,56.0,0.0,0.0,0.0,0.0,0.0,0.0
295.0,50254.0,139806.0,89552.0,44776.0,1.7819875034823098,33.67497770150083,159959.6921933927,0.3141666460525722,0.0,0.0,1.0,inf,50254.0,inf,219.0,157.0,62.0,0.0,0.0,0.0,0.0,0.0,0.0
296.0,50409.0,140227.0,89818.0,44909.0,1.7817849987105476,33.67497770150083,159959.6921933927,0.3151356401652428,0.0,0.0,1.0,inf,50409.0,inf,218.0,155.0,63.0,0.0,0.0,0.0,0.0,0.0,0.0
297.0,50570.0,140686.0,90116.0,45058.0,1.7820051413881748,33.67497770150083,159959.6921933927,0.31614214372743615,0.0,0.0,1.0,inf,50570.0,inf,216.0,161.0,55.0,0.0,0.0,0.0,0.0,0.0,0.0
298.0,50737.0,141165.0,90428.0,45214.0,1.7822890592664131,33.67497770150083,159959.6921933927,0.31718615673915224,0.0,0.0,1.0,inf,50737.0,inf,216.0,167.0,49.0,0.0,0.0,0.0,0.0,0.0,0.0
299.0,50902.0,141624.0,90722.0,45361.0,1.7822875329063692,33.67497770150083,159959.6921933927,0.3182176666010274,0.0,0.0,1.0,inf,50902.0,inf,218.0,165.0,53.0,0.0,0.0,0.0,0.0,0.0,0.0
300.0,51070.0,142088.0,91018.0,45509.0,1.7822204816917955,33.67497770150083,159959.6921933927,0.31926793118766394,0.0,0.0,1.0,inf,51070.0,inf,219.0,168.0,51.0,0.0,0.0,0.0,0.0,0.0,0.0
301.0,51225.0,142521.0,91296.0,45648.0,1.782254758418741,33.67497770150083,159959.6921933927,0.32023692530033454,0.0,0.0,1.0,inf,51225.0,inf,216.0,155.0,61.0,0.0,0.0,0.0,0.0,0.0,0.0
302.0,51388.0,142976.0,91588.0,45794.0,1.7822838016657585,33.67497770150083,159959.6921933927,0.3212559320123688,0.0,0.0,1.0,inf,51388.0,inf,219.0,163.0,56.0,0.0,0.0,0.0,0.0,0.0,0.0
303.0,51554.0,143432.0,91878.0,45939.0,1.7821701516856112,33.67497770150083,159959.6921933927,0.3222936934491644,0.0,0.0,1.0,inf,51554.0,inf,219.0,166.0,53.0,0.0,0.0,0.0,0.0,0.0,0.0
304.0,51710.0,143854.0,92144.0,46072.0,1.7819377296461032,33.67497770150083,159959.6921933927,0.3232689391367555,0.0,0.0,1.0,inf,51710.0,inf,218.0,156.0,62.0,0.0,0.0,0.0,0.0,0.0,0.0
305.0,51880.0,144320.0,92440.0,46220.0,1.7818041634541248,33.67497770150083,159959.6921933927,0.3243317068732329,0.0,0.0,1.0,inf,51880.0,inf,218.0,170.0,48.0,0.0,0.0,0.0,0.0,0.0,0.0
306.0,52043.0,144767.0,92724.0,46362.0,1.781680533405069,33.67497770150083,159959.6921933927,0.3253507135852671,0.0,0.0,1.0,inf,52043.0,inf,220.0,163.0,57.0,0.0,0.0,0.0,0.0,0.0,0.0
307.0,52214.0,145234.0,93020.0,46510.0,1.7815145363312521,33.67497770150083,159959.6921933927,0.32641973289666504,0.0,0.0,1.0,inf,52214.0,inf,218.0,171.0,47.0,0.0,0.0,0.0,0.0,0.0,0.0
308.0,52377.0,145691.0,93314.0,46657.0,1.7815835194837428,33.67497770150083,159959.6921933927,0.3274387396086993,0.0,0.0,1.0,inf,52377.0,inf,219.0,163.0,56.0,0.0,0.0,0.0,0.0,0.0,0.0
309.0,52551.0,146171.0,93620.0,46810.0,1.781507487964073,33.67497770150083,159959.6921933927,0.3285265136448586,0.0,0.0,1.0,inf,52551.0,inf,220.0,174.0,46.0,0.0,0.0,0.0,0.0,0.0,0.0
310.0,52720.0,146648.0,93928.0,46964.0,1.781638846737481,33.67497770150083,159959.6921933927,0.3295830298064155,0.0,0.0,1.0,inf,52720.0,inf,217.0,169.0,48.0,0.0,0.0,0.0,0.0,0.0,0.0
311.0,52880.0,147092.0,94212.0,47106.0,1.7816187594553707,33.69126243114353,160191.86697840877,0.3301041494642631,0.0,0.0,1.0,inf,52880.0,inf,216.0,160.0,56.0,0.0,0.0,0.0,0.0,0.0,0.0
312.0,53032.0,147518.0,94486.0,47243.0,1.7816789862724394,33.69126243114353,160191.86697840877,0.33105301161854767,0.0,0.0,1.0,inf,53032.0,inf,220.0,152.0,68.0,0.0,0.0,0.0,0.0,0.0,0.0
313.0,53195.0,147971.0,94776.0,47388.0,1.7816712097001597,33.69126243114353,160191.86697840877,0.3320705414287344,0.0,0.0,1.0,inf,53195.0,inf,216.0,163.0,53.0,0.0,0.0,0.0,0.0,0.0,0.0
314.0,53364.0,148452.0,95088.0,47544.0,1.7818754216325612,33.69126243114353,160191.86697840877,0.3331255263239587,0.0,0.0,1.0,inf,53364.0,inf,218.0,169.0,49.0,0.0,0.0,0.0,0.0,0.0,0.0
315.0,53529.0,148897.0,95368.0,47684.0,1.7816137047208056,33.69126243114353,160191.86697840877,0.3341555411624913,0.0,0.0,1.0,inf,53529.0,inf,217.0,165.0,52.0,0.0,0.0,0.0,0.0,0.0,0.0
316.0,53683.0,149309.0,95626.0,47813.0,1.7813087942179089,33.69126243114353,160191.86697840877,0.3351168883451217,0.0,0.0,1.0,inf,53683.0,inf,216.0,154.0,62.0,0.0,0.0,0.0,0.0,0.0,0.0
317.0,53845.0,149751.0,95906.0,47953.0,1.7811495960627728,33.69126243114353,160191.86697840877,0.3361281756411355,0.0,0.0,1.0,inf,53845.0,inf,217.0,162.0,55.0,0.0,0.0,0.0,0.0,0.0,0.0
318.0,54003.0,150187.0,96184.0,48092.0,1.7810862359498547,33.69126243114353,160191.86697840877,0.33711449288045764,0.0,0.0,1.0,inf,54003.0,inf,219.0,158.0,61.0,0.0,0.0,0.0,0.0,0.0,0.0
319.0,54157.0,150611.0,96454.0,48227.0,1.7810070720313163,33.69126243114353,160191.86697840877,0.33807584006308805,0.0,0.0,1.0,inf,54157.0,inf,219.0,154.0,65.0,0.0,0.0,0.0,0.0,0.0,0.0
320.0,54313.0,151053.0,96740.0,48370.0,1.781157365639902,33.69126243114353,160191.86697840877,0.33904967227406435,0.0,0.0,1.0,inf,54313.0,inf,218.0,156.0,62.0,0.0,0.0,0.0,0.0,0.0,0.0
321.0,54469.0,151483.0,97014.0,48507.0,1.7810864895628706,33.81675074494523,161988.5204030591,0.33625222246903963,0.0,0.0,1.0,inf,54469.0,inf,219.0,156.0,63.0,0.0,0.0,0.0,0.0,0.0,0.0
322.0,54622.0,151918.0,97296.0,48648.0,1.7812602980484054,33.81675074494523,161988.5204030591,0.3371967338431747,0.0,0.0,1.0,inf,54622.0,inf,219.0,153.0,66.0,0.0,0.0,0.0,0.0,0.0,0.0
323.0,54776.0,152352.0,97576.0,48788.0,1.7813641010661603,33.81675074494523,161988.5204030591,0.33814741849426494,0.0,0.0,1.0,inf,54776.0,inf,219.0,154.0,65.0,0.0,0.0,0.0,0.0,0.0,0.0
324.0,54935.0,152801.0,97866.0,48933.0,1.7814872121598253,33.81675074494523,161988.5204030591,0.3391289695301308,0.0,0.0,1.0,inf,54935.0,inf,219.0,159.0,60.0,0.0,0.0,0.0,0.0,0.0,0.0
325.0,55101.0,153261.0,98160.0,49080.0,1.781455871944248,33.81675074494523,161988.5204030591,0.34015373350468253,0.0,0.0,1.0,inf,55101.0,inf,220.0,166.0,54.0,0.0,0.0,0.0,0.0,0.0,0.0
326.0,55256.0,153698.0,98442.0,49221.0,1.781562183292312,33.81675074494523,161988.5204030591,0.34111059143272787,0.0,0.0,1.0,inf,55256.0,inf,215.0,155.0,60.0,0.0,0.0,0.0,0.0,0.0,0.0
327.0,55424.0,154164.0,98740.0,49370.0,1.7815386836027713,33.87424586948729,162816.16295799272,0.3404084643261101,0.0,0.0,1.0,inf,55424.0,inf,219.0,168.0,51.0,0.0,0.0,0.0,0.0,0.0,0.0
328.0,55589.0,154613.0,99024.0,49512.0,1.7813596215078522,33.87424586948729,162816.16295799272,0.34142187722690776,0.0,0.0,1.0,inf,55589.0,inf,216.0,165.0,51.0,0.0,0.0,0.0,0.0,0.0,0.0
329.0,55756.0,155082.0,99326.0,49663.0,1.781440562450678,33.87424586948729,162816.16295799272,0.34244757392044234,0.0,0.0,1.0,inf,55756.0,inf,219.0,167.0,52.0,0.0,0.0,0.0,0.0,0.0,0.0
330.0,55916.0,155528.0,99612.0,49806.0,1.7814579011374203,33.87424586948729,162816.16295799272,0.3434302773393976,0.0,0.0,1.0,inf,55916.0,inf,216.0,160.0,56.0,0.0,0.0,0.0,0.0,0.0,0.0
331.0,56073.0,155951.0,99878.0,49939.0,1.781213774900576,33.87424586948729,162816.16295799272,0.3443945550692475,0.0,0.0,1.0,inf,56073.0,inf,220.0,157.0,63.0,0.0,0.0,0.0,0.0,0.0,0.0
332.0,56215.0,156355.0,100140.0,50070.0,1.781375077826203,34.04918883161781,165351.7970743361,0.3399721139693922,0.0,0.0,1.0,inf,56215.0,inf,216.0,142.0,74.0,0.0,0.0,0.0,0.0,0.0,0.0
333.0,56373.0,156793.0,100420.0,50210.0,1.78134922746705,34.04918883161781,165351.7970743361,0.3409276524201111,0.0,0.0,1.0,inf,56373.0,inf,219.0,158.0,61.0,0.0,0.0,0.0,0.0,0.0,0.0
334.0,56536.0,157260.0,100724.0,50362.0,1.7815904910145748,34.04918883161781,165351.7970743361,0.34191342942939706,0.0,0.0,1.0,inf,56536.0,inf,220.0,163.0,57.0,0.0,0.0,0.0,0.0,0.0,0.0
335.0,56691.0,157689.0,100998.0,50499.0,1.7815526274011748,34.04918883161781,165351.7970743361,0.34285082474497575,0.0,0.0,1.0,inf,56691.0,inf,219.0,155.0,64.0,0.0,0.0,0.0,0.0,0.0,0.0
336.0,56852.0,158138.0,101286.0,50643.0,1.7815732076268205,34.04918883161781,165351.7970743361,0.3438245063308349,0.0,0.0,1.0,inf,56852.0,inf,219.0,161.0,58.0,0.0,0.0,0.0,0.0,0.0,0.0
337.0,57015.0,158595.0,101580.0,50790.0,1.7816364114706655,34.402352329479584,170550.5119221887,0.3342997881238392,0.0,0.0,1.0,inf,57015.0,inf,217.0,163.0,54.0,0.0,0.0,0.0,0.0,0.0,0.0
338.0,57185.0,159065.0,101880.0,50940.0,1.781586080265804,34.402352329479584,170550.5119221887,0.3352965602711873,0.0,0.0,1.0,inf,57185.0,inf,217.0,170.0,47.0,0.0,0.0,0.0,0.0,0.0,0.0
339.0,57355.0,159543.0,102188.0,51094.0,1.7816755295963735,34.402352329479584,170550.5119221887,0.33629333241853543,0.0,0.0,1.0,inf,57355.0,inf,218.0,170.0,48.0,0.0,0.0,0.0,0.0,0.0,0.0
340.0,57528.0,160026.0,102498.0,51249.0,1.781706299541093,34.402352329479584,170550.5119221887,0.33730769466260146,0.0,0.0,1.0,inf,57528.0,inf,219.0,173.0,46.0,0.0,0.0,0.0,0.0,0.0,0.0
341.0,57693.0,160493.0,102800.0,51400.0,1.7818452845232524,34.402352329479584,170550.5119221887,0.3382751499820864,0.0,0.0,1.0,inf,57693.0,inf,214.0,165.0,49.0,0.0,0.0,0.0,0.0,0.0,0.0
342.0,57854.0,160958.0,103104.0,51552.0,1.782141252117399,34.402352329479584,170550.5119221887,0.33921915183928075,0.0,0.0,1.0,inf,57854.0,inf,218.0,161.0,57.0,0.0,0.0,0.0,0.0,0.0,0.0
343.0,58009.0,161389.0,103380.0,51690.0,1.782137254563947,34.402352329479584,170550.5119221887,0.34012797350303936,0.0,0.0,1.0,inf,58009.0,inf,219.0,155.0,64.0,0.0,0.0,0.0,0.0,0.0,0.0
344.0,58176.0,161852.0,103676.0,51838.0,1.7821094609460946,34.402352329479584,170550.5119221887,0.34110715555366955,0.0,0.0,1.0,inf,58176.0,inf,215.0,167.0,48.0,0.0,0.0,0.0,0.0,0.0,0.0
345.0,58331.0,162301.0,103970.0,51985.0,1.7824141537090055,34.402352329479584,170550.5119221887,0.34201597721742816,0.0,0.0,1.0,inf,58331.0,inf,216.0,155.0,61.0,0.0,0.0,0.0,0.0,0.0,0.0
346.0,58491.0,162747.0,104256.0,52128.0,1.7824280658562857,34.402352329479584,170550.5119221887,0.3429541157090499,0.0,0.0,1.0,inf,58491.0,inf,217.0,160.0,57.0,0.0,0.0,0.0,0.0,0.0,0.0
347.0,58655.0,163199.0,104544.0,52272.0,1.7823544454863183,34.402352329479584,170550.5119221887,0.3439157076629622,0.0,0.0,1.0,inf,58655.0,inf,220.0,164.0,56.0,0.0,0.0,0.0,0.0,0.0,0.0
348.0,58804.0,163614.0,104810.0,52405.0,1.782361744099041,34.402352329479584,170550.5119221887,0.34478934913328496,0.0,0.0,1.0,inf,58804.0,inf,217.0,149.0,68.0,0.0,0.0,0.0,0.0,0.0,0.0
349.0,58959.0,164049.0,105090.0,52545.0,1.7824250750521549,34.402352329479584,170550.5119221887,0.3456981707970435,0.0,0.0,1.0,inf,58959.0,inf,218.0,155.0,63.0,0.0,0.0,0.0,0.0,0.0,0.0
350.0,59125.0,164513.0,105388.0,52694.0,1.78246088794926,34.402352329479584,170550.5119221887,0.3466714894821011,0.0,0.0,1.0,inf,59125.0,inf,216.0,166.0,50.0,0.0,0.0,0.0,0.0,0.0,0.0
351.0,59287.0,164981.0,105694.0,52847.0,1.7827516993607369,34.402352329479584,170550.5119221887,0.3476213547048681,0.0,0.0,1.0,inf,59287.0,inf,217.0,162.0,55.0,0.0,0.0,0.0,0.0,0.0,0.0
352.0,59435.0,165395.0,105960.0,52980.0,1.7827879195760075,34.402352329479584,170550.5119221887,0.34848913280961824,0.0,0.0,1.0,inf,59435.0,inf,218.0,148.0,70.0,0.0,0.0,0.0,0.0,0.0,0.0
353.0,59596.0,165850.0,106254.0,53127.0,1.7829048929458353,34.402352329479584,170550.5119221887,0.34943313466681264,0.0,0.0,1.0,inf,59596.0,inf,219.0,161.0,58.0,0.0,0.0,0.0,0.0,0.0,0.0
354.0,59762.0,166314.0,106552.0,53276.0,1.7829389913322848,34.402352329479584,170550.5119221887,0.3504064533518702,0.0,0.0,1.0,inf,59762.0,inf,219.0,166.0,53.0,0.0,0.0,0.0,0.0,0.0,0.0
355.0,59916.0,166750.0,106834.0,53417.0,1.7830629548033914,34.402352329479584,170550.5119221887,0.35130941165005614,0.0,0.0,1.0,inf,59916.0,inf,214.0,154.0,60.0,0.0,0.0,0.0,0.0,0.0,0.0
356.0,60081.0,167217.0,107136.0,53568.0,1.7831926898686772,34.402352329479584,170550.5119221887,0.3522768669695411,0.0,0.0,1.0,inf,60081.0,inf,218.0,165.0,53.0,0.0,0.0,0.0,0.0,0.0,0.0
357.0,60240.0,167654.0,107414.0,53707.0,1.7831009296148739,34.402352329479584,170550.5119221887,0.3532091420955902,0.0,0.0,1.0,inf,60240.0,inf,219.0,159.0,60.0,0.0,0.0,0.0,0.0,0.0,0.0
358.0,60388.0,168076.0,107688.0,53844.0,1.7832681989799297,34.402352329479584,170550.5119221887,0.3540769202003403,0.0,0.0,1.0,inf,60388.0,inf,219.0,148.0,71.0,0.0,0.0,0.0,0.0,0.0,0.0
359.0,60551.0,168549.0,107998.0,53999.0,1.7835873891430365,34.402352329479584,170550.5119221887,0.35503264878867996,0.0,0.0,1.0,inf,60551.0,inf,220.0,163.0,57.0,0.0,0.0,0.0,0.0,0.0,0.0
360.0,60716.0,169022.0,108306.0,54153.0,1.7838131629224587,34.402352329479584,170550.5119221887,0.3560001041081649,0.0,0.0,1.0,inf,60716.0,inf,218.0,165.0,53.0,0.0,0.0,0.0,0.0,0.0,0.0
361.0,60881.0,169483.0,108602.0,54301.0,1.7838406070859545,34.402352329479584,170550.5119221887,0.35696755942764985,0.0,0.0,1.0,inf,60881.0,inf,218.0,165.0,53.0,0.0,0.0,0.0,0.0,0.0,0.0
362.0,61041.0,169929.0,108888.0,54444.0,1.7838501990465425,34.402352329479584,170550.5119221887,0.35790569791927157,0.0,0.0,1.0,inf,61041.0,inf,216.0,160.0,56.0,0.0,0.0,0.0,0.0,0.0,0.0
363.0,61202.0,170370.0,109168.0,54584.0,1.7837325577595504,34.402352329479584,170550.5119221887,0.35884969977646597,0.0,0.0,1.0,inf,61202.0,inf,220.0,161.0,59.0,0.0,0.0,0.0,0.0,0.0,0.0
364.0,61363.0,170827.0,109464.0,54732.0,1.7838762772354677,34.402352329479584,170550.5119221887,0.35979370163366037,0.0,0.0,1.0,inf,61363.0,inf,220.0,161.0,59.0,0.0,0.0,0.0,0.0,0.0,0.0
365.0,61528.0,171286.0,109758.0,54879.0,1.7838707580288649,34.402352329479584,170550.5119221887,0.3607611569531453,0.0,0.0,1.0,inf,61528.0,inf,215.0,165.0,50.0,0.0,0.0,0.0,0.0,0.0,0.0
366.0,61691.0,171729.0,110038.0,55019.0,1.7836961631356276,34.50108924752281,172023.20269617098,0.3586202269990243,0.0,0.0,1.0,inf,61691.0,inf,218.0,163.0,55.0,0.0,0.0,0.0,0.0,0.0,0.0
367.0,61848.0,172170.0,110322.0,55161.0,1.7837601862630965,34.50108924752281,172023.20269617098,0.35953289457839316,0.0,0.0,1.0,inf,61848.0,inf,218.0,157.0,61.0,0.0,0.0,0.0,0.0,0.0,0.0
368.0,61998.0,172590.0,110592.0,55296.0,1.7837994774024968,34.50108924752281,172023.20269617098,0.36040486997269466,0.0,0.0,1.0,inf,61998.0,inf,215.0,150.0,65.0,0.0,0.0,0.0,0.0,0.0,0.0
369.0,62147.0,173007.0,110860.0,55430.0,1.7838351006484625,34.50108924752281,172023.20269617098,0.36127103219770085,0.0,0.0,1.0,inf,62147.0,inf,220.0,149.0,71.0,0.0,0.0,0.0,0.0,0.0,0.0
370.0,62303.0,173433.0,111130.0,55565.0,1.7837022294271543,34.50108924752281,172023.20269617098,0.3621778866077744,0.0,0.0,1.0,inf,62303.0,inf,220.0,156.0,64.0,0.0,0.0,0.0,0.0,0.0,0.0
371.0,62456.0,173854.0,111398.0,55699.0,1.7836236710644293,34.50108924752281,172023.20269617098,0.3630673015099619,0.0,0.0,1.0,inf,62456.0,inf,218.0,153.0,65.0,0.0,0.0,0.0,0.0,0.0,0.0
372.0,62602.0,174252.0,111650.0,55825.0,1.7834893453883263,34.50108924752281,172023.20269617098,0.363916024227082,0.0,0.0,1.0,inf,62602.0,inf,218.0,146.0,72.0,0.0,0.0,0.0,0.0,0.0,0.0
373.0,62761.0,174693.0,111932.0,55966.0,1.7834642532783098,34.50108924752281,172023.20269617098,0.3648403181450416,0.0,0.0,1.0,inf,62761.0,inf,218.0,159.0,59.0,0.0,0.0,0.0,0.0,0.0,0.0
374.0,62906.0,175108.0,112202.0,56101.0,1.7836454392267829,34.50108924752281,172023.20269617098,0.3656832276928664,0.0,0.0,1.0,inf,62906.0,inf,218.0,145.0,73.0,0.0,0.0,0.0,0.0,0.0,0.0
375.0,63048.0,175498.0,112450.0,56225.0,1.7835617307448293,34.50108924752281,172023.20269617098,0.36650869773280514,0.0,0.0,1.0,inf,63048.0,inf,218.0,142.0,76.0,0.0,0.0,0.0,0.0,0.0,0.0
376.0,63211.0,175947.0,112736.0,56368.0,1.7834870513043617,34.50108924752281,172023.20269617098,0.3674562443279461,0.0,0.0,1.0,inf,63211.0,inf,220.0,163.0,57.0,0.0,0.0,0.0,0.0,0.0,0.0
377.0,63368.0,176380.0,113012.0,56506.0,1.7834238101249842,34.50108924752281,172023.20269617098,0.368368911907315,0.0,0.0,1.0,inf,63368.0,inf,218.0,157.0,61.0,0.0,0.0,0.0,0.0,0.0,0.0
378.0,63526.0,176816.0,113290.0,56645.0,1.7833642917860404,34.50108924752281,172023.20269617098,0.36928739265597926,0.0,0.0,1.0,inf,63526.0,inf,218.0,158.0,60.0,0.0,0.0,0.0,0.0,0.0,0.0
379.0,63673.0,177227.0,113554.0,56777.0,1.7833932750145274,34.50108924752281,172023.20269617098,0.3701419285423947,0.0,0.0,1.0,inf,63673.0,inf,216.0,147.0,69.0,0.0,0.0,0.0,0.0,0.0,0.0
380.0,63832.0,177676.0,113844.0,56922.0,1.7834941722020303,34.50108924752281,172023.20269617098,0.3710662224603543,0.0,0.0,1.0,inf,63832.0,inf,219.0,159.0,60.0,0.0,0.0,0.0,0.0,0.0,0.0
381.0,63982.0,178100.0,114118.0,57059.0,1.7835953862023695,34.50108924752281,172023.20269617098,0.3719381978546558,0.0,0.0,1.0,inf,63982.0,inf,217.0,150.0,67.0,0.0,0.0,0.0,0.0,0.0,0.0
382.0,64141.0,178549.0,114408.0,57204.0,1.7836952963003383,34.50108924752281,172023.20269617098,0.3728624917726154,0.0,0.0,1.0,inf,64141.0,inf,214.0,159.0,55.0,0.0,0.0,0.0,0.0,0.0,0.0
383.0,64297.0,178997.0,114700.0,57350.0,1.7839090470784018,34.50108924752281,172023.20269617098,0.3737693461826889,0.0,0.0,1.0,inf,64297.0,inf,217.0,156.0,61.0,0.0,0.0,0.0,0.0,0.0,0.0
384.0,64460.0,179454.0,114994.0,57497.0,1.7839590443686006,35.073183979303984,180723.31715119144,0.35667782672489,0.0,0.0,1.0,inf,64460.0,inf,219.0,163.0,56.0,0.0,0.0,0.0,0.0,0.0,0.0
385.0,64622.0,179910.0,115288.0,57644.0,1.784036396273715,35.073183979303984,180723.31715119144,0.35757422461395966,0.0,0.0,1.0,inf,64622.0,inf,216.0,162.0,54.0,0.0,0.0,0.0,0.0,0.0,0.0
386.0,64779.0,180347.0,115568.0,57784.0,1.7840349495978636,35.073183979303984,180723.31715119144,0.35844295590151487,0.0,0.0,1.0,inf,64779.0,inf,215.0,157.0,58.0,0.0,0.0,0.0,0.0,0.0,0.0
387.0,64941.0,180803.0,115862.0,57931.0,1.784111732187678,35.073183979303984,180723.31715119144,0.35933935379058457,0.0,0.0,1.0,inf,64941.0,inf,218.0,162.0,56.0,0.0,0.0,0.0,0.0,0.0,0.0
388.0,65106.0,181270.0,116164.0,58082.0,1.7842287961171013,35.073183979303984,180723.31715119144,0.36025235164056296,0.0,0.0,1.0,inf,65106.0,inf,215.0,165.0,50.0,0.0,0.0,0.0,0.0,0.0,0.0
389.0,65259.0,181693.0,116434.0,58217.0,1.7841830245636616,35.073183979303984,180723.31715119144,0.36109894964690653,0.0,0.0,1.0,inf,65259.0,inf,217.0,153.0,64.0,0.0,0.0,0.0,0.0,0.0,0.0
390.0,65419.0,182153.0,116734.0,58367.0,1.784405142236965,35.073183979303984,180723.31715119144,0.36198428089537044,0.0,0.0,1.0,inf,65419.0,inf,217.0,160.0,57.0,0.0,0.0,0.0,0.0,0.0,0.0
391.0,65581.0,182623.0,117042.0,58521.0,1.784693737515439,35.073183979303984,180723.31715119144,0.36288067878444014,0.0,0.0,1.0,inf,65581.0,inf,217.0,162.0,55.0,0.0,0.0,0.0,0.0,0.0,0.0
392.0,65744.0,183086.0,117342.0,58671.0,1.7848320759308833,35.073183979303984,180723.31715119144,0.36378260999381273,0.0,0.0,1.0,inf,65744.0,inf,219.0,163.0,56.0,0.0,0.0,0.0,0.0,0.0,0.0
393.0,65911.0,183563.0,117652.0,58826.0,1.7850131237577946,35.073183979303984,180723.31715119144,0.3647066744843969,0.0,0.0,1.0,inf,65911.0,inf,217.0,167.0,50.0,0.0,0.0,0.0,0.0,0.0,0.0
394.0,66069.0,184013.0,117944.0,58972.0,1.7851639952171214,35.073183979303984,180723.31715119144,0.365580939092255,0.0,0.0,1.0,inf,66069.0,inf,219.0,158.0,61.0,0.0,0.0,0.0,0.0,0.0,0.0
395.0,66220.0,184434.0,118214.0,59107.0,1.7851706433101782,35.073183979303984,180723.31715119144,0.3664164704579928,0.0,0.0,1.0,inf,66220.0,inf,214.0,151.0,63.0,0.0,0.0,0.0,0.0,0.0,0.0
396.0,66380.0,184894.0,118514.0,59257.0,1.7853871648086772,35.073183979303984,180723.31715119144,0.36730180170645665,0.0,0.0,1.0,inf,66380.0,inf,216.0,160.0,56.0,0.0,0.0,0.0,0.0,0.0,0.0
397.0,66548.0,185368.0,118820.0,59410.0,1.785478151108974,35.073183979303984,180723.31715119144,0.36823139951734374,0.0,0.0,1.0,inf,66548.0,inf,219.0,168.0,51.0,0.0,0.0,0.0,0.0,0.0,0.0
398.0,66711.0,185821.0,119110.0,59555.0,1.7854626673262282,35.073183979303984,180723.31715119144,0.36913333072671634,0.0,0.0,1.0,inf,66711.0,inf,217.0,163.0,54.0,0.0,0.0,0.0,0.0,0.0,0.0
399.0,66876.0,186306.0,119430.0,59715.0,1.7858424546922662,35.073183979303984,180723.31715119144,0.3700463285766947,0.0,0.0,1.0,inf,66876.0,inf,215.0,165.0,50.0,0.0,0.0,0.0,0.0,0.0,0.0
400.0,67032.0,186738.0,119706.0,59853.0,1.7858037952022914,35.073183979303984,180723.31715119144,0.37090952654394704,0.0,0.0,1.0,inf,67032.0,inf,218.0,156.0,62.0,0.0,0.0,0.0,0.0,0.0,0.0
401.0,67189.0,187181.0,119992.0,59996.0,1.7858875708821385,35.073183979303984,180723.31715119144,0.3717782578315022,0.0,0.0,1.0,inf,67189.0,inf,217.0,157.0,60.0,0.0,0.0,0.0,0.0,0.0,0.0
402.0,67352.0,187628.0,120276.0,60138.0,1.785782159401354,35.073183979303984,180723.31715119144,0.3726801890408748,0.0,0.0,1.0,inf,67352.0,inf,215.0,163.0,52.0,0.0,0.0,0.0,0.0,0.0,0.0
403.0,67507.0,188069.0,120562.0,60281.0,1.7859184973410165,35.073183979303984,180723.31715119144,0.3735378536878242,0.0,0.0,1.0,inf,67507.0,inf,219.0,155.0,64.0,0.0,0.0,0.0,0.0,0.0,0.0
404.0,67656.0,188486.0,120830.0,60415.0,1.7859465531512357,35.073183979303984,180723.31715119144,0.3743623184129562,0.0,0.0,1.0,inf,67656.0,inf,216.0,149.0,67.0,0.0,0.0,0.0,0.0,0.0,0.0
405.0,67824.0,188940.0,121116.0,60558.0,1.7857395612172682,35.073183979303984,180723.31715119144,0.3752919162238433,0.0,0.0,1.0,inf,67824.0,inf,216.0,168.0,48.0,0.0,0.0,0.0,0.0,0.0,0.0
406.0,67983.0,189375.0,121392.0,60696.0,1.785622876307312,35.073183979303984,180723.31715119144,0.3761717141520043,0.0,0.0,1.0,inf,67983.0,inf,220.0,159.0,61.0,0.0,0.0,0.0,0.0,0.0,0.0
407.0,68129.0,189787.0,121658.0,60829.0,1.7857006561082651,35.28523886277652,184021.17291719656,0.37022370263152166,0.0,0.0,1.0,inf,68129.0,inf,218.0,146.0,72.0,0.0,0.0,0.0,0.0,0.0,0.0
408.0,68288.0,190240.0,121952.0,60976.0,1.7858481724461106,35.28523886277652,184021.17291719656,0.3710877336420812,0.0,0.0,1.0,inf,68288.0,inf,216.0,159.0,57.0,0.0,0.0,0.0,0.0,0.0,0.0
409.0,68467.0,190739.0,122272.0,61136.0,1.7858530386901719,35.28523886277652,184021.17291719656,0.3720604477986231,0.0,0.0,1.0,inf,68467.0,inf,215.0,179.0,36.0,0.0,0.0,0.0,0.0,0.0,0.0
410.0,68625.0,191189.0,122564.0,61282.0,1.7859963570127504,35.28523886277652,184021.17291719656,0.3729190446518835,0.0,0.0,1.0,inf,68625.0,inf,217.0,158.0,59.0,0.0,0.0,0.0,0.0,0.0,0.0
411.0,68784.0,191644.0,122860.0,61430.0,1.786171202605257,35.28523886277652,184021.17291719656,0.37378307566244307,0.0,0.0,1.0,inf,68784.0,inf,218.0,159.0,59.0,0.0,0.0,0.0,0.0,0.0,0.0
412.0,68936.0,192076.0,123140.0,61570.0,1.786294534060578,35.28523886277652,184021.17291719656,0.3746090675719088,0.0,0.0,1.0,inf,68936.0,inf,218.0,152.0,66.0,0.0,0.0,0.0,0.0,0.0,0.0
413.0,69095.0,192527.0,123432.0,61716.0,1.7864100151964686,35.28523886277652,184021.17291719656,0.37547309858246836,0.0,0.0,1.0,inf,69095.0,inf,218.0,159.0,59.0,0.0,0.0,0.0,0.0,0.0,0.0
414.0,69256.0,192972.0,123716.0,61858.0,1.7863578606907704,35.28523886277652,184021.17291719656,0.37634799790762613,0.0,0.0,1.0,inf,69256.0,inf,219.0,161.0,58.0,0.0,0.0,0.0,0.0,0.0,0.0
415.0,69418.0,193426.0,124008.0,62004.0,1.7863954593909361,35.28523886277652,184021.17291719656,0.37722833139008305,0.0,0.0,1.0,inf,69418.0,inf,219.0,162.0,57.0,0.0,0.0,0.0,0.0,0.0,0.0
416.0,69580.0,193872.0,124292.0,62146.0,1.786317907444668,35.28523886277652,184021.17291719656,0.37810866487253997,0.0,0.0,1.0,inf,69580.0,inf,220.0,162.0,58.0,0.0,0.0,0.0,0.0,0.0,0.0
417.0,69729.0,194295.0,124566.0,62283.0,1.7864303231080325,35.56445662339929,188424.4005400236,0.37006353635812006,0.0,0.0,1.0,inf,69729.0,inf,216.0,149.0,67.0,0.0,0.0,0.0,0.0,0.0,0.0
418.0,69886.0,194744.0,124858.0,62429.0,1.786595312365853,35.56445662339929,188424.4005400236,0.37089676177664355,0.0,0.0,1.0,inf,69886.0,inf,218.0,157.0,61.0,0.0,0.0,0.0,0.0,0.0,0.0
419.0,70051.0,195213.0,125162.0,62581.0,1.7867268133217227,35.56445662339929,188424.4005400236,0.37177244454133385,0.0,0.0,1.0,inf,70051.0,inf,218.0,165.0,53.0,0.0,0.0,0.0,0.0,0.0,0.0
420.0,70209.0,195649.0,125440.0,62720.0,1.786665527211611,35.56445662339929,188424.4005400236,0.3726109771281282,0.0,0.0,1.0,inf,70209.0,inf,218.0,158.0,60.0,0.0,0.0,0.0,0.0,0.0,0.0
421.0,70377.0,196115.0,125738.0,62869.0,1.7866348380863066,35.56445662339929,188424.4005400236,0.37350258139763104,0.0,0.0,1.0,inf,70377.0,inf,216.0,168.0,48.0,0.0,0.0,0.0,0.0,0.0,0.0
422.0,70546.0,196594.0,126048.0,63024.0,1.7867490715277974,35.56445662339929,188424.4005400236,0.37439949283540475,0.0,0.0,1.0,inf,70546.0,inf,220.0,169.0,51.0,0.0,0.0,0.0,0.0,0.0,0.0
423.0,70706.0,197048.0,126342.0,63171.0,1.7868639153678614,35.56445662339929,188424.4005400236,0.3752486397587408,0.0,0.0,1.0,inf,70706.0,inf,216.0,160.0,56.0,0.0,0.0,0.0,0.0,0.0,0.0
424.0,70858.0,197466.0,126608.0,63304.0,1.7867848372801942,35.56445662339929,188424.4005400236,0.37605532933591,0.0,0.0,1.0,inf,70858.0,inf,217.0,152.0,65.0,0.0,0.0,0.0,0.0,0.0,0.0
425.0,71005.0,197887.0,126882.0,63441.0,1.7869445813675093,35.56445662339929,188424.4005400236,0.37683548307172504,0.0,0.0,1.0,inf,71005.0,inf,217.0,147.0,70.0,0.0,0.0,0.0,0.0,0.0,0.0
426.0,71164.0,198330.0,127166.0,63583.0,1.7869428362655275,35.56445662339929,188424.4005400236,0.37767932282679023,0.0,0.0,1.0,inf,71164.0,inf,216.0,159.0,57.0,0.0,0.0,0.0,0.0,0.0,0.0
427.0,71324.0,198790.0,127466.0,63733.0,1.7871403735068139,35.56445662339929,188424.4005400236,0.3785284697501263,0.0,0.0,1.0,inf,71324.0,inf,215.0,160.0,55.0,0.0,0.0,0.0,0.0,0.0,0.0
428.0,71480.0,199234.0,127754.0,63877.0,1.7872691662003357,35.56445662339929,188424.4005400236,0.3793563880003789,0.0,0.0,1.0,inf,71480.0,inf,217.0,156.0,61.0,0.0,0.0,0.0,0.0,0.0,0.0
429.0,71644.0,199702.0,128058.0,64029.0,1.7874211378482496,35.56445662339929,188424.4005400236,0.38022676359679836,0.0,0.0,1.0,inf,71644.0,inf,219.0,164.0,55.0,0.0,0.0,0.0,0.0,0.0,0.0
430.0,71811.0,200173.0,128362.0,64181.0,1.7874977371154837,35.56445662339929,188424.4005400236,0.38111306069803036,0.0,0.0,1.0,inf,71811.0,inf,219.0,167.0,52.0,0.0,0.0,0.0,0.0,0.0,0.0
431.0,71973.0,200629.0,128656.0,64328.0,1.787559223597738,35.605251900531705,189073.55819443034,0.38066137162335456,0.0,0.0,1.0,inf,71973.0,inf,217.0,162.0,55.0,0.0,0.0,0.0,0.0,0.0,0.0
432.0,72134.0,201074.0,128940.0,64470.0,1.7875065849668672,35.605251900531705,189073.55819443034,0.3815128920661784,0.0,0.0,1.0,inf,72134.0,inf,218.0,161.0,57.0,0.0,0.0,0.0,0.0,0.0,0.0
433.0,72291.0,201519.0,129228.0,64614.0,1.7876084159853924,35.605251900531705,189073.55819443034,0.38234325672160285,0.0,0.0,1.0,inf,72291.0,inf,218.0,157.0,61.0,0.0,0.0,0.0,0.0,0.0,0.0
434.0,72454.0,201976.0,129522.0,64761.0,1.7876445744886411,35.605251900531705,189073.55819443034,0.38320535505812636,0.0,0.0,1.0,inf,72454.0,inf,218.0,163.0,55.0,0.0,0.0,0.0,0.0,0.0,0.0
435.0,72613.0,202423.0,129810.0,64905.0,1.7876964179967774,35.605251900531705,189073.55819443034,0.38404629760725056,0.0,0.0,1.0,inf,72613.0,inf,220.0,159.0,61.0,0.0,0.0,0.0,0.0,0.0,0.0
436.0,72774.0,202862.0,130088.0,65044.0,1.787561491741556,35.605251900531705,189073.55819443034,0.3848978180500744,0.0,0.0,1.0,inf,72774.0,inf,214.0,161.0,53.0,0.0,0.0,0.0,0.0,0.0,0.0
437.0,72941.0,203327.0,130386.0,65193.0,1.787554324728205,35.605251900531705,189073.55819443034,0.38578107217399726,0.0,0.0,1.0,inf,72941.0,inf,219.0,167.0,52.0,0.0,0.0,0.0,0.0,0.0,0.0
438.0,73095.0,203753.0,130658.0,65329.0,1.7875094055680962,35.605251900531705,189073.55819443034,0.38659556998887223,0.0,0.0,1.0,inf,73095.0,inf,215.0,154.0,61.0,0.0,0.0,0.0,0.0,0.0,0.0
439.0,73257.0,204203.0,130946.0,65473.0,1.7874878851167806,35.605251900531705,189073.55819443034,0.3874523793785459,0.0,0.0,1.0,inf,73257.0,inf,219.0,162.0,57.0,0.0,0.0,0.0,0.0,0.0,0.0
440.0,73404.0,204594.0,131190.0,65595.0,1.7872323034167075,35.605251900531705,189073.55819443034,0.388229854565472,0.0,0.0,1.0,inf,73404.0,inf,218.0,147.0,71.0,0.0,0.0,0.0,0.0,0.0,0.0
441.0,73570.0,205052.0,131482.0,65741.0,1.7871686828870463,35.605251900531705,189073.55819443034,0.38910781974254505,0.0,0.0,1.0,inf,73570.0,inf,219.0,166.0,53.0,0.0,0.0,0.0,0.0,0.0,0.0
442.0,73729.0,205495.0,131766.0,65883.0,1.787166515211111,35.605251900531705,189073.55819443034,0.3899487622916692,0.0,0.0,1.0,inf,73729.0,inf,220.0,159.0,61.0,0.0,0.0,0.0,0.0,0.0,0.0
443.0,73894.0,205960.0,132066.0,66033.0,1.7872357701572523,35.605251900531705,189073.55819443034,0.3908214385218924,0.0,0.0,1.0,inf,73894.0,inf,219.0,165.0,54.0,0.0,0.0,0.0,0.0,0.0,0.0
444.0,74045.0,206381.0,132336.0,66168.0,1.7872374907151056,35.605251900531705,189073.55819443034,0.39162006949621786,0.0,0.0,1.0,inf,74045.0,inf,216.0,151.0,65.0,0.0,0.0,0.0,0.0,0.0,0.0
445.0,74205.0,206825.0,132620.0,66310.0,1.7872111043730208,35.605251900531705,189073.55819443034,0.3924663009921919,0.0,0.0,1.0,inf,74205.0,inf,218.0,160.0,58.0,0.0,0.0,0.0,0.0,0.0,0.0
446.0,74360.0,207264.0,132904.0,66452.0,1.787305002689618,35.605251900531705,189073.55819443034,0.39328608775391666,0.0,0.0,1.0,inf,74360.0,inf,217.0,155.0,62.0,0.0,0.0,0.0,0.0,0.0,0.0
447.0,74517.0,207697.0,133180.0,66590.0,1.7872431794087256,35.605251900531705,189073.55819443034,0.3941164524093411,0.0,0.0,1.0,inf,74517.0,inf,219.0,157.0,62.0,0.0,0.0,0.0,0.0,0.0,0.0
448.0,74672.0,208142.0,133470.0,66735.0,1.787416970216413,35.605251900531705,189073.55819443034,0.39493623917106596,0.0,0.0,1.0,inf,74672.0,inf,218.0,155.0,63.0,0.0,0.0,0.0,0.0,0.0,0.0
449.0,74836.0,208598.0,133762.0,66881.0,1.7874017852370516,35.605251900531705,189073.55819443034,0.39580362645443934,0.0,0.0,1.0,inf,74836.0,inf,216.0,164.0,52.0,0.0,0.0,0.0,0.0,0.0,0.0
450.0,74977.0,208983.0,134006.0,67003.0,1.787294770396255,35.605251900531705,189073.55819443034,0.3965493679602664,0.0,0.0,1.0,inf,74977.0,inf,216.0,141.0,75.0,0.0,0.0,0.0,0.0,0.0,0.0
451.0,75126.0,209390.0,134264.0,67132.0,1.7871841972153448,35.605251900531705,189073.55819443034,0.3973374210408922,0.0,0.0,1.0,inf,75126.0,inf,219.0,149.0,70.0,0.0,0.0,0.0,0.0,0.0,0.0
452.0,75272.0,209806.0,134534.0,67267.0,1.7873047082580509,35.605251900531705,189073.55819443034,0.39810960728096845,0.0,0.0,1.0,inf,75272.0,inf,218.0,146.0,72.0,0.0,0.0,0.0,0.0,0.0,0.0
453.0,75425.0,210223.0,134798.0,67399.0,1.787179317202519,35.605251900531705,189073.55819443034,0.3989188161489936,0.0,0.0,1.0,inf,75425.0,inf,218.0,153.0,65.0,0.0,0.0,0.0,0.0,0.0,0.0
454.0,75579.0,210653.0,135074.0,67537.0,1.7871895632384658,35.605251900531705,189073.55819443034,0.3997333139638686,0.0,0.0,1.0,inf,75579.0,inf,215.0,154.0,61.0,0.0,0.0,0.0,0.0,0.0,0.0
455.0,75742.0,211118.0,135376.0,67688.0,1.7873306751868183,35.605251900531705,189073.55819443034,0.4005954123003921,0.0,0.0,1.0,inf,75742.0,inf,218.0,163.0,55.0,0.0,0.0,0.0,0.0,0.0,0.0
456.0,75895.0,211535.0,135640.0,67820.0,1.787206008300942,35.605251900531705,189073.55819443034,0.40140462116841724,0.0,0.0,1.0,inf,75895.0,inf,217.0,153.0,64.0,0.0,0.0,0.0,0.0,0.0,0.0
457.0,76056.0,211970.0,135914.0,67957.0,1.7870253497422952,35.605251900531705,189073.55819443034,0.40225614161124107,0.0,0.0,1.0,inf,76056.0,inf,217.0,161.0,56.0,0.0,0.0,0.0,0.0,0.0,0.0
458.0,76219.0,212417.0,136198.0,68099.0,1.786929768168042,35.605251900531705,189073.55819443034,0.4031182399477646,0.0,0.0,1.0,inf,76219.0,inf,219.0,163.0,56.0,0.0,0.0,0.0,0.0,0.0,0.0
459.0,76377.0,212861.0,136484.0,68242.0,1.7869777550833366,35.605251900531705,189073.55819443034,0.4039538935500389,0.0,0.0,1.0,inf,76377.0,inf,218.0,158.0,60.0,0.0,0.0,0.0,0.0,0.0,0.0
460.0,76522.0,213266.0,136744.0,68372.0,1.786989362536264,35.605251900531705,189073.55819443034,0.40472079084326534,0.0,0.0,1.0,inf,76522.0,inf,217.0,145.0,72.0,0.0,0.0,0.0,0.0,0.0,0.0
461.0,76670.0,213678.0,137008.0,68504.0,1.7869831746445806,35.605251900531705,189073.55819443034,0.40550355497704127,0.0,0.0,1.0,inf,76670.0,inf,220.0,148.0,72.0,0.0,0.0,0.0,0.0,0.0,0.0
462.0,76817.0,214071.0,137254.0,68627.0,1.7867659502453883,35.605251900531705,189073.55819443034,0.4062810301639674,0.0,0.0,1.0,inf,76817.0,inf,219.0,147.0,72.0,0.0,0.0,0.0,0.0,0.0,0.0
463.0,76977.0,214507.0,137530.0,68765.0,1.786637567065487,35.605251900531705,189073.55819443034,0.4071272616599414,0.0,0.0,1.0,inf,76977.0,inf,219.0,160.0,59.0,0.0,0.0,0.0,0.0,0.0,0.0
464.0,77138.0,214948.0,137810.0,68905.0,1.7865384116777723,35.605251900531705,189073.55819443034,0.4079787821027652,0.0,0.0,1.0,inf,77138.0,inf,216.0,161.0,55.0,0.0,0.0,0.0,0.0,0.0,0.0
465.0,77294.0,215392.0,138098.0,69049.0,1.786658731596243,35.83800390150043,192805.77881775764,0.40089047368782044,0.0,0.0,1.0,inf,77294.0,inf,219.0,156.0,63.0,0.0,0.0,0.0,0.0,0.0,0.0
466.0,77458.0,215854.0,138396.0,69198.0,1.7867231273722533,35.83800390150043,192805.77881775764,0.40174107059941516,0.0,0.0,1.0,inf,77458.0,inf,219.0,164.0,55.0,0.0,0.0,0.0,0.0,0.0,0.0
467.0,77620.0,216316.0,138696.0,69348.0,1.7868590569440865,35.83800390150043,192805.77881775764,0.40258129437794166,0.0,0.0,1.0,inf,77620.0,inf,218.0,162.0,56.0,0.0,0.0,0.0,0.0,0.0,0.0
468.0,77774.0,216744.0,138970.0,69485.0,1.7868439324195746,35.83800390150043,192805.77881775764,0.4033800256241952,0.0,0.0,1.0,inf,77774.0,inf,219.0,154.0,65.0,0.0,0.0,0.0,0.0,0.0,0.0
469.0,77933.0,217185.0,139252.0,69626.0,1.7868168811671563,35.83800390150043,192805.77881775764,0.4042046897031194,0.0,0.0,1.0,inf,77933.0,inf,217.0,159.0,58.0,0.0,0.0,0.0,0.0,0.0,0.0
470.0,78086.0,217630.0,139544.0,69772.0,1.787055298004764,35.83800390150043,192805.77881775764,0.4049982343828389,0.0,0.0,1.0,inf,78086.0,inf,218.0,153.0,65.0,0.0,0.0,0.0,0.0,0.0,0.0
471.0,78251.0,218089.0,139838.0,69919.0,1.7870442550254948,35.83800390150043,192805.77881775764,0.4058540178609677,0.0,0.0,1.0,inf,78251.0,inf,215.0,165.0,50.0,0.0,0.0,0.0,0.0,0.0,0.0
472.0,78425.0,218575.0,140150.0,70075.0,1.787057698437998,35.83800390150043,192805.77881775764,0.4067564804379036,0.0,0.0,1.0,inf,78425.0,inf,219.0,174.0,45.0,0.0,0.0,0.0,0.0,0.0,0.0
473.0,78585.0,219023.0,140438.0,70219.0,1.7870840491187885,35.83800390150043,192805.77881775764,0.40758633108336184,0.0,0.0,1.0,inf,78585.0,inf,219.0,160.0,59.0,0.0,0.0,0.0,0.0,0.0,0.0
474.0,78742.0,219468.0,140726.0,70363.0,1.7871783800259073,35.83800390150043,192805.77881775764,0.4084006220292178,0.0,0.0,1.0,inf,78742.0,inf,218.0,157.0,61.0,0.0,0.0,0.0,0.0,0.0,0.0
475.0,78896.0,219898.0,141002.0,70501.0,1.7871881971202597,35.83800390150043,192805.77881775764,0.40919935327547136,0.0,0.0,1.0,inf,78896.0,inf,220.0,154.0,66.0,0.0,0.0,0.0,0.0,0.0,0.0
476.0,79058.0,220350.0,141292.0,70646.0,1.7871942118444686,35.83800390150043,192805.77881775764,0.41003957705399785,0.0,0.0,1.0,inf,79058.0,inf,220.0,162.0,58.0,0.0,0.0,0.0,0.0,0.0,0.0
477.0,79211.0,220777.0,141566.0,70783.0,1.7872012725505295,35.83800390150043,192805.77881775764,0.41083312173371733,0.0,0.0,1.0,inf,79211.0,inf,218.0,153.0,65.0,0.0,0.0,0.0,0.0,0.0,0.0
478.0,79381.0,221245.0,141864.0,70932.0,1.7871279021428301,35.83800390150043,192805.77881775764,0.4117148380445167,0.0,0.0,1.0,inf,79381.0,inf,218.0,170.0,48.0,0.0,0.0,0.0,0.0,0.0,0.0
479.0,79541.0,221697.0,142156.0,71078.0,1.787204083428672,35.83800390150043,192805.77881775764,0.41254468868997496,0.0,0.0,1.0,inf,79541.0,inf,220.0,160.0,60.0,0.0,0.0,0.0,0.0,0.0,0.0
480.0,79699.0,222141.0,142442.0,71221.0,1.787249526342865,35.83800390150043,192805.77881775764,0.41336416620236505,0.0,0.0,1.0,inf,79699.0,inf,218.0,158.0,60.0,0.0,0.0,0.0,0.0,0.0,0.0
481.0,79855.0,222589.0,142734.0,71367.0,1.7874146891240372,35.83800390150043,192805.77881775764,0.41417327058168685,0.0,0.0,1.0,inf,79855.0,inf,218.0,156.0,62.0,0.0,0.0,0.0,0.0,0.0,0.0
482.0,80018.0,223040.0,143022.0,71511.0,1.7873728411107501,35.83800390150043,192805.77881775764,0.41501868092674743,0.0,0.0,1.0,inf,80018.0,inf,218.0,163.0,55.0,0.0,0.0,0.0,0.0,0.0,0.0
483.0,80176.0,223490.0,143314.0,71657.0,1.7874925164637796,35.83800390150043,192805.77881775764,0.41583815843913746,0.0,0.0,1.0,inf,80176.0,inf,220.0,158.0,62.0,0.0,0.0,0.0,0.0,0.0,0.0
484.0,80325.0,223901.0,143576.0,71788.0,1.7874385309679428,36.237321306332035,199322.74965231388,0.40298962431590923,0.0,0.0,1.0,inf,80325.0,inf,217.0,149.0,68.0,0.0,0.0,0.0,0.0,0.0,0.0
485.0,80486.0,224356.0,143870.0,71935.0,1.7875158412643193,36.237321306332035,199322.74965231388,0.4037973595106165,0.0,0.0,1.0,inf,80486.0,inf,220.0,161.0,59.0,0.0,0.0,0.0,0.0,0.0,0.0
486.0,80648.0,224802.0,144154.0,72077.0,1.787446681876798,36.237321306332035,199322.74965231388,0.40461011169411076,0.0,0.0,1.0,inf,80648.0,inf,220.0,162.0,58.0,0.0,0.0,0.0,0.0,0.0,0.0
487.0,80793.0,225221.0,144428.0,72214.0,1.7876301164704862,36.237321306332035,199322.74965231388,0.40533757506822604,0.0,0.0,1.0,inf,80793.0,inf,218.0,145.0,73.0,0.0,0.0,0.0,0.0,0.0,0.0
488.0,80951.0,225671.0,144720.0,72360.0,1.787748143938926,36.237321306332035,199322.74965231388,0.40613025929657226,0.0,0.0,1.0,inf,80951.0,inf,219.0,158.0,61.0,0.0,0.0,0.0,0.0,0.0,0.0
489.0,81103.0,226091.0,144988.0,72494.0,1.7877020578770206,36.237321306332035,199322.74965231388,0.4068928415921965,0.0,0.0,1.0,inf,81103.0,inf,218.0,152.0,66.0,0.0,0.0,0.0,0.0,0.0,0.0
490.0,81253.0,226511.0,145258.0,72629.0,1.787724760931904,36.237321306332035,199322.74965231388,0.4076453899102468,0.0,0.0,1.0,inf,81253.0,inf,217.0,150.0,67.0,0.0,0.0,0.0,0.0,0.0,0.0
491.0,81401.0,226925.0,145524.0,72762.0,1.7877421653296643,36.237321306332035,199322.74965231388,0.408387904250723,0.0,0.0,1.0,inf,81401.0,inf,217.0,148.0,69.0,0.0,0.0,0.0,0.0,0.0,0.0
492.0,81560.0,227384.0,145824.0,72912.0,1.7879352623835214,36.237321306332035,199322.74965231388,0.4091856054678563,0.0,0.0,1.0,inf,81560.0,inf,220.0,159.0,61.0,0.0,0.0,0.0,0.0,0.0,0.0
493.0,81709.0,227801.0,146092.0,73046.0,1.787954815259029,36.237321306332035,199322.74965231388,0.40993313679711957,0.0,0.0,1.0,inf,81709.0,inf,216.0,149.0,67.0,0.0,0.0,0.0,0.0,0.0,0.0
494.0,81864.0,228240.0,146376.0,73188.0,1.7880386983289358,36.237321306332035,199322.74965231388,0.4107107700591048,0.0,0.0,1.0,inf,81864.0,inf,217.0,155.0,62.0,0.0,0.0,0.0,0.0,0.0,0.0
495.0,82017.0,228679.0,146662.0,73331.0,1.7881902532401819,36.237321306332035,199322.74965231388,0.41147836934351606,0.0,0.0,1.0,inf,82017.0,inf,220.0,153.0,67.0,0.0,0.0,0.0,0.0,0.0,0.0
496.0,82164.0,229086.0,146922.0,73461.0,1.788155396524025,36.237321306332035,199322.74965231388,0.4122158666952053,0.0,0.0,1.0,inf,82164.0,inf,220.0,147.0,73.0,0.0,0.0,0.0,0.0,0.0,0.0
497.0,82329.0,229539.0,147210.0,73605.0,1.7880698174397842,36.237321306332035,199322.74965231388,0.4130436698450606,0.0,0.0,1.0,inf,82329.0,inf,219.0,165.0,54.0,0.0,0.0,0.0,0.0,0.0,0.0
498.0,82493.0,230011.0,147518.0,73759.0,1.7882486998896876,36.237321306332035,199322.74965231388,0.41386645600612887,0.0,0.0,1.0,inf,82493.0,inf,220.0,164.0,56.0,0.0,0.0,0.0,0.0,0.0,0.0
499.0,82652.0,230462.0,147810.0,73905.0,1.7883414799399893,36.237321306332035,199322.74965231388,0.4146641572232621,0.0,0.0,1.0,inf,82652.0,inf,219.0,159.0,60.0,0.0,0.0,0.0,0.0,0.0,0.0
500.0,82805.0,230905.0,148100.0,74050.0,1.7885393394118712,36.237321306332035,199322.74965231388,0.4154317565076734,0.0,0.0,1.0,inf,82805.0,inf,219.0,153.0,66.0,0.0,0.0,0.0,0.0,0.0,0.0
501.0,82961.0,231339.0,148378.0,74189.0,1.7885271392582056,36.237321306332035,199322.74965231388,0.4162144067584456,0.0,0.0,1.0,inf,82961.0,inf,215.0,156.0,59.0,0.0,0.0,0.0,0.0,0.0,0.0
502.0,83124.0,231788.0,148664.0,74332.0,1.7884606130600067,36.237321306332035,199322.74965231388,0.4170321759307269,0.0,0.0,1.0,inf,83124.0,inf,220.0,163.0,57.0,0.0,0.0,0.0,0.0,0.0,0.0
503.0,83296.0,232272.0,148976.0,74488.0,1.7885132539377642,36.237321306332035,199322.74965231388,0.4178950980020912,0.0,0.0,1.0,inf,83296.0,inf,218.0,172.0,46.0,0.0,0.0,0.0,0.0,0.0,0.0
504.0,83439.0,232659.0,149220.0,74610.0,1.7883723438679755,36.237321306332035,199322.74965231388,0.4186125273986324,0.0,0.0,1.0,inf,83439.0,inf,215.0,143.0,72.0,0.0,0.0,0.0,0.0,0.0,0.0
505.0,83585.0,233065.0,149480.0,74740.0,1.7883591553508404,36.237321306332035,199322.74965231388,0.41934500776153466,0.0,0.0,1.0,inf,83585.0,inf,219.0,146.0,73.0,0.0,0.0,0.0,0.0,0.0,0.0
506.0,83736.0,233498.0,149762.0,74881.0,1.7885019585363524,36.237321306332035,199322.74965231388,0.42010257306837195,0.0,0.0,1.0,inf,83736.0,inf,218.0,151.0,67.0,0.0,0.0,0.0,0.0,0.0,0.0
507.0,83895.0,233945.0,150050.0,75025.0,1.788545205316169,36.237321306332035,199322.74965231388,0.4209002742855052,0.0,0.0,1.0,inf,83895.0,inf,220.0,159.0,61.0,0.0,0.0,0.0,0.0,0.0,0.0
508.0,84065.0,234431.0,150366.0,75183.0,1.7886873252840063,36.237321306332035,199322.74965231388,0.4217531623792955,0.0,0.0,1.0,inf,84065.0,inf,217.0,170.0,47.0,0.0,0.0,0.0,0.0,0.0,0.0
509.0,84221.0,234863.0,150642.0,75321.0,1.788651286496242,36.237321306332035,199322.74965231388,0.42253581263006773,0.0,0.0,1.0,inf,84221.0,inf,220.0,156.0,64.0,0.0,0.0,0.0,0.0,0.0,0.0
510.0,84374.0,235288.0,150914.0,75457.0,1.7886315689667434,36.237321306332035,199322.74965231388,0.423303411914479,0.0,0.0,1.0,inf,84374.0,inf,218.0,153.0,65.0,0.0,0.0,0.0,0.0,0.0,0.0
511.0,84522.0,235698.0,151176.0,75588.0,1.7885994179030311,36.237321306332035,199322.74965231388,0.42404592625495524,0.0,0.0,1.0,inf,84522.0,inf,220.0,148.0,72.0,0.0,0.0,0.0,0.0,0.0,0.0
512.0,84675.0,236117.0,151442.0,75721.0,1.788509005019191,36.237321306332035,199322.74965231388,0.4248135255393665,0.0,0.0,1.0,inf,84675.0,inf,220.0,153.0,67.0,0.0,0.0,0.0,0.0,0.0,0.0
513.0,84829.0,236547.0,151718.0,75859.0,1.7885157198599535,36.237321306332035,199322.74965231388,0.42558614181256477,0.0,0.0,1.0,inf,84829.0,inf,220.0,154.0,66.0,0.0,0.0,0.0,0.0,0.0,0.0
514.0,84973.0,236933.0,151960.0,75980.0,1.788332764525202,36.237321306332035,199322.74965231388,0.426308588197893,0.0,0.0,1.0,inf,84973.0,inf,218.0,144.0,74.0,0.0,0.0,0.0,0.0,0.0,0.0
515.0,85126.0,237348.0,152222.0,76111.0,1.7881963207480676,36.237321306332035,199322.74965231388,0.42707618748230425,0.0,0.0,1.0,inf,85126.0,inf,220.0,153.0,67.0,0.0,0.0,0.0,0.0,0.0,0.0
516.0,85277.0,237757.0,152480.0,76240.0,1.7880553959449792,36.237321306332035,199322.74965231388,0.4278337527891415,0.0,0.0,1.0,inf,85277.0,inf,217.0,151.0,66.0,0.0,0.0,0.0,0.0,0.0,0.0
517.0,85433.0,238185.0,152752.0,76376.0,1.7879742020062506,36.237321306332035,199322.74965231388,0.4286164030399138,0.0,0.0,1.0,inf,85433.0,inf,217.0,156.0,61.0,0.0,0.0,0.0,0.0,0.0,0.0
518.0,85580.0,238600.0,153020.0,76510.0,1.7880345875204486,36.237321306332035,199322.74965231388,0.42935390039160304,0.0,0.0,1.0,inf,85580.0,inf,218.0,147.0,71.0,0.0,0.0,0.0,0.0,0.0,0.0
519.0,85730.0,239014.0,153284.0,76642.0,1.7879855359850694,36.237321306332035,199322.74965231388,0.43010644870965326,0.0,0.0,1.0,inf,85730.0,inf,219.0,150.0,69.0,0.0,0.0,0.0,0.0,0.0,0.0
520.0,85890.0,239462.0,153572.0,76786.0,1.7880079171032717,36.237321306332035,199322.74965231388,0.4309091669155735,0.0,0.0,1.0,inf,85890.0,inf,220.0,160.0,60.0,0.0,0.0,0.0,0.0,0.0,0.0
521.0,86058.0,239938.0,153880.0,76940.0,1.7880964001022566,36.237321306332035,199322.74965231388,0.43175202103178983,0.0,0.0,1.0,inf,86058.0,inf,220.0,168.0,52.0,0.0,0.0,0.0,0.0,0.0,0.0
522.0,86207.0,240353.0,154146.0,77073.0,1.7880914542902548,36.237321306332035,199322.74965231388,0.4324995523610531,0.0,0.0,1.0,inf,86207.0,inf,219.0,149.0,70.0,0.0,0.0,0.0,0.0,0.0,0.0
523.0,86367.0,240783.0,154416.0,77208.0,1.7879051026433708,36.237321306332035,199322.74965231388,0.43330227056697335,0.0,0.0,1.0,inf,86367.0,inf,219.0,160.0,59.0,0.0,0.0,0.0,0.0,0.0,0.0
524.0,86519.0,241209.0,154690.0,77345.0,1.787930974699199,36.237321306332035,199322.74965231388,0.4340648528625976,0.0,0.0,1.0,inf,86519.0,inf,218.0,152.0,66.0,0.0,0.0,0.0,0.0,0.0,0.0
525.0,86678.0,241644.0,154966.0,77483.0,1.7878354369044047,36.237321306332035,199322.74965231388,0.43486255407973085,0.0,0.0,1.0,inf,86678.0,inf,220.0,159.0,61.0,0.0,0.0,0.0,0.0,0.0,0.0
526.0,86834.0,242086.0,155252.0,77626.0,1.7879171752999976,36.237321306332035,199322.74965231388,0.43564520433050313,0.0,0.0,1.0,inf,86834.0,inf,220.0,156.0,64.0,0.0,0.0,0.0,0.0,0.0,0.0
527.0,86985.0,242517.0,155532.0,77766.0,1.7880324193826522,36.237321306332035,199322.74965231388,0.43640276963734037,0.0,0.0,1.0,inf,86985.0,inf,220.0,151.0,69.0,0.0,0.0,0.0,0.0,0.0,0.0
528.0,87144.0,242952.0,155808.0,77904.0,1.7879372073808868,36.237321306332035,199322.74965231388,0.4372004708544736,0.0,0.0,1.0,inf,87144.0,inf,219.0,159.0,60.0,0.0,0.0,0.0,0.0,0.0,0.0
529.0,87293.0,243367.0,156074.0,78037.0,1.7879325948243272,36.237321306332035,199322.74965231388,0.43794800218373686,0.0,0.0,1.0,inf,87293.0,inf,219.0,149.0,70.0,0.0,0.0,0.0,0.0,0.0,0.0
530.0,87446.0,243786.0,156340.0,78170.0,1.7878462136632893,36.237321306332035,199322.74965231388,0.43871560146814814,0.0,0.0,1.0,inf,87446.0,inf,220.0,153.0,67.0,0.0,0.0,0.0,0.0,0.0,0.0
531.0,87595.0,244205.0,156610.0,78305.0,1.787887436497517,36.237321306332035,199322.74965231388,0.4394631327974114,0.0,0.0,1.0,inf,87595.0,inf,218.0,149.0,69.0,0.0,0.0,0.0,0.0,0.0,0.0
532.0,87762.0,244678.0,156916.0,78458.0,1.7879720152229894,36.237321306332035,199322.74965231388,0.4403009699248407,0.0,0.0,1.0,inf,87762.0,inf,218.0,167.0,51.0,0.0,0.0,0.0,0.0,0.0,0.0
533.0,87920.0,245114.0,157194.0,78597.0,1.7879208371246589,36.237321306332035,199322.74965231388,0.4410936541531869,0.0,0.0,1.0,inf,87920.0,inf,219.0,158.0,61.0,0.0,0.0,0.0,0.0,0.0,0.0
534.0,88065.0,245521.0,157456.0,78728.0,1.7879520808493725,36.237321306332035,199322.74965231388,0.4418211175273022,0.0,0.0,1.0,inf,88065.0,inf,220.0,145.0,75.0,0.0,0.0,0.0,0.0,0.0,0.0
535.0,88215.0,245939.0,157724.0,78862.0,1.7879498951425494,36.237321306332035,199322.74965231388,0.4425736658453524,0.0,0.0,1.0,inf,88215.0,inf,220.0,150.0,70.0,0.0,0.0,0.0,0.0,0.0,0.0
536.0,88363.0,246359.0,157996.0,78998.0,1.7880334529158133,36.237321306332035,199322.74965231388,0.4433161801858287,0.0,0.0,1.0,inf,88363.0,inf,219.0,148.0,71.0,0.0,0.0,0.0,0.0,0.0,0.0
537.0,88517.0,246801.0,158284.0,79142.0,1.7881762825220013,36.237321306332035,199322.74965231388,0.44408879645902694,0.0,0.0,1.0,inf,88517.0,inf,219.0,154.0,65.0,0.0,0.0,0.0,0.0,0.0,0.0
538.0,88657.0,247195.0,158538.0,79269.0,1.7882175124355664,36.237321306332035,199322.74965231388,0.44479117488920716,0.0,0.0,1.0,inf,88657.0,inf,220.0,140.0,80.0,0.0,0.0,0.0,0.0,0.0,0.0
539.0,88807.0,247615.0,158808.0,79404.0,1.788237413717387,36.237321306332035,199322.74965231388,0.44554372320725744,0.0,0.0,1.0,inf,88807.0,inf,218.0,150.0,68.0,0.0,0.0,0.0,0.0,0.0,0.0
540.0,88958.0,248042.0,159084.0,79542.0,1.7883045931788035,36.237321306332035,199322.74965231388,0.4463012885140947,0.0,0.0,1.0,inf,88958.0,inf,220.0,151.0,69.0,0.0,0.0,0.0,0.0,0.0,0.0
541.0,89107.0,248463.0,159356.0,79678.0,1.7883667949768256,36.237321306332035,199322.74965231388,0.4470488198433579,0.0,0.0,1.0,inf,89107.0,inf,218.0,149.0,69.0,0.0,0.0,0.0,0.0,0.0,0.0
542.0,89256.0,248876.0,159620.0,79810.0,1.7883391592722058,36.237321306332035,199322.74965231388,0.4477963511726212,0.0,0.0,1.0,inf,89256.0,inf,220.0,149.0,71.0,0.0,0.0,0.0,0.0,0.0,0.0
543.0,89411.0,249305.0,159894.0,79947.0,1.7883034525953183,36.237321306332035,199322.74965231388,0.44857398443460644,0.0,0.0,1.0,inf,89411.0,inf,219.0,155.0,64.0,0.0,0.0,0.0,0.0,0.0,0.0
544.0,89565.0,249743.0,160178.0,80089.0,1.7883994864065205,36.237321306332035,199322.74965231388,0.4493466007078047,0.0,0.0,1.0,inf,89565.0,inf,217.0,154.0,63.0,0.0,0.0,0.0,0.0,0.0,0.0
545.0,89724.0,250180.0,160456.0,80228.0,1.7883286523115332,36.237321306332035,199322.74965231388,0.45014430192493793,0.0,0.0,1.0,inf,89724.0,inf,218.0,159.0,59.0,0.0,0.0,0.0,0.0,0.0,0.0
546.0,89883.0,250621.0,160738.0,80369.0,1.788302571120234,36.237321306332035,199322.74965231388,0.4509420031420712,0.0,0.0,1.0,inf,89883.0,inf,220.0,159.0,61.0,0.0,0.0,0.0,0.0,0.0,0.0
547.0,90030.0,251030.0,161000.0,80500.0,1.7882927912917916,36.237321306332035,199322.74965231388,0.45167950049376043,0.0,0.0,1.0,inf,90030.0,inf,220.0,147.0,73.0,0.0,0.0,0.0,0.0,0.0,0.0
548.0,90186.0,251472.0,161286.0,80643.0,1.788370700552192,36.237321306332035,199322.74965231388,0.4524621507445327,0.0,0.0,1.0,inf,90186.0,inf,218.0,156.0,62.0,0.0,0.0,0.0,0.0,0.0,0.0
549.0,90333.0,251889.0,161556.0,80778.0,1.788449403872339,36.237321306332035,199322.74965231388,0.453199648096222,0.0,0.0,1.0,inf,90333.0,inf,219.0,147.0,72.0,0.0,0.0,0.0,0.0,0.0,0.0
550.0,90480.0,252280.0,161800.0,80900.0,1.788240495137047,36.237321306332035,199322.74965231388,0.4539371454479112,0.0,0.0,1.0,inf,90480.0,inf,218.0,147.0,71.0,0.0,0.0,0.0,0.0,0.0,0.0
551.0,90624.0,252680.0,162056.0,81028.0,1.7882238700564972,36.237321306332035,199322.74965231388,0.45465959183323945,0.0,0.0,1.0,inf,90624.0,inf,219.0,144.0,75.0,0.0,0.0,0.0,0.0,0.0,0.0
552.0,90764.0,253082.0,162318.0,81159.0,1.7883522101273632,36.237321306332035,199322.74965231388,0.4553619702634197,0.0,0.0,1.0,inf,90764.0,inf,218.0,140.0,78.0,0.0,0.0,0.0,0.0,0.0,0.0
553.0,90908.0,253492.0,162584.0,81292.0,1.788445461345536,36.237321306332035,199322.74965231388,0.45608441664874794,0.0,0.0,1.0,inf,90908.0,inf,219.0,144.0,75.0,0.0,0.0,0.0,0.0,0.0,0.0
554.0,91058.0,253908.0,162850.0,81425.0,1.788420567111072,36.237321306332035,199322.74965231388,0.45683696496679815,0.0,0.0,1.0,inf,91058.0,inf,219.0,150.0,69.0,0.0,0.0,0.0,0.0,0.0,0.0
555.0,91216.0,254346.0,163130.0,81565.0,1.7883923873004737,36.237321306332035,199322.74965231388,0.45762964919514443,0.0,0.0,1.0,inf,91216.0,inf,218.0,158.0,60.0,0.0,0.0,0.0,0.0,0.0,0.0
556.0,91366.0,254770.0,163404.0,81702.0,1.788455224043955,36.38539471322832,201776.173133459,0.45280866705489853,0.0,0.0,1.0,inf,91366.0,inf,218.0,150.0,68.0,0.0,0.0,0.0,0.0,0.0,0.0
557.0,91536.0,255246.0,163710.0,81855.0,1.7884766649187205,36.38539471322832,201776.173133459,0.4536511847682638,0.0,0.0,1.0,inf,91536.0,inf,219.0,170.0,49.0,0.0,0.0,0.0,0.0,0.0,0.0
558.0,91692.0,255686.0,163994.0,81997.0,1.788531169567683,36.38539471322832,201776.173133459,0.4544243186699402,0.0,0.0,1.0,inf,91692.0,inf,220.0,156.0,64.0,0.0,0.0,0.0,0.0,0.0,0.0
559.0,91857.0,256151.0,164294.0,82147.0,1.7885844301468588,36.38539471322832,201776.173133459,0.45524205645055943,0.0,0.0,1.0,inf,91857.0,inf,219.0,165.0,54.0,0.0,0.0,0.0,0.0,0.0,0.0
560.0,92010.0,256576.0,164566.0,82283.0,1.7885664601673732,36.38539471322832,201776.173133459,0.4560003223925882,0.0,0.0,1.0,inf,92010.0,inf,218.0,153.0,65.0,0.0,0.0,0.0,0.0,0.0,0.0
561.0,92169.0,257021.0,164852.0,82426.0,1.788584014147924,36.38539471322832,201776.173133459,0.4567883242539122,0.0,0.0,1.0,inf,92169.0,inf,219.0,159.0,60.0,0.0,0.0,0.0,0.0,0.0,0.0
562.0,92329.0,257469.0,165140.0,82570.0,1.7886037972901254,36.38539471322832,201776.173133459,0.45758128210178545,0.0,0.0,1.0,inf,92329.0,inf,219.0,160.0,59.0,0.0,0.0,0.0,0.0,0.0,0.0
563.0,92476.0,257882.0,165406.0,82703.0,1.7886370517755958,36.38539471322832,201776.173133459,0.45830981212451893,0.0,0.0,1.0,inf,92476.0,inf,217.0,147.0,70.0,0.0,0.0,0.0,0.0,0.0,0.0
564.0,92615.0,258279.0,165664.0,82832.0,1.7887383253252713,36.38539471322832,201776.173133459,0.4589986942548588,0.0,0.0,1.0,inf,92615.0,inf,220.0,139.0,81.0,0.0,0.0,0.0,0.0,0.0,0.0
565.0,92762.0,258678.0,165916.0,82958.0,1.7886203402255234,36.38539471322832,201776.173133459,0.45972722427759233,0.0,0.0,1.0,inf,92762.0,inf,220.0,147.0,73.0,0.0,0.0,0.0,0.0,0.0,0.0
566.0,92916.0,259108.0,166192.0,83096.0,1.7886262861078823,36.38539471322832,201776.173133459,0.46049044620617025,0.0,0.0,1.0,inf,92916.0,inf,216.0,154.0,62.0,0.0,0.0,0.0,0.0,0.0,0.0
567.0,93054.0,259500.0,166446.0,83223.0,1.7887033335482623,36.38539471322832,201776.173133459,0.4611743723499609,0.0,0.0,1.0,inf,93054.0,inf,218.0,138.0,80.0,0.0,0.0,0.0,0.0,0.0,0.0
568.0,93201.0,259917.0,166716.0,83358.0,1.7887790903531078,36.38539471322832,201776.173133459,0.46190290237269443,0.0,0.0,1.0,inf,93201.0,inf,219.0,147.0,72.0,0.0,0.0,0.0,0.0,0.0,0.0
569.0,93355.0,260343.0,166988.0,83494.0,1.788741899201971,36.38539471322832,201776.173133459,0.4626661243012724,0.0,0.0,1.0,inf,93355.0,inf,220.0,154.0,66.0,0.0,0.0,0.0,0.0,0.0,0.0
570.0,93507.0,260761.0,167254.0,83627.0,1.7886789224336146,36.38539471322832,201776.173133459,0.4634194342567519,0.0,0.0,1.0,inf,93507.0,inf,217.0,152.0,65.0,0.0,0.0,0.0,0.0,0.0,0.0
571.0,93648.0,261152.0,167504.0,83752.0,1.7886553903980864,36.38539471322832,201776.173133459,0.46411822836019023,0.0,0.0,1.0,inf,93648.0,inf,220.0,141.0,79.0,0.0,0.0,0.0,0.0,0.0,0.0
572.0,93801.0,261577.0,167776.0,83888.0,1.7886376477862709,36.38539471322832,201776.173133459,0.46487649430221895,0.0,0.0,1.0,inf,93801.0,inf,217.0,153.0,64.0,0.0,0.0,0.0,0.0,0.0,0.0
573.0,93939.0,261961.0,168022.0,84011.0,1.7886287910239624,36.38539471322832,201776.173133459,0.4655604204460096,0.0,0.0,1.0,inf,93939.0,inf,219.0,138.0,81.0,0.0,0.0,0.0,0.0,0.0,0.0
574.0,94088.0,262366.0,168278.0,84139.0,1.7885171328968625,36.38539471322832,201776.173133459,0.46629886244184154,0.0,0.0,1.0,inf,94088.0,inf,219.0,149.0,70.0,0.0,0.0,0.0,0.0,0.0,0.0
575.0,94243.0,262809.0,168566.0,84283.0,1.788631516399096,37.23017435616005,216159.2474139892,0.4359887496254341,0.0,0.0,1.0,inf,94243.0,inf,220.0,155.0,65.0,0.0,0.0,0.0,0.0,0.0,0.0
576.0,94400.0,263258.0,168858.0,84429.0,1.78875,37.23017435616005,216159.2474139892,0.4367150659957873,0.0,0.0,1.0,inf,94400.0,inf,217.0,157.0,60.0,0.0,0.0,0.0,0.0,0.0,0.0
577.0,94553.0,263695.0,169142.0,84571.0,1.7888591583556313,37.23017435616005,216159.2474139892,0.43742287749046266,0.0,0.0,1.0,inf,94553.0,inf,219.0,153.0,66.0,0.0,0.0,0.0,0.0,0.0,0.0
578.0,94709.0,264141.0,169432.0,84716.0,1.7889746486606342,37.23017435616005,216159.2474139892,0.43814456764189635,0.0,0.0,1.0,inf,94709.0,inf,220.0,156.0,64.0,0.0,0.0,0.0,0.0,0.0,0.0
579.0,94873.0,264607.0,169734.0,84867.0,1.7890653821424432,37.23017435616005,216159.2474139892,0.43890326754468567,0.0,0.0,1.0,inf,94873.0,inf,218.0,164.0,54.0,0.0,0.0,0.0,0.0,0.0,0.0
580.0,95033.0,265069.0,170036.0,85018.0,1.7892311091936486,37.23017435616005,216159.2474139892,0.43964346257179715,0.0,0.0,1.0,inf,95033.0,inf,219.0,160.0,59.0,0.0,0.0,0.0,0.0,0.0,0.0
581.0,95190.0,265500.0,170310.0,85155.0,1.789158525055153,37.23017435616005,216159.2474139892,0.44036977894215035,0.0,0.0,1.0,inf,95190.0,inf,220.0,157.0,63.0,0.0,0.0,0.0,0.0,0.0,0.0
582.0,95352.0,265968.0,170616.0,85308.0,1.7893279637553485,37.23017435616005,216159.2474139892,0.4411192264071007,0.0,0.0,1.0,inf,95352.0,inf,219.0,162.0,57.0,0.0,0.0,0.0,0.0,0.0,0.0
583.0,95506.0,266398.0,170892.0,85446.0,1.7893326073754527,37.23017435616005,216159.2474139892,0.4418316641206956,0.0,0.0,1.0,inf,95506.0,inf,219.0,154.0,65.0,0.0,0.0,0.0,0.0,0.0,0.0
584.0,95649.0,266799.0,171150.0,85575.0,1.7893548285920395,37.23017435616005,216159.2474139892,0.4424932134261765,0.0,0.0,1.0,inf,95649.0,inf,216.0,143.0,73.0,0.0,0.0,0.0,0.0,0.0,0.0
585.0,95819.0,267277.0,171458.0,85729.0,1.7893945877122492,37.872756253382,227546.07447236896,0.4210971348206464,0.0,0.0,1.0,inf,95819.0,inf,220.0,170.0,50.0,0.0,0.0,0.0,0.0,0.0,0.0
586.0,95985.0,267753.0,171768.0,85884.0,1.789529614002188,37.872756253382,227546.07447236896,0.42182665740364383,0.0,0.0,1.0,inf,95985.0,inf,215.0,166.0,49.0,0.0,0.0,0.0,0.0,0.0,0.0
587.0,96159.0,268245.0,172086.0,86043.0,1.789598477521605,37.872756253382,227546.07447236896,0.42259133770148444,0.0,0.0,1.0,inf,96159.0,inf,218.0,174.0,44.0,0.0,0.0,0.0,0.0,0.0,0.0
588.0,96315.0,268689.0,172374.0,86187.0,1.7896900794268806,37.872756253382,227546.07447236896,0.4232769131409278,0.0,0.0,1.0,inf,96315.0,inf,216.0,156.0,60.0,0.0,0.0,0.0,0.0,0.0,0.0
589.0,96485.0,269157.0,172672.0,86336.0,1.7896253303622325,37.872756253382,227546.07447236896,0.4240240145813468,0.0,0.0,1.0,inf,96485.0,inf,218.0,170.0,48.0,0.0,0.0,0.0,0.0,0.0,0.0
590.0,96660.0,269648.0,172988.0,86494.0,1.789654458928202,37.872756253382,227546.07447236896,0.42479308959354284,0.0,0.0,1.0,inf,96660.0,inf,216.0,175.0,41.0,0.0,0.0,0.0,0.0,0.0,0.0
591.0,96832.0,270138.0,173306.0,86653.0,1.7897595836087243,37.872756253382,227546.07447236896,0.4255489804626727,0.0,0.0,1.0,inf,96832.0,inf,215.0,172.0,43.0,0.0,0.0,0.0,0.0,0.0,0.0
592.0,97002.0,270622.0,173620.0,86810.0,1.7898600028865383,37.872756253382,227546.07447236896,0.4262960819030917,0.0,0.0,1.0,inf,97002.0,inf,219.0,170.0,49.0,0.0,0.0,0.0,0.0,0.0,0.0
593.0,97171.0,271095.0,173924.0,86962.0,1.7898755801628057,37.872756253382,227546.07447236896,0.4270387886291553,0.0,0.0,1.0,inf,97171.0,inf,219.0,169.0,50.0,0.0,0.0,0.0,0.0,0.0,0.0
594.0,97350.0,271602.0,174252.0,87126.0,1.7899537750385208,37.872756253382,227546.07447236896,0.42782544249877297,0.0,0.0,1.0,inf,97350.0,inf,216.0,179.0,37.0,0.0,0.0,0.0,0.0,0.0,0.0
595.0,97521.0,272079.0,174558.0,87279.0,1.7899529332143846,37.872756253382,227546.07447236896,0.4285769386535474,0.0,0.0,1.0,inf,97521.0,inf,212.0,171.0,41.0,0.0,0.0,0.0,0.0,0.0,0.0
596.0,97686.0,272546.0,174860.0,87430.0,1.790021087975759,37.872756253382,227546.07447236896,0.4293020665221894,0.0,0.0,1.0,inf,97686.0,inf,217.0,165.0,52.0,0.0,0.0,0.0,0.0,0.0,0.0
597.0,97861.0,273047.0,175186.0,87593.0,1.7901513371005815,38.67381666503883,242292.35526024227,0.4038963585742897,0.0,0.0,1.0,inf,97861.0,inf,220.0,175.0,45.0,0.0,0.0,0.0,0.0,0.0,0.0
598.0,98041.0,273551.0,175510.0,87755.0,1.7901694189165758,38.67381666503883,242292.35526024227,0.4046392627398242,0.0,0.0,1.0,inf,98041.0,inf,213.0,180.0,33.0,0.0,0.0,0.0,0.0,0.0,0.0
599.0,98221.0,274053.0,175832.0,87916.0,1.7901670722146994,38.67381666503883,242292.35526024227,0.4053821669053587,0.0,0.0,1.0,inf,98221.0,inf,214.0,180.0,34.0,0.0,0.0,0.0,0.0,0.0,0.0
600.0,98402.0,274560.0,176158.0,88079.0,1.7901871913172496,38.67381666503883,242292.35526024227,0.4061291983162573,0.0,0.0,1.0,inf,98402.0,inf,213.0,181.0,32.0,0.0,0.0,0.0,0.0,0.0,0.0
601.0,98587.0,275081.0,176494.0,88247.0,1.7902360351770517,38.67381666503883,242292.35526024227,0.4068927387086122,0.0,0.0,1.0,inf,98587.0,inf,218.0,185.0,33.0,0.0,0.0,0.0,0.0,0.0,0.0
602.0,98759.0,275563.0,176804.0,88402.0,1.7902570904930184,38.67381666503883,242292.35526024227,0.40760262491123406,0.0,0.0,1.0,inf,98759.0,inf,213.0,172.0,41.0,0.0,0.0,0.0,0.0,0.0,0.0
603.0,98936.0,276060.0,177124.0,88562.0,1.790288671464381,38.67381666503883,242292.35526024227,0.40833314734067633,0.0,0.0,1.0,inf,98936.0,inf,214.0,177.0,37.0,0.0,0.0,0.0,0.0,0.0,0.0
604.0,99110.0,276558.0,177448.0,88724.0,1.7904146907476541,38.67381666503883,242292.35526024227,0.40905128803402635,0.0,0.0,1.0,inf,99110.0,inf,215.0,174.0,41.0,0.0,0.0,0.0,0.0,0.0,0.0
605.0,99286.0,277042.0,177756.0,88878.0,1.7903430493725199,38.67381666503883,242292.35526024227,0.40977768321810454,0.0,0.0,1.0,inf,99286.0,inf,217.0,176.0,41.0,0.0,0.0,0.0,0.0,0.0,0.0
606.0,99466.0,277550.0,178084.0,89042.0,1.7904007399513402,38.67381666503883,242292.35526024227,0.41052058738363906,0.0,0.0,1.0,inf,99466.0,inf,218.0,180.0,38.0,0.0,0.0,0.0,0.0,0.0,0.0
607.0,99637.0,278043.0,178406.0,89203.0,1.7905597318265303,38.67381666503883,242292.35526024227,0.41122634634089683,0.0,0.0,1.0,inf,99637.0,inf,217.0,171.0,46.0,0.0,0.0,0.0,0.0,0.0,0.0
608.0,99817.0,278559.0,178742.0,89371.0,1.7906969754651012,38.67381666503883,242292.35526024227,0.4119692505064313,0.0,0.0,1.0,inf,99817.0,inf,216.0,180.0,36.0,0.0,0.0,0.0,0.0,0.0,0.0
609.0,99997.0,279073.0,179076.0,89538.0,1.7908137244117324,38.67381666503883,242292.35526024227,0.4127121546719658,0.0,0.0,1.0,inf,99997.0,inf,216.0,180.0,36.0,0.0,0.0,0.0,0.0,0.0,0.0
610.0,100174.0,279574.0,179400.0,89700.0,1.7908838620799807,38.67381666503883,242292.35526024227,0.4134426771014081,0.0,0.0,1.0,inf,100174.0,inf,218.0,177.0,41.0,0.0,0.0,0.0,0.0,0.0,0.0
611.0,100337.0,280035.0,179698.0,89849.0,1.790944516977785,38.67381666503883,242292.35526024227,0.4141154180957532,0.0,0.0,1.0,inf,100337.0,inf,214.0,163.0,51.0,0.0,0.0,0.0,0.0,0.0,0.0
612.0,100529.0,280581.0,180052.0,90026.0,1.7910453699927384,38.67381666503883,242292.35526024227,0.4149078492056567,0.0,0.0,1.0,inf,100529.0,inf,217.0,192.0,25.0,0.0,0.0,0.0,0.0,0.0,0.0
613.0,100697.0,281057.0,180360.0,90180.0,1.7911159220234962,38.67381666503883,242292.35526024227,0.41560122642682223,0.0,0.0,1.0,inf,100697.0,inf,217.0,168.0,49.0,0.0,0.0,0.0,0.0,0.0,0.0
614.0,100870.0,281542.0,180672.0,90336.0,1.7911371071676416,38.67381666503883,242292.35526024227,0.4163152398748082,0.0,0.0,1.0,inf,100870.0,inf,219.0,173.0,46.0,0.0,0.0,0.0,0.0,0.0,0.0
615.0,101039.0,282023.0,180984.0,90492.0,1.791229129346094,38.67381666503883,242292.35526024227,0.4170127443413378,0.0,0.0,1.0,inf,101039.0,inf,219.0,169.0,50.0,0.0,0.0,0.0,0.0,0.0,0.0
616.0,101210.0,282494.0,181284.0,90642.0,1.7911668807430097,38.67381666503883,242292.35526024227,0.41771850329859556,0.0,0.0,1.0,inf,101210.0,inf,216.0,171.0,45.0,0.0,0.0,0.0,0.0,0.0,0.0
617.0,101388.0,282982.0,181594.0,90797.0,1.7910798122065728,38.67381666503883,242292.35526024227,0.4184531529734019,0.0,0.0,1.0,inf,101388.0,inf,218.0,178.0,40.0,0.0,0.0,0.0,0.0,0.0,0.0
618.0,101555.0,283441.0,181886.0,90943.0,1.7910097976465955,38.67381666503883,242292.35526024227,0.41914240294920335,0.0,0.0,1.0,inf,101555.0,inf,213.0,167.0,46.0,0.0,0.0,0.0,0.0,0.0,0.0
619.0,101729.0,283933.0,182204.0,91102.0,1.7910723589143704,38.67381666503883,242292.35526024227,0.4198605436425534,0.0,0.0,1.0,inf,101729.0,inf,218.0,174.0,44.0,0.0,0.0,0.0,0.0,0.0,0.0
620.0,101905.0,284425.0,182520.0,91260.0,1.7910799273833473,38.67381666503883,242292.35526024227,0.42058693882663156,0.0,0.0,1.0,inf,101905.0,inf,218.0,176.0,42.0,0.0,0.0,0.0,0.0,0.0,0.0
621.0,102082.0,284920.0,182838.0,91419.0,1.791089516271233,38.67381666503883,242292.35526024227,0.42131746125607383,0.0,0.0,1.0,inf,102082.0,inf,215.0,177.0,38.0,0.0,0.0,0.0,0.0,0.0,0.0
622.0,102271.0,285457.0,183186.0,91593.0,1.7911822510780182,38.67381666503883,242292.35526024227,0.42209751062988504,0.0,0.0,1.0,inf,102271.0,inf,214.0,189.0,25.0,0.0,0.0,0.0,0.0,0.0,0.0
623.0,102442.0,285930.0,183488.0,91744.0,1.791140352589758,38.67381666503883,242292.35526024227,0.4228032695871428,0.0,0.0,1.0,inf,102442.0,inf,216.0,171.0,45.0,0.0,0.0,0.0,0.0,0.0,0.0
624.0,102617.0,286421.0,183804.0,91902.0,1.7911652065447246,38.67381666503883,242292.35526024227,0.4235255375258569,0.0,0.0,1.0,inf,102617.0,inf,211.0,175.0,36.0,0.0,0.0,0.0,0.0,0.0,0.0
625.0,102796.0,286926.0,184130.0,92065.0,1.7912175571033893,38.67381666503883,242292.35526024227,0.42426431444602736,0.0,0.0,1.0,inf,102796.0,inf,217.0,179.0,38.0,0.0,0.0,0.0,0.0,0.0,0.0
626.0,102959.0,287397.0,184438.0,92219.0,1.7913732650861023,38.67381666503883,242292.35526024227,0.4249370554403725,0.0,0.0,1.0,inf,102959.0,inf,218.0,163.0,55.0,0.0,0.0,0.0,0.0,0.0,0.0
627.0,103138.0,287886.0,184748.0,92374.0,1.7912699490003685,38.67381666503883,242292.35526024227,0.4256758323605429,0.0,0.0,1.0,inf,103138.0,inf,217.0,179.0,38.0,0.0,0.0,0.0,0.0,0.0,0.0
628.0,103309.0,288369.0,185060.0,92530.0,1.7913250539643206,38.67381666503883,242292.35526024227,0.4263815913178007,0.0,0.0,1.0,inf,103309.0,inf,217.0,171.0,46.0,0.0,0.0,0.0,0.0,0.0,0.0
629.0,103477.0,288833.0,185356.0,92678.0,1.7912772886728452,38.67381666503883,242292.35526024227,0.42707496853896626,0.0,0.0,1.0,inf,103477.0,inf,217.0,168.0,49.0,0.0,0.0,0.0,0.0,0.0,0.0
630.0,103645.0,289299.0,185654.0,92827.0,1.7912489748661296,38.67381666503883,242292.35526024227,0.4277683457601318,0.0,0.0,1.0,inf,103645.0,inf,216.0,168.0,48.0,0.0,0.0,0.0,0.0,0.0,0.0
631.0,103812.0,289762.0,185950.0,92975.0,1.791218741571302,38.67381666503883,242292.35526024227,0.4284575957359332,0.0,0.0,1.0,inf,103812.0,inf,218.0,167.0,51.0,0.0,0.0,0.0,0.0,0.0,0.0
632.0,103986.0,290236.0,186250.0,93125.0,1.7911064951051103,38.67381666503883,242292.35526024227,0.42917573642928325,0.0,0.0,1.0,inf,103986.0,inf,220.0,174.0,46.0,0.0,0.0,0.0,0.0,0.0,0.0
633.0,104161.0,290727.0,186566.0,93283.0,1.7911310375284415,38.67381666503883,242292.35526024227,0.42989800436799736,0.0,0.0,1.0,inf,104161.0,inf,217.0,175.0,42.0,0.0,0.0,0.0,0.0,0.0,0.0
634.0,104338.0,291230.0,186892.0,93446.0,1.7912170062680903,38.67381666503883,242292.35526024227,0.4306285267974396,0.0,0.0,1.0,inf,104338.0,inf,218.0,177.0,41.0,0.0,0.0,0.0,0.0,0.0,0.0
635.0,104508.0,291720.0,187212.0,93606.0,1.7913652543345964,38.67381666503883,242292.35526024227,0.4313301585093333,0.0,0.0,1.0,inf,104508.0,inf,214.0,170.0,44.0,0.0,0.0,0.0,0.0,0.0,0.0
636.0,104684.0,292206.0,187522.0,93761.0,1.791314814107218,38.67381666503883,242292.35526024227,0.4320565536934115,0.0,0.0,1.0,inf,104684.0,inf,219.0,176.0,43.0,0.0,0.0,0.0,0.0,0.0,0.0
637.0,104854.0,292678.0,187824.0,93912.0,1.7912907471341102,38.67381666503883,242292.35526024227,0.4327581854053052,0.0,0.0,1.0,inf,104854.0,inf,215.0,170.0,45.0,0.0,0.0,0.0,0.0,0.0,0.0
638.0,105028.0,293172.0,188144.0,94072.0,1.7913699204021785,38.67381666503883,242292.35526024227,0.4334763260986552,0.0,0.0,1.0,inf,105028.0,inf,217.0,174.0,43.0,0.0,0.0,0.0,0.0,0.0,0.0
639.0,105207.0,293685.0,188478.0,94239.0,1.7914967635233396,38.67381666503883,242292.35526024227,0.43421510301882565,0.0,0.0,1.0,inf,105207.0,inf,218.0,179.0,39.0,0.0,0.0,0.0,0.0,0.0,0.0
640.0,105370.0,294126.0,188756.0,94378.0,1.7913637657777357,38.67381666503883,242292.35526024227,0.43488784401317077,0.0,0.0,1.0,inf,105370.0,inf,217.0,163.0,54.0,0.0,0.0,0.0,0.0,0.0,0.0
641.0,105542.0,294588.0,189046.0,94523.0,1.7911921320422202,38.67381666503883,242292.35526024227,0.4355977302157926,0.0,0.0,1.0,inf,105542.0,inf,218.0,172.0,46.0,0.0,0.0,0.0,0.0,0.0,0.0
642.0,105712.0,295058.0,189346.0,94673.0,1.791149538368397,38.67381666503883,242292.35526024227,0.4362993619276863,0.0,0.0,1.0,inf,105712.0,inf,218.0,170.0,48.0,0.0,0.0,0.0,0.0,0.0,0.0
643.0,105888.0,295556.0,189668.0,94834.0,1.7912133575098217,38.67381666503883,242292.35526024227,0.4370257571117645,0.0,0.0,1.0,inf,105888.0,inf,217.0,176.0,41.0,0.0,0.0,0.0,0.0,0.0,0.0
644.0,106066.0,296048.0,189982.0,94991.0,1.7911677634680294,38.67381666503883,242292.35526024227,0.43776040678657085,0.0,0.0,1.0,inf,106066.0,inf,219.0,178.0,41.0,0.0,0.0,0.0,0.0,0.0,0.0
645.0,106235.0,296505.0,190270.0,95135.0,1.7910293217866051,38.67381666503883,242292.35526024227,0.43845791125310046,0.0,0.0,1.0,inf,106235.0,inf,217.0,169.0,48.0,0.0,0.0,0.0,0.0,0.0,0.0
646.0,106406.0,296990.0,190584.0,95292.0,1.791102005526004,38.67381666503883,242292.35526024227,0.43916367021035824,0.0,0.0,1.0,inf,106406.0,inf,218.0,171.0,47.0,0.0,0.0,0.0,0.0,0.0,0.0
647.0,106569.0,297437.0,190868.0,95434.0,1.7910274094717975,38.67381666503883,242292.35526024227,0.4398364112047034,0.0,0.0,1.0,inf,106569.0,inf,220.0,163.0,57.0,0.0,0.0,0.0,0.0,0.0,0.0
648.0,106748.0,297934.0,191186.0,95593.0,1.791003110128527,38.67381666503883,242292.35526024227,0.44057518812487384,0.0,0.0,1.0,inf,106748.0,inf,216.0,179.0,37.0,0.0,0.0,0.0,0.0,0.0,0.0
649.0,106920.0,298418.0,191498.0,95749.0,1.7910400299289189,38.67381666503883,242292.35526024227,0.4412850743274957,0.0,0.0,1.0,inf,106920.0,inf,215.0,172.0,43.0,0.0,0.0,0.0,0.0,0.0,0.0
650.0,107082.0,298878.0,191796.0,95898.0,1.7911133523841543,38.67381666503883,242292.35526024227,0.4419536880764767,0.0,0.0,1.0,inf,107082.0,inf,216.0,162.0,54.0,0.0,0.0,0.0,0.0,0.0,0.0
651.0,107238.0,299326.0,192088.0,96044.0,1.7912307204535705,38.67381666503883,242292.35526024227,0.4425975383532733,0.0,0.0,1.0,inf,107238.0,inf,216.0,156.0,60.0,0.0,0.0,0.0,0.0,0.0,0.0
652.0,107412.0,299806.0,192394.0,96197.0,1.7911778944624437,38.67381666503883,242292.35526024227,0.44331567904662333,0.0,0.0,1.0,inf,107412.0,inf,219.0,174.0,45.0,0.0,0.0,0.0,0.0,0.0,0.0
653.0,107590.0,300288.0,192698.0,96349.0,1.7910400594850822,38.67381666503883,242292.35526024227,0.4440503287214297,0.0,0.0,1.0,inf,107590.0,inf,218.0,178.0,40.0,0.0,0.0,0.0,0.0,0.0,0.0
654.0,107763.0,300759.0,192996.0,96498.0,1.790930096600874,38.67381666503883,242292.35526024227,0.4447643421694156,0.0,0.0,1.0,inf,107763.0,inf,219.0,173.0,46.0,0.0,0.0,0.0,0.0,0.0,0.0
655.0,107932.0,301234.0,193302.0,96651.0,1.7909609754289737,38.67381666503883,242292.35526024227,0.44546184663594524,0.0,0.0,1.0,inf,107932.0,inf,218.0,169.0,49.0,0.0,0.0,0.0,0.0,0.0,0.0
656.0,108095.0,301689.0,193594.0,96797.0,1.7909616541005597,38.67381666503883,242292.35526024227,0.44613458763029035,0.0,0.0,1.0,inf,108095.0,inf,219.0,163.0,56.0,0.0,0.0,0.0,0.0,0.0,0.0
657.0,108257.0,302141.0,193884.0,96942.0,1.7909603997893901,38.67381666503883,242292.35526024227,0.44680320137927143,0.0,0.0,1.0,inf,108257.0,inf,217.0,162.0,55.0,0.0,0.0,0.0,0.0,0.0,0.0
658.0,108420.0,302586.0,194166.0,97083.0,1.790868843386829,38.67381666503883,242292.35526024227,0.44747594237361654,0.0,0.0,1.0,inf,108420.0,inf,218.0,163.0,55.0,0.0,0.0,0.0,0.0,0.0,0.0
659.0,108586.0,303056.0,194470.0,97235.0,1.7909306908809608,38.67381666503883,242292.35526024227,0.4481610651040539,0.0,0.0,1.0,inf,108586.0,inf,219.0,166.0,53.0,0.0,0.0,0.0,0.0,0.0,0.0
660.0,108743.0,303483.0,194740.0,97370.0,1.7908279153600692,38.67381666503883,242292.35526024227,0.44880904262621457,0.0,0.0,1.0,inf,108743.0,inf,217.0,157.0,60.0,0.0,0.0,0.0,0.0,0.0,0.0
661.0,108920.0,303986.0,195066.0,97533.0,1.790910760190966,38.67381666503883,242292.35526024227,0.44953956505565684,0.0,0.0,1.0,inf,108920.0,inf,219.0,177.0,42.0,0.0,0.0,0.0,0.0,0.0,0.0
662.0,109084.0,304436.0,195352.0,97676.0,1.790840086538814,38.67381666503883,242292.35526024227,0.45021643329536604,0.0,0.0,1.0,inf,109084.0,inf,219.0,164.0,55.0,0.0,0.0,0.0,0.0,0.0,0.0
663.0,109257.0,304909.0,195652.0,97826.0,1.790750249411937,38.67381666503883,242292.35526024227,0.450930446743352,0.0,0.0,1.0,inf,109257.0,inf,218.0,173.0,45.0,0.0,0.0,0.0,0.0,0.0,0.0
664.0,109426.0,305368.0,195942.0,97971.0,1.7906347668744174,38.67381666503883,242292.35526024227,0.45162795120988164,0.0,0.0,1.0,inf,109426.0,inf,217.0,169.0,48.0,0.0,0.0,0.0,0.0,0.0,0.0
665.0,109594.0,305834.0,196240.0,98120.0,1.7906089749438838,38.67381666503883,242292.35526024227,0.45232132843104716,0.0,0.0,1.0,inf,109594.0,inf,219.0,168.0,51.0,0.0,0.0,0.0,0.0,0.0,0.0
666.0,109756.0,306272.0,196516.0,98258.0,1.7904807026495135,38.67381666503883,242292.35526024227,0.4529899421800282,0.0,0.0,1.0,inf,109756.0,inf,220.0,162.0,58.0,0.0,0.0,0.0,0.0,0.0,0.0
667.0,109924.0,306722.0,196798.0,98399.0,1.7903096684982351,38.67381666503883,242292.35526024227,0.4536833194011937,0.0,0.0,1.0,inf,109924.0,inf,219.0,168.0,51.0,0.0,0.0,0.0,0.0,0.0,0.0
668.0,110097.0,307207.0,197110.0,98555.0,1.7903303450593568,38.67381666503883,242292.35526024227,0.4543973328491797,0.0,0.0,1.0,inf,110097.0,inf,218.0,173.0,45.0,0.0,0.0,0.0,0.0,0.0,0.0
669.0,110253.0,307645.0,197392.0,98696.0,1.790354910977479,38.67381666503883,242292.35526024227,0.45504118312597625,0.0,0.0,1.0,inf,110253.0,inf,217.0,156.0,61.0,0.0,0.0,0.0,0.0,0.0,0.0
670.0,110426.0,308118.0,197692.0,98846.0,1.790266784996287,38.67381666503883,242292.35526024227,0.4557551965739622,0.0,0.0,1.0,inf,110426.0,inf,219.0,173.0,46.0,0.0,0.0,0.0,0.0,0.0,0.0
671.0,110591.0,308579.0,197988.0,98994.0,1.790272264469984,38.67381666503883,242292.35526024227,0.4564361920590355,0.0,0.0,1.0,inf,110591.0,inf,217.0,165.0,52.0,0.0,0.0,0.0,0.0,0.0,0.0
672.0,110766.0,309064.0,198298.0,99149.0,1.790242493183829,38.67381666503883,242292.35526024227,0.4571584599977496,0.0,0.0,1.0,inf,110766.0,inf,219.0,175.0,44.0,0.0,0.0,0.0,0.0,0.0,0.0
673.0,110937.0,309525.0,198588.0,99294.0,1.790097082127694,38.67381666503883,242292.35526024227,0.4578642189550074,0.0,0.0,1.0,inf,110937.0,inf,218.0,171.0,47.0,0.0,0.0,0.0,0.0,0.0,0.0
674.0,111102.0,310000.0,198898.0,99449.0,1.7902287987614984,38.67381666503883,242292.35526024227,0.4585452144400807,0.0,0.0,1.0,inf,111102.0,inf,217.0,165.0,52.0,0.0,0.0,0.0,0.0,0.0,0.0
675.0,111251.0,310419.0,199168.0,99584.0,1.790258065096044,38.67381666503883,242292.35526024227,0.4591601739993287,0.0,0.0,1.0,inf,111251.0,inf,219.0,149.0,70.0,0.0,0.0,0.0,0.0,0.0,0.0
676.0,111428.0,310912.0,199484.0,99742.0,1.7902502064113148,38.67381666503883,242292.35526024227,0.45989069642877095,0.0,0.0,1.0,inf,111428.0,inf,219.0,177.0,42.0,0.0,0.0,0.0,0.0,0.0,0.0
677.0,111603.0,311389.0,199786.0,99893.0,1.7901490103312634,38.67381666503883,242292.35526024227,0.46061296436748506,0.0,0.0,1.0,inf,111603.0,inf,220.0,175.0,45.0,0.0,0.0,0.0,0.0,0.0,0.0
678.0,111758.0,311814.0,200056.0,100028.0,1.7900821417706114,38.67381666503883,242292.35526024227,0.4612526873989175,0.0,0.0,1.0,inf,111758.0,inf,217.0,155.0,62.0,0.0,0.0,0.0,0.0,0.0,0.0
679.0,111919.0,312265.0,200346.0,100173.0,1.7900981960167621,38.67381666503883,242292.35526024227,0.4619171739025345,0.0,0.0,1.0,inf,111919.0,inf,216.0,161.0,55.0,0.0,0.0,0.0,0.0,0.0,0.0
680.0,112091.0,312729.0,200638.0,100319.0,1.7899563747312452,38.67381666503883,242292.35526024227,0.46262706010515636,0.0,0.0,1.0,inf,112091.0,inf,220.0,172.0,48.0,0.0,0.0,0.0,0.0,0.0,0.0
681.0,112244.0,313142.0,200898.0,100449.0,1.7898328641174583,38.67381666503883,242292.35526024227,0.4632585286458607,0.0,0.0,1.0,inf,112244.0,inf,218.0,153.0,65.0,0.0,0.0,0.0,0.0,0.0,0.0
682.0,112407.0,313597.0,201190.0,100595.0,1.7898351526150507,38.67381666503883,242292.35526024227,0.4639312696402058,0.0,0.0,1.0,inf,112407.0,inf,220.0,163.0,57.0,0.0,0.0,0.0,0.0,0.0,0.0
683.0,112562.0,314014.0,201452.0,100726.0,1.7896981219239174,38.67381666503883,242292.35526024227,0.4645709926716383,0.0,0.0,1.0,inf,112562.0,inf,218.0,155.0,63.0,0.0,0.0,0.0,0.0,0.0,0.0
684.0,112727.0,314473.0,201746.0,100873.0,1.7896865879514225,38.67381666503883,242292.35526024227,0.4652519881567116,0.0,0.0,1.0,inf,112727.0,inf,220.0,165.0,55.0,0.0,0.0,0.0,0.0,0.0,0.0
685.0,112891.0,314935.0,202044.0,101022.0,1.7897263732272723,38.67381666503883,242292.35526024227,0.46592885639642084,0.0,0.0,1.0,inf,112891.0,inf,218.0,164.0,54.0,0.0,0.0,0.0,0.0,0.0,0.0
686.0,113059.0,315387.0,202328.0,101164.0,1.7895788924366924,38.67381666503883,242292.35526024227,0.46662223361758637,0.0,0.0,1.0,inf,113059.0,inf,218.0,168.0,50.0,0.0,0.0,0.0,0.0,0.0,0.0
687.0,113224.0,315840.0,202616.0,101308.0,1.789514590546174,38.67381666503883,242292.35526024227,0.46730322910265965,0.0,0.0,1.0,inf,113224.0,inf,217.0,165.0,52.0,0.0,0.0,0.0,0.0,0.0,0.0
688.0,113385.0,316287.0,202902.0,101451.0,1.7894959650747453,38.67381666503883,242292.35526024227,0.46796771560627665,0.0,0.0,1.0,inf,113385.0,inf,217.0,161.0,56.0,0.0,0.0,0.0,0.0,0.0,0.0
689.0,113533.0,316705.0,203172.0,101586.0,1.7895413668272662,38.67381666503883,242292.35526024227,0.46857854792016057,0.0,0.0,1.0,inf,113533.0,inf,219.0,148.0,71.0,0.0,0.0,0.0,0.0,0.0,0.0
690.0,113697.0,317161.0,203464.0,101732.0,1.789528307695014,38.67381666503883,242292.35526024227,0.46925541615986976,0.0,0.0,1.0,inf,113697.0,inf,217.0,164.0,53.0,0.0,0.0,0.0,0.0,0.0,0.0
691.0,113863.0,317623.0,203760.0,101880.0,1.7895189833396274,38.67381666503883,242292.35526024227,0.4699405388903072,0.0,0.0,1.0,inf,113863.0,inf,219.0,166.0,53.0,0.0,0.0,0.0,0.0,0.0,0.0
692.0,114023.0,318069.0,204046.0,102023.0,1.789516150250388,38.67381666503883,242292.35526024227,0.47060089814856004,0.0,0.0,1.0,inf,114023.0,inf,217.0,160.0,57.0,0.0,0.0,0.0,0.0,0.0,0.0
693.0,114177.0,318485.0,204308.0,102154.0,1.7893971640523048,38.67381666503883,242292.35526024227,0.47123649393462846,0.0,0.0,1.0,inf,114177.0,inf,219.0,154.0,65.0,0.0,0.0,0.0,0.0,0.0,0.0
694.0,114336.0,318930.0,204594.0,102297.0,1.7894101595298069,38.67381666503883,242292.35526024227,0.47189272594751724,0.0,0.0,1.0,inf,114336.0,inf,217.0,159.0,58.0,0.0,0.0,0.0,0.0,0.0,0.0
695.0,114489.0,319349.0,204860.0,102430.0,1.7893422075483234,38.67381666503883,242292.35526024227,0.4725241944882216,0.0,0.0,1.0,inf,114489.0,inf,220.0,153.0,67.0,0.0,0.0,0.0,0.0,0.0,0.0
696.0,114642.0,319768.0,205126.0,102563.0,1.7892744369428306,38.67381666503883,242292.35526024227,0.4731556630289259,0.0,0.0,1.0,inf,114642.0,inf,219.0,153.0,66.0,0.0,0.0,0.0,0.0,0.0,0.0
697.0,114802.0,320214.0,205412.0,102706.0,1.7892719639030679,38.67381666503883,242292.35526024227,0.47381602228717884,0.0,0.0,1.0,inf,114802.0,inf,216.0,160.0,56.0,0.0,0.0,0.0,0.0,0.0,0.0
698.0,114968.0,320672.0,205704.0,102852.0,1.7892283070071673,38.67381666503883,242292.35526024227,0.4745011450176162,0.0,0.0,1.0,inf,114968.0,inf,219.0,166.0,53.0,0.0,0.0,0.0,0.0,0.0,0.0
699.0,115128.0,321110.0,205982.0,102991.0,1.7891564172051977,38.67381666503883,242292.35526024227,0.47516150427586906,0.0,0.0,1.0,inf,115128.0,inf,219.0,160.0,59.0,0.0,0.0,0.0,0.0,0.0,0.0
700.0,115288.0,321548.0,206260.0,103130.0,1.789084726944695,38.67381666503883,242292.35526024227,0.475821863534122,0.0,0.0,1.0,inf,115288.0,inf,220.0,160.0,60.0,0.0,0.0,0.0,0.0,0.0,0.0
