t,site_subsystems,total_subsystems,interface_subsystems,n_links,mean_degree,frontier_radius,volume_proxy,density,energy_remaining,energy_density,creation_rate_modifier,memory_total,memory_bound,memory_free,birth_attempts,births_accepted,births_reject_exclusion,births_reject_memory,births_reject_energy,deaths_attempted,deaths_executed,links_attempted_random,links_added_random
0.0,2.0,4.0,2.0,1.0,1.0,0.1648374433936455,0.01876101019577425,106.60406764506115,0.0,0.0,1.0,inf,2.0,inf,0.0,0.0,0.0,0.0,0.0,0.0,0.0,0.0,0.0
1.0,2.0,4.0,2.0,1.0,1.0,0.1648374433936455,0.01876101019577425,106.60406764506115,0.0,0.0,1.0,inf,2.0,inf,0.0,0.0,0.0,0.0,0.0,0.0,0.0,0.0,0.0
2.0,215.0,603.0,388.0,194.0,1.8046511627906976,12.964157923266955,9126.863337268784,0.023556833498543303,0.0,0.0,1.0,inf,215.0,inf,220.0,213.0,7.0,0.0,0.0,0.0,0.0,0.0,0.0
3.0,215.0,603.0,388.0,194.0,1.8046511627906976,12.964157923266955,9126.863337268784,0.023556833498543303,0.0,0.0,1.0,inf,215.0,inf,0.0,0.0,0.0,0.0,0.0,0.0,0.0,0.0,0.0
4.0,426.0,1212.0,786.0,393.0,1.8450704225352113,16.049513342637496,17317.062076447935,0.024600015760143354,0.0,0.0,1.0,inf,426.0,inf,220.0,211.0,9.0,0.0,0.0,0.0,0.0,0.0,0.0
5.0,426.0,1212.0,786.0,393.0,1.8450704225352113,16.049513342637496,17317.062076447935,0.024600015760143354,0.0,0.0,1.0,inf,426.0,inf,0.0,0.0,0.0,0.0,0.0,0.0,0.0,0.0,0.0
6.0,635.0,1805.0,1170.0,585.0,1.8425196850393701,16.61424809831682,19210.146797952602,0.03305544755481398,0.0,0.0,1.0,inf,635.0,inf,220.0,209.0,11.0,0.0,0.0,0.0,0.0,0.0,0.0
7.0,704.0,1968.0,1264.0,632.0,1.7954545454545454,16.61424809831682,19210.146797952602,0.0366472993363607,0.0,0.0,1.0,inf,704.0,inf,73.0,69.0,4.0,0.0,0.0,0.0,0.0,0.0,0.0
8.0,862.0,2408.0,1546.0,773.0,1.7935034802784222,17.8879230061261,23975.537927884932,0.03595331218814675,0.0,0.0,1.0,inf,862.0,inf,167.0,158.0,9.0,0.0,0.0,0.0,0.0,0.0,0.0
9.0,996.0,2752.0,1756.0,878.0,1.7630522088353413,18.694820139275205,27368.59373914045,0.036392078069235896,0.0,0.0,1.0,inf,996.0,inf,142.0,134.0,8.0,0.0,0.0,0.0,0.0,0.0,0.0
10.0,1100.0,3030.0,1930.0,965.0,1.7545454545454546,18.92882127373422,28409.22073591565,0.03871982305411681,0.0,0.0,1.0,inf,1100.0,inf,108.0,104.0,4.0,0.0,0.0,0.0,0.0,0.0,0.0
11.0,1250.0,3444.0,2194.0,1097.0,1.7552,20.498344506721565,36078.209230452085,0.03464695245863057,0.0,0.0,1.0,inf,1250.0,inf,161.0,150.0,11.0,0.0,0.0,0.0,0.0,0.0,0.0
12.0,1336.0,3672.0,2336.0,1168.0,1.748502994011976,20.498344506721565,36078.209230452085,0.03703066278778435,0.0,0.0,1.0,inf,1336.0,inf,89.0,86.0,3.0,0.0,0.0,0.0,0.0,0.0,0.0
13.0,1472.0,4050.0,2578.0,1289.0,1.7513586956521738,21.65260805396347,42522.54534821177,0.034616930570500366,0.0,0.0,1.0,inf,1472.0,inf,136.0,136.0,0.0,0.0,0.0,0.0,0.0,0.0,0.0
14.0,1585.0,4361.0,2776.0,1388.0,1.7514195583596215,22.046461379563247,44885.419146880056,0.03531213543563783,0.0,0.0,1.0,inf,1585.0,inf,116.0,113.0,3.0,0.0,0.0,0.0,0.0,0.0,0.0
15.0,1710.0,4686.0,2976.0,1488.0,1.7403508771929825,22.359009303509154,46821.6031091073,0.03652160298773253,0.0,0.0,1.0,inf,1710.0,inf,132.0,125.0,7.0,0.0,0.0,0.0,0.0,0.0,0.0
16.0,1839.0,5041.0,3202.0,1601.0,1.741163675910821,22.359009303509154,46821.6031091073,0.039276741458736913,0.0,0.0,1.0,inf,1839.0,inf,139.0,129.0,10.0,0.0,0.0,0.0,0.0,0.0,0.0
17.0,1983.0,5425.0,3442.0,1721.0,1.735753908219869,22.755027768296447,49353.813855743894,0.04017926569557734,0.0,0.0,1.0,inf,1983.0,inf,159.0,144.0,15.0,0.0,0.0,0.0,0.0,0.0,0.0
18.0,2137.0,5841.0,3704.0,1852.0,1.7332709405708937,22.828401053148355,49832.77710384551,0.042883421799807565,0.0,0.0,1.0,inf,2137.0,inf,167.0,154.0,13.0,0.0,0.0,0.0,0.0,0.0,0.0
19.0,2297.0,6275.0,3978.0,1989.0,1.7318241184153242,22.828401053148355,49832.77710384551,0.046094159978548425,0.0,0.0,1.0,inf,2297.0,inf,171.0,160.0,11.0,0.0,0.0,0.0,0.0,0.0,0.0
20.0,2451.0,6699.0,4248.0,2124.0,1.733170134638923,22.944902020265374,50599.6172599728,0.048439101572787614,0.0,0.0,1.0,inf,2451.0,inf,172.0,154.0,18.0,0.0,0.0,0.0,0.0,0.0,0.0
21.0,2622.0,7166.0,4544.0,2272.0,1.7330282227307399,23.40408637334761,53698.689369506996,0.04882800736453193,0.0,0.0,1.0,inf,2622.0,inf,193.0,171.0,22.0,0.0,0.0,0.0,0.0,0.0,0.0
22.0,2779.0,7577.0,4798.0,2399.0,1.726520331054336,23.40408637334761,53698.689369506996,0.051751728629303675,0.0,0.0,1.0,inf,2779.0,inf,182.0,157.0,25.0,0.0,0.0,0.0,0.0,0.0,0.0
23.0,2933.0,7999.0,5066.0,2533.0,1.7272417320150018,24.207047025712857,59417.455679997714,0.049362598354869724,0.0,0.0,1.0,inf,2933.0,inf,180.0,154.0,26.0,0.0,0.0,0.0,0.0,0.0,0.0
24.0,3095.0,8449.0,5354.0,2677.0,1.729886914378029,24.207047025712857,59417.455679997714,0.05208906986304869,0.0,0.0,1.0,inf,3095.0,inf,193.0,162.0,31.0,0.0,0.0,0.0,0.0,0.0,0.0
25.0,3227.0,8795.0,5568.0,2784.0,1.725441586612953,24.207047025712857,59417.455679997714,0.0543106392400834,0.0,0.0,1.0,inf,3227.0,inf,171.0,132.0,39.0,0.0,0.0,0.0,0.0,0.0,0.0
26.0,3393.0,9241.0,5848.0,2924.0,1.7235484821691718,24.207047025712857,59417.455679997714,0.05710443103241493,0.0,0.0,1.0,inf,3393.0,inf,196.0,166.0,30.0,0.0,0.0,0.0,0.0,0.0,0.0
27.0,3560.0,9690.0,6130.0,3065.0,1.7219101123595506,24.207047025712857,59417.455679997714,0.059915052895784596,0.0,0.0,1.0,inf,3560.0,inf,193.0,167.0,26.0,0.0,0.0,0.0,0.0,0.0,0.0
28.0,3721.0,10119.0,6398.0,3199.0,1.7194302606826122,24.443778640927516,61177.76906805372,0.06082274748954618,0.0,0.0,1.0,inf,3721.0,inf,192.0,161.0,31.0,0.0,0.0,0.0,0.0,0.0,0.0
29.0,3891.0,10595.0,6704.0,3352.0,1.7229503983551786,24.443778640927516,61177.76906805372,0.0636015346632153,0.0,0.0,1.0,inf,3891.0,inf,198.0,170.0,28.0,0.0,0.0,0.0,0.0,0.0,0.0
30.0,4040.0,11010.0,6970.0,3485.0,1.7252475247524752,24.866918017079094,64410.17764354701,0.06272300663969292,0.0,0.0,1.0,inf,4040.0,inf,192.0,149.0,43.0,0.0,0.0,0.0,0.0,0.0,0.0
31.0,4203.0,11437.0,7234.0,3617.0,1.7211515584106591,24.866918017079094,64410.17764354701,0.06525366260065084,0.0,0.0,1.0,inf,4203.0,inf,194.0,163.0,31.0,0.0,0.0,0.0,0.0,0.0,0.0
32.0,4358.0,11864.0,7506.0,3753.0,1.7223497016980267,24.866918017079094,64410.17764354701,0.0676601145880648,0.0,0.0,1.0,inf,4358.0,inf,193.0,155.0,38.0,0.0,0.0,0.0,0.0,0.0,0.0
33.0,4507.0,12275.0,7768.0,3884.0,1.7235411581983582,24.947527791444365,65038.595567297474,0.06929731432064005,0.0,0.0,1.0,inf,4507.0,inf,198.0,149.0,49.0,0.0,0.0,0.0,0.0,0.0,0.0
34.0,4667.0,12721.0,8054.0,4027.0,1.7257338761517034,24.947527791444365,65038.595567297474,0.07175739204225141,0.0,0.0,1.0,inf,4667.0,inf,199.0,160.0,39.0,0.0,0.0,0.0,0.0,0.0,0.0
35.0,4837.0,13187.0,8350.0,4175.0,1.7262766177382676,25.102598374129315,66258.96419412039,0.07300144303235606,0.0,0.0,1.0,inf,4837.0,inf,207.0,170.0,37.0,0.0,0.0,0.0,0.0,0.0,0.0
36.0,4994.0,13636.0,8642.0,4321.0,1.7304765718862636,25.102598374129315,66258.96419412039,0.07537093374066285,0.0,0.0,1.0,inf,4994.0,inf,200.0,157.0,43.0,0.0,0.0,0.0,0.0,0.0,0.0
37.0,5138.0,14042.0,8904.0,4452.0,1.7329700272479565,25.102598374129315,66258.96419412039,0.07754422458140282,0.0,0.0,1.0,inf,5138.0,inf,203.0,144.0,59.0,0.0,0.0,0.0,0.0,0.0,0.0
38.0,5284.0,14456.0,9172.0,4586.0,1.7358062074186222,25.102598374129315,66258.96419412039,0.07974770001715309,0.0,0.0,1.0,inf,5284.0,inf,207.0,146.0,61.0,0.0,0.0,0.0,0.0,0.0,0.0
39.0,5441.0,14885.0,9444.0,4722.0,1.7357103473626172,25.102598374129315,66258.96419412039,0.08211719072545987,0.0,0.0,1.0,inf,5441.0,inf,207.0,157.0,50.0,0.0,0.0,0.0,0.0,0.0,0.0
40.0,5588.0,15280.0,9692.0,4846.0,1.7344309234073014,25.159353831347744,66709.40361315443,0.08376630126098297,0.0,0.0,1.0,inf,5588.0,inf,202.0,147.0,55.0,0.0,0.0,0.0,0.0,0.0,0.0
41.0,5721.0,15655.0,9934.0,4967.0,1.7364097185806677,25.159353831347744,66709.40361315443,0.08576002317718032,0.0,0.0,1.0,inf,5721.0,inf,202.0,133.0,69.0,0.0,0.0,0.0,0.0,0.0,0.0
42.0,5877.0,16083.0,10206.0,5103.0,1.7366003062787136,25.28407029905808,67706.37725791485,0.08680127689615798,0.0,0.0,1.0,inf,5877.0,inf,207.0,156.0,51.0,0.0,0.0,0.0,0.0,0.0,0.0
43.0,6023.0,16491.0,10468.0,5234.0,1.738004316785655,25.858170486501088,72423.91418658364,0.08316313841424144,0.0,0.0,1.0,inf,6023.0,inf,200.0,146.0,54.0,0.0,0.0,0.0,0.0,0.0,0.0
44.0,6179.0,16917.0,10738.0,5369.0,1.7378216539893188,25.858170486501088,72423.91418658364,0.08531712307182432,0.0,0.0,1.0,inf,6179.0,inf,208.0,156.0,52.0,0.0,0.0,0.0,0.0,0.0,0.0
45.0,6335.0,17363.0,11028.0,5514.0,1.7408050513022888,25.858170486501088,72423.91418658364,0.0874711077294072,0.0,0.0,1.0,inf,6335.0,inf,204.0,156.0,48.0,0.0,0.0,0.0,0.0,0.0,0.0
46.0,6480.0,17778.0,11298.0,5649.0,1.7435185185185185,25.858170486501088,72423.91418658364,0.08947320885344257,0.0,0.0,1.0,inf,6480.0,inf,203.0,145.0,58.0,0.0,0.0,0.0,0.0,0.0,0.0
47.0,6637.0,18221.0,11584.0,5792.0,1.7453668826276931,25.858170486501088,72423.91418658364,0.0916410011049843,0.0,0.0,1.0,inf,6637.0,inf,216.0,157.0,59.0,0.0,0.0,0.0,0.0,0.0,0.0
48.0,6791.0,18661.0,11870.0,5935.0,1.7479016345162715,25.858170486501088,72423.91418658364,0.09376737057464946,0.0,0.0,1.0,inf,6791.0,inf,212.0,154.0,58.0,0.0,0.0,0.0,0.0,0.0,0.0
49.0,6942.0,19080.0,12138.0,6069.0,1.748487467588591,25.858170486501088,72423.91418658364,0.09585231726243801,0.0,0.0,1.0,inf,6942.0,inf,211.0,151.0,60.0,0.0,0.0,0.0,0.0,0.0,0.0
50.0,7091.0,19497.0,12406.0,6203.0,1.7495416725426598,25.957038721272507,73257.82900639497,0.09679511522762978,0.0,0.0,1.0,inf,7091.0,inf,206.0,149.0,57.0,0.0,0.0,0.0,0.0,0.0,0.0
51.0,7239.0,19911.0,12672.0,6336.0,1.7505180273518441,25.957038721272507,73257.82900639497,0.09881537711645917,0.0,0.0,1.0,inf,7239.0,inf,204.0,148.0,56.0,0.0,0.0,0.0,0.0,0.0,0.0
52.0,7392.0,20340.0,12948.0,6474.0,1.7516233766233766,26.18596593796412,75213.25866241551,0.09828054430107845,0.0,0.0,1.0,inf,7392.0,inf,200.0,153.0,47.0,0.0,0.0,0.0,0.0,0.0,0.0
53.0,7529.0,20719.0,13190.0,6595.0,1.7518926816310267,26.18596593796412,75213.25866241551,0.10010203166163686,0.0,0.0,1.0,inf,7529.0,inf,199.0,137.0,62.0,0.0,0.0,0.0,0.0,0.0,0.0
54.0,7675.0,21131.0,13456.0,6728.0,1.7532247557003258,26.18596593796412,75213.25866241551,0.1020431787758086,0.0,0.0,1.0,inf,7675.0,inf,211.0,146.0,65.0,0.0,0.0,0.0,0.0,0.0,0.0
55.0,7828.0,21548.0,13720.0,6860.0,1.7526826775677056,26.18596593796412,75213.25866241551,0.10407739458723514,0.0,0.0,1.0,inf,7828.0,inf,214.0,153.0,61.0,0.0,0.0,0.0,0.0,0.0,0.0
56.0,7985.0,21975.0,13990.0,6995.0,1.752035065748278,26.18596593796412,75213.25866241551,0.10616479251137871,0.0,0.0,1.0,inf,7985.0,inf,215.0,157.0,58.0,0.0,0.0,0.0,0.0,0.0,0.0
57.0,8138.0,22396.0,14258.0,7129.0,1.7520275251904645,26.18596593796412,75213.25866241551,0.10819900832280525,0.0,0.0,1.0,inf,8138.0,inf,207.0,153.0,54.0,0.0,0.0,0.0,0.0,0.0,0.0
58.0,8286.0,22810.0,14524.0,7262.0,1.7528361090996862,26.18596593796412,75213.25866241551,0.11016674649333551,0.0,0.0,1.0,inf,8286.0,inf,213.0,148.0,65.0,0.0,0.0,0.0,0.0,0.0,0.0
59.0,8425.0,23205.0,14780.0,7390.0,1.7543026706231455,26.18596593796412,75213.25866241551,0.11201482491025243,0.0,0.0,1.0,inf,8425.0,inf,210.0,139.0,71.0,0.0,0.0,0.0,0.0,0.0,0.0
60.0,8565.0,23593.0,15028.0,7514.0,1.7545826036193812,26.18596593796412,75213.25866241551,0.11387619885534861,0.0,0.0,1.0,inf,8565.0,inf,215.0,140.0,75.0,0.0,0.0,0.0,0.0,0.0,0.0
61.0,8714.0,23998.0,15284.0,7642.0,1.7539591462015147,26.18596593796412,75213.25866241551,0.11585723255405812,0.0,0.0,1.0,inf,8714.0,inf,210.0,149.0,61.0,0.0,0.0,0.0,0.0,0.0,0.0
62.0,8867.0,24405.0,15538.0,7769.0,1.7523401375888124,26.18596593796412,75213.25866241551,0.11789144836548467,0.0,0.0,1.0,inf,8867.0,inf,214.0,153.0,61.0,0.0,0.0,0.0,0.0,0.0,0.0
63.0,9013.0,24823.0,15810.0,7905.0,1.7541329191168313,26.329047495028842,76452.91574724452,0.11788955217610313,0.0,0.0,1.0,inf,9013.0,inf,213.0,146.0,67.0,0.0,0.0,0.0,0.0,0.0,0.0
64.0,9155.0,25229.0,16074.0,8037.0,1.7557618787547788,26.329047495028842,76452.91574724452,0.11974690449042763,0.0,0.0,1.0,inf,9155.0,inf,211.0,142.0,69.0,0.0,0.0,0.0,0.0,0.0,0.0
65.0,9299.0,25619.0,16320.0,8160.0,1.7550274223034734,26.329047495028842,76452.91574724452,0.12163041669650317,0.0,0.0,1.0,inf,9299.0,inf,216.0,144.0,72.0,0.0,0.0,0.0,0.0,0.0,0.0
66.0,9446.0,26008.0,16562.0,8281.0,1.7533347448655516,26.531686298849447,78231.7725473476,0.12074378085046036,0.0,0.0,1.0,inf,9446.0,inf,213.0,147.0,66.0,0.0,0.0,0.0,0.0,0.0,0.0
67.0,9593.0,26423.0,16830.0,8415.0,1.7544042531012196,26.531686298849447,78231.7725473476,0.12262281279890602,0.0,0.0,1.0,inf,9593.0,inf,206.0,147.0,59.0,0.0,0.0,0.0,0.0,0.0,0.0
68.0,9744.0,26838.0,17094.0,8547.0,1.7543103448275863,26.531686298849447,78231.7725473476,0.12455297486839781,0.0,0.0,1.0,inf,9744.0,inf,215.0,151.0,64.0,0.0,0.0,0.0,0.0,0.0,0.0
69.0,9884.0,27224.0,17340.0,8670.0,1.754350465398624,26.531686298849447,78231.7725473476,0.12634252910501273,0.0,0.0,1.0,inf,9884.0,inf,210.0,140.0,70.0,0.0,0.0,0.0,0.0,0.0,0.0
70.0,10022.0,27592.0,17570.0,8785.0,1.7531430852125325,26.531686298849447,78231.7725473476,0.12810651828110456,0.0,0.0,1.0,inf,10022.0,inf,215.0,138.0,77.0,0.0,0.0,0.0,0.0,0.0,0.0
71.0,10173.0,28005.0,17832.0,8916.0,1.7528752580359777,26.531686298849447,78231.7725473476,0.13003668035059637,0.0,0.0,1.0,inf,10173.0,inf,212.0,151.0,61.0,0.0,0.0,0.0,0.0,0.0,0.0
72.0,10337.0,28445.0,18108.0,9054.0,1.7517655025636065,26.531686298849447,78231.7725473476,0.13213301531348812,0.0,0.0,1.0,inf,10337.0,inf,212.0,164.0,48.0,0.0,0.0,0.0,0.0,0.0,0.0
73.0,10474.0,28834.0,18360.0,9180.0,1.7529119725033415,26.531686298849447,78231.7725473476,0.13388422195931843,0.0,0.0,1.0,inf,10474.0,inf,209.0,137.0,72.0,0.0,0.0,0.0,0.0,0.0,0.0
74.0,10612.0,29208.0,18596.0,9298.0,1.7523558235959291,26.531686298849447,78231.7725473476,0.13564821113541026,0.0,0.0,1.0,inf,10612.0,inf,215.0,138.0,77.0,0.0,0.0,0.0,0.0,0.0,0.0
75.0,10760.0,29618.0,18858.0,9429.0,1.7526022304832714,26.6660587407537,79426.44115873064,0.135471259230872,0.0,0.0,1.0,inf,10760.0,inf,213.0,148.0,65.0,0.0,0.0,0.0,0.0,0.0,0.0
76.0,10914.0,30030.0,19116.0,9558.0,1.7515118196811434,26.6660587407537,79426.44115873064,0.13741016015294955,0.0,0.0,1.0,inf,10914.0,inf,213.0,154.0,59.0,0.0,0.0,0.0,0.0,0.0,0.0
77.0,11055.0,30437.0,19382.0,9691.0,1.7532338308457711,26.6660587407537,79426.44115873064,0.13918538762056598,0.0,0.0,1.0,inf,11055.0,inf,214.0,141.0,73.0,0.0,0.0,0.0,0.0,0.0,0.0
78.0,11200.0,30838.0,19638.0,9819.0,1.7533928571428572,27.099235506364707,83360.3879154527,0.13435638053123589,0.0,0.0,1.0,inf,11200.0,inf,210.0,145.0,65.0,0.0,0.0,0.0,0.0,0.0,0.0
79.0,11352.0,31266.0,19914.0,9957.0,1.7542283298097252,27.099235506364707,83360.3879154527,0.13617978855273125,0.0,0.0,1.0,inf,11352.0,inf,213.0,152.0,61.0,0.0,0.0,0.0,0.0,0.0,0.0
80.0,11503.0,31687.0,20184.0,10092.0,1.7546726940798052,27.099235506364707,83360.3879154527,0.13799120046882202,0.0,0.0,1.0,inf,11503.0,inf,214.0,151.0,63.0,0.0,0.0,0.0,0.0,0.0,0.0
81.0,11644.0,32084.0,20440.0,10220.0,1.7554105118515975,27.099235506364707,83360.3879154527,0.13968265133086702,0.0,0.0,1.0,inf,11644.0,inf,210.0,141.0,69.0,0.0,0.0,0.0,0.0,0.0,0.0
82.0,11798.0,32518.0,20720.0,10360.0,1.7562298694694016,27.099235506364707,83360.3879154527,0.14153005156317153,0.0,0.0,1.0,inf,11798.0,inf,216.0,154.0,62.0,0.0,0.0,0.0,0.0,0.0,0.0
83.0,11955.0,32963.0,21008.0,10504.0,1.7572563780844834,27.099235506364707,83360.3879154527,0.14341344011168974,0.0,0.0,1.0,inf,11955.0,inf,213.0,157.0,56.0,0.0,0.0,0.0,0.0,0.0,0.0
84.0,12097.0,33349.0,21252.0,10626.0,1.7567992064148137,27.099235506364707,83360.3879154527,0.14511688707913933,0.0,0.0,1.0,inf,12097.0,inf,210.0,142.0,68.0,0.0,0.0,0.0,0.0,0.0,0.0
85.0,12242.0,33748.0,21506.0,10753.0,1.7567390949191308,27.099235506364707,83360.3879154527,0.14685632236280266,0.0,0.0,1.0,inf,12242.0,inf,216.0,145.0,71.0,0.0,0.0,0.0,0.0,0.0,0.0
86.0,12380.0,34132.0,21752.0,10876.0,1.7570274636510501,27.099235506364707,83360.3879154527,0.14851178490863395,0.0,0.0,1.0,inf,12380.0,inf,209.0,138.0,71.0,0.0,0.0,0.0,0.0,0.0,0.0
87.0,12538.0,34574.0,22036.0,11018.0,1.7575370872547456,27.099235506364707,83360.3879154527,0.15040716956255676,0.0,0.0,1.0,inf,12538.0,inf,214.0,158.0,56.0,0.0,0.0,0.0,0.0,0.0,0.0
88.0,12689.0,34997.0,22308.0,11154.0,1.7580581606115533,27.099235506364707,83360.3879154527,0.15221858147864753,0.0,0.0,1.0,inf,12689.0,inf,215.0,151.0,64.0,0.0,0.0,0.0,0.0,0.0,0.0
89.0,12831.0,35383.0,22552.0,11276.0,1.7576182682565662,27.15475594305796,83873.80023659699,0.15297983355714695,0.0,0.0,1.0,inf,12831.0,inf,213.0,142.0,71.0,0.0,0.0,0.0,0.0,0.0,0.0
90.0,12974.0,35776.0,22802.0,11401.0,1.7575150300601203,27.785778486194907,89857.91072088096,0.1443835038664563,0.0,0.0,1.0,inf,12974.0,inf,214.0,143.0,71.0,0.0,0.0,0.0,0.0,0.0,0.0
91.0,13119.0,36179.0,23060.0,11530.0,1.7577559265187896,27.785778486194907,89857.91072088096,0.14599716257314937,0.0,0.0,1.0,inf,13119.0,inf,215.0,145.0,70.0,0.0,0.0,0.0,0.0,0.0,0.0
92.0,13275.0,36623.0,23348.0,11674.0,1.7587947269303201,27.785778486194907,89857.91072088096,0.14773323676793643,0.0,0.0,1.0,inf,13275.0,inf,215.0,156.0,59.0,0.0,0.0,0.0,0.0,0.0,0.0
93.0,13426.0,37046.0,23620.0,11810.0,1.759273052286608,27.785778486194907,89857.91072088096,0.14941366755904442,0.0,0.0,1.0,inf,13426.0,inf,211.0,151.0,60.0,0.0,0.0,0.0,0.0,0.0,0.0
94.0,13587.0,37495.0,23908.0,11954.0,1.7596231692058586,27.81875377976778,90178.2122249991,0.1506683229215031,0.0,0.0,1.0,inf,13587.0,inf,212.0,161.0,51.0,0.0,0.0,0.0,0.0,0.0,0.0
95.0,13738.0,37916.0,24178.0,12089.0,1.7599359440966662,27.81875377976778,90178.2122249991,0.15234278503684473,0.0,0.0,1.0,inf,13738.0,inf,212.0,151.0,61.0,0.0,0.0,0.0,0.0,0.0,0.0
96.0,13890.0,38336.0,24446.0,12223.0,1.7599712023038157,27.81875377976778,90178.2122249991,0.1540283363052681,0.0,0.0,1.0,inf,13890.0,inf,209.0,152.0,57.0,0.0,0.0,0.0,0.0,0.0,0.0
97.0,14037.0,38755.0,24718.0,12359.0,1.760917574980409,27.81875377976778,90178.2122249991,0.1556584418082828,0.0,0.0,1.0,inf,14037.0,inf,208.0,147.0,61.0,0.0,0.0,0.0,0.0,0.0,0.0
98.0,14195.0,39201.0,25006.0,12503.0,1.761606199365974,27.81875377976778,90178.2122249991,0.1574105279951966,0.0,0.0,1.0,inf,14195.0,inf,214.0,158.0,56.0,0.0,0.0,0.0,0.0,0.0,0.0
99.0,14341.0,39611.0,25270.0,12635.0,1.7620807475071474,27.81875377976778,90178.2122249991,0.1590295443451296,0.0,0.0,1.0,inf,14341.0,inf,213.0,146.0,67.0,0.0,0.0,0.0,0.0,0.0,0.0
100.0,14482.0,40000.0,25518.0,12759.0,1.7620494406849883,27.81875377976778,90178.2122249991,0.1605931149296539,0.0,0.0,1.0,inf,14482.0,inf,214.0,141.0,73.0,0.0,0.0,0.0,0.0,0.0,0.0
101.0,14624.0,40398.0,25774.0,12887.0,1.762445295404814,27.81875377976778,90178.2122249991,0.16216777466725996,0.0,0.0,1.0,inf,14624.0,inf,211.0,142.0,69.0,0.0,0.0,0.0,0.0,0.0,0.0
102.0,14774.0,40822.0,26048.0,13024.0,1.7630973331528361,27.890598042214595,90878.69653986892,0.16256835278792292,0.0,0.0,1.0,inf,14774.0,inf,215.0,150.0,65.0,0.0,0.0,0.0,0.0,0.0,0.0
103.0,14929.0,41259.0,26330.0,13165.0,1.7636814254136244,27.91946333938929,91161.15263105804,0.16376493242049883,0.0,0.0,1.0,inf,14929.0,inf,215.0,155.0,60.0,0.0,0.0,0.0,0.0,0.0,0.0
104.0,15088.0,41712.0,26624.0,13312.0,1.7645811240721103,27.91946333938929,91161.15263105804,0.16550909641372408,0.0,0.0,1.0,inf,15088.0,inf,210.0,159.0,51.0,0.0,0.0,0.0,0.0,0.0,0.0
105.0,15243.0,42153.0,26910.0,13455.0,1.7654005117102933,27.91946333938929,91161.15263105804,0.16720938206749708,0.0,0.0,1.0,inf,15243.0,inf,214.0,155.0,59.0,0.0,0.0,0.0,0.0,0.0,0.0
106.0,15390.0,42564.0,27174.0,13587.0,1.7656920077972709,27.91946333938929,91161.15263105804,0.16882191104236569,0.0,0.0,1.0,inf,15390.0,inf,213.0,147.0,66.0,0.0,0.0,0.0,0.0,0.0,0.0
107.0,15544.0,42996.0,27452.0,13726.0,1.7660833762223367,27.91946333938929,91161.15263105804,0.17051122711127564,0.0,0.0,1.0,inf,15544.0,inf,217.0,154.0,63.0,0.0,0.0,0.0,0.0,0.0,0.0
108.0,15687.0,43383.0,27696.0,13848.0,1.7655383438515968,27.91946333938929,91161.15263105804,0.17207987774669203,0.0,0.0,1.0,inf,15687.0,inf,216.0,143.0,73.0,0.0,0.0,0.0,0.0,0.0,0.0
109.0,15846.0,43822.0,27976.0,13988.0,1.7654928688628044,27.91946333938929,91161.15263105804,0.17382404173991725,0.0,0.0,1.0,inf,15846.0,inf,219.0,159.0,60.0,0.0,0.0,0.0,0.0,0.0,0.0
110.0,15996.0,44250.0,28254.0,14127.0,1.7663165791447861,28.630272650697393,98302.61276174492,0.162722022849681,0.0,0.0,1.0,inf,15996.0,inf,215.0,150.0,65.0,0.0,0.0,0.0,0.0,0.0,0.0
111.0,16151.0,44697.0,28546.0,14273.0,1.7674447402637607,28.630272650697393,98302.61276174492,0.1642987866369841,0.0,0.0,1.0,inf,16151.0,inf,210.0,155.0,55.0,0.0,0.0,0.0,0.0,0.0,0.0
112.0,16299.0,45115.0,28816.0,14408.0,1.7679612246150072,28.630272650697393,98302.61276174492,0.1658043417371187,0.0,0.0,1.0,inf,16299.0,inf,214.0,148.0,66.0,0.0,0.0,0.0,0.0,0.0,0.0
113.0,16445.0,45521.0,29076.0,14538.0,1.7680754028580115,28.630272650697393,98302.61276174492,0.16728955149806227,0.0,0.0,1.0,inf,16445.0,inf,209.0,146.0,63.0,0.0,0.0,0.0,0.0,0.0,0.0
114.0,16593.0,45945.0,29352.0,14676.0,1.7689387090941964,28.630272650697393,98302.61276174492,0.16879510659819685,0.0,0.0,1.0,inf,16593.0,inf,211.0,148.0,63.0,0.0,0.0,0.0,0.0,0.0,0.0
115.0,16746.0,46376.0,29630.0,14815.0,1.7693777618535769,28.630272650697393,98302.61276174492,0.17035152504630896,0.0,0.0,1.0,inf,16746.0,inf,216.0,153.0,63.0,0.0,0.0,0.0,0.0,0.0,0.0
116.0,16886.0,46768.0,29882.0,14941.0,1.7696316475186544,28.630272650697393,98302.61276174492,0.1717756987896795,0.0,0.0,1.0,inf,16886.0,inf,213.0,140.0,73.0,0.0,0.0,0.0,0.0,0.0,0.0
117.0,17038.0,47186.0,30148.0,15074.0,1.7694565089799272,28.630272650697393,98302.61276174492,0.1733219445681961,0.0,0.0,1.0,inf,17038.0,inf,217.0,152.0,65.0,0.0,0.0,0.0,0.0,0.0,0.0
118.0,17191.0,47625.0,30434.0,15217.0,1.7703449479378746,28.630272650697393,98302.61276174492,0.1748783630163082,0.0,0.0,1.0,inf,17191.0,inf,214.0,153.0,61.0,0.0,0.0,0.0,0.0,0.0,0.0
119.0,17326.0,47996.0,30670.0,15335.0,1.7701719958443958,28.630272650697393,98302.61276174492,0.17625167341170123,0.0,0.0,1.0,inf,17326.0,inf,209.0,135.0,74.0,0.0,0.0,0.0,0.0,0.0,0.0
120.0,17477.0,48415.0,30938.0,15469.0,1.7702122789952508,28.630272650697393,98302.61276174492,0.17778774652062232,0.0,0.0,1.0,inf,17477.0,inf,213.0,151.0,62.0,0.0,0.0,0.0,0.0,0.0,0.0
121.0,17634.0,48860.0,31226.0,15613.0,1.7707837132811615,28.630272650697393,98302.61276174492,0.17938485564711645,0.0,0.0,1.0,inf,17634.0,inf,213.0,157.0,56.0,0.0,0.0,0.0,0.0,0.0,0.0
122.0,17789.0,49299.0,31510.0,15755.0,1.7713193546573724,28.630272650697393,98302.61276174492,0.18096161943441955,0.0,0.0,1.0,inf,17789.0,inf,213.0,155.0,58.0,0.0,0.0,0.0,0.0,0.0,0.0
123.0,17939.0,49723.0,31784.0,15892.0,1.7717821506215508,28.630272650697393,98302.61276174492,0.18248751987374515,0.0,0.0,1.0,inf,17939.0,inf,215.0,150.0,65.0,0.0,0.0,0.0,0.0,0.0,0.0
124.0,18087.0,50141.0,32054.0,16027.0,1.7722120860286394,28.630272650697393,98302.61276174492,0.18399307497387973,0.0,0.0,1.0,inf,18087.0,inf,218.0,148.0,70.0,0.0,0.0,0.0,0.0,0.0,0.0
125.0,18235.0,50569.0,32334.0,16167.0,1.7731834384425555,28.630272650697393,98302.61276174492,0.18549863007401432,0.0,0.0,1.0,inf,18235.0,inf,217.0,148.0,69.0,0.0,0.0,0.0,0.0,0.0,0.0
126.0,18387.0,50995.0,32608.0,16304.0,1.7734268776853213,28.630272650697393,98302.61276174492,0.1870448758525309,0.0,0.0,1.0,inf,18387.0,inf,213.0,152.0,61.0,0.0,0.0,0.0,0.0,0.0,0.0
127.0,18533.0,51407.0,32874.0,16437.0,1.7738088814547024,28.630272650697393,98302.61276174492,0.18853008561347448,0.0,0.0,1.0,inf,18533.0,inf,211.0,146.0,65.0,0.0,0.0,0.0,0.0,0.0,0.0
128.0,18683.0,51823.0,33140.0,16570.0,1.7738050634266445,28.630272650697393,98302.61276174492,0.19005598605280008,0.0,0.0,1.0,inf,18683.0,inf,218.0,150.0,68.0,0.0,0.0,0.0,0.0,0.0,0.0
129.0,18833.0,52247.0,33414.0,16707.0,1.7742260924972124,28.630272650697393,98302.61276174492,0.19158188649212568,0.0,0.0,1.0,inf,18833.0,inf,214.0,150.0,64.0,0.0,0.0,0.0,0.0,0.0,0.0
130.0,18970.0,52616.0,33646.0,16823.0,1.7736425935687927,28.630272650697393,98302.61276174492,0.1929755422267097,0.0,0.0,1.0,inf,18970.0,inf,218.0,137.0,81.0,0.0,0.0,0.0,0.0,0.0,0.0
131.0,19116.0,53024.0,33908.0,16954.0,1.7738020506382088,28.630272650697393,98302.61276174492,0.19446075198765328,0.0,0.0,1.0,inf,19116.0,inf,216.0,146.0,70.0,0.0,0.0,0.0,0.0,0.0,0.0
132.0,19258.0,53428.0,34170.0,17085.0,1.7743275521861044,28.630272650697393,98302.61276174492,0.19590527107021485,0.0,0.0,1.0,inf,19258.0,inf,208.0,142.0,66.0,0.0,0.0,0.0,0.0,0.0,0.0
133.0,19412.0,53850.0,34438.0,17219.0,1.7740572841541316,28.630272650697393,98302.61276174492,0.19747186218792245,0.0,0.0,1.0,inf,19412.0,inf,215.0,154.0,61.0,0.0,0.0,0.0,0.0,0.0,0.0
134.0,19556.0,54262.0,34706.0,17353.0,1.7746983023113112,28.83217503006308,100397.02101018761,0.19478665605043788,0.0,0.0,1.0,inf,19556.0,inf,210.0,144.0,66.0,0.0,0.0,0.0,0.0,0.0,0.0
135.0,19720.0,54716.0,34996.0,17498.0,1.7746450304259636,28.83217503006308,100397.02101018761,0.19642017065425624,0.0,0.0,1.0,inf,19720.0,inf,214.0,164.0,50.0,0.0,0.0,0.0,0.0,0.0,0.0
136.0,19875.0,55139.0,35264.0,17632.0,1.7742893081761006,28.83217503006308,100397.02101018761,0.1979640411639626,0.0,0.0,1.0,inf,19875.0,inf,217.0,155.0,62.0,0.0,0.0,0.0,0.0,0.0,0.0
137.0,20027.0,55565.0,35538.0,17769.0,1.7745044190343038,28.83217503006308,100397.02101018761,0.199478030308965,0.0,0.0,1.0,inf,20027.0,inf,217.0,152.0,65.0,0.0,0.0,0.0,0.0,0.0,0.0
138.0,20169.0,55957.0,35788.0,17894.0,1.7744062670434826,28.83217503006308,100397.02101018761,0.20089241490495405,0.0,0.0,1.0,inf,20169.0,inf,211.0,142.0,69.0,0.0,0.0,0.0,0.0,0.0,0.0
139.0,20325.0,56407.0,36082.0,18041.0,1.7752521525215252,28.83217503006308,100397.02101018761,0.20244624586956175,0.0,0.0,1.0,inf,20325.0,inf,213.0,156.0,57.0,0.0,0.0,0.0,0.0,0.0,0.0
140.0,20467.0,56803.0,36336.0,18168.0,1.7753456784091464,28.83217503006308,100397.02101018761,0.20386063046555083,0.0,0.0,1.0,inf,20467.0,inf,217.0,142.0,75.0,0.0,0.0,0.0,0.0,0.0,0.0
141.0,20607.0,57173.0,36566.0,18283.0,1.774445576745766,28.83217503006308,100397.02101018761,0.20525509415173723,0.0,0.0,1.0,inf,20607.0,inf,215.0,140.0,75.0,0.0,0.0,0.0,0.0,0.0,0.0
142.0,20763.0,57607.0,36844.0,18422.0,1.7745027211867264,28.83217503006308,100397.02101018761,0.20680892511634494,0.0,0.0,1.0,inf,20763.0,inf,220.0,156.0,64.0,0.0,0.0,0.0,0.0,0.0,0.0
143.0,20902.0,57994.0,37092.0,18546.0,1.7745670270787484,28.83217503006308,100397.02101018761,0.20819342834763002,0.0,0.0,1.0,inf,20902.0,inf,218.0,139.0,79.0,0.0,0.0,0.0,0.0,0.0,0.0
144.0,21049.0,58401.0,37352.0,18676.0,1.7745261057532424,28.83217503006308,100397.02101018761,0.20965761521812573,0.0,0.0,1.0,inf,21049.0,inf,216.0,147.0,69.0,0.0,0.0,0.0,0.0,0.0,0.0
145.0,21198.0,58816.0,37618.0,18809.0,1.7746013774884424,28.83217503006308,100397.02101018761,0.21114172299842413,0.0,0.0,1.0,inf,21198.0,inf,214.0,149.0,65.0,0.0,0.0,0.0,0.0,0.0,0.0
146.0,21338.0,59204.0,37866.0,18933.0,1.77458056050239,28.83217503006308,100397.02101018761,0.21253618668461052,0.0,0.0,1.0,inf,21338.0,inf,217.0,140.0,77.0,0.0,0.0,0.0,0.0,0.0,0.0
147.0,21493.0,59647.0,38154.0,19077.0,1.7751826175964267,28.957820963594827,101715.29087130415,0.2113054961145826,0.0,0.0,1.0,inf,21493.0,inf,216.0,155.0,61.0,0.0,0.0,0.0,0.0,0.0,0.0
148.0,21651.0,60087.0,38436.0,19218.0,1.775252875155882,28.957820963594827,101715.29087130415,0.21285885155058987,0.0,0.0,1.0,inf,21651.0,inf,217.0,158.0,59.0,0.0,0.0,0.0,0.0,0.0,0.0
149.0,21802.0,60518.0,38716.0,19358.0,1.7758003852857536,28.957820963594827,101715.29087130415,0.2143433874419639,0.0,0.0,1.0,inf,21802.0,inf,216.0,151.0,65.0,0.0,0.0,0.0,0.0,0.0,0.0
150.0,21940.0,60896.0,38956.0,19478.0,1.7755697356426619,28.957820963594827,101715.29087130415,0.2157001156075905,0.0,0.0,1.0,inf,21940.0,inf,215.0,138.0,77.0,0.0,0.0,0.0,0.0,0.0,0.0
151.0,22079.0,61291.0,39212.0,19606.0,1.7759862312604737,28.957820963594827,101715.29087130415,0.2170666751367361,0.0,0.0,1.0,inf,22079.0,inf,216.0,139.0,77.0,0.0,0.0,0.0,0.0,0.0,0.0
152.0,22227.0,61699.0,39472.0,19736.0,1.775858190489045,28.957820963594827,101715.29087130415,0.21852171693755304,0.0,0.0,1.0,inf,22227.0,inf,217.0,148.0,69.0,0.0,0.0,0.0,0.0,0.0,0.0
153.0,22378.0,62120.0,39742.0,19871.0,1.77594065600143,28.957820963594827,101715.29087130415,0.22000625282892708,0.0,0.0,1.0,inf,22378.0,inf,218.0,151.0,67.0,0.0,0.0,0.0,0.0,0.0,0.0
154.0,22523.0,62523.0,40000.0,20000.0,1.7759623495981884,28.957820963594827,101715.29087130415,0.2214318005391869,0.0,0.0,1.0,inf,22523.0,inf,217.0,145.0,72.0,0.0,0.0,0.0,0.0,0.0,0.0
155.0,22656.0,62882.0,40226.0,20113.0,1.7755120056497176,28.957820963594827,101715.29087130415,0.22273937188721835,0.0,0.0,1.0,inf,22656.0,inf,219.0,133.0,86.0,0.0,0.0,0.0,0.0,0.0,0.0
156.0,22801.0,63273.0,40472.0,20236.0,1.7750098679882462,29.16610076445859,103925.88343045722,0.21939673974729748,0.0,0.0,1.0,inf,22801.0,inf,216.0,145.0,71.0,0.0,0.0,0.0,0.0,0.0,0.0
157.0,22959.0,63721.0,40762.0,20381.0,1.7754257589616274,29.16610076445859,103925.88343045722,0.22091705398264125,0.0,0.0,1.0,inf,22959.0,inf,218.0,158.0,60.0,0.0,0.0,0.0,0.0,0.0,0.0
158.0,23105.0,64113.0,41008.0,20504.0,1.7748539277212725,29.393640582176356,106377.24720415342,0.217198701858285,0.0,0.0,1.0,inf,23105.0,inf,213.0,146.0,67.0,0.0,0.0,0.0,0.0,0.0,0.0
159.0,23256.0,64532.0,41276.0,20638.0,1.7748538011695907,29.393640582176356,106377.24720415342,0.21861817833439845,0.0,0.0,1.0,inf,23256.0,inf,218.0,151.0,67.0,0.0,0.0,0.0,0.0,0.0,0.0
160.0,23404.0,64946.0,41542.0,20771.0,1.7749957272261152,29.393640582176356,106377.24720415342,0.2200094532911189,0.0,0.0,1.0,inf,23404.0,inf,216.0,148.0,68.0,0.0,0.0,0.0,0.0,0.0,0.0
161.0,23545.0,65339.0,41794.0,20897.0,1.7750690167763856,29.393640582176356,106377.24720415342,0.22133492470258906,0.0,0.0,1.0,inf,23545.0,inf,212.0,141.0,71.0,0.0,0.0,0.0,0.0,0.0,0.0
162.0,23692.0,65744.0,42052.0,21026.0,1.7749451291575216,29.393640582176356,106377.24720415342,0.2227167991528452,0.0,0.0,1.0,inf,23692.0,inf,214.0,147.0,67.0,0.0,0.0,0.0,0.0,0.0,0.0
163.0,23847.0,66181.0,42334.0,21167.0,1.7752337820270894,29.80415563648528,110896.8159953633,0.2150377338245407,0.0,0.0,1.0,inf,23847.0,inf,217.0,155.0,62.0,0.0,0.0,0.0,0.0,0.0,0.0
164.0,23996.0,66604.0,42608.0,21304.0,1.7756292715452575,29.80415563648528,110896.8159953633,0.21638132515006828,0.0,0.0,1.0,inf,23996.0,inf,217.0,149.0,68.0,0.0,0.0,0.0,0.0,0.0,0.0
165.0,24151.0,67035.0,42884.0,21442.0,1.7756614632934453,29.80415563648528,110896.8159953633,0.21777902082427483,0.0,0.0,1.0,inf,24151.0,inf,215.0,155.0,60.0,0.0,0.0,0.0,0.0,0.0,0.0
166.0,24311.0,67495.0,43184.0,21592.0,1.7763152482415367,30.289832370736498,116407.03271132724,0.2088447702321199,0.0,0.0,1.0,inf,24311.0,inf,217.0,160.0,57.0,0.0,0.0,0.0,0.0,0.0,0.0
167.0,24458.0,67904.0,43446.0,21723.0,1.7763512960994359,30.289832370736498,116407.03271132724,0.21010758053297635,0.0,0.0,1.0,inf,24458.0,inf,211.0,147.0,64.0,0.0,0.0,0.0,0.0,0.0,0.0
168.0,24621.0,68367.0,43746.0,21873.0,1.7767759229925673,30.289832370736498,116407.03271132724,0.2115078395740621,0.0,0.0,1.0,inf,24621.0,inf,215.0,163.0,52.0,0.0,0.0,0.0,0.0,0.0,0.0
169.0,24791.0,68835.0,44044.0,22022.0,1.7766124803356056,30.289832370736498,116407.03271132724,0.21296823243899815,0.0,0.0,1.0,inf,24791.0,inf,214.0,170.0,44.0,0.0,0.0,0.0,0.0,0.0,0.0
170.0,24953.0,69295.0,44342.0,22171.0,1.7770207991023124,30.289832370736498,116407.03271132724,0.21435990093381957,0.0,0.0,1.0,inf,24953.0,inf,209.0,162.0,47.0,0.0,0.0,0.0,0.0,0.0,0.0
171.0,25116.0,69754.0,44638.0,22319.0,1.7772734511864947,30.289832370736498,116407.03271132724,0.2157601599749053,0.0,0.0,1.0,inf,25116.0,inf,214.0,163.0,51.0,0.0,0.0,0.0,0.0,0.0,0.0
172.0,25282.0,70230.0,44948.0,22474.0,1.7778656751839252,30.289832370736498,116407.03271132724,0.21718619065478403,0.0,0.0,1.0,inf,25282.0,inf,216.0,166.0,50.0,0.0,0.0,0.0,0.0,0.0,0.0
173.0,25428.0,70656.0,45228.0,22614.0,1.778669183577159,30.289832370736498,116407.03271132724,0.21844041040937617,0.0,0.0,1.0,inf,25428.0,inf,207.0,146.0,61.0,0.0,0.0,0.0,0.0,0.0,0.0
174.0,25581.0,71095.0,45514.0,22757.0,1.7792111332629685,30.289832370736498,116407.03271132724,0.21975476398781862,0.0,0.0,1.0,inf,25581.0,inf,211.0,153.0,58.0,0.0,0.0,0.0,0.0,0.0,0.0
175.0,25731.0,71513.0,45782.0,22891.0,1.7792545956239556,30.289832370736498,116407.03271132724,0.22104334592746808,0.0,0.0,1.0,inf,25731.0,inf,212.0,150.0,62.0,0.0,0.0,0.0,0.0,0.0,0.0
176.0,25895.0,71959.0,46064.0,23032.0,1.7788762309326125,30.289832370736498,116407.03271132724,0.22245219551481815,0.0,0.0,1.0,inf,25895.0,inf,214.0,164.0,50.0,0.0,0.0,0.0,0.0,0.0,0.0
177.0,26050.0,72392.0,46342.0,23171.0,1.7789635316698655,30.289832370736498,116407.03271132724,0.22378373018578926,0.0,0.0,1.0,inf,26050.0,inf,213.0,155.0,58.0,0.0,0.0,0.0,0.0,0.0,0.0
178.0,26202.0,72826.0,46624.0,23312.0,1.779406152202122,30.289832370736498,116407.03271132724,0.2250894932179674,0.0,0.0,1.0,inf,26202.0,inf,217.0,152.0,65.0,0.0,0.0,0.0,0.0,0.0,0.0
179.0,26347.0,73239.0,46892.0,23446.0,1.7797851747827078,30.289832370736498,116407.03271132724,0.2263351224262952,0.0,0.0,1.0,inf,26347.0,inf,218.0,145.0,73.0,0.0,0.0,0.0,0.0,0.0,0.0
180.0,26485.0,73619.0,47134.0,23567.0,1.7796488578440626,30.289832370736498,116407.03271132724,0.2275206178107727,0.0,0.0,1.0,inf,26485.0,inf,211.0,138.0,73.0,0.0,0.0,0.0,0.0,0.0,0.0
181.0,26638.0,74050.0,47412.0,23706.0,1.7798633531045875,30.289832370736498,116407.03271132724,0.22883497138921516,0.0,0.0,1.0,inf,26638.0,inf,214.0,153.0,61.0,0.0,0.0,0.0,0.0,0.0,0.0
182.0,26801.0,74513.0,47712.0,23856.0,1.780232080892504,30.593618795193603,119944.72751618898,0.22344458614391915,0.0,0.0,1.0,inf,26801.0,inf,211.0,163.0,48.0,0.0,0.0,0.0,0.0,0.0,0.0
183.0,26954.0,74942.0,47988.0,23994.0,1.7803665504192328,30.593618795193603,119944.72751618898,0.2247201736846833,0.0,0.0,1.0,inf,26954.0,inf,213.0,153.0,60.0,0.0,0.0,0.0,0.0,0.0,0.0
184.0,27108.0,75370.0,48262.0,24131.0,1.7803600413162166,30.593618795193603,119944.72751618898,0.22600409839891647,0.0,0.0,1.0,inf,27108.0,inf,213.0,154.0,59.0,0.0,0.0,0.0,0.0,0.0,0.0
185.0,27264.0,75798.0,48534.0,24267.0,1.780149647887324,30.593618795193603,119944.72751618898,0.22730469746008775,0.0,0.0,1.0,inf,27264.0,inf,217.0,156.0,61.0,0.0,0.0,0.0,0.0,0.0,0.0
186.0,27423.0,76247.0,48824.0,24412.0,1.7804033110892317,31.309455480824386,128562.74989999263,0.213304398212795,0.0,0.0,1.0,inf,27423.0,inf,213.0,159.0,54.0,0.0,0.0,0.0,0.0,0.0,0.0
187.0,27593.0,76729.0,49136.0,24568.0,1.7807414924074947,31.309455480824386,128562.74989999263,0.21462670969207062,0.0,0.0,1.0,inf,27593.0,inf,213.0,170.0,43.0,0.0,0.0,0.0,0.0,0.0,0.0
188.0,27755.0,77181.0,49426.0,24713.0,1.7807962529274004,31.309455480824386,128562.74989999263,0.21588679474879208,0.0,0.0,1.0,inf,27755.0,inf,213.0,162.0,51.0,0.0,0.0,0.0,0.0,0.0,0.0
189.0,27924.0,77664.0,49740.0,24870.0,1.781263429308122,31.309455480824386,128562.74989999263,0.21720132792524843,0.0,0.0,1.0,inf,27924.0,inf,214.0,169.0,45.0,0.0,0.0,0.0,0.0,0.0,0.0
190.0,28095.0,78149.0,50054.0,25027.0,1.781598149136857,31.309455480824386,128562.74989999263,0.21853141770734333,0.0,0.0,1.0,inf,28095.0,inf,212.0,171.0,41.0,0.0,0.0,0.0,0.0,0.0,0.0
191.0,28258.0,78610.0,50352.0,25176.0,1.7818670818883149,31.309455480824386,128562.74989999263,0.21979928106688404,0.0,0.0,1.0,inf,28258.0,inf,211.0,163.0,48.0,0.0,0.0,0.0,0.0,0.0,0.0
192.0,28415.0,79049.0,50634.0,25317.0,1.7819461551997184,31.309455480824386,128562.74989999263,0.2210204746095092,0.0,0.0,1.0,inf,28415.0,inf,208.0,157.0,51.0,0.0,0.0,0.0,0.0,0.0,0.0
193.0,28564.0,79476.0,50912.0,25456.0,1.782383419689119,31.309455480824386,128562.74989999263,0.22217944172958015,0.0,0.0,1.0,inf,28564.0,inf,209.0,149.0,60.0,0.0,0.0,0.0,0.0,0.0,0.0
194.0,28734.0,79958.0,51224.0,25612.0,1.7826964571587667,31.914256269287133,136157.88400146668,0.21103441942216494,0.0,0.0,1.0,inf,28734.0,inf,213.0,170.0,43.0,0.0,0.0,0.0,0.0,0.0,0.0
195.0,28913.0,80459.0,51546.0,25773.0,1.782796665859648,31.914256269287133,136157.88400146668,0.21234906969976525,0.0,0.0,1.0,inf,28913.0,inf,215.0,179.0,36.0,0.0,0.0,0.0,0.0,0.0,0.0
196.0,29082.0,80942.0,51860.0,25930.0,1.783233615294684,31.914256269287133,136157.88400146668,0.21359027582777895,0.0,0.0,1.0,inf,29082.0,inf,203.0,169.0,34.0,0.0,0.0,0.0,0.0,0.0,0.0
197.0,29255.0,81433.0,52178.0,26089.0,1.7835583660912664,31.914256269287133,136157.88400146668,0.21486085961562731,0.0,0.0,1.0,inf,29255.0,inf,211.0,173.0,38.0,0.0,0.0,0.0,0.0,0.0,0.0
198.0,29426.0,81914.0,52488.0,26244.0,1.7837286753211445,31.914256269287133,136157.88400146668,0.21611675457355833,0.0,0.0,1.0,inf,29426.0,inf,210.0,171.0,39.0,0.0,0.0,0.0,0.0,0.0,0.0
199.0,29585.0,82345.0,52760.0,26380.0,1.783336150076052,31.914256269287133,136157.88400146668,0.21728451655198544,0.0,0.0,1.0,inf,29585.0,inf,208.0,159.0,49.0,0.0,0.0,0.0,0.0,0.0,0.0
200.0,29760.0,82814.0,53054.0,26527.0,1.782728494623656,31.914256269287133,136157.88400146668,0.21856978916975112,0.0,0.0,1.0,inf,29760.0,inf,209.0,175.0,34.0,0.0,0.0,0.0,0.0,0.0,0.0
201.0,29928.0,83278.0,53350.0,26675.0,1.7826116011761561,31.914256269287133,136157.88400146668,0.21980365088280615,0.0,0.0,1.0,inf,29928.0,inf,213.0,168.0,45.0,0.0,0.0,0.0,0.0,0.0,0.0
202.0,30108.0,83786.0,53678.0,26839.0,1.7828484123820911,31.914256269287133,136157.88400146668,0.22112564557536513,0.0,0.0,1.0,inf,30108.0,inf,215.0,180.0,35.0,0.0,0.0,0.0,0.0,0.0,0.0
203.0,30276.0,84252.0,53976.0,26988.0,1.7827982560443916,31.914256269287133,136157.88400146668,0.2223595072884202,0.0,0.0,1.0,inf,30276.0,inf,211.0,168.0,43.0,0.0,0.0,0.0,0.0,0.0,0.0
204.0,30450.0,84744.0,54294.0,27147.0,1.7830541871921182,31.914256269287133,136157.88400146668,0.2236374354912272,0.0,0.0,1.0,inf,30450.0,inf,211.0,174.0,37.0,0.0,0.0,0.0,0.0,0.0,0.0
205.0,30634.0,85266.0,54632.0,27316.0,1.7833779460729908,31.914256269287133,136157.88400146668,0.22498880784362082,0.0,0.0,1.0,inf,30634.0,inf,211.0,184.0,27.0,0.0,0.0,0.0,0.0,0.0,0.0
206.0,30804.0,85748.0,54944.0,27472.0,1.783664459161148,31.914256269287133,136157.88400146668,0.2262373583865932,0.0,0.0,1.0,inf,30804.0,inf,215.0,170.0,45.0,0.0,0.0,0.0,0.0,0.0,0.0
207.0,30972.0,86212.0,55240.0,27620.0,1.7835464290326746,31.914256269287133,136157.88400146668,0.22747122009964824,0.0,0.0,1.0,inf,30972.0,inf,212.0,168.0,44.0,0.0,0.0,0.0,0.0,0.0,0.0
208.0,31135.0,86669.0,55534.0,27767.0,1.7836518387666613,31.914256269287133,136157.88400146668,0.22866835973790997,0.0,0.0,1.0,inf,31135.0,inf,212.0,163.0,49.0,0.0,0.0,0.0,0.0,0.0,0.0
209.0,31304.0,87140.0,55836.0,27918.0,1.7836698185535396,31.914256269287133,136157.88400146668,0.22990956586592368,0.0,0.0,1.0,inf,31304.0,inf,217.0,169.0,48.0,0.0,0.0,0.0,0.0,0.0,0.0
210.0,31455.0,87563.0,56108.0,28054.0,1.7837545700206645,31.914256269287133,136157.88400146668,0.2310185725246815,0.0,0.0,1.0,inf,31455.0,inf,213.0,151.0,62.0,0.0,0.0,0.0,0.0,0.0,0.0
211.0,31615.0,88003.0,56388.0,28194.0,1.7835837418946703,31.914256269287133,136157.88400146668,0.23219367891806725,0.0,0.0,1.0,inf,31615.0,inf,212.0,160.0,52.0,0.0,0.0,0.0,0.0,0.0,0.0
212.0,31785.0,88473.0,56688.0,28344.0,1.7834827748938178,32.00329190678741,137300.6419246813,0.2314992818273656,0.0,0.0,1.0,inf,31785.0,inf,216.0,170.0,46.0,0.0,0.0,0.0,0.0,0.0,0.0
213.0,31940.0,88902.0,56962.0,28481.0,1.7834063869755792,32.00329190678741,137300.6419246813,0.23262819133446772,0.0,0.0,1.0,inf,31940.0,inf,213.0,155.0,58.0,0.0,0.0,0.0,0.0,0.0,0.0
214.0,32105.0,89359.0,57254.0,28627.0,1.7833359289830244,32.00329190678741,137300.6419246813,0.23382993371299582,0.0,0.0,1.0,inf,32105.0,inf,217.0,165.0,52.0,0.0,0.0,0.0,0.0,0.0,0.0
215.0,32267.0,89817.0,57550.0,28775.0,1.783555955000465,32.00329190678741,137300.6419246813,0.2350098262300961,0.0,0.0,1.0,inf,32267.0,inf,211.0,162.0,49.0,0.0,0.0,0.0,0.0,0.0,0.0
216.0,32433.0,90277.0,57844.0,28922.0,1.7834921222211944,32.00329190678741,137300.6419246813,0.2362188518957668,0.0,0.0,1.0,inf,32433.0,inf,212.0,166.0,46.0,0.0,0.0,0.0,0.0,0.0,0.0
217.0,32609.0,90777.0,58168.0,29084.0,1.7838020178478333,32.00329190678741,137300.6419246813,0.23750071043286344,0.0,0.0,1.0,inf,32609.0,inf,216.0,176.0,40.0,0.0,0.0,0.0,0.0,0.0,0.0
218.0,32770.0,91218.0,58448.0,29224.0,1.7835825450106806,32.23809875740651,140344.9769039343,0.23349606607175521,0.0,0.0,1.0,inf,32770.0,inf,214.0,161.0,53.0,0.0,0.0,0.0,0.0,0.0,0.0
219.0,32927.0,91659.0,58732.0,29366.0,1.7837033437604397,32.23809875740651,140344.9769039343,0.23461473810023448,0.0,0.0,1.0,inf,32927.0,inf,208.0,157.0,51.0,0.0,0.0,0.0,0.0,0.0,0.0
220.0,33102.0,92154.0,59052.0,29526.0,1.7839405473989487,32.23809875740651,140344.9769039343,0.2358616655205139,0.0,0.0,1.0,inf,33102.0,inf,216.0,175.0,41.0,0.0,0.0,0.0,0.0,0.0,0.0
221.0,33265.0,92605.0,59340.0,29670.0,1.7838569066586503,32.23809875740651,140344.9769039343,0.2370230893462599,0.0,0.0,1.0,inf,33265.0,inf,215.0,163.0,52.0,0.0,0.0,0.0,0.0,0.0,0.0
222.0,33440.0,93102.0,59662.0,29831.0,1.7841507177033493,32.23809875740651,140344.9769039343,0.23827001676653933,0.0,0.0,1.0,inf,33440.0,inf,216.0,175.0,41.0,0.0,0.0,0.0,0.0,0.0,0.0
223.0,33606.0,93578.0,59972.0,29986.0,1.7845622805451407,32.23809875740651,140344.9769039343,0.23945281649091868,0.0,0.0,1.0,inf,33606.0,inf,217.0,166.0,51.0,0.0,0.0,0.0,0.0,0.0,0.0
224.0,33771.0,94035.0,60264.0,30132.0,1.7844896508838946,32.23809875740651,140344.9769039343,0.24062849091575358,0.0,0.0,1.0,inf,33771.0,inf,213.0,165.0,48.0,0.0,0.0,0.0,0.0,0.0,0.0
225.0,33929.0,94467.0,60538.0,30269.0,1.7842553567744408,32.23809875740651,140344.9769039343,0.24175428824377732,0.0,0.0,1.0,inf,33929.0,inf,216.0,158.0,58.0,0.0,0.0,0.0,0.0,0.0,0.0
226.0,34093.0,94921.0,60828.0,30414.0,1.7841785703810167,32.23809875740651,140344.9769039343,0.24292283736906775,0.0,0.0,1.0,inf,34093.0,inf,213.0,164.0,49.0,0.0,0.0,0.0,0.0,0.0,0.0
227.0,34250.0,95354.0,61104.0,30552.0,1.7840583941605839,32.23809875740651,140344.9769039343,0.244041509397547,0.0,0.0,1.0,inf,34250.0,inf,214.0,157.0,57.0,0.0,0.0,0.0,0.0,0.0,0.0
228.0,34413.0,95811.0,61398.0,30699.0,1.7841513381570917,32.23809875740651,140344.9769039343,0.245202933223293,0.0,0.0,1.0,inf,34413.0,inf,215.0,163.0,52.0,0.0,0.0,0.0,0.0,0.0,0.0
229.0,34578.0,96282.0,61704.0,30852.0,1.784487246225924,32.23809875740651,140344.9769039343,0.2463786076481279,0.0,0.0,1.0,inf,34578.0,inf,217.0,165.0,52.0,0.0,0.0,0.0,0.0,0.0,0.0
230.0,34745.0,96749.0,62004.0,31002.0,1.7845445387825587,32.23809875740651,140344.9769039343,0.2475685326720517,0.0,0.0,1.0,inf,34745.0,inf,214.0,167.0,47.0,0.0,0.0,0.0,0.0,0.0,0.0
231.0,34908.0,97206.0,62298.0,31149.0,1.7846338948092129,32.23809875740651,140344.9769039343,0.2487299564977977,0.0,0.0,1.0,inf,34908.0,inf,216.0,163.0,53.0,0.0,0.0,0.0,0.0,0.0,0.0
232.0,35069.0,97655.0,62586.0,31293.0,1.7846531124354843,32.23809875740651,140344.9769039343,0.24987712972445478,0.0,0.0,1.0,inf,35069.0,inf,216.0,161.0,55.0,0.0,0.0,0.0,0.0,0.0,0.0
233.0,35224.0,98084.0,62860.0,31430.0,1.7845786963434023,32.27914035218125,140881.66962844052,0.25002542980147324,0.0,0.0,1.0,inf,35224.0,inf,214.0,155.0,59.0,0.0,0.0,0.0,0.0,0.0,0.0
234.0,35400.0,98574.0,63174.0,31587.0,1.7845762711864406,32.27914035218125,140881.66962844052,0.251274705171819,0.0,0.0,1.0,inf,35400.0,inf,218.0,176.0,42.0,0.0,0.0,0.0,0.0,0.0,0.0
235.0,35543.0,98979.0,63436.0,31718.0,1.7847677461103453,32.27914035218125,140881.66962844052,0.2522897414102249,0.0,0.0,1.0,inf,35543.0,inf,214.0,143.0,71.0,0.0,0.0,0.0,0.0,0.0,0.0
236.0,35701.0,99415.0,63714.0,31857.0,1.784655891991821,32.874097451900425,148816.17030190697,0.23990000500330386,0.0,0.0,1.0,inf,35701.0,inf,214.0,158.0,56.0,0.0,0.0,0.0,0.0,0.0,0.0
237.0,35873.0,99897.0,64024.0,32012.0,1.7847406127170853,32.874097451900425,148816.17030190697,0.24105579338067615,0.0,0.0,1.0,inf,35873.0,inf,217.0,172.0,45.0,0.0,0.0,0.0,0.0,0.0,0.0
238.0,36046.0,100394.0,64348.0,32174.0,1.7851634023192586,32.874097451900425,148816.17030190697,0.2422183014579169,0.0,0.0,1.0,inf,36046.0,inf,215.0,173.0,42.0,0.0,0.0,0.0,0.0,0.0,0.0
239.0,36200.0,100834.0,64634.0,32317.0,1.7854696132596686,32.874097451900425,148816.17030190697,0.24325313523765718,0.0,0.0,1.0,inf,36200.0,inf,210.0,154.0,56.0,0.0,0.0,0.0,0.0,0.0,0.0
240.0,36366.0,101298.0,64932.0,32466.0,1.7855139415937964,32.874097451900425,148816.17030190697,0.24436860541581884,0.0,0.0,1.0,inf,36366.0,inf,214.0,166.0,48.0,0.0,0.0,0.0,0.0,0.0,0.0
241.0,36537.0,101789.0,65252.0,32626.0,1.785915647152202,32.874097451900425,148816.17030190697,0.24551767409332267,0.0,0.0,1.0,inf,36537.0,inf,219.0,171.0,48.0,0.0,0.0,0.0,0.0,0.0,0.0
242.0,36707.0,102267.0,65560.0,32780.0,1.786035361102787,32.874097451900425,148816.17030190697,0.24666002307095808,0.0,0.0,1.0,inf,36707.0,inf,215.0,170.0,45.0,0.0,0.0,0.0,0.0,0.0,0.0
243.0,36877.0,102733.0,65856.0,32928.0,1.7858285652303605,32.874097451900425,148816.17030190697,0.24780237204859348,0.0,0.0,1.0,inf,36877.0,inf,215.0,170.0,45.0,0.0,0.0,0.0,0.0,0.0,0.0
244.0,37042.0,103194.0,66152.0,33076.0,1.7858646941309864,32.874097451900425,148816.17030190697,0.24891112252688669,0.0,0.0,1.0,inf,37042.0,inf,218.0,165.0,53.0,0.0,0.0,0.0,0.0,0.0,0.0
245.0,37203.0,103645.0,66442.0,33221.0,1.7859312421041313,32.874097451900425,148816.17030190697,0.2499929942057061,0.0,0.0,1.0,inf,37203.0,inf,215.0,161.0,54.0,0.0,0.0,0.0,0.0,0.0,0.0
246.0,37359.0,104083.0,66724.0,33362.0,1.7860221097995128,32.874097451900425,148816.17030190697,0.2510412673851833,0.0,0.0,1.0,inf,37359.0,inf,211.0,156.0,55.0,0.0,0.0,0.0,0.0,0.0,0.0
247.0,37521.0,104533.0,67012.0,33506.0,1.7859865142187041,32.874097451900425,148816.17030190697,0.2521298587638712,0.0,0.0,1.0,inf,37521.0,inf,214.0,162.0,52.0,0.0,0.0,0.0,0.0,0.0,0.0
248.0,37673.0,104951.0,67278.0,33639.0,1.785841318716322,32.874097451900425,148816.17030190697,0.25315125314387454,0.0,0.0,1.0,inf,37673.0,inf,216.0,152.0,64.0,0.0,0.0,0.0,0.0,0.0,0.0
249.0,37847.0,105435.0,67588.0,33794.0,1.785821861706344,32.874097451900425,148816.17030190697,0.25432048092098375,0.0,0.0,1.0,inf,37847.0,inf,217.0,174.0,43.0,0.0,0.0,0.0,0.0,0.0,0.0
250.0,38001.0,105867.0,67866.0,33933.0,1.7859003710428674,32.874097451900425,148816.17030190697,0.25535531470072403,0.0,0.0,1.0,inf,38001.0,inf,218.0,154.0,64.0,0.0,0.0,0.0,0.0,0.0,0.0
251.0,38151.0,106277.0,68126.0,34063.0,1.7856936908600036,32.874097451900425,148816.17030190697,0.2563632696809906,0.0,0.0,1.0,inf,38151.0,inf,216.0,150.0,66.0,0.0,0.0,0.0,0.0,0.0,0.0
252.0,38321.0,106751.0,68430.0,34215.0,1.785704965945565,32.874097451900425,148816.17030190697,0.257505618658626,0.0,0.0,1.0,inf,38321.0,inf,216.0,170.0,46.0,0.0,0.0,0.0,0.0,0.0,0.0
253.0,38480.0,107206.0,68726.0,34363.0,1.7860187110187111,32.874097451900425,148816.17030190697,0.2585740509377085,0.0,0.0,1.0,inf,38480.0,inf,219.0,159.0,60.0,0.0,0.0,0.0,0.0,0.0,0.0
254.0,38652.0,107670.0,69018.0,34509.0,1.7856255821173548,32.874097451900425,148816.17030190697,0.2597298393150808,0.0,0.0,1.0,inf,38652.0,inf,213.0,172.0,41.0,0.0,0.0,0.0,0.0,0.0,0.0
255.0,38820.0,108120.0,69300.0,34650.0,1.78516228748068,32.874097451900425,148816.17030190697,0.26085874889297933,0.0,0.0,1.0,inf,38820.0,inf,215.0,168.0,47.0,0.0,0.0,0.0,0.0,0.0,0.0
256.0,38963.0,108515.0,69552.0,34776.0,1.7850781510663962,32.874097451900425,148816.17030190697,0.2618196659741668,0.0,0.0,1.0,inf,38963.0,inf,215.0,143.0,72.0,0.0,0.0,0.0,0.0,0.0,0.0
257.0,39119.0,108945.0,69826.0,34913.0,1.78496382831872,32.91268894231991,149340.8796702829,0.2619443523191207,0.0,0.0,1.0,inf,39119.0,inf,215.0,156.0,59.0,0.0,0.0,0.0,0.0,0.0,0.0
258.0,39283.0,109387.0,70104.0,35052.0,1.7845887534047806,32.91268894231991,149340.8796702829,0.2630425111110207,0.0,0.0,1.0,inf,39283.0,inf,217.0,164.0,53.0,0.0,0.0,0.0,0.0,0.0,0.0
259.0,39436.0,109804.0,70368.0,35184.0,1.7843594685059336,32.91268894231991,149340.8796702829,0.26406701291078105,0.0,0.0,1.0,inf,39436.0,inf,211.0,153.0,58.0,0.0,0.0,0.0,0.0,0.0,0.0
260.0,39597.0,110247.0,70650.0,35325.0,1.7842260777331616,32.91268894231991,149340.8796702829,0.26514508343209753,0.0,0.0,1.0,inf,39597.0,inf,215.0,161.0,54.0,0.0,0.0,0.0,0.0,0.0,0.0
261.0,39749.0,110667.0,70918.0,35459.0,1.784145513094669,32.91268894231991,149340.8796702829,0.26616288914166336,0.0,0.0,1.0,inf,39749.0,inf,215.0,152.0,63.0,0.0,0.0,0.0,0.0,0.0,0.0
262.0,39913.0,111123.0,71210.0,35605.0,1.78413048380227,32.91268894231991,149340.8796702829,0.26726104793356337,0.0,0.0,1.0,inf,39913.0,inf,215.0,164.0,51.0,0.0,0.0,0.0,0.0,0.0,0.0
263.0,40079.0,111585.0,71506.0,35753.0,1.7841263504578457,32.91268894231991,149340.8796702829,0.26837259890585236,0.0,0.0,1.0,inf,40079.0,inf,217.0,166.0,51.0,0.0,0.0,0.0,0.0,0.0,0.0
264.0,40224.0,111988.0,71764.0,35882.0,1.7841089896579156,32.91268894231991,149340.8796702829,0.26934353198405664,0.0,0.0,1.0,inf,40224.0,inf,213.0,145.0,68.0,0.0,0.0,0.0,0.0,0.0,0.0
265.0,40376.0,112416.0,72040.0,36020.0,1.7842282544085595,32.91268894231991,149340.8796702829,0.27036133769362247,0.0,0.0,1.0,inf,40376.0,inf,219.0,152.0,67.0,0.0,0.0,0.0,0.0,0.0,0.0
266.0,40542.0,112882.0,72340.0,36170.0,1.7843224310591486,33.33387470025125,155147.93698595968,0.2613118858529772,0.0,0.0,1.0,inf,40542.0,inf,219.0,166.0,53.0,0.0,0.0,0.0,0.0,0.0,0.0
267.0,40703.0,113319.0,72616.0,36308.0,1.7840454020588163,33.33387470025125,155147.93698595968,0.26234960509776856,0.0,0.0,1.0,inf,40703.0,inf,215.0,161.0,54.0,0.0,0.0,0.0,0.0,0.0,0.0
268.0,40870.0,113780.0,72910.0,36455.0,1.7839491069243945,33.33387470025125,155147.93698595968,0.2634259971094465,0.0,0.0,1.0,inf,40870.0,inf,217.0,167.0,50.0,0.0,0.0,0.0,0.0,0.0,0.0
269.0,41035.0,114241.0,73206.0,36603.0,1.7839892774460826,33.33387470025125,155147.93698595968,0.2644894981988289,0.0,0.0,1.0,inf,41035.0,inf,216.0,165.0,51.0,0.0,0.0,0.0,0.0,0.0,0.0
270.0,41197.0,114699.0,73502.0,36751.0,1.7841590407068475,33.33387470025125,155147.93698595968,0.265533662904768,0.0,0.0,1.0,inf,41197.0,inf,216.0,162.0,54.0,0.0,0.0,0.0,0.0,0.0,0.0
271.0,41356.0,115144.0,73788.0,36894.0,1.7842151078440855,33.33387470025125,155147.93698595968,0.2665584912272637,0.0,0.0,1.0,inf,41356.0,inf,217.0,159.0,58.0,0.0,0.0,0.0,0.0,0.0,0.0
272.0,41519.0,115603.0,74084.0,37042.0,1.784339699896433,33.33387470025125,155147.93698595968,0.26760910139435057,0.0,0.0,1.0,inf,41519.0,inf,219.0,163.0,56.0,0.0,0.0,0.0,0.0,0.0,0.0
273.0,41677.0,116055.0,74378.0,37189.0,1.7846294119058475,33.33387470025125,155147.93698595968,0.2686274842556986,0.0,0.0,1.0,inf,41677.0,inf,215.0,158.0,57.0,0.0,0.0,0.0,0.0,0.0,0.0
274.0,41835.0,116491.0,74656.0,37328.0,1.7845344806979802,33.33387470025125,155147.93698595968,0.2696458671170466,0.0,0.0,1.0,inf,41835.0,inf,217.0,158.0,59.0,0.0,0.0,0.0,0.0,0.0,0.0
275.0,41994.0,116940.0,74946.0,37473.0,1.7846835262180312,33.33387470025125,155147.93698595968,0.27067069543954236,0.0,0.0,1.0,inf,41994.0,inf,218.0,159.0,59.0,0.0,0.0,0.0,0.0,0.0,0.0
276.0,42148.0,117374.0,75226.0,37613.0,1.784805921989181,33.33387470025125,155147.93698595968,0.2716632964562993,0.0,0.0,1.0,inf,42148.0,inf,215.0,154.0,61.0,0.0,0.0,0.0,0.0,0.0,0.0
277.0,42304.0,117816.0,75512.0,37756.0,1.7849848714069592,33.78357998081006,161512.30545321,0.26192431518634623,0.0,0.0,1.0,inf,42304.0,inf,217.0,156.0,61.0,0.0,0.0,0.0,0.0,0.0,0.0
278.0,42464.0,118260.0,75796.0,37898.0,1.7849472494348153,33.78357998081006,161512.30545321,0.26291495177933544,0.0,0.0,1.0,inf,42464.0,inf,217.0,160.0,57.0,0.0,0.0,0.0,0.0,0.0,0.0
279.0,42640.0,118758.0,76118.0,38059.0,1.7851313320825517,33.78357998081006,161512.30545321,0.26400465203162354,0.0,0.0,1.0,inf,42640.0,inf,217.0,176.0,41.0,0.0,0.0,0.0,0.0,0.0,0.0
280.0,42800.0,119210.0,76410.0,38205.0,1.7852803738317757,33.78357998081006,161512.30545321,0.26499528862461275,0.0,0.0,1.0,inf,42800.0,inf,216.0,160.0,56.0,0.0,0.0,0.0,0.0,0.0,0.0
281.0,42961.0,119661.0,76700.0,38350.0,1.7853401922674053,33.78357998081006,161512.30545321,0.2659921166963082,0.0,0.0,1.0,inf,42961.0,inf,216.0,161.0,55.0,0.0,0.0,0.0,0.0,0.0,0.0
282.0,43130.0,120132.0,77002.0,38501.0,1.7853466264780895,33.78357998081006,161512.30545321,0.267038476597653,0.0,0.0,1.0,inf,43130.0,inf,216.0,169.0,47.0,0.0,0.0,0.0,0.0,0.0,0.0
283.0,43294.0,120588.0,77294.0,38647.0,1.7853282210006005,33.78357998081006,161512.30545321,0.26805387910546696,0.0,0.0,1.0,inf,43294.0,inf,216.0,164.0,52.0,0.0,0.0,0.0,0.0,0.0,0.0
284.0,43445.0,121011.0,77566.0,38783.0,1.7853838186212452,33.78357998081006,161512.30545321,0.2689887923901005,0.0,0.0,1.0,inf,43445.0,inf,213.0,151.0,62.0,0.0,0.0,0.0,0.0,0.0,0.0
285.0,43615.0,121483.0,77868.0,38934.0,1.785349077152356,33.78357998081006,161512.30545321,0.27004134377015154,0.0,0.0,1.0,inf,43615.0,inf,218.0,170.0,48.0,0.0,0.0,0.0,0.0,0.0,0.0
286.0,43769.0,121883.0,78114.0,39057.0,1.7846877927300144,33.78357998081006,161512.30545321,0.27099483149090364,0.0,0.0,1.0,inf,43769.0,inf,216.0,154.0,62.0,0.0,0.0,0.0,0.0,0.0,0.0
287.0,43937.0,122355.0,78418.0,39209.0,1.7847827571295263,33.78357998081006,161512.30545321,0.2720349999135423,0.0,0.0,1.0,inf,43937.0,inf,216.0,168.0,48.0,0.0,0.0,0.0,0.0,0.0,0.0
288.0,44094.0,122794.0,78700.0,39350.0,1.784823331972604,33.78357998081006,161512.30545321,0.273007062070413,0.0,0.0,1.0,inf,44094.0,inf,218.0,157.0,61.0,0.0,0.0,0.0,0.0,0.0,0.0
289.0,44252.0,123232.0,78980.0,39490.0,1.7847780891259153,33.78357998081006,161512.30545321,0.27398531570598983,0.0,0.0,1.0,inf,44252.0,inf,216.0,158.0,58.0,0.0,0.0,0.0,0.0,0.0,0.0
290.0,44414.0,123690.0,79276.0,39638.0,1.7849326788850362,33.78357998081006,161512.30545321,0.2749883352563914,0.0,0.0,1.0,inf,44414.0,inf,211.0,162.0,49.0,0.0,0.0,0.0,0.0,0.0,0.0
291.0,44583.0,124163.0,79580.0,39790.0,1.7849853083013705,33.78357998081006,161512.30545321,0.2760346951577362,0.0,0.0,1.0,inf,44583.0,inf,219.0,169.0,50.0,0.0,0.0,0.0,0.0,0.0,0.0
292.0,44739.0,124591.0,79852.0,39926.0,1.7848409664945573,33.78357998081006,161512.30545321,0.2770005658359007,0.0,0.0,1.0,inf,44739.0,inf,218.0,156.0,62.0,0.0,0.0,0.0,0.0,0.0,0.0
293.0,44904.0,125034.0,80130.0,40065.0,1.7844735435595938,33.78357998081006,161512.30545321,0.27802215982242084,0.0,0.0,1.0,inf,44904.0,inf,213.0,165.0,48.0,0.0,0.0,0.0,0.0,0.0,0.0
294.0,45062.0,125462.0,80400.0,40200.0,1.7842084239492255,33.78357998081006,161512.30545321,0.2790004134579977,0.0,0.0,1.0,inf,45062.0,inf,214.0,158.0,56.0,0.0,0.0,0.0,0.0,0.0,0.0
295.0,45222.0,125910.0,80688.0,40344.0,1.7842642961390474,33.78357998081006,161512.30545321,0.2799910500509869,0.0,0.0,1.0,inf,45222.0,inf,214.0,160.0,54.0,0.0,0.0,0.0,0.0,0.0,0.0
296.0,45379.0,126349.0,80970.0,40485.0,1.7843055157672052,33.78357998081006,161512.30545321,0.2809631122078575,0.0,0.0,1.0,inf,45379.0,inf,215.0,157.0,58.0,0.0,0.0,0.0,0.0,0.0,0.0
297.0,45527.0,126759.0,81232.0,40616.0,1.784259889735761,33.78357998081006,161512.30545321,0.2818794510563726,0.0,0.0,1.0,inf,45527.0,inf,213.0,148.0,65.0,0.0,0.0,0.0,0.0,0.0,0.0
298.0,45678.0,127176.0,81498.0,40749.0,1.7841849468015236,33.78357998081006,161512.30545321,0.2828143643410061,0.0,0.0,1.0,inf,45678.0,inf,218.0,151.0,67.0,0.0,0.0,0.0,0.0,0.0,0.0
299.0,45834.0,127626.0,81792.0,40896.0,1.7845267705197014,33.78357998081006,161512.30545321,0.2837802350191706,0.0,0.0,1.0,inf,45834.0,inf,219.0,156.0,63.0,0.0,0.0,0.0,0.0,0.0,0.0
300.0,45984.0,128060.0,82076.0,41038.0,1.7848816979819067,33.78357998081006,161512.30545321,0.284708956825098,0.0,0.0,1.0,inf,45984.0,inf,217.0,150.0,67.0,0.0,0.0,0.0,0.0,0.0,0.0
301.0,46152.0,128540.0,82388.0,41194.0,1.7851447391228983,33.78357998081006,161512.30545321,0.28574912524773666,0.0,0.0,1.0,inf,46152.0,inf,219.0,168.0,51.0,0.0,0.0,0.0,0.0,0.0,0.0
302.0,46310.0,128980.0,82670.0,41335.0,1.7851435974951415,34.304587810952924,169100.62995970497,0.2738606001115148,0.0,0.0,1.0,inf,46310.0,inf,216.0,158.0,58.0,0.0,0.0,0.0,0.0,0.0,0.0
303.0,46475.0,129435.0,82960.0,41480.0,1.7850457235072619,34.304587810952924,169100.62995970497,0.27483635046820665,0.0,0.0,1.0,inf,46475.0,inf,218.0,165.0,53.0,0.0,0.0,0.0,0.0,0.0,0.0
304.0,46630.0,129882.0,83252.0,41626.0,1.7853742226034741,34.304587810952924,169100.62995970497,0.2757529644396445,0.0,0.0,1.0,inf,46630.0,inf,214.0,155.0,59.0,0.0,0.0,0.0,0.0,0.0,0.0
305.0,46791.0,130337.0,83546.0,41773.0,1.7855143083071532,34.304587810952924,169100.62995970497,0.2767050602422347,0.0,0.0,1.0,inf,46791.0,inf,215.0,161.0,54.0,0.0,0.0,0.0,0.0,0.0,0.0
306.0,46958.0,130810.0,83852.0,41926.0,1.7856808211593338,34.304587810952924,169100.62995970497,0.27769263787597737,0.0,0.0,1.0,inf,46958.0,inf,218.0,167.0,51.0,0.0,0.0,0.0,0.0,0.0,0.0
307.0,47132.0,131294.0,84162.0,42081.0,1.7856657896970212,34.941658866797944,178697.78424871853,0.26375257084553355,0.0,0.0,1.0,inf,47132.0,inf,217.0,174.0,43.0,0.0,0.0,0.0,0.0,0.0,0.0
308.0,47302.0,131770.0,84468.0,42234.0,1.785717305822164,34.941658866797944,178697.78424871853,0.26470389769446295,0.0,0.0,1.0,inf,47302.0,inf,210.0,170.0,40.0,0.0,0.0,0.0,0.0,0.0,0.0
309.0,47468.0,132244.0,84776.0,42388.0,1.7859610685093115,34.941658866797944,178697.78424871853,0.26563284038224105,0.0,0.0,1.0,inf,47468.0,inf,211.0,166.0,45.0,0.0,0.0,0.0,0.0,0.0,0.0
310.0,47649.0,132761.0,85112.0,42556.0,1.786228462297215,34.941658866797944,178697.78424871853,0.2666457236743365,0.0,0.0,1.0,inf,47649.0,inf,215.0,181.0,34.0,0.0,0.0,0.0,0.0,0.0,0.0
311.0,47811.0,133225.0,85414.0,42707.0,1.7864926481353662,34.941658866797944,178697.78424871853,0.26755228220096333,0.0,0.0,1.0,inf,47811.0,inf,209.0,162.0,47.0,0.0,0.0,0.0,0.0,0.0,0.0
312.0,47990.0,133730.0,85740.0,42870.0,1.7866222129610336,34.941658866797944,178697.78424871853,0.2685539734124831,0.0,0.0,1.0,inf,47990.0,inf,218.0,179.0,39.0,0.0,0.0,0.0,0.0,0.0,0.0
313.0,48163.0,134215.0,86052.0,43026.0,1.786682723252289,34.941658866797944,178697.78424871853,0.269522088382276,0.0,0.0,1.0,inf,48163.0,inf,212.0,173.0,39.0,0.0,0.0,0.0,0.0,0.0,0.0
314.0,48326.0,134668.0,86342.0,43171.0,1.786657285933038,34.941658866797944,178697.78424871853,0.27043424294919066,0.0,0.0,1.0,inf,48326.0,inf,214.0,163.0,51.0,0.0,0.0,0.0,0.0,0.0,0.0
315.0,48495.0,135129.0,86634.0,43317.0,1.7864522115682029,34.941658866797944,178697.78424871853,0.27137997375783224,0.0,0.0,1.0,inf,48495.0,inf,216.0,169.0,47.0,0.0,0.0,0.0,0.0,0.0,0.0
316.0,48669.0,135613.0,86944.0,43472.0,1.7864348969569952,34.941658866797944,178697.78424871853,0.27235368476791294,0.0,0.0,1.0,inf,48669.0,inf,215.0,174.0,41.0,0.0,0.0,0.0,0.0,0.0,0.0
317.0,48834.0,136082.0,87248.0,43624.0,1.7866240733914895,34.941658866797944,178697.78424871853,0.2732770314154032,0.0,0.0,1.0,inf,48834.0,inf,216.0,165.0,51.0,0.0,0.0,0.0,0.0,0.0,0.0
318.0,48991.0,136525.0,87534.0,43767.0,1.7867363393276317,34.941658866797944,178697.78424871853,0.27415560974059094,0.0,0.0,1.0,inf,48991.0,inf,214.0,157.0,57.0,0.0,0.0,0.0,0.0,0.0,0.0
319.0,49167.0,137011.0,87844.0,43922.0,1.7866455142676998,34.941658866797944,178697.78424871853,0.2751405128312473,0.0,0.0,1.0,inf,49167.0,inf,216.0,176.0,40.0,0.0,0.0,0.0,0.0,0.0,0.0
320.0,49324.0,137450.0,88126.0,44063.0,1.7866758575946802,34.941658866797944,178697.78424871853,0.276019091156435,0.0,0.0,1.0,inf,49324.0,inf,215.0,157.0,58.0,0.0,0.0,0.0,0.0,0.0,0.0
321.0,49493.0,137925.0,88432.0,44216.0,1.786757723314408,34.941658866797944,178697.78424871853,0.2769648219650766,0.0,0.0,1.0,inf,49493.0,inf,213.0,169.0,44.0,0.0,0.0,0.0,0.0,0.0,0.0
322.0,49661.0,138395.0,88734.0,44367.0,1.786794466482753,34.941658866797944,178697.78424871853,0.2779049567334304,0.0,0.0,1.0,inf,49661.0,inf,215.0,168.0,47.0,0.0,0.0,0.0,0.0,0.0,0.0
323.0,49827.0,138863.0,89036.0,44518.0,1.7869026832841632,34.941658866797944,178697.78424871853,0.2788338994212085,0.0,0.0,1.0,inf,49827.0,inf,217.0,166.0,51.0,0.0,0.0,0.0,0.0,0.0,0.0
324.0,49991.0,139309.0,89318.0,44659.0,1.786681602688484,34.941658866797944,178697.78424871853,0.279751650028411,0.0,0.0,1.0,inf,49991.0,inf,215.0,164.0,51.0,0.0,0.0,0.0,0.0,0.0,0.0
325.0,50158.0,139784.0,89626.0,44813.0,1.78687347980382,34.941658866797944,178697.78424871853,0.28068618875647694,0.0,0.0,1.0,inf,50158.0,inf,214.0,167.0,47.0,0.0,0.0,0.0,0.0,0.0,0.0
326.0,50316.0,140230.0,89914.0,44957.0,1.786986246919469,34.941658866797944,178697.78424871853,0.2815703631219525,0.0,0.0,1.0,inf,50316.0,inf,216.0,158.0,58.0,0.0,0.0,0.0,0.0,0.0,0.0
327.0,50486.0,140710.0,90224.0,45112.0,1.7871092976270648,34.941658866797944,178697.78424871853,0.2825216899708819,0.0,0.0,1.0,inf,50486.0,inf,215.0,170.0,45.0,0.0,0.0,0.0,0.0,0.0,0.0
328.0,50658.0,141202.0,90544.0,45272.0,1.7873583639306723,34.941658866797944,178697.78424871853,0.28348420890038695,0.0,0.0,1.0,inf,50658.0,inf,216.0,172.0,44.0,0.0,0.0,0.0,0.0,0.0,0.0
329.0,50828.0,141690.0,90862.0,45431.0,1.7876367356575116,34.941658866797944,178697.78424871853,0.28443553574931635,0.0,0.0,1.0,inf,50828.0,inf,218.0,170.0,48.0,0.0,0.0,0.0,0.0,0.0,0.0
330.0,51009.0,142191.0,91182.0,45591.0,1.7875668999588308,34.941658866797944,178697.78424871853,0.28544841904141177,0.0,0.0,1.0,inf,51009.0,inf,217.0,181.0,36.0,0.0,0.0,0.0,0.0,0.0,0.0
331.0,51182.0,142688.0,91506.0,45753.0,1.7878551053104608,34.941658866797944,178697.78424871853,0.28641653401120465,0.0,0.0,1.0,inf,51182.0,inf,216.0,173.0,43.0,0.0,0.0,0.0,0.0,0.0,0.0
332.0,51348.0,143150.0,91802.0,45901.0,1.7878398379683726,34.941658866797944,178697.78424871853,0.28734547669898275,0.0,0.0,1.0,inf,51348.0,inf,213.0,166.0,47.0,0.0,0.0,0.0,0.0,0.0,0.0
333.0,51503.0,143583.0,92080.0,46040.0,1.7878570180377842,34.941658866797944,178697.78424871853,0.2882128629435949,0.0,0.0,1.0,inf,51503.0,inf,215.0,155.0,60.0,0.0,0.0,0.0,0.0,0.0,0.0
334.0,51670.0,144046.0,92376.0,46188.0,1.787807238242694,34.941658866797944,178697.78424871853,0.2891474016716608,0.0,0.0,1.0,inf,51670.0,inf,216.0,167.0,49.0,0.0,0.0,0.0,0.0,0.0,0.0
335.0,51824.0,144480.0,92656.0,46328.0,1.7878974992281569,34.941658866797944,178697.78424871853,0.2900091918759851,0.0,0.0,1.0,inf,51824.0,inf,218.0,154.0,64.0,0.0,0.0,0.0,0.0,0.0,0.0
336.0,51994.0,144952.0,92958.0,46479.0,1.787860137708197,34.941658866797944,178697.78424871853,0.2909605187249145,0.0,0.0,1.0,inf,51994.0,inf,218.0,170.0,48.0,0.0,0.0,0.0,0.0,0.0,0.0
337.0,52160.0,145396.0,93236.0,46618.0,1.7875,34.941658866797944,178697.78424871853,0.2918894614126926,0.0,0.0,1.0,inf,52160.0,inf,217.0,166.0,51.0,0.0,0.0,0.0,0.0,0.0,0.0
338.0,52313.0,145827.0,93514.0,46757.0,1.7875862596295375,34.941658866797944,178697.78424871853,0.2927456555767291,0.0,0.0,1.0,inf,52313.0,inf,214.0,153.0,61.0,0.0,0.0,0.0,0.0,0.0,0.0
339.0,52481.0,146287.0,93806.0,46903.0,1.7874278310245613,34.941658866797944,178697.78424871853,0.29368579034508285,0.0,0.0,1.0,inf,52481.0,inf,220.0,168.0,52.0,0.0,0.0,0.0,0.0,0.0,0.0
340.0,52651.0,146765.0,94114.0,47057.0,1.7875064101346603,34.941658866797944,178697.78424871853,0.29463711719401225,0.0,0.0,1.0,inf,52651.0,inf,217.0,170.0,47.0,0.0,0.0,0.0,0.0,0.0,0.0
341.0,52817.0,147221.0,94404.0,47202.0,1.7873790635590814,34.941658866797944,178697.78424871853,0.2955660598817904,0.0,0.0,1.0,inf,52817.0,inf,217.0,166.0,51.0,0.0,0.0,0.0,0.0,0.0,0.0
342.0,52964.0,147632.0,94668.0,47334.0,1.7874027641416812,34.941658866797944,178697.78424871853,0.29638867780409994,0.0,0.0,1.0,inf,52964.0,inf,218.0,147.0,71.0,0.0,0.0,0.0,0.0,0.0,0.0
343.0,53109.0,148033.0,94924.0,47462.0,1.7873430115423,34.941658866797944,178697.78424871853,0.2972001036458338,0.0,0.0,1.0,inf,53109.0,inf,214.0,145.0,69.0,0.0,0.0,0.0,0.0,0.0,0.0
344.0,53283.0,148529.0,95246.0,47623.0,1.7875494998404744,34.941658866797944,178697.78424871853,0.2981738146559145,0.0,0.0,1.0,inf,53283.0,inf,219.0,174.0,45.0,0.0,0.0,0.0,0.0,0.0,0.0
345.0,53443.0,148969.0,95526.0,47763.0,1.7874370824991113,34.941658866797944,178697.78424871853,0.29906918110196573,0.0,0.0,1.0,inf,53443.0,inf,218.0,160.0,58.0,0.0,0.0,0.0,0.0,0.0,0.0
346.0,53596.0,149400.0,95804.0,47902.0,1.7875214568251363,34.941658866797944,178697.78424871853,0.2999253752660022,0.0,0.0,1.0,inf,53596.0,inf,215.0,153.0,62.0,0.0,0.0,0.0,0.0,0.0,0.0
347.0,53759.0,149853.0,96094.0,48047.0,1.7874960471734966,34.941658866797944,178697.78424871853,0.30083752983291684,0.0,0.0,1.0,inf,53759.0,inf,218.0,163.0,55.0,0.0,0.0,0.0,0.0,0.0,0.0
348.0,53922.0,150300.0,96378.0,48189.0,1.7873595193056637,34.941658866797944,178697.78424871853,0.3017496843998315,0.0,0.0,1.0,inf,53922.0,inf,216.0,163.0,53.0,0.0,0.0,0.0,0.0,0.0,0.0
349.0,54077.0,150735.0,96658.0,48329.0,1.7874142426539934,35.40778280705757,185945.12943726155,0.2908223526136819,0.0,0.0,1.0,inf,54077.0,inf,216.0,155.0,61.0,0.0,0.0,0.0,0.0,0.0,0.0
350.0,54240.0,151204.0,96964.0,48482.0,1.787684365781711,35.40778280705757,185945.12943726155,0.29169895530014806,0.0,0.0,1.0,inf,54240.0,inf,214.0,163.0,51.0,0.0,0.0,0.0,0.0,0.0,0.0
351.0,54407.0,151681.0,97274.0,48637.0,1.7878949399893396,35.40778280705757,185945.12943726155,0.29259706970898147,0.0,0.0,1.0,inf,54407.0,inf,215.0,167.0,48.0,0.0,0.0,0.0,0.0,0.0,0.0
352.0,54569.0,152137.0,97568.0,48784.0,1.7879748575198373,35.40778280705757,185945.12943726155,0.2934682944648558,0.0,0.0,1.0,inf,54569.0,inf,215.0,162.0,53.0,0.0,0.0,0.0,0.0,0.0,0.0
353.0,54730.0,152578.0,97848.0,48924.0,1.7878311712040929,35.40778280705757,185945.12943726155,0.2943341412901383,0.0,0.0,1.0,inf,54730.0,inf,219.0,161.0,58.0,0.0,0.0,0.0,0.0,0.0,0.0
354.0,54893.0,153025.0,98132.0,49066.0,1.7876960632503234,35.40778280705757,185945.12943726155,0.29521074397660446,0.0,0.0,1.0,inf,54893.0,inf,217.0,163.0,54.0,0.0,0.0,0.0,0.0,0.0,0.0
355.0,55055.0,153477.0,98422.0,49211.0,1.787703205885024,35.40778280705757,185945.12943726155,0.29608196873247883,0.0,0.0,1.0,inf,55055.0,inf,216.0,162.0,54.0,0.0,0.0,0.0,0.0,0.0,0.0
356.0,55232.0,153966.0,98734.0,49367.0,1.7876231170336037,35.40778280705757,185945.12943726155,0.2970338624472304,0.0,0.0,1.0,inf,55232.0,inf,217.0,177.0,40.0,0.0,0.0,0.0,0.0,0.0,0.0
357.0,55391.0,154419.0,99028.0,49514.0,1.7877994620064632,35.40778280705757,185945.12943726155,0.29788895341132926,0.0,0.0,1.0,inf,55391.0,inf,218.0,159.0,59.0,0.0,0.0,0.0,0.0,0.0,0.0
358.0,55550.0,154860.0,99310.0,49655.0,1.7877587758775877,35.40778280705757,185945.12943726155,0.2987440443754282,0.0,0.0,1.0,inf,55550.0,inf,216.0,159.0,57.0,0.0,0.0,0.0,0.0,0.0,0.0
359.0,55718.0,155320.0,99602.0,49801.0,1.7876090311927924,35.40778280705757,185945.12943726155,0.2996475367148534,0.0,0.0,1.0,inf,55718.0,inf,217.0,168.0,49.0,0.0,0.0,0.0,0.0,0.0,0.0
360.0,55871.0,155729.0,99858.0,49929.0,1.787295734817705,35.40778280705757,185945.12943726155,0.3004703600954014,0.0,0.0,1.0,inf,55871.0,inf,217.0,153.0,64.0,0.0,0.0,0.0,0.0,0.0,0.0
361.0,56021.0,156149.0,100128.0,50064.0,1.7873297513432462,35.40778280705757,185945.12943726155,0.3012770496841739,0.0,0.0,1.0,inf,56021.0,inf,219.0,150.0,69.0,0.0,0.0,0.0,0.0,0.0,0.0
362.0,56177.0,156585.0,100408.0,50204.0,1.7873506951243392,35.40778280705757,185945.12943726155,0.30211600685649737,0.0,0.0,1.0,inf,56177.0,inf,215.0,156.0,59.0,0.0,0.0,0.0,0.0,0.0,0.0
363.0,56334.0,157030.0,100696.0,50348.0,1.787481804949054,35.40778280705757,185945.12943726155,0.3029603419594126,0.0,0.0,1.0,inf,56334.0,inf,214.0,157.0,57.0,0.0,0.0,0.0,0.0,0.0,0.0
364.0,56497.0,157495.0,100998.0,50499.0,1.7876701417774394,35.40778280705757,185945.12943726155,0.30383694464587874,0.0,0.0,1.0,inf,56497.0,inf,216.0,163.0,53.0,0.0,0.0,0.0,0.0,0.0,0.0
365.0,56666.0,157966.0,101300.0,50650.0,1.7876680902128261,35.40778280705757,185945.12943726155,0.3047458149158958,0.0,0.0,1.0,inf,56666.0,inf,218.0,169.0,49.0,0.0,0.0,0.0,0.0,0.0,0.0
366.0,56837.0,158445.0,101608.0,50804.0,1.7877087108749583,35.40778280705757,185945.12943726155,0.30566544104709653,0.0,0.0,1.0,inf,56837.0,inf,217.0,171.0,46.0,0.0,0.0,0.0,0.0,0.0,0.0
367.0,56994.0,158888.0,101894.0,50947.0,1.7878022247955925,35.40778280705757,185945.12943726155,0.30650977615001174,0.0,0.0,1.0,inf,56994.0,inf,218.0,157.0,61.0,0.0,0.0,0.0,0.0,0.0,0.0
368.0,57152.0,159328.0,102176.0,51088.0,1.7877939529675253,35.40778280705757,185945.12943726155,0.30735948918351885,0.0,0.0,1.0,inf,57152.0,inf,217.0,158.0,59.0,0.0,0.0,0.0,0.0,0.0,0.0
369.0,57316.0,159784.0,102468.0,51234.0,1.7877730476655733,35.40778280705757,185945.12943726155,0.3082414698005768,0.0,0.0,1.0,inf,57316.0,inf,219.0,164.0,55.0,0.0,0.0,0.0,0.0,0.0,0.0
370.0,57482.0,160242.0,102760.0,51380.0,1.787690059496886,35.40778280705757,185945.12943726155,0.3091342062788184,0.0,0.0,1.0,inf,57482.0,inf,214.0,166.0,48.0,0.0,0.0,0.0,0.0,0.0,0.0
371.0,57633.0,160657.0,103024.0,51512.0,1.7875869727413114,35.40778280705757,185945.12943726155,0.30994627379818274,0.0,0.0,1.0,inf,57633.0,inf,217.0,151.0,66.0,0.0,0.0,0.0,0.0,0.0,0.0
372.0,57799.0,161121.0,103322.0,51661.0,1.7876087821588609,35.40778280705757,185945.12943726155,0.31083901027642435,0.0,0.0,1.0,inf,57799.0,inf,218.0,166.0,52.0,0.0,0.0,0.0,0.0,0.0,0.0
373.0,57953.0,161553.0,103600.0,51800.0,1.7876555139509602,35.40778280705757,185945.12943726155,0.31166721158756416,0.0,0.0,1.0,inf,57953.0,inf,217.0,154.0,63.0,0.0,0.0,0.0,0.0,0.0,0.0
374.0,58105.0,161973.0,103868.0,51934.0,1.7875914293090096,35.40778280705757,185945.12943726155,0.3124846570375203,0.0,0.0,1.0,inf,58105.0,inf,214.0,152.0,62.0,0.0,0.0,0.0,0.0,0.0,0.0
375.0,58265.0,162425.0,104160.0,52080.0,1.7876941560113275,35.40778280705757,185945.12943726155,0.31334512593221103,0.0,0.0,1.0,inf,58265.0,inf,219.0,160.0,59.0,0.0,0.0,0.0,0.0,0.0,0.0
376.0,58425.0,162871.0,104446.0,52223.0,1.7876936243046642,35.40778280705757,185945.12943726155,0.31420559482690175,0.0,0.0,1.0,inf,58425.0,inf,217.0,160.0,57.0,0.0,0.0,0.0,0.0,0.0,0.0
377.0,58569.0,163269.0,104700.0,52350.0,1.7876350970650003,35.40778280705757,185945.12943726155,0.31498001683212334,0.0,0.0,1.0,inf,58569.0,inf,217.0,144.0,73.0,0.0,0.0,0.0,0.0,0.0,0.0
378.0,58728.0,163704.0,104976.0,52488.0,1.7874948917041276,35.40778280705757,185945.12943726155,0.31583510779622226,0.0,0.0,1.0,inf,58728.0,inf,217.0,159.0,58.0,0.0,0.0,0.0,0.0,0.0,0.0
379.0,58891.0,164163.0,105272.0,52636.0,1.7875736530199862,35.40778280705757,185945.12943726155,0.31671171048268837,0.0,0.0,1.0,inf,58891.0,inf,220.0,163.0,57.0,0.0,0.0,0.0,0.0,0.0,0.0
380.0,59046.0,164600.0,105554.0,52777.0,1.7876570809199608,35.40778280705757,185945.12943726155,0.31754528972442003,0.0,0.0,1.0,inf,59046.0,inf,217.0,155.0,62.0,0.0,0.0,0.0,0.0,0.0,0.0
381.0,59198.0,165030.0,105832.0,52916.0,1.7877631001047332,35.40778280705757,185945.12943726155,0.3183627351743762,0.0,0.0,1.0,inf,59198.0,inf,218.0,152.0,66.0,0.0,0.0,0.0,0.0,0.0,0.0
382.0,59359.0,165463.0,106104.0,53052.0,1.7874964200879395,35.40778280705757,185945.12943726155,0.3192285819996587,0.0,0.0,1.0,inf,59359.0,inf,216.0,161.0,55.0,0.0,0.0,0.0,0.0,0.0,0.0
383.0,59512.0,165886.0,106374.0,53187.0,1.7874378276650087,35.40778280705757,185945.12943726155,0.3200514053802067,0.0,0.0,1.0,inf,59512.0,inf,217.0,153.0,64.0,0.0,0.0,0.0,0.0,0.0,0.0
384.0,59666.0,166304.0,106638.0,53319.0,1.7872490195421178,35.40778280705757,185945.12943726155,0.32087960669134646,0.0,0.0,1.0,inf,59666.0,inf,219.0,154.0,65.0,0.0,0.0,0.0,0.0,0.0,0.0
385.0,59824.0,166748.0,106924.0,53462.0,1.7873094410270125,35.40778280705757,185945.12943726155,0.3217293197248536,0.0,0.0,1.0,inf,59824.0,inf,218.0,158.0,60.0,0.0,0.0,0.0,0.0,0.0,0.0
386.0,59987.0,167187.0,107200.0,53600.0,1.7870538616700284,35.40778280705757,185945.12943726155,0.3226059224113197,0.0,0.0,1.0,inf,59987.0,inf,220.0,163.0,57.0,0.0,0.0,0.0,0.0,0.0,0.0
387.0,60143.0,167627.0,107484.0,53742.0,1.787140648121976,35.40778280705757,185945.12943726155,0.32344487958364315,0.0,0.0,1.0,inf,60143.0,inf,216.0,156.0,60.0,0.0,0.0,0.0,0.0,0.0,0.0
388.0,60295.0,168041.0,107746.0,53873.0,1.7869806783315365,35.40778280705757,185945.12943726155,0.3242623250335993,0.0,0.0,1.0,inf,60295.0,inf,216.0,152.0,64.0,0.0,0.0,0.0,0.0,0.0,0.0
389.0,60446.0,168460.0,108014.0,54007.0,1.7869503358369454,35.40778280705757,185945.12943726155,0.32507439255296366,0.0,0.0,1.0,inf,60446.0,inf,218.0,151.0,67.0,0.0,0.0,0.0,0.0,0.0,0.0
390.0,60592.0,168870.0,108278.0,54139.0,1.7870015843675733,35.40778280705757,185945.12943726155,0.3258595704193689,0.0,0.0,1.0,inf,60592.0,inf,214.0,146.0,68.0,0.0,0.0,0.0,0.0,0.0,0.0
391.0,60750.0,169312.0,108562.0,54281.0,1.7870288065843623,35.40778280705757,185945.12943726155,0.326709283452876,0.0,0.0,1.0,inf,60750.0,inf,219.0,158.0,61.0,0.0,0.0,0.0,0.0,0.0,0.0
392.0,60908.0,169748.0,108840.0,54420.0,1.7869573783411046,35.40778280705757,185945.12943726155,0.32755899648638304,0.0,0.0,1.0,inf,60908.0,inf,214.0,158.0,56.0,0.0,0.0,0.0,0.0,0.0,0.0
393.0,61068.0,170178.0,109110.0,54555.0,1.7866967970131657,35.40778280705757,185945.12943726155,0.32841946538107375,0.0,0.0,1.0,inf,61068.0,inf,215.0,160.0,55.0,0.0,0.0,0.0,0.0,0.0,0.0
394.0,61224.0,170608.0,109384.0,54692.0,1.7866196262903438,35.40778280705757,185945.12943726155,0.3292584225533972,0.0,0.0,1.0,inf,61224.0,inf,219.0,156.0,63.0,0.0,0.0,0.0,0.0,0.0,0.0
395.0,61379.0,171033.0,109654.0,54827.0,1.786506785708467,35.40778280705757,185945.12943726155,0.3300920017951288,0.0,0.0,1.0,inf,61379.0,inf,217.0,155.0,62.0,0.0,0.0,0.0,0.0,0.0,0.0
396.0,61530.0,171466.0,109936.0,54968.0,1.7867056720299042,35.40778280705757,185945.12943726155,0.3309040693144932,0.0,0.0,1.0,inf,61530.0,inf,217.0,151.0,66.0,0.0,0.0,0.0,0.0,0.0,0.0
397.0,61687.0,171905.0,110218.0,55109.0,1.7867297809911327,35.40778280705757,185945.12943726155,0.33174840441740844,0.0,0.0,1.0,inf,61687.0,inf,219.0,157.0,62.0,0.0,0.0,0.0,0.0,0.0,0.0
398.0,61848.0,172356.0,110508.0,55254.0,1.786767559177338,35.40778280705757,185945.12943726155,0.33261425124269095,0.0,0.0,1.0,inf,61848.0,inf,218.0,161.0,57.0,0.0,0.0,0.0,0.0,0.0,0.0
399.0,62006.0,172800.0,110794.0,55397.0,1.7868270812502016,35.40778280705757,185945.12943726155,0.333463964276198,0.0,0.0,1.0,inf,62006.0,inf,220.0,158.0,62.0,0.0,0.0,0.0,0.0,0.0,0.0
400.0,62157.0,173231.0,111074.0,55537.0,1.7869910066444648,35.40778280705757,185945.12943726155,0.33427603179556237,0.0,0.0,1.0,inf,62157.0,inf,216.0,151.0,65.0,0.0,0.0,0.0,0.0,0.0,0.0
401.0,62314.0,173658.0,111344.0,55672.0,1.786821581025131,35.40778280705757,185945.12943726155,0.33512036689847763,0.0,0.0,1.0,inf,62314.0,inf,219.0,157.0,62.0,0.0,0.0,0.0,0.0,0.0,0.0
402.0,62476.0,174100.0,111624.0,55812.0,1.7866700813112235,35.40778280705757,185945.12943726155,0.33599159165435194,0.0,0.0,1.0,inf,62476.0,inf,218.0,162.0,56.0,0.0,0.0,0.0,0.0,0.0,0.0
403.0,62633.0,174533.0,111900.0,55950.0,1.7865981192023375,35.40778280705757,185945.12943726155,0.3368359267572672,0.0,0.0,1.0,inf,62633.0,inf,218.0,157.0,61.0,0.0,0.0,0.0,0.0,0.0,0.0
404.0,62785.0,174945.0,112160.0,56080.0,1.78641395237716,35.571276090184874,188532.8121791815,0.33301895449546026,0.0,0.0,1.0,inf,62785.0,inf,218.0,152.0,66.0,0.0,0.0,0.0,0.0,0.0,0.0
405.0,62939.0,175371.0,112432.0,56216.0,1.7863645752236292,35.571276090184874,188532.8121791815,0.33383578843656564,0.0,0.0,1.0,inf,62939.0,inf,217.0,154.0,63.0,0.0,0.0,0.0,0.0,0.0,0.0
406.0,63097.0,175817.0,112720.0,56360.0,1.786455774442525,35.571276090184874,188532.8121791815,0.33467383884367374,0.0,0.0,1.0,inf,63097.0,inf,218.0,158.0,60.0,0.0,0.0,0.0,0.0,0.0,0.0
407.0,63253.0,176231.0,112978.0,56489.0,1.7861287211673755,35.571276090184874,188532.8121791815,0.3355012810177805,0.0,0.0,1.0,inf,63253.0,inf,216.0,156.0,60.0,0.0,0.0,0.0,0.0,0.0,0.0
408.0,63405.0,176655.0,113250.0,56625.0,1.7861367400047314,35.571276090184874,188532.8121791815,0.3363075067258845,0.0,0.0,1.0,inf,63405.0,inf,219.0,152.0,67.0,0.0,0.0,0.0,0.0,0.0,0.0
409.0,63545.0,177053.0,113508.0,56754.0,1.7862617043040365,35.571276090184874,188532.8121791815,0.3370500830359803,0.0,0.0,1.0,inf,63545.0,inf,218.0,140.0,78.0,0.0,0.0,0.0,0.0,0.0,0.0
410.0,63708.0,177506.0,113798.0,56899.0,1.786243485904439,35.571276090184874,188532.8121791815,0.33791465402559184,0.0,0.0,1.0,inf,63708.0,inf,217.0,163.0,54.0,0.0,0.0,0.0,0.0,0.0,0.0
411.0,63854.0,177920.0,114066.0,57033.0,1.7863563754815672,35.571276090184874,188532.8121791815,0.3386890550346917,0.0,0.0,1.0,inf,63854.0,inf,218.0,146.0,72.0,0.0,0.0,0.0,0.0,0.0,0.0
412.0,64002.0,178332.0,114330.0,57165.0,1.7863504265491703,35.571276090184874,188532.8121791815,0.339474064276793,0.0,0.0,1.0,inf,64002.0,inf,219.0,148.0,71.0,0.0,0.0,0.0,0.0,0.0,0.0
413.0,64157.0,178765.0,114608.0,57304.0,1.7863678164502705,35.571276090184874,188532.8121791815,0.34029620233439906,0.0,0.0,1.0,inf,64157.0,inf,217.0,155.0,62.0,0.0,0.0,0.0,0.0,0.0,0.0
414.0,64312.0,179200.0,114888.0,57444.0,1.7864162209230003,35.571276090184874,188532.8121791815,0.3411183403920051,0.0,0.0,1.0,inf,64312.0,inf,213.0,155.0,58.0,0.0,0.0,0.0,0.0,0.0,0.0
415.0,64467.0,179613.0,115146.0,57573.0,1.786123132765601,35.571276090184874,188532.8121791815,0.3419404784496112,0.0,0.0,1.0,inf,64467.0,inf,219.0,155.0,64.0,0.0,0.0,0.0,0.0,0.0,0.0
416.0,64615.0,180031.0,115416.0,57708.0,1.7862106322061442,35.571276090184874,188532.8121791815,0.34272548769171246,0.0,0.0,1.0,inf,64615.0,inf,216.0,148.0,68.0,0.0,0.0,0.0,0.0,0.0,0.0
417.0,64767.0,180447.0,115680.0,57840.0,1.7860947704849692,35.571276090184874,188532.8121791815,0.3435317133998165,0.0,0.0,1.0,inf,64767.0,inf,219.0,152.0,67.0,0.0,0.0,0.0,0.0,0.0,0.0
418.0,64920.0,180884.0,115964.0,57982.0,1.786260012322859,35.571276090184874,188532.8121791815,0.3443432432244211,0.0,0.0,1.0,inf,64920.0,inf,220.0,153.0,67.0,0.0,0.0,0.0,0.0,0.0,0.0
419.0,65070.0,181308.0,116238.0,58119.0,1.7863531581373906,35.571276090184874,188532.8121791815,0.34513886069952376,0.0,0.0,1.0,inf,65070.0,inf,219.0,150.0,69.0,0.0,0.0,0.0,0.0,0.0,0.0
420.0,65234.0,181744.0,116510.0,58255.0,1.7860318238955146,35.571276090184874,188532.8121791815,0.346008735805636,0.0,0.0,1.0,inf,65234.0,inf,218.0,164.0,54.0,0.0,0.0,0.0,0.0,0.0,0.0
421.0,65390.0,182184.0,116794.0,58397.0,1.7861140847224346,35.571276090184874,188532.8121791815,0.34683617797974275,0.0,0.0,1.0,inf,65390.0,inf,218.0,156.0,62.0,0.0,0.0,0.0,0.0,0.0,0.0
422.0,65547.0,182611.0,117064.0,58532.0,1.7859551161761789,35.571276090184874,188532.8121791815,0.3476689242703502,0.0,0.0,1.0,inf,65547.0,inf,217.0,157.0,60.0,0.0,0.0,0.0,0.0,0.0,0.0
423.0,65695.0,183017.0,117322.0,58661.0,1.7858588933708806,35.571276090184874,188532.8121791815,0.3484539335124514,0.0,0.0,1.0,inf,65695.0,inf,219.0,148.0,71.0,0.0,0.0,0.0,0.0,0.0,0.0
424.0,65846.0,183434.0,117588.0,58794.0,1.7858032378580324,35.571276090184874,188532.8121791815,0.34925485510405474,0.0,0.0,1.0,inf,65846.0,inf,219.0,151.0,68.0,0.0,0.0,0.0,0.0,0.0,0.0
425.0,66007.0,183877.0,117870.0,58935.0,1.7857196963958368,35.571276090184874,188532.8121791815,0.3501088178606649,0.0,0.0,1.0,inf,66007.0,inf,219.0,161.0,58.0,0.0,0.0,0.0,0.0,0.0,0.0
426.0,66151.0,184277.0,118126.0,59063.0,1.7857024081268613,35.571276090184874,188532.8121791815,0.35087261063676345,0.0,0.0,1.0,inf,66151.0,inf,216.0,144.0,72.0,0.0,0.0,0.0,0.0,0.0,0.0
427.0,66305.0,184715.0,118410.0,59205.0,1.7858381720835532,35.571276090184874,188532.8121791815,0.3516894445778688,0.0,0.0,1.0,inf,66305.0,inf,220.0,154.0,66.0,0.0,0.0,0.0,0.0,0.0,0.0
428.0,66464.0,185172.0,118708.0,59354.0,1.786049590755898,35.64129118706558,189648.27472446955,0.3504592915309259,0.0,0.0,1.0,inf,66464.0,inf,219.0,159.0,60.0,0.0,0.0,0.0,0.0,0.0,0.0
429.0,66617.0,185595.0,118978.0,59489.0,1.7860005704249666,35.64129118706558,189648.27472446955,0.35126604814509643,0.0,0.0,1.0,inf,66617.0,inf,218.0,153.0,65.0,0.0,0.0,0.0,0.0,0.0,0.0
430.0,66771.0,186027.0,119256.0,59628.0,1.7860448398256727,35.64129118706558,189648.27472446955,0.3520780776783139,0.0,0.0,1.0,inf,66771.0,inf,216.0,154.0,62.0,0.0,0.0,0.0,0.0,0.0,0.0
431.0,66912.0,186412.0,119500.0,59750.0,1.7859277857484457,35.64129118706558,189648.27472446955,0.35282155926392206,0.0,0.0,1.0,inf,66912.0,inf,219.0,141.0,78.0,0.0,0.0,0.0,0.0,0.0,0.0
432.0,67067.0,186847.0,119780.0,59890.0,1.7859752188110396,35.64129118706558,189648.27472446955,0.3536388617161863,0.0,0.0,1.0,inf,67067.0,inf,219.0,155.0,64.0,0.0,0.0,0.0,0.0,0.0,0.0
433.0,67215.0,187265.0,120050.0,60025.0,1.786059659302239,35.64129118706558,189648.27472446955,0.35441925373512256,0.0,0.0,1.0,inf,67215.0,inf,219.0,148.0,71.0,0.0,0.0,0.0,0.0,0.0,0.0
434.0,67352.0,187632.0,120280.0,60140.0,1.785841548877539,35.64129118706558,189648.27472446955,0.35514164364454326,0.0,0.0,1.0,inf,67352.0,inf,220.0,137.0,83.0,0.0,0.0,0.0,0.0,0.0,0.0
435.0,67507.0,188073.0,120566.0,60283.0,1.7859777504555083,35.64129118706558,189648.27472446955,0.3559589460968075,0.0,0.0,1.0,inf,67507.0,inf,218.0,155.0,63.0,0.0,0.0,0.0,0.0,0.0,0.0
436.0,67664.0,188514.0,120850.0,60425.0,1.7860309765902105,35.64129118706558,189648.27472446955,0.35678679438716554,0.0,0.0,1.0,inf,67664.0,inf,218.0,157.0,61.0,0.0,0.0,0.0,0.0,0.0,0.0
437.0,67812.0,188920.0,121108.0,60554.0,1.785937592166578,35.64129118706558,189648.27472446955,0.35756718640610174,0.0,0.0,1.0,inf,67812.0,inf,219.0,148.0,71.0,0.0,0.0,0.0,0.0,0.0,0.0
438.0,67960.0,189330.0,121370.0,60685.0,1.7859034726309595,35.64129118706558,189648.27472446955,0.358347578425038,0.0,0.0,1.0,inf,67960.0,inf,218.0,148.0,70.0,0.0,0.0,0.0,0.0,0.0,0.0
439.0,68093.0,189703.0,121610.0,60805.0,1.7859398176023966,35.64129118706558,189648.27472446955,0.35904887665827123,0.0,0.0,1.0,inf,68093.0,inf,220.0,133.0,87.0,0.0,0.0,0.0,0.0,0.0,0.0
440.0,68242.0,190120.0,121878.0,60939.0,1.78596758594414,35.64129118706558,189648.27472446955,0.3598345415962543,0.0,0.0,1.0,inf,68242.0,inf,219.0,149.0,70.0,0.0,0.0,0.0,0.0,0.0,0.0
441.0,68377.0,190493.0,122116.0,61058.0,1.7859221668104772,35.64129118706558,189648.27472446955,0.36054638566758124,0.0,0.0,1.0,inf,68377.0,inf,220.0,135.0,85.0,0.0,0.0,0.0,0.0,0.0,0.0
442.0,68524.0,190896.0,122372.0,61186.0,1.7858268635806434,35.64129118706558,189648.27472446955,0.3613215047674706,0.0,0.0,1.0,inf,68524.0,inf,219.0,147.0,72.0,0.0,0.0,0.0,0.0,0.0,0.0
443.0,68673.0,191305.0,122632.0,61316.0,1.785738208611827,35.64129118706558,189648.27472446955,0.3621071697054537,0.0,0.0,1.0,inf,68673.0,inf,219.0,149.0,70.0,0.0,0.0,0.0,0.0,0.0,0.0
444.0,68808.0,191678.0,122870.0,61435.0,1.785693524008836,35.83123252161073,192696.51091480785,0.35707963612491345,0.0,0.0,1.0,inf,68808.0,inf,216.0,135.0,81.0,0.0,0.0,0.0,0.0,0.0,0.0
445.0,68958.0,192080.0,123122.0,61561.0,1.7854636155340933,35.83123252161073,192696.51091480785,0.35785806225877487,0.0,0.0,1.0,inf,68958.0,inf,218.0,150.0,68.0,0.0,0.0,0.0,0.0,0.0,0.0
446.0,69114.0,192504.0,123390.0,61695.0,1.7853112249327199,35.83123252161073,192696.51091480785,0.35866762543799074,0.0,0.0,1.0,inf,69114.0,inf,220.0,156.0,64.0,0.0,0.0,0.0,0.0,0.0,0.0
447.0,69255.0,192887.0,123632.0,61816.0,1.7851707457945274,35.83123252161073,192696.51091480785,0.3593993460038205,0.0,0.0,1.0,inf,69255.0,inf,219.0,141.0,78.0,0.0,0.0,0.0,0.0,0.0,0.0
448.0,69402.0,193304.0,123902.0,61951.0,1.785279963113455,35.83123252161073,192696.51091480785,0.36016220361500473,0.0,0.0,1.0,inf,69402.0,inf,219.0,147.0,72.0,0.0,0.0,0.0,0.0,0.0,0.0
449.0,69563.0,193773.0,124210.0,62105.0,1.785575665224329,35.83123252161073,192696.51091480785,0.36099771433201594,0.0,0.0,1.0,inf,69563.0,inf,218.0,161.0,57.0,0.0,0.0,0.0,0.0,0.0,0.0
450.0,69715.0,194191.0,124476.0,62238.0,1.7854980994047192,35.83123252161073,192696.51091480785,0.36178651948099555,0.0,0.0,1.0,inf,69715.0,inf,215.0,152.0,63.0,0.0,0.0,0.0,0.0,0.0,0.0
451.0,69864.0,194610.0,124746.0,62373.0,1.78555479216764,35.83123252161073,192696.51091480785,0.3625597561072979,0.0,0.0,1.0,inf,69864.0,inf,218.0,149.0,69.0,0.0,0.0,0.0,0.0,0.0,0.0
452.0,70014.0,195032.0,125018.0,62509.0,1.7856143057102865,35.83123252161073,192696.51091480785,0.3633381822411593,0.0,0.0,1.0,inf,70014.0,inf,215.0,150.0,65.0,0.0,0.0,0.0,0.0,0.0,0.0
453.0,70169.0,195473.0,125304.0,62652.0,1.7857458421810202,35.83123252161073,192696.51091480785,0.36414255591281613,0.0,0.0,1.0,inf,70169.0,inf,220.0,155.0,65.0,0.0,0.0,0.0,0.0,0.0,0.0
454.0,70318.0,195890.0,125572.0,62786.0,1.7857732017406638,35.83123252161073,192696.51091480785,0.3649157925391185,0.0,0.0,1.0,inf,70318.0,inf,218.0,149.0,69.0,0.0,0.0,0.0,0.0,0.0,0.0
455.0,70463.0,196287.0,125824.0,62912.0,1.7856747512879099,35.83123252161073,192696.51091480785,0.3656682711351845,0.0,0.0,1.0,inf,70463.0,inf,218.0,145.0,73.0,0.0,0.0,0.0,0.0,0.0,0.0
456.0,70608.0,196680.0,126072.0,63036.0,1.7855200543847722,35.83123252161073,192696.51091480785,0.36642074973125055,0.0,0.0,1.0,inf,70608.0,inf,217.0,145.0,72.0,0.0,0.0,0.0,0.0,0.0,0.0
457.0,70749.0,197069.0,126320.0,63160.0,1.7854669323948043,35.83123252161073,192696.51091480785,0.3671524702970803,0.0,0.0,1.0,inf,70749.0,inf,219.0,141.0,78.0,0.0,0.0,0.0,0.0,0.0,0.0
458.0,70896.0,197486.0,126590.0,63295.0,1.7855732340329498,35.83123252161073,192696.51091480785,0.36791532790826453,0.0,0.0,1.0,inf,70896.0,inf,218.0,147.0,71.0,0.0,0.0,0.0,0.0,0.0,0.0
459.0,71036.0,197880.0,126844.0,63422.0,1.7856298214989583,35.83123252161073,192696.51091480785,0.3686418589665352,0.0,0.0,1.0,inf,71036.0,inf,220.0,140.0,80.0,0.0,0.0,0.0,0.0,0.0,0.0
460.0,71179.0,198289.0,127110.0,63555.0,1.7857795136205903,35.83123252161073,192696.51091480785,0.36938395854748307,0.0,0.0,1.0,inf,71179.0,inf,218.0,143.0,75.0,0.0,0.0,0.0,0.0,0.0,0.0
461.0,71324.0,198690.0,127366.0,63683.0,1.7857383209018003,35.83123252161073,192696.51091480785,0.3701364371435491,0.0,0.0,1.0,inf,71324.0,inf,219.0,145.0,74.0,0.0,0.0,0.0,0.0,0.0,0.0
462.0,71476.0,199108.0,127632.0,63816.0,1.7856623202193744,35.83123252161073,192696.51091480785,0.3709252422925287,0.0,0.0,1.0,inf,71476.0,inf,219.0,152.0,67.0,0.0,0.0,0.0,0.0,0.0,0.0
463.0,71623.0,199517.0,127894.0,63947.0,1.7856554458763247,36.000182058676714,195435.16082008794,0.36647960223459536,0.0,0.0,1.0,inf,71623.0,inf,216.0,147.0,69.0,0.0,0.0,0.0,0.0,0.0,0.0
464.0,71776.0,199944.0,128168.0,64084.0,1.7856665180561748,36.000182058676714,195435.16082008794,0.36726247057495937,0.0,0.0,1.0,inf,71776.0,inf,219.0,153.0,66.0,0.0,0.0,0.0,0.0,0.0,0.0
465.0,71931.0,200369.0,128438.0,64219.0,1.785572284550472,36.000182058676714,195435.16082008794,0.36805557248840004,0.0,0.0,1.0,inf,71931.0,inf,219.0,155.0,64.0,0.0,0.0,0.0,0.0,0.0,0.0
466.0,72068.0,200750.0,128682.0,64341.0,1.7855636343453405,36.000182058676714,195435.16082008794,0.36875657224415087,0.0,0.0,1.0,inf,72068.0,inf,218.0,137.0,81.0,0.0,0.0,0.0,0.0,0.0,0.0
467.0,72205.0,201129.0,128924.0,64462.0,1.7855273180527664,36.000182058676714,195435.16082008794,0.36945757199990165,0.0,0.0,1.0,inf,72205.0,inf,218.0,137.0,81.0,0.0,0.0,0.0,0.0,0.0,0.0
468.0,72367.0,201593.0,129226.0,64613.0,1.7857034283582296,36.000182058676714,195435.16082008794,0.37028649141911063,0.0,0.0,1.0,inf,72367.0,inf,216.0,162.0,54.0,0.0,0.0,0.0,0.0,0.0,0.0
469.0,72512.0,201986.0,129474.0,64737.0,1.7855527360988526,36.000182058676714,195435.16082008794,0.371028425467168,0.0,0.0,1.0,inf,72512.0,inf,216.0,145.0,71.0,0.0,0.0,0.0,0.0,0.0,0.0
470.0,72657.0,202391.0,129734.0,64867.0,1.7855678048914765,36.000182058676714,195435.16082008794,0.37177035951522547,0.0,0.0,1.0,inf,72657.0,inf,220.0,145.0,75.0,0.0,0.0,0.0,0.0,0.0,0.0
471.0,72799.0,202787.0,129988.0,64994.0,1.7855739776645283,36.000182058676714,195435.16082008794,0.3724969432036679,0.0,0.0,1.0,inf,72799.0,inf,220.0,142.0,78.0,0.0,0.0,0.0,0.0,0.0,0.0
472.0,72948.0,203198.0,130250.0,65125.0,1.7855184514996985,36.000182058676714,195435.16082008794,0.3732593443978786,0.0,0.0,1.0,inf,72948.0,inf,217.0,149.0,68.0,0.0,0.0,0.0,0.0,0.0,0.0
473.0,73094.0,203602.0,130508.0,65254.0,1.7854817084849646,36.000182058676714,195435.16082008794,0.37400639523247436,0.0,0.0,1.0,inf,73094.0,inf,217.0,146.0,71.0,0.0,0.0,0.0,0.0,0.0,0.0
474.0,73235.0,203989.0,130754.0,65377.0,1.785403154229535,36.14453580483958,197795.57160249038,0.3702560143620421,0.0,0.0,1.0,inf,73235.0,inf,217.0,141.0,76.0,0.0,0.0,0.0,0.0,0.0,0.0
475.0,73389.0,204419.0,131030.0,65515.0,1.7854174331303057,36.14453580483958,197795.57160249038,0.3710345959993979,0.0,0.0,1.0,inf,73389.0,inf,219.0,154.0,65.0,0.0,0.0,0.0,0.0,0.0,0.0
476.0,73524.0,204794.0,131270.0,65635.0,1.785403405690659,36.14453580483958,197795.57160249038,0.3717171188633137,0.0,0.0,1.0,inf,73524.0,inf,216.0,135.0,81.0,0.0,0.0,0.0,0.0,0.0,0.0
477.0,73673.0,205213.0,131540.0,65770.0,1.7854573588695994,36.14453580483958,197795.57160249038,0.3724704218760801,0.0,0.0,1.0,inf,73673.0,inf,220.0,149.0,71.0,0.0,0.0,0.0,0.0,0.0,0.0
478.0,73824.0,205620.0,131796.0,65898.0,1.7852730819245775,36.18970047447195,198537.96921722151,0.37183819443236443,0.0,0.0,1.0,inf,73824.0,inf,220.0,151.0,69.0,0.0,0.0,0.0,0.0,0.0,0.0
479.0,73955.0,205989.0,132034.0,66017.0,1.7853289162328443,36.18970047447195,198537.96921722151,0.3724980178430526,0.0,0.0,1.0,inf,73955.0,inf,220.0,131.0,89.0,0.0,0.0,0.0,0.0,0.0,0.0
480.0,74098.0,206392.0,132294.0,66147.0,1.7853923182811953,36.18970047447195,198537.96921722151,0.3732182830928877,0.0,0.0,1.0,inf,74098.0,inf,218.0,143.0,75.0,0.0,0.0,0.0,0.0,0.0,0.0
481.0,74241.0,206789.0,132548.0,66274.0,1.7853746582077288,36.18970047447195,198537.96921722151,0.37393854834272283,0.0,0.0,1.0,inf,74241.0,inf,214.0,143.0,71.0,0.0,0.0,0.0,0.0,0.0,0.0
482.0,74400.0,207242.0,132842.0,66421.0,1.785510752688172,36.18970047447195,198537.96921722151,0.3747394027114206,0.0,0.0,1.0,inf,74400.0,inf,216.0,159.0,57.0,0.0,0.0,0.0,0.0,0.0,0.0
483.0,74549.0,207657.0,133108.0,66554.0,1.7855102013440824,36.18970047447195,198537.96921722151,0.37548988888082924,0.0,0.0,1.0,inf,74549.0,inf,217.0,149.0,68.0,0.0,0.0,0.0,0.0,0.0,0.0
484.0,74684.0,208040.0,133356.0,66678.0,1.7856033420813024,36.18970047447195,198537.96921722151,0.376169859571233,0.0,0.0,1.0,inf,74684.0,inf,215.0,135.0,80.0,0.0,0.0,0.0,0.0,0.0,0.0
485.0,74843.0,208493.0,133650.0,66825.0,1.7857381451839183,36.18970047447195,198537.96921722151,0.3769707139399308,0.0,0.0,1.0,inf,74843.0,inf,220.0,159.0,61.0,0.0,0.0,0.0,0.0,0.0,0.0
486.0,74990.0,208902.0,133912.0,66956.0,1.7857314308574477,36.18970047447195,198537.96921722151,0.3777111264694816,0.0,0.0,1.0,inf,74990.0,inf,218.0,147.0,71.0,0.0,0.0,0.0,0.0,0.0,0.0
487.0,75133.0,209313.0,134180.0,67090.0,1.7858996712496507,36.18970047447195,198537.96921722151,0.3784313917193167,0.0,0.0,1.0,inf,75133.0,inf,220.0,143.0,77.0,0.0,0.0,0.0,0.0,0.0,0.0
488.0,75277.0,209715.0,134438.0,67219.0,1.785910703136416,36.683498701223336,206776.34726272273,0.36405034229739874,0.0,0.0,1.0,inf,75277.0,inf,217.0,144.0,73.0,0.0,0.0,0.0,0.0,0.0,0.0
489.0,75422.0,210132.0,134710.0,67355.0,1.786083636074355,36.683498701223336,206776.34726272273,0.364751583043352,0.0,0.0,1.0,inf,75422.0,inf,217.0,145.0,72.0,0.0,0.0,0.0,0.0,0.0,0.0
490.0,75570.0,210550.0,134980.0,67490.0,1.786158528516607,36.683498701223336,206776.34726272273,0.36546733221853184,0.0,0.0,1.0,inf,75570.0,inf,220.0,148.0,72.0,0.0,0.0,0.0,0.0,0.0,0.0
491.0,75720.0,210964.0,135244.0,67622.0,1.7861067089276281,36.683498701223336,206776.34726272273,0.3661927536798628,0.0,0.0,1.0,inf,75720.0,inf,219.0,150.0,69.0,0.0,0.0,0.0,0.0,0.0,0.0
492.0,75883.0,211427.0,135544.0,67772.0,1.7862235283265027,36.683498701223336,206776.34726272273,0.3669810450011758,0.0,0.0,1.0,inf,75883.0,inf,220.0,163.0,57.0,0.0,0.0,0.0,0.0,0.0,0.0
493.0,76034.0,211848.0,135814.0,67907.0,1.7862272141410422,36.683498701223336,206776.34726272273,0.36771130260558227,0.0,0.0,1.0,inf,76034.0,inf,216.0,151.0,65.0,0.0,0.0,0.0,0.0,0.0,0.0
494.0,76185.0,212277.0,136092.0,68046.0,1.7863358928923017,36.683498701223336,206776.34726272273,0.36844156020998875,0.0,0.0,1.0,inf,76185.0,inf,218.0,151.0,67.0,0.0,0.0,0.0,0.0,0.0,0.0
495.0,76336.0,212712.0,136376.0,68188.0,1.7865227415636136,36.683498701223336,206776.34726272273,0.36917181781439523,0.0,0.0,1.0,inf,76336.0,inf,218.0,151.0,67.0,0.0,0.0,0.0,0.0,0.0,0.0
496.0,76487.0,213127.0,136640.0,68320.0,1.7864473701413313,36.683498701223336,206776.34726272273,0.3699020754188017,0.0,0.0,1.0,inf,76487.0,inf,218.0,151.0,67.0,0.0,0.0,0.0,0.0,0.0,0.0
497.0,76640.0,213562.0,136922.0,68461.0,1.7865605427974949,36.683498701223336,206776.34726272273,0.3706420053093593,0.0,0.0,1.0,inf,76640.0,inf,215.0,153.0,62.0,0.0,0.0,0.0,0.0,0.0,0.0
498.0,76798.0,213998.0,137200.0,68600.0,1.786504856897315,36.683498701223336,206776.34726272273,0.37140611591529454,0.0,0.0,1.0,inf,76798.0,inf,220.0,158.0,62.0,0.0,0.0,0.0,0.0,0.0,0.0
499.0,76952.0,214422.0,137470.0,68735.0,1.786438299199501,36.683498701223336,206776.34726272273,0.37215088194892765,0.0,0.0,1.0,inf,76952.0,inf,219.0,154.0,65.0,0.0,0.0,0.0,0.0,0.0,0.0
500.0,77106.0,214856.0,137750.0,68875.0,1.7865016989598734,36.683498701223336,206776.34726272273,0.37289564798256075,0.0,0.0,1.0,inf,77106.0,inf,219.0,154.0,65.0,0.0,0.0,0.0,0.0,0.0,0.0
501.0,77270.0,215322.0,138052.0,69026.0,1.786618351235926,36.683498701223336,206776.34726272273,0.3736887754469493,0.0,0.0,1.0,inf,77270.0,inf,219.0,164.0,55.0,0.0,0.0,0.0,0.0,0.0,0.0
502.0,77418.0,215734.0,138316.0,69158.0,1.7866129323929836,36.683498701223336,206776.34726272273,0.37440452462212914,0.0,0.0,1.0,inf,77418.0,inf,219.0,148.0,71.0,0.0,0.0,0.0,0.0,0.0,0.0
503.0,77563.0,216129.0,138566.0,69283.0,1.7864961386227969,36.683498701223336,206776.34726272273,0.3751057653680824,0.0,0.0,1.0,inf,77563.0,inf,219.0,145.0,74.0,0.0,0.0,0.0,0.0,0.0,0.0
504.0,77704.0,216520.0,138816.0,69408.0,1.78647173890662,36.683498701223336,206776.34726272273,0.3757876615417335,0.0,0.0,1.0,inf,77704.0,inf,219.0,141.0,78.0,0.0,0.0,0.0,0.0,0.0,0.0
505.0,77849.0,216929.0,139080.0,69540.0,1.786535472517309,36.683498701223336,206776.34726272273,0.3764889022876867,0.0,0.0,1.0,inf,77849.0,inf,218.0,145.0,73.0,0.0,0.0,0.0,0.0,0.0,0.0
506.0,78012.0,217388.0,139376.0,69688.0,1.7865969338050556,36.683498701223336,206776.34726272273,0.3772771936089997,0.0,0.0,1.0,inf,78012.0,inf,219.0,163.0,56.0,0.0,0.0,0.0,0.0,0.0,0.0
507.0,78156.0,217800.0,139644.0,69822.0,1.7867342238599724,36.683498701223336,206776.34726272273,0.3779735982118774,0.0,0.0,1.0,inf,78156.0,inf,219.0,144.0,75.0,0.0,0.0,0.0,0.0,0.0,0.0
508.0,78301.0,218211.0,139910.0,69955.0,1.786822645943219,36.683498701223336,206776.34726272273,0.37867483895783066,0.0,0.0,1.0,inf,78301.0,inf,219.0,145.0,74.0,0.0,0.0,0.0,0.0,0.0,0.0
509.0,78457.0,218651.0,140194.0,70097.0,1.7868896338121518,36.683498701223336,206776.34726272273,0.37942927727761483,0.0,0.0,1.0,inf,78457.0,inf,218.0,156.0,62.0,0.0,0.0,0.0,0.0,0.0,0.0
510.0,78598.0,219042.0,140444.0,70222.0,1.7868648057202474,36.683498701223336,206776.34726272273,0.38011117345126594,0.0,0.0,1.0,inf,78598.0,inf,219.0,141.0,78.0,0.0,0.0,0.0,0.0,0.0,0.0
511.0,78750.0,219476.0,140726.0,70363.0,1.7869968253968254,36.683498701223336,206776.34726272273,0.380846267198748,0.0,0.0,1.0,inf,78750.0,inf,219.0,152.0,67.0,0.0,0.0,0.0,0.0,0.0,0.0
512.0,78891.0,219873.0,140982.0,70491.0,1.787047952237898,36.683498701223336,206776.34726272273,0.3815281633723991,0.0,0.0,1.0,inf,78891.0,inf,219.0,141.0,78.0,0.0,0.0,0.0,0.0,0.0,0.0
513.0,79030.0,220274.0,141244.0,70622.0,1.7872200430216374,36.683498701223336,206776.34726272273,0.3822003872598991,0.0,0.0,1.0,inf,79030.0,inf,219.0,139.0,80.0,0.0,0.0,0.0,0.0,0.0,0.0
514.0,79180.0,220700.0,141520.0,70760.0,1.7873200303106844,36.683498701223336,206776.34726272273,0.38292580872123,0.0,0.0,1.0,inf,79180.0,inf,220.0,150.0,70.0,0.0,0.0,0.0,0.0,0.0,0.0
515.0,79327.0,221109.0,141782.0,70891.0,1.787310751698665,36.683498701223336,206776.34726272273,0.38363672175333435,0.0,0.0,1.0,inf,79327.0,inf,220.0,147.0,73.0,0.0,0.0,0.0,0.0,0.0,0.0
516.0,79472.0,221508.0,142036.0,71018.0,1.787245822428025,36.683498701223336,206776.34726272273,0.3843379624992876,0.0,0.0,1.0,inf,79472.0,inf,220.0,145.0,75.0,0.0,0.0,0.0,0.0,0.0,0.0
517.0,79616.0,221922.0,142306.0,71153.0,1.787404541800643,36.683498701223336,206776.34726272273,0.3850343671021653,0.0,0.0,1.0,inf,79616.0,inf,217.0,144.0,73.0,0.0,0.0,0.0,0.0,0.0,0.0
518.0,79768.0,222340.0,142572.0,71286.0,1.787333266472771,36.683498701223336,206776.34726272273,0.38576946084964736,0.0,0.0,1.0,inf,79768.0,inf,218.0,152.0,66.0,0.0,0.0,0.0,0.0,0.0,0.0
519.0,79903.0,222715.0,142812.0,71406.0,1.7873171220104376,36.683498701223336,206776.34726272273,0.38642234016484517,0.0,0.0,1.0,inf,79903.0,inf,218.0,135.0,83.0,0.0,0.0,0.0,0.0,0.0,0.0
520.0,80053.0,223129.0,143076.0,71538.0,1.7872659363171899,36.683498701223336,206776.34726272273,0.38714776162617615,0.0,0.0,1.0,inf,80053.0,inf,218.0,150.0,68.0,0.0,0.0,0.0,0.0,0.0,0.0
521.0,80203.0,223549.0,143346.0,71673.0,1.7872897522536564,36.683498701223336,206776.34726272273,0.38787318308750707,0.0,0.0,1.0,inf,80203.0,inf,215.0,150.0,65.0,0.0,0.0,0.0,0.0,0.0,0.0
522.0,80346.0,223960.0,143614.0,71807.0,1.7874443033878475,36.87881082035146,210096.75025532,0.3824238114219261,0.0,0.0,1.0,inf,80346.0,inf,216.0,143.0,73.0,0.0,0.0,0.0,0.0,0.0,0.0
523.0,80475.0,224331.0,143856.0,71928.0,1.7875862068965518,36.87881082035146,210096.75025532,0.3830378142555884,0.0,0.0,1.0,inf,80475.0,inf,217.0,129.0,88.0,0.0,0.0,0.0,0.0,0.0,0.0
524.0,80622.0,224748.0,144126.0,72063.0,1.7876758204956464,36.87881082035146,210096.75025532,0.38373749190325,0.0,0.0,1.0,inf,80622.0,inf,218.0,147.0,71.0,0.0,0.0,0.0,0.0,0.0,0.0
525.0,80786.0,225210.0,144424.0,72212.0,1.7877354987250267,36.87881082035146,210096.75025532,0.38451808465302223,0.0,0.0,1.0,inf,80786.0,inf,219.0,164.0,55.0,0.0,0.0,0.0,0.0,0.0,0.0
526.0,80942.0,225648.0,144706.0,72353.0,1.7877739616021349,36.87881082035146,210096.75025532,0.38526059970768356,0.0,0.0,1.0,inf,80942.0,inf,220.0,156.0,64.0,0.0,0.0,0.0,0.0,0.0,0.0
527.0,81091.0,226069.0,144978.0,72489.0,1.7878432871712027,36.87881082035146,210096.75025532,0.3859697967791229,0.0,0.0,1.0,inf,81091.0,inf,219.0,149.0,70.0,0.0,0.0,0.0,0.0,0.0,0.0
528.0,81256.0,226538.0,145282.0,72641.0,1.7879541203111156,36.87881082035146,210096.75025532,0.38675514924078397,0.0,0.0,1.0,inf,81256.0,inf,218.0,165.0,53.0,0.0,0.0,0.0,0.0,0.0,0.0
529.0,81394.0,226930.0,145536.0,72768.0,1.788043344718284,36.87881082035146,210096.75025532,0.38741198948144595,0.0,0.0,1.0,inf,81394.0,inf,219.0,138.0,81.0,0.0,0.0,0.0,0.0,0.0,0.0
530.0,81539.0,227337.0,145798.0,72899.0,1.7880768711904733,36.87881082035146,210096.75025532,0.38810214770532986,0.0,0.0,1.0,inf,81539.0,inf,218.0,145.0,73.0,0.0,0.0,0.0,0.0,0.0,0.0
531.0,81687.0,227759.0,146072.0,73036.0,1.7881915115012181,36.87881082035146,210096.75025532,0.38880658506488036,0.0,0.0,1.0,inf,81687.0,inf,220.0,148.0,72.0,0.0,0.0,0.0,0.0,0.0,0.0
532.0,81826.0,228146.0,146320.0,73160.0,1.788184684574585,36.87881082035146,210096.75025532,0.3894681850174312,0.0,0.0,1.0,inf,81826.0,inf,217.0,139.0,78.0,0.0,0.0,0.0,0.0,0.0,0.0
533.0,81977.0,228573.0,146596.0,73298.0,1.7882576820327654,36.87881082035146,210096.75025532,0.3901869015126483,0.0,0.0,1.0,inf,81977.0,inf,218.0,151.0,67.0,0.0,0.0,0.0,0.0,0.0,0.0
534.0,82122.0,228970.0,146848.0,73424.0,1.7881688219965417,36.87881082035146,210096.75025532,0.3908770597365322,0.0,0.0,1.0,inf,82122.0,inf,219.0,145.0,74.0,0.0,0.0,0.0,0.0,0.0,0.0
535.0,82276.0,229406.0,147130.0,73565.0,1.7882493072098788,36.87881082035146,210096.75025532,0.39161005536741583,0.0,0.0,1.0,inf,82276.0,inf,218.0,154.0,64.0,0.0,0.0,0.0,0.0,0.0,0.0
536.0,82430.0,229840.0,147410.0,73705.0,1.788305228678879,36.87881082035146,210096.75025532,0.39234305099829947,0.0,0.0,1.0,inf,82430.0,inf,219.0,154.0,65.0,0.0,0.0,0.0,0.0,0.0,0.0
537.0,82577.0,230249.0,147672.0,73836.0,1.788294561439626,36.87881082035146,210096.75025532,0.3930427286459611,0.0,0.0,1.0,inf,82577.0,inf,219.0,147.0,72.0,0.0,0.0,0.0,0.0,0.0,0.0
538.0,82718.0,230646.0,147928.0,73964.0,1.7883411107618656,36.87881082035146,210096.75025532,0.39371384802228965,0.0,0.0,1.0,inf,82718.0,inf,218.0,141.0,77.0,0.0,0.0,0.0,0.0,0.0,0.0
539.0,82858.0,231040.0,148182.0,74091.0,1.7883849477419198,36.87881082035146,210096.75025532,0.3943802076867293,0.0,0.0,1.0,inf,82858.0,inf,218.0,140.0,78.0,0.0,0.0,0.0,0.0,0.0,0.0
540.0,83001.0,231447.0,148446.0,74223.0,1.7884844760906495,36.87881082035146,210096.75025532,0.39506084648683554,0.0,0.0,1.0,inf,83001.0,inf,219.0,143.0,76.0,0.0,0.0,0.0,0.0,0.0,0.0
541.0,83151.0,231889.0,148738.0,74369.0,1.7887698283845053,37.49866514303699,220869.6454255353,0.3764709262777976,0.0,0.0,1.0,inf,83151.0,inf,220.0,150.0,70.0,0.0,0.0,0.0,0.0,0.0,0.0
542.0,83297.0,232285.0,148988.0,74494.0,1.7886358452285196,37.49866514303699,220869.6454255353,0.37713194965979613,0.0,0.0,1.0,inf,83297.0,inf,218.0,146.0,72.0,0.0,0.0,0.0,0.0,0.0,0.0
543.0,83458.0,232748.0,149290.0,74645.0,1.7888039492918595,37.49866514303699,220869.6454255353,0.3778608864029589,0.0,0.0,1.0,inf,83458.0,inf,218.0,161.0,57.0,0.0,0.0,0.0,0.0,0.0,0.0
544.0,83614.0,233190.0,149576.0,74788.0,1.7888870284880523,37.49866514303699,220869.6454255353,0.37856718535906686,0.0,0.0,1.0,inf,83614.0,inf,218.0,156.0,62.0,0.0,0.0,0.0,0.0,0.0,0.0
545.0,83766.0,233618.0,149852.0,74926.0,1.788935845092281,37.49866514303699,220869.6454255353,0.37925537408553106,0.0,0.0,1.0,inf,83766.0,inf,216.0,152.0,64.0,0.0,0.0,0.0,0.0,0.0,0.0
546.0,83907.0,234017.0,150110.0,75055.0,1.7890044930697082,37.49866514303699,220869.6454255353,0.37989375968047484,0.0,0.0,1.0,inf,83907.0,inf,219.0,141.0,78.0,0.0,0.0,0.0,0.0,0.0,0.0
547.0,84067.0,234467.0,150400.0,75200.0,1.7890492107485696,37.49866514303699,220869.6454255353,0.3806181688662266,0.0,0.0,1.0,inf,84067.0,inf,219.0,160.0,59.0,0.0,0.0,0.0,0.0,0.0,0.0
548.0,84212.0,234884.0,150672.0,75336.0,1.789198689022942,37.49866514303699,220869.6454255353,0.3812746646908142,0.0,0.0,1.0,inf,84212.0,inf,215.0,145.0,70.0,0.0,0.0,0.0,0.0,0.0,0.0
549.0,84364.0,235318.0,150954.0,75477.0,1.7893177184581102,37.49866514303699,220869.6454255353,0.3819628534172784,0.0,0.0,1.0,inf,84364.0,inf,219.0,152.0,67.0,0.0,0.0,0.0,0.0,0.0,0.0
550.0,84516.0,235756.0,151240.0,75620.0,1.7894836480666383,37.49866514303699,220869.6454255353,0.3826510421437426,0.0,0.0,1.0,inf,84516.0,inf,217.0,152.0,65.0,0.0,0.0,0.0,0.0,0.0,0.0
551.0,84653.0,236153.0,151500.0,75750.0,1.7896589606983804,37.49866514303699,220869.6454255353,0.3832713175090426,0.0,0.0,1.0,inf,84653.0,inf,220.0,137.0,83.0,0.0,0.0,0.0,0.0,0.0,0.0
552.0,84813.0,236599.0,151786.0,75893.0,1.78965488781201,37.49866514303699,220869.6454255353,0.3839957266947944,0.0,0.0,1.0,inf,84813.0,inf,218.0,160.0,58.0,0.0,0.0,0.0,0.0,0.0,0.0
553.0,84962.0,237026.0,152064.0,76032.0,1.7897883759798499,37.49866514303699,220869.6454255353,0.38467033274902573,0.0,0.0,1.0,inf,84962.0,inf,218.0,149.0,69.0,0.0,0.0,0.0,0.0,0.0,0.0
554.0,85101.0,237409.0,152308.0,76154.0,1.7897322005616856,37.49866514303699,220869.6454255353,0.38529966322914766,0.0,0.0,1.0,inf,85101.0,inf,214.0,139.0,75.0,0.0,0.0,0.0,0.0,0.0,0.0
555.0,85254.0,237836.0,152582.0,76291.0,1.7897342060196588,37.49866514303699,220869.6454255353,0.3859923795130228,0.0,0.0,1.0,inf,85254.0,inf,215.0,153.0,62.0,0.0,0.0,0.0,0.0,0.0,0.0
556.0,85407.0,238265.0,152858.0,76429.0,1.7897596215766858,37.49866514303699,220869.6454255353,0.38668509579689797,0.0,0.0,1.0,inf,85407.0,inf,220.0,153.0,67.0,0.0,0.0,0.0,0.0,0.0,0.0
557.0,85558.0,238686.0,153128.0,76564.0,1.7897566563033265,37.49866514303699,220869.6454255353,0.3873687569659512,0.0,0.0,1.0,inf,85558.0,inf,217.0,151.0,66.0,0.0,0.0,0.0,0.0,0.0,0.0
558.0,85711.0,239117.0,153406.0,76703.0,1.7898052758689083,37.49866514303699,220869.6454255353,0.38806147324982637,0.0,0.0,1.0,inf,85711.0,inf,216.0,153.0,63.0,0.0,0.0,0.0,0.0,0.0,0.0
559.0,85859.0,239539.0,153680.0,76840.0,1.7899113663098802,37.49866514303699,220869.6454255353,0.38873155174664675,0.0,0.0,1.0,inf,85859.0,inf,220.0,148.0,72.0,0.0,0.0,0.0,0.0,0.0,0.0
560.0,86009.0,239955.0,153946.0,76973.0,1.7898824541617737,37.49866514303699,220869.6454255353,0.3894106853582891,0.0,0.0,1.0,inf,86009.0,inf,220.0,150.0,70.0,0.0,0.0,0.0,0.0,0.0,0.0
561.0,86148.0,240354.0,154206.0,77103.0,1.7900125365649813,37.49866514303699,220869.6454255353,0.39004001583841097,0.0,0.0,1.0,inf,86148.0,inf,218.0,139.0,79.0,0.0,0.0,0.0,0.0,0.0,0.0
562.0,86293.0,240757.0,154464.0,77232.0,1.7899945534400241,37.49866514303699,220869.6454255353,0.3906965116629985,0.0,0.0,1.0,inf,86293.0,inf,219.0,145.0,74.0,0.0,0.0,0.0,0.0,0.0,0.0
563.0,86434.0,241162.0,154728.0,77364.0,1.7901288844667607,37.49866514303699,220869.6454255353,0.3913348972579423,0.0,0.0,1.0,inf,86434.0,inf,219.0,141.0,78.0,0.0,0.0,0.0,0.0,0.0,0.0
564.0,86587.0,241599.0,155012.0,77506.0,1.7902456488849365,37.49866514303699,220869.6454255353,0.3920276135418174,0.0,0.0,1.0,inf,86587.0,inf,218.0,153.0,65.0,0.0,0.0,0.0,0.0,0.0,0.0
565.0,86745.0,242031.0,155286.0,77643.0,1.7901435241224277,37.49866514303699,220869.6454255353,0.39274296761274735,0.0,0.0,1.0,inf,86745.0,inf,217.0,158.0,59.0,0.0,0.0,0.0,0.0,0.0,0.0
566.0,86886.0,242424.0,155538.0,77769.0,1.7901388025688834,37.49866514303699,220869.6454255353,0.39338135320769113,0.0,0.0,1.0,inf,86886.0,inf,213.0,141.0,72.0,0.0,0.0,0.0,0.0,0.0,0.0
567.0,87045.0,242873.0,155828.0,77914.0,1.7902004710207364,37.49866514303699,220869.6454255353,0.39410123483603193,0.0,0.0,1.0,inf,87045.0,inf,220.0,159.0,61.0,0.0,0.0,0.0,0.0,0.0,0.0
568.0,87193.0,243291.0,156098.0,78049.0,1.7902583923021342,37.49866514303699,220869.6454255353,0.39477131333285237,0.0,0.0,1.0,inf,87193.0,inf,219.0,148.0,71.0,0.0,0.0,0.0,0.0,0.0,0.0
569.0,87350.0,243726.0,156376.0,78188.0,1.7902232398397253,37.49866514303699,220869.6454255353,0.3954821398463713,0.0,0.0,1.0,inf,87350.0,inf,214.0,157.0,57.0,0.0,0.0,0.0,0.0,0.0,0.0
570.0,87492.0,244118.0,156626.0,78313.0,1.790175101723586,37.49866514303699,220869.6454255353,0.396125052998726,0.0,0.0,1.0,inf,87492.0,inf,218.0,142.0,76.0,0.0,0.0,0.0,0.0,0.0,0.0
571.0,87644.0,244562.0,156918.0,78459.0,1.790402081146456,37.49866514303699,220869.6454255353,0.3968132417251902,0.0,0.0,1.0,inf,87644.0,inf,220.0,152.0,68.0,0.0,0.0,0.0,0.0,0.0,0.0
572.0,87790.0,244976.0,157186.0,78593.0,1.7904772753160951,37.49866514303699,220869.6454255353,0.39747426510718875,0.0,0.0,1.0,inf,87790.0,inf,218.0,146.0,72.0,0.0,0.0,0.0,0.0,0.0,0.0
573.0,87932.0,245388.0,157456.0,78728.0,1.7906564163217031,37.49866514303699,220869.6454255353,0.39811717825954346,0.0,0.0,1.0,inf,87932.0,inf,220.0,142.0,78.0,0.0,0.0,0.0,0.0,0.0,0.0
574.0,88071.0,245779.0,157708.0,78854.0,1.7906916010945715,37.5748512041144,222218.60538404432,0.39632595051072916,0.0,0.0,1.0,inf,88071.0,inf,220.0,139.0,81.0,0.0,0.0,0.0,0.0,0.0,0.0
575.0,88221.0,246199.0,157978.0,78989.0,1.790707427936659,37.5748512041144,222218.60538404432,0.39700096149705394,0.0,0.0,1.0,inf,88221.0,inf,216.0,150.0,66.0,0.0,0.0,0.0,0.0,0.0,0.0
576.0,88361.0,246593.0,158232.0,79116.0,1.790744785595455,37.5748512041144,222218.60538404432,0.3976309717509571,0.0,0.0,1.0,inf,88361.0,inf,217.0,140.0,77.0,0.0,0.0,0.0,0.0,0.0,0.0
577.0,88500.0,246974.0,158474.0,79237.0,1.7906666666666666,37.5748512041144,222218.60538404432,0.398256481931618,0.0,0.0,1.0,inf,88500.0,inf,218.0,139.0,79.0,0.0,0.0,0.0,0.0,0.0,0.0
578.0,88659.0,247421.0,158762.0,79381.0,1.7907037074634273,37.5748512041144,222218.60538404432,0.39897199357712226,0.0,0.0,1.0,inf,88659.0,inf,219.0,159.0,60.0,0.0,0.0,0.0,0.0,0.0,0.0
579.0,88808.0,247834.0,159026.0,79513.0,1.7906720115304928,37.5748512041144,222218.60538404432,0.3996425044902049,0.0,0.0,1.0,inf,88808.0,inf,219.0,149.0,70.0,0.0,0.0,0.0,0.0,0.0,0.0
580.0,88950.0,248238.0,159288.0,79644.0,1.7907588532883643,37.5748512041144,222218.60538404432,0.4002815148905923,0.0,0.0,1.0,inf,88950.0,inf,218.0,142.0,76.0,0.0,0.0,0.0,0.0,0.0,0.0
581.0,89092.0,248650.0,159558.0,79779.0,1.7909352130382077,37.5748512041144,222218.60538404432,0.4009205252909798,0.0,0.0,1.0,inf,89092.0,inf,220.0,142.0,78.0,0.0,0.0,0.0,0.0,0.0,0.0
582.0,89251.0,249105.0,159854.0,79927.0,1.791061164580789,37.5748512041144,222218.60538404432,0.4016360369364841,0.0,0.0,1.0,inf,89251.0,inf,217.0,159.0,58.0,0.0,0.0,0.0,0.0,0.0,0.0
583.0,89396.0,249512.0,160116.0,80058.0,1.7910868495234686,37.5748512041144,222218.60538404432,0.402288547556598,0.0,0.0,1.0,inf,89396.0,inf,218.0,145.0,73.0,0.0,0.0,0.0,0.0,0.0,0.0
584.0,89551.0,249957.0,160406.0,80203.0,1.7912251119473819,37.5748512041144,222218.60538404432,0.40298605890913364,0.0,0.0,1.0,inf,89551.0,inf,218.0,155.0,63.0,0.0,0.0,0.0,0.0,0.0,0.0
585.0,89702.0,250386.0,160684.0,80342.0,1.791309000914138,37.5748512041144,222218.60538404432,0.40366556996870057,0.0,0.0,1.0,inf,89702.0,inf,218.0,151.0,67.0,0.0,0.0,0.0,0.0,0.0,0.0
586.0,89850.0,250806.0,160956.0,80478.0,1.7913856427378965,37.5748512041144,222218.60538404432,0.404331580808541,0.0,0.0,1.0,inf,89850.0,inf,218.0,148.0,70.0,0.0,0.0,0.0,0.0,0.0,0.0
587.0,89994.0,251206.0,161212.0,80606.0,1.7913638687023579,37.5748512041144,222218.60538404432,0.4049795913554128,0.0,0.0,1.0,inf,89994.0,inf,219.0,144.0,75.0,0.0,0.0,0.0,0.0,0.0,0.0
588.0,90147.0,251627.0,161480.0,80740.0,1.79129643804009,37.5748512041144,222218.60538404432,0.4056681025614641,0.0,0.0,1.0,inf,90147.0,inf,219.0,153.0,66.0,0.0,0.0,0.0,0.0,0.0,0.0
589.0,90290.0,252030.0,161740.0,80870.0,1.791339018717466,37.5748512041144,222218.60538404432,0.40631161303509367,0.0,0.0,1.0,inf,90290.0,inf,218.0,143.0,75.0,0.0,0.0,0.0,0.0,0.0,0.0
590.0,90428.0,252412.0,161984.0,80992.0,1.791303578537621,37.5748512041144,222218.60538404432,0.4069326231425125,0.0,0.0,1.0,inf,90428.0,inf,218.0,138.0,80.0,0.0,0.0,0.0,0.0,0.0,0.0
591.0,90567.0,252799.0,162232.0,81116.0,1.7912926341824285,37.5748512041144,222218.60538404432,0.4075581333231734,0.0,0.0,1.0,inf,90567.0,inf,216.0,139.0,77.0,0.0,0.0,0.0,0.0,0.0,0.0
592.0,90706.0,253192.0,162486.0,81243.0,1.791347871144136,37.5748512041144,222218.60538404432,0.4081836435038344,0.0,0.0,1.0,inf,90706.0,inf,218.0,139.0,79.0,0.0,0.0,0.0,0.0,0.0,0.0
593.0,90861.0,253627.0,162766.0,81383.0,1.7913736366537898,37.5748512041144,222218.60538404432,0.40888115485637,0.0,0.0,1.0,inf,90861.0,inf,220.0,155.0,65.0,0.0,0.0,0.0,0.0,0.0,0.0
594.0,91012.0,254044.0,163032.0,81516.0,1.7913242209818485,37.5748512041144,222218.60538404432,0.40956066591593693,0.0,0.0,1.0,inf,91012.0,inf,218.0,151.0,67.0,0.0,0.0,0.0,0.0,0.0,0.0
595.0,91162.0,254454.0,163292.0,81646.0,1.7912288014742985,37.5748512041144,222218.60538404432,0.4102356769022617,0.0,0.0,1.0,inf,91162.0,inf,219.0,150.0,69.0,0.0,0.0,0.0,0.0,0.0,0.0
596.0,91315.0,254887.0,163572.0,81786.0,1.7912938728576904,37.5748512041144,222218.60538404432,0.410924188108313,0.0,0.0,1.0,inf,91315.0,inf,219.0,153.0,66.0,0.0,0.0,0.0,0.0,0.0,0.0
597.0,91464.0,255314.0,163850.0,81925.0,1.7914152016093763,37.5748512041144,222218.60538404432,0.4115946990213956,0.0,0.0,1.0,inf,91464.0,inf,218.0,149.0,69.0,0.0,0.0,0.0,0.0,0.0,0.0
598.0,91614.0,255730.0,164116.0,82058.0,1.7913855960879341,37.5748512041144,222218.60538404432,0.4122697100077204,0.0,0.0,1.0,inf,91614.0,inf,219.0,150.0,69.0,0.0,0.0,0.0,0.0,0.0,0.0
599.0,91764.0,256158.0,164394.0,82197.0,1.7914868575912122,37.5748512041144,222218.60538404432,0.41294472099404517,0.0,0.0,1.0,inf,91764.0,inf,217.0,150.0,67.0,0.0,0.0,0.0,0.0,0.0,0.0
600.0,91908.0,256560.0,164652.0,82326.0,1.7914871393132263,37.5748512041144,222218.60538404432,0.4135927315409169,0.0,0.0,1.0,inf,91908.0,inf,220.0,144.0,76.0,0.0,0.0,0.0,0.0,0.0,0.0
601.0,92053.0,256967.0,164914.0,82457.0,1.7915114119040119,37.5748512041144,222218.60538404432,0.41424524216103087,0.0,0.0,1.0,inf,92053.0,inf,218.0,145.0,73.0,0.0,0.0,0.0,0.0,0.0,0.0
602.0,92207.0,257405.0,165198.0,82599.0,1.7915993362759877,37.5748512041144,222218.60538404432,0.4149382534403243,0.0,0.0,1.0,inf,92207.0,inf,220.0,154.0,66.0,0.0,0.0,0.0,0.0,0.0,0.0
603.0,92347.0,257787.0,165440.0,82720.0,1.7915037846383748,37.5748512041144,222218.60538404432,0.41556826369422745,0.0,0.0,1.0,inf,92347.0,inf,218.0,140.0,78.0,0.0,0.0,0.0,0.0,0.0,0.0
604.0,92485.0,258175.0,165690.0,82845.0,1.7915337622317133,37.5748512041144,222218.60538404432,0.4161892738016462,0.0,0.0,1.0,inf,92485.0,inf,219.0,138.0,81.0,0.0,0.0,0.0,0.0,0.0,0.0
605.0,92625.0,258563.0,165938.0,82969.0,1.7915033738191632,37.5748512041144,222218.60538404432,0.41681928405554936,0.0,0.0,1.0,inf,92625.0,inf,218.0,140.0,78.0,0.0,0.0,0.0,0.0,0.0,0.0
606.0,92776.0,259004.0,166228.0,83114.0,1.7917133741484867,37.5748512041144,222218.60538404432,0.4174987951151163,0.0,0.0,1.0,inf,92776.0,inf,220.0,151.0,69.0,0.0,0.0,0.0,0.0,0.0,0.0
607.0,92921.0,259415.0,166494.0,83247.0,1.791780114290634,37.5748512041144,222218.60538404432,0.41815130573523024,0.0,0.0,1.0,inf,92921.0,inf,216.0,145.0,71.0,0.0,0.0,0.0,0.0,0.0,0.0
608.0,93088.0,259884.0,166796.0,83398.0,1.7918099003093846,37.5748512041144,222218.60538404432,0.41890281796667184,0.0,0.0,1.0,inf,93088.0,inf,220.0,167.0,53.0,0.0,0.0,0.0,0.0,0.0,0.0
609.0,93234.0,260306.0,167072.0,83536.0,1.791964304867323,37.5748512041144,222218.60538404432,0.41955982866002794,0.0,0.0,1.0,inf,93234.0,inf,218.0,146.0,72.0,0.0,0.0,0.0,0.0,0.0,0.0
610.0,93375.0,260691.0,167316.0,83658.0,1.7918714859437752,37.5748512041144,222218.60538404432,0.42019433898717323,0.0,0.0,1.0,inf,93375.0,inf,219.0,141.0,78.0,0.0,0.0,0.0,0.0,0.0,0.0
611.0,93524.0,261108.0,167584.0,83792.0,1.7918822975920619,37.5748512041144,222218.60538404432,0.42086484990025586,0.0,0.0,1.0,inf,93524.0,inf,218.0,149.0,69.0,0.0,0.0,0.0,0.0,0.0,0.0
612.0,93679.0,261555.0,167876.0,83938.0,1.792034500795269,37.5748512041144,222218.60538404432,0.42156236125279145,0.0,0.0,1.0,inf,93679.0,inf,219.0,155.0,64.0,0.0,0.0,0.0,0.0,0.0,0.0
613.0,93828.0,261970.0,168142.0,84071.0,1.7920237029458157,37.5748512041144,222218.60538404432,0.4222328721658741,0.0,0.0,1.0,inf,93828.0,inf,219.0,149.0,70.0,0.0,0.0,0.0,0.0,0.0,0.0
614.0,93977.0,262389.0,168412.0,84206.0,1.7920555029422092,37.5748512041144,222218.60538404432,0.4229033830789567,0.0,0.0,1.0,inf,93977.0,inf,218.0,149.0,69.0,0.0,0.0,0.0,0.0,0.0,0.0
615.0,94125.0,262803.0,168678.0,84339.0,1.7920637450199204,38.16226428644126,232804.30866998763,0.4043095273353688,0.0,0.0,1.0,inf,94125.0,inf,216.0,148.0,68.0,0.0,0.0,0.0,0.0,0.0,0.0
616.0,94265.0,263191.0,168926.0,84463.0,1.792033098180661,38.16226428644126,232804.30866998763,0.40491089077576137,0.0,0.0,1.0,inf,94265.0,inf,217.0,140.0,77.0,0.0,0.0,0.0,0.0,0.0,0.0
617.0,94429.0,263647.0,169218.0,84609.0,1.7920130468394244,38.16226428644126,232804.30866998763,0.4056153450916498,0.0,0.0,1.0,inf,94429.0,inf,218.0,164.0,54.0,0.0,0.0,0.0,0.0,0.0,0.0
618.0,94573.0,264047.0,169474.0,84737.0,1.7919913717445783,38.16226428644126,232804.30866998763,0.40623389034462504,0.0,0.0,1.0,inf,94573.0,inf,218.0,144.0,74.0,0.0,0.0,0.0,0.0,0.0,0.0
619.0,94717.0,264459.0,169742.0,84871.0,1.7920964557576782,38.4055836476173,237285.78269526063,0.39916845806831314,0.0,0.0,1.0,inf,94717.0,inf,217.0,144.0,73.0,0.0,0.0,0.0,0.0,0.0,0.0
620.0,94868.0,264884.0,170016.0,85008.0,1.7921322258295738,38.4055836476173,237285.78269526063,0.399804821521213,0.0,0.0,1.0,inf,94868.0,inf,215.0,151.0,64.0,0.0,0.0,0.0,0.0,0.0,0.0
621.0,95019.0,265315.0,170296.0,85148.0,1.7922310274787148,38.4055836476173,237285.78269526063,0.4004411849741128,0.0,0.0,1.0,inf,95019.0,inf,219.0,151.0,68.0,0.0,0.0,0.0,0.0,0.0,0.0
622.0,95176.0,265756.0,170580.0,85290.0,1.7922585525762798,38.4055836476173,237285.78269526063,0.40110283439202854,0.0,0.0,1.0,inf,95176.0,inf,219.0,157.0,62.0,0.0,0.0,0.0,0.0,0.0,0.0
623.0,95330.0,266182.0,170852.0,85426.0,1.7922165110668205,38.4055836476173,237285.78269526063,0.40175184082743637,0.0,0.0,1.0,inf,95330.0,inf,217.0,154.0,63.0,0.0,0.0,0.0,0.0,0.0,0.0
624.0,95486.0,266624.0,171138.0,85569.0,1.7922836855664706,38.4055836476173,237285.78269526063,0.4024092759178495,0.0,0.0,1.0,inf,95486.0,inf,216.0,156.0,60.0,0.0,0.0,0.0,0.0,0.0,0.0
625.0,95636.0,267046.0,171410.0,85705.0,1.7923167008239576,38.4055836476173,237285.78269526063,0.40304142504324664,0.0,0.0,1.0,inf,95636.0,inf,217.0,150.0,67.0,0.0,0.0,0.0,0.0,0.0,0.0
626.0,95809.0,267545.0,171736.0,85868.0,1.7924829608909392,39.41429240848169,256477.81902829674,0.37355666998021986,0.0,0.0,1.0,inf,95809.0,inf,219.0,173.0,46.0,0.0,0.0,0.0,0.0,0.0,0.0
627.0,95973.0,268025.0,172052.0,86026.0,1.792712533733446,39.41429240848169,256477.81902829674,0.3741961014937181,0.0,0.0,1.0,inf,95973.0,inf,215.0,164.0,51.0,0.0,0.0,0.0,0.0,0.0,0.0
628.0,96159.0,268551.0,172392.0,86196.0,1.7927807069541073,39.41429240848169,256477.81902829674,0.37492131040536864,0.0,0.0,1.0,inf,96159.0,inf,215.0,186.0,29.0,0.0,0.0,0.0,0.0,0.0,0.0
629.0,96337.0,269049.0,172712.0,86356.0,1.7927898938102702,39.41429240848169,256477.81902829674,0.37561532753587284,0.0,0.0,1.0,inf,96337.0,inf,214.0,178.0,36.0,0.0,0.0,0.0,0.0,0.0,0.0
630.0,96516.0,269562.0,173046.0,86523.0,1.7929255253015044,39.41429240848169,256477.81902829674,0.37631324363902036,0.0,0.0,1.0,inf,96516.0,inf,214.0,179.0,35.0,0.0,0.0,0.0,0.0,0.0,0.0
631.0,96682.0,270032.0,173350.0,86675.0,1.7929914565275853,39.41429240848169,256477.81902829674,0.37696047309780517,0.0,0.0,1.0,inf,96682.0,inf,218.0,166.0,52.0,0.0,0.0,0.0,0.0,0.0,0.0
632.0,96842.0,270484.0,173642.0,86821.0,1.7930443402655873,39.41429240848169,256477.81902829674,0.37758430872073034,0.0,0.0,1.0,inf,96842.0,inf,218.0,160.0,58.0,0.0,0.0,0.0,0.0,0.0,0.0
633.0,97009.0,270949.0,173940.0,86970.0,1.7930295127256235,39.41429240848169,256477.81902829674,0.37823543715215846,0.0,0.0,1.0,inf,97009.0,inf,219.0,167.0,52.0,0.0,0.0,0.0,0.0,0.0,0.0
634.0,97187.0,271451.0,174264.0,87132.0,1.7930793213084055,39.41429240848169,256477.81902829674,0.37892945428266267,0.0,0.0,1.0,inf,97187.0,inf,218.0,178.0,40.0,0.0,0.0,0.0,0.0,0.0,0.0
635.0,97352.0,271902.0,174550.0,87275.0,1.7929780590023832,39.41429240848169,256477.81902829674,0.37957278476880424,0.0,0.0,1.0,inf,97352.0,inf,213.0,165.0,48.0,0.0,0.0,0.0,0.0,0.0,0.0
636.0,97519.0,272381.0,174862.0,87431.0,1.7931069842799865,39.41429240848169,256477.81902829674,0.38022391320023236,0.0,0.0,1.0,inf,97519.0,inf,215.0,167.0,48.0,0.0,0.0,0.0,0.0,0.0,0.0
637.0,97689.0,272859.0,175170.0,87585.0,1.7931394527531248,39.41429240848169,256477.81902829674,0.3808867385495903,0.0,0.0,1.0,inf,97689.0,inf,220.0,170.0,50.0,0.0,0.0,0.0,0.0,0.0,0.0
638.0,97861.0,273315.0,175454.0,87727.0,1.7928899152880104,39.41429240848169,256477.81902829674,0.38155736184423483,0.0,0.0,1.0,inf,97861.0,inf,219.0,172.0,47.0,0.0,0.0,0.0,0.0,0.0,0.0
639.0,98029.0,273795.0,175766.0,87883.0,1.7930000306031888,39.41429240848169,256477.81902829674,0.38221238924830625,0.0,0.0,1.0,inf,98029.0,inf,216.0,168.0,48.0,0.0,0.0,0.0,0.0,0.0,0.0
640.0,98204.0,274292.0,176088.0,88044.0,1.7930837847745509,39.41429240848169,256477.81902829674,0.3828947094608806,0.0,0.0,1.0,inf,98204.0,inf,213.0,175.0,38.0,0.0,0.0,0.0,0.0,0.0,0.0
641.0,98377.0,274781.0,176404.0,88202.0,1.793142706120333,39.41429240848169,256477.81902829674,0.3835692317281684,0.0,0.0,1.0,inf,98377.0,inf,216.0,173.0,43.0,0.0,0.0,0.0,0.0,0.0,0.0
642.0,98551.0,275289.0,176738.0,88369.0,1.793365871477712,39.41429240848169,256477.81902829674,0.38424765296809954,0.0,0.0,1.0,inf,98551.0,inf,215.0,174.0,41.0,0.0,0.0,0.0,0.0,0.0,0.0
643.0,98714.0,275736.0,177022.0,88511.0,1.793281601393926,39.4323009421662,256829.53662798333,0.38435610364779377,0.0,0.0,1.0,inf,98714.0,inf,214.0,163.0,51.0,0.0,0.0,0.0,0.0,0.0,0.0
644.0,98887.0,276219.0,177332.0,88666.0,1.7932791974678168,39.4323009421662,256829.53662798333,0.3850297021842837,0.0,0.0,1.0,inf,98887.0,inf,216.0,173.0,43.0,0.0,0.0,0.0,0.0,0.0,0.0
645.0,99059.0,276707.0,177648.0,88824.0,1.7933554750199376,39.4323009421662,256829.53662798333,0.38569940708761474,0.0,0.0,1.0,inf,99059.0,inf,217.0,172.0,45.0,0.0,0.0,0.0,0.0,0.0,0.0
646.0,99237.0,277225.0,177988.0,88994.0,1.7935649001884377,39.4323009421662,256829.53662798333,0.38639247378989916,0.0,0.0,1.0,inf,99237.0,inf,219.0,178.0,41.0,0.0,0.0,0.0,0.0,0.0,0.0
647.0,99402.0,277694.0,178292.0,89146.0,1.7936460030985293,39.4323009421662,256829.53662798333,0.38703492326111794,0.0,0.0,1.0,inf,99402.0,inf,217.0,165.0,52.0,0.0,0.0,0.0,0.0,0.0,0.0
648.0,99561.0,278127.0,178566.0,89283.0,1.7935336125591346,39.4323009421662,256829.53662798333,0.38765401093338325,0.0,0.0,1.0,inf,99561.0,inf,215.0,159.0,56.0,0.0,0.0,0.0,0.0,0.0,0.0
649.0,99729.0,278603.0,178874.0,89437.0,1.793600657782591,39.4323009421662,256829.53662798333,0.3883081413040787,0.0,0.0,1.0,inf,99729.0,inf,218.0,168.0,50.0,0.0,0.0,0.0,0.0,0.0,0.0
650.0,99887.0,279041.0,179154.0,89577.0,1.793566730405358,39.4323009421662,256829.53662798333,0.38892333534318513,0.0,0.0,1.0,inf,99887.0,inf,215.0,158.0,57.0,0.0,0.0,0.0,0.0,0.0,0.0
651.0,100052.0,279508.0,179456.0,89728.0,1.7936273137968257,39.4323009421662,256829.53662798333,0.38956578481440385,0.0,0.0,1.0,inf,100052.0,inf,218.0,165.0,53.0,0.0,0.0,0.0,0.0,0.0,0.0
652.0,100218.0,279992.0,179774.0,89887.0,1.7938294517950868,39.4323009421662,256829.53662798333,0.39021212791878146,0.0,0.0,1.0,inf,100218.0,inf,219.0,166.0,53.0,0.0,0.0,0.0,0.0,0.0,0.0
653.0,100383.0,280457.0,180074.0,90037.0,1.7938694798920136,39.4323009421662,256829.53662798333,0.3908545773900002,0.0,0.0,1.0,inf,100383.0,inf,217.0,165.0,52.0,0.0,0.0,0.0,0.0,0.0,0.0
654.0,100548.0,280932.0,180384.0,90192.0,1.7940088316028167,39.4323009421662,256829.53662798333,0.39149702686121896,0.0,0.0,1.0,inf,100548.0,inf,214.0,165.0,49.0,0.0,0.0,0.0,0.0,0.0,0.0
655.0,100721.0,281425.0,180704.0,90352.0,1.7941045065080767,39.4323009421662,256829.53662798333,0.39217062539770886,0.0,0.0,1.0,inf,100721.0,inf,218.0,173.0,45.0,0.0,0.0,0.0,0.0,0.0,0.0
656.0,100890.0,281908.0,181018.0,90509.0,1.7942115174943007,39.4323009421662,256829.53662798333,0.3928286494015632,0.0,0.0,1.0,inf,100890.0,inf,217.0,169.0,48.0,0.0,0.0,0.0,0.0,0.0,0.0
657.0,101052.0,282352.0,181300.0,90650.0,1.7941257966195623,39.4323009421662,256829.53662798333,0.39345941797330525,0.0,0.0,1.0,inf,101052.0,inf,213.0,162.0,51.0,0.0,0.0,0.0,0.0,0.0,0.0
658.0,101223.0,282835.0,181612.0,90806.0,1.7941772126888158,39.4323009421662,256829.53662798333,0.39412522924347737,0.0,0.0,1.0,inf,101223.0,inf,218.0,171.0,47.0,0.0,0.0,0.0,0.0,0.0,0.0
659.0,101390.0,283306.0,181916.0,90958.0,1.7942203373113719,39.4323009421662,256829.53662798333,0.39477546598101393,0.0,0.0,1.0,inf,101390.0,inf,218.0,167.0,51.0,0.0,0.0,0.0,0.0,0.0,0.0
660.0,101550.0,283762.0,182212.0,91106.0,1.7943082225504678,39.4323009421662,256829.53662798333,0.39539844728643814,0.0,0.0,1.0,inf,101550.0,inf,218.0,160.0,58.0,0.0,0.0,0.0,0.0,0.0,0.0
661.0,101719.0,284239.0,182520.0,91260.0,1.794355036915424,39.4323009421662,256829.53662798333,0.3960564712902925,0.0,0.0,1.0,inf,101719.0,inf,217.0,169.0,48.0,0.0,0.0,0.0,0.0,0.0,0.0
662.0,101876.0,284686.0,182810.0,91405.0,1.7944363736306883,39.4323009421662,256829.53662798333,0.39666777169624,0.0,0.0,1.0,inf,101876.0,inf,216.0,157.0,59.0,0.0,0.0,0.0,0.0,0.0,0.0
663.0,102040.0,285142.0,183102.0,91551.0,1.7944139553116425,39.4323009421662,256829.53662798333,0.39730632753429984,0.0,0.0,1.0,inf,102040.0,inf,217.0,164.0,53.0,0.0,0.0,0.0,0.0,0.0,0.0
664.0,102207.0,285609.0,183402.0,91701.0,1.7944172121283277,39.4323009421662,256829.53662798333,0.3979565642718364,0.0,0.0,1.0,inf,102207.0,inf,218.0,167.0,51.0,0.0,0.0,0.0,0.0,0.0,0.0
665.0,102364.0,286054.0,183690.0,91845.0,1.794478527607362,39.4323009421662,256829.53662798333,0.3985678646777839,0.0,0.0,1.0,inf,102364.0,inf,216.0,157.0,59.0,0.0,0.0,0.0,0.0,0.0,0.0
666.0,102523.0,286493.0,183970.0,91985.0,1.794426616466549,39.4323009421662,256829.53662798333,0.3991869523500492,0.0,0.0,1.0,inf,102523.0,inf,219.0,159.0,60.0,0.0,0.0,0.0,0.0,0.0,0.0
667.0,102690.0,286952.0,184262.0,92131.0,1.7943519330022397,39.4323009421662,256829.53662798333,0.39983718908758575,0.0,0.0,1.0,inf,102690.0,inf,218.0,167.0,51.0,0.0,0.0,0.0,0.0,0.0,0.0
668.0,102859.0,287427.0,184568.0,92284.0,1.794378712606578,39.4323009421662,256829.53662798333,0.4004952130914401,0.0,0.0,1.0,inf,102859.0,inf,219.0,169.0,50.0,0.0,0.0,0.0,0.0,0.0,0.0
669.0,103015.0,287861.0,184846.0,92423.0,1.7943600446536911,39.4323009421662,256829.53662798333,0.40110261986422874,0.0,0.0,1.0,inf,103015.0,inf,218.0,156.0,62.0,0.0,0.0,0.0,0.0,0.0,0.0
670.0,103168.0,288286.0,185118.0,92559.0,1.794335452853598,39.4323009421662,256829.53662798333,0.40169834573754065,0.0,0.0,1.0,inf,103168.0,inf,215.0,153.0,62.0,0.0,0.0,0.0,0.0,0.0,0.0
671.0,103327.0,288737.0,185410.0,92705.0,1.7944003019539907,39.4323009421662,256829.53662798333,0.40231743340980597,0.0,0.0,1.0,inf,103327.0,inf,219.0,159.0,60.0,0.0,0.0,0.0,0.0,0.0,0.0
672.0,103491.0,289199.0,185708.0,92854.0,1.7944362311698603,39.4323009421662,256829.53662798333,0.4029559892478658,0.0,0.0,1.0,inf,103491.0,inf,220.0,164.0,56.0,0.0,0.0,0.0,0.0,0.0,0.0
673.0,103649.0,289655.0,186006.0,93003.0,1.794575924514467,39.4323009421662,256829.53662798333,0.4035711832869722,0.0,0.0,1.0,inf,103649.0,inf,214.0,158.0,56.0,0.0,0.0,0.0,0.0,0.0,0.0
674.0,103815.0,290113.0,186298.0,93149.0,1.7945190964696816,39.4323009421662,256829.53662798333,0.40421752639134984,0.0,0.0,1.0,inf,103815.0,inf,219.0,166.0,53.0,0.0,0.0,0.0,0.0,0.0,0.0
675.0,103984.0,290572.0,186588.0,93294.0,1.7943914448376674,39.4323009421662,256829.53662798333,0.4048755503952042,0.0,0.0,1.0,inf,103984.0,inf,218.0,169.0,49.0,0.0,0.0,0.0,0.0,0.0,0.0
676.0,104147.0,291003.0,186856.0,93428.0,1.794156336716372,39.4323009421662,256829.53662798333,0.4055102126001051,0.0,0.0,1.0,inf,104147.0,inf,219.0,163.0,56.0,0.0,0.0,0.0,0.0,0.0,0.0
677.0,104306.0,291450.0,187144.0,93572.0,1.7941825014860122,39.67298925831433,261561.2374567042,0.39878233110617395,0.0,0.0,1.0,inf,104306.0,inf,220.0,159.0,61.0,0.0,0.0,0.0,0.0,0.0,0.0
678.0,104463.0,291877.0,187414.0,93707.0,1.7940706278778131,39.67298925831433,261561.2374567042,0.39938257295212404,0.0,0.0,1.0,inf,104463.0,inf,216.0,157.0,59.0,0.0,0.0,0.0,0.0,0.0,0.0
679.0,104637.0,292361.0,187724.0,93862.0,1.794049905865038,39.67298925831433,261561.2374567042,0.40004780913808147,0.0,0.0,1.0,inf,104637.0,inf,215.0,174.0,41.0,0.0,0.0,0.0,0.0,0.0,0.0
680.0,104807.0,292839.0,188032.0,94016.0,1.7940786397855104,39.67298925831433,261561.2374567042,0.40069775253815476,0.0,0.0,1.0,inf,104807.0,inf,218.0,170.0,48.0,0.0,0.0,0.0,0.0,0.0,0.0
681.0,104968.0,293284.0,188316.0,94158.0,1.7940324670375734,39.67298925831433,261561.2374567042,0.40131328716998893,0.0,0.0,1.0,inf,104968.0,inf,217.0,161.0,56.0,0.0,0.0,0.0,0.0,0.0,0.0
682.0,105128.0,293728.0,188600.0,94300.0,1.794003500494635,39.67298925831433,261561.2374567042,0.4019249986053521,0.0,0.0,1.0,inf,105128.0,inf,219.0,160.0,59.0,0.0,0.0,0.0,0.0,0.0,0.0
683.0,105291.0,294183.0,188892.0,94446.0,1.7939994871356526,39.67298925831433,261561.2374567042,0.4025481796301283,0.0,0.0,1.0,inf,105291.0,inf,219.0,163.0,56.0,0.0,0.0,0.0,0.0,0.0,0.0
684.0,105447.0,294609.0,189162.0,94581.0,1.7939059432700788,39.67298925831433,261561.2374567042,0.40314459827960736,0.0,0.0,1.0,inf,105447.0,inf,220.0,156.0,64.0,0.0,0.0,0.0,0.0,0.0,0.0
685.0,105606.0,295054.0,189448.0,94724.0,1.7939132246273886,39.67298925831433,261561.2374567042,0.4037524865184995,0.0,0.0,1.0,inf,105606.0,inf,216.0,159.0,57.0,0.0,0.0,0.0,0.0,0.0,0.0
686.0,105776.0,295526.0,189750.0,94875.0,1.7938851913477538,39.67298925831433,261561.2374567042,0.4044024299185728,0.0,0.0,1.0,inf,105776.0,inf,219.0,170.0,49.0,0.0,0.0,0.0,0.0,0.0,0.0
687.0,105929.0,295959.0,190030.0,95015.0,1.7939374486684478,39.67298925831433,261561.2374567042,0.4049873789786388,0.0,0.0,1.0,inf,105929.0,inf,219.0,153.0,66.0,0.0,0.0,0.0,0.0,0.0,0.0
688.0,106102.0,296450.0,190348.0,95174.0,1.7940095379917438,40.47083123764465,277661.06359125243,0.38212775902995816,0.0,0.0,1.0,inf,106102.0,inf,218.0,173.0,45.0,0.0,0.0,0.0,0.0,0.0,0.0
689.0,106275.0,296935.0,190660.0,95330.0,1.794024935309339,40.47083123764465,277661.06359125243,0.38275082082249917,0.0,0.0,1.0,inf,106275.0,inf,217.0,173.0,44.0,0.0,0.0,0.0,0.0,0.0,0.0
690.0,106438.0,297390.0,190952.0,95476.0,1.7940209323737764,40.47083123764465,277661.06359125243,0.3833378674825233,0.0,0.0,1.0,inf,106438.0,inf,215.0,163.0,52.0,0.0,0.0,0.0,0.0,0.0,0.0
691.0,106613.0,297885.0,191272.0,95636.0,1.7940776453152993,40.47083123764465,277661.06359125243,0.3839681323015676,0.0,0.0,1.0,inf,106613.0,inf,217.0,175.0,42.0,0.0,0.0,0.0,0.0,0.0,0.0
692.0,106782.0,298356.0,191574.0,95787.0,1.7940664156880373,40.47083123764465,277661.06359125243,0.3845767880411019,0.0,0.0,1.0,inf,106782.0,inf,220.0,169.0,51.0,0.0,0.0,0.0,0.0,0.0,0.0
693.0,106959.0,298851.0,191892.0,95946.0,1.794070625192831,40.47083123764465,277661.06359125243,0.3852142558866496,0.0,0.0,1.0,inf,106959.0,inf,217.0,177.0,40.0,0.0,0.0,0.0,0.0,0.0,0.0
694.0,107132.0,299342.0,192210.0,96105.0,1.794141806369712,40.47083123764465,277661.06359125243,0.38583731767919055,0.0,0.0,1.0,inf,107132.0,inf,217.0,173.0,44.0,0.0,0.0,0.0,0.0,0.0,0.0
695.0,107310.0,299842.0,192532.0,96266.0,1.7941664336967664,40.47083123764465,277661.06359125243,0.38647838703799,0.0,0.0,1.0,inf,107310.0,inf,214.0,178.0,36.0,0.0,0.0,0.0,0.0,0.0,0.0
696.0,107474.0,300290.0,192816.0,96408.0,1.7940711241788712,40.47083123764465,277661.06359125243,0.3870690352112658,0.0,0.0,1.0,inf,107474.0,inf,215.0,164.0,51.0,0.0,0.0,0.0,0.0,0.0,0.0
697.0,107639.0,300753.0,193114.0,96557.0,1.7940895028753518,40.47083123764465,277661.06359125243,0.38766328489779334,0.0,0.0,1.0,inf,107639.0,inf,218.0,165.0,53.0,0.0,0.0,0.0,0.0,0.0,0.0
698.0,107810.0,301224.0,193414.0,96707.0,1.7940265281513774,40.47083123764465,277661.06359125243,0.38827914366383093,0.0,0.0,1.0,inf,107810.0,inf,217.0,171.0,46.0,0.0,0.0,0.0,0.0,0.0,0.0
699.0,107968.0,301658.0,193690.0,96845.0,1.793957468879668,40.47083123764465,277661.06359125243,0.3888481827575967,0.0,0.0,1.0,inf,107968.0,inf,218.0,158.0,60.0,0.0,0.0,0.0,0.0,0.0,0.0
700.0,108128.0,302114.0,193986.0,96993.0,1.7940403965670317,40.47083123764465,277661.06359125243,0.38942442487786577,0.0,0.0,1.0,inf,108128.0,inf,216.0,160.0,56.0,0.0,0.0,0.0,0.0,0.0,0.0
