t,site_subsystems,total_subsystems,interface_subsystems,n_links,mean_degree,frontier_radius,volume_proxy,density,energy_remaining,energy_density,creation_rate_modifier,memory_total,memory_bound,memory_free,birth_attempts,births_accepted,births_reject_exclusion,births_reject_memory,births_reject_energy,deaths_attempted,deaths_executed,links_attempted_random,links_added_random
0.0,2.0,4.0,2.0,1.0,1.0,0.14639182479990576,0.06732610986475109,29.706157150884337,0.0,0.0,1.0,inf,2.0,inf,0.0,0.0,0.0,0.0,0.0,0.0,0.0,0.0,0.0
1.0,2.0,4.0,2.0,1.0,1.0,0.14639182479990576,0.06732610986475109,29.706157150884337,0.0,0.0,1.0,inf,2.0,inf,0.0,0.0,0.0,0.0,0.0,0.0,0.0,0.0,0.0
2.0,177.0,491.0,314.0,157.0,1.7740112994350283,13.303486084560545,556.0076820859626,0.3183409253195077,0.0,0.0,1.0,inf,177.0,inf,220.0,175.0,45.0,0.0,0.0,0.0,0.0,0.0,0.0
3.0,177.0,491.0,314.0,157.0,1.7740112994350283,13.303486084560545,556.0076820859626,0.3183409253195077,0.0,0.0,1.0,inf,177.0,inf,0.0,0.0,0.0,0.0,0.0,0.0,0.0,0.0,0.0
4.0,332.0,932.0,600.0,300.0,1.8072289156626506,15.962506675310559,800.482895502067,0.4147496490749723,0.0,0.0,1.0,inf,332.0,inf,220.0,155.0,65.0,0.0,0.0,0.0,0.0,0.0,0.0
5.0,332.0,932.0,600.0,300.0,1.8072289156626506,15.962506675310559,800.482895502067,0.4147496490749723,0.0,0.0,1.0,inf,332.0,inf,0.0,0.0,0.0,0.0,0.0,0.0,0.0,0.0,0.0
6.0,505.0,1431.0,926.0,463.0,1.8336633663366337,19.354398729200053,1176.8178320184893,0.42912334114942763,0.0,0.0,1.0,inf,505.0,inf,220.0,173.0,47.0,0.0,0.0,0.0,0.0,0.0,0.0
7.0,505.0,1431.0,926.0,463.0,1.8336633663366337,19.354398729200053,1176.8178320184893,0.42912334114942763,0.0,0.0,1.0,inf,505.0,inf,0.0,0.0,0.0,0.0,0.0,0.0,0.0,0.0,0.0
8.0,672.0,1896.0,1224.0,612.0,1.8214285714285714,22.87954802644246,1644.5411864840282,0.4086246094186991,0.0,0.0,1.0,inf,672.0,inf,220.0,167.0,53.0,0.0,0.0,0.0,0.0,0.0,0.0
9.0,672.0,1896.0,1224.0,612.0,1.8214285714285714,22.87954802644246,1644.5411864840282,0.4086246094186991,0.0,0.0,1.0,inf,672.0,inf,0.0,0.0,0.0,0.0,0.0,0.0,0.0,0.0,0.0
10.0,833.0,2351.0,1518.0,759.0,1.822328931572629,27.723883810234454,2414.671258685274,0.34497449580509226,0.0,0.0,1.0,inf,833.0,inf,220.0,161.0,59.0,0.0,0.0,0.0,0.0,0.0,0.0
11.0,833.0,2351.0,1518.0,759.0,1.822328931572629,27.723883810234454,2414.671258685274,0.34497449580509226,0.0,0.0,1.0,inf,833.0,inf,0.0,0.0,0.0,0.0,0.0,0.0,0.0,0.0,0.0
12.0,972.0,2750.0,1778.0,889.0,1.8292181069958848,29.96225116326359,2820.3223768304247,0.3446414523336751,0.0,0.0,1.0,inf,972.0,inf,220.0,139.0,81.0,0.0,0.0,0.0,0.0,0.0,0.0
13.0,1013.0,2851.0,1838.0,919.0,1.8144126357354393,29.96225116326359,2820.3223768304247,0.3591787975452807,0.0,0.0,1.0,inf,1013.0,inf,71.0,41.0,30.0,0.0,0.0,0.0,0.0,0.0,0.0
14.0,1098.0,3088.0,1990.0,995.0,1.8123861566484518,29.96225116326359,2820.3223768304247,0.38931719615470706,0.0,0.0,1.0,inf,1098.0,inf,186.0,85.0,101.0,0.0,0.0,0.0,0.0,0.0,0.0
15.0,1163.0,3267.0,2104.0,1052.0,1.8091143594153052,29.96544600530446,2820.923864671792,0.41227628103153796,0.0,0.0,1.0,inf,1163.0,inf,166.0,65.0,101.0,0.0,0.0,0.0,0.0,0.0,0.0
16.0,1238.0,3476.0,2238.0,1119.0,1.8077544426494345,30.370310976455247,2897.6661701108274,0.42724038150766347,0.0,0.0,1.0,inf,1238.0,inf,186.0,75.0,111.0,0.0,0.0,0.0,0.0,0.0,0.0
17.0,1320.0,3704.0,2384.0,1192.0,1.8060606060606061,30.59099663358586,2939.93091529595,0.4489901422962932,0.0,0.0,1.0,inf,1320.0,inf,175.0,82.0,93.0,0.0,0.0,0.0,0.0,0.0,0.0
18.0,1376.0,3862.0,2486.0,1243.0,1.806686046511628,30.59099663358586,2939.93091529595,0.4680382089391662,0.0,0.0,1.0,inf,1376.0,inf,183.0,56.0,127.0,0.0,0.0,0.0,0.0,0.0,0.0
19.0,1436.0,4032.0,2596.0,1298.0,1.807799442896936,31.01072403819766,3021.1597160949923,0.4753141624224043,0.0,0.0,1.0,inf,1436.0,inf,189.0,60.0,129.0,0.0,0.0,0.0,0.0,0.0,0.0
20.0,1489.0,4175.0,2686.0,1343.0,1.803895231699127,31.20122002702908,3058.3911258507906,0.48685728500006237,0.0,0.0,1.0,inf,1489.0,inf,188.0,53.0,135.0,0.0,0.0,0.0,0.0,0.0,0.0
21.0,1563.0,4383.0,2820.0,1410.0,1.8042226487523991,31.699241448351035,3156.8039574512777,0.49512102147195924,0.0,0.0,1.0,inf,1563.0,inf,192.0,74.0,118.0,0.0,0.0,0.0,0.0,0.0,0.0
22.0,1617.0,4523.0,2906.0,1453.0,1.7971552257266543,31.863157157943714,3189.5358207178424,0.5069703213541823,0.0,0.0,1.0,inf,1617.0,inf,178.0,54.0,124.0,0.0,0.0,0.0,0.0,0.0,0.0
23.0,1685.0,4711.0,3026.0,1513.0,1.7958456973293768,31.863157157943714,3189.5358207178424,0.5282900380221379,0.0,0.0,1.0,inf,1685.0,inf,199.0,68.0,131.0,0.0,0.0,0.0,0.0,0.0,0.0
24.0,1731.0,4835.0,3104.0,1552.0,1.7931831311380704,32.54098983254885,3326.682786945029,0.5203381599210479,0.0,0.0,1.0,inf,1731.0,inf,197.0,46.0,151.0,0.0,0.0,0.0,0.0,0.0,0.0
25.0,1785.0,4989.0,3204.0,1602.0,1.7949579831932774,32.54098983254885,3326.682786945029,0.5365705461924152,0.0,0.0,1.0,inf,1785.0,inf,198.0,54.0,144.0,0.0,0.0,0.0,0.0,0.0,0.0
26.0,1863.0,5209.0,3346.0,1673.0,1.796027911969941,33.4986671957612,3525.371823495413,0.5284548959016845,0.0,0.0,1.0,inf,1863.0,inf,204.0,78.0,126.0,0.0,0.0,0.0,0.0,0.0,0.0
27.0,1924.0,5388.0,3464.0,1732.0,1.8004158004158004,33.50360194593757,3526.410557992252,0.5455972775601664,0.0,0.0,1.0,inf,1924.0,inf,191.0,61.0,130.0,0.0,0.0,0.0,0.0,0.0,0.0
28.0,2006.0,5624.0,3618.0,1809.0,1.8035892323030907,34.01520137827979,3634.9292781213253,0.5518676833890919,0.0,0.0,1.0,inf,2006.0,inf,191.0,82.0,109.0,0.0,0.0,0.0,0.0,0.0,0.0
29.0,2060.0,5776.0,3716.0,1858.0,1.803883495145631,34.01520137827979,3634.9292781213253,0.5667235432609817,0.0,0.0,1.0,inf,2060.0,inf,182.0,54.0,128.0,0.0,0.0,0.0,0.0,0.0,0.0
30.0,2132.0,5980.0,3848.0,1924.0,1.8048780487804879,34.24510988563319,3684.2322591324246,0.5786823006924244,0.0,0.0,1.0,inf,2132.0,inf,201.0,72.0,129.0,0.0,0.0,0.0,0.0,0.0,0.0
31.0,2202.0,6184.0,3982.0,1991.0,1.8083560399636693,34.24510988563319,3684.2322591324246,0.5976821886138455,0.0,0.0,1.0,inf,2202.0,inf,192.0,70.0,122.0,0.0,0.0,0.0,0.0,0.0,0.0
32.0,2266.0,6358.0,4092.0,2046.0,1.8058252427184467,34.250140013879566,3685.314663123682,0.6148728689775794,0.0,0.0,1.0,inf,2266.0,inf,197.0,64.0,133.0,0.0,0.0,0.0,0.0,0.0,0.0
33.0,2326.0,6522.0,4196.0,2098.0,1.8039552880481513,34.250140013879566,3685.314663123682,0.631153703990225,0.0,0.0,1.0,inf,2326.0,inf,203.0,60.0,143.0,0.0,0.0,0.0,0.0,0.0,0.0
34.0,2381.0,6679.0,4298.0,2149.0,1.8051238975220496,34.89624216801933,3825.6672830636753,0.6223750848749305,0.0,0.0,1.0,inf,2381.0,inf,202.0,55.0,147.0,0.0,0.0,0.0,0.0,0.0,0.0
35.0,2448.0,6876.0,4428.0,2214.0,1.8088235294117647,34.924035176873204,3831.76359257417,0.6388703115046404,0.0,0.0,1.0,inf,2448.0,inf,199.0,67.0,132.0,0.0,0.0,0.0,0.0,0.0,0.0
36.0,2505.0,7035.0,4530.0,2265.0,1.8083832335329342,35.19847374434063,3892.2214097229858,0.6435913418857341,0.0,0.0,1.0,inf,2505.0,inf,200.0,57.0,143.0,0.0,0.0,0.0,0.0,0.0,0.0
37.0,2569.0,7203.0,4634.0,2317.0,1.8038147138964578,35.60355680323628,3982.3244959138915,0.6451006196596865,0.0,0.0,1.0,inf,2569.0,inf,193.0,64.0,129.0,0.0,0.0,0.0,0.0,0.0,0.0
38.0,2631.0,7375.0,4744.0,2372.0,1.8031166856708476,35.60355680323628,3982.3244959138915,0.6606694162415863,0.0,0.0,1.0,inf,2631.0,inf,205.0,62.0,143.0,0.0,0.0,0.0,0.0,0.0,0.0
39.0,2693.0,7545.0,4852.0,2426.0,1.8017081321945785,35.60355680323628,3982.3244959138915,0.6762382128234861,0.0,0.0,1.0,inf,2693.0,inf,199.0,62.0,137.0,0.0,0.0,0.0,0.0,0.0,0.0
40.0,2744.0,7692.0,4948.0,2474.0,1.8032069970845481,35.77787119702606,4021.414737498566,0.6823469299032922,0.0,0.0,1.0,inf,2744.0,inf,200.0,51.0,149.0,0.0,0.0,0.0,0.0,0.0,0.0
41.0,2811.0,7875.0,5064.0,2532.0,1.8014941302027747,36.44748477367414,4173.351830989583,0.6735593148717245,0.0,0.0,1.0,inf,2811.0,inf,204.0,67.0,137.0,0.0,0.0,0.0,0.0,0.0,0.0
42.0,2865.0,8025.0,5160.0,2580.0,1.801047120418848,36.560783673668226,4199.338320459722,0.6822503407361459,0.0,0.0,1.0,inf,2865.0,inf,197.0,54.0,143.0,0.0,0.0,0.0,0.0,0.0,0.0
43.0,2927.0,8197.0,5270.0,2635.0,1.8004783054321831,36.560783673668226,4199.338320459722,0.6970145714955319,0.0,0.0,1.0,inf,2927.0,inf,211.0,62.0,149.0,0.0,0.0,0.0,0.0,0.0,0.0
44.0,2992.0,8390.0,5398.0,2699.0,1.804144385026738,37.443230111622434,4404.498704078588,0.6793054558579829,0.0,0.0,1.0,inf,2992.0,inf,207.0,65.0,142.0,0.0,0.0,0.0,0.0,0.0,0.0
45.0,3061.0,8589.0,5528.0,2764.0,1.8059457693564194,37.443230111622434,4404.498704078588,0.694971256811927,0.0,0.0,1.0,inf,3061.0,inf,196.0,69.0,127.0,0.0,0.0,0.0,0.0,0.0,0.0
46.0,3119.0,8761.0,5642.0,2821.0,1.8089131131773004,37.443230111622434,4404.498704078588,0.7081396112369814,0.0,0.0,1.0,inf,3119.0,inf,203.0,58.0,145.0,0.0,0.0,0.0,0.0,0.0,0.0
47.0,3179.0,8921.0,5742.0,2871.0,1.806228373702422,37.443230111622434,4404.498704078588,0.7217620468491067,0.0,0.0,1.0,inf,3179.0,inf,206.0,60.0,146.0,0.0,0.0,0.0,0.0,0.0,0.0
48.0,3242.0,9098.0,5856.0,2928.0,1.8062924120913018,37.53901306356474,4427.0616872164355,0.7323141688677132,0.0,0.0,1.0,inf,3242.0,inf,202.0,63.0,139.0,0.0,0.0,0.0,0.0,0.0,0.0
49.0,3303.0,9265.0,5962.0,2981.0,1.8050257341810476,37.53901306356474,4427.0616872164355,0.7460930597686788,0.0,0.0,1.0,inf,3303.0,inf,205.0,61.0,144.0,0.0,0.0,0.0,0.0,0.0,0.0
50.0,3363.0,9429.0,6066.0,3033.0,1.8037466547725245,38.67748982381959,4699.659935186287,0.7155836903902912,0.0,0.0,1.0,inf,3363.0,inf,194.0,60.0,134.0,0.0,0.0,0.0,0.0,0.0,0.0
51.0,3427.0,9603.0,6176.0,3088.0,1.8021593230230522,38.67748982381959,4699.659935186287,0.7292016969870735,0.0,0.0,1.0,inf,3427.0,inf,202.0,64.0,138.0,0.0,0.0,0.0,0.0,0.0,0.0
52.0,3500.0,9812.0,6312.0,3156.0,1.8034285714285714,38.67748982381959,4699.659935186287,0.7447347357615282,0.0,0.0,1.0,inf,3500.0,inf,200.0,73.0,127.0,0.0,0.0,0.0,0.0,0.0,0.0
53.0,3563.0,9985.0,6422.0,3211.0,1.802413696323323,38.67748982381959,4699.659935186287,0.7581399610052357,0.0,0.0,1.0,inf,3563.0,inf,201.0,63.0,138.0,0.0,0.0,0.0,0.0,0.0,0.0
54.0,3637.0,10197.0,6560.0,3280.0,1.8036843552378334,38.82600817199261,4735.821839040328,0.7679765252184836,0.0,0.0,1.0,inf,3637.0,inf,203.0,74.0,129.0,0.0,0.0,0.0,0.0,0.0,0.0
55.0,3698.0,10374.0,6676.0,3338.0,1.8053001622498648,38.83673127830926,4738.438112829219,0.7804259361302504,0.0,0.0,1.0,inf,3698.0,inf,198.0,61.0,137.0,0.0,0.0,0.0,0.0,0.0,0.0
56.0,3764.0,10556.0,6792.0,3396.0,1.8044633368756642,40.012667198092736,5029.732363954629,0.7483499573405836,0.0,0.0,1.0,inf,3764.0,inf,198.0,66.0,132.0,0.0,0.0,0.0,0.0,0.0,0.0
57.0,3827.0,10735.0,6908.0,3454.0,1.8050692448392998,40.012667198092736,5029.732363954629,0.7608754746924585,0.0,0.0,1.0,inf,3827.0,inf,196.0,63.0,133.0,0.0,0.0,0.0,0.0,0.0,0.0
58.0,3883.0,10895.0,7012.0,3506.0,1.8058202420808653,40.012667198092736,5029.732363954629,0.7720092678941249,0.0,0.0,1.0,inf,3883.0,inf,202.0,56.0,146.0,0.0,0.0,0.0,0.0,0.0,0.0
59.0,3952.0,11096.0,7144.0,3572.0,1.8076923076923077,40.012667198092736,5029.732363954629,0.7857276916604641,0.0,0.0,1.0,inf,3952.0,inf,207.0,69.0,138.0,0.0,0.0,0.0,0.0,0.0,0.0
60.0,4009.0,11251.0,7242.0,3621.0,1.8064355200798203,40.012667198092736,5029.732363954629,0.7970603025978746,0.0,0.0,1.0,inf,4009.0,inf,206.0,57.0,149.0,0.0,0.0,0.0,0.0,0.0,0.0
61.0,4074.0,11434.0,7360.0,3680.0,1.8065783014236623,40.05674532731211,5040.820018045825,0.8082018372834838,0.0,0.0,1.0,inf,4074.0,inf,207.0,65.0,142.0,0.0,0.0,0.0,0.0,0.0,0.0
62.0,4152.0,11656.0,7504.0,3752.0,1.8073217726396917,40.42418616351963,5133.7231355716085,0.8087697544946978,0.0,0.0,1.0,inf,4152.0,inf,208.0,78.0,130.0,0.0,0.0,0.0,0.0,0.0,0.0
63.0,4207.0,11813.0,7606.0,3803.0,1.8079391490373187,40.42418616351963,5133.7231355716085,0.8194832266761064,0.0,0.0,1.0,inf,4207.0,inf,203.0,55.0,148.0,0.0,0.0,0.0,0.0,0.0,0.0
64.0,4277.0,12017.0,7740.0,3870.0,1.8096796820201075,40.42773024555107,5134.623345827685,0.8329724912491242,0.0,0.0,1.0,inf,4277.0,inf,210.0,70.0,140.0,0.0,0.0,0.0,0.0,0.0,0.0
65.0,4335.0,12183.0,7848.0,3924.0,1.8103806228373702,40.42773024555107,5134.623345827685,0.8442683538847214,0.0,0.0,1.0,inf,4335.0,inf,198.0,58.0,140.0,0.0,0.0,0.0,0.0,0.0,0.0
66.0,4397.0,12353.0,7956.0,3978.0,1.8094155105753924,41.10614638406804,5308.3970806134375,0.8283103040761758,0.0,0.0,1.0,inf,4397.0,inf,208.0,62.0,146.0,0.0,0.0,0.0,0.0,0.0,0.0
67.0,4462.0,12534.0,8072.0,4036.0,1.8090542357687136,41.10614638406804,5308.3970806134375,0.8405550549892873,0.0,0.0,1.0,inf,4462.0,inf,203.0,65.0,138.0,0.0,0.0,0.0,0.0,0.0,0.0
68.0,4527.0,12717.0,8190.0,4095.0,1.809145129224652,41.10614638406804,5308.3970806134375,0.8527998059023988,0.0,0.0,1.0,inf,4527.0,inf,210.0,65.0,145.0,0.0,0.0,0.0,0.0,0.0,0.0
69.0,4601.0,12925.0,8324.0,4162.0,1.8091719191480113,41.10614638406804,5308.3970806134375,0.866739983865018,0.0,0.0,1.0,inf,4601.0,inf,198.0,74.0,124.0,0.0,0.0,0.0,0.0,0.0,0.0
70.0,4661.0,13095.0,8434.0,4217.0,1.8094829435743403,41.10614638406804,5308.3970806134375,0.8780428308617364,0.0,0.0,1.0,inf,4661.0,inf,201.0,60.0,141.0,0.0,0.0,0.0,0.0,0.0,0.0
71.0,4718.0,13256.0,8538.0,4269.0,1.8096651123357355,42.11871918341535,5573.142973721867,0.8465600151020738,0.0,0.0,1.0,inf,4718.0,inf,209.0,57.0,152.0,0.0,0.0,0.0,0.0,0.0,0.0
72.0,4782.0,13428.0,8646.0,4323.0,1.808030112923463,42.11871918341535,5573.142973721867,0.8580436609194821,0.0,0.0,1.0,inf,4782.0,inf,201.0,64.0,137.0,0.0,0.0,0.0,0.0,0.0,0.0
73.0,4844.0,13610.0,8766.0,4383.0,1.8096614368290669,43.067334847674914,5827.0113854107685,0.8313009327780003,0.0,0.0,1.0,inf,4844.0,inf,206.0,62.0,144.0,0.0,0.0,0.0,0.0,0.0,0.0
74.0,4919.0,13823.0,8904.0,4452.0,1.8101240089449075,43.067334847674914,5827.0113854107685,0.8441720248420693,0.0,0.0,1.0,inf,4919.0,inf,206.0,75.0,131.0,0.0,0.0,0.0,0.0,0.0,0.0
75.0,4975.0,13985.0,9010.0,4505.0,1.8110552763819094,43.067334847674914,5827.0113854107685,0.8537824402499075,0.0,0.0,1.0,inf,4975.0,inf,196.0,56.0,140.0,0.0,0.0,0.0,0.0,0.0,0.0
76.0,5054.0,14216.0,9162.0,4581.0,1.812821527502968,43.067334847674914,5827.0113854107685,0.8673399905573934,0.0,0.0,1.0,inf,5054.0,inf,213.0,79.0,134.0,0.0,0.0,0.0,0.0,0.0,0.0
77.0,5108.0,14362.0,9254.0,4627.0,1.8116679718089272,43.067334847674914,5827.0113854107685,0.8766071768435231,0.0,0.0,1.0,inf,5108.0,inf,207.0,54.0,153.0,0.0,0.0,0.0,0.0,0.0,0.0
78.0,5169.0,14537.0,9368.0,4684.0,1.812342812923196,43.067334847674914,5827.0113854107685,0.8870756650556325,0.0,0.0,1.0,inf,5169.0,inf,206.0,61.0,145.0,0.0,0.0,0.0,0.0,0.0,0.0
79.0,5225.0,14695.0,9470.0,4735.0,1.8124401913875599,43.067334847674914,5827.0113854107685,0.8966860804634706,0.0,0.0,1.0,inf,5225.0,inf,206.0,56.0,150.0,0.0,0.0,0.0,0.0,0.0,0.0
80.0,5306.0,14926.0,9620.0,4810.0,1.8130418394270638,43.067334847674914,5827.0113854107685,0.9105868598926651,0.0,0.0,1.0,inf,5306.0,inf,215.0,81.0,134.0,0.0,0.0,0.0,0.0,0.0,0.0
81.0,5364.0,15084.0,9720.0,4860.0,1.8120805369127517,43.34267514846621,5901.756654648115,0.9088819336146997,0.0,0.0,1.0,inf,5364.0,inf,201.0,58.0,143.0,0.0,0.0,0.0,0.0,0.0,0.0
82.0,5430.0,15270.0,9840.0,4920.0,1.8121546961325967,43.73148825359315,6008.117083017395,0.9037773274007082,0.0,0.0,1.0,inf,5430.0,inf,210.0,66.0,144.0,0.0,0.0,0.0,0.0,0.0,0.0
83.0,5497.0,15463.0,9966.0,4983.0,1.8129889030380208,43.73148825359315,6008.117083017395,0.914928907683553,0.0,0.0,1.0,inf,5497.0,inf,208.0,67.0,141.0,0.0,0.0,0.0,0.0,0.0,0.0
84.0,5557.0,15631.0,10074.0,5037.0,1.8128486593485693,43.73148825359315,6008.117083017395,0.9249153974890857,0.0,0.0,1.0,inf,5557.0,inf,206.0,60.0,146.0,0.0,0.0,0.0,0.0,0.0,0.0
85.0,5621.0,15819.0,10198.0,5099.0,1.814267923856965,43.73148825359315,6008.117083017395,0.9355676532816539,0.0,0.0,1.0,inf,5621.0,inf,209.0,64.0,145.0,0.0,0.0,0.0,0.0,0.0,0.0
86.0,5690.0,16008.0,10318.0,5159.0,1.8133567662565906,44.54840264702824,6234.679677073796,0.9126371032217269,0.0,0.0,1.0,inf,5690.0,inf,214.0,69.0,145.0,0.0,0.0,0.0,0.0,0.0,0.0
87.0,5761.0,16215.0,10454.0,5227.0,1.8146155181392118,44.54840264702824,6234.679677073796,0.924025017866497,0.0,0.0,1.0,inf,5761.0,inf,208.0,71.0,137.0,0.0,0.0,0.0,0.0,0.0,0.0
88.0,5828.0,16406.0,10578.0,5289.0,1.8150308853809196,44.54840264702824,6234.679677073796,0.9347713598552239,0.0,0.0,1.0,inf,5828.0,inf,201.0,67.0,134.0,0.0,0.0,0.0,0.0,0.0,0.0
89.0,5888.0,16578.0,10690.0,5345.0,1.8155570652173914,44.54840264702824,6234.679677073796,0.9443949496958748,0.0,0.0,1.0,inf,5888.0,inf,209.0,60.0,149.0,0.0,0.0,0.0,0.0,0.0,0.0
90.0,5947.0,16745.0,10798.0,5399.0,1.8157053976795023,44.54840264702824,6234.679677073796,0.9538581463725149,0.0,0.0,1.0,inf,5947.0,inf,206.0,59.0,147.0,0.0,0.0,0.0,0.0,0.0,0.0
91.0,6005.0,16909.0,10904.0,5452.0,1.815820149875104,44.54840264702824,6234.679677073796,0.963160949885144,0.0,0.0,1.0,inf,6005.0,inf,212.0,58.0,154.0,0.0,0.0,0.0,0.0,0.0,0.0
92.0,6062.0,17072.0,11010.0,5505.0,1.816232266578687,44.63862771803265,6259.959778310469,0.9683768290338923,0.0,0.0,1.0,inf,6062.0,inf,210.0,57.0,153.0,0.0,0.0,0.0,0.0,0.0,0.0
93.0,6130.0,17266.0,11136.0,5568.0,1.8166394779771615,44.63862771803265,6259.959778310469,0.979239518637044,0.0,0.0,1.0,inf,6130.0,inf,212.0,68.0,144.0,0.0,0.0,0.0,0.0,0.0,0.0
94.0,6193.0,17439.0,11246.0,5623.0,1.8159212013563701,44.63862771803265,6259.959778310469,0.9893034810634932,0.0,0.0,1.0,inf,6193.0,inf,209.0,63.0,146.0,0.0,0.0,0.0,0.0,0.0,0.0
95.0,6244.0,17578.0,11334.0,5667.0,1.8151825752722615,44.78898769637795,6302.202683419042,0.9907647077787308,0.0,0.0,1.0,inf,6244.0,inf,209.0,51.0,158.0,0.0,0.0,0.0,0.0,0.0,0.0
96.0,6299.0,17741.0,11442.0,5721.0,1.816478806159708,44.78898769637795,6302.202683419042,0.9994918152303371,0.0,0.0,1.0,inf,6299.0,inf,213.0,55.0,158.0,0.0,0.0,0.0,0.0,0.0,0.0
97.0,6347.0,17873.0,11526.0,5763.0,1.8159760516779582,45.083516491684854,6385.360767847626,0.9939923883328903,0.0,0.0,1.0,inf,6347.0,inf,211.0,48.0,163.0,0.0,0.0,0.0,0.0,0.0,0.0
98.0,6407.0,18045.0,11638.0,5819.0,1.816450756984548,45.43712504438491,6485.919608249362,0.9878321636689753,0.0,0.0,1.0,inf,6407.0,inf,217.0,60.0,157.0,0.0,0.0,0.0,0.0,0.0,0.0
99.0,6472.0,18222.0,11750.0,5875.0,1.815512978986403,45.46000298680818,6492.452673516261,0.9968497770342338,0.0,0.0,1.0,inf,6472.0,inf,215.0,65.0,150.0,0.0,0.0,0.0,0.0,0.0,0.0
100.0,6538.0,18410.0,11872.0,5936.0,1.8158458244111348,45.46000298680818,6492.452673516261,1.0070154268000342,0.0,0.0,1.0,inf,6538.0,inf,209.0,66.0,143.0,0.0,0.0,0.0,0.0,0.0,0.0
101.0,6602.0,18590.0,11988.0,5994.0,1.815813389881854,46.2680673932707,6725.314397153814,0.981664143879132,0.0,0.0,1.0,inf,6602.0,inf,211.0,64.0,147.0,0.0,0.0,0.0,0.0,0.0,0.0
102.0,6661.0,18755.0,12094.0,6047.0,1.815643296802282,46.2680673932707,6725.314397153814,0.9904369679459102,0.0,0.0,1.0,inf,6661.0,inf,209.0,59.0,150.0,0.0,0.0,0.0,0.0,0.0,0.0
103.0,6715.0,18911.0,12196.0,6098.0,1.8162323157110947,46.2680673932707,6725.314397153814,0.9984663323460121,0.0,0.0,1.0,inf,6715.0,inf,209.0,54.0,155.0,0.0,0.0,0.0,0.0,0.0,0.0
104.0,6778.0,19096.0,12318.0,6159.0,1.8173502508114487,46.2680673932707,6725.314397153814,1.0078339241461312,0.0,0.0,1.0,inf,6778.0,inf,214.0,63.0,151.0,0.0,0.0,0.0,0.0,0.0,0.0
105.0,6842.0,19276.0,12434.0,6217.0,1.8173048816135633,46.2680673932707,6725.314397153814,1.0173502078795853,0.0,0.0,1.0,inf,6842.0,inf,213.0,64.0,149.0,0.0,0.0,0.0,0.0,0.0,0.0
106.0,6904.0,19454.0,12550.0,6275.0,1.8177867902665121,46.2680673932707,6725.314397153814,1.026569107746369,0.0,0.0,1.0,inf,6904.0,inf,214.0,62.0,152.0,0.0,0.0,0.0,0.0,0.0,0.0
107.0,6963.0,19621.0,12658.0,6329.0,1.8178945856670976,46.6170902148848,6827.161814408551,1.0198967285797687,0.0,0.0,1.0,inf,6963.0,inf,213.0,59.0,154.0,0.0,0.0,0.0,0.0,0.0,0.0
108.0,7021.0,19789.0,12768.0,6384.0,1.818544366899302,46.6170902148848,6827.161814408551,1.028392206140824,0.0,0.0,1.0,inf,7021.0,inf,210.0,58.0,152.0,0.0,0.0,0.0,0.0,0.0,0.0
109.0,7085.0,19965.0,12880.0,6440.0,1.8179251940719832,46.6170902148848,6827.161814408551,1.037766526208195,0.0,0.0,1.0,inf,7085.0,inf,216.0,64.0,152.0,0.0,0.0,0.0,0.0,0.0,0.0
110.0,7146.0,20130.0,12984.0,6492.0,1.81696053736356,46.6170902148848,6827.161814408551,1.046701425022408,0.0,0.0,1.0,inf,7146.0,inf,206.0,61.0,145.0,0.0,0.0,0.0,0.0,0.0,0.0
111.0,7197.0,20271.0,13074.0,6537.0,1.8165902459358065,46.6170902148848,6827.161814408551,1.0541715863260945,0.0,0.0,1.0,inf,7197.0,inf,210.0,51.0,159.0,0.0,0.0,0.0,0.0,0.0,0.0
112.0,7239.0,20387.0,13148.0,6574.0,1.8162729658792651,46.6170902148848,6827.161814408551,1.0603234838703068,0.0,0.0,1.0,inf,7239.0,inf,215.0,42.0,173.0,0.0,0.0,0.0,0.0,0.0,0.0
113.0,7284.0,20510.0,13226.0,6613.0,1.8157605711147722,46.6170902148848,6827.161814408551,1.0669148026676771,0.0,0.0,1.0,inf,7284.0,inf,209.0,45.0,164.0,0.0,0.0,0.0,0.0,0.0,0.0
114.0,7336.0,20660.0,13324.0,6662.0,1.8162486368593238,46.6170902148848,6827.161814408551,1.0745314377224162,0.0,0.0,1.0,inf,7336.0,inf,213.0,52.0,161.0,0.0,0.0,0.0,0.0,0.0,0.0
115.0,7386.0,20806.0,13420.0,6710.0,1.81695098835635,46.6170902148848,6827.161814408551,1.08185512527505,0.0,0.0,1.0,inf,7386.0,inf,216.0,50.0,166.0,0.0,0.0,0.0,0.0,0.0,0.0
116.0,7434.0,20938.0,13504.0,6752.0,1.8165186978746302,46.6170902148848,6827.161814408551,1.0888858653255782,0.0,0.0,1.0,inf,7434.0,inf,216.0,48.0,168.0,0.0,0.0,0.0,0.0,0.0,0.0
117.0,7475.0,21047.0,13572.0,6786.0,1.8156521739130436,46.6170902148848,6827.161814408551,1.094891289118738,0.0,0.0,1.0,inf,7475.0,inf,210.0,41.0,169.0,0.0,0.0,0.0,0.0,0.0,0.0
118.0,7527.0,21195.0,13668.0,6834.0,1.815862893583101,46.6170902148848,6827.161814408551,1.1025079241734768,0.0,0.0,1.0,inf,7527.0,inf,217.0,52.0,165.0,0.0,0.0,0.0,0.0,0.0,0.0
119.0,7580.0,21348.0,13768.0,6884.0,1.816358839050132,46.6170902148848,6827.161814408551,1.1102710329792687,0.0,0.0,1.0,inf,7580.0,inf,215.0,53.0,162.0,0.0,0.0,0.0,0.0,0.0,0.0
120.0,7630.0,21490.0,13860.0,6930.0,1.81651376146789,46.6170902148848,6827.161814408551,1.1175947205319023,0.0,0.0,1.0,inf,7630.0,inf,218.0,50.0,168.0,0.0,0.0,0.0,0.0,0.0,0.0
121.0,7687.0,21653.0,13966.0,6983.0,1.8168336151944842,46.83535545843491,6891.242201793892,1.1154737817804403,0.0,0.0,1.0,inf,7687.0,inf,215.0,57.0,158.0,0.0,0.0,0.0,0.0,0.0,0.0
122.0,7732.0,21782.0,14050.0,7025.0,1.8171236420072425,46.962222681880384,6928.62664639044,1.1159498692324672,0.0,0.0,1.0,inf,7732.0,inf,210.0,45.0,165.0,0.0,0.0,0.0,0.0,0.0,0.0
123.0,7784.0,21928.0,14144.0,7072.0,1.8170606372045222,47.29106586427636,7025.998901234289,1.1078851718340788,0.0,0.0,1.0,inf,7784.0,inf,215.0,52.0,163.0,0.0,0.0,0.0,0.0,0.0,0.0
124.0,7831.0,22059.0,14228.0,7114.0,1.8168816243136254,47.29106586427636,7025.998901234289,1.1145746121059446,0.0,0.0,1.0,inf,7831.0,inf,214.0,47.0,167.0,0.0,0.0,0.0,0.0,0.0,0.0
125.0,7876.0,22180.0,14304.0,7152.0,1.8161503301168105,47.29106586427636,7025.998901234289,1.1209793953449647,0.0,0.0,1.0,inf,7876.0,inf,218.0,45.0,173.0,0.0,0.0,0.0,0.0,0.0,0.0
126.0,7921.0,22303.0,14382.0,7191.0,1.8156798384042419,48.00530180203709,7239.8285480019695,1.0940866827828428,0.0,0.0,1.0,inf,7921.0,inf,215.0,45.0,170.0,0.0,0.0,0.0,0.0,0.0,0.0
127.0,7971.0,22445.0,14474.0,7237.0,1.8158323924225317,48.00530180203709,7239.8285480019695,1.1009929236790859,0.0,0.0,1.0,inf,7971.0,inf,214.0,50.0,164.0,0.0,0.0,0.0,0.0,0.0,0.0
128.0,8021.0,22587.0,14566.0,7283.0,1.8159830445081662,48.00530180203709,7239.8285480019695,1.107899164575329,0.0,0.0,1.0,inf,8021.0,inf,213.0,50.0,163.0,0.0,0.0,0.0,0.0,0.0,0.0
129.0,8065.0,22709.0,14644.0,7322.0,1.8157470551766894,48.15583810397002,7285.3054339531245,1.1070229070167894,0.0,0.0,1.0,inf,8065.0,inf,212.0,44.0,168.0,0.0,0.0,0.0,0.0,0.0,0.0
130.0,8116.0,22858.0,14742.0,7371.0,1.8164120256283884,48.275390503280725,7321.523551105223,1.108512448720437,0.0,0.0,1.0,inf,8116.0,inf,217.0,51.0,166.0,0.0,0.0,0.0,0.0,0.0,0.0
131.0,8178.0,23034.0,14856.0,7428.0,1.8165810711665444,48.56723970289651,7410.315779500044,1.103596694573217,0.0,0.0,1.0,inf,8178.0,inf,211.0,62.0,149.0,0.0,0.0,0.0,0.0,0.0,0.0
132.0,8231.0,23187.0,14956.0,7478.0,1.817033167294375,48.56723970289651,7410.315779500044,1.1107488864064745,0.0,0.0,1.0,inf,8231.0,inf,214.0,53.0,161.0,0.0,0.0,0.0,0.0,0.0,0.0
133.0,8287.0,23347.0,15060.0,7530.0,1.81730421141547,48.56723970289651,7410.315779500044,1.1183059192868976,0.0,0.0,1.0,inf,8287.0,inf,212.0,56.0,156.0,0.0,0.0,0.0,0.0,0.0,0.0
134.0,8330.0,23468.0,15138.0,7569.0,1.8172869147659063,48.843242487964694,7494.7792710423355,1.111440337167062,0.0,0.0,1.0,inf,8330.0,inf,211.0,43.0,168.0,0.0,0.0,0.0,0.0,0.0,0.0
135.0,8380.0,23614.0,15234.0,7617.0,1.8178997613365155,48.843242487964694,7494.7792710423355,1.1181116477142832,0.0,0.0,1.0,inf,8380.0,inf,214.0,50.0,164.0,0.0,0.0,0.0,0.0,0.0,0.0
136.0,8423.0,23731.0,15308.0,7654.0,1.8174047251573073,48.843242487964694,7494.7792710423355,1.1238489747848934,0.0,0.0,1.0,inf,8423.0,inf,214.0,43.0,171.0,0.0,0.0,0.0,0.0,0.0,0.0
137.0,8479.0,23887.0,15408.0,7704.0,1.8171954239886778,48.843242487964694,7494.7792710423355,1.1313208425977812,0.0,0.0,1.0,inf,8479.0,inf,217.0,56.0,161.0,0.0,0.0,0.0,0.0,0.0,0.0
138.0,8534.0,24040.0,15506.0,7753.0,1.8169674244199672,48.843242487964694,7494.7792710423355,1.1386592841997247,0.0,0.0,1.0,inf,8534.0,inf,213.0,55.0,158.0,0.0,0.0,0.0,0.0,0.0,0.0
139.0,8586.0,24188.0,15602.0,7801.0,1.8171441882133705,48.843242487964694,7494.7792710423355,1.1455974471688348,0.0,0.0,1.0,inf,8586.0,inf,215.0,52.0,163.0,0.0,0.0,0.0,0.0,0.0,0.0
140.0,8638.0,24334.0,15696.0,7848.0,1.8170872887242417,49.01036062437082,7546.154086913797,1.1446890562411962,0.0,0.0,1.0,inf,8638.0,inf,214.0,52.0,162.0,0.0,0.0,0.0,0.0,0.0,0.0
141.0,8695.0,24491.0,15796.0,7898.0,1.816676250718804,49.01036062437082,7546.154086913797,1.1522425728197732,0.0,0.0,1.0,inf,8695.0,inf,215.0,57.0,158.0,0.0,0.0,0.0,0.0,0.0,0.0
142.0,8739.0,24615.0,15876.0,7938.0,1.8166838311019566,49.69514727797793,7758.501291266765,1.1263773339622845,0.0,0.0,1.0,inf,8739.0,inf,214.0,44.0,170.0,0.0,0.0,0.0,0.0,0.0,0.0
143.0,8789.0,24755.0,15966.0,7983.0,1.816588917965639,49.70144523061838,7760.467912661239,1.1325348031734925,0.0,0.0,1.0,inf,8789.0,inf,216.0,50.0,166.0,0.0,0.0,0.0,0.0,0.0,0.0
144.0,8842.0,24910.0,16068.0,8034.0,1.8172359194752319,50.44867449494582,7995.569313946742,1.1058624661757133,0.0,0.0,1.0,inf,8842.0,inf,210.0,53.0,157.0,0.0,0.0,0.0,0.0,0.0,0.0
145.0,8900.0,25070.0,16170.0,8085.0,1.8168539325842696,50.44867449494582,7995.569313946742,1.1131164837100032,0.0,0.0,1.0,inf,8900.0,inf,215.0,58.0,157.0,0.0,0.0,0.0,0.0,0.0,0.0
146.0,8942.0,25190.0,16248.0,8124.0,1.8170431670767166,50.711227366200646,8079.009457788724,1.1068188552965852,0.0,0.0,1.0,inf,8942.0,inf,207.0,42.0,165.0,0.0,0.0,0.0,0.0,0.0,0.0
147.0,8993.0,25339.0,16346.0,8173.0,1.8176359390637162,50.711227366200646,8079.009457788724,1.1131315103648165,0.0,0.0,1.0,inf,8993.0,inf,214.0,51.0,163.0,0.0,0.0,0.0,0.0,0.0,0.0
148.0,9059.0,25531.0,16472.0,8236.0,1.8183022408654377,50.711227366200646,8079.009457788724,1.1213008286884103,0.0,0.0,1.0,inf,9059.0,inf,213.0,66.0,147.0,0.0,0.0,0.0,0.0,0.0,0.0
149.0,9111.0,25673.0,16562.0,8281.0,1.8178026561299527,50.711227366200646,8079.009457788724,1.1277372613069991,0.0,0.0,1.0,inf,9111.0,inf,209.0,52.0,157.0,0.0,0.0,0.0,0.0,0.0,0.0
150.0,9163.0,25821.0,16658.0,8329.0,1.817963549055986,50.711227366200646,8079.009457788724,1.1341736939255882,0.0,0.0,1.0,inf,9163.0,inf,212.0,52.0,160.0,0.0,0.0,0.0,0.0,0.0,0.0
151.0,9229.0,26007.0,16778.0,8389.0,1.8179651099794127,50.711227366200646,8079.009457788724,1.1423430122491818,0.0,0.0,1.0,inf,9229.0,inf,216.0,66.0,150.0,0.0,0.0,0.0,0.0,0.0,0.0
152.0,9278.0,26140.0,16862.0,8431.0,1.8174175468851046,50.711227366200646,8079.009457788724,1.1484081122166983,0.0,0.0,1.0,inf,9278.0,inf,216.0,49.0,167.0,0.0,0.0,0.0,0.0,0.0,0.0
153.0,9343.0,26319.0,16976.0,8488.0,1.8169752756074067,51.04520459950988,8185.774384341162,1.1413703287342654,0.0,0.0,1.0,inf,9343.0,inf,212.0,65.0,147.0,0.0,0.0,0.0,0.0,0.0,0.0
154.0,9407.0,26505.0,17098.0,8549.0,1.8175826512171787,52.72997726485048,8735.04287185799,1.0769265976137197,0.0,0.0,1.0,inf,9407.0,inf,213.0,64.0,149.0,0.0,0.0,0.0,0.0,0.0,0.0
155.0,9466.0,26672.0,17206.0,8603.0,1.8176632157194168,52.72997726485048,8735.04287185799,1.0836810006390423,0.0,0.0,1.0,inf,9466.0,inf,204.0,59.0,145.0,0.0,0.0,0.0,0.0,0.0,0.0
156.0,9533.0,26867.0,17334.0,8667.0,1.8183153257106892,52.92727193298575,8800.531293114676,1.0832300553784053,0.0,0.0,1.0,inf,9533.0,inf,206.0,67.0,139.0,0.0,0.0,0.0,0.0,0.0,0.0
157.0,9611.0,27091.0,17480.0,8740.0,1.8187493497034648,52.92727193298575,8800.531293114676,1.0920931566392378,0.0,0.0,1.0,inf,9611.0,inf,209.0,78.0,131.0,0.0,0.0,0.0,0.0,0.0,0.0
158.0,9691.0,27317.0,17626.0,8813.0,1.818800949334434,53.2832902446044,8919.324037744356,1.086517314427652,0.0,0.0,1.0,inf,9691.0,inf,205.0,80.0,125.0,0.0,0.0,0.0,0.0,0.0,0.0
159.0,9762.0,27510.0,17748.0,8874.0,1.8180700676090964,53.2832902446044,8919.324037744356,1.0944775589147393,0.0,0.0,1.0,inf,9762.0,inf,200.0,71.0,129.0,0.0,0.0,0.0,0.0,0.0,0.0
160.0,9821.0,27671.0,17850.0,8925.0,1.8175338560228083,53.2832902446044,8919.324037744356,1.1010924099673893,0.0,0.0,1.0,inf,9821.0,inf,204.0,59.0,145.0,0.0,0.0,0.0,0.0,0.0,0.0
161.0,9890.0,27858.0,17968.0,8984.0,1.8167846309403437,53.2832902446044,8919.324037744356,1.108828422215404,0.0,0.0,1.0,inf,9890.0,inf,212.0,69.0,143.0,0.0,0.0,0.0,0.0,0.0,0.0
162.0,9952.0,28032.0,18080.0,9040.0,1.8167202572347267,53.2832902446044,8919.324037744356,1.1157796216266633,0.0,0.0,1.0,inf,9952.0,inf,205.0,62.0,143.0,0.0,0.0,0.0,0.0,0.0,0.0
163.0,10025.0,28233.0,18208.0,9104.0,1.8162593516209475,53.2832902446044,8919.324037744356,1.1239640983528234,0.0,0.0,1.0,inf,10025.0,inf,207.0,73.0,134.0,0.0,0.0,0.0,0.0,0.0,0.0
164.0,10088.0,28414.0,18326.0,9163.0,1.8166137985725614,53.2832902446044,8919.324037744356,1.1310274138836192,0.0,0.0,1.0,inf,10088.0,inf,209.0,63.0,146.0,0.0,0.0,0.0,0.0,0.0,0.0
165.0,10142.0,28572.0,18430.0,9215.0,1.8171958193650168,53.2832902446044,8919.324037744356,1.1370816843385871,0.0,0.0,1.0,inf,10142.0,inf,206.0,54.0,152.0,0.0,0.0,0.0,0.0,0.0,0.0
166.0,10209.0,28761.0,18552.0,9276.0,1.8172200999118424,53.2832902446044,8919.324037744356,1.1445934643475286,0.0,0.0,1.0,inf,10209.0,inf,216.0,67.0,149.0,0.0,0.0,0.0,0.0,0.0,0.0
167.0,10280.0,28964.0,18684.0,9342.0,1.8175097276264591,54.036550101608675,9173.289532068444,1.1206448857918048,0.0,0.0,1.0,inf,10280.0,inf,208.0,71.0,137.0,0.0,0.0,0.0,0.0,0.0,0.0
168.0,10339.0,29137.0,18798.0,9399.0,1.8181642325176517,54.036550101608675,9173.289532068444,1.127076602548781,0.0,0.0,1.0,inf,10339.0,inf,206.0,59.0,147.0,0.0,0.0,0.0,0.0,0.0,0.0
169.0,10403.0,29309.0,18906.0,9453.0,1.8173603768143805,54.036550101608675,9173.289532068444,1.134053380047874,0.0,0.0,1.0,inf,10403.0,inf,212.0,64.0,148.0,0.0,0.0,0.0,0.0,0.0,0.0
170.0,10472.0,29496.0,19024.0,9512.0,1.816653934300993,54.036550101608675,9173.289532068444,1.1415752182890837,0.0,0.0,1.0,inf,10472.0,inf,201.0,69.0,132.0,0.0,0.0,0.0,0.0,0.0,0.0
171.0,10529.0,29659.0,19130.0,9565.0,1.8168866938930572,54.036550101608675,9173.289532068444,1.1477889107492134,0.0,0.0,1.0,inf,10529.0,inf,209.0,57.0,152.0,0.0,0.0,0.0,0.0,0.0,0.0
172.0,10594.0,29842.0,19248.0,9624.0,1.8168774778176326,54.16495576297271,9216.937833689535,1.1494056042427736,0.0,0.0,1.0,inf,10594.0,inf,214.0,65.0,149.0,0.0,0.0,0.0,0.0,0.0,0.0
173.0,10665.0,30041.0,19376.0,9688.0,1.8167838724800751,54.16495576297271,9216.937833689535,1.1571088134084557,0.0,0.0,1.0,inf,10665.0,inf,214.0,71.0,143.0,0.0,0.0,0.0,0.0,0.0,0.0
174.0,10725.0,30203.0,19478.0,9739.0,1.8161305361305362,54.16495576297271,9216.937833689535,1.1636185676329758,0.0,0.0,1.0,inf,10725.0,inf,209.0,60.0,149.0,0.0,0.0,0.0,0.0,0.0,0.0
175.0,10784.0,30368.0,19584.0,9792.0,1.8160237388724036,54.16495576297271,9216.937833689535,1.170019825953754,0.0,0.0,1.0,inf,10784.0,inf,213.0,59.0,154.0,0.0,0.0,0.0,0.0,0.0,0.0
176.0,10845.0,30543.0,19698.0,9849.0,1.8163208852005532,54.862846761871936,9455.980117057126,1.1468932744938092,0.0,0.0,1.0,inf,10845.0,inf,213.0,61.0,152.0,0.0,0.0,0.0,0.0,0.0,0.0
177.0,10907.0,30723.0,19816.0,9908.0,1.8168148895204914,54.862846761871936,9455.980117057126,1.1534499718675866,0.0,0.0,1.0,inf,10907.0,inf,208.0,62.0,146.0,0.0,0.0,0.0,0.0,0.0,0.0
178.0,10964.0,30890.0,19926.0,9963.0,1.8174024078803357,54.862846761871936,9455.980117057126,1.1594779033241238,0.0,0.0,1.0,inf,10964.0,inf,213.0,57.0,156.0,0.0,0.0,0.0,0.0,0.0,0.0
179.0,11018.0,31046.0,20028.0,10014.0,1.817752768197495,54.862846761871936,9455.980117057126,1.165188575230317,0.0,0.0,1.0,inf,11018.0,inf,207.0,54.0,153.0,0.0,0.0,0.0,0.0,0.0,0.0
180.0,11087.0,31241.0,20154.0,10077.0,1.8178046360602507,54.862846761871936,9455.980117057126,1.1724855448882308,0.0,0.0,1.0,inf,11087.0,inf,211.0,69.0,142.0,0.0,0.0,0.0,0.0,0.0,0.0
181.0,11138.0,31392.0,20254.0,10127.0,1.818459328425211,54.862846761871936,9455.980117057126,1.1778789572440798,0.0,0.0,1.0,inf,11138.0,inf,209.0,51.0,158.0,0.0,0.0,0.0,0.0,0.0,0.0
182.0,11199.0,31567.0,20368.0,10184.0,1.8187338155192427,54.862846761871936,9455.980117057126,1.1843299014344093,0.0,0.0,1.0,inf,11199.0,inf,212.0,61.0,151.0,0.0,0.0,0.0,0.0,0.0,0.0
183.0,11251.0,31709.0,20458.0,10229.0,1.818327259799129,54.862846761871936,9455.980117057126,1.1898290669737064,0.0,0.0,1.0,inf,11251.0,inf,211.0,52.0,159.0,0.0,0.0,0.0,0.0,0.0,0.0
184.0,11300.0,31848.0,20548.0,10274.0,1.8184070796460177,54.862846761871936,9455.980117057126,1.1950109729626595,0.0,0.0,1.0,inf,11300.0,inf,218.0,49.0,169.0,0.0,0.0,0.0,0.0,0.0,0.0
185.0,11355.0,32009.0,20654.0,10327.0,1.8189343901365038,54.862846761871936,9455.980117057126,1.2008273980523008,0.0,0.0,1.0,inf,11355.0,inf,218.0,55.0,163.0,0.0,0.0,0.0,0.0,0.0,0.0
186.0,11412.0,32170.0,20758.0,10379.0,1.818962495618647,55.4701970343279,9666.500767276037,1.1805719851213372,0.0,0.0,1.0,inf,11412.0,inf,215.0,57.0,158.0,0.0,0.0,0.0,0.0,0.0,0.0
187.0,11462.0,32312.0,20850.0,10425.0,1.8190542662711569,55.4701970343279,9666.500767276037,1.1857444876849603,0.0,0.0,1.0,inf,11462.0,inf,210.0,50.0,160.0,0.0,0.0,0.0,0.0,0.0,0.0
188.0,11513.0,32461.0,20948.0,10474.0,1.8195083818292366,55.4701970343279,9666.500767276037,1.1910204402998559,0.0,0.0,1.0,inf,11513.0,inf,214.0,51.0,163.0,0.0,0.0,0.0,0.0,0.0,0.0
189.0,11575.0,32635.0,21060.0,10530.0,1.819438444924406,55.4701970343279,9666.500767276037,1.1974343434787484,0.0,0.0,1.0,inf,11575.0,inf,217.0,62.0,155.0,0.0,0.0,0.0,0.0,0.0,0.0
190.0,11627.0,32783.0,21156.0,10578.0,1.8195579255181904,55.4701970343279,9666.500767276037,1.2028137461449167,0.0,0.0,1.0,inf,11627.0,inf,216.0,52.0,164.0,0.0,0.0,0.0,0.0,0.0,0.0
191.0,11673.0,32907.0,21234.0,10617.0,1.8190696479054227,55.4701970343279,9666.500767276037,1.2075724485034498,0.0,0.0,1.0,inf,11673.0,inf,214.0,46.0,168.0,0.0,0.0,0.0,0.0,0.0,0.0
192.0,11725.0,33055.0,21330.0,10665.0,1.8191897654584221,55.692935608015475,9744.287599184552,1.2032690825937038,0.0,0.0,1.0,inf,11725.0,inf,215.0,52.0,163.0,0.0,0.0,0.0,0.0,0.0,0.0
193.0,11768.0,33180.0,21412.0,10706.0,1.819510537049626,55.692935608015475,9744.287599184552,1.2076819244317873,0.0,0.0,1.0,inf,11768.0,inf,211.0,43.0,168.0,0.0,0.0,0.0,0.0,0.0,0.0
194.0,11822.0,33336.0,21514.0,10757.0,1.8198274403654204,55.692935608015475,9744.287599184552,1.2132236327865897,0.0,0.0,1.0,inf,11822.0,inf,219.0,54.0,165.0,0.0,0.0,0.0,0.0,0.0,0.0
195.0,11871.0,33479.0,21608.0,10804.0,1.8202341841462388,55.692935608015475,9744.287599184552,1.2182522199974293,0.0,0.0,1.0,inf,11871.0,inf,216.0,49.0,167.0,0.0,0.0,0.0,0.0,0.0,0.0
196.0,11921.0,33623.0,21702.0,10851.0,1.8204848586527975,55.692935608015475,9744.287599184552,1.223383431437061,0.0,0.0,1.0,inf,11921.0,inf,212.0,50.0,162.0,0.0,0.0,0.0,0.0,0.0,0.0
197.0,11984.0,33806.0,21822.0,10911.0,1.8209279038718291,55.692935608015475,9744.287599184552,1.2298487578509976,0.0,0.0,1.0,inf,11984.0,inf,215.0,63.0,152.0,0.0,0.0,0.0,0.0,0.0,0.0
198.0,12029.0,33931.0,21902.0,10951.0,1.8207664810042397,56.580188550595736,10057.236282546808,1.1960542302138177,0.0,0.0,1.0,inf,12029.0,inf,213.0,45.0,168.0,0.0,0.0,0.0,0.0,0.0,0.0
199.0,12087.0,34093.0,22006.0,11003.0,1.8206337387275586,56.64208991804972,10079.254492372118,1.1991958342898599,0.0,0.0,1.0,inf,12087.0,inf,216.0,58.0,158.0,0.0,0.0,0.0,0.0,0.0,0.0
200.0,12144.0,34260.0,22116.0,11058.0,1.8211462450592886,56.64208991804972,10079.254492372118,1.2048510144466003,0.0,0.0,1.0,inf,12144.0,inf,220.0,57.0,163.0,0.0,0.0,0.0,0.0,0.0,0.0
201.0,12204.0,34430.0,22226.0,11113.0,1.8212061619141264,56.64208991804972,10079.254492372118,1.210803835664222,0.0,0.0,1.0,inf,12204.0,inf,212.0,60.0,152.0,0.0,0.0,0.0,0.0,0.0,0.0
202.0,12251.0,34569.0,22318.0,11159.0,1.8217288384621664,56.64208991804972,10079.254492372118,1.2154668789513587,0.0,0.0,1.0,inf,12251.0,inf,212.0,47.0,165.0,0.0,0.0,0.0,0.0,0.0,0.0
203.0,12307.0,34733.0,22426.0,11213.0,1.8222149995937271,56.64208991804972,10079.254492372118,1.221022845421139,0.0,0.0,1.0,inf,12307.0,inf,215.0,56.0,159.0,0.0,0.0,0.0,0.0,0.0,0.0
204.0,12366.0,34896.0,22530.0,11265.0,1.821931101407084,56.64208991804972,10079.254492372118,1.2268764529518001,0.0,0.0,1.0,inf,12366.0,inf,211.0,59.0,152.0,0.0,0.0,0.0,0.0,0.0,0.0
205.0,12413.0,35035.0,22622.0,11311.0,1.8224442117135262,56.64208991804972,10079.254492372118,1.231539496238937,0.0,0.0,1.0,inf,12413.0,inf,212.0,47.0,165.0,0.0,0.0,0.0,0.0,0.0,0.0
206.0,12450.0,35142.0,22692.0,11346.0,1.8226506024096385,56.64208991804972,10079.254492372118,1.2352104026564703,0.0,0.0,1.0,inf,12450.0,inf,214.0,37.0,177.0,0.0,0.0,0.0,0.0,0.0,0.0
207.0,12512.0,35322.0,22810.0,11405.0,1.8230498721227621,57.39360528414712,10348.487654607512,1.209065557944519,0.0,0.0,1.0,inf,12512.0,inf,215.0,62.0,153.0,0.0,0.0,0.0,0.0,0.0,0.0
208.0,12575.0,35491.0,22916.0,11458.0,1.8223459244532803,57.39360528414712,10348.487654607512,1.215153404024323,0.0,0.0,1.0,inf,12575.0,inf,215.0,63.0,152.0,0.0,0.0,0.0,0.0,0.0,0.0
209.0,12624.0,35624.0,23000.0,11500.0,1.8219264892268694,57.39360528414712,10348.487654607512,1.219888395419726,0.0,0.0,1.0,inf,12624.0,inf,212.0,49.0,163.0,0.0,0.0,0.0,0.0,0.0,0.0
210.0,12676.0,35772.0,23096.0,11548.0,1.8220258756705585,57.39360528414712,10348.487654607512,1.2249132842475003,0.0,0.0,1.0,inf,12676.0,inf,214.0,52.0,162.0,0.0,0.0,0.0,0.0,0.0,0.0
211.0,12729.0,35917.0,23188.0,11594.0,1.8216670594705004,57.39360528414712,10348.487654607512,1.2300348055527321,0.0,0.0,1.0,inf,12729.0,inf,217.0,53.0,164.0,0.0,0.0,0.0,0.0,0.0,0.0
212.0,12782.0,36068.0,23286.0,11643.0,1.8217806290095446,57.39360528414712,10348.487654607512,1.235156326857964,0.0,0.0,1.0,inf,12782.0,inf,212.0,53.0,159.0,0.0,0.0,0.0,0.0,0.0,0.0
213.0,12829.0,36201.0,23372.0,11686.0,1.821809961805285,57.39360528414712,10348.487654607512,1.2396980532984523,0.0,0.0,1.0,inf,12829.0,inf,217.0,47.0,170.0,0.0,0.0,0.0,0.0,0.0,0.0
214.0,12887.0,36361.0,23474.0,11737.0,1.8215255684022658,58.02171701709994,10576.233386821707,1.2184867266693997,0.0,0.0,1.0,inf,12887.0,inf,219.0,58.0,161.0,0.0,0.0,0.0,0.0,0.0,0.0
215.0,12932.0,36494.0,23562.0,11781.0,1.8219919579338075,58.02171701709994,10576.233386821707,1.2227415495684548,0.0,0.0,1.0,inf,12932.0,inf,213.0,45.0,168.0,0.0,0.0,0.0,0.0,0.0,0.0
216.0,12993.0,36663.0,23670.0,11835.0,1.8217501731701686,58.02171701709994,10576.233386821707,1.2285091983871739,0.0,0.0,1.0,inf,12993.0,inf,216.0,61.0,155.0,0.0,0.0,0.0,0.0,0.0,0.0
217.0,13053.0,36831.0,23778.0,11889.0,1.8216501953573891,58.02171701709994,10576.233386821707,1.234182295585914,0.0,0.0,1.0,inf,13053.0,inf,211.0,60.0,151.0,0.0,0.0,0.0,0.0,0.0,0.0
218.0,13108.0,36990.0,23882.0,11941.0,1.8219407995117485,58.02171701709994,10576.233386821707,1.2393826346847592,0.0,0.0,1.0,inf,13108.0,inf,208.0,55.0,153.0,0.0,0.0,0.0,0.0,0.0,0.0
219.0,13156.0,37130.0,23974.0,11987.0,1.822286409242931,58.02171701709994,10576.233386821707,1.2439211124437513,0.0,0.0,1.0,inf,13156.0,inf,215.0,48.0,167.0,0.0,0.0,0.0,0.0,0.0,0.0
220.0,13196.0,37248.0,24052.0,12026.0,1.8226735374355865,58.02171701709994,10576.233386821707,1.2477031772429112,0.0,0.0,1.0,inf,13196.0,inf,212.0,40.0,172.0,0.0,0.0,0.0,0.0,0.0,0.0
221.0,13251.0,37403.0,24152.0,12076.0,1.8226548939702665,58.02171701709994,10576.233386821707,1.2529035163417563,0.0,0.0,1.0,inf,13251.0,inf,218.0,55.0,163.0,0.0,0.0,0.0,0.0,0.0,0.0
222.0,13294.0,37524.0,24230.0,12115.0,1.8226267489092824,58.02171701709994,10576.233386821707,1.2569692360008535,0.0,0.0,1.0,inf,13294.0,inf,211.0,43.0,168.0,0.0,0.0,0.0,0.0,0.0,0.0
223.0,13341.0,37661.0,24320.0,12160.0,1.8229518027134397,58.02171701709994,10576.233386821707,1.2614131621398665,0.0,0.0,1.0,inf,13341.0,inf,218.0,47.0,171.0,0.0,0.0,0.0,0.0,0.0,0.0
224.0,13403.0,37839.0,24436.0,12218.0,1.8231739162873983,58.02171701709994,10576.233386821707,1.2672753625785647,0.0,0.0,1.0,inf,13403.0,inf,213.0,62.0,151.0,0.0,0.0,0.0,0.0,0.0,0.0
225.0,13456.0,37986.0,24530.0,12265.0,1.8229785969084424,58.02171701709994,10576.233386821707,1.2722865984374518,0.0,0.0,1.0,inf,13456.0,inf,217.0,53.0,164.0,0.0,0.0,0.0,0.0,0.0,0.0
226.0,13503.0,38111.0,24608.0,12304.0,1.8224098348515145,58.02171701709994,10576.233386821707,1.2767305245764649,0.0,0.0,1.0,inf,13503.0,inf,217.0,47.0,170.0,0.0,0.0,0.0,0.0,0.0,0.0
227.0,13562.0,38276.0,24714.0,12357.0,1.8222975962247456,58.02171701709994,10576.233386821707,1.282309070155226,0.0,0.0,1.0,inf,13562.0,inf,216.0,59.0,157.0,0.0,0.0,0.0,0.0,0.0,0.0
228.0,13615.0,38425.0,24810.0,12405.0,1.8222548659566655,58.02171701709994,10576.233386821707,1.2873203060141132,0.0,0.0,1.0,inf,13615.0,inf,216.0,53.0,163.0,0.0,0.0,0.0,0.0,0.0,0.0
229.0,13659.0,38551.0,24892.0,12446.0,1.8223881689728385,58.02171701709994,10576.233386821707,1.2914805772931892,0.0,0.0,1.0,inf,13659.0,inf,216.0,44.0,172.0,0.0,0.0,0.0,0.0,0.0,0.0
230.0,13715.0,38711.0,24996.0,12498.0,1.8225300765585126,58.02171701709994,10576.233386821707,1.2967754680120134,0.0,0.0,1.0,inf,13715.0,inf,219.0,56.0,163.0,0.0,0.0,0.0,0.0,0.0,0.0
231.0,13759.0,38827.0,25068.0,12534.0,1.8219347336288974,58.02171701709994,10576.233386821707,1.3009357392910894,0.0,0.0,1.0,inf,13759.0,inf,218.0,44.0,174.0,0.0,0.0,0.0,0.0,0.0,0.0
232.0,13814.0,38974.0,25160.0,12580.0,1.8213406688866367,58.02171701709994,10576.233386821707,1.3061360783899345,0.0,0.0,1.0,inf,13814.0,inf,216.0,55.0,161.0,0.0,0.0,0.0,0.0,0.0,0.0
233.0,13860.0,39104.0,25244.0,12622.0,1.8213564213564213,58.02171701709994,10576.233386821707,1.3104854529089687,0.0,0.0,1.0,inf,13860.0,inf,215.0,46.0,169.0,0.0,0.0,0.0,0.0,0.0,0.0
234.0,13901.0,39221.0,25320.0,12660.0,1.821451694122725,58.02171701709994,10576.233386821707,1.3143620693281077,0.0,0.0,1.0,inf,13901.0,inf,216.0,41.0,175.0,0.0,0.0,0.0,0.0,0.0,0.0
235.0,13949.0,39359.0,25410.0,12705.0,1.821635959566994,58.02171701709994,10576.233386821707,1.3189005470870998,0.0,0.0,1.0,inf,13949.0,inf,218.0,48.0,170.0,0.0,0.0,0.0,0.0,0.0,0.0
236.0,13995.0,39493.0,25498.0,12749.0,1.8219364058592353,58.17644385455087,10632.715999299862,1.316220615778841,0.0,0.0,1.0,inf,13995.0,inf,217.0,46.0,171.0,0.0,0.0,0.0,0.0,0.0,0.0
237.0,14044.0,39632.0,25588.0,12794.0,1.8219880375961264,58.39295642374721,10712.005840550217,1.3110523098145208,0.0,0.0,1.0,inf,14044.0,inf,215.0,49.0,166.0,0.0,0.0,0.0,0.0,0.0,0.0
238.0,14082.0,39740.0,25658.0,12829.0,1.822042323533589,58.39295642374721,10712.005840550217,1.314599731330681,0.0,0.0,1.0,inf,14082.0,inf,217.0,38.0,179.0,0.0,0.0,0.0,0.0,0.0,0.0
239.0,14131.0,39881.0,25750.0,12875.0,1.8222348029155757,58.39295642374721,10712.005840550217,1.3191740380225716,0.0,0.0,1.0,inf,14131.0,inf,218.0,49.0,169.0,0.0,0.0,0.0,0.0,0.0,0.0
240.0,14172.0,40002.0,25830.0,12915.0,1.8226079593564775,58.39295642374721,10712.005840550217,1.3230015191321127,0.0,0.0,1.0,inf,14172.0,inf,216.0,41.0,175.0,0.0,0.0,0.0,0.0,0.0,0.0
241.0,14208.0,40102.0,25894.0,12947.0,1.8224943693693694,58.39295642374721,10712.005840550217,1.3263622342526853,0.0,0.0,1.0,inf,14208.0,inf,218.0,36.0,182.0,0.0,0.0,0.0,0.0,0.0,0.0
242.0,14262.0,40258.0,25996.0,12998.0,1.8227457579582107,58.71353113682046,10829.945559918746,1.3169041267190824,0.0,0.0,1.0,inf,14262.0,inf,219.0,54.0,165.0,0.0,0.0,0.0,0.0,0.0,0.0
243.0,14311.0,40399.0,26088.0,13044.0,1.8229334078680735,58.71353113682046,10829.945559918746,1.3214286185301352,0.0,0.0,1.0,inf,14311.0,inf,215.0,49.0,166.0,0.0,0.0,0.0,0.0,0.0,0.0
244.0,14361.0,40539.0,26178.0,13089.0,1.8228535617296846,59.601769205147846,11160.102298338881,1.2868161613659719,0.0,0.0,1.0,inf,14361.0,inf,215.0,50.0,165.0,0.0,0.0,0.0,0.0,0.0,0.0
245.0,14407.0,40669.0,26262.0,13131.0,1.8228638856111612,59.601769205147846,11160.102298338881,1.2909379873824633,0.0,0.0,1.0,inf,14407.0,inf,216.0,46.0,170.0,0.0,0.0,0.0,0.0,0.0,0.0
246.0,14455.0,40809.0,26354.0,13177.0,1.8231753718436527,59.601769205147846,11160.102298338881,1.295239023225759,0.0,0.0,1.0,inf,14455.0,inf,220.0,48.0,172.0,0.0,0.0,0.0,0.0,0.0,0.0
247.0,14502.0,40944.0,26442.0,13221.0,1.8233347124534547,59.601769205147846,11160.102298338881,1.2994504541556524,0.0,0.0,1.0,inf,14502.0,inf,217.0,47.0,170.0,0.0,0.0,0.0,0.0,0.0,0.0
248.0,14548.0,41082.0,26534.0,13267.0,1.823893318669233,59.601769205147846,11160.102298338881,1.3035722801721439,0.0,0.0,1.0,inf,14548.0,inf,218.0,46.0,172.0,0.0,0.0,0.0,0.0,0.0,0.0
249.0,14603.0,41241.0,26638.0,13319.0,1.8241457234814764,59.601769205147846,11160.102298338881,1.3085005504092535,0.0,0.0,1.0,inf,14603.0,inf,216.0,55.0,161.0,0.0,0.0,0.0,0.0,0.0,0.0
250.0,14641.0,41353.0,26712.0,13356.0,1.8244655419711768,59.601769205147846,11160.102298338881,1.311905537118529,0.0,0.0,1.0,inf,14641.0,inf,214.0,38.0,176.0,0.0,0.0,0.0,0.0,0.0,0.0
251.0,14693.0,41503.0,26810.0,13405.0,1.824678418294426,59.601769205147846,11160.102298338881,1.3165649926154324,0.0,0.0,1.0,inf,14693.0,inf,217.0,52.0,165.0,0.0,0.0,0.0,0.0,0.0,0.0
252.0,14733.0,41613.0,26880.0,13440.0,1.8244756668702913,59.601769205147846,11160.102298338881,1.320149189151512,0.0,0.0,1.0,inf,14733.0,inf,216.0,40.0,176.0,0.0,0.0,0.0,0.0,0.0,0.0
253.0,14783.0,41753.0,26970.0,13485.0,1.8243928837177839,59.601769205147846,11160.102298338881,1.3246294348216114,0.0,0.0,1.0,inf,14783.0,inf,213.0,50.0,163.0,0.0,0.0,0.0,0.0,0.0,0.0
254.0,14821.0,41859.0,27038.0,13519.0,1.8243033533499764,59.601769205147846,11160.102298338881,1.328034421530887,0.0,0.0,1.0,inf,14821.0,inf,217.0,38.0,179.0,0.0,0.0,0.0,0.0,0.0,0.0
255.0,14871.0,41999.0,27128.0,13564.0,1.8242216394324524,59.601769205147846,11160.102298338881,1.3325146672009867,0.0,0.0,1.0,inf,14871.0,inf,215.0,50.0,165.0,0.0,0.0,0.0,0.0,0.0,0.0
256.0,14924.0,42150.0,27226.0,13613.0,1.8243098365049584,59.601769205147846,11160.102298338881,1.337263727611292,0.0,0.0,1.0,inf,14924.0,inf,217.0,53.0,164.0,0.0,0.0,0.0,0.0,0.0,0.0
257.0,14972.0,42282.0,27310.0,13655.0,1.8240716003205983,59.601769205147846,11160.102298338881,1.3415647634545875,0.0,0.0,1.0,inf,14972.0,inf,217.0,48.0,169.0,0.0,0.0,0.0,0.0,0.0,0.0
258.0,15012.0,42402.0,27390.0,13695.0,1.8245403677058354,59.601769205147846,11160.102298338881,1.3451489599906672,0.0,0.0,1.0,inf,15012.0,inf,214.0,40.0,174.0,0.0,0.0,0.0,0.0,0.0,0.0
259.0,15060.0,42536.0,27476.0,13738.0,1.8244355909694554,59.601769205147846,11160.102298338881,1.3494499958339627,0.0,0.0,1.0,inf,15060.0,inf,215.0,48.0,167.0,0.0,0.0,0.0,0.0,0.0,0.0
260.0,15111.0,42683.0,27572.0,13786.0,1.824631063463702,59.601769205147846,11160.102298338881,1.3540198464174642,0.0,0.0,1.0,inf,15111.0,inf,216.0,51.0,165.0,0.0,0.0,0.0,0.0,0.0,0.0
261.0,15146.0,42780.0,27634.0,13817.0,1.824508120956028,59.601769205147846,11160.102298338881,1.3571560183865337,0.0,0.0,1.0,inf,15146.0,inf,214.0,35.0,179.0,0.0,0.0,0.0,0.0,0.0,0.0
262.0,15196.0,42916.0,27720.0,13860.0,1.824164253750987,59.601769205147846,11160.102298338881,1.3616362640566333,0.0,0.0,1.0,inf,15196.0,inf,218.0,50.0,168.0,0.0,0.0,0.0,0.0,0.0,0.0
263.0,15232.0,43012.0,27780.0,13890.0,1.8237920168067228,60.67667533077128,11566.272644984878,1.316932469736011,0.0,0.0,1.0,inf,15232.0,inf,219.0,36.0,183.0,0.0,0.0,0.0,0.0,0.0,0.0
264.0,15277.0,43141.0,27864.0,13932.0,1.8239183085684363,60.67667533077128,11566.272644984878,1.3208230921846797,0.0,0.0,1.0,inf,15277.0,inf,219.0,45.0,174.0,0.0,0.0,0.0,0.0,0.0,0.0
265.0,15327.0,43281.0,27954.0,13977.0,1.823840281855549,60.67667533077128,11566.272644984878,1.3251460060165337,0.0,0.0,1.0,inf,15327.0,inf,216.0,50.0,166.0,0.0,0.0,0.0,0.0,0.0,0.0
266.0,15374.0,43418.0,28044.0,14022.0,1.8241186418628854,60.67667533077128,11566.272644984878,1.3292095450184764,0.0,0.0,1.0,inf,15374.0,inf,215.0,47.0,168.0,0.0,0.0,0.0,0.0,0.0,0.0
267.0,15412.0,43528.0,28116.0,14058.0,1.8242927588891773,60.67667533077128,11566.272644984878,1.3324949595306856,0.0,0.0,1.0,inf,15412.0,inf,213.0,38.0,175.0,0.0,0.0,0.0,0.0,0.0,0.0
268.0,15454.0,43646.0,28192.0,14096.0,1.82425262068073,60.67667533077128,11566.272644984878,1.3361262071494429,0.0,0.0,1.0,inf,15454.0,inf,215.0,42.0,173.0,0.0,0.0,0.0,0.0,0.0,0.0
269.0,15498.0,43772.0,28274.0,14137.0,1.8243644341205316,60.67667533077128,11566.272644984878,1.3399303713214745,0.0,0.0,1.0,inf,15498.0,inf,218.0,44.0,174.0,0.0,0.0,0.0,0.0,0.0,0.0
270.0,15550.0,43924.0,28374.0,14187.0,1.824694533762058,60.67667533077128,11566.272644984878,1.3444262017066027,0.0,0.0,1.0,inf,15550.0,inf,214.0,52.0,162.0,0.0,0.0,0.0,0.0,0.0,0.0
271.0,15596.0,44054.0,28458.0,14229.0,1.8246986406770966,60.67667533077128,11566.272644984878,1.3484032824319083,0.0,0.0,1.0,inf,15596.0,inf,216.0,46.0,170.0,0.0,0.0,0.0,0.0,0.0,0.0
272.0,15647.0,44199.0,28552.0,14276.0,1.8247587396945102,61.227655760293615,11777.28368680469,1.3285746031176062,0.0,0.0,1.0,inf,15647.0,inf,214.0,51.0,163.0,0.0,0.0,0.0,0.0,0.0,0.0
273.0,15689.0,44319.0,28630.0,14315.0,1.8248454331059978,61.227655760293615,11777.28368680469,1.3321407904590097,0.0,0.0,1.0,inf,15689.0,inf,217.0,42.0,175.0,0.0,0.0,0.0,0.0,0.0,0.0
274.0,15735.0,44447.0,28712.0,14356.0,1.8247219574197648,61.227655760293615,11777.28368680469,1.3360466146900705,0.0,0.0,1.0,inf,15735.0,inf,216.0,46.0,170.0,0.0,0.0,0.0,0.0,0.0,0.0
275.0,15775.0,44557.0,28782.0,14391.0,1.8245324881141045,61.227655760293615,11777.28368680469,1.3394429835866453,0.0,0.0,1.0,inf,15775.0,inf,216.0,40.0,176.0,0.0,0.0,0.0,0.0,0.0,0.0
276.0,15828.0,44708.0,28880.0,14440.0,1.8246146070255245,61.720880771483785,11967.793928361207,1.3225495103563656,0.0,0.0,1.0,inf,15828.0,inf,217.0,53.0,164.0,0.0,0.0,0.0,0.0,0.0,0.0
277.0,15874.0,44844.0,28970.0,14485.0,1.8249968501952878,61.720880771483785,11967.793928361207,1.3263931594261402,0.0,0.0,1.0,inf,15874.0,inf,219.0,46.0,173.0,0.0,0.0,0.0,0.0,0.0,0.0
278.0,15919.0,44975.0,29056.0,14528.0,1.825240278911992,61.720880771483785,11967.793928361207,1.3301532509074416,0.0,0.0,1.0,inf,15919.0,inf,218.0,45.0,173.0,0.0,0.0,0.0,0.0,0.0,0.0
279.0,15976.0,45140.0,29164.0,14582.0,1.8254882323485229,61.720880771483785,11967.793928361207,1.334916033450423,0.0,0.0,1.0,inf,15976.0,inf,215.0,57.0,158.0,0.0,0.0,0.0,0.0,0.0,0.0
280.0,16030.0,45288.0,29258.0,14629.0,1.8252027448533998,61.720880771483785,11967.793928361207,1.3394281432279846,0.0,0.0,1.0,inf,16030.0,inf,215.0,54.0,161.0,0.0,0.0,0.0,0.0,0.0,0.0
281.0,16090.0,45458.0,29368.0,14684.0,1.8252330640149161,61.720880771483785,11967.793928361207,1.3444415985363865,0.0,0.0,1.0,inf,16090.0,inf,215.0,60.0,155.0,0.0,0.0,0.0,0.0,0.0,0.0
282.0,16139.0,45589.0,29450.0,14725.0,1.8247722907243324,61.720880771483785,11967.793928361207,1.348535920371581,0.0,0.0,1.0,inf,16139.0,inf,215.0,49.0,166.0,0.0,0.0,0.0,0.0,0.0,0.0
283.0,16177.0,45697.0,29520.0,14760.0,1.8248130061197998,61.720880771483785,11967.793928361207,1.351711108733569,0.0,0.0,1.0,inf,16177.0,inf,216.0,38.0,178.0,0.0,0.0,0.0,0.0,0.0,0.0
284.0,16218.0,45820.0,29602.0,14801.0,1.8252558885189296,61.720880771483785,11967.793928361207,1.3551369698609768,0.0,0.0,1.0,inf,16218.0,inf,217.0,41.0,176.0,0.0,0.0,0.0,0.0,0.0,0.0
285.0,16262.0,45942.0,29680.0,14840.0,1.8251137621448776,61.720880771483785,11967.793928361207,1.3588135037538045,0.0,0.0,1.0,inf,16262.0,inf,218.0,44.0,174.0,0.0,0.0,0.0,0.0,0.0,0.0
286.0,16314.0,46094.0,29780.0,14890.0,1.8254260144661028,61.720880771483785,11967.793928361207,1.3631584983544194,0.0,0.0,1.0,inf,16314.0,inf,217.0,52.0,165.0,0.0,0.0,0.0,0.0,0.0,0.0
287.0,16365.0,46243.0,29878.0,14939.0,1.8257256339749466,61.720880771483785,11967.793928361207,1.3674199353665608,0.0,0.0,1.0,inf,16365.0,inf,211.0,51.0,160.0,0.0,0.0,0.0,0.0,0.0,0.0
288.0,16399.0,46341.0,29942.0,14971.0,1.8258430392097078,61.720880771483785,11967.793928361207,1.3702608933746552,0.0,0.0,1.0,inf,16399.0,inf,216.0,34.0,182.0,0.0,0.0,0.0,0.0,0.0,0.0
289.0,16442.0,46464.0,30022.0,15011.0,1.8259335847220532,61.720880771483785,11967.793928361207,1.3738538696790097,0.0,0.0,1.0,inf,16442.0,inf,218.0,43.0,175.0,0.0,0.0,0.0,0.0,0.0,0.0
290.0,16496.0,46616.0,30120.0,15060.0,1.8258971871968963,61.720880771483785,11967.793928361207,1.3783659794565712,0.0,0.0,1.0,inf,16496.0,inf,219.0,54.0,165.0,0.0,0.0,0.0,0.0,0.0,0.0
291.0,16548.0,46768.0,30220.0,15110.0,1.8262025622431715,61.720880771483785,11967.793928361207,1.382710974057186,0.0,0.0,1.0,inf,16548.0,inf,217.0,52.0,165.0,0.0,0.0,0.0,0.0,0.0,0.0
292.0,16590.0,46880.0,30290.0,15145.0,1.8257986738999397,61.720880771483785,11967.793928361207,1.3862203927730672,0.0,0.0,1.0,inf,16590.0,inf,218.0,42.0,176.0,0.0,0.0,0.0,0.0,0.0,0.0
293.0,16633.0,47003.0,30370.0,15185.0,1.8258882943545962,61.720880771483785,11967.793928361207,1.3898133690774217,0.0,0.0,1.0,inf,16633.0,inf,219.0,43.0,176.0,0.0,0.0,0.0,0.0,0.0,0.0
294.0,16677.0,47129.0,30452.0,15226.0,1.825987887509744,61.720880771483785,11967.793928361207,1.3934899029702497,0.0,0.0,1.0,inf,16677.0,inf,219.0,44.0,175.0,0.0,0.0,0.0,0.0,0.0,0.0
295.0,16723.0,47259.0,30536.0,15268.0,1.8259881600191352,61.720880771483785,11967.793928361207,1.3973335520400243,0.0,0.0,1.0,inf,16723.0,inf,215.0,46.0,169.0,0.0,0.0,0.0,0.0,0.0,0.0
296.0,16770.0,47392.0,30622.0,15311.0,1.8259988073941562,61.879530829011394,12029.398086013829,1.3940847148036366,0.0,0.0,1.0,inf,16770.0,inf,218.0,47.0,171.0,0.0,0.0,0.0,0.0,0.0,0.0
297.0,16796.0,47466.0,30670.0,15335.0,1.8260300071445583,61.879530829011394,12029.398086013829,1.396246086454495,0.0,0.0,1.0,inf,16796.0,inf,217.0,26.0,191.0,0.0,0.0,0.0,0.0,0.0,0.0
298.0,16849.0,47617.0,30768.0,15384.0,1.8261024393139058,61.8930569656701,12034.657630281159,1.400039828104887,0.0,0.0,1.0,inf,16849.0,inf,216.0,53.0,163.0,0.0,0.0,0.0,0.0,0.0,0.0
299.0,16896.0,47750.0,30854.0,15427.0,1.8261126893939394,61.8930569656701,12034.657630281159,1.4039452154822345,0.0,0.0,1.0,inf,16896.0,inf,217.0,47.0,170.0,0.0,0.0,0.0,0.0,0.0,0.0
300.0,16941.0,47873.0,30932.0,15466.0,1.8258662416622395,61.8930569656701,12034.657630281159,1.4076844161626738,0.0,0.0,1.0,inf,16941.0,inf,215.0,45.0,170.0,0.0,0.0,0.0,0.0,0.0,0.0
301.0,16979.0,47975.0,30996.0,15498.0,1.825549207844985,61.8930569656701,12034.657630281159,1.4108419634039335,0.0,0.0,1.0,inf,16979.0,inf,218.0,38.0,180.0,0.0,0.0,0.0,0.0,0.0,0.0
302.0,17021.0,48095.0,31074.0,15537.0,1.8256271664414547,61.8930569656701,12034.657630281159,1.41433188403901,0.0,0.0,1.0,inf,17021.0,inf,215.0,42.0,173.0,0.0,0.0,0.0,0.0,0.0,0.0
303.0,17062.0,48214.0,31152.0,15576.0,1.8258117453991325,62.41010488039858,12236.569959795037,1.3943449885106356,0.0,0.0,1.0,inf,17062.0,inf,214.0,41.0,173.0,0.0,0.0,0.0,0.0,0.0,0.0
304.0,17103.0,48321.0,31218.0,15609.0,1.8252938081038415,62.41010488039858,12236.569959795037,1.3976956006621382,0.0,0.0,1.0,inf,17103.0,inf,215.0,41.0,174.0,0.0,0.0,0.0,0.0,0.0,0.0
305.0,17144.0,48438.0,31294.0,15647.0,1.8253616425571628,62.41010488039858,12236.569959795037,1.4010462128136407,0.0,0.0,1.0,inf,17144.0,inf,219.0,41.0,178.0,0.0,0.0,0.0,0.0,0.0,0.0
306.0,17189.0,48569.0,31380.0,15690.0,1.8255861306649601,62.41010488039858,12236.569959795037,1.4047237139555337,0.0,0.0,1.0,inf,17189.0,inf,218.0,45.0,173.0,0.0,0.0,0.0,0.0,0.0,0.0
307.0,17240.0,48716.0,31476.0,15738.0,1.825754060324826,62.41010488039858,12236.569959795037,1.4088915485830125,0.0,0.0,1.0,inf,17240.0,inf,217.0,51.0,166.0,0.0,0.0,0.0,0.0,0.0,0.0
308.0,17283.0,48841.0,31558.0,15779.0,1.8259561418735173,62.41010488039858,12236.569959795037,1.4124056052297103,0.0,0.0,1.0,inf,17283.0,inf,213.0,43.0,170.0,0.0,0.0,0.0,0.0,0.0,0.0
309.0,17343.0,49015.0,31672.0,15836.0,1.8262123046762382,62.41010488039858,12236.569959795037,1.4173089400855676,0.0,0.0,1.0,inf,17343.0,inf,216.0,60.0,156.0,0.0,0.0,0.0,0.0,0.0,0.0
310.0,17390.0,49146.0,31756.0,15878.0,1.8261069580218516,62.75746473235201,12373.160717221126,1.40546141745305,0.0,0.0,1.0,inf,17390.0,inf,213.0,47.0,166.0,0.0,0.0,0.0,0.0,0.0,0.0
311.0,17451.0,49323.0,31872.0,15936.0,1.8263709816056386,62.75746473235201,12373.160717221126,1.410391443126692,0.0,0.0,1.0,inf,17451.0,inf,217.0,61.0,156.0,0.0,0.0,0.0,0.0,0.0,0.0
312.0,17492.0,49440.0,31948.0,15974.0,1.8264349416876287,62.75746473235201,12373.160717221126,1.4137050669401237,0.0,0.0,1.0,inf,17492.0,inf,214.0,41.0,173.0,0.0,0.0,0.0,0.0,0.0,0.0
313.0,17540.0,49576.0,32036.0,16018.0,1.8264538198403648,62.75746473235201,12373.160717221126,1.4175844314046289,0.0,0.0,1.0,inf,17540.0,inf,218.0,48.0,170.0,0.0,0.0,0.0,0.0,0.0,0.0
314.0,17597.0,49741.0,32144.0,16072.0,1.8266750014206967,62.75746473235201,12373.160717221126,1.422191176706229,0.0,0.0,1.0,inf,17597.0,inf,219.0,57.0,162.0,0.0,0.0,0.0,0.0,0.0,0.0
315.0,17634.0,49846.0,32212.0,16106.0,1.8266984235000567,62.75746473235201,12373.160717221126,1.4251815201476183,0.0,0.0,1.0,inf,17634.0,inf,218.0,37.0,181.0,0.0,0.0,0.0,0.0,0.0,0.0
316.0,17682.0,49990.0,32308.0,16154.0,1.8271688722995136,62.75746473235201,12373.160717221126,1.4290608846121235,0.0,0.0,1.0,inf,17682.0,inf,219.0,48.0,171.0,0.0,0.0,0.0,0.0,0.0,0.0
317.0,17735.0,50137.0,32402.0,16201.0,1.8270087397800958,62.75746473235201,12373.160717221126,1.4333443495416816,0.0,0.0,1.0,inf,17735.0,inf,219.0,53.0,166.0,0.0,0.0,0.0,0.0,0.0,0.0
318.0,17783.0,50277.0,32494.0,16247.0,1.8272507450936288,62.75746473235201,12373.160717221126,1.4372237140061868,0.0,0.0,1.0,inf,17783.0,inf,217.0,48.0,169.0,0.0,0.0,0.0,0.0,0.0,0.0
319.0,17832.0,50418.0,32586.0,16293.0,1.8273889636608345,62.75746473235201,12373.160717221126,1.4411838985637024,0.0,0.0,1.0,inf,17832.0,inf,217.0,49.0,168.0,0.0,0.0,0.0,0.0,0.0,0.0
320.0,17878.0,50550.0,32672.0,16336.0,1.8274974829399262,62.75746473235201,12373.160717221126,1.4449016228421867,0.0,0.0,1.0,inf,17878.0,inf,214.0,46.0,168.0,0.0,0.0,0.0,0.0,0.0,0.0
321.0,17937.0,50721.0,32784.0,16392.0,1.8277303896972739,62.75746473235201,12373.160717221126,1.4496700083298077,0.0,0.0,1.0,inf,17937.0,inf,217.0,59.0,158.0,0.0,0.0,0.0,0.0,0.0,0.0
322.0,17978.0,50844.0,32866.0,16433.0,1.8281232617643788,62.75746473235201,12373.160717221126,1.4529836321432392,0.0,0.0,1.0,inf,17978.0,inf,218.0,41.0,177.0,0.0,0.0,0.0,0.0,0.0,0.0
323.0,18028.0,50984.0,32956.0,16478.0,1.82804526292434,62.75746473235201,12373.160717221126,1.4570246367937656,0.0,0.0,1.0,inf,18028.0,inf,218.0,50.0,168.0,0.0,0.0,0.0,0.0,0.0,0.0
324.0,18071.0,51109.0,33038.0,16519.0,1.828233080626418,62.75746473235201,12373.160717221126,1.4604999007932182,0.0,0.0,1.0,inf,18071.0,inf,216.0,43.0,173.0,0.0,0.0,0.0,0.0,0.0,0.0
325.0,18115.0,51231.0,33116.0,16558.0,1.8280982611095777,62.75746473235201,12373.160717221126,1.4640559848856813,0.0,0.0,1.0,inf,18115.0,inf,216.0,44.0,172.0,0.0,0.0,0.0,0.0,0.0,0.0
326.0,18157.0,51355.0,33198.0,16599.0,1.8283857465440325,62.75746473235201,12373.160717221126,1.4674504287921235,0.0,0.0,1.0,inf,18157.0,inf,215.0,42.0,173.0,0.0,0.0,0.0,0.0,0.0,0.0
327.0,18200.0,51478.0,33278.0,16639.0,1.8284615384615384,62.75746473235201,12373.160717221126,1.4709256927915761,0.0,0.0,1.0,inf,18200.0,inf,217.0,43.0,174.0,0.0,0.0,0.0,0.0,0.0,0.0
328.0,18242.0,51600.0,33358.0,16679.0,1.8286372108321456,62.75746473235201,12373.160717221126,1.4743201366980183,0.0,0.0,1.0,inf,18242.0,inf,217.0,42.0,175.0,0.0,0.0,0.0,0.0,0.0,0.0
329.0,18295.0,51757.0,33462.0,16731.0,1.8290243235856791,62.75746473235201,12373.160717221126,1.478603601627576,0.0,0.0,1.0,inf,18295.0,inf,217.0,53.0,164.0,0.0,0.0,0.0,0.0,0.0,0.0
330.0,18352.0,51916.0,33564.0,16782.0,1.8289014821272886,62.75746473235201,12373.160717221126,1.4832103469291762,0.0,0.0,1.0,inf,18352.0,inf,216.0,57.0,159.0,0.0,0.0,0.0,0.0,0.0,0.0
331.0,18405.0,52063.0,33658.0,16829.0,1.8287421896223852,62.832150563215045,12402.628117302764,1.483959675798341,0.0,0.0,1.0,inf,18405.0,inf,217.0,53.0,164.0,0.0,0.0,0.0,0.0,0.0,0.0
332.0,18452.0,52202.0,33750.0,16875.0,1.8290700195100802,62.847532163202665,12408.70130161207,1.4870210468844807,0.0,0.0,1.0,inf,18452.0,inf,218.0,47.0,171.0,0.0,0.0,0.0,0.0,0.0,0.0
333.0,18496.0,52330.0,33834.0,16917.0,1.8292603806228374,62.847532163202665,12408.70130161207,1.4905669457606414,0.0,0.0,1.0,inf,18496.0,inf,217.0,44.0,173.0,0.0,0.0,0.0,0.0,0.0,0.0
334.0,18549.0,52479.0,33930.0,16965.0,1.829209121785541,63.80680317475467,12790.39171604971,1.4502292354912196,0.0,0.0,1.0,inf,18549.0,inf,215.0,53.0,162.0,0.0,0.0,0.0,0.0,0.0,0.0
335.0,18588.0,52592.0,34004.0,17002.0,1.8293522702819023,63.80680317475467,12790.39171604971,1.4532783993374734,0.0,0.0,1.0,inf,18588.0,inf,216.0,39.0,177.0,0.0,0.0,0.0,0.0,0.0,0.0
336.0,18638.0,52734.0,34096.0,17048.0,1.829380834853525,63.80680317475467,12790.39171604971,1.457187583755747,0.0,0.0,1.0,inf,18638.0,inf,213.0,50.0,163.0,0.0,0.0,0.0,0.0,0.0,0.0
337.0,18692.0,52882.0,34190.0,17095.0,1.8291247592552964,63.80680317475467,12790.39171604971,1.4614095029274827,0.0,0.0,1.0,inf,18692.0,inf,217.0,54.0,163.0,0.0,0.0,0.0,0.0,0.0,0.0
338.0,18744.0,53030.0,34286.0,17143.0,1.829172001707213,63.80680317475467,12790.39171604971,1.4654750547224875,0.0,0.0,1.0,inf,18744.0,inf,218.0,52.0,166.0,0.0,0.0,0.0,0.0,0.0,0.0
339.0,18788.0,53156.0,34368.0,17184.0,1.8292527144986162,64.53160431362184,13082.622111477218,1.4361035455971418,0.0,0.0,1.0,inf,18788.0,inf,217.0,44.0,173.0,0.0,0.0,0.0,0.0,0.0,0.0
340.0,18841.0,53311.0,34470.0,17235.0,1.8295207260761106,64.53160431362184,13082.622111477218,1.4401547212367336,0.0,0.0,1.0,inf,18841.0,inf,219.0,53.0,166.0,0.0,0.0,0.0,0.0,0.0,0.0
341.0,18880.0,53420.0,34540.0,17270.0,1.8294491525423728,64.53160431362184,13082.622111477218,1.4431357750092633,0.0,0.0,1.0,inf,18880.0,inf,215.0,39.0,176.0,0.0,0.0,0.0,0.0,0.0,0.0
342.0,18926.0,53548.0,34622.0,17311.0,1.8293353059283526,64.53160431362184,13082.622111477218,1.446651889715324,0.0,0.0,1.0,inf,18926.0,inf,218.0,46.0,172.0,0.0,0.0,0.0,0.0,0.0,0.0
343.0,18974.0,53688.0,34714.0,17357.0,1.8295562348476864,64.53160431362184,13082.622111477218,1.4503208789738222,0.0,0.0,1.0,inf,18974.0,inf,219.0,48.0,171.0,0.0,0.0,0.0,0.0,0.0,0.0
344.0,19020.0,53820.0,34800.0,17400.0,1.8296529968454258,64.53160431362184,13082.622111477218,1.453836993679883,0.0,0.0,1.0,inf,19020.0,inf,219.0,46.0,173.0,0.0,0.0,0.0,0.0,0.0,0.0
345.0,19069.0,53959.0,34890.0,17445.0,1.82967119408464,64.53160431362184,13082.622111477218,1.4575824202145997,0.0,0.0,1.0,inf,19069.0,inf,218.0,49.0,169.0,0.0,0.0,0.0,0.0,0.0,0.0
346.0,19115.0,54091.0,34976.0,17488.0,1.8297671985351818,64.53160431362184,13082.622111477218,1.4610985349206604,0.0,0.0,1.0,inf,19115.0,inf,216.0,46.0,170.0,0.0,0.0,0.0,0.0,0.0,0.0
347.0,19155.0,54207.0,35052.0,17526.0,1.8299138606108065,64.53160431362184,13082.622111477218,1.4641560259694089,0.0,0.0,1.0,inf,19155.0,inf,215.0,40.0,175.0,0.0,0.0,0.0,0.0,0.0,0.0
348.0,19197.0,54323.0,35126.0,17563.0,1.8297650674584571,64.53160431362184,13082.622111477218,1.4673663915705948,0.0,0.0,1.0,inf,19197.0,inf,218.0,42.0,176.0,0.0,0.0,0.0,0.0,0.0,0.0
349.0,19244.0,54452.0,35208.0,17604.0,1.8295572646019538,64.53160431362184,13082.622111477218,1.470958943552874,0.0,0.0,1.0,inf,19244.0,inf,218.0,47.0,171.0,0.0,0.0,0.0,0.0,0.0,0.0
350.0,19290.0,54582.0,35292.0,17646.0,1.8295489891135304,64.53160431362184,13082.622111477218,1.4744750582589348,0.0,0.0,1.0,inf,19290.0,inf,216.0,46.0,170.0,0.0,0.0,0.0,0.0,0.0,0.0
351.0,19333.0,54707.0,35374.0,17687.0,1.8297212020896911,64.53160431362184,13082.622111477218,1.4777618611363394,0.0,0.0,1.0,inf,19333.0,inf,215.0,43.0,172.0,0.0,0.0,0.0,0.0,0.0,0.0
352.0,19386.0,54856.0,35470.0,17735.0,1.8296708965232642,64.53160431362184,13082.622111477218,1.481813036775931,0.0,0.0,1.0,inf,19386.0,inf,216.0,53.0,163.0,0.0,0.0,0.0,0.0,0.0,0.0
353.0,19430.0,54978.0,35548.0,17774.0,1.8295419454451878,64.53160431362184,13082.622111477218,1.4851762769295545,0.0,0.0,1.0,inf,19430.0,inf,216.0,44.0,172.0,0.0,0.0,0.0,0.0,0.0,0.0
354.0,19472.0,55102.0,35630.0,17815.0,1.8298069022185703,64.53160431362184,13082.622111477218,1.4883866425307402,0.0,0.0,1.0,inf,19472.0,inf,214.0,42.0,172.0,0.0,0.0,0.0,0.0,0.0,0.0
355.0,19508.0,55204.0,35696.0,17848.0,1.829813409883125,64.53160431362184,13082.622111477218,1.4911383844746138,0.0,0.0,1.0,inf,19508.0,inf,219.0,36.0,183.0,0.0,0.0,0.0,0.0,0.0,0.0
356.0,19547.0,55315.0,35768.0,17884.0,1.8298460121757814,64.53160431362184,13082.622111477218,1.4941194382471437,0.0,0.0,1.0,inf,19547.0,inf,216.0,39.0,177.0,0.0,0.0,0.0,0.0,0.0,0.0
357.0,19590.0,55436.0,35846.0,17923.0,1.8298111281265952,64.53160431362184,13082.622111477218,1.4974062411245481,0.0,0.0,1.0,inf,19590.0,inf,217.0,43.0,174.0,0.0,0.0,0.0,0.0,0.0,0.0
358.0,19631.0,55551.0,35920.0,17960.0,1.8297590545565687,65.05067833853028,13293.934420433397,1.4766884941019596,0.0,0.0,1.0,inf,19631.0,inf,219.0,41.0,178.0,0.0,0.0,0.0,0.0,0.0,0.0
359.0,19675.0,55675.0,36000.0,18000.0,1.8297331639135959,65.05067833853028,13293.934420433397,1.4799982742323903,0.0,0.0,1.0,inf,19675.0,inf,217.0,44.0,173.0,0.0,0.0,0.0,0.0,0.0,0.0
360.0,19731.0,55839.0,36108.0,18054.0,1.830013684050479,65.05067833853028,13293.934420433397,1.4842107216711204,0.0,0.0,1.0,inf,19731.0,inf,217.0,56.0,161.0,0.0,0.0,0.0,0.0,0.0,0.0
361.0,19785.0,55993.0,36208.0,18104.0,1.8300732878443264,65.90311554470134,13644.630050825688,1.4500209918701852,0.0,0.0,1.0,inf,19785.0,inf,216.0,54.0,162.0,0.0,0.0,0.0,0.0,0.0,0.0
362.0,19832.0,56132.0,36300.0,18150.0,1.8303751512706736,65.90311554470134,13644.630050825688,1.453465570420496,0.0,0.0,1.0,inf,19832.0,inf,215.0,47.0,168.0,0.0,0.0,0.0,0.0,0.0,0.0
363.0,19877.0,56257.0,36380.0,18190.0,1.8302560748603913,65.90311554470134,13644.630050825688,1.4567635711601552,0.0,0.0,1.0,inf,19877.0,inf,215.0,45.0,170.0,0.0,0.0,0.0,0.0,0.0,0.0
364.0,19924.0,56394.0,36470.0,18235.0,1.8304557317807668,65.90311554470134,13644.630050825688,1.460208149710466,0.0,0.0,1.0,inf,19924.0,inf,216.0,47.0,169.0,0.0,0.0,0.0,0.0,0.0,0.0
365.0,19969.0,56523.0,36554.0,18277.0,1.8305373328659422,65.90311554470134,13644.630050825688,1.4635061504501252,0.0,0.0,1.0,inf,19969.0,inf,217.0,45.0,172.0,0.0,0.0,0.0,0.0,0.0,0.0
366.0,20016.0,56656.0,36640.0,18320.0,1.8305355715427658,66.538239142443,13908.89023666896,1.4390795857480023,0.0,0.0,1.0,inf,20016.0,inf,214.0,47.0,167.0,0.0,0.0,0.0,0.0,0.0,0.0
367.0,20071.0,56809.0,36738.0,18369.0,1.8304020726421204,66.538239142443,13908.89023666896,1.443033891164476,0.0,0.0,1.0,inf,20071.0,inf,220.0,55.0,165.0,0.0,0.0,0.0,0.0,0.0,0.0
368.0,20128.0,56974.0,36846.0,18423.0,1.8305842607313196,66.538239142443,13908.89023666896,1.4471319895051853,0.0,0.0,1.0,inf,20128.0,inf,218.0,57.0,161.0,0.0,0.0,0.0,0.0,0.0,0.0
369.0,20185.0,57135.0,36950.0,18475.0,1.8305672529105772,66.538239142443,13908.89023666896,1.4512300878458946,0.0,0.0,1.0,inf,20185.0,inf,214.0,57.0,157.0,0.0,0.0,0.0,0.0,0.0,0.0
370.0,20245.0,57297.0,37052.0,18526.0,1.8301802914299827,66.538239142443,13908.89023666896,1.4555438755729568,0.0,0.0,1.0,inf,20245.0,inf,217.0,60.0,157.0,0.0,0.0,0.0,0.0,0.0,0.0
371.0,20301.0,57453.0,37152.0,18576.0,1.8300576326289346,66.538239142443,13908.89023666896,1.4595700774515485,0.0,0.0,1.0,inf,20301.0,inf,213.0,56.0,157.0,0.0,0.0,0.0,0.0,0.0,0.0
372.0,20351.0,57585.0,37234.0,18617.0,1.8295906835044962,66.538239142443,13908.89023666896,1.4631649005574339,0.0,0.0,1.0,inf,20351.0,inf,216.0,50.0,166.0,0.0,0.0,0.0,0.0,0.0,0.0
373.0,20406.0,57742.0,37336.0,18668.0,1.8296579437420366,66.538239142443,13908.89023666896,1.4671192059739075,0.0,0.0,1.0,inf,20406.0,inf,215.0,55.0,160.0,0.0,0.0,0.0,0.0,0.0,0.0
374.0,20457.0,57889.0,37432.0,18716.0,1.8297893141711883,66.538239142443,13908.89023666896,1.4707859255419107,0.0,0.0,1.0,inf,20457.0,inf,213.0,51.0,162.0,0.0,0.0,0.0,0.0,0.0,0.0
375.0,20513.0,58049.0,37536.0,18768.0,1.829863988690099,66.538239142443,13908.89023666896,1.4748121274205022,0.0,0.0,1.0,inf,20513.0,inf,215.0,56.0,159.0,0.0,0.0,0.0,0.0,0.0,0.0
376.0,20566.0,58200.0,37634.0,18817.0,1.829913449382476,66.538239142443,13908.89023666896,1.4786226399127405,0.0,0.0,1.0,inf,20566.0,inf,219.0,53.0,166.0,0.0,0.0,0.0,0.0,0.0,0.0
377.0,20617.0,58345.0,37728.0,18864.0,1.8299461609351506,66.538239142443,13908.89023666896,1.4822893594807436,0.0,0.0,1.0,inf,20617.0,inf,217.0,51.0,166.0,0.0,0.0,0.0,0.0,0.0,0.0
378.0,20665.0,58479.0,37814.0,18907.0,1.8298572465521412,66.538239142443,13908.89023666896,1.4857403896623935,0.0,0.0,1.0,inf,20665.0,inf,215.0,48.0,167.0,0.0,0.0,0.0,0.0,0.0,0.0
379.0,20717.0,58631.0,37914.0,18957.0,1.8300912294251097,66.538239142443,13908.89023666896,1.4894790056925142,0.0,0.0,1.0,inf,20717.0,inf,219.0,52.0,167.0,0.0,0.0,0.0,0.0,0.0,0.0
380.0,20762.0,58762.0,38000.0,19000.0,1.8302668336383778,66.538239142443,13908.89023666896,1.492714346487811,0.0,0.0,1.0,inf,20762.0,inf,218.0,45.0,173.0,0.0,0.0,0.0,0.0,0.0,0.0
381.0,20813.0,58909.0,38096.0,19048.0,1.8303944649978379,66.538239142443,13908.89023666896,1.496381066055814,0.0,0.0,1.0,inf,20813.0,inf,218.0,51.0,167.0,0.0,0.0,0.0,0.0,0.0,0.0
382.0,20861.0,59039.0,38178.0,19089.0,1.8301136091270793,66.538239142443,13908.89023666896,1.4998320962374638,0.0,0.0,1.0,inf,20861.0,inf,217.0,48.0,169.0,0.0,0.0,0.0,0.0,0.0,0.0
383.0,20918.0,59204.0,38286.0,19143.0,1.8302897026484368,66.538239142443,13908.89023666896,1.5039301945781731,0.0,0.0,1.0,inf,20918.0,inf,218.0,57.0,161.0,0.0,0.0,0.0,0.0,0.0,0.0
384.0,20955.0,59309.0,38354.0,19177.0,1.8303030303030303,66.538239142443,13908.89023666896,1.506590363676528,0.0,0.0,1.0,inf,20955.0,inf,218.0,37.0,181.0,0.0,0.0,0.0,0.0,0.0,0.0
385.0,21007.0,59461.0,38454.0,19227.0,1.8305326795829961,66.538239142443,13908.89023666896,1.5103289797066488,0.0,0.0,1.0,inf,21007.0,inf,219.0,52.0,167.0,0.0,0.0,0.0,0.0,0.0,0.0
386.0,21051.0,59579.0,38528.0,19264.0,1.8302218421927698,66.538239142443,13908.89023666896,1.513492424039828,0.0,0.0,1.0,inf,21051.0,inf,216.0,44.0,172.0,0.0,0.0,0.0,0.0,0.0,0.0
387.0,21096.0,59704.0,38608.0,19304.0,1.8301099734546833,66.538239142443,13908.89023666896,1.5167277648351247,0.0,0.0,1.0,inf,21096.0,inf,220.0,45.0,175.0,0.0,0.0,0.0,0.0,0.0,0.0
388.0,21136.0,59816.0,38680.0,19340.0,1.8300529901589704,66.538239142443,13908.89023666896,1.519603623319833,0.0,0.0,1.0,inf,21136.0,inf,219.0,40.0,179.0,0.0,0.0,0.0,0.0,0.0,0.0
389.0,21193.0,59977.0,38784.0,19392.0,1.8300382201670362,66.538239142443,13908.89023666896,1.5237017216605422,0.0,0.0,1.0,inf,21193.0,inf,218.0,57.0,161.0,0.0,0.0,0.0,0.0,0.0,0.0
390.0,21243.0,60123.0,38880.0,19440.0,1.8302499646942523,66.538239142443,13908.89023666896,1.5272965447664275,0.0,0.0,1.0,inf,21243.0,inf,216.0,50.0,166.0,0.0,0.0,0.0,0.0,0.0,0.0
391.0,21283.0,60233.0,38950.0,19475.0,1.8300991401588123,66.538239142443,13908.89023666896,1.5301724032511357,0.0,0.0,1.0,inf,21283.0,inf,219.0,40.0,179.0,0.0,0.0,0.0,0.0,0.0,0.0
392.0,21320.0,60338.0,39018.0,19509.0,1.830112570356473,66.538239142443,13908.89023666896,1.5328325723494909,0.0,0.0,1.0,inf,21320.0,inf,219.0,37.0,182.0,0.0,0.0,0.0,0.0,0.0,0.0
393.0,21365.0,60465.0,39100.0,19550.0,1.830095951322256,66.538239142443,13908.89023666896,1.5360679131447876,0.0,0.0,1.0,inf,21365.0,inf,217.0,45.0,172.0,0.0,0.0,0.0,0.0,0.0,0.0
394.0,21414.0,60606.0,39192.0,19596.0,1.8302045390865789,66.538239142443,13908.89023666896,1.5395908397885552,0.0,0.0,1.0,inf,21414.0,inf,217.0,49.0,168.0,0.0,0.0,0.0,0.0,0.0,0.0
395.0,21461.0,60743.0,39282.0,19641.0,1.8303900097851917,66.538239142443,13908.89023666896,1.5429699735080873,0.0,0.0,1.0,inf,21461.0,inf,216.0,47.0,169.0,0.0,0.0,0.0,0.0,0.0,0.0
396.0,21501.0,60857.0,39356.0,19678.0,1.8304264917910795,66.538239142443,13908.89023666896,1.5458458319927957,0.0,0.0,1.0,inf,21501.0,inf,218.0,40.0,178.0,0.0,0.0,0.0,0.0,0.0,0.0
397.0,21556.0,61016.0,39460.0,19730.0,1.8305808127667471,66.538239142443,13908.89023666896,1.5498001374092694,0.0,0.0,1.0,inf,21556.0,inf,218.0,55.0,163.0,0.0,0.0,0.0,0.0,0.0,0.0
398.0,21602.0,61140.0,39538.0,19769.0,1.8302934913433941,66.538239142443,13908.89023666896,1.553107374666684,0.0,0.0,1.0,inf,21602.0,inf,216.0,46.0,170.0,0.0,0.0,0.0,0.0,0.0,0.0
399.0,21637.0,61245.0,39608.0,19804.0,1.8305680085039515,66.538239142443,13908.89023666896,1.5556237508408035,0.0,0.0,1.0,inf,21637.0,inf,220.0,35.0,185.0,0.0,0.0,0.0,0.0,0.0,0.0
400.0,21676.0,61354.0,39678.0,19839.0,1.8305037829857906,66.538239142443,13908.89023666896,1.558427712863394,0.0,0.0,1.0,inf,21676.0,inf,217.0,39.0,178.0,0.0,0.0,0.0,0.0,0.0,0.0
401.0,21709.0,61447.0,39738.0,19869.0,1.8304850522824634,66.538239142443,13908.89023666896,1.5608002961132785,0.0,0.0,1.0,inf,21709.0,inf,218.0,33.0,185.0,0.0,0.0,0.0,0.0,0.0,0.0
402.0,21757.0,61585.0,39828.0,19914.0,1.8305832605598198,66.84915288288455,14039.178282320148,1.5497345758048444,0.0,0.0,1.0,inf,21757.0,inf,220.0,48.0,172.0,0.0,0.0,0.0,0.0,0.0,0.0
403.0,21805.0,61723.0,39918.0,19959.0,1.8306810364595276,66.84915288288455,14039.178282320148,1.5531535793273261,0.0,0.0,1.0,inf,21805.0,inf,216.0,48.0,168.0,0.0,0.0,0.0,0.0,0.0,0.0
404.0,21847.0,61839.0,39992.0,19996.0,1.8305488167711814,66.84915288288455,14039.178282320148,1.5561452074094975,0.0,0.0,1.0,inf,21847.0,inf,218.0,42.0,176.0,0.0,0.0,0.0,0.0,0.0,0.0
405.0,21897.0,61981.0,40084.0,20042.0,1.8305703977713843,67.03641322214212,14117.94258597122,1.5510050325433897,0.0,0.0,1.0,inf,21897.0,inf,219.0,50.0,169.0,0.0,0.0,0.0,0.0,0.0,0.0
406.0,21943.0,62113.0,40170.0,20085.0,1.8306521441917696,67.03641322214212,14117.94258597122,1.5542632976708957,0.0,0.0,1.0,inf,21943.0,inf,215.0,46.0,169.0,0.0,0.0,0.0,0.0,0.0,0.0
407.0,21995.0,62257.0,40262.0,20131.0,1.8305069333939532,67.30077200116988,14229.510639007294,1.5457313015182128,0.0,0.0,1.0,inf,21995.0,inf,220.0,52.0,168.0,0.0,0.0,0.0,0.0,0.0,0.0
408.0,22045.0,62393.0,40348.0,20174.0,1.830256293944205,67.30077200116988,14229.510639007294,1.5492451257999091,0.0,0.0,1.0,inf,22045.0,inf,218.0,50.0,168.0,0.0,0.0,0.0,0.0,0.0,0.0
409.0,22089.0,62517.0,40428.0,20214.0,1.8302322422925439,67.30077200116988,14229.510639007294,1.5523372911678017,0.0,0.0,1.0,inf,22089.0,inf,217.0,44.0,173.0,0.0,0.0,0.0,0.0,0.0,0.0
410.0,22127.0,62627.0,40500.0,20250.0,1.8303430198400144,67.30077200116988,14229.510639007294,1.555007797621891,0.0,0.0,1.0,inf,22127.0,inf,218.0,38.0,180.0,0.0,0.0,0.0,0.0,0.0,0.0
411.0,22177.0,62769.0,40592.0,20296.0,1.8303647923524373,67.30077200116988,14229.510639007294,1.5585216219035873,0.0,0.0,1.0,inf,22177.0,inf,217.0,50.0,167.0,0.0,0.0,0.0,0.0,0.0,0.0
412.0,22216.0,62876.0,40660.0,20330.0,1.8302124594886569,67.30077200116988,14229.510639007294,1.5612624048433106,0.0,0.0,1.0,inf,22216.0,inf,214.0,39.0,175.0,0.0,0.0,0.0,0.0,0.0,0.0
413.0,22252.0,62974.0,40722.0,20361.0,1.830037749415783,67.30077200116988,14229.510639007294,1.563792358326132,0.0,0.0,1.0,inf,22252.0,inf,215.0,36.0,179.0,0.0,0.0,0.0,0.0,0.0,0.0
414.0,22290.0,63086.0,40796.0,20398.0,1.8302377747868999,67.30077200116988,14229.510639007294,1.566462864780221,0.0,0.0,1.0,inf,22290.0,inf,219.0,38.0,181.0,0.0,0.0,0.0,0.0,0.0,0.0
415.0,22340.0,63232.0,40892.0,20446.0,1.8304386750223813,67.30077200116988,14229.510639007294,1.5699766890619173,0.0,0.0,1.0,inf,22340.0,inf,217.0,50.0,167.0,0.0,0.0,0.0,0.0,0.0,0.0
416.0,22381.0,63349.0,40968.0,20484.0,1.8304812117421028,67.30077200116988,14229.510639007294,1.5728580249729083,0.0,0.0,1.0,inf,22381.0,inf,219.0,41.0,178.0,0.0,0.0,0.0,0.0,0.0,0.0
417.0,22429.0,63487.0,41058.0,20529.0,1.8305764857996345,67.30077200116988,14229.510639007294,1.576231296283337,0.0,0.0,1.0,inf,22429.0,inf,220.0,48.0,172.0,0.0,0.0,0.0,0.0,0.0,0.0
418.0,22475.0,63617.0,41142.0,20571.0,1.8305672969966629,67.30077200116988,14229.510639007294,1.5794640146224974,0.0,0.0,1.0,inf,22475.0,inf,219.0,46.0,173.0,0.0,0.0,0.0,0.0,0.0,0.0
419.0,22514.0,63732.0,41218.0,20609.0,1.8307719641112197,67.30077200116988,14229.510639007294,1.5822047975622207,0.0,0.0,1.0,inf,22514.0,inf,215.0,39.0,176.0,0.0,0.0,0.0,0.0,0.0,0.0
420.0,22553.0,63837.0,41284.0,20642.0,1.8305325233893495,67.30077200116988,14229.510639007294,1.5849455805019437,0.0,0.0,1.0,inf,22553.0,inf,220.0,39.0,181.0,0.0,0.0,0.0,0.0,0.0,0.0
421.0,22590.0,63940.0,41350.0,20675.0,1.83045595396193,67.30077200116988,14229.510639007294,1.587545810470399,0.0,0.0,1.0,inf,22590.0,inf,218.0,37.0,181.0,0.0,0.0,0.0,0.0,0.0,0.0
422.0,22642.0,64088.0,41446.0,20723.0,1.8304920060065366,67.30077200116988,14229.510639007294,1.5912001877233632,0.0,0.0,1.0,inf,22642.0,inf,220.0,52.0,168.0,0.0,0.0,0.0,0.0,0.0,0.0
423.0,22681.0,64189.0,41508.0,20754.0,1.8300780388871742,67.30077200116988,14229.510639007294,1.5939409706630863,0.0,0.0,1.0,inf,22681.0,inf,218.0,39.0,179.0,0.0,0.0,0.0,0.0,0.0,0.0
424.0,22726.0,64320.0,41594.0,20797.0,1.830238493355628,67.30077200116988,14229.510639007294,1.597103412516613,0.0,0.0,1.0,inf,22726.0,inf,217.0,45.0,172.0,0.0,0.0,0.0,0.0,0.0,0.0
425.0,22765.0,64429.0,41664.0,20832.0,1.830177904678234,68.1140490606375,14575.49350746867,1.5618682131301367,0.0,0.0,1.0,inf,22765.0,inf,218.0,39.0,179.0,0.0,0.0,0.0,0.0,0.0,0.0
426.0,22804.0,64538.0,41734.0,20867.0,1.8301175232415365,68.1140490606375,14575.49350746867,1.5645439372817764,0.0,0.0,1.0,inf,22804.0,inf,219.0,39.0,180.0,0.0,0.0,0.0,0.0,0.0,0.0
427.0,22849.0,64669.0,41820.0,20910.0,1.830277036194144,68.1140490606375,14575.49350746867,1.567631311302899,0.0,0.0,1.0,inf,22849.0,inf,216.0,45.0,171.0,0.0,0.0,0.0,0.0,0.0,0.0
428.0,22898.0,64802.0,41904.0,20952.0,1.830028823478033,68.1140490606375,14575.49350746867,1.5709931185703436,0.0,0.0,1.0,inf,22898.0,inf,216.0,49.0,167.0,0.0,0.0,0.0,0.0,0.0,0.0
429.0,22939.0,64923.0,41984.0,20992.0,1.830245433541131,68.1140490606375,14575.49350746867,1.5738060593451442,0.0,0.0,1.0,inf,22939.0,inf,219.0,41.0,178.0,0.0,0.0,0.0,0.0,0.0,0.0
430.0,22984.0,65050.0,42066.0,21033.0,1.830229725026105,68.1140490606375,14575.49350746867,1.5768934333662668,0.0,0.0,1.0,inf,22984.0,inf,217.0,45.0,172.0,0.0,0.0,0.0,0.0,0.0,0.0
431.0,23038.0,65202.0,42164.0,21082.0,1.8301935931938536,68.1140490606375,14575.49350746867,1.580598282191614,0.0,0.0,1.0,inf,23038.0,inf,219.0,54.0,165.0,0.0,0.0,0.0,0.0,0.0,0.0
432.0,23082.0,65324.0,42242.0,21121.0,1.8300840481760678,68.1140490606375,14575.49350746867,1.583617047901156,0.0,0.0,1.0,inf,23082.0,inf,217.0,44.0,173.0,0.0,0.0,0.0,0.0,0.0,0.0
433.0,23122.0,65434.0,42312.0,21156.0,1.8299455064440793,68.1140490606375,14575.49350746867,1.5863613803643761,0.0,0.0,1.0,inf,23122.0,inf,218.0,40.0,178.0,0.0,0.0,0.0,0.0,0.0,0.0
434.0,23173.0,65579.0,42406.0,21203.0,1.8299745393345703,68.1140490606375,14575.49350746867,1.5898604042549818,0.0,0.0,1.0,inf,23173.0,inf,217.0,51.0,166.0,0.0,0.0,0.0,0.0,0.0,0.0
435.0,23210.0,65682.0,42472.0,21236.0,1.8299009047824213,68.1140490606375,14575.49350746867,1.5923989117834603,0.0,0.0,1.0,inf,23210.0,inf,219.0,37.0,182.0,0.0,0.0,0.0,0.0,0.0,0.0
436.0,23264.0,65836.0,42572.0,21286.0,1.8299518569463549,68.1140490606375,14575.49350746867,1.5961037606088075,0.0,0.0,1.0,inf,23264.0,inf,220.0,54.0,166.0,0.0,0.0,0.0,0.0,0.0,0.0
437.0,23308.0,65958.0,42650.0,21325.0,1.8298438304444826,68.1140490606375,14575.49350746867,1.5991225263183495,0.0,0.0,1.0,inf,23308.0,inf,219.0,44.0,175.0,0.0,0.0,0.0,0.0,0.0,0.0
438.0,23352.0,66086.0,42734.0,21367.0,1.8299931483384722,68.1140490606375,14575.49350746867,1.6021412920278917,0.0,0.0,1.0,inf,23352.0,inf,216.0,44.0,172.0,0.0,0.0,0.0,0.0,0.0,0.0
439.0,23385.0,66181.0,42796.0,21398.0,1.830062005559119,68.7496025354636,14848.76233487501,1.574878732153729,0.0,0.0,1.0,inf,23385.0,inf,217.0,33.0,184.0,0.0,0.0,0.0,0.0,0.0,0.0
440.0,23436.0,66328.0,42892.0,21446.0,1.8301757979177333,68.7496025354636,14848.76233487501,1.5783133618454048,0.0,0.0,1.0,inf,23436.0,inf,217.0,51.0,166.0,0.0,0.0,0.0,0.0,0.0,0.0
441.0,23482.0,66452.0,42970.0,21485.0,1.8299122732305595,68.7496025354636,14848.76233487501,1.581411263135936,0.0,0.0,1.0,inf,23482.0,inf,215.0,46.0,169.0,0.0,0.0,0.0,0.0,0.0,0.0
442.0,23531.0,66597.0,43066.0,21533.0,1.8301814627512643,68.7496025354636,14848.76233487501,1.584711201467154,0.0,0.0,1.0,inf,23531.0,inf,218.0,49.0,169.0,0.0,0.0,0.0,0.0,0.0,0.0
443.0,23588.0,66756.0,43168.0,21584.0,1.8300830930981855,68.7496025354636,14848.76233487501,1.5885499052402037,0.0,0.0,1.0,inf,23588.0,inf,220.0,57.0,163.0,0.0,0.0,0.0,0.0,0.0,0.0
444.0,23637.0,66895.0,43258.0,21629.0,1.830096882007023,68.7496025354636,14848.76233487501,1.5918498435714215,0.0,0.0,1.0,inf,23637.0,inf,217.0,49.0,168.0,0.0,0.0,0.0,0.0,0.0,0.0
445.0,23684.0,67030.0,43346.0,21673.0,1.8301807127174463,68.7496025354636,14848.76233487501,1.5950150905421816,0.0,0.0,1.0,inf,23684.0,inf,215.0,47.0,168.0,0.0,0.0,0.0,0.0,0.0,0.0
446.0,23732.0,67170.0,43438.0,21719.0,1.8303556379571886,68.7496025354636,14848.76233487501,1.5982476831931707,0.0,0.0,1.0,inf,23732.0,inf,218.0,48.0,170.0,0.0,0.0,0.0,0.0,0.0,0.0
447.0,23772.0,67280.0,43508.0,21754.0,1.8302204273935723,68.7496025354636,14848.76233487501,1.6009415104023283,0.0,0.0,1.0,inf,23772.0,inf,217.0,40.0,177.0,0.0,0.0,0.0,0.0,0.0,0.0
448.0,23817.0,67411.0,43594.0,21797.0,1.8303732627954823,68.7496025354636,14848.76233487501,1.6039720660126304,0.0,0.0,1.0,inf,23817.0,inf,219.0,45.0,174.0,0.0,0.0,0.0,0.0,0.0,0.0
449.0,23864.0,67546.0,43682.0,21841.0,1.8304559168622192,68.7496025354636,14848.76233487501,1.6071373129833906,0.0,0.0,1.0,inf,23864.0,inf,220.0,47.0,173.0,0.0,0.0,0.0,0.0,0.0,0.0
450.0,23902.0,67658.0,43756.0,21878.0,1.830641787298134,68.7496025354636,14848.76233487501,1.6096964488320902,0.0,0.0,1.0,inf,23902.0,inf,219.0,38.0,181.0,0.0,0.0,0.0,0.0,0.0,0.0
451.0,23952.0,67796.0,43844.0,21922.0,1.830494321977288,68.7496025354636,14848.76233487501,1.613063732843537,0.0,0.0,1.0,inf,23952.0,inf,219.0,50.0,169.0,0.0,0.0,0.0,0.0,0.0,0.0
452.0,23993.0,67915.0,43922.0,21961.0,1.8306172633684825,68.7496025354636,14848.76233487501,1.6158249057329237,0.0,0.0,1.0,inf,23993.0,inf,216.0,41.0,175.0,0.0,0.0,0.0,0.0,0.0,0.0
453.0,24042.0,68050.0,44008.0,22004.0,1.830463355794027,68.7496025354636,14848.76233487501,1.6191248440641417,0.0,0.0,1.0,inf,24042.0,inf,218.0,49.0,169.0,0.0,0.0,0.0,0.0,0.0,0.0
454.0,24085.0,68175.0,44090.0,22045.0,1.830599958480382,68.7496025354636,14848.76233487501,1.6220207083139861,0.0,0.0,1.0,inf,24085.0,inf,217.0,43.0,174.0,0.0,0.0,0.0,0.0,0.0,0.0
455.0,24121.0,68273.0,44152.0,22076.0,1.8304382073711702,68.7496025354636,14848.76233487501,1.624445152802228,0.0,0.0,1.0,inf,24121.0,inf,217.0,36.0,181.0,0.0,0.0,0.0,0.0,0.0,0.0
456.0,24166.0,68404.0,44238.0,22119.0,1.8305884300256559,68.7496025354636,14848.76233487501,1.62747570841253,0.0,0.0,1.0,inf,24166.0,inf,219.0,45.0,174.0,0.0,0.0,0.0,0.0,0.0,0.0
457.0,24213.0,68531.0,44318.0,22159.0,1.8303390740511296,68.88200103782678,14906.009121675803,1.6243784504861394,0.0,0.0,1.0,inf,24213.0,inf,218.0,47.0,171.0,0.0,0.0,0.0,0.0,0.0,0.0
458.0,24267.0,68681.0,44414.0,22207.0,1.8302221123336218,69.5826284705487,15210.781678564688,1.5953815203460253,0.0,0.0,1.0,inf,24267.0,inf,218.0,54.0,164.0,0.0,0.0,0.0,0.0,0.0,0.0
459.0,24317.0,68825.0,44508.0,22254.0,1.8303244643664927,69.5826284705487,15210.781678564688,1.5986686623914905,0.0,0.0,1.0,inf,24317.0,inf,217.0,50.0,167.0,0.0,0.0,0.0,0.0,0.0,0.0
460.0,24362.0,68956.0,44594.0,22297.0,1.8304736885313193,69.5826284705487,15210.781678564688,1.601627090232409,0.0,0.0,1.0,inf,24362.0,inf,217.0,45.0,172.0,0.0,0.0,0.0,0.0,0.0,0.0
461.0,24407.0,69077.0,44670.0,22335.0,1.8302126439136313,69.5826284705487,15210.781678564688,1.6045855180733275,0.0,0.0,1.0,inf,24407.0,inf,217.0,45.0,172.0,0.0,0.0,0.0,0.0,0.0,0.0
462.0,24461.0,69221.0,44760.0,22380.0,1.8298516005069294,69.5826284705487,15210.781678564688,1.60813563148243,0.0,0.0,1.0,inf,24461.0,inf,216.0,54.0,162.0,0.0,0.0,0.0,0.0,0.0,0.0
463.0,24514.0,69374.0,44860.0,22430.0,1.8299747083299338,69.5826284705487,15210.781678564688,1.6116200020506228,0.0,0.0,1.0,inf,24514.0,inf,218.0,53.0,165.0,0.0,0.0,0.0,0.0,0.0,0.0
464.0,24569.0,69525.0,44956.0,22478.0,1.8297855020554357,69.5826284705487,15210.781678564688,1.6152358583006345,0.0,0.0,1.0,inf,24569.0,inf,218.0,55.0,163.0,0.0,0.0,0.0,0.0,0.0,0.0
465.0,24619.0,69665.0,45046.0,22523.0,1.8297250091392827,69.5826284705487,15210.781678564688,1.6185230003460995,0.0,0.0,1.0,inf,24619.0,inf,215.0,50.0,165.0,0.0,0.0,0.0,0.0,0.0,0.0
466.0,24669.0,69809.0,45140.0,22570.0,1.8298269082654344,69.5826284705487,15210.781678564688,1.6218101423915647,0.0,0.0,1.0,inf,24669.0,inf,218.0,50.0,168.0,0.0,0.0,0.0,0.0,0.0,0.0
467.0,24710.0,69922.0,45212.0,22606.0,1.8297045730473493,69.5826284705487,15210.781678564688,1.624505598868846,0.0,0.0,1.0,inf,24710.0,inf,216.0,41.0,175.0,0.0,0.0,0.0,0.0,0.0,0.0
468.0,24750.0,70040.0,45290.0,22645.0,1.82989898989899,69.5826284705487,15210.781678564688,1.6271353125052181,0.0,0.0,1.0,inf,24750.0,inf,218.0,40.0,178.0,0.0,0.0,0.0,0.0,0.0,0.0
469.0,24796.0,70172.0,45376.0,22688.0,1.8299725762219712,69.5826284705487,15210.781678564688,1.630159483187046,0.0,0.0,1.0,inf,24796.0,inf,213.0,46.0,167.0,0.0,0.0,0.0,0.0,0.0,0.0
470.0,24837.0,70285.0,45448.0,22724.0,1.829850626082055,69.5826284705487,15210.781678564688,1.6328549396643273,0.0,0.0,1.0,inf,24837.0,inf,218.0,41.0,177.0,0.0,0.0,0.0,0.0,0.0,0.0
471.0,24883.0,70419.0,45536.0,22768.0,1.8300044206888237,69.5826284705487,15210.781678564688,1.6358791103461552,0.0,0.0,1.0,inf,24883.0,inf,218.0,46.0,172.0,0.0,0.0,0.0,0.0,0.0,0.0
472.0,24927.0,70543.0,45616.0,22808.0,1.8299835519717575,69.5826284705487,15210.781678564688,1.6387717953461645,0.0,0.0,1.0,inf,24927.0,inf,216.0,44.0,172.0,0.0,0.0,0.0,0.0,0.0,0.0
473.0,24978.0,70690.0,45712.0,22856.0,1.8300904796220674,69.5826284705487,15210.781678564688,1.6421246802325389,0.0,0.0,1.0,inf,24978.0,inf,214.0,51.0,163.0,0.0,0.0,0.0,0.0,0.0,0.0
474.0,25012.0,70784.0,45772.0,22886.0,1.8300015992323684,69.96312596204686,15377.59022525294,1.6265227277890082,0.0,0.0,1.0,inf,25012.0,inf,218.0,34.0,184.0,0.0,0.0,0.0,0.0,0.0,0.0
475.0,25055.0,70901.0,45846.0,22923.0,1.8298144083017363,69.96312596204686,15377.59022525294,1.6293190046679034,0.0,0.0,1.0,inf,25055.0,inf,218.0,43.0,175.0,0.0,0.0,0.0,0.0,0.0,0.0
476.0,25097.0,71021.0,45924.0,22962.0,1.8298601426465315,69.96312596204686,15377.59022525294,1.6320502518519406,0.0,0.0,1.0,inf,25097.0,inf,216.0,42.0,174.0,0.0,0.0,0.0,0.0,0.0,0.0
477.0,25137.0,71137.0,46000.0,23000.0,1.8299717547837848,69.96312596204686,15377.59022525294,1.6346514396462617,0.0,0.0,1.0,inf,25137.0,inf,212.0,40.0,172.0,0.0,0.0,0.0,0.0,0.0,0.0
478.0,25180.0,71260.0,46080.0,23040.0,1.8300238284352661,69.96312596204686,15377.59022525294,1.637447716525157,0.0,0.0,1.0,inf,25180.0,inf,217.0,43.0,174.0,0.0,0.0,0.0,0.0,0.0,0.0
479.0,25221.0,71375.0,46154.0,23077.0,1.8299829507156735,70.32545451560037,15537.279134240178,1.6232571856432305,0.0,0.0,1.0,inf,25221.0,inf,218.0,41.0,177.0,0.0,0.0,0.0,0.0,0.0,0.0
480.0,25273.0,71521.0,46248.0,23124.0,1.8299370870098524,70.32545451560037,15537.279134240178,1.6266039749717047,0.0,0.0,1.0,inf,25273.0,inf,219.0,52.0,167.0,0.0,0.0,0.0,0.0,0.0,0.0
481.0,25317.0,71649.0,46332.0,23166.0,1.830074653394952,70.32545451560037,15537.279134240178,1.6294358736342598,0.0,0.0,1.0,inf,25317.0,inf,219.0,44.0,175.0,0.0,0.0,0.0,0.0,0.0,0.0
482.0,25373.0,71797.0,46424.0,23212.0,1.829661451148859,70.32545451560037,15537.279134240178,1.6330401082956936,0.0,0.0,1.0,inf,25373.0,inf,218.0,56.0,162.0,0.0,0.0,0.0,0.0,0.0,0.0
483.0,25424.0,71940.0,46516.0,23258.0,1.82960981749528,70.32545451560037,15537.279134240178,1.636322536290928,0.0,0.0,1.0,inf,25424.0,inf,219.0,51.0,168.0,0.0,0.0,0.0,0.0,0.0,0.0
484.0,25468.0,72064.0,46596.0,23298.0,1.8295900738181248,70.32545451560037,15537.279134240178,1.639154434953483,0.0,0.0,1.0,inf,25468.0,inf,218.0,44.0,174.0,0.0,0.0,0.0,0.0,0.0,0.0
485.0,25524.0,72216.0,46692.0,23346.0,1.8293370944992948,70.32545451560037,15537.279134240178,1.6427586696149168,0.0,0.0,1.0,inf,25524.0,inf,219.0,56.0,163.0,0.0,0.0,0.0,0.0,0.0,0.0
486.0,25572.0,72354.0,46782.0,23391.0,1.829422806194275,70.32545451560037,15537.279134240178,1.6458480136104314,0.0,0.0,1.0,inf,25572.0,inf,217.0,48.0,169.0,0.0,0.0,0.0,0.0,0.0,0.0
487.0,25620.0,72484.0,46864.0,23432.0,1.8291959406713505,70.32545451560037,15537.279134240178,1.648937357605946,0.0,0.0,1.0,inf,25620.0,inf,217.0,48.0,169.0,0.0,0.0,0.0,0.0,0.0,0.0
488.0,25663.0,72609.0,46946.0,23473.0,1.8293262673888477,70.32545451560037,15537.279134240178,1.6517048949352613,0.0,0.0,1.0,inf,25663.0,inf,218.0,43.0,175.0,0.0,0.0,0.0,0.0,0.0,0.0
489.0,25711.0,72747.0,47036.0,23518.0,1.8294115359184784,70.32545451560037,15537.279134240178,1.654794238930776,0.0,0.0,1.0,inf,25711.0,inf,218.0,48.0,170.0,0.0,0.0,0.0,0.0,0.0,0.0
490.0,25761.0,72891.0,47130.0,23565.0,1.8295097240013976,70.32545451560037,15537.279134240178,1.6580123055927702,0.0,0.0,1.0,inf,25761.0,inf,219.0,50.0,169.0,0.0,0.0,0.0,0.0,0.0,0.0
491.0,25802.0,73008.0,47206.0,23603.0,1.8295480970467406,70.32545451560037,15537.279134240178,1.6606511202556058,0.0,0.0,1.0,inf,25802.0,inf,217.0,41.0,176.0,0.0,0.0,0.0,0.0,0.0,0.0
492.0,25844.0,73132.0,47288.0,23644.0,1.8297477170716607,70.32545451560037,15537.279134240178,1.6633542962516812,0.0,0.0,1.0,inf,25844.0,inf,217.0,42.0,175.0,0.0,0.0,0.0,0.0,0.0,0.0
493.0,25889.0,73261.0,47372.0,23686.0,1.8298118892193596,70.32545451560037,15537.279134240178,1.666250556247476,0.0,0.0,1.0,inf,25889.0,inf,218.0,45.0,173.0,0.0,0.0,0.0,0.0,0.0,0.0
494.0,25926.0,73362.0,47436.0,23718.0,1.8296690580884054,70.32545451560037,15537.279134240178,1.668631925577352,0.0,0.0,1.0,inf,25926.0,inf,218.0,37.0,181.0,0.0,0.0,0.0,0.0,0.0,0.0
495.0,25974.0,73496.0,47522.0,23761.0,1.8295988295988297,70.94708658229004,15813.172361252535,1.642554663076008,0.0,0.0,1.0,inf,25974.0,inf,217.0,48.0,169.0,0.0,0.0,0.0,0.0,0.0,0.0
496.0,26013.0,73607.0,47594.0,23797.0,1.8296236497136047,70.94708658229004,15813.172361252535,1.645020961368915,0.0,0.0,1.0,inf,26013.0,inf,216.0,39.0,177.0,0.0,0.0,0.0,0.0,0.0,0.0
497.0,26065.0,73755.0,47690.0,23845.0,1.8296566276616153,70.94708658229004,15813.172361252535,1.6483093590927909,0.0,0.0,1.0,inf,26065.0,inf,219.0,52.0,167.0,0.0,0.0,0.0,0.0,0.0,0.0
498.0,26113.0,73891.0,47778.0,23889.0,1.829663386052924,70.94708658229004,15813.172361252535,1.6513448031455993,0.0,0.0,1.0,inf,26113.0,inf,217.0,48.0,169.0,0.0,0.0,0.0,0.0,0.0,0.0
499.0,26164.0,74044.0,47880.0,23940.0,1.8299954135453294,70.94708658229004,15813.172361252535,1.6545699624517085,0.0,0.0,1.0,inf,26164.0,inf,219.0,51.0,168.0,0.0,0.0,0.0,0.0,0.0,0.0
500.0,26208.0,74166.0,47958.0,23979.0,1.8298992673992673,70.94708658229004,15813.172361252535,1.6573524528334496,0.0,0.0,1.0,inf,26208.0,inf,220.0,44.0,176.0,0.0,0.0,0.0,0.0,0.0,0.0
501.0,26269.0,74347.0,48078.0,24039.0,1.8302181278312841,70.94708658229004,15813.172361252535,1.661209996317227,0.0,0.0,1.0,inf,26269.0,inf,218.0,61.0,157.0,0.0,0.0,0.0,0.0,0.0,0.0
502.0,26314.0,74478.0,48164.0,24082.0,1.8303564642395682,70.94708658229004,15813.172361252535,1.664055725116735,0.0,0.0,1.0,inf,26314.0,inf,220.0,45.0,175.0,0.0,0.0,0.0,0.0,0.0,0.0
503.0,26362.0,74618.0,48256.0,24128.0,1.83051361808664,70.94708658229004,15813.172361252535,1.6670911691695436,0.0,0.0,1.0,inf,26362.0,inf,216.0,48.0,168.0,0.0,0.0,0.0,0.0,0.0,0.0
504.0,26410.0,74758.0,48348.0,24174.0,1.83067020068156,70.94708658229004,15813.172361252535,1.670126613222352,0.0,0.0,1.0,inf,26410.0,inf,218.0,48.0,170.0,0.0,0.0,0.0,0.0,0.0,0.0
505.0,26457.0,74887.0,48430.0,24215.0,1.8305174433987224,70.94708658229004,15813.172361252535,1.6730988188573936,0.0,0.0,1.0,inf,26457.0,inf,219.0,47.0,172.0,0.0,0.0,0.0,0.0,0.0,0.0
506.0,26509.0,75035.0,48526.0,24263.0,1.830548115734279,70.94708658229004,15813.172361252535,1.6763872165812697,0.0,0.0,1.0,inf,26509.0,inf,218.0,52.0,166.0,0.0,0.0,0.0,0.0,0.0,0.0
507.0,26562.0,75188.0,48626.0,24313.0,1.8306603418417289,70.94708658229004,15813.172361252535,1.6797388527229125,0.0,0.0,1.0,inf,26562.0,inf,219.0,53.0,166.0,0.0,0.0,0.0,0.0,0.0,0.0
508.0,26590.0,75270.0,48680.0,24340.0,1.8307634449040993,70.94708658229004,15813.172361252535,1.681509528420384,0.0,0.0,1.0,inf,26590.0,inf,217.0,28.0,189.0,0.0,0.0,0.0,0.0,0.0,0.0
509.0,26634.0,75398.0,48764.0,24382.0,1.8308928437335736,70.94708658229004,15813.172361252535,1.684292018802125,0.0,0.0,1.0,inf,26634.0,inf,218.0,44.0,174.0,0.0,0.0,0.0,0.0,0.0,0.0
510.0,26683.0,75529.0,48846.0,24423.0,1.8306037551999401,70.94708658229004,15813.172361252535,1.6873907012727005,0.0,0.0,1.0,inf,26683.0,inf,217.0,49.0,168.0,0.0,0.0,0.0,0.0,0.0,0.0
511.0,26731.0,75669.0,48938.0,24469.0,1.8307582956118365,70.94708658229004,15813.172361252535,1.690426145325509,0.0,0.0,1.0,inf,26731.0,inf,219.0,48.0,171.0,0.0,0.0,0.0,0.0,0.0,0.0
512.0,26773.0,75787.0,49014.0,24507.0,1.8307249841257984,70.94708658229004,15813.172361252535,1.6930821588717164,0.0,0.0,1.0,inf,26773.0,inf,219.0,42.0,177.0,0.0,0.0,0.0,0.0,0.0,0.0
513.0,26808.0,75884.0,49076.0,24538.0,1.8306475678901821,70.94708658229004,15813.172361252535,1.695295503493556,0.0,0.0,1.0,inf,26808.0,inf,219.0,35.0,184.0,0.0,0.0,0.0,0.0,0.0,0.0
514.0,26847.0,75997.0,49150.0,24575.0,1.8307445897120722,70.94708658229004,15813.172361252535,1.6977618017864629,0.0,0.0,1.0,inf,26847.0,inf,219.0,39.0,180.0,0.0,0.0,0.0,0.0,0.0,0.0
515.0,26885.0,76105.0,49220.0,24610.0,1.8307606472010414,71.1071462309545,15884.603226526568,1.6925194552611342,0.0,0.0,1.0,inf,26885.0,inf,219.0,38.0,181.0,0.0,0.0,0.0,0.0,0.0,0.0
516.0,26934.0,76248.0,49314.0,24657.0,1.8309200267320116,71.1071462309545,15884.603226526568,1.695604203384913,0.0,0.0,1.0,inf,26934.0,inf,219.0,49.0,170.0,0.0,0.0,0.0,0.0,0.0,0.0
517.0,26977.0,76371.0,49394.0,24697.0,1.830967120139378,71.1071462309545,15884.603226526568,1.6983112272486374,0.0,0.0,1.0,inf,26977.0,inf,219.0,43.0,176.0,0.0,0.0,0.0,0.0,0.0,0.0
518.0,27011.0,76471.0,49460.0,24730.0,1.8311058457665395,71.1071462309545,15884.603226526568,1.7004516647222798,0.0,0.0,1.0,inf,27011.0,inf,217.0,34.0,183.0,0.0,0.0,0.0,0.0,0.0,0.0
519.0,27056.0,76604.0,49548.0,24774.0,1.8313128326434063,71.24709293865713,15947.190057674494,1.6965998337104822,0.0,0.0,1.0,inf,27056.0,inf,220.0,45.0,175.0,0.0,0.0,0.0,0.0,0.0,0.0
520.0,27095.0,76721.0,49626.0,24813.0,1.8315556375715076,71.24709293865713,15947.190057674494,1.699045405617442,0.0,0.0,1.0,inf,27095.0,inf,217.0,39.0,178.0,0.0,0.0,0.0,0.0,0.0,0.0
521.0,27139.0,76849.0,49710.0,24855.0,1.8316813441910167,71.24709293865713,15947.190057674494,1.7018045123842687,0.0,0.0,1.0,inf,27139.0,inf,220.0,44.0,176.0,0.0,0.0,0.0,0.0,0.0,0.0
522.0,27184.0,76974.0,49790.0,24895.0,1.8315921130076516,71.24709293865713,15947.190057674494,1.7046263261230687,0.0,0.0,1.0,inf,27184.0,inf,220.0,45.0,175.0,0.0,0.0,0.0,0.0,0.0,0.0
523.0,27225.0,77093.0,49868.0,24934.0,1.8316988062442607,71.24709293865713,15947.190057674494,1.7071973119739754,0.0,0.0,1.0,inf,27225.0,inf,215.0,41.0,174.0,0.0,0.0,0.0,0.0,0.0,0.0
524.0,27275.0,77237.0,49962.0,24981.0,1.8317873510540787,71.24709293865713,15947.190057674494,1.7103326605726419,0.0,0.0,1.0,inf,27275.0,inf,219.0,50.0,169.0,0.0,0.0,0.0,0.0,0.0,0.0
525.0,27315.0,77351.0,50036.0,25018.0,1.8318140215998535,71.24709293865713,15947.190057674494,1.7128409394515751,0.0,0.0,1.0,inf,27315.0,inf,216.0,40.0,176.0,0.0,0.0,0.0,0.0,0.0,0.0
526.0,27351.0,77453.0,50102.0,25051.0,1.831816021352053,71.24709293865713,15947.190057674494,1.7150983904426151,0.0,0.0,1.0,inf,27351.0,inf,219.0,36.0,183.0,0.0,0.0,0.0,0.0,0.0,0.0
527.0,27384.0,77538.0,50154.0,25077.0,1.8315074496056092,71.24709293865713,15947.190057674494,1.7171677205177351,0.0,0.0,1.0,inf,27384.0,inf,219.0,33.0,186.0,0.0,0.0,0.0,0.0,0.0,0.0
528.0,27433.0,77681.0,50248.0,25124.0,1.831662596143331,71.24709293865713,15947.190057674494,1.7202403621444284,0.0,0.0,1.0,inf,27433.0,inf,220.0,49.0,171.0,0.0,0.0,0.0,0.0,0.0,0.0
529.0,27483.0,77823.0,50340.0,25170.0,1.831677764436197,71.24709293865713,15947.190057674494,1.7233757107430951,0.0,0.0,1.0,inf,27483.0,inf,220.0,50.0,170.0,0.0,0.0,0.0,0.0,0.0,0.0
530.0,27522.0,77940.0,50418.0,25209.0,1.8319162851536952,71.24709293865713,15947.190057674494,1.725821282650055,0.0,0.0,1.0,inf,27522.0,inf,216.0,39.0,177.0,0.0,0.0,0.0,0.0,0.0,0.0
531.0,27566.0,78062.0,50496.0,25248.0,1.8318218094754408,71.24709293865713,15947.190057674494,1.7285803894168816,0.0,0.0,1.0,inf,27566.0,inf,219.0,44.0,175.0,0.0,0.0,0.0,0.0,0.0,0.0
532.0,27604.0,78172.0,50568.0,25284.0,1.8319084190697001,71.24709293865713,15947.190057674494,1.7309632543518683,0.0,0.0,1.0,inf,27604.0,inf,216.0,38.0,178.0,0.0,0.0,0.0,0.0,0.0,0.0
533.0,27644.0,78288.0,50644.0,25322.0,1.8320069454492838,71.24709293865713,15947.190057674494,1.7334715332308015,0.0,0.0,1.0,inf,27644.0,inf,219.0,40.0,179.0,0.0,0.0,0.0,0.0,0.0,0.0
534.0,27684.0,78404.0,50720.0,25360.0,1.8321051871116891,71.24709293865713,15947.190057674494,1.735979812109735,0.0,0.0,1.0,inf,27684.0,inf,217.0,40.0,177.0,0.0,0.0,0.0,0.0,0.0,0.0
535.0,27718.0,78502.0,50784.0,25392.0,1.8321668230031027,71.24709293865713,15947.190057674494,1.7381118491568281,0.0,0.0,1.0,inf,27718.0,inf,219.0,34.0,185.0,0.0,0.0,0.0,0.0,0.0,0.0
536.0,27763.0,78627.0,50864.0,25432.0,1.8320786658502324,71.24709293865713,15947.190057674494,1.7409336628956282,0.0,0.0,1.0,inf,27763.0,inf,218.0,45.0,173.0,0.0,0.0,0.0,0.0,0.0,0.0
537.0,27797.0,78721.0,50924.0,25462.0,1.8319962585890563,71.24709293865713,15947.190057674494,1.7430656999427214,0.0,0.0,1.0,inf,27797.0,inf,219.0,34.0,185.0,0.0,0.0,0.0,0.0,0.0,0.0
538.0,27831.0,78817.0,50986.0,25493.0,1.8319859149868851,71.24709293865713,15947.190057674494,1.7451977369898148,0.0,0.0,1.0,inf,27831.0,inf,218.0,34.0,184.0,0.0,0.0,0.0,0.0,0.0,0.0
539.0,27878.0,78952.0,51074.0,25537.0,1.8320539493507426,72.13166338997966,16345.633890871857,1.7055318983724663,0.0,0.0,1.0,inf,27878.0,inf,217.0,47.0,170.0,0.0,0.0,0.0,0.0,0.0,0.0
540.0,27928.0,79092.0,51164.0,25582.0,1.8319965625895158,72.13166338997966,16345.633890871857,1.7085908192031793,0.0,0.0,1.0,inf,27928.0,inf,218.0,50.0,168.0,0.0,0.0,0.0,0.0,0.0,0.0
541.0,27970.0,79216.0,51246.0,25623.0,1.8321773328566322,72.13166338997966,16345.633890871857,1.7111603127009785,0.0,0.0,1.0,inf,27970.0,inf,219.0,42.0,177.0,0.0,0.0,0.0,0.0,0.0,0.0
542.0,28018.0,79348.0,51330.0,25665.0,1.8320365479334713,72.13166338997966,16345.633890871857,1.7140968766984632,0.0,0.0,1.0,inf,28018.0,inf,220.0,48.0,172.0,0.0,0.0,0.0,0.0,0.0,0.0
543.0,28059.0,79459.0,51400.0,25700.0,1.8318543069959727,72.13166338997966,16345.633890871857,1.716605191779648,0.0,0.0,1.0,inf,28059.0,inf,220.0,41.0,179.0,0.0,0.0,0.0,0.0,0.0,0.0
544.0,28102.0,79580.0,51478.0,25739.0,1.83182691623372,72.13166338997966,16345.633890871857,1.7192358636940615,0.0,0.0,1.0,inf,28102.0,inf,219.0,43.0,176.0,0.0,0.0,0.0,0.0,0.0,0.0
545.0,28146.0,79706.0,51560.0,25780.0,1.8318766432175086,72.13166338997966,16345.633890871857,1.721927714025089,0.0,0.0,1.0,inf,28146.0,inf,219.0,44.0,175.0,0.0,0.0,0.0,0.0,0.0,0.0
546.0,28196.0,79844.0,51648.0,25824.0,1.8317491842814584,72.13166338997966,16345.633890871857,1.7249866348558023,0.0,0.0,1.0,inf,28196.0,inf,218.0,50.0,168.0,0.0,0.0,0.0,0.0,0.0,0.0
547.0,28233.0,79949.0,51716.0,25858.0,1.831757163602876,72.13166338997966,16345.633890871857,1.7272502362705302,0.0,0.0,1.0,inf,28233.0,inf,217.0,37.0,180.0,0.0,0.0,0.0,0.0,0.0,0.0
548.0,28284.0,80094.0,51810.0,25905.0,1.8317776834959694,72.13166338997966,16345.633890871857,1.7303703355178577,0.0,0.0,1.0,inf,28284.0,inf,219.0,51.0,168.0,0.0,0.0,0.0,0.0,0.0,0.0
549.0,28330.0,80224.0,51894.0,25947.0,1.831768443346276,72.13166338997966,16345.633890871857,1.7331845426821137,0.0,0.0,1.0,inf,28330.0,inf,219.0,46.0,173.0,0.0,0.0,0.0,0.0,0.0,0.0
550.0,28376.0,80348.0,51972.0,25986.0,1.831547786862137,72.13166338997966,16345.633890871857,1.73599874984637,0.0,0.0,1.0,inf,28376.0,inf,220.0,46.0,174.0,0.0,0.0,0.0,0.0,0.0,0.0
551.0,28426.0,80484.0,52058.0,26029.0,1.8313515795398578,72.13166338997966,16345.633890871857,1.7390576706770833,0.0,0.0,1.0,inf,28426.0,inf,215.0,50.0,165.0,0.0,0.0,0.0,0.0,0.0,0.0
552.0,28472.0,80614.0,52142.0,26071.0,1.831343073897162,72.4909395157036,16508.869312451145,1.724648700109713,0.0,0.0,1.0,inf,28472.0,inf,220.0,46.0,174.0,0.0,0.0,0.0,0.0,0.0,0.0
553.0,28525.0,80761.0,52236.0,26118.0,1.8312357581069238,72.4909395157036,16508.869312451145,1.7278590956248092,0.0,0.0,1.0,inf,28525.0,inf,218.0,53.0,165.0,0.0,0.0,0.0,0.0,0.0,0.0
554.0,28562.0,80864.0,52302.0,26151.0,1.83117428751488,72.4909395157036,16508.869312451145,1.730100315135348,0.0,0.0,1.0,inf,28562.0,inf,220.0,37.0,183.0,0.0,0.0,0.0,0.0,0.0,0.0
555.0,28604.0,80982.0,52378.0,26189.0,1.83114249755279,72.4909395157036,16508.869312451145,1.7326444021473109,0.0,0.0,1.0,inf,28604.0,inf,218.0,42.0,176.0,0.0,0.0,0.0,0.0,0.0,0.0
556.0,28649.0,81109.0,52460.0,26230.0,1.8311284861600754,73.42334533136481,16936.28716431421,1.69157500236328,0.0,0.0,1.0,inf,28649.0,inf,219.0,45.0,174.0,0.0,0.0,0.0,0.0,0.0,0.0
557.0,28697.0,81251.0,52554.0,26277.0,1.8313412551834687,73.42334533136481,16936.28716431421,1.6944091536465165,0.0,0.0,1.0,inf,28697.0,inf,219.0,48.0,171.0,0.0,0.0,0.0,0.0,0.0,0.0
558.0,28740.0,81374.0,52634.0,26317.0,1.8313848295059152,73.73878707220413,17082.123285798054,1.6824606355519174,0.0,0.0,1.0,inf,28740.0,inf,216.0,43.0,173.0,0.0,0.0,0.0,0.0,0.0,0.0
559.0,28789.0,81511.0,52722.0,26361.0,1.8313244642050783,73.73878707220413,17082.123285798054,1.685329131416289,0.0,0.0,1.0,inf,28789.0,inf,220.0,49.0,171.0,0.0,0.0,0.0,0.0,0.0,0.0
560.0,28834.0,81632.0,52798.0,26399.0,1.8311021710480682,74.16562242870017,17280.45464180314,1.6685903581638233,0.0,0.0,1.0,inf,28834.0,inf,216.0,45.0,171.0,0.0,0.0,0.0,0.0,0.0,0.0
561.0,28892.0,81794.0,52902.0,26451.0,1.83102588951959,74.16562242870017,17280.45464180314,1.6719467513376285,0.0,0.0,1.0,inf,28892.0,inf,219.0,58.0,161.0,0.0,0.0,0.0,0.0,0.0,0.0
562.0,28941.0,81937.0,52996.0,26498.0,1.8311737673197195,74.16562242870017,17280.45464180314,1.6747823248810156,0.0,0.0,1.0,inf,28941.0,inf,216.0,49.0,167.0,0.0,0.0,0.0,0.0,0.0,0.0
563.0,29000.0,82106.0,53106.0,26553.0,1.8312413793103448,74.16562242870017,17280.45464180314,1.6781965869026452,0.0,0.0,1.0,inf,29000.0,inf,218.0,59.0,159.0,0.0,0.0,0.0,0.0,0.0,0.0
564.0,29053.0,82257.0,53204.0,26602.0,1.8312738787732765,74.72613875639357,17542.640225178588,1.6561361133257941,0.0,0.0,1.0,inf,29053.0,inf,215.0,53.0,162.0,0.0,0.0,0.0,0.0,0.0,0.0
565.0,29099.0,82387.0,53288.0,26644.0,1.8312656792329634,74.72613875639357,17542.640225178588,1.6587582955862488,0.0,0.0,1.0,inf,29099.0,inf,217.0,46.0,171.0,0.0,0.0,0.0,0.0,0.0,0.0
566.0,29146.0,82524.0,53378.0,26689.0,1.831400535236396,74.72613875639357,17542.640225178588,1.661437481808887,0.0,0.0,1.0,inf,29146.0,inf,218.0,47.0,171.0,0.0,0.0,0.0,0.0,0.0,0.0
567.0,29209.0,82703.0,53494.0,26747.0,1.8314218220411518,74.72613875639357,17542.640225178588,1.6650287314264662,0.0,0.0,1.0,inf,29209.0,inf,216.0,63.0,153.0,0.0,0.0,0.0,0.0,0.0,0.0
568.0,29262.0,82856.0,53594.0,26797.0,1.8315221105871096,74.72613875639357,17542.640225178588,1.6680499414222072,0.0,0.0,1.0,inf,29262.0,inf,215.0,53.0,162.0,0.0,0.0,0.0,0.0,0.0,0.0
569.0,29317.0,83009.0,53692.0,26846.0,1.831428863799161,74.72613875639357,17542.640225178588,1.671185159342316,0.0,0.0,1.0,inf,29317.0,inf,218.0,55.0,163.0,0.0,0.0,0.0,0.0,0.0,0.0
570.0,29371.0,83155.0,53784.0,26892.0,1.8311940349324163,74.72613875639357,17542.640225178588,1.674263373300241,0.0,0.0,1.0,inf,29371.0,inf,217.0,54.0,163.0,0.0,0.0,0.0,0.0,0.0,0.0
571.0,29409.0,83263.0,53854.0,26927.0,1.8312081335645551,74.72613875639357,17542.640225178588,1.6764295238632252,0.0,0.0,1.0,inf,29409.0,inf,218.0,38.0,180.0,0.0,0.0,0.0,0.0,0.0,0.0
572.0,29457.0,83401.0,53944.0,26972.0,1.831279492141087,74.72613875639357,17542.640225178588,1.6791657140480474,0.0,0.0,1.0,inf,29457.0,inf,217.0,48.0,169.0,0.0,0.0,0.0,0.0,0.0,0.0
573.0,29508.0,83542.0,54034.0,27017.0,1.8311644299850889,74.72613875639357,17542.640225178588,1.6820729161194208,0.0,0.0,1.0,inf,29508.0,inf,219.0,51.0,168.0,0.0,0.0,0.0,0.0,0.0,0.0
574.0,29559.0,83685.0,54126.0,27063.0,1.83111742616462,74.72613875639357,17542.640225178588,1.6849801181907944,0.0,0.0,1.0,inf,29559.0,inf,217.0,51.0,166.0,0.0,0.0,0.0,0.0,0.0,0.0
575.0,29614.0,83842.0,54228.0,27114.0,1.8311609373944755,74.72613875639357,17542.640225178588,1.6881153361109031,0.0,0.0,1.0,inf,29614.0,inf,216.0,55.0,161.0,0.0,0.0,0.0,0.0,0.0,0.0
576.0,29663.0,83977.0,54314.0,27157.0,1.83103529649732,74.72613875639357,17542.640225178588,1.690908530257909,0.0,0.0,1.0,inf,29663.0,inf,218.0,49.0,169.0,0.0,0.0,0.0,0.0,0.0,0.0
577.0,29718.0,84132.0,54414.0,27207.0,1.8310115081768625,74.72613875639357,17542.640225178588,1.6940437481780177,0.0,0.0,1.0,inf,29718.0,inf,218.0,55.0,163.0,0.0,0.0,0.0,0.0,0.0,0.0
578.0,29766.0,84268.0,54502.0,27251.0,1.8310152523012833,74.72613875639357,17542.640225178588,1.69677993836284,0.0,0.0,1.0,inf,29766.0,inf,219.0,48.0,171.0,0.0,0.0,0.0,0.0,0.0,0.0
579.0,29815.0,84409.0,54594.0,27297.0,1.8310917323494884,74.72613875639357,17542.640225178588,1.6995731325098458,0.0,0.0,1.0,inf,29815.0,inf,217.0,49.0,168.0,0.0,0.0,0.0,0.0,0.0,0.0
580.0,29868.0,84554.0,54686.0,27343.0,1.8309227266639883,74.72613875639357,17542.640225178588,1.702594342505587,0.0,0.0,1.0,inf,29868.0,inf,219.0,53.0,166.0,0.0,0.0,0.0,0.0,0.0,0.0
581.0,29918.0,84704.0,54786.0,27393.0,1.8312052944715556,74.72613875639357,17542.640225178588,1.7054445406147767,0.0,0.0,1.0,inf,29918.0,inf,218.0,50.0,168.0,0.0,0.0,0.0,0.0,0.0,0.0
582.0,29959.0,84821.0,54862.0,27431.0,1.831236022564171,75.69526929001677,18000.615254468754,1.6643320006832827,0.0,0.0,1.0,inf,29959.0,inf,218.0,41.0,177.0,0.0,0.0,0.0,0.0,0.0,0.0
583.0,30016.0,84980.0,54964.0,27482.0,1.8311567164179106,75.69526929001677,18000.615254468754,1.667498559114437,0.0,0.0,1.0,inf,30016.0,inf,216.0,57.0,159.0,0.0,0.0,0.0,0.0,0.0,0.0
584.0,30062.0,85114.0,55052.0,27526.0,1.8312820171645265,76.38410759582635,18329.722532846325,1.6400684705472097,0.0,0.0,1.0,inf,30062.0,inf,215.0,46.0,169.0,0.0,0.0,0.0,0.0,0.0,0.0
585.0,30126.0,85296.0,55170.0,27585.0,1.8313085042820156,76.38410759582635,18329.722532846325,1.6435600673177182,0.0,0.0,1.0,inf,30126.0,inf,215.0,64.0,151.0,0.0,0.0,0.0,0.0,0.0,0.0
586.0,30176.0,85434.0,55258.0,27629.0,1.8311903499469777,76.38410759582635,18329.722532846325,1.6462878772946778,0.0,0.0,1.0,inf,30176.0,inf,216.0,50.0,166.0,0.0,0.0,0.0,0.0,0.0,0.0
587.0,30232.0,85598.0,55366.0,27683.0,1.8313707329981477,76.38410759582635,18329.722532846325,1.6493430244688725,0.0,0.0,1.0,inf,30232.0,inf,211.0,56.0,155.0,0.0,0.0,0.0,0.0,0.0,0.0
588.0,30296.0,85784.0,55488.0,27744.0,1.8315289147082123,76.38410759582635,18329.722532846325,1.652834621239381,0.0,0.0,1.0,inf,30296.0,inf,215.0,64.0,151.0,0.0,0.0,0.0,0.0,0.0,0.0
589.0,30340.0,85904.0,55564.0,27782.0,1.8313777191825973,76.38410759582635,18329.722532846325,1.6552350940191054,0.0,0.0,1.0,inf,30340.0,inf,217.0,44.0,173.0,0.0,0.0,0.0,0.0,0.0,0.0
590.0,30389.0,86045.0,55656.0,27828.0,1.831452170193162,76.38410759582635,18329.722532846325,1.6579083477965257,0.0,0.0,1.0,inf,30389.0,inf,214.0,49.0,165.0,0.0,0.0,0.0,0.0,0.0,0.0
591.0,30447.0,86209.0,55762.0,27881.0,1.8314448057279864,76.38410759582635,18329.722532846325,1.661072607369799,0.0,0.0,1.0,inf,30447.0,inf,217.0,58.0,159.0,0.0,0.0,0.0,0.0,0.0,0.0
592.0,30505.0,86367.0,55862.0,27931.0,1.8312407801999673,76.38410759582635,18329.722532846325,1.664236866943072,0.0,0.0,1.0,inf,30505.0,inf,216.0,58.0,158.0,0.0,0.0,0.0,0.0,0.0,0.0
593.0,30555.0,86511.0,55956.0,27978.0,1.8313205694648993,77.0797971235588,18665.12911628044,1.6370098384880047,0.0,0.0,1.0,inf,30555.0,inf,217.0,50.0,167.0,0.0,0.0,0.0,0.0,0.0,0.0
594.0,30612.0,86680.0,56068.0,28034.0,1.8315693192212203,77.0797971235588,18665.12911628044,1.64006366145622,0.0,0.0,1.0,inf,30612.0,inf,215.0,57.0,158.0,0.0,0.0,0.0,0.0,0.0,0.0
595.0,30674.0,86860.0,56186.0,28093.0,1.8317141553106866,77.0797971235588,18665.12911628044,1.6433853636321734,0.0,0.0,1.0,inf,30674.0,inf,216.0,62.0,154.0,0.0,0.0,0.0,0.0,0.0,0.0
596.0,30734.0,87038.0,56304.0,28152.0,1.8319776143684519,77.0797971235588,18665.12911628044,1.6465999141250316,0.0,0.0,1.0,inf,30734.0,inf,214.0,60.0,154.0,0.0,0.0,0.0,0.0,0.0,0.0
597.0,30787.0,87193.0,56406.0,28203.0,1.8321369409166206,77.0797971235588,18665.12911628044,1.6494394337270561,0.0,0.0,1.0,inf,30787.0,inf,216.0,53.0,163.0,0.0,0.0,0.0,0.0,0.0,0.0
598.0,30845.0,87359.0,56514.0,28257.0,1.8321932241854433,77.0797971235588,18665.12911628044,1.652546832536819,0.0,0.0,1.0,inf,30845.0,inf,214.0,58.0,156.0,0.0,0.0,0.0,0.0,0.0,0.0
599.0,30911.0,87541.0,56630.0,28315.0,1.8320339037882953,77.0797971235588,18665.12911628044,1.656082838078963,0.0,0.0,1.0,inf,30911.0,inf,215.0,66.0,149.0,0.0,0.0,0.0,0.0,0.0,0.0
600.0,30964.0,87694.0,56730.0,28365.0,1.8321276320888773,77.0797971235588,18665.12911628044,1.6589223576809877,0.0,0.0,1.0,inf,30964.0,inf,212.0,53.0,159.0,0.0,0.0,0.0,0.0,0.0,0.0
601.0,31028.0,87872.0,56844.0,28422.0,1.8320226891839628,77.0797971235588,18665.12911628044,1.6623512115400365,0.0,0.0,1.0,inf,31028.0,inf,216.0,64.0,152.0,0.0,0.0,0.0,0.0,0.0,0.0
602.0,31087.0,88041.0,56954.0,28477.0,1.8320841509312575,77.0797971235588,18665.12911628044,1.6655121861913469,0.0,0.0,1.0,inf,31087.0,inf,219.0,59.0,160.0,0.0,0.0,0.0,0.0,0.0,0.0
603.0,31140.0,88192.0,57052.0,28526.0,1.8321130378933848,77.0797971235588,18665.12911628044,1.6683517057933717,0.0,0.0,1.0,inf,31140.0,inf,217.0,53.0,164.0,0.0,0.0,0.0,0.0,0.0,0.0
604.0,31184.0,88312.0,57128.0,28564.0,1.831965110312981,77.61368935653381,18924.592156884395,1.6478030142729323,0.0,0.0,1.0,inf,31184.0,inf,214.0,44.0,170.0,0.0,0.0,0.0,0.0,0.0,0.0
605.0,31244.0,88474.0,57230.0,28615.0,1.8317116886442197,77.61368935653381,18924.592156884395,1.6509734921095272,0.0,0.0,1.0,inf,31244.0,inf,218.0,60.0,158.0,0.0,0.0,0.0,0.0,0.0,0.0
606.0,31308.0,88658.0,57350.0,28675.0,1.831800178868021,77.61368935653381,18924.592156884395,1.6543553351352285,0.0,0.0,1.0,inf,31308.0,inf,215.0,64.0,151.0,0.0,0.0,0.0,0.0,0.0,0.0
607.0,31361.0,88809.0,57448.0,28724.0,1.8318293421765888,77.61368935653381,18924.592156884395,1.6571559238908873,0.0,0.0,1.0,inf,31361.0,inf,209.0,53.0,156.0,0.0,0.0,0.0,0.0,0.0,0.0
608.0,31402.0,88920.0,57518.0,28759.0,1.831666772817018,77.61368935653381,18924.592156884395,1.6593224170792271,0.0,0.0,1.0,inf,31402.0,inf,218.0,41.0,177.0,0.0,0.0,0.0,0.0,0.0,0.0
609.0,31469.0,89113.0,57644.0,28822.0,1.8317709491880898,77.61368935653381,18924.592156884395,1.6628627839967582,0.0,0.0,1.0,inf,31469.0,inf,218.0,67.0,151.0,0.0,0.0,0.0,0.0,0.0,0.0
610.0,31532.0,89292.0,57760.0,28880.0,1.831789927692503,77.61368935653381,18924.592156884395,1.666191785725183,0.0,0.0,1.0,inf,31532.0,inf,216.0,63.0,153.0,0.0,0.0,0.0,0.0,0.0,0.0
611.0,31578.0,89420.0,57842.0,28921.0,1.8317182848818798,77.61368935653381,18924.592156884395,1.6686224853999057,0.0,0.0,1.0,inf,31578.0,inf,211.0,46.0,165.0,0.0,0.0,0.0,0.0,0.0,0.0
612.0,31632.0,89566.0,57934.0,28967.0,1.8314997470915528,77.61368935653381,18924.592156884395,1.6714759154528411,0.0,0.0,1.0,inf,31632.0,inf,217.0,54.0,163.0,0.0,0.0,0.0,0.0,0.0,0.0
613.0,31684.0,89704.0,58020.0,29010.0,1.8312081807852545,77.61368935653381,18924.592156884395,1.6742236629112233,0.0,0.0,1.0,inf,31684.0,inf,216.0,52.0,164.0,0.0,0.0,0.0,0.0,0.0,0.0
614.0,31741.0,89873.0,58132.0,29066.0,1.8314482845531017,77.61368935653381,18924.592156884395,1.6772356168559885,0.0,0.0,1.0,inf,31741.0,inf,214.0,57.0,157.0,0.0,0.0,0.0,0.0,0.0,0.0
615.0,31792.0,90020.0,58228.0,29114.0,1.831529944640161,78.02190563888848,19124.18691265144,1.6623974731688216,0.0,0.0,1.0,inf,31792.0,inf,218.0,51.0,167.0,0.0,0.0,0.0,0.0,0.0,0.0
616.0,31847.0,90179.0,58332.0,29166.0,1.83163249285647,78.02190563888848,19124.18691265144,1.6652734124310349,0.0,0.0,1.0,inf,31847.0,inf,217.0,55.0,162.0,0.0,0.0,0.0,0.0,0.0,0.0
617.0,31905.0,90343.0,58438.0,29219.0,1.8316251371258423,78.02190563888848,19124.18691265144,1.6683062211075508,0.0,0.0,1.0,inf,31905.0,inf,217.0,58.0,159.0,0.0,0.0,0.0,0.0,0.0,0.0
618.0,31954.0,90488.0,58534.0,29267.0,1.8318207423170807,78.12675294401497,19175.620332605224,1.6663867684982836,0.0,0.0,1.0,inf,31954.0,inf,216.0,49.0,167.0,0.0,0.0,0.0,0.0,0.0,0.0
619.0,32010.0,90648.0,58638.0,29319.0,1.8318650421743206,78.12675294401497,19175.620332605224,1.669307143382051,0.0,0.0,1.0,inf,32010.0,inf,218.0,56.0,162.0,0.0,0.0,0.0,0.0,0.0,0.0
620.0,32063.0,90795.0,58732.0,29366.0,1.8317687053613199,78.12675294401497,19175.620332605224,1.6720710696113308,0.0,0.0,1.0,inf,32063.0,inf,213.0,53.0,160.0,0.0,0.0,0.0,0.0,0.0,0.0
621.0,32118.0,90954.0,58836.0,29418.0,1.8318699794507753,78.12675294401497,19175.620332605224,1.6749392949436024,0.0,0.0,1.0,inf,32118.0,inf,219.0,55.0,164.0,0.0,0.0,0.0,0.0,0.0,0.0
622.0,32166.0,91088.0,58922.0,29461.0,1.8318099856991854,78.12675294401497,19175.620332605224,1.677442473415403,0.0,0.0,1.0,inf,32166.0,inf,214.0,48.0,166.0,0.0,0.0,0.0,0.0,0.0,0.0
623.0,32220.0,91238.0,59018.0,29509.0,1.831719428926133,78.12675294401497,19175.620332605224,1.6802585491961788,0.0,0.0,1.0,inf,32220.0,inf,220.0,54.0,166.0,0.0,0.0,0.0,0.0,0.0,0.0
624.0,32271.0,91379.0,59108.0,29554.0,1.831613522977286,78.12675294401497,19175.620332605224,1.682918176322467,0.0,0.0,1.0,inf,32271.0,inf,218.0,51.0,167.0,0.0,0.0,0.0,0.0,0.0,0.0
625.0,32334.0,91556.0,59222.0,29611.0,1.831570483082823,78.12675294401497,19175.620332605224,1.6862035980667054,0.0,0.0,1.0,inf,32334.0,inf,217.0,63.0,154.0,0.0,0.0,0.0,0.0,0.0,0.0
626.0,32388.0,91708.0,59320.0,29660.0,1.8315425466222057,78.12675294401497,19175.620332605224,1.689019673847481,0.0,0.0,1.0,inf,32388.0,inf,213.0,54.0,159.0,0.0,0.0,0.0,0.0,0.0,0.0
627.0,32440.0,91862.0,59422.0,29711.0,1.831750924784217,78.12675294401497,19175.620332605224,1.691731450525265,0.0,0.0,1.0,inf,32440.0,inf,219.0,52.0,167.0,0.0,0.0,0.0,0.0,0.0,0.0
628.0,32497.0,92023.0,59526.0,29763.0,1.831738314305936,78.12675294401497,19175.620332605224,1.6947039749605284,0.0,0.0,1.0,inf,32497.0,inf,219.0,57.0,162.0,0.0,0.0,0.0,0.0,0.0,0.0
629.0,32551.0,92183.0,59632.0,29816.0,1.8319560074959296,78.12675294401497,19175.620332605224,1.697520050741304,0.0,0.0,1.0,inf,32551.0,inf,214.0,54.0,160.0,0.0,0.0,0.0,0.0,0.0,0.0
630.0,32590.0,92292.0,59702.0,29851.0,1.8319116293341515,78.12675294401497,19175.620332605224,1.699553883249642,0.0,0.0,1.0,inf,32590.0,inf,218.0,39.0,179.0,0.0,0.0,0.0,0.0,0.0,0.0
631.0,32644.0,92434.0,59790.0,29895.0,1.8315770126210023,78.12675294401497,19175.620332605224,1.7023699590304178,0.0,0.0,1.0,inf,32644.0,inf,219.0,54.0,165.0,0.0,0.0,0.0,0.0,0.0,0.0
632.0,32690.0,92564.0,59874.0,29937.0,1.8315692872438054,78.12675294401497,19175.620332605224,1.7047688383992268,0.0,0.0,1.0,inf,32690.0,inf,219.0,46.0,173.0,0.0,0.0,0.0,0.0,0.0,0.0
633.0,32735.0,92681.0,59946.0,29973.0,1.831250954635711,78.12675294401497,19175.620332605224,1.7071155682165398,0.0,0.0,1.0,inf,32735.0,inf,219.0,45.0,174.0,0.0,0.0,0.0,0.0,0.0,0.0
634.0,32787.0,92827.0,60040.0,30020.0,1.8312135907524323,78.12675294401497,19175.620332605224,1.7098273448943238,0.0,0.0,1.0,inf,32787.0,inf,212.0,52.0,160.0,0.0,0.0,0.0,0.0,0.0,0.0
635.0,32845.0,92987.0,60142.0,30071.0,1.8310854011265032,78.12675294401497,19175.620332605224,1.712852018881083,0.0,0.0,1.0,inf,32845.0,inf,218.0,58.0,160.0,0.0,0.0,0.0,0.0,0.0,0.0
636.0,32891.0,93113.0,60222.0,30111.0,1.8309567966921043,78.12675294401497,19175.620332605224,1.715250898249892,0.0,0.0,1.0,inf,32891.0,inf,216.0,46.0,170.0,0.0,0.0,0.0,0.0,0.0,0.0
637.0,32939.0,93245.0,60306.0,30153.0,1.8308388232793953,78.12675294401497,19175.620332605224,1.7177540767216926,0.0,0.0,1.0,inf,32939.0,inf,217.0,48.0,169.0,0.0,0.0,0.0,0.0,0.0,0.0
638.0,32986.0,93380.0,60394.0,30197.0,1.8308979567089068,78.12675294401497,19175.620332605224,1.7202051056419974,0.0,0.0,1.0,inf,32986.0,inf,218.0,47.0,171.0,0.0,0.0,0.0,0.0,0.0,0.0
639.0,33033.0,93515.0,60482.0,30241.0,1.8309569218660127,78.12675294401497,19175.620332605224,1.7226561345623022,0.0,0.0,1.0,inf,33033.0,inf,214.0,47.0,167.0,0.0,0.0,0.0,0.0,0.0,0.0
640.0,33080.0,93644.0,60564.0,30282.0,1.8308343409915357,78.12675294401497,19175.620332605224,1.725107163482607,0.0,0.0,1.0,inf,33080.0,inf,217.0,47.0,170.0,0.0,0.0,0.0,0.0,0.0,0.0
641.0,33139.0,93813.0,60674.0,30337.0,1.8308941126769063,78.12675294401497,19175.620332605224,1.7281839870208617,0.0,0.0,1.0,inf,33139.0,inf,219.0,59.0,160.0,0.0,0.0,0.0,0.0,0.0,0.0
642.0,33177.0,93919.0,60742.0,30371.0,1.8308466708864575,78.12675294401497,19175.620332605224,1.730165669977704,0.0,0.0,1.0,inf,33177.0,inf,217.0,38.0,179.0,0.0,0.0,0.0,0.0,0.0,0.0
643.0,33224.0,94044.0,60820.0,30410.0,1.8306043823741873,78.12675294401497,19175.620332605224,1.7326166988980087,0.0,0.0,1.0,inf,33224.0,inf,220.0,47.0,173.0,0.0,0.0,0.0,0.0,0.0,0.0
644.0,33274.0,94184.0,60910.0,30455.0,1.8305583939412153,78.12675294401497,19175.620332605224,1.7352241764728011,0.0,0.0,1.0,inf,33274.0,inf,216.0,50.0,166.0,0.0,0.0,0.0,0.0,0.0,0.0
645.0,33312.0,94294.0,60982.0,30491.0,1.830631604226705,78.12675294401497,19175.620332605224,1.7372058594296433,0.0,0.0,1.0,inf,33312.0,inf,217.0,38.0,179.0,0.0,0.0,0.0,0.0,0.0,0.0
646.0,33375.0,94475.0,61100.0,30550.0,1.8307116104868915,78.12675294401497,19175.620332605224,1.7404912811738817,0.0,0.0,1.0,inf,33375.0,inf,218.0,63.0,155.0,0.0,0.0,0.0,0.0,0.0,0.0
647.0,33428.0,94624.0,61196.0,30598.0,1.8306808663395955,78.12675294401497,19175.620332605224,1.7432552074031615,0.0,0.0,1.0,inf,33428.0,inf,216.0,53.0,163.0,0.0,0.0,0.0,0.0,0.0,0.0
648.0,33473.0,94745.0,61272.0,30636.0,1.8304902458698056,78.12675294401497,19175.620332605224,1.7456019372204745,0.0,0.0,1.0,inf,33473.0,inf,217.0,45.0,172.0,0.0,0.0,0.0,0.0,0.0,0.0
649.0,33512.0,94850.0,61338.0,30669.0,1.8303294342325138,78.12675294401497,19175.620332605224,1.7476357697288125,0.0,0.0,1.0,inf,33512.0,inf,217.0,39.0,178.0,0.0,0.0,0.0,0.0,0.0,0.0
650.0,33572.0,95024.0,61452.0,30726.0,1.8304539497200047,78.27773925321522,19249.808845259726,1.7440173182949357,0.0,0.0,1.0,inf,33572.0,inf,218.0,60.0,158.0,0.0,0.0,0.0,0.0,0.0,0.0
651.0,33622.0,95166.0,61544.0,30772.0,1.8304681458568794,78.27773925321522,19249.808845259726,1.7466147466851045,0.0,0.0,1.0,inf,33622.0,inf,216.0,50.0,166.0,0.0,0.0,0.0,0.0,0.0,0.0
652.0,33672.0,95308.0,61636.0,30818.0,1.8304822998336898,78.27773925321522,19249.808845259726,1.7492121750752734,0.0,0.0,1.0,inf,33672.0,inf,219.0,50.0,169.0,0.0,0.0,0.0,0.0,0.0,0.0
653.0,33718.0,95438.0,61720.0,30860.0,1.8304763034580935,78.27773925321522,19249.808845259726,1.7516018091942287,0.0,0.0,1.0,inf,33718.0,inf,218.0,46.0,172.0,0.0,0.0,0.0,0.0,0.0,0.0
654.0,33757.0,95555.0,61798.0,30899.0,1.8306721568859792,78.27773925321522,19249.808845259726,1.7536278033385602,0.0,0.0,1.0,inf,33757.0,inf,219.0,39.0,180.0,0.0,0.0,0.0,0.0,0.0,0.0
655.0,33817.0,95721.0,61904.0,30952.0,1.8305585947896028,78.27773925321522,19249.808845259726,1.7567447174067627,0.0,0.0,1.0,inf,33817.0,inf,218.0,60.0,158.0,0.0,0.0,0.0,0.0,0.0,0.0
656.0,33860.0,95842.0,61982.0,30991.0,1.8305375073833432,78.27773925321522,19249.808845259726,1.758978505822308,0.0,0.0,1.0,inf,33860.0,inf,219.0,43.0,176.0,0.0,0.0,0.0,0.0,0.0,0.0
657.0,33912.0,95988.0,62076.0,31038.0,1.8305024769992924,78.27773925321522,19249.808845259726,1.7616798313480835,0.0,0.0,1.0,inf,33912.0,inf,218.0,52.0,166.0,0.0,0.0,0.0,0.0,0.0,0.0
658.0,33950.0,96098.0,62148.0,31074.0,1.8305743740795286,78.27773925321522,19249.808845259726,1.7636538769246117,0.0,0.0,1.0,inf,33950.0,inf,218.0,38.0,180.0,0.0,0.0,0.0,0.0,0.0,0.0
659.0,33995.0,96221.0,62226.0,31113.0,1.8304456537726137,78.27773925321522,19249.808845259726,1.7659915624757636,0.0,0.0,1.0,inf,33995.0,inf,219.0,45.0,174.0,0.0,0.0,0.0,0.0,0.0,0.0
660.0,34041.0,96343.0,62302.0,31151.0,1.83020475309186,78.27773925321522,19249.808845259726,1.768381196594719,0.0,0.0,1.0,inf,34041.0,inf,220.0,46.0,174.0,0.0,0.0,0.0,0.0,0.0,0.0
661.0,34089.0,96469.0,62380.0,31190.0,1.829915808618616,78.27773925321522,19249.808845259726,1.7708747278492811,0.0,0.0,1.0,inf,34089.0,inf,217.0,48.0,169.0,0.0,0.0,0.0,0.0,0.0,0.0
662.0,34143.0,96627.0,62484.0,31242.0,1.8300676566206835,78.27773925321522,19249.808845259726,1.7736799505106633,0.0,0.0,1.0,inf,34143.0,inf,216.0,54.0,162.0,0.0,0.0,0.0,0.0,0.0,0.0
663.0,34194.0,96772.0,62578.0,31289.0,1.8300871497923612,78.76074416969396,19488.099777655825,1.7546092430830684,0.0,0.0,1.0,inf,34194.0,inf,217.0,51.0,166.0,0.0,0.0,0.0,0.0,0.0,0.0
664.0,34240.0,96906.0,62666.0,31333.0,1.830198598130841,78.76074416969396,19488.099777655825,1.7569696579272462,0.0,0.0,1.0,inf,34240.0,inf,217.0,46.0,171.0,0.0,0.0,0.0,0.0,0.0,0.0
665.0,34292.0,97054.0,62762.0,31381.0,1.8302227924880439,79.15620430500135,19684.291792173008,1.7420997596487267,0.0,0.0,1.0,inf,34292.0,inf,218.0,52.0,166.0,0.0,0.0,0.0,0.0,0.0,0.0
666.0,34348.0,97210.0,62862.0,31431.0,1.830150227087458,79.15620430500135,19684.291792173008,1.7449446676896787,0.0,0.0,1.0,inf,34348.0,inf,218.0,56.0,162.0,0.0,0.0,0.0,0.0,0.0,0.0
667.0,34405.0,97373.0,62968.0,31484.0,1.8301990989681731,79.15620430500135,19684.291792173008,1.7478403776599336,0.0,0.0,1.0,inf,34405.0,inf,219.0,57.0,162.0,0.0,0.0,0.0,0.0,0.0,0.0
668.0,34461.0,97531.0,63070.0,31535.0,1.8301848466382287,79.15620430500135,19684.291792173008,1.7506852857008857,0.0,0.0,1.0,inf,34461.0,inf,218.0,56.0,162.0,0.0,0.0,0.0,0.0,0.0,0.0
669.0,34515.0,97681.0,63166.0,31583.0,1.8301028538316675,79.15620430500135,19684.291792173008,1.7534285898832322,0.0,0.0,1.0,inf,34515.0,inf,219.0,54.0,165.0,0.0,0.0,0.0,0.0,0.0,0.0
670.0,34562.0,97822.0,63260.0,31630.0,1.830333892714542,79.15620430500135,19684.291792173008,1.75581628056046,0.0,0.0,1.0,inf,34562.0,inf,219.0,47.0,172.0,0.0,0.0,0.0,0.0,0.0,0.0
671.0,34613.0,97961.0,63348.0,31674.0,1.830179412359518,79.15620430500135,19684.291792173008,1.7584071789548985,0.0,0.0,1.0,inf,34613.0,inf,219.0,51.0,168.0,0.0,0.0,0.0,0.0,0.0,0.0
672.0,34661.0,98099.0,63438.0,31719.0,1.8302414817806756,79.15620430500135,19684.291792173008,1.7608456715614287,0.0,0.0,1.0,inf,34661.0,inf,219.0,48.0,171.0,0.0,0.0,0.0,0.0,0.0,0.0
673.0,34708.0,98234.0,63526.0,31763.0,1.830298490261611,79.15620430500135,19684.291792173008,1.7632333622386565,0.0,0.0,1.0,inf,34708.0,inf,219.0,47.0,172.0,0.0,0.0,0.0,0.0,0.0,0.0
674.0,34748.0,98346.0,63598.0,31799.0,1.8302636122942328,79.15620430500135,19684.291792173008,1.765265439410765,0.0,0.0,1.0,inf,34748.0,inf,215.0,40.0,175.0,0.0,0.0,0.0,0.0,0.0,0.0
675.0,34779.0,98435.0,63656.0,31828.0,1.8302998936139625,79.15620430500135,19684.291792173008,1.7668402992191492,0.0,0.0,1.0,inf,34779.0,inf,219.0,31.0,188.0,0.0,0.0,0.0,0.0,0.0,0.0
676.0,34822.0,98562.0,63740.0,31870.0,1.8304520130951698,79.15620430500135,19684.291792173008,1.769024782179166,0.0,0.0,1.0,inf,34822.0,inf,219.0,43.0,176.0,0.0,0.0,0.0,0.0,0.0,0.0
677.0,34862.0,98680.0,63818.0,31909.0,1.8305891801962022,79.15620430500135,19684.291792173008,1.7710568593512745,0.0,0.0,1.0,inf,34862.0,inf,218.0,40.0,178.0,0.0,0.0,0.0,0.0,0.0,0.0
678.0,34907.0,98807.0,63900.0,31950.0,1.8305783940183917,79.15620430500135,19684.291792173008,1.7733429461698968,0.0,0.0,1.0,inf,34907.0,inf,218.0,45.0,173.0,0.0,0.0,0.0,0.0,0.0,0.0
679.0,34951.0,98925.0,63974.0,31987.0,1.8303911189951647,79.15620430500135,19684.291792173008,1.7755782310592163,0.0,0.0,1.0,inf,34951.0,inf,218.0,44.0,174.0,0.0,0.0,0.0,0.0,0.0,0.0
680.0,34999.0,99065.0,64066.0,32033.0,1.8305094431269464,79.15620430500135,19684.291792173008,1.7780167236657467,0.0,0.0,1.0,inf,34999.0,inf,220.0,48.0,172.0,0.0,0.0,0.0,0.0,0.0,0.0
681.0,35053.0,99223.0,64170.0,32085.0,1.8306564345419793,79.15620430500135,19684.291792173008,1.7807600278480933,0.0,0.0,1.0,inf,35053.0,inf,218.0,54.0,164.0,0.0,0.0,0.0,0.0,0.0,0.0
682.0,35099.0,99357.0,64258.0,32129.0,1.8307644092424287,79.15620430500135,19684.291792173008,1.7830969165960182,0.0,0.0,1.0,inf,35099.0,inf,219.0,46.0,173.0,0.0,0.0,0.0,0.0,0.0,0.0
683.0,35139.0,99473.0,64334.0,32167.0,1.830843222630126,79.15620430500135,19684.291792173008,1.785128993768127,0.0,0.0,1.0,inf,35139.0,inf,215.0,40.0,175.0,0.0,0.0,0.0,0.0,0.0,0.0
684.0,35188.0,99610.0,64422.0,32211.0,1.8307945890644537,79.15620430500135,19684.291792173008,1.78761828830396,0.0,0.0,1.0,inf,35188.0,inf,218.0,49.0,169.0,0.0,0.0,0.0,0.0,0.0,0.0
685.0,35231.0,99735.0,64504.0,32252.0,1.8308875706054326,79.15620430500135,19684.291792173008,1.7898027712639768,0.0,0.0,1.0,inf,35231.0,inf,218.0,43.0,175.0,0.0,0.0,0.0,0.0,0.0,0.0
686.0,35271.0,99849.0,64578.0,32289.0,1.8309092455558391,79.15620430500135,19684.291792173008,1.7918348484360853,0.0,0.0,1.0,inf,35271.0,inf,217.0,40.0,177.0,0.0,0.0,0.0,0.0,0.0,0.0
687.0,35316.0,99970.0,64654.0,32327.0,1.8307282817986181,79.15620430500135,19684.291792173008,1.7941209352547076,0.0,0.0,1.0,inf,35316.0,inf,217.0,45.0,172.0,0.0,0.0,0.0,0.0,0.0,0.0
688.0,35358.0,100092.0,64734.0,32367.0,1.830816222637027,79.15620430500135,19684.291792173008,1.7962546162854216,0.0,0.0,1.0,inf,35358.0,inf,217.0,42.0,175.0,0.0,0.0,0.0,0.0,0.0,0.0
689.0,35409.0,100241.0,64832.0,32416.0,1.8309469343952103,79.15620430500135,19684.291792173008,1.79884551467986,0.0,0.0,1.0,inf,35409.0,inf,214.0,51.0,163.0,0.0,0.0,0.0,0.0,0.0,0.0
690.0,35459.0,100383.0,64924.0,32462.0,1.8309596999351363,79.95150693070437,20081.82509543425,1.7657259652192598,0.0,0.0,1.0,inf,35459.0,inf,219.0,50.0,169.0,0.0,0.0,0.0,0.0,0.0,0.0
691.0,35494.0,100472.0,64978.0,32489.0,1.8306756071448695,79.95150693070437,20081.82509543425,1.767468834696196,0.0,0.0,1.0,inf,35494.0,inf,219.0,35.0,184.0,0.0,0.0,0.0,0.0,0.0,0.0
692.0,35541.0,100603.0,65062.0,32531.0,1.8306181593089672,79.95150693070437,20081.82509543425,1.769809259422367,0.0,0.0,1.0,inf,35541.0,inf,218.0,47.0,171.0,0.0,0.0,0.0,0.0,0.0,0.0
693.0,35591.0,100737.0,65146.0,32573.0,1.8304065634570537,79.95150693070437,20081.82509543425,1.7722990729608472,0.0,0.0,1.0,inf,35591.0,inf,218.0,50.0,168.0,0.0,0.0,0.0,0.0,0.0,0.0
694.0,35631.0,100851.0,65220.0,32610.0,1.830428559400522,79.95150693070437,20081.82509543425,1.7742909237916311,0.0,0.0,1.0,inf,35631.0,inf,220.0,40.0,180.0,0.0,0.0,0.0,0.0,0.0,0.0
695.0,35677.0,100985.0,65308.0,32654.0,1.8305350786220815,79.95150693070437,20081.82509543425,1.7765815522470327,0.0,0.0,1.0,inf,35677.0,inf,216.0,46.0,170.0,0.0,0.0,0.0,0.0,0.0,0.0
696.0,35724.0,101118.0,65394.0,32697.0,1.8305340947262345,79.95150693070437,20081.82509543425,1.778921976973204,0.0,0.0,1.0,inf,35724.0,inf,217.0,47.0,170.0,0.0,0.0,0.0,0.0,0.0,0.0
697.0,35776.0,101262.0,65486.0,32743.0,1.830444991055456,79.95150693070437,20081.82509543425,1.7815113830532232,0.0,0.0,1.0,inf,35776.0,inf,217.0,52.0,165.0,0.0,0.0,0.0,0.0,0.0,0.0
698.0,35822.0,101388.0,65566.0,32783.0,1.8303277315616102,79.95150693070437,20081.82509543425,1.7838020115086248,0.0,0.0,1.0,inf,35822.0,inf,219.0,46.0,173.0,0.0,0.0,0.0,0.0,0.0,0.0
699.0,35870.0,101518.0,65648.0,32824.0,1.8301644828547532,79.95150693070437,20081.82509543425,1.7861922325055657,0.0,0.0,1.0,inf,35870.0,inf,217.0,48.0,169.0,0.0,0.0,0.0,0.0,0.0,0.0
700.0,35910.0,101630.0,65720.0,32860.0,1.8301308827624616,79.95150693070437,20081.82509543425,1.7881840833363498,0.0,0.0,1.0,inf,35910.0,inf,216.0,40.0,176.0,0.0,0.0,0.0,0.0,0.0,0.0
