t,site_subsystems,total_subsystems,interface_subsystems,n_links,mean_degree,frontier_radius,volume_proxy,density,energy_remaining,energy_density,creation_rate_modifier,memory_total,memory_bound,memory_free,birth_attempts,births_accepted,births_reject_exclusion,births_reject_memory,births_reject_energy,deaths_attempted,deaths_executed,links_attempted_random,links_added_random
0.0,2.0,4.0,2.0,1.0,1.0,0.3270592394707385,0.3360490853916337,5.951511511091267,0.0,0.0,1.0,inf,2.0,inf,0.0,0.0,0.0,0.0,0.0,0.0,0.0,0.0,0.0
1.0,2.0,4.0,2.0,1.0,1.0,0.3270592394707385,0.3360490853916337,5.951511511091267,0.0,0.0,1.0,inf,2.0,inf,0.0,0.0,0.0,0.0,0.0,0.0,0.0,0.0,0.0
2.0,191.0,545.0,354.0,177.0,1.8534031413612566,20.242745165286994,1287.3264375777237,0.1483695156291453,0.0,0.0,1.0,inf,191.0,inf,220.0,189.0,31.0,0.0,0.0,0.0,0.0,0.0,0.0
3.0,191.0,545.0,354.0,177.0,1.8534031413612566,20.242745165286994,1287.3264375777237,0.1483695156291453,0.0,0.0,1.0,inf,191.0,inf,0.0,0.0,0.0,0.0,0.0,0.0,0.0,0.0,0.0
4.0,334.0,934.0,600.0,300.0,1.7964071856287425,22.63792627722628,1609.9899135310895,0.2074547158295289,0.0,0.0,1.0,inf,334.0,inf,220.0,143.0,77.0,0.0,0.0,0.0,0.0,0.0,0.0
5.0,337.0,939.0,602.0,301.0,1.7863501483679525,22.63792627722628,1609.9899135310895,0.20931808154057258,0.0,0.0,1.0,inf,337.0,inf,8.0,3.0,5.0,0.0,0.0,0.0,0.0,0.0,0.0
6.0,452.0,1264.0,812.0,406.0,1.7964601769911503,24.480237557432382,1882.700025604295,0.24008073184941953,0.0,0.0,1.0,inf,452.0,inf,217.0,115.0,102.0,0.0,0.0,0.0,0.0,0.0,0.0
7.0,487.0,1351.0,864.0,432.0,1.7741273100616017,24.769646987615726,1927.4783427142702,0.25266172345895616,0.0,0.0,1.0,inf,487.0,inf,71.0,35.0,36.0,0.0,0.0,0.0,0.0,0.0,0.0
8.0,573.0,1599.0,1026.0,513.0,1.7905759162303665,24.93219493638652,1952.859057563359,0.29341595225768585,0.0,0.0,1.0,inf,573.0,inf,177.0,86.0,91.0,0.0,0.0,0.0,0.0,0.0,0.0
9.0,642.0,1786.0,1144.0,572.0,1.7819314641744548,25.526519120046025,2047.0717582734537,0.3136187079936451,0.0,0.0,1.0,inf,642.0,inf,147.0,69.0,78.0,0.0,0.0,0.0,0.0,0.0,0.0
10.0,706.0,1966.0,1260.0,630.0,1.7847025495750708,25.526519120046025,2047.0717582734537,0.3448828782609244,0.0,0.0,1.0,inf,706.0,inf,170.0,64.0,106.0,0.0,0.0,0.0,0.0,0.0,0.0
11.0,761.0,2121.0,1360.0,680.0,1.7871222076215505,26.389644436925163,2187.847012408623,0.3478305364515444,0.0,0.0,1.0,inf,761.0,inf,167.0,55.0,112.0,0.0,0.0,0.0,0.0,0.0,0.0
12.0,833.0,2321.0,1488.0,744.0,1.7863145258103241,26.389644436925163,2187.847012408623,0.3807396016611517,0.0,0.0,1.0,inf,833.0,inf,180.0,72.0,108.0,0.0,0.0,0.0,0.0,0.0,0.0
13.0,906.0,2530.0,1624.0,812.0,1.7924944812362031,27.270145964056038,2336.279497368597,0.38779606678928946,0.0,0.0,1.0,inf,906.0,inf,174.0,73.0,101.0,0.0,0.0,0.0,0.0,0.0,0.0
14.0,973.0,2715.0,1742.0,871.0,1.790339157245632,27.270145964056038,2336.279497368597,0.41647414236862984,0.0,0.0,1.0,inf,973.0,inf,181.0,67.0,114.0,0.0,0.0,0.0,0.0,0.0,0.0
15.0,1024.0,2858.0,1834.0,917.0,1.791015625,27.270145964056038,2336.279497368597,0.43830372228723224,0.0,0.0,1.0,inf,1024.0,inf,181.0,51.0,130.0,0.0,0.0,0.0,0.0,0.0,0.0
16.0,1091.0,3055.0,1964.0,982.0,1.8001833180568285,27.270145964056038,2336.279497368597,0.4669817978665726,0.0,0.0,1.0,inf,1091.0,inf,196.0,67.0,129.0,0.0,0.0,0.0,0.0,0.0,0.0
17.0,1144.0,3202.0,2058.0,1029.0,1.798951048951049,27.852096758486024,2437.056866641457,0.4694186728504874,0.0,0.0,1.0,inf,1144.0,inf,183.0,53.0,130.0,0.0,0.0,0.0,0.0,0.0,0.0
18.0,1213.0,3397.0,2184.0,1092.0,1.8004946413849958,28.803101716990586,2606.323914301198,0.4654064651535176,0.0,0.0,1.0,inf,1213.0,inf,190.0,69.0,121.0,0.0,0.0,0.0,0.0,0.0,0.0
19.0,1285.0,3605.0,2320.0,1160.0,1.8054474708171206,29.476043371343557,2729.5323536626315,0.47077661427083606,0.0,0.0,1.0,inf,1285.0,inf,184.0,72.0,112.0,0.0,0.0,0.0,0.0,0.0,0.0
20.0,1362.0,3814.0,2452.0,1226.0,1.8002936857562408,29.476043371343557,2729.5323536626315,0.4989865748146916,0.0,0.0,1.0,inf,1362.0,inf,167.0,77.0,90.0,0.0,0.0,0.0,0.0,0.0,0.0
21.0,1438.0,4030.0,2592.0,1296.0,1.8025034770514603,29.510505571864,2735.918602930793,0.525600432139894,0.0,0.0,1.0,inf,1438.0,inf,181.0,76.0,105.0,0.0,0.0,0.0,0.0,0.0,0.0
22.0,1509.0,4233.0,2724.0,1362.0,1.805168986083499,29.510505571864,2735.918602930793,0.5515514965918638,0.0,0.0,1.0,inf,1509.0,inf,183.0,71.0,112.0,0.0,0.0,0.0,0.0,0.0,0.0
23.0,1577.0,4415.0,2838.0,1419.0,1.7996195307545972,31.011113598282368,3021.2356208449605,0.5219718677747333,0.0,0.0,1.0,inf,1577.0,inf,190.0,68.0,122.0,0.0,0.0,0.0,0.0,0.0,0.0
24.0,1659.0,4645.0,2986.0,1493.0,1.7998794454490656,31.011113598282368,3021.2356208449605,0.5491130809374017,0.0,0.0,1.0,inf,1659.0,inf,181.0,82.0,99.0,0.0,0.0,0.0,0.0,0.0,0.0
25.0,1738.0,4860.0,3122.0,1561.0,1.7963176064441888,31.011113598282368,3021.2356208449605,0.5752613228868019,0.0,0.0,1.0,inf,1738.0,inf,181.0,79.0,102.0,0.0,0.0,0.0,0.0,0.0,0.0
26.0,1801.0,5041.0,3240.0,1620.0,1.799000555247085,31.19882599013514,3057.9218095686615,0.5889620834530239,0.0,0.0,1.0,inf,1801.0,inf,182.0,63.0,119.0,0.0,0.0,0.0,0.0,0.0,0.0
27.0,1877.0,5255.0,3378.0,1689.0,1.7996803409696325,31.2424275296603,3066.4749048431577,0.6121034928528148,0.0,0.0,1.0,inf,1877.0,inf,189.0,76.0,113.0,0.0,0.0,0.0,0.0,0.0,0.0
28.0,1942.0,5438.0,3496.0,1748.0,1.800205973223481,31.2424275296603,3066.4749048431577,0.6333004704955603,0.0,0.0,1.0,inf,1942.0,inf,184.0,65.0,119.0,0.0,0.0,0.0,0.0,0.0,0.0
29.0,2000.0,5588.0,3588.0,1794.0,1.794,31.370377141992655,3091.643096069721,0.6469052014905983,0.0,0.0,1.0,inf,2000.0,inf,200.0,58.0,142.0,0.0,0.0,0.0,0.0,0.0,0.0
30.0,2059.0,5755.0,3696.0,1848.0,1.7950461389023797,31.370377141992655,3091.643096069721,0.6659889049345709,0.0,0.0,1.0,inf,2059.0,inf,208.0,59.0,149.0,0.0,0.0,0.0,0.0,0.0,0.0
31.0,2116.0,5912.0,3796.0,1898.0,1.7939508506616257,31.370377141992655,3091.643096069721,0.684425703177053,0.0,0.0,1.0,inf,2116.0,inf,212.0,57.0,155.0,0.0,0.0,0.0,0.0,0.0,0.0
32.0,2191.0,6119.0,3928.0,1964.0,1.7927886809675948,31.839018639236954,3184.7050685832583,0.6879757945606825,0.0,0.0,1.0,inf,2191.0,inf,203.0,75.0,128.0,0.0,0.0,0.0,0.0,0.0,0.0
33.0,2249.0,6285.0,4036.0,2018.0,1.794575366829702,31.839018639236954,3184.7050685832583,0.7061878420661684,0.0,0.0,1.0,inf,2249.0,inf,200.0,58.0,142.0,0.0,0.0,0.0,0.0,0.0,0.0
34.0,2310.0,6454.0,4144.0,2072.0,1.793939393939394,32.1589782011355,3249.034742024839,0.7109803936908287,0.0,0.0,1.0,inf,2310.0,inf,206.0,61.0,145.0,0.0,0.0,0.0,0.0,0.0,0.0
35.0,2383.0,6667.0,4284.0,2142.0,1.7977339488040285,32.1589782011355,3249.034742024839,0.7334486052663397,0.0,0.0,1.0,inf,2383.0,inf,208.0,73.0,135.0,0.0,0.0,0.0,0.0,0.0,0.0
36.0,2456.0,6870.0,4414.0,2207.0,1.7972312703583062,32.46527238007482,3311.219526822607,0.7417206802826324,0.0,0.0,1.0,inf,2456.0,inf,211.0,73.0,138.0,0.0,0.0,0.0,0.0,0.0,0.0
37.0,2512.0,7032.0,4520.0,2260.0,1.7993630573248407,32.46527238007482,3311.219526822607,0.7586328782043862,0.0,0.0,1.0,inf,2512.0,inf,200.0,56.0,144.0,0.0,0.0,0.0,0.0,0.0,0.0
38.0,2580.0,7224.0,4644.0,2322.0,1.8,32.46527238007482,3311.219526822607,0.7791691185379445,0.0,0.0,1.0,inf,2580.0,inf,201.0,68.0,133.0,0.0,0.0,0.0,0.0,0.0,0.0
39.0,2645.0,7409.0,4764.0,2382.0,1.801134215500945,33.077597234626715,3437.3027238759423,0.7694987065373944,0.0,0.0,1.0,inf,2645.0,inf,205.0,65.0,140.0,0.0,0.0,0.0,0.0,0.0,0.0
40.0,2714.0,7608.0,4894.0,2447.0,1.8032424465733234,33.077597234626715,3437.3027238759423,0.7895725858383699,0.0,0.0,1.0,inf,2714.0,inf,216.0,69.0,147.0,0.0,0.0,0.0,0.0,0.0,0.0
41.0,2789.0,7807.0,5018.0,2509.0,1.7992111868053065,33.2509627386012,3473.428162408571,0.8029531257286836,0.0,0.0,1.0,inf,2789.0,inf,201.0,75.0,126.0,0.0,0.0,0.0,0.0,0.0,0.0
42.0,2840.0,7954.0,5114.0,2557.0,1.8007042253521126,33.2509627386012,3473.428162408571,0.8176360261991615,0.0,0.0,1.0,inf,2840.0,inf,206.0,51.0,155.0,0.0,0.0,0.0,0.0,0.0,0.0
43.0,2893.0,8107.0,5214.0,2607.0,1.8022813688212929,33.444635010612274,3514.008391015635,0.8232763494238133,0.0,0.0,1.0,inf,2893.0,inf,205.0,53.0,152.0,0.0,0.0,0.0,0.0,0.0,0.0
44.0,2941.0,8245.0,5304.0,2652.0,1.8034682080924855,33.444635010612274,3514.008391015635,0.8369359639320549,0.0,0.0,1.0,inf,2941.0,inf,205.0,48.0,157.0,0.0,0.0,0.0,0.0,0.0,0.0
45.0,3005.0,8429.0,5424.0,2712.0,1.804991680532446,33.47819828348011,3521.0648772023114,0.8534349990130388,0.0,0.0,1.0,inf,3005.0,inf,212.0,64.0,148.0,0.0,0.0,0.0,0.0,0.0,0.0
46.0,3055.0,8573.0,5518.0,2759.0,1.8062193126022914,33.47819828348011,3521.0648772023114,0.8676352485806433,0.0,0.0,1.0,inf,3055.0,inf,206.0,50.0,156.0,0.0,0.0,0.0,0.0,0.0,0.0
47.0,3106.0,8718.0,5612.0,2806.0,1.8068254990341275,33.47819828348011,3521.0648772023114,0.8821195031396001,0.0,0.0,1.0,inf,3106.0,inf,214.0,51.0,163.0,0.0,0.0,0.0,0.0,0.0,0.0
48.0,3172.0,8908.0,5736.0,2868.0,1.8083228247162673,33.85758802511209,3601.321594568145,0.8807877654648536,0.0,0.0,1.0,inf,3172.0,inf,214.0,66.0,148.0,0.0,0.0,0.0,0.0,0.0,0.0
49.0,3223.0,9057.0,5834.0,2917.0,1.810114799875892,34.56363790044062,3753.0881595772757,0.8587594703245709,0.0,0.0,1.0,inf,3223.0,inf,205.0,51.0,154.0,0.0,0.0,0.0,0.0,0.0,0.0
50.0,3269.0,9187.0,5918.0,2959.0,1.8103395533802387,34.56363790044062,3753.0881595772757,0.8710160435901403,0.0,0.0,1.0,inf,3269.0,inf,206.0,46.0,160.0,0.0,0.0,0.0,0.0,0.0,0.0
51.0,3328.0,9356.0,6028.0,3014.0,1.8112980769230769,34.90258355138801,3827.0578182992517,0.8695975232166643,0.0,0.0,1.0,inf,3328.0,inf,216.0,59.0,157.0,0.0,0.0,0.0,0.0,0.0,0.0
52.0,3394.0,9542.0,6148.0,3074.0,1.81143193871538,34.90258355138801,3827.0578182992517,0.886843147174687,0.0,0.0,1.0,inf,3394.0,inf,211.0,66.0,145.0,0.0,0.0,0.0,0.0,0.0,0.0
53.0,3459.0,9725.0,6266.0,3133.0,1.8115062156692685,34.90258355138801,3827.0578182992517,0.9038274738000125,0.0,0.0,1.0,inf,3459.0,inf,204.0,65.0,139.0,0.0,0.0,0.0,0.0,0.0,0.0
54.0,3522.0,9904.0,6382.0,3191.0,1.812038614423623,34.90258355138801,3827.0578182992517,0.9202892057599433,0.0,0.0,1.0,inf,3522.0,inf,210.0,63.0,147.0,0.0,0.0,0.0,0.0,0.0,0.0
55.0,3571.0,10041.0,6470.0,3235.0,1.8118174180901707,34.90258355138801,3827.0578182992517,0.9330927750621117,0.0,0.0,1.0,inf,3571.0,inf,201.0,49.0,152.0,0.0,0.0,0.0,0.0,0.0,0.0
56.0,3627.0,10195.0,6568.0,3284.0,1.8108629721532947,34.90258355138801,3827.0578182992517,0.9477254256931614,0.0,0.0,1.0,inf,3627.0,inf,209.0,56.0,153.0,0.0,0.0,0.0,0.0,0.0,0.0
57.0,3698.0,10400.0,6702.0,3351.0,1.8123309897241753,34.90258355138801,3827.0578182992517,0.9662775363146708,0.0,0.0,1.0,inf,3698.0,inf,212.0,71.0,141.0,0.0,0.0,0.0,0.0,0.0,0.0
58.0,3766.0,10592.0,6826.0,3413.0,1.8125331917153478,35.690548920280705,4001.8087326871623,0.9410744619648976,0.0,0.0,1.0,inf,3766.0,inf,210.0,68.0,142.0,0.0,0.0,0.0,0.0,0.0,0.0
59.0,3825.0,10753.0,6928.0,3464.0,1.8112418300653594,35.71877210494302,4008.140293664008,0.9543079133348918,0.0,0.0,1.0,inf,3825.0,inf,210.0,59.0,151.0,0.0,0.0,0.0,0.0,0.0,0.0
60.0,3899.0,10967.0,7068.0,3534.0,1.8127725057707105,36.64840758656313,4219.491247140703,0.9240450498960316,0.0,0.0,1.0,inf,3899.0,inf,204.0,74.0,130.0,0.0,0.0,0.0,0.0,0.0,0.0
61.0,3960.0,11146.0,7186.0,3593.0,1.8146464646464646,37.06428287447819,4315.797669589608,0.917559233117747,0.0,0.0,1.0,inf,3960.0,inf,197.0,61.0,136.0,0.0,0.0,0.0,0.0,0.0,0.0
62.0,4036.0,11370.0,7334.0,3667.0,1.8171456888007929,37.231864299231766,4354.912553347515,0.9267694702383001,0.0,0.0,1.0,inf,4036.0,inf,204.0,76.0,128.0,0.0,0.0,0.0,0.0,0.0,0.0
63.0,4115.0,11585.0,7470.0,3735.0,1.8153098420413123,37.231864299231766,4354.912553347515,0.944909903377256,0.0,0.0,1.0,inf,4115.0,inf,198.0,79.0,119.0,0.0,0.0,0.0,0.0,0.0,0.0
64.0,4199.0,11819.0,7620.0,3810.0,1.814717789949988,37.947679734499864,4523.976350519968,0.9281657715822019,0.0,0.0,1.0,inf,4199.0,inf,198.0,84.0,114.0,0.0,0.0,0.0,0.0,0.0,0.0
65.0,4274.0,12030.0,7756.0,3878.0,1.8146934955545158,37.947679734499864,4523.976350519968,0.944744107583313,0.0,0.0,1.0,inf,4274.0,inf,193.0,75.0,118.0,0.0,0.0,0.0,0.0,0.0,0.0
66.0,4352.0,12252.0,7900.0,3950.0,1.8152573529411764,38.204380058590836,4585.389015591244,0.9491015888079126,0.0,0.0,1.0,inf,4352.0,inf,197.0,78.0,119.0,0.0,0.0,0.0,0.0,0.0,0.0
67.0,4428.0,12470.0,8042.0,4021.0,1.8161698283649503,38.204380058590836,4585.389015591244,0.9656759731712861,0.0,0.0,1.0,inf,4428.0,inf,186.0,76.0,110.0,0.0,0.0,0.0,0.0,0.0,0.0
68.0,4498.0,12662.0,8164.0,4082.0,1.8150289017341041,38.204380058590836,4585.389015591244,0.9809418535059722,0.0,0.0,1.0,inf,4498.0,inf,190.0,70.0,120.0,0.0,0.0,0.0,0.0,0.0,0.0
69.0,4597.0,12941.0,8344.0,4172.0,1.815096802262345,39.11955273665218,4807.703036380403,0.9561738662338354,0.0,0.0,1.0,inf,4597.0,inf,191.0,99.0,92.0,0.0,0.0,0.0,0.0,0.0,0.0
70.0,4674.0,13154.0,8480.0,4240.0,1.8142918271287976,39.11955273665218,4807.703036380403,0.9721898304931361,0.0,0.0,1.0,inf,4674.0,inf,186.0,77.0,109.0,0.0,0.0,0.0,0.0,0.0,0.0
71.0,4762.0,13402.0,8640.0,4320.0,1.8143637127257455,39.11955273665218,4807.703036380403,0.9904937896466226,0.0,0.0,1.0,inf,4762.0,inf,200.0,88.0,112.0,0.0,0.0,0.0,0.0,0.0,0.0
72.0,4834.0,13602.0,8768.0,4384.0,1.8138187836160529,39.299582702706445,4852.05539521038,0.9962788151124155,0.0,0.0,1.0,inf,4834.0,inf,192.0,72.0,120.0,0.0,0.0,0.0,0.0,0.0,0.0
73.0,4913.0,13835.0,8922.0,4461.0,1.8159983716670058,39.299582702706445,4852.05539521038,1.0125605748132596,0.0,0.0,1.0,inf,4913.0,inf,194.0,79.0,115.0,0.0,0.0,0.0,0.0,0.0,0.0
74.0,4996.0,14060.0,9064.0,4532.0,1.8142514011208968,39.31404930264876,4855.628240458352,1.0289090829425602,0.0,0.0,1.0,inf,4996.0,inf,204.0,83.0,121.0,0.0,0.0,0.0,0.0,0.0,0.0
75.0,5083.0,14311.0,9228.0,4614.0,1.8154633090694472,39.95505090462791,5015.257653259472,1.0135072515559598,0.0,0.0,1.0,inf,5083.0,inf,199.0,87.0,112.0,0.0,0.0,0.0,0.0,0.0,0.0
76.0,5169.0,14555.0,9386.0,4693.0,1.8158251112400852,39.95505090462791,5015.257653259472,1.030654924905126,0.0,0.0,1.0,inf,5169.0,inf,196.0,86.0,110.0,0.0,0.0,0.0,0.0,0.0,0.0
77.0,5254.0,14798.0,9544.0,4772.0,1.816520746098211,39.95505090462791,5015.257653259472,1.0476032067037206,0.0,0.0,1.0,inf,5254.0,inf,204.0,85.0,119.0,0.0,0.0,0.0,0.0,0.0,0.0
78.0,5343.0,15049.0,9706.0,4853.0,1.8165824443196705,39.95505090462791,5015.257653259472,1.065349054704602,0.0,0.0,1.0,inf,5343.0,inf,207.0,89.0,118.0,0.0,0.0,0.0,0.0,0.0,0.0
79.0,5414.0,15244.0,9830.0,4915.0,1.815663095677872,39.95505090462791,5015.257653259472,1.079505854795193,0.0,0.0,1.0,inf,5414.0,inf,203.0,71.0,132.0,0.0,0.0,0.0,0.0,0.0,0.0
80.0,5483.0,15441.0,9958.0,4979.0,1.8161590370235272,39.95505090462791,5015.257653259472,1.0932638717846404,0.0,0.0,1.0,inf,5483.0,inf,205.0,69.0,136.0,0.0,0.0,0.0,0.0,0.0,0.0
81.0,5558.0,15660.0,10102.0,5051.0,1.817560273479669,40.22306450740514,5082.766789821633,1.0934989209282695,0.0,0.0,1.0,inf,5558.0,inf,211.0,75.0,136.0,0.0,0.0,0.0,0.0,0.0,0.0
82.0,5632.0,15864.0,10232.0,5116.0,1.8167613636363635,40.38055399504397,5122.646866221324,1.0994316311626602,0.0,0.0,1.0,inf,5632.0,inf,211.0,74.0,137.0,0.0,0.0,0.0,0.0,0.0,0.0
83.0,5721.0,16121.0,10400.0,5200.0,1.8178640097884986,41.16387696789578,5323.318063862096,1.0747056500038217,0.0,0.0,1.0,inf,5721.0,inf,205.0,89.0,116.0,0.0,0.0,0.0,0.0,0.0,0.0
84.0,5791.0,16323.0,10532.0,5266.0,1.8186841650837506,41.16387696789578,5323.318063862096,1.0878553433267142,0.0,0.0,1.0,inf,5791.0,inf,199.0,70.0,129.0,0.0,0.0,0.0,0.0,0.0,0.0
85.0,5854.0,16500.0,10646.0,5323.0,1.818585582507687,41.371783461015966,5377.22685043125,1.0886652475021605,0.0,0.0,1.0,inf,5854.0,inf,204.0,63.0,141.0,0.0,0.0,0.0,0.0,0.0,0.0
86.0,5924.0,16700.0,10776.0,5388.0,1.8190411883862254,41.371783461015966,5377.22685043125,1.1016831100448923,0.0,0.0,1.0,inf,5924.0,inf,207.0,70.0,137.0,0.0,0.0,0.0,0.0,0.0,0.0
87.0,5987.0,16873.0,10886.0,5443.0,1.8182729246701186,41.371783461015966,5377.22685043125,1.1133991863333508,0.0,0.0,1.0,inf,5987.0,inf,209.0,63.0,146.0,0.0,0.0,0.0,0.0,0.0,0.0
88.0,6059.0,17083.0,11024.0,5512.0,1.8194421521703252,41.371783461015966,5377.22685043125,1.1267889878058748,0.0,0.0,1.0,inf,6059.0,inf,209.0,72.0,137.0,0.0,0.0,0.0,0.0,0.0,0.0
89.0,6130.0,17276.0,11146.0,5573.0,1.8182707993474714,41.371783461015966,5377.22685043125,1.1399928198135028,0.0,0.0,1.0,inf,6130.0,inf,212.0,71.0,141.0,0.0,0.0,0.0,0.0,0.0,0.0
90.0,6197.0,17467.0,11270.0,5635.0,1.8186219138292723,42.01458759867327,5545.619686054478,1.1174585259756529,0.0,0.0,1.0,inf,6197.0,inf,206.0,67.0,139.0,0.0,0.0,0.0,0.0,0.0,0.0
91.0,6283.0,17713.0,11430.0,5715.0,1.8191946522361928,42.01458759867327,5545.619686054478,1.13296626088511,0.0,0.0,1.0,inf,6283.0,inf,209.0,86.0,123.0,0.0,0.0,0.0,0.0,0.0,0.0
92.0,6358.0,17928.0,11570.0,5785.0,1.819754639823844,42.01458759867327,5545.619686054478,1.1464904483061484,0.0,0.0,1.0,inf,6358.0,inf,202.0,75.0,127.0,0.0,0.0,0.0,0.0,0.0,0.0
93.0,6418.0,18098.0,11680.0,5840.0,1.8198815830476784,42.01458759867327,5545.619686054478,1.157309798242979,0.0,0.0,1.0,inf,6418.0,inf,207.0,60.0,147.0,0.0,0.0,0.0,0.0,0.0,0.0
94.0,6485.0,18281.0,11796.0,5898.0,1.8189668465690054,42.01458759867327,5545.619686054478,1.1693914056724397,0.0,0.0,1.0,inf,6485.0,inf,211.0,67.0,144.0,0.0,0.0,0.0,0.0,0.0,0.0
95.0,6552.0,18470.0,11918.0,5959.0,1.818986568986569,42.01458759867327,5545.619686054478,1.1814730131019007,0.0,0.0,1.0,inf,6552.0,inf,210.0,67.0,143.0,0.0,0.0,0.0,0.0,0.0,0.0
96.0,6622.0,18672.0,12050.0,6025.0,1.8196919359710058,42.01458759867327,5545.619686054478,1.194095588028203,0.0,0.0,1.0,inf,6622.0,inf,213.0,70.0,143.0,0.0,0.0,0.0,0.0,0.0,0.0
97.0,6693.0,18875.0,12182.0,6091.0,1.8201105632750636,42.01458759867327,5545.619686054478,1.2068984854534526,0.0,0.0,1.0,inf,6693.0,inf,211.0,71.0,140.0,0.0,0.0,0.0,0.0,0.0,0.0
98.0,6753.0,19047.0,12294.0,6147.0,1.8205242114615727,42.01458759867327,5545.619686054478,1.217717835390283,0.0,0.0,1.0,inf,6753.0,inf,210.0,60.0,150.0,0.0,0.0,0.0,0.0,0.0,0.0
99.0,6813.0,19217.0,12404.0,6202.0,1.820637017466608,42.310001446701,5623.878805279156,1.2114414687607797,0.0,0.0,1.0,inf,6813.0,inf,215.0,60.0,155.0,0.0,0.0,0.0,0.0,0.0,0.0
100.0,6880.0,19408.0,12528.0,6264.0,1.8209302325581396,42.310001446701,5623.878805279156,1.223354954509638,0.0,0.0,1.0,inf,6880.0,inf,215.0,67.0,148.0,0.0,0.0,0.0,0.0,0.0,0.0
101.0,6936.0,19566.0,12630.0,6315.0,1.8209342560553634,42.310001446701,5623.878805279156,1.2333124948370422,0.0,0.0,1.0,inf,6936.0,inf,210.0,56.0,154.0,0.0,0.0,0.0,0.0,0.0,0.0
102.0,6994.0,19726.0,12732.0,6366.0,1.8204175007148984,42.310001446701,5623.878805279156,1.2436256616047106,0.0,0.0,1.0,inf,6994.0,inf,211.0,58.0,153.0,0.0,0.0,0.0,0.0,0.0,0.0
103.0,7058.0,19906.0,12848.0,6424.0,1.82034570699915,42.310001446701,5623.878805279156,1.2550057076931724,0.0,0.0,1.0,inf,7058.0,inf,211.0,64.0,147.0,0.0,0.0,0.0,0.0,0.0,0.0
104.0,7112.0,20060.0,12948.0,6474.0,1.8205849268841394,42.47611199907586,5668.124581956238,1.2547360060927661,0.0,0.0,1.0,inf,7112.0,inf,208.0,54.0,154.0,0.0,0.0,0.0,0.0,0.0,0.0
105.0,7168.0,20214.0,13046.0,6523.0,1.8200334821428572,42.47611199907586,5668.124581956238,1.2646158171643627,0.0,0.0,1.0,inf,7168.0,inf,214.0,56.0,158.0,0.0,0.0,0.0,0.0,0.0,0.0
106.0,7226.0,20372.0,13146.0,6573.0,1.819263769720454,42.95476912321934,5796.590902500962,1.2465947867534197,0.0,0.0,1.0,inf,7226.0,inf,215.0,58.0,157.0,0.0,0.0,0.0,0.0,0.0,0.0
107.0,7274.0,20510.0,13236.0,6618.0,1.8196315644762167,42.95476912321934,5796.590902500962,1.2548755160316047,0.0,0.0,1.0,inf,7274.0,inf,213.0,48.0,165.0,0.0,0.0,0.0,0.0,0.0,0.0
108.0,7335.0,20677.0,13342.0,6671.0,1.8189502385821403,42.95476912321934,5796.590902500962,1.2653989428226313,0.0,0.0,1.0,inf,7335.0,inf,215.0,61.0,154.0,0.0,0.0,0.0,0.0,0.0,0.0
109.0,7403.0,20865.0,13462.0,6731.0,1.8184519789274618,42.95476912321934,5796.590902500962,1.2771299759667265,0.0,0.0,1.0,inf,7403.0,inf,217.0,68.0,149.0,0.0,0.0,0.0,0.0,0.0,0.0
110.0,7457.0,21017.0,13560.0,6780.0,1.8184256403379375,42.95476912321934,5796.590902500962,1.2864457964046847,0.0,0.0,1.0,inf,7457.0,inf,208.0,54.0,154.0,0.0,0.0,0.0,0.0,0.0,0.0
111.0,7516.0,21178.0,13662.0,6831.0,1.817722192655668,42.95476912321934,5796.590902500962,1.2966241928091202,0.0,0.0,1.0,inf,7516.0,inf,217.0,59.0,158.0,0.0,0.0,0.0,0.0,0.0,0.0
112.0,7572.0,21338.0,13766.0,6883.0,1.818013734812467,42.95476912321934,5796.590902500962,1.3062850436336693,0.0,0.0,1.0,inf,7572.0,inf,215.0,56.0,159.0,0.0,0.0,0.0,0.0,0.0,0.0
113.0,7639.0,21527.0,13888.0,6944.0,1.8180390103416677,43.012405698640535,5812.157034030117,1.3143141101098503,0.0,0.0,1.0,inf,7639.0,inf,207.0,67.0,140.0,0.0,0.0,0.0,0.0,0.0,0.0
114.0,7691.0,21673.0,13982.0,6991.0,1.8179690547393057,43.05757731204843,5824.371294935409,1.3204858705844733,0.0,0.0,1.0,inf,7691.0,inf,213.0,52.0,161.0,0.0,0.0,0.0,0.0,0.0,0.0
115.0,7738.0,21812.0,14074.0,7037.0,1.8188162315843888,43.05757731204843,5824.371294935409,1.328555411075628,0.0,0.0,1.0,inf,7738.0,inf,214.0,47.0,167.0,0.0,0.0,0.0,0.0,0.0,0.0
116.0,7786.0,21956.0,14170.0,7085.0,1.8199332134600565,43.11637320792068,5840.288722704986,1.3331532685585858,0.0,0.0,1.0,inf,7786.0,inf,216.0,48.0,168.0,0.0,0.0,0.0,0.0,0.0,0.0
117.0,7827.0,22073.0,14246.0,7123.0,1.820109876070014,43.11637320792068,5840.288722704986,1.3401734694333485,0.0,0.0,1.0,inf,7827.0,inf,215.0,41.0,174.0,0.0,0.0,0.0,0.0,0.0,0.0
118.0,7882.0,22232.0,14350.0,7175.0,1.8206039076376554,43.59945945400251,5971.893890796815,1.3198493047819917,0.0,0.0,1.0,inf,7882.0,inf,216.0,55.0,161.0,0.0,0.0,0.0,0.0,0.0,0.0
119.0,7939.0,22395.0,14456.0,7228.0,1.8208842423479028,43.59945945400251,5971.893890796815,1.329394015562577,0.0,0.0,1.0,inf,7939.0,inf,215.0,57.0,158.0,0.0,0.0,0.0,0.0,0.0,0.0
120.0,7987.0,22533.0,14546.0,7273.0,1.8212094653812445,43.59945945400251,5971.893890796815,1.3374316667462278,0.0,0.0,1.0,inf,7987.0,inf,213.0,48.0,165.0,0.0,0.0,0.0,0.0,0.0,0.0
121.0,8042.0,22686.0,14644.0,7322.0,1.8209400646605323,44.05685489123468,6097.851644439911,1.3188251320172384,0.0,0.0,1.0,inf,8042.0,inf,214.0,55.0,159.0,0.0,0.0,0.0,0.0,0.0,0.0
122.0,8104.0,22862.0,14758.0,7379.0,1.8210760118460019,44.05685489123468,6097.851644439911,1.328992647334954,0.0,0.0,1.0,inf,8104.0,inf,217.0,62.0,155.0,0.0,0.0,0.0,0.0,0.0,0.0
123.0,8157.0,23009.0,14852.0,7426.0,1.8207674390094397,44.05685489123468,6097.851644439911,1.3376842330097753,0.0,0.0,1.0,inf,8157.0,inf,217.0,53.0,164.0,0.0,0.0,0.0,0.0,0.0,0.0
124.0,8205.0,23149.0,14944.0,7472.0,1.8213284582571603,44.05685489123468,6097.851644439911,1.3455558577718778,0.0,0.0,1.0,inf,8205.0,inf,213.0,48.0,165.0,0.0,0.0,0.0,0.0,0.0,0.0
125.0,8261.0,23309.0,15048.0,7524.0,1.8215712383488682,44.05685489123468,6097.851644439911,1.3547394199943306,0.0,0.0,1.0,inf,8261.0,inf,218.0,56.0,162.0,0.0,0.0,0.0,0.0,0.0,0.0
126.0,8309.0,23445.0,15136.0,7568.0,1.821639186424359,44.05685489123468,6097.851644439911,1.362611044756433,0.0,0.0,1.0,inf,8309.0,inf,211.0,48.0,163.0,0.0,0.0,0.0,0.0,0.0,0.0
127.0,8354.0,23574.0,15220.0,7610.0,1.8218817333014126,44.05685489123468,6097.851644439911,1.369990692970904,0.0,0.0,1.0,inf,8354.0,inf,217.0,45.0,172.0,0.0,0.0,0.0,0.0,0.0,0.0
128.0,8403.0,23715.0,15312.0,7656.0,1.8222063548732597,44.05685489123468,6097.851644439911,1.37802630991555,0.0,0.0,1.0,inf,8403.0,inf,215.0,49.0,166.0,0.0,0.0,0.0,0.0,0.0,0.0
129.0,8460.0,23872.0,15412.0,7706.0,1.8217494089834516,44.05685489123468,6097.851644439911,1.3873738643205467,0.0,0.0,1.0,inf,8460.0,inf,216.0,57.0,159.0,0.0,0.0,0.0,0.0,0.0,0.0
130.0,8499.0,23983.0,15484.0,7742.0,1.8218613954582892,44.253803828729964,6152.492392840554,1.3813913869913919,0.0,0.0,1.0,inf,8499.0,inf,214.0,39.0,175.0,0.0,0.0,0.0,0.0,0.0,0.0
131.0,8554.0,24142.0,15588.0,7794.0,1.8223053542202479,44.36430325028422,6183.255652156385,1.3834136062313431,0.0,0.0,1.0,inf,8554.0,inf,218.0,55.0,163.0,0.0,0.0,0.0,0.0,0.0,0.0
132.0,8612.0,24310.0,15698.0,7849.0,1.8228053878309336,44.5340012717133,6230.649299166997,1.3821994444706391,0.0,0.0,1.0,inf,8612.0,inf,212.0,58.0,154.0,0.0,0.0,0.0,0.0,0.0,0.0
133.0,8664.0,24456.0,15792.0,7896.0,1.8227146814404431,44.5340012717133,6230.649299166997,1.3905452841260588,0.0,0.0,1.0,inf,8664.0,inf,215.0,52.0,163.0,0.0,0.0,0.0,0.0,0.0,0.0
134.0,8713.0,24601.0,15888.0,7944.0,1.8234821531045564,44.5340012717133,6230.649299166997,1.3984096330321272,0.0,0.0,1.0,inf,8713.0,inf,213.0,49.0,164.0,0.0,0.0,0.0,0.0,0.0,0.0
135.0,8771.0,24765.0,15994.0,7997.0,1.8235092919849505,44.70949562118038,6279.852073291149,1.3966889502547293,0.0,0.0,1.0,inf,8771.0,inf,217.0,58.0,159.0,0.0,0.0,0.0,0.0,0.0,0.0
136.0,8823.0,24915.0,16092.0,8046.0,1.82386943216593,44.70949562118038,6279.852073291149,1.4049694000795208,0.0,0.0,1.0,inf,8823.0,inf,212.0,52.0,160.0,0.0,0.0,0.0,0.0,0.0,0.0
137.0,8864.0,25024.0,16160.0,8080.0,1.8231046931407942,44.70949562118038,6279.852073291149,1.4114982162875294,0.0,0.0,1.0,inf,8864.0,inf,219.0,41.0,178.0,0.0,0.0,0.0,0.0,0.0,0.0
138.0,8912.0,25162.0,16250.0,8125.0,1.8233842010771992,44.80757061370041,6307.433326599543,1.4129360610783703,0.0,0.0,1.0,inf,8912.0,inf,215.0,48.0,167.0,0.0,0.0,0.0,0.0,0.0,0.0
139.0,8970.0,25332.0,16362.0,8181.0,1.8240802675585284,44.80757061370041,6307.433326599543,1.422131560578207,0.0,0.0,1.0,inf,8970.0,inf,217.0,58.0,159.0,0.0,0.0,0.0,0.0,0.0,0.0
140.0,9022.0,25482.0,16460.0,8230.0,1.8244291731323432,44.80757061370041,6307.433326599543,1.4303758015090953,0.0,0.0,1.0,inf,9022.0,inf,214.0,52.0,162.0,0.0,0.0,0.0,0.0,0.0,0.0
141.0,9080.0,25648.0,16568.0,8284.0,1.8246696035242291,44.80757061370041,6307.433326599543,1.439571301008932,0.0,0.0,1.0,inf,9080.0,inf,216.0,58.0,158.0,0.0,0.0,0.0,0.0,0.0,0.0
142.0,9130.0,25794.0,16664.0,8332.0,1.8251916757940854,44.91615962864209,6338.041899901233,1.440507990353026,0.0,0.0,1.0,inf,9130.0,inf,219.0,50.0,169.0,0.0,0.0,0.0,0.0,0.0,0.0
143.0,9178.0,25930.0,16752.0,8376.0,1.8252342558291568,44.91615962864209,6338.041899901233,1.448081307279307,0.0,0.0,1.0,inf,9178.0,inf,217.0,48.0,169.0,0.0,0.0,0.0,0.0,0.0,0.0
144.0,9230.0,26072.0,16842.0,8421.0,1.8247020585048754,44.91615962864209,6338.041899901233,1.4562857339494448,0.0,0.0,1.0,inf,9230.0,inf,216.0,52.0,164.0,0.0,0.0,0.0,0.0,0.0,0.0
145.0,9284.0,26226.0,16942.0,8471.0,1.8248599741490736,44.91615962864209,6338.041899901233,1.4648057154915108,0.0,0.0,1.0,inf,9284.0,inf,212.0,54.0,158.0,0.0,0.0,0.0,0.0,0.0,0.0
146.0,9332.0,26368.0,17036.0,8518.0,1.8255465066438064,45.40477282037309,6476.6866640118615,1.440860193508183,0.0,0.0,1.0,inf,9332.0,inf,214.0,48.0,166.0,0.0,0.0,0.0,0.0,0.0,0.0
147.0,9372.0,26486.0,17114.0,8557.0,1.8260776781903543,45.40477282037309,6476.6866640118615,1.4470361909085612,0.0,0.0,1.0,inf,9372.0,inf,218.0,40.0,178.0,0.0,0.0,0.0,0.0,0.0,0.0
148.0,9435.0,26661.0,17226.0,8613.0,1.8257551669316374,45.40477282037309,6476.6866640118615,1.4567633868141565,0.0,0.0,1.0,inf,9435.0,inf,216.0,63.0,153.0,0.0,0.0,0.0,0.0,0.0,0.0
149.0,9476.0,26776.0,17300.0,8650.0,1.8256648374841706,45.40477282037309,6476.6866640118615,1.463093784149544,0.0,0.0,1.0,inf,9476.0,inf,218.0,41.0,177.0,0.0,0.0,0.0,0.0,0.0,0.0
150.0,9514.0,26886.0,17372.0,8686.0,1.8259407189405088,45.40477282037309,6476.6866640118615,1.468960981679903,0.0,0.0,1.0,inf,9514.0,inf,217.0,38.0,179.0,0.0,0.0,0.0,0.0,0.0,0.0
151.0,9557.0,27009.0,17452.0,8726.0,1.8260960552474625,45.40477282037309,6476.6866640118615,1.4756001788853093,0.0,0.0,1.0,inf,9557.0,inf,219.0,43.0,176.0,0.0,0.0,0.0,0.0,0.0,0.0
152.0,9613.0,27171.0,17558.0,8779.0,1.8264849682721316,45.40477282037309,6476.6866640118615,1.4842465752458385,0.0,0.0,1.0,inf,9613.0,inf,212.0,56.0,156.0,0.0,0.0,0.0,0.0,0.0,0.0
153.0,9680.0,27362.0,17682.0,8841.0,1.8266528925619834,45.4340841562691,6485.0514945271,1.492663552196802,0.0,0.0,1.0,inf,9680.0,inf,217.0,67.0,150.0,0.0,0.0,0.0,0.0,0.0,0.0
154.0,9734.0,27522.0,17788.0,8894.0,1.8274090815697555,45.4340841562691,6485.0514945271,1.5009903943268255,0.0,0.0,1.0,inf,9734.0,inf,214.0,54.0,160.0,0.0,0.0,0.0,0.0,0.0,0.0
155.0,9775.0,27641.0,17866.0,8933.0,1.8277237851662405,45.4340841562691,6485.0514945271,1.5073126263144359,0.0,0.0,1.0,inf,9775.0,inf,218.0,41.0,177.0,0.0,0.0,0.0,0.0,0.0,0.0
156.0,9839.0,27825.0,17986.0,8993.0,1.8280313039943084,45.63539836963721,6542.648138653816,1.5038253305831033,0.0,0.0,1.0,inf,9839.0,inf,220.0,64.0,156.0,0.0,0.0,0.0,0.0,0.0,0.0
157.0,9873.0,27921.0,18048.0,9024.0,1.82801580066849,45.63539836963721,6542.648138653816,1.5090220031351742,0.0,0.0,1.0,inf,9873.0,inf,215.0,34.0,181.0,0.0,0.0,0.0,0.0,0.0,0.0
158.0,9912.0,28036.0,18124.0,9062.0,1.828490718321227,45.63539836963721,6542.648138653816,1.51498289223902,0.0,0.0,1.0,inf,9912.0,inf,215.0,39.0,176.0,0.0,0.0,0.0,0.0,0.0,0.0
159.0,9965.0,28185.0,18220.0,9110.0,1.8283993978926243,45.63539836963721,6542.648138653816,1.5230835876878366,0.0,0.0,1.0,inf,9965.0,inf,217.0,53.0,164.0,0.0,0.0,0.0,0.0,0.0,0.0
160.0,10011.0,28315.0,18304.0,9152.0,1.8283887723504146,45.63539836963721,6542.648138653816,1.5301143799641677,0.0,0.0,1.0,inf,10011.0,inf,216.0,46.0,170.0,0.0,0.0,0.0,0.0,0.0,0.0
161.0,10048.0,28422.0,18374.0,9187.0,1.8286226114649682,45.63539836963721,6542.648138653816,1.5357695824473037,0.0,0.0,1.0,inf,10048.0,inf,219.0,37.0,182.0,0.0,0.0,0.0,0.0,0.0,0.0
162.0,10093.0,28551.0,18458.0,9229.0,1.8287922322401664,45.82012176365616,6595.722123515964,1.530234265633336,0.0,0.0,1.0,inf,10093.0,inf,217.0,45.0,172.0,0.0,0.0,0.0,0.0,0.0,0.0
163.0,10137.0,28675.0,18538.0,9269.0,1.8287461773700306,45.82012176365616,6595.722123515964,1.5369052561899463,0.0,0.0,1.0,inf,10137.0,inf,216.0,44.0,172.0,0.0,0.0,0.0,0.0,0.0,0.0
164.0,10190.0,28824.0,18634.0,9317.0,1.8286555446516193,45.82012176365616,6595.722123515964,1.5449407675422269,0.0,0.0,1.0,inf,10190.0,inf,219.0,53.0,166.0,0.0,0.0,0.0,0.0,0.0,0.0
165.0,10222.0,28912.0,18690.0,9345.0,1.82840931324594,45.82012176365616,6595.722123515964,1.5497923970379435,0.0,0.0,1.0,inf,10222.0,inf,217.0,32.0,185.0,0.0,0.0,0.0,0.0,0.0,0.0
166.0,10264.0,29032.0,18768.0,9384.0,1.828526890101325,45.93478414334094,6628.774304160378,1.548400885146756,0.0,0.0,1.0,inf,10264.0,inf,218.0,42.0,176.0,0.0,0.0,0.0,0.0,0.0,0.0
167.0,10322.0,29192.0,18870.0,9435.0,1.828134082542143,45.93478414334094,6628.774304160378,1.5571506173504301,0.0,0.0,1.0,inf,10322.0,inf,220.0,58.0,162.0,0.0,0.0,0.0,0.0,0.0,0.0
168.0,10365.0,29311.0,18946.0,9473.0,1.827882296189098,45.93478414334094,6628.774304160378,1.5636374877772918,0.0,0.0,1.0,inf,10365.0,inf,217.0,43.0,174.0,0.0,0.0,0.0,0.0,0.0,0.0
169.0,10410.0,29436.0,19026.0,9513.0,1.8276657060518733,45.93478414334094,6628.774304160378,1.5704260731077289,0.0,0.0,1.0,inf,10410.0,inf,218.0,45.0,173.0,0.0,0.0,0.0,0.0,0.0,0.0
170.0,10457.0,29573.0,19116.0,9558.0,1.8280577603519175,46.1695318013838,6696.699534893486,1.5615154816956145,0.0,0.0,1.0,inf,10457.0,inf,216.0,47.0,169.0,0.0,0.0,0.0,0.0,0.0,0.0
171.0,10499.0,29693.0,19194.0,9597.0,1.8281741118201733,46.1695318013838,6696.699534893486,1.5677872279164442,0.0,0.0,1.0,inf,10499.0,inf,213.0,42.0,171.0,0.0,0.0,0.0,0.0,0.0,0.0
172.0,10541.0,29807.0,19266.0,9633.0,1.8277203301394556,46.1695318013838,6696.699534893486,1.574058974137274,0.0,0.0,1.0,inf,10541.0,inf,217.0,42.0,175.0,0.0,0.0,0.0,0.0,0.0,0.0
173.0,10593.0,29957.0,19364.0,9682.0,1.8279996223921458,46.1695318013838,6696.699534893486,1.5818239932678249,0.0,0.0,1.0,inf,10593.0,inf,214.0,52.0,162.0,0.0,0.0,0.0,0.0,0.0,0.0
174.0,10644.0,30100.0,19456.0,9728.0,1.8278842540398346,46.325259900462726,6741.951155127843,1.5787714498501384,0.0,0.0,1.0,inf,10644.0,inf,218.0,51.0,167.0,0.0,0.0,0.0,0.0,0.0,0.0
175.0,10685.0,30211.0,19526.0,9763.0,1.8274216190921853,46.325259900462726,6741.951155127843,1.5848527754273514,0.0,0.0,1.0,inf,10685.0,inf,218.0,41.0,177.0,0.0,0.0,0.0,0.0,0.0,0.0
176.0,10727.0,30321.0,19594.0,9797.0,1.8266057611634194,46.500241290475564,6792.9792127912815,1.5791304027253459,0.0,0.0,1.0,inf,10727.0,inf,215.0,42.0,173.0,0.0,0.0,0.0,0.0,0.0,0.0
177.0,10772.0,30450.0,19678.0,9839.0,1.8267731154845896,46.500241290475564,6792.9792127912815,1.58575488935932,0.0,0.0,1.0,inf,10772.0,inf,217.0,45.0,172.0,0.0,0.0,0.0,0.0,0.0,0.0
178.0,10821.0,30591.0,19770.0,9885.0,1.8270030496257277,46.500241290475564,6792.9792127912815,1.5929682192496475,0.0,0.0,1.0,inf,10821.0,inf,216.0,49.0,167.0,0.0,0.0,0.0,0.0,0.0,0.0
179.0,10865.0,30715.0,19850.0,9925.0,1.8269673262770363,46.500241290475564,6792.9792127912815,1.5994454950695334,0.0,0.0,1.0,inf,10865.0,inf,216.0,44.0,172.0,0.0,0.0,0.0,0.0,0.0,0.0
180.0,10916.0,30866.0,19950.0,9975.0,1.827592524734335,46.500241290475564,6792.9792127912815,1.6069532465880374,0.0,0.0,1.0,inf,10916.0,inf,218.0,51.0,167.0,0.0,0.0,0.0,0.0,0.0,0.0
181.0,10956.0,30980.0,20024.0,10012.0,1.82767433369843,46.65807670628073,6839.172191693099,1.601948261122483,0.0,0.0,1.0,inf,10956.0,inf,220.0,40.0,180.0,0.0,0.0,0.0,0.0,0.0,0.0
182.0,11006.0,31130.0,20124.0,10062.0,1.8284572051608214,46.65807670628073,6839.172191693099,1.6092590874328263,0.0,0.0,1.0,inf,11006.0,inf,219.0,50.0,169.0,0.0,0.0,0.0,0.0,0.0,0.0
183.0,11055.0,31271.0,20216.0,10108.0,1.8286748077792854,46.65807670628073,6839.172191693099,1.616423697216963,0.0,0.0,1.0,inf,11055.0,inf,218.0,49.0,169.0,0.0,0.0,0.0,0.0,0.0,0.0
184.0,11093.0,31383.0,20290.0,10145.0,1.8290814026863789,46.65807670628073,6839.172191693099,1.6219799252128242,0.0,0.0,1.0,inf,11093.0,inf,217.0,38.0,179.0,0.0,0.0,0.0,0.0,0.0,0.0
185.0,11126.0,31482.0,20356.0,10178.0,1.8295883516088443,47.331116159999695,7037.904426436453,1.5808682991214615,0.0,0.0,1.0,inf,11126.0,inf,216.0,33.0,183.0,0.0,0.0,0.0,0.0,0.0,0.0
186.0,11177.0,31627.0,20450.0,10225.0,1.82965017446542,47.331116159999695,7037.904426436453,1.5881147743376394,0.0,0.0,1.0,inf,11177.0,inf,215.0,51.0,164.0,0.0,0.0,0.0,0.0,0.0,0.0
187.0,11228.0,31774.0,20546.0,10273.0,1.8298895618097613,47.331116159999695,7037.904426436453,1.5953612495538172,0.0,0.0,1.0,inf,11228.0,inf,217.0,51.0,166.0,0.0,0.0,0.0,0.0,0.0,0.0
188.0,11277.0,31907.0,20630.0,10315.0,1.8293872483816618,47.331116159999695,7037.904426436453,1.6023235492713213,0.0,0.0,1.0,inf,11277.0,inf,219.0,49.0,170.0,0.0,0.0,0.0,0.0,0.0,0.0
189.0,11330.0,32058.0,20728.0,10364.0,1.8294792586054722,47.331116159999695,7037.904426436453,1.6098541999861729,0.0,0.0,1.0,inf,11330.0,inf,216.0,53.0,163.0,0.0,0.0,0.0,0.0,0.0,0.0
190.0,11381.0,32195.0,20814.0,10407.0,1.8288375362446183,47.331116159999695,7037.904426436453,1.6171006752023507,0.0,0.0,1.0,inf,11381.0,inf,219.0,51.0,168.0,0.0,0.0,0.0,0.0,0.0,0.0
191.0,11434.0,32342.0,20908.0,10454.0,1.8285814238236837,47.331116159999695,7037.904426436453,1.624631325917202,0.0,0.0,1.0,inf,11434.0,inf,217.0,53.0,164.0,0.0,0.0,0.0,0.0,0.0,0.0
192.0,11477.0,32461.0,20984.0,10492.0,1.8283523568876885,47.331116159999695,7037.904426436453,1.6307410991386853,0.0,0.0,1.0,inf,11477.0,inf,219.0,43.0,176.0,0.0,0.0,0.0,0.0,0.0,0.0
193.0,11526.0,32600.0,21074.0,10537.0,1.8283879923650876,47.331116159999695,7037.904426436453,1.6377033988561895,0.0,0.0,1.0,inf,11526.0,inf,218.0,49.0,169.0,0.0,0.0,0.0,0.0,0.0,0.0
194.0,11582.0,32760.0,21178.0,10589.0,1.82852702469349,47.331116159999695,7037.904426436453,1.6456603128190515,0.0,0.0,1.0,inf,11582.0,inf,219.0,56.0,163.0,0.0,0.0,0.0,0.0,0.0,0.0
195.0,11626.0,32882.0,21256.0,10628.0,1.8283158437983829,47.331116159999695,7037.904426436453,1.6519121737898714,0.0,0.0,1.0,inf,11626.0,inf,214.0,44.0,170.0,0.0,0.0,0.0,0.0,0.0,0.0
196.0,11674.0,33016.0,21342.0,10671.0,1.8281651533321912,47.331116159999695,7037.904426436453,1.658732385758039,0.0,0.0,1.0,inf,11674.0,inf,217.0,48.0,169.0,0.0,0.0,0.0,0.0,0.0,0.0
197.0,11713.0,33125.0,21412.0,10706.0,1.8280542986425339,47.331116159999695,7037.904426436453,1.6642738079821748,0.0,0.0,1.0,inf,11713.0,inf,219.0,39.0,180.0,0.0,0.0,0.0,0.0,0.0,0.0
198.0,11764.0,33270.0,21506.0,10753.0,1.8281196871812309,47.331116159999695,7037.904426436453,1.6715202831983527,0.0,0.0,1.0,inf,11764.0,inf,219.0,51.0,168.0,0.0,0.0,0.0,0.0,0.0,0.0
199.0,11803.0,33383.0,21580.0,10790.0,1.828348724900449,47.331116159999695,7037.904426436453,1.6770617054224888,0.0,0.0,1.0,inf,11803.0,inf,217.0,39.0,178.0,0.0,0.0,0.0,0.0,0.0,0.0
200.0,11845.0,33497.0,21652.0,10826.0,1.827944280287041,48.42037987924218,7365.568238419079,1.6081583411604332,0.0,0.0,1.0,inf,11845.0,inf,220.0,42.0,178.0,0.0,0.0,0.0,0.0,0.0,0.0
201.0,11895.0,33641.0,21746.0,10873.0,1.8281630937368643,48.42037987924218,7365.568238419079,1.6149466836727187,0.0,0.0,1.0,inf,11895.0,inf,215.0,50.0,165.0,0.0,0.0,0.0,0.0,0.0,0.0
202.0,11945.0,33787.0,21842.0,10921.0,1.8285475094181667,48.42037987924218,7365.568238419079,1.6217350261850043,0.0,0.0,1.0,inf,11945.0,inf,216.0,50.0,166.0,0.0,0.0,0.0,0.0,0.0,0.0
203.0,12001.0,33945.0,21944.0,10972.0,1.8285142904757936,48.42037987924218,7365.568238419079,1.629337969798764,0.0,0.0,1.0,inf,12001.0,inf,217.0,56.0,161.0,0.0,0.0,0.0,0.0,0.0,0.0
204.0,12047.0,34075.0,22028.0,11014.0,1.8285050219971777,48.42037987924218,7365.568238419079,1.6355832449100667,0.0,0.0,1.0,inf,12047.0,inf,216.0,46.0,170.0,0.0,0.0,0.0,0.0,0.0,0.0
205.0,12097.0,34213.0,22116.0,11058.0,1.8282218731917004,48.42037987924218,7365.568238419079,1.6423715874223521,0.0,0.0,1.0,inf,12097.0,inf,215.0,50.0,165.0,0.0,0.0,0.0,0.0,0.0,0.0
206.0,12148.0,34362.0,22214.0,11107.0,1.8286137635824826,48.42037987924218,7365.568238419079,1.6492956967848833,0.0,0.0,1.0,inf,12148.0,inf,215.0,51.0,164.0,0.0,0.0,0.0,0.0,0.0,0.0
207.0,12195.0,34497.0,22302.0,11151.0,1.8287822878228783,48.42037987924218,7365.568238419079,1.6556767387464317,0.0,0.0,1.0,inf,12195.0,inf,217.0,47.0,170.0,0.0,0.0,0.0,0.0,0.0,0.0
208.0,12247.0,34643.0,22396.0,11198.0,1.828692741079448,48.42037987924218,7365.568238419079,1.6627366149592087,0.0,0.0,1.0,inf,12247.0,inf,220.0,52.0,168.0,0.0,0.0,0.0,0.0,0.0,0.0
209.0,12288.0,34762.0,22474.0,11237.0,1.8289388020833333,48.42037987924218,7365.568238419079,1.6683030558192826,0.0,0.0,1.0,inf,12288.0,inf,217.0,41.0,176.0,0.0,0.0,0.0,0.0,0.0,0.0
210.0,12329.0,34881.0,22552.0,11276.0,1.8291832265390542,48.42037987924218,7365.568238419079,1.6738694966793568,0.0,0.0,1.0,inf,12329.0,inf,216.0,41.0,175.0,0.0,0.0,0.0,0.0,0.0,0.0
211.0,12372.0,35006.0,22634.0,11317.0,1.8294536049143226,48.42037987924218,7365.568238419079,1.6797074712399223,0.0,0.0,1.0,inf,12372.0,inf,213.0,43.0,170.0,0.0,0.0,0.0,0.0,0.0,0.0
212.0,12428.0,35158.0,22730.0,11365.0,1.828934663662697,48.42037987924218,7365.568238419079,1.6873104148536822,0.0,0.0,1.0,inf,12428.0,inf,216.0,56.0,160.0,0.0,0.0,0.0,0.0,0.0,0.0
213.0,12480.0,35310.0,22830.0,11415.0,1.8293269230769231,48.5726296546215,7411.960652088471,1.6837650097998706,0.0,0.0,1.0,inf,12480.0,inf,217.0,52.0,165.0,0.0,0.0,0.0,0.0,0.0,0.0
214.0,12525.0,35439.0,22914.0,11457.0,1.8294610778443114,48.5726296546215,7411.960652088471,1.689836277864053,0.0,0.0,1.0,inf,12525.0,inf,216.0,45.0,171.0,0.0,0.0,0.0,0.0,0.0,0.0
215.0,12580.0,35602.0,23022.0,11511.0,1.830047694753577,48.5726296546215,7411.960652088471,1.6972567166091646,0.0,0.0,1.0,inf,12580.0,inf,215.0,55.0,160.0,0.0,0.0,0.0,0.0,0.0,0.0
216.0,12633.0,35749.0,23116.0,11558.0,1.8298108129502098,48.5726296546215,7411.960652088471,1.7044073212180904,0.0,0.0,1.0,inf,12633.0,inf,218.0,53.0,165.0,0.0,0.0,0.0,0.0,0.0,0.0
217.0,12682.0,35886.0,23204.0,11602.0,1.8296798612206278,48.5726296546215,7411.960652088471,1.7110182575546442,0.0,0.0,1.0,inf,12682.0,inf,218.0,49.0,169.0,0.0,0.0,0.0,0.0,0.0,0.0
218.0,12732.0,36026.0,23294.0,11647.0,1.8295633050581213,48.5726296546215,7411.960652088471,1.7177641109592912,0.0,0.0,1.0,inf,12732.0,inf,218.0,50.0,168.0,0.0,0.0,0.0,0.0,0.0,0.0
219.0,12777.0,36153.0,23376.0,11688.0,1.8295374501056587,48.5726296546215,7411.960652088471,1.7238353790234733,0.0,0.0,1.0,inf,12777.0,inf,218.0,45.0,173.0,0.0,0.0,0.0,0.0,0.0,0.0
220.0,12826.0,36290.0,23464.0,11732.0,1.8294090129424607,48.5726296546215,7411.960652088471,1.7304463153600274,0.0,0.0,1.0,inf,12826.0,inf,216.0,49.0,167.0,0.0,0.0,0.0,0.0,0.0,0.0
221.0,12874.0,36422.0,23548.0,11774.0,1.8291129408109368,48.5726296546215,7411.960652088471,1.7369223346284883,0.0,0.0,1.0,inf,12874.0,inf,218.0,48.0,170.0,0.0,0.0,0.0,0.0,0.0,0.0
222.0,12916.0,36546.0,23630.0,11815.0,1.829513781356457,49.13994189594202,7586.110247742358,1.7025853274204428,0.0,0.0,1.0,inf,12916.0,inf,218.0,42.0,176.0,0.0,0.0,0.0,0.0,0.0,0.0
223.0,12959.0,36669.0,23710.0,11855.0,1.8296164827532988,49.13994189594202,7586.110247742358,1.7082535814525797,0.0,0.0,1.0,inf,12959.0,inf,216.0,43.0,173.0,0.0,0.0,0.0,0.0,0.0,0.0
224.0,13001.0,36789.0,23788.0,11894.0,1.8297054072763634,49.94103336017028,7835.467641245534,1.659250040363047,0.0,0.0,1.0,inf,13001.0,inf,213.0,42.0,171.0,0.0,0.0,0.0,0.0,0.0,0.0
225.0,13052.0,36940.0,23888.0,11944.0,1.8302175911737664,49.94103336017028,7835.467641245534,1.6657589052240973,0.0,0.0,1.0,inf,13052.0,inf,217.0,51.0,166.0,0.0,0.0,0.0,0.0,0.0,0.0
226.0,13106.0,37092.0,23986.0,11993.0,1.8301541278803601,49.94103336017028,7835.467641245534,1.6726506444887388,0.0,0.0,1.0,inf,13106.0,inf,214.0,54.0,160.0,0.0,0.0,0.0,0.0,0.0,0.0
227.0,13138.0,37182.0,24044.0,12022.0,1.8301111280255746,49.94103336017028,7835.467641245534,1.676734638127045,0.0,0.0,1.0,inf,13138.0,inf,214.0,32.0,182.0,0.0,0.0,0.0,0.0,0.0,0.0
228.0,13190.0,37332.0,24142.0,12071.0,1.8303260045489007,49.94103336017028,7835.467641245534,1.6833711277892922,0.0,0.0,1.0,inf,13190.0,inf,218.0,52.0,166.0,0.0,0.0,0.0,0.0,0.0,0.0
229.0,13241.0,37479.0,24238.0,12119.0,1.830526395287365,49.94103336017028,7835.467641245534,1.6898799926503427,0.0,0.0,1.0,inf,13241.0,inf,214.0,51.0,163.0,0.0,0.0,0.0,0.0,0.0,0.0
230.0,13290.0,37620.0,24330.0,12165.0,1.8306997742663658,49.94103336017028,7835.467641245534,1.6961336079089988,0.0,0.0,1.0,inf,13290.0,inf,217.0,49.0,168.0,0.0,0.0,0.0,0.0,0.0,0.0
231.0,13343.0,37769.0,24426.0,12213.0,1.8306227984711085,49.94103336017028,7835.467641245534,1.7028977223724433,0.0,0.0,1.0,inf,13343.0,inf,218.0,53.0,165.0,0.0,0.0,0.0,0.0,0.0,0.0
232.0,13389.0,37899.0,24510.0,12255.0,1.830607214877885,49.94103336017028,7835.467641245534,1.7087684632275082,0.0,0.0,1.0,inf,13389.0,inf,219.0,46.0,173.0,0.0,0.0,0.0,0.0,0.0,0.0
233.0,13429.0,38015.0,24586.0,12293.0,1.8308139101943555,49.94103336017028,7835.467641245534,1.713873455275391,0.0,0.0,1.0,inf,13429.0,inf,216.0,40.0,176.0,0.0,0.0,0.0,0.0,0.0,0.0
234.0,13477.0,38147.0,24670.0,12335.0,1.8305260814721378,49.94103336017028,7835.467641245534,1.71999944573285,0.0,0.0,1.0,inf,13477.0,inf,216.0,48.0,168.0,0.0,0.0,0.0,0.0,0.0,0.0
235.0,13539.0,38325.0,24786.0,12393.0,1.830711278528695,49.94103336017028,7835.467641245534,1.727912183407068,0.0,0.0,1.0,inf,13539.0,inf,217.0,62.0,155.0,0.0,0.0,0.0,0.0,0.0,0.0
236.0,13580.0,38440.0,24860.0,12430.0,1.8306332842415316,49.94103336017028,7835.467641245534,1.7331448002561478,0.0,0.0,1.0,inf,13580.0,inf,215.0,41.0,174.0,0.0,0.0,0.0,0.0,0.0,0.0
237.0,13617.0,38545.0,24928.0,12464.0,1.8306528603950945,49.94103336017028,7835.467641245534,1.7378669179004391,0.0,0.0,1.0,inf,13617.0,inf,219.0,37.0,182.0,0.0,0.0,0.0,0.0,0.0,0.0
238.0,13651.0,38641.0,24990.0,12495.0,1.8306351183063512,49.94103336017028,7835.467641245534,1.7422061611411395,0.0,0.0,1.0,inf,13651.0,inf,216.0,34.0,182.0,0.0,0.0,0.0,0.0,0.0,0.0
239.0,13692.0,38760.0,25068.0,12534.0,1.8308501314636283,49.94103336017028,7835.467641245534,1.7474387779902192,0.0,0.0,1.0,inf,13692.0,inf,219.0,41.0,178.0,0.0,0.0,0.0,0.0,0.0,0.0
240.0,13743.0,38909.0,25166.0,12583.0,1.8311867860001456,50.63423764147759,8054.496994332386,1.7062518006612177,0.0,0.0,1.0,inf,13743.0,inf,218.0,51.0,167.0,0.0,0.0,0.0,0.0,0.0,0.0
241.0,13795.0,39061.0,25266.0,12633.0,1.831533164189924,50.63423764147759,8054.496994332386,1.7127078214452085,0.0,0.0,1.0,inf,13795.0,inf,216.0,52.0,164.0,0.0,0.0,0.0,0.0,0.0,0.0
242.0,13838.0,39182.0,25344.0,12672.0,1.8314785373608904,50.63423764147759,8054.496994332386,1.7180464540165854,0.0,0.0,1.0,inf,13838.0,inf,215.0,43.0,172.0,0.0,0.0,0.0,0.0,0.0,0.0
243.0,13883.0,39309.0,25426.0,12713.0,1.8314485341784916,50.63423764147759,8054.496994332386,1.723633395079654,0.0,0.0,1.0,inf,13883.0,inf,217.0,45.0,172.0,0.0,0.0,0.0,0.0,0.0,0.0
244.0,13933.0,39453.0,25520.0,12760.0,1.8316227660948827,50.63423764147759,8054.496994332386,1.7298411073719528,0.0,0.0,1.0,inf,13933.0,inf,213.0,50.0,163.0,0.0,0.0,0.0,0.0,0.0,0.0
245.0,13980.0,39588.0,25608.0,12804.0,1.8317596566523606,50.63423764147759,8054.496994332386,1.7356763569267135,0.0,0.0,1.0,inf,13980.0,inf,217.0,47.0,170.0,0.0,0.0,0.0,0.0,0.0,0.0
246.0,14037.0,39757.0,25720.0,12860.0,1.832300349077438,50.63423764147759,8054.496994332386,1.7427531489399342,0.0,0.0,1.0,inf,14037.0,inf,219.0,57.0,162.0,0.0,0.0,0.0,0.0,0.0,0.0
247.0,14082.0,39878.0,25796.0,12898.0,1.831842067888084,50.63423764147759,8054.496994332386,1.7483400900030028,0.0,0.0,1.0,inf,14082.0,inf,217.0,45.0,172.0,0.0,0.0,0.0,0.0,0.0,0.0
248.0,14133.0,40027.0,25894.0,12947.0,1.8321658529682303,50.65680529587186,8061.678364906989,1.7531088887795212,0.0,0.0,1.0,inf,14133.0,inf,214.0,51.0,163.0,0.0,0.0,0.0,0.0,0.0,0.0
249.0,14178.0,40160.0,25982.0,12991.0,1.8325574834250247,50.65680529587186,8061.678364906989,1.7586908529764418,0.0,0.0,1.0,inf,14178.0,inf,217.0,45.0,172.0,0.0,0.0,0.0,0.0,0.0,0.0
250.0,14221.0,40279.0,26058.0,13029.0,1.832360593488503,50.65680529587186,8061.678364906989,1.7640247298757215,0.0,0.0,1.0,inf,14221.0,inf,219.0,43.0,176.0,0.0,0.0,0.0,0.0,0.0,0.0
251.0,14259.0,40385.0,26126.0,13063.0,1.8322463005820886,50.65680529587186,8061.678364906989,1.768738388530899,0.0,0.0,1.0,inf,14259.0,inf,216.0,38.0,178.0,0.0,0.0,0.0,0.0,0.0,0.0
252.0,14311.0,40533.0,26222.0,13111.0,1.832296834602753,50.658550485799516,8062.233844161959,1.7750663496771322,0.0,0.0,1.0,inf,14311.0,inf,218.0,52.0,166.0,0.0,0.0,0.0,0.0,0.0,0.0
253.0,14360.0,40672.0,26312.0,13156.0,1.8323119777158774,50.658550485799516,8062.233844161959,1.7811440696920982,0.0,0.0,1.0,inf,14360.0,inf,216.0,49.0,167.0,0.0,0.0,0.0,0.0,0.0,0.0
254.0,14410.0,40814.0,26404.0,13202.0,1.8323386537126995,50.658550485799516,8062.233844161959,1.7873458248094105,0.0,0.0,1.0,inf,14410.0,inf,217.0,50.0,167.0,0.0,0.0,0.0,0.0,0.0,0.0
255.0,14461.0,40959.0,26498.0,13249.0,1.8323767374317128,50.989109522096214,8167.793093159407,1.770490490523224,0.0,0.0,1.0,inf,14461.0,inf,213.0,51.0,162.0,0.0,0.0,0.0,0.0,0.0,0.0
256.0,14514.0,41108.0,26594.0,13297.0,1.832299848422213,50.989109522096214,8167.793093159407,1.7769793914289518,0.0,0.0,1.0,inf,14514.0,inf,215.0,53.0,162.0,0.0,0.0,0.0,0.0,0.0,0.0
257.0,14561.0,41237.0,26676.0,13338.0,1.8320170317972666,50.989109522096214,8167.793093159407,1.7827336997793144,0.0,0.0,1.0,inf,14561.0,inf,218.0,47.0,171.0,0.0,0.0,0.0,0.0,0.0,0.0
258.0,14605.0,41363.0,26758.0,13379.0,1.8321122903115372,51.11566751026427,8208.389303721659,1.7792772076950758,0.0,0.0,1.0,inf,14605.0,inf,216.0,44.0,172.0,0.0,0.0,0.0,0.0,0.0,0.0
259.0,14644.0,41476.0,26832.0,13416.0,1.8322862605845398,51.11566751026427,8208.389303721659,1.7840284443332208,0.0,0.0,1.0,inf,14644.0,inf,219.0,39.0,180.0,0.0,0.0,0.0,0.0,0.0,0.0
260.0,14688.0,41602.0,26914.0,13457.0,1.832380174291939,51.11566751026427,8208.389303721659,1.7893888138736922,0.0,0.0,1.0,inf,14688.0,inf,219.0,44.0,175.0,0.0,0.0,0.0,0.0,0.0,0.0
261.0,14731.0,41725.0,26994.0,13497.0,1.8324621546398752,51.849381337074306,8445.72682698615,1.744195650862265,0.0,0.0,1.0,inf,14731.0,inf,217.0,43.0,174.0,0.0,0.0,0.0,0.0,0.0,0.0
262.0,14791.0,41897.0,27106.0,13553.0,1.8326009059563249,51.849381337074306,8445.72682698615,1.7512998351709836,0.0,0.0,1.0,inf,14791.0,inf,214.0,60.0,154.0,0.0,0.0,0.0,0.0,0.0,0.0
263.0,14854.0,42078.0,27224.0,13612.0,1.8327723172209507,52.70639867606756,8727.232743869576,1.7020286310611068,0.0,0.0,1.0,inf,14854.0,inf,219.0,63.0,156.0,0.0,0.0,0.0,0.0,0.0,0.0
264.0,14917.0,42259.0,27342.0,13671.0,1.8329422806194275,52.70639867606756,8727.232743869576,1.7092474141334677,0.0,0.0,1.0,inf,14917.0,inf,216.0,63.0,153.0,0.0,0.0,0.0,0.0,0.0,0.0
265.0,14976.0,42430.0,27454.0,13727.0,1.8331997863247864,52.70639867606756,8727.232743869576,1.7160078617726628,0.0,0.0,1.0,inf,14976.0,inf,216.0,59.0,157.0,0.0,0.0,0.0,0.0,0.0,0.0
266.0,15033.0,42593.0,27560.0,13780.0,1.833300073172354,52.70639867606756,8727.232743869576,1.7225391416952751,0.0,0.0,1.0,inf,15033.0,inf,214.0,57.0,157.0,0.0,0.0,0.0,0.0,0.0,0.0
267.0,15092.0,42762.0,27670.0,13835.0,1.833421680360456,52.70639867606756,8727.232743869576,1.7292995893344703,0.0,0.0,1.0,inf,15092.0,inf,218.0,59.0,159.0,0.0,0.0,0.0,0.0,0.0,0.0
268.0,15154.0,42932.0,27778.0,13889.0,1.8330473802296423,52.70639867606756,8727.232743869576,1.73640378854854,0.0,0.0,1.0,inf,15154.0,inf,217.0,62.0,155.0,0.0,0.0,0.0,0.0,0.0,0.0
269.0,15204.0,43070.0,27866.0,13933.0,1.832807156011576,52.70639867606756,8727.232743869576,1.7421329814631121,0.0,0.0,1.0,inf,15204.0,inf,217.0,50.0,167.0,0.0,0.0,0.0,0.0,0.0,0.0
270.0,15254.0,43202.0,27948.0,13974.0,1.832175167169267,52.70639867606756,8727.232743869576,1.7478621743776843,0.0,0.0,1.0,inf,15254.0,inf,218.0,50.0,168.0,0.0,0.0,0.0,0.0,0.0,0.0
271.0,15311.0,43363.0,28052.0,14026.0,1.8321468225458821,52.70639867606756,8727.232743869576,1.7543934543002966,0.0,0.0,1.0,inf,15311.0,inf,214.0,57.0,157.0,0.0,0.0,0.0,0.0,0.0,0.0
272.0,15361.0,43507.0,28146.0,14073.0,1.832302584467157,52.70639867606756,8727.232743869576,1.7601226472148688,0.0,0.0,1.0,inf,15361.0,inf,217.0,50.0,167.0,0.0,0.0,0.0,0.0,0.0,0.0
273.0,15423.0,43687.0,28264.0,14132.0,1.832587693704208,52.70639867606756,8727.232743869576,1.7672268464289382,0.0,0.0,1.0,inf,15423.0,inf,218.0,62.0,156.0,0.0,0.0,0.0,0.0,0.0,0.0
274.0,15480.0,43846.0,28366.0,14183.0,1.8324289405684755,53.51579560635878,8997.334056184303,1.7205096424490147,0.0,0.0,1.0,inf,15480.0,inf,217.0,57.0,160.0,0.0,0.0,0.0,0.0,0.0,0.0
275.0,15548.0,44042.0,28494.0,14247.0,1.8326472858245433,53.6163837203758,9031.188561924624,1.7215895663556589,0.0,0.0,1.0,inf,15548.0,inf,216.0,68.0,148.0,0.0,0.0,0.0,0.0,0.0,0.0
276.0,15616.0,44236.0,28620.0,14310.0,1.832735655737705,53.6163837203758,9031.188561924624,1.7291190293420355,0.0,0.0,1.0,inf,15616.0,inf,213.0,68.0,145.0,0.0,0.0,0.0,0.0,0.0,0.0
277.0,15678.0,44406.0,28728.0,14364.0,1.8323765786452353,53.6163837203758,9031.188561924624,1.7359841279472614,0.0,0.0,1.0,inf,15678.0,inf,215.0,62.0,153.0,0.0,0.0,0.0,0.0,0.0,0.0
278.0,15741.0,44587.0,28846.0,14423.0,1.832539228765644,53.6163837203758,9031.188561924624,1.7429599539493457,0.0,0.0,1.0,inf,15741.0,inf,218.0,63.0,155.0,0.0,0.0,0.0,0.0,0.0,0.0
279.0,15811.0,44787.0,28976.0,14488.0,1.832648156346847,53.6163837203758,9031.188561924624,1.7507108717294393,0.0,0.0,1.0,inf,15811.0,inf,215.0,70.0,145.0,0.0,0.0,0.0,0.0,0.0,0.0
280.0,15880.0,44988.0,29108.0,14554.0,1.8329974811083123,53.6163837203758,9031.188561924624,1.7583510621126746,0.0,0.0,1.0,inf,15880.0,inf,215.0,69.0,146.0,0.0,0.0,0.0,0.0,0.0,0.0
281.0,15941.0,45161.0,29220.0,14610.0,1.833009221504297,53.6163837203758,9031.188561924624,1.7651054333210419,0.0,0.0,1.0,inf,15941.0,inf,215.0,61.0,154.0,0.0,0.0,0.0,0.0,0.0,0.0
282.0,15992.0,45306.0,29314.0,14657.0,1.8330415207603803,53.6163837203758,9031.188561924624,1.7707525305608243,0.0,0.0,1.0,inf,15992.0,inf,213.0,51.0,162.0,0.0,0.0,0.0,0.0,0.0,0.0
283.0,16058.0,45496.0,29438.0,14719.0,1.8332295429069623,53.6163837203758,9031.188561924624,1.778060538753484,0.0,0.0,1.0,inf,16058.0,inf,218.0,66.0,152.0,0.0,0.0,0.0,0.0,0.0,0.0
284.0,16116.0,45660.0,29544.0,14772.0,1.8332092330603127,53.6163837203758,9031.188561924624,1.784482727771276,0.0,0.0,1.0,inf,16116.0,inf,212.0,58.0,154.0,0.0,0.0,0.0,0.0,0.0,0.0
285.0,16178.0,45832.0,29654.0,14827.0,1.8329830634194586,53.6163837203758,9031.188561924624,1.7913478263765017,0.0,0.0,1.0,inf,16178.0,inf,218.0,62.0,156.0,0.0,0.0,0.0,0.0,0.0,0.0
286.0,16236.0,46000.0,29764.0,14882.0,1.833210150283321,54.49698363822066,9330.282704287958,1.740140198810734,0.0,0.0,1.0,inf,16236.0,inf,212.0,58.0,154.0,0.0,0.0,0.0,0.0,0.0,0.0
287.0,16314.0,46226.0,29912.0,14956.0,1.8335172244697806,54.49698363822066,9330.282704287958,1.7485000741191374,0.0,0.0,1.0,inf,16314.0,inf,217.0,78.0,139.0,0.0,0.0,0.0,0.0,0.0,0.0
288.0,16395.0,46451.0,30056.0,15028.0,1.8332418420250076,54.49698363822066,9330.282704287958,1.7571814830932486,0.0,0.0,1.0,inf,16395.0,inf,212.0,81.0,131.0,0.0,0.0,0.0,0.0,0.0,0.0
289.0,16455.0,46623.0,30168.0,15084.0,1.8333637192342753,54.49698363822066,9330.282704287958,1.763612156407405,0.0,0.0,1.0,inf,16455.0,inf,215.0,60.0,155.0,0.0,0.0,0.0,0.0,0.0,0.0
290.0,16531.0,46839.0,30308.0,15154.0,1.8334039078095699,54.49698363822066,9330.282704287958,1.7717576759386697,0.0,0.0,1.0,inf,16531.0,inf,216.0,76.0,140.0,0.0,0.0,0.0,0.0,0.0,0.0
291.0,16592.0,47018.0,30426.0,15213.0,1.8337753134040502,54.49698363822066,9330.282704287958,1.7782955271413956,0.0,0.0,1.0,inf,16592.0,inf,212.0,61.0,151.0,0.0,0.0,0.0,0.0,0.0,0.0
292.0,16665.0,47221.0,30556.0,15278.0,1.8335433543354336,54.49698363822066,9330.282704287958,1.7861195130069525,0.0,0.0,1.0,inf,16665.0,inf,216.0,73.0,143.0,0.0,0.0,0.0,0.0,0.0,0.0
293.0,16719.0,47379.0,30660.0,15330.0,1.8338417369459896,54.49698363822066,9330.282704287958,1.7919071189896933,0.0,0.0,1.0,inf,16719.0,inf,216.0,54.0,162.0,0.0,0.0,0.0,0.0,0.0,0.0
294.0,16777.0,47539.0,30762.0,15381.0,1.8335816892173809,54.49698363822066,9330.282704287958,1.7981234365267114,0.0,0.0,1.0,inf,16777.0,inf,217.0,58.0,159.0,0.0,0.0,0.0,0.0,0.0,0.0
295.0,16834.0,47710.0,30876.0,15438.0,1.8341451823690151,54.49698363822066,9330.282704287958,1.8042325761751599,0.0,0.0,1.0,inf,16834.0,inf,216.0,57.0,159.0,0.0,0.0,0.0,0.0,0.0,0.0
296.0,16900.0,47904.0,31004.0,15502.0,1.8345562130177515,54.49698363822066,9330.282704287958,1.811306316820732,0.0,0.0,1.0,inf,16900.0,inf,213.0,66.0,147.0,0.0,0.0,0.0,0.0,0.0,0.0
297.0,16972.0,48104.0,31132.0,15566.0,1.8343153429177468,54.49698363822066,9330.282704287958,1.8190231247977198,0.0,0.0,1.0,inf,16972.0,inf,216.0,72.0,144.0,0.0,0.0,0.0,0.0,0.0,0.0
298.0,17026.0,48254.0,31228.0,15614.0,1.8341360272524374,54.49698363822066,9330.282704287958,1.8248107307804604,0.0,0.0,1.0,inf,17026.0,inf,215.0,54.0,161.0,0.0,0.0,0.0,0.0,0.0,0.0
299.0,17075.0,48393.0,31318.0,15659.0,1.8341434846266471,54.49698363822066,9330.282704287958,1.8300624473203548,0.0,0.0,1.0,inf,17075.0,inf,218.0,49.0,169.0,0.0,0.0,0.0,0.0,0.0,0.0
300.0,17140.0,48580.0,31440.0,15720.0,1.8343057176196034,54.49698363822066,9330.282704287958,1.8370290100773579,0.0,0.0,1.0,inf,17140.0,inf,217.0,65.0,152.0,0.0,0.0,0.0,0.0,0.0,0.0
301.0,17201.0,48755.0,31554.0,15777.0,1.8344282309168072,54.49698363822066,9330.282704287958,1.8435668612800835,0.0,0.0,1.0,inf,17201.0,inf,216.0,61.0,155.0,0.0,0.0,0.0,0.0,0.0,0.0
302.0,17260.0,48922.0,31662.0,15831.0,1.83441483198146,54.49698363822066,9330.282704287958,1.8498903567056706,0.0,0.0,1.0,inf,17260.0,inf,216.0,59.0,157.0,0.0,0.0,0.0,0.0,0.0,0.0
303.0,17317.0,49079.0,31762.0,15881.0,1.8341514119073743,54.49698363822066,9330.282704287958,1.8559994963541193,0.0,0.0,1.0,inf,17317.0,inf,217.0,57.0,160.0,0.0,0.0,0.0,0.0,0.0,0.0
304.0,17383.0,49267.0,31884.0,15942.0,1.8342058332853939,55.088783449924755,9534.023898461133,1.8232595371200773,0.0,0.0,1.0,inf,17383.0,inf,217.0,66.0,151.0,0.0,0.0,0.0,0.0,0.0,0.0
305.0,17440.0,49426.0,31986.0,15993.0,1.834059633027523,55.088783449924755,9534.023898461133,1.8292381250287146,0.0,0.0,1.0,inf,17440.0,inf,212.0,57.0,155.0,0.0,0.0,0.0,0.0,0.0,0.0
306.0,17492.0,49574.0,32082.0,16041.0,1.8340955865538533,55.088783449924755,9534.023898461133,1.8346922754015067,0.0,0.0,1.0,inf,17492.0,inf,218.0,52.0,166.0,0.0,0.0,0.0,0.0,0.0,0.0
307.0,17546.0,49726.0,32180.0,16090.0,1.8340362475777956,55.088783449924755,9534.023898461133,1.840356200788637,0.0,0.0,1.0,inf,17546.0,inf,214.0,54.0,160.0,0.0,0.0,0.0,0.0,0.0,0.0
308.0,17616.0,49930.0,32314.0,16157.0,1.8343551316984559,55.088783449924755,9534.023898461133,1.8476983262904723,0.0,0.0,1.0,inf,17616.0,inf,213.0,70.0,143.0,0.0,0.0,0.0,0.0,0.0,0.0
309.0,17665.0,50073.0,32408.0,16204.0,1.83458816869516,55.088783449924755,9534.023898461133,1.8528378141417572,0.0,0.0,1.0,inf,17665.0,inf,216.0,49.0,167.0,0.0,0.0,0.0,0.0,0.0,0.0
310.0,17724.0,50244.0,32520.0,16260.0,1.8348002708192281,55.088783449924755,9534.023898461133,1.8590261770647327,0.0,0.0,1.0,inf,17724.0,inf,217.0,59.0,158.0,0.0,0.0,0.0,0.0,0.0,0.0
311.0,17776.0,50390.0,32614.0,16307.0,1.8347209720972097,55.10553803577141,9539.824096002218,1.8633467264296053,0.0,0.0,1.0,inf,17776.0,inf,217.0,52.0,165.0,0.0,0.0,0.0,0.0,0.0,0.0
312.0,17830.0,50542.0,32712.0,16356.0,1.8346606842400448,55.10553803577141,9539.824096002218,1.869007208159308,0.0,0.0,1.0,inf,17830.0,inf,211.0,54.0,157.0,0.0,0.0,0.0,0.0,0.0,0.0
313.0,17874.0,50662.0,32788.0,16394.0,1.8343963298646078,55.10553803577141,9539.824096002218,1.8736194525316585,0.0,0.0,1.0,inf,17874.0,inf,219.0,44.0,175.0,0.0,0.0,0.0,0.0,0.0,0.0
314.0,17928.0,50812.0,32884.0,16442.0,1.8342257920571174,55.10553803577141,9539.824096002218,1.8792799342613615,0.0,0.0,1.0,inf,17928.0,inf,215.0,54.0,161.0,0.0,0.0,0.0,0.0,0.0,0.0
315.0,17979.0,50957.0,32978.0,16489.0,1.834251070693587,55.10553803577141,9539.824096002218,1.8846259447838587,0.0,0.0,1.0,inf,17979.0,inf,216.0,51.0,165.0,0.0,0.0,0.0,0.0,0.0,0.0
316.0,18041.0,51131.0,33090.0,16545.0,1.8341555346155978,55.66351246961678,9733.99430850905,1.8534015357117388,0.0,0.0,1.0,inf,18041.0,inf,217.0,62.0,155.0,0.0,0.0,0.0,0.0,0.0,0.0
317.0,18105.0,51305.0,33200.0,16600.0,1.8337475835404584,55.66351246961678,9733.99430850905,1.8599764316867708,0.0,0.0,1.0,inf,18105.0,inf,214.0,64.0,150.0,0.0,0.0,0.0,0.0,0.0,0.0
318.0,18161.0,51459.0,33298.0,16649.0,1.833489345300369,55.66351246961678,9733.99430850905,1.8657294656649237,0.0,0.0,1.0,inf,18161.0,inf,216.0,56.0,160.0,0.0,0.0,0.0,0.0,0.0,0.0
319.0,18224.0,51638.0,33414.0,16707.0,1.8335162423178226,55.66351246961678,9733.99430850905,1.8722016288903458,0.0,0.0,1.0,inf,18224.0,inf,216.0,63.0,153.0,0.0,0.0,0.0,0.0,0.0,0.0
320.0,18296.0,51840.0,33544.0,16772.0,1.8334062090074332,56.62923169937429,10074.678865015789,1.816038034078948,0.0,0.0,1.0,inf,18296.0,inf,217.0,72.0,145.0,0.0,0.0,0.0,0.0,0.0,0.0
321.0,18381.0,52085.0,33704.0,16852.0,1.8336325553560742,56.62923169937429,10074.678865015789,1.8244750275691486,0.0,0.0,1.0,inf,18381.0,inf,216.0,85.0,131.0,0.0,0.0,0.0,0.0,0.0,0.0
322.0,18443.0,52259.0,33816.0,16908.0,1.8335411809358564,56.62923169937429,10074.678865015789,1.830629069879648,0.0,0.0,1.0,inf,18443.0,inf,210.0,62.0,148.0,0.0,0.0,0.0,0.0,0.0,0.0
323.0,18509.0,52449.0,33940.0,16970.0,1.8337025230968718,56.62923169937429,10074.678865015789,1.8371801471779212,0.0,0.0,1.0,inf,18509.0,inf,214.0,66.0,148.0,0.0,0.0,0.0,0.0,0.0,0.0
324.0,18565.0,52613.0,34048.0,17024.0,1.8339886883921357,56.62923169937429,10074.678865015789,1.8427386370067593,0.0,0.0,1.0,inf,18565.0,inf,216.0,56.0,160.0,0.0,0.0,0.0,0.0,0.0,0.0
325.0,18630.0,52786.0,34156.0,17078.0,1.8333870101986045,56.62923169937429,10074.678865015789,1.8491904555580894,0.0,0.0,1.0,inf,18630.0,inf,217.0,65.0,152.0,0.0,0.0,0.0,0.0,0.0,0.0
326.0,18688.0,52950.0,34262.0,17131.0,1.8333690068493151,56.7511151759335,10118.093133470753,1.8469883359918786,0.0,0.0,1.0,inf,18688.0,inf,215.0,58.0,157.0,0.0,0.0,0.0,0.0,0.0,0.0
327.0,18756.0,53144.0,34388.0,17194.0,1.8334399658775857,56.7511151759335,10118.093133470753,1.8537089699199314,0.0,0.0,1.0,inf,18756.0,inf,216.0,68.0,148.0,0.0,0.0,0.0,0.0,0.0,0.0
328.0,18814.0,53308.0,34494.0,17247.0,1.8334219198469226,56.7511151759335,10118.093133470753,1.8594412753291527,0.0,0.0,1.0,inf,18814.0,inf,213.0,58.0,155.0,0.0,0.0,0.0,0.0,0.0,0.0
329.0,18876.0,53482.0,34606.0,17303.0,1.8333333333333333,56.7511151759335,10118.093133470753,1.8655689121459067,0.0,0.0,1.0,inf,18876.0,inf,217.0,62.0,155.0,0.0,0.0,0.0,0.0,0.0,0.0
330.0,18924.0,53626.0,34702.0,17351.0,1.8337560769393364,56.7511151759335,10118.093133470753,1.8703128890362968,0.0,0.0,1.0,inf,18924.0,inf,216.0,48.0,168.0,0.0,0.0,0.0,0.0,0.0,0.0
331.0,19000.0,53842.0,34842.0,17421.0,1.8337894736842106,57.149588386975736,10260.678648588799,1.851729369052325,0.0,0.0,1.0,inf,19000.0,inf,217.0,76.0,141.0,0.0,0.0,0.0,0.0,0.0,0.0
332.0,19060.0,54018.0,34958.0,17479.0,1.834102833158447,57.149588386975736,10260.678648588799,1.8575769354809113,0.0,0.0,1.0,inf,19060.0,inf,213.0,60.0,153.0,0.0,0.0,0.0,0.0,0.0,0.0
333.0,19117.0,54181.0,35064.0,17532.0,1.8341790029816394,57.149588386975736,10260.678648588799,1.8631321235880685,0.0,0.0,1.0,inf,19117.0,inf,213.0,57.0,156.0,0.0,0.0,0.0,0.0,0.0,0.0
334.0,19180.0,54358.0,35178.0,17589.0,1.8340980187695517,57.149588386975736,10260.678648588799,1.869272068338084,0.0,0.0,1.0,inf,19180.0,inf,216.0,63.0,153.0,0.0,0.0,0.0,0.0,0.0,0.0
335.0,19248.0,54544.0,35296.0,17648.0,1.8337489609310058,57.149588386975736,10260.678648588799,1.8758993102904817,0.0,0.0,1.0,inf,19248.0,inf,217.0,68.0,149.0,0.0,0.0,0.0,0.0,0.0,0.0
336.0,19306.0,54714.0,35408.0,17704.0,1.83404123070548,57.149588386975736,10260.678648588799,1.8815519578381152,0.0,0.0,1.0,inf,19306.0,inf,218.0,58.0,160.0,0.0,0.0,0.0,0.0,0.0,0.0
337.0,19357.0,54861.0,35504.0,17752.0,1.8341685178488403,57.540752650681824,10401.619174640484,1.8609602673392478,0.0,0.0,1.0,inf,19357.0,inf,214.0,51.0,163.0,0.0,0.0,0.0,0.0,0.0,0.0
338.0,19425.0,55055.0,35630.0,17815.0,1.8342342342342342,57.540752650681824,10401.619174640484,1.8674977110639503,0.0,0.0,1.0,inf,19425.0,inf,218.0,68.0,150.0,0.0,0.0,0.0,0.0,0.0,0.0
339.0,19493.0,55243.0,35750.0,17875.0,1.8339916893243728,57.540752650681824,10401.619174640484,1.874035154788653,0.0,0.0,1.0,inf,19493.0,inf,212.0,68.0,144.0,0.0,0.0,0.0,0.0,0.0,0.0
340.0,19562.0,55438.0,35876.0,17938.0,1.8339638073816582,57.540752650681824,10401.619174640484,1.88066873739166,0.0,0.0,1.0,inf,19562.0,inf,217.0,69.0,148.0,0.0,0.0,0.0,0.0,0.0,0.0
341.0,19623.0,55605.0,35982.0,17991.0,1.8336645772817612,57.540752650681824,10401.619174640484,1.8865332089682316,0.0,0.0,1.0,inf,19623.0,inf,215.0,61.0,154.0,0.0,0.0,0.0,0.0,0.0,0.0
342.0,19685.0,55781.0,36096.0,18048.0,1.8336804673609348,57.540752650681824,10401.619174640484,1.8924938194231076,0.0,0.0,1.0,inf,19685.0,inf,213.0,62.0,151.0,0.0,0.0,0.0,0.0,0.0,0.0
343.0,19741.0,55939.0,36198.0,18099.0,1.8336457119700116,57.540752650681824,10401.619174640484,1.8978775966081567,0.0,0.0,1.0,inf,19741.0,inf,215.0,56.0,159.0,0.0,0.0,0.0,0.0,0.0,0.0
344.0,19814.0,56150.0,36336.0,18168.0,1.8338548501059857,58.32041320110312,10685.40671709934,1.854304709645971,0.0,0.0,1.0,inf,19814.0,inf,216.0,73.0,143.0,0.0,0.0,0.0,0.0,0.0,0.0
345.0,19880.0,56334.0,36454.0,18227.0,1.833702213279678,58.32041320110312,10685.40671709934,1.8604813580176593,0.0,0.0,1.0,inf,19880.0,inf,211.0,66.0,145.0,0.0,0.0,0.0,0.0,0.0,0.0
346.0,19952.0,56544.0,36592.0,18296.0,1.8340016038492382,58.32041320110312,10685.40671709934,1.867219519877683,0.0,0.0,1.0,inf,19952.0,inf,219.0,72.0,147.0,0.0,0.0,0.0,0.0,0.0,0.0
347.0,20022.0,56740.0,36718.0,18359.0,1.8338827289981021,58.32041320110312,10685.40671709934,1.8737705105749283,0.0,0.0,1.0,inf,20022.0,inf,208.0,70.0,138.0,0.0,0.0,0.0,0.0,0.0,0.0
348.0,20079.0,56893.0,36814.0,18407.0,1.8334578415259724,58.32041320110312,10685.40671709934,1.8791048887141137,0.0,0.0,1.0,inf,20079.0,inf,212.0,57.0,155.0,0.0,0.0,0.0,0.0,0.0,0.0
349.0,20155.0,57105.0,36950.0,18475.0,1.833291987099975,58.32041320110312,10685.40671709934,1.8862173928996944,0.0,0.0,1.0,inf,20155.0,inf,212.0,76.0,136.0,0.0,0.0,0.0,0.0,0.0,0.0
350.0,20219.0,57283.0,37064.0,18532.0,1.8331272565408774,58.32041320110312,10685.40671709934,1.8922068701086043,0.0,0.0,1.0,inf,20219.0,inf,215.0,64.0,151.0,0.0,0.0,0.0,0.0,0.0,0.0
351.0,20277.0,57449.0,37172.0,18586.0,1.833210040933077,58.32041320110312,10685.40671709934,1.897634833829179,0.0,0.0,1.0,inf,20277.0,inf,215.0,58.0,157.0,0.0,0.0,0.0,0.0,0.0,0.0
352.0,20335.0,57607.0,37272.0,18636.0,1.832898942709614,58.32041320110312,10685.40671709934,1.9030627975497536,0.0,0.0,1.0,inf,20335.0,inf,214.0,58.0,156.0,0.0,0.0,0.0,0.0,0.0,0.0
353.0,20402.0,57806.0,37404.0,18702.0,1.8333496716008235,58.32041320110312,10685.40671709934,1.9093330315028314,0.0,0.0,1.0,inf,20402.0,inf,213.0,67.0,146.0,0.0,0.0,0.0,0.0,0.0,0.0
354.0,20461.0,57973.0,37512.0,18756.0,1.833341478911099,58.32041320110312,10685.40671709934,1.9148545808047952,0.0,0.0,1.0,inf,20461.0,inf,218.0,59.0,159.0,0.0,0.0,0.0,0.0,0.0,0.0
355.0,20513.0,58119.0,37606.0,18803.0,1.8332764588309853,58.32041320110312,10685.40671709934,1.9197210310370345,0.0,0.0,1.0,inf,20513.0,inf,219.0,52.0,167.0,0.0,0.0,0.0,0.0,0.0,0.0
356.0,20572.0,58292.0,37720.0,18860.0,1.83356017888392,58.32041320110312,10685.40671709934,1.9252425803389983,0.0,0.0,1.0,inf,20572.0,inf,219.0,59.0,160.0,0.0,0.0,0.0,0.0,0.0,0.0
357.0,20618.0,58420.0,37802.0,18901.0,1.8334465030555824,58.32041320110312,10685.40671709934,1.9295475170829024,0.0,0.0,1.0,inf,20618.0,inf,215.0,46.0,169.0,0.0,0.0,0.0,0.0,0.0,0.0
358.0,20673.0,58577.0,37904.0,18952.0,1.833502636288879,58.32041320110312,10685.40671709934,1.9346947240593095,0.0,0.0,1.0,inf,20673.0,inf,219.0,55.0,164.0,0.0,0.0,0.0,0.0,0.0,0.0
359.0,20731.0,58741.0,38010.0,19005.0,1.8334860836428537,58.32041320110312,10685.40671709934,1.940122687779884,0.0,0.0,1.0,inf,20731.0,inf,217.0,58.0,159.0,0.0,0.0,0.0,0.0,0.0,0.0
360.0,20790.0,58910.0,38120.0,19060.0,1.8335738335738336,58.38035358852337,10707.38243785836,1.941651017011616,0.0,0.0,1.0,inf,20790.0,inf,217.0,59.0,158.0,0.0,0.0,0.0,0.0,0.0,0.0
361.0,20847.0,59071.0,38224.0,19112.0,1.833549191730225,58.38035358852337,10707.38243785836,1.9469744469283867,0.0,0.0,1.0,inf,20847.0,inf,215.0,57.0,158.0,0.0,0.0,0.0,0.0,0.0,0.0
362.0,20904.0,59234.0,38330.0,19165.0,1.8336203597397627,58.38035358852337,10707.38243785836,1.9522978768451573,0.0,0.0,1.0,inf,20904.0,inf,218.0,57.0,161.0,0.0,0.0,0.0,0.0,0.0,0.0
363.0,20971.0,59421.0,38450.0,19225.0,1.8334843355109436,59.10517512148246,10974.908030735882,1.9108132789149093,0.0,0.0,1.0,inf,20971.0,inf,217.0,67.0,150.0,0.0,0.0,0.0,0.0,0.0,0.0
364.0,21035.0,59603.0,38568.0,19284.0,1.8335155692892797,59.10517512148246,10974.908030735882,1.9166447628618146,0.0,0.0,1.0,inf,21035.0,inf,218.0,64.0,154.0,0.0,0.0,0.0,0.0,0.0,0.0
365.0,21086.0,59748.0,38662.0,19331.0,1.8335388409371147,59.10517512148246,10974.908030735882,1.921291726632005,0.0,0.0,1.0,inf,21086.0,inf,216.0,51.0,165.0,0.0,0.0,0.0,0.0,0.0,0.0
366.0,21146.0,59918.0,38772.0,19386.0,1.8335382578265393,59.10517512148246,10974.908030735882,1.9267587428322288,0.0,0.0,1.0,inf,21146.0,inf,217.0,60.0,157.0,0.0,0.0,0.0,0.0,0.0,0.0
367.0,21208.0,60096.0,38888.0,19444.0,1.8336476801207091,59.17127181984791,10999.468005077064,1.928093248710842,0.0,0.0,1.0,inf,21208.0,inf,216.0,62.0,154.0,0.0,0.0,0.0,0.0,0.0,0.0
368.0,21261.0,60247.0,38986.0,19493.0,1.8336860919053666,59.17127181984791,10999.468005077064,1.9329116635628636,0.0,0.0,1.0,inf,21261.0,inf,216.0,53.0,163.0,0.0,0.0,0.0,0.0,0.0,0.0
369.0,21330.0,60446.0,39116.0,19558.0,1.83384903891233,59.17127181984791,10999.468005077064,1.939184694219269,0.0,0.0,1.0,inf,21330.0,inf,216.0,69.0,147.0,0.0,0.0,0.0,0.0,0.0,0.0
370.0,21381.0,60595.0,39214.0,19607.0,1.8340582760394744,59.17127181984791,10999.468005077064,1.9438212820957428,0.0,0.0,1.0,inf,21381.0,inf,219.0,51.0,168.0,0.0,0.0,0.0,0.0,0.0,0.0
371.0,21440.0,60770.0,39330.0,19665.0,1.8344216417910448,59.17127181984791,10999.468005077064,1.9491851778744083,0.0,0.0,1.0,inf,21440.0,inf,217.0,59.0,158.0,0.0,0.0,0.0,0.0,0.0,0.0
372.0,21493.0,60917.0,39424.0,19712.0,1.8342716233192202,59.17127181984791,10999.468005077064,1.9540035927264299,0.0,0.0,1.0,inf,21493.0,inf,218.0,53.0,165.0,0.0,0.0,0.0,0.0,0.0,0.0
373.0,21563.0,61113.0,39550.0,19775.0,1.8341603672958309,59.37454801057851,11075.17266813692,1.9469673878797735,0.0,0.0,1.0,inf,21563.0,inf,218.0,70.0,148.0,0.0,0.0,0.0,0.0,0.0,0.0
374.0,21629.0,61299.0,39670.0,19835.0,1.8341116094132877,59.37454801057851,11075.17266813692,1.9529266629157176,0.0,0.0,1.0,inf,21629.0,inf,215.0,66.0,149.0,0.0,0.0,0.0,0.0,0.0,0.0
375.0,21685.0,61463.0,39778.0,19889.0,1.8343555453078164,59.37454801057851,11075.17266813692,1.9579830174916704,0.0,0.0,1.0,inf,21685.0,inf,217.0,56.0,161.0,0.0,0.0,0.0,0.0,0.0,0.0
376.0,21746.0,61632.0,39886.0,19943.0,1.8341764002575187,59.37454801057851,11075.17266813692,1.9634908322976188,0.0,0.0,1.0,inf,21746.0,inf,216.0,61.0,155.0,0.0,0.0,0.0,0.0,0.0,0.0
377.0,21804.0,61796.0,39992.0,19996.0,1.8341588699321225,59.72032821526386,11204.545497778068,1.9459959356962646,0.0,0.0,1.0,inf,21804.0,inf,215.0,58.0,157.0,0.0,0.0,0.0,0.0,0.0,0.0
378.0,21861.0,61955.0,40094.0,20047.0,1.8340423585380359,59.72032821526386,11204.545497778068,1.9510831567719702,0.0,0.0,1.0,inf,21861.0,inf,215.0,57.0,158.0,0.0,0.0,0.0,0.0,0.0,0.0
379.0,21920.0,62120.0,40200.0,20100.0,1.833941605839416,59.72032821526386,11204.545497778068,1.9563488768327884,0.0,0.0,1.0,inf,21920.0,inf,218.0,59.0,159.0,0.0,0.0,0.0,0.0,0.0,0.0
380.0,21979.0,62291.0,40312.0,20156.0,1.834114381910005,59.72032821526386,11204.545497778068,1.9616145968936065,0.0,0.0,1.0,inf,21979.0,inf,217.0,59.0,158.0,0.0,0.0,0.0,0.0,0.0,0.0
381.0,22035.0,62449.0,40414.0,20207.0,1.834082142046744,59.72032821526386,11204.545497778068,1.9666125684767561,0.0,0.0,1.0,inf,22035.0,inf,218.0,56.0,162.0,0.0,0.0,0.0,0.0,0.0,0.0
382.0,22085.0,62595.0,40510.0,20255.0,1.8342766583654064,59.851182629982866,11253.700301784651,1.9624656253283805,0.0,0.0,1.0,inf,22085.0,inf,220.0,50.0,170.0,0.0,0.0,0.0,0.0,0.0,0.0
383.0,22135.0,62741.0,40606.0,20303.0,1.8344702959114525,59.851182629982866,11253.700301784651,1.966908608405873,0.0,0.0,1.0,inf,22135.0,inf,217.0,50.0,167.0,0.0,0.0,0.0,0.0,0.0,0.0
384.0,22192.0,62898.0,40706.0,20353.0,1.8342645998558038,59.851182629982866,11253.700301784651,1.9719736091142142,0.0,0.0,1.0,inf,22192.0,inf,217.0,57.0,160.0,0.0,0.0,0.0,0.0,0.0,0.0
385.0,22248.0,63054.0,40806.0,20403.0,1.8341423948220066,59.851182629982866,11253.700301784651,1.9769497501610056,0.0,0.0,1.0,inf,22248.0,inf,215.0,56.0,159.0,0.0,0.0,0.0,0.0,0.0,0.0
386.0,22312.0,63238.0,40926.0,20463.0,1.8342595912513446,59.851182629982866,11253.700301784651,1.982636768500196,0.0,0.0,1.0,inf,22312.0,inf,216.0,64.0,152.0,0.0,0.0,0.0,0.0,0.0,0.0
387.0,22361.0,63379.0,41018.0,20509.0,1.8343544564196592,59.851182629982866,11253.700301784651,1.9869908919161385,0.0,0.0,1.0,inf,22361.0,inf,215.0,49.0,166.0,0.0,0.0,0.0,0.0,0.0,0.0
388.0,22410.0,63520.0,41110.0,20555.0,1.8344489067380634,59.851182629982866,11253.700301784651,1.991345015332081,0.0,0.0,1.0,inf,22410.0,inf,219.0,49.0,170.0,0.0,0.0,0.0,0.0,0.0,0.0
389.0,22468.0,63688.0,41220.0,20610.0,1.8346092220046288,59.851182629982866,11253.700301784651,1.9964988757019722,0.0,0.0,1.0,inf,22468.0,inf,217.0,58.0,159.0,0.0,0.0,0.0,0.0,0.0,0.0
390.0,22523.0,63843.0,41320.0,20660.0,1.8345691071349288,59.851182629982866,11253.700301784651,2.0013861570872136,0.0,0.0,1.0,inf,22523.0,inf,217.0,55.0,162.0,0.0,0.0,0.0,0.0,0.0,0.0
391.0,22579.0,64001.0,41422.0,20711.0,1.834536516231897,60.71810164455427,11582.071520046182,1.949478550613368,0.0,0.0,1.0,inf,22579.0,inf,218.0,56.0,162.0,0.0,0.0,0.0,0.0,0.0,0.0
392.0,22648.0,64204.0,41556.0,20778.0,1.8348640056517131,60.71810164455427,11582.071520046182,1.9554360341153976,0.0,0.0,1.0,inf,22648.0,inf,214.0,69.0,145.0,0.0,0.0,0.0,0.0,0.0,0.0
393.0,22702.0,64356.0,41654.0,20827.0,1.8348163157431063,60.71810164455427,11582.071520046182,1.96009841250829,0.0,0.0,1.0,inf,22702.0,inf,217.0,54.0,163.0,0.0,0.0,0.0,0.0,0.0,0.0
394.0,22763.0,64529.0,41766.0,20883.0,1.8348196634889953,60.71810164455427,11582.071520046182,1.9653651732854467,0.0,0.0,1.0,inf,22763.0,inf,216.0,61.0,155.0,0.0,0.0,0.0,0.0,0.0,0.0
395.0,22814.0,64674.0,41860.0,20930.0,1.8348382572104849,60.71810164455427,11582.071520046182,1.9697685306565118,0.0,0.0,1.0,inf,22814.0,inf,214.0,51.0,163.0,0.0,0.0,0.0,0.0,0.0,0.0
396.0,22875.0,64855.0,41980.0,20990.0,1.835191256830601,60.71810164455427,11582.071520046182,1.9750352914336682,0.0,0.0,1.0,inf,22875.0,inf,217.0,61.0,156.0,0.0,0.0,0.0,0.0,0.0,0.0
397.0,22925.0,64995.0,42070.0,21035.0,1.835114503816794,61.409134771639344,11847.202983899655,1.9350558972573584,0.0,0.0,1.0,inf,22925.0,inf,216.0,50.0,166.0,0.0,0.0,0.0,0.0,0.0,0.0
398.0,22985.0,65171.0,42186.0,21093.0,1.8353708940613445,61.409134771639344,11847.202983899655,1.9401203837932555,0.0,0.0,1.0,inf,22985.0,inf,216.0,60.0,156.0,0.0,0.0,0.0,0.0,0.0,0.0
399.0,23040.0,65328.0,42288.0,21144.0,1.8354166666666667,61.409134771639344,11847.202983899655,1.9447628297844946,0.0,0.0,1.0,inf,23040.0,inf,213.0,55.0,158.0,0.0,0.0,0.0,0.0,0.0,0.0
400.0,23093.0,65473.0,42380.0,21190.0,1.8351881522539297,61.409134771639344,11847.202983899655,1.9492364595578702,0.0,0.0,1.0,inf,23093.0,inf,216.0,53.0,163.0,0.0,0.0,0.0,0.0,0.0,0.0
401.0,23149.0,65633.0,42484.0,21242.0,1.8352412631215171,61.409134771639344,11847.202983899655,1.953963313658041,0.0,0.0,1.0,inf,23149.0,inf,214.0,56.0,158.0,0.0,0.0,0.0,0.0,0.0,0.0
402.0,23206.0,65796.0,42590.0,21295.0,1.8353012152029649,61.409134771639344,11847.202983899655,1.958774575867143,0.0,0.0,1.0,inf,23206.0,inf,213.0,57.0,156.0,0.0,0.0,0.0,0.0,0.0,0.0
403.0,23270.0,65982.0,42712.0,21356.0,1.8354963472281909,61.409134771639344,11847.202983899655,1.964176694838767,0.0,0.0,1.0,inf,23270.0,inf,215.0,64.0,151.0,0.0,0.0,0.0,0.0,0.0,0.0
404.0,23327.0,66149.0,42822.0,21411.0,1.8357268401423243,61.409134771639344,11847.202983899655,1.968987957047869,0.0,0.0,1.0,inf,23327.0,inf,217.0,57.0,160.0,0.0,0.0,0.0,0.0,0.0,0.0
405.0,23380.0,66302.0,42922.0,21461.0,1.835842600513259,61.409134771639344,11847.202983899655,1.9734615868212448,0.0,0.0,1.0,inf,23380.0,inf,217.0,53.0,164.0,0.0,0.0,0.0,0.0,0.0,0.0
406.0,23440.0,66474.0,43034.0,21517.0,1.8359215017064847,61.409134771639344,11847.202983899655,1.978526073357142,0.0,0.0,1.0,inf,23440.0,inf,216.0,60.0,156.0,0.0,0.0,0.0,0.0,0.0,0.0
407.0,23498.0,66630.0,43132.0,21566.0,1.8355604732317643,61.409134771639344,11847.202983899655,1.9834217436751758,0.0,0.0,1.0,inf,23498.0,inf,219.0,58.0,161.0,0.0,0.0,0.0,0.0,0.0,0.0
408.0,23556.0,66794.0,43238.0,21619.0,1.835540838852097,61.409134771639344,11847.202983899655,1.9883174139932098,0.0,0.0,1.0,inf,23556.0,inf,218.0,58.0,160.0,0.0,0.0,0.0,0.0,0.0,0.0
409.0,23617.0,66971.0,43354.0,21677.0,1.8357115637041115,61.409134771639344,11847.202983899655,1.9934663086380384,0.0,0.0,1.0,inf,23617.0,inf,215.0,61.0,154.0,0.0,0.0,0.0,0.0,0.0,0.0
410.0,23674.0,67136.0,43462.0,21731.0,1.8358536791416744,61.409134771639344,11847.202983899655,1.9982775708471407,0.0,0.0,1.0,inf,23674.0,inf,219.0,57.0,162.0,0.0,0.0,0.0,0.0,0.0,0.0
411.0,23718.0,67252.0,43534.0,21767.0,1.8354835989543807,61.409134771639344,11847.202983899655,2.001991527640132,0.0,0.0,1.0,inf,23718.0,inf,217.0,44.0,173.0,0.0,0.0,0.0,0.0,0.0,0.0
412.0,23776.0,67420.0,43644.0,21822.0,1.8356325706594885,61.48584544955171,11876.819900162667,2.001882675654142,0.0,0.0,1.0,inf,23776.0,inf,217.0,58.0,159.0,0.0,0.0,0.0,0.0,0.0,0.0
413.0,23853.0,67637.0,43784.0,21892.0,1.8355762377897957,62.380010057386556,12224.771594159187,1.9512020994647137,0.0,0.0,1.0,inf,23853.0,inf,216.0,77.0,139.0,0.0,0.0,0.0,0.0,0.0,0.0
414.0,23925.0,67843.0,43918.0,21959.0,1.8356530825496342,62.380010057386556,12224.771594159187,1.957091780056734,0.0,0.0,1.0,inf,23925.0,inf,213.0,72.0,141.0,0.0,0.0,0.0,0.0,0.0,0.0
415.0,23990.0,68026.0,44036.0,22018.0,1.8355981659024594,62.380010057386556,12224.771594159187,1.962408852813419,0.0,0.0,1.0,inf,23990.0,inf,215.0,65.0,150.0,0.0,0.0,0.0,0.0,0.0,0.0
416.0,24051.0,68201.0,44150.0,22075.0,1.8356825080038253,62.380010057386556,12224.771594159187,1.9673987210927695,0.0,0.0,1.0,inf,24051.0,inf,218.0,61.0,157.0,0.0,0.0,0.0,0.0,0.0,0.0
417.0,24097.0,68337.0,44240.0,22120.0,1.8359131842138026,62.380010057386556,12224.771594159187,1.9711615725821157,0.0,0.0,1.0,inf,24097.0,inf,214.0,46.0,168.0,0.0,0.0,0.0,0.0,0.0,0.0
418.0,24159.0,68515.0,44356.0,22178.0,1.8360031458255723,62.380010057386556,12224.771594159187,1.9762332419807997,0.0,0.0,1.0,inf,24159.0,inf,217.0,62.0,155.0,0.0,0.0,0.0,0.0,0.0,0.0
419.0,24216.0,68674.0,44458.0,22229.0,1.8358936240502148,62.380010057386556,12224.771594159187,1.980895905782816,0.0,0.0,1.0,inf,24216.0,inf,218.0,57.0,161.0,0.0,0.0,0.0,0.0,0.0,0.0
420.0,24283.0,68871.0,44588.0,22294.0,1.8361816908948647,62.380010057386556,12224.771594159187,1.986376580778168,0.0,0.0,1.0,inf,24283.0,inf,213.0,67.0,146.0,0.0,0.0,0.0,0.0,0.0,0.0
421.0,24339.0,69025.0,44686.0,22343.0,1.8359834011257652,62.380010057386556,12224.771594159187,1.9909574434608504,0.0,0.0,1.0,inf,24339.0,inf,216.0,56.0,160.0,0.0,0.0,0.0,0.0,0.0,0.0
422.0,24397.0,69189.0,44792.0,22396.0,1.8359634381276386,62.380010057386556,12224.771594159187,1.9957019083822,0.0,0.0,1.0,inf,24397.0,inf,218.0,58.0,160.0,0.0,0.0,0.0,0.0,0.0,0.0
423.0,24449.0,69339.0,44890.0,22445.0,1.8360669148022415,62.380010057386556,12224.771594159187,1.9999555665875481,0.0,0.0,1.0,inf,24449.0,inf,219.0,52.0,167.0,0.0,0.0,0.0,0.0,0.0,0.0
424.0,24502.0,69490.0,44988.0,22494.0,1.8360950126520283,62.380010057386556,12224.771594159187,2.0042910259122295,0.0,0.0,1.0,inf,24502.0,inf,219.0,53.0,166.0,0.0,0.0,0.0,0.0,0.0,0.0
425.0,24564.0,69664.0,45100.0,22550.0,1.8360201921511154,62.380010057386556,12224.771594159187,2.0093626953109136,0.0,0.0,1.0,inf,24564.0,inf,217.0,62.0,155.0,0.0,0.0,0.0,0.0,0.0,0.0
426.0,24632.0,69862.0,45230.0,22615.0,1.8362292952257226,62.380010057386556,12224.771594159187,2.0149251714256,0.0,0.0,1.0,inf,24632.0,inf,217.0,68.0,149.0,0.0,0.0,0.0,0.0,0.0,0.0
427.0,24695.0,70035.0,45340.0,22670.0,1.8359991901194574,62.380010057386556,12224.771594159187,2.020078641943617,0.0,0.0,1.0,inf,24695.0,inf,216.0,63.0,153.0,0.0,0.0,0.0,0.0,0.0,0.0
428.0,24757.0,70213.0,45456.0,22728.0,1.8360867633396616,62.380010057386556,12224.771594159187,2.0251503113423013,0.0,0.0,1.0,inf,24757.0,inf,217.0,62.0,155.0,0.0,0.0,0.0,0.0,0.0,0.0
429.0,24807.0,70353.0,45546.0,22773.0,1.836014028298464,62.380010057386556,12224.771594159187,2.029240367308982,0.0,0.0,1.0,inf,24807.0,inf,217.0,50.0,167.0,0.0,0.0,0.0,0.0,0.0,0.0
430.0,24866.0,70518.0,45652.0,22826.0,1.8359205340625755,62.393099624846535,12229.902525076719,2.0332132614314533,0.0,0.0,1.0,inf,24866.0,inf,216.0,59.0,157.0,0.0,0.0,0.0,0.0,0.0,0.0
431.0,24927.0,70691.0,45764.0,22882.0,1.835920888995868,62.62780673983008,12322.087208993631,2.0229527333491286,0.0,0.0,1.0,inf,24927.0,inf,218.0,61.0,157.0,0.0,0.0,0.0,0.0,0.0,0.0
432.0,24990.0,70870.0,45880.0,22940.0,1.8359343737494997,62.62780673983008,12322.087208993631,2.028065503526085,0.0,0.0,1.0,inf,24990.0,inf,214.0,63.0,151.0,0.0,0.0,0.0,0.0,0.0,0.0
433.0,25045.0,71033.0,45988.0,22994.0,1.8362148133359952,62.62780673983008,12322.087208993631,2.03252903304565,0.0,0.0,1.0,inf,25045.0,inf,216.0,55.0,161.0,0.0,0.0,0.0,0.0,0.0,0.0
434.0,25104.0,71204.0,46100.0,23050.0,1.8363607393244104,62.64161576295141,12327.521687867273,2.036419049638121,0.0,0.0,1.0,inf,25104.0,inf,217.0,59.0,158.0,0.0,0.0,0.0,0.0,0.0,0.0
435.0,25164.0,71378.0,46214.0,23107.0,1.8365124781433795,62.64161576295141,12327.521687867273,2.0412862079785565,0.0,0.0,1.0,inf,25164.0,inf,215.0,60.0,155.0,0.0,0.0,0.0,0.0,0.0,0.0
436.0,25226.0,71550.0,46324.0,23162.0,1.836359311821137,62.64161576295141,12327.521687867273,2.0463156049303395,0.0,0.0,1.0,inf,25226.0,inf,216.0,62.0,154.0,0.0,0.0,0.0,0.0,0.0,0.0
437.0,25290.0,71734.0,46444.0,23222.0,1.836457097667062,62.64161576295141,12327.521687867273,2.0515072404934704,0.0,0.0,1.0,inf,25290.0,inf,216.0,64.0,152.0,0.0,0.0,0.0,0.0,0.0,0.0
438.0,25336.0,71866.0,46530.0,23265.0,1.8365172087148722,62.64161576295141,12327.521687867273,2.055238728554471,0.0,0.0,1.0,inf,25336.0,inf,217.0,46.0,171.0,0.0,0.0,0.0,0.0,0.0,0.0
439.0,25389.0,72023.0,46634.0,23317.0,1.8367797077474497,62.64161576295141,12327.521687867273,2.059538051755189,0.0,0.0,1.0,inf,25389.0,inf,218.0,53.0,165.0,0.0,0.0,0.0,0.0,0.0,0.0
440.0,25436.0,72156.0,46720.0,23360.0,1.8367667872306968,62.64161576295141,12327.521687867273,2.063350659121863,0.0,0.0,1.0,inf,25436.0,inf,215.0,47.0,168.0,0.0,0.0,0.0,0.0,0.0,0.0
441.0,25489.0,72299.0,46810.0,23405.0,1.8364784809133352,62.64161576295141,12327.521687867273,2.067649982322581,0.0,0.0,1.0,inf,25489.0,inf,215.0,53.0,162.0,0.0,0.0,0.0,0.0,0.0,0.0
442.0,25551.0,72481.0,46930.0,23465.0,1.8367187194238972,62.88971699296551,12425.364951346904,2.056358111013092,0.0,0.0,1.0,inf,25551.0,inf,219.0,62.0,157.0,0.0,0.0,0.0,0.0,0.0,0.0
443.0,25612.0,72658.0,47046.0,23523.0,1.8368733406215836,62.88971699296551,12425.364951346904,2.061267423555529,0.0,0.0,1.0,inf,25612.0,inf,216.0,61.0,155.0,0.0,0.0,0.0,0.0,0.0,0.0
444.0,25665.0,72811.0,47146.0,23573.0,1.836976427040717,63.46734809792241,12654.662796923141,2.0281061938876945,0.0,0.0,1.0,inf,25665.0,inf,219.0,53.0,166.0,0.0,0.0,0.0,0.0,0.0,0.0
445.0,25727.0,72991.0,47264.0,23632.0,1.8371360827146577,63.46734809792241,12654.662796923141,2.033005573744349,0.0,0.0,1.0,inf,25727.0,inf,217.0,62.0,155.0,0.0,0.0,0.0,0.0,0.0,0.0
446.0,25783.0,73147.0,47364.0,23682.0,1.837024395919792,63.46734809792241,12654.662796923141,2.0374308200664886,0.0,0.0,1.0,inf,25783.0,inf,215.0,56.0,159.0,0.0,0.0,0.0,0.0,0.0,0.0
447.0,25838.0,73310.0,47472.0,23736.0,1.8372939081972288,63.46734809792241,12654.662796923141,2.0417770441328758,0.0,0.0,1.0,inf,25838.0,inf,215.0,55.0,160.0,0.0,0.0,0.0,0.0,0.0,0.0
448.0,25905.0,73497.0,47592.0,23796.0,1.8371742906774753,63.46734809792241,12654.662796923141,2.0470715352682927,0.0,0.0,1.0,inf,25905.0,inf,215.0,67.0,148.0,0.0,0.0,0.0,0.0,0.0,0.0
449.0,25960.0,73648.0,47688.0,23844.0,1.836979969183359,63.46734809792241,12654.662796923141,2.0514177593346794,0.0,0.0,1.0,inf,25960.0,inf,215.0,55.0,160.0,0.0,0.0,0.0,0.0,0.0,0.0
450.0,26026.0,73840.0,47814.0,23907.0,1.8371628371628372,63.46734809792241,12654.662796923141,2.056633228214344,0.0,0.0,1.0,inf,26026.0,inf,219.0,66.0,153.0,0.0,0.0,0.0,0.0,0.0,0.0
451.0,26084.0,74002.0,47918.0,23959.0,1.8370648673516332,63.46734809792241,12654.662796923141,2.0612165190479885,0.0,0.0,1.0,inf,26084.0,inf,212.0,58.0,154.0,0.0,0.0,0.0,0.0,0.0,0.0
452.0,26145.0,74177.0,48032.0,24016.0,1.8371390323197552,63.46734809792241,12654.662796923141,2.0660368766488904,0.0,0.0,1.0,inf,26145.0,inf,219.0,61.0,158.0,0.0,0.0,0.0,0.0,0.0,0.0
453.0,26213.0,74367.0,48154.0,24077.0,1.8370274291382138,63.46734809792241,12654.662796923141,2.07141039004006,0.0,0.0,1.0,inf,26213.0,inf,218.0,68.0,150.0,0.0,0.0,0.0,0.0,0.0,0.0
454.0,26269.0,74531.0,48262.0,24131.0,1.837222581750352,63.46734809792241,12654.662796923141,2.0758356363621995,0.0,0.0,1.0,inf,26269.0,inf,217.0,56.0,161.0,0.0,0.0,0.0,0.0,0.0,0.0
455.0,26331.0,74711.0,48380.0,24190.0,1.8373779955185903,63.46734809792241,12654.662796923141,2.080735016218854,0.0,0.0,1.0,inf,26331.0,inf,218.0,62.0,156.0,0.0,0.0,0.0,0.0,0.0,0.0
456.0,26387.0,74873.0,48486.0,24243.0,1.837495736536931,63.46734809792241,12654.662796923141,2.0851602625409935,0.0,0.0,1.0,inf,26387.0,inf,219.0,56.0,163.0,0.0,0.0,0.0,0.0,0.0,0.0
457.0,26437.0,75017.0,48580.0,24290.0,1.8375761243711466,63.46734809792241,12654.662796923141,2.089111375328618,0.0,0.0,1.0,inf,26437.0,inf,216.0,50.0,166.0,0.0,0.0,0.0,0.0,0.0,0.0
458.0,26496.0,75184.0,48688.0,24344.0,1.83756038647343,63.46734809792241,12654.662796923141,2.093773688418015,0.0,0.0,1.0,inf,26496.0,inf,218.0,59.0,159.0,0.0,0.0,0.0,0.0,0.0,0.0
459.0,26555.0,75355.0,48800.0,24400.0,1.8376953492750894,63.46734809792241,12654.662796923141,2.098436001507412,0.0,0.0,1.0,inf,26555.0,inf,216.0,59.0,157.0,0.0,0.0,0.0,0.0,0.0,0.0
460.0,26613.0,75517.0,48904.0,24452.0,1.8375981663096983,63.46734809792241,12654.662796923141,2.1030192923410564,0.0,0.0,1.0,inf,26613.0,inf,219.0,58.0,161.0,0.0,0.0,0.0,0.0,0.0,0.0
461.0,26667.0,75675.0,49008.0,24504.0,1.8377770277871526,63.46734809792241,12654.662796923141,2.107286494151691,0.0,0.0,1.0,inf,26667.0,inf,218.0,54.0,164.0,0.0,0.0,0.0,0.0,0.0,0.0
462.0,26726.0,75844.0,49118.0,24559.0,1.837835815310933,63.46734809792241,12654.662796923141,2.111948807241088,0.0,0.0,1.0,inf,26726.0,inf,219.0,59.0,160.0,0.0,0.0,0.0,0.0,0.0,0.0
463.0,26786.0,76016.0,49230.0,24615.0,1.8379003957291122,63.46734809792241,12654.662796923141,2.1166901425862377,0.0,0.0,1.0,inf,26786.0,inf,218.0,60.0,158.0,0.0,0.0,0.0,0.0,0.0,0.0
464.0,26837.0,76157.0,49320.0,24660.0,1.8377612996981778,63.46734809792241,12654.662796923141,2.120720277629615,0.0,0.0,1.0,inf,26837.0,inf,219.0,51.0,168.0,0.0,0.0,0.0,0.0,0.0,0.0
465.0,26895.0,76327.0,49432.0,24716.0,1.8379624465514035,63.46734809792241,12654.662796923141,2.1253035684632593,0.0,0.0,1.0,inf,26895.0,inf,219.0,58.0,161.0,0.0,0.0,0.0,0.0,0.0,0.0
466.0,26939.0,76453.0,49514.0,24757.0,1.838004380266528,63.56697980015803,12694.424824055204,2.1221126891036564,0.0,0.0,1.0,inf,26939.0,inf,215.0,44.0,171.0,0.0,0.0,0.0,0.0,0.0,0.0
467.0,26981.0,76569.0,49588.0,24794.0,1.8378859197212853,63.56697980015803,12694.424824055204,2.125421228134146,0.0,0.0,1.0,inf,26981.0,inf,216.0,42.0,174.0,0.0,0.0,0.0,0.0,0.0,0.0
468.0,27039.0,76731.0,49692.0,24846.0,1.837789859092422,63.56697980015803,12694.424824055204,2.129990162985774,0.0,0.0,1.0,inf,27039.0,inf,218.0,58.0,160.0,0.0,0.0,0.0,0.0,0.0,0.0
469.0,27091.0,76881.0,49790.0,24895.0,1.837879738658595,63.56697980015803,12694.424824055204,2.1340864494044753,0.0,0.0,1.0,inf,27091.0,inf,217.0,52.0,165.0,0.0,0.0,0.0,0.0,0.0,0.0
470.0,27136.0,77010.0,49874.0,24937.0,1.8379274764150944,63.56697980015803,12694.424824055204,2.137631312651428,0.0,0.0,1.0,inf,27136.0,inf,218.0,45.0,173.0,0.0,0.0,0.0,0.0,0.0,0.0
471.0,27185.0,77153.0,49968.0,24984.0,1.8380724664336952,64.00916514301831,12871.649295681946,2.1120059578627393,0.0,0.0,1.0,inf,27185.0,inf,218.0,49.0,169.0,0.0,0.0,0.0,0.0,0.0,0.0
472.0,27235.0,77299.0,50064.0,25032.0,1.8382228749770515,64.00916514301831,12871.649295681946,2.1158904639467244,0.0,0.0,1.0,inf,27235.0,inf,219.0,50.0,169.0,0.0,0.0,0.0,0.0,0.0,0.0
473.0,27300.0,77480.0,50180.0,25090.0,1.838095238095238,64.00916514301831,12871.649295681946,2.120940321855905,0.0,0.0,1.0,inf,27300.0,inf,220.0,65.0,155.0,0.0,0.0,0.0,0.0,0.0,0.0
474.0,27362.0,77660.0,50298.0,25149.0,1.838242818507419,64.00916514301831,12871.649295681946,2.125757109400047,0.0,0.0,1.0,inf,27362.0,inf,217.0,62.0,155.0,0.0,0.0,0.0,0.0,0.0,0.0
475.0,27408.0,77792.0,50384.0,25192.0,1.8382953882078226,64.00916514301831,12871.649295681946,2.129330854997313,0.0,0.0,1.0,inf,27408.0,inf,219.0,46.0,173.0,0.0,0.0,0.0,0.0,0.0,0.0
476.0,27458.0,77938.0,50480.0,25240.0,1.8384441692767135,64.00916514301831,12871.649295681946,2.133215361081298,0.0,0.0,1.0,inf,27458.0,inf,218.0,50.0,168.0,0.0,0.0,0.0,0.0,0.0,0.0
477.0,27520.0,78106.0,50586.0,25293.0,1.838154069767442,64.00916514301831,12871.649295681946,2.13803214862544,0.0,0.0,1.0,inf,27520.0,inf,216.0,62.0,154.0,0.0,0.0,0.0,0.0,0.0,0.0
478.0,27579.0,78275.0,50696.0,25348.0,1.8382102324232206,64.00916514301831,12871.649295681946,2.1426158658045424,0.0,0.0,1.0,inf,27579.0,inf,216.0,59.0,157.0,0.0,0.0,0.0,0.0,0.0,0.0
479.0,27633.0,78427.0,50794.0,25397.0,1.8381645134440705,64.00916514301831,12871.649295681946,2.1468111323752463,0.0,0.0,1.0,inf,27633.0,inf,215.0,54.0,161.0,0.0,0.0,0.0,0.0,0.0,0.0
480.0,27686.0,78584.0,50898.0,25449.0,1.8384020804738856,64.00916514301831,12871.649295681946,2.150928708824271,0.0,0.0,1.0,inf,27686.0,inf,215.0,53.0,162.0,0.0,0.0,0.0,0.0,0.0,0.0
481.0,27732.0,78712.0,50980.0,25490.0,1.8383095341122169,64.00916514301831,12871.649295681946,2.154502454421537,0.0,0.0,1.0,inf,27732.0,inf,215.0,46.0,169.0,0.0,0.0,0.0,0.0,0.0,0.0
482.0,27786.0,78856.0,51070.0,25535.0,1.8379759591161016,64.00916514301831,12871.649295681946,2.158697720992241,0.0,0.0,1.0,inf,27786.0,inf,220.0,54.0,166.0,0.0,0.0,0.0,0.0,0.0,0.0
483.0,27837.0,79007.0,51170.0,25585.0,1.8382009555627403,64.00916514301831,12871.649295681946,2.1626599171979057,0.0,0.0,1.0,inf,27837.0,inf,218.0,51.0,167.0,0.0,0.0,0.0,0.0,0.0,0.0
484.0,27885.0,79149.0,51264.0,25632.0,1.8384077461000539,64.00916514301831,12871.649295681946,2.1663890430385315,0.0,0.0,1.0,inf,27885.0,inf,218.0,48.0,170.0,0.0,0.0,0.0,0.0,0.0,0.0
485.0,27936.0,79294.0,51358.0,25679.0,1.8384163802978235,64.00916514301831,12871.649295681946,2.1703512392441966,0.0,0.0,1.0,inf,27936.0,inf,217.0,51.0,166.0,0.0,0.0,0.0,0.0,0.0,0.0
486.0,27975.0,79407.0,51432.0,25716.0,1.8384986595174262,64.00916514301831,12871.649295681946,2.173381153989705,0.0,0.0,1.0,inf,27975.0,inf,219.0,39.0,180.0,0.0,0.0,0.0,0.0,0.0,0.0
487.0,28020.0,79532.0,51512.0,25756.0,1.838401142041399,64.00916514301831,12871.649295681946,2.1768772094652915,0.0,0.0,1.0,inf,28020.0,inf,216.0,45.0,171.0,0.0,0.0,0.0,0.0,0.0,0.0
488.0,28091.0,79737.0,51646.0,25823.0,1.838524794418141,64.05577232983882,12890.400665730529,2.1792185307847465,0.0,0.0,1.0,inf,28091.0,inf,218.0,71.0,147.0,0.0,0.0,0.0,0.0,0.0,0.0
489.0,28129.0,79843.0,51714.0,25857.0,1.8384585303423513,64.05577232983882,12890.400665730529,2.1821664608751603,0.0,0.0,1.0,inf,28129.0,inf,216.0,38.0,178.0,0.0,0.0,0.0,0.0,0.0,0.0
490.0,28178.0,79978.0,51800.0,25900.0,1.838313577968628,64.87269278848768,13221.286715548484,2.1312600358981806,0.0,0.0,1.0,inf,28178.0,inf,216.0,49.0,167.0,0.0,0.0,0.0,0.0,0.0,0.0
491.0,28232.0,80126.0,51894.0,25947.0,1.8381269481439502,64.87269278848768,13221.286715548484,2.135344358488091,0.0,0.0,1.0,inf,28232.0,inf,216.0,54.0,162.0,0.0,0.0,0.0,0.0,0.0,0.0
492.0,28292.0,80284.0,51992.0,25996.0,1.83769263396013,64.87269278848768,13221.286715548484,2.139882494699103,0.0,0.0,1.0,inf,28292.0,inf,218.0,60.0,158.0,0.0,0.0,0.0,0.0,0.0,0.0
493.0,28352.0,80452.0,52100.0,26050.0,1.8376128668171559,64.87269278848768,13221.286715548484,2.144420630910115,0.0,0.0,1.0,inf,28352.0,inf,219.0,60.0,159.0,0.0,0.0,0.0,0.0,0.0,0.0
494.0,28407.0,80613.0,52206.0,26103.0,1.8377864610835357,64.87269278848768,13221.286715548484,2.1485805891035423,0.0,0.0,1.0,inf,28407.0,inf,213.0,55.0,158.0,0.0,0.0,0.0,0.0,0.0,0.0
495.0,28466.0,80788.0,52322.0,26161.0,1.838052413405466,64.87269278848768,13221.286715548484,2.1530430897110375,0.0,0.0,1.0,inf,28466.0,inf,219.0,59.0,160.0,0.0,0.0,0.0,0.0,0.0,0.0
496.0,28520.0,80940.0,52420.0,26210.0,1.838008415147265,64.87269278848768,13221.286715548484,2.157127412300948,0.0,0.0,1.0,inf,28520.0,inf,218.0,54.0,164.0,0.0,0.0,0.0,0.0,0.0,0.0
497.0,28565.0,81071.0,52506.0,26253.0,1.8381235778050062,64.87269278848768,13221.286715548484,2.160531014459207,0.0,0.0,1.0,inf,28565.0,inf,217.0,45.0,172.0,0.0,0.0,0.0,0.0,0.0,0.0
498.0,28623.0,81241.0,52618.0,26309.0,1.8383118471159556,64.87269278848768,13221.286715548484,2.164917879463185,0.0,0.0,1.0,inf,28623.0,inf,219.0,58.0,161.0,0.0,0.0,0.0,0.0,0.0,0.0
499.0,28673.0,81381.0,52708.0,26354.0,1.8382450388867575,64.87269278848768,13221.286715548484,2.168699659639028,0.0,0.0,1.0,inf,28673.0,inf,218.0,50.0,168.0,0.0,0.0,0.0,0.0,0.0,0.0
500.0,28731.0,81547.0,52816.0,26408.0,1.8382931328530159,64.87269278848768,13221.286715548484,2.173086524643006,0.0,0.0,1.0,inf,28731.0,inf,219.0,58.0,161.0,0.0,0.0,0.0,0.0,0.0,0.0
501.0,28789.0,81709.0,52920.0,26460.0,1.8382020910764527,64.87269278848768,13221.286715548484,2.1774733896469844,0.0,0.0,1.0,inf,28789.0,inf,220.0,58.0,162.0,0.0,0.0,0.0,0.0,0.0,0.0
502.0,28835.0,81837.0,53002.0,26501.0,1.8381134038494884,65.70332209926002,13562.024688063055,2.1261574627112885,0.0,0.0,1.0,inf,28835.0,inf,218.0,46.0,172.0,0.0,0.0,0.0,0.0,0.0,0.0
503.0,28896.0,82012.0,53116.0,26558.0,1.8381782945736433,65.70332209926002,13562.024688063055,2.130655316195783,0.0,0.0,1.0,inf,28896.0,inf,219.0,61.0,158.0,0.0,0.0,0.0,0.0,0.0,0.0
504.0,28950.0,82166.0,53216.0,26608.0,1.8382037996545768,65.70332209926002,13562.024688063055,2.1346370225591054,0.0,0.0,1.0,inf,28950.0,inf,218.0,54.0,164.0,0.0,0.0,0.0,0.0,0.0,0.0
505.0,28999.0,82311.0,53312.0,26656.0,1.838408220973137,65.70332209926002,13562.024688063055,2.138250052407306,0.0,0.0,1.0,inf,28999.0,inf,217.0,49.0,168.0,0.0,0.0,0.0,0.0,0.0,0.0
506.0,29059.0,82479.0,53420.0,26710.0,1.8383289170308683,65.70332209926002,13562.024688063055,2.1426741705887755,0.0,0.0,1.0,inf,29059.0,inf,219.0,60.0,159.0,0.0,0.0,0.0,0.0,0.0,0.0
507.0,29105.0,82611.0,53506.0,26753.0,1.8383782855179522,65.70332209926002,13562.024688063055,2.146065994527902,0.0,0.0,1.0,inf,29105.0,inf,215.0,46.0,169.0,0.0,0.0,0.0,0.0,0.0,0.0
508.0,29169.0,82791.0,53622.0,26811.0,1.8383215057081148,65.70332209926002,13562.024688063055,2.1507850539214695,0.0,0.0,1.0,inf,29169.0,inf,220.0,64.0,156.0,0.0,0.0,0.0,0.0,0.0,0.0
509.0,29240.0,82996.0,53756.0,26878.0,1.8384404924760602,65.70332209926002,13562.024688063055,2.156020260436209,0.0,0.0,1.0,inf,29240.0,inf,218.0,71.0,147.0,0.0,0.0,0.0,0.0,0.0,0.0
510.0,29305.0,83183.0,53878.0,26939.0,1.8385258488312575,65.70332209926002,13562.024688063055,2.1608130551328006,0.0,0.0,1.0,inf,29305.0,inf,213.0,65.0,148.0,0.0,0.0,0.0,0.0,0.0,0.0
511.0,29358.0,83332.0,53974.0,26987.0,1.8384767354724436,65.85213651999548,13623.528745017504,2.154948291993513,0.0,0.0,1.0,inf,29358.0,inf,217.0,53.0,164.0,0.0,0.0,0.0,0.0,0.0,0.0
512.0,29401.0,83453.0,54052.0,27026.0,1.838440869358185,65.85213651999548,13623.528745017504,2.1581045961203515,0.0,0.0,1.0,inf,29401.0,inf,219.0,43.0,176.0,0.0,0.0,0.0,0.0,0.0,0.0
513.0,29457.0,83613.0,54156.0,27078.0,1.8384764232610245,66.2089773784324,13771.575674425283,2.1389709279747544,0.0,0.0,1.0,inf,29457.0,inf,219.0,56.0,163.0,0.0,0.0,0.0,0.0,0.0,0.0
514.0,29520.0,83790.0,54270.0,27135.0,1.8384146341463414,66.2089773784324,13771.575674425283,2.1435455679062616,0.0,0.0,1.0,inf,29520.0,inf,216.0,63.0,153.0,0.0,0.0,0.0,0.0,0.0,0.0
515.0,29573.0,83947.0,54374.0,27187.0,1.8386365941906468,66.2089773784324,13771.575674425283,2.1473940745153075,0.0,0.0,1.0,inf,29573.0,inf,218.0,53.0,165.0,0.0,0.0,0.0,0.0,0.0,0.0
516.0,29629.0,84105.0,54476.0,27238.0,1.8386040703364948,66.2089773784324,13771.575674425283,2.1514604211210915,0.0,0.0,1.0,inf,29629.0,inf,217.0,56.0,161.0,0.0,0.0,0.0,0.0,0.0,0.0
517.0,29691.0,84281.0,54590.0,27295.0,1.8386042908625508,66.2089773784324,13771.575674425283,2.1559624477203525,0.0,0.0,1.0,inf,29691.0,inf,218.0,62.0,156.0,0.0,0.0,0.0,0.0,0.0,0.0
518.0,29744.0,84436.0,54692.0,27346.0,1.8387573964497042,66.2089773784324,13771.575674425283,2.1598109543293984,0.0,0.0,1.0,inf,29744.0,inf,215.0,53.0,162.0,0.0,0.0,0.0,0.0,0.0,0.0
519.0,29796.0,84582.0,54786.0,27393.0,1.8387031816351187,66.2089773784324,13771.575674425283,2.163586847606198,0.0,0.0,1.0,inf,29796.0,inf,213.0,52.0,161.0,0.0,0.0,0.0,0.0,0.0,0.0
520.0,29839.0,84705.0,54866.0,27433.0,1.8387345420422936,66.2089773784324,13771.575674425283,2.1667092208927823,0.0,0.0,1.0,inf,29839.0,inf,218.0,43.0,175.0,0.0,0.0,0.0,0.0,0.0,0.0
521.0,29898.0,84878.0,54980.0,27490.0,1.838918991236872,66.2089773784324,13771.575674425283,2.1709934074953052,0.0,0.0,1.0,inf,29898.0,inf,220.0,59.0,161.0,0.0,0.0,0.0,0.0,0.0,0.0
522.0,29950.0,85022.0,55072.0,27536.0,1.8387979966611019,66.2089773784324,13771.575674425283,2.174769300772105,0.0,0.0,1.0,inf,29950.0,inf,216.0,52.0,164.0,0.0,0.0,0.0,0.0,0.0,0.0
523.0,30001.0,85167.0,55166.0,27583.0,1.8388053731542282,66.2089773784324,13771.575674425283,2.178472580716658,0.0,0.0,1.0,inf,30001.0,inf,216.0,51.0,165.0,0.0,0.0,0.0,0.0,0.0,0.0
524.0,30057.0,85325.0,55268.0,27634.0,1.8387729979705227,66.2089773784324,13771.575674425283,2.1825389273224425,0.0,0.0,1.0,inf,30057.0,inf,217.0,56.0,161.0,0.0,0.0,0.0,0.0,0.0,0.0
525.0,30118.0,85496.0,55378.0,27689.0,1.8387011089713792,66.2089773784324,13771.575674425283,2.1869683405894573,0.0,0.0,1.0,inf,30118.0,inf,217.0,61.0,156.0,0.0,0.0,0.0,0.0,0.0,0.0
526.0,30175.0,85659.0,55484.0,27742.0,1.8387406793703396,66.2089773784324,13771.575674425283,2.191107300527488,0.0,0.0,1.0,inf,30175.0,inf,216.0,57.0,159.0,0.0,0.0,0.0,0.0,0.0,0.0
527.0,30235.0,85827.0,55592.0,27796.0,1.8386638002315197,66.2089773784324,13771.575674425283,2.1954641004622566,0.0,0.0,1.0,inf,30235.0,inf,220.0,60.0,160.0,0.0,0.0,0.0,0.0,0.0,0.0
528.0,30286.0,85970.0,55684.0,27842.0,1.8386052961764512,66.3033378476793,13810.85791097671,2.192912286493733,0.0,0.0,1.0,inf,30286.0,inf,217.0,51.0,166.0,0.0,0.0,0.0,0.0,0.0,0.0
529.0,30330.0,86098.0,55768.0,27884.0,1.8387075502802506,66.3033378476793,13810.85791097671,2.1960981856090247,0.0,0.0,1.0,inf,30330.0,inf,217.0,44.0,173.0,0.0,0.0,0.0,0.0,0.0,0.0
530.0,30375.0,86223.0,55848.0,27924.0,1.8386172839506172,66.3033378476793,13810.85791097671,2.199356491522391,0.0,0.0,1.0,inf,30375.0,inf,218.0,45.0,173.0,0.0,0.0,0.0,0.0,0.0,0.0
531.0,30409.0,86317.0,55908.0,27954.0,1.8385346443487125,66.3033378476793,13810.85791097671,2.201818322656935,0.0,0.0,1.0,inf,30409.0,inf,219.0,34.0,185.0,0.0,0.0,0.0,0.0,0.0,0.0
532.0,30465.0,86475.0,56010.0,28005.0,1.8385032003938946,66.3033378476793,13810.85791097671,2.2058731033491243,0.0,0.0,1.0,inf,30465.0,inf,216.0,56.0,160.0,0.0,0.0,0.0,0.0,0.0,0.0
533.0,30517.0,86611.0,56094.0,28047.0,1.8381230134023658,66.3033378476793,13810.85791097671,2.2096382568490145,0.0,0.0,1.0,inf,30517.0,inf,217.0,52.0,165.0,0.0,0.0,0.0,0.0,0.0,0.0
534.0,30565.0,86747.0,56182.0,28091.0,1.8381154915753313,66.3033378476793,13810.85791097671,2.2131137831566052,0.0,0.0,1.0,inf,30565.0,inf,219.0,48.0,171.0,0.0,0.0,0.0,0.0,0.0,0.0
535.0,30621.0,86899.0,56278.0,28139.0,1.8378890304039712,66.3033378476793,13810.85791097671,2.217168563848795,0.0,0.0,1.0,inf,30621.0,inf,217.0,56.0,161.0,0.0,0.0,0.0,0.0,0.0,0.0
536.0,30674.0,87056.0,56382.0,28191.0,1.8381039316685142,66.3033378476793,13810.85791097671,2.22100612414676,0.0,0.0,1.0,inf,30674.0,inf,220.0,53.0,167.0,0.0,0.0,0.0,0.0,0.0,0.0
537.0,30727.0,87205.0,56478.0,28239.0,1.8380577342402447,66.3033378476793,13810.85791097671,2.224843684444725,0.0,0.0,1.0,inf,30727.0,inf,218.0,53.0,165.0,0.0,0.0,0.0,0.0,0.0,0.0
538.0,30772.0,87330.0,56558.0,28279.0,1.8379695827375537,66.3033378476793,13810.85791097671,2.228101990358091,0.0,0.0,1.0,inf,30772.0,inf,217.0,45.0,172.0,0.0,0.0,0.0,0.0,0.0,0.0
539.0,30831.0,87493.0,56662.0,28331.0,1.8378255651779054,66.3033378476793,13810.85791097671,2.232373991444505,0.0,0.0,1.0,inf,30831.0,inf,219.0,59.0,160.0,0.0,0.0,0.0,0.0,0.0,0.0
540.0,30886.0,87652.0,56766.0,28383.0,1.837920093246131,66.3033378476793,13810.85791097671,2.2363563653386196,0.0,0.0,1.0,inf,30886.0,inf,219.0,55.0,164.0,0.0,0.0,0.0,0.0,0.0,0.0
541.0,30935.0,87791.0,56856.0,28428.0,1.8379182156133829,66.3033378476793,13810.85791097671,2.2399042984442854,0.0,0.0,1.0,inf,30935.0,inf,218.0,49.0,169.0,0.0,0.0,0.0,0.0,0.0,0.0
542.0,30980.0,87922.0,56942.0,28471.0,1.8380245319561006,66.3033378476793,13810.85791097671,2.2431626043576522,0.0,0.0,1.0,inf,30980.0,inf,217.0,45.0,172.0,0.0,0.0,0.0,0.0,0.0,0.0
543.0,31033.0,88081.0,57048.0,28524.0,1.838301163277801,66.3033378476793,13810.85791097671,2.247000164655617,0.0,0.0,1.0,inf,31033.0,inf,219.0,53.0,166.0,0.0,0.0,0.0,0.0,0.0,0.0
544.0,31085.0,88229.0,57144.0,28572.0,1.8383142995013673,66.3033378476793,13810.85791097671,2.250765318155507,0.0,0.0,1.0,inf,31085.0,inf,218.0,52.0,166.0,0.0,0.0,0.0,0.0,0.0,0.0
545.0,31133.0,88365.0,57232.0,28616.0,1.8383066199852247,66.3033378476793,13810.85791097671,2.2542408444630984,0.0,0.0,1.0,inf,31133.0,inf,218.0,48.0,170.0,0.0,0.0,0.0,0.0,0.0,0.0
546.0,31172.0,88478.0,57306.0,28653.0,1.8383805979725394,66.3033378476793,13810.85791097671,2.2570647095880156,0.0,0.0,1.0,inf,31172.0,inf,219.0,39.0,180.0,0.0,0.0,0.0,0.0,0.0,0.0
547.0,31219.0,88611.0,57392.0,28696.0,1.8383676607194337,66.3033378476793,13810.85791097671,2.2604678290975317,0.0,0.0,1.0,inf,31219.0,inf,220.0,47.0,173.0,0.0,0.0,0.0,0.0,0.0,0.0
548.0,31251.0,88705.0,57454.0,28727.0,1.8384691689865924,66.3033378476793,13810.85791097671,2.2627848466359257,0.0,0.0,1.0,inf,31251.0,inf,219.0,32.0,187.0,0.0,0.0,0.0,0.0,0.0,0.0
549.0,31301.0,88845.0,57544.0,28772.0,1.8384077186032395,66.3033378476793,13810.85791097671,2.2664051865396666,0.0,0.0,1.0,inf,31301.0,inf,217.0,50.0,167.0,0.0,0.0,0.0,0.0,0.0,0.0
550.0,31351.0,88987.0,57636.0,28818.0,1.8384102580459953,66.3033378476793,13810.85791097671,2.270025526443407,0.0,0.0,1.0,inf,31351.0,inf,218.0,50.0,168.0,0.0,0.0,0.0,0.0,0.0,0.0
551.0,31415.0,89171.0,57756.0,28878.0,1.8384848002546554,66.63969702560222,13951.339284196567,2.251755144080358,0.0,0.0,1.0,inf,31415.0,inf,217.0,64.0,153.0,0.0,0.0,0.0,0.0,0.0,0.0
552.0,31452.0,89278.0,57826.0,28913.0,1.8385476281317563,66.63969702560222,13951.339284196567,2.2544072192142424,0.0,0.0,1.0,inf,31452.0,inf,215.0,37.0,178.0,0.0,0.0,0.0,0.0,0.0,0.0
553.0,31504.0,89424.0,57920.0,28960.0,1.8384966988318943,67.18997305961635,14182.696409075159,2.2212983406907987,0.0,0.0,1.0,inf,31504.0,inf,218.0,52.0,166.0,0.0,0.0,0.0,0.0,0.0,0.0
554.0,31554.0,89570.0,58016.0,29008.0,1.8386258477530582,67.18997305961635,14182.696409075159,2.2248237634001224,0.0,0.0,1.0,inf,31554.0,inf,219.0,50.0,169.0,0.0,0.0,0.0,0.0,0.0,0.0
555.0,31611.0,89735.0,58124.0,29062.0,1.8387270254025498,67.18997305961635,14182.696409075159,2.228842745288752,0.0,0.0,1.0,inf,31611.0,inf,217.0,57.0,160.0,0.0,0.0,0.0,0.0,0.0,0.0
556.0,31667.0,89895.0,58228.0,29114.0,1.8387595920042947,67.18997305961635,14182.696409075159,2.2327912187231944,0.0,0.0,1.0,inf,31667.0,inf,216.0,56.0,160.0,0.0,0.0,0.0,0.0,0.0,0.0
557.0,31714.0,90032.0,58318.0,29159.0,1.8388724222740744,67.18997305961635,14182.696409075159,2.236105116069959,0.0,0.0,1.0,inf,31714.0,inf,215.0,47.0,168.0,0.0,0.0,0.0,0.0,0.0,0.0
558.0,31766.0,90180.0,58414.0,29207.0,1.83888434174904,67.18997305961635,14182.696409075159,2.239771555687656,0.0,0.0,1.0,inf,31766.0,inf,219.0,52.0,167.0,0.0,0.0,0.0,0.0,0.0,0.0
559.0,31806.0,90298.0,58492.0,29246.0,1.8390240835062568,67.18997305961635,14182.696409075159,2.242591893855115,0.0,0.0,1.0,inf,31806.0,inf,220.0,40.0,180.0,0.0,0.0,0.0,0.0,0.0,0.0
560.0,31853.0,90435.0,58582.0,29291.0,1.8391360311430633,67.18997305961635,14182.696409075159,2.2459057912018796,0.0,0.0,1.0,inf,31853.0,inf,220.0,47.0,173.0,0.0,0.0,0.0,0.0,0.0,0.0
561.0,31905.0,90587.0,58682.0,29341.0,1.8392728412474533,67.18997305961635,14182.696409075159,2.2495722308195765,0.0,0.0,1.0,inf,31905.0,inf,218.0,52.0,166.0,0.0,0.0,0.0,0.0,0.0,0.0
562.0,31947.0,90709.0,58762.0,29381.0,1.8393589382414623,67.18997305961635,14182.696409075159,2.2525335858954083,0.0,0.0,1.0,inf,31947.0,inf,217.0,42.0,175.0,0.0,0.0,0.0,0.0,0.0,0.0
563.0,32001.0,90863.0,58862.0,29431.0,1.8393800193743945,67.18997305961635,14182.696409075159,2.2563410424214783,0.0,0.0,1.0,inf,32001.0,inf,219.0,54.0,165.0,0.0,0.0,0.0,0.0,0.0,0.0
564.0,32046.0,90988.0,58942.0,29471.0,1.8392935155713661,67.18997305961635,14182.696409075159,2.2595139228598695,0.0,0.0,1.0,inf,32046.0,inf,217.0,45.0,172.0,0.0,0.0,0.0,0.0,0.0,0.0
565.0,32101.0,91139.0,59038.0,29519.0,1.8391327372979034,67.18997305961635,14182.696409075159,2.263391887840126,0.0,0.0,1.0,inf,32101.0,inf,218.0,55.0,163.0,0.0,0.0,0.0,0.0,0.0,0.0
566.0,32145.0,91263.0,59118.0,29559.0,1.8391040597293513,67.18997305961635,14182.696409075159,2.266494259824331,0.0,0.0,1.0,inf,32145.0,inf,219.0,44.0,175.0,0.0,0.0,0.0,0.0,0.0,0.0
567.0,32202.0,91426.0,59224.0,29612.0,1.839140426060493,67.18997305961635,14182.696409075159,2.27051324171296,0.0,0.0,1.0,inf,32202.0,inf,219.0,57.0,162.0,0.0,0.0,0.0,0.0,0.0,0.0
568.0,32245.0,91551.0,59306.0,29653.0,1.8392308885098465,67.18997305961635,14182.696409075159,2.2735451052429787,0.0,0.0,1.0,inf,32245.0,inf,218.0,43.0,175.0,0.0,0.0,0.0,0.0,0.0,0.0
569.0,32294.0,91688.0,59394.0,29697.0,1.8391651700006193,67.18997305961635,14182.696409075159,2.277000019498116,0.0,0.0,1.0,inf,32294.0,inf,218.0,49.0,169.0,0.0,0.0,0.0,0.0,0.0,0.0
570.0,32335.0,91803.0,59468.0,29734.0,1.8391216947580022,67.18997305961635,14182.696409075159,2.2798908661197617,0.0,0.0,1.0,inf,32335.0,inf,218.0,41.0,177.0,0.0,0.0,0.0,0.0,0.0,0.0
571.0,32380.0,91934.0,59554.0,29777.0,1.8392217418159358,67.18997305961635,14182.696409075159,2.2830637465581534,0.0,0.0,1.0,inf,32380.0,inf,219.0,45.0,174.0,0.0,0.0,0.0,0.0,0.0,0.0
572.0,32427.0,92069.0,59642.0,29821.0,1.839269744348845,67.18997305961635,14182.696409075159,2.2863776439049177,0.0,0.0,1.0,inf,32427.0,inf,216.0,47.0,169.0,0.0,0.0,0.0,0.0,0.0,0.0
573.0,32482.0,92220.0,59738.0,29869.0,1.8391108921864416,67.18997305961635,14182.696409075159,2.290255608885174,0.0,0.0,1.0,inf,32482.0,inf,218.0,55.0,163.0,0.0,0.0,0.0,0.0,0.0,0.0
574.0,32536.0,92362.0,59826.0,29913.0,1.8387632161298255,67.18997305961635,14182.696409075159,2.294063065411244,0.0,0.0,1.0,inf,32536.0,inf,220.0,54.0,166.0,0.0,0.0,0.0,0.0,0.0,0.0
575.0,32583.0,92499.0,59916.0,29958.0,1.838873031949176,67.18997305961635,14182.696409075159,2.2973769627580083,0.0,0.0,1.0,inf,32583.0,inf,217.0,47.0,170.0,0.0,0.0,0.0,0.0,0.0,0.0
576.0,32615.0,92591.0,59976.0,29988.0,1.8389084776943125,67.18997305961635,14182.696409075159,2.2996332332919756,0.0,0.0,1.0,inf,32615.0,inf,218.0,32.0,186.0,0.0,0.0,0.0,0.0,0.0,0.0
577.0,32655.0,92707.0,60052.0,30026.0,1.838983310365947,67.18997305961635,14182.696409075159,2.3024535714594347,0.0,0.0,1.0,inf,32655.0,inf,220.0,40.0,180.0,0.0,0.0,0.0,0.0,0.0,0.0
578.0,32701.0,92835.0,60134.0,30067.0,1.838904009051711,67.18997305961635,14182.696409075159,2.3056969603520128,0.0,0.0,1.0,inf,32701.0,inf,218.0,46.0,172.0,0.0,0.0,0.0,0.0,0.0,0.0
579.0,32750.0,92976.0,60226.0,30113.0,1.8389618320610688,67.18997305961635,14182.696409075159,2.30915187460715,0.0,0.0,1.0,inf,32750.0,inf,218.0,49.0,169.0,0.0,0.0,0.0,0.0,0.0,0.0
580.0,32798.0,93114.0,60316.0,30158.0,1.839014574059394,67.18997305961635,14182.696409075159,2.312536280408101,0.0,0.0,1.0,inf,32798.0,inf,219.0,48.0,171.0,0.0,0.0,0.0,0.0,0.0,0.0
581.0,32847.0,93249.0,60402.0,30201.0,1.8388893962918988,67.18997305961635,14182.696409075159,2.3159911946632383,0.0,0.0,1.0,inf,32847.0,inf,219.0,49.0,170.0,0.0,0.0,0.0,0.0,0.0,0.0
582.0,32890.0,93366.0,60476.0,30238.0,1.8387351778656127,67.18997305961635,14182.696409075159,2.319023058193257,0.0,0.0,1.0,inf,32890.0,inf,219.0,43.0,176.0,0.0,0.0,0.0,0.0,0.0,0.0
583.0,32944.0,93516.0,60572.0,30286.0,1.8386352598348712,67.18997305961635,14182.696409075159,2.322830514719327,0.0,0.0,1.0,inf,32944.0,inf,219.0,54.0,165.0,0.0,0.0,0.0,0.0,0.0,0.0
584.0,32992.0,93654.0,60662.0,30331.0,1.838688166828322,67.18997305961635,14182.696409075159,2.3262149205202776,0.0,0.0,1.0,inf,32992.0,inf,218.0,48.0,170.0,0.0,0.0,0.0,0.0,0.0,0.0
585.0,33031.0,93761.0,60730.0,30365.0,1.838575883261179,67.18997305961635,14182.696409075159,2.3289647502335504,0.0,0.0,1.0,inf,33031.0,inf,220.0,39.0,181.0,0.0,0.0,0.0,0.0,0.0,0.0
586.0,33066.0,93862.0,60796.0,30398.0,1.8386257787455391,67.18997305961635,14182.696409075159,2.331432546130077,0.0,0.0,1.0,inf,33066.0,inf,218.0,35.0,183.0,0.0,0.0,0.0,0.0,0.0,0.0
587.0,33101.0,93957.0,60856.0,30428.0,1.8384943053079967,67.18997305961635,14182.696409075159,2.333900342026604,0.0,0.0,1.0,inf,33101.0,inf,216.0,35.0,181.0,0.0,0.0,0.0,0.0,0.0,0.0
588.0,33145.0,94087.0,60942.0,30471.0,1.838648363252376,67.18997305961635,14182.696409075159,2.3370027140108087,0.0,0.0,1.0,inf,33145.0,inf,219.0,44.0,175.0,0.0,0.0,0.0,0.0,0.0,0.0
589.0,33190.0,94218.0,61028.0,30514.0,1.8387466104248267,67.18997305961635,14182.696409075159,2.3401755944492004,0.0,0.0,1.0,inf,33190.0,inf,219.0,45.0,174.0,0.0,0.0,0.0,0.0,0.0,0.0
590.0,33228.0,94326.0,61098.0,30549.0,1.8387504514265078,67.18997305961635,14182.696409075159,2.3428549157082865,0.0,0.0,1.0,inf,33228.0,inf,219.0,38.0,181.0,0.0,0.0,0.0,0.0,0.0,0.0
591.0,33272.0,94450.0,61178.0,30589.0,1.838723250781438,67.18997305961635,14182.696409075159,2.3459572876924915,0.0,0.0,1.0,inf,33272.0,inf,220.0,44.0,176.0,0.0,0.0,0.0,0.0,0.0,0.0
592.0,33324.0,94594.0,61270.0,30635.0,1.8386148121474013,67.18997305961635,14182.696409075159,2.3496237273101883,0.0,0.0,1.0,inf,33324.0,inf,219.0,52.0,167.0,0.0,0.0,0.0,0.0,0.0,0.0
593.0,33362.0,94704.0,61342.0,30671.0,1.8386787362867933,67.18997305961635,14182.696409075159,2.3523030485692744,0.0,0.0,1.0,inf,33362.0,inf,216.0,38.0,178.0,0.0,0.0,0.0,0.0,0.0,0.0
594.0,33416.0,94864.0,61448.0,30724.0,1.8388795786449605,67.18997305961635,14182.696409075159,2.3561105050953444,0.0,0.0,1.0,inf,33416.0,inf,220.0,54.0,166.0,0.0,0.0,0.0,0.0,0.0,0.0
595.0,33457.0,94983.0,61526.0,30763.0,1.8389574677944824,67.18997305961635,14182.696409075159,2.35900135171699,0.0,0.0,1.0,inf,33457.0,inf,218.0,41.0,177.0,0.0,0.0,0.0,0.0,0.0,0.0
596.0,33488.0,95070.0,61582.0,30791.0,1.8389273769708552,67.18997305961635,14182.696409075159,2.361187113796771,0.0,0.0,1.0,inf,33488.0,inf,219.0,31.0,188.0,0.0,0.0,0.0,0.0,0.0,0.0
597.0,33537.0,95207.0,61670.0,30835.0,1.838864537674807,67.18997305961635,14182.696409075159,2.3646420280519083,0.0,0.0,1.0,inf,33537.0,inf,220.0,49.0,171.0,0.0,0.0,0.0,0.0,0.0,0.0
598.0,33581.0,95339.0,61758.0,30879.0,1.8390756677883326,67.18997305961635,14182.696409075159,2.367744400036113,0.0,0.0,1.0,inf,33581.0,inf,220.0,44.0,176.0,0.0,0.0,0.0,0.0,0.0,0.0
599.0,33628.0,95472.0,61844.0,30922.0,1.8390626858570238,67.18997305961635,14182.696409075159,2.3710582973828775,0.0,0.0,1.0,inf,33628.0,inf,218.0,47.0,171.0,0.0,0.0,0.0,0.0,0.0,0.0
600.0,33662.0,95572.0,61910.0,30955.0,1.839165824965837,67.18997305961635,14182.696409075159,2.373455584825218,0.0,0.0,1.0,inf,33662.0,inf,219.0,34.0,185.0,0.0,0.0,0.0,0.0,0.0,0.0
601.0,33699.0,95677.0,61978.0,30989.0,1.83916436689516,67.48144573956132,14306.013469126267,2.3555828514159893,0.0,0.0,1.0,inf,33699.0,inf,220.0,37.0,183.0,0.0,0.0,0.0,0.0,0.0,0.0
602.0,33740.0,95790.0,62050.0,31025.0,1.8390634262003556,67.48144573956132,14306.013469126267,2.358448779096575,0.0,0.0,1.0,inf,33740.0,inf,218.0,41.0,177.0,0.0,0.0,0.0,0.0,0.0,0.0
603.0,33780.0,95898.0,62118.0,31059.0,1.838898756660746,67.48144573956132,14306.013469126267,2.3612448061020244,0.0,0.0,1.0,inf,33780.0,inf,218.0,40.0,178.0,0.0,0.0,0.0,0.0,0.0,0.0
604.0,33829.0,96039.0,62210.0,31105.0,1.8389547429720063,67.48144573956132,14306.013469126267,2.3646699391837,0.0,0.0,1.0,inf,33829.0,inf,220.0,49.0,171.0,0.0,0.0,0.0,0.0,0.0,0.0
605.0,33870.0,96152.0,62282.0,31141.0,1.8388544434602894,67.64057312477978,14373.56278028686,2.356409508048501,0.0,0.0,1.0,inf,33870.0,inf,219.0,41.0,178.0,0.0,0.0,0.0,0.0,0.0,0.0
606.0,33918.0,96294.0,62376.0,31188.0,1.8390235273306208,67.64057312477978,14373.56278028686,2.3597489723646015,0.0,0.0,1.0,inf,33918.0,inf,218.0,48.0,170.0,0.0,0.0,0.0,0.0,0.0,0.0
607.0,33959.0,96415.0,62456.0,31228.0,1.8391589858358608,67.64057312477978,14373.56278028686,2.362601431467937,0.0,0.0,1.0,inf,33959.0,inf,219.0,41.0,178.0,0.0,0.0,0.0,0.0,0.0,0.0
608.0,34003.0,96539.0,62536.0,31268.0,1.83913184130812,67.64057312477978,14373.56278028686,2.3656626070910294,0.0,0.0,1.0,inf,34003.0,inf,219.0,44.0,175.0,0.0,0.0,0.0,0.0,0.0,0.0
609.0,34043.0,96653.0,62610.0,31305.0,1.8391446112269776,67.64057312477978,14373.56278028686,2.3684454940211133,0.0,0.0,1.0,inf,34043.0,inf,219.0,40.0,179.0,0.0,0.0,0.0,0.0,0.0,0.0
610.0,34089.0,96783.0,62694.0,31347.0,1.8391269911115022,67.64057312477978,14373.56278028686,2.37164581399071,0.0,0.0,1.0,inf,34089.0,inf,220.0,46.0,174.0,0.0,0.0,0.0,0.0,0.0,0.0
611.0,34133.0,96909.0,62776.0,31388.0,1.8391585855330619,67.64057312477978,14373.56278028686,2.3747069896138018,0.0,0.0,1.0,inf,34133.0,inf,218.0,44.0,174.0,0.0,0.0,0.0,0.0,0.0,0.0
612.0,34176.0,97032.0,62856.0,31428.0,1.839185393258427,67.64057312477978,14373.56278028686,2.3776985930636423,0.0,0.0,1.0,inf,34176.0,inf,219.0,43.0,176.0,0.0,0.0,0.0,0.0,0.0,0.0
613.0,34217.0,97151.0,62934.0,31467.0,1.8392611859601953,67.64057312477978,14373.56278028686,2.380551052166978,0.0,0.0,1.0,inf,34217.0,inf,219.0,41.0,178.0,0.0,0.0,0.0,0.0,0.0,0.0
614.0,34257.0,97259.0,63002.0,31501.0,1.8390985783927372,67.64057312477978,14373.56278028686,2.383333939097062,0.0,0.0,1.0,inf,34257.0,inf,218.0,40.0,178.0,0.0,0.0,0.0,0.0,0.0,0.0
615.0,34302.0,97392.0,63090.0,31545.0,1.8392513556060872,67.64057312477978,14373.56278028686,2.3864646868934063,0.0,0.0,1.0,inf,34302.0,inf,220.0,45.0,175.0,0.0,0.0,0.0,0.0,0.0,0.0
616.0,34335.0,97485.0,63150.0,31575.0,1.8392311052861512,67.64057312477978,14373.56278028686,2.3887605686107256,0.0,0.0,1.0,inf,34335.0,inf,219.0,33.0,186.0,0.0,0.0,0.0,0.0,0.0,0.0
617.0,34374.0,97598.0,63224.0,31612.0,1.8392971431896201,67.64057312477978,14373.56278028686,2.3914738833675573,0.0,0.0,1.0,inf,34374.0,inf,220.0,39.0,181.0,0.0,0.0,0.0,0.0,0.0,0.0
618.0,34414.0,97710.0,63296.0,31648.0,1.8392514674260476,67.65595723108846,14380.101742149294,2.393168046866432,0.0,0.0,1.0,inf,34414.0,inf,220.0,40.0,180.0,0.0,0.0,0.0,0.0,0.0,0.0
619.0,34453.0,97819.0,63366.0,31683.0,1.8392012306620613,67.65595723108846,14380.101742149294,2.3958801278168527,0.0,0.0,1.0,inf,34453.0,inf,219.0,39.0,180.0,0.0,0.0,0.0,0.0,0.0,0.0
620.0,34497.0,97941.0,63444.0,31722.0,1.8391164449082529,68.13207003128286,14583.207020052701,2.3655290604161863,0.0,0.0,1.0,inf,34497.0,inf,219.0,44.0,175.0,0.0,0.0,0.0,0.0,0.0,0.0
621.0,34539.0,98059.0,63520.0,31760.0,1.839080459770115,68.13207003128286,14583.207020052701,2.368409085361471,0.0,0.0,1.0,inf,34539.0,inf,219.0,42.0,177.0,0.0,0.0,0.0,0.0,0.0,0.0
622.0,34575.0,98165.0,63590.0,31795.0,1.8391901663051338,68.13207003128286,14583.207020052701,2.370877678171715,0.0,0.0,1.0,inf,34575.0,inf,220.0,36.0,184.0,0.0,0.0,0.0,0.0,0.0,0.0
623.0,34613.0,98277.0,63664.0,31832.0,1.839308930170745,68.13207003128286,14583.207020052701,2.373483415026972,0.0,0.0,1.0,inf,34613.0,inf,218.0,38.0,180.0,0.0,0.0,0.0,0.0,0.0,0.0
624.0,34656.0,98396.0,63740.0,31870.0,1.839219759926131,68.13207003128286,14583.207020052701,2.3764320119947633,0.0,0.0,1.0,inf,34656.0,inf,216.0,43.0,173.0,0.0,0.0,0.0,0.0,0.0,0.0
625.0,34715.0,98567.0,63852.0,31926.0,1.8393201785971482,68.13207003128286,14583.207020052701,2.380477761322663,0.0,0.0,1.0,inf,34715.0,inf,219.0,59.0,160.0,0.0,0.0,0.0,0.0,0.0,0.0
626.0,34758.0,98688.0,63930.0,31965.0,1.8392887968237528,68.13207003128286,14583.207020052701,2.3834263582904542,0.0,0.0,1.0,inf,34758.0,inf,218.0,43.0,175.0,0.0,0.0,0.0,0.0,0.0,0.0
627.0,34805.0,98823.0,64018.0,32009.0,1.8393334291050136,68.13207003128286,14583.207020052701,2.386649243348273,0.0,0.0,1.0,inf,34805.0,inf,219.0,47.0,172.0,0.0,0.0,0.0,0.0,0.0,0.0
628.0,34844.0,98940.0,64096.0,32048.0,1.8395132590976926,68.13207003128286,14583.207020052701,2.389323552226037,0.0,0.0,1.0,inf,34844.0,inf,219.0,39.0,180.0,0.0,0.0,0.0,0.0,0.0,0.0
629.0,34889.0,99069.0,64180.0,32090.0,1.8395482816933704,68.13207003128286,14583.207020052701,2.392409293238842,0.0,0.0,1.0,inf,34889.0,inf,219.0,45.0,174.0,0.0,0.0,0.0,0.0,0.0,0.0
630.0,34938.0,99204.0,64266.0,32133.0,1.8394298471578223,68.13207003128286,14583.207020052701,2.395769322341674,0.0,0.0,1.0,inf,34938.0,inf,220.0,49.0,171.0,0.0,0.0,0.0,0.0,0.0,0.0
631.0,34982.0,99324.0,64342.0,32171.0,1.839288777085358,68.13207003128286,14583.207020052701,2.398786491331972,0.0,0.0,1.0,inf,34982.0,inf,218.0,44.0,174.0,0.0,0.0,0.0,0.0,0.0,0.0
632.0,35023.0,99447.0,64424.0,32212.0,1.8394769151700312,68.13207003128286,14583.207020052701,2.4015979442547497,0.0,0.0,1.0,inf,35023.0,inf,220.0,41.0,179.0,0.0,0.0,0.0,0.0,0.0,0.0
633.0,35061.0,99559.0,64498.0,32249.0,1.8395938507173213,68.13207003128286,14583.207020052701,2.404203681110007,0.0,0.0,1.0,inf,35061.0,inf,219.0,38.0,181.0,0.0,0.0,0.0,0.0,0.0,0.0
634.0,35101.0,99679.0,64578.0,32289.0,1.8397766445400416,68.13207003128286,14583.207020052701,2.406946562010278,0.0,0.0,1.0,inf,35101.0,inf,220.0,40.0,180.0,0.0,0.0,0.0,0.0,0.0,0.0
635.0,35143.0,99797.0,64654.0,32327.0,1.8397404888598015,68.13207003128286,14583.207020052701,2.4098265869555626,0.0,0.0,1.0,inf,35143.0,inf,219.0,42.0,177.0,0.0,0.0,0.0,0.0,0.0,0.0
636.0,35176.0,99890.0,64714.0,32357.0,1.8397202638162384,68.13207003128286,14583.207020052701,2.412089463698286,0.0,0.0,1.0,inf,35176.0,inf,220.0,33.0,187.0,0.0,0.0,0.0,0.0,0.0,0.0
637.0,35214.0,100000.0,64786.0,32393.0,1.8397796331004714,68.13207003128286,14583.207020052701,2.4146952005535436,0.0,0.0,1.0,inf,35214.0,inf,220.0,38.0,182.0,0.0,0.0,0.0,0.0,0.0,0.0
638.0,35254.0,100106.0,64852.0,32426.0,1.8395643047597436,68.15158640683816,14591.562912020065,2.416053729992068,0.0,0.0,1.0,inf,35254.0,inf,216.0,40.0,176.0,0.0,0.0,0.0,0.0,0.0,0.0
639.0,35290.0,100212.0,64922.0,32461.0,1.839671294984415,68.15158640683816,14591.562912020065,2.4185209091569773,0.0,0.0,1.0,inf,35290.0,inf,219.0,36.0,183.0,0.0,0.0,0.0,0.0,0.0,0.0
640.0,35319.0,100295.0,64976.0,32488.0,1.8396896854384326,68.15158640683816,14591.562912020065,2.420508359039821,0.0,0.0,1.0,inf,35319.0,inf,219.0,29.0,190.0,0.0,0.0,0.0,0.0,0.0,0.0
641.0,35369.0,100437.0,65068.0,32534.0,1.839690124119992,68.15158640683816,14591.562912020065,2.4239349967688617,0.0,0.0,1.0,inf,35369.0,inf,219.0,50.0,169.0,0.0,0.0,0.0,0.0,0.0,0.0
642.0,35407.0,100541.0,65134.0,32567.0,1.8395797441183948,68.15158640683816,14591.562912020065,2.4265392414429328,0.0,0.0,1.0,inf,35407.0,inf,218.0,38.0,180.0,0.0,0.0,0.0,0.0,0.0,0.0
643.0,35448.0,100656.0,65208.0,32604.0,1.839539607312119,68.453512770884,14721.136898550401,2.4079661947502564,0.0,0.0,1.0,inf,35448.0,inf,220.0,41.0,179.0,0.0,0.0,0.0,0.0,0.0,0.0
644.0,35494.0,100790.0,65296.0,32648.0,1.8396348678649912,68.453512770884,14721.136898550401,2.411090953409659,0.0,0.0,1.0,inf,35494.0,inf,220.0,46.0,174.0,0.0,0.0,0.0,0.0,0.0,0.0
645.0,35538.0,100908.0,65370.0,32685.0,1.8394394732399122,68.453512770884,14721.136898550401,2.414079852996914,0.0,0.0,1.0,inf,35538.0,inf,219.0,44.0,175.0,0.0,0.0,0.0,0.0,0.0,0.0
646.0,35576.0,101016.0,65440.0,32720.0,1.8394423206656172,68.453512770884,14721.136898550401,2.416661175367725,0.0,0.0,1.0,inf,35576.0,inf,219.0,38.0,181.0,0.0,0.0,0.0,0.0,0.0,0.0
647.0,35615.0,101125.0,65510.0,32755.0,1.8393935139688333,68.453512770884,14721.136898550401,2.41931042727461,0.0,0.0,1.0,inf,35615.0,inf,219.0,39.0,180.0,0.0,0.0,0.0,0.0,0.0,0.0
648.0,35649.0,101223.0,65574.0,32787.0,1.8394344862408483,68.453512770884,14721.136898550401,2.421620031501125,0.0,0.0,1.0,inf,35649.0,inf,219.0,34.0,185.0,0.0,0.0,0.0,0.0,0.0,0.0
649.0,35687.0,101331.0,65644.0,32822.0,1.8394373301202118,68.453512770884,14721.136898550401,2.4242013538719362,0.0,0.0,1.0,inf,35687.0,inf,220.0,38.0,182.0,0.0,0.0,0.0,0.0,0.0,0.0
650.0,35728.0,101448.0,65720.0,32860.0,1.8394536497984775,68.453512770884,14721.136898550401,2.426986464850969,0.0,0.0,1.0,inf,35728.0,inf,219.0,41.0,178.0,0.0,0.0,0.0,0.0,0.0,0.0
651.0,35763.0,101547.0,65784.0,32892.0,1.8394429997483432,68.453512770884,14721.136898550401,2.4293639986135585,0.0,0.0,1.0,inf,35763.0,inf,218.0,35.0,183.0,0.0,0.0,0.0,0.0,0.0,0.0
652.0,35801.0,101645.0,65844.0,32922.0,1.8391665037289462,68.453512770884,14721.136898550401,2.4319453209843696,0.0,0.0,1.0,inf,35801.0,inf,219.0,38.0,181.0,0.0,0.0,0.0,0.0,0.0,0.0
653.0,35846.0,101770.0,65924.0,32962.0,1.839089438152095,68.453512770884,14721.136898550401,2.435002150107698,0.0,0.0,1.0,inf,35846.0,inf,218.0,45.0,173.0,0.0,0.0,0.0,0.0,0.0,0.0
654.0,35893.0,101903.0,66010.0,33005.0,1.8390772574039507,68.453512770884,14721.136898550401,2.438194838303175,0.0,0.0,1.0,inf,35893.0,inf,220.0,47.0,173.0,0.0,0.0,0.0,0.0,0.0,0.0
655.0,35932.0,102014.0,66082.0,33041.0,1.8390849382166314,68.6782661656023,14817.963400577226,2.4248946382604974,0.0,0.0,1.0,inf,35932.0,inf,220.0,39.0,181.0,0.0,0.0,0.0,0.0,0.0,0.0
656.0,35986.0,102170.0,66184.0,33092.0,1.839159673206247,68.6782661656023,14817.963400577226,2.428538863754933,0.0,0.0,1.0,inf,35986.0,inf,220.0,54.0,166.0,0.0,0.0,0.0,0.0,0.0,0.0
657.0,36022.0,102272.0,66250.0,33125.0,1.8391538504247404,68.6782661656023,14817.963400577226,2.43096834741789,0.0,0.0,1.0,inf,36022.0,inf,215.0,36.0,179.0,0.0,0.0,0.0,0.0,0.0,0.0
658.0,36069.0,102407.0,66338.0,33169.0,1.8391970944578446,68.6782661656023,14817.963400577226,2.4341401733111954,0.0,0.0,1.0,inf,36069.0,inf,219.0,47.0,172.0,0.0,0.0,0.0,0.0,0.0,0.0
659.0,36094.0,102478.0,66384.0,33192.0,1.8391976505790437,68.6782661656023,14817.963400577226,2.4358273147438045,0.0,0.0,1.0,inf,36094.0,inf,219.0,25.0,194.0,0.0,0.0,0.0,0.0,0.0,0.0
660.0,36138.0,102598.0,66460.0,33230.0,1.839061375837069,68.6782661656023,14817.963400577226,2.438796683665197,0.0,0.0,1.0,inf,36138.0,inf,220.0,44.0,176.0,0.0,0.0,0.0,0.0,0.0,0.0
661.0,36175.0,102705.0,66530.0,33265.0,1.839115411195577,68.6782661656023,14817.963400577226,2.4412936529854585,0.0,0.0,1.0,inf,36175.0,inf,219.0,37.0,182.0,0.0,0.0,0.0,0.0,0.0,0.0
662.0,36219.0,102821.0,66602.0,33301.0,1.8388691018526189,68.6782661656023,14817.963400577226,2.4442630219068504,0.0,0.0,1.0,inf,36219.0,inf,218.0,44.0,174.0,0.0,0.0,0.0,0.0,0.0,0.0
663.0,36268.0,102960.0,66692.0,33346.0,1.8388662181537443,68.6782661656023,14817.963400577226,2.4475698191147646,0.0,0.0,1.0,inf,36268.0,inf,220.0,49.0,171.0,0.0,0.0,0.0,0.0,0.0,0.0
664.0,36315.0,103091.0,66776.0,33388.0,1.8387993941897287,68.6782661656023,14817.963400577226,2.4507416450080695,0.0,0.0,1.0,inf,36315.0,inf,217.0,47.0,170.0,0.0,0.0,0.0,0.0,0.0,0.0
665.0,36361.0,103223.0,66862.0,33431.0,1.8388383157778938,69.02200767989096,14966.66535016821,2.429465692542617,0.0,0.0,1.0,inf,36361.0,inf,220.0,46.0,174.0,0.0,0.0,0.0,0.0,0.0,0.0
666.0,36409.0,103357.0,66948.0,33474.0,1.8387761267818397,69.02200767989096,14966.66535016821,2.4326728197734973,0.0,0.0,1.0,inf,36409.0,inf,220.0,48.0,172.0,0.0,0.0,0.0,0.0,0.0,0.0
667.0,36452.0,103484.0,67032.0,33516.0,1.8389114451881927,69.02200767989096,14966.66535016821,2.4355458712511613,0.0,0.0,1.0,inf,36452.0,inf,220.0,43.0,177.0,0.0,0.0,0.0,0.0,0.0,0.0
668.0,36489.0,103587.0,67098.0,33549.0,1.8388555455068651,69.02200767989096,14966.66535016821,2.438018031824965,0.0,0.0,1.0,inf,36489.0,inf,216.0,37.0,179.0,0.0,0.0,0.0,0.0,0.0,0.0
669.0,36525.0,103687.0,67162.0,33581.0,1.8387953456536619,69.02200767989096,14966.66535016821,2.440423377248125,0.0,0.0,1.0,inf,36525.0,inf,218.0,36.0,182.0,0.0,0.0,0.0,0.0,0.0,0.0
670.0,36569.0,103817.0,67248.0,33624.0,1.8389346167518936,69.02200767989096,14966.66535016821,2.4433632438764326,0.0,0.0,1.0,inf,36569.0,inf,217.0,44.0,173.0,0.0,0.0,0.0,0.0,0.0,0.0
671.0,36605.0,103917.0,67312.0,33656.0,1.8388744707007239,69.02200767989096,14966.66535016821,2.445768589299593,0.0,0.0,1.0,inf,36605.0,inf,219.0,36.0,183.0,0.0,0.0,0.0,0.0,0.0,0.0
672.0,36643.0,104023.0,67380.0,33690.0,1.838823240455203,69.02200767989096,14966.66535016821,2.44830756502404,0.0,0.0,1.0,inf,36643.0,inf,219.0,38.0,181.0,0.0,0.0,0.0,0.0,0.0,0.0
673.0,36678.0,104120.0,67442.0,33721.0,1.838758929058291,69.02200767989096,14966.66535016821,2.4506460952965567,0.0,0.0,1.0,inf,36678.0,inf,219.0,35.0,184.0,0.0,0.0,0.0,0.0,0.0,0.0
674.0,36726.0,104258.0,67532.0,33766.0,1.8388062952676578,69.02200767989096,14966.66535016821,2.4538532225274374,0.0,0.0,1.0,inf,36726.0,inf,219.0,48.0,171.0,0.0,0.0,0.0,0.0,0.0,0.0
675.0,36759.0,104347.0,67588.0,33794.0,1.8386789629750537,69.02200767989096,14966.66535016821,2.4560581224986677,0.0,0.0,1.0,inf,36759.0,inf,219.0,33.0,186.0,0.0,0.0,0.0,0.0,0.0,0.0
676.0,36803.0,104471.0,67668.0,33834.0,1.8386544575170503,69.02200767989096,14966.66535016821,2.4589979891269746,0.0,0.0,1.0,inf,36803.0,inf,219.0,44.0,175.0,0.0,0.0,0.0,0.0,0.0,0.0
677.0,36840.0,104576.0,67736.0,33868.0,1.8386536373507059,69.02200767989096,14966.66535016821,2.4614701497007787,0.0,0.0,1.0,inf,36840.0,inf,219.0,37.0,182.0,0.0,0.0,0.0,0.0,0.0,0.0
678.0,36879.0,104689.0,67810.0,33905.0,1.8387158003199653,69.02200767989096,14966.66535016821,2.464075940575869,0.0,0.0,1.0,inf,36879.0,inf,219.0,39.0,180.0,0.0,0.0,0.0,0.0,0.0,0.0
679.0,36928.0,104830.0,67902.0,33951.0,1.8387673310225303,69.02200767989096,14966.66535016821,2.467349882957393,0.0,0.0,1.0,inf,36928.0,inf,220.0,49.0,171.0,0.0,0.0,0.0,0.0,0.0,0.0
680.0,36961.0,104919.0,67958.0,33979.0,1.838640729417494,69.65828501296537,15243.876742633853,2.4246456871845474,0.0,0.0,1.0,inf,36961.0,inf,217.0,33.0,184.0,0.0,0.0,0.0,0.0,0.0,0.0
681.0,37012.0,105060.0,68048.0,34024.0,1.8385388522641306,69.65828501296537,15243.876742633853,2.4279912928241787,0.0,0.0,1.0,inf,37012.0,inf,219.0,51.0,168.0,0.0,0.0,0.0,0.0,0.0,0.0
682.0,37045.0,105153.0,68108.0,34054.0,1.8385207180456202,69.65828501296537,15243.876742633853,2.430156096473352,0.0,0.0,1.0,inf,37045.0,inf,216.0,33.0,183.0,0.0,0.0,0.0,0.0,0.0,0.0
683.0,37100.0,105304.0,68204.0,34102.0,1.8383827493261455,69.65828501296537,15243.876742633853,2.4337641025553074,0.0,0.0,1.0,inf,37100.0,inf,218.0,55.0,163.0,0.0,0.0,0.0,0.0,0.0,0.0
684.0,37136.0,105408.0,68272.0,34136.0,1.838431710469625,69.65828501296537,15243.876742633853,2.4361257065362234,0.0,0.0,1.0,inf,37136.0,inf,220.0,36.0,184.0,0.0,0.0,0.0,0.0,0.0,0.0
685.0,37182.0,105538.0,68356.0,34178.0,1.8384164380614276,69.65828501296537,15243.876742633853,2.4391433116229497,0.0,0.0,1.0,inf,37182.0,inf,219.0,46.0,173.0,0.0,0.0,0.0,0.0,0.0,0.0
686.0,37213.0,105627.0,68414.0,34207.0,1.8384435546717546,69.65828501296537,15243.876742633853,2.441176915050961,0.0,0.0,1.0,inf,37213.0,inf,218.0,31.0,187.0,0.0,0.0,0.0,0.0,0.0,0.0
687.0,37257.0,105753.0,68496.0,34248.0,1.8384733070295516,69.65828501296537,15243.876742633853,2.444063319916525,0.0,0.0,1.0,inf,37257.0,inf,219.0,44.0,175.0,0.0,0.0,0.0,0.0,0.0,0.0
688.0,37308.0,105902.0,68594.0,34297.0,1.8385868982523856,69.65828501296537,15243.876742633853,2.4474089255561564,0.0,0.0,1.0,inf,37308.0,inf,215.0,51.0,164.0,0.0,0.0,0.0,0.0,0.0,0.0
689.0,37344.0,106004.0,68660.0,34330.0,1.8385818337617823,69.65828501296537,15243.876742633853,2.449770529537073,0.0,0.0,1.0,inf,37344.0,inf,220.0,36.0,184.0,0.0,0.0,0.0,0.0,0.0,0.0
690.0,37385.0,106121.0,68736.0,34368.0,1.838598368329544,69.65828501296537,15243.876742633853,2.452460134070894,0.0,0.0,1.0,inf,37385.0,inf,220.0,41.0,179.0,0.0,0.0,0.0,0.0,0.0,0.0
691.0,37424.0,106232.0,68808.0,34404.0,1.8386062419837537,69.65828501296537,15243.876742633853,2.455018538383553,0.0,0.0,1.0,inf,37424.0,inf,219.0,39.0,180.0,0.0,0.0,0.0,0.0,0.0,0.0
692.0,37457.0,106325.0,68868.0,34434.0,1.8385882478575433,69.65828501296537,15243.876742633853,2.4571833420327263,0.0,0.0,1.0,inf,37457.0,inf,218.0,33.0,185.0,0.0,0.0,0.0,0.0,0.0,0.0
693.0,37492.0,106426.0,68934.0,34467.0,1.8386322415448628,69.65828501296537,15243.876742633853,2.4594793459030617,0.0,0.0,1.0,inf,37492.0,inf,220.0,35.0,185.0,0.0,0.0,0.0,0.0,0.0,0.0
694.0,37543.0,106573.0,69030.0,34515.0,1.8386916335934795,69.65828501296537,15243.876742633853,2.462824951542693,0.0,0.0,1.0,inf,37543.0,inf,220.0,51.0,169.0,0.0,0.0,0.0,0.0,0.0,0.0
695.0,37576.0,106668.0,69092.0,34546.0,1.8387268469235682,69.65828501296537,15243.876742633853,2.464989755191866,0.0,0.0,1.0,inf,37576.0,inf,218.0,33.0,185.0,0.0,0.0,0.0,0.0,0.0,0.0
696.0,37612.0,106766.0,69154.0,34577.0,1.8386153355312134,69.65828501296537,15243.876742633853,2.467351359172782,0.0,0.0,1.0,inf,37612.0,inf,215.0,36.0,179.0,0.0,0.0,0.0,0.0,0.0,0.0
697.0,37655.0,106885.0,69230.0,34615.0,1.8385340592218828,69.65828501296537,15243.876742633853,2.4701721639277654,0.0,0.0,1.0,inf,37655.0,inf,218.0,43.0,175.0,0.0,0.0,0.0,0.0,0.0,0.0
698.0,37692.0,106990.0,69298.0,34649.0,1.8385333757826594,69.65828501296537,15243.876742633853,2.472599368019263,0.0,0.0,1.0,inf,37692.0,inf,220.0,37.0,183.0,0.0,0.0,0.0,0.0,0.0,0.0
699.0,37741.0,107131.0,69390.0,34695.0,1.8385840332794574,69.65828501296537,15243.876742633853,2.475813773437732,0.0,0.0,1.0,inf,37741.0,inf,220.0,49.0,171.0,0.0,0.0,0.0,0.0,0.0,0.0
700.0,37789.0,107269.0,69480.0,34740.0,1.8386302892376087,69.65828501296537,15243.876742633853,2.47896257874562,0.0,0.0,1.0,inf,37789.0,inf,219.0,48.0,171.0,0.0,0.0,0.0,0.0,0.0,0.0
