t,site_subsystems,total_subsystems,interface_subsystems,n_links,mean_degree,frontier_radius,volume_proxy,density,energy_remaining,energy_density,creation_rate_modifier,memory_total,memory_bound,memory_free,birth_attempts,births_accepted,births_reject_exclusion,births_reject_memory,births_reject_energy,deaths_attempted,deaths_executed,links_attempted_random,links_added_random
0.0,2.0,4.0,2.0,1.0,1.0,0.09318290546037179,0.031415926535897934,63.66197723675813,0.0,0.0,1.0,inf,2.0,inf,0.0,0.0,0.0,0.0,0.0,0.0,0.0,0.0,0.0
1.0,2.0,4.0,2.0,1.0,1.0,0.09318290546037179,0.031415926535897934,63.66197723675813,0.0,0.0,1.0,inf,2.0,inf,0.0,0.0,0.0,0.0,0.0,0.0,0.0,0.0,0.0
2.0,188.0,534.0,346.0,173.0,1.8404255319148937,16.105649495322602,814.9038309052501,0.23070206921368494,0.0,0.0,1.0,inf,188.0,inf,220.0,186.0,34.0,0.0,0.0,0.0,0.0,0.0,0.0
3.0,188.0,534.0,346.0,173.0,1.8404255319148937,16.105649495322602,814.9038309052501,0.23070206921368494,0.0,0.0,1.0,inf,188.0,inf,0.0,0.0,0.0,0.0,0.0,0.0,0.0,0.0,0.0
4.0,340.0,960.0,620.0,310.0,1.8235294117647058,22.21603148764689,1550.5395103410121,0.2192785141767999,0.0,0.0,1.0,inf,340.0,inf,220.0,152.0,68.0,0.0,0.0,0.0,0.0,0.0,0.0
5.0,340.0,960.0,620.0,310.0,1.8235294117647058,22.21603148764689,1550.5395103410121,0.2192785141767999,0.0,0.0,1.0,inf,340.0,inf,0.0,0.0,0.0,0.0,0.0,0.0,0.0,0.0,0.0
6.0,459.0,1287.0,828.0,414.0,1.803921568627451,22.819410896536606,1635.9074482666526,0.28057822004926963,0.0,0.0,1.0,inf,459.0,inf,220.0,119.0,101.0,0.0,0.0,0.0,0.0,0.0,0.0
7.0,499.0,1387.0,888.0,444.0,1.779559118236473,23.146982765181683,1683.2113433707784,0.2964571276003337,0.0,0.0,1.0,inf,499.0,inf,112.0,40.0,72.0,0.0,0.0,0.0,0.0,0.0,0.0
8.0,582.0,1608.0,1026.0,513.0,1.7628865979381443,23.402913317804373,1720.638835089237,0.3382464629596808,0.0,0.0,1.0,inf,582.0,inf,191.0,83.0,108.0,0.0,0.0,0.0,0.0,0.0,0.0
9.0,643.0,1775.0,1132.0,566.0,1.76049766718507,24.00577219582283,1810.4278997636932,0.3551646547669354,0.0,0.0,1.0,inf,643.0,inf,156.0,61.0,95.0,0.0,0.0,0.0,0.0,0.0,0.0
10.0,699.0,1935.0,1236.0,618.0,1.7682403433476395,24.00577219582283,1810.4278997636932,0.38609656871242276,0.0,0.0,1.0,inf,699.0,inf,172.0,56.0,116.0,0.0,0.0,0.0,0.0,0.0,0.0
11.0,751.0,2077.0,1326.0,663.0,1.7656458055925432,24.798311037990825,1931.9419755057957,0.38872803092514363,0.0,0.0,1.0,inf,751.0,inf,180.0,52.0,128.0,0.0,0.0,0.0,0.0,0.0,0.0
12.0,812.0,2252.0,1440.0,720.0,1.7733990147783252,24.89627689316225,1947.2364197419886,0.41700123917546233,0.0,0.0,1.0,inf,812.0,inf,182.0,61.0,121.0,0.0,0.0,0.0,0.0,0.0,0.0
13.0,873.0,2429.0,1556.0,778.0,1.7823596792668959,25.706280063377342,2076.004746881286,0.42051926967483066,0.0,0.0,1.0,inf,873.0,inf,182.0,61.0,121.0,0.0,0.0,0.0,0.0,0.0,0.0
14.0,963.0,2691.0,1728.0,864.0,1.794392523364486,29.663287077461803,2764.320677529494,0.3483676867984233,0.0,0.0,1.0,inf,963.0,inf,170.0,90.0,80.0,0.0,0.0,0.0,0.0,0.0,0.0
15.0,1010.0,2820.0,1810.0,905.0,1.7920792079207921,29.663287077461803,2764.320677529494,0.36537005572835674,0.0,0.0,1.0,inf,1010.0,inf,62.0,47.0,15.0,0.0,0.0,0.0,0.0,0.0,0.0
16.0,1128.0,3150.0,2022.0,1011.0,1.7925531914893618,31.932875173915516,3203.5087854107514,0.35211390870444226,0.0,0.0,1.0,inf,1128.0,inf,160.0,118.0,42.0,0.0,0.0,0.0,0.0,0.0,0.0
17.0,1157.0,3223.0,2066.0,1033.0,1.7856525496974935,32.01389756102356,3219.785754489396,0.35934067923208163,0.0,0.0,1.0,inf,1157.0,inf,42.0,29.0,13.0,0.0,0.0,0.0,0.0,0.0,0.0
18.0,1272.0,3544.0,2272.0,1136.0,1.7861635220125787,32.75580004506703,3370.7480765234586,0.3773643034491983,0.0,0.0,1.0,inf,1272.0,inf,190.0,115.0,75.0,0.0,0.0,0.0,0.0,0.0,0.0
19.0,1331.0,3699.0,2368.0,1184.0,1.7791134485349362,32.75580004506703,3370.7480765234586,0.3948678363922036,0.0,0.0,1.0,inf,1331.0,inf,122.0,59.0,63.0,0.0,0.0,0.0,0.0,0.0,0.0
20.0,1413.0,3925.0,2512.0,1256.0,1.7777777777777777,33.295553427781485,3482.7503831349877,0.4057138308970889,0.0,0.0,1.0,inf,1413.0,inf,175.0,82.0,93.0,0.0,0.0,0.0,0.0,0.0,0.0
21.0,1486.0,4120.0,2634.0,1317.0,1.7725437415881562,33.295553427781485,3482.7503831349877,0.42667427651314516,0.0,0.0,1.0,inf,1486.0,inf,175.0,73.0,102.0,0.0,0.0,0.0,0.0,0.0,0.0
22.0,1563.0,4325.0,2762.0,1381.0,1.7671145233525272,33.295553427781485,3482.7503831349877,0.4487832396972045,0.0,0.0,1.0,inf,1563.0,inf,179.0,77.0,102.0,0.0,0.0,0.0,0.0,0.0,0.0
23.0,1636.0,4536.0,2900.0,1450.0,1.7726161369193154,33.675162994438644,3562.618228097489,0.4592128303552911,0.0,0.0,1.0,inf,1636.0,inf,183.0,73.0,110.0,0.0,0.0,0.0,0.0,0.0,0.0
24.0,1695.0,4703.0,3008.0,1504.0,1.7746312684365781,34.19737505189452,3673.9683911818447,0.46135399642204084,0.0,0.0,1.0,inf,1695.0,inf,184.0,59.0,125.0,0.0,0.0,0.0,0.0,0.0,0.0
25.0,1759.0,4885.0,3126.0,1563.0,1.777146105741899,34.19737505189452,3673.9683911818447,0.4787738523341415,0.0,0.0,1.0,inf,1759.0,inf,197.0,64.0,133.0,0.0,0.0,0.0,0.0,0.0,0.0
26.0,1807.0,5017.0,3210.0,1605.0,1.7764250138350859,34.86887051618896,3819.668140538785,0.4730777474676407,0.0,0.0,1.0,inf,1807.0,inf,197.0,48.0,149.0,0.0,0.0,0.0,0.0,0.0,0.0
27.0,1869.0,5197.0,3328.0,1664.0,1.7806313536650615,34.86887051618896,3819.668140538785,0.4893095240824684,0.0,0.0,1.0,inf,1869.0,inf,204.0,62.0,142.0,0.0,0.0,0.0,0.0,0.0,0.0
28.0,1928.0,5362.0,3434.0,1717.0,1.7811203319502074,36.61965000882344,4212.871874153591,0.4576450596156226,0.0,0.0,1.0,inf,1928.0,inf,197.0,59.0,138.0,0.0,0.0,0.0,0.0,0.0,0.0
29.0,1993.0,5543.0,3550.0,1775.0,1.7812343201204215,36.61965000882344,4212.871874153591,0.47307396463378415,0.0,0.0,1.0,inf,1993.0,inf,194.0,65.0,129.0,0.0,0.0,0.0,0.0,0.0,0.0
30.0,2058.0,5722.0,3664.0,1832.0,1.7803692905733721,36.61965000882344,4212.871874153591,0.4885028696519457,0.0,0.0,1.0,inf,2058.0,inf,196.0,65.0,131.0,0.0,0.0,0.0,0.0,0.0,0.0
31.0,2120.0,5896.0,3776.0,1888.0,1.7811320754716982,36.61965000882344,4212.871874153591,0.5032196713615767,0.0,0.0,1.0,inf,2120.0,inf,192.0,62.0,130.0,0.0,0.0,0.0,0.0,0.0,0.0
32.0,2174.0,6046.0,3872.0,1936.0,1.781048758049678,36.61965000882344,4212.871874153591,0.5160375309151263,0.0,0.0,1.0,inf,2174.0,inf,195.0,54.0,141.0,0.0,0.0,0.0,0.0,0.0,0.0
33.0,2237.0,6217.0,3980.0,1990.0,1.7791685292802861,36.93309530155307,4285.300544407229,0.522017062005026,0.0,0.0,1.0,inf,2237.0,inf,197.0,63.0,134.0,0.0,0.0,0.0,0.0,0.0,0.0
34.0,2302.0,6404.0,4102.0,2051.0,1.7819287576020852,36.9457874265253,4288.2463530455825,0.5368161739040673,0.0,0.0,1.0,inf,2302.0,inf,202.0,65.0,137.0,0.0,0.0,0.0,0.0,0.0,0.0
35.0,2361.0,6565.0,4204.0,2102.0,1.7806014400677679,37.66839377597594,4457.630602282683,0.5296535784708066,0.0,0.0,1.0,inf,2361.0,inf,194.0,59.0,135.0,0.0,0.0,0.0,0.0,0.0,0.0
36.0,2435.0,6775.0,4340.0,2170.0,1.782340862422998,37.66839377597594,4457.630602282683,0.546254325953585,0.0,0.0,1.0,inf,2435.0,inf,202.0,74.0,128.0,0.0,0.0,0.0,0.0,0.0,0.0
37.0,2500.0,6958.0,4458.0,2229.0,1.7832,38.58140333447509,4676.338209608665,0.5346063282726529,0.0,0.0,1.0,inf,2500.0,inf,190.0,65.0,125.0,0.0,0.0,0.0,0.0,0.0,0.0
38.0,2561.0,7125.0,4564.0,2282.0,1.7821163607965638,38.58140333447509,4676.338209608665,0.5476507226825056,0.0,0.0,1.0,inf,2561.0,inf,196.0,61.0,135.0,0.0,0.0,0.0,0.0,0.0,0.0
39.0,2621.0,7295.0,4674.0,2337.0,1.7832888210606639,38.58140333447509,4676.338209608665,0.5604812745610493,0.0,0.0,1.0,inf,2621.0,inf,199.0,60.0,139.0,0.0,0.0,0.0,0.0,0.0,0.0
40.0,2681.0,7469.0,4788.0,2394.0,1.7859007832898173,38.58140333447509,4676.338209608665,0.573311826439593,0.0,0.0,1.0,inf,2681.0,inf,190.0,60.0,130.0,0.0,0.0,0.0,0.0,0.0,0.0
41.0,2752.0,7678.0,4926.0,2463.0,1.7899709302325582,39.310420110779305,4854.731808090018,0.5668696250973153,0.0,0.0,1.0,inf,2752.0,inf,203.0,71.0,132.0,0.0,0.0,0.0,0.0,0.0,0.0
42.0,2817.0,7871.0,5054.0,2527.0,1.7941072062477814,39.310420110779305,4854.731808090018,0.5802586242366051,0.0,0.0,1.0,inf,2817.0,inf,192.0,65.0,127.0,0.0,0.0,0.0,0.0,0.0,0.0
43.0,2874.0,8028.0,5154.0,2577.0,1.7933194154488519,40.18915746106445,5074.201108845364,0.5663945788411962,0.0,0.0,1.0,inf,2874.0,inf,191.0,57.0,134.0,0.0,0.0,0.0,0.0,0.0,0.0
44.0,2951.0,8243.0,5292.0,2646.0,1.793290410030498,40.18915746106445,5074.201108845364,0.5815693814058349,0.0,0.0,1.0,inf,2951.0,inf,205.0,77.0,128.0,0.0,0.0,0.0,0.0,0.0,0.0
45.0,3015.0,8429.0,5414.0,2707.0,1.795688225538972,40.7166058523728,5208.264223311772,0.5788876813325066,0.0,0.0,1.0,inf,3015.0,inf,192.0,64.0,128.0,0.0,0.0,0.0,0.0,0.0,0.0
46.0,3091.0,8641.0,5550.0,2775.0,1.795535425428664,40.7166058523728,5208.264223311772,0.5934798749581353,0.0,0.0,1.0,inf,3091.0,inf,199.0,76.0,123.0,0.0,0.0,0.0,0.0,0.0,0.0
47.0,3150.0,8796.0,5646.0,2823.0,1.7923809523809524,40.7166058523728,5208.264223311772,0.604808025272768,0.0,0.0,1.0,inf,3150.0,inf,194.0,59.0,135.0,0.0,0.0,0.0,0.0,0.0,0.0
48.0,3219.0,8997.0,5778.0,2889.0,1.7949673811742777,40.7166058523728,5208.264223311772,0.6180562010644572,0.0,0.0,1.0,inf,3219.0,inf,203.0,69.0,134.0,0.0,0.0,0.0,0.0,0.0,0.0
49.0,3292.0,9202.0,5910.0,2955.0,1.7952612393681653,40.7166058523728,5208.264223311772,0.632072387046969,0.0,0.0,1.0,inf,3292.0,inf,207.0,73.0,134.0,0.0,0.0,0.0,0.0,0.0,0.0
50.0,3356.0,9376.0,6020.0,3010.0,1.7938021454112039,41.56458749552352,5427.462383859209,0.6183368511185717,0.0,0.0,1.0,inf,3356.0,inf,200.0,64.0,136.0,0.0,0.0,0.0,0.0,0.0,0.0
51.0,3423.0,9567.0,6144.0,3072.0,1.7949167397020158,41.56458749552352,5427.462383859209,0.6306814783608078,0.0,0.0,1.0,inf,3423.0,inf,205.0,67.0,138.0,0.0,0.0,0.0,0.0,0.0,0.0
52.0,3488.0,9750.0,6262.0,3131.0,1.7952981651376148,41.56458749552352,5427.462383859209,0.6426576092674547,0.0,0.0,1.0,inf,3488.0,inf,193.0,65.0,128.0,0.0,0.0,0.0,0.0,0.0,0.0
53.0,3544.0,9912.0,6368.0,3184.0,1.7968397291196387,41.56458749552352,5427.462383859209,0.6529755066639507,0.0,0.0,1.0,inf,3544.0,inf,200.0,56.0,144.0,0.0,0.0,0.0,0.0,0.0,0.0
54.0,3607.0,10097.0,6490.0,3245.0,1.7992791793734406,41.64620072770572,5448.7972580622845,0.6619809527071173,0.0,0.0,1.0,inf,3607.0,inf,211.0,63.0,148.0,0.0,0.0,0.0,0.0,0.0,0.0
55.0,3666.0,10270.0,6604.0,3302.0,1.801418439716312,41.64620072770572,5448.7972580622845,0.6728090303920966,0.0,0.0,1.0,inf,3666.0,inf,204.0,59.0,145.0,0.0,0.0,0.0,0.0,0.0,0.0
56.0,3728.0,10442.0,6714.0,3357.0,1.8009656652360515,42.17440056096114,5587.888217990809,0.6671572255145158,0.0,0.0,1.0,inf,3728.0,inf,209.0,62.0,147.0,0.0,0.0,0.0,0.0,0.0,0.0
57.0,3802.0,10660.0,6858.0,3429.0,1.8037874802735403,42.17440056096114,5587.888217990809,0.6804001532741923,0.0,0.0,1.0,inf,3802.0,inf,200.0,74.0,126.0,0.0,0.0,0.0,0.0,0.0,0.0
58.0,3868.0,10838.0,6970.0,3485.0,1.8019648397104446,42.17440056096114,5587.888217990809,0.692211413167958,0.0,0.0,1.0,inf,3868.0,inf,203.0,66.0,137.0,0.0,0.0,0.0,0.0,0.0,0.0
59.0,3927.0,11003.0,7076.0,3538.0,1.8018843901196842,42.17440056096114,5587.888217990809,0.7027699636790514,0.0,0.0,1.0,inf,3927.0,inf,206.0,59.0,147.0,0.0,0.0,0.0,0.0,0.0,0.0
60.0,3975.0,11141.0,7166.0,3583.0,1.8027672955974843,43.13319027717701,5844.845492524002,0.6800864120504682,0.0,0.0,1.0,inf,3975.0,inf,208.0,48.0,160.0,0.0,0.0,0.0,0.0,0.0,0.0
61.0,4032.0,11304.0,7272.0,3636.0,1.8035714285714286,43.13319027717701,5844.845492524002,0.68983859456289,0.0,0.0,1.0,inf,4032.0,inf,209.0,57.0,152.0,0.0,0.0,0.0,0.0,0.0,0.0
62.0,4089.0,11455.0,7366.0,3683.0,1.801418439716312,43.13319027717701,5844.845492524002,0.6995907770753118,0.0,0.0,1.0,inf,4089.0,inf,202.0,57.0,145.0,0.0,0.0,0.0,0.0,0.0,0.0
63.0,4158.0,11650.0,7492.0,3746.0,1.8018278018278018,43.13319027717701,5844.845492524002,0.7113960506429803,0.0,0.0,1.0,inf,4158.0,inf,211.0,69.0,142.0,0.0,0.0,0.0,0.0,0.0,0.0
64.0,4224.0,11832.0,7608.0,3804.0,1.8011363636363635,43.495835143178766,5943.540420576876,0.7106875197443381,0.0,0.0,1.0,inf,4224.0,inf,205.0,66.0,139.0,0.0,0.0,0.0,0.0,0.0,0.0
65.0,4281.0,11995.0,7714.0,3857.0,1.8019154403176827,43.495835143178766,5943.540420576876,0.7202777632636154,0.0,0.0,1.0,inf,4281.0,inf,202.0,57.0,145.0,0.0,0.0,0.0,0.0,0.0,0.0
66.0,4337.0,12147.0,7810.0,3905.0,1.800783952040581,43.495835143178766,5943.540420576876,0.7296997568965895,0.0,0.0,1.0,inf,4337.0,inf,213.0,56.0,157.0,0.0,0.0,0.0,0.0,0.0,0.0
67.0,4396.0,12316.0,7920.0,3960.0,1.8016378525932666,43.495835143178766,5943.540420576876,0.739626500188473,0.0,0.0,1.0,inf,4396.0,inf,212.0,59.0,153.0,0.0,0.0,0.0,0.0,0.0,0.0
68.0,4444.0,12450.0,8006.0,4003.0,1.8015301530153016,43.495835143178766,5943.540420576876,0.7477024947310223,0.0,0.0,1.0,inf,4444.0,inf,205.0,48.0,157.0,0.0,0.0,0.0,0.0,0.0,0.0
69.0,4498.0,12600.0,8102.0,4051.0,1.8012449977767897,43.495835143178766,5943.540420576876,0.7567879885913903,0.0,0.0,1.0,inf,4498.0,inf,214.0,54.0,160.0,0.0,0.0,0.0,0.0,0.0,0.0
70.0,4561.0,12769.0,8208.0,4104.0,1.7996053497040123,43.495835143178766,5943.540420576876,0.7673877314284863,0.0,0.0,1.0,inf,4561.0,inf,210.0,63.0,147.0,0.0,0.0,0.0,0.0,0.0,0.0
71.0,4610.0,12906.0,8296.0,4148.0,1.7995661605206075,43.495835143178766,5943.540420576876,0.7756319758573386,0.0,0.0,1.0,inf,4610.0,inf,205.0,49.0,156.0,0.0,0.0,0.0,0.0,0.0,0.0
72.0,4656.0,13028.0,8372.0,4186.0,1.7981099656357389,44.10730411149608,6111.82486132618,0.7618019340609367,0.0,0.0,1.0,inf,4656.0,inf,211.0,46.0,165.0,0.0,0.0,0.0,0.0,0.0,0.0
73.0,4704.0,13160.0,8456.0,4228.0,1.7976190476190477,44.10730411149608,6111.82486132618,0.7696555622471318,0.0,0.0,1.0,inf,4704.0,inf,210.0,48.0,162.0,0.0,0.0,0.0,0.0,0.0,0.0
74.0,4751.0,13295.0,8544.0,4272.0,1.7983582403704483,44.10730411149608,6111.82486132618,0.777345573179448,0.0,0.0,1.0,inf,4751.0,inf,209.0,47.0,162.0,0.0,0.0,0.0,0.0,0.0,0.0
75.0,4789.0,13399.0,8610.0,4305.0,1.7978701190227604,44.10730411149608,6111.82486132618,0.7835630288268526,0.0,0.0,1.0,inf,4789.0,inf,211.0,38.0,173.0,0.0,0.0,0.0,0.0,0.0,0.0
76.0,4829.0,13511.0,8682.0,4341.0,1.7978877614412923,44.10730411149608,6111.82486132618,0.7901077189820153,0.0,0.0,1.0,inf,4829.0,inf,215.0,40.0,175.0,0.0,0.0,0.0,0.0,0.0,0.0
77.0,4883.0,13669.0,8786.0,4393.0,1.7993037067376614,45.09702205268875,6389.1870353232525,0.7642599869128657,0.0,0.0,1.0,inf,4883.0,inf,213.0,54.0,159.0,0.0,0.0,0.0,0.0,0.0,0.0
78.0,4931.0,13805.0,8874.0,4437.0,1.7996349624822552,45.09702205268875,6389.1870353232525,0.771772679800807,0.0,0.0,1.0,inf,4931.0,inf,212.0,48.0,164.0,0.0,0.0,0.0,0.0,0.0,0.0
79.0,4981.0,13945.0,8964.0,4482.0,1.7996386267817708,45.09702205268875,6389.1870353232525,0.7795984015590792,0.0,0.0,1.0,inf,4981.0,inf,211.0,50.0,161.0,0.0,0.0,0.0,0.0,0.0,0.0
80.0,5041.0,14117.0,9076.0,4538.0,1.8004364213449713,45.09702205268875,6389.1870353232525,0.7889892676690059,0.0,0.0,1.0,inf,5041.0,inf,211.0,60.0,151.0,0.0,0.0,0.0,0.0,0.0,0.0
81.0,5106.0,14304.0,9198.0,4599.0,1.801410105757932,45.09702205268875,6389.1870353232525,0.7991627059547598,0.0,0.0,1.0,inf,5106.0,inf,212.0,65.0,147.0,0.0,0.0,0.0,0.0,0.0,0.0
82.0,5159.0,14453.0,9294.0,4647.0,1.801511920914906,45.09702205268875,6389.1870353232525,0.8074579710185283,0.0,0.0,1.0,inf,5159.0,inf,214.0,53.0,161.0,0.0,0.0,0.0,0.0,0.0,0.0
83.0,5218.0,14614.0,9396.0,4698.0,1.8006899195093906,45.128660550087574,6398.155041496604,0.8155476017941959,0.0,0.0,1.0,inf,5218.0,inf,207.0,59.0,148.0,0.0,0.0,0.0,0.0,0.0,0.0
84.0,5271.0,14765.0,9494.0,4747.0,1.8011762473913868,45.93884951536143,6629.9476905863385,0.7950288970581371,0.0,0.0,1.0,inf,5271.0,inf,205.0,53.0,152.0,0.0,0.0,0.0,0.0,0.0,0.0
85.0,5330.0,14928.0,9598.0,4799.0,1.800750469043152,45.93884951536143,6629.9476905863385,0.803927911462696,0.0,0.0,1.0,inf,5330.0,inf,212.0,59.0,153.0,0.0,0.0,0.0,0.0,0.0,0.0
86.0,5391.0,15101.0,9710.0,4855.0,1.8011500649230199,45.93884951536143,6629.9476905863385,0.8131285873724943,0.0,0.0,1.0,inf,5391.0,inf,211.0,61.0,150.0,0.0,0.0,0.0,0.0,0.0,0.0
87.0,5434.0,15226.0,9792.0,4896.0,1.8019874861980125,45.93884951536143,6629.9476905863385,0.8196143097351389,0.0,0.0,1.0,inf,5434.0,inf,211.0,43.0,168.0,0.0,0.0,0.0,0.0,0.0,0.0
88.0,5485.0,15373.0,9888.0,4944.0,1.8027347310847766,45.93884951536143,6629.9476905863385,0.8273066781187407,0.0,0.0,1.0,inf,5485.0,inf,211.0,51.0,160.0,0.0,0.0,0.0,0.0,0.0,0.0
89.0,5536.0,15508.0,9972.0,4986.0,1.801300578034682,45.93884951536143,6629.9476905863385,0.8349990465023425,0.0,0.0,1.0,inf,5536.0,inf,209.0,51.0,158.0,0.0,0.0,0.0,0.0,0.0,0.0
90.0,5584.0,15644.0,10060.0,5030.0,1.8015759312320916,45.93957619910836,6630.157443916531,0.8422122773454758,0.0,0.0,1.0,inf,5584.0,inf,213.0,48.0,165.0,0.0,0.0,0.0,0.0,0.0,0.0
91.0,5635.0,15791.0,10156.0,5078.0,1.802307009760426,45.93957619910836,6630.157443916531,0.8499044023713747,0.0,0.0,1.0,inf,5635.0,inf,216.0,51.0,165.0,0.0,0.0,0.0,0.0,0.0,0.0
92.0,5690.0,15948.0,10258.0,5129.0,1.802811950790861,45.93957619910836,6630.157443916531,0.8581998313208734,0.0,0.0,1.0,inf,5690.0,inf,213.0,55.0,158.0,0.0,0.0,0.0,0.0,0.0,0.0
93.0,5740.0,16092.0,10352.0,5176.0,1.8034843205574913,45.93957619910836,6630.157443916531,0.8657411303658723,0.0,0.0,1.0,inf,5740.0,inf,209.0,50.0,159.0,0.0,0.0,0.0,0.0,0.0,0.0
94.0,5794.0,16248.0,10454.0,5227.0,1.804280289955126,45.93957619910836,6630.157443916531,0.8738857333344712,0.0,0.0,1.0,inf,5794.0,inf,214.0,54.0,160.0,0.0,0.0,0.0,0.0,0.0,0.0
95.0,5840.0,16374.0,10534.0,5267.0,1.8037671232876713,45.94272740416682,6631.067060590296,0.8807029014543135,0.0,0.0,1.0,inf,5840.0,inf,214.0,46.0,168.0,0.0,0.0,0.0,0.0,0.0,0.0
96.0,5889.0,16515.0,10626.0,5313.0,1.8043810494141619,46.4109892738255,6766.927509538448,0.8702620194614248,0.0,0.0,1.0,inf,5889.0,inf,215.0,49.0,166.0,0.0,0.0,0.0,0.0,0.0,0.0
97.0,5949.0,16685.0,10736.0,5368.0,1.8046730542948395,46.42937610712681,6772.290334873085,0.8784325103970142,0.0,0.0,1.0,inf,5949.0,inf,216.0,60.0,156.0,0.0,0.0,0.0,0.0,0.0,0.0
98.0,6007.0,16845.0,10838.0,5419.0,1.804228400199767,46.42937610712681,6772.290334873085,0.8869968213069195,0.0,0.0,1.0,inf,6007.0,inf,205.0,58.0,147.0,0.0,0.0,0.0,0.0,0.0,0.0
99.0,6060.0,17000.0,10940.0,5470.0,1.8052805280528053,46.42937610712681,6772.290334873085,0.8948228295521778,0.0,0.0,1.0,inf,6060.0,inf,218.0,53.0,165.0,0.0,0.0,0.0,0.0,0.0,0.0
100.0,6119.0,17165.0,11046.0,5523.0,1.8051969276025495,46.42937610712681,6772.290334873085,0.9035348009950126,0.0,0.0,1.0,inf,6119.0,inf,211.0,59.0,152.0,0.0,0.0,0.0,0.0,0.0,0.0
101.0,6159.0,17273.0,11114.0,5557.0,1.8045137197597012,46.800959102838476,6881.123923624769,0.8950572709284421,0.0,0.0,1.0,inf,6159.0,inf,212.0,40.0,172.0,0.0,0.0,0.0,0.0,0.0,0.0
102.0,6211.0,17423.0,11212.0,5606.0,1.80518435034616,46.93313898483604,6920.0475089802785,0.8975371905958545,0.0,0.0,1.0,inf,6211.0,inf,216.0,52.0,164.0,0.0,0.0,0.0,0.0,0.0,0.0
103.0,6262.0,17570.0,11308.0,5654.0,1.805812839348451,47.20532727807324,7000.5457579265085,0.8945016883733279,0.0,0.0,1.0,inf,6262.0,inf,213.0,51.0,162.0,0.0,0.0,0.0,0.0,0.0,0.0
104.0,6316.0,17730.0,11414.0,5707.0,1.8071564281190626,47.20532727807324,7000.5457579265085,0.9022153726869911,0.0,0.0,1.0,inf,6316.0,inf,213.0,54.0,159.0,0.0,0.0,0.0,0.0,0.0,0.0
105.0,6368.0,17876.0,11508.0,5754.0,1.8071608040201006,47.367950095117266,7048.862739117077,0.9034081433677683,0.0,0.0,1.0,inf,6368.0,inf,211.0,52.0,159.0,0.0,0.0,0.0,0.0,0.0,0.0
106.0,6434.0,18060.0,11626.0,5813.0,1.8069630090146098,47.367950095117266,7048.862739117077,0.9127713559089543,0.0,0.0,1.0,inf,6434.0,inf,214.0,66.0,148.0,0.0,0.0,0.0,0.0,0.0,0.0
107.0,6484.0,18206.0,11722.0,5861.0,1.8078346699568169,47.367950095117266,7048.862739117077,0.9198646987431862,0.0,0.0,1.0,inf,6484.0,inf,210.0,50.0,160.0,0.0,0.0,0.0,0.0,0.0,0.0
108.0,6535.0,18355.0,11820.0,5910.0,1.8087222647283856,48.10929341457117,7271.229117630724,0.8987476387113739,0.0,0.0,1.0,inf,6535.0,inf,216.0,51.0,165.0,0.0,0.0,0.0,0.0,0.0,0.0
109.0,6587.0,18505.0,11918.0,5959.0,1.8093213906178838,48.10929341457117,7271.229117630724,0.9058991118885722,0.0,0.0,1.0,inf,6587.0,inf,214.0,52.0,162.0,0.0,0.0,0.0,0.0,0.0,0.0
110.0,6642.0,18664.0,12022.0,6011.0,1.8099969888587775,48.10929341457117,7271.229117630724,0.9134631700567628,0.0,0.0,1.0,inf,6642.0,inf,214.0,55.0,159.0,0.0,0.0,0.0,0.0,0.0,0.0
111.0,6704.0,18842.0,12138.0,6069.0,1.8105608591885443,48.10929341457117,7271.229117630724,0.9219899265372686,0.0,0.0,1.0,inf,6704.0,inf,218.0,62.0,156.0,0.0,0.0,0.0,0.0,0.0,0.0
112.0,6761.0,19001.0,12240.0,6120.0,1.8103830794261204,48.11010577446534,7271.474679532303,0.9297976405021139,0.0,0.0,1.0,inf,6761.0,inf,213.0,57.0,156.0,0.0,0.0,0.0,0.0,0.0,0.0
113.0,6816.0,19152.0,12336.0,6168.0,1.8098591549295775,48.11010577446534,7271.474679532303,0.9373614432276894,0.0,0.0,1.0,inf,6816.0,inf,215.0,55.0,160.0,0.0,0.0,0.0,0.0,0.0,0.0
114.0,6868.0,19296.0,12428.0,6214.0,1.809551543389633,48.11010577446534,7271.474679532303,0.9445126748955064,0.0,0.0,1.0,inf,6868.0,inf,212.0,52.0,160.0,0.0,0.0,0.0,0.0,0.0,0.0
115.0,6924.0,19456.0,12532.0,6266.0,1.8099364529173887,48.89403090619435,7510.373890415554,0.9219248070773332,0.0,0.0,1.0,inf,6924.0,inf,217.0,56.0,161.0,0.0,0.0,0.0,0.0,0.0,0.0
116.0,6982.0,19624.0,12642.0,6321.0,1.810655972500716,48.89403090619435,7510.373890415554,0.9296474585519844,0.0,0.0,1.0,inf,6982.0,inf,212.0,58.0,154.0,0.0,0.0,0.0,0.0,0.0,0.0
117.0,7032.0,19766.0,12734.0,6367.0,1.8108646188850968,48.89403090619435,7510.373890415554,0.9363049167197872,0.0,0.0,1.0,inf,7032.0,inf,214.0,50.0,164.0,0.0,0.0,0.0,0.0,0.0,0.0
118.0,7087.0,19917.0,12830.0,6415.0,1.8103569916748976,49.30281548879289,7636.4816822511175,0.9280451777252036,0.0,0.0,1.0,inf,7087.0,inf,213.0,55.0,158.0,0.0,0.0,0.0,0.0,0.0,0.0
119.0,7146.0,20088.0,12942.0,6471.0,1.8110831234256928,49.30281548879289,7636.4816822511175,0.9357712487687745,0.0,0.0,1.0,inf,7146.0,inf,214.0,59.0,155.0,0.0,0.0,0.0,0.0,0.0,0.0
120.0,7202.0,20248.0,13046.0,6523.0,1.8114412663149124,49.605667476218635,7730.586929808285,0.9316239588781917,0.0,0.0,1.0,inf,7202.0,inf,208.0,56.0,152.0,0.0,0.0,0.0,0.0,0.0,0.0
121.0,7264.0,20418.0,13154.0,6577.0,1.8108480176211454,49.605667476218635,7730.586929808285,0.9396440484991925,0.0,0.0,1.0,inf,7264.0,inf,210.0,62.0,148.0,0.0,0.0,0.0,0.0,0.0,0.0
122.0,7314.0,20560.0,13246.0,6623.0,1.8110473065354116,49.605667476218635,7730.586929808285,0.9461118627096771,0.0,0.0,1.0,inf,7314.0,inf,212.0,50.0,162.0,0.0,0.0,0.0,0.0,0.0,0.0
123.0,7372.0,20730.0,13358.0,6679.0,1.8119913185024417,49.936680987277555,7834.1019750335145,0.9410140464719267,0.0,0.0,1.0,inf,7372.0,inf,209.0,58.0,151.0,0.0,0.0,0.0,0.0,0.0,0.0
124.0,7431.0,20899.0,13468.0,6734.0,1.8124074821692908,49.936680987277555,7834.1019750335145,0.9485452223728821,0.0,0.0,1.0,inf,7431.0,inf,212.0,59.0,153.0,0.0,0.0,0.0,0.0,0.0,0.0
125.0,7502.0,21094.0,13592.0,6796.0,1.811783524393495,49.936680987277555,7834.1019750335145,0.9576081628638624,0.0,0.0,1.0,inf,7502.0,inf,210.0,71.0,139.0,0.0,0.0,0.0,0.0,0.0,0.0
126.0,7558.0,21252.0,13694.0,6847.0,1.8118549880920878,49.936680987277555,7834.1019750335145,0.9647563976173117,0.0,0.0,1.0,inf,7558.0,inf,206.0,56.0,150.0,0.0,0.0,0.0,0.0,0.0,0.0
127.0,7617.0,21425.0,13808.0,6904.0,1.812787186556387,49.936680987277555,7834.1019750335145,0.9722875735182671,0.0,0.0,1.0,inf,7617.0,inf,214.0,59.0,155.0,0.0,0.0,0.0,0.0,0.0,0.0
128.0,7673.0,21581.0,13908.0,6954.0,1.8125895998957382,49.936680987277555,7834.1019750335145,0.9794358082717164,0.0,0.0,1.0,inf,7673.0,inf,210.0,56.0,154.0,0.0,0.0,0.0,0.0,0.0,0.0
129.0,7731.0,21749.0,14018.0,7009.0,1.8132195058853964,50.52413117948763,8019.50533816648,0.9640245469014873,0.0,0.0,1.0,inf,7731.0,inf,212.0,58.0,154.0,0.0,0.0,0.0,0.0,0.0,0.0
130.0,7781.0,21893.0,14112.0,7056.0,1.8136486312813263,50.52413117948763,8019.50533816648,0.9702593454197999,0.0,0.0,1.0,inf,7781.0,inf,211.0,50.0,161.0,0.0,0.0,0.0,0.0,0.0,0.0
131.0,7842.0,22066.0,14224.0,7112.0,1.8138230043356287,50.52413117948763,8019.50533816648,0.9778657996121412,0.0,0.0,1.0,inf,7842.0,inf,211.0,61.0,150.0,0.0,0.0,0.0,0.0,0.0,0.0
132.0,7897.0,22221.0,14324.0,7162.0,1.8138533620362163,50.52413117948763,8019.50533816648,0.984724077982285,0.0,0.0,1.0,inf,7897.0,inf,207.0,55.0,152.0,0.0,0.0,0.0,0.0,0.0,0.0
133.0,7953.0,22381.0,14428.0,7214.0,1.8141581793034076,50.52413117948763,8019.50533816648,0.9917070523227951,0.0,0.0,1.0,inf,7953.0,inf,214.0,56.0,158.0,0.0,0.0,0.0,0.0,0.0,0.0
134.0,8001.0,22519.0,14518.0,7259.0,1.8145231846019247,50.69112723809415,8072.606262643631,0.9911297218873423,0.0,0.0,1.0,inf,8001.0,inf,209.0,48.0,161.0,0.0,0.0,0.0,0.0,0.0,0.0
135.0,8066.0,22706.0,14640.0,7320.0,1.8150260352095215,50.69112723809415,8072.606262643631,0.9991816443873645,0.0,0.0,1.0,inf,8066.0,inf,218.0,65.0,153.0,0.0,0.0,0.0,0.0,0.0,0.0
136.0,8125.0,22879.0,14754.0,7377.0,1.8158769230769232,50.69112723809415,8072.606262643631,1.006490312502769,0.0,0.0,1.0,inf,8125.0,inf,215.0,59.0,156.0,0.0,0.0,0.0,0.0,0.0,0.0
137.0,8186.0,23058.0,14872.0,7436.0,1.8167603225018325,50.69112723809415,8072.606262643631,1.014046732079713,0.0,0.0,1.0,inf,8186.0,inf,217.0,61.0,156.0,0.0,0.0,0.0,0.0,0.0,0.0
138.0,8230.0,23182.0,14952.0,7476.0,1.816767922235723,50.69112723809415,8072.606262643631,1.0194972642335742,0.0,0.0,1.0,inf,8230.0,inf,214.0,44.0,170.0,0.0,0.0,0.0,0.0,0.0,0.0
139.0,8284.0,23334.0,15050.0,7525.0,1.8167551907291164,50.69112723809415,8072.606262643631,1.0261865536951311,0.0,0.0,1.0,inf,8284.0,inf,217.0,54.0,163.0,0.0,0.0,0.0,0.0,0.0,0.0
140.0,8331.0,23471.0,15140.0,7570.0,1.8173088464770135,50.69112723809415,8072.606262643631,1.032008713041301,0.0,0.0,1.0,inf,8331.0,inf,212.0,47.0,165.0,0.0,0.0,0.0,0.0,0.0,0.0
141.0,8380.0,23604.0,15224.0,7612.0,1.8167064439140812,50.69112723809415,8072.606262643631,1.0380786238490098,0.0,0.0,1.0,inf,8380.0,inf,213.0,49.0,164.0,0.0,0.0,0.0,0.0,0.0,0.0
142.0,8428.0,23740.0,15312.0,7656.0,1.8168011390602752,51.58672197950726,8360.374591238484,1.0080888012879694,0.0,0.0,1.0,inf,8428.0,inf,213.0,48.0,165.0,0.0,0.0,0.0,0.0,0.0,0.0
143.0,8486.0,23910.0,15424.0,7712.0,1.81758189959934,51.58672197950726,8360.374591238484,1.0150262894790827,0.0,0.0,1.0,inf,8486.0,inf,214.0,58.0,156.0,0.0,0.0,0.0,0.0,0.0,0.0
144.0,8535.0,24051.0,15516.0,7758.0,1.81792618629174,51.58672197950726,8360.374591238484,1.0208872708819197,0.0,0.0,1.0,inf,8535.0,inf,212.0,49.0,163.0,0.0,0.0,0.0,0.0,0.0,0.0
145.0,8590.0,24206.0,15616.0,7808.0,1.8179278230500582,51.58672197950726,8360.374591238484,1.0274659234769408,0.0,0.0,1.0,inf,8590.0,inf,214.0,55.0,159.0,0.0,0.0,0.0,0.0,0.0,0.0
146.0,8642.0,24358.0,15716.0,7858.0,1.818560518398519,51.58672197950726,8360.374591238484,1.03368574047587,0.0,0.0,1.0,inf,8642.0,inf,215.0,52.0,163.0,0.0,0.0,0.0,0.0,0.0,0.0
147.0,8702.0,24532.0,15830.0,7915.0,1.8191220409101356,51.58672197950726,8360.374591238484,1.040862452397711,0.0,0.0,1.0,inf,8702.0,inf,212.0,60.0,152.0,0.0,0.0,0.0,0.0,0.0,0.0
148.0,8738.0,24638.0,15900.0,7950.0,1.8196383611810483,51.58672197950726,8360.374591238484,1.0451684795508158,0.0,0.0,1.0,inf,8738.0,inf,216.0,36.0,180.0,0.0,0.0,0.0,0.0,0.0,0.0
149.0,8790.0,24780.0,15990.0,7995.0,1.819112627986348,51.58672197950726,8360.374591238484,1.051388296549745,0.0,0.0,1.0,inf,8790.0,inf,215.0,52.0,163.0,0.0,0.0,0.0,0.0,0.0,0.0
150.0,8842.0,24928.0,16086.0,8043.0,1.8192716579959285,51.58672197950726,8360.374591238484,1.0576081135486741,0.0,0.0,1.0,inf,8842.0,inf,217.0,52.0,165.0,0.0,0.0,0.0,0.0,0.0,0.0
151.0,8882.0,25040.0,16158.0,8079.0,1.8191848682729115,51.58672197950726,8360.374591238484,1.062392588163235,0.0,0.0,1.0,inf,8882.0,inf,213.0,40.0,173.0,0.0,0.0,0.0,0.0,0.0,0.0
152.0,8943.0,25213.0,16270.0,8135.0,1.81930001118193,52.38738189344976,8621.905573066375,1.0372417007136658,0.0,0.0,1.0,inf,8943.0,inf,218.0,61.0,157.0,0.0,0.0,0.0,0.0,0.0,0.0
153.0,9006.0,25390.0,16384.0,8192.0,1.819231623362203,52.38738189344976,8621.905573066375,1.044548670091387,0.0,0.0,1.0,inf,9006.0,inf,213.0,63.0,150.0,0.0,0.0,0.0,0.0,0.0,0.0
154.0,9055.0,25527.0,16472.0,8236.0,1.8191054665930426,52.38738189344976,8621.905573066375,1.0502318684962813,0.0,0.0,1.0,inf,9055.0,inf,215.0,49.0,166.0,0.0,0.0,0.0,0.0,0.0,0.0
155.0,9112.0,25692.0,16580.0,8290.0,1.8195785776997366,52.38738189344976,8621.905573066375,1.0568429360285052,0.0,0.0,1.0,inf,9112.0,inf,208.0,57.0,151.0,0.0,0.0,0.0,0.0,0.0,0.0
156.0,9174.0,25864.0,16690.0,8345.0,1.8192718552430782,52.38738189344976,8621.905573066375,1.0640339217653103,0.0,0.0,1.0,inf,9174.0,inf,216.0,62.0,154.0,0.0,0.0,0.0,0.0,0.0,0.0
157.0,9220.0,25994.0,16774.0,8387.0,1.8193058568329719,52.38738189344976,8621.905573066375,1.069369169247456,0.0,0.0,1.0,inf,9220.0,inf,216.0,46.0,170.0,0.0,0.0,0.0,0.0,0.0,0.0
158.0,9270.0,26134.0,16864.0,8432.0,1.8192017259978426,52.38738189344976,8621.905573066375,1.0751683512932664,0.0,0.0,1.0,inf,9270.0,inf,215.0,50.0,165.0,0.0,0.0,0.0,0.0,0.0,0.0
159.0,9320.0,26266.0,16946.0,8473.0,1.8182403433476395,52.38738189344976,8621.905573066375,1.080967533339077,0.0,0.0,1.0,inf,9320.0,inf,215.0,50.0,165.0,0.0,0.0,0.0,0.0,0.0,0.0
160.0,9368.0,26408.0,17040.0,8520.0,1.8189581554227157,52.38738189344976,8621.905573066375,1.086534748103055,0.0,0.0,1.0,inf,9368.0,inf,211.0,48.0,163.0,0.0,0.0,0.0,0.0,0.0,0.0
161.0,9417.0,26549.0,17132.0,8566.0,1.8192630349368164,52.38738189344976,8621.905573066375,1.0922179465079493,0.0,0.0,1.0,inf,9417.0,inf,210.0,49.0,161.0,0.0,0.0,0.0,0.0,0.0,0.0
162.0,9464.0,26680.0,17216.0,8608.0,1.8191039729501268,52.46155993424707,8646.339275637456,1.0945672727262095,0.0,0.0,1.0,inf,9464.0,inf,218.0,47.0,171.0,0.0,0.0,0.0,0.0,0.0,0.0
163.0,9523.0,26849.0,17326.0,8663.0,1.8193846476950541,53.23776334234794,8904.088652965549,1.0695086685629887,0.0,0.0,1.0,inf,9523.0,inf,212.0,59.0,153.0,0.0,0.0,0.0,0.0,0.0,0.0
164.0,9581.0,27011.0,17430.0,8715.0,1.8192255505688342,53.23776334234794,8904.088652965549,1.0760225300327622,0.0,0.0,1.0,inf,9581.0,inf,213.0,58.0,155.0,0.0,0.0,0.0,0.0,0.0,0.0
165.0,9637.0,27167.0,17530.0,8765.0,1.8190308187195185,53.23776334234794,8904.088652965549,1.0823117755897849,0.0,0.0,1.0,inf,9637.0,inf,215.0,56.0,159.0,0.0,0.0,0.0,0.0,0.0,0.0
166.0,9696.0,27328.0,17632.0,8816.0,1.8184818481848184,53.23776334234794,8904.088652965549,1.088937945015934,0.0,0.0,1.0,inf,9696.0,inf,214.0,59.0,155.0,0.0,0.0,0.0,0.0,0.0,0.0
167.0,9756.0,27488.0,17732.0,8866.0,1.8175481754817548,53.23776334234794,8904.088652965549,1.0956764223984583,0.0,0.0,1.0,inf,9756.0,inf,217.0,60.0,157.0,0.0,0.0,0.0,0.0,0.0,0.0
168.0,9808.0,27638.0,17830.0,8915.0,1.8179037520391517,53.23776334234794,8904.088652965549,1.1015164361299794,0.0,0.0,1.0,inf,9808.0,inf,216.0,52.0,164.0,0.0,0.0,0.0,0.0,0.0,0.0
169.0,9858.0,27774.0,17916.0,8958.0,1.8174071819841753,53.23776334234794,8904.088652965549,1.1071318339487497,0.0,0.0,1.0,inf,9858.0,inf,218.0,50.0,168.0,0.0,0.0,0.0,0.0,0.0,0.0
170.0,9903.0,27901.0,17998.0,8999.0,1.8174290619004343,53.23776334234794,8904.088652965549,1.112185691985643,0.0,0.0,1.0,inf,9903.0,inf,217.0,45.0,172.0,0.0,0.0,0.0,0.0,0.0,0.0
171.0,9960.0,28064.0,18104.0,9052.0,1.8176706827309237,53.23776334234794,8904.088652965549,1.118587245499041,0.0,0.0,1.0,inf,9960.0,inf,217.0,57.0,160.0,0.0,0.0,0.0,0.0,0.0,0.0
172.0,10018.0,28224.0,18206.0,9103.0,1.8173288081453385,53.23776334234794,8904.088652965549,1.1251011069688146,0.0,0.0,1.0,inf,10018.0,inf,217.0,58.0,159.0,0.0,0.0,0.0,0.0,0.0,0.0
173.0,10067.0,28363.0,18296.0,9148.0,1.8174232641303267,53.23776334234794,8904.088652965549,1.1306041968312095,0.0,0.0,1.0,inf,10067.0,inf,216.0,49.0,167.0,0.0,0.0,0.0,0.0,0.0,0.0
174.0,10113.0,28491.0,18378.0,9189.0,1.817264906555918,53.90500661081321,9128.682029165908,1.1078269532983207,0.0,0.0,1.0,inf,10113.0,inf,217.0,46.0,171.0,0.0,0.0,0.0,0.0,0.0,0.0
175.0,10166.0,28646.0,18480.0,9240.0,1.817824119614401,53.90500661081321,9128.682029165908,1.1136328297469325,0.0,0.0,1.0,inf,10166.0,inf,214.0,53.0,161.0,0.0,0.0,0.0,0.0,0.0,0.0
176.0,10215.0,28783.0,18568.0,9284.0,1.8177190406265296,53.90500661081321,9128.682029165908,1.1190005268409322,0.0,0.0,1.0,inf,10215.0,inf,214.0,49.0,165.0,0.0,0.0,0.0,0.0,0.0,0.0
177.0,10264.0,28924.0,18660.0,9330.0,1.818004676539361,53.90500661081321,9128.682029165908,1.1243682239349317,0.0,0.0,1.0,inf,10264.0,inf,219.0,49.0,170.0,0.0,0.0,0.0,0.0,0.0,0.0
178.0,10320.0,29086.0,18766.0,9383.0,1.8184108527131784,53.90500661081321,9128.682029165908,1.1305027348995027,0.0,0.0,1.0,inf,10320.0,inf,220.0,56.0,164.0,0.0,0.0,0.0,0.0,0.0,0.0
179.0,10386.0,29264.0,18878.0,9439.0,1.8176391295975352,54.541984071336564,9345.697873550429,1.1113134771233901,0.0,0.0,1.0,inf,10386.0,inf,219.0,66.0,153.0,0.0,0.0,0.0,0.0,0.0,0.0
180.0,10443.0,29417.0,18974.0,9487.0,1.8169108493727857,54.541984071336564,9345.697873550429,1.1174125401116466,0.0,0.0,1.0,inf,10443.0,inf,213.0,57.0,156.0,0.0,0.0,0.0,0.0,0.0,0.0
181.0,10488.0,29544.0,19056.0,9528.0,1.8169336384439359,54.541984071336564,9345.697873550429,1.1222275898392178,0.0,0.0,1.0,inf,10488.0,inf,216.0,45.0,171.0,0.0,0.0,0.0,0.0,0.0,0.0
182.0,10537.0,29683.0,19146.0,9573.0,1.8170257188953212,54.541984071336564,9345.697873550429,1.1274706439870172,0.0,0.0,1.0,inf,10537.0,inf,213.0,49.0,164.0,0.0,0.0,0.0,0.0,0.0,0.0
183.0,10575.0,29789.0,19214.0,9607.0,1.8169267139479905,54.541984071336564,9345.697873550429,1.1315366859791884,0.0,0.0,1.0,inf,10575.0,inf,213.0,38.0,175.0,0.0,0.0,0.0,0.0,0.0,0.0
184.0,10623.0,29925.0,19302.0,9651.0,1.8170008472183,54.541984071336564,9345.697873550429,1.1366727390219307,0.0,0.0,1.0,inf,10623.0,inf,217.0,48.0,169.0,0.0,0.0,0.0,0.0,0.0,0.0
185.0,10672.0,30068.0,19396.0,9698.0,1.8174662668665666,54.636714926631264,9378.190083139132,1.1379594469072432,0.0,0.0,1.0,inf,10672.0,inf,216.0,49.0,167.0,0.0,0.0,0.0,0.0,0.0,0.0
186.0,10733.0,30243.0,19510.0,9755.0,1.8177583154756358,54.636714926631264,9378.190083139132,1.1444639002675638,0.0,0.0,1.0,inf,10733.0,inf,212.0,61.0,151.0,0.0,0.0,0.0,0.0,0.0,0.0
187.0,10774.0,30360.0,19586.0,9793.0,1.8178949322442919,54.636714926631264,9378.190083139132,1.148835745968763,0.0,0.0,1.0,inf,10774.0,inf,218.0,41.0,177.0,0.0,0.0,0.0,0.0,0.0,0.0
188.0,10818.0,30488.0,19670.0,9835.0,1.818265853207617,54.636714926631264,9378.190083139132,1.1535274828188302,0.0,0.0,1.0,inf,10818.0,inf,218.0,44.0,174.0,0.0,0.0,0.0,0.0,0.0,0.0
189.0,10865.0,30621.0,19756.0,9878.0,1.818315692590888,54.636714926631264,9378.190083139132,1.1585391108177658,0.0,0.0,1.0,inf,10865.0,inf,214.0,47.0,167.0,0.0,0.0,0.0,0.0,0.0,0.0
190.0,10912.0,30754.0,19842.0,9921.0,1.8183651026392962,54.636714926631264,9378.190083139132,1.1635507388167015,0.0,0.0,1.0,inf,10912.0,inf,216.0,47.0,169.0,0.0,0.0,0.0,0.0,0.0,0.0
191.0,10965.0,30907.0,19942.0,9971.0,1.8186958504331965,55.280774079964864,9600.593998251174,1.1421168317290955,0.0,0.0,1.0,inf,10965.0,inf,216.0,53.0,163.0,0.0,0.0,0.0,0.0,0.0,0.0
192.0,11015.0,31049.0,20034.0,10017.0,1.8187925556059918,55.280774079964864,9600.593998251174,1.1473248428176914,0.0,0.0,1.0,inf,11015.0,inf,214.0,50.0,164.0,0.0,0.0,0.0,0.0,0.0,0.0
193.0,11073.0,31203.0,20130.0,10065.0,1.8179355188295854,55.280774079964864,9600.593998251174,1.1533661356804628,0.0,0.0,1.0,inf,11073.0,inf,216.0,58.0,158.0,0.0,0.0,0.0,0.0,0.0,0.0
194.0,11117.0,31333.0,20216.0,10108.0,1.8184762076099668,55.280774079964864,9600.593998251174,1.1579491854384272,0.0,0.0,1.0,inf,11117.0,inf,218.0,44.0,174.0,0.0,0.0,0.0,0.0,0.0,0.0
195.0,11159.0,31455.0,20296.0,10148.0,1.8188009678286585,55.280774079964864,9600.593998251174,1.162323914752848,0.0,0.0,1.0,inf,11159.0,inf,216.0,42.0,174.0,0.0,0.0,0.0,0.0,0.0,0.0
196.0,11202.0,31574.0,20372.0,10186.0,1.8186038207462953,55.280774079964864,9600.593998251174,1.1668028042890404,0.0,0.0,1.0,inf,11202.0,inf,217.0,43.0,174.0,0.0,0.0,0.0,0.0,0.0,0.0
197.0,11257.0,31727.0,20470.0,10235.0,1.8184240916762904,55.280774079964864,9600.593998251174,1.172531616486496,0.0,0.0,1.0,inf,11257.0,inf,217.0,55.0,162.0,0.0,0.0,0.0,0.0,0.0,0.0
198.0,11302.0,31846.0,20544.0,10272.0,1.81773137497788,55.280774079964864,9600.593998251174,1.1772188264662324,0.0,0.0,1.0,inf,11302.0,inf,213.0,45.0,168.0,0.0,0.0,0.0,0.0,0.0,0.0
199.0,11348.0,31984.0,20636.0,10318.0,1.8184702150158618,55.68028546667084,9739.861450171422,1.1651089759393112,0.0,0.0,1.0,inf,11348.0,inf,214.0,46.0,168.0,0.0,0.0,0.0,0.0,0.0,0.0
200.0,11404.0,32138.0,20734.0,10367.0,1.8181339880743599,55.68028546667084,9739.861450171422,1.170858544378913,0.0,0.0,1.0,inf,11404.0,inf,217.0,56.0,161.0,0.0,0.0,0.0,0.0,0.0,0.0
201.0,11458.0,32284.0,20826.0,10413.0,1.8175946936638157,55.68028546667084,9739.861450171422,1.176402771088529,0.0,0.0,1.0,inf,11458.0,inf,218.0,54.0,164.0,0.0,0.0,0.0,0.0,0.0,0.0
202.0,11513.0,32439.0,20926.0,10463.0,1.8175974984799792,55.68028546667084,9739.861450171422,1.182049668663138,0.0,0.0,1.0,inf,11513.0,inf,215.0,55.0,160.0,0.0,0.0,0.0,0.0,0.0,0.0
203.0,11568.0,32588.0,21020.0,10510.0,1.8170816044260027,55.68028546667084,9739.861450171422,1.187696566237747,0.0,0.0,1.0,inf,11568.0,inf,216.0,55.0,161.0,0.0,0.0,0.0,0.0,0.0,0.0
204.0,11624.0,32750.0,21126.0,10563.0,1.8174466620784584,55.68028546667084,9739.861450171422,1.1934461346773488,0.0,0.0,1.0,inf,11624.0,inf,217.0,56.0,161.0,0.0,0.0,0.0,0.0,0.0,0.0
205.0,11665.0,32869.0,21204.0,10602.0,1.8177453921988855,55.68028546667084,9739.861450171422,1.1976556401420573,0.0,0.0,1.0,inf,11665.0,inf,214.0,41.0,173.0,0.0,0.0,0.0,0.0,0.0,0.0
206.0,11713.0,33005.0,21292.0,10646.0,1.8178092717493384,55.68028546667084,9739.861450171422,1.2025838416617158,0.0,0.0,1.0,inf,11713.0,inf,218.0,48.0,170.0,0.0,0.0,0.0,0.0,0.0,0.0
207.0,11763.0,33145.0,21382.0,10691.0,1.8177335713678484,55.68028546667084,9739.861450171422,1.2077173849113605,0.0,0.0,1.0,inf,11763.0,inf,217.0,50.0,167.0,0.0,0.0,0.0,0.0,0.0,0.0
208.0,11812.0,33290.0,21478.0,10739.0,1.8183203521842195,56.11495722423548,9892.524740685007,1.1940328995509877,0.0,0.0,1.0,inf,11812.0,inf,210.0,49.0,161.0,0.0,0.0,0.0,0.0,0.0,0.0
209.0,11850.0,33400.0,21550.0,10775.0,1.8185654008438819,56.11495722423548,9892.524740685007,1.1978741838536406,0.0,0.0,1.0,inf,11850.0,inf,209.0,38.0,171.0,0.0,0.0,0.0,0.0,0.0,0.0
210.0,11888.0,33510.0,21622.0,10811.0,1.8188088829071332,56.11495722423548,9892.524740685007,1.2017154681562936,0.0,0.0,1.0,inf,11888.0,inf,217.0,38.0,179.0,0.0,0.0,0.0,0.0,0.0,0.0
211.0,11935.0,33641.0,21706.0,10853.0,1.8186845412651864,56.53656940935764,10041.735488961647,1.1885395719813092,0.0,0.0,1.0,inf,11935.0,inf,218.0,47.0,171.0,0.0,0.0,0.0,0.0,0.0,0.0
212.0,11988.0,33788.0,21800.0,10900.0,1.8184851518184852,56.53656940935764,10041.735488961647,1.193817544106572,0.0,0.0,1.0,inf,11988.0,inf,216.0,53.0,163.0,0.0,0.0,0.0,0.0,0.0,0.0
213.0,12037.0,33931.0,21894.0,10947.0,1.8188917504361553,56.53656940935764,10041.735488961647,1.1986971787129468,0.0,0.0,1.0,inf,12037.0,inf,215.0,49.0,166.0,0.0,0.0,0.0,0.0,0.0,0.0
214.0,12087.0,34075.0,21988.0,10994.0,1.8191445354513114,56.53656940935764,10041.735488961647,1.2036763976990437,0.0,0.0,1.0,inf,12087.0,inf,209.0,50.0,159.0,0.0,0.0,0.0,0.0,0.0,0.0
215.0,12129.0,34197.0,22068.0,11034.0,1.81944100915162,56.53656940935764,10041.735488961647,1.2078589416473648,0.0,0.0,1.0,inf,12129.0,inf,218.0,42.0,176.0,0.0,0.0,0.0,0.0,0.0,0.0
216.0,12184.0,34352.0,22168.0,11084.0,1.819435325016415,56.93740237779344,10184.628031499211,1.1963127138582865,0.0,0.0,1.0,inf,12184.0,inf,216.0,55.0,161.0,0.0,0.0,0.0,0.0,0.0,0.0
217.0,12229.0,34485.0,22256.0,11128.0,1.81993621718865,56.93740237779344,10184.628031499211,1.2007311373746705,0.0,0.0,1.0,inf,12229.0,inf,216.0,45.0,171.0,0.0,0.0,0.0,0.0,0.0,0.0
218.0,12280.0,34634.0,22354.0,11177.0,1.820358306188925,56.93740237779344,10184.628031499211,1.2057386840265725,0.0,0.0,1.0,inf,12280.0,inf,213.0,51.0,162.0,0.0,0.0,0.0,0.0,0.0,0.0
219.0,12329.0,34781.0,22452.0,11226.0,1.8210722686349259,57.07244949206972,10232.998195802564,1.204827731236891,0.0,0.0,1.0,inf,12329.0,inf,211.0,49.0,162.0,0.0,0.0,0.0,0.0,0.0,0.0
220.0,12382.0,34938.0,22556.0,11278.0,1.8216766273623002,57.07244949206972,10232.998195802564,1.210007053952079,0.0,0.0,1.0,inf,12382.0,inf,217.0,53.0,164.0,0.0,0.0,0.0,0.0,0.0,0.0
221.0,12437.0,35089.0,22652.0,11326.0,1.8213395513387474,57.38340584262676,10344.809913313,1.2022453872249994,0.0,0.0,1.0,inf,12437.0,inf,217.0,55.0,162.0,0.0,0.0,0.0,0.0,0.0,0.0
222.0,12484.0,35220.0,22736.0,11368.0,1.8212111502723487,57.38340584262676,10344.809913313,1.2067887283200847,0.0,0.0,1.0,inf,12484.0,inf,216.0,47.0,169.0,0.0,0.0,0.0,0.0,0.0,0.0
223.0,12530.0,35350.0,22820.0,11410.0,1.8212290502793296,57.38340584262676,10344.809913313,1.2112354025833596,0.0,0.0,1.0,inf,12530.0,inf,213.0,46.0,167.0,0.0,0.0,0.0,0.0,0.0,0.0
224.0,12575.0,35477.0,22902.0,11451.0,1.8212326043737574,57.38340584262676,10344.809913313,1.215585410014824,0.0,0.0,1.0,inf,12575.0,inf,216.0,45.0,171.0,0.0,0.0,0.0,0.0,0.0,0.0
225.0,12625.0,35615.0,22990.0,11495.0,1.820990099009901,57.38340584262676,10344.809913313,1.2204187516053404,0.0,0.0,1.0,inf,12625.0,inf,213.0,50.0,163.0,0.0,0.0,0.0,0.0,0.0,0.0
226.0,12677.0,35763.0,23086.0,11543.0,1.8210933186085037,57.38340584262676,10344.809913313,1.2254454268594772,0.0,0.0,1.0,inf,12677.0,inf,212.0,52.0,160.0,0.0,0.0,0.0,0.0,0.0,0.0
227.0,12732.0,35916.0,23184.0,11592.0,1.820923656927427,57.38340584262676,10344.809913313,1.230762102609045,0.0,0.0,1.0,inf,12732.0,inf,215.0,55.0,160.0,0.0,0.0,0.0,0.0,0.0,0.0
228.0,12779.0,36051.0,23272.0,11636.0,1.8211127631270052,57.38340584262676,10344.809913313,1.2353054437041302,0.0,0.0,1.0,inf,12779.0,inf,213.0,47.0,166.0,0.0,0.0,0.0,0.0,0.0,0.0
229.0,12823.0,36175.0,23352.0,11676.0,1.8211027060750213,57.38340584262676,10344.809913313,1.2395587843037845,0.0,0.0,1.0,inf,12823.0,inf,216.0,44.0,172.0,0.0,0.0,0.0,0.0,0.0,0.0
230.0,12866.0,36296.0,23430.0,11715.0,1.821078812373698,57.39877752695632,10350.352925220575,1.2430494006295745,0.0,0.0,1.0,inf,12866.0,inf,217.0,43.0,174.0,0.0,0.0,0.0,0.0,0.0,0.0
231.0,12903.0,36403.0,23500.0,11750.0,1.8212818724327675,57.39877752695632,10350.352925220575,1.2466241579607804,0.0,0.0,1.0,inf,12903.0,inf,220.0,37.0,183.0,0.0,0.0,0.0,0.0,0.0,0.0
232.0,12953.0,36545.0,23592.0,11796.0,1.8213541264571913,57.70718421692445,10461.877732327985,1.2381142593527223,0.0,0.0,1.0,inf,12953.0,inf,215.0,50.0,165.0,0.0,0.0,0.0,0.0,0.0,0.0
233.0,12999.0,36677.0,23678.0,11839.0,1.821524732671744,57.70718421692445,10461.877732327985,1.2425111755829565,0.0,0.0,1.0,inf,12999.0,inf,219.0,46.0,173.0,0.0,0.0,0.0,0.0,0.0,0.0
234.0,13038.0,36786.0,23748.0,11874.0,1.8214450069028991,57.70718421692445,10461.877732327985,1.2462389958651117,0.0,0.0,1.0,inf,13038.0,inf,216.0,39.0,177.0,0.0,0.0,0.0,0.0,0.0,0.0
235.0,13082.0,36912.0,23830.0,11915.0,1.8215869133160068,57.70718421692445,10461.877732327985,1.2504447418244664,0.0,0.0,1.0,inf,13082.0,inf,217.0,44.0,173.0,0.0,0.0,0.0,0.0,0.0,0.0
236.0,13127.0,37035.0,23908.0,11954.0,1.8212843757141768,57.70718421692445,10461.877732327985,1.2547460729192608,0.0,0.0,1.0,inf,13127.0,inf,216.0,45.0,171.0,0.0,0.0,0.0,0.0,0.0,0.0
237.0,13186.0,37200.0,24014.0,12007.0,1.8211739723949643,57.816497562123374,10501.55064433321,1.2556240927253308,0.0,0.0,1.0,inf,13186.0,inf,218.0,59.0,159.0,0.0,0.0,0.0,0.0,0.0,0.0
238.0,13246.0,37378.0,24132.0,12066.0,1.821833006190548,57.816497562123374,10501.55064433321,1.2613375346761513,0.0,0.0,1.0,inf,13246.0,inf,215.0,60.0,155.0,0.0,0.0,0.0,0.0,0.0,0.0
239.0,13289.0,37495.0,24206.0,12103.0,1.8215065091429001,57.816497562123374,10501.55064433321,1.2654321680742393,0.0,0.0,1.0,inf,13289.0,inf,214.0,43.0,171.0,0.0,0.0,0.0,0.0,0.0,0.0
240.0,13339.0,37643.0,24304.0,12152.0,1.8220256391033811,58.414374260362315,10719.865352405259,1.2443253307288114,0.0,0.0,1.0,inf,13339.0,inf,214.0,50.0,164.0,0.0,0.0,0.0,0.0,0.0,0.0
241.0,13390.0,37794.0,24404.0,12202.0,1.822554144884242,58.414374260362315,10719.865352405259,1.2490828531718108,0.0,0.0,1.0,inf,13390.0,inf,213.0,51.0,162.0,0.0,0.0,0.0,0.0,0.0,0.0
242.0,13438.0,37928.0,24490.0,12245.0,1.8224438160440541,58.414374260362315,10719.865352405259,1.2535605213534573,0.0,0.0,1.0,inf,13438.0,inf,218.0,48.0,170.0,0.0,0.0,0.0,0.0,0.0,0.0
243.0,13487.0,38065.0,24578.0,12289.0,1.8223474456884408,58.414374260362315,10719.865352405259,1.2581314742888883,0.0,0.0,1.0,inf,13487.0,inf,216.0,49.0,167.0,0.0,0.0,0.0,0.0,0.0,0.0
244.0,13537.0,38205.0,24668.0,12334.0,1.8222649035975476,58.51792188192836,10757.903948362658,1.2583306250898734,0.0,0.0,1.0,inf,13537.0,inf,220.0,50.0,170.0,0.0,0.0,0.0,0.0,0.0,0.0
245.0,13595.0,38367.0,24772.0,12386.0,1.8221404928282456,58.51792188192836,10757.903948362658,1.2637220099059487,0.0,0.0,1.0,inf,13595.0,inf,216.0,58.0,158.0,0.0,0.0,0.0,0.0,0.0,0.0
246.0,13632.0,38476.0,24844.0,12422.0,1.8224765258215962,58.51792188192836,10757.903948362658,1.2671613415989622,0.0,0.0,1.0,inf,13632.0,inf,216.0,37.0,179.0,0.0,0.0,0.0,0.0,0.0,0.0
247.0,13681.0,38617.0,24936.0,12468.0,1.8226737811563483,58.51792188192836,10757.903948362658,1.27171613221944,0.0,0.0,1.0,inf,13681.0,inf,214.0,49.0,165.0,0.0,0.0,0.0,0.0,0.0,0.0
248.0,13730.0,38762.0,25032.0,12516.0,1.8231609613983977,58.51792188192836,10757.903948362658,1.2762709228399174,0.0,0.0,1.0,inf,13730.0,inf,214.0,49.0,165.0,0.0,0.0,0.0,0.0,0.0,0.0
249.0,13779.0,38899.0,25120.0,12560.0,1.823064083024893,58.87597586318997,10889.955619667608,1.2652944126893122,0.0,0.0,1.0,inf,13779.0,inf,214.0,49.0,165.0,0.0,0.0,0.0,0.0,0.0,0.0
250.0,13837.0,39059.0,25222.0,12611.0,1.8227939582279395,59.30566207450268,11049.488899833643,1.2522751165629322,0.0,0.0,1.0,inf,13837.0,inf,217.0,58.0,159.0,0.0,0.0,0.0,0.0,0.0,0.0
251.0,13887.0,39193.0,25306.0,12653.0,1.8222798300568877,59.30566207450268,11049.488899833643,1.2568002127418834,0.0,0.0,1.0,inf,13887.0,inf,216.0,50.0,166.0,0.0,0.0,0.0,0.0,0.0,0.0
252.0,13946.0,39364.0,25418.0,12709.0,1.822601462785028,59.30566207450268,11049.488899833643,1.2621398262330457,0.0,0.0,1.0,inf,13946.0,inf,211.0,59.0,152.0,0.0,0.0,0.0,0.0,0.0,0.0
253.0,13998.0,39510.0,25512.0,12756.0,1.8225460780111444,59.30566207450268,11049.488899833643,1.2668459262591547,0.0,0.0,1.0,inf,13998.0,inf,218.0,52.0,166.0,0.0,0.0,0.0,0.0,0.0,0.0
254.0,14054.0,39668.0,25614.0,12807.0,1.8225416251600968,59.30566207450268,11049.488899833643,1.27191403397958,0.0,0.0,1.0,inf,14054.0,inf,216.0,56.0,160.0,0.0,0.0,0.0,0.0,0.0,0.0
255.0,14103.0,39807.0,25704.0,12852.0,1.822590938098277,59.30566207450268,11049.488899833643,1.276348628234952,0.0,0.0,1.0,inf,14103.0,inf,212.0,49.0,163.0,0.0,0.0,0.0,0.0,0.0,0.0
256.0,14150.0,39934.0,25784.0,12892.0,1.8221908127208482,59.38322259694097,11078.409056895369,1.2772592099939502,0.0,0.0,1.0,inf,14150.0,inf,216.0,47.0,169.0,0.0,0.0,0.0,0.0,0.0,0.0
257.0,14204.0,40084.0,25880.0,12940.0,1.8220219656434806,59.46919854713231,11110.511263845054,1.2784290175935946,0.0,0.0,1.0,inf,14204.0,inf,215.0,54.0,161.0,0.0,0.0,0.0,0.0,0.0,0.0
258.0,14249.0,40209.0,25960.0,12980.0,1.8218822373499894,59.46919854713231,11110.511263845054,1.2824792362497275,0.0,0.0,1.0,inf,14249.0,inf,216.0,45.0,171.0,0.0,0.0,0.0,0.0,0.0,0.0
259.0,14292.0,40322.0,26030.0,13015.0,1.8212986286034145,59.46919854713231,11110.511263845054,1.2863494451878101,0.0,0.0,1.0,inf,14292.0,inf,218.0,43.0,175.0,0.0,0.0,0.0,0.0,0.0,0.0
260.0,14338.0,40456.0,26118.0,13059.0,1.8215929697307853,59.46919854713231,11110.511263845054,1.290489668702968,0.0,0.0,1.0,inf,14338.0,inf,217.0,46.0,171.0,0.0,0.0,0.0,0.0,0.0,0.0
261.0,14378.0,40568.0,26190.0,13095.0,1.8215328974822647,60.04596696329934,11327.069327893341,1.2693486358906292,0.0,0.0,1.0,inf,14378.0,inf,213.0,40.0,173.0,0.0,0.0,0.0,0.0,0.0,0.0
262.0,14436.0,40736.0,26300.0,13150.0,1.8218343031310613,60.04596696329934,11327.069327893341,1.274469113069768,0.0,0.0,1.0,inf,14436.0,inf,220.0,58.0,162.0,0.0,0.0,0.0,0.0,0.0,0.0
263.0,14492.0,40900.0,26408.0,13204.0,1.8222467568313552,60.04596696329934,11327.069327893341,1.2794130220703157,0.0,0.0,1.0,inf,14492.0,inf,217.0,56.0,161.0,0.0,0.0,0.0,0.0,0.0,0.0
264.0,14541.0,41045.0,26504.0,13252.0,1.8227082043875937,60.04596696329934,11327.069327893341,1.283738942445795,0.0,0.0,1.0,inf,14541.0,inf,217.0,49.0,168.0,0.0,0.0,0.0,0.0,0.0,0.0
265.0,14602.0,41210.0,26608.0,13304.0,1.8222161347760581,60.04596696329934,11327.069327893341,1.2891242718928202,0.0,0.0,1.0,inf,14602.0,inf,215.0,61.0,154.0,0.0,0.0,0.0,0.0,0.0,0.0
266.0,14650.0,41334.0,26684.0,13342.0,1.8214334470989761,60.04596696329934,11327.069327893341,1.293361908179004,0.0,0.0,1.0,inf,14650.0,inf,215.0,48.0,167.0,0.0,0.0,0.0,0.0,0.0,0.0
267.0,14696.0,41468.0,26772.0,13386.0,1.8217201959716929,60.04596696329934,11327.069327893341,1.2974229762865968,0.0,0.0,1.0,inf,14696.0,inf,218.0,46.0,172.0,0.0,0.0,0.0,0.0,0.0,0.0
268.0,14745.0,41609.0,26864.0,13432.0,1.8219057307561886,60.04596696329934,11327.069327893341,1.301748896662076,0.0,0.0,1.0,inf,14745.0,inf,217.0,49.0,168.0,0.0,0.0,0.0,0.0,0.0,0.0
269.0,14797.0,41763.0,26966.0,13483.0,1.8223964317091301,60.04596696329934,11327.069327893341,1.3063396693054417,0.0,0.0,1.0,inf,14797.0,inf,218.0,52.0,166.0,0.0,0.0,0.0,0.0,0.0,0.0
270.0,14844.0,41888.0,27044.0,13522.0,1.821880894637564,60.04596696329934,11327.069327893341,1.31048902150233,0.0,0.0,1.0,inf,14844.0,inf,216.0,47.0,169.0,0.0,0.0,0.0,0.0,0.0,0.0
271.0,14895.0,42033.0,27138.0,13569.0,1.8219536757301107,60.04596696329934,11327.069327893341,1.3149915100564002,0.0,0.0,1.0,inf,14895.0,inf,216.0,51.0,165.0,0.0,0.0,0.0,0.0,0.0,0.0
272.0,14941.0,42163.0,27222.0,13611.0,1.8219664011779666,60.04596696329934,11327.069327893341,1.319052578163993,0.0,0.0,1.0,inf,14941.0,inf,216.0,46.0,170.0,0.0,0.0,0.0,0.0,0.0,0.0
273.0,15008.0,42360.0,27352.0,13676.0,1.822494669509595,60.04596696329934,11327.069327893341,1.3249676121467913,0.0,0.0,1.0,inf,15008.0,inf,216.0,67.0,149.0,0.0,0.0,0.0,0.0,0.0,0.0
274.0,15044.0,42464.0,27420.0,13710.0,1.8226535495878755,60.04596696329934,11327.069327893341,1.3281458393614292,0.0,0.0,1.0,inf,15044.0,inf,215.0,36.0,179.0,0.0,0.0,0.0,0.0,0.0,0.0
275.0,15088.0,42588.0,27500.0,13750.0,1.8226405090137858,60.04596696329934,11327.069327893341,1.332030339290431,0.0,0.0,1.0,inf,15088.0,inf,218.0,44.0,174.0,0.0,0.0,0.0,0.0,0.0,0.0
276.0,15139.0,42725.0,27586.0,13793.0,1.822181121606447,60.04596696329934,11327.069327893341,1.336532827844501,0.0,0.0,1.0,inf,15139.0,inf,211.0,51.0,160.0,0.0,0.0,0.0,0.0,0.0,0.0
277.0,15193.0,42881.0,27688.0,13844.0,1.8224182189166063,60.48848504432371,11494.637715539773,1.3217467462641608,0.0,0.0,1.0,inf,15193.0,inf,216.0,54.0,162.0,0.0,0.0,0.0,0.0,0.0,0.0
278.0,15236.0,43002.0,27766.0,13883.0,1.8223943292202678,60.48848504432371,11494.637715539773,1.3254876210149906,0.0,0.0,1.0,inf,15236.0,inf,216.0,43.0,173.0,0.0,0.0,0.0,0.0,0.0,0.0
279.0,15284.0,43138.0,27854.0,13927.0,1.822428683590683,60.48848504432371,11494.637715539773,1.3296634812019634,0.0,0.0,1.0,inf,15284.0,inf,218.0,48.0,170.0,0.0,0.0,0.0,0.0,0.0,0.0
280.0,15338.0,43290.0,27952.0,13976.0,1.8224018776893989,60.48848504432371,11494.637715539773,1.334361323912308,0.0,0.0,1.0,inf,15338.0,inf,211.0,54.0,157.0,0.0,0.0,0.0,0.0,0.0,0.0
281.0,15386.0,43424.0,28038.0,14019.0,1.8223059924606786,60.48848504432371,11494.637715539773,1.338537184099281,0.0,0.0,1.0,inf,15386.0,inf,217.0,48.0,169.0,0.0,0.0,0.0,0.0,0.0,0.0
282.0,15442.0,43586.0,28144.0,14072.0,1.822561844320684,60.48848504432371,11494.637715539773,1.3434090209840828,0.0,0.0,1.0,inf,15442.0,inf,217.0,56.0,161.0,0.0,0.0,0.0,0.0,0.0,0.0
283.0,15482.0,43706.0,28224.0,14112.0,1.8230202816173622,60.73971379298714,11590.318088718737,1.3357700695953438,0.0,0.0,1.0,inf,15482.0,inf,215.0,40.0,175.0,0.0,0.0,0.0,0.0,0.0,0.0
284.0,15529.0,43839.0,28310.0,14155.0,1.8230407624444587,60.73971379298714,11590.318088718737,1.3398251783197321,0.0,0.0,1.0,inf,15529.0,inf,219.0,47.0,172.0,0.0,0.0,0.0,0.0,0.0,0.0
285.0,15579.0,43979.0,28400.0,14200.0,1.8229668143013031,60.73971379298714,11590.318088718737,1.3441391237712093,0.0,0.0,1.0,inf,15579.0,inf,216.0,50.0,166.0,0.0,0.0,0.0,0.0,0.0,0.0
286.0,15630.0,44128.0,28498.0,14249.0,1.8232885476647473,60.73971379298714,11590.318088718737,1.3485393481317158,0.0,0.0,1.0,inf,15630.0,inf,215.0,51.0,164.0,0.0,0.0,0.0,0.0,0.0,0.0
287.0,15689.0,44297.0,28608.0,14304.0,1.8234431767480401,60.96693702751506,11677.197510512842,1.3435586737207605,0.0,0.0,1.0,inf,15689.0,inf,214.0,59.0,155.0,0.0,0.0,0.0,0.0,0.0,0.0
288.0,15750.0,44470.0,28720.0,14360.0,1.8234920634920635,60.96693702751506,11677.197510512842,1.3487825298681864,0.0,0.0,1.0,inf,15750.0,inf,218.0,61.0,157.0,0.0,0.0,0.0,0.0,0.0,0.0
289.0,15797.0,44605.0,28808.0,14404.0,1.8236373995062354,61.10945547363101,11731.855372306864,1.3465048365059922,0.0,0.0,1.0,inf,15797.0,inf,216.0,47.0,169.0,0.0,0.0,0.0,0.0,0.0,0.0
290.0,15850.0,44756.0,28906.0,14453.0,1.8237223974763408,61.10945547363101,11731.855372306864,1.35102245101095,0.0,0.0,1.0,inf,15850.0,inf,215.0,53.0,162.0,0.0,0.0,0.0,0.0,0.0,0.0
291.0,15906.0,44920.0,29014.0,14507.0,1.8240915377844837,61.10945547363101,11731.855372306864,1.3557957795444902,0.0,0.0,1.0,inf,15906.0,inf,214.0,56.0,158.0,0.0,0.0,0.0,0.0,0.0,0.0
292.0,15956.0,45062.0,29106.0,14553.0,1.824141388819253,61.11676603635622,11734.662518731771,1.3597323292876813,0.0,0.0,1.0,inf,15956.0,inf,216.0,50.0,166.0,0.0,0.0,0.0,0.0,0.0,0.0
293.0,16011.0,45215.0,29204.0,14602.0,1.8239960027481106,61.11676603635622,11734.662518731771,1.3644192983344863,0.0,0.0,1.0,inf,16011.0,inf,216.0,55.0,161.0,0.0,0.0,0.0,0.0,0.0,0.0
294.0,16059.0,45343.0,29284.0,14642.0,1.8235257488012953,61.11676603635622,11734.662518731771,1.3685097440480618,0.0,0.0,1.0,inf,16059.0,inf,215.0,48.0,167.0,0.0,0.0,0.0,0.0,0.0,0.0
295.0,16110.0,45478.0,29368.0,14684.0,1.8229671011793918,61.11676603635622,11734.662518731771,1.3728558426187356,0.0,0.0,1.0,inf,16110.0,inf,217.0,51.0,166.0,0.0,0.0,0.0,0.0,0.0,0.0
296.0,16165.0,45635.0,29470.0,14735.0,1.8230745437673987,61.11676603635622,11734.662518731771,1.3775428116655406,0.0,0.0,1.0,inf,16165.0,inf,216.0,55.0,161.0,0.0,0.0,0.0,0.0,0.0,0.0
297.0,16212.0,45766.0,29554.0,14777.0,1.822970639032815,61.14084855055548,11743.912218056403,1.3804599096946468,0.0,0.0,1.0,inf,16212.0,inf,218.0,47.0,171.0,0.0,0.0,0.0,0.0,0.0,0.0
298.0,16264.0,45912.0,29648.0,14824.0,1.822921790457452,61.14561452431675,11745.743182470862,1.3846718549297166,0.0,0.0,1.0,inf,16264.0,inf,219.0,52.0,167.0,0.0,0.0,0.0,0.0,0.0,0.0
299.0,16302.0,46020.0,29718.0,14859.0,1.8229665071770336,61.14561452431675,11745.743182470862,1.3879070695440383,0.0,0.0,1.0,inf,16302.0,inf,217.0,38.0,179.0,0.0,0.0,0.0,0.0,0.0,0.0
300.0,16343.0,46133.0,29790.0,14895.0,1.8227987517591628,61.535026278181306,11895.827378952728,1.373843069454391,0.0,0.0,1.0,inf,16343.0,inf,217.0,41.0,176.0,0.0,0.0,0.0,0.0,0.0,0.0
301.0,16394.0,46278.0,29884.0,14942.0,1.8228620226912284,61.535026278181306,11895.827378952728,1.378130287011888,0.0,0.0,1.0,inf,16394.0,inf,218.0,51.0,167.0,0.0,0.0,0.0,0.0,0.0,0.0
302.0,16454.0,46450.0,29996.0,14998.0,1.8230217576273247,61.94977164223258,12056.723253354594,1.364715740275612,0.0,0.0,1.0,inf,16454.0,inf,214.0,60.0,154.0,0.0,0.0,0.0,0.0,0.0,0.0
303.0,16496.0,46566.0,30070.0,15035.0,1.8228661493695442,61.94977164223258,12056.723253354594,1.368199273829251,0.0,0.0,1.0,inf,16496.0,inf,216.0,42.0,174.0,0.0,0.0,0.0,0.0,0.0,0.0
304.0,16548.0,46708.0,30160.0,15080.0,1.8225767464346145,61.94977164223258,12056.723253354594,1.3725122201337563,0.0,0.0,1.0,inf,16548.0,inf,217.0,52.0,165.0,0.0,0.0,0.0,0.0,0.0,0.0
305.0,16595.0,46843.0,30248.0,15124.0,1.8227176860500152,61.94977164223258,12056.723253354594,1.3764104600628286,0.0,0.0,1.0,inf,16595.0,inf,214.0,47.0,167.0,0.0,0.0,0.0,0.0,0.0,0.0
306.0,16649.0,46997.0,30348.0,15174.0,1.8228121809117666,61.94977164223258,12056.723253354594,1.3808892889175073,0.0,0.0,1.0,inf,16649.0,inf,219.0,54.0,165.0,0.0,0.0,0.0,0.0,0.0,0.0
307.0,16710.0,47164.0,30454.0,15227.0,1.8225014961101138,61.96820453663819,12063.899175526687,1.3851243082252032,0.0,0.0,1.0,inf,16710.0,inf,220.0,61.0,159.0,0.0,0.0,0.0,0.0,0.0,0.0
308.0,16755.0,47287.0,30532.0,15266.0,1.8222620113398986,62.74896806563951,12369.810565761665,1.3545074042100596,0.0,0.0,1.0,inf,16755.0,inf,217.0,45.0,172.0,0.0,0.0,0.0,0.0,0.0,0.0
309.0,16816.0,47468.0,30652.0,15326.0,1.8227878211227402,62.74896806563951,12369.810565761665,1.3594387650967688,0.0,0.0,1.0,inf,16816.0,inf,219.0,61.0,158.0,0.0,0.0,0.0,0.0,0.0,0.0
310.0,16872.0,47630.0,30758.0,15379.0,1.8230203888098624,62.74896806563951,12369.810565761665,1.3639659160747313,0.0,0.0,1.0,inf,16872.0,inf,216.0,56.0,160.0,0.0,0.0,0.0,0.0,0.0,0.0
311.0,16933.0,47807.0,30874.0,15437.0,1.8233036083387468,62.74896806563951,12369.810565761665,1.3688972769614405,0.0,0.0,1.0,inf,16933.0,inf,219.0,61.0,158.0,0.0,0.0,0.0,0.0,0.0,0.0
312.0,16990.0,47958.0,30968.0,15484.0,1.8227192466156563,63.16585329418126,12534.719138689476,1.355435236483195,0.0,0.0,1.0,inf,16990.0,inf,216.0,57.0,159.0,0.0,0.0,0.0,0.0,0.0,0.0
313.0,17040.0,48100.0,31060.0,15530.0,1.8227699530516432,63.16585329418126,12534.719138689476,1.3594241571320567,0.0,0.0,1.0,inf,17040.0,inf,215.0,50.0,165.0,0.0,0.0,0.0,0.0,0.0,0.0
314.0,17086.0,48230.0,31144.0,15572.0,1.822778883296266,63.16585329418126,12534.719138689476,1.3630939641290094,0.0,0.0,1.0,inf,17086.0,inf,215.0,46.0,169.0,0.0,0.0,0.0,0.0,0.0,0.0
315.0,17139.0,48387.0,31248.0,15624.0,1.8232102223000175,63.16585329418126,12534.719138689476,1.3673222200168027,0.0,0.0,1.0,inf,17139.0,inf,218.0,53.0,165.0,0.0,0.0,0.0,0.0,0.0,0.0
316.0,17190.0,48528.0,31338.0,15669.0,1.8230366492146597,63.16585329418126,12534.719138689476,1.3713909190786417,0.0,0.0,1.0,inf,17190.0,inf,213.0,51.0,162.0,0.0,0.0,0.0,0.0,0.0,0.0
317.0,17228.0,48634.0,31406.0,15703.0,1.822962618992338,63.16585329418126,12534.719138689476,1.3744224987717766,0.0,0.0,1.0,inf,17228.0,inf,215.0,38.0,177.0,0.0,0.0,0.0,0.0,0.0,0.0
318.0,17278.0,48782.0,31504.0,15752.0,1.823359185090867,63.16585329418126,12534.719138689476,1.3784114194206383,0.0,0.0,1.0,inf,17278.0,inf,219.0,50.0,169.0,0.0,0.0,0.0,0.0,0.0,0.0
319.0,17337.0,48951.0,31614.0,15807.0,1.8234988752379304,63.16585329418126,12534.719138689476,1.383118345786295,0.0,0.0,1.0,inf,17337.0,inf,216.0,59.0,157.0,0.0,0.0,0.0,0.0,0.0,0.0
320.0,17396.0,49114.0,31718.0,15859.0,1.8232927109680386,63.282088285396426,12580.893247683976,1.3827317073215322,0.0,0.0,1.0,inf,17396.0,inf,216.0,59.0,157.0,0.0,0.0,0.0,0.0,0.0,0.0
321.0,17439.0,49231.0,31792.0,15896.0,1.8230403119444922,63.282088285396426,12580.893247683976,1.3861495886399287,0.0,0.0,1.0,inf,17439.0,inf,212.0,43.0,169.0,0.0,0.0,0.0,0.0,0.0,0.0
322.0,17480.0,49350.0,31870.0,15935.0,1.8232265446224256,64.0170663262314,12874.827201096849,1.3576881248169934,0.0,0.0,1.0,inf,17480.0,inf,218.0,41.0,177.0,0.0,0.0,0.0,0.0,0.0,0.0
323.0,17538.0,49520.0,31982.0,15991.0,1.8235830767476338,64.0170663262314,12874.827201096849,1.3621930396476218,0.0,0.0,1.0,inf,17538.0,inf,216.0,58.0,158.0,0.0,0.0,0.0,0.0,0.0,0.0
324.0,17591.0,49671.0,32080.0,16040.0,1.8236598260474106,64.0170663262314,12874.827201096849,1.366309599751472,0.0,0.0,1.0,inf,17591.0,inf,211.0,53.0,158.0,0.0,0.0,0.0,0.0,0.0,0.0
325.0,17641.0,49815.0,32174.0,16087.0,1.8238195113655689,64.0170663262314,12874.827201096849,1.3701931470192552,0.0,0.0,1.0,inf,17641.0,inf,216.0,50.0,166.0,0.0,0.0,0.0,0.0,0.0,0.0
326.0,17689.0,49949.0,32260.0,16130.0,1.8237322629882977,64.0170663262314,12874.827201096849,1.373921352396327,0.0,0.0,1.0,inf,17689.0,inf,215.0,48.0,167.0,0.0,0.0,0.0,0.0,0.0,0.0
327.0,17737.0,50085.0,32348.0,16174.0,1.8237582454755596,64.0170663262314,12874.827201096849,1.377649557773399,0.0,0.0,1.0,inf,17737.0,inf,215.0,48.0,167.0,0.0,0.0,0.0,0.0,0.0,0.0
328.0,17790.0,50228.0,32438.0,16219.0,1.8233839235525575,64.0170663262314,12874.827201096849,1.3817661178772491,0.0,0.0,1.0,inf,17790.0,inf,217.0,53.0,164.0,0.0,0.0,0.0,0.0,0.0,0.0
329.0,17843.0,50377.0,32534.0,16267.0,1.8233480916886173,64.0170663262314,12874.827201096849,1.385882677981099,0.0,0.0,1.0,inf,17843.0,inf,219.0,53.0,166.0,0.0,0.0,0.0,0.0,0.0,0.0
330.0,17898.0,50530.0,32632.0,16316.0,1.8232204715610683,64.0170663262314,12874.827201096849,1.3901545799756607,0.0,0.0,1.0,inf,17898.0,inf,213.0,55.0,158.0,0.0,0.0,0.0,0.0,0.0,0.0
331.0,17948.0,50676.0,32728.0,16364.0,1.8234900824604412,64.0170663262314,12874.827201096849,1.394038127243444,0.0,0.0,1.0,inf,17948.0,inf,214.0,50.0,164.0,0.0,0.0,0.0,0.0,0.0,0.0
332.0,17998.0,50818.0,32820.0,16410.0,1.8235359484387155,64.0170663262314,12874.827201096849,1.397921674511227,0.0,0.0,1.0,inf,17998.0,inf,217.0,50.0,167.0,0.0,0.0,0.0,0.0,0.0,0.0
333.0,18043.0,50953.0,32910.0,16455.0,1.8239760571966968,64.0170663262314,12874.827201096849,1.4014168670522318,0.0,0.0,1.0,inf,18043.0,inf,219.0,45.0,174.0,0.0,0.0,0.0,0.0,0.0,0.0
334.0,18100.0,51114.0,33014.0,16507.0,1.823977900552486,64.0170663262314,12874.827201096849,1.4058441109375046,0.0,0.0,1.0,inf,18100.0,inf,219.0,57.0,162.0,0.0,0.0,0.0,0.0,0.0,0.0
335.0,18153.0,51259.0,33106.0,16553.0,1.8237205971464772,64.0170663262314,12874.827201096849,1.4099606710413548,0.0,0.0,1.0,inf,18153.0,inf,217.0,53.0,164.0,0.0,0.0,0.0,0.0,0.0,0.0
336.0,18193.0,51373.0,33180.0,16590.0,1.8237783762985764,64.0170663262314,12874.827201096849,1.4130675088555813,0.0,0.0,1.0,inf,18193.0,inf,216.0,40.0,176.0,0.0,0.0,0.0,0.0,0.0,0.0
337.0,18243.0,51517.0,33274.0,16637.0,1.8239324672477115,64.0170663262314,12874.827201096849,1.4169510561233645,0.0,0.0,1.0,inf,18243.0,inf,217.0,50.0,167.0,0.0,0.0,0.0,0.0,0.0,0.0
338.0,18296.0,51670.0,33374.0,16687.0,1.8241145605596851,64.03877623095303,12883.561080444095,1.4201042619941022,0.0,0.0,1.0,inf,18296.0,inf,214.0,53.0,161.0,0.0,0.0,0.0,0.0,0.0,0.0
339.0,18340.0,51800.0,33460.0,16730.0,1.8244274809160306,64.03877623095303,12883.561080444095,1.42351946682181,0.0,0.0,1.0,inf,18340.0,inf,215.0,44.0,171.0,0.0,0.0,0.0,0.0,0.0,0.0
340.0,18391.0,51939.0,33548.0,16774.0,1.8241531183731172,64.03877623095303,12883.561080444095,1.4274779996902893,0.0,0.0,1.0,inf,18391.0,inf,216.0,51.0,165.0,0.0,0.0,0.0,0.0,0.0,0.0
341.0,18443.0,52087.0,33644.0,16822.0,1.8242151493791683,64.03877623095303,12883.561080444095,1.4315141508503075,0.0,0.0,1.0,inf,18443.0,inf,219.0,52.0,167.0,0.0,0.0,0.0,0.0,0.0,0.0
342.0,18495.0,52229.0,33734.0,16867.0,1.8239524195728576,64.03877623095303,12883.561080444095,1.4355503020103257,0.0,0.0,1.0,inf,18495.0,inf,217.0,52.0,165.0,0.0,0.0,0.0,0.0,0.0,0.0
343.0,18548.0,52380.0,33832.0,16916.0,1.8240241535475523,64.03877623095303,12883.561080444095,1.439664071461883,0.0,0.0,1.0,inf,18548.0,inf,216.0,53.0,163.0,0.0,0.0,0.0,0.0,0.0,0.0
344.0,18595.0,52511.0,33916.0,16958.0,1.8239311642914762,64.81620322166468,13198.27118924737,1.4088966451264726,0.0,0.0,1.0,inf,18595.0,inf,218.0,47.0,171.0,0.0,0.0,0.0,0.0,0.0,0.0
345.0,18641.0,52643.0,34002.0,17001.0,1.8240437744756182,64.81620322166468,13198.27118924737,1.4123819500834942,0.0,0.0,1.0,inf,18641.0,inf,217.0,46.0,171.0,0.0,0.0,0.0,0.0,0.0,0.0
346.0,18704.0,52824.0,34120.0,17060.0,1.8242087254063302,64.81620322166468,13198.27118924737,1.4171553025246326,0.0,0.0,1.0,inf,18704.0,inf,218.0,63.0,155.0,0.0,0.0,0.0,0.0,0.0,0.0
347.0,18760.0,52984.0,34224.0,17112.0,1.8243070362473348,64.81620322166468,13198.27118924737,1.421398282472311,0.0,0.0,1.0,inf,18760.0,inf,219.0,56.0,163.0,0.0,0.0,0.0,0.0,0.0,0.0
348.0,18801.0,53105.0,34304.0,17152.0,1.8245837987341098,64.81620322166468,13198.27118924737,1.4245047499340044,0.0,0.0,1.0,inf,18801.0,inf,219.0,41.0,178.0,0.0,0.0,0.0,0.0,0.0,0.0
349.0,18843.0,53223.0,34380.0,17190.0,1.8245502308549595,64.81620322166468,13198.27118924737,1.4276869848947633,0.0,0.0,1.0,inf,18843.0,inf,215.0,42.0,173.0,0.0,0.0,0.0,0.0,0.0,0.0
350.0,18903.0,53397.0,34494.0,17247.0,1.8247897159181083,64.81620322166468,13198.27118924737,1.4322330348387045,0.0,0.0,1.0,inf,18903.0,inf,216.0,60.0,156.0,0.0,0.0,0.0,0.0,0.0,0.0
351.0,18949.0,53529.0,34580.0,17290.0,1.8248984115256741,64.81620322166468,13198.27118924737,1.4357183397957263,0.0,0.0,1.0,inf,18949.0,inf,216.0,46.0,170.0,0.0,0.0,0.0,0.0,0.0,0.0
352.0,19000.0,53678.0,34678.0,17339.0,1.825157894736842,64.81620322166468,13198.27118924737,1.4395824822480763,0.0,0.0,1.0,inf,19000.0,inf,218.0,51.0,167.0,0.0,0.0,0.0,0.0,0.0,0.0
353.0,19049.0,53817.0,34768.0,17384.0,1.8251876738936428,64.81620322166468,13198.27118924737,1.443295089702295,0.0,0.0,1.0,inf,19049.0,inf,217.0,49.0,168.0,0.0,0.0,0.0,0.0,0.0,0.0
354.0,19098.0,53960.0,34862.0,17431.0,1.8254267462561524,64.81620322166468,13198.27118924737,1.4470076971565138,0.0,0.0,1.0,inf,19098.0,inf,214.0,49.0,165.0,0.0,0.0,0.0,0.0,0.0,0.0
355.0,19146.0,54100.0,34954.0,17477.0,1.8256554893972632,64.81620322166468,13198.27118924737,1.4506445371116667,0.0,0.0,1.0,inf,19146.0,inf,214.0,48.0,166.0,0.0,0.0,0.0,0.0,0.0,0.0
356.0,19201.0,54259.0,35058.0,17529.0,1.8258424040414563,64.81620322166468,13198.27118924737,1.4548117495602797,0.0,0.0,1.0,inf,19201.0,inf,216.0,55.0,161.0,0.0,0.0,0.0,0.0,0.0,0.0
357.0,19253.0,54407.0,35154.0,17577.0,1.8258972627642445,64.81620322166468,13198.27118924737,1.4587516595116954,0.0,0.0,1.0,inf,19253.0,inf,218.0,52.0,166.0,0.0,0.0,0.0,0.0,0.0,0.0
358.0,19310.0,54578.0,35268.0,17634.0,1.8264111859140342,65.73171385544877,13573.748079818884,1.4225989672454311,0.0,0.0,1.0,inf,19310.0,inf,216.0,57.0,159.0,0.0,0.0,0.0,0.0,0.0,0.0
359.0,19358.0,54712.0,35354.0,17677.0,1.826325033577849,65.73171385544877,13573.748079818884,1.4261352049682579,0.0,0.0,1.0,inf,19358.0,inf,217.0,48.0,169.0,0.0,0.0,0.0,0.0,0.0,0.0
360.0,19416.0,54886.0,35470.0,17735.0,1.82684384013185,65.73171385544877,13573.748079818884,1.43040815888334,0.0,0.0,1.0,inf,19416.0,inf,220.0,58.0,162.0,0.0,0.0,0.0,0.0,0.0,0.0
361.0,19476.0,55056.0,35580.0,17790.0,1.8268638324091189,65.73171385544877,13573.748079818884,1.4348284560368731,0.0,0.0,1.0,inf,19476.0,inf,218.0,60.0,158.0,0.0,0.0,0.0,0.0,0.0,0.0
362.0,19531.0,55213.0,35682.0,17841.0,1.8269417848548462,65.73171385544877,13573.748079818884,1.4388803950942786,0.0,0.0,1.0,inf,19531.0,inf,218.0,55.0,163.0,0.0,0.0,0.0,0.0,0.0,0.0
363.0,19586.0,55374.0,35788.0,17894.0,1.8272235270090882,65.73171385544877,13573.748079818884,1.442932334151684,0.0,0.0,1.0,inf,19586.0,inf,218.0,55.0,163.0,0.0,0.0,0.0,0.0,0.0,0.0
364.0,19646.0,55546.0,35900.0,17950.0,1.827343988598188,65.73171385544877,13573.748079818884,1.447352631305217,0.0,0.0,1.0,inf,19646.0,inf,216.0,60.0,156.0,0.0,0.0,0.0,0.0,0.0,0.0
365.0,19701.0,55709.0,36008.0,18004.0,1.8277244809908126,65.73171385544877,13573.748079818884,1.4514045703626224,0.0,0.0,1.0,inf,19701.0,inf,214.0,55.0,159.0,0.0,0.0,0.0,0.0,0.0,0.0
366.0,19739.0,55815.0,36076.0,18038.0,1.8276508435077765,65.73171385544877,13573.748079818884,1.4542040918931936,0.0,0.0,1.0,inf,19739.0,inf,218.0,38.0,180.0,0.0,0.0,0.0,0.0,0.0,0.0
367.0,19796.0,55974.0,36178.0,18089.0,1.8275409173570418,65.73171385544877,13573.748079818884,1.45840337418905,0.0,0.0,1.0,inf,19796.0,inf,218.0,57.0,161.0,0.0,0.0,0.0,0.0,0.0,0.0
368.0,19841.0,56105.0,36264.0,18132.0,1.827730457134217,65.73171385544877,13573.748079818884,1.4617185970542,0.0,0.0,1.0,inf,19841.0,inf,216.0,45.0,171.0,0.0,0.0,0.0,0.0,0.0,0.0
369.0,19881.0,56219.0,36338.0,18169.0,1.8277752628137418,65.73171385544877,13573.748079818884,1.464665461823222,0.0,0.0,1.0,inf,19881.0,inf,214.0,40.0,174.0,0.0,0.0,0.0,0.0,0.0,0.0
370.0,19934.0,56372.0,36438.0,18219.0,1.8279321761813987,65.73171385544877,13573.748079818884,1.4685700576421763,0.0,0.0,1.0,inf,19934.0,inf,217.0,53.0,164.0,0.0,0.0,0.0,0.0,0.0,0.0
371.0,19985.0,56523.0,36538.0,18269.0,1.828271203402552,65.73171385544877,13573.748079818884,1.4723273102226795,0.0,0.0,1.0,inf,19985.0,inf,217.0,51.0,166.0,0.0,0.0,0.0,0.0,0.0,0.0
372.0,20035.0,56669.0,36634.0,18317.0,1.8285001247816322,65.73171385544877,13573.748079818884,1.4760108911839573,0.0,0.0,1.0,inf,20035.0,inf,216.0,50.0,166.0,0.0,0.0,0.0,0.0,0.0,0.0
373.0,20079.0,56789.0,36710.0,18355.0,1.8282783007121868,65.73171385544877,13573.748079818884,1.4792524424298816,0.0,0.0,1.0,inf,20079.0,inf,217.0,44.0,173.0,0.0,0.0,0.0,0.0,0.0,0.0
374.0,20123.0,56909.0,36786.0,18393.0,1.828057446702778,65.73171385544877,13573.748079818884,1.482493993675806,0.0,0.0,1.0,inf,20123.0,inf,215.0,44.0,171.0,0.0,0.0,0.0,0.0,0.0,0.0
375.0,20168.0,57034.0,36866.0,18433.0,1.8279452598175328,65.73171385544877,13573.748079818884,1.4858092165409558,0.0,0.0,1.0,inf,20168.0,inf,217.0,45.0,172.0,0.0,0.0,0.0,0.0,0.0,0.0
376.0,20212.0,57162.0,36950.0,18475.0,1.828121907777558,65.73171385544877,13573.748079818884,1.48905076778688,0.0,0.0,1.0,inf,20212.0,inf,216.0,44.0,172.0,0.0,0.0,0.0,0.0,0.0,0.0
377.0,20265.0,57301.0,37036.0,18518.0,1.8275845053047126,65.73171385544877,13573.748079818884,1.4929553636058344,0.0,0.0,1.0,inf,20265.0,inf,219.0,53.0,166.0,0.0,0.0,0.0,0.0,0.0,0.0
378.0,20313.0,57427.0,37114.0,18557.0,1.827105794318909,66.2694744410696,13796.754148439684,1.4723028171301622,0.0,0.0,1.0,inf,20313.0,inf,216.0,48.0,168.0,0.0,0.0,0.0,0.0,0.0,0.0
379.0,20366.0,57574.0,37208.0,18604.0,1.8269665128154768,66.2694744410696,13796.754148439684,1.4761443003826558,0.0,0.0,1.0,inf,20366.0,inf,219.0,53.0,166.0,0.0,0.0,0.0,0.0,0.0,0.0
380.0,20411.0,57703.0,37292.0,18646.0,1.827054039488511,66.2694744410696,13796.754148439684,1.4794059371064707,0.0,0.0,1.0,inf,20411.0,inf,217.0,45.0,172.0,0.0,0.0,0.0,0.0,0.0,0.0
381.0,20464.0,57856.0,37392.0,18696.0,1.8272087568412823,66.2694744410696,13796.754148439684,1.4832474203589643,0.0,0.0,1.0,inf,20464.0,inf,219.0,53.0,166.0,0.0,0.0,0.0,0.0,0.0,0.0
382.0,20515.0,58001.0,37486.0,18743.0,1.827248354862296,66.2694744410696,13796.754148439684,1.486943941979288,0.0,0.0,1.0,inf,20515.0,inf,216.0,51.0,165.0,0.0,0.0,0.0,0.0,0.0,0.0
383.0,20557.0,58117.0,37560.0,18780.0,1.8271148513888213,66.2694744410696,13796.754148439684,1.4899881362548488,0.0,0.0,1.0,inf,20557.0,inf,218.0,42.0,176.0,0.0,0.0,0.0,0.0,0.0,0.0
384.0,20611.0,58263.0,37652.0,18826.0,1.8267915190917472,66.2694744410696,13796.754148439684,1.4939021003234272,0.0,0.0,1.0,inf,20611.0,inf,217.0,54.0,163.0,0.0,0.0,0.0,0.0,0.0,0.0
385.0,20664.0,58412.0,37748.0,18874.0,1.8267518389469608,66.2694744410696,13796.754148439684,1.4977435835759205,0.0,0.0,1.0,inf,20664.0,inf,218.0,53.0,165.0,0.0,0.0,0.0,0.0,0.0,0.0
386.0,20702.0,58512.0,37810.0,18905.0,1.826393585160854,66.2694744410696,13796.754148439684,1.5004978545871421,0.0,0.0,1.0,inf,20702.0,inf,215.0,38.0,177.0,0.0,0.0,0.0,0.0,0.0,0.0
387.0,20747.0,58637.0,37890.0,18945.0,1.8262881380440545,66.2694744410696,13796.754148439684,1.5037594913109573,0.0,0.0,1.0,inf,20747.0,inf,217.0,45.0,172.0,0.0,0.0,0.0,0.0,0.0,0.0
388.0,20795.0,58777.0,37982.0,18991.0,1.8264967540274104,66.2694744410696,13796.754148439684,1.507238570483027,0.0,0.0,1.0,inf,20795.0,inf,218.0,48.0,170.0,0.0,0.0,0.0,0.0,0.0,0.0
389.0,20846.0,58914.0,38068.0,19034.0,1.8261536985512807,66.2694744410696,13796.754148439684,1.5109350921033506,0.0,0.0,1.0,inf,20846.0,inf,217.0,51.0,166.0,0.0,0.0,0.0,0.0,0.0,0.0
390.0,20895.0,59053.0,38158.0,19079.0,1.8261785116056473,66.2694744410696,13796.754148439684,1.514486652091505,0.0,0.0,1.0,inf,20895.0,inf,220.0,49.0,171.0,0.0,0.0,0.0,0.0,0.0,0.0
391.0,20937.0,59165.0,38228.0,19114.0,1.825858527964847,66.2694744410696,13796.754148439684,1.5175308463670658,0.0,0.0,1.0,inf,20937.0,inf,220.0,42.0,178.0,0.0,0.0,0.0,0.0,0.0,0.0
392.0,20991.0,59319.0,38328.0,19164.0,1.8259253965985422,66.2694744410696,13796.754148439684,1.521444810435644,0.0,0.0,1.0,inf,20991.0,inf,217.0,54.0,163.0,0.0,0.0,0.0,0.0,0.0,0.0
393.0,21039.0,59453.0,38414.0,19207.0,1.8258472360853653,66.2694744410696,13796.754148439684,1.5249238896077135,0.0,0.0,1.0,inf,21039.0,inf,220.0,48.0,172.0,0.0,0.0,0.0,0.0,0.0,0.0
394.0,21083.0,59575.0,38492.0,19246.0,1.8257363752786606,66.2694744410696,13796.754148439684,1.528113045515444,0.0,0.0,1.0,inf,21083.0,inf,220.0,44.0,176.0,0.0,0.0,0.0,0.0,0.0,0.0
395.0,21126.0,59692.0,38566.0,19283.0,1.8255230521632113,66.2694744410696,13796.754148439684,1.5312297206070895,0.0,0.0,1.0,inf,21126.0,inf,218.0,43.0,175.0,0.0,0.0,0.0,0.0,0.0,0.0
396.0,21171.0,59815.0,38644.0,19322.0,1.8253270983893062,66.2694744410696,13796.754148439684,1.5344913573309047,0.0,0.0,1.0,inf,21171.0,inf,219.0,45.0,174.0,0.0,0.0,0.0,0.0,0.0,0.0
397.0,21215.0,59939.0,38724.0,19362.0,1.8253122790478435,66.2694744410696,13796.754148439684,1.537680513238635,0.0,0.0,1.0,inf,21215.0,inf,218.0,44.0,174.0,0.0,0.0,0.0,0.0,0.0,0.0
398.0,21260.0,60062.0,38802.0,19401.0,1.8251175917215428,66.2694744410696,13796.754148439684,1.54094214996245,0.0,0.0,1.0,inf,21260.0,inf,219.0,45.0,174.0,0.0,0.0,0.0,0.0,0.0,0.0
399.0,21301.0,60173.0,38872.0,19436.0,1.8248908501948264,66.2694744410696,13796.754148439684,1.5439138634219263,0.0,0.0,1.0,inf,21301.0,inf,216.0,41.0,175.0,0.0,0.0,0.0,0.0,0.0,0.0
400.0,21358.0,60328.0,38970.0,19485.0,1.8246090457908044,66.2694744410696,13796.754148439684,1.5480452699387588,0.0,0.0,1.0,inf,21358.0,inf,217.0,57.0,160.0,0.0,0.0,0.0,0.0,0.0,0.0
401.0,21397.0,60443.0,39046.0,19523.0,1.8248352572790578,66.2694744410696,13796.754148439684,1.5508720217660652,0.0,0.0,1.0,inf,21397.0,inf,219.0,39.0,180.0,0.0,0.0,0.0,0.0,0.0,0.0
402.0,21436.0,60552.0,39116.0,19558.0,1.8247807426758724,66.2694744410696,13796.754148439684,1.5536987735933716,0.0,0.0,1.0,inf,21436.0,inf,219.0,39.0,180.0,0.0,0.0,0.0,0.0,0.0,0.0
403.0,21484.0,60686.0,39202.0,19601.0,1.8247067585179668,66.2694744410696,13796.754148439684,1.5571778527654412,0.0,0.0,1.0,inf,21484.0,inf,220.0,48.0,172.0,0.0,0.0,0.0,0.0,0.0,0.0
404.0,21525.0,60805.0,39280.0,19640.0,1.8248548199767711,66.2694744410696,13796.754148439684,1.5601495662249172,0.0,0.0,1.0,inf,21525.0,inf,218.0,41.0,177.0,0.0,0.0,0.0,0.0,0.0,0.0
405.0,21579.0,60955.0,39376.0,19688.0,1.824737012836554,66.2694744410696,13796.754148439684,1.5640635302934953,0.0,0.0,1.0,inf,21579.0,inf,219.0,54.0,165.0,0.0,0.0,0.0,0.0,0.0,0.0
406.0,21621.0,61073.0,39452.0,19726.0,1.8247074603394848,66.2694744410696,13796.754148439684,1.5671077245690561,0.0,0.0,1.0,inf,21621.0,inf,218.0,42.0,176.0,0.0,0.0,0.0,0.0,0.0,0.0
407.0,21669.0,61209.0,39540.0,19770.0,1.8247265679080715,66.2694744410696,13796.754148439684,1.5705868037411257,0.0,0.0,1.0,inf,21669.0,inf,219.0,48.0,171.0,0.0,0.0,0.0,0.0,0.0,0.0
408.0,21711.0,61327.0,39616.0,19808.0,1.8246971581226106,66.2694744410696,13796.754148439684,1.5736309980166865,0.0,0.0,1.0,inf,21711.0,inf,218.0,42.0,176.0,0.0,0.0,0.0,0.0,0.0,0.0
409.0,21762.0,61472.0,39710.0,19855.0,1.8247403731274698,66.2694744410696,13796.754148439684,1.5773275196370102,0.0,0.0,1.0,inf,21762.0,inf,220.0,51.0,169.0,0.0,0.0,0.0,0.0,0.0,0.0
410.0,21813.0,61617.0,39804.0,19902.0,1.8247833860541878,66.3591017138435,13834.098692510132,1.5767561360401234,0.0,0.0,1.0,inf,21813.0,inf,216.0,51.0,165.0,0.0,0.0,0.0,0.0,0.0,0.0
411.0,21842.0,61700.0,39858.0,19929.0,1.8248328907609193,66.3591017138435,13834.098692510132,1.578852405601631,0.0,0.0,1.0,inf,21842.0,inf,217.0,29.0,188.0,0.0,0.0,0.0,0.0,0.0,0.0
412.0,21879.0,61797.0,39918.0,19959.0,1.8244892362539422,66.3591017138435,13834.098692510132,1.5815269564214856,0.0,0.0,1.0,inf,21879.0,inf,220.0,37.0,183.0,0.0,0.0,0.0,0.0,0.0,0.0
413.0,21924.0,61918.0,39994.0,19997.0,1.824210910417807,66.3591017138435,13834.098692510132,1.5847797884996868,0.0,0.0,1.0,inf,21924.0,inf,218.0,45.0,173.0,0.0,0.0,0.0,0.0,0.0,0.0
414.0,21958.0,62012.0,40054.0,20027.0,1.8241187722014756,66.3591017138435,13834.098692510132,1.587237483847661,0.0,0.0,1.0,inf,21958.0,inf,218.0,34.0,184.0,0.0,0.0,0.0,0.0,0.0,0.0
415.0,21996.0,62116.0,40120.0,20060.0,1.82396799418076,66.3591017138435,13834.098692510132,1.589984319824809,0.0,0.0,1.0,inf,21996.0,inf,220.0,38.0,182.0,0.0,0.0,0.0,0.0,0.0,0.0
416.0,22039.0,62243.0,40204.0,20102.0,1.824220699668769,66.3591017138435,13834.098692510132,1.5930925815884236,0.0,0.0,1.0,inf,22039.0,inf,218.0,43.0,175.0,0.0,0.0,0.0,0.0,0.0,0.0
417.0,22076.0,62350.0,40274.0,20137.0,1.8243341184997282,66.3591017138435,13834.098692510132,1.595767132408278,0.0,0.0,1.0,inf,22076.0,inf,219.0,37.0,182.0,0.0,0.0,0.0,0.0,0.0,0.0
418.0,22119.0,62471.0,40352.0,20176.0,1.8243139382431395,66.3591017138435,13834.098692510132,1.5988753941718925,0.0,0.0,1.0,inf,22119.0,inf,219.0,43.0,176.0,0.0,0.0,0.0,0.0,0.0,0.0
419.0,22158.0,62582.0,40424.0,20212.0,1.8243523783734994,66.3591017138435,13834.098692510132,1.6016945153063338,0.0,0.0,1.0,inf,22158.0,inf,219.0,39.0,180.0,0.0,0.0,0.0,0.0,0.0,0.0
420.0,22208.0,62716.0,40508.0,20254.0,1.8240273775216138,66.3591017138435,13834.098692510132,1.6053087731710018,0.0,0.0,1.0,inf,22208.0,inf,218.0,50.0,168.0,0.0,0.0,0.0,0.0,0.0,0.0
421.0,22247.0,62831.0,40584.0,20292.0,1.8242459657481909,66.3591017138435,13834.098692510132,1.608127894305443,0.0,0.0,1.0,inf,22247.0,inf,215.0,39.0,176.0,0.0,0.0,0.0,0.0,0.0,0.0
422.0,22280.0,62918.0,40638.0,20319.0,1.823967684021544,66.3591017138435,13834.098692510132,1.610513304496124,0.0,0.0,1.0,inf,22280.0,inf,219.0,33.0,186.0,0.0,0.0,0.0,0.0,0.0,0.0
423.0,22322.0,63040.0,40718.0,20359.0,1.824119702535615,66.3591017138435,13834.098692510132,1.6135492811024452,0.0,0.0,1.0,inf,22322.0,inf,219.0,42.0,177.0,0.0,0.0,0.0,0.0,0.0,0.0
424.0,22360.0,63142.0,40782.0,20391.0,1.823881932021467,66.3591017138435,13834.098692510132,1.616296117079593,0.0,0.0,1.0,inf,22360.0,inf,219.0,38.0,181.0,0.0,0.0,0.0,0.0,0.0,0.0
425.0,22395.0,63237.0,40842.0,20421.0,1.8237106496985935,66.79793909323689,14017.67541875048,1.5976258067756193,0.0,0.0,1.0,inf,22395.0,inf,219.0,35.0,184.0,0.0,0.0,0.0,0.0,0.0,0.0
426.0,22444.0,63378.0,40934.0,20467.0,1.8238281946177153,66.79793909323689,14017.67541875048,1.601121393492833,0.0,0.0,1.0,inf,22444.0,inf,219.0,49.0,170.0,0.0,0.0,0.0,0.0,0.0,0.0
427.0,22495.0,63523.0,41028.0,20514.0,1.823871971549233,66.79793909323689,14017.67541875048,1.604759657218913,0.0,0.0,1.0,inf,22495.0,inf,215.0,51.0,164.0,0.0,0.0,0.0,0.0,0.0,0.0
428.0,22528.0,63618.0,41090.0,20545.0,1.8239524147727273,66.79793909323689,14017.67541875048,1.6071138278651997,0.0,0.0,1.0,inf,22528.0,inf,219.0,33.0,186.0,0.0,0.0,0.0,0.0,0.0,0.0
429.0,22574.0,63744.0,41170.0,20585.0,1.8237795694161425,66.79793909323689,14017.67541875048,1.6103953990691149,0.0,0.0,1.0,inf,22574.0,inf,219.0,46.0,173.0,0.0,0.0,0.0,0.0,0.0,0.0
430.0,22614.0,63856.0,41242.0,20621.0,1.8237375077385691,66.79793909323689,14017.67541875048,1.6132489392464324,0.0,0.0,1.0,inf,22614.0,inf,219.0,40.0,179.0,0.0,0.0,0.0,0.0,0.0,0.0
431.0,22645.0,63945.0,41300.0,20650.0,1.8238021638330757,66.79793909323689,14017.67541875048,1.6154604328838533,0.0,0.0,1.0,inf,22645.0,inf,220.0,31.0,189.0,0.0,0.0,0.0,0.0,0.0,0.0
432.0,22687.0,64065.0,41378.0,20689.0,1.8238638868074228,66.79793909323689,14017.67541875048,1.6184566500700368,0.0,0.0,1.0,inf,22687.0,inf,218.0,42.0,176.0,0.0,0.0,0.0,0.0,0.0,0.0
433.0,22726.0,64164.0,41438.0,20719.0,1.8233741089501012,66.79793909323689,14017.67541875048,1.6212388517429213,0.0,0.0,1.0,inf,22726.0,inf,218.0,39.0,179.0,0.0,0.0,0.0,0.0,0.0,0.0
434.0,22765.0,64281.0,41516.0,20758.0,1.8236766966835054,66.79793909323689,14017.67541875048,1.6240210534158057,0.0,0.0,1.0,inf,22765.0,inf,219.0,39.0,180.0,0.0,0.0,0.0,0.0,0.0,0.0
435.0,22810.0,64408.0,41598.0,20799.0,1.8236738272687418,66.79793909323689,14017.67541875048,1.627231286115288,0.0,0.0,1.0,inf,22810.0,inf,220.0,45.0,175.0,0.0,0.0,0.0,0.0,0.0,0.0
436.0,22849.0,64517.0,41668.0,20834.0,1.823624666287365,66.79793909323689,14017.67541875048,1.6300134877881725,0.0,0.0,1.0,inf,22849.0,inf,218.0,39.0,179.0,0.0,0.0,0.0,0.0,0.0,0.0
437.0,22895.0,64641.0,41746.0,20873.0,1.823367547499454,66.79793909323689,14017.67541875048,1.6332950589920876,0.0,0.0,1.0,inf,22895.0,inf,218.0,46.0,172.0,0.0,0.0,0.0,0.0,0.0,0.0
438.0,22934.0,64750.0,41816.0,20908.0,1.82331908956135,66.79793909323689,14017.67541875048,1.636077260664972,0.0,0.0,1.0,inf,22934.0,inf,220.0,39.0,181.0,0.0,0.0,0.0,0.0,0.0,0.0
439.0,22982.0,64886.0,41904.0,20952.0,1.8233400052214777,67.1100004773073,14148.954712213177,1.624289600712501,0.0,0.0,1.0,inf,22982.0,inf,220.0,48.0,172.0,0.0,0.0,0.0,0.0,0.0,0.0
440.0,23019.0,64991.0,41972.0,20986.0,1.8233633085711802,67.1100004773073,14148.954712213177,1.6269046348795169,0.0,0.0,1.0,inf,23019.0,inf,216.0,37.0,179.0,0.0,0.0,0.0,0.0,0.0,0.0
441.0,23057.0,65099.0,42042.0,21021.0,1.823394196990068,67.1100004773073,14148.954712213177,1.6295903456456415,0.0,0.0,1.0,inf,23057.0,inf,219.0,38.0,181.0,0.0,0.0,0.0,0.0,0.0,0.0
442.0,23090.0,65190.0,42100.0,21050.0,1.8233001299263751,67.12263766846695,14154.283869684377,1.6313082465057893,0.0,0.0,1.0,inf,23090.0,inf,219.0,33.0,186.0,0.0,0.0,0.0,0.0,0.0,0.0
443.0,23133.0,65315.0,42182.0,21091.0,1.8234556693900488,67.12263766846695,14154.283869684377,1.6343461960337127,0.0,0.0,1.0,inf,23133.0,inf,217.0,43.0,174.0,0.0,0.0,0.0,0.0,0.0,0.0
444.0,23177.0,65439.0,42262.0,21131.0,1.8234456573327005,67.12263766846695,14154.283869684377,1.6374547955506573,0.0,0.0,1.0,inf,23177.0,inf,220.0,44.0,176.0,0.0,0.0,0.0,0.0,0.0,0.0
445.0,23221.0,65565.0,42344.0,21172.0,1.8235218121527927,67.12263766846695,14154.283869684377,1.6405633950676022,0.0,0.0,1.0,inf,23221.0,inf,219.0,44.0,175.0,0.0,0.0,0.0,0.0,0.0,0.0
446.0,23256.0,65662.0,42406.0,21203.0,1.8234434124527004,67.12263766846695,14154.283869684377,1.6430361446833537,0.0,0.0,1.0,inf,23256.0,inf,219.0,35.0,184.0,0.0,0.0,0.0,0.0,0.0,0.0
447.0,23297.0,65777.0,42480.0,21240.0,1.8234107395802035,67.12263766846695,14154.283869684377,1.645932794233234,0.0,0.0,1.0,inf,23297.0,inf,216.0,41.0,175.0,0.0,0.0,0.0,0.0,0.0,0.0
448.0,23321.0,65847.0,42526.0,21263.0,1.823506710689936,67.12263766846695,14154.283869684377,1.6476283939697494,0.0,0.0,1.0,inf,23321.0,inf,220.0,24.0,196.0,0.0,0.0,0.0,0.0,0.0,0.0
449.0,23363.0,65963.0,42600.0,21300.0,1.8233959679835638,67.12263766846695,14154.283869684377,1.6505956935086512,0.0,0.0,1.0,inf,23363.0,inf,217.0,42.0,175.0,0.0,0.0,0.0,0.0,0.0,0.0
450.0,23396.0,66060.0,42664.0,21332.0,1.8235595828346727,67.12263766846695,14154.283869684377,1.6529271431463597,0.0,0.0,1.0,inf,23396.0,inf,217.0,33.0,184.0,0.0,0.0,0.0,0.0,0.0,0.0
451.0,23429.0,66155.0,42726.0,21363.0,1.8236373724870887,67.12263766846695,14154.283869684377,1.6552585927840684,0.0,0.0,1.0,inf,23429.0,inf,218.0,33.0,185.0,0.0,0.0,0.0,0.0,0.0,0.0
452.0,23460.0,66246.0,42786.0,21393.0,1.8237851662404092,67.12263766846695,14154.283869684377,1.657448742443734,0.0,0.0,1.0,inf,23460.0,inf,219.0,31.0,188.0,0.0,0.0,0.0,0.0,0.0,0.0
453.0,23506.0,66372.0,42866.0,21433.0,1.823619501403897,68.03401230848927,14541.260047823713,1.6165036539263307,0.0,0.0,1.0,inf,23506.0,inf,217.0,46.0,171.0,0.0,0.0,0.0,0.0,0.0,0.0
454.0,23548.0,66492.0,42944.0,21472.0,1.823679293358247,68.03401230848927,14541.260047823713,1.619391986839838,0.0,0.0,1.0,inf,23548.0,inf,217.0,42.0,175.0,0.0,0.0,0.0,0.0,0.0,0.0
455.0,23581.0,66587.0,43006.0,21503.0,1.8237564140621687,68.03401230848927,14541.260047823713,1.6216613912718796,0.0,0.0,1.0,inf,23581.0,inf,219.0,33.0,186.0,0.0,0.0,0.0,0.0,0.0,0.0
456.0,23622.0,66700.0,43078.0,21539.0,1.8236389806112945,68.46307542180851,14725.25014038011,1.6041832753131238,0.0,0.0,1.0,inf,23622.0,inf,217.0,41.0,176.0,0.0,0.0,0.0,0.0,0.0,0.0
457.0,23672.0,66838.0,43166.0,21583.0,1.823504562352146,68.46307542180851,14725.25014038011,1.6075788033702592,0.0,0.0,1.0,inf,23672.0,inf,220.0,50.0,170.0,0.0,0.0,0.0,0.0,0.0,0.0
458.0,23719.0,66973.0,43254.0,21627.0,1.8236013322652727,68.46307542180851,14725.25014038011,1.6107705997439667,0.0,0.0,1.0,inf,23719.0,inf,217.0,47.0,170.0,0.0,0.0,0.0,0.0,0.0,0.0
459.0,23757.0,67077.0,43320.0,21660.0,1.8234625584038389,68.46307542180851,14725.25014038011,1.6133512010673896,0.0,0.0,1.0,inf,23757.0,inf,219.0,38.0,181.0,0.0,0.0,0.0,0.0,0.0,0.0
460.0,23785.0,67159.0,43374.0,21687.0,1.8235862938826992,68.46307542180851,14725.25014038011,1.6152526967793857,0.0,0.0,1.0,inf,23785.0,inf,217.0,28.0,189.0,0.0,0.0,0.0,0.0,0.0,0.0
461.0,23834.0,67300.0,43466.0,21733.0,1.8236972392380633,68.46307542180851,14725.25014038011,1.6185803142753785,0.0,0.0,1.0,inf,23834.0,inf,219.0,49.0,170.0,0.0,0.0,0.0,0.0,0.0,0.0
462.0,23875.0,67413.0,43538.0,21769.0,1.8235811518324607,68.46307542180851,14725.25014038011,1.6213646472822296,0.0,0.0,1.0,inf,23875.0,inf,219.0,41.0,178.0,0.0,0.0,0.0,0.0,0.0,0.0
463.0,23918.0,67542.0,43624.0,21812.0,1.823898319257463,68.46307542180851,14725.25014038011,1.6242848014113662,0.0,0.0,1.0,inf,23918.0,inf,219.0,43.0,176.0,0.0,0.0,0.0,0.0,0.0,0.0
464.0,23946.0,67624.0,43678.0,21839.0,1.8240207132715276,68.46307542180851,14725.25014038011,1.626186297123362,0.0,0.0,1.0,inf,23946.0,inf,219.0,28.0,191.0,0.0,0.0,0.0,0.0,0.0,0.0
465.0,23990.0,67744.0,43754.0,21877.0,1.8238432680283452,68.46307542180851,14725.25014038011,1.6291743618136414,0.0,0.0,1.0,inf,23990.0,inf,217.0,44.0,173.0,0.0,0.0,0.0,0.0,0.0,0.0
466.0,24026.0,67842.0,43816.0,21908.0,1.8236910014151335,68.46307542180851,14725.25014038011,1.631619142014779,0.0,0.0,1.0,inf,24026.0,inf,219.0,36.0,183.0,0.0,0.0,0.0,0.0,0.0,0.0
467.0,24066.0,67954.0,43888.0,21944.0,1.823651624698745,68.46307542180851,14725.25014038011,1.6343355644604873,0.0,0.0,1.0,inf,24066.0,inf,220.0,40.0,180.0,0.0,0.0,0.0,0.0,0.0,0.0
468.0,24112.0,68088.0,43976.0,21988.0,1.8238221632382217,68.46307542180851,14725.25014038011,1.6374594502730522,0.0,0.0,1.0,inf,24112.0,inf,219.0,46.0,173.0,0.0,0.0,0.0,0.0,0.0,0.0
469.0,24152.0,68204.0,44052.0,22026.0,1.8239483272606825,68.46307542180851,14725.25014038011,1.6401758727187605,0.0,0.0,1.0,inf,24152.0,inf,219.0,40.0,179.0,0.0,0.0,0.0,0.0,0.0,0.0
470.0,24189.0,68307.0,44118.0,22059.0,1.8238868907354582,68.46307542180851,14725.25014038011,1.6426885634810409,0.0,0.0,1.0,inf,24189.0,inf,220.0,37.0,183.0,0.0,0.0,0.0,0.0,0.0,0.0
471.0,24220.0,68392.0,44172.0,22086.0,1.8237819983484724,68.46307542180851,14725.25014038011,1.644793790876465,0.0,0.0,1.0,inf,24220.0,inf,220.0,31.0,189.0,0.0,0.0,0.0,0.0,0.0,0.0
472.0,24263.0,68517.0,44254.0,22127.0,1.8239294398878951,68.46307542180851,14725.25014038011,1.6477139450056015,0.0,0.0,1.0,inf,24263.0,inf,220.0,43.0,177.0,0.0,0.0,0.0,0.0,0.0,0.0
473.0,24294.0,68600.0,44306.0,22153.0,1.823742487857084,68.46307542180851,14725.25014038011,1.6498191724010256,0.0,0.0,1.0,inf,24294.0,inf,218.0,31.0,187.0,0.0,0.0,0.0,0.0,0.0,0.0
474.0,24338.0,68726.0,44388.0,22194.0,1.8238146108965403,68.46307542180851,14725.25014038011,1.652807237091305,0.0,0.0,1.0,inf,24338.0,inf,220.0,44.0,176.0,0.0,0.0,0.0,0.0,0.0,0.0
475.0,24369.0,68815.0,44446.0,22223.0,1.8238745947720465,68.46307542180851,14725.25014038011,1.654912464486729,0.0,0.0,1.0,inf,24369.0,inf,217.0,31.0,186.0,0.0,0.0,0.0,0.0,0.0,0.0
476.0,24412.0,68934.0,44522.0,22261.0,1.8237751925282648,68.6539776850935,14807.484330737494,1.648625752675988,0.0,0.0,1.0,inf,24412.0,inf,218.0,43.0,175.0,0.0,0.0,0.0,0.0,0.0,0.0
477.0,24444.0,69026.0,44582.0,22291.0,1.8238422516773032,68.6539776850935,14807.484330737494,1.650786821989671,0.0,0.0,1.0,inf,24444.0,inf,218.0,32.0,186.0,0.0,0.0,0.0,0.0,0.0,0.0
478.0,24485.0,69143.0,44658.0,22329.0,1.8238921788850317,68.6539776850935,14807.484330737494,1.6535556920478276,0.0,0.0,1.0,inf,24485.0,inf,218.0,41.0,177.0,0.0,0.0,0.0,0.0,0.0,0.0
479.0,24524.0,69256.0,44732.0,22366.0,1.8240091339096396,68.6539776850935,14807.484330737494,1.656189495273879,0.0,0.0,1.0,inf,24524.0,inf,216.0,39.0,177.0,0.0,0.0,0.0,0.0,0.0,0.0
480.0,24560.0,69358.0,44798.0,22399.0,1.8240228013029316,68.6539776850935,14807.484330737494,1.6586206982517724,0.0,0.0,1.0,inf,24560.0,inf,218.0,36.0,182.0,0.0,0.0,0.0,0.0,0.0,0.0
481.0,24606.0,69490.0,44884.0,22442.0,1.8241079411525645,68.88180743775128,14905.925331995115,1.650752935625135,0.0,0.0,1.0,inf,24606.0,inf,218.0,46.0,172.0,0.0,0.0,0.0,0.0,0.0,0.0
482.0,24647.0,69609.0,44962.0,22481.0,1.8242382440053557,68.88180743775128,14905.925331995115,1.6535035196436927,0.0,0.0,1.0,inf,24647.0,inf,218.0,41.0,177.0,0.0,0.0,0.0,0.0,0.0,0.0
483.0,24680.0,69704.0,45024.0,22512.0,1.8243111831442465,68.88180743775128,14905.925331995115,1.6557174043415561,0.0,0.0,1.0,inf,24680.0,inf,218.0,33.0,185.0,0.0,0.0,0.0,0.0,0.0,0.0
484.0,24720.0,69816.0,45096.0,22548.0,1.8242718446601942,68.88180743775128,14905.925331995115,1.6584009009450271,0.0,0.0,1.0,inf,24720.0,inf,218.0,40.0,178.0,0.0,0.0,0.0,0.0,0.0,0.0
485.0,24752.0,69910.0,45158.0,22579.0,1.8244182288299935,68.88180743775128,14905.925331995115,1.6605476982278038,0.0,0.0,1.0,inf,24752.0,inf,217.0,32.0,185.0,0.0,0.0,0.0,0.0,0.0,0.0
486.0,24787.0,70007.0,45220.0,22610.0,1.8243434058175656,68.88180743775128,14905.925331995115,1.6628957577558408,0.0,0.0,1.0,inf,24787.0,inf,220.0,35.0,185.0,0.0,0.0,0.0,0.0,0.0,0.0
487.0,24816.0,70094.0,45278.0,22639.0,1.8245486782720826,68.88180743775128,14905.925331995115,1.6648412927933574,0.0,0.0,1.0,inf,24816.0,inf,219.0,29.0,190.0,0.0,0.0,0.0,0.0,0.0,0.0
488.0,24851.0,70195.0,45344.0,22672.0,1.824634823548348,68.88180743775128,14905.925331995115,1.6671893523213943,0.0,0.0,1.0,inf,24851.0,inf,219.0,35.0,184.0,0.0,0.0,0.0,0.0,0.0,0.0
489.0,24881.0,70277.0,45396.0,22698.0,1.824524737751698,68.88180743775128,14905.925331995115,1.6692019747739975,0.0,0.0,1.0,inf,24881.0,inf,220.0,30.0,190.0,0.0,0.0,0.0,0.0,0.0,0.0
490.0,24925.0,70405.0,45480.0,22740.0,1.8246740220661986,68.88180743775128,14905.925331995115,1.6721538210378155,0.0,0.0,1.0,inf,24925.0,inf,219.0,44.0,175.0,0.0,0.0,0.0,0.0,0.0,0.0
491.0,24963.0,70513.0,45550.0,22775.0,1.8247005568240997,68.88180743775128,14905.925331995115,1.6747031428111128,0.0,0.0,1.0,inf,24963.0,inf,218.0,38.0,180.0,0.0,0.0,0.0,0.0,0.0,0.0
492.0,25006.0,70636.0,45630.0,22815.0,1.8247620571062946,68.88180743775128,14905.925331995115,1.677587901659844,0.0,0.0,1.0,inf,25006.0,inf,218.0,43.0,175.0,0.0,0.0,0.0,0.0,0.0,0.0
493.0,25041.0,70729.0,45688.0,22844.0,1.8245277744499022,68.88180743775128,14905.925331995115,1.6799359611878812,0.0,0.0,1.0,inf,25041.0,inf,219.0,35.0,184.0,0.0,0.0,0.0,0.0,0.0,0.0
494.0,25074.0,70822.0,45748.0,22874.0,1.8245194225093722,68.88180743775128,14905.925331995115,1.6821498458857447,0.0,0.0,1.0,inf,25074.0,inf,218.0,33.0,185.0,0.0,0.0,0.0,0.0,0.0,0.0
495.0,25111.0,70925.0,45814.0,22907.0,1.824459400262833,68.88180743775128,14905.925331995115,1.6846320802439552,0.0,0.0,1.0,inf,25111.0,inf,218.0,37.0,181.0,0.0,0.0,0.0,0.0,0.0,0.0
496.0,25147.0,71027.0,45880.0,22940.0,1.8244721040283136,68.88180743775128,14905.925331995115,1.6870472271870791,0.0,0.0,1.0,inf,25147.0,inf,219.0,36.0,183.0,0.0,0.0,0.0,0.0,0.0,0.0
497.0,25185.0,71135.0,45950.0,22975.0,1.824498709549335,68.88180743775128,14905.925331995115,1.6895965489603764,0.0,0.0,1.0,inf,25185.0,inf,220.0,38.0,182.0,0.0,0.0,0.0,0.0,0.0,0.0
498.0,25216.0,71222.0,46006.0,23003.0,1.8244765228426396,68.88180743775128,14905.925331995115,1.6916762588280665,0.0,0.0,1.0,inf,25216.0,inf,219.0,31.0,188.0,0.0,0.0,0.0,0.0,0.0,0.0
499.0,25239.0,71283.0,46044.0,23022.0,1.8243195055271604,68.88180743775128,14905.925331995115,1.6932192693750623,0.0,0.0,1.0,inf,25239.0,inf,220.0,23.0,197.0,0.0,0.0,0.0,0.0,0.0,0.0
500.0,25282.0,71406.0,46124.0,23062.0,1.824380982517206,68.88180743775128,14905.925331995115,1.6961040282237934,0.0,0.0,1.0,inf,25282.0,inf,220.0,43.0,177.0,0.0,0.0,0.0,0.0,0.0,0.0
501.0,25320.0,71512.0,46192.0,23096.0,1.8243285939968406,68.88180743775128,14905.925331995115,1.6986533499970908,0.0,0.0,1.0,inf,25320.0,inf,216.0,38.0,178.0,0.0,0.0,0.0,0.0,0.0,0.0
502.0,25352.0,71604.0,46252.0,23126.0,1.8243925528557905,68.88180743775128,14905.925331995115,1.7008001472798675,0.0,0.0,1.0,inf,25352.0,inf,220.0,32.0,188.0,0.0,0.0,0.0,0.0,0.0,0.0
503.0,25396.0,71728.0,46332.0,23166.0,1.8243817924082533,69.70528586078696,15264.454821640576,1.6637344927639228,0.0,0.0,1.0,inf,25396.0,inf,218.0,44.0,174.0,0.0,0.0,0.0,0.0,0.0,0.0
504.0,25446.0,71870.0,46424.0,23212.0,1.824412481333019,69.70528586078696,15264.454821640576,1.6670100765030234,0.0,0.0,1.0,inf,25446.0,inf,220.0,50.0,170.0,0.0,0.0,0.0,0.0,0.0,0.0
505.0,25492.0,72000.0,46508.0,23254.0,1.8244155029028715,69.70528586078696,15264.454821640576,1.6700236135429958,0.0,0.0,1.0,inf,25492.0,inf,219.0,46.0,173.0,0.0,0.0,0.0,0.0,0.0,0.0
506.0,25536.0,72126.0,46590.0,23295.0,1.8244830827067668,69.70528586078696,15264.454821640576,1.6729061272334043,0.0,0.0,1.0,inf,25536.0,inf,220.0,44.0,176.0,0.0,0.0,0.0,0.0,0.0,0.0
507.0,25589.0,72273.0,46684.0,23342.0,1.8243776622767596,69.70528586078696,15264.454821640576,1.6763782459968506,0.0,0.0,1.0,inf,25589.0,inf,219.0,53.0,166.0,0.0,0.0,0.0,0.0,0.0,0.0
508.0,25625.0,72371.0,46746.0,23373.0,1.8242341463414635,69.70528586078696,15264.454821640576,1.678736666289003,0.0,0.0,1.0,inf,25625.0,inf,218.0,36.0,182.0,0.0,0.0,0.0,0.0,0.0,0.0
509.0,25658.0,72464.0,46806.0,23403.0,1.824226362148258,69.70528586078696,15264.454821640576,1.6808985515568093,0.0,0.0,1.0,inf,25658.0,inf,218.0,33.0,185.0,0.0,0.0,0.0,0.0,0.0,0.0
510.0,25696.0,72568.0,46872.0,23436.0,1.8240971357409714,69.70528586078696,15264.454821640576,1.6833879951985258,0.0,0.0,1.0,inf,25696.0,inf,220.0,38.0,182.0,0.0,0.0,0.0,0.0,0.0,0.0
511.0,25732.0,72670.0,46938.0,23469.0,1.8241100575159335,69.70528586078696,15264.454821640576,1.685746415490678,0.0,0.0,1.0,inf,25732.0,inf,220.0,36.0,184.0,0.0,0.0,0.0,0.0,0.0,0.0
512.0,25766.0,72768.0,47002.0,23501.0,1.8241869129861057,69.70528586078696,15264.454821640576,1.6879738124332664,0.0,0.0,1.0,inf,25766.0,inf,220.0,34.0,186.0,0.0,0.0,0.0,0.0,0.0,0.0
513.0,25803.0,72869.0,47066.0,23533.0,1.8240514668836958,69.70528586078696,15264.454821640576,1.6903977444002007,0.0,0.0,1.0,inf,25803.0,inf,219.0,37.0,182.0,0.0,0.0,0.0,0.0,0.0,0.0
514.0,25838.0,72968.0,47130.0,23565.0,1.824057589596718,69.70528586078696,15264.454821640576,1.6926906530175712,0.0,0.0,1.0,inf,25838.0,inf,220.0,35.0,185.0,0.0,0.0,0.0,0.0,0.0,0.0
515.0,25879.0,73089.0,47210.0,23605.0,1.8242590517407937,69.70528586078696,15264.454821640576,1.6953766316836336,0.0,0.0,1.0,inf,25879.0,inf,218.0,41.0,177.0,0.0,0.0,0.0,0.0,0.0,0.0
516.0,25914.0,73192.0,47278.0,23639.0,1.8244192328471096,69.70528586078696,15264.454821640576,1.6976695403010038,0.0,0.0,1.0,inf,25914.0,inf,218.0,35.0,183.0,0.0,0.0,0.0,0.0,0.0,0.0
517.0,25950.0,73294.0,47344.0,23672.0,1.824431599229287,69.70528586078696,15264.454821640576,1.7000279605931563,0.0,0.0,1.0,inf,25950.0,inf,219.0,36.0,183.0,0.0,0.0,0.0,0.0,0.0,0.0
518.0,25977.0,73375.0,47398.0,23699.0,1.8246140816876468,69.70528586078696,15264.454821640576,1.7017967758122705,0.0,0.0,1.0,inf,25977.0,inf,219.0,27.0,192.0,0.0,0.0,0.0,0.0,0.0,0.0
519.0,26016.0,73488.0,47472.0,23736.0,1.8247232472324724,69.70528586078696,15264.454821640576,1.7043517311287688,0.0,0.0,1.0,inf,26016.0,inf,219.0,39.0,180.0,0.0,0.0,0.0,0.0,0.0,0.0
520.0,26052.0,73594.0,47542.0,23771.0,1.8248886841701213,69.70528586078696,15264.454821640576,1.7067101514209213,0.0,0.0,1.0,inf,26052.0,inf,220.0,36.0,184.0,0.0,0.0,0.0,0.0,0.0,0.0
521.0,26090.0,73704.0,47614.0,23807.0,1.8249904177845917,69.70528586078696,15264.454821640576,1.7091995950626377,0.0,0.0,1.0,inf,26090.0,inf,218.0,38.0,180.0,0.0,0.0,0.0,0.0,0.0,0.0
522.0,26126.0,73804.0,47678.0,23839.0,1.8249253617086427,69.70528586078696,15264.454821640576,1.71155801535479,0.0,0.0,1.0,inf,26126.0,inf,220.0,36.0,184.0,0.0,0.0,0.0,0.0,0.0,0.0
523.0,26163.0,73911.0,47748.0,23874.0,1.8250200665061347,69.70528586078696,15264.454821640576,1.7139819473217244,0.0,0.0,1.0,inf,26163.0,inf,220.0,37.0,183.0,0.0,0.0,0.0,0.0,0.0,0.0
524.0,26202.0,74018.0,47816.0,23908.0,1.824898862682238,69.70528586078696,15264.454821640576,1.7165369026382227,0.0,0.0,1.0,inf,26202.0,inf,217.0,39.0,178.0,0.0,0.0,0.0,0.0,0.0,0.0
525.0,26231.0,74103.0,47872.0,23936.0,1.8250162022034997,69.70528586078696,15264.454821640576,1.718436741206901,0.0,0.0,1.0,inf,26231.0,inf,218.0,29.0,189.0,0.0,0.0,0.0,0.0,0.0,0.0
526.0,26273.0,74223.0,47950.0,23975.0,1.8250675598523198,69.70528586078696,15264.454821640576,1.7211882315477454,0.0,0.0,1.0,inf,26273.0,inf,220.0,42.0,178.0,0.0,0.0,0.0,0.0,0.0,0.0
527.0,26303.0,74301.0,47998.0,23999.0,1.8248108580770255,69.70528586078696,15264.454821640576,1.7231535817912058,0.0,0.0,1.0,inf,26303.0,inf,220.0,30.0,190.0,0.0,0.0,0.0,0.0,0.0,0.0
528.0,26341.0,74409.0,48068.0,24034.0,1.8248358072966098,69.70528586078696,15264.454821640576,1.725643025432922,0.0,0.0,1.0,inf,26341.0,inf,218.0,38.0,180.0,0.0,0.0,0.0,0.0,0.0,0.0
529.0,26367.0,74481.0,48114.0,24057.0,1.8247809762202754,69.70528586078696,15264.454821640576,1.7273463289772544,0.0,0.0,1.0,inf,26367.0,inf,219.0,26.0,193.0,0.0,0.0,0.0,0.0,0.0,0.0
530.0,26400.0,74570.0,48170.0,24085.0,1.8246212121212122,69.70528586078696,15264.454821640576,1.7295082142450606,0.0,0.0,1.0,inf,26400.0,inf,220.0,33.0,187.0,0.0,0.0,0.0,0.0,0.0,0.0
531.0,26430.0,74654.0,48224.0,24112.0,1.8245932652289065,69.70528586078696,15264.454821640576,1.731473564488521,0.0,0.0,1.0,inf,26430.0,inf,219.0,30.0,189.0,0.0,0.0,0.0,0.0,0.0,0.0
532.0,26466.0,74760.0,48294.0,24147.0,1.8247562910904558,69.96792424013762,15379.699578815445,1.7208398554452407,0.0,0.0,1.0,inf,26466.0,inf,217.0,36.0,181.0,0.0,0.0,0.0,0.0,0.0,0.0
533.0,26497.0,74841.0,48344.0,24172.0,1.8245084349171605,69.96792424013762,15379.699578815445,1.722855499498698,0.0,0.0,1.0,inf,26497.0,inf,220.0,31.0,189.0,0.0,0.0,0.0,0.0,0.0,0.0
534.0,26536.0,74950.0,48414.0,24207.0,1.8244648779017185,69.96792424013762,15379.699578815445,1.7253913097594993,0.0,0.0,1.0,inf,26536.0,inf,217.0,39.0,178.0,0.0,0.0,0.0,0.0,0.0,0.0
535.0,26579.0,75077.0,48498.0,24249.0,1.824673614507694,69.96792424013762,15379.699578815445,1.7281872031239724,0.0,0.0,1.0,inf,26579.0,inf,219.0,43.0,176.0,0.0,0.0,0.0,0.0,0.0,0.0
536.0,26611.0,75167.0,48556.0,24278.0,1.8246589756115892,69.96792424013762,15379.699578815445,1.7302678679533476,0.0,0.0,1.0,inf,26611.0,inf,218.0,32.0,186.0,0.0,0.0,0.0,0.0,0.0,0.0
537.0,26648.0,75270.0,48622.0,24311.0,1.8246022215550886,69.96792424013762,15379.699578815445,1.732673636662313,0.0,0.0,1.0,inf,26648.0,inf,219.0,37.0,182.0,0.0,0.0,0.0,0.0,0.0,0.0
538.0,26686.0,75378.0,48692.0,24346.0,1.8246271453196432,69.96792424013762,15379.699578815445,1.7351444261471962,0.0,0.0,1.0,inf,26686.0,inf,220.0,38.0,182.0,0.0,0.0,0.0,0.0,0.0,0.0
539.0,26725.0,75493.0,48768.0,24384.0,1.8248082319925163,69.96792424013762,15379.699578815445,1.7376802364079973,0.0,0.0,1.0,inf,26725.0,inf,219.0,39.0,180.0,0.0,0.0,0.0,0.0,0.0,0.0
540.0,26756.0,75580.0,48824.0,24412.0,1.8247869636716998,69.96792424013762,15379.699578815445,1.7396958804614546,0.0,0.0,1.0,inf,26756.0,inf,218.0,31.0,187.0,0.0,0.0,0.0,0.0,0.0,0.0
541.0,26793.0,75687.0,48894.0,24447.0,1.8248796327398948,69.96792424013762,15379.699578815445,1.74210164917042,0.0,0.0,1.0,inf,26793.0,inf,220.0,37.0,183.0,0.0,0.0,0.0,0.0,0.0,0.0
542.0,26836.0,75808.0,48972.0,24486.0,1.8248621255030555,69.96792424013762,15379.699578815445,1.744897542534893,0.0,0.0,1.0,inf,26836.0,inf,219.0,43.0,176.0,0.0,0.0,0.0,0.0,0.0,0.0
543.0,26867.0,75897.0,49030.0,24515.0,1.8249153236312206,69.96792424013762,15379.699578815445,1.7469131865883505,0.0,0.0,1.0,inf,26867.0,inf,218.0,31.0,187.0,0.0,0.0,0.0,0.0,0.0,0.0
544.0,26903.0,75997.0,49094.0,24547.0,1.8248522469613053,69.96792424013762,15379.699578815445,1.7492539345213975,0.0,0.0,1.0,inf,26903.0,inf,217.0,36.0,181.0,0.0,0.0,0.0,0.0,0.0,0.0
545.0,26941.0,76107.0,49166.0,24583.0,1.8249508184551426,69.96792424013762,15379.699578815445,1.7517247240062808,0.0,0.0,1.0,inf,26941.0,inf,219.0,38.0,181.0,0.0,0.0,0.0,0.0,0.0,0.0
546.0,26975.0,76207.0,49232.0,24616.0,1.825097312326228,69.96792424013762,15379.699578815445,1.7539354303874921,0.0,0.0,1.0,inf,26975.0,inf,218.0,34.0,184.0,0.0,0.0,0.0,0.0,0.0,0.0
547.0,27016.0,76326.0,49310.0,24655.0,1.8252146875925377,69.96792424013762,15379.699578815445,1.7566012822001293,0.0,0.0,1.0,inf,27016.0,inf,217.0,41.0,176.0,0.0,0.0,0.0,0.0,0.0,0.0
548.0,27051.0,76427.0,49376.0,24688.0,1.8252929651399208,69.96792424013762,15379.699578815445,1.7588770093572585,0.0,0.0,1.0,inf,27051.0,inf,220.0,35.0,185.0,0.0,0.0,0.0,0.0,0.0,0.0
549.0,27083.0,76517.0,49434.0,24717.0,1.8252778495735331,69.96792424013762,15379.699578815445,1.760957674186634,0.0,0.0,1.0,inf,27083.0,inf,216.0,32.0,184.0,0.0,0.0,0.0,0.0,0.0,0.0
550.0,27124.0,76638.0,49514.0,24757.0,1.8254682200265449,70.01577378199666,15400.742455926164,1.7612137906742775,0.0,0.0,1.0,inf,27124.0,inf,218.0,41.0,177.0,0.0,0.0,0.0,0.0,0.0,0.0
551.0,27162.0,76746.0,49584.0,24792.0,1.8254914954716148,70.01577378199666,15400.742455926164,1.7636812041842915,0.0,0.0,1.0,inf,27162.0,inf,218.0,38.0,180.0,0.0,0.0,0.0,0.0,0.0,0.0
552.0,27200.0,76858.0,49658.0,24829.0,1.8256617647058824,70.01577378199666,15400.742455926164,1.7661486176943058,0.0,0.0,1.0,inf,27200.0,inf,218.0,38.0,180.0,0.0,0.0,0.0,0.0,0.0,0.0
553.0,27236.0,76960.0,49724.0,24862.0,1.8256719048318402,70.01577378199666,15400.742455926164,1.7684861673353716,0.0,0.0,1.0,inf,27236.0,inf,220.0,36.0,184.0,0.0,0.0,0.0,0.0,0.0,0.0
554.0,27269.0,77051.0,49782.0,24891.0,1.8255894972312883,70.01577378199666,15400.742455926164,1.7706289211730155,0.0,0.0,1.0,inf,27269.0,inf,220.0,33.0,187.0,0.0,0.0,0.0,0.0,0.0,0.0
555.0,27305.0,77155.0,49850.0,24925.0,1.8256729536714886,70.01577378199666,15400.742455926164,1.7729664708140815,0.0,0.0,1.0,inf,27305.0,inf,219.0,36.0,183.0,0.0,0.0,0.0,0.0,0.0,0.0
556.0,27338.0,77248.0,49910.0,24955.0,1.8256639110395787,70.01577378199666,15400.742455926164,1.7751092246517253,0.0,0.0,1.0,inf,27338.0,inf,218.0,33.0,185.0,0.0,0.0,0.0,0.0,0.0,0.0
557.0,27375.0,77349.0,49974.0,24987.0,1.8255342465753424,70.01577378199666,15400.742455926164,1.7775117062272654,0.0,0.0,1.0,inf,27375.0,inf,218.0,37.0,181.0,0.0,0.0,0.0,0.0,0.0,0.0
558.0,27410.0,77446.0,50036.0,25018.0,1.8254651587012038,70.01577378199666,15400.742455926164,1.7797843239338573,0.0,0.0,1.0,inf,27410.0,inf,219.0,35.0,184.0,0.0,0.0,0.0,0.0,0.0,0.0
559.0,27447.0,77551.0,50104.0,25052.0,1.8254818377236128,70.01577378199666,15400.742455926164,1.7821868055093975,0.0,0.0,1.0,inf,27447.0,inf,219.0,37.0,182.0,0.0,0.0,0.0,0.0,0.0,0.0
560.0,27470.0,77620.0,50150.0,25075.0,1.825627957772115,70.01577378199666,15400.742455926164,1.7836802400023006,0.0,0.0,1.0,inf,27470.0,inf,219.0,23.0,196.0,0.0,0.0,0.0,0.0,0.0,0.0
561.0,27504.0,77718.0,50214.0,25107.0,1.8256980802792322,70.01577378199666,15400.742455926164,1.7858879257744185,0.0,0.0,1.0,inf,27504.0,inf,219.0,34.0,185.0,0.0,0.0,0.0,0.0,0.0,0.0
562.0,27543.0,77829.0,50286.0,25143.0,1.8257270449842065,70.01577378199666,15400.742455926164,1.7884202712189066,0.0,0.0,1.0,inf,27543.0,inf,218.0,39.0,179.0,0.0,0.0,0.0,0.0,0.0,0.0
563.0,27575.0,77925.0,50350.0,25175.0,1.8259292837715322,70.01577378199666,15400.742455926164,1.7904980931220764,0.0,0.0,1.0,inf,27575.0,inf,219.0,32.0,187.0,0.0,0.0,0.0,0.0,0.0,0.0
564.0,27607.0,78017.0,50410.0,25205.0,1.8259861629296918,70.01577378199666,15400.742455926164,1.7925759150252463,0.0,0.0,1.0,inf,27607.0,inf,220.0,32.0,188.0,0.0,0.0,0.0,0.0,0.0,0.0
565.0,27636.0,78100.0,50464.0,25232.0,1.8260240266319294,70.01577378199666,15400.742455926164,1.7944589411249938,0.0,0.0,1.0,inf,27636.0,inf,217.0,29.0,188.0,0.0,0.0,0.0,0.0,0.0,0.0
566.0,27671.0,78203.0,50532.0,25266.0,1.8261718044161759,70.01577378199666,15400.742455926164,1.7967315588315858,0.0,0.0,1.0,inf,27671.0,inf,218.0,35.0,183.0,0.0,0.0,0.0,0.0,0.0,0.0
567.0,27705.0,78297.0,50592.0,25296.0,1.8260963724959394,70.01577378199666,15400.742455926164,1.7989392446037036,0.0,0.0,1.0,inf,27705.0,inf,220.0,34.0,186.0,0.0,0.0,0.0,0.0,0.0,0.0
568.0,27746.0,78410.0,50664.0,25332.0,1.825992935918691,70.01577378199666,15400.742455926164,1.8016014539171399,0.0,0.0,1.0,inf,27746.0,inf,220.0,41.0,179.0,0.0,0.0,0.0,0.0,0.0,0.0
569.0,27784.0,78522.0,50738.0,25369.0,1.826158940397351,70.01577378199666,15400.742455926164,1.8040688674271539,0.0,0.0,1.0,inf,27784.0,inf,216.0,38.0,178.0,0.0,0.0,0.0,0.0,0.0,0.0
570.0,27821.0,78629.0,50808.0,25404.0,1.8262463606628088,70.01577378199666,15400.742455926164,1.806471349002694,0.0,0.0,1.0,inf,27821.0,inf,218.0,37.0,181.0,0.0,0.0,0.0,0.0,0.0,0.0
571.0,27844.0,78692.0,50848.0,25424.0,1.8261744002298521,70.01577378199666,15400.742455926164,1.8079647834955974,0.0,0.0,1.0,inf,27844.0,inf,217.0,23.0,194.0,0.0,0.0,0.0,0.0,0.0,0.0
572.0,27878.0,78784.0,50906.0,25453.0,1.8260276920869503,70.01577378199666,15400.742455926164,1.8101724692677152,0.0,0.0,1.0,inf,27878.0,inf,219.0,34.0,185.0,0.0,0.0,0.0,0.0,0.0,0.0
573.0,27913.0,78885.0,50972.0,25486.0,1.826102532869989,70.01577378199666,15400.742455926164,1.8124450869743072,0.0,0.0,1.0,inf,27913.0,inf,218.0,35.0,183.0,0.0,0.0,0.0,0.0,0.0,0.0
574.0,27952.0,78996.0,51044.0,25522.0,1.8261305094447624,70.18960898325672,15477.31133420684,1.8059984319254794,0.0,0.0,1.0,inf,27952.0,inf,219.0,39.0,180.0,0.0,0.0,0.0,0.0,0.0,0.0
575.0,27980.0,79080.0,51100.0,25550.0,1.8263045032165832,70.37225324859806,15557.964870828457,1.7984357357987835,0.0,0.0,1.0,inf,27980.0,inf,220.0,28.0,192.0,0.0,0.0,0.0,0.0,0.0,0.0
576.0,28018.0,79188.0,51170.0,25585.0,1.8263259333285744,70.37225324859806,15557.964870828457,1.8008782146393965,0.0,0.0,1.0,inf,28018.0,inf,220.0,38.0,182.0,0.0,0.0,0.0,0.0,0.0,0.0
577.0,28053.0,79289.0,51236.0,25618.0,1.826400028517449,70.37225324859806,15557.964870828457,1.8031278662031192,0.0,0.0,1.0,inf,28053.0,inf,220.0,35.0,185.0,0.0,0.0,0.0,0.0,0.0,0.0
578.0,28090.0,79394.0,51304.0,25652.0,1.8264150943396227,70.37225324859806,15557.964870828457,1.8055060692847686,0.0,0.0,1.0,inf,28090.0,inf,219.0,37.0,182.0,0.0,0.0,0.0,0.0,0.0,0.0
579.0,28123.0,79487.0,51364.0,25682.0,1.826405433275255,70.37225324859806,15557.964870828457,1.807627169330564,0.0,0.0,1.0,inf,28123.0,inf,219.0,33.0,186.0,0.0,0.0,0.0,0.0,0.0,0.0
580.0,28150.0,79560.0,51410.0,25705.0,1.8262877442273535,70.37225324859806,15557.964870828457,1.8093626148225788,0.0,0.0,1.0,inf,28150.0,inf,218.0,27.0,191.0,0.0,0.0,0.0,0.0,0.0,0.0
581.0,28185.0,79651.0,51466.0,25733.0,1.8260067411743834,70.37225324859806,15557.964870828457,1.8116122663863012,0.0,0.0,1.0,inf,28185.0,inf,219.0,35.0,184.0,0.0,0.0,0.0,0.0,0.0,0.0
582.0,28226.0,79760.0,51534.0,25767.0,1.825763480478991,70.37225324859806,15557.964870828457,1.814247572503805,0.0,0.0,1.0,inf,28226.0,inf,220.0,41.0,179.0,0.0,0.0,0.0,0.0,0.0,0.0
583.0,28251.0,79827.0,51576.0,25788.0,1.8256344908144844,70.37225324859806,15557.964870828457,1.8158544664778924,0.0,0.0,1.0,inf,28251.0,inf,220.0,25.0,195.0,0.0,0.0,0.0,0.0,0.0,0.0
584.0,28284.0,79922.0,51638.0,25819.0,1.8256965068590016,70.37225324859806,15557.964870828457,1.817975566523688,0.0,0.0,1.0,inf,28284.0,inf,220.0,33.0,187.0,0.0,0.0,0.0,0.0,0.0,0.0
585.0,28308.0,79994.0,51686.0,25843.0,1.8258442843012577,70.37225324859806,15557.964870828457,1.819518184738812,0.0,0.0,1.0,inf,28308.0,inf,219.0,24.0,195.0,0.0,0.0,0.0,0.0,0.0,0.0
586.0,28341.0,80085.0,51744.0,25872.0,1.8257647930559966,70.4681735435403,15600.40607628286,1.8166834799952123,0.0,0.0,1.0,inf,28341.0,inf,220.0,33.0,187.0,0.0,0.0,0.0,0.0,0.0,0.0
587.0,28362.0,80140.0,51778.0,25889.0,1.8256117340102955,70.4681735435403,15600.40607628286,1.818029598801179,0.0,0.0,1.0,inf,28362.0,inf,220.0,21.0,199.0,0.0,0.0,0.0,0.0,0.0,0.0
588.0,28390.0,80220.0,51830.0,25915.0,1.8256428319830926,70.48427185683636,15607.534653573075,1.8189932382114302,0.0,0.0,1.0,inf,28390.0,inf,219.0,28.0,191.0,0.0,0.0,0.0,0.0,0.0,0.0
589.0,28429.0,80335.0,51906.0,25953.0,1.8258116711808365,70.48427185683636,15607.534653573075,1.8214920313178142,0.0,0.0,1.0,inf,28429.0,inf,219.0,39.0,180.0,0.0,0.0,0.0,0.0,0.0,0.0
590.0,28467.0,80441.0,51974.0,25987.0,1.8257631643657568,70.48427185683636,15607.534653573075,1.823926752806086,0.0,0.0,1.0,inf,28467.0,inf,219.0,38.0,181.0,0.0,0.0,0.0,0.0,0.0,0.0
591.0,28492.0,80510.0,52018.0,26009.0,1.8257054611820862,70.48427185683636,15607.534653573075,1.8255285432588964,0.0,0.0,1.0,inf,28492.0,inf,220.0,25.0,195.0,0.0,0.0,0.0,0.0,0.0,0.0
592.0,28534.0,80630.0,52096.0,26048.0,1.825751734772552,70.48427185683636,15607.534653573075,1.8282195512196178,0.0,0.0,1.0,inf,28534.0,inf,220.0,42.0,178.0,0.0,0.0,0.0,0.0,0.0,0.0
593.0,28563.0,80715.0,52152.0,26076.0,1.825858628295347,70.48427185683636,15607.534653573075,1.8300776281448778,0.0,0.0,1.0,inf,28563.0,inf,220.0,29.0,191.0,0.0,0.0,0.0,0.0,0.0,0.0
594.0,28590.0,80796.0,52206.0,26103.0,1.8260230849947534,70.48427185683636,15607.534653573075,1.831807561833913,0.0,0.0,1.0,inf,28590.0,inf,218.0,27.0,191.0,0.0,0.0,0.0,0.0,0.0,0.0
595.0,28623.0,80891.0,52268.0,26134.0,1.8260839185270588,70.48427185683636,15607.534653573075,1.8339219252316226,0.0,0.0,1.0,inf,28623.0,inf,219.0,33.0,186.0,0.0,0.0,0.0,0.0,0.0,0.0
596.0,28649.0,80961.0,52312.0,26156.0,1.8259625117805158,70.48427185683636,15607.534653573075,1.8355877873025455,0.0,0.0,1.0,inf,28649.0,inf,220.0,26.0,194.0,0.0,0.0,0.0,0.0,0.0,0.0
597.0,28691.0,81079.0,52388.0,26194.0,1.8259384475968075,70.48427185683636,15607.534653573075,1.8382787952632669,0.0,0.0,1.0,inf,28691.0,inf,218.0,42.0,176.0,0.0,0.0,0.0,0.0,0.0,0.0
598.0,28718.0,81158.0,52440.0,26220.0,1.8260324535134758,70.48427185683636,15607.534653573075,1.840008728952302,0.0,0.0,1.0,inf,28718.0,inf,219.0,27.0,192.0,0.0,0.0,0.0,0.0,0.0,0.0
599.0,28748.0,81244.0,52496.0,26248.0,1.826074857381383,70.48427185683636,15607.534653573075,1.8419308774956744,0.0,0.0,1.0,inf,28748.0,inf,220.0,30.0,190.0,0.0,0.0,0.0,0.0,0.0,0.0
600.0,28775.0,81323.0,52548.0,26274.0,1.8261685490877497,70.48427185683636,15607.534653573075,1.8436608111847095,0.0,0.0,1.0,inf,28775.0,inf,220.0,27.0,193.0,0.0,0.0,0.0,0.0,0.0,0.0
601.0,28811.0,81427.0,52616.0,26308.0,1.8262469195793274,70.48427185683636,15607.534653573075,1.8459673894367565,0.0,0.0,1.0,inf,28811.0,inf,220.0,36.0,184.0,0.0,0.0,0.0,0.0,0.0,0.0
602.0,28844.0,81526.0,52682.0,26341.0,1.8264457079461933,70.48427185683636,15607.534653573075,1.8480817528344662,0.0,0.0,1.0,inf,28844.0,inf,220.0,33.0,187.0,0.0,0.0,0.0,0.0,0.0,0.0
603.0,28877.0,81621.0,52744.0,26372.0,1.8265055234269487,70.48427185683636,15607.534653573075,1.8501961162321758,0.0,0.0,1.0,inf,28877.0,inf,220.0,33.0,187.0,0.0,0.0,0.0,0.0,0.0,0.0
604.0,28911.0,81713.0,52802.0,26401.0,1.8263636678081008,70.48427185683636,15607.534653573075,1.8523745512479979,0.0,0.0,1.0,inf,28911.0,inf,220.0,34.0,186.0,0.0,0.0,0.0,0.0,0.0,0.0
605.0,28935.0,81777.0,52842.0,26421.0,1.8262312078797305,70.48427185683636,15607.534653573075,1.8539122700826958,0.0,0.0,1.0,inf,28935.0,inf,220.0,24.0,196.0,0.0,0.0,0.0,0.0,0.0,0.0
606.0,28968.0,81872.0,52904.0,26452.0,1.8262910798122065,70.48427185683636,15607.534653573075,1.8560266334804054,0.0,0.0,1.0,inf,28968.0,inf,218.0,33.0,185.0,0.0,0.0,0.0,0.0,0.0,0.0
607.0,28996.0,81948.0,52952.0,26476.0,1.826182921782315,70.48427185683636,15607.534653573075,1.857820638787553,0.0,0.0,1.0,inf,28996.0,inf,217.0,28.0,189.0,0.0,0.0,0.0,0.0,0.0,0.0
608.0,29036.0,82058.0,53022.0,26511.0,1.8260779721724756,70.94484090527175,15812.171313360306,1.8363069451104654,0.0,0.0,1.0,inf,29036.0,inf,218.0,40.0,178.0,0.0,0.0,0.0,0.0,0.0,0.0
609.0,29075.0,82169.0,53094.0,26547.0,1.8261049011177988,70.94484090527175,15812.171313360306,1.8387733995414928,0.0,0.0,1.0,inf,29075.0,inf,220.0,39.0,181.0,0.0,0.0,0.0,0.0,0.0,0.0
610.0,29112.0,82276.0,53164.0,26582.0,1.8261885133278373,70.94484090527175,15812.171313360306,1.8411133691299033,0.0,0.0,1.0,inf,29112.0,inf,220.0,37.0,183.0,0.0,0.0,0.0,0.0,0.0,0.0
611.0,29138.0,82348.0,53210.0,26605.0,1.8261376896149357,70.94484090527175,15812.171313360306,1.8427576720839214,0.0,0.0,1.0,inf,29138.0,inf,218.0,26.0,192.0,0.0,0.0,0.0,0.0,0.0,0.0
612.0,29167.0,82431.0,53264.0,26632.0,1.8261734151609696,70.94484090527175,15812.171313360306,1.8445917023018648,0.0,0.0,1.0,inf,29167.0,inf,220.0,29.0,191.0,0.0,0.0,0.0,0.0,0.0,0.0
613.0,29200.0,82522.0,53322.0,26661.0,1.826095890410959,70.94484090527175,15812.171313360306,1.8466787022050417,0.0,0.0,1.0,inf,29200.0,inf,220.0,33.0,187.0,0.0,0.0,0.0,0.0,0.0,0.0
614.0,29233.0,82617.0,53384.0,26692.0,1.8261553723531625,70.94484090527175,15812.171313360306,1.8487657021082187,0.0,0.0,1.0,inf,29233.0,inf,219.0,33.0,186.0,0.0,0.0,0.0,0.0,0.0,0.0
615.0,29268.0,82714.0,53446.0,26723.0,1.8260899275659424,70.94484090527175,15812.171313360306,1.8509791868540124,0.0,0.0,1.0,inf,29268.0,inf,218.0,35.0,183.0,0.0,0.0,0.0,0.0,0.0,0.0
616.0,29296.0,82794.0,53498.0,26749.0,1.8261196067722556,70.94484090527175,15812.171313360306,1.8527499746506473,0.0,0.0,1.0,inf,29296.0,inf,219.0,28.0,191.0,0.0,0.0,0.0,0.0,0.0,0.0
617.0,29326.0,82878.0,53552.0,26776.0,1.8260928868580781,70.94484090527175,15812.171313360306,1.8546472472898992,0.0,0.0,1.0,inf,29326.0,inf,220.0,30.0,190.0,0.0,0.0,0.0,0.0,0.0,0.0
618.0,29364.0,82988.0,53624.0,26812.0,1.8261817191118377,70.94484090527175,15812.171313360306,1.857050459299618,0.0,0.0,1.0,inf,29364.0,inf,219.0,38.0,181.0,0.0,0.0,0.0,0.0,0.0,0.0
619.0,29390.0,83066.0,53676.0,26838.0,1.8263354882613134,70.94484090527175,15812.171313360306,1.858694762253636,0.0,0.0,1.0,inf,29390.0,inf,220.0,26.0,194.0,0.0,0.0,0.0,0.0,0.0,0.0
620.0,29428.0,83176.0,53748.0,26874.0,1.8264238140546418,70.94484090527175,15812.171313360306,1.861097974263355,0.0,0.0,1.0,inf,29428.0,inf,218.0,38.0,180.0,0.0,0.0,0.0,0.0,0.0,0.0
621.0,29457.0,83263.0,53806.0,26903.0,1.8265946973554672,71.43141128906484,16029.808498632086,1.837638921420286,0.0,0.0,1.0,inf,29457.0,inf,218.0,29.0,189.0,0.0,0.0,0.0,0.0,0.0,0.0
622.0,29491.0,83365.0,53874.0,26937.0,1.8267946153063646,71.43141128906484,16029.808498632086,1.8397599698409768,0.0,0.0,1.0,inf,29491.0,inf,220.0,34.0,186.0,0.0,0.0,0.0,0.0,0.0,0.0
623.0,29523.0,83455.0,53932.0,26966.0,1.8267791213630051,71.43141128906484,16029.808498632086,1.8417562507075094,0.0,0.0,1.0,inf,29523.0,inf,220.0,32.0,188.0,0.0,0.0,0.0,0.0,0.0,0.0
624.0,29551.0,83537.0,53986.0,26993.0,1.826875571046665,71.43141128906484,16029.808498632086,1.8435029964657252,0.0,0.0,1.0,inf,29551.0,inf,218.0,28.0,190.0,0.0,0.0,0.0,0.0,0.0,0.0
625.0,29576.0,83606.0,54030.0,27015.0,1.826819042466865,71.43141128906484,16029.808498632086,1.8450625908927039,0.0,0.0,1.0,inf,29576.0,inf,219.0,25.0,194.0,0.0,0.0,0.0,0.0,0.0,0.0
626.0,29606.0,83686.0,54080.0,27040.0,1.8266567587651152,71.43141128906484,16029.808498632086,1.846934104205078,0.0,0.0,1.0,inf,29606.0,inf,218.0,30.0,188.0,0.0,0.0,0.0,0.0,0.0,0.0
627.0,29643.0,83791.0,54148.0,27074.0,1.8266707148399284,71.43141128906484,16029.808498632086,1.8492423039570063,0.0,0.0,1.0,inf,29643.0,inf,220.0,37.0,183.0,0.0,0.0,0.0,0.0,0.0,0.0
628.0,29681.0,83897.0,54216.0,27108.0,1.8266230922138742,71.43141128906484,16029.808498632086,1.8516128874860138,0.0,0.0,1.0,inf,29681.0,inf,218.0,38.0,180.0,0.0,0.0,0.0,0.0,0.0,0.0
629.0,29710.0,83980.0,54270.0,27135.0,1.826657691013127,71.43141128906484,16029.808498632086,1.853422017021309,0.0,0.0,1.0,inf,29710.0,inf,219.0,29.0,190.0,0.0,0.0,0.0,0.0,0.0,0.0
630.0,29740.0,84070.0,54330.0,27165.0,1.8268325487558843,71.43141128906484,16029.808498632086,1.855293530333683,0.0,0.0,1.0,inf,29740.0,inf,219.0,30.0,189.0,0.0,0.0,0.0,0.0,0.0,0.0
631.0,29770.0,84156.0,54386.0,27193.0,1.8268726906281492,71.43141128906484,16029.808498632086,1.8571650436460574,0.0,0.0,1.0,inf,29770.0,inf,219.0,30.0,189.0,0.0,0.0,0.0,0.0,0.0,0.0
632.0,29795.0,84231.0,54436.0,27218.0,1.8270179560328914,71.43141128906484,16029.808498632086,1.858724638073036,0.0,0.0,1.0,inf,29795.0,inf,218.0,25.0,193.0,0.0,0.0,0.0,0.0,0.0,0.0
633.0,29829.0,84331.0,54502.0,27251.0,1.8271480773743671,71.43141128906484,16029.808498632086,1.8608456864937268,0.0,0.0,1.0,inf,29829.0,inf,217.0,34.0,183.0,0.0,0.0,0.0,0.0,0.0,0.0
634.0,29869.0,84447.0,54578.0,27289.0,1.8272456392915732,71.43141128906484,16029.808498632086,1.8633410375768924,0.0,0.0,1.0,inf,29869.0,inf,219.0,40.0,179.0,0.0,0.0,0.0,0.0,0.0,0.0
635.0,29905.0,84549.0,54644.0,27322.0,1.8272529677311486,71.43141128906484,16029.808498632086,1.8655868535517415,0.0,0.0,1.0,inf,29905.0,inf,216.0,36.0,180.0,0.0,0.0,0.0,0.0,0.0,0.0
636.0,29930.0,84622.0,54692.0,27346.0,1.8273304376879385,71.43141128906484,16029.808498632086,1.86714644797872,0.0,0.0,1.0,inf,29930.0,inf,217.0,25.0,192.0,0.0,0.0,0.0,0.0,0.0,0.0
637.0,29965.0,84725.0,54760.0,27380.0,1.8274653762723176,71.44284670456071,16034.94131597373,1.8687315038783077,0.0,0.0,1.0,inf,29965.0,inf,220.0,35.0,185.0,0.0,0.0,0.0,0.0,0.0,0.0
638.0,29999.0,84825.0,54826.0,27413.0,1.8275942531417715,71.44284670456071,16034.94131597373,1.8708518733470834,0.0,0.0,1.0,inf,29999.0,inf,219.0,34.0,185.0,0.0,0.0,0.0,0.0,0.0,0.0
639.0,30019.0,84883.0,54864.0,27432.0,1.827642493087711,71.44284670456071,16034.94131597373,1.8720991495051866,0.0,0.0,1.0,inf,30019.0,inf,219.0,20.0,199.0,0.0,0.0,0.0,0.0,0.0,0.0
640.0,30051.0,84969.0,54918.0,27459.0,1.8274932614555257,71.44284670456071,16034.94131597373,1.874094791358152,0.0,0.0,1.0,inf,30051.0,inf,220.0,32.0,188.0,0.0,0.0,0.0,0.0,0.0,0.0
641.0,30086.0,85068.0,54982.0,27491.0,1.827494515721598,71.44284670456071,16034.94131597373,1.8762775246348329,0.0,0.0,1.0,inf,30086.0,inf,219.0,35.0,184.0,0.0,0.0,0.0,0.0,0.0,0.0
642.0,30113.0,85143.0,55030.0,27515.0,1.8274499385647396,71.85758590982343,16221.65341671564,1.8563459116300678,0.0,0.0,1.0,inf,30113.0,inf,219.0,27.0,192.0,0.0,0.0,0.0,0.0,0.0,0.0
643.0,30140.0,85220.0,55080.0,27540.0,1.827471798274718,71.85758590982343,16221.65341671564,1.8580103535526267,0.0,0.0,1.0,inf,30140.0,inf,219.0,27.0,192.0,0.0,0.0,0.0,0.0,0.0,0.0
644.0,30170.0,85298.0,55128.0,27564.0,1.827245608220086,71.85758590982343,16221.65341671564,1.8598597334665807,0.0,0.0,1.0,inf,30170.0,inf,218.0,30.0,188.0,0.0,0.0,0.0,0.0,0.0,0.0
645.0,30194.0,85366.0,55172.0,27586.0,1.827250447108697,71.85758590982343,16221.65341671564,1.861339237397744,0.0,0.0,1.0,inf,30194.0,inf,220.0,24.0,196.0,0.0,0.0,0.0,0.0,0.0,0.0
646.0,30228.0,85460.0,55232.0,27616.0,1.827180097922456,71.85758590982343,16221.65341671564,1.8634352013002256,0.0,0.0,1.0,inf,30228.0,inf,220.0,34.0,186.0,0.0,0.0,0.0,0.0,0.0,0.0
647.0,30267.0,85573.0,55306.0,27653.0,1.827270624772855,71.85758590982343,16221.65341671564,1.8658393951883658,0.0,0.0,1.0,inf,30267.0,inf,219.0,39.0,180.0,0.0,0.0,0.0,0.0,0.0,0.0
648.0,30301.0,85669.0,55368.0,27684.0,1.827266426850599,71.85758590982343,16221.65341671564,1.8679353590908474,0.0,0.0,1.0,inf,30301.0,inf,219.0,34.0,185.0,0.0,0.0,0.0,0.0,0.0,0.0
649.0,30329.0,85743.0,55414.0,27707.0,1.8270961785749613,71.85758590982343,16221.65341671564,1.869661447010538,0.0,0.0,1.0,inf,30329.0,inf,217.0,28.0,189.0,0.0,0.0,0.0,0.0,0.0,0.0
650.0,30354.0,85816.0,55462.0,27731.0,1.8271726955261252,71.85758590982343,16221.65341671564,1.871202596938833,0.0,0.0,1.0,inf,30354.0,inf,220.0,25.0,195.0,0.0,0.0,0.0,0.0,0.0,0.0
651.0,30397.0,85937.0,55540.0,27770.0,1.8271539954600784,72.30834779646186,16425.80827048262,1.850563424304896,0.0,0.0,1.0,inf,30397.0,inf,220.0,43.0,177.0,0.0,0.0,0.0,0.0,0.0,0.0
652.0,30437.0,86051.0,55614.0,27807.0,1.8271840194500115,72.30834779646186,16425.80827048262,1.8529986164940002,0.0,0.0,1.0,inf,30437.0,inf,220.0,40.0,180.0,0.0,0.0,0.0,0.0,0.0,0.0
653.0,30471.0,86145.0,55674.0,27837.0,1.8271143054051393,72.30834779646186,16425.80827048262,1.8550685298547387,0.0,0.0,1.0,inf,30471.0,inf,220.0,34.0,186.0,0.0,0.0,0.0,0.0,0.0,0.0
654.0,30508.0,86250.0,55742.0,27871.0,1.8271273108692803,72.90624891607892,16698.573816661847,1.8269823719651495,0.0,0.0,1.0,inf,30508.0,inf,219.0,37.0,182.0,0.0,0.0,0.0,0.0,0.0,0.0
655.0,30547.0,86367.0,55820.0,27910.0,1.8273480210822666,72.90624891607892,16698.573816661847,1.829317900761093,0.0,0.0,1.0,inf,30547.0,inf,218.0,39.0,179.0,0.0,0.0,0.0,0.0,0.0,0.0
656.0,30592.0,86492.0,55900.0,27950.0,1.8272751046025104,72.90624891607892,16698.573816661847,1.8320127416794891,0.0,0.0,1.0,inf,30592.0,inf,220.0,45.0,175.0,0.0,0.0,0.0,0.0,0.0,0.0
657.0,30638.0,86626.0,55988.0,27994.0,1.8274038775376982,72.90624891607892,16698.573816661847,1.8347674679516275,0.0,0.0,1.0,inf,30638.0,inf,216.0,46.0,170.0,0.0,0.0,0.0,0.0,0.0,0.0
658.0,30678.0,86740.0,56062.0,28031.0,1.8274333398526632,72.90624891607892,16698.573816661847,1.837162882101313,0.0,0.0,1.0,inf,30678.0,inf,220.0,40.0,180.0,0.0,0.0,0.0,0.0,0.0,0.0
659.0,30706.0,86822.0,56116.0,28058.0,1.8275255650361493,72.90624891607892,16698.573816661847,1.8388396720060929,0.0,0.0,1.0,inf,30706.0,inf,219.0,28.0,191.0,0.0,0.0,0.0,0.0,0.0,0.0
660.0,30746.0,86936.0,56190.0,28095.0,1.8275548038769271,72.90624891607892,16698.573816661847,1.8412350861557785,0.0,0.0,1.0,inf,30746.0,inf,220.0,40.0,180.0,0.0,0.0,0.0,0.0,0.0,0.0
661.0,30784.0,87046.0,56262.0,28131.0,1.8276377338877339,72.90624891607892,16698.573816661847,1.8435107295979796,0.0,0.0,1.0,inf,30784.0,inf,217.0,38.0,179.0,0.0,0.0,0.0,0.0,0.0,0.0
662.0,30819.0,87145.0,56326.0,28163.0,1.8276387942503,72.90624891607892,16698.573816661847,1.8456067169789545,0.0,0.0,1.0,inf,30819.0,inf,219.0,35.0,184.0,0.0,0.0,0.0,0.0,0.0,0.0
663.0,30863.0,87267.0,56404.0,28202.0,1.8275605093477627,72.90624891607892,16698.573816661847,1.8482416725436086,0.0,0.0,1.0,inf,30863.0,inf,220.0,44.0,176.0,0.0,0.0,0.0,0.0,0.0,0.0
664.0,30901.0,87379.0,56478.0,28239.0,1.8277078411701886,72.90624891607892,16698.573816661847,1.8505173159858097,0.0,0.0,1.0,inf,30901.0,inf,220.0,38.0,182.0,0.0,0.0,0.0,0.0,0.0,0.0
665.0,30928.0,87458.0,56530.0,28265.0,1.8277935851008795,72.90624891607892,16698.573816661847,1.8521342205368474,0.0,0.0,1.0,inf,30928.0,inf,219.0,27.0,192.0,0.0,0.0,0.0,0.0,0.0,0.0
666.0,30967.0,87569.0,56602.0,28301.0,1.8278167081086318,72.90624891607892,16698.573816661847,1.8544697493327909,0.0,0.0,1.0,inf,30967.0,inf,215.0,39.0,176.0,0.0,0.0,0.0,0.0,0.0,0.0
667.0,31008.0,87686.0,56678.0,28339.0,1.8278508771929824,72.90624891607892,16698.573816661847,1.8569250488362186,0.0,0.0,1.0,inf,31008.0,inf,218.0,41.0,177.0,0.0,0.0,0.0,0.0,0.0,0.0
668.0,31036.0,87768.0,56732.0,28366.0,1.827941745070241,73.61665518197849,17025.58467522173,1.8229036236957195,0.0,0.0,1.0,inf,31036.0,inf,217.0,28.0,189.0,0.0,0.0,0.0,0.0,0.0,0.0
669.0,31077.0,87877.0,56800.0,28400.0,1.827718248222158,73.61665518197849,17025.58467522173,1.8253117641961552,0.0,0.0,1.0,inf,31077.0,inf,219.0,41.0,178.0,0.0,0.0,0.0,0.0,0.0,0.0
670.0,31120.0,88000.0,56880.0,28440.0,1.8277634961439588,73.61665518197849,17025.58467522173,1.827837374964905,0.0,0.0,1.0,inf,31120.0,inf,218.0,43.0,175.0,0.0,0.0,0.0,0.0,0.0,0.0
671.0,31156.0,88106.0,56950.0,28475.0,1.827898318140968,73.61665518197849,17025.58467522173,1.8299518397945558,0.0,0.0,1.0,inf,31156.0,inf,220.0,36.0,184.0,0.0,0.0,0.0,0.0,0.0,0.0
672.0,31200.0,88230.0,57030.0,28515.0,1.8278846153846153,73.738012068803,17081.764217399985,1.8265092295454335,0.0,0.0,1.0,inf,31200.0,inf,218.0,44.0,174.0,0.0,0.0,0.0,0.0,0.0,0.0
673.0,31247.0,88361.0,57114.0,28557.0,1.827823471053221,73.738012068803,17081.764217399985,1.8292607017822486,0.0,0.0,1.0,inf,31247.0,inf,218.0,47.0,171.0,0.0,0.0,0.0,0.0,0.0,0.0
674.0,31281.0,88457.0,57176.0,28588.0,1.8278188037466834,73.738012068803,17081.764217399985,1.8312511285067534,0.0,0.0,1.0,inf,31281.0,inf,219.0,34.0,185.0,0.0,0.0,0.0,0.0,0.0,0.0
675.0,31314.0,88544.0,57230.0,28615.0,1.8276170403014627,73.738012068803,17081.764217399985,1.8331830132687725,0.0,0.0,1.0,inf,31314.0,inf,220.0,33.0,187.0,0.0,0.0,0.0,0.0,0.0,0.0
676.0,31341.0,88611.0,57270.0,28635.0,1.8273188475160334,73.738012068803,17081.764217399985,1.8347636462558792,0.0,0.0,1.0,inf,31341.0,inf,220.0,27.0,193.0,0.0,0.0,0.0,0.0,0.0,0.0
677.0,31383.0,88733.0,57350.0,28675.0,1.8274224898830578,73.738012068803,17081.764217399985,1.8372224086802673,0.0,0.0,1.0,inf,31383.0,inf,218.0,42.0,176.0,0.0,0.0,0.0,0.0,0.0,0.0
678.0,31422.0,88844.0,57422.0,28711.0,1.827445738654446,73.738012068803,17081.764217399985,1.8395055452171991,0.0,0.0,1.0,inf,31422.0,inf,220.0,39.0,181.0,0.0,0.0,0.0,0.0,0.0,0.0
679.0,31467.0,88967.0,57500.0,28750.0,1.827311151364922,73.738012068803,17081.764217399985,1.8421399335290434,0.0,0.0,1.0,inf,31467.0,inf,218.0,45.0,173.0,0.0,0.0,0.0,0.0,0.0,0.0
680.0,31496.0,89046.0,57550.0,28775.0,1.827216154432309,73.738012068803,17081.764217399985,1.843837650441121,0.0,0.0,1.0,inf,31496.0,inf,220.0,29.0,191.0,0.0,0.0,0.0,0.0,0.0,0.0
681.0,31537.0,89159.0,57622.0,28811.0,1.827123695976155,73.738012068803,17081.764217399985,1.8462378709030236,0.0,0.0,1.0,inf,31537.0,inf,219.0,41.0,178.0,0.0,0.0,0.0,0.0,0.0,0.0
682.0,31583.0,89289.0,57706.0,28853.0,1.8271221859861317,73.738012068803,17081.764217399985,1.8489308011773533,0.0,0.0,1.0,inf,31583.0,inf,218.0,46.0,172.0,0.0,0.0,0.0,0.0,0.0,0.0
683.0,31624.0,89406.0,57782.0,28891.0,1.8271565899316975,73.738012068803,17081.764217399985,1.851331021639256,0.0,0.0,1.0,inf,31624.0,inf,219.0,41.0,178.0,0.0,0.0,0.0,0.0,0.0,0.0
684.0,31660.0,89510.0,57850.0,28925.0,1.8272267845862287,73.738012068803,17081.764217399985,1.8534385322887315,0.0,0.0,1.0,inf,31660.0,inf,217.0,36.0,181.0,0.0,0.0,0.0,0.0,0.0,0.0
685.0,31694.0,89606.0,57912.0,28956.0,1.8272228181990282,73.738012068803,17081.764217399985,1.8554289590132362,0.0,0.0,1.0,inf,31694.0,inf,216.0,34.0,182.0,0.0,0.0,0.0,0.0,0.0,0.0
686.0,31719.0,89679.0,57960.0,28980.0,1.8272959424950346,73.738012068803,17081.764217399985,1.856892508075372,0.0,0.0,1.0,inf,31719.0,inf,219.0,25.0,194.0,0.0,0.0,0.0,0.0,0.0,0.0
687.0,31754.0,89782.0,58028.0,29014.0,1.8274233167474965,73.738012068803,17081.764217399985,1.858941476762362,0.0,0.0,1.0,inf,31754.0,inf,220.0,35.0,185.0,0.0,0.0,0.0,0.0,0.0,0.0
688.0,31811.0,89941.0,58130.0,29065.0,1.8273553173430575,73.738012068803,17081.764217399985,1.8622783686240316,0.0,0.0,1.0,inf,31811.0,inf,219.0,57.0,162.0,0.0,0.0,0.0,0.0,0.0,0.0
689.0,31839.0,90017.0,58178.0,29089.0,1.8272558811520463,73.738012068803,17081.764217399985,1.8639175435736235,0.0,0.0,1.0,inf,31839.0,inf,220.0,28.0,192.0,0.0,0.0,0.0,0.0,0.0,0.0
690.0,31878.0,90124.0,58246.0,29123.0,1.8271535228056968,73.738012068803,17081.764217399985,1.8662006801105553,0.0,0.0,1.0,inf,31878.0,inf,219.0,39.0,180.0,0.0,0.0,0.0,0.0,0.0,0.0
691.0,31920.0,90242.0,58322.0,29161.0,1.8271303258145364,73.738012068803,17081.764217399985,1.8686594425349434,0.0,0.0,1.0,inf,31920.0,inf,218.0,42.0,176.0,0.0,0.0,0.0,0.0,0.0,0.0
692.0,31958.0,90348.0,58390.0,29195.0,1.8270855497840917,73.738012068803,17081.764217399985,1.8708840371093898,0.0,0.0,1.0,inf,31958.0,inf,218.0,38.0,180.0,0.0,0.0,0.0,0.0,0.0,0.0
693.0,31983.0,90415.0,58432.0,29216.0,1.8269705781196262,73.738012068803,17081.764217399985,1.8723475861715255,0.0,0.0,1.0,inf,31983.0,inf,219.0,25.0,194.0,0.0,0.0,0.0,0.0,0.0,0.0
694.0,32021.0,90519.0,58498.0,29249.0,1.8268636207488835,73.738012068803,17081.764217399985,1.8745721807459719,0.0,0.0,1.0,inf,32021.0,inf,218.0,38.0,180.0,0.0,0.0,0.0,0.0,0.0,0.0
695.0,32056.0,90620.0,58564.0,29282.0,1.826927876216621,73.738012068803,17081.764217399985,1.876621149432962,0.0,0.0,1.0,inf,32056.0,inf,219.0,35.0,184.0,0.0,0.0,0.0,0.0,0.0,0.0
696.0,32096.0,90738.0,58642.0,29321.0,1.8270812562313061,73.738012068803,17081.764217399985,1.8789628279323791,0.0,0.0,1.0,inf,32096.0,inf,219.0,40.0,179.0,0.0,0.0,0.0,0.0,0.0,0.0
697.0,32140.0,90864.0,58724.0,29362.0,1.8271313005600498,73.738012068803,17081.764217399985,1.8815386742817382,0.0,0.0,1.0,inf,32140.0,inf,219.0,44.0,175.0,0.0,0.0,0.0,0.0,0.0,0.0
698.0,32175.0,90963.0,58788.0,29394.0,1.827132867132867,73.738012068803,17081.764217399985,1.8835876429687282,0.0,0.0,1.0,inf,32175.0,inf,220.0,35.0,185.0,0.0,0.0,0.0,0.0,0.0,0.0
699.0,32204.0,91032.0,58828.0,29414.0,1.8267295988076016,73.738012068803,17081.764217399985,1.8852853598808057,0.0,0.0,1.0,inf,32204.0,inf,220.0,29.0,191.0,0.0,0.0,0.0,0.0,0.0,0.0
700.0,32228.0,91094.0,58866.0,29433.0,1.8265483430557279,73.738012068803,17081.764217399985,1.886690366980456,0.0,0.0,1.0,inf,32228.0,inf,220.0,24.0,196.0,0.0,0.0,0.0,0.0,0.0,0.0
