t,site_subsystems,total_subsystems,interface_subsystems,n_links,mean_degree,frontier_radius,volume_proxy,density,energy_remaining,energy_density,creation_rate_modifier,memory_total,memory_bound,memory_free,birth_attempts,births_accepted,births_reject_exclusion,births_reject_memory,births_reject_energy,deaths_attempted,deaths_executed,links_attempted_random,links_added_random
0.0,2.0,4.0,2.0,1.0,1.0,0.12966566467190335,0.05282017720649313,37.86431825439128,0.0,0.0,1.0,inf,2.0,inf,0.0,0.0,0.0,0.0,0.0,0.0,0.0,0.0,0.0
1.0,2.0,4.0,2.0,1.0,1.0,0.12966566467190335,0.05282017720649313,37.86431825439128,0.0,0.0,1.0,inf,2.0,inf,0.0,0.0,0.0,0.0,0.0,0.0,0.0,0.0,0.0
2.0,182.0,514.0,332.0,166.0,1.8241758241758241,16.706341852084943,876.8243469433834,0.20756722898315202,0.0,0.0,1.0,inf,182.0,inf,220.0,180.0,40.0,0.0,0.0,0.0,0.0,0.0,0.0
3.0,182.0,514.0,332.0,166.0,1.8241758241758241,16.706341852084943,876.8243469433834,0.20756722898315202,0.0,0.0,1.0,inf,182.0,inf,0.0,0.0,0.0,0.0,0.0,0.0,0.0,0.0,0.0
4.0,334.0,936.0,602.0,301.0,1.8023952095808384,19.54046594054854,1199.5537234218064,0.2784368832162372,0.0,0.0,1.0,inf,334.0,inf,220.0,152.0,68.0,0.0,0.0,0.0,0.0,0.0,0.0
5.0,334.0,936.0,602.0,301.0,1.8023952095808384,19.54046594054854,1199.5537234218064,0.2784368832162372,0.0,0.0,1.0,inf,334.0,inf,2.0,0.0,2.0,0.0,0.0,0.0,0.0,0.0,0.0
6.0,481.0,1353.0,872.0,436.0,1.812889812889813,21.834693298543453,1497.766334427272,0.3211448868517456,0.0,0.0,1.0,inf,481.0,inf,220.0,147.0,73.0,0.0,0.0,0.0,0.0,0.0,0.0
7.0,498.0,1396.0,898.0,449.0,1.8032128514056225,21.834693298543453,1497.766334427272,0.33249512193798186,0.0,0.0,1.0,inf,498.0,inf,34.0,17.0,17.0,0.0,0.0,0.0,0.0,0.0,0.0
8.0,617.0,1727.0,1110.0,555.0,1.79902755267423,23.22562995480637,1694.6689694901104,0.3640829041589415,0.0,0.0,1.0,inf,617.0,inf,200.0,119.0,81.0,0.0,0.0,0.0,0.0,0.0,0.0
9.0,653.0,1823.0,1170.0,585.0,1.7917304747320062,23.22562995480637,1694.6689694901104,0.38532599094941455,0.0,0.0,1.0,inf,653.0,inf,70.0,36.0,34.0,0.0,0.0,0.0,0.0,0.0,0.0
10.0,754.0,2102.0,1348.0,674.0,1.7877984084880636,24.28260098146054,1852.4234904987218,0.40703435465342924,0.0,0.0,1.0,inf,754.0,inf,182.0,101.0,81.0,0.0,0.0,0.0,0.0,0.0,0.0
11.0,830.0,2306.0,1476.0,738.0,1.7783132530120482,24.28260098146054,1852.4234904987218,0.44806169013573777,0.0,0.0,1.0,inf,830.0,inf,131.0,76.0,55.0,0.0,0.0,0.0,0.0,0.0,0.0
12.0,923.0,2569.0,1646.0,823.0,1.7833152762730227,24.747777978421272,1924.0763213857756,0.47971070052732034,0.0,0.0,1.0,inf,923.0,inf,171.0,93.0,78.0,0.0,0.0,0.0,0.0,0.0,0.0
13.0,978.0,2716.0,1738.0,869.0,1.7770961145194275,25.502317964978108,2043.1920270654914,0.47866279186917154,0.0,0.0,1.0,inf,978.0,inf,152.0,55.0,97.0,0.0,0.0,0.0,0.0,0.0,0.0
14.0,1077.0,2993.0,1916.0,958.0,1.7790157845868153,26.17866451419733,2153.004055146413,0.5002312919130845,0.0,0.0,1.0,inf,1077.0,inf,185.0,99.0,86.0,0.0,0.0,0.0,0.0,0.0,0.0
15.0,1146.0,3186.0,2040.0,1020.0,1.780104712041885,26.17866451419733,2153.004055146413,0.5322795362417779,0.0,0.0,1.0,inf,1146.0,inf,155.0,69.0,86.0,0.0,0.0,0.0,0.0,0.0,0.0
16.0,1232.0,3434.0,2202.0,1101.0,1.7873376623376624,27.329469767754986,2346.455294685309,0.5250472927357551,0.0,0.0,1.0,inf,1232.0,inf,169.0,86.0,83.0,0.0,0.0,0.0,0.0,0.0,0.0
17.0,1315.0,3667.0,2352.0,1176.0,1.7885931558935362,27.329469767754986,2346.455294685309,0.560419797035323,0.0,0.0,1.0,inf,1315.0,inf,161.0,83.0,78.0,0.0,0.0,0.0,0.0,0.0,0.0
18.0,1398.0,3902.0,2504.0,1252.0,1.7911301859799713,27.329469767754986,2346.455294685309,0.5957923013348909,0.0,0.0,1.0,inf,1398.0,inf,176.0,83.0,93.0,0.0,0.0,0.0,0.0,0.0,0.0
19.0,1489.0,4145.0,2656.0,1328.0,1.783747481531229,27.329469767754986,2346.455294685309,0.6345742036392364,0.0,0.0,1.0,inf,1489.0,inf,187.0,91.0,96.0,0.0,0.0,0.0,0.0,0.0,0.0
20.0,1570.0,4362.0,2792.0,1396.0,1.778343949044586,27.37125206671868,2353.6354735374925,0.6670531684502122,0.0,0.0,1.0,inf,1570.0,inf,193.0,81.0,112.0,0.0,0.0,0.0,0.0,0.0,0.0
21.0,1656.0,4608.0,2952.0,1476.0,1.7826086956521738,27.37125206671868,2353.6354735374925,0.7035923865946188,0.0,0.0,1.0,inf,1656.0,inf,195.0,86.0,109.0,0.0,0.0,0.0,0.0,0.0,0.0
22.0,1730.0,4816.0,3086.0,1543.0,1.783815028901734,27.55516776690111,2385.3713114761913,0.7252539643102299,0.0,0.0,1.0,inf,1730.0,inf,189.0,74.0,115.0,0.0,0.0,0.0,0.0,0.0,0.0
23.0,1815.0,5061.0,3246.0,1623.0,1.7884297520661157,28.917202279811725,2627.0141895898505,0.6908984379271175,0.0,0.0,1.0,inf,1815.0,inf,178.0,85.0,93.0,0.0,0.0,0.0,0.0,0.0,0.0
24.0,1885.0,5263.0,3378.0,1689.0,1.7920424403183024,28.917202279811725,2627.0141895898505,0.7175446586736178,0.0,0.0,1.0,inf,1885.0,inf,180.0,70.0,110.0,0.0,0.0,0.0,0.0,0.0,0.0
25.0,1974.0,5522.0,3548.0,1774.0,1.7973657548125632,29.973043294726867,2822.3544518779063,0.6994160491381805,0.0,0.0,1.0,inf,1974.0,inf,194.0,89.0,105.0,0.0,0.0,0.0,0.0,0.0,0.0
26.0,2053.0,5743.0,3690.0,1845.0,1.7973697028738431,29.973043294726867,2822.3544518779063,0.7274068636680265,0.0,0.0,1.0,inf,2053.0,inf,184.0,79.0,105.0,0.0,0.0,0.0,0.0,0.0,0.0
27.0,2130.0,5958.0,3828.0,1914.0,1.7971830985915493,29.973043294726867,2822.3544518779063,0.7546890499819272,0.0,0.0,1.0,inf,2130.0,inf,188.0,77.0,111.0,0.0,0.0,0.0,0.0,0.0,0.0
28.0,2197.0,6145.0,3948.0,1974.0,1.7969959035047793,29.973043294726867,2822.3544518779063,0.7784280952161005,0.0,0.0,1.0,inf,2197.0,inf,186.0,67.0,119.0,0.0,0.0,0.0,0.0,0.0,0.0
29.0,2276.0,6366.0,4090.0,2045.0,1.79701230228471,29.973043294726867,2822.3544518779063,0.8064189097459467,0.0,0.0,1.0,inf,2276.0,inf,199.0,79.0,120.0,0.0,0.0,0.0,0.0,0.0,0.0
30.0,2341.0,6551.0,4210.0,2105.0,1.7983767620674924,30.091850464937988,2844.773297054763,0.8229126737176817,0.0,0.0,1.0,inf,2341.0,inf,200.0,65.0,135.0,0.0,0.0,0.0,0.0,0.0,0.0
31.0,2404.0,6718.0,4314.0,2157.0,1.7945091514143094,30.09808407311675,2845.952024089332,0.8447085473161653,0.0,0.0,1.0,inf,2404.0,inf,202.0,63.0,139.0,0.0,0.0,0.0,0.0,0.0,0.0
32.0,2470.0,6908.0,4438.0,2219.0,1.796761133603239,30.09808407311675,2845.952024089332,0.8678993809779236,0.0,0.0,1.0,inf,2470.0,inf,198.0,66.0,132.0,0.0,0.0,0.0,0.0,0.0,0.0
33.0,2537.0,7097.0,4560.0,2280.0,1.7973985021679149,30.902899783769186,3000.1871022449964,0.8456139279118958,0.0,0.0,1.0,inf,2537.0,inf,202.0,67.0,135.0,0.0,0.0,0.0,0.0,0.0,0.0
34.0,2623.0,7347.0,4724.0,2362.0,1.800991231414411,30.902899783769186,3000.1871022449964,0.8742788068241635,0.0,0.0,1.0,inf,2623.0,inf,206.0,86.0,120.0,0.0,0.0,0.0,0.0,0.0,0.0
35.0,2690.0,7538.0,4848.0,2424.0,1.8022304832713754,32.085773064840566,3234.259687975954,0.8317204737766251,0.0,0.0,1.0,inf,2690.0,inf,177.0,67.0,110.0,0.0,0.0,0.0,0.0,0.0,0.0
36.0,2774.0,7780.0,5006.0,2503.0,1.8046142754145638,32.085773064840566,3234.259687975954,0.8576924142216944,0.0,0.0,1.0,inf,2774.0,inf,201.0,84.0,117.0,0.0,0.0,0.0,0.0,0.0,0.0
37.0,2856.0,8014.0,5158.0,2579.0,1.8060224089635855,32.602044063633365,3339.1777109724508,0.8553003904569855,0.0,0.0,1.0,inf,2856.0,inf,181.0,82.0,99.0,0.0,0.0,0.0,0.0,0.0,0.0
38.0,2927.0,8219.0,5292.0,2646.0,1.8079945336522036,32.82767415489361,3385.556770918626,0.8645549899332502,0.0,0.0,1.0,inf,2927.0,inf,182.0,71.0,111.0,0.0,0.0,0.0,0.0,0.0,0.0
39.0,3004.0,8428.0,5424.0,2712.0,1.8055925432756326,32.82767415489361,3385.556770918626,0.8872986640790856,0.0,0.0,1.0,inf,3004.0,inf,194.0,77.0,117.0,0.0,0.0,0.0,0.0,0.0,0.0
40.0,3082.0,8638.0,5556.0,2778.0,1.8027255029201816,32.878434071652364,3396.0347256692853,0.9075290004264029,0.0,0.0,1.0,inf,3082.0,inf,196.0,78.0,118.0,0.0,0.0,0.0,0.0,0.0,0.0
41.0,3170.0,8886.0,5716.0,2858.0,1.8031545741324921,33.48493957427767,3522.483048627736,0.8999333584401339,0.0,0.0,1.0,inf,3170.0,inf,201.0,88.0,113.0,0.0,0.0,0.0,0.0,0.0,0.0
42.0,3261.0,9139.0,5878.0,2939.0,1.8025145660840234,33.68173599687714,3564.009127596802,0.9149808216677829,0.0,0.0,1.0,inf,3261.0,inf,186.0,91.0,95.0,0.0,0.0,0.0,0.0,0.0,0.0
43.0,3336.0,9356.0,6020.0,3010.0,1.8045563549160673,33.68173599687714,3564.009127596802,0.936024538817456,0.0,0.0,1.0,inf,3336.0,inf,188.0,75.0,113.0,0.0,0.0,0.0,0.0,0.0,0.0
44.0,3426.0,9616.0,6190.0,3095.0,1.8067717454757735,33.98792563866613,3629.102140272524,0.9440351545858469,0.0,0.0,1.0,inf,3426.0,inf,198.0,90.0,108.0,0.0,0.0,0.0,0.0,0.0,0.0
45.0,3504.0,9844.0,6340.0,3170.0,1.8093607305936072,33.98792563866613,3629.102140272524,0.9655280740422671,0.0,0.0,1.0,inf,3504.0,inf,196.0,78.0,118.0,0.0,0.0,0.0,0.0,0.0,0.0
46.0,3590.0,10090.0,6500.0,3250.0,1.8105849582172702,34.164110448115714,3666.8243537906365,0.979048804529942,0.0,0.0,1.0,inf,3590.0,inf,195.0,86.0,109.0,0.0,0.0,0.0,0.0,0.0,0.0
47.0,3664.0,10290.0,6626.0,3313.0,1.8084061135371179,34.164110448115714,3666.8243537906365,0.999229754818303,0.0,0.0,1.0,inf,3664.0,inf,198.0,74.0,124.0,0.0,0.0,0.0,0.0,0.0,0.0
48.0,3739.0,10505.0,6766.0,3383.0,1.809574752607649,34.164110448115714,3666.8243537906365,1.0196834206511012,0.0,0.0,1.0,inf,3739.0,inf,205.0,75.0,130.0,0.0,0.0,0.0,0.0,0.0,0.0
49.0,3816.0,10720.0,6904.0,3452.0,1.8092243186582808,34.5908356880659,3758.9970199917225,1.0151644121304473,0.0,0.0,1.0,inf,3816.0,inf,199.0,77.0,122.0,0.0,0.0,0.0,0.0,0.0,0.0
50.0,3888.0,10916.0,7028.0,3514.0,1.8076131687242798,34.5908356880659,3758.9970199917225,1.0343184576423425,0.0,0.0,1.0,inf,3888.0,inf,194.0,72.0,122.0,0.0,0.0,0.0,0.0,0.0,0.0
51.0,3960.0,11128.0,7168.0,3584.0,1.8101010101010102,34.5908356880659,3758.9970199917225,1.0534725031542378,0.0,0.0,1.0,inf,3960.0,inf,205.0,72.0,133.0,0.0,0.0,0.0,0.0,0.0,0.0
52.0,4040.0,11342.0,7302.0,3651.0,1.8074257425742575,35.18385827105483,3888.9897441731146,1.0388302016103654,0.0,0.0,1.0,inf,4040.0,inf,199.0,80.0,119.0,0.0,0.0,0.0,0.0,0.0,0.0
53.0,4107.0,11525.0,7418.0,3709.0,1.8061845629413198,35.18385827105483,3888.9897441731146,1.0560583262410324,0.0,0.0,1.0,inf,4107.0,inf,200.0,67.0,133.0,0.0,0.0,0.0,0.0,0.0,0.0
54.0,4190.0,11760.0,7570.0,3785.0,1.8066825775656326,35.376666569693235,3931.7300275764464,1.0656886334036402,0.0,0.0,1.0,inf,4190.0,inf,206.0,83.0,123.0,0.0,0.0,0.0,0.0,0.0,0.0
55.0,4261.0,11963.0,7702.0,3851.0,1.8075569115231167,35.4716506532483,3952.871257475143,1.0779506142382362,0.0,0.0,1.0,inf,4261.0,inf,197.0,71.0,126.0,0.0,0.0,0.0,0.0,0.0,0.0
56.0,4330.0,12158.0,7828.0,3914.0,1.807852193995381,35.4716506532483,3952.871257475143,1.0954062801341382,0.0,0.0,1.0,inf,4330.0,inf,205.0,69.0,136.0,0.0,0.0,0.0,0.0,0.0,0.0
57.0,4396.0,12350.0,7954.0,3977.0,1.8093721565059144,35.4716506532483,3952.871257475143,1.1121030040345663,0.0,0.0,1.0,inf,4396.0,inf,207.0,66.0,141.0,0.0,0.0,0.0,0.0,0.0,0.0
58.0,4467.0,12539.0,8072.0,4036.0,1.8070293261696888,36.405075954238754,4163.645594308226,1.0728578835111386,0.0,0.0,1.0,inf,4467.0,inf,210.0,71.0,139.0,0.0,0.0,0.0,0.0,0.0,0.0
59.0,4533.0,12727.0,8194.0,4097.0,1.8076329141848666,36.405075954238754,4163.645594308226,1.0887093767530762,0.0,0.0,1.0,inf,4533.0,inf,206.0,66.0,140.0,0.0,0.0,0.0,0.0,0.0,0.0
60.0,4610.0,12944.0,8334.0,4167.0,1.8078091106290672,36.405075954238754,4163.645594308226,1.1072027855353368,0.0,0.0,1.0,inf,4610.0,inf,203.0,77.0,126.0,0.0,0.0,0.0,0.0,0.0,0.0
61.0,4669.0,13109.0,8440.0,4220.0,1.8076675947740415,36.405075954238754,4163.645594308226,1.1213730597970688,0.0,0.0,1.0,inf,4669.0,inf,196.0,59.0,137.0,0.0,0.0,0.0,0.0,0.0,0.0
62.0,4733.0,13295.0,8562.0,4281.0,1.809000633847454,36.405075954238754,4163.645594308226,1.1367442047589478,0.0,0.0,1.0,inf,4733.0,inf,202.0,64.0,138.0,0.0,0.0,0.0,0.0,0.0,0.0
63.0,4792.0,13462.0,8670.0,4335.0,1.8092654424040067,36.7307672414901,4238.477410561887,1.1305946772439524,0.0,0.0,1.0,inf,4792.0,inf,212.0,59.0,153.0,0.0,0.0,0.0,0.0,0.0,0.0
64.0,4863.0,13671.0,8808.0,4404.0,1.81122763726095,36.7307672414901,4238.477410561887,1.147345975675572,0.0,0.0,1.0,inf,4863.0,inf,206.0,71.0,135.0,0.0,0.0,0.0,0.0,0.0,0.0
65.0,4933.0,13871.0,8938.0,4469.0,1.811879181025745,36.7307672414901,4238.477410561887,1.1638613403264644,0.0,0.0,1.0,inf,4933.0,inf,210.0,70.0,140.0,0.0,0.0,0.0,0.0,0.0,0.0
66.0,4993.0,14043.0,9050.0,4525.0,1.812537552573603,36.7307672414901,4238.477410561887,1.1780173671700864,0.0,0.0,1.0,inf,4993.0,inf,205.0,60.0,145.0,0.0,0.0,0.0,0.0,0.0,0.0
67.0,5054.0,14212.0,9158.0,4579.0,1.8120300751879699,36.7307672414901,4238.477410561887,1.1924093277944356,0.0,0.0,1.0,inf,5054.0,inf,205.0,61.0,144.0,0.0,0.0,0.0,0.0,0.0,0.0
68.0,5126.0,14410.0,9284.0,4642.0,1.8111587982832618,37.36354722304853,4385.7722354338475,1.1687793448518942,0.0,0.0,1.0,inf,5126.0,inf,208.0,72.0,136.0,0.0,0.0,0.0,0.0,0.0,0.0
69.0,5184.0,14572.0,9388.0,4694.0,1.810956790123457,37.36354722304853,4385.7722354338475,1.182003925811982,0.0,0.0,1.0,inf,5184.0,inf,204.0,58.0,146.0,0.0,0.0,0.0,0.0,0.0,0.0
70.0,5259.0,14783.0,9524.0,4762.0,1.810990682639285,37.36354722304853,4385.7722354338475,1.1991046770534748,0.0,0.0,1.0,inf,5259.0,inf,217.0,75.0,142.0,0.0,0.0,0.0,0.0,0.0,0.0
71.0,5328.0,14988.0,9660.0,4830.0,1.813063063063063,37.57797739474275,4436.256762268624,1.2010125395166158,0.0,0.0,1.0,inf,5328.0,inf,205.0,69.0,136.0,0.0,0.0,0.0,0.0,0.0,0.0
72.0,5402.0,15190.0,9788.0,4894.0,1.8119215105516475,37.57797739474275,4436.256762268624,1.2176932692321245,0.0,0.0,1.0,inf,5402.0,inf,209.0,74.0,135.0,0.0,0.0,0.0,0.0,0.0,0.0
73.0,5470.0,15380.0,9910.0,4955.0,1.8117001828153565,37.57797739474275,4436.256762268624,1.2330215073490782,0.0,0.0,1.0,inf,5470.0,inf,204.0,68.0,136.0,0.0,0.0,0.0,0.0,0.0,0.0
74.0,5536.0,15568.0,10032.0,5016.0,1.8121387283236994,37.57797739474275,4436.256762268624,1.2478989149331805,0.0,0.0,1.0,inf,5536.0,inf,214.0,66.0,148.0,0.0,0.0,0.0,0.0,0.0,0.0
75.0,5609.0,15777.0,10168.0,5084.0,1.8128008557675166,37.57797739474275,4436.256762268624,1.2643542293822632,0.0,0.0,1.0,inf,5609.0,inf,214.0,73.0,141.0,0.0,0.0,0.0,0.0,0.0,0.0
76.0,5680.0,15984.0,10304.0,5152.0,1.8140845070422535,37.57797739474275,4436.256762268624,1.2803587132984944,0.0,0.0,1.0,inf,5680.0,inf,207.0,71.0,136.0,0.0,0.0,0.0,0.0,0.0,0.0
77.0,5742.0,16170.0,10428.0,5214.0,1.8160919540229885,37.57797739474275,4436.256762268624,1.2943344598168935,0.0,0.0,1.0,inf,5742.0,inf,202.0,62.0,140.0,0.0,0.0,0.0,0.0,0.0,0.0
78.0,5821.0,16405.0,10584.0,5292.0,1.8182442879230374,37.57797739474275,4436.256762268624,1.312142265864531,0.0,0.0,1.0,inf,5821.0,inf,216.0,79.0,137.0,0.0,0.0,0.0,0.0,0.0,0.0
79.0,5890.0,16594.0,10704.0,5352.0,1.8173174872665534,37.649617161366045,4453.187707713779,1.322648041491129,0.0,0.0,1.0,inf,5890.0,inf,208.0,69.0,139.0,0.0,0.0,0.0,0.0,0.0,0.0
80.0,5946.0,16754.0,10808.0,5404.0,1.8176925664312142,38.1319190639317,4568.011596908679,1.3016604432492793,0.0,0.0,1.0,inf,5946.0,inf,210.0,56.0,154.0,0.0,0.0,0.0,0.0,0.0,0.0
81.0,6017.0,16955.0,10938.0,5469.0,1.8178494266245637,38.29538953481407,4607.261424410724,1.3059818937384442,0.0,0.0,1.0,inf,6017.0,inf,215.0,71.0,144.0,0.0,0.0,0.0,0.0,0.0,0.0
82.0,6081.0,17139.0,11058.0,5529.0,1.8184509126788357,38.98866348885883,4775.584883247283,1.273351882265166,0.0,0.0,1.0,inf,6081.0,inf,204.0,64.0,140.0,0.0,0.0,0.0,0.0,0.0,0.0
83.0,6148.0,17336.0,11188.0,5594.0,1.819778789850358,38.98866348885883,4775.584883247283,1.2873815773994803,0.0,0.0,1.0,inf,6148.0,inf,206.0,67.0,139.0,0.0,0.0,0.0,0.0,0.0,0.0
84.0,6218.0,17530.0,11312.0,5656.0,1.8192344805403666,38.98866348885883,4775.584883247283,1.3020394678383163,0.0,0.0,1.0,inf,6218.0,inf,208.0,70.0,138.0,0.0,0.0,0.0,0.0,0.0,0.0
85.0,6284.0,17716.0,11432.0,5716.0,1.8192234245703374,38.98866348885883,4775.584883247283,1.31585976453779,0.0,0.0,1.0,inf,6284.0,inf,202.0,66.0,136.0,0.0,0.0,0.0,0.0,0.0,0.0
86.0,6353.0,17915.0,11562.0,5781.0,1.8199275932630254,38.98866348885883,4775.584883247283,1.3303082565417856,0.0,0.0,1.0,inf,6353.0,inf,207.0,69.0,138.0,0.0,0.0,0.0,0.0,0.0,0.0
87.0,6418.0,18092.0,11674.0,5837.0,1.8189467123714553,38.98866348885883,4775.584883247283,1.343919154806419,0.0,0.0,1.0,inf,6418.0,inf,210.0,65.0,145.0,0.0,0.0,0.0,0.0,0.0,0.0
88.0,6495.0,18317.0,11822.0,5911.0,1.8201693610469591,39.25270965055546,4840.488095997034,1.3418068325322827,0.0,0.0,1.0,inf,6495.0,inf,207.0,77.0,130.0,0.0,0.0,0.0,0.0,0.0,0.0
89.0,6568.0,18522.0,11954.0,5977.0,1.8200365408038977,39.25270965055546,4840.488095997034,1.3568879562851475,0.0,0.0,1.0,inf,6568.0,inf,207.0,73.0,134.0,0.0,0.0,0.0,0.0,0.0,0.0
90.0,6639.0,18731.0,12092.0,6046.0,1.821358638349149,39.25270965055546,4840.488095997034,1.3715558985653309,0.0,0.0,1.0,inf,6639.0,inf,206.0,71.0,135.0,0.0,0.0,0.0,0.0,0.0,0.0
91.0,6696.0,18888.0,12192.0,6096.0,1.82078853046595,39.25270965055546,4840.488095997034,1.383331570536746,0.0,0.0,1.0,inf,6696.0,inf,212.0,57.0,155.0,0.0,0.0,0.0,0.0,0.0,0.0
92.0,6775.0,19109.0,12334.0,6167.0,1.8205166051660517,39.25270965055546,4840.488095997034,1.3996522387076542,0.0,0.0,1.0,inf,6775.0,inf,213.0,79.0,134.0,0.0,0.0,0.0,0.0,0.0,0.0
93.0,6848.0,19318.0,12470.0,6235.0,1.8209696261682242,39.66001996906125,4941.465069790958,1.3858238201185331,0.0,0.0,1.0,inf,6848.0,inf,212.0,73.0,139.0,0.0,0.0,0.0,0.0,0.0,0.0
94.0,6913.0,19501.0,12588.0,6294.0,1.8209171126862433,39.66001996906125,4941.465069790958,1.398977813738233,0.0,0.0,1.0,inf,6913.0,inf,213.0,65.0,148.0,0.0,0.0,0.0,0.0,0.0,0.0
95.0,6977.0,19681.0,12704.0,6352.0,1.820839902536907,39.66001996906125,4941.465069790958,1.4119294382253222,0.0,0.0,1.0,inf,6977.0,inf,211.0,64.0,147.0,0.0,0.0,0.0,0.0,0.0,0.0
96.0,7061.0,19925.0,12864.0,6432.0,1.8218382665344852,39.66001996906125,4941.465069790958,1.4289284453646265,0.0,0.0,1.0,inf,7061.0,inf,214.0,84.0,130.0,0.0,0.0,0.0,0.0,0.0,0.0
97.0,7124.0,20098.0,12974.0,6487.0,1.8211678832116789,39.837592778201305,4985.813721932125,1.4288540241008594,0.0,0.0,1.0,inf,7124.0,inf,208.0,63.0,145.0,0.0,0.0,0.0,0.0,0.0,0.0
98.0,7194.0,20298.0,13104.0,6552.0,1.8215179316096748,39.837592778201305,4985.813721932125,1.4428938587003906,0.0,0.0,1.0,inf,7194.0,inf,215.0,70.0,145.0,0.0,0.0,0.0,0.0,0.0,0.0
99.0,7250.0,20454.0,13204.0,6602.0,1.8212413793103448,40.10930928124359,5054.058201916997,1.4344908013228035,0.0,0.0,1.0,inf,7250.0,inf,209.0,56.0,153.0,0.0,0.0,0.0,0.0,0.0,0.0
100.0,7309.0,20611.0,13302.0,6651.0,1.8199480093035982,40.10930928124359,5054.058201916997,1.4461645885335683,0.0,0.0,1.0,inf,7309.0,inf,216.0,59.0,157.0,0.0,0.0,0.0,0.0,0.0,0.0
101.0,7376.0,20810.0,13434.0,6717.0,1.8213123644251628,40.10930928124359,5054.058201916997,1.459421262145793,0.0,0.0,1.0,inf,7376.0,inf,217.0,67.0,150.0,0.0,0.0,0.0,0.0,0.0,0.0
102.0,7441.0,20989.0,13548.0,6774.0,1.8207230210993146,40.18147293204986,5072.260828420582,1.4669986918470446,0.0,0.0,1.0,inf,7441.0,inf,209.0,65.0,144.0,0.0,0.0,0.0,0.0,0.0,0.0
103.0,7490.0,21130.0,13640.0,6820.0,1.82109479305741,40.18147293204986,5072.260828420582,1.4766590783408633,0.0,0.0,1.0,inf,7490.0,inf,215.0,49.0,166.0,0.0,0.0,0.0,0.0,0.0,0.0
104.0,7553.0,21315.0,13762.0,6881.0,1.8220574606116775,40.53386002632726,5161.617279097746,1.463301053060693,0.0,0.0,1.0,inf,7553.0,inf,219.0,63.0,156.0,0.0,0.0,0.0,0.0,0.0,0.0
105.0,7614.0,21490.0,13876.0,6938.0,1.8224323614394535,40.53386002632726,5161.617279097746,1.4751190544160089,0.0,0.0,1.0,inf,7614.0,inf,205.0,61.0,144.0,0.0,0.0,0.0,0.0,0.0,0.0
106.0,7669.0,21647.0,13978.0,6989.0,1.8226626678836875,40.67090936700811,5196.580252566534,1.4757782286172458,0.0,0.0,1.0,inf,7669.0,inf,204.0,55.0,149.0,0.0,0.0,0.0,0.0,0.0,0.0
107.0,7738.0,21842.0,14104.0,7052.0,1.8226932023778755,40.67090936700811,5196.580252566534,1.489056191555646,0.0,0.0,1.0,inf,7738.0,inf,213.0,69.0,144.0,0.0,0.0,0.0,0.0,0.0,0.0
108.0,7807.0,22023.0,14216.0,7108.0,1.8209299346740104,40.67090936700811,5196.580252566534,1.502334154494046,0.0,0.0,1.0,inf,7807.0,inf,214.0,69.0,145.0,0.0,0.0,0.0,0.0,0.0,0.0
109.0,7869.0,22197.0,14328.0,7164.0,1.8208158597026305,41.20154566891068,5333.065164451616,1.475511691185035,0.0,0.0,1.0,inf,7869.0,inf,215.0,62.0,153.0,0.0,0.0,0.0,0.0,0.0,0.0
110.0,7928.0,22368.0,14440.0,7220.0,1.8213925327951563,41.20154566891068,5333.065164451616,1.4865747474539277,0.0,0.0,1.0,inf,7928.0,inf,211.0,59.0,152.0,0.0,0.0,0.0,0.0,0.0,0.0
111.0,7986.0,22534.0,14548.0,7274.0,1.821687953919359,41.20154566891068,5333.065164451616,1.4974502942945342,0.0,0.0,1.0,inf,7986.0,inf,211.0,58.0,153.0,0.0,0.0,0.0,0.0,0.0,0.0
112.0,8040.0,22686.0,14646.0,7323.0,1.8216417910447762,41.20154566891068,5333.065164451616,1.5075758034219953,0.0,0.0,1.0,inf,8040.0,inf,210.0,54.0,156.0,0.0,0.0,0.0,0.0,0.0,0.0
113.0,8110.0,22882.0,14772.0,7386.0,1.821454993834772,41.382331157376235,5379.969037562231,1.5074436197266292,0.0,0.0,1.0,inf,8110.0,inf,216.0,70.0,146.0,0.0,0.0,0.0,0.0,0.0,0.0
114.0,8169.0,23051.0,14882.0,7441.0,1.8217652099400172,41.382331157376235,5379.969037562231,1.5184102255914715,0.0,0.0,1.0,inf,8169.0,inf,210.0,59.0,151.0,0.0,0.0,0.0,0.0,0.0,0.0
115.0,8239.0,23243.0,15004.0,7502.0,1.82109479305741,41.899485730420714,5515.276089980041,1.4938508726640765,0.0,0.0,1.0,inf,8239.0,inf,210.0,70.0,140.0,0.0,0.0,0.0,0.0,0.0,0.0
116.0,8302.0,23424.0,15122.0,7561.0,1.821488797880029,41.899485730420714,5515.276089980041,1.5052736915714482,0.0,0.0,1.0,inf,8302.0,inf,210.0,63.0,147.0,0.0,0.0,0.0,0.0,0.0,0.0
117.0,8367.0,23605.0,15238.0,7619.0,1.8212023425361539,41.899485730420714,5515.276089980041,1.5170591396504827,0.0,0.0,1.0,inf,8367.0,inf,214.0,65.0,149.0,0.0,0.0,0.0,0.0,0.0,0.0
118.0,8420.0,23750.0,15330.0,7665.0,1.8206650831353919,41.899485730420714,5515.276089980041,1.5266688126995416,0.0,0.0,1.0,inf,8420.0,inf,210.0,53.0,157.0,0.0,0.0,0.0,0.0,0.0,0.0
119.0,8485.0,23939.0,15454.0,7727.0,1.8213317619328226,42.62637261662477,5708.297861041633,1.4864325945408325,0.0,0.0,1.0,inf,8485.0,inf,214.0,65.0,149.0,0.0,0.0,0.0,0.0,0.0,0.0
120.0,8555.0,24135.0,15580.0,7790.0,1.8211572180011688,42.62637261662477,5708.297861041633,1.4986954444663316,0.0,0.0,1.0,inf,8555.0,inf,210.0,70.0,140.0,0.0,0.0,0.0,0.0,0.0,0.0
121.0,8638.0,24368.0,15730.0,7865.0,1.821023385042834,42.62637261662477,5708.297861041633,1.513235680806566,0.0,0.0,1.0,inf,8638.0,inf,209.0,83.0,126.0,0.0,0.0,0.0,0.0,0.0,0.0
122.0,8699.0,24537.0,15838.0,7919.0,1.820669042418669,42.62637261662477,5708.297861041633,1.5239218785987865,0.0,0.0,1.0,inf,8699.0,inf,197.0,61.0,136.0,0.0,0.0,0.0,0.0,0.0,0.0
123.0,8764.0,24720.0,15956.0,7978.0,1.820629849383843,42.62637261662477,5708.297861041633,1.535308810672464,0.0,0.0,1.0,inf,8764.0,inf,212.0,65.0,147.0,0.0,0.0,0.0,0.0,0.0,0.0
124.0,8829.0,24893.0,16064.0,8032.0,1.81945860233322,42.62637261662477,5708.297861041633,1.5466957427461416,0.0,0.0,1.0,inf,8829.0,inf,213.0,65.0,148.0,0.0,0.0,0.0,0.0,0.0,0.0
125.0,8887.0,25057.0,16170.0,8085.0,1.8195116462248229,42.62637261662477,5708.297861041633,1.5568563898272694,0.0,0.0,1.0,inf,8887.0,inf,212.0,58.0,154.0,0.0,0.0,0.0,0.0,0.0,0.0
126.0,8949.0,25235.0,16286.0,8143.0,1.8198681416918092,42.62637261662477,5708.297861041633,1.567717771189854,0.0,0.0,1.0,inf,8949.0,inf,216.0,62.0,154.0,0.0,0.0,0.0,0.0,0.0,0.0
127.0,9020.0,25442.0,16422.0,8211.0,1.820620842572062,42.62637261662477,5708.297861041633,1.5801558046857171,0.0,0.0,1.0,inf,9020.0,inf,215.0,71.0,144.0,0.0,0.0,0.0,0.0,0.0,0.0
128.0,9072.0,25590.0,16518.0,8259.0,1.8207671957671958,42.62637261662477,5708.297861041633,1.5892653503446592,0.0,0.0,1.0,inf,9072.0,inf,213.0,52.0,161.0,0.0,0.0,0.0,0.0,0.0,0.0
129.0,9120.0,25724.0,16604.0,8302.0,1.8206140350877194,42.62637261662477,5708.297861041633,1.5976741617221442,0.0,0.0,1.0,inf,9120.0,inf,210.0,48.0,162.0,0.0,0.0,0.0,0.0,0.0,0.0
130.0,9179.0,25887.0,16708.0,8354.0,1.8202418564113738,42.62637261662477,5708.297861041633,1.6080099923736362,0.0,0.0,1.0,inf,9179.0,inf,213.0,59.0,154.0,0.0,0.0,0.0,0.0,0.0,0.0
131.0,9235.0,26043.0,16808.0,8404.0,1.8200324851109908,42.758790701365804,5743.8184033892885,1.6078154550552382,0.0,0.0,1.0,inf,9235.0,inf,213.0,56.0,157.0,0.0,0.0,0.0,0.0,0.0,0.0
132.0,9300.0,26230.0,16930.0,8465.0,1.8204301075268816,42.95600139395148,5796.923488237941,1.6042992492258805,0.0,0.0,1.0,inf,9300.0,inf,215.0,65.0,150.0,0.0,0.0,0.0,0.0,0.0,0.0
133.0,9378.0,26454.0,17076.0,8538.0,1.82085732565579,43.281057786523256,5884.988322476291,1.5935460677437532,0.0,0.0,1.0,inf,9378.0,inf,216.0,78.0,138.0,0.0,0.0,0.0,0.0,0.0,0.0
134.0,9431.0,26597.0,17166.0,8583.0,1.820167532605238,43.281057786523256,5884.988322476291,1.602552032937869,0.0,0.0,1.0,inf,9431.0,inf,213.0,53.0,160.0,0.0,0.0,0.0,0.0,0.0,0.0
135.0,9504.0,26806.0,17302.0,8651.0,1.820496632996633,43.281057786523256,5884.988322476291,1.614956475563727,0.0,0.0,1.0,inf,9504.0,inf,216.0,73.0,143.0,0.0,0.0,0.0,0.0,0.0,0.0
136.0,9567.0,26985.0,17418.0,8709.0,1.8206334274067106,43.281057786523256,5884.988322476291,1.6256616794737138,0.0,0.0,1.0,inf,9567.0,inf,213.0,63.0,150.0,0.0,0.0,0.0,0.0,0.0,0.0
137.0,9628.0,27158.0,17530.0,8765.0,1.8207312006647278,43.281057786523256,5884.988322476291,1.6360270356405264,0.0,0.0,1.0,inf,9628.0,inf,213.0,61.0,152.0,0.0,0.0,0.0,0.0,0.0,0.0
138.0,9686.0,27322.0,17636.0,8818.0,1.8207722486062359,43.281057786523256,5884.988322476291,1.6458826201925778,0.0,0.0,1.0,inf,9686.0,inf,217.0,58.0,159.0,0.0,0.0,0.0,0.0,0.0,0.0
139.0,9735.0,27459.0,17724.0,8862.0,1.8206471494607088,43.281057786523256,5884.988322476291,1.6542088899003453,0.0,0.0,1.0,inf,9735.0,inf,214.0,49.0,165.0,0.0,0.0,0.0,0.0,0.0,0.0
140.0,9805.0,27655.0,17850.0,8925.0,1.820499745028047,43.68866904579883,5996.357278992165,1.6351594049192428,0.0,0.0,1.0,inf,9805.0,inf,209.0,70.0,139.0,0.0,0.0,0.0,0.0,0.0,0.0
141.0,9860.0,27808.0,17948.0,8974.0,1.8202839756592293,43.97429116906401,6075.017986419339,1.623040462109242,0.0,0.0,1.0,inf,9860.0,inf,212.0,55.0,157.0,0.0,0.0,0.0,0.0,0.0,0.0
142.0,9922.0,27992.0,18070.0,9035.0,1.821205402136666,43.97429116906401,6075.017986419339,1.633246193209726,0.0,0.0,1.0,inf,9922.0,inf,215.0,62.0,153.0,0.0,0.0,0.0,0.0,0.0,0.0
143.0,9992.0,28198.0,18206.0,9103.0,1.8220576461168936,43.97429116906401,6075.017986419339,1.6447687928393049,0.0,0.0,1.0,inf,9992.0,inf,214.0,70.0,144.0,0.0,0.0,0.0,0.0,0.0,0.0
144.0,10047.0,28359.0,18312.0,9156.0,1.8226336219767094,43.97429116906401,6075.017986419339,1.653822263976831,0.0,0.0,1.0,inf,10047.0,inf,211.0,55.0,156.0,0.0,0.0,0.0,0.0,0.0,0.0
145.0,10110.0,28532.0,18422.0,9211.0,1.82215628090999,43.97429116906401,6075.017986419339,1.664192603643452,0.0,0.0,1.0,inf,10110.0,inf,216.0,63.0,153.0,0.0,0.0,0.0,0.0,0.0,0.0
146.0,10171.0,28709.0,18538.0,9269.0,1.8226329761085438,43.97429116906401,6075.017986419339,1.674233726177799,0.0,0.0,1.0,inf,10171.0,inf,213.0,61.0,152.0,0.0,0.0,0.0,0.0,0.0,0.0
147.0,10236.0,28892.0,18656.0,9328.0,1.8225869480265728,43.97429116906401,6075.017986419339,1.6849332829766939,0.0,0.0,1.0,inf,10236.0,inf,212.0,65.0,147.0,0.0,0.0,0.0,0.0,0.0,0.0
148.0,10294.0,29050.0,18756.0,9378.0,1.8220322517971634,43.97429116906401,6075.017986419339,1.6944805798126306,0.0,0.0,1.0,inf,10294.0,inf,212.0,58.0,154.0,0.0,0.0,0.0,0.0,0.0,0.0
149.0,10347.0,29205.0,18858.0,9429.0,1.8225572629747753,43.97429116906401,6075.017986419339,1.703204833817883,0.0,0.0,1.0,inf,10347.0,inf,217.0,53.0,164.0,0.0,0.0,0.0,0.0,0.0,0.0
150.0,10407.0,29377.0,18970.0,9485.0,1.8228115691361584,43.97429116906401,6075.017986419339,1.7130813477860933,0.0,0.0,1.0,inf,10407.0,inf,217.0,60.0,157.0,0.0,0.0,0.0,0.0,0.0,0.0
151.0,10462.0,29534.0,19072.0,9536.0,1.8229783980118524,43.97429116906401,6075.017986419339,1.7221348189236196,0.0,0.0,1.0,inf,10462.0,inf,212.0,55.0,157.0,0.0,0.0,0.0,0.0,0.0,0.0
152.0,10520.0,29698.0,19178.0,9589.0,1.8230038022813688,43.97429116906401,6075.017986419339,1.7316821157595563,0.0,0.0,1.0,inf,10520.0,inf,213.0,58.0,155.0,0.0,0.0,0.0,0.0,0.0,0.0
153.0,10577.0,29863.0,19286.0,9643.0,1.8233903753427247,44.149422644374454,6123.502927289418,1.7272793245290294,0.0,0.0,1.0,inf,10577.0,inf,215.0,57.0,158.0,0.0,0.0,0.0,0.0,0.0,0.0
154.0,10629.0,30007.0,19378.0,9689.0,1.8231254116097468,44.149422644374454,6123.502927289418,1.7357711960309212,0.0,0.0,1.0,inf,10629.0,inf,212.0,52.0,160.0,0.0,0.0,0.0,0.0,0.0,0.0
155.0,10686.0,30168.0,19482.0,9741.0,1.8231330713082539,44.149422644374454,6123.502927289418,1.7450795936387642,0.0,0.0,1.0,inf,10686.0,inf,218.0,57.0,161.0,0.0,0.0,0.0,0.0,0.0,0.0
156.0,10738.0,30320.0,19582.0,9791.0,1.8236170609051965,44.149422644374454,6123.502927289418,1.753571465140656,0.0,0.0,1.0,inf,10738.0,inf,218.0,52.0,166.0,0.0,0.0,0.0,0.0,0.0,0.0
157.0,10799.0,30481.0,19682.0,9841.0,1.8225761644596723,44.149422644374454,6123.502927289418,1.7635330836332597,0.0,0.0,1.0,inf,10799.0,inf,220.0,61.0,159.0,0.0,0.0,0.0,0.0,0.0,0.0
158.0,10863.0,30663.0,19800.0,9900.0,1.8227009113504558,44.149422644374454,6123.502927289418,1.7739846177894343,0.0,0.0,1.0,inf,10863.0,inf,214.0,64.0,150.0,0.0,0.0,0.0,0.0,0.0,0.0
159.0,10918.0,30816.0,19898.0,9949.0,1.8224949624473348,44.149422644374454,6123.502927289418,1.7829664049548968,0.0,0.0,1.0,inf,10918.0,inf,216.0,55.0,161.0,0.0,0.0,0.0,0.0,0.0,0.0
160.0,10969.0,30953.0,19984.0,9992.0,1.821861609991795,44.149422644374454,6123.502927289418,1.7912949712355983,0.0,0.0,1.0,inf,10969.0,inf,216.0,51.0,165.0,0.0,0.0,0.0,0.0,0.0,0.0
161.0,11031.0,31133.0,20102.0,10051.0,1.8223189194089384,44.149422644374454,6123.502927289418,1.8014198949493923,0.0,0.0,1.0,inf,11031.0,inf,217.0,62.0,155.0,0.0,0.0,0.0,0.0,0.0,0.0
162.0,11100.0,31336.0,20236.0,10118.0,1.823063063063063,44.149422644374454,6123.502927289418,1.812687955211518,0.0,0.0,1.0,inf,11100.0,inf,213.0,69.0,144.0,0.0,0.0,0.0,0.0,0.0,0.0
163.0,11148.0,31472.0,20324.0,10162.0,1.8231072838177251,44.149422644374454,6123.502927289418,1.820526605828649,0.0,0.0,1.0,inf,11148.0,inf,217.0,48.0,169.0,0.0,0.0,0.0,0.0,0.0,0.0
164.0,11201.0,31621.0,20420.0,10210.0,1.823051513257745,44.149422644374454,6123.502927289418,1.829181782551731,0.0,0.0,1.0,inf,11201.0,inf,217.0,53.0,164.0,0.0,0.0,0.0,0.0,0.0,0.0
165.0,11260.0,31790.0,20530.0,10265.0,1.8232682060390764,44.78682643040111,6301.594480005253,1.786849349910979,0.0,0.0,1.0,inf,11260.0,inf,218.0,59.0,159.0,0.0,0.0,0.0,0.0,0.0,0.0
166.0,11319.0,31955.0,20636.0,10318.0,1.8231292517006803,44.78682643040111,6301.594480005253,1.7962120596485232,0.0,0.0,1.0,inf,11319.0,inf,216.0,59.0,157.0,0.0,0.0,0.0,0.0,0.0,0.0
167.0,11370.0,32102.0,20732.0,10366.0,1.8233948988566402,44.78682643040111,6301.594480005253,1.8043052494216547,0.0,0.0,1.0,inf,11370.0,inf,216.0,51.0,165.0,0.0,0.0,0.0,0.0,0.0,0.0
168.0,11424.0,32250.0,20826.0,10413.0,1.8230042016806722,44.78682643040111,6301.594480005253,1.8128745091814409,0.0,0.0,1.0,inf,11424.0,inf,214.0,54.0,160.0,0.0,0.0,0.0,0.0,0.0,0.0
169.0,11469.0,32375.0,20906.0,10453.0,1.8228267503705642,44.78682643040111,6301.594480005253,1.8200155589812628,0.0,0.0,1.0,inf,11469.0,inf,218.0,45.0,173.0,0.0,0.0,0.0,0.0,0.0,0.0
170.0,11523.0,32529.0,21006.0,10503.0,1.82296277011195,44.78682643040111,6301.594480005253,1.828584818741049,0.0,0.0,1.0,inf,11523.0,inf,213.0,54.0,159.0,0.0,0.0,0.0,0.0,0.0,0.0
171.0,11573.0,32677.0,21104.0,10552.0,1.8235548258878425,44.78682643040111,6301.594480005253,1.8365193185186288,0.0,0.0,1.0,inf,11573.0,inf,214.0,50.0,164.0,0.0,0.0,0.0,0.0,0.0,0.0
172.0,11613.0,32795.0,21182.0,10591.0,1.8239903556359252,44.78682643040111,6301.594480005253,1.8428669183406927,0.0,0.0,1.0,inf,11613.0,inf,214.0,40.0,174.0,0.0,0.0,0.0,0.0,0.0,0.0
173.0,11651.0,32901.0,21250.0,10625.0,1.8238777787314393,44.78682643040111,6301.594480005253,1.8488971381716532,0.0,0.0,1.0,inf,11651.0,inf,216.0,38.0,178.0,0.0,0.0,0.0,0.0,0.0,0.0
174.0,11714.0,33086.0,21372.0,10686.0,1.8244835239883899,44.78682643040111,6301.594480005253,1.858894607891404,0.0,0.0,1.0,inf,11714.0,inf,217.0,63.0,154.0,0.0,0.0,0.0,0.0,0.0,0.0
175.0,11770.0,33244.0,21474.0,10737.0,1.8244689889549703,44.78682643040111,6301.594480005253,1.8677812476422933,0.0,0.0,1.0,inf,11770.0,inf,216.0,56.0,160.0,0.0,0.0,0.0,0.0,0.0,0.0
176.0,11817.0,33379.0,21562.0,10781.0,1.8246593890158247,44.78682643040111,6301.594480005253,1.8752396774332183,0.0,0.0,1.0,inf,11817.0,inf,217.0,47.0,170.0,0.0,0.0,0.0,0.0,0.0,0.0
177.0,11860.0,33506.0,21646.0,10823.0,1.8251264755480607,45.446087877506976,6488.478658741893,1.82785528376842,0.0,0.0,1.0,inf,11860.0,inf,217.0,43.0,174.0,0.0,0.0,0.0,0.0,0.0,0.0
178.0,11928.0,33704.0,21776.0,10888.0,1.8256203890006706,45.5602166151827,6521.108605542496,1.8291368418342269,0.0,0.0,1.0,inf,11928.0,inf,216.0,68.0,148.0,0.0,0.0,0.0,0.0,0.0,0.0
179.0,11973.0,33837.0,21864.0,10932.0,1.82610874467552,45.5602166151827,6521.108605542496,1.8360375089940644,0.0,0.0,1.0,inf,11973.0,inf,212.0,45.0,167.0,0.0,0.0,0.0,0.0,0.0,0.0
180.0,12026.0,33990.0,21964.0,10982.0,1.8263761849326459,45.5602166151827,6521.108605542496,1.8441649614267617,0.0,0.0,1.0,inf,12026.0,inf,217.0,53.0,164.0,0.0,0.0,0.0,0.0,0.0,0.0
181.0,12082.0,34150.0,22068.0,11034.0,1.8265187882800862,45.5602166151827,6521.108605542496,1.8527524583367814,0.0,0.0,1.0,inf,12082.0,inf,218.0,56.0,162.0,0.0,0.0,0.0,0.0,0.0,0.0
182.0,12133.0,34299.0,22166.0,11083.0,1.8269183219319212,45.5602166151827,6521.108605542496,1.860573214451264,0.0,0.0,1.0,inf,12133.0,inf,217.0,51.0,166.0,0.0,0.0,0.0,0.0,0.0,0.0
183.0,12187.0,34453.0,22266.0,11133.0,1.827028801181587,45.5602166151827,6521.108605542496,1.8688540150430686,0.0,0.0,1.0,inf,12187.0,inf,215.0,54.0,161.0,0.0,0.0,0.0,0.0,0.0,0.0
184.0,12243.0,34615.0,22372.0,11186.0,1.827329902801601,45.5602166151827,6521.108605542496,1.8774415119530885,0.0,0.0,1.0,inf,12243.0,inf,219.0,56.0,163.0,0.0,0.0,0.0,0.0,0.0,0.0
185.0,12292.0,34760.0,22468.0,11234.0,1.8278555157826228,46.27327318549801,6726.827862529539,1.8273100265386824,0.0,0.0,1.0,inf,12292.0,inf,215.0,49.0,166.0,0.0,0.0,0.0,0.0,0.0,0.0
186.0,12351.0,34925.0,22574.0,11287.0,1.8277062586025423,46.27327318549801,6726.827862529539,1.8360808768125014,0.0,0.0,1.0,inf,12351.0,inf,215.0,59.0,156.0,0.0,0.0,0.0,0.0,0.0,0.0
187.0,12406.0,35082.0,22676.0,11338.0,1.827825245848783,46.27327318549801,6726.827862529539,1.8442570931694513,0.0,0.0,1.0,inf,12406.0,inf,217.0,55.0,162.0,0.0,0.0,0.0,0.0,0.0,0.0
188.0,12450.0,35202.0,22752.0,11376.0,1.8274698795180724,46.27327318549801,6726.827862529539,1.850798066255011,0.0,0.0,1.0,inf,12450.0,inf,215.0,44.0,171.0,0.0,0.0,0.0,0.0,0.0,0.0
189.0,12508.0,35360.0,22852.0,11426.0,1.8269907259354012,46.74743059042067,6865.392379124545,1.821891497131732,0.0,0.0,1.0,inf,12508.0,inf,219.0,58.0,161.0,0.0,0.0,0.0,0.0,0.0,0.0
190.0,12561.0,35509.0,22948.0,11474.0,1.8269246079133827,46.74743059042067,6865.392379124545,1.8296113763568662,0.0,0.0,1.0,inf,12561.0,inf,218.0,53.0,165.0,0.0,0.0,0.0,0.0,0.0,0.0
191.0,12624.0,35690.0,23066.0,11533.0,1.8271546261089988,46.74743059042067,6865.392379124545,1.8387878365678751,0.0,0.0,1.0,inf,12624.0,inf,218.0,63.0,155.0,0.0,0.0,0.0,0.0,0.0,0.0
192.0,12699.0,35909.0,23210.0,11605.0,1.8277029687376958,47.12896385184682,6977.9146993449285,1.8198846714466363,0.0,0.0,1.0,inf,12699.0,inf,209.0,75.0,134.0,0.0,0.0,0.0,0.0,0.0,0.0
193.0,12763.0,36097.0,23334.0,11667.0,1.8282535454046853,47.12896385184682,6977.9146993449285,1.8290564659952295,0.0,0.0,1.0,inf,12763.0,inf,211.0,64.0,147.0,0.0,0.0,0.0,0.0,0.0,0.0
194.0,12822.0,36266.0,23444.0,11722.0,1.8284199032912183,47.12896385184682,6977.9146993449285,1.837511714094714,0.0,0.0,1.0,inf,12822.0,inf,217.0,59.0,158.0,0.0,0.0,0.0,0.0,0.0,0.0
195.0,12885.0,36437.0,23552.0,11776.0,1.8278618548700039,47.26398020834177,7017.953014015683,1.8360054526251643,0.0,0.0,1.0,inf,12885.0,inf,219.0,63.0,156.0,0.0,0.0,0.0,0.0,0.0,0.0
196.0,12939.0,36589.0,23650.0,11825.0,1.8278074039724863,47.26398020834177,7017.953014015683,1.843700003998215,0.0,0.0,1.0,inf,12939.0,inf,214.0,54.0,160.0,0.0,0.0,0.0,0.0,0.0,0.0
197.0,13006.0,36780.0,23774.0,11887.0,1.827925572812548,47.26398020834177,7017.953014015683,1.8532469473684816,0.0,0.0,1.0,inf,13006.0,inf,218.0,67.0,151.0,0.0,0.0,0.0,0.0,0.0,0.0
198.0,13070.0,36962.0,23892.0,11946.0,1.8280030604437643,47.446007531940374,7072.113460595297,1.8481038338573021,0.0,0.0,1.0,inf,13070.0,inf,215.0,64.0,151.0,0.0,0.0,0.0,0.0,0.0,0.0
199.0,13133.0,37139.0,24006.0,12003.0,1.8279144140714232,47.446007531940374,7072.113460595297,1.857012061977655,0.0,0.0,1.0,inf,13133.0,inf,216.0,63.0,153.0,0.0,0.0,0.0,0.0,0.0,0.0
200.0,13201.0,37335.0,24134.0,12067.0,1.8281948337247178,47.446007531940374,7072.113460595297,1.8666272923297815,0.0,0.0,1.0,inf,13201.0,inf,216.0,68.0,148.0,0.0,0.0,0.0,0.0,0.0,0.0
201.0,13259.0,37503.0,24244.0,12122.0,1.8284938532317672,47.446007531940374,7072.113460595297,1.8748285182183604,0.0,0.0,1.0,inf,13259.0,inf,215.0,58.0,157.0,0.0,0.0,0.0,0.0,0.0,0.0
202.0,13316.0,37662.0,24346.0,12173.0,1.828326824872334,47.446007531940374,7072.113460595297,1.882888343660584,0.0,0.0,1.0,inf,13316.0,inf,215.0,57.0,158.0,0.0,0.0,0.0,0.0,0.0,0.0
203.0,13370.0,37822.0,24452.0,12226.0,1.8288706058339566,47.446007531940374,7072.113460595297,1.8905239677637435,0.0,0.0,1.0,inf,13370.0,inf,217.0,54.0,163.0,0.0,0.0,0.0,0.0,0.0,0.0
204.0,13423.0,37971.0,24548.0,12274.0,1.828801311182299,47.446007531940374,7072.113460595297,1.8980181914205483,0.0,0.0,1.0,inf,13423.0,inf,219.0,53.0,166.0,0.0,0.0,0.0,0.0,0.0,0.0
205.0,13476.0,38118.0,24642.0,12321.0,1.8285841495992876,47.446007531940374,7072.113460595297,1.905512415077353,0.0,0.0,1.0,inf,13476.0,inf,217.0,53.0,164.0,0.0,0.0,0.0,0.0,0.0,0.0
206.0,13526.0,38258.0,24732.0,12366.0,1.8284784858790477,47.446007531940374,7072.113460595297,1.9125824373950933,0.0,0.0,1.0,inf,13526.0,inf,217.0,50.0,167.0,0.0,0.0,0.0,0.0,0.0,0.0
207.0,13589.0,38443.0,24854.0,12427.0,1.828979321510045,47.72332826362736,7155.027724281572,1.8992239476422792,0.0,0.0,1.0,inf,13589.0,inf,218.0,63.0,155.0,0.0,0.0,0.0,0.0,0.0,0.0
208.0,13651.0,38621.0,24970.0,12485.0,1.8291700241740532,47.72332826362736,7155.027724281572,1.9078891831087463,0.0,0.0,1.0,inf,13651.0,inf,216.0,62.0,154.0,0.0,0.0,0.0,0.0,0.0,0.0
209.0,13706.0,38772.0,25066.0,12533.0,1.8288340872610536,47.72332826362736,7155.027724281572,1.9155760855386768,0.0,0.0,1.0,inf,13706.0,inf,215.0,55.0,160.0,0.0,0.0,0.0,0.0,0.0,0.0
210.0,13757.0,38917.0,25160.0,12580.0,1.828887112015701,47.72332826362736,7155.027724281572,1.9227039405191577,0.0,0.0,1.0,inf,13757.0,inf,218.0,51.0,167.0,0.0,0.0,0.0,0.0,0.0,0.0
211.0,13817.0,39093.0,25276.0,12638.0,1.8293406672939132,47.72332826362736,7155.027724281572,1.9310896522609,0.0,0.0,1.0,inf,13817.0,inf,215.0,60.0,155.0,0.0,0.0,0.0,0.0,0.0,0.0
212.0,13880.0,39266.0,25386.0,12693.0,1.8289625360230548,47.72332826362736,7155.027724281572,1.9398946495897296,0.0,0.0,1.0,inf,13880.0,inf,212.0,63.0,149.0,0.0,0.0,0.0,0.0,0.0,0.0
213.0,13931.0,39415.0,25484.0,12742.0,1.829301557677123,47.72332826362736,7155.027724281572,1.9470225045702105,0.0,0.0,1.0,inf,13931.0,inf,218.0,51.0,167.0,0.0,0.0,0.0,0.0,0.0,0.0
214.0,13986.0,39570.0,25584.0,12792.0,1.8292578292578292,47.72332826362736,7155.027724281572,1.954709407000141,0.0,0.0,1.0,inf,13986.0,inf,215.0,55.0,160.0,0.0,0.0,0.0,0.0,0.0,0.0
215.0,14035.0,39703.0,25668.0,12834.0,1.8288564303526897,47.72332826362736,7155.027724281572,1.9615577382558973,0.0,0.0,1.0,inf,14035.0,inf,217.0,49.0,168.0,0.0,0.0,0.0,0.0,0.0,0.0
216.0,14097.0,39879.0,25782.0,12891.0,1.82889976590764,47.72332826362736,7155.027724281572,1.9702229737223644,0.0,0.0,1.0,inf,14097.0,inf,218.0,62.0,156.0,0.0,0.0,0.0,0.0,0.0,0.0
217.0,14147.0,40019.0,25872.0,12936.0,1.8287976249381495,47.72332826362736,7155.027724281572,1.977211066840483,0.0,0.0,1.0,inf,14147.0,inf,218.0,50.0,168.0,0.0,0.0,0.0,0.0,0.0,0.0
218.0,14204.0,40176.0,25972.0,12986.0,1.8284990143621516,47.72332826362736,7155.027724281572,1.9851774929951382,0.0,0.0,1.0,inf,14204.0,inf,215.0,57.0,158.0,0.0,0.0,0.0,0.0,0.0,0.0
219.0,14258.0,40326.0,26068.0,13034.0,1.8283069154159068,47.72332826362736,7155.027724281572,1.9927246335627062,0.0,0.0,1.0,inf,14258.0,inf,220.0,54.0,166.0,0.0,0.0,0.0,0.0,0.0,0.0
220.0,14299.0,40437.0,26138.0,13069.0,1.8279599972026015,47.780759861870614,7172.259210508943,1.9936535449037882,0.0,0.0,1.0,inf,14299.0,inf,217.0,41.0,176.0,0.0,0.0,0.0,0.0,0.0,0.0
221.0,14348.0,40580.0,26232.0,13116.0,1.8282687482575968,48.01436522084484,7242.562570706832,1.9810667646879188,0.0,0.0,1.0,inf,14348.0,inf,216.0,49.0,167.0,0.0,0.0,0.0,0.0,0.0,0.0
222.0,14398.0,40724.0,26326.0,13163.0,1.8284483956105015,48.31358143698322,7333.11233041707,1.9634228075681361,0.0,0.0,1.0,inf,14398.0,inf,218.0,50.0,168.0,0.0,0.0,0.0,0.0,0.0,0.0
223.0,14462.0,40902.0,26440.0,13220.0,1.828239524270502,48.31358143698322,7333.11233041707,1.9721503433150704,0.0,0.0,1.0,inf,14462.0,inf,217.0,64.0,153.0,0.0,0.0,0.0,0.0,0.0,0.0
224.0,14523.0,41079.0,26556.0,13278.0,1.8285478206982029,48.31358143698322,7333.11233041707,1.9804687758238673,0.0,0.0,1.0,inf,14523.0,inf,216.0,61.0,155.0,0.0,0.0,0.0,0.0,0.0,0.0
225.0,14574.0,41228.0,26654.0,13327.0,1.828873336077947,48.31358143698322,7333.11233041707,1.9874235308722055,0.0,0.0,1.0,inf,14574.0,inf,215.0,51.0,164.0,0.0,0.0,0.0,0.0,0.0,0.0
226.0,14637.0,41405.0,26768.0,13384.0,1.8287900526064085,48.31358143698322,7333.11233041707,1.996014698873094,0.0,0.0,1.0,inf,14637.0,inf,213.0,63.0,150.0,0.0,0.0,0.0,0.0,0.0,0.0
227.0,14690.0,41554.0,26864.0,13432.0,1.828727025187202,48.75066621358601,7466.395356932842,1.9674822049651786,0.0,0.0,1.0,inf,14690.0,inf,217.0,53.0,164.0,0.0,0.0,0.0,0.0,0.0,0.0
228.0,14751.0,41727.0,26976.0,13488.0,1.8287573723815334,48.75066621358601,7466.395356932842,1.975652144686273,0.0,0.0,1.0,inf,14751.0,inf,215.0,61.0,154.0,0.0,0.0,0.0,0.0,0.0,0.0
229.0,14800.0,41864.0,27064.0,13532.0,1.8286486486486486,49.10530853993374,7575.420781652372,1.9536868547085224,0.0,0.0,1.0,inf,14800.0,inf,216.0,49.0,167.0,0.0,0.0,0.0,0.0,0.0,0.0
230.0,14855.0,42023.0,27168.0,13584.0,1.828879165264221,49.10530853993374,7575.420781652372,1.9609471774793987,0.0,0.0,1.0,inf,14855.0,inf,217.0,55.0,162.0,0.0,0.0,0.0,0.0,0.0,0.0
231.0,14924.0,42218.0,27294.0,13647.0,1.828866255695524,49.30456362246842,7637.023226474413,1.9541645425752592,0.0,0.0,1.0,inf,14924.0,inf,218.0,69.0,149.0,0.0,0.0,0.0,0.0,0.0,0.0
232.0,14990.0,42402.0,27412.0,13706.0,1.828685790527018,49.30456362246842,7637.023226474413,1.9628066532567097,0.0,0.0,1.0,inf,14990.0,inf,210.0,66.0,144.0,0.0,0.0,0.0,0.0,0.0,0.0
233.0,15058.0,42604.0,27546.0,13773.0,1.8293266037986453,49.30456362246842,7637.023226474413,1.9717106460800222,0.0,0.0,1.0,inf,15058.0,inf,218.0,68.0,150.0,0.0,0.0,0.0,0.0,0.0,0.0
234.0,15124.0,42796.0,27672.0,13836.0,1.829674689235652,49.30456362246842,7637.023226474413,1.9803527567614727,0.0,0.0,1.0,inf,15124.0,inf,218.0,66.0,152.0,0.0,0.0,0.0,0.0,0.0,0.0
235.0,15178.0,42948.0,27770.0,13885.0,1.8296218210567927,49.30456362246842,7637.023226474413,1.9874235745917503,0.0,0.0,1.0,inf,15178.0,inf,212.0,54.0,158.0,0.0,0.0,0.0,0.0,0.0,0.0
236.0,15235.0,43119.0,27884.0,13942.0,1.830259271414506,49.30456362246842,7637.023226474413,1.9948872156348212,0.0,0.0,1.0,inf,15235.0,inf,219.0,57.0,162.0,0.0,0.0,0.0,0.0,0.0,0.0
237.0,15295.0,43285.0,27990.0,13995.0,1.8300098071265118,49.30456362246842,7637.023226474413,2.0027436798906852,0.0,0.0,1.0,inf,15295.0,inf,215.0,60.0,155.0,0.0,0.0,0.0,0.0,0.0,0.0
238.0,15354.0,43450.0,28096.0,14048.0,1.829881464113586,49.30456362246842,7637.023226474413,2.010469203075618,0.0,0.0,1.0,inf,15354.0,inf,219.0,59.0,160.0,0.0,0.0,0.0,0.0,0.0,0.0
239.0,15407.0,43593.0,28186.0,14093.0,1.829428181995197,49.30456362246842,7637.023226474413,2.017409079834965,0.0,0.0,1.0,inf,15407.0,inf,216.0,53.0,163.0,0.0,0.0,0.0,0.0,0.0,0.0
240.0,15469.0,43777.0,28308.0,14154.0,1.8299825457366345,49.30456362246842,7637.023226474413,2.025527426232691,0.0,0.0,1.0,inf,15469.0,inf,220.0,62.0,158.0,0.0,0.0,0.0,0.0,0.0,0.0
241.0,15523.0,43935.0,28412.0,14206.0,1.8303163048379822,49.30456362246842,7637.023226474413,2.0325982440629686,0.0,0.0,1.0,inf,15523.0,inf,214.0,54.0,160.0,0.0,0.0,0.0,0.0,0.0,0.0
242.0,15577.0,44093.0,28516.0,14258.0,1.8306477498876548,49.30456362246842,7637.023226474413,2.0396690618932465,0.0,0.0,1.0,inf,15577.0,inf,217.0,54.0,163.0,0.0,0.0,0.0,0.0,0.0,0.0
243.0,15624.0,44224.0,28600.0,14300.0,1.8305171530977982,49.30456362246842,7637.023226474413,2.0458232922270065,0.0,0.0,1.0,inf,15624.0,inf,211.0,47.0,164.0,0.0,0.0,0.0,0.0,0.0,0.0
244.0,15670.0,44352.0,28682.0,14341.0,1.8303765156349714,49.77286388553018,7782.786796439966,2.0134176111785353,0.0,0.0,1.0,inf,15670.0,inf,219.0,46.0,173.0,0.0,0.0,0.0,0.0,0.0,0.0
245.0,15734.0,44540.0,28806.0,14403.0,1.8308122537180629,49.77286388553018,7782.786796439966,2.0216408866804767,0.0,0.0,1.0,inf,15734.0,inf,216.0,64.0,152.0,0.0,0.0,0.0,0.0,0.0,0.0
246.0,15789.0,44699.0,28910.0,14455.0,1.831021597314586,49.77286388553018,7782.786796439966,2.028707764064958,0.0,0.0,1.0,inf,15789.0,inf,218.0,55.0,163.0,0.0,0.0,0.0,0.0,0.0,0.0
247.0,15834.0,44828.0,28994.0,14497.0,1.8311229000884173,49.77286388553018,7782.786796439966,2.034489754652261,0.0,0.0,1.0,inf,15834.0,inf,215.0,45.0,170.0,0.0,0.0,0.0,0.0,0.0,0.0
248.0,15883.0,44967.0,29084.0,14542.0,1.831140212806145,49.77286388553018,7782.786796439966,2.040785699958435,0.0,0.0,1.0,inf,15883.0,inf,217.0,49.0,168.0,0.0,0.0,0.0,0.0,0.0,0.0
249.0,15934.0,45112.0,29178.0,14589.0,1.831178611773566,49.77286388553018,7782.786796439966,2.0473386226240446,0.0,0.0,1.0,inf,15934.0,inf,215.0,51.0,164.0,0.0,0.0,0.0,0.0,0.0,0.0
250.0,16002.0,45306.0,29304.0,14652.0,1.8312710911136107,49.77286388553018,7782.786796439966,2.0560758528448577,0.0,0.0,1.0,inf,16002.0,inf,216.0,68.0,148.0,0.0,0.0,0.0,0.0,0.0,0.0
251.0,16068.0,45500.0,29432.0,14716.0,1.831715210355987,49.77286388553018,7782.786796439966,2.064556105706235,0.0,0.0,1.0,inf,16068.0,inf,216.0,66.0,150.0,0.0,0.0,0.0,0.0,0.0,0.0
252.0,16120.0,45654.0,29534.0,14767.0,1.8321339950372209,50.08271820691634,7879.98982081606,2.0456879217555377,0.0,0.0,1.0,inf,16120.0,inf,216.0,52.0,164.0,0.0,0.0,0.0,0.0,0.0,0.0
253.0,16177.0,45815.0,29638.0,14819.0,1.8321073128515795,50.08271820691634,7879.98982081606,2.052921433637676,0.0,0.0,1.0,inf,16177.0,inf,217.0,57.0,160.0,0.0,0.0,0.0,0.0,0.0,0.0
254.0,16241.0,45989.0,29748.0,14874.0,1.8316606120312788,50.08271820691634,7879.98982081606,2.0610432715404277,0.0,0.0,1.0,inf,16241.0,inf,214.0,64.0,150.0,0.0,0.0,0.0,0.0,0.0,0.0
255.0,16294.0,46140.0,29846.0,14923.0,1.8317171965140542,50.08271820691634,7879.98982081606,2.0677691685536437,0.0,0.0,1.0,inf,16294.0,inf,216.0,53.0,163.0,0.0,0.0,0.0,0.0,0.0,0.0
256.0,16333.0,46253.0,29920.0,14960.0,1.8318741198799975,50.08271820691634,7879.98982081606,2.072718413525633,0.0,0.0,1.0,inf,16333.0,inf,214.0,39.0,175.0,0.0,0.0,0.0,0.0,0.0,0.0
257.0,16391.0,46417.0,30026.0,15013.0,1.8318589469831006,50.08271820691634,7879.98982081606,2.0800788291250014,0.0,0.0,1.0,inf,16391.0,inf,218.0,58.0,160.0,0.0,0.0,0.0,0.0,0.0,0.0
258.0,16448.0,46568.0,30120.0,15060.0,1.831225680933852,50.08271820691634,7879.98982081606,2.0873123410071392,0.0,0.0,1.0,inf,16448.0,inf,218.0,57.0,161.0,0.0,0.0,0.0,0.0,0.0,0.0
259.0,16498.0,46702.0,30204.0,15102.0,1.830767365741302,50.08271820691634,7879.98982081606,2.093657526868664,0.0,0.0,1.0,inf,16498.0,inf,211.0,50.0,161.0,0.0,0.0,0.0,0.0,0.0,0.0
260.0,16545.0,46835.0,30290.0,15145.0,1.8307645814445452,50.08271820691634,7879.98982081606,2.099622001578497,0.0,0.0,1.0,inf,16545.0,inf,213.0,47.0,166.0,0.0,0.0,0.0,0.0,0.0,0.0
261.0,16601.0,46995.0,30394.0,15197.0,1.830853563038371,50.08271820691634,7879.98982081606,2.1067286097434046,0.0,0.0,1.0,inf,16601.0,inf,218.0,56.0,162.0,0.0,0.0,0.0,0.0,0.0,0.0
262.0,16661.0,47171.0,30510.0,15255.0,1.8312226156893343,50.08271820691634,7879.98982081606,2.1143428327772344,0.0,0.0,1.0,inf,16661.0,inf,218.0,60.0,158.0,0.0,0.0,0.0,0.0,0.0,0.0
263.0,16706.0,47296.0,30590.0,15295.0,1.8310786543756734,50.08271820691634,7879.98982081606,2.1200535000526064,0.0,0.0,1.0,inf,16706.0,inf,218.0,45.0,173.0,0.0,0.0,0.0,0.0,0.0,0.0
264.0,16757.0,47435.0,30678.0,15339.0,1.8307572954586142,50.08271820691634,7879.98982081606,2.1265255896313615,0.0,0.0,1.0,inf,16757.0,inf,218.0,51.0,167.0,0.0,0.0,0.0,0.0,0.0,0.0
265.0,16811.0,47589.0,30778.0,15389.0,1.8308250550234966,50.08271820691634,7879.98982081606,2.133378390361808,0.0,0.0,1.0,inf,16811.0,inf,216.0,54.0,162.0,0.0,0.0,0.0,0.0,0.0,0.0
266.0,16857.0,47721.0,30864.0,15432.0,1.8309307705997508,50.08271820691634,7879.98982081606,2.139215961354411,0.0,0.0,1.0,inf,16857.0,inf,216.0,46.0,170.0,0.0,0.0,0.0,0.0,0.0,0.0
267.0,16909.0,47865.0,30956.0,15478.0,1.8307410254893843,50.08271820691634,7879.98982081606,2.1458149546503966,0.0,0.0,1.0,inf,16909.0,inf,216.0,52.0,164.0,0.0,0.0,0.0,0.0,0.0,0.0
268.0,16953.0,47991.0,31038.0,15519.0,1.8308264024066536,50.08271820691634,7879.98982081606,2.151398718208538,0.0,0.0,1.0,inf,16953.0,inf,218.0,44.0,174.0,0.0,0.0,0.0,0.0,0.0,0.0
269.0,17005.0,48141.0,31136.0,15568.0,1.8309908850338137,50.08271820691634,7879.98982081606,2.1579977115045237,0.0,0.0,1.0,inf,17005.0,inf,218.0,52.0,166.0,0.0,0.0,0.0,0.0,0.0,0.0
270.0,17045.0,48255.0,31210.0,15605.0,1.8310354942798475,50.08271820691634,7879.98982081606,2.1630738601937436,0.0,0.0,1.0,inf,17045.0,inf,218.0,40.0,178.0,0.0,0.0,0.0,0.0,0.0,0.0
271.0,17094.0,48390.0,31296.0,15648.0,1.830817830817831,50.08271820691634,7879.98982081606,2.1692921423380374,0.0,0.0,1.0,inf,17094.0,inf,220.0,49.0,171.0,0.0,0.0,0.0,0.0,0.0,0.0
272.0,17143.0,48527.0,31384.0,15692.0,1.8307180773493554,50.62535020532684,8051.669755340758,2.129123588138829,0.0,0.0,1.0,inf,17143.0,inf,216.0,49.0,167.0,0.0,0.0,0.0,0.0,0.0,0.0
273.0,17194.0,48674.0,31480.0,15740.0,1.8308712341514481,50.62535020532684,8051.669755340758,2.1354576780294594,0.0,0.0,1.0,inf,17194.0,inf,212.0,51.0,161.0,0.0,0.0,0.0,0.0,0.0,0.0
274.0,17242.0,48812.0,31570.0,15785.0,1.8309940842129684,50.62535020532684,8051.669755340758,2.141419174397112,0.0,0.0,1.0,inf,17242.0,inf,217.0,48.0,169.0,0.0,0.0,0.0,0.0,0.0,0.0
275.0,17299.0,48963.0,31664.0,15832.0,1.8303948205098561,50.62535020532684,8051.669755340758,2.148498451333699,0.0,0.0,1.0,inf,17299.0,inf,216.0,57.0,159.0,0.0,0.0,0.0,0.0,0.0,0.0
276.0,17344.0,49092.0,31748.0,15874.0,1.8304889298892988,50.855731628296695,8125.118168513359,2.1346151083945903,0.0,0.0,1.0,inf,17344.0,inf,218.0,45.0,173.0,0.0,0.0,0.0,0.0,0.0,0.0
277.0,17403.0,49259.0,31856.0,15928.0,1.830488996150089,50.855731628296695,8125.118168513359,2.141876541247178,0.0,0.0,1.0,inf,17403.0,inf,216.0,59.0,157.0,0.0,0.0,0.0,0.0,0.0,0.0
278.0,17468.0,49446.0,31978.0,15989.0,1.8306617815433937,50.855731628296695,8125.118168513359,2.149876424898334,0.0,0.0,1.0,inf,17468.0,inf,218.0,65.0,153.0,0.0,0.0,0.0,0.0,0.0,0.0
279.0,17515.0,49575.0,32060.0,16030.0,1.8304310590922066,50.855731628296695,8125.118168513359,2.155660956153785,0.0,0.0,1.0,inf,17515.0,inf,219.0,47.0,172.0,0.0,0.0,0.0,0.0,0.0,0.0
280.0,17566.0,49720.0,32154.0,16077.0,1.830467949447797,50.855731628296695,8125.118168513359,2.1619377879416155,0.0,0.0,1.0,inf,17566.0,inf,216.0,51.0,165.0,0.0,0.0,0.0,0.0,0.0,0.0
281.0,17630.0,49896.0,32266.0,16133.0,1.8301758366420873,51.08071236792793,8197.166626827364,2.1507431534087926,0.0,0.0,1.0,inf,17630.0,inf,219.0,64.0,155.0,0.0,0.0,0.0,0.0,0.0,0.0
282.0,17677.0,50031.0,32354.0,16177.0,1.8302879447870113,51.08071236792793,8197.166626827364,2.1564768419062523,0.0,0.0,1.0,inf,17677.0,inf,217.0,47.0,170.0,0.0,0.0,0.0,0.0,0.0,0.0
283.0,17724.0,50162.0,32438.0,16219.0,1.830173775671406,51.08071236792793,8197.166626827364,2.162210530403712,0.0,0.0,1.0,inf,17724.0,inf,219.0,47.0,172.0,0.0,0.0,0.0,0.0,0.0,0.0
284.0,17775.0,50307.0,32532.0,16266.0,1.830210970464135,51.08071236792793,8197.166626827364,2.168432192390317,0.0,0.0,1.0,inf,17775.0,inf,216.0,51.0,165.0,0.0,0.0,0.0,0.0,0.0,0.0
285.0,17832.0,50458.0,32626.0,16313.0,1.829632122027815,51.08071236792793,8197.166626827364,2.17538581461064,0.0,0.0,1.0,inf,17832.0,inf,217.0,57.0,160.0,0.0,0.0,0.0,0.0,0.0,0.0
286.0,17877.0,50587.0,32710.0,16355.0,1.8297253454158975,51.08071236792793,8197.166626827364,2.1808755163635274,0.0,0.0,1.0,inf,17877.0,inf,217.0,45.0,172.0,0.0,0.0,0.0,0.0,0.0,0.0
287.0,17913.0,50695.0,32782.0,16391.0,1.8300675487076425,51.08071236792793,8197.166626827364,2.1852672777658366,0.0,0.0,1.0,inf,17913.0,inf,219.0,36.0,183.0,0.0,0.0,0.0,0.0,0.0,0.0
288.0,17963.0,50841.0,32878.0,16439.0,1.830317875633246,51.08071236792793,8197.166626827364,2.1913669463801555,0.0,0.0,1.0,inf,17963.0,inf,217.0,50.0,167.0,0.0,0.0,0.0,0.0,0.0,0.0
289.0,18019.0,51003.0,32984.0,16492.0,1.8305122370830789,51.55845317424974,8351.214364062913,2.1576502786875724,0.0,0.0,1.0,inf,18019.0,inf,215.0,56.0,159.0,0.0,0.0,0.0,0.0,0.0,0.0
290.0,18068.0,51140.0,33072.0,16536.0,1.8304184193048483,51.55845317424974,8351.214364062913,2.163517688846609,0.0,0.0,1.0,inf,18068.0,inf,215.0,49.0,166.0,0.0,0.0,0.0,0.0,0.0,0.0
291.0,18129.0,51307.0,33178.0,16589.0,1.8301064592641625,51.55845317424974,8351.214364062913,2.1708220157792883,0.0,0.0,1.0,inf,18129.0,inf,218.0,61.0,157.0,0.0,0.0,0.0,0.0,0.0,0.0
292.0,18170.0,51422.0,33252.0,16626.0,1.8300495321959274,51.55845317424974,8351.214364062913,2.1757314814225643,0.0,0.0,1.0,inf,18170.0,inf,216.0,41.0,175.0,0.0,0.0,0.0,0.0,0.0,0.0
293.0,18227.0,51587.0,33360.0,16680.0,1.8302518242168213,51.55845317424974,8351.214364062913,2.182556836097363,0.0,0.0,1.0,inf,18227.0,inf,219.0,57.0,162.0,0.0,0.0,0.0,0.0,0.0,0.0
294.0,18279.0,51735.0,33456.0,16728.0,1.8302970622025274,51.55845317424974,8351.214364062913,2.18878347544981,0.0,0.0,1.0,inf,18279.0,inf,214.0,52.0,162.0,0.0,0.0,0.0,0.0,0.0,0.0
295.0,18326.0,51868.0,33542.0,16771.0,1.8302957546655025,52.476389475002684,8651.228164312048,2.1183119496949825,0.0,0.0,1.0,inf,18326.0,inf,217.0,47.0,170.0,0.0,0.0,0.0,0.0,0.0,0.0
296.0,18387.0,52041.0,33654.0,16827.0,1.8303148963941915,52.476389475002684,8651.228164312048,2.1253629716818536,0.0,0.0,1.0,inf,18387.0,inf,219.0,61.0,158.0,0.0,0.0,0.0,0.0,0.0,0.0
297.0,18457.0,52227.0,33770.0,16885.0,1.8296581242888876,52.476389475002684,8651.228164312048,2.1334543083880986,0.0,0.0,1.0,inf,18457.0,inf,215.0,70.0,145.0,0.0,0.0,0.0,0.0,0.0,0.0
298.0,18506.0,52360.0,33854.0,16927.0,1.8293526423862532,52.476389475002684,8651.228164312048,2.13911824408247,0.0,0.0,1.0,inf,18506.0,inf,213.0,49.0,164.0,0.0,0.0,0.0,0.0,0.0,0.0
299.0,18570.0,52546.0,33976.0,16988.0,1.829617662897146,52.476389475002684,8651.228164312048,2.1465160376424657,0.0,0.0,1.0,inf,18570.0,inf,217.0,64.0,153.0,0.0,0.0,0.0,0.0,0.0,0.0
300.0,18621.0,52693.0,34072.0,17036.0,1.82976209655765,52.476389475002684,8651.228164312048,2.1524111543855873,0.0,0.0,1.0,inf,18621.0,inf,214.0,51.0,163.0,0.0,0.0,0.0,0.0,0.0,0.0
301.0,18680.0,52862.0,34182.0,17091.0,1.8298715203426124,52.476389475002684,8651.228164312048,2.1592309953237083,0.0,0.0,1.0,inf,18680.0,inf,219.0,59.0,160.0,0.0,0.0,0.0,0.0,0.0,0.0
302.0,18735.0,53015.0,34280.0,17140.0,1.8297304510274885,52.476389475002684,8651.228164312048,2.165588474164329,0.0,0.0,1.0,inf,18735.0,inf,219.0,55.0,164.0,0.0,0.0,0.0,0.0,0.0,0.0
303.0,18787.0,53161.0,34374.0,17187.0,1.8296694522808326,52.476389475002684,8651.228164312048,2.1715991814318256,0.0,0.0,1.0,inf,18787.0,inf,215.0,52.0,163.0,0.0,0.0,0.0,0.0,0.0,0.0
304.0,18846.0,53324.0,34478.0,17239.0,1.8294598323251618,52.476389475002684,8651.228164312048,2.1784190223699467,0.0,0.0,1.0,inf,18846.0,inf,218.0,59.0,159.0,0.0,0.0,0.0,0.0,0.0,0.0
305.0,18899.0,53473.0,34574.0,17287.0,1.8294089634372188,52.476389475002684,8651.228164312048,2.184545320161818,0.0,0.0,1.0,inf,18899.0,inf,218.0,53.0,165.0,0.0,0.0,0.0,0.0,0.0,0.0
306.0,18959.0,53643.0,34684.0,17342.0,1.8294213829843347,52.476389475002684,8651.228164312048,2.1914807516243138,0.0,0.0,1.0,inf,18959.0,inf,220.0,60.0,160.0,0.0,0.0,0.0,0.0,0.0,0.0
307.0,18993.0,53743.0,34750.0,17375.0,1.8296214394777024,52.476389475002684,8651.228164312048,2.1954108294530617,0.0,0.0,1.0,inf,18993.0,inf,215.0,34.0,181.0,0.0,0.0,0.0,0.0,0.0,0.0
308.0,19047.0,53893.0,34846.0,17423.0,1.8294744579198825,52.476389475002684,8651.228164312048,2.2016527177693077,0.0,0.0,1.0,inf,19047.0,inf,217.0,54.0,163.0,0.0,0.0,0.0,0.0,0.0,0.0
309.0,19105.0,54063.0,34958.0,17479.0,1.8297827793771264,52.476389475002684,8651.228164312048,2.208356968183054,0.0,0.0,1.0,inf,19105.0,inf,217.0,58.0,159.0,0.0,0.0,0.0,0.0,0.0,0.0
310.0,19163.0,54233.0,35070.0,17535.0,1.830089234462245,52.476389475002684,8651.228164312048,2.2150612185967997,0.0,0.0,1.0,inf,19163.0,inf,217.0,58.0,159.0,0.0,0.0,0.0,0.0,0.0,0.0
311.0,19215.0,54379.0,35164.0,17582.0,1.8300286234712464,52.476389475002684,8651.228164312048,2.221071925864296,0.0,0.0,1.0,inf,19215.0,inf,216.0,52.0,164.0,0.0,0.0,0.0,0.0,0.0,0.0
312.0,19262.0,54512.0,35250.0,17625.0,1.8300280344720175,52.77619321640388,8750.36149146483,2.2012804863877116,0.0,0.0,1.0,inf,19262.0,inf,218.0,47.0,171.0,0.0,0.0,0.0,0.0,0.0,0.0
313.0,19318.0,54670.0,35352.0,17676.0,1.830003105911585,52.77619321640388,8750.36149146483,2.207680221993449,0.0,0.0,1.0,inf,19318.0,inf,219.0,56.0,163.0,0.0,0.0,0.0,0.0,0.0,0.0
314.0,19377.0,54833.0,35456.0,17728.0,1.8297982143778706,52.77619321640388,8750.36149146483,2.2144228005780646,0.0,0.0,1.0,inf,19377.0,inf,215.0,59.0,156.0,0.0,0.0,0.0,0.0,0.0,0.0
315.0,19433.0,54985.0,35552.0,17776.0,1.8294653424587042,52.77619321640388,8750.36149146483,2.220822536183802,0.0,0.0,1.0,inf,19433.0,inf,219.0,56.0,163.0,0.0,0.0,0.0,0.0,0.0,0.0
316.0,19478.0,55106.0,35628.0,17814.0,1.8291405688469042,52.77619321640388,8750.36149146483,2.225965180866984,0.0,0.0,1.0,inf,19478.0,inf,215.0,45.0,170.0,0.0,0.0,0.0,0.0,0.0,0.0
317.0,19534.0,55268.0,35734.0,17867.0,1.8293232312890344,52.77619321640388,8750.36149146483,2.2323649164727213,0.0,0.0,1.0,inf,19534.0,inf,219.0,56.0,163.0,0.0,0.0,0.0,0.0,0.0,0.0
318.0,19588.0,55418.0,35830.0,17915.0,1.8291811313048805,52.77619321640388,8750.36149146483,2.238536090092539,0.0,0.0,1.0,inf,19588.0,inf,216.0,54.0,162.0,0.0,0.0,0.0,0.0,0.0,0.0
319.0,19642.0,55576.0,35934.0,17967.0,1.829447103146319,52.77619321640388,8750.36149146483,2.2447072637123573,0.0,0.0,1.0,inf,19642.0,inf,216.0,54.0,162.0,0.0,0.0,0.0,0.0,0.0,0.0
320.0,19688.0,55708.0,36020.0,18010.0,1.8295408370581066,52.77619321640388,8750.36149146483,2.2499641893884985,0.0,0.0,1.0,inf,19688.0,inf,216.0,46.0,170.0,0.0,0.0,0.0,0.0,0.0,0.0
321.0,19732.0,55834.0,36102.0,18051.0,1.8296168660044598,52.77619321640388,8750.36149146483,2.2549925530787207,0.0,0.0,1.0,inf,19732.0,inf,217.0,44.0,173.0,0.0,0.0,0.0,0.0,0.0,0.0
322.0,19777.0,55961.0,36184.0,18092.0,1.8296000404510289,52.77619321640388,8750.36149146483,2.2601351977619024,0.0,0.0,1.0,inf,19777.0,inf,220.0,45.0,175.0,0.0,0.0,0.0,0.0,0.0,0.0
323.0,19832.0,56112.0,36280.0,18140.0,1.8293666801129487,52.88229548171437,8785.58064577561,2.2573351494457983,0.0,0.0,1.0,inf,19832.0,inf,218.0,55.0,163.0,0.0,0.0,0.0,0.0,0.0,0.0
324.0,19886.0,56260.0,36374.0,18187.0,1.8291260183043347,53.25821490057475,8910.931069096787,2.231641098534011,0.0,0.0,1.0,inf,19886.0,inf,217.0,54.0,163.0,0.0,0.0,0.0,0.0,0.0,0.0
325.0,19931.0,56383.0,36452.0,18226.0,1.8289097385981636,53.25821490057475,8910.931069096787,2.236691075876565,0.0,0.0,1.0,inf,19931.0,inf,215.0,45.0,170.0,0.0,0.0,0.0,0.0,0.0,0.0
326.0,19979.0,56519.0,36540.0,18270.0,1.828920366384704,53.37904038583954,8951.408913727244,2.231939149753468,0.0,0.0,1.0,inf,19979.0,inf,216.0,48.0,168.0,0.0,0.0,0.0,0.0,0.0,0.0
327.0,20036.0,56684.0,36648.0,18324.0,1.8291076063086444,53.37904038583954,8951.408913727244,2.2383068624285745,0.0,0.0,1.0,inf,20036.0,inf,219.0,57.0,162.0,0.0,0.0,0.0,0.0,0.0,0.0
328.0,20101.0,56875.0,36774.0,18387.0,1.8294612208347842,53.37904038583954,8951.408913727244,2.2455682891633444,0.0,0.0,1.0,inf,20101.0,inf,216.0,65.0,151.0,0.0,0.0,0.0,0.0,0.0,0.0
329.0,20168.0,57070.0,36902.0,18451.0,1.8297302657675525,53.37904038583954,8951.408913727244,2.253053144413031,0.0,0.0,1.0,inf,20168.0,inf,218.0,67.0,151.0,0.0,0.0,0.0,0.0,0.0,0.0
330.0,20217.0,57213.0,36996.0,18498.0,1.82994509571153,53.37904038583954,8951.408913727244,2.258527143028473,0.0,0.0,1.0,inf,20217.0,inf,219.0,49.0,170.0,0.0,0.0,0.0,0.0,0.0,0.0
331.0,20256.0,57322.0,37066.0,18533.0,1.8298775671406002,53.37904038583954,8951.408913727244,2.2628839990693352,0.0,0.0,1.0,inf,20256.0,inf,216.0,39.0,177.0,0.0,0.0,0.0,0.0,0.0,0.0
332.0,20314.0,57494.0,37180.0,18590.0,1.8302648419808998,53.37904038583954,8951.408913727244,2.2693634260018993,0.0,0.0,1.0,inf,20314.0,inf,217.0,58.0,159.0,0.0,0.0,0.0,0.0,0.0,0.0
333.0,20365.0,57641.0,37276.0,18638.0,1.8303952860299533,53.37904038583954,8951.408913727244,2.2750608531322576,0.0,0.0,1.0,inf,20365.0,inf,217.0,51.0,166.0,0.0,0.0,0.0,0.0,0.0,0.0
334.0,20414.0,57782.0,37368.0,18684.0,1.8305084745762712,53.37904038583954,8951.408913727244,2.2805348517476998,0.0,0.0,1.0,inf,20414.0,inf,219.0,49.0,170.0,0.0,0.0,0.0,0.0,0.0,0.0
335.0,20460.0,57914.0,37454.0,18727.0,1.830596285434995,53.37904038583954,8951.408913727244,2.2856737075907683,0.0,0.0,1.0,inf,20460.0,inf,217.0,46.0,171.0,0.0,0.0,0.0,0.0,0.0,0.0
336.0,20497.0,58021.0,37524.0,18762.0,1.8307069327218617,53.37904038583954,8951.408913727244,2.2898071351167144,0.0,0.0,1.0,inf,20497.0,inf,218.0,37.0,181.0,0.0,0.0,0.0,0.0,0.0,0.0
337.0,20554.0,58180.0,37626.0,18813.0,1.83059258538484,53.37904038583954,8951.408913727244,2.2961748477918205,0.0,0.0,1.0,inf,20554.0,inf,219.0,57.0,162.0,0.0,0.0,0.0,0.0,0.0,0.0
338.0,20605.0,58331.0,37726.0,18863.0,1.8309148264984227,53.37904038583954,8951.408913727244,2.3018722749221787,0.0,0.0,1.0,inf,20605.0,inf,217.0,51.0,166.0,0.0,0.0,0.0,0.0,0.0,0.0
339.0,20655.0,58477.0,37822.0,18911.0,1.8311304768821108,53.37904038583954,8951.408913727244,2.307457987795079,0.0,0.0,1.0,inf,20655.0,inf,219.0,50.0,169.0,0.0,0.0,0.0,0.0,0.0,0.0
340.0,20698.0,58600.0,37902.0,18951.0,1.8311914194608174,53.516642471495494,8997.618816552234,2.3003864046700295,0.0,0.0,1.0,inf,20698.0,inf,217.0,43.0,174.0,0.0,0.0,0.0,0.0,0.0,0.0
341.0,20740.0,58716.0,37976.0,18988.0,1.8310511089681774,53.516642471495494,8997.618816552234,2.305054306351165,0.0,0.0,1.0,inf,20740.0,inf,216.0,42.0,174.0,0.0,0.0,0.0,0.0,0.0,0.0
342.0,20797.0,58883.0,38086.0,19043.0,1.831321825263259,53.516642471495494,8997.618816552234,2.311389315775563,0.0,0.0,1.0,inf,20797.0,inf,220.0,57.0,163.0,0.0,0.0,0.0,0.0,0.0,0.0
343.0,20852.0,59040.0,38188.0,19094.0,1.8313830807596394,53.66190560922576,9046.530562204365,2.3049720394598436,0.0,0.0,1.0,inf,20852.0,inf,219.0,55.0,164.0,0.0,0.0,0.0,0.0,0.0,0.0
344.0,20907.0,59201.0,38294.0,19147.0,1.8316353374467882,53.96317122248286,9148.392729170884,2.2853194674661497,0.0,0.0,1.0,inf,20907.0,inf,217.0,55.0,162.0,0.0,0.0,0.0,0.0,0.0,0.0
345.0,20970.0,59382.0,38412.0,19206.0,1.8317596566523606,53.96317122248286,9148.392729170884,2.2922059230288974,0.0,0.0,1.0,inf,20970.0,inf,217.0,63.0,154.0,0.0,0.0,0.0,0.0,0.0,0.0
346.0,21028.0,59540.0,38512.0,19256.0,1.8314628114894427,53.96317122248286,9148.392729170884,2.2985458344993637,0.0,0.0,1.0,inf,21028.0,inf,218.0,58.0,160.0,0.0,0.0,0.0,0.0,0.0,0.0
347.0,21079.0,59685.0,38606.0,19303.0,1.8314910574505432,53.96317122248286,9148.392729170884,2.3041205842406356,0.0,0.0,1.0,inf,21079.0,inf,217.0,51.0,166.0,0.0,0.0,0.0,0.0,0.0,0.0
348.0,21138.0,59856.0,38718.0,19359.0,1.8316775475447062,53.96317122248286,9148.392729170884,2.310569804529558,0.0,0.0,1.0,inf,21138.0,inf,219.0,59.0,160.0,0.0,0.0,0.0,0.0,0.0,0.0
349.0,21181.0,59973.0,38792.0,19396.0,1.8314527170577404,53.96317122248286,9148.392729170884,2.3152700837231794,0.0,0.0,1.0,inf,21181.0,inf,218.0,43.0,175.0,0.0,0.0,0.0,0.0,0.0,0.0
350.0,21223.0,60087.0,38864.0,19432.0,1.8312208453093342,53.96317122248286,9148.392729170884,2.319861054098345,0.0,0.0,1.0,inf,21223.0,inf,218.0,42.0,176.0,0.0,0.0,0.0,0.0,0.0,0.0
351.0,21278.0,60242.0,38964.0,19482.0,1.8311871416486512,54.64311023359695,9380.385673214687,2.268350230071933,0.0,0.0,1.0,inf,21278.0,inf,218.0,55.0,163.0,0.0,0.0,0.0,0.0,0.0,0.0
352.0,21332.0,60396.0,39064.0,19532.0,1.8312394524657791,54.64311023359695,9380.385673214687,2.2741069230141213,0.0,0.0,1.0,inf,21332.0,inf,218.0,54.0,164.0,0.0,0.0,0.0,0.0,0.0,0.0
353.0,21388.0,60552.0,39164.0,19582.0,1.8311202543482326,54.64311023359695,9380.385673214687,2.2800768268060208,0.0,0.0,1.0,inf,21388.0,inf,218.0,56.0,162.0,0.0,0.0,0.0,0.0,0.0,0.0
354.0,21457.0,60747.0,39290.0,19645.0,1.831104068602321,54.64311023359695,9380.385673214687,2.287432601121039,0.0,0.0,1.0,inf,21457.0,inf,218.0,69.0,149.0,0.0,0.0,0.0,0.0,0.0,0.0
355.0,21514.0,60908.0,39394.0,19697.0,1.831086734219578,54.64311023359695,9380.385673214687,2.2935091103377934,0.0,0.0,1.0,inf,21514.0,inf,216.0,57.0,159.0,0.0,0.0,0.0,0.0,0.0,0.0
356.0,21581.0,61093.0,39512.0,19756.0,1.830869746536305,54.64311023359695,9380.385673214687,2.300651673803101,0.0,0.0,1.0,inf,21581.0,inf,220.0,67.0,153.0,0.0,0.0,0.0,0.0,0.0,0.0
357.0,21633.0,61243.0,39610.0,19805.0,1.830998936809504,54.64311023359695,9380.385673214687,2.306195155895579,0.0,0.0,1.0,inf,21633.0,inf,217.0,52.0,165.0,0.0,0.0,0.0,0.0,0.0,0.0
358.0,21689.0,61403.0,39714.0,19857.0,1.8310664392088156,54.64311023359695,9380.385673214687,2.312165059687478,0.0,0.0,1.0,inf,21689.0,inf,215.0,56.0,159.0,0.0,0.0,0.0,0.0,0.0,0.0
359.0,21735.0,61537.0,39802.0,19901.0,1.8312399355877618,54.64311023359695,9380.385673214687,2.317068909230824,0.0,0.0,1.0,inf,21735.0,inf,219.0,46.0,173.0,0.0,0.0,0.0,0.0,0.0,0.0
360.0,21792.0,61700.0,39908.0,19954.0,1.8313142437591776,54.64311023359695,9380.385673214687,2.323145418447578,0.0,0.0,1.0,inf,21792.0,inf,216.0,57.0,159.0,0.0,0.0,0.0,0.0,0.0,0.0
361.0,21846.0,61852.0,40006.0,20003.0,1.8312734596722513,54.64311023359695,9380.385673214687,2.3289021113897665,0.0,0.0,1.0,inf,21846.0,inf,220.0,54.0,166.0,0.0,0.0,0.0,0.0,0.0,0.0
362.0,21893.0,61981.0,40088.0,20044.0,1.8310875622345042,54.68169771626464,9393.638699008166,2.3306197631713883,0.0,0.0,1.0,inf,21893.0,inf,218.0,47.0,171.0,0.0,0.0,0.0,0.0,0.0,0.0
363.0,21930.0,62084.0,40154.0,20077.0,1.8310077519379846,54.68169771626464,9393.638699008166,2.334558598928815,0.0,0.0,1.0,inf,21930.0,inf,217.0,37.0,180.0,0.0,0.0,0.0,0.0,0.0,0.0
364.0,21988.0,62258.0,40270.0,20135.0,1.8314535201018738,54.68169771626464,9393.638699008166,2.3407329901161322,0.0,0.0,1.0,inf,21988.0,inf,218.0,58.0,160.0,0.0,0.0,0.0,0.0,0.0,0.0
365.0,22042.0,62414.0,40372.0,20186.0,1.8315942291988023,54.68169771626464,9393.638699008166,2.346481561221566,0.0,0.0,1.0,inf,22042.0,inf,218.0,54.0,164.0,0.0,0.0,0.0,0.0,0.0,0.0
366.0,22091.0,62557.0,40466.0,20233.0,1.8317867004662531,54.68169771626464,9393.638699008166,2.3516978572246443,0.0,0.0,1.0,inf,22091.0,inf,218.0,49.0,169.0,0.0,0.0,0.0,0.0,0.0,0.0
367.0,22147.0,62717.0,40570.0,20285.0,1.8318508150088049,54.68169771626464,9393.638699008166,2.3576593383710196,0.0,0.0,1.0,inf,22147.0,inf,220.0,56.0,164.0,0.0,0.0,0.0,0.0,0.0,0.0
368.0,22201.0,62871.0,40670.0,20335.0,1.8318994639881085,54.68169771626464,9393.638699008166,2.3634079094764533,0.0,0.0,1.0,inf,22201.0,inf,216.0,54.0,162.0,0.0,0.0,0.0,0.0,0.0,0.0
369.0,22250.0,63006.0,40756.0,20378.0,1.8317303370786517,55.17143179448053,9562.652680210791,2.326760235268687,0.0,0.0,1.0,inf,22250.0,inf,217.0,49.0,168.0,0.0,0.0,0.0,0.0,0.0,0.0
370.0,22299.0,63149.0,40850.0,20425.0,1.8319207139333602,55.17143179448053,9562.652680210791,2.331884336460964,0.0,0.0,1.0,inf,22299.0,inf,217.0,49.0,168.0,0.0,0.0,0.0,0.0,0.0,0.0
371.0,22354.0,63306.0,40952.0,20476.0,1.8319763800662074,55.17143179448053,9562.652680210791,2.337635878615561,0.0,0.0,1.0,inf,22354.0,inf,218.0,55.0,163.0,0.0,0.0,0.0,0.0,0.0,0.0
372.0,22415.0,63481.0,41066.0,20533.0,1.83207673432969,55.17143179448053,9562.652680210791,2.3440148617324774,0.0,0.0,1.0,inf,22415.0,inf,217.0,61.0,156.0,0.0,0.0,0.0,0.0,0.0,0.0
373.0,22475.0,63649.0,41174.0,20587.0,1.8319911012235817,55.49314545953785,9674.500625517308,2.3231173235670997,0.0,0.0,1.0,inf,22475.0,inf,220.0,60.0,160.0,0.0,0.0,0.0,0.0,0.0,0.0
374.0,22528.0,63802.0,41274.0,20637.0,1.8321200284090908,55.49314545953785,9674.500625517308,2.3285956425058782,0.0,0.0,1.0,inf,22528.0,inf,217.0,53.0,164.0,0.0,0.0,0.0,0.0,0.0,0.0
375.0,22585.0,63969.0,41384.0,20692.0,1.8323666150099625,55.49314545953785,9674.500625517308,2.3344874194777727,0.0,0.0,1.0,inf,22585.0,inf,216.0,57.0,159.0,0.0,0.0,0.0,0.0,0.0,0.0
376.0,22631.0,64101.0,41470.0,20735.0,1.8324422252662278,55.49314545953785,9674.500625517308,2.3392421868585997,0.0,0.0,1.0,inf,22631.0,inf,216.0,46.0,170.0,0.0,0.0,0.0,0.0,0.0,0.0
377.0,22676.0,64224.0,41548.0,20774.0,1.8322455459516669,55.49314545953785,9674.500625517308,2.343893589731148,0.0,0.0,1.0,inf,22676.0,inf,220.0,45.0,175.0,0.0,0.0,0.0,0.0,0.0,0.0
378.0,22723.0,64357.0,41634.0,20817.0,1.832240461206707,55.49314545953785,9674.500625517308,2.348751721620254,0.0,0.0,1.0,inf,22723.0,inf,218.0,47.0,171.0,0.0,0.0,0.0,0.0,0.0,0.0
379.0,22770.0,64490.0,41720.0,20860.0,1.8322353974527887,55.7728272108529,9772.264042391706,2.330063934132829,0.0,0.0,1.0,inf,22770.0,inf,218.0,47.0,171.0,0.0,0.0,0.0,0.0,0.0,0.0
380.0,22828.0,64656.0,41828.0,20914.0,1.8323111967758892,55.7728272108529,9772.264042391706,2.335999099182443,0.0,0.0,1.0,inf,22828.0,inf,219.0,58.0,161.0,0.0,0.0,0.0,0.0,0.0,0.0
381.0,22890.0,64840.0,41950.0,20975.0,1.8326780253385757,55.7728272108529,9772.264042391706,2.342343585959616,0.0,0.0,1.0,inf,22890.0,inf,219.0,62.0,157.0,0.0,0.0,0.0,0.0,0.0,0.0
382.0,22955.0,65021.0,42066.0,21033.0,1.832541929862775,55.7728272108529,9772.264042391706,2.348995064032459,0.0,0.0,1.0,inf,22955.0,inf,217.0,65.0,152.0,0.0,0.0,0.0,0.0,0.0,0.0
383.0,23005.0,65157.0,42152.0,21076.0,1.8322973266681157,55.7728272108529,9772.264042391706,2.3541115856269537,0.0,0.0,1.0,inf,23005.0,inf,215.0,50.0,165.0,0.0,0.0,0.0,0.0,0.0,0.0
384.0,23047.0,65277.0,42230.0,21115.0,1.8323426042435025,55.7728272108529,9772.264042391706,2.358409463766329,0.0,0.0,1.0,inf,23047.0,inf,217.0,42.0,175.0,0.0,0.0,0.0,0.0,0.0,0.0
385.0,23085.0,65385.0,42300.0,21150.0,1.8323586744639375,55.7728272108529,9772.264042391706,2.362298020178145,0.0,0.0,1.0,inf,23085.0,inf,217.0,38.0,179.0,0.0,0.0,0.0,0.0,0.0,0.0
386.0,23154.0,65580.0,42426.0,21213.0,1.8323399844519306,55.7728272108529,9772.264042391706,2.3693588199785474,0.0,0.0,1.0,inf,23154.0,inf,218.0,69.0,149.0,0.0,0.0,0.0,0.0,0.0,0.0
387.0,23204.0,65718.0,42514.0,21257.0,1.8321841061885882,55.7728272108529,9772.264042391706,2.3744753415730417,0.0,0.0,1.0,inf,23204.0,inf,215.0,50.0,165.0,0.0,0.0,0.0,0.0,0.0,0.0
388.0,23244.0,65832.0,42588.0,21294.0,1.832214765100671,55.7728272108529,9772.264042391706,2.3785685588486376,0.0,0.0,1.0,inf,23244.0,inf,215.0,40.0,175.0,0.0,0.0,0.0,0.0,0.0,0.0
389.0,23296.0,65980.0,42684.0,21342.0,1.832245879120879,55.7728272108529,9772.264042391706,2.383889741306912,0.0,0.0,1.0,inf,23296.0,inf,217.0,52.0,165.0,0.0,0.0,0.0,0.0,0.0,0.0
390.0,23354.0,66154.0,42800.0,21400.0,1.8326624989295195,55.7728272108529,9772.264042391706,2.389824906356526,0.0,0.0,1.0,inf,23354.0,inf,217.0,58.0,159.0,0.0,0.0,0.0,0.0,0.0,0.0
391.0,23415.0,66325.0,42910.0,21455.0,1.8325859491778775,56.138938464031725,9900.981869123072,2.3649169657628977,0.0,0.0,1.0,inf,23415.0,inf,217.0,61.0,156.0,0.0,0.0,0.0,0.0,0.0,0.0
392.0,23469.0,66477.0,43008.0,21504.0,1.8325450594401125,56.138938464031725,9900.981869123072,2.3703709702963676,0.0,0.0,1.0,inf,23469.0,inf,215.0,54.0,161.0,0.0,0.0,0.0,0.0,0.0,0.0
393.0,23518.0,66614.0,43096.0,21548.0,1.832468747342461,56.138938464031725,9900.981869123072,2.375319974410072,0.0,0.0,1.0,inf,23518.0,inf,216.0,49.0,167.0,0.0,0.0,0.0,0.0,0.0,0.0
394.0,23564.0,66746.0,43182.0,21591.0,1.8325411644882024,56.138938464031725,9900.981869123072,2.3799659782719162,0.0,0.0,1.0,inf,23564.0,inf,217.0,46.0,171.0,0.0,0.0,0.0,0.0,0.0,0.0
395.0,23616.0,66898.0,43282.0,21641.0,1.832740514905149,56.138938464031725,9900.981869123072,2.38521798263748,0.0,0.0,1.0,inf,23616.0,inf,220.0,52.0,168.0,0.0,0.0,0.0,0.0,0.0,0.0
396.0,23669.0,67043.0,43374.0,21687.0,1.8325235540158014,56.138938464031725,9900.981869123072,2.390570987086997,0.0,0.0,1.0,inf,23669.0,inf,219.0,53.0,166.0,0.0,0.0,0.0,0.0,0.0,0.0
397.0,23714.0,67172.0,43458.0,21729.0,1.8325883444378848,56.138938464031725,9900.981869123072,2.395115990864888,0.0,0.0,1.0,inf,23714.0,inf,218.0,45.0,173.0,0.0,0.0,0.0,0.0,0.0,0.0
398.0,23765.0,67317.0,43552.0,21776.0,1.832610982537345,56.41595744427774,9998.936233217857,2.376752831071106,0.0,0.0,1.0,inf,23765.0,inf,219.0,51.0,168.0,0.0,0.0,0.0,0.0,0.0,0.0
399.0,23814.0,67460.0,43646.0,21823.0,1.832787435962039,56.984656623958365,10201.540170434711,2.3343534017555343,0.0,0.0,1.0,inf,23814.0,inf,219.0,49.0,170.0,0.0,0.0,0.0,0.0,0.0,0.0
400.0,23878.0,67642.0,43764.0,21882.0,1.8328168188290477,56.984656623958365,10201.540170434711,2.3406269642697004,0.0,0.0,1.0,inf,23878.0,inf,217.0,64.0,153.0,0.0,0.0,0.0,0.0,0.0,0.0
401.0,23942.0,67812.0,43870.0,21935.0,1.8323448333472558,56.984656623958365,10201.540170434711,2.3469005267838665,0.0,0.0,1.0,inf,23942.0,inf,214.0,64.0,150.0,0.0,0.0,0.0,0.0,0.0,0.0
402.0,23997.0,67967.0,43970.0,21985.0,1.8323123723798809,56.984656623958365,10201.540170434711,2.3522918695694783,0.0,0.0,1.0,inf,23997.0,inf,219.0,55.0,164.0,0.0,0.0,0.0,0.0,0.0,0.0
403.0,24051.0,68121.0,44070.0,22035.0,1.8323562429836597,56.984656623958365,10201.540170434711,2.357585187940806,0.0,0.0,1.0,inf,24051.0,inf,216.0,54.0,162.0,0.0,0.0,0.0,0.0,0.0,0.0
404.0,24108.0,68280.0,44172.0,22086.0,1.8322548531607765,56.984656623958365,10201.540170434711,2.3631725795549854,0.0,0.0,1.0,inf,24108.0,inf,219.0,57.0,162.0,0.0,0.0,0.0,0.0,0.0,0.0
405.0,24163.0,68443.0,44280.0,22140.0,1.832553904730373,56.984656623958365,10201.540170434711,2.3685639223405968,0.0,0.0,1.0,inf,24163.0,inf,213.0,55.0,158.0,0.0,0.0,0.0,0.0,0.0,0.0
406.0,24215.0,68595.0,44380.0,22190.0,1.8327482965104274,57.34737889255445,10331.824453442538,2.343729329618219,0.0,0.0,1.0,inf,24215.0,inf,216.0,52.0,164.0,0.0,0.0,0.0,0.0,0.0,0.0
407.0,24283.0,68781.0,44498.0,22249.0,1.8324753943087757,57.34737889255445,10331.824453442538,2.350310935829825,0.0,0.0,1.0,inf,24283.0,inf,216.0,68.0,148.0,0.0,0.0,0.0,0.0,0.0,0.0
408.0,24338.0,68932.0,44594.0,22297.0,1.8322787410633576,57.34737889255445,10331.824453442538,2.3556342937950947,0.0,0.0,1.0,inf,24338.0,inf,217.0,55.0,162.0,0.0,0.0,0.0,0.0,0.0,0.0
409.0,24392.0,69084.0,44692.0,22346.0,1.8322400787143325,57.34737889255445,10331.824453442538,2.360860863433723,0.0,0.0,1.0,inf,24392.0,inf,218.0,54.0,164.0,0.0,0.0,0.0,0.0,0.0,0.0
410.0,24458.0,69270.0,44812.0,22406.0,1.8322021424482786,57.34737889255445,10331.824453442538,2.367248892992046,0.0,0.0,1.0,inf,24458.0,inf,216.0,66.0,150.0,0.0,0.0,0.0,0.0,0.0,0.0
411.0,24516.0,69438.0,44922.0,22461.0,1.8323543808125307,57.34737889255445,10331.824453442538,2.3728626159372395,0.0,0.0,1.0,inf,24516.0,inf,217.0,58.0,159.0,0.0,0.0,0.0,0.0,0.0,0.0
412.0,24566.0,69578.0,45012.0,22506.0,1.8322885288610273,57.34737889255445,10331.824453442538,2.377702032269303,0.0,0.0,1.0,inf,24566.0,inf,216.0,50.0,166.0,0.0,0.0,0.0,0.0,0.0,0.0
413.0,24627.0,69751.0,45124.0,22562.0,1.8322978844357818,57.34737889255445,10331.824453442538,2.38360612019442,0.0,0.0,1.0,inf,24627.0,inf,220.0,61.0,159.0,0.0,0.0,0.0,0.0,0.0,0.0
414.0,24678.0,69886.0,45208.0,22604.0,1.8319150660507335,57.34737889255445,10331.824453442538,2.3885423248531246,0.0,0.0,1.0,inf,24678.0,inf,217.0,51.0,166.0,0.0,0.0,0.0,0.0,0.0,0.0
415.0,24750.0,70092.0,45342.0,22671.0,1.832,57.34737889255445,10331.824453442538,2.3955110843712952,0.0,0.0,1.0,inf,24750.0,inf,217.0,72.0,145.0,0.0,0.0,0.0,0.0,0.0,0.0
416.0,24804.0,70244.0,45440.0,22720.0,1.831962586679568,57.34737889255445,10331.824453442538,2.400737654009924,0.0,0.0,1.0,inf,24804.0,inf,216.0,54.0,162.0,0.0,0.0,0.0,0.0,0.0,0.0
417.0,24855.0,70393.0,45538.0,22769.0,1.832146449406558,57.34737889255445,10331.824453442538,2.4056738586686284,0.0,0.0,1.0,inf,24855.0,inf,216.0,51.0,165.0,0.0,0.0,0.0,0.0,0.0,0.0
418.0,24920.0,70582.0,45662.0,22831.0,1.832343499197432,57.34737889255445,10331.824453442538,2.4119650999003106,0.0,0.0,1.0,inf,24920.0,inf,219.0,65.0,154.0,0.0,0.0,0.0,0.0,0.0,0.0
419.0,24973.0,70733.0,45760.0,22880.0,1.8323789692868298,57.34737889255445,10331.824453442538,2.4170948812122974,0.0,0.0,1.0,inf,24973.0,inf,215.0,53.0,162.0,0.0,0.0,0.0,0.0,0.0,0.0
420.0,25024.0,70874.0,45850.0,22925.0,1.8322410485933505,57.34737889255445,10331.824453442538,2.422031085871002,0.0,0.0,1.0,inf,25024.0,inf,218.0,51.0,167.0,0.0,0.0,0.0,0.0,0.0,0.0
421.0,25082.0,71034.0,45952.0,22976.0,1.832070807750578,58.0267818929975,10578.079924647234,2.3711297493185137,0.0,0.0,1.0,inf,25082.0,inf,218.0,58.0,160.0,0.0,0.0,0.0,0.0,0.0,0.0
422.0,25138.0,71196.0,46058.0,23029.0,1.8322062216564563,58.0267818929975,10578.079924647234,2.3764237157471015,0.0,0.0,1.0,inf,25138.0,inf,213.0,56.0,157.0,0.0,0.0,0.0,0.0,0.0,0.0
423.0,25200.0,71374.0,46174.0,23087.0,1.8323015873015873,58.0267818929975,10578.079924647234,2.3822848928644667,0.0,0.0,1.0,inf,25200.0,inf,215.0,62.0,153.0,0.0,0.0,0.0,0.0,0.0,0.0
424.0,25274.0,71588.0,46314.0,23157.0,1.832476062356572,58.35987348509339,10699.87135501525,2.362084473861787,0.0,0.0,1.0,inf,25274.0,inf,215.0,74.0,141.0,0.0,0.0,0.0,0.0,0.0,0.0
425.0,25319.0,71713.0,46394.0,23197.0,1.8323788459259844,58.35987348509339,10699.87135501525,2.3662901319026104,0.0,0.0,1.0,inf,25319.0,inf,216.0,45.0,171.0,0.0,0.0,0.0,0.0,0.0,0.0
426.0,25369.0,71859.0,46490.0,23245.0,1.8325515392802239,58.35987348509339,10699.87135501525,2.3709630852813035,0.0,0.0,1.0,inf,25369.0,inf,219.0,50.0,169.0,0.0,0.0,0.0,0.0,0.0,0.0
427.0,25424.0,72022.0,46598.0,23299.0,1.8328351164254248,58.35987348509339,10699.87135501525,2.376103333997866,0.0,0.0,1.0,inf,25424.0,inf,218.0,55.0,163.0,0.0,0.0,0.0,0.0,0.0,0.0
428.0,25487.0,72197.0,46710.0,23355.0,1.8326990230313494,58.66728176567456,10812.890516965415,2.35709405917048,0.0,0.0,1.0,inf,25487.0,inf,218.0,63.0,155.0,0.0,0.0,0.0,0.0,0.0,0.0
429.0,25544.0,72362.0,46818.0,23409.0,1.8328374569370498,58.66728176567456,10812.890516965415,2.3623655450798737,0.0,0.0,1.0,inf,25544.0,inf,216.0,57.0,159.0,0.0,0.0,0.0,0.0,0.0,0.0
430.0,25601.0,72529.0,46928.0,23464.0,1.833053396351705,58.66728176567456,10812.890516965415,2.3676370309892674,0.0,0.0,1.0,inf,25601.0,inf,218.0,57.0,161.0,0.0,0.0,0.0,0.0,0.0,0.0
431.0,25659.0,72699.0,47040.0,23520.0,1.8332748743131064,58.66728176567456,10812.890516965415,2.3730009991075978,0.0,0.0,1.0,inf,25659.0,inf,212.0,58.0,154.0,0.0,0.0,0.0,0.0,0.0,0.0
432.0,25722.0,72866.0,47144.0,23572.0,1.832827929398958,58.66728176567456,10812.890516965415,2.378827378270612,0.0,0.0,1.0,inf,25722.0,inf,220.0,63.0,157.0,0.0,0.0,0.0,0.0,0.0,0.0
433.0,25767.0,72999.0,47232.0,23616.0,1.8330422633601118,58.66728176567456,10812.890516965415,2.382989077672765,0.0,0.0,1.0,inf,25767.0,inf,216.0,45.0,171.0,0.0,0.0,0.0,0.0,0.0,0.0
434.0,25823.0,73155.0,47332.0,23666.0,1.8329396274638887,58.66728176567456,10812.890516965415,2.388168081373222,0.0,0.0,1.0,inf,25823.0,inf,217.0,56.0,161.0,0.0,0.0,0.0,0.0,0.0,0.0
435.0,25881.0,73323.0,47442.0,23721.0,1.8330821838414282,58.66728176567456,10812.890516965415,2.393532049491552,0.0,0.0,1.0,inf,25881.0,inf,218.0,58.0,160.0,0.0,0.0,0.0,0.0,0.0,0.0
436.0,25943.0,73501.0,47558.0,23779.0,1.8331727248197973,58.66728176567456,10812.890516965415,2.3992659464456296,0.0,0.0,1.0,inf,25943.0,inf,216.0,62.0,154.0,0.0,0.0,0.0,0.0,0.0,0.0
437.0,25991.0,73637.0,47646.0,23823.0,1.833173021430495,58.66728176567456,10812.890516965415,2.403705092474593,0.0,0.0,1.0,inf,25991.0,inf,215.0,48.0,167.0,0.0,0.0,0.0,0.0,0.0,0.0
438.0,26044.0,73786.0,47742.0,23871.0,1.8331285516817692,58.66728176567456,10812.890516965415,2.4086066495482394,0.0,0.0,1.0,inf,26044.0,inf,218.0,53.0,165.0,0.0,0.0,0.0,0.0,0.0,0.0
439.0,26101.0,73943.0,47842.0,23921.0,1.8329565917014674,58.66728176567456,10812.890516965415,2.413878135457633,0.0,0.0,1.0,inf,26101.0,inf,217.0,57.0,160.0,0.0,0.0,0.0,0.0,0.0,0.0
440.0,26156.0,74106.0,47950.0,23975.0,1.8332313809450986,58.66728176567456,10812.890516965415,2.418964656949153,0.0,0.0,1.0,inf,26156.0,inf,213.0,55.0,158.0,0.0,0.0,0.0,0.0,0.0,0.0
441.0,26202.0,74236.0,48034.0,24017.0,1.8332188382566217,58.66728176567456,10812.890516965415,2.423218838560243,0.0,0.0,1.0,inf,26202.0,inf,218.0,46.0,172.0,0.0,0.0,0.0,0.0,0.0,0.0
442.0,26249.0,74363.0,48114.0,24057.0,1.8329841136805212,58.66728176567456,10812.890516965415,2.4275655023802694,0.0,0.0,1.0,inf,26249.0,inf,217.0,47.0,170.0,0.0,0.0,0.0,0.0,0.0,0.0
443.0,26292.0,74486.0,48194.0,24097.0,1.8330290582686748,58.66728176567456,10812.890516965415,2.4315422373645488,0.0,0.0,1.0,inf,26292.0,inf,219.0,43.0,176.0,0.0,0.0,0.0,0.0,0.0,0.0
444.0,26343.0,74631.0,48288.0,24144.0,1.8330486277189386,58.66728176567456,10812.890516965415,2.4362588300203223,0.0,0.0,1.0,inf,26343.0,inf,217.0,51.0,166.0,0.0,0.0,0.0,0.0,0.0,0.0
445.0,26397.0,74785.0,48388.0,24194.0,1.8330870932302914,58.66728176567456,10812.890516965415,2.4412528693029056,0.0,0.0,1.0,inf,26397.0,inf,215.0,54.0,161.0,0.0,0.0,0.0,0.0,0.0,0.0
446.0,26452.0,74938.0,48486.0,24243.0,1.8329804929683955,58.66728176567456,10812.890516965415,2.446339390794426,0.0,0.0,1.0,inf,26452.0,inf,218.0,55.0,163.0,0.0,0.0,0.0,0.0,0.0,0.0
447.0,26502.0,75076.0,48574.0,24287.0,1.8328428043166554,58.66728176567456,10812.890516965415,2.4509635012412625,0.0,0.0,1.0,inf,26502.0,inf,218.0,50.0,168.0,0.0,0.0,0.0,0.0,0.0,0.0
448.0,26562.0,75248.0,48686.0,24343.0,1.832919207890972,58.66728176567456,10812.890516965415,2.4565124337774664,0.0,0.0,1.0,inf,26562.0,inf,220.0,60.0,160.0,0.0,0.0,0.0,0.0,0.0,0.0
449.0,26624.0,75422.0,48798.0,24399.0,1.8328575721153846,58.66728176567456,10812.890516965415,2.462246330731544,0.0,0.0,1.0,inf,26624.0,inf,217.0,62.0,155.0,0.0,0.0,0.0,0.0,0.0,0.0
450.0,26679.0,75583.0,48904.0,24452.0,1.833052213351325,58.66728176567456,10812.890516965415,2.467332852223064,0.0,0.0,1.0,inf,26679.0,inf,214.0,55.0,159.0,0.0,0.0,0.0,0.0,0.0,0.0
451.0,26731.0,75729.0,48998.0,24499.0,1.8330028805506715,58.66728176567456,10812.890516965415,2.4721419270877742,0.0,0.0,1.0,inf,26731.0,inf,218.0,52.0,166.0,0.0,0.0,0.0,0.0,0.0,0.0
452.0,26775.0,75845.0,49070.0,24535.0,1.8326797385620914,58.66728176567456,10812.890516965415,2.4762111442809904,0.0,0.0,1.0,inf,26775.0,inf,219.0,44.0,175.0,0.0,0.0,0.0,0.0,0.0,0.0
453.0,26830.0,76000.0,49170.0,24585.0,1.8326500186358554,59.3056652216482,11049.490072549675,2.428166351916452,0.0,0.0,1.0,inf,26830.0,inf,219.0,55.0,164.0,0.0,0.0,0.0,0.0,0.0,0.0
454.0,26891.0,76177.0,49286.0,24643.0,1.832806515190956,59.3056652216482,11049.490072549675,2.4336869686688525,0.0,0.0,1.0,inf,26891.0,inf,217.0,61.0,156.0,0.0,0.0,0.0,0.0,0.0,0.0
455.0,26964.0,76382.0,49418.0,24709.0,1.8327399495623795,59.3056652216482,11049.490072549675,2.4402936083889384,0.0,0.0,1.0,inf,26964.0,inf,217.0,73.0,144.0,0.0,0.0,0.0,0.0,0.0,0.0
456.0,27012.0,76516.0,49504.0,24752.0,1.8326669628313341,59.3056652216482,11049.490072549675,2.4446377002596797,0.0,0.0,1.0,inf,27012.0,inf,215.0,48.0,167.0,0.0,0.0,0.0,0.0,0.0,0.0
457.0,27077.0,76699.0,49622.0,24811.0,1.8326254754958082,59.3056652216482,11049.490072549675,2.450520324667975,0.0,0.0,1.0,inf,27077.0,inf,219.0,65.0,154.0,0.0,0.0,0.0,0.0,0.0,0.0
458.0,27130.0,76848.0,49718.0,24859.0,1.832583855510505,59.3056652216482,11049.490072549675,2.4553169261085857,0.0,0.0,1.0,inf,27130.0,inf,217.0,53.0,164.0,0.0,0.0,0.0,0.0,0.0,0.0
459.0,27180.0,76988.0,49808.0,24904.0,1.83252391464312,59.3056652216482,11049.490072549675,2.4598420218072743,0.0,0.0,1.0,inf,27180.0,inf,214.0,50.0,164.0,0.0,0.0,0.0,0.0,0.0,0.0
460.0,27235.0,77137.0,49902.0,24951.0,1.8322746465944557,59.3056652216482,11049.490072549675,2.464819627075832,0.0,0.0,1.0,inf,27235.0,inf,217.0,55.0,162.0,0.0,0.0,0.0,0.0,0.0,0.0
461.0,27279.0,77265.0,49986.0,24993.0,1.8323985483338832,59.3056652216482,11049.490072549675,2.4688017112906784,0.0,0.0,1.0,inf,27279.0,inf,217.0,44.0,173.0,0.0,0.0,0.0,0.0,0.0,0.0
462.0,27326.0,77398.0,50072.0,25036.0,1.8323940569421064,59.3056652216482,11049.490072549675,2.4730553012474457,0.0,0.0,1.0,inf,27326.0,inf,219.0,47.0,172.0,0.0,0.0,0.0,0.0,0.0,0.0
463.0,27372.0,77532.0,50160.0,25080.0,1.8325295922840859,59.41994420431566,11092.114704867694,2.46769896708587,0.0,0.0,1.0,inf,27372.0,inf,217.0,46.0,171.0,0.0,0.0,0.0,0.0,0.0,0.0
464.0,27421.0,77673.0,50252.0,25126.0,1.8326100433973962,59.41994420431566,11092.114704867694,2.472116519671988,0.0,0.0,1.0,inf,27421.0,inf,220.0,49.0,171.0,0.0,0.0,0.0,0.0,0.0,0.0
465.0,27482.0,77854.0,50372.0,25186.0,1.8329088130412634,59.41994420431566,11092.114704867694,2.477615921871032,0.0,0.0,1.0,inf,27482.0,inf,218.0,61.0,157.0,0.0,0.0,0.0,0.0,0.0,0.0
466.0,27525.0,77975.0,50450.0,25225.0,1.8328792007266121,59.41994420431566,11092.114704867694,2.481492549650686,0.0,0.0,1.0,inf,27525.0,inf,216.0,43.0,173.0,0.0,0.0,0.0,0.0,0.0,0.0
467.0,27579.0,78129.0,50550.0,25275.0,1.8329163493962797,59.554156990043566,11142.279171143644,2.4751668466021113,0.0,0.0,1.0,inf,27579.0,inf,217.0,54.0,163.0,0.0,0.0,0.0,0.0,0.0,0.0
468.0,27636.0,78290.0,50654.0,25327.0,1.832899117093646,59.554156990043566,11142.279171143644,2.480282496562455,0.0,0.0,1.0,inf,27636.0,inf,218.0,57.0,161.0,0.0,0.0,0.0,0.0,0.0,0.0
469.0,27700.0,78476.0,50776.0,25388.0,1.8330685920577616,59.554156990043566,11142.279171143644,2.486026384237227,0.0,0.0,1.0,inf,27700.0,inf,219.0,64.0,155.0,0.0,0.0,0.0,0.0,0.0,0.0
470.0,27754.0,78632.0,50878.0,25439.0,1.8331771996829287,59.554156990043566,11142.279171143644,2.490872789462816,0.0,0.0,1.0,inf,27754.0,inf,214.0,54.0,160.0,0.0,0.0,0.0,0.0,0.0,0.0
471.0,27810.0,78796.0,50986.0,25493.0,1.8333692916217188,59.554156990043566,11142.279171143644,2.4958986911782413,0.0,0.0,1.0,inf,27810.0,inf,220.0,56.0,164.0,0.0,0.0,0.0,0.0,0.0,0.0
472.0,27861.0,78943.0,51082.0,25541.0,1.833458956964933,59.554156990043566,11142.279171143644,2.500475851669075,0.0,0.0,1.0,inf,27861.0,inf,219.0,51.0,168.0,0.0,0.0,0.0,0.0,0.0,0.0
473.0,27917.0,79107.0,51190.0,25595.0,1.8336497474657019,59.554156990043566,11142.279171143644,2.5055017533845008,0.0,0.0,1.0,inf,27917.0,inf,218.0,56.0,162.0,0.0,0.0,0.0,0.0,0.0,0.0
474.0,27956.0,79222.0,51266.0,25633.0,1.8338102732865933,59.554156990043566,11142.279171143644,2.5090019349363146,0.0,0.0,1.0,inf,27956.0,inf,216.0,39.0,177.0,0.0,0.0,0.0,0.0,0.0,0.0
475.0,28000.0,79348.0,51348.0,25674.0,1.8338571428571429,59.554156990043566,11142.279171143644,2.5129508577127204,0.0,0.0,1.0,inf,28000.0,inf,217.0,44.0,173.0,0.0,0.0,0.0,0.0,0.0,0.0
476.0,28049.0,79489.0,51440.0,25720.0,1.83393347356412,59.554156990043566,11142.279171143644,2.5173485217137177,0.0,0.0,1.0,inf,28049.0,inf,217.0,49.0,168.0,0.0,0.0,0.0,0.0,0.0,0.0
477.0,28094.0,79616.0,51522.0,25761.0,1.8339147148857406,59.99463785116527,11307.712160765943,2.4844990392908106,0.0,0.0,1.0,inf,28094.0,inf,220.0,45.0,175.0,0.0,0.0,0.0,0.0,0.0,0.0
478.0,28140.0,79746.0,51606.0,25803.0,1.8339019189765458,59.99463785116527,11307.712160765943,2.488567059359415,0.0,0.0,1.0,inf,28140.0,inf,217.0,46.0,171.0,0.0,0.0,0.0,0.0,0.0,0.0
479.0,28200.0,79916.0,51716.0,25858.0,1.8339007092198583,59.99463785116527,11307.712160765943,2.4938731724923775,0.0,0.0,1.0,inf,28200.0,inf,217.0,60.0,157.0,0.0,0.0,0.0,0.0,0.0,0.0
480.0,28251.0,80057.0,51806.0,25903.0,1.8337757955470604,59.99463785116527,11307.712160765943,2.4983833686553956,0.0,0.0,1.0,inf,28251.0,inf,220.0,51.0,169.0,0.0,0.0,0.0,0.0,0.0,0.0
481.0,28305.0,80209.0,51904.0,25952.0,1.833739621974916,59.99463785116527,11307.712160765943,2.503158870475062,0.0,0.0,1.0,inf,28305.0,inf,216.0,54.0,162.0,0.0,0.0,0.0,0.0,0.0,0.0
482.0,28352.0,80344.0,51992.0,25996.0,1.8338036117381489,59.99463785116527,11307.712160765943,2.507315325762549,0.0,0.0,1.0,inf,28352.0,inf,218.0,47.0,171.0,0.0,0.0,0.0,0.0,0.0,0.0
483.0,28397.0,80463.0,52066.0,26033.0,1.8335035391062435,59.99463785116527,11307.712160765943,2.5112949106122713,0.0,0.0,1.0,inf,28397.0,inf,219.0,45.0,174.0,0.0,0.0,0.0,0.0,0.0,0.0
484.0,28445.0,80587.0,52142.0,26071.0,1.8330813851291967,59.99463785116527,11307.712160765943,2.515539801118641,0.0,0.0,1.0,inf,28445.0,inf,216.0,48.0,168.0,0.0,0.0,0.0,0.0,0.0,0.0
485.0,28492.0,80720.0,52228.0,26114.0,1.8330759511441808,60.10781557065208,11350.415583980399,2.5102164576434247,0.0,0.0,1.0,inf,28492.0,inf,218.0,47.0,171.0,0.0,0.0,0.0,0.0,0.0,0.0
486.0,28542.0,80866.0,52324.0,26162.0,1.833228225071824,60.10781557065208,11350.415583980399,2.5146215826919356,0.0,0.0,1.0,inf,28542.0,inf,216.0,50.0,166.0,0.0,0.0,0.0,0.0,0.0,0.0
487.0,28594.0,81010.0,52416.0,26208.0,1.8331118416451004,60.10781557065208,11350.415583980399,2.519202912742387,0.0,0.0,1.0,inf,28594.0,inf,218.0,52.0,166.0,0.0,0.0,0.0,0.0,0.0,0.0
488.0,28648.0,81166.0,52518.0,26259.0,1.8332169784976264,60.10781557065208,11350.415583980399,2.5239604477947784,0.0,0.0,1.0,inf,28648.0,inf,220.0,54.0,166.0,0.0,0.0,0.0,0.0,0.0,0.0
489.0,28704.0,81326.0,52622.0,26311.0,1.8332636566332219,60.40482387830388,11462.863411229846,2.5040863674498204,0.0,0.0,1.0,inf,28704.0,inf,218.0,56.0,162.0,0.0,0.0,0.0,0.0,0.0,0.0
490.0,28746.0,81448.0,52702.0,26351.0,1.8333681207820218,60.40482387830388,11462.863411229846,2.5077503734222595,0.0,0.0,1.0,inf,28746.0,inf,218.0,42.0,176.0,0.0,0.0,0.0,0.0,0.0,0.0
491.0,28798.0,81584.0,52786.0,26393.0,1.8329745121188972,60.40482387830388,11462.863411229846,2.5122867617690887,0.0,0.0,1.0,inf,28798.0,inf,218.0,52.0,166.0,0.0,0.0,0.0,0.0,0.0,0.0
492.0,28846.0,81724.0,52878.0,26439.0,1.8331137766068086,60.40482387830388,11462.863411229846,2.516474197166162,0.0,0.0,1.0,inf,28846.0,inf,219.0,48.0,171.0,0.0,0.0,0.0,0.0,0.0,0.0
493.0,28899.0,81875.0,52976.0,26488.0,1.83314301532925,60.40482387830388,11462.863411229846,2.5210978237504302,0.0,0.0,1.0,inf,28899.0,inf,217.0,53.0,164.0,0.0,0.0,0.0,0.0,0.0,0.0
494.0,28955.0,82037.0,53082.0,26541.0,1.8332585045760663,60.40482387830388,11462.863411229846,2.525983165047016,0.0,0.0,1.0,inf,28955.0,inf,219.0,56.0,163.0,0.0,0.0,0.0,0.0,0.0,0.0
495.0,28997.0,82153.0,53156.0,26578.0,1.8331551539814464,60.40482387830388,11462.863411229846,2.5296471710194552,0.0,0.0,1.0,inf,28997.0,inf,218.0,42.0,176.0,0.0,0.0,0.0,0.0,0.0,0.0
496.0,29046.0,82292.0,53246.0,26623.0,1.8331611925910625,60.40482387830388,11462.863411229846,2.5339218446539675,0.0,0.0,1.0,inf,29046.0,inf,217.0,49.0,168.0,0.0,0.0,0.0,0.0,0.0,0.0
497.0,29106.0,82458.0,53352.0,26676.0,1.8330241187384044,60.40482387830388,11462.863411229846,2.539156138900309,0.0,0.0,1.0,inf,29106.0,inf,219.0,60.0,159.0,0.0,0.0,0.0,0.0,0.0,0.0
498.0,29162.0,82614.0,53452.0,26726.0,1.8329332693230918,60.40482387830388,11462.863411229846,2.5440414801968942,0.0,0.0,1.0,inf,29162.0,inf,215.0,56.0,159.0,0.0,0.0,0.0,0.0,0.0,0.0
499.0,29208.0,82740.0,53532.0,26766.0,1.83278553820871,60.40482387830388,11462.863411229846,2.5480544391190896,0.0,0.0,1.0,inf,29208.0,inf,217.0,46.0,171.0,0.0,0.0,0.0,0.0,0.0,0.0
500.0,29263.0,82901.0,53638.0,26819.0,1.8329631274988893,60.40482387830388,11462.863411229846,2.552852542178236,0.0,0.0,1.0,inf,29263.0,inf,218.0,55.0,163.0,0.0,0.0,0.0,0.0,0.0,0.0
501.0,29320.0,83060.0,53740.0,26870.0,1.8328785811732606,60.40482387830388,11462.863411229846,2.5578251217122605,0.0,0.0,1.0,inf,29320.0,inf,217.0,57.0,160.0,0.0,0.0,0.0,0.0,0.0,0.0
502.0,29371.0,83201.0,53830.0,26915.0,1.832760205645024,60.40482387830388,11462.863411229846,2.562274271821651,0.0,0.0,1.0,inf,29371.0,inf,217.0,51.0,166.0,0.0,0.0,0.0,0.0,0.0,0.0
503.0,29419.0,83341.0,53922.0,26961.0,1.8328971073116014,60.73143352031552,11587.158230149635,2.538931411452736,0.0,0.0,1.0,inf,29419.0,inf,218.0,48.0,170.0,0.0,0.0,0.0,0.0,0.0,0.0
504.0,29475.0,83495.0,54020.0,27010.0,1.8327396098388464,60.73143352031552,11587.158230149635,2.543764347957762,0.0,0.0,1.0,inf,29475.0,inf,218.0,56.0,162.0,0.0,0.0,0.0,0.0,0.0,0.0
505.0,29536.0,83672.0,54136.0,27068.0,1.8328819068255688,60.73143352031552,11587.158230149635,2.5490287966507363,0.0,0.0,1.0,inf,29536.0,inf,219.0,61.0,158.0,0.0,0.0,0.0,0.0,0.0,0.0
506.0,29591.0,83827.0,54236.0,27118.0,1.832854584164104,60.73143352031552,11587.158230149635,2.5537754307181726,0.0,0.0,1.0,inf,29591.0,inf,217.0,55.0,162.0,0.0,0.0,0.0,0.0,0.0,0.0
507.0,29639.0,83965.0,54326.0,27163.0,1.8329228381524343,60.73143352031552,11587.158230149635,2.5579179477224803,0.0,0.0,1.0,inf,29639.0,inf,218.0,48.0,170.0,0.0,0.0,0.0,0.0,0.0,0.0
508.0,29688.0,84106.0,54418.0,27209.0,1.8329964969011048,60.73143352031552,11587.158230149635,2.5621467671643776,0.0,0.0,1.0,inf,29688.0,inf,214.0,49.0,165.0,0.0,0.0,0.0,0.0,0.0,0.0
509.0,29734.0,84238.0,54504.0,27252.0,1.833053070558956,60.73143352031552,11587.158230149635,2.566116679293506,0.0,0.0,1.0,inf,29734.0,inf,215.0,46.0,169.0,0.0,0.0,0.0,0.0,0.0,0.0
510.0,29792.0,84402.0,54610.0,27305.0,1.8330424274973147,60.73143352031552,11587.158230149635,2.571122220673711,0.0,0.0,1.0,inf,29792.0,inf,218.0,58.0,160.0,0.0,0.0,0.0,0.0,0.0,0.0
511.0,29836.0,84530.0,54694.0,27347.0,1.8331545783617107,60.73143352031552,11587.158230149635,2.57491952792766,0.0,0.0,1.0,inf,29836.0,inf,217.0,44.0,173.0,0.0,0.0,0.0,0.0,0.0,0.0
512.0,29873.0,84637.0,54764.0,27382.0,1.8332273290262109,60.73143352031552,11587.158230149635,2.5781127181184806,0.0,0.0,1.0,inf,29873.0,inf,219.0,37.0,182.0,0.0,0.0,0.0,0.0,0.0,0.0
513.0,29906.0,84732.0,54826.0,27413.0,1.8332776031565572,60.73143352031552,11587.158230149635,2.5809606985589424,0.0,0.0,1.0,inf,29906.0,inf,220.0,33.0,187.0,0.0,0.0,0.0,0.0,0.0,0.0
514.0,29954.0,84870.0,54916.0,27458.0,1.833344461507645,60.73143352031552,11587.158230149635,2.58510321556325,0.0,0.0,1.0,inf,29954.0,inf,217.0,48.0,169.0,0.0,0.0,0.0,0.0,0.0,0.0
515.0,30009.0,85021.0,55012.0,27506.0,1.8331833783198375,60.73143352031552,11587.158230149635,2.5898498496306863,0.0,0.0,1.0,inf,30009.0,inf,219.0,55.0,164.0,0.0,0.0,0.0,0.0,0.0,0.0
516.0,30050.0,85140.0,55090.0,27545.0,1.8332778702163062,60.73143352031552,11587.158230149635,2.593388249571866,0.0,0.0,1.0,inf,30050.0,inf,219.0,41.0,178.0,0.0,0.0,0.0,0.0,0.0,0.0
517.0,30104.0,85288.0,55184.0,27592.0,1.8331118788200904,60.73143352031552,11587.158230149635,2.598048581201712,0.0,0.0,1.0,inf,30104.0,inf,218.0,54.0,164.0,0.0,0.0,0.0,0.0,0.0,0.0
518.0,30148.0,85414.0,55266.0,27633.0,1.833156428287117,60.73143352031552,11587.158230149635,2.601845888455661,0.0,0.0,1.0,inf,30148.0,inf,217.0,44.0,173.0,0.0,0.0,0.0,0.0,0.0,0.0
519.0,30190.0,85536.0,55346.0,27673.0,1.833256045048029,60.73143352031552,11587.158230149635,2.6054705908344302,0.0,0.0,1.0,inf,30190.0,inf,220.0,42.0,178.0,0.0,0.0,0.0,0.0,0.0,0.0
520.0,30230.0,85648.0,55418.0,27709.0,1.8332120410188555,60.73143352031552,11587.158230149635,2.60892268833802,0.0,0.0,1.0,inf,30230.0,inf,219.0,40.0,179.0,0.0,0.0,0.0,0.0,0.0,0.0
521.0,30278.0,85786.0,55508.0,27754.0,1.8332782878657772,60.73143352031552,11587.158230149635,2.613065205342328,0.0,0.0,1.0,inf,30278.0,inf,217.0,48.0,169.0,0.0,0.0,0.0,0.0,0.0,0.0
522.0,30331.0,85937.0,55606.0,27803.0,1.833305858692427,60.73143352031552,11587.158230149635,2.6176392345345842,0.0,0.0,1.0,inf,30331.0,inf,219.0,53.0,166.0,0.0,0.0,0.0,0.0,0.0,0.0
523.0,30372.0,86058.0,55686.0,27843.0,1.8334650335835638,61.30538305591767,11807.204723332858,2.5723277195304526,0.0,0.0,1.0,inf,30372.0,inf,219.0,41.0,178.0,0.0,0.0,0.0,0.0,0.0,0.0
524.0,30423.0,86203.0,55780.0,27890.0,1.8334812477401965,61.30538305591767,11807.204723332858,2.576647116135749,0.0,0.0,1.0,inf,30423.0,inf,216.0,51.0,165.0,0.0,0.0,0.0,0.0,0.0,0.0
525.0,30466.0,86324.0,55858.0,27929.0,1.8334536860762818,61.30538305591767,11807.204723332858,2.580288960332371,0.0,0.0,1.0,inf,30466.0,inf,218.0,43.0,175.0,0.0,0.0,0.0,0.0,0.0,0.0
526.0,30513.0,86459.0,55946.0,27973.0,1.8335135843738735,61.30538305591767,11807.204723332858,2.5842695807333302,0.0,0.0,1.0,inf,30513.0,inf,219.0,47.0,172.0,0.0,0.0,0.0,0.0,0.0,0.0
527.0,30567.0,86605.0,56038.0,28019.0,1.833284260804135,61.30538305591767,11807.204723332858,2.588843059491879,0.0,0.0,1.0,inf,30567.0,inf,218.0,54.0,164.0,0.0,0.0,0.0,0.0,0.0,0.0
528.0,30633.0,86795.0,56162.0,28081.0,1.8333823001338425,61.30538305591767,11807.204723332858,2.5944328668634387,0.0,0.0,1.0,inf,30633.0,inf,220.0,66.0,154.0,0.0,0.0,0.0,0.0,0.0,0.0
529.0,30679.0,86921.0,56242.0,28121.0,1.8332409791714201,61.30538305591767,11807.204723332858,2.5983287932133137,0.0,0.0,1.0,inf,30679.0,inf,219.0,46.0,173.0,0.0,0.0,0.0,0.0,0.0,0.0
530.0,30719.0,87033.0,56314.0,28157.0,1.8331976952374751,61.30538305591767,11807.204723332858,2.601716555256683,0.0,0.0,1.0,inf,30719.0,inf,217.0,40.0,177.0,0.0,0.0,0.0,0.0,0.0,0.0
531.0,30771.0,87179.0,56408.0,28204.0,1.8331545936108673,61.30538305591767,11807.204723332858,2.6061206459130632,0.0,0.0,1.0,inf,30771.0,inf,218.0,52.0,166.0,0.0,0.0,0.0,0.0,0.0,0.0
532.0,30829.0,87335.0,56506.0,28253.0,1.8328846216224983,61.30538305591767,11807.204723332858,2.611032900875949,0.0,0.0,1.0,inf,30829.0,inf,216.0,58.0,158.0,0.0,0.0,0.0,0.0,0.0,0.0
533.0,30875.0,87459.0,56584.0,28292.0,1.8326801619433197,61.30538305591767,11807.204723332858,2.614928827225824,0.0,0.0,1.0,inf,30875.0,inf,218.0,46.0,172.0,0.0,0.0,0.0,0.0,0.0,0.0
534.0,30929.0,87615.0,56686.0,28343.0,1.8327782986840828,61.30538305591767,11807.204723332858,2.6195023059843727,0.0,0.0,1.0,inf,30929.0,inf,220.0,54.0,166.0,0.0,0.0,0.0,0.0,0.0,0.0
535.0,30980.0,87756.0,56776.0,28388.0,1.8326662362814718,61.30538305591767,11807.204723332858,2.623821702589669,0.0,0.0,1.0,inf,30980.0,inf,220.0,51.0,169.0,0.0,0.0,0.0,0.0,0.0,0.0
536.0,31033.0,87909.0,56876.0,28438.0,1.8327586762478651,61.30538305591767,11807.204723332858,2.6283104872971337,0.0,0.0,1.0,inf,31033.0,inf,219.0,53.0,166.0,0.0,0.0,0.0,0.0,0.0,0.0
537.0,31075.0,88029.0,56954.0,28477.0,1.8327916331456156,61.30538305591767,11807.204723332858,2.6318676374426717,0.0,0.0,1.0,inf,31075.0,inf,218.0,42.0,176.0,0.0,0.0,0.0,0.0,0.0,0.0
538.0,31119.0,88153.0,57034.0,28517.0,1.8327709759311033,61.30538305591767,11807.204723332858,2.635594175690378,0.0,0.0,1.0,inf,31119.0,inf,220.0,44.0,176.0,0.0,0.0,0.0,0.0,0.0,0.0
539.0,31164.0,88286.0,57122.0,28561.0,1.8329482736490823,61.30538305591767,11807.204723332858,2.6394054079891687,0.0,0.0,1.0,inf,31164.0,inf,215.0,45.0,170.0,0.0,0.0,0.0,0.0,0.0,0.0
540.0,31217.0,88435.0,57218.0,28609.0,1.8329115546016594,61.30538305591767,11807.204723332858,2.6438941926966333,0.0,0.0,1.0,inf,31217.0,inf,218.0,53.0,165.0,0.0,0.0,0.0,0.0,0.0,0.0
541.0,31267.0,88571.0,57304.0,28652.0,1.8327309943390795,61.30538305591767,11807.204723332858,2.6481288952508453,0.0,0.0,1.0,inf,31267.0,inf,219.0,50.0,169.0,0.0,0.0,0.0,0.0,0.0,0.0
542.0,31309.0,88691.0,57382.0,28691.0,1.8327637420550003,61.30538305591767,11807.204723332858,2.651686045396383,0.0,0.0,1.0,inf,31309.0,inf,219.0,42.0,177.0,0.0,0.0,0.0,0.0,0.0,0.0
543.0,31356.0,88828.0,57472.0,28736.0,1.8328868478122209,61.35701970138288,11827.10317851132,2.6511986516673636,0.0,0.0,1.0,inf,31356.0,inf,218.0,47.0,171.0,0.0,0.0,0.0,0.0,0.0,0.0
544.0,31406.0,88970.0,57564.0,28782.0,1.8328981723237598,61.35701970138288,11827.10317851132,2.6554262295658,0.0,0.0,1.0,inf,31406.0,inf,218.0,50.0,168.0,0.0,0.0,0.0,0.0,0.0,0.0
545.0,31450.0,89094.0,57644.0,28822.0,1.8328775834658189,61.35701970138288,11827.10317851132,2.659146498116424,0.0,0.0,1.0,inf,31450.0,inf,216.0,44.0,172.0,0.0,0.0,0.0,0.0,0.0,0.0
546.0,31493.0,89213.0,57720.0,28860.0,1.8327882386562093,61.35701970138288,11827.10317851132,2.662782215109079,0.0,0.0,1.0,inf,31493.0,inf,220.0,43.0,177.0,0.0,0.0,0.0,0.0,0.0,0.0
547.0,31554.0,89392.0,57838.0,28919.0,1.8329847245991,61.35701970138288,11827.10317851132,2.667939860145171,0.0,0.0,1.0,inf,31554.0,inf,218.0,61.0,157.0,0.0,0.0,0.0,0.0,0.0,0.0
548.0,31604.0,89530.0,57926.0,28963.0,1.832869257056069,61.35701970138288,11827.10317851132,2.6721674380436076,0.0,0.0,1.0,inf,31604.0,inf,218.0,50.0,168.0,0.0,0.0,0.0,0.0,0.0,0.0
549.0,31657.0,89687.0,58030.0,29015.0,1.8330858893767572,61.35701970138288,11827.10317851132,2.67664867061595,0.0,0.0,1.0,inf,31657.0,inf,219.0,53.0,166.0,0.0,0.0,0.0,0.0,0.0,0.0
550.0,31699.0,89805.0,58106.0,29053.0,1.8330546704943373,61.35701970138288,11827.10317851132,2.6801998360506367,0.0,0.0,1.0,inf,31699.0,inf,220.0,42.0,178.0,0.0,0.0,0.0,0.0,0.0,0.0
551.0,31743.0,89929.0,58186.0,29093.0,1.8330340547522288,61.35701970138288,11827.10317851132,2.6839201046012606,0.0,0.0,1.0,inf,31743.0,inf,219.0,44.0,175.0,0.0,0.0,0.0,0.0,0.0,0.0
552.0,31790.0,90060.0,58270.0,29135.0,1.8329663416168607,61.35701970138288,11827.10317851132,2.6878940278257906,0.0,0.0,1.0,inf,31790.0,inf,218.0,47.0,171.0,0.0,0.0,0.0,0.0,0.0,0.0
553.0,31840.0,90204.0,58364.0,29182.0,1.833040201005025,61.35701970138288,11827.10317851132,2.692121605724227,0.0,0.0,1.0,inf,31840.0,inf,219.0,50.0,169.0,0.0,0.0,0.0,0.0,0.0,0.0
554.0,31883.0,90325.0,58442.0,29221.0,1.8330144591161435,61.35701970138288,11827.10317851132,2.695757322716882,0.0,0.0,1.0,inf,31883.0,inf,217.0,43.0,174.0,0.0,0.0,0.0,0.0,0.0,0.0
555.0,31923.0,90433.0,58510.0,29255.0,1.8328477899946747,61.35701970138288,11827.10317851132,2.699139385035631,0.0,0.0,1.0,inf,31923.0,inf,219.0,40.0,179.0,0.0,0.0,0.0,0.0,0.0,0.0
556.0,31973.0,90577.0,58604.0,29302.0,1.8329215275388608,61.35701970138288,11827.10317851132,2.7033669629340675,0.0,0.0,1.0,inf,31973.0,inf,220.0,50.0,170.0,0.0,0.0,0.0,0.0,0.0,0.0
557.0,32013.0,90695.0,58682.0,29341.0,1.833067816199669,61.35701970138288,11827.10317851132,2.7067490252528166,0.0,0.0,1.0,inf,32013.0,inf,219.0,40.0,179.0,0.0,0.0,0.0,0.0,0.0,0.0
558.0,32053.0,90809.0,58756.0,29378.0,1.8330889464324711,61.35701970138288,11827.10317851132,2.7101310875715656,0.0,0.0,1.0,inf,32053.0,inf,219.0,40.0,179.0,0.0,0.0,0.0,0.0,0.0,0.0
559.0,32102.0,90944.0,58842.0,29421.0,1.832969908416921,61.35701970138288,11827.10317851132,2.714274113912033,0.0,0.0,1.0,inf,32102.0,inf,219.0,49.0,170.0,0.0,0.0,0.0,0.0,0.0,0.0
560.0,32143.0,91065.0,58922.0,29461.0,1.8331207416855926,61.35701970138288,11827.10317851132,2.7177407277887506,0.0,0.0,1.0,inf,32143.0,inf,220.0,41.0,179.0,0.0,0.0,0.0,0.0,0.0,0.0
561.0,32194.0,91208.0,59014.0,29507.0,1.833074485929055,61.35701970138288,11827.10317851132,2.722052857245156,0.0,0.0,1.0,inf,32194.0,inf,218.0,51.0,167.0,0.0,0.0,0.0,0.0,0.0,0.0
562.0,32238.0,91330.0,59092.0,29546.0,1.8329921210993239,61.35701970138288,11827.10317851132,2.72577312579578,0.0,0.0,1.0,inf,32238.0,inf,220.0,44.0,176.0,0.0,0.0,0.0,0.0,0.0,0.0
563.0,32278.0,91438.0,59160.0,29580.0,1.8328273127207386,61.35701970138288,11827.10317851132,2.729155188114529,0.0,0.0,1.0,inf,32278.0,inf,217.0,40.0,177.0,0.0,0.0,0.0,0.0,0.0,0.0
564.0,32319.0,91553.0,59234.0,29617.0,1.8327918561836691,62.12076636671552,12123.373421584183,2.6658421609335217,0.0,0.0,1.0,inf,32319.0,inf,218.0,41.0,177.0,0.0,0.0,0.0,0.0,0.0,0.0
565.0,32366.0,91688.0,59322.0,29661.0,1.83284928628808,62.12076636671552,12123.373421584183,2.669718969670298,0.0,0.0,1.0,inf,32366.0,inf,219.0,47.0,172.0,0.0,0.0,0.0,0.0,0.0,0.0
566.0,32405.0,91797.0,59392.0,29696.0,1.8328035796944915,62.12076636671552,12123.373421584183,2.6729358960689,0.0,0.0,1.0,inf,32405.0,inf,218.0,39.0,179.0,0.0,0.0,0.0,0.0,0.0,0.0
567.0,32453.0,91935.0,59482.0,29741.0,1.8328659908174898,62.12076636671552,12123.373421584183,2.6768951900979476,0.0,0.0,1.0,inf,32453.0,inf,218.0,48.0,170.0,0.0,0.0,0.0,0.0,0.0,0.0
568.0,32501.0,92067.0,59566.0,29783.0,1.832743607888988,62.12076636671552,12123.373421584183,2.680854484126996,0.0,0.0,1.0,inf,32501.0,inf,218.0,48.0,170.0,0.0,0.0,0.0,0.0,0.0,0.0
569.0,32543.0,92187.0,59644.0,29822.0,1.832775097563224,62.12076636671552,12123.373421584183,2.684318866402413,0.0,0.0,1.0,inf,32543.0,inf,218.0,42.0,176.0,0.0,0.0,0.0,0.0,0.0,0.0
570.0,32595.0,92339.0,59744.0,29872.0,1.832919159380273,62.12076636671552,12123.373421584183,2.6886081016005487,0.0,0.0,1.0,inf,32595.0,inf,220.0,52.0,168.0,0.0,0.0,0.0,0.0,0.0,0.0
571.0,32646.0,92488.0,59842.0,29921.0,1.8330576487165349,62.12076636671552,12123.373421584183,2.6928148515064123,0.0,0.0,1.0,inf,32646.0,inf,217.0,51.0,166.0,0.0,0.0,0.0,0.0,0.0,0.0
572.0,32693.0,92621.0,59928.0,29964.0,1.833052947114061,62.12076636671552,12123.373421584183,2.696691660243189,0.0,0.0,1.0,inf,32693.0,inf,220.0,47.0,173.0,0.0,0.0,0.0,0.0,0.0,0.0
573.0,32743.0,92765.0,60022.0,30011.0,1.8331246373270622,62.12076636671552,12123.373421584183,2.700815924856781,0.0,0.0,1.0,inf,32743.0,inf,218.0,50.0,168.0,0.0,0.0,0.0,0.0,0.0,0.0
574.0,32789.0,92897.0,60108.0,30054.0,1.8331757601634695,62.12076636671552,12123.373421584183,2.704610248301285,0.0,0.0,1.0,inf,32789.0,inf,220.0,46.0,174.0,0.0,0.0,0.0,0.0,0.0,0.0
575.0,32837.0,93025.0,60188.0,30094.0,1.8329323628833327,62.12076636671552,12123.373421584183,2.7085695423303333,0.0,0.0,1.0,inf,32837.0,inf,218.0,48.0,170.0,0.0,0.0,0.0,0.0,0.0,0.0
576.0,32888.0,93168.0,60280.0,30140.0,1.8328873753344685,62.12076636671552,12123.373421584183,2.7127762922361973,0.0,0.0,1.0,inf,32888.0,inf,218.0,51.0,167.0,0.0,0.0,0.0,0.0,0.0,0.0
577.0,32932.0,93288.0,60356.0,30178.0,1.832746265030973,62.12076636671552,12123.373421584183,2.7164056450961582,0.0,0.0,1.0,inf,32932.0,inf,219.0,44.0,175.0,0.0,0.0,0.0,0.0,0.0,0.0
578.0,32973.0,93397.0,60424.0,30212.0,1.8325296454675037,62.12076636671552,12123.373421584183,2.7197875420793034,0.0,0.0,1.0,inf,32973.0,inf,218.0,41.0,177.0,0.0,0.0,0.0,0.0,0.0,0.0
579.0,33017.0,93521.0,60504.0,30252.0,1.8325105248811218,62.12076636671552,12123.373421584183,2.7234168949392643,0.0,0.0,1.0,inf,33017.0,inf,219.0,44.0,175.0,0.0,0.0,0.0,0.0,0.0,0.0
580.0,33067.0,93667.0,60600.0,30300.0,1.832642816100644,62.12076636671552,12123.373421584183,2.7275411595528563,0.0,0.0,1.0,inf,33067.0,inf,220.0,50.0,170.0,0.0,0.0,0.0,0.0,0.0,0.0
581.0,33110.0,93790.0,60680.0,30340.0,1.8326789489580186,62.12076636671552,12123.373421584183,2.731088027120545,0.0,0.0,1.0,inf,33110.0,inf,219.0,43.0,176.0,0.0,0.0,0.0,0.0,0.0,0.0
582.0,33151.0,93903.0,60752.0,30376.0,1.83258423576966,62.12076636671552,12123.373421584183,2.7344699241036903,0.0,0.0,1.0,inf,33151.0,inf,219.0,41.0,178.0,0.0,0.0,0.0,0.0,0.0,0.0
583.0,33195.0,94031.0,60836.0,30418.0,1.8326856454285283,62.12076636671552,12123.373421584183,2.738099276963651,0.0,0.0,1.0,inf,33195.0,inf,220.0,44.0,176.0,0.0,0.0,0.0,0.0,0.0,0.0
584.0,33242.0,94162.0,60920.0,30460.0,1.832621382588292,62.12076636671552,12123.373421584183,2.741976085700428,0.0,0.0,1.0,inf,33242.0,inf,218.0,47.0,171.0,0.0,0.0,0.0,0.0,0.0,0.0
585.0,33282.0,94274.0,60992.0,30496.0,1.83258217655189,62.12076636671552,12123.373421584183,2.7452754973913014,0.0,0.0,1.0,inf,33282.0,inf,217.0,40.0,177.0,0.0,0.0,0.0,0.0,0.0,0.0
586.0,33337.0,94429.0,61092.0,30546.0,1.832558418573957,62.12076636671552,12123.373421584183,2.7498121884662523,0.0,0.0,1.0,inf,33337.0,inf,220.0,55.0,165.0,0.0,0.0,0.0,0.0,0.0,0.0
587.0,33379.0,94545.0,61166.0,30583.0,1.832469516762036,62.12076636671552,12123.373421584183,2.7532765707416695,0.0,0.0,1.0,inf,33379.0,inf,218.0,42.0,176.0,0.0,0.0,0.0,0.0,0.0,0.0
588.0,33429.0,94683.0,61254.0,30627.0,1.8323611235753388,62.12076636671552,12123.373421584183,2.7574008353552615,0.0,0.0,1.0,inf,33429.0,inf,218.0,50.0,168.0,0.0,0.0,0.0,0.0,0.0,0.0
589.0,33471.0,94799.0,61328.0,30664.0,1.8322727136924502,62.12076636671552,12123.373421584183,2.7608652176306787,0.0,0.0,1.0,inf,33471.0,inf,219.0,42.0,177.0,0.0,0.0,0.0,0.0,0.0,0.0
590.0,33510.0,94912.0,61402.0,30701.0,1.8323485526708445,62.12076636671552,12123.373421584183,2.76408214402928,0.0,0.0,1.0,inf,33510.0,inf,220.0,39.0,181.0,0.0,0.0,0.0,0.0,0.0,0.0
591.0,33558.0,95050.0,61492.0,30746.0,1.8324095595685082,62.12076636671552,12123.373421584183,2.7680414380583285,0.0,0.0,1.0,inf,33558.0,inf,219.0,48.0,171.0,0.0,0.0,0.0,0.0,0.0,0.0
592.0,33609.0,95191.0,61582.0,30791.0,1.8323068225772858,62.12076636671552,12123.373421584183,2.772248187964192,0.0,0.0,1.0,inf,33609.0,inf,219.0,51.0,168.0,0.0,0.0,0.0,0.0,0.0,0.0
593.0,33650.0,95302.0,61652.0,30826.0,1.8321545319465082,62.12076636671552,12123.373421584183,2.7756300849473377,0.0,0.0,1.0,inf,33650.0,inf,219.0,41.0,178.0,0.0,0.0,0.0,0.0,0.0,0.0
594.0,33683.0,95397.0,61714.0,30857.0,1.8322002196953953,62.12076636671552,12123.373421584183,2.778352099592308,0.0,0.0,1.0,inf,33683.0,inf,218.0,33.0,185.0,0.0,0.0,0.0,0.0,0.0,0.0
595.0,33715.0,95491.0,61776.0,30888.0,1.832300163132137,62.12076636671552,12123.373421584183,2.780991628945007,0.0,0.0,1.0,inf,33715.0,inf,217.0,32.0,185.0,0.0,0.0,0.0,0.0,0.0,0.0
596.0,33755.0,95607.0,61852.0,30926.0,1.8323803880906533,62.12076636671552,12123.373421584183,2.7842910406358805,0.0,0.0,1.0,inf,33755.0,inf,220.0,40.0,180.0,0.0,0.0,0.0,0.0,0.0,0.0
597.0,33799.0,95733.0,61934.0,30967.0,1.832421077546673,62.12076636671552,12123.373421584183,2.7879203934958414,0.0,0.0,1.0,inf,33799.0,inf,219.0,44.0,175.0,0.0,0.0,0.0,0.0,0.0,0.0
598.0,33841.0,95855.0,62014.0,31007.0,1.8325108596081676,62.12076636671552,12123.373421584183,2.7913847757712587,0.0,0.0,1.0,inf,33841.0,inf,219.0,42.0,177.0,0.0,0.0,0.0,0.0,0.0,0.0
599.0,33878.0,95954.0,62076.0,31038.0,1.8323395714032706,62.532080512850825,12284.447524221385,2.757795980096163,0.0,0.0,1.0,inf,33878.0,inf,220.0,37.0,183.0,0.0,0.0,0.0,0.0,0.0,0.0
600.0,33921.0,96081.0,62160.0,31080.0,1.832493145838861,62.532080512850825,12284.447524221385,2.7612963410131046,0.0,0.0,1.0,inf,33921.0,inf,218.0,43.0,175.0,0.0,0.0,0.0,0.0,0.0,0.0
601.0,33974.0,96238.0,62264.0,31132.0,1.8326955907458644,62.532080512850825,12284.447524221385,2.7656107393525904,0.0,0.0,1.0,inf,33974.0,inf,219.0,53.0,166.0,0.0,0.0,0.0,0.0,0.0,0.0
602.0,34024.0,96378.0,62354.0,31177.0,1.8326475429108864,62.532080512850825,12284.447524221385,2.7696809264653126,0.0,0.0,1.0,inf,34024.0,inf,218.0,50.0,168.0,0.0,0.0,0.0,0.0,0.0,0.0
603.0,34065.0,96495.0,62430.0,31215.0,1.8326728313518275,62.532080512850825,12284.447524221385,2.773018479897745,0.0,0.0,1.0,inf,34065.0,inf,216.0,41.0,175.0,0.0,0.0,0.0,0.0,0.0,0.0
604.0,34115.0,96641.0,62526.0,31263.0,1.8328008207533344,62.532080512850825,12284.447524221385,2.7770886670104673,0.0,0.0,1.0,inf,34115.0,inf,219.0,50.0,169.0,0.0,0.0,0.0,0.0,0.0,0.0
605.0,34150.0,96746.0,62596.0,31298.0,1.8329721815519766,62.532080512850825,12284.447524221385,2.7799377979893727,0.0,0.0,1.0,inf,34150.0,inf,219.0,35.0,184.0,0.0,0.0,0.0,0.0,0.0,0.0
606.0,34205.0,96899.0,62694.0,31347.0,1.8328899283730449,62.532080512850825,12284.447524221385,2.7844150038133675,0.0,0.0,1.0,inf,34205.0,inf,218.0,55.0,163.0,0.0,0.0,0.0,0.0,0.0,0.0
607.0,34252.0,97032.0,62780.0,31390.0,1.8328856709097279,62.532080512850825,12284.447524221385,2.7882409796993266,0.0,0.0,1.0,inf,34252.0,inf,219.0,47.0,172.0,0.0,0.0,0.0,0.0,0.0,0.0
608.0,34301.0,97175.0,62874.0,31437.0,1.8330077840296202,62.532080512850825,12284.447524221385,2.7922297630697943,0.0,0.0,1.0,inf,34301.0,inf,218.0,49.0,169.0,0.0,0.0,0.0,0.0,0.0,0.0
609.0,34341.0,97287.0,62946.0,31473.0,1.8329693369441775,62.532080512850825,12284.447524221385,2.7954859127599723,0.0,0.0,1.0,inf,34341.0,inf,219.0,40.0,179.0,0.0,0.0,0.0,0.0,0.0,0.0
610.0,34380.0,97400.0,63020.0,31510.0,1.83304246655032,62.532080512850825,12284.447524221385,2.7986606587078957,0.0,0.0,1.0,inf,34380.0,inf,219.0,39.0,180.0,0.0,0.0,0.0,0.0,0.0,0.0
611.0,34434.0,97556.0,63122.0,31561.0,1.8331300458848812,62.532080512850825,12284.447524221385,2.803056460789636,0.0,0.0,1.0,inf,34434.0,inf,219.0,54.0,165.0,0.0,0.0,0.0,0.0,0.0,0.0
612.0,34471.0,97663.0,63192.0,31596.0,1.833193118853529,62.532080512850825,12284.447524221385,2.8060683992530504,0.0,0.0,1.0,inf,34471.0,inf,219.0,37.0,182.0,0.0,0.0,0.0,0.0,0.0,0.0
613.0,34520.0,97802.0,63282.0,31641.0,1.8331981460023175,62.532080512850825,12284.447524221385,2.8100571826235186,0.0,0.0,1.0,inf,34520.0,inf,217.0,49.0,168.0,0.0,0.0,0.0,0.0,0.0,0.0
614.0,34562.0,97922.0,63360.0,31680.0,1.833227243793762,62.532080512850825,12284.447524221385,2.813476139798205,0.0,0.0,1.0,inf,34562.0,inf,218.0,42.0,176.0,0.0,0.0,0.0,0.0,0.0,0.0
615.0,34616.0,98076.0,63460.0,31730.0,1.8332562976658193,62.532080512850825,12284.447524221385,2.8178719418799454,0.0,0.0,1.0,inf,34616.0,inf,219.0,54.0,165.0,0.0,0.0,0.0,0.0,0.0,0.0
616.0,34658.0,98198.0,63540.0,31770.0,1.833342951122396,62.532080512850825,12284.447524221385,2.821290899054632,0.0,0.0,1.0,inf,34658.0,inf,219.0,42.0,177.0,0.0,0.0,0.0,0.0,0.0,0.0
617.0,34693.0,98299.0,63606.0,31803.0,1.8333957858934078,62.532080512850825,12284.447524221385,2.8241400300335378,0.0,0.0,1.0,inf,34693.0,inf,219.0,35.0,184.0,0.0,0.0,0.0,0.0,0.0,0.0
618.0,34736.0,98418.0,63682.0,31841.0,1.8333141409488716,62.532080512850825,12284.447524221385,2.827640390950479,0.0,0.0,1.0,inf,34736.0,inf,217.0,43.0,174.0,0.0,0.0,0.0,0.0,0.0,0.0
619.0,34783.0,98557.0,63774.0,31887.0,1.833481873328925,62.532080512850825,12284.447524221385,2.831466366836438,0.0,0.0,1.0,inf,34783.0,inf,220.0,47.0,173.0,0.0,0.0,0.0,0.0,0.0,0.0
620.0,34820.0,98662.0,63842.0,31921.0,1.8334865020103388,62.532080512850825,12284.447524221385,2.8344783052998523,0.0,0.0,1.0,inf,34820.0,inf,220.0,37.0,183.0,0.0,0.0,0.0,0.0,0.0,0.0
621.0,34859.0,98773.0,63914.0,31957.0,1.8335006741444104,62.532080512850825,12284.447524221385,2.837653051247776,0.0,0.0,1.0,inf,34859.0,inf,219.0,39.0,180.0,0.0,0.0,0.0,0.0,0.0,0.0
622.0,34896.0,98878.0,63982.0,31991.0,1.8335052728106374,62.532080512850825,12284.447524221385,2.8406649897111906,0.0,0.0,1.0,inf,34896.0,inf,220.0,37.0,183.0,0.0,0.0,0.0,0.0,0.0,0.0
623.0,34937.0,98999.0,64062.0,32031.0,1.8336434152903798,62.55719338318632,12294.316368552216,2.8417196168276413,0.0,0.0,1.0,inf,34937.0,inf,220.0,41.0,179.0,0.0,0.0,0.0,0.0,0.0,0.0
624.0,34975.0,99103.0,64128.0,32064.0,1.8335382416011436,62.55719338318632,12294.316368552216,2.8448104759580604,0.0,0.0,1.0,inf,34975.0,inf,217.0,38.0,179.0,0.0,0.0,0.0,0.0,0.0,0.0
625.0,35028.0,99256.0,64228.0,32114.0,1.83361881923033,63.384182664919976,12621.52005476897,2.7752600200294313,0.0,0.0,1.0,inf,35028.0,inf,219.0,53.0,166.0,0.0,0.0,0.0,0.0,0.0,0.0
626.0,35078.0,99398.0,64320.0,32160.0,1.8336279149324364,63.384182664919976,12621.52005476897,2.7792215080105174,0.0,0.0,1.0,inf,35078.0,inf,219.0,50.0,169.0,0.0,0.0,0.0,0.0,0.0,0.0
627.0,35120.0,99522.0,64402.0,32201.0,1.8337699316628702,63.384182664919976,12621.52005476897,2.7825491579146293,0.0,0.0,1.0,inf,35120.0,inf,219.0,42.0,177.0,0.0,0.0,0.0,0.0,0.0,0.0
628.0,35164.0,99648.0,64484.0,32242.0,1.8338073029234445,63.384182664919976,12621.52005476897,2.7860352673379847,0.0,0.0,1.0,inf,35164.0,inf,217.0,44.0,173.0,0.0,0.0,0.0,0.0,0.0,0.0
629.0,35213.0,99783.0,64570.0,32285.0,1.8336977820691223,63.384182664919976,12621.52005476897,2.789917525559449,0.0,0.0,1.0,inf,35213.0,inf,217.0,49.0,168.0,0.0,0.0,0.0,0.0,0.0,0.0
630.0,35256.0,99906.0,64650.0,32325.0,1.8337304288631722,63.384182664919976,12621.52005476897,2.7933244052231823,0.0,0.0,1.0,inf,35256.0,inf,220.0,43.0,177.0,0.0,0.0,0.0,0.0,0.0,0.0
631.0,35298.0,100024.0,64726.0,32363.0,1.8337016261544563,63.384182664919976,12621.52005476897,2.7966520551272946,0.0,0.0,1.0,inf,35298.0,inf,220.0,42.0,178.0,0.0,0.0,0.0,0.0,0.0,0.0
632.0,35339.0,100135.0,64796.0,32398.0,1.8335549958968844,63.384182664919976,12621.52005476897,2.7999004752717847,0.0,0.0,1.0,inf,35339.0,inf,218.0,41.0,177.0,0.0,0.0,0.0,0.0,0.0,0.0
633.0,35386.0,100266.0,64880.0,32440.0,1.8334934719945741,63.384182664919976,12621.52005476897,2.8036242739740054,0.0,0.0,1.0,inf,35386.0,inf,219.0,47.0,172.0,0.0,0.0,0.0,0.0,0.0,0.0
634.0,35424.0,100374.0,64950.0,32475.0,1.8335027100271002,63.384182664919976,12621.52005476897,2.8066350048396305,0.0,0.0,1.0,inf,35424.0,inf,220.0,38.0,182.0,0.0,0.0,0.0,0.0,0.0,0.0
635.0,35460.0,100478.0,65018.0,32509.0,1.8335589396503102,63.384182664919976,12621.52005476897,2.809487276186012,0.0,0.0,1.0,inf,35460.0,inf,219.0,36.0,183.0,0.0,0.0,0.0,0.0,0.0,0.0
636.0,35501.0,100601.0,65100.0,32550.0,1.8337511619391003,63.384182664919976,12621.52005476897,2.8127356963305026,0.0,0.0,1.0,inf,35501.0,inf,218.0,41.0,177.0,0.0,0.0,0.0,0.0,0.0,0.0
637.0,35539.0,100713.0,65174.0,32587.0,1.8338726469512368,63.44600214058159,12646.15194923113,2.810261978716832,0.0,0.0,1.0,inf,35539.0,inf,220.0,38.0,182.0,0.0,0.0,0.0,0.0,0.0,0.0
638.0,35592.0,100866.0,65274.0,32637.0,1.833951449763992,63.44600214058159,12646.15194923113,2.8144529769123916,0.0,0.0,1.0,inf,35592.0,inf,220.0,53.0,167.0,0.0,0.0,0.0,0.0,0.0,0.0
639.0,35640.0,101010.0,65370.0,32685.0,1.8341750841750841,63.44600214058159,12646.15194923113,2.8182485979196907,0.0,0.0,1.0,inf,35640.0,inf,219.0,48.0,171.0,0.0,0.0,0.0,0.0,0.0,0.0
640.0,35674.0,101106.0,65432.0,32716.0,1.8341649380501206,63.44600214058159,12646.15194923113,2.820937162799861,0.0,0.0,1.0,inf,35674.0,inf,219.0,34.0,185.0,0.0,0.0,0.0,0.0,0.0,0.0
641.0,35723.0,101243.0,65520.0,32760.0,1.8341124765557204,63.44600214058159,12646.15194923113,2.8248118592448126,0.0,0.0,1.0,inf,35723.0,inf,218.0,49.0,169.0,0.0,0.0,0.0,0.0,0.0,0.0
642.0,35770.0,101378.0,65608.0,32804.0,1.8341627061783619,63.44600214058159,12646.15194923113,2.8285284048144597,0.0,0.0,1.0,inf,35770.0,inf,220.0,47.0,173.0,0.0,0.0,0.0,0.0,0.0,0.0
643.0,35808.0,101488.0,65680.0,32840.0,1.8342269883824844,63.44600214058159,12646.15194923113,2.831533271445238,0.0,0.0,1.0,inf,35808.0,inf,220.0,38.0,182.0,0.0,0.0,0.0,0.0,0.0,0.0
644.0,35857.0,101635.0,65778.0,32889.0,1.834453523719218,63.44600214058159,12646.15194923113,2.8354079678901893,0.0,0.0,1.0,inf,35857.0,inf,218.0,49.0,169.0,0.0,0.0,0.0,0.0,0.0,0.0
645.0,35907.0,101781.0,65874.0,32937.0,1.8345726460021723,63.44600214058159,12646.15194923113,2.839361739772793,0.0,0.0,1.0,inf,35907.0,inf,220.0,50.0,170.0,0.0,0.0,0.0,0.0,0.0,0.0
646.0,35944.0,101890.0,65946.0,32973.0,1.8346872913420877,63.44600214058159,12646.15194923113,2.8422875309659195,0.0,0.0,1.0,inf,35944.0,inf,220.0,37.0,183.0,0.0,0.0,0.0,0.0,0.0,0.0
647.0,35984.0,102002.0,66018.0,33009.0,1.83464873277012,63.44600214058159,12646.15194923113,2.845450548472002,0.0,0.0,1.0,inf,35984.0,inf,218.0,40.0,178.0,0.0,0.0,0.0,0.0,0.0,0.0
648.0,36024.0,102120.0,66096.0,33048.0,1.8347768154563624,63.44600214058159,12646.15194923113,2.8486135659780847,0.0,0.0,1.0,inf,36024.0,inf,217.0,40.0,177.0,0.0,0.0,0.0,0.0,0.0,0.0
649.0,36059.0,102213.0,66154.0,33077.0,1.8346043983471534,63.44600214058159,12646.15194923113,2.8513812062959074,0.0,0.0,1.0,inf,36059.0,inf,218.0,35.0,183.0,0.0,0.0,0.0,0.0,0.0,0.0
650.0,36091.0,102305.0,66214.0,33107.0,1.8346402150120529,63.44600214058159,12646.15194923113,2.8539116203007735,0.0,0.0,1.0,inf,36091.0,inf,219.0,32.0,187.0,0.0,0.0,0.0,0.0,0.0,0.0
651.0,36131.0,102423.0,66292.0,33146.0,1.834767927818217,63.44600214058159,12646.15194923113,2.857074637806856,0.0,0.0,1.0,inf,36131.0,inf,220.0,40.0,180.0,0.0,0.0,0.0,0.0,0.0,0.0
652.0,36178.0,102558.0,66380.0,33190.0,1.8348167394549173,63.49921526426185,12667.37388372826,2.8559984359877517,0.0,0.0,1.0,inf,36178.0,inf,218.0,47.0,171.0,0.0,0.0,0.0,0.0,0.0,0.0
653.0,36213.0,102659.0,66446.0,33223.0,1.834865932123823,63.49921526426185,12667.37388372826,2.8587614396159116,0.0,0.0,1.0,inf,36213.0,inf,217.0,35.0,182.0,0.0,0.0,0.0,0.0,0.0,0.0
654.0,36256.0,102782.0,66526.0,33263.0,1.834896293027361,63.49921526426185,12667.37388372826,2.862155986930508,0.0,0.0,1.0,inf,36256.0,inf,220.0,43.0,177.0,0.0,0.0,0.0,0.0,0.0,0.0
655.0,36300.0,102904.0,66604.0,33302.0,1.8348209366391184,63.49921526426185,12667.37388372826,2.865629477205909,0.0,0.0,1.0,inf,36300.0,inf,220.0,44.0,176.0,0.0,0.0,0.0,0.0,0.0,0.0
656.0,36329.0,102987.0,66658.0,33329.0,1.8348426876599961,63.49921526426185,12667.37388372826,2.8679188230692416,0.0,0.0,1.0,inf,36329.0,inf,217.0,29.0,188.0,0.0,0.0,0.0,0.0,0.0,0.0
657.0,36374.0,103110.0,66736.0,33368.0,1.834717105624897,63.49921526426185,12667.37388372826,2.871471256305447,0.0,0.0,1.0,inf,36374.0,inf,219.0,45.0,174.0,0.0,0.0,0.0,0.0,0.0,0.0
658.0,36419.0,103237.0,66818.0,33409.0,1.8347016667124303,63.49921526426185,12667.37388372826,2.875023689541653,0.0,0.0,1.0,inf,36419.0,inf,217.0,45.0,172.0,0.0,0.0,0.0,0.0,0.0,0.0
659.0,36458.0,103354.0,66896.0,33448.0,1.8348784903176258,63.49921526426185,12667.37388372826,2.8781024650130314,0.0,0.0,1.0,inf,36458.0,inf,218.0,39.0,179.0,0.0,0.0,0.0,0.0,0.0,0.0
660.0,36504.0,103488.0,66984.0,33492.0,1.8349769888231426,63.49921526426185,12667.37388372826,2.8817338412100413,0.0,0.0,1.0,inf,36504.0,inf,220.0,46.0,174.0,0.0,0.0,0.0,0.0,0.0,0.0
661.0,36536.0,103576.0,67040.0,33520.0,1.8349025618567987,63.83147423570903,12800.284502478233,2.854311557913135,0.0,0.0,1.0,inf,36536.0,inf,218.0,32.0,186.0,0.0,0.0,0.0,0.0,0.0,0.0
662.0,36577.0,103693.0,67116.0,33558.0,1.8349235858599666,63.83147423570903,12800.284502478233,2.857514611719639,0.0,0.0,1.0,inf,36577.0,inf,219.0,41.0,178.0,0.0,0.0,0.0,0.0,0.0,0.0
663.0,36621.0,103819.0,67198.0,33599.0,1.834958084159362,63.83147423570903,12800.284502478233,2.860952035316863,0.0,0.0,1.0,inf,36621.0,inf,220.0,44.0,176.0,0.0,0.0,0.0,0.0,0.0,0.0
664.0,36659.0,103921.0,67262.0,33631.0,1.834801822199187,63.83147423570903,12800.284502478233,2.8639207193326475,0.0,0.0,1.0,inf,36659.0,inf,218.0,38.0,180.0,0.0,0.0,0.0,0.0,0.0,0.0
665.0,36697.0,104025.0,67328.0,33664.0,1.8347003842275935,63.83147423570903,12800.284502478233,2.866889403348432,0.0,0.0,1.0,inf,36697.0,inf,220.0,38.0,182.0,0.0,0.0,0.0,0.0,0.0,0.0
666.0,36742.0,104150.0,67408.0,33704.0,1.8346306679004953,63.83147423570903,12800.284502478233,2.8704049502092293,0.0,0.0,1.0,inf,36742.0,inf,218.0,45.0,173.0,0.0,0.0,0.0,0.0,0.0,0.0
667.0,36780.0,104258.0,67478.0,33739.0,1.8346383904295813,63.83147423570903,12800.284502478233,2.873373634225014,0.0,0.0,1.0,inf,36780.0,inf,218.0,38.0,180.0,0.0,0.0,0.0,0.0,0.0,0.0
668.0,36809.0,104337.0,67528.0,33764.0,1.8345513325545384,63.83147423570903,12800.284502478233,2.8756392088686384,0.0,0.0,1.0,inf,36809.0,inf,220.0,29.0,191.0,0.0,0.0,0.0,0.0,0.0,0.0
669.0,36845.0,104443.0,67598.0,33799.0,1.834658705387434,63.83147423570903,12800.284502478233,2.8784516463572762,0.0,0.0,1.0,inf,36845.0,inf,219.0,36.0,183.0,0.0,0.0,0.0,0.0,0.0,0.0
670.0,36884.0,104548.0,67664.0,33832.0,1.8345081878321223,63.83147423570903,12800.284502478233,2.881498453636634,0.0,0.0,1.0,inf,36884.0,inf,218.0,39.0,179.0,0.0,0.0,0.0,0.0,0.0,0.0
671.0,36923.0,104661.0,67738.0,33869.0,1.8345746553638653,63.83147423570903,12800.284502478233,2.8845452609159916,0.0,0.0,1.0,inf,36923.0,inf,217.0,39.0,178.0,0.0,0.0,0.0,0.0,0.0,0.0
672.0,36957.0,104761.0,67804.0,33902.0,1.8346727277646995,63.83147423570903,12800.284502478233,2.887201451877483,0.0,0.0,1.0,inf,36957.0,inf,220.0,34.0,186.0,0.0,0.0,0.0,0.0,0.0,0.0
673.0,37006.0,104900.0,67894.0,33947.0,1.8346754580338323,63.83147423570903,12800.284502478233,2.8910294917925734,0.0,0.0,1.0,inf,37006.0,inf,219.0,49.0,170.0,0.0,0.0,0.0,0.0,0.0,0.0
674.0,37048.0,105020.0,67972.0,33986.0,1.8347009285251565,63.83147423570903,12800.284502478233,2.894310668862651,0.0,0.0,1.0,inf,37048.0,inf,219.0,42.0,177.0,0.0,0.0,0.0,0.0,0.0,0.0
675.0,37089.0,105141.0,68052.0,34026.0,1.8348297338833617,63.83147423570903,12800.284502478233,2.897513722669155,0.0,0.0,1.0,inf,37089.0,inf,220.0,41.0,179.0,0.0,0.0,0.0,0.0,0.0,0.0
676.0,37127.0,105241.0,68114.0,34057.0,1.8346217038812724,63.83147423570903,12800.284502478233,2.9004824066849397,0.0,0.0,1.0,inf,37127.0,inf,219.0,38.0,181.0,0.0,0.0,0.0,0.0,0.0,0.0
677.0,37168.0,105356.0,68188.0,34094.0,1.8345888936719759,63.83147423570903,12800.284502478233,2.903685460491444,0.0,0.0,1.0,inf,37168.0,inf,217.0,41.0,176.0,0.0,0.0,0.0,0.0,0.0,0.0
678.0,37199.0,105443.0,68244.0,34122.0,1.8345654453076696,63.83147423570903,12800.284502478233,2.9061072816622153,0.0,0.0,1.0,inf,37199.0,inf,219.0,31.0,188.0,0.0,0.0,0.0,0.0,0.0,0.0
679.0,37245.0,105571.0,68326.0,34163.0,1.8345012753389718,63.83147423570903,12800.284502478233,2.909700951786586,0.0,0.0,1.0,inf,37245.0,inf,220.0,46.0,174.0,0.0,0.0,0.0,0.0,0.0,0.0
680.0,37283.0,105681.0,68398.0,34199.0,1.8345626693130919,63.83147423570903,12800.284502478233,2.9126696358023705,0.0,0.0,1.0,inf,37283.0,inf,220.0,38.0,182.0,0.0,0.0,0.0,0.0,0.0,0.0
681.0,37323.0,105797.0,68474.0,34237.0,1.8346328001500416,63.83147423570903,12800.284502478233,2.9157945663453013,0.0,0.0,1.0,inf,37323.0,inf,218.0,40.0,178.0,0.0,0.0,0.0,0.0,0.0,0.0
682.0,37358.0,105898.0,68540.0,34270.0,1.8346806574227743,63.892911803298176,12824.936817535523,2.9129188339485963,0.0,0.0,1.0,inf,37358.0,inf,218.0,35.0,183.0,0.0,0.0,0.0,0.0,0.0,0.0
683.0,37390.0,105986.0,68596.0,34298.0,1.8346081840064188,63.892911803298176,12824.936817535523,2.915413972946572,0.0,0.0,1.0,inf,37390.0,inf,219.0,32.0,187.0,0.0,0.0,0.0,0.0,0.0,0.0
684.0,37423.0,106077.0,68654.0,34327.0,1.8345402559923043,63.892911803298176,12824.936817535523,2.9179870850382335,0.0,0.0,1.0,inf,37423.0,inf,218.0,33.0,185.0,0.0,0.0,0.0,0.0,0.0,0.0
685.0,37469.0,106207.0,68738.0,34369.0,1.8345298780325068,63.892911803298176,12824.936817535523,2.9215738473478226,0.0,0.0,1.0,inf,37469.0,inf,220.0,46.0,174.0,0.0,0.0,0.0,0.0,0.0,0.0
686.0,37505.0,106307.0,68802.0,34401.0,1.8344754032795627,63.892911803298176,12824.936817535523,2.924380878720545,0.0,0.0,1.0,inf,37505.0,inf,219.0,36.0,183.0,0.0,0.0,0.0,0.0,0.0,0.0
687.0,37538.0,106400.0,68862.0,34431.0,1.8344610794395013,63.892911803298176,12824.936817535523,2.9269539908122066,0.0,0.0,1.0,inf,37538.0,inf,219.0,33.0,186.0,0.0,0.0,0.0,0.0,0.0,0.0
688.0,37593.0,106557.0,68964.0,34482.0,1.8344904636501476,64.72654258411993,13161.78195129911,2.856224190546589,0.0,0.0,1.0,inf,37593.0,inf,220.0,55.0,165.0,0.0,0.0,0.0,0.0,0.0,0.0
689.0,37638.0,106688.0,69050.0,34525.0,1.8345820713109091,64.72654258411993,13161.78195129911,2.859643180480209,0.0,0.0,1.0,inf,37638.0,inf,218.0,45.0,173.0,0.0,0.0,0.0,0.0,0.0,0.0
690.0,37681.0,106813.0,69132.0,34566.0,1.8346646851198216,64.72654258411993,13161.78195129911,2.8629102153056687,0.0,0.0,1.0,inf,37681.0,inf,218.0,43.0,175.0,0.0,0.0,0.0,0.0,0.0,0.0
691.0,37720.0,106928.0,69208.0,34604.0,1.8347826086956522,64.72654258411993,13161.78195129911,2.8658733399148066,0.0,0.0,1.0,inf,37720.0,inf,220.0,39.0,181.0,0.0,0.0,0.0,0.0,0.0,0.0
692.0,37753.0,107025.0,69272.0,34636.0,1.8348740497443912,64.72654258411993,13161.78195129911,2.8683805991994618,0.0,0.0,1.0,inf,37753.0,inf,219.0,33.0,186.0,0.0,0.0,0.0,0.0,0.0,0.0
693.0,37795.0,107141.0,69346.0,34673.0,1.834792962032015,64.72654258411993,13161.78195129911,2.8715716564708407,0.0,0.0,1.0,inf,37795.0,inf,218.0,42.0,176.0,0.0,0.0,0.0,0.0,0.0,0.0
694.0,37839.0,107265.0,69426.0,34713.0,1.8347736462380084,64.72654258411993,13161.78195129911,2.874914668850381,0.0,0.0,1.0,inf,37839.0,inf,219.0,44.0,175.0,0.0,0.0,0.0,0.0,0.0,0.0
695.0,37889.0,107403.0,69514.0,34757.0,1.8346749716276491,64.72654258411993,13161.78195129911,2.878713546554404,0.0,0.0,1.0,inf,37889.0,inf,219.0,50.0,169.0,0.0,0.0,0.0,0.0,0.0,0.0
696.0,37926.0,107508.0,69582.0,34791.0,1.8346780572694195,64.72654258411993,13161.78195129911,2.8815247160553805,0.0,0.0,1.0,inf,37926.0,inf,218.0,37.0,181.0,0.0,0.0,0.0,0.0,0.0,0.0
697.0,37965.0,107623.0,69658.0,34829.0,1.8347952061108916,64.72654258411993,13161.78195129911,2.8844878406645185,0.0,0.0,1.0,inf,37965.0,inf,220.0,39.0,181.0,0.0,0.0,0.0,0.0,0.0,0.0
698.0,37997.0,107715.0,69718.0,34859.0,1.8348290654525357,64.72654258411993,13161.78195129911,2.886919122395093,0.0,0.0,1.0,inf,37997.0,inf,218.0,32.0,186.0,0.0,0.0,0.0,0.0,0.0,0.0
699.0,38026.0,107798.0,69772.0,34886.0,1.834849839583443,64.72654258411993,13161.78195129911,2.889122471463426,0.0,0.0,1.0,inf,38026.0,inf,220.0,29.0,191.0,0.0,0.0,0.0,0.0,0.0,0.0
700.0,38055.0,107881.0,69826.0,34913.0,1.8348705820522928,64.72654258411993,13161.78195129911,2.8913258205317596,0.0,0.0,1.0,inf,38055.0,inf,219.0,29.0,190.0,0.0,0.0,0.0,0.0,0.0,0.0
