t,site_subsystems,total_subsystems,interface_subsystems,n_links,mean_degree,frontier_radius,volume_proxy,density,energy_remaining,energy_density,creation_rate_modifier,memory_total,memory_bound,memory_free,birth_attempts,births_accepted,births_reject_exclusion,births_reject_memory,births_reject_energy,deaths_attempted,deaths_executed,links_attempted_random,links_added_random
0.0,2.0,4.0,2.0,1.0,1.0,0.03950367318368189,0.031415926535897934,63.66197723675813,0.0,0.0,1.0,inf,2.0,inf,0.0,0.0,0.0,0.0,0.0,0.0,0.0,0.0,0.0
1.0,2.0,4.0,2.0,1.0,1.0,0.03950367318368189,0.031415926535897934,63.66197723675813,0.0,0.0,1.0,inf,2.0,inf,0.0,0.0,0.0,0.0,0.0,0.0,0.0,0.0,0.0
2.0,174.0,500.0,326.0,163.0,1.8735632183908046,15.583790825708382,762.9500277575721,0.22806211897181897,0.0,0.0,1.0,inf,174.0,inf,220.0,172.0,48.0,0.0,0.0,0.0,0.0,0.0,0.0
3.0,174.0,500.0,326.0,163.0,1.8735632183908046,15.583790825708382,762.9500277575721,0.22806211897181897,0.0,0.0,1.0,inf,174.0,inf,0.0,0.0,0.0,0.0,0.0,0.0,0.0,0.0,0.0
4.0,313.0,905.0,592.0,296.0,1.8913738019169328,18.279602224018547,1049.7438878647038,0.2981679661280781,0.0,0.0,1.0,inf,313.0,inf,220.0,139.0,81.0,0.0,0.0,0.0,0.0,0.0,0.0
5.0,313.0,905.0,592.0,296.0,1.8913738019169328,18.279602224018547,1049.7438878647038,0.2981679661280781,0.0,0.0,1.0,inf,313.0,inf,1.0,0.0,1.0,0.0,0.0,0.0,0.0,0.0,0.0
6.0,459.0,1315.0,856.0,428.0,1.8649237472766884,20.901377376777063,1372.4599681274199,0.33443598404276825,0.0,0.0,1.0,inf,459.0,inf,220.0,146.0,74.0,0.0,0.0,0.0,0.0,0.0,0.0
7.0,472.0,1348.0,876.0,438.0,1.8559322033898304,20.901377376777063,1372.4599681274199,0.34390802716380525,0.0,0.0,1.0,inf,472.0,inf,21.0,13.0,8.0,0.0,0.0,0.0,0.0,0.0,0.0
8.0,618.0,1752.0,1134.0,567.0,1.8349514563106797,22.69496907220119,1618.113805270799,0.3819261648883681,0.0,0.0,1.0,inf,618.0,inf,209.0,146.0,63.0,0.0,0.0,0.0,0.0,0.0,0.0
9.0,645.0,1817.0,1172.0,586.0,1.8170542635658915,22.69496907220119,1618.113805270799,0.39861225947086965,0.0,0.0,1.0,inf,645.0,inf,55.0,27.0,28.0,0.0,0.0,0.0,0.0,0.0,0.0
10.0,772.0,2180.0,1408.0,704.0,1.8238341968911918,23.62050875188659,1752.7838685343427,0.44044220959514957,0.0,0.0,1.0,inf,772.0,inf,197.0,127.0,70.0,0.0,0.0,0.0,0.0,0.0,0.0
11.0,827.0,2325.0,1498.0,749.0,1.81136638452237,23.640268000712872,1755.717605399301,0.4710324698327077,0.0,0.0,1.0,inf,827.0,inf,100.0,55.0,45.0,0.0,0.0,0.0,0.0,0.0,0.0
12.0,941.0,2631.0,1690.0,845.0,1.79596174282678,24.0459240802707,1816.4891823067305,0.5180322619951081,0.0,0.0,1.0,inf,941.0,inf,188.0,114.0,74.0,0.0,0.0,0.0,0.0,0.0,0.0
13.0,1011.0,2815.0,1804.0,902.0,1.784371909000989,24.61811362433597,1903.966997967461,0.5309965987221791,0.0,0.0,1.0,inf,1011.0,inf,141.0,70.0,71.0,0.0,0.0,0.0,0.0,0.0,0.0
14.0,1108.0,3078.0,1970.0,985.0,1.7779783393501805,25.48740492361117,2040.8031227941137,0.5429235126233097,0.0,0.0,1.0,inf,1108.0,inf,179.0,97.0,82.0,0.0,0.0,0.0,0.0,0.0,0.0
15.0,1179.0,3275.0,2096.0,1048.0,1.7777777777777777,25.48740492361117,2040.8031227941137,0.5777137377101825,0.0,0.0,1.0,inf,1179.0,inf,151.0,71.0,80.0,0.0,0.0,0.0,0.0,0.0,0.0
16.0,1246.0,3472.0,2226.0,1113.0,1.7865168539325842,26.21330403456793,2158.7055201042213,0.577197764306381,0.0,0.0,1.0,inf,1246.0,inf,173.0,67.0,106.0,0.0,0.0,0.0,0.0,0.0,0.0
17.0,1333.0,3715.0,2382.0,1191.0,1.7869467366841711,26.21330403456793,2158.7055201042213,0.6174996948799406,0.0,0.0,1.0,inf,1333.0,inf,192.0,87.0,105.0,0.0,0.0,0.0,0.0,0.0,0.0
18.0,1407.0,3925.0,2518.0,1259.0,1.7896233120113718,26.244495625086433,2163.8459265996103,0.6502311383190943,0.0,0.0,1.0,inf,1407.0,inf,178.0,74.0,104.0,0.0,0.0,0.0,0.0,0.0,0.0
19.0,1487.0,4147.0,2660.0,1330.0,1.7888365837256222,26.937388864522504,2279.611631099417,0.6523040941332826,0.0,0.0,1.0,inf,1487.0,inf,178.0,80.0,98.0,0.0,0.0,0.0,0.0,0.0,0.0
20.0,1563.0,4351.0,2788.0,1394.0,1.783749200255918,26.937388864522504,2279.611631099417,0.6856431063418431,0.0,0.0,1.0,inf,1563.0,inf,177.0,76.0,101.0,0.0,0.0,0.0,0.0,0.0,0.0
21.0,1639.0,4563.0,2924.0,1462.0,1.7840146430750459,26.937388864522504,2279.611631099417,0.7189821185504036,0.0,0.0,1.0,inf,1639.0,inf,178.0,76.0,102.0,0.0,0.0,0.0,0.0,0.0,0.0
22.0,1712.0,4772.0,3060.0,1530.0,1.7873831775700935,27.46052798145225,2369.01406381302,0.7226635021509621,0.0,0.0,1.0,inf,1712.0,inf,197.0,73.0,124.0,0.0,0.0,0.0,0.0,0.0,0.0
23.0,1777.0,4955.0,3178.0,1589.0,1.7884074282498592,27.487010242960196,2373.5855054792605,0.7486564085843617,0.0,0.0,1.0,inf,1777.0,inf,202.0,65.0,137.0,0.0,0.0,0.0,0.0,0.0,0.0
24.0,1859.0,5179.0,3320.0,1660.0,1.7859064012910166,27.607033962777372,2394.359576321429,0.7764080292635378,0.0,0.0,1.0,inf,1859.0,inf,199.0,82.0,117.0,0.0,0.0,0.0,0.0,0.0,0.0
25.0,1934.0,5392.0,3458.0,1729.0,1.7880041365046535,28.358854579232677,2526.5461990134686,0.7654718527431488,0.0,0.0,1.0,inf,1934.0,inf,190.0,75.0,115.0,0.0,0.0,0.0,0.0,0.0,0.0
26.0,2021.0,5635.0,3614.0,1807.0,1.7882236516575953,28.358854579232677,2526.5461990134686,0.7999062121995365,0.0,0.0,1.0,inf,2021.0,inf,185.0,87.0,98.0,0.0,0.0,0.0,0.0,0.0,0.0
27.0,2102.0,5866.0,3764.0,1882.0,1.7906755470980018,28.358854579232677,2526.5461990134686,0.8319657882451389,0.0,0.0,1.0,inf,2102.0,inf,194.0,81.0,113.0,0.0,0.0,0.0,0.0,0.0,0.0
28.0,2172.0,6056.0,3884.0,1942.0,1.7882136279926335,28.358854579232677,2526.5461990134686,0.8596715947043014,0.0,0.0,1.0,inf,2172.0,inf,190.0,70.0,120.0,0.0,0.0,0.0,0.0,0.0,0.0
29.0,2251.0,6277.0,4026.0,2013.0,1.7885384273656153,29.196669043708447,2678.0364677572247,0.8405412051334555,0.0,0.0,1.0,inf,2251.0,inf,200.0,79.0,121.0,0.0,0.0,0.0,0.0,0.0,0.0
30.0,2328.0,6486.0,4158.0,2079.0,1.7860824742268042,29.196669043708447,2678.0364677572247,0.8692936141939958,0.0,0.0,1.0,inf,2328.0,inf,202.0,77.0,125.0,0.0,0.0,0.0,0.0,0.0,0.0
31.0,2403.0,6697.0,4294.0,2147.0,1.7869330004161466,29.196669043708447,2678.0364677572247,0.8972992074347816,0.0,0.0,1.0,inf,2403.0,inf,196.0,75.0,121.0,0.0,0.0,0.0,0.0,0.0,0.0
32.0,2478.0,6914.0,4436.0,2218.0,1.7901533494753834,29.196669043708447,2678.0364677572247,0.9253048006755676,0.0,0.0,1.0,inf,2478.0,inf,207.0,75.0,132.0,0.0,0.0,0.0,0.0,0.0,0.0
33.0,2560.0,7142.0,4582.0,2291.0,1.78984375,29.378545426287783,2711.505262095772,0.9441250348233988,0.0,0.0,1.0,inf,2560.0,inf,196.0,82.0,114.0,0.0,0.0,0.0,0.0,0.0,0.0
34.0,2633.0,7353.0,4720.0,2360.0,1.792631978731485,29.378545426287783,2711.505262095772,0.9710473502695348,0.0,0.0,1.0,inf,2633.0,inf,200.0,73.0,127.0,0.0,0.0,0.0,0.0,0.0,0.0
35.0,2695.0,7529.0,4834.0,2417.0,1.793692022263451,30.30736857227376,2885.6678024925945,0.9339259348120741,0.0,0.0,1.0,inf,2695.0,inf,200.0,62.0,138.0,0.0,0.0,0.0,0.0,0.0,0.0
36.0,2766.0,7722.0,4956.0,2478.0,1.79175704989154,30.30736857227376,2885.6678024925945,0.9585302915362512,0.0,0.0,1.0,inf,2766.0,inf,188.0,71.0,117.0,0.0,0.0,0.0,0.0,0.0,0.0
37.0,2838.0,7924.0,5086.0,2543.0,1.792107117688513,30.30736857227376,2885.6678024925945,0.9834811884959801,0.0,0.0,1.0,inf,2838.0,inf,193.0,72.0,121.0,0.0,0.0,0.0,0.0,0.0,0.0
38.0,2912.0,8124.0,5212.0,2606.0,1.789835164835165,30.30736857227376,2885.6678024925945,1.0091251659268126,0.0,0.0,1.0,inf,2912.0,inf,203.0,74.0,129.0,0.0,0.0,0.0,0.0,0.0,0.0
39.0,2986.0,8334.0,5348.0,2674.0,1.7910247823174816,30.30736857227376,2885.6678024925945,1.034769143357645,0.0,0.0,1.0,inf,2986.0,inf,202.0,74.0,128.0,0.0,0.0,0.0,0.0,0.0,0.0
40.0,3057.0,8529.0,5472.0,2736.0,1.7899901864573111,30.713304056266413,2963.4864859585596,1.0315552355256288,0.0,0.0,1.0,inf,3057.0,inf,199.0,71.0,128.0,0.0,0.0,0.0,0.0,0.0,0.0
41.0,3127.0,8735.0,5608.0,2804.0,1.7934122161816437,30.87948504709757,2995.642416909889,1.0438495537213053,0.0,0.0,1.0,inf,3127.0,inf,204.0,70.0,134.0,0.0,0.0,0.0,0.0,0.0,0.0
42.0,3202.0,8948.0,5746.0,2873.0,1.7945034353529044,31.136333613050226,3045.6838224100684,1.0513238361906647,0.0,0.0,1.0,inf,3202.0,inf,201.0,75.0,126.0,0.0,0.0,0.0,0.0,0.0,0.0
43.0,3280.0,9172.0,5892.0,2946.0,1.7963414634146342,31.531867837342908,3123.555794109328,1.0500852925968884,0.0,0.0,1.0,inf,3280.0,inf,200.0,78.0,122.0,0.0,0.0,0.0,0.0,0.0,0.0
44.0,3342.0,9348.0,6006.0,3003.0,1.7971274685816876,31.531867837342908,3123.555794109328,1.0699344658106102,0.0,0.0,1.0,inf,3342.0,inf,199.0,62.0,137.0,0.0,0.0,0.0,0.0,0.0,0.0
45.0,3419.0,9563.0,6144.0,3072.0,1.7970166715413864,31.531867837342908,3123.555794109328,1.0945858583502321,0.0,0.0,1.0,inf,3419.0,inf,209.0,77.0,132.0,0.0,0.0,0.0,0.0,0.0,0.0
46.0,3494.0,9774.0,6280.0,3140.0,1.797366914710933,31.531867837342908,3123.555794109328,1.1185969549797343,0.0,0.0,1.0,inf,3494.0,inf,201.0,75.0,126.0,0.0,0.0,0.0,0.0,0.0,0.0
47.0,3570.0,9990.0,6420.0,3210.0,1.7983193277310925,31.531867837342908,3123.555794109328,1.1429281995642964,0.0,0.0,1.0,inf,3570.0,inf,205.0,76.0,129.0,0.0,0.0,0.0,0.0,0.0,0.0
48.0,3632.0,10168.0,6536.0,3268.0,1.7995594713656389,32.15293605570115,3247.8139758596403,1.118290649340122,0.0,0.0,1.0,inf,3632.0,inf,202.0,62.0,140.0,0.0,0.0,0.0,0.0,0.0,0.0
49.0,3702.0,10364.0,6662.0,3331.0,1.7995678011885468,32.15293605570115,3247.8139758596403,1.1398436078901792,0.0,0.0,1.0,inf,3702.0,inf,210.0,70.0,140.0,0.0,0.0,0.0,0.0,0.0,0.0
50.0,3777.0,10575.0,6798.0,3399.0,1.7998411437648927,32.45108090401448,3308.325306713389,1.141665238401906,0.0,0.0,1.0,inf,3777.0,inf,208.0,75.0,133.0,0.0,0.0,0.0,0.0,0.0,0.0
51.0,3829.0,10727.0,6898.0,3449.0,1.8015147558109166,32.45108090401448,3308.325306713389,1.1573831606674339,0.0,0.0,1.0,inf,3829.0,inf,206.0,52.0,154.0,0.0,0.0,0.0,0.0,0.0,0.0
52.0,3899.0,10927.0,7028.0,3514.0,1.8025134649910233,32.45108090401448,3308.325306713389,1.1785419021787216,0.0,0.0,1.0,inf,3899.0,inf,212.0,70.0,142.0,0.0,0.0,0.0,0.0,0.0,0.0
53.0,3960.0,11100.0,7140.0,3570.0,1.803030303030303,33.24557105651241,3472.301812942872,1.1404538583711967,0.0,0.0,1.0,inf,3960.0,inf,207.0,61.0,146.0,0.0,0.0,0.0,0.0,0.0,0.0
54.0,4031.0,11295.0,7264.0,3632.0,1.8020342346812206,33.24557105651241,3472.301812942872,1.1609013896702765,0.0,0.0,1.0,inf,4031.0,inf,213.0,71.0,142.0,0.0,0.0,0.0,0.0,0.0,0.0
55.0,4105.0,11505.0,7400.0,3700.0,1.802679658952497,33.24557105651241,3472.301812942872,1.1822129011650917,0.0,0.0,1.0,inf,4105.0,inf,210.0,74.0,136.0,0.0,0.0,0.0,0.0,0.0,0.0
56.0,4186.0,11732.0,7546.0,3773.0,1.8026755852842808,33.24557105651241,3472.301812942872,1.205540366449957,0.0,0.0,1.0,inf,4186.0,inf,206.0,81.0,125.0,0.0,0.0,0.0,0.0,0.0,0.0
57.0,4256.0,11932.0,7676.0,3838.0,1.8035714285714286,33.24557105651241,3472.301812942872,1.225699904350458,0.0,0.0,1.0,inf,4256.0,inf,202.0,70.0,132.0,0.0,0.0,0.0,0.0,0.0,0.0
58.0,4318.0,12104.0,7786.0,3893.0,1.8031496062992125,33.819163855838624,3593.152124868889,1.201730360959198,0.0,0.0,1.0,inf,4318.0,inf,210.0,62.0,148.0,0.0,0.0,0.0,0.0,0.0,0.0
59.0,4388.0,12304.0,7916.0,3958.0,1.804010938924339,33.819163855838624,3593.152124868889,1.2212118628737751,0.0,0.0,1.0,inf,4388.0,inf,205.0,70.0,135.0,0.0,0.0,0.0,0.0,0.0,0.0
60.0,4462.0,12514.0,8052.0,4026.0,1.8045719408337069,34.226542690239256,3680.2382689753367,1.2124214993401294,0.0,0.0,1.0,inf,4462.0,inf,204.0,74.0,130.0,0.0,0.0,0.0,0.0,0.0,0.0
61.0,4531.0,12707.0,8176.0,4088.0,1.8044581770028691,34.391572894818815,3715.8138578727785,1.219382932866798,0.0,0.0,1.0,inf,4531.0,inf,200.0,69.0,131.0,0.0,0.0,0.0,0.0,0.0,0.0
62.0,4600.0,12906.0,8306.0,4153.0,1.8056521739130436,34.80261841559324,3805.1669180078034,1.2088825796920184,0.0,0.0,1.0,inf,4600.0,inf,208.0,69.0,139.0,0.0,0.0,0.0,0.0,0.0,0.0
63.0,4684.0,13150.0,8466.0,4233.0,1.8074295473953885,34.983894642881495,3844.910062509255,1.2182339570624807,0.0,0.0,1.0,inf,4684.0,inf,210.0,84.0,126.0,0.0,0.0,0.0,0.0,0.0,0.0
64.0,4769.0,13381.0,8612.0,4306.0,1.8058293143216608,34.983894642881495,3844.910062509255,1.240341106155203,0.0,0.0,1.0,inf,4769.0,inf,199.0,85.0,114.0,0.0,0.0,0.0,0.0,0.0,0.0
65.0,4855.0,13623.0,8768.0,4384.0,1.8059732234809476,35.7399924134908,4012.904132606318,1.2098469934906604,0.0,0.0,1.0,inf,4855.0,inf,200.0,86.0,114.0,0.0,0.0,0.0,0.0,0.0,0.0
66.0,4922.0,13816.0,8894.0,4447.0,1.806989028850061,35.7399924134908,4012.904132606318,1.2265431311969166,0.0,0.0,1.0,inf,4922.0,inf,203.0,67.0,136.0,0.0,0.0,0.0,0.0,0.0,0.0
67.0,5001.0,14033.0,9032.0,4516.0,1.8060387922415517,35.7399924134908,4012.904132606318,1.246229621925189,0.0,0.0,1.0,inf,5001.0,inf,205.0,79.0,126.0,0.0,0.0,0.0,0.0,0.0,0.0
68.0,5078.0,14246.0,9168.0,4584.0,1.805435210712879,35.7399924134908,4012.904132606318,1.2654177204831254,0.0,0.0,1.0,inf,5078.0,inf,196.0,77.0,119.0,0.0,0.0,0.0,0.0,0.0,0.0
69.0,5144.0,14436.0,9292.0,4646.0,1.8063763608087091,35.7399924134908,4012.904132606318,1.2818646621042136,0.0,0.0,1.0,inf,5144.0,inf,201.0,66.0,135.0,0.0,0.0,0.0,0.0,0.0,0.0
70.0,5220.0,14650.0,9430.0,4715.0,1.8065134099616857,35.99471565484258,4070.3088760645173,1.2824579556348292,0.0,0.0,1.0,inf,5220.0,inf,202.0,76.0,126.0,0.0,0.0,0.0,0.0,0.0,0.0
71.0,5295.0,14849.0,9554.0,4777.0,1.8043437204910293,35.99471565484258,4070.3088760645173,1.3008840756870537,0.0,0.0,1.0,inf,5295.0,inf,202.0,75.0,127.0,0.0,0.0,0.0,0.0,0.0,0.0
72.0,5365.0,15053.0,9688.0,4844.0,1.8057781919850886,36.12351479672307,4099.490395707102,1.3086992484768625,0.0,0.0,1.0,inf,5365.0,inf,204.0,70.0,134.0,0.0,0.0,0.0,0.0,0.0,0.0
73.0,5435.0,15255.0,9820.0,4910.0,1.8068077276908923,36.12351479672307,4099.490395707102,1.3257745415604376,0.0,0.0,1.0,inf,5435.0,inf,205.0,70.0,135.0,0.0,0.0,0.0,0.0,0.0,0.0
74.0,5516.0,15484.0,9968.0,4984.0,1.8071065989847717,36.37150678401957,4155.970527965799,1.3272471406816946,0.0,0.0,1.0,inf,5516.0,inf,207.0,81.0,126.0,0.0,0.0,0.0,0.0,0.0,0.0
75.0,5587.0,15691.0,10104.0,5052.0,1.808483980669411,36.49277801171959,4183.730712792608,1.335410996438325,0.0,0.0,1.0,inf,5587.0,inf,200.0,71.0,129.0,0.0,0.0,0.0,0.0,0.0,0.0
76.0,5657.0,15877.0,10220.0,5110.0,1.8066112780625774,36.62525649948168,4214.161959387907,1.3423784027564192,0.0,0.0,1.0,inf,5657.0,inf,208.0,70.0,138.0,0.0,0.0,0.0,0.0,0.0,0.0
77.0,5712.0,16036.0,10324.0,5162.0,1.807422969187675,36.62525649948168,4214.161959387907,1.355429633470862,0.0,0.0,1.0,inf,5712.0,inf,207.0,55.0,152.0,0.0,0.0,0.0,0.0,0.0,0.0
78.0,5786.0,16250.0,10464.0,5232.0,1.808503283788455,37.130417023905295,4331.2128470087155,1.3358844749447052,0.0,0.0,1.0,inf,5786.0,inf,209.0,74.0,135.0,0.0,0.0,0.0,0.0,0.0,0.0
79.0,5860.0,16468.0,10608.0,5304.0,1.8102389078498293,37.130417023905295,4331.2128470087155,1.3529697585855467,0.0,0.0,1.0,inf,5860.0,inf,207.0,74.0,133.0,0.0,0.0,0.0,0.0,0.0,0.0
80.0,5933.0,16667.0,10734.0,5367.0,1.809202764200236,37.393578927114945,4392.825374487472,1.3506113934001363,0.0,0.0,1.0,inf,5933.0,inf,202.0,73.0,129.0,0.0,0.0,0.0,0.0,0.0,0.0
81.0,6015.0,16911.0,10896.0,5448.0,1.8114713216957605,37.546224756444126,4428.762833484388,1.358167105838815,0.0,0.0,1.0,inf,6015.0,inf,211.0,82.0,129.0,0.0,0.0,0.0,0.0,0.0,0.0
82.0,6091.0,17127.0,11036.0,5518.0,1.8118535544245609,37.546224756444126,4428.762833484388,1.3753276544745172,0.0,0.0,1.0,inf,6091.0,inf,205.0,76.0,129.0,0.0,0.0,0.0,0.0,0.0,0.0
83.0,6179.0,17377.0,11198.0,5599.0,1.8122673571775367,38.50420227142697,4657.642306789461,1.326636867539796,0.0,0.0,1.0,inf,6179.0,inf,200.0,88.0,112.0,0.0,0.0,0.0,0.0,0.0,0.0
84.0,6266.0,17632.0,11366.0,5683.0,1.8139163740823492,38.65757056349259,4694.820446162783,1.334662330935657,0.0,0.0,1.0,inf,6266.0,inf,200.0,87.0,113.0,0.0,0.0,0.0,0.0,0.0,0.0
85.0,6358.0,17886.0,11528.0,5764.0,1.8131487889273357,38.65757056349259,4694.820446162783,1.3542583945242428,0.0,0.0,1.0,inf,6358.0,inf,204.0,92.0,112.0,0.0,0.0,0.0,0.0,0.0,0.0
86.0,6444.0,18122.0,11678.0,5839.0,1.8122284295468654,38.65757056349259,4694.820446162783,1.3725764539657472,0.0,0.0,1.0,inf,6444.0,inf,203.0,86.0,117.0,0.0,0.0,0.0,0.0,0.0,0.0
87.0,6527.0,18363.0,11836.0,5918.0,1.8133905316378123,38.65757056349259,4694.820446162783,1.3902555113337107,0.0,0.0,1.0,inf,6527.0,inf,205.0,83.0,122.0,0.0,0.0,0.0,0.0,0.0,0.0
88.0,6607.0,18587.0,11980.0,5990.0,1.8132283941274405,38.97738038287242,4772.821226903168,1.3842965587644551,0.0,0.0,1.0,inf,6607.0,inf,207.0,80.0,127.0,0.0,0.0,0.0,0.0,0.0,0.0
89.0,6694.0,18838.0,12144.0,6072.0,1.8141619360621453,39.099208981930815,4802.703935277735,1.3937981791527805,0.0,0.0,1.0,inf,6694.0,inf,200.0,87.0,113.0,0.0,0.0,0.0,0.0,0.0,0.0
90.0,6759.0,19027.0,12268.0,6134.0,1.8150613996153278,39.099208981930815,4802.703935277735,1.4073322218245659,0.0,0.0,1.0,inf,6759.0,inf,202.0,65.0,137.0,0.0,0.0,0.0,0.0,0.0,0.0
91.0,6819.0,19193.0,12374.0,6187.0,1.8146355770640856,39.099208981930815,4802.703935277735,1.4198251842908292,0.0,0.0,1.0,inf,6819.0,inf,209.0,60.0,149.0,0.0,0.0,0.0,0.0,0.0,0.0
92.0,6896.0,19408.0,12512.0,6256.0,1.814385150812065,39.56828608732809,4918.632225530824,1.4020157807703901,0.0,0.0,1.0,inf,6896.0,inf,209.0,77.0,132.0,0.0,0.0,0.0,0.0,0.0,0.0
93.0,6968.0,19610.0,12642.0,6321.0,1.8142939150401838,39.56828608732809,4918.632225530824,1.4166539965788976,0.0,0.0,1.0,inf,6968.0,inf,199.0,72.0,127.0,0.0,0.0,0.0,0.0,0.0,0.0
94.0,7034.0,19788.0,12754.0,6377.0,1.8131930622689791,39.56828608732809,4918.632225530824,1.4300723610700297,0.0,0.0,1.0,inf,7034.0,inf,206.0,66.0,140.0,0.0,0.0,0.0,0.0,0.0,0.0
95.0,7109.0,19999.0,12890.0,6445.0,1.8131945421296947,39.84536978192375,4987.760550237947,1.4252889505012136,0.0,0.0,1.0,inf,7109.0,inf,210.0,75.0,135.0,0.0,0.0,0.0,0.0,0.0,0.0
96.0,7187.0,20209.0,13022.0,6511.0,1.8118825657437039,39.84536978192375,4987.760550237947,1.4409272312916335,0.0,0.0,1.0,inf,7187.0,inf,209.0,78.0,131.0,0.0,0.0,0.0,0.0,0.0,0.0
97.0,7257.0,20407.0,13150.0,6575.0,1.8120435441642553,39.84536978192375,4987.760550237947,1.4549615858471385,0.0,0.0,1.0,inf,7257.0,inf,204.0,70.0,134.0,0.0,0.0,0.0,0.0,0.0,0.0
98.0,7315.0,20567.0,13252.0,6626.0,1.8116199589883801,39.84536978192375,4987.760550237947,1.4665900510502712,0.0,0.0,1.0,inf,7315.0,inf,205.0,58.0,147.0,0.0,0.0,0.0,0.0,0.0,0.0
99.0,7397.0,20809.0,13412.0,6706.0,1.8131675003379748,39.84536978192375,4987.760550237947,1.4830302949581484,0.0,0.0,1.0,inf,7397.0,inf,213.0,82.0,131.0,0.0,0.0,0.0,0.0,0.0,0.0
100.0,7471.0,21017.0,13546.0,6773.0,1.8131441574086469,39.84536978192375,4987.760550237947,1.4978666126311109,0.0,0.0,1.0,inf,7471.0,inf,211.0,74.0,137.0,0.0,0.0,0.0,0.0,0.0,0.0
101.0,7536.0,21202.0,13666.0,6833.0,1.8134288747346072,39.84536978192375,4987.760550237947,1.510898513289794,0.0,0.0,1.0,inf,7536.0,inf,209.0,65.0,144.0,0.0,0.0,0.0,0.0,0.0,0.0
102.0,7597.0,21369.0,13772.0,6886.0,1.8128208503356589,39.84536978192375,4987.760550237947,1.5231284508310199,0.0,0.0,1.0,inf,7597.0,inf,212.0,61.0,151.0,0.0,0.0,0.0,0.0,0.0,0.0
103.0,7655.0,21535.0,13880.0,6940.0,1.8131939908556498,39.93517177995124,5010.2683401211525,1.5278622780940503,0.0,0.0,1.0,inf,7655.0,inf,216.0,58.0,158.0,0.0,0.0,0.0,0.0,0.0,0.0
104.0,7714.0,21702.0,13988.0,6994.0,1.8133264194970184,40.11454981361974,5055.378976888728,1.5258994499256093,0.0,0.0,1.0,inf,7714.0,inf,211.0,59.0,152.0,0.0,0.0,0.0,0.0,0.0,0.0
105.0,7776.0,21884.0,14108.0,7054.0,1.8143004115226338,40.11454981361974,5055.378976888728,1.5381636145477753,0.0,0.0,1.0,inf,7776.0,inf,213.0,62.0,151.0,0.0,0.0,0.0,0.0,0.0,0.0
106.0,7832.0,22048.0,14216.0,7108.0,1.81511746680286,40.11454981361974,5055.378976888728,1.5492409245290863,0.0,0.0,1.0,inf,7832.0,inf,212.0,56.0,156.0,0.0,0.0,0.0,0.0,0.0,0.0
107.0,7888.0,22200.0,14312.0,7156.0,1.8144016227180528,40.11454981361974,5055.378976888728,1.5603182345103974,0.0,0.0,1.0,inf,7888.0,inf,212.0,56.0,156.0,0.0,0.0,0.0,0.0,0.0,0.0
108.0,7947.0,22373.0,14426.0,7213.0,1.8152762048571789,40.11454981361974,5055.378976888728,1.571988971812136,0.0,0.0,1.0,inf,7947.0,inf,214.0,59.0,155.0,0.0,0.0,0.0,0.0,0.0,0.0
109.0,8011.0,22555.0,14544.0,7272.0,1.8155036824366495,40.11454981361974,5055.378976888728,1.5846487546479202,0.0,0.0,1.0,inf,8011.0,inf,211.0,64.0,147.0,0.0,0.0,0.0,0.0,0.0,0.0
110.0,8064.0,22700.0,14636.0,7318.0,1.8149801587301588,40.975978367525116,5274.830836408334,1.5287694051418772,0.0,0.0,1.0,inf,8064.0,inf,213.0,53.0,160.0,0.0,0.0,0.0,0.0,0.0,0.0
111.0,8124.0,22870.0,14746.0,7373.0,1.8151157065484982,40.975978367525116,5274.830836408334,1.5401441775015638,0.0,0.0,1.0,inf,8124.0,inf,210.0,60.0,150.0,0.0,0.0,0.0,0.0,0.0,0.0
112.0,8191.0,23053.0,14862.0,7431.0,1.814430472469784,40.975978367525116,5274.830836408334,1.5528460066365473,0.0,0.0,1.0,inf,8191.0,inf,213.0,67.0,146.0,0.0,0.0,0.0,0.0,0.0,0.0
113.0,8253.0,23235.0,14982.0,7491.0,1.8153398764085786,41.20717504616101,5334.522580000921,1.5470925235072441,0.0,0.0,1.0,inf,8253.0,inf,214.0,62.0,152.0,0.0,0.0,0.0,0.0,0.0,0.0
114.0,8324.0,23428.0,15104.0,7552.0,1.8145122537241711,41.57473528912805,5430.112884910729,1.5329331408801543,0.0,0.0,1.0,inf,8324.0,inf,210.0,71.0,139.0,0.0,0.0,0.0,0.0,0.0,0.0
115.0,8382.0,23600.0,15218.0,7609.0,1.8155571462658078,41.57473528912805,5430.112884910729,1.5436143184595692,0.0,0.0,1.0,inf,8382.0,inf,207.0,58.0,149.0,0.0,0.0,0.0,0.0,0.0,0.0
116.0,8438.0,23758.0,15320.0,7660.0,1.8155961128229439,41.57473528912805,5430.112884910729,1.5539271795707283,0.0,0.0,1.0,inf,8438.0,inf,214.0,56.0,158.0,0.0,0.0,0.0,0.0,0.0,0.0
117.0,8505.0,23951.0,15446.0,7723.0,1.8161081716637273,42.805632858163094,5756.40997631433,1.4774833681053265,0.0,0.0,1.0,inf,8505.0,inf,208.0,67.0,141.0,0.0,0.0,0.0,0.0,0.0,0.0
118.0,8579.0,24167.0,15588.0,7794.0,1.8169949877608114,42.805632858163094,5756.40997631433,1.4903386025838443,0.0,0.0,1.0,inf,8579.0,inf,204.0,74.0,130.0,0.0,0.0,0.0,0.0,0.0,0.0
119.0,8647.0,24361.0,15714.0,7857.0,1.8172776685555685,42.805632858163094,5756.40997631433,1.5021515207532932,0.0,0.0,1.0,inf,8647.0,inf,211.0,68.0,143.0,0.0,0.0,0.0,0.0,0.0,0.0
120.0,8719.0,24561.0,15842.0,7921.0,1.8169514852620714,42.805632858163094,5756.40997631433,1.5146593164621214,0.0,0.0,1.0,inf,8719.0,inf,206.0,72.0,134.0,0.0,0.0,0.0,0.0,0.0,0.0
121.0,8788.0,24760.0,15972.0,7986.0,1.8174783796085572,42.805632858163094,5756.40997631433,1.526645954016415,0.0,0.0,1.0,inf,8788.0,inf,209.0,69.0,140.0,0.0,0.0,0.0,0.0,0.0,0.0
122.0,8862.0,24970.0,16108.0,8054.0,1.8176483863687656,42.805632858163094,5756.40997631433,1.5395011884949328,0.0,0.0,1.0,inf,8862.0,inf,209.0,74.0,135.0,0.0,0.0,0.0,0.0,0.0,0.0
123.0,8938.0,25190.0,16252.0,8126.0,1.8183038711121056,42.805632858163094,5756.40997631433,1.5527038617431403,0.0,0.0,1.0,inf,8938.0,inf,211.0,76.0,135.0,0.0,0.0,0.0,0.0,0.0,0.0
124.0,9005.0,25369.0,16364.0,8182.0,1.817212659633537,42.805632858163094,5756.40997631433,1.5643430605277444,0.0,0.0,1.0,inf,9005.0,inf,214.0,67.0,147.0,0.0,0.0,0.0,0.0,0.0,0.0
125.0,9078.0,25578.0,16500.0,8250.0,1.8175809649702577,43.571161044510454,5964.144241723335,1.522095984281044,0.0,0.0,1.0,inf,9078.0,inf,207.0,73.0,134.0,0.0,0.0,0.0,0.0,0.0,0.0
126.0,9138.0,25750.0,16612.0,8306.0,1.8179032611074633,43.571161044510454,5964.144241723335,1.5321561031460873,0.0,0.0,1.0,inf,9138.0,inf,204.0,60.0,144.0,0.0,0.0,0.0,0.0,0.0,0.0
127.0,9209.0,25953.0,16744.0,8372.0,1.8182213052448692,43.571161044510454,5964.144241723335,1.5440605771363884,0.0,0.0,1.0,inf,9209.0,inf,212.0,71.0,141.0,0.0,0.0,0.0,0.0,0.0,0.0
128.0,9277.0,26145.0,16868.0,8434.0,1.8182602134310661,43.571161044510454,5964.144241723335,1.5554620451834376,0.0,0.0,1.0,inf,9277.0,inf,213.0,68.0,145.0,0.0,0.0,0.0,0.0,0.0,0.0
129.0,9358.0,26380.0,17022.0,8511.0,1.8189784141910665,43.92530040086902,6061.489444888114,1.5438449716169942,0.0,0.0,1.0,inf,9358.0,inf,213.0,81.0,132.0,0.0,0.0,0.0,0.0,0.0,0.0
130.0,9421.0,26555.0,17134.0,8567.0,1.8187028977815518,44.013089164690584,6085.742548066826,1.5480444539989027,0.0,0.0,1.0,inf,9421.0,inf,205.0,63.0,142.0,0.0,0.0,0.0,0.0,0.0,0.0
131.0,9494.0,26754.0,17260.0,8630.0,1.817990309669265,44.013089164690584,6085.742548066826,1.560039703456701,0.0,0.0,1.0,inf,9494.0,inf,214.0,73.0,141.0,0.0,0.0,0.0,0.0,0.0,0.0
132.0,9560.0,26944.0,17384.0,8692.0,1.818410041841004,44.013089164690584,6085.742548066826,1.5708847235144368,0.0,0.0,1.0,inf,9560.0,inf,211.0,66.0,145.0,0.0,0.0,0.0,0.0,0.0,0.0
133.0,9627.0,27139.0,17512.0,8756.0,1.8190505868910356,44.013089164690584,6085.742548066826,1.5818940620578956,0.0,0.0,1.0,inf,9627.0,inf,210.0,67.0,143.0,0.0,0.0,0.0,0.0,0.0,0.0
134.0,9690.0,27322.0,17632.0,8816.0,1.8196078431372549,44.0171454034978,6086.8643217507815,1.5919526849602652,0.0,0.0,1.0,inf,9690.0,inf,208.0,63.0,145.0,0.0,0.0,0.0,0.0,0.0,0.0
135.0,9765.0,27541.0,17776.0,8888.0,1.820378904249872,44.0171454034978,6086.8643217507815,1.604274300168936,0.0,0.0,1.0,inf,9765.0,inf,208.0,75.0,133.0,0.0,0.0,0.0,0.0,0.0,0.0
136.0,9820.0,27702.0,17882.0,8941.0,1.8209775967413442,44.0171454034978,6086.8643217507815,1.6133101513219612,0.0,0.0,1.0,inf,9820.0,inf,210.0,55.0,155.0,0.0,0.0,0.0,0.0,0.0,0.0
137.0,9888.0,27904.0,18016.0,9008.0,1.8220064724919094,44.66684232755573,6267.875708901943,1.5775679766522142,0.0,0.0,1.0,inf,9888.0,inf,212.0,68.0,144.0,0.0,0.0,0.0,0.0,0.0,0.0
138.0,9974.0,28150.0,18176.0,9088.0,1.822338079005414,44.66684232755573,6267.875708901943,1.5912887337307022,0.0,0.0,1.0,inf,9974.0,inf,214.0,86.0,128.0,0.0,0.0,0.0,0.0,0.0,0.0
139.0,10051.0,28367.0,18316.0,9158.0,1.8223062381852553,44.66684232755573,6267.875708901943,1.603573597626558,0.0,0.0,1.0,inf,10051.0,inf,209.0,77.0,132.0,0.0,0.0,0.0,0.0,0.0,0.0
140.0,10123.0,28565.0,18442.0,9221.0,1.8217919589054627,44.94242082159767,6345.455409887396,1.5953149689187776,0.0,0.0,1.0,inf,10123.0,inf,211.0,72.0,139.0,0.0,0.0,0.0,0.0,0.0,0.0
141.0,10197.0,28765.0,18568.0,9284.0,1.8209277238403452,44.94242082159767,6345.455409887396,1.6069768584475723,0.0,0.0,1.0,inf,10197.0,inf,211.0,74.0,137.0,0.0,0.0,0.0,0.0,0.0,0.0
142.0,10265.0,28955.0,18690.0,9345.0,1.820750121773015,44.94242082159767,6345.455409887396,1.6176931893659243,0.0,0.0,1.0,inf,10265.0,inf,213.0,68.0,145.0,0.0,0.0,0.0,0.0,0.0,0.0
143.0,10335.0,29145.0,18810.0,9405.0,1.8200290275761974,44.94242082159767,6345.455409887396,1.6287247064877572,0.0,0.0,1.0,inf,10335.0,inf,210.0,70.0,140.0,0.0,0.0,0.0,0.0,0.0,0.0
144.0,10409.0,29359.0,18950.0,9475.0,1.8205399173791912,44.94242082159767,6345.455409887396,1.640386596016552,0.0,0.0,1.0,inf,10409.0,inf,212.0,74.0,138.0,0.0,0.0,0.0,0.0,0.0,0.0
145.0,10472.0,29536.0,19064.0,9532.0,1.8204736440030558,44.94242082159767,6345.455409887396,1.6503149614262016,0.0,0.0,1.0,inf,10472.0,inf,209.0,63.0,146.0,0.0,0.0,0.0,0.0,0.0,0.0
146.0,10526.0,29688.0,19162.0,9581.0,1.8204446133384002,45.19251182216751,6416.272988824165,1.6405162340090795,0.0,0.0,1.0,inf,10526.0,inf,214.0,54.0,160.0,0.0,0.0,0.0,0.0,0.0,0.0
147.0,10590.0,29870.0,19280.0,9640.0,1.8205854579792258,45.19251182216751,6416.272988824165,1.650490871950993,0.0,0.0,1.0,inf,10590.0,inf,216.0,64.0,152.0,0.0,0.0,0.0,0.0,0.0,0.0
148.0,10649.0,30039.0,19390.0,9695.0,1.8208282467837356,45.19251182216751,6416.272988824165,1.6596862413036946,0.0,0.0,1.0,inf,10649.0,inf,214.0,59.0,155.0,0.0,0.0,0.0,0.0,0.0,0.0
149.0,10722.0,30238.0,19516.0,9758.0,1.8201828017160977,45.19251182216751,6416.272988824165,1.6710635627061896,0.0,0.0,1.0,inf,10722.0,inf,213.0,73.0,140.0,0.0,0.0,0.0,0.0,0.0,0.0
150.0,10775.0,30383.0,19608.0,9804.0,1.819767981438515,45.19251182216751,6416.272988824165,1.6793238097518366,0.0,0.0,1.0,inf,10775.0,inf,209.0,53.0,156.0,0.0,0.0,0.0,0.0,0.0,0.0
151.0,10846.0,30590.0,19744.0,9872.0,1.8203946155264614,45.19251182216751,6416.272988824165,1.690389423718647,0.0,0.0,1.0,inf,10846.0,inf,213.0,71.0,142.0,0.0,0.0,0.0,0.0,0.0,0.0
152.0,10907.0,30763.0,19856.0,9928.0,1.8204822590996608,45.81220962855574,6593.44444563975,1.654218836591974,0.0,0.0,1.0,inf,10907.0,inf,209.0,61.0,148.0,0.0,0.0,0.0,0.0,0.0,0.0
153.0,10970.0,30948.0,19978.0,9989.0,1.8211485870556061,45.81220962855574,6593.44444563975,1.663773781737779,0.0,0.0,1.0,inf,10970.0,inf,214.0,63.0,151.0,0.0,0.0,0.0,0.0,0.0,0.0
154.0,11034.0,31136.0,20102.0,10051.0,1.8218234547761465,45.81220962855574,6593.44444563975,1.6734803926795492,0.0,0.0,1.0,inf,11034.0,inf,210.0,64.0,146.0,0.0,0.0,0.0,0.0,0.0,0.0
155.0,11103.0,31329.0,20226.0,10113.0,1.8216698189678466,45.81220962855574,6593.44444563975,1.6839453326011449,0.0,0.0,1.0,inf,11103.0,inf,219.0,69.0,150.0,0.0,0.0,0.0,0.0,0.0,0.0
156.0,11166.0,31514.0,20348.0,10174.0,1.8223177503134516,45.81220962855574,6593.44444563975,1.69350027774695,0.0,0.0,1.0,inf,11166.0,inf,215.0,63.0,152.0,0.0,0.0,0.0,0.0,0.0,0.0
157.0,11218.0,31664.0,20446.0,10223.0,1.8226065252273131,45.81220962855574,6593.44444563975,1.7013868991371381,0.0,0.0,1.0,inf,11218.0,inf,213.0,52.0,161.0,0.0,0.0,0.0,0.0,0.0,0.0
158.0,11278.0,31836.0,20558.0,10279.0,1.8228409292427736,45.81220962855574,6593.44444563975,1.7104868468950476,0.0,0.0,1.0,inf,11278.0,inf,215.0,60.0,155.0,0.0,0.0,0.0,0.0,0.0,0.0
159.0,11341.0,32017.0,20676.0,10338.0,1.823119654351468,45.81220962855574,6593.44444563975,1.7200417920408524,0.0,0.0,1.0,inf,11341.0,inf,215.0,63.0,152.0,0.0,0.0,0.0,0.0,0.0,0.0
160.0,11395.0,32171.0,20776.0,10388.0,1.8232558139534885,45.81220962855574,6593.44444563975,1.728231745022971,0.0,0.0,1.0,inf,11395.0,inf,213.0,54.0,159.0,0.0,0.0,0.0,0.0,0.0,0.0
161.0,11454.0,32340.0,20886.0,10443.0,1.823467784180199,45.81220962855574,6593.44444563975,1.7371800269849154,0.0,0.0,1.0,inf,11454.0,inf,215.0,59.0,156.0,0.0,0.0,0.0,0.0,0.0,0.0
162.0,11502.0,32474.0,20972.0,10486.0,1.8233350721613633,45.81220962855574,6593.44444563975,1.7444599851912428,0.0,0.0,1.0,inf,11502.0,inf,218.0,48.0,170.0,0.0,0.0,0.0,0.0,0.0,0.0
163.0,11572.0,32674.0,21102.0,10551.0,1.82353957829243,45.81220962855574,6593.44444563975,1.755076590908804,0.0,0.0,1.0,inf,11572.0,inf,214.0,70.0,144.0,0.0,0.0,0.0,0.0,0.0,0.0
164.0,11627.0,32829.0,21202.0,10601.0,1.8235142341102606,45.81220962855574,6593.44444563975,1.7634182096868876,0.0,0.0,1.0,inf,11627.0,inf,215.0,55.0,160.0,0.0,0.0,0.0,0.0,0.0,0.0
165.0,11677.0,32977.0,21300.0,10650.0,1.824098655476578,45.81220962855574,6593.44444563975,1.7710014994851455,0.0,0.0,1.0,inf,11677.0,inf,218.0,50.0,168.0,0.0,0.0,0.0,0.0,0.0,0.0
166.0,11741.0,33167.0,21426.0,10713.0,1.8248871476024189,45.81220962855574,6593.44444563975,1.7807081104269156,0.0,0.0,1.0,inf,11741.0,inf,216.0,64.0,152.0,0.0,0.0,0.0,0.0,0.0,0.0
167.0,11790.0,33302.0,21512.0,10756.0,1.8245971162001697,45.81220962855574,6593.44444563975,1.7881397344292083,0.0,0.0,1.0,inf,11790.0,inf,216.0,49.0,167.0,0.0,0.0,0.0,0.0,0.0,0.0
168.0,11846.0,33456.0,21610.0,10805.0,1.8242444707074117,45.81220962855574,6593.44444563975,1.7966330190032571,0.0,0.0,1.0,inf,11846.0,inf,218.0,56.0,162.0,0.0,0.0,0.0,0.0,0.0,0.0
169.0,11895.0,33589.0,21694.0,10847.0,1.8237915090374106,46.41390493843023,6767.777769835849,1.7575931723137108,0.0,0.0,1.0,inf,11895.0,inf,215.0,49.0,166.0,0.0,0.0,0.0,0.0,0.0,0.0
170.0,11952.0,33746.0,21794.0,10897.0,1.8234605087014726,46.41390493843023,6767.777769835849,1.7660154346778874,0.0,0.0,1.0,inf,11952.0,inf,216.0,57.0,159.0,0.0,0.0,0.0,0.0,0.0,0.0
171.0,12002.0,33886.0,21884.0,10942.0,1.823362772871188,46.41390493843023,6767.777769835849,1.7734033841201478,0.0,0.0,1.0,inf,12002.0,inf,214.0,50.0,164.0,0.0,0.0,0.0,0.0,0.0,0.0
172.0,12063.0,34057.0,21994.0,10997.0,1.8232612119704883,46.41390493843023,6767.777769835849,1.7824166824397052,0.0,0.0,1.0,inf,12063.0,inf,217.0,61.0,156.0,0.0,0.0,0.0,0.0,0.0,0.0
173.0,12122.0,34226.0,22104.0,11052.0,1.8234614750041247,46.42890094934249,6772.151720475304,1.7899776172098545,0.0,0.0,1.0,inf,12122.0,inf,215.0,59.0,156.0,0.0,0.0,0.0,0.0,0.0,0.0
174.0,12176.0,34382.0,22206.0,11103.0,1.8237516425755584,46.42890094934249,6772.151720475304,1.7979514491954454,0.0,0.0,1.0,inf,12176.0,inf,215.0,54.0,161.0,0.0,0.0,0.0,0.0,0.0,0.0
175.0,12218.0,34504.0,22286.0,11143.0,1.824030119495826,46.42890094934249,6772.151720475304,1.8041533185175715,0.0,0.0,1.0,inf,12218.0,inf,214.0,42.0,172.0,0.0,0.0,0.0,0.0,0.0,0.0
176.0,12278.0,34674.0,22396.0,11198.0,1.824075582342401,46.491045849451666,6790.292849804308,1.8081694371037096,0.0,0.0,1.0,inf,12278.0,inf,215.0,60.0,155.0,0.0,0.0,0.0,0.0,0.0,0.0
177.0,12341.0,34855.0,22514.0,11257.0,1.8243254193339276,46.89643569419408,6909.2283220818,1.786161843944038,0.0,0.0,1.0,inf,12341.0,inf,216.0,63.0,153.0,0.0,0.0,0.0,0.0,0.0,0.0
178.0,12389.0,34993.0,22604.0,11302.0,1.824521753168133,46.89643569419408,6909.2283220818,1.7931090741935571,0.0,0.0,1.0,inf,12389.0,inf,215.0,48.0,167.0,0.0,0.0,0.0,0.0,0.0,0.0
179.0,12440.0,35140.0,22700.0,11350.0,1.82475884244373,46.89643569419408,6909.2283220818,1.800490506333671,0.0,0.0,1.0,inf,12440.0,inf,216.0,51.0,165.0,0.0,0.0,0.0,0.0,0.0,0.0
180.0,12503.0,35321.0,22818.0,11409.0,1.8250019995201152,46.89643569419408,6909.2283220818,1.8096087460361647,0.0,0.0,1.0,inf,12503.0,inf,217.0,63.0,154.0,0.0,0.0,0.0,0.0,0.0,0.0
181.0,12571.0,35517.0,22946.0,11473.0,1.825312226553178,47.02457127068108,6947.036203313408,1.809548652417304,0.0,0.0,1.0,inf,12571.0,inf,217.0,68.0,149.0,0.0,0.0,0.0,0.0,0.0,0.0
182.0,12614.0,35638.0,23024.0,11512.0,1.8252735056286666,47.02457127068108,6947.036203313408,1.8157383423428424,0.0,0.0,1.0,inf,12614.0,inf,215.0,43.0,172.0,0.0,0.0,0.0,0.0,0.0,0.0
183.0,12664.0,35784.0,23120.0,11560.0,1.8256475047378395,47.35615633795736,7045.353099118602,1.7974968496020889,0.0,0.0,1.0,inf,12664.0,inf,215.0,50.0,165.0,0.0,0.0,0.0,0.0,0.0,0.0
184.0,12720.0,35938.0,23218.0,11609.0,1.825314465408805,47.35615633795736,7045.353099118602,1.8054453511480235,0.0,0.0,1.0,inf,12720.0,inf,217.0,56.0,161.0,0.0,0.0,0.0,0.0,0.0,0.0
185.0,12773.0,36087.0,23314.0,11657.0,1.8252564002192124,47.35615633795736,7045.353099118602,1.8129680401111403,0.0,0.0,1.0,inf,12773.0,inf,216.0,53.0,163.0,0.0,0.0,0.0,0.0,0.0,0.0
186.0,12828.0,36242.0,23414.0,11707.0,1.825226067976302,47.35615633795736,7045.353099118602,1.820774604129469,0.0,0.0,1.0,inf,12828.0,inf,214.0,55.0,159.0,0.0,0.0,0.0,0.0,0.0,0.0
187.0,12873.0,36367.0,23494.0,11747.0,1.8250602035267613,47.50345841880386,7089.250631832682,1.8158477769422758,0.0,0.0,1.0,inf,12873.0,inf,218.0,45.0,173.0,0.0,0.0,0.0,0.0,0.0,0.0
188.0,12929.0,36525.0,23596.0,11798.0,1.8250444736638565,48.06408744036547,7257.570693676865,1.7814500947630245,0.0,0.0,1.0,inf,12929.0,inf,214.0,56.0,158.0,0.0,0.0,0.0,0.0,0.0,0.0
189.0,12985.0,36681.0,23696.0,11848.0,1.8248748556026184,48.17160011041262,7290.075357124337,1.7811887208148283,0.0,0.0,1.0,inf,12985.0,inf,215.0,56.0,159.0,0.0,0.0,0.0,0.0,0.0,0.0
190.0,13039.0,36835.0,23796.0,11898.0,1.8249865787253623,48.17160011041262,7290.075357124337,1.788596051652256,0.0,0.0,1.0,inf,13039.0,inf,216.0,54.0,162.0,0.0,0.0,0.0,0.0,0.0,0.0
191.0,13091.0,36987.0,23896.0,11948.0,1.8253762126651898,48.41079818573906,7362.653447801396,1.7780274588245326,0.0,0.0,1.0,inf,13091.0,inf,213.0,52.0,161.0,0.0,0.0,0.0,0.0,0.0,0.0
192.0,13147.0,37145.0,23998.0,11999.0,1.8253593975811973,48.41079818573906,7362.653447801396,1.785633412357049,0.0,0.0,1.0,inf,13147.0,inf,215.0,56.0,159.0,0.0,0.0,0.0,0.0,0.0,0.0
193.0,13193.0,37275.0,24082.0,12041.0,1.8253619343591299,48.41079818573906,7362.653447801396,1.7918811599016162,0.0,0.0,1.0,inf,13193.0,inf,213.0,46.0,167.0,0.0,0.0,0.0,0.0,0.0,0.0
194.0,13258.0,37458.0,24200.0,12100.0,1.8253130185548347,48.41079818573906,7362.653447801396,1.8007094988232872,0.0,0.0,1.0,inf,13258.0,inf,216.0,65.0,151.0,0.0,0.0,0.0,0.0,0.0,0.0
195.0,13314.0,37616.0,24302.0,12151.0,1.82529668018627,48.41079818573906,7362.653447801396,1.8083154523558038,0.0,0.0,1.0,inf,13314.0,inf,215.0,56.0,159.0,0.0,0.0,0.0,0.0,0.0,0.0
196.0,13364.0,37762.0,24398.0,12199.0,1.8256510026938042,48.41079818573906,7362.653447801396,1.8151064822955507,0.0,0.0,1.0,inf,13364.0,inf,218.0,50.0,168.0,0.0,0.0,0.0,0.0,0.0,0.0
197.0,13408.0,37890.0,24482.0,12241.0,1.8259248210023866,49.12682667229533,7582.061392514323,1.7683845204996038,0.0,0.0,1.0,inf,13408.0,inf,215.0,44.0,171.0,0.0,0.0,0.0,0.0,0.0,0.0
198.0,13466.0,38056.0,24590.0,12295.0,1.8260804990346056,49.12682667229533,7582.061392514323,1.776034155209402,0.0,0.0,1.0,inf,13466.0,inf,217.0,58.0,159.0,0.0,0.0,0.0,0.0,0.0,0.0
199.0,13516.0,38194.0,24678.0,12339.0,1.8258360461675052,49.12682667229533,7582.061392514323,1.782628667890263,0.0,0.0,1.0,inf,13516.0,inf,215.0,50.0,165.0,0.0,0.0,0.0,0.0,0.0,0.0
200.0,13571.0,38345.0,24774.0,12387.0,1.825510279271977,49.12682667229533,7582.061392514323,1.7898826318392096,0.0,0.0,1.0,inf,13571.0,inf,215.0,55.0,160.0,0.0,0.0,0.0,0.0,0.0,0.0
201.0,13625.0,38503.0,24878.0,12439.0,1.8259082568807339,49.12682667229533,7582.061392514323,1.7970047055345393,0.0,0.0,1.0,inf,13625.0,inf,214.0,54.0,160.0,0.0,0.0,0.0,0.0,0.0,0.0
202.0,13693.0,38699.0,25006.0,12503.0,1.8261885634995982,49.165204869140624,7593.912331170507,1.8031548696967106,0.0,0.0,1.0,inf,13693.0,inf,217.0,68.0,149.0,0.0,0.0,0.0,0.0,0.0,0.0
203.0,13760.0,38894.0,25134.0,12567.0,1.8265988372093023,49.165204869140624,7593.912331170507,1.8119777263584853,0.0,0.0,1.0,inf,13760.0,inf,219.0,67.0,152.0,0.0,0.0,0.0,0.0,0.0,0.0
204.0,13816.0,39050.0,25234.0,12617.0,1.8264331210191083,49.165204869140624,7593.912331170507,1.8193520543145953,0.0,0.0,1.0,inf,13816.0,inf,217.0,56.0,161.0,0.0,0.0,0.0,0.0,0.0,0.0
205.0,13873.0,39209.0,25336.0,12668.0,1.8262812657680387,49.165204869140624,7593.912331170507,1.8268580666984933,0.0,0.0,1.0,inf,13873.0,inf,213.0,57.0,156.0,0.0,0.0,0.0,0.0,0.0,0.0
206.0,13921.0,39347.0,25426.0,12713.0,1.8264492493355362,49.165204869140624,7593.912331170507,1.8331789192323018,0.0,0.0,1.0,inf,13921.0,inf,216.0,48.0,168.0,0.0,0.0,0.0,0.0,0.0,0.0
207.0,13977.0,39509.0,25532.0,12766.0,1.8267153180224656,49.165204869140624,7593.912331170507,1.840553247188412,0.0,0.0,1.0,inf,13977.0,inf,216.0,56.0,160.0,0.0,0.0,0.0,0.0,0.0,0.0
208.0,14039.0,39687.0,25648.0,12824.0,1.8269107486288196,49.165204869140624,7593.912331170507,1.848717681711248,0.0,0.0,1.0,inf,14039.0,inf,218.0,62.0,156.0,0.0,0.0,0.0,0.0,0.0,0.0
209.0,14090.0,39832.0,25742.0,12871.0,1.826969481902058,49.165204869140624,7593.912331170507,1.8554335875284198,0.0,0.0,1.0,inf,14090.0,inf,216.0,51.0,165.0,0.0,0.0,0.0,0.0,0.0,0.0
210.0,14146.0,39990.0,25844.0,12922.0,1.8269475470097554,49.165204869140624,7593.912331170507,1.86280791548453,0.0,0.0,1.0,inf,14146.0,inf,217.0,56.0,161.0,0.0,0.0,0.0,0.0,0.0,0.0
211.0,14204.0,40148.0,25944.0,12972.0,1.8265277386651648,49.606461032587845,7730.834268706316,1.8373178762215154,0.0,0.0,1.0,inf,14204.0,inf,216.0,58.0,158.0,0.0,0.0,0.0,0.0,0.0,0.0
212.0,14253.0,40281.0,26028.0,13014.0,1.8261418648705536,49.606461032587845,7730.834268706316,1.8436561313563262,0.0,0.0,1.0,inf,14253.0,inf,212.0,49.0,163.0,0.0,0.0,0.0,0.0,0.0,0.0
213.0,14312.0,40452.0,26140.0,13070.0,1.8264393515930688,49.606461032587845,7730.834268706316,1.851287907947221,0.0,0.0,1.0,inf,14312.0,inf,215.0,59.0,156.0,0.0,0.0,0.0,0.0,0.0,0.0
214.0,14384.0,40658.0,26274.0,13137.0,1.8266129032258065,49.606461032587845,7730.834268706316,1.8606012624310249,0.0,0.0,1.0,inf,14384.0,inf,217.0,72.0,145.0,0.0,0.0,0.0,0.0,0.0,0.0
215.0,14437.0,40807.0,26370.0,13185.0,1.8265567638706102,49.606461032587845,7730.834268706316,1.8674569261482692,0.0,0.0,1.0,inf,14437.0,inf,214.0,53.0,161.0,0.0,0.0,0.0,0.0,0.0,0.0
216.0,14482.0,40938.0,26456.0,13228.0,1.8268195000690512,50.30301890479,7949.466292965285,1.821757520101135,0.0,0.0,1.0,inf,14482.0,inf,218.0,45.0,173.0,0.0,0.0,0.0,0.0,0.0,0.0
217.0,14544.0,41112.0,26568.0,13284.0,1.8267326732673268,50.30301890479,7949.466292965285,1.8295567858272965,0.0,0.0,1.0,inf,14544.0,inf,215.0,62.0,153.0,0.0,0.0,0.0,0.0,0.0,0.0
218.0,14607.0,41293.0,26686.0,13343.0,1.8269322927363594,50.30301890479,7949.466292965285,1.8374818461619444,0.0,0.0,1.0,inf,14607.0,inf,214.0,63.0,151.0,0.0,0.0,0.0,0.0,0.0,0.0
219.0,14660.0,41444.0,26784.0,13392.0,1.827012278308322,50.30301890479,7949.466292965285,1.8441489604117276,0.0,0.0,1.0,inf,14660.0,inf,214.0,53.0,161.0,0.0,0.0,0.0,0.0,0.0,0.0
220.0,14739.0,41659.0,26920.0,13460.0,1.8264468417124635,50.30301890479,7949.466292965285,1.8540867344821592,0.0,0.0,1.0,inf,14739.0,inf,216.0,79.0,137.0,0.0,0.0,0.0,0.0,0.0,0.0
221.0,14803.0,41843.0,27040.0,13520.0,1.8266567587651152,50.30301890479,7949.466292965285,1.8621375894252936,0.0,0.0,1.0,inf,14803.0,inf,215.0,64.0,151.0,0.0,0.0,0.0,0.0,0.0,0.0
222.0,14851.0,41981.0,27130.0,13565.0,1.826813009224968,50.30301890479,7949.466292965285,1.8681757306326443,0.0,0.0,1.0,inf,14851.0,inf,214.0,48.0,166.0,0.0,0.0,0.0,0.0,0.0,0.0
223.0,14910.0,42152.0,27242.0,13621.0,1.8270959087860497,50.30301890479,7949.466292965285,1.8755976125333464,0.0,0.0,1.0,inf,14910.0,inf,217.0,59.0,158.0,0.0,0.0,0.0,0.0,0.0,0.0
224.0,14966.0,42312.0,27346.0,13673.0,1.8272083389015101,50.30301890479,7949.466292965285,1.882642110608589,0.0,0.0,1.0,inf,14966.0,inf,212.0,56.0,156.0,0.0,0.0,0.0,0.0,0.0,0.0
225.0,15031.0,42499.0,27468.0,13734.0,1.8274233251280687,50.861921917487926,8127.096309056999,1.849492048377617,0.0,0.0,1.0,inf,15031.0,inf,215.0,65.0,150.0,0.0,0.0,0.0,0.0,0.0,0.0
226.0,15085.0,42653.0,27568.0,13784.0,1.8275107722903547,50.861921917487926,8127.096309056999,1.856136487910076,0.0,0.0,1.0,inf,15085.0,inf,214.0,54.0,160.0,0.0,0.0,0.0,0.0,0.0,0.0
227.0,15137.0,42799.0,27662.0,13831.0,1.827442690097113,50.861921917487926,8127.096309056999,1.862534837089481,0.0,0.0,1.0,inf,15137.0,inf,214.0,52.0,162.0,0.0,0.0,0.0,0.0,0.0,0.0
228.0,15191.0,42953.0,27762.0,13881.0,1.8275294582318478,50.861921917487926,8127.096309056999,1.86917927662194,0.0,0.0,1.0,inf,15191.0,inf,218.0,54.0,164.0,0.0,0.0,0.0,0.0,0.0,0.0
229.0,15254.0,43124.0,27870.0,13935.0,1.8270617542939558,51.14896253195959,8219.086122211154,1.855924098273868,0.0,0.0,1.0,inf,15254.0,inf,216.0,63.0,153.0,0.0,0.0,0.0,0.0,0.0,0.0
230.0,15308.0,43280.0,27972.0,13986.0,1.827279853671283,51.14896253195959,8219.086122211154,1.862494171782901,0.0,0.0,1.0,inf,15308.0,inf,216.0,54.0,162.0,0.0,0.0,0.0,0.0,0.0,0.0
231.0,15373.0,43463.0,28090.0,14045.0,1.827229558316529,51.14896253195959,8219.086122211154,1.8704025935993296,0.0,0.0,1.0,inf,15373.0,inf,216.0,65.0,151.0,0.0,0.0,0.0,0.0,0.0,0.0
232.0,15431.0,43631.0,28200.0,14100.0,1.8274901172963516,51.14896253195959,8219.086122211154,1.8774593392201429,0.0,0.0,1.0,inf,15431.0,inf,211.0,58.0,153.0,0.0,0.0,0.0,0.0,0.0,0.0
233.0,15496.0,43818.0,28322.0,14161.0,1.82769747031492,51.14896253195959,8219.086122211154,1.8853677610365713,0.0,0.0,1.0,inf,15496.0,inf,217.0,65.0,152.0,0.0,0.0,0.0,0.0,0.0,0.0
234.0,15546.0,43952.0,28406.0,14203.0,1.8272224366396501,51.14896253195959,8219.086122211154,1.8914511624338242,0.0,0.0,1.0,inf,15546.0,inf,211.0,50.0,161.0,0.0,0.0,0.0,0.0,0.0,0.0
235.0,15602.0,44110.0,28508.0,14254.0,1.82720164081528,51.14896253195959,8219.086122211154,1.8982645719987472,0.0,0.0,1.0,inf,15602.0,inf,217.0,56.0,161.0,0.0,0.0,0.0,0.0,0.0,0.0
236.0,15646.0,44238.0,28592.0,14296.0,1.8274319314840854,51.14896253195959,8219.086122211154,1.9036179652283296,0.0,0.0,1.0,inf,15646.0,inf,217.0,44.0,173.0,0.0,0.0,0.0,0.0,0.0,0.0
237.0,15701.0,44399.0,28698.0,14349.0,1.8277816699573275,51.14896253195959,8219.086122211154,1.9103097067653076,0.0,0.0,1.0,inf,15701.0,inf,219.0,55.0,164.0,0.0,0.0,0.0,0.0,0.0,0.0
238.0,15770.0,44598.0,28828.0,14414.0,1.8280279010779963,51.14896253195959,8219.086122211154,1.9187048006935166,0.0,0.0,1.0,inf,15770.0,inf,216.0,69.0,147.0,0.0,0.0,0.0,0.0,0.0,0.0
239.0,15826.0,44754.0,28928.0,14464.0,1.8278781751548085,51.49308532947956,8330.05178864623,1.899868140264226,0.0,0.0,1.0,inf,15826.0,inf,216.0,56.0,160.0,0.0,0.0,0.0,0.0,0.0,0.0
240.0,15871.0,44883.0,29012.0,14506.0,1.827988154495621,51.49308532947956,8330.05178864623,1.9052702675428743,0.0,0.0,1.0,inf,15871.0,inf,215.0,45.0,170.0,0.0,0.0,0.0,0.0,0.0,0.0
241.0,15936.0,45070.0,29134.0,14567.0,1.828187751004016,51.49308532947956,8330.05178864623,1.9130733402787,0.0,0.0,1.0,inf,15936.0,inf,218.0,65.0,153.0,0.0,0.0,0.0,0.0,0.0,0.0
242.0,15989.0,45219.0,29230.0,14615.0,1.8281318406404403,51.49308532947956,8330.05178864623,1.919435845740219,0.0,0.0,1.0,inf,15989.0,inf,216.0,53.0,163.0,0.0,0.0,0.0,0.0,0.0,0.0
243.0,16049.0,45385.0,29336.0,14668.0,1.827902049971961,51.49308532947956,8330.05178864623,1.9266386821117503,0.0,0.0,1.0,inf,16049.0,inf,216.0,60.0,156.0,0.0,0.0,0.0,0.0,0.0,0.0
244.0,16112.0,45560.0,29448.0,14724.0,1.8277060575968223,51.564411022114285,8353.144528229674,1.9288544506262364,0.0,0.0,1.0,inf,16112.0,inf,215.0,63.0,152.0,0.0,0.0,0.0,0.0,0.0,0.0
245.0,16163.0,45709.0,29546.0,14773.0,1.8280022273092866,51.564411022114285,8353.144528229674,1.934959935791451,0.0,0.0,1.0,inf,16163.0,inf,215.0,51.0,164.0,0.0,0.0,0.0,0.0,0.0,0.0
246.0,16222.0,45880.0,29658.0,14829.0,1.8282579213413883,51.564411022114285,8353.144528229674,1.9420231441198366,0.0,0.0,1.0,inf,16222.0,inf,216.0,59.0,157.0,0.0,0.0,0.0,0.0,0.0,0.0
247.0,16278.0,46042.0,29764.0,14882.0,1.8284801572674776,51.564411022114285,8353.144528229674,1.948727206262033,0.0,0.0,1.0,inf,16278.0,inf,216.0,56.0,160.0,0.0,0.0,0.0,0.0,0.0,0.0
248.0,16334.0,46204.0,29870.0,14935.0,1.8287008693522713,51.564411022114285,8353.144528229674,1.9554312684042294,0.0,0.0,1.0,inf,16334.0,inf,215.0,56.0,159.0,0.0,0.0,0.0,0.0,0.0,0.0
249.0,16389.0,46357.0,29968.0,14984.0,1.8285435352980657,51.564411022114285,8353.144528229674,1.9620156151510295,0.0,0.0,1.0,inf,16389.0,inf,217.0,55.0,162.0,0.0,0.0,0.0,0.0,0.0,0.0
250.0,16446.0,46520.0,30074.0,15037.0,1.8286513437918035,51.564411022114285,8353.144528229674,1.9688393926886225,0.0,0.0,1.0,inf,16446.0,inf,216.0,57.0,159.0,0.0,0.0,0.0,0.0,0.0,0.0
251.0,16506.0,46680.0,30174.0,15087.0,1.8280625227190113,51.564411022114285,8353.144528229674,1.9760223164124042,0.0,0.0,1.0,inf,16506.0,inf,219.0,60.0,159.0,0.0,0.0,0.0,0.0,0.0,0.0
252.0,16567.0,46853.0,30286.0,15143.0,1.8280919901008028,52.16472161749528,8548.770552038699,1.9379394848829021,0.0,0.0,1.0,inf,16567.0,inf,216.0,61.0,155.0,0.0,0.0,0.0,0.0,0.0,0.0
253.0,16634.0,47046.0,30412.0,15206.0,1.8283034748106288,52.16472161749528,8548.770552038699,1.9457768691701693,0.0,0.0,1.0,inf,16634.0,inf,216.0,67.0,149.0,0.0,0.0,0.0,0.0,0.0,0.0
254.0,16688.0,47202.0,30514.0,15257.0,1.8284995206136145,53.090208872446155,8854.799679368207,1.884627614883626,0.0,0.0,1.0,inf,16688.0,inf,215.0,54.0,161.0,0.0,0.0,0.0,0.0,0.0,0.0
255.0,16748.0,47376.0,30628.0,15314.0,1.828755672319083,53.090208872446155,8854.799679368207,1.8914036010349333,0.0,0.0,1.0,inf,16748.0,inf,216.0,60.0,156.0,0.0,0.0,0.0,0.0,0.0,0.0
256.0,16804.0,47536.0,30732.0,15366.0,1.8288502737443466,53.090208872446155,8854.799679368207,1.8977278547761536,0.0,0.0,1.0,inf,16804.0,inf,213.0,56.0,157.0,0.0,0.0,0.0,0.0,0.0,0.0
257.0,16854.0,47678.0,30824.0,15412.0,1.828883351133262,53.090208872446155,8854.799679368207,1.903374509902243,0.0,0.0,1.0,inf,16854.0,inf,216.0,50.0,166.0,0.0,0.0,0.0,0.0,0.0,0.0
258.0,16904.0,47824.0,30920.0,15460.0,1.8291528632276384,53.090208872446155,8854.799679368207,1.9090211650283326,0.0,0.0,1.0,inf,16904.0,inf,212.0,50.0,162.0,0.0,0.0,0.0,0.0,0.0,0.0
259.0,16966.0,48004.0,31038.0,15519.0,1.8294235529883296,53.090208872446155,8854.799679368207,1.9160230173846835,0.0,0.0,1.0,inf,16966.0,inf,214.0,62.0,152.0,0.0,0.0,0.0,0.0,0.0,0.0
260.0,17026.0,48174.0,31148.0,15574.0,1.8294373311406085,53.090208872446155,8854.799679368207,1.922799003535991,0.0,0.0,1.0,inf,17026.0,inf,210.0,60.0,150.0,0.0,0.0,0.0,0.0,0.0,0.0
261.0,17093.0,48367.0,31274.0,15637.0,1.8296378634528754,53.090208872446155,8854.799679368207,1.9303655214049509,0.0,0.0,1.0,inf,17093.0,inf,215.0,67.0,148.0,0.0,0.0,0.0,0.0,0.0,0.0
262.0,17146.0,48520.0,31374.0,15687.0,1.8298145340020997,53.090208872446155,8854.799679368207,1.9363509758386057,0.0,0.0,1.0,inf,17146.0,inf,211.0,53.0,158.0,0.0,0.0,0.0,0.0,0.0,0.0
263.0,17216.0,48712.0,31496.0,15748.0,1.829460966542751,53.090208872446155,8854.799679368207,1.944256293015131,0.0,0.0,1.0,inf,17216.0,inf,217.0,70.0,147.0,0.0,0.0,0.0,0.0,0.0,0.0
264.0,17285.0,48907.0,31622.0,15811.0,1.8294474978304889,53.090208872446155,8854.799679368207,1.9520486770891345,0.0,0.0,1.0,inf,17285.0,inf,214.0,69.0,145.0,0.0,0.0,0.0,0.0,0.0,0.0
265.0,17344.0,49078.0,31734.0,15867.0,1.8296817343173433,53.090208872446155,8854.799679368207,1.95871173013792,0.0,0.0,1.0,inf,17344.0,inf,217.0,59.0,158.0,0.0,0.0,0.0,0.0,0.0,0.0
266.0,17401.0,49239.0,31838.0,15919.0,1.8296649617838054,53.090208872446155,8854.799679368207,1.965148916981662,0.0,0.0,1.0,inf,17401.0,inf,217.0,57.0,160.0,0.0,0.0,0.0,0.0,0.0,0.0
267.0,17462.0,49412.0,31950.0,15975.0,1.8296873210399724,53.090208872446155,8854.799679368207,1.9720378362354911,0.0,0.0,1.0,inf,17462.0,inf,213.0,61.0,152.0,0.0,0.0,0.0,0.0,0.0,0.0
268.0,17522.0,49570.0,32048.0,16024.0,1.8290149526309782,53.090208872446155,8854.799679368207,1.9788138223867986,0.0,0.0,1.0,inf,17522.0,inf,214.0,60.0,154.0,0.0,0.0,0.0,0.0,0.0,0.0
269.0,17574.0,49718.0,32144.0,16072.0,1.8290656651872084,53.090208872446155,8854.799679368207,1.9846863437179316,0.0,0.0,1.0,inf,17574.0,inf,214.0,52.0,162.0,0.0,0.0,0.0,0.0,0.0,0.0
270.0,17622.0,49858.0,32236.0,16118.0,1.829304278742481,53.090208872446155,8854.799679368207,1.9901071326389776,0.0,0.0,1.0,inf,17622.0,inf,213.0,48.0,165.0,0.0,0.0,0.0,0.0,0.0,0.0
271.0,17667.0,49979.0,32312.0,16156.0,1.8289466236486105,53.090208872446155,8854.799679368207,1.995189122252458,0.0,0.0,1.0,inf,17667.0,inf,218.0,45.0,173.0,0.0,0.0,0.0,0.0,0.0,0.0
272.0,17720.0,50130.0,32410.0,16205.0,1.8290067720090293,53.090208872446155,8854.799679368207,2.001174576686113,0.0,0.0,1.0,inf,17720.0,inf,218.0,53.0,165.0,0.0,0.0,0.0,0.0,0.0,0.0
273.0,17771.0,50267.0,32496.0,16248.0,1.8285971526644533,53.090208872446155,8854.799679368207,2.0069341649147243,0.0,0.0,1.0,inf,17771.0,inf,219.0,51.0,168.0,0.0,0.0,0.0,0.0,0.0,0.0
274.0,17832.0,50444.0,32612.0,16306.0,1.828847016599372,53.090208872446155,8854.799679368207,2.0138230841685534,0.0,0.0,1.0,inf,17832.0,inf,217.0,61.0,156.0,0.0,0.0,0.0,0.0,0.0,0.0
275.0,17884.0,50582.0,32698.0,16349.0,1.8283381793782152,53.090208872446155,8854.799679368207,2.0196956054996864,0.0,0.0,1.0,inf,17884.0,inf,215.0,52.0,163.0,0.0,0.0,0.0,0.0,0.0,0.0
276.0,17947.0,50767.0,32820.0,16410.0,1.8287178915696216,53.090208872446155,8854.799679368207,2.026810390958559,0.0,0.0,1.0,inf,17947.0,inf,214.0,63.0,151.0,0.0,0.0,0.0,0.0,0.0,0.0
277.0,18002.0,50916.0,32914.0,16457.0,1.8283524052883013,53.090208872446155,8854.799679368207,2.0330217115972578,0.0,0.0,1.0,inf,18002.0,inf,212.0,55.0,157.0,0.0,0.0,0.0,0.0,0.0,0.0
278.0,18049.0,51047.0,32998.0,16499.0,1.8282453321513656,53.12537943985098,8866.5356092602,2.0356315922477823,0.0,0.0,1.0,inf,18049.0,inf,215.0,47.0,168.0,0.0,0.0,0.0,0.0,0.0,0.0
279.0,18126.0,51272.0,33146.0,16573.0,1.8286439368862408,53.12537943985098,8866.5356092602,2.0443159311365338,0.0,0.0,1.0,inf,18126.0,inf,219.0,77.0,142.0,0.0,0.0,0.0,0.0,0.0,0.0
280.0,18183.0,51435.0,33252.0,16626.0,1.8287411318264313,53.75657472348134,9078.478085134602,2.0028687440214723,0.0,0.0,1.0,inf,18183.0,inf,215.0,57.0,158.0,0.0,0.0,0.0,0.0,0.0,0.0
281.0,18244.0,51608.0,33364.0,16682.0,1.828765621574216,53.75657472348134,9078.478085134602,2.0095879319104513,0.0,0.0,1.0,inf,18244.0,inf,215.0,61.0,154.0,0.0,0.0,0.0,0.0,0.0,0.0
282.0,18309.0,51785.0,33476.0,16738.0,1.8283904090884264,53.75657472348134,9078.478085134602,2.016747722283954,0.0,0.0,1.0,inf,18309.0,inf,215.0,65.0,150.0,0.0,0.0,0.0,0.0,0.0,0.0
283.0,18367.0,51947.0,33580.0,16790.0,1.8282789786029292,53.75657472348134,9078.478085134602,2.0231364583095406,0.0,0.0,1.0,inf,18367.0,inf,216.0,58.0,158.0,0.0,0.0,0.0,0.0,0.0,0.0
284.0,18416.0,52086.0,33670.0,16835.0,1.8283014769765422,53.75657472348134,9078.478085134602,2.0285338387449503,0.0,0.0,1.0,inf,18416.0,inf,216.0,49.0,167.0,0.0,0.0,0.0,0.0,0.0,0.0
285.0,18463.0,52223.0,33760.0,16880.0,1.8285219086822293,53.75657472348134,9078.478085134602,2.033710917938098,0.0,0.0,1.0,inf,18463.0,inf,211.0,47.0,164.0,0.0,0.0,0.0,0.0,0.0,0.0
286.0,18504.0,52344.0,33840.0,16920.0,1.828793774319066,53.75657472348134,9078.478085134602,2.0382270934044615,0.0,0.0,1.0,inf,18504.0,inf,217.0,41.0,176.0,0.0,0.0,0.0,0.0,0.0,0.0
287.0,18554.0,52484.0,33930.0,16965.0,1.8287161797995042,53.75657472348134,9078.478085134602,2.0437346244610017,0.0,0.0,1.0,inf,18554.0,inf,217.0,50.0,167.0,0.0,0.0,0.0,0.0,0.0,0.0
288.0,18588.0,52584.0,33996.0,16998.0,1.828921885087153,54.12708569476319,9204.054077404993,2.019544848789147,0.0,0.0,1.0,inf,18588.0,inf,216.0,34.0,182.0,0.0,0.0,0.0,0.0,0.0,0.0
289.0,18646.0,52756.0,34110.0,17055.0,1.8293467767885874,54.12708569476319,9204.054077404993,2.025846419761267,0.0,0.0,1.0,inf,18646.0,inf,217.0,58.0,159.0,0.0,0.0,0.0,0.0,0.0,0.0
290.0,18695.0,52899.0,34204.0,17102.0,1.8295801016314523,54.12708569476319,9204.054077404993,2.031170160754955,0.0,0.0,1.0,inf,18695.0,inf,212.0,49.0,163.0,0.0,0.0,0.0,0.0,0.0,0.0
291.0,18748.0,53054.0,34306.0,17153.0,1.8298485171751653,54.12708569476319,9204.054077404993,2.0369284928501683,0.0,0.0,1.0,inf,18748.0,inf,219.0,53.0,166.0,0.0,0.0,0.0,0.0,0.0,0.0
292.0,18801.0,53207.0,34406.0,17203.0,1.8300090420722301,54.92458186932359,9477.273011175641,1.9837985017240487,0.0,0.0,1.0,inf,18801.0,inf,216.0,53.0,163.0,0.0,0.0,0.0,0.0,0.0,0.0
293.0,18855.0,53361.0,34506.0,17253.0,1.830071599045346,54.92458186932359,9477.273011175641,1.989496343279982,0.0,0.0,1.0,inf,18855.0,inf,215.0,54.0,161.0,0.0,0.0,0.0,0.0,0.0,0.0
294.0,18904.0,53506.0,34602.0,17301.0,1.8304062632247144,54.92458186932359,9477.273011175641,1.9946666069140693,0.0,0.0,1.0,inf,18904.0,inf,217.0,49.0,168.0,0.0,0.0,0.0,0.0,0.0,0.0
295.0,18971.0,53693.0,34722.0,17361.0,1.830267250013178,54.92458186932359,9477.273011175641,2.001736151066801,0.0,0.0,1.0,inf,18971.0,inf,213.0,67.0,146.0,0.0,0.0,0.0,0.0,0.0,0.0
296.0,19029.0,53857.0,34828.0,17414.0,1.8302590782489885,54.98703867007635,9498.839190808776,2.00329741537395,0.0,0.0,1.0,inf,19029.0,inf,215.0,58.0,157.0,0.0,0.0,0.0,0.0,0.0,0.0
297.0,19088.0,54020.0,34932.0,17466.0,1.8300502933780385,54.98703867007635,9498.839190808776,2.009508700649427,0.0,0.0,1.0,inf,19088.0,inf,218.0,59.0,159.0,0.0,0.0,0.0,0.0,0.0,0.0
298.0,19149.0,54197.0,35048.0,17524.0,1.8302783435166328,54.98703867007635,9498.839190808776,2.015930537968141,0.0,0.0,1.0,inf,19149.0,inf,215.0,61.0,154.0,0.0,0.0,0.0,0.0,0.0,0.0
299.0,19210.0,54376.0,35166.0,17583.0,1.830609057782405,54.98703867007635,9498.839190808776,2.0223523752868555,0.0,0.0,1.0,inf,19210.0,inf,214.0,61.0,153.0,0.0,0.0,0.0,0.0,0.0,0.0
300.0,19272.0,54552.0,35280.0,17640.0,1.8306351183063512,54.98703867007635,9498.839190808776,2.028879488627188,0.0,0.0,1.0,inf,19272.0,inf,214.0,62.0,152.0,0.0,0.0,0.0,0.0,0.0,0.0
301.0,19333.0,54727.0,35394.0,17697.0,1.8307557026845291,54.98703867007635,9498.839190808776,2.035301325945902,0.0,0.0,1.0,inf,19333.0,inf,213.0,61.0,152.0,0.0,0.0,0.0,0.0,0.0,0.0
302.0,19390.0,54888.0,35498.0,17749.0,1.830737493553378,54.98703867007635,9498.839190808776,2.041302059178143,0.0,0.0,1.0,inf,19390.0,inf,214.0,57.0,157.0,0.0,0.0,0.0,0.0,0.0,0.0
303.0,19450.0,55060.0,35610.0,17805.0,1.830848329048843,54.98703867007635,9498.839190808776,2.0476186204752387,0.0,0.0,1.0,inf,19450.0,inf,215.0,60.0,155.0,0.0,0.0,0.0,0.0,0.0,0.0
304.0,19506.0,55214.0,35708.0,17854.0,1.8306162206500565,54.98703867007635,9498.839190808776,2.0535140776858616,0.0,0.0,1.0,inf,19506.0,inf,214.0,56.0,158.0,0.0,0.0,0.0,0.0,0.0,0.0
305.0,19563.0,55375.0,35812.0,17906.0,1.8305985789500587,55.49698763399567,9675.840337140957,2.02183989383402,0.0,0.0,1.0,inf,19563.0,inf,216.0,57.0,159.0,0.0,0.0,0.0,0.0,0.0,0.0
306.0,19617.0,55529.0,35912.0,17956.0,1.8306570831421727,55.49698763399567,9675.840337140957,2.0274208044442044,0.0,0.0,1.0,inf,19617.0,inf,216.0,54.0,162.0,0.0,0.0,0.0,0.0,0.0,0.0
307.0,19672.0,55684.0,36012.0,18006.0,1.8306222041480276,55.76110437360918,9768.15642844734,2.013890762714463,0.0,0.0,1.0,inf,19672.0,inf,219.0,55.0,164.0,0.0,0.0,0.0,0.0,0.0,0.0
308.0,19724.0,55838.0,36114.0,18057.0,1.830967349422024,55.76110437360918,9768.15642844734,2.0192141827867056,0.0,0.0,1.0,inf,19724.0,inf,218.0,52.0,166.0,0.0,0.0,0.0,0.0,0.0,0.0
309.0,19780.0,55992.0,36212.0,18106.0,1.8307381193124368,55.76110437360918,9768.15642844734,2.0249470967106586,0.0,0.0,1.0,inf,19780.0,inf,216.0,56.0,160.0,0.0,0.0,0.0,0.0,0.0,0.0
310.0,19833.0,56143.0,36310.0,18155.0,1.830787072051631,55.76110437360918,9768.15642844734,2.030372890245829,0.0,0.0,1.0,inf,19833.0,inf,217.0,53.0,164.0,0.0,0.0,0.0,0.0,0.0,0.0
311.0,19882.0,56272.0,36390.0,18195.0,1.8302987626999296,55.76110437360918,9768.15642844734,2.035389189929288,0.0,0.0,1.0,inf,19882.0,inf,214.0,49.0,165.0,0.0,0.0,0.0,0.0,0.0,0.0
312.0,19932.0,56414.0,36482.0,18241.0,1.830323098535019,55.76110437360918,9768.15642844734,2.0405078630756748,0.0,0.0,1.0,inf,19932.0,inf,219.0,50.0,169.0,0.0,0.0,0.0,0.0,0.0,0.0
313.0,19990.0,56578.0,36588.0,18294.0,1.8303151575787895,55.76110437360918,9768.15642844734,2.0464455239254837,0.0,0.0,1.0,inf,19990.0,inf,216.0,58.0,158.0,0.0,0.0,0.0,0.0,0.0,0.0
314.0,20040.0,56724.0,36684.0,18342.0,1.8305389221556887,55.76110437360918,9768.15642844734,2.0515641970718708,0.0,0.0,1.0,inf,20040.0,inf,217.0,50.0,167.0,0.0,0.0,0.0,0.0,0.0,0.0
315.0,20106.0,56914.0,36808.0,18404.0,1.8306973042872774,55.76110437360918,9768.15642844734,2.058320845625101,0.0,0.0,1.0,inf,20106.0,inf,217.0,66.0,151.0,0.0,0.0,0.0,0.0,0.0,0.0
316.0,20160.0,57056.0,36896.0,18448.0,1.83015873015873,55.76110437360918,9768.15642844734,2.063849012623199,0.0,0.0,1.0,inf,20160.0,inf,219.0,54.0,165.0,0.0,0.0,0.0,0.0,0.0,0.0
317.0,20207.0,57189.0,36982.0,18491.0,1.8301578660860098,55.76110437360918,9768.15642844734,2.068660565380803,0.0,0.0,1.0,inf,20207.0,inf,213.0,47.0,166.0,0.0,0.0,0.0,0.0,0.0,0.0
318.0,20258.0,57336.0,37078.0,18539.0,1.8302892684371606,55.76110437360918,9768.15642844734,2.0738816119901173,0.0,0.0,1.0,inf,20258.0,inf,217.0,51.0,166.0,0.0,0.0,0.0,0.0,0.0,0.0
319.0,20308.0,57480.0,37172.0,18586.0,1.8304116604293874,55.76110437360918,9768.15642844734,2.0790002851365044,0.0,0.0,1.0,inf,20308.0,inf,216.0,50.0,166.0,0.0,0.0,0.0,0.0,0.0,0.0
320.0,20367.0,57649.0,37282.0,18641.0,1.8305101389502627,55.76110437360918,9768.15642844734,2.085040319449241,0.0,0.0,1.0,inf,20367.0,inf,215.0,59.0,156.0,0.0,0.0,0.0,0.0,0.0,0.0
321.0,20430.0,57826.0,37396.0,18698.0,1.8304454233969651,55.798328807420376,9781.202635670903,2.088700210084001,0.0,0.0,1.0,inf,20430.0,inf,217.0,63.0,154.0,0.0,0.0,0.0,0.0,0.0,0.0
322.0,20478.0,57962.0,37484.0,18742.0,1.8304521925969333,55.798328807420376,9781.202635670903,2.093607582090072,0.0,0.0,1.0,inf,20478.0,inf,218.0,48.0,170.0,0.0,0.0,0.0,0.0,0.0,0.0
323.0,20526.0,58096.0,37570.0,18785.0,1.830361492740914,56.141540299766994,9901.899639430252,2.0729355727120913,0.0,0.0,1.0,inf,20526.0,inf,217.0,48.0,169.0,0.0,0.0,0.0,0.0,0.0,0.0
324.0,20593.0,58287.0,37694.0,18847.0,1.830427815277036,56.27045031868957,9947.424558594661,2.0701840842017214,0.0,0.0,1.0,inf,20593.0,inf,215.0,67.0,148.0,0.0,0.0,0.0,0.0,0.0,0.0
325.0,20642.0,58422.0,37780.0,18890.0,1.8302490068791784,56.27045031868957,9947.424558594661,2.075109982328555,0.0,0.0,1.0,inf,20642.0,inf,219.0,49.0,170.0,0.0,0.0,0.0,0.0,0.0,0.0
326.0,20699.0,58585.0,37886.0,18943.0,1.8303299676312865,56.27045031868957,9947.424558594661,2.080840108720994,0.0,0.0,1.0,inf,20699.0,inf,218.0,57.0,161.0,0.0,0.0,0.0,0.0,0.0,0.0
327.0,20751.0,58737.0,37986.0,18993.0,1.8305623825357815,56.29458673030026,9955.960002151756,2.084279164994148,0.0,0.0,1.0,inf,20751.0,inf,216.0,52.0,164.0,0.0,0.0,0.0,0.0,0.0,0.0
328.0,20808.0,58898.0,38090.0,19045.0,1.8305459438677432,56.36011452818837,9979.151284658607,2.085147264175568,0.0,0.0,1.0,inf,20808.0,inf,215.0,57.0,158.0,0.0,0.0,0.0,0.0,0.0,0.0
329.0,20861.0,59051.0,38190.0,19095.0,1.8306888452135563,56.36011452818837,9979.151284658607,2.090458337080283,0.0,0.0,1.0,inf,20861.0,inf,215.0,53.0,162.0,0.0,0.0,0.0,0.0,0.0,0.0
330.0,20929.0,59239.0,38310.0,19155.0,1.8304744612738306,56.36011452818837,9979.151284658607,2.0972725438259547,0.0,0.0,1.0,inf,20929.0,inf,219.0,68.0,151.0,0.0,0.0,0.0,0.0,0.0,0.0
331.0,20983.0,59391.0,38408.0,19204.0,1.8304341609874661,56.36011452818837,9979.151284658607,2.1026838256534,0.0,0.0,1.0,inf,20983.0,inf,215.0,54.0,161.0,0.0,0.0,0.0,0.0,0.0,0.0
332.0,21032.0,59524.0,38492.0,19246.0,1.8301635602890833,56.36011452818837,9979.151284658607,2.107594062867193,0.0,0.0,1.0,inf,21032.0,inf,217.0,49.0,168.0,0.0,0.0,0.0,0.0,0.0,0.0
333.0,21081.0,59665.0,38584.0,19292.0,1.8302737061809211,56.36011452818837,9979.151284658607,2.1125043000809858,0.0,0.0,1.0,inf,21081.0,inf,220.0,49.0,171.0,0.0,0.0,0.0,0.0,0.0,0.0
334.0,21126.0,59792.0,38666.0,19333.0,1.830256555902679,56.36011452818837,9979.151284658607,2.117013701603857,0.0,0.0,1.0,inf,21126.0,inf,213.0,45.0,168.0,0.0,0.0,0.0,0.0,0.0,0.0
335.0,21177.0,59941.0,38764.0,19382.0,1.8304764603107144,56.779540522134376,10128.231518524766,2.0908882228123225,0.0,0.0,1.0,inf,21177.0,inf,218.0,51.0,167.0,0.0,0.0,0.0,0.0,0.0,0.0
336.0,21224.0,60074.0,38850.0,19425.0,1.8304749340369393,57.0017402494073,10207.657796669337,2.0792233069299395,0.0,0.0,1.0,inf,21224.0,inf,218.0,47.0,171.0,0.0,0.0,0.0,0.0,0.0,0.0
337.0,21275.0,60211.0,38936.0,19468.0,1.8301292596944772,57.0017402494073,10207.657796669337,2.0842195559241645,0.0,0.0,1.0,inf,21275.0,inf,217.0,51.0,166.0,0.0,0.0,0.0,0.0,0.0,0.0
338.0,21324.0,60354.0,39030.0,19515.0,1.8303320202588633,57.0017402494073,10207.657796669337,2.0890198735852823,0.0,0.0,1.0,inf,21324.0,inf,216.0,49.0,167.0,0.0,0.0,0.0,0.0,0.0,0.0
339.0,21381.0,60519.0,39138.0,19569.0,1.830503718254525,57.0017402494073,10207.657796669337,2.0946039165788277,0.0,0.0,1.0,inf,21381.0,inf,215.0,57.0,158.0,0.0,0.0,0.0,0.0,0.0,0.0
340.0,21438.0,60684.0,39246.0,19623.0,1.8306745032185838,57.594555225910725,10421.080009293782,2.0571764136616406,0.0,0.0,1.0,inf,21438.0,inf,216.0,57.0,159.0,0.0,0.0,0.0,0.0,0.0,0.0
341.0,21496.0,60848.0,39352.0,19676.0,1.8306661704503164,57.594555225910725,10421.080009293782,2.0627420556054963,0.0,0.0,1.0,inf,21496.0,inf,217.0,58.0,159.0,0.0,0.0,0.0,0.0,0.0,0.0
342.0,21538.0,60970.0,39432.0,19716.0,1.8308106602284335,57.594555225910725,10421.080009293782,2.0667723480475986,0.0,0.0,1.0,inf,21538.0,inf,214.0,42.0,172.0,0.0,0.0,0.0,0.0,0.0,0.0
343.0,21600.0,61146.0,39546.0,19773.0,1.8308333333333333,57.594555225910725,10421.080009293782,2.0727218273668924,0.0,0.0,1.0,inf,21600.0,inf,217.0,62.0,155.0,0.0,0.0,0.0,0.0,0.0,0.0
344.0,21644.0,61272.0,39628.0,19814.0,1.8309000184808724,57.594555225910725,10421.080009293782,2.076944038496714,0.0,0.0,1.0,inf,21644.0,inf,209.0,44.0,165.0,0.0,0.0,0.0,0.0,0.0,0.0
345.0,21695.0,61413.0,39718.0,19859.0,1.830744411154644,57.594555225910725,10421.080009293782,2.0818379650335523,0.0,0.0,1.0,inf,21695.0,inf,217.0,51.0,166.0,0.0,0.0,0.0,0.0,0.0,0.0
346.0,21745.0,61551.0,39806.0,19903.0,1.8305817429294091,57.594555225910725,10421.080009293782,2.0866359322265313,0.0,0.0,1.0,inf,21745.0,inf,219.0,50.0,169.0,0.0,0.0,0.0,0.0,0.0,0.0
347.0,21800.0,61706.0,39906.0,19953.0,1.8305504587155963,57.594555225910725,10421.080009293782,2.091913696138808,0.0,0.0,1.0,inf,21800.0,inf,218.0,55.0,163.0,0.0,0.0,0.0,0.0,0.0,0.0
348.0,21848.0,61844.0,39996.0,19998.0,1.8306481142438666,57.594555225910725,10421.080009293782,2.0965197446440675,0.0,0.0,1.0,inf,21848.0,inf,214.0,48.0,166.0,0.0,0.0,0.0,0.0,0.0,0.0
349.0,21904.0,61992.0,40088.0,20044.0,1.8301680058436816,57.594555225910725,10421.080009293782,2.101893467900204,0.0,0.0,1.0,inf,21904.0,inf,218.0,56.0,162.0,0.0,0.0,0.0,0.0,0.0,0.0
350.0,21964.0,62162.0,40198.0,20099.0,1.8301766527044254,57.594555225910725,10421.080009293782,2.107651028531779,0.0,0.0,1.0,inf,21964.0,inf,215.0,60.0,155.0,0.0,0.0,0.0,0.0,0.0,0.0
351.0,22010.0,62300.0,40290.0,20145.0,1.8305315765561108,57.594555225910725,10421.080009293782,2.1120651583493193,0.0,0.0,1.0,inf,22010.0,inf,216.0,46.0,170.0,0.0,0.0,0.0,0.0,0.0,0.0
352.0,22066.0,62462.0,40396.0,20198.0,1.8306897489350131,57.594555225910725,10421.080009293782,2.1174388816054557,0.0,0.0,1.0,inf,22066.0,inf,219.0,56.0,163.0,0.0,0.0,0.0,0.0,0.0,0.0
353.0,22117.0,62603.0,40486.0,20243.0,1.8305375955147625,57.594555225910725,10421.080009293782,2.1223328081422945,0.0,0.0,1.0,inf,22117.0,inf,217.0,51.0,166.0,0.0,0.0,0.0,0.0,0.0,0.0
354.0,22169.0,62753.0,40584.0,20292.0,1.8306644413370021,57.594555225910725,10421.080009293782,2.1273226940229923,0.0,0.0,1.0,inf,22169.0,inf,218.0,52.0,166.0,0.0,0.0,0.0,0.0,0.0,0.0
355.0,22234.0,62936.0,40702.0,20351.0,1.830619771521094,57.594555225910725,10421.080009293782,2.133560051373865,0.0,0.0,1.0,inf,22234.0,inf,218.0,65.0,153.0,0.0,0.0,0.0,0.0,0.0,0.0
356.0,22294.0,63100.0,40806.0,20403.0,1.8303579438413924,57.67657309530667,10450.781544678437,2.133237586556592,0.0,0.0,1.0,inf,22294.0,inf,214.0,60.0,154.0,0.0,0.0,0.0,0.0,0.0,0.0
357.0,22355.0,63275.0,40920.0,20460.0,1.8304629836725566,57.67657309530667,10450.781544678437,2.1390744705962415,0.0,0.0,1.0,inf,22355.0,inf,215.0,61.0,154.0,0.0,0.0,0.0,0.0,0.0,0.0
358.0,22390.0,63374.0,40984.0,20492.0,1.8304600267976776,57.67657309530667,10450.781544678437,2.14242350242227,0.0,0.0,1.0,inf,22390.0,inf,216.0,35.0,181.0,0.0,0.0,0.0,0.0,0.0,0.0
359.0,22451.0,63549.0,41098.0,20549.0,1.8305643401184803,57.67657309530667,10450.781544678437,2.14826038646192,0.0,0.0,1.0,inf,22451.0,inf,215.0,61.0,154.0,0.0,0.0,0.0,0.0,0.0,0.0
360.0,22497.0,63675.0,41178.0,20589.0,1.8303773836511534,57.67657309530667,10450.781544678437,2.1526619711475576,0.0,0.0,1.0,inf,22497.0,inf,217.0,46.0,171.0,0.0,0.0,0.0,0.0,0.0,0.0
361.0,22555.0,63837.0,41282.0,20641.0,1.8302815340279317,57.67657309530667,10450.781544678437,2.158211795316405,0.0,0.0,1.0,inf,22555.0,inf,219.0,58.0,161.0,0.0,0.0,0.0,0.0,0.0,0.0
362.0,22609.0,63991.0,41382.0,20691.0,1.830333053208899,57.67657309530667,10450.781544678437,2.1633788729908487,0.0,0.0,1.0,inf,22609.0,inf,216.0,54.0,162.0,0.0,0.0,0.0,0.0,0.0,0.0
363.0,22656.0,64124.0,41468.0,20734.0,1.8303319209039548,57.67657309530667,10450.781544678437,2.167876144300087,0.0,0.0,1.0,inf,22656.0,inf,217.0,47.0,170.0,0.0,0.0,0.0,0.0,0.0,0.0
364.0,22712.0,64284.0,41572.0,20786.0,1.830398027474463,57.67657309530667,10450.781544678437,2.173234595221733,0.0,0.0,1.0,inf,22712.0,inf,218.0,56.0,162.0,0.0,0.0,0.0,0.0,0.0,0.0
365.0,22774.0,64452.0,41678.0,20839.0,1.8300693773601475,57.67657309530667,10450.781544678437,2.1791671658849836,0.0,0.0,1.0,inf,22774.0,inf,216.0,62.0,154.0,0.0,0.0,0.0,0.0,0.0,0.0
366.0,22823.0,64589.0,41766.0,20883.0,1.8299960566095606,57.67657309530667,10450.781544678437,2.1838558104414236,0.0,0.0,1.0,inf,22823.0,inf,218.0,49.0,169.0,0.0,0.0,0.0,0.0,0.0,0.0
367.0,22877.0,64741.0,41864.0,20932.0,1.8299602220570879,57.67657309530667,10450.781544678437,2.1890228881158675,0.0,0.0,1.0,inf,22877.0,inf,219.0,54.0,165.0,0.0,0.0,0.0,0.0,0.0,0.0
368.0,22931.0,64891.0,41960.0,20980.0,1.8298373381012603,57.67657309530667,10450.781544678437,2.1941899657903114,0.0,0.0,1.0,inf,22931.0,inf,218.0,54.0,164.0,0.0,0.0,0.0,0.0,0.0,0.0
369.0,22974.0,65008.0,42034.0,21017.0,1.8296334987377034,57.67657309530667,10450.781544678437,2.1983044906051465,0.0,0.0,1.0,inf,22974.0,inf,217.0,43.0,174.0,0.0,0.0,0.0,0.0,0.0,0.0
370.0,23018.0,65134.0,42116.0,21058.0,1.829698496828569,57.67657309530667,10450.781544678437,2.2025147020435827,0.0,0.0,1.0,inf,23018.0,inf,218.0,44.0,174.0,0.0,0.0,0.0,0.0,0.0,0.0
371.0,23067.0,65269.0,42202.0,21101.0,1.8295400355486193,57.67657309530667,10450.781544678437,2.2072033466000227,0.0,0.0,1.0,inf,23067.0,inf,218.0,49.0,169.0,0.0,0.0,0.0,0.0,0.0,0.0
372.0,23115.0,65403.0,42288.0,21144.0,1.8294613887086308,58.45501857544954,10734.788157610654,2.153279567385979,0.0,0.0,1.0,inf,23115.0,inf,219.0,48.0,171.0,0.0,0.0,0.0,0.0,0.0,0.0
373.0,23163.0,65533.0,42370.0,21185.0,1.8292103786210767,58.45501857544954,10734.788157610654,2.157751011004172,0.0,0.0,1.0,inf,23163.0,inf,217.0,48.0,169.0,0.0,0.0,0.0,0.0,0.0,0.0
374.0,23216.0,65684.0,42468.0,21234.0,1.8292556857339766,58.45501857544954,10734.788157610654,2.16268822999926,0.0,0.0,1.0,inf,23216.0,inf,217.0,53.0,164.0,0.0,0.0,0.0,0.0,0.0,0.0
375.0,23263.0,65815.0,42552.0,21276.0,1.8291707862270559,58.71576667137128,10830.770282190731,2.1478620074005126,0.0,0.0,1.0,inf,23263.0,inf,215.0,47.0,168.0,0.0,0.0,0.0,0.0,0.0,0.0
376.0,23318.0,65974.0,42656.0,21328.0,1.829316407925208,58.71576667137128,10830.770282190731,2.152940131907542,0.0,0.0,1.0,inf,23318.0,inf,218.0,55.0,163.0,0.0,0.0,0.0,0.0,0.0,0.0
377.0,23364.0,66102.0,42738.0,21369.0,1.8292244478685156,58.71576667137128,10830.770282190731,2.1571872905861484,0.0,0.0,1.0,inf,23364.0,inf,217.0,46.0,171.0,0.0,0.0,0.0,0.0,0.0,0.0
378.0,23409.0,66233.0,42824.0,21412.0,1.8293818616771327,58.71576667137128,10830.770282190731,2.1613421197282636,0.0,0.0,1.0,inf,23409.0,inf,215.0,45.0,170.0,0.0,0.0,0.0,0.0,0.0,0.0
379.0,23458.0,66374.0,42916.0,21458.0,1.8294824793247506,58.71576667137128,10830.770282190731,2.1658662670163444,0.0,0.0,1.0,inf,23458.0,inf,218.0,49.0,169.0,0.0,0.0,0.0,0.0,0.0,0.0
380.0,23501.0,66497.0,42996.0,21498.0,1.8295391685460194,58.71576667137128,10830.770282190731,2.169836437085477,0.0,0.0,1.0,inf,23501.0,inf,217.0,43.0,174.0,0.0,0.0,0.0,0.0,0.0,0.0
381.0,23541.0,66607.0,43066.0,21533.0,1.8294040185208784,58.71576667137128,10830.770282190731,2.1735296185451345,0.0,0.0,1.0,inf,23541.0,inf,218.0,40.0,178.0,0.0,0.0,0.0,0.0,0.0,0.0
382.0,23600.0,66782.0,43182.0,21591.0,1.8297457627118645,58.71576667137128,10830.770282190731,2.17897706119813,0.0,0.0,1.0,inf,23600.0,inf,216.0,59.0,157.0,0.0,0.0,0.0,0.0,0.0,0.0
383.0,23658.0,66952.0,43294.0,21647.0,1.8299940823400118,58.71576667137128,10830.770282190731,2.184332174314634,0.0,0.0,1.0,inf,23658.0,inf,217.0,58.0,159.0,0.0,0.0,0.0,0.0,0.0,0.0
384.0,23704.0,67082.0,43378.0,21689.0,1.8299865001687479,58.71576667137128,10830.770282190731,2.1885793329932404,0.0,0.0,1.0,inf,23704.0,inf,217.0,46.0,171.0,0.0,0.0,0.0,0.0,0.0,0.0
385.0,23759.0,67241.0,43482.0,21741.0,1.8301275306199756,58.71576667137128,10830.770282190731,2.1936574575002696,0.0,0.0,1.0,inf,23759.0,inf,218.0,55.0,163.0,0.0,0.0,0.0,0.0,0.0,0.0
386.0,23795.0,67339.0,43544.0,21772.0,1.8299642782097079,58.71576667137128,10830.770282190731,2.1969813208139617,0.0,0.0,1.0,inf,23795.0,inf,215.0,36.0,179.0,0.0,0.0,0.0,0.0,0.0,0.0
387.0,23852.0,67496.0,43644.0,21822.0,1.829783665939963,58.71576667137128,10830.770282190731,2.2022441043939742,0.0,0.0,1.0,inf,23852.0,inf,217.0,57.0,160.0,0.0,0.0,0.0,0.0,0.0,0.0
388.0,23894.0,67616.0,43722.0,21861.0,1.829831756926425,58.71576667137128,10830.770282190731,2.206121944926615,0.0,0.0,1.0,inf,23894.0,inf,217.0,42.0,175.0,0.0,0.0,0.0,0.0,0.0,0.0
389.0,23944.0,67760.0,43816.0,21908.0,1.8299365185432677,58.71576667137128,10830.770282190731,2.2107384217511874,0.0,0.0,1.0,inf,23944.0,inf,219.0,50.0,169.0,0.0,0.0,0.0,0.0,0.0,0.0
390.0,23993.0,67901.0,43908.0,21954.0,1.8300337598466219,58.71576667137128,10830.770282190731,2.215262569039268,0.0,0.0,1.0,inf,23993.0,inf,216.0,49.0,167.0,0.0,0.0,0.0,0.0,0.0,0.0
391.0,24030.0,68006.0,43976.0,21988.0,1.8300457761131919,58.71576667137128,10830.770282190731,2.2186787618894517,0.0,0.0,1.0,inf,24030.0,inf,215.0,37.0,178.0,0.0,0.0,0.0,0.0,0.0,0.0
392.0,24073.0,68129.0,44056.0,22028.0,1.8301001121588503,58.71576667137128,10830.770282190731,2.222648931958584,0.0,0.0,1.0,inf,24073.0,inf,219.0,43.0,176.0,0.0,0.0,0.0,0.0,0.0,0.0
393.0,24112.0,68240.0,44128.0,22064.0,1.8301260783012607,58.71576667137128,10830.770282190731,2.2262497838817503,0.0,0.0,1.0,inf,24112.0,inf,217.0,39.0,178.0,0.0,0.0,0.0,0.0,0.0,0.0
394.0,24156.0,68360.0,44204.0,22102.0,1.8299387315780757,58.71576667137128,10830.770282190731,2.230312283487374,0.0,0.0,1.0,inf,24156.0,inf,219.0,44.0,175.0,0.0,0.0,0.0,0.0,0.0,0.0
395.0,24202.0,68492.0,44290.0,22145.0,1.8300140484257499,59.026341818881804,10945.651328302654,2.211106427026395,0.0,0.0,1.0,inf,24202.0,inf,217.0,46.0,171.0,0.0,0.0,0.0,0.0,0.0,0.0
396.0,24265.0,68671.0,44406.0,22203.0,1.830043272202761,59.026341818881804,10945.651328302654,2.216862137500846,0.0,0.0,1.0,inf,24265.0,inf,220.0,63.0,157.0,0.0,0.0,0.0,0.0,0.0,0.0
397.0,24310.0,68794.0,44484.0,22242.0,1.829864253393665,59.026341818881804,10945.651328302654,2.2209733592683114,0.0,0.0,1.0,inf,24310.0,inf,218.0,45.0,173.0,0.0,0.0,0.0,0.0,0.0,0.0
398.0,24361.0,68939.0,44578.0,22289.0,1.8298920405566275,59.026341818881804,10945.651328302654,2.225632743938105,0.0,0.0,1.0,inf,24361.0,inf,218.0,51.0,167.0,0.0,0.0,0.0,0.0,0.0,0.0
399.0,24409.0,69081.0,44672.0,22336.0,1.8301446187881518,59.026341818881804,10945.651328302654,2.2300180471567344,0.0,0.0,1.0,inf,24409.0,inf,218.0,48.0,170.0,0.0,0.0,0.0,0.0,0.0,0.0
400.0,24453.0,69211.0,44758.0,22379.0,1.8303684619474092,59.026341818881804,10945.651328302654,2.234037908440478,0.0,0.0,1.0,inf,24453.0,inf,216.0,44.0,172.0,0.0,0.0,0.0,0.0,0.0,0.0
401.0,24509.0,69377.0,44868.0,22434.0,1.8306744461218327,59.147461957296954,10990.61765857287,2.229992959575166,0.0,0.0,1.0,inf,24509.0,inf,216.0,56.0,160.0,0.0,0.0,0.0,0.0,0.0,0.0
402.0,24558.0,69520.0,44962.0,22481.0,1.8308494177050247,59.147461957296954,10990.61765857287,2.2344513077337687,0.0,0.0,1.0,inf,24558.0,inf,216.0,49.0,167.0,0.0,0.0,0.0,0.0,0.0,0.0
403.0,24601.0,69635.0,45034.0,22517.0,1.8305759928458192,59.147461957296954,10990.61765857287,2.238363735709685,0.0,0.0,1.0,inf,24601.0,inf,218.0,43.0,175.0,0.0,0.0,0.0,0.0,0.0,0.0
404.0,24653.0,69787.0,45134.0,22567.0,1.8307711029083682,59.25037613911935,11028.897389005742,2.2353095808630488,0.0,0.0,1.0,inf,24653.0,inf,219.0,52.0,167.0,0.0,0.0,0.0,0.0,0.0,0.0
405.0,24713.0,69953.0,45240.0,22620.0,1.8306154655444502,59.25037613911935,11028.897389005742,2.2407498345786934,0.0,0.0,1.0,inf,24713.0,inf,216.0,60.0,156.0,0.0,0.0,0.0,0.0,0.0,0.0
406.0,24763.0,70097.0,45334.0,22667.0,1.8307151799055041,59.7652279585135,11221.399736452719,2.2067656960439073,0.0,0.0,1.0,inf,24763.0,inf,216.0,50.0,166.0,0.0,0.0,0.0,0.0,0.0,0.0
407.0,24815.0,70247.0,45432.0,22716.0,1.8308281281482974,59.7652279585135,11221.399736452719,2.2113996990400824,0.0,0.0,1.0,inf,24815.0,inf,220.0,52.0,168.0,0.0,0.0,0.0,0.0,0.0,0.0
408.0,24864.0,70390.0,45526.0,22763.0,1.8310006435006434,59.7652279585135,11221.399736452719,2.215766355709555,0.0,0.0,1.0,inf,24864.0,inf,216.0,49.0,167.0,0.0,0.0,0.0,0.0,0.0,0.0
409.0,24912.0,70528.0,45616.0,22808.0,1.8310854206807965,59.83076520529808,11246.023514910854,2.2151829904116536,0.0,0.0,1.0,inf,24912.0,inf,217.0,48.0,169.0,0.0,0.0,0.0,0.0,0.0,0.0
410.0,24956.0,70652.0,45696.0,22848.0,1.8310626702997275,59.83076520529808,11246.023514910854,2.219095484453806,0.0,0.0,1.0,inf,24956.0,inf,218.0,44.0,174.0,0.0,0.0,0.0,0.0,0.0,0.0
411.0,25013.0,70815.0,45802.0,22901.0,1.8311278135369609,59.83076520529808,11246.023514910854,2.2241639426447772,0.0,0.0,1.0,inf,25013.0,inf,219.0,57.0,162.0,0.0,0.0,0.0,0.0,0.0,0.0
412.0,25070.0,70972.0,45902.0,22951.0,1.8309533306741126,59.83076520529808,11246.023514910854,2.229232400835748,0.0,0.0,1.0,inf,25070.0,inf,218.0,57.0,161.0,0.0,0.0,0.0,0.0,0.0,0.0
413.0,25120.0,71116.0,45996.0,22998.0,1.8310509554140126,59.83076520529808,11246.023514910854,2.2336784167927397,0.0,0.0,1.0,inf,25120.0,inf,217.0,50.0,167.0,0.0,0.0,0.0,0.0,0.0,0.0
414.0,25156.0,71218.0,46062.0,23031.0,1.8310542216568613,59.83076520529808,11246.023514910854,2.2368795482817743,0.0,0.0,1.0,inf,25156.0,inf,218.0,36.0,182.0,0.0,0.0,0.0,0.0,0.0,0.0
415.0,25205.0,71347.0,46142.0,23071.0,1.8306685181511604,60.09991172321917,11347.430745689077,2.2212076517475516,0.0,0.0,1.0,inf,25205.0,inf,218.0,49.0,169.0,0.0,0.0,0.0,0.0,0.0,0.0
416.0,25251.0,71481.0,46230.0,23115.0,1.830818581442319,60.09991172321917,11347.430745689077,2.2252614328219567,0.0,0.0,1.0,inf,25251.0,inf,219.0,46.0,173.0,0.0,0.0,0.0,0.0,0.0,0.0
417.0,25297.0,71615.0,46318.0,23159.0,1.8309680989840693,60.09991172321917,11347.430745689077,2.229315213896362,0.0,0.0,1.0,inf,25297.0,inf,218.0,46.0,172.0,0.0,0.0,0.0,0.0,0.0,0.0
418.0,25337.0,71729.0,46392.0,23196.0,1.830998145005328,60.09991172321917,11347.430745689077,2.232840240917584,0.0,0.0,1.0,inf,25337.0,inf,218.0,40.0,178.0,0.0,0.0,0.0,0.0,0.0,0.0
419.0,25387.0,71871.0,46484.0,23242.0,1.8310158742663567,60.09991172321917,11347.430745689077,2.237246524694112,0.0,0.0,1.0,inf,25387.0,inf,219.0,50.0,169.0,0.0,0.0,0.0,0.0,0.0,0.0
420.0,25424.0,71970.0,46546.0,23273.0,1.8307898049087477,60.09991172321917,11347.430745689077,2.240507174688742,0.0,0.0,1.0,inf,25424.0,inf,218.0,37.0,181.0,0.0,0.0,0.0,0.0,0.0,0.0
421.0,25473.0,72107.0,46634.0,23317.0,1.830722726023633,60.09991172321917,11347.430745689077,2.2448253327897394,0.0,0.0,1.0,inf,25473.0,inf,220.0,49.0,171.0,0.0,0.0,0.0,0.0,0.0,0.0
422.0,25535.0,72281.0,46746.0,23373.0,1.8306637947914628,60.09991172321917,11347.430745689077,2.2502891246726335,0.0,0.0,1.0,inf,25535.0,inf,217.0,62.0,155.0,0.0,0.0,0.0,0.0,0.0,0.0
423.0,25581.0,72407.0,46826.0,23413.0,1.8304991986239787,60.09991172321917,11347.430745689077,2.254342905747039,0.0,0.0,1.0,inf,25581.0,inf,218.0,46.0,172.0,0.0,0.0,0.0,0.0,0.0,0.0
424.0,25630.0,72542.0,46912.0,23456.0,1.8303550526726493,60.09991172321917,11347.430745689077,2.2586610638480358,0.0,0.0,1.0,inf,25630.0,inf,216.0,49.0,167.0,0.0,0.0,0.0,0.0,0.0,0.0
425.0,25664.0,72634.0,46970.0,23485.0,1.8301901496259352,60.09991172321917,11347.430745689077,2.2616573368160746,0.0,0.0,1.0,inf,25664.0,inf,218.0,34.0,184.0,0.0,0.0,0.0,0.0,0.0,0.0
426.0,25706.0,72744.0,47038.0,23519.0,1.8298451723333073,60.09991172321917,11347.430745689077,2.2653586151883576,0.0,0.0,1.0,inf,25706.0,inf,219.0,42.0,177.0,0.0,0.0,0.0,0.0,0.0,0.0
427.0,25764.0,72912.0,47148.0,23574.0,1.8299953423381463,60.09991172321917,11347.430745689077,2.2704699043691297,0.0,0.0,1.0,inf,25764.0,inf,219.0,58.0,161.0,0.0,0.0,0.0,0.0,0.0,0.0
428.0,25815.0,73057.0,47242.0,23621.0,1.8300213054425722,60.09991172321917,11347.430745689077,2.274964313821188,0.0,0.0,1.0,inf,25815.0,inf,219.0,51.0,168.0,0.0,0.0,0.0,0.0,0.0,0.0
429.0,25853.0,73167.0,47314.0,23657.0,1.830116427493908,60.09991172321917,11347.430745689077,2.278313089491349,0.0,0.0,1.0,inf,25853.0,inf,219.0,38.0,181.0,0.0,0.0,0.0,0.0,0.0,0.0
430.0,25904.0,73310.0,47406.0,23703.0,1.830064854848672,60.95740150595599,11673.545056696219,2.219034566979365,0.0,0.0,1.0,inf,25904.0,inf,218.0,51.0,167.0,0.0,0.0,0.0,0.0,0.0,0.0
431.0,25956.0,73454.0,47498.0,23749.0,1.8299429804284173,60.95740150595599,11673.545056696219,2.2234890835591568,0.0,0.0,1.0,inf,25956.0,inf,218.0,52.0,166.0,0.0,0.0,0.0,0.0,0.0,0.0
432.0,26015.0,73621.0,47606.0,23803.0,1.8299442629252354,60.95740150595599,11673.545056696219,2.2285432466016126,0.0,0.0,1.0,inf,26015.0,inf,217.0,59.0,158.0,0.0,0.0,0.0,0.0,0.0,0.0
433.0,26069.0,73773.0,47704.0,23852.0,1.829912923395604,60.95740150595599,11673.545056696219,2.233169090742166,0.0,0.0,1.0,inf,26069.0,inf,219.0,54.0,165.0,0.0,0.0,0.0,0.0,0.0,0.0
434.0,26128.0,73946.0,47818.0,23909.0,1.8301439069197796,60.95740150595599,11673.545056696219,2.238223253784622,0.0,0.0,1.0,inf,26128.0,inf,217.0,59.0,158.0,0.0,0.0,0.0,0.0,0.0,0.0
435.0,26185.0,74107.0,47922.0,23961.0,1.8301317548214626,60.95740150595599,11673.545056696219,2.2431060892663166,0.0,0.0,1.0,inf,26185.0,inf,219.0,57.0,162.0,0.0,0.0,0.0,0.0,0.0,0.0
436.0,26234.0,74250.0,48016.0,24008.0,1.8302965617138065,60.95740150595599,11673.545056696219,2.247303614504967,0.0,0.0,1.0,inf,26234.0,inf,213.0,49.0,164.0,0.0,0.0,0.0,0.0,0.0,0.0
437.0,26271.0,74359.0,48088.0,24044.0,1.8304594419702334,60.95740150595599,11673.545056696219,2.2504731743790494,0.0,0.0,1.0,inf,26271.0,inf,219.0,37.0,182.0,0.0,0.0,0.0,0.0,0.0,0.0
438.0,26314.0,74484.0,48170.0,24085.0,1.8305844797446227,60.95740150595599,11673.545056696219,2.2541567169354155,0.0,0.0,1.0,inf,26314.0,inf,219.0,43.0,176.0,0.0,0.0,0.0,0.0,0.0,0.0
439.0,26361.0,74613.0,48252.0,24126.0,1.8304313189939683,60.95740150595599,11673.545056696219,2.2581829146133043,0.0,0.0,1.0,inf,26361.0,inf,217.0,47.0,170.0,0.0,0.0,0.0,0.0,0.0,0.0
440.0,26420.0,74784.0,48364.0,24182.0,1.8305828917486753,60.95740150595599,11673.545056696219,2.2632370776557607,0.0,0.0,1.0,inf,26420.0,inf,218.0,59.0,159.0,0.0,0.0,0.0,0.0,0.0,0.0
441.0,26464.0,74912.0,48448.0,24224.0,1.8307134220072552,60.95740150595599,11673.545056696219,2.2670062839925076,0.0,0.0,1.0,inf,26464.0,inf,215.0,44.0,171.0,0.0,0.0,0.0,0.0,0.0,0.0
442.0,26508.0,75042.0,48534.0,24267.0,1.8309189678587596,60.95740150595599,11673.545056696219,2.2707754903292545,0.0,0.0,1.0,inf,26508.0,inf,217.0,44.0,173.0,0.0,0.0,0.0,0.0,0.0,0.0
443.0,26562.0,75194.0,48632.0,24316.0,1.8308862284466532,60.95740150595599,11673.545056696219,2.2754013344698074,0.0,0.0,1.0,inf,26562.0,inf,216.0,54.0,162.0,0.0,0.0,0.0,0.0,0.0,0.0
444.0,26602.0,75308.0,48706.0,24353.0,1.8309149687993385,60.95740150595599,11673.545056696219,2.2788278856850317,0.0,0.0,1.0,inf,26602.0,inf,217.0,40.0,177.0,0.0,0.0,0.0,0.0,0.0,0.0
445.0,26637.0,75407.0,48770.0,24385.0,1.8309118894770433,60.95740150595599,11673.545056696219,2.2818261179983534,0.0,0.0,1.0,inf,26637.0,inf,216.0,35.0,181.0,0.0,0.0,0.0,0.0,0.0,0.0
446.0,26684.0,75538.0,48854.0,24427.0,1.8308349572777693,60.95740150595599,11673.545056696219,2.285852315676242,0.0,0.0,1.0,inf,26684.0,inf,220.0,47.0,173.0,0.0,0.0,0.0,0.0,0.0,0.0
447.0,26731.0,75671.0,48940.0,24470.0,1.8308331151097976,60.95740150595599,11673.545056696219,2.2898785133541306,0.0,0.0,1.0,inf,26731.0,inf,219.0,47.0,172.0,0.0,0.0,0.0,0.0,0.0,0.0
448.0,26777.0,75801.0,49024.0,24512.0,1.8308249617208798,60.95740150595599,11673.545056696219,2.293819047251639,0.0,0.0,1.0,inf,26777.0,inf,219.0,46.0,173.0,0.0,0.0,0.0,0.0,0.0,0.0
449.0,26817.0,75913.0,49096.0,24548.0,1.830778983480628,60.95740150595599,11673.545056696219,2.2972455984668634,0.0,0.0,1.0,inf,26817.0,inf,218.0,40.0,178.0,0.0,0.0,0.0,0.0,0.0,0.0
450.0,26862.0,76034.0,49172.0,24586.0,1.8305412850867395,60.95740150595599,11673.545056696219,2.301100468583991,0.0,0.0,1.0,inf,26862.0,inf,218.0,45.0,173.0,0.0,0.0,0.0,0.0,0.0,0.0
451.0,26903.0,76153.0,49250.0,24625.0,1.8306508567817716,60.95740150595599,11673.545056696219,2.304612683579596,0.0,0.0,1.0,inf,26903.0,inf,215.0,41.0,174.0,0.0,0.0,0.0,0.0,0.0,0.0
452.0,26948.0,76280.0,49332.0,24666.0,1.830636781950423,61.088374079868444,11723.762313707168,2.2985795241253726,0.0,0.0,1.0,inf,26948.0,inf,219.0,45.0,174.0,0.0,0.0,0.0,0.0,0.0,0.0
453.0,26998.0,76426.0,49428.0,24714.0,1.8308022816504925,61.088374079868444,11723.762313707168,2.3028443666445306,0.0,0.0,1.0,inf,26998.0,inf,218.0,50.0,168.0,0.0,0.0,0.0,0.0,0.0,0.0
454.0,27043.0,76555.0,49512.0,24756.0,1.8308619605812964,62.035538832662034,12090.130546673206,2.2367831261707356,0.0,0.0,1.0,inf,27043.0,inf,219.0,45.0,174.0,0.0,0.0,0.0,0.0,0.0,0.0
455.0,27088.0,76684.0,49596.0,24798.0,1.8309214412285884,62.035538832662034,12090.130546673206,2.2405051703477015,0.0,0.0,1.0,inf,27088.0,inf,219.0,45.0,174.0,0.0,0.0,0.0,0.0,0.0,0.0
456.0,27137.0,76821.0,49684.0,24842.0,1.8308582378302687,62.035538832662034,12090.130546673206,2.244558062895953,0.0,0.0,1.0,inf,27137.0,inf,218.0,49.0,169.0,0.0,0.0,0.0,0.0,0.0,0.0
457.0,27182.0,76954.0,49772.0,24886.0,1.8310646751526745,62.035538832662034,12090.130546673206,2.2482801070729184,0.0,0.0,1.0,inf,27182.0,inf,216.0,45.0,171.0,0.0,0.0,0.0,0.0,0.0,0.0
458.0,27243.0,77123.0,49880.0,24940.0,1.8309290459934662,62.902080071600565,12430.250674179453,2.1916693970291448,0.0,0.0,1.0,inf,27243.0,inf,215.0,61.0,154.0,0.0,0.0,0.0,0.0,0.0,0.0
459.0,27293.0,77267.0,49974.0,24987.0,1.831018942586011,62.902080071600565,12430.250674179453,2.195691842055443,0.0,0.0,1.0,inf,27293.0,inf,219.0,50.0,169.0,0.0,0.0,0.0,0.0,0.0,0.0
460.0,27353.0,77433.0,50080.0,25040.0,1.830877783058531,62.902080071600565,12430.250674179453,2.200518776087002,0.0,0.0,1.0,inf,27353.0,inf,219.0,60.0,159.0,0.0,0.0,0.0,0.0,0.0,0.0
461.0,27403.0,77569.0,50166.0,25083.0,1.8306754734883042,62.902080071600565,12430.250674179453,2.2045412211133004,0.0,0.0,1.0,inf,27403.0,inf,216.0,50.0,166.0,0.0,0.0,0.0,0.0,0.0,0.0
462.0,27466.0,77752.0,50286.0,25143.0,1.8308454088691473,62.902080071600565,12430.250674179453,2.2096095018464372,0.0,0.0,1.0,inf,27466.0,inf,218.0,63.0,155.0,0.0,0.0,0.0,0.0,0.0,0.0
463.0,27518.0,77902.0,50384.0,25192.0,1.830947016498292,62.902080071600565,12430.250674179453,2.2137928446737876,0.0,0.0,1.0,inf,27518.0,inf,217.0,52.0,165.0,0.0,0.0,0.0,0.0,0.0,0.0
464.0,27574.0,78050.0,50476.0,25238.0,1.830565025023573,62.902080071600565,12430.250674179453,2.2182979831032426,0.0,0.0,1.0,inf,27574.0,inf,220.0,56.0,164.0,0.0,0.0,0.0,0.0,0.0,0.0
465.0,27617.0,78169.0,50552.0,25276.0,1.8304667414998008,62.902080071600565,12430.250674179453,2.221757285825859,0.0,0.0,1.0,inf,27617.0,inf,219.0,43.0,176.0,0.0,0.0,0.0,0.0,0.0,0.0
466.0,27668.0,78318.0,50650.0,25325.0,1.830634668208761,62.902080071600565,12430.250674179453,2.2258601797526842,0.0,0.0,1.0,inf,27668.0,inf,219.0,51.0,168.0,0.0,0.0,0.0,0.0,0.0,0.0
467.0,27718.0,78464.0,50746.0,25373.0,1.8307958727180893,62.902080071600565,12430.250674179453,2.2298826247789827,0.0,0.0,1.0,inf,27718.0,inf,218.0,50.0,168.0,0.0,0.0,0.0,0.0,0.0,0.0
468.0,27775.0,78627.0,50852.0,25426.0,1.8308550855085508,62.902080071600565,12430.250674179453,2.2344682121089634,0.0,0.0,1.0,inf,27775.0,inf,216.0,57.0,159.0,0.0,0.0,0.0,0.0,0.0,0.0
469.0,27808.0,78716.0,50908.0,25454.0,1.8306962025316456,62.902080071600565,12430.250674179453,2.2371230258263206,0.0,0.0,1.0,inf,27808.0,inf,215.0,33.0,182.0,0.0,0.0,0.0,0.0,0.0,0.0
470.0,27864.0,78876.0,51012.0,25506.0,1.830749354005168,62.902080071600565,12430.250674179453,2.241628164255775,0.0,0.0,1.0,inf,27864.0,inf,217.0,56.0,161.0,0.0,0.0,0.0,0.0,0.0,0.0
471.0,27915.0,79025.0,51110.0,25555.0,1.830915278524091,62.902080071600565,12430.250674179453,2.2457310581825998,0.0,0.0,1.0,inf,27915.0,inf,216.0,51.0,165.0,0.0,0.0,0.0,0.0,0.0,0.0
472.0,27963.0,79163.0,51200.0,25600.0,1.8309909523298644,62.902080071600565,12430.250674179453,2.249592605407847,0.0,0.0,1.0,inf,27963.0,inf,217.0,48.0,169.0,0.0,0.0,0.0,0.0,0.0,0.0
473.0,28009.0,79299.0,51290.0,25645.0,1.8311971152129674,62.902080071600565,12430.250674179453,2.2532932548320415,0.0,0.0,1.0,inf,28009.0,inf,218.0,46.0,172.0,0.0,0.0,0.0,0.0,0.0,0.0
474.0,28049.0,79415.0,51366.0,25683.0,1.8312952333416521,62.902080071600565,12430.250674179453,2.2565112108530805,0.0,0.0,1.0,inf,28049.0,inf,218.0,40.0,178.0,0.0,0.0,0.0,0.0,0.0,0.0
475.0,28104.0,79566.0,51462.0,25731.0,1.8311272416737832,62.902080071600565,12430.250674179453,2.2609359003820093,0.0,0.0,1.0,inf,28104.0,inf,217.0,55.0,162.0,0.0,0.0,0.0,0.0,0.0,0.0
476.0,28156.0,79710.0,51554.0,25777.0,1.8310129279727234,62.902080071600565,12430.250674179453,2.26511924320936,0.0,0.0,1.0,inf,28156.0,inf,217.0,52.0,165.0,0.0,0.0,0.0,0.0,0.0,0.0
477.0,28203.0,79849.0,51646.0,25823.0,1.8312236286919832,62.902080071600565,12430.250674179453,2.268900341534081,0.0,0.0,1.0,inf,28203.0,inf,219.0,47.0,172.0,0.0,0.0,0.0,0.0,0.0,0.0
478.0,28253.0,79991.0,51738.0,25869.0,1.8312391604431388,62.902080071600565,12430.250674179453,2.27292278656038,0.0,0.0,1.0,inf,28253.0,inf,219.0,50.0,169.0,0.0,0.0,0.0,0.0,0.0,0.0
479.0,28304.0,80138.0,51834.0,25917.0,1.8313312605992087,62.902080071600565,12430.250674179453,2.2770256804872044,0.0,0.0,1.0,inf,28304.0,inf,218.0,51.0,167.0,0.0,0.0,0.0,0.0,0.0,0.0
480.0,28346.0,80258.0,51912.0,25956.0,1.831369505397587,62.902080071600565,12430.250674179453,2.2804045343092954,0.0,0.0,1.0,inf,28346.0,inf,214.0,42.0,172.0,0.0,0.0,0.0,0.0,0.0,0.0
481.0,28389.0,80381.0,51992.0,25996.0,1.8314135756807215,62.902080071600565,12430.250674179453,2.2838638370319124,0.0,0.0,1.0,inf,28389.0,inf,218.0,43.0,175.0,0.0,0.0,0.0,0.0,0.0,0.0
482.0,28426.0,80486.0,52060.0,26030.0,1.8314219376627032,62.902080071600565,12430.250674179453,2.2868404463513734,0.0,0.0,1.0,inf,28426.0,inf,218.0,37.0,181.0,0.0,0.0,0.0,0.0,0.0,0.0
483.0,28481.0,80645.0,52164.0,26082.0,1.8315368140163617,62.902080071600565,12430.250674179453,2.291265135880302,0.0,0.0,1.0,inf,28481.0,inf,216.0,55.0,161.0,0.0,0.0,0.0,0.0,0.0,0.0
484.0,28521.0,80755.0,52234.0,26117.0,1.831422460643035,62.902080071600565,12430.250674179453,2.294483091901341,0.0,0.0,1.0,inf,28521.0,inf,218.0,40.0,178.0,0.0,0.0,0.0,0.0,0.0,0.0
485.0,28565.0,80879.0,52314.0,26157.0,1.8314020654647296,62.902080071600565,12430.250674179453,2.298022843524484,0.0,0.0,1.0,inf,28565.0,inf,220.0,44.0,176.0,0.0,0.0,0.0,0.0,0.0,0.0
486.0,28609.0,81003.0,52394.0,26197.0,1.8313817330210773,62.902080071600565,12430.250674179453,2.301562595147627,0.0,0.0,1.0,inf,28609.0,inf,217.0,44.0,173.0,0.0,0.0,0.0,0.0,0.0,0.0
487.0,28654.0,81134.0,52480.0,26240.0,1.8315069449291548,62.902080071600565,12430.250674179453,2.305182795671296,0.0,0.0,1.0,inf,28654.0,inf,218.0,45.0,173.0,0.0,0.0,0.0,0.0,0.0,0.0
488.0,28698.0,81258.0,52560.0,26280.0,1.831486514739703,62.902080071600565,12430.250674179453,2.3087225472944386,0.0,0.0,1.0,inf,28698.0,inf,218.0,44.0,174.0,0.0,0.0,0.0,0.0,0.0,0.0
489.0,28744.0,81392.0,52648.0,26324.0,1.8316170331199555,62.902080071600565,12430.250674179453,2.3124231967186333,0.0,0.0,1.0,inf,28744.0,inf,219.0,46.0,173.0,0.0,0.0,0.0,0.0,0.0,0.0
490.0,28783.0,81499.0,52716.0,26358.0,1.8314977590939097,62.902080071600565,12430.250674179453,2.3155607038391466,0.0,0.0,1.0,inf,28783.0,inf,220.0,39.0,181.0,0.0,0.0,0.0,0.0,0.0,0.0
491.0,28817.0,81601.0,52784.0,26392.0,1.8316965679980568,62.902080071600565,12430.250674179453,2.3182959664570295,0.0,0.0,1.0,inf,28817.0,inf,218.0,34.0,184.0,0.0,0.0,0.0,0.0,0.0,0.0
492.0,28852.0,81696.0,52844.0,26422.0,1.831554138361292,62.902080071600565,12430.250674179453,2.3211116779754386,0.0,0.0,1.0,inf,28852.0,inf,217.0,35.0,182.0,0.0,0.0,0.0,0.0,0.0,0.0
493.0,28897.0,81823.0,52926.0,26463.0,1.8315396061874936,62.902080071600565,12430.250674179453,2.3247318784991076,0.0,0.0,1.0,inf,28897.0,inf,218.0,45.0,173.0,0.0,0.0,0.0,0.0,0.0,0.0
494.0,28931.0,81921.0,52990.0,26495.0,1.83159932252601,62.902080071600565,12430.250674179453,2.327467141116991,0.0,0.0,1.0,inf,28931.0,inf,218.0,34.0,184.0,0.0,0.0,0.0,0.0,0.0,0.0
495.0,28973.0,82037.0,53064.0,26532.0,1.8314982915127878,62.902080071600565,12430.250674179453,2.330845994939082,0.0,0.0,1.0,inf,28973.0,inf,217.0,42.0,175.0,0.0,0.0,0.0,0.0,0.0,0.0
496.0,29000.0,82114.0,53114.0,26557.0,1.8315172413793104,62.902080071600565,12430.250674179453,2.333018115253283,0.0,0.0,1.0,inf,29000.0,inf,217.0,27.0,190.0,0.0,0.0,0.0,0.0,0.0,0.0
497.0,29043.0,82237.0,53194.0,26597.0,1.8315601005405777,62.902080071600565,12430.250674179453,2.3364774179759,0.0,0.0,1.0,inf,29043.0,inf,219.0,43.0,176.0,0.0,0.0,0.0,0.0,0.0,0.0
498.0,29086.0,82360.0,53274.0,26637.0,1.8316028329780651,62.902080071600565,12430.250674179453,2.339936720698517,0.0,0.0,1.0,inf,29086.0,inf,218.0,43.0,175.0,0.0,0.0,0.0,0.0,0.0,0.0
499.0,29121.0,82455.0,53334.0,26667.0,1.8314618316678686,62.902080071600565,12430.250674179453,2.342752432216926,0.0,0.0,1.0,inf,29121.0,inf,218.0,35.0,183.0,0.0,0.0,0.0,0.0,0.0,0.0
500.0,29175.0,82613.0,53438.0,26719.0,1.831636675235647,62.902080071600565,12430.250674179453,2.347096672845329,0.0,0.0,1.0,inf,29175.0,inf,218.0,54.0,164.0,0.0,0.0,0.0,0.0,0.0,0.0
501.0,29213.0,82725.0,53512.0,26756.0,1.8317872180193748,62.902080071600565,12430.250674179453,2.350153731065316,0.0,0.0,1.0,inf,29213.0,inf,218.0,38.0,180.0,0.0,0.0,0.0,0.0,0.0,0.0
502.0,29258.0,82860.0,53602.0,26801.0,1.8320459361542143,62.902080071600565,12430.250674179453,2.353773931588985,0.0,0.0,1.0,inf,29258.0,inf,218.0,45.0,173.0,0.0,0.0,0.0,0.0,0.0,0.0
503.0,29303.0,82985.0,53682.0,26841.0,1.8319625976862437,62.902080071600565,12430.250674179453,2.3573941321126535,0.0,0.0,1.0,inf,29303.0,inf,218.0,45.0,173.0,0.0,0.0,0.0,0.0,0.0,0.0
504.0,29340.0,83092.0,53752.0,26876.0,1.8320381731424675,62.902080071600565,12430.250674179453,2.360370741432115,0.0,0.0,1.0,inf,29340.0,inf,218.0,37.0,181.0,0.0,0.0,0.0,0.0,0.0,0.0
505.0,29390.0,83232.0,53842.0,26921.0,1.8319836679142565,62.902080071600565,12430.250674179453,2.3643931864584133,0.0,0.0,1.0,inf,29390.0,inf,219.0,50.0,169.0,0.0,0.0,0.0,0.0,0.0,0.0
506.0,29438.0,83368.0,53930.0,26965.0,1.8319858686052042,62.902080071600565,12430.250674179453,2.3682547336836604,0.0,0.0,1.0,inf,29438.0,inf,218.0,48.0,170.0,0.0,0.0,0.0,0.0,0.0,0.0
507.0,29481.0,83497.0,54016.0,27008.0,1.8322309283945593,62.902080071600565,12430.250674179453,2.3717140364062774,0.0,0.0,1.0,inf,29481.0,inf,218.0,43.0,175.0,0.0,0.0,0.0,0.0,0.0,0.0
508.0,29533.0,83647.0,54114.0,27057.0,1.8323231639183286,62.902080071600565,12430.250674179453,2.3758973792336278,0.0,0.0,1.0,inf,29533.0,inf,219.0,52.0,167.0,0.0,0.0,0.0,0.0,0.0,0.0
509.0,29580.0,83778.0,54198.0,27099.0,1.8322515212981745,62.902080071600565,12430.250674179453,2.3796784775583486,0.0,0.0,1.0,inf,29580.0,inf,218.0,47.0,171.0,0.0,0.0,0.0,0.0,0.0,0.0
510.0,29614.0,83878.0,54264.0,27132.0,1.8323765786452353,62.902080071600565,12430.250674179453,2.382413740176232,0.0,0.0,1.0,inf,29614.0,inf,217.0,34.0,183.0,0.0,0.0,0.0,0.0,0.0,0.0
511.0,29656.0,83996.0,54340.0,27170.0,1.8323442136498516,62.902080071600565,12430.250674179453,2.385792593998323,0.0,0.0,1.0,inf,29656.0,inf,219.0,42.0,177.0,0.0,0.0,0.0,0.0,0.0,0.0
512.0,29698.0,84114.0,54416.0,27208.0,1.832311940197993,62.902080071600565,12430.250674179453,2.389171447820414,0.0,0.0,1.0,inf,29698.0,inf,220.0,42.0,178.0,0.0,0.0,0.0,0.0,0.0,0.0
513.0,29741.0,84239.0,54498.0,27249.0,1.8324198917319525,62.902080071600565,12430.250674179453,2.392630750543031,0.0,0.0,1.0,inf,29741.0,inf,217.0,43.0,174.0,0.0,0.0,0.0,0.0,0.0,0.0
514.0,29778.0,84346.0,54568.0,27284.0,1.8324937873597957,62.902080071600565,12430.250674179453,2.395607359862492,0.0,0.0,1.0,inf,29778.0,inf,218.0,37.0,181.0,0.0,0.0,0.0,0.0,0.0,0.0
515.0,29828.0,84488.0,54660.0,27330.0,1.8325063698538286,62.902080071600565,12430.250674179453,2.3996298048887907,0.0,0.0,1.0,inf,29828.0,inf,218.0,50.0,168.0,0.0,0.0,0.0,0.0,0.0,0.0
516.0,29876.0,84616.0,54740.0,27370.0,1.8322399250234302,62.902080071600565,12430.250674179453,2.4034913521140373,0.0,0.0,1.0,inf,29876.0,inf,219.0,48.0,171.0,0.0,0.0,0.0,0.0,0.0,0.0
517.0,29910.0,84708.0,54798.0,27399.0,1.8320962888665997,62.902080071600565,12430.250674179453,2.4062266147319207,0.0,0.0,1.0,inf,29910.0,inf,220.0,34.0,186.0,0.0,0.0,0.0,0.0,0.0,0.0
518.0,29951.0,84823.0,54872.0,27436.0,1.8320590297485893,63.63256800701031,12720.634472624763,2.354520921456832,0.0,0.0,1.0,inf,29951.0,inf,219.0,41.0,178.0,0.0,0.0,0.0,0.0,0.0,0.0
519.0,29996.0,84944.0,54948.0,27474.0,1.8318442458994533,63.63256800701031,12720.634472624763,2.3580584808526974,0.0,0.0,1.0,inf,29996.0,inf,219.0,45.0,174.0,0.0,0.0,0.0,0.0,0.0,0.0
520.0,30038.0,85066.0,55028.0,27514.0,1.8319462014781278,63.63256800701031,12720.634472624763,2.3613602029555048,0.0,0.0,1.0,inf,30038.0,inf,219.0,42.0,177.0,0.0,0.0,0.0,0.0,0.0,0.0
521.0,30076.0,85176.0,55100.0,27550.0,1.8320255353105466,63.63256800701031,12720.634472624763,2.3643474753342355,0.0,0.0,1.0,inf,30076.0,inf,218.0,38.0,180.0,0.0,0.0,0.0,0.0,0.0,0.0
522.0,30123.0,85313.0,55190.0,27595.0,1.8321548318560568,63.63256800701031,12720.634472624763,2.368042259592139,0.0,0.0,1.0,inf,30123.0,inf,218.0,47.0,171.0,0.0,0.0,0.0,0.0,0.0,0.0
523.0,30157.0,85407.0,55250.0,27625.0,1.8320787876778195,63.63256800701031,12720.634472624763,2.3707150822467926,0.0,0.0,1.0,inf,30157.0,inf,216.0,34.0,182.0,0.0,0.0,0.0,0.0,0.0,0.0
524.0,30199.0,85527.0,55328.0,27664.0,1.8321136461472234,63.63256800701031,12720.634472624763,2.3740168043496,0.0,0.0,1.0,inf,30199.0,inf,215.0,42.0,173.0,0.0,0.0,0.0,0.0,0.0,0.0
525.0,30238.0,85638.0,55400.0,27700.0,1.8321317547456843,63.63256800701031,12720.634472624763,2.37708268915935,0.0,0.0,1.0,inf,30238.0,inf,220.0,39.0,181.0,0.0,0.0,0.0,0.0,0.0,0.0
526.0,30280.0,85752.0,55472.0,27736.0,1.8319682959048877,63.63256800701031,12720.634472624763,2.3803844112621575,0.0,0.0,1.0,inf,30280.0,inf,219.0,42.0,177.0,0.0,0.0,0.0,0.0,0.0,0.0
527.0,30319.0,85861.0,55542.0,27771.0,1.8319205778554701,63.63256800701031,12720.634472624763,2.3834502960719073,0.0,0.0,1.0,inf,30319.0,inf,217.0,39.0,178.0,0.0,0.0,0.0,0.0,0.0,0.0
528.0,30360.0,85976.0,55616.0,27808.0,1.8318840579710145,63.63256800701031,12720.634472624763,2.3866734057436956,0.0,0.0,1.0,inf,30360.0,inf,220.0,41.0,179.0,0.0,0.0,0.0,0.0,0.0,0.0
529.0,30399.0,86085.0,55686.0,27843.0,1.831836573571499,63.63256800701031,12720.634472624763,2.3897392905534454,0.0,0.0,1.0,inf,30399.0,inf,218.0,39.0,179.0,0.0,0.0,0.0,0.0,0.0,0.0
530.0,30447.0,86221.0,55774.0,27887.0,1.8318389332282328,63.63256800701031,12720.634472624763,2.393512687242368,0.0,0.0,1.0,inf,30447.0,inf,219.0,48.0,171.0,0.0,0.0,0.0,0.0,0.0,0.0
531.0,30488.0,86342.0,55854.0,27927.0,1.8319994752033586,63.63256800701031,12720.634472624763,2.3967357969141565,0.0,0.0,1.0,inf,30488.0,inf,216.0,41.0,175.0,0.0,0.0,0.0,0.0,0.0,0.0
532.0,30529.0,86463.0,55934.0,27967.0,1.8321595859674409,63.63256800701031,12720.634472624763,2.399958906585945,0.0,0.0,1.0,inf,30529.0,inf,217.0,41.0,176.0,0.0,0.0,0.0,0.0,0.0,0.0
533.0,30567.0,86569.0,56002.0,28001.0,1.8321065201033795,63.63256800701031,12720.634472624763,2.402946178964675,0.0,0.0,1.0,inf,30567.0,inf,220.0,38.0,182.0,0.0,0.0,0.0,0.0,0.0,0.0
534.0,30614.0,86710.0,56096.0,28048.0,1.832364277781407,63.63256800701031,12720.634472624763,2.406640963222579,0.0,0.0,1.0,inf,30614.0,inf,220.0,47.0,173.0,0.0,0.0,0.0,0.0,0.0,0.0
535.0,30654.0,86828.0,56174.0,28087.0,1.8325177790826646,63.63256800701031,12720.634472624763,2.4097854604633477,0.0,0.0,1.0,inf,30654.0,inf,219.0,40.0,179.0,0.0,0.0,0.0,0.0,0.0,0.0
536.0,30690.0,86934.0,56244.0,28122.0,1.8326490713587489,63.63256800701031,12720.634472624763,2.41261550798004,0.0,0.0,1.0,inf,30690.0,inf,219.0,36.0,183.0,0.0,0.0,0.0,0.0,0.0,0.0
537.0,30725.0,87033.0,56308.0,28154.0,1.8326444263628967,63.63256800701031,12720.634472624763,2.4153669430657128,0.0,0.0,1.0,inf,30725.0,inf,219.0,35.0,184.0,0.0,0.0,0.0,0.0,0.0,0.0
538.0,30767.0,87145.0,56378.0,28189.0,1.8324178502941464,63.63256800701031,12720.634472624763,2.4186686651685205,0.0,0.0,1.0,inf,30767.0,inf,219.0,42.0,177.0,0.0,0.0,0.0,0.0,0.0,0.0
539.0,30813.0,87277.0,56464.0,28232.0,1.8324733067211891,63.63256800701031,12720.634472624763,2.422284836995405,0.0,0.0,1.0,inf,30813.0,inf,219.0,46.0,173.0,0.0,0.0,0.0,0.0,0.0,0.0
540.0,30855.0,87391.0,56536.0,28268.0,1.832312429103873,63.63256800701031,12720.634472624763,2.425586559098212,0.0,0.0,1.0,inf,30855.0,inf,219.0,42.0,177.0,0.0,0.0,0.0,0.0,0.0,0.0
541.0,30895.0,87505.0,56610.0,28305.0,1.8323353293413174,63.63256800701031,12720.634472624763,2.4287310563389815,0.0,0.0,1.0,inf,30895.0,inf,220.0,40.0,180.0,0.0,0.0,0.0,0.0,0.0,0.0
542.0,30932.0,87612.0,56680.0,28340.0,1.8324065692486746,63.63256800701031,12720.634472624763,2.4316397162866927,0.0,0.0,1.0,inf,30932.0,inf,219.0,37.0,182.0,0.0,0.0,0.0,0.0,0.0,0.0
543.0,30980.0,87750.0,56770.0,28385.0,1.8324725629438348,63.63256800701031,12720.634472624763,2.4354131129756156,0.0,0.0,1.0,inf,30980.0,inf,220.0,48.0,172.0,0.0,0.0,0.0,0.0,0.0,0.0
544.0,31021.0,87867.0,56846.0,28423.0,1.8325005641339738,63.63256800701031,12720.634472624763,2.438636222647404,0.0,0.0,1.0,inf,31021.0,inf,217.0,41.0,176.0,0.0,0.0,0.0,0.0,0.0,0.0
545.0,31051.0,87955.0,56904.0,28452.0,1.8325979839618691,63.63256800701031,12720.634472624763,2.4409945955779806,0.0,0.0,1.0,inf,31051.0,inf,217.0,30.0,187.0,0.0,0.0,0.0,0.0,0.0,0.0
546.0,31087.0,88063.0,56976.0,28488.0,1.8327918422491716,63.63256800701031,12720.634472624763,2.443824643094673,0.0,0.0,1.0,inf,31087.0,inf,219.0,36.0,183.0,0.0,0.0,0.0,0.0,0.0,0.0
547.0,31132.0,88188.0,57056.0,28528.0,1.8327123217268406,63.66630914013936,12734.12826765732,2.4447688405236483,0.0,0.0,1.0,inf,31132.0,inf,216.0,45.0,171.0,0.0,0.0,0.0,0.0,0.0,0.0
548.0,31171.0,88299.0,57128.0,28564.0,1.8327291392640594,63.66630914013936,12734.12826765732,2.4478314765502582,0.0,0.0,1.0,inf,31171.0,inf,220.0,39.0,181.0,0.0,0.0,0.0,0.0,0.0,0.0
549.0,31204.0,88396.0,57192.0,28596.0,1.8328419433405974,63.66630914013936,12734.12826765732,2.450422937803544,0.0,0.0,1.0,inf,31204.0,inf,217.0,33.0,184.0,0.0,0.0,0.0,0.0,0.0,0.0
550.0,31244.0,88506.0,57262.0,28631.0,1.8327358852899758,63.66630914013936,12734.12826765732,2.4535641029590414,0.0,0.0,1.0,inf,31244.0,inf,218.0,40.0,178.0,0.0,0.0,0.0,0.0,0.0,0.0
551.0,31279.0,88611.0,57332.0,28666.0,1.8329230474120017,63.66630914013936,12734.12826765732,2.4563126224701013,0.0,0.0,1.0,inf,31279.0,inf,217.0,35.0,182.0,0.0,0.0,0.0,0.0,0.0,0.0
552.0,31320.0,88726.0,57406.0,28703.0,1.8328863346104725,63.66630914013936,12734.12826765732,2.4595323167544865,0.0,0.0,1.0,inf,31320.0,inf,217.0,41.0,176.0,0.0,0.0,0.0,0.0,0.0,0.0
553.0,31354.0,88818.0,57464.0,28732.0,1.83274861261721,63.66630914013936,12734.12826765732,2.462202307136659,0.0,0.0,1.0,inf,31354.0,inf,219.0,34.0,185.0,0.0,0.0,0.0,0.0,0.0,0.0
554.0,31391.0,88927.0,57536.0,28768.0,1.832882036252429,63.66630914013936,12734.12826765732,2.4651078849054944,0.0,0.0,1.0,inf,31391.0,inf,219.0,37.0,182.0,0.0,0.0,0.0,0.0,0.0,0.0
555.0,31433.0,89045.0,57612.0,28806.0,1.8328508255654885,63.66630914013936,12734.12826765732,2.4684061083187667,0.0,0.0,1.0,inf,31433.0,inf,219.0,42.0,177.0,0.0,0.0,0.0,0.0,0.0,0.0
556.0,31474.0,89162.0,57688.0,28844.0,1.8328779309906589,63.66630914013936,12734.12826765732,2.4716258026031515,0.0,0.0,1.0,inf,31474.0,inf,220.0,41.0,179.0,0.0,0.0,0.0,0.0,0.0,0.0
557.0,31505.0,89253.0,57748.0,28874.0,1.832978892239327,63.9457829946929,12846.170792330806,2.4524817947157107,0.0,0.0,1.0,inf,31505.0,inf,219.0,31.0,188.0,0.0,0.0,0.0,0.0,0.0,0.0
558.0,31551.0,89391.0,57840.0,28920.0,1.8332224018256156,63.9457829946929,12846.170792330806,2.456062628315359,0.0,0.0,1.0,inf,31551.0,inf,220.0,46.0,174.0,0.0,0.0,0.0,0.0,0.0,0.0
559.0,31582.0,89484.0,57902.0,28951.0,1.8333861060097525,63.9457829946929,12846.170792330806,2.4584757987846877,0.0,0.0,1.0,inf,31582.0,inf,219.0,31.0,188.0,0.0,0.0,0.0,0.0,0.0,0.0
560.0,31630.0,89626.0,57996.0,28998.0,1.8335757192538729,63.9457829946929,12846.170792330806,2.462212320801712,0.0,0.0,1.0,inf,31630.0,inf,219.0,48.0,171.0,0.0,0.0,0.0,0.0,0.0,0.0
561.0,31670.0,89740.0,58070.0,29035.0,1.8335964635301547,63.9457829946929,12846.170792330806,2.465326089149232,0.0,0.0,1.0,inf,31670.0,inf,219.0,40.0,179.0,0.0,0.0,0.0,0.0,0.0,0.0
562.0,31709.0,89851.0,58142.0,29071.0,1.8336119082910214,64.12804920967159,12919.506662961689,2.454350682824833,0.0,0.0,1.0,inf,31709.0,inf,218.0,39.0,179.0,0.0,0.0,0.0,0.0,0.0,0.0
563.0,31752.0,89972.0,58220.0,29110.0,1.8335852859662383,64.12804920967159,12919.506662961689,2.4576789832872086,0.0,0.0,1.0,inf,31752.0,inf,220.0,43.0,177.0,0.0,0.0,0.0,0.0,0.0,0.0
564.0,31791.0,90085.0,58294.0,29147.0,1.8336636154886603,64.12804920967159,12919.506662961689,2.460697674404247,0.0,0.0,1.0,inf,31791.0,inf,216.0,39.0,177.0,0.0,0.0,0.0,0.0,0.0,0.0
565.0,31835.0,90209.0,58374.0,29187.0,1.833642217684938,64.12804920967159,12919.506662961689,2.464103377202957,0.0,0.0,1.0,inf,31835.0,inf,220.0,44.0,176.0,0.0,0.0,0.0,0.0,0.0,0.0
566.0,31869.0,90309.0,58440.0,29220.0,1.833756942483291,64.12804920967159,12919.506662961689,2.4667350566383237,0.0,0.0,1.0,inf,31869.0,inf,218.0,34.0,184.0,0.0,0.0,0.0,0.0,0.0,0.0
567.0,31917.0,90443.0,58526.0,29263.0,1.8336936428862363,64.87315645687843,13221.475710775265,2.41402704949102,0.0,0.0,1.0,inf,31917.0,inf,218.0,48.0,170.0,0.0,0.0,0.0,0.0,0.0,0.0
568.0,31953.0,90543.0,58590.0,29295.0,1.8336306450098583,64.87315645687843,13221.475710775265,2.416749892295221,0.0,0.0,1.0,inf,31953.0,inf,219.0,36.0,183.0,0.0,0.0,0.0,0.0,0.0,0.0
569.0,31990.0,90650.0,58660.0,29330.0,1.8336980306345734,64.87315645687843,13221.475710775265,2.4195483696217606,0.0,0.0,1.0,inf,31990.0,inf,219.0,37.0,182.0,0.0,0.0,0.0,0.0,0.0,0.0
570.0,32024.0,90752.0,58728.0,29364.0,1.8338745940544592,64.87315645687843,13221.475710775265,2.4221199433812837,0.0,0.0,1.0,inf,32024.0,inf,219.0,34.0,185.0,0.0,0.0,0.0,0.0,0.0,0.0
571.0,32062.0,90866.0,58804.0,29402.0,1.8340714864949161,64.87315645687843,13221.475710775265,2.424994055230162,0.0,0.0,1.0,inf,32062.0,inf,219.0,38.0,181.0,0.0,0.0,0.0,0.0,0.0,0.0
572.0,32105.0,90991.0,58886.0,29443.0,1.8341691325338731,64.87315645687843,13221.475710775265,2.4282463396907352,0.0,0.0,1.0,inf,32105.0,inf,218.0,43.0,175.0,0.0,0.0,0.0,0.0,0.0,0.0
573.0,32141.0,91093.0,58952.0,29476.0,1.83416819638468,64.87315645687843,13221.475710775265,2.430969182494936,0.0,0.0,1.0,inf,32141.0,inf,217.0,36.0,181.0,0.0,0.0,0.0,0.0,0.0,0.0
574.0,32190.0,91232.0,59042.0,29521.0,1.8341721031376204,64.87315645687843,13221.475710775265,2.4346752740895425,0.0,0.0,1.0,inf,32190.0,inf,217.0,49.0,168.0,0.0,0.0,0.0,0.0,0.0,0.0
575.0,32227.0,91337.0,59110.0,29555.0,1.8341763117882521,64.87315645687843,13221.475710775265,2.4374737514160825,0.0,0.0,1.0,inf,32227.0,inf,218.0,37.0,181.0,0.0,0.0,0.0,0.0,0.0,0.0
576.0,32278.0,91484.0,59206.0,29603.0,1.834252431997026,64.87315645687843,13221.475710775265,2.441331112055367,0.0,0.0,1.0,inf,32278.0,inf,216.0,51.0,165.0,0.0,0.0,0.0,0.0,0.0,0.0
577.0,32320.0,91600.0,59280.0,29640.0,1.8341584158415842,64.87315645687843,13221.475710775265,2.4445077619936013,0.0,0.0,1.0,inf,32320.0,inf,220.0,42.0,178.0,0.0,0.0,0.0,0.0,0.0,0.0
578.0,32357.0,91707.0,59350.0,29675.0,1.8342244336619589,64.87315645687843,13221.475710775265,2.447306239320141,0.0,0.0,1.0,inf,32357.0,inf,218.0,37.0,181.0,0.0,0.0,0.0,0.0,0.0,0.0
579.0,32397.0,91823.0,59426.0,29713.0,1.8343056455844677,64.87315645687843,13221.475710775265,2.450331620213697,0.0,0.0,1.0,inf,32397.0,inf,219.0,40.0,179.0,0.0,0.0,0.0,0.0,0.0,0.0
580.0,32449.0,91967.0,59518.0,29759.0,1.8342013621375082,64.87315645687843,13221.475710775265,2.4542646153753207,0.0,0.0,1.0,inf,32449.0,inf,218.0,52.0,166.0,0.0,0.0,0.0,0.0,0.0,0.0
581.0,32498.0,92102.0,59604.0,29802.0,1.8340820973598375,64.87315645687843,13221.475710775265,2.4579707069699275,0.0,0.0,1.0,inf,32498.0,inf,218.0,49.0,169.0,0.0,0.0,0.0,0.0,0.0,0.0
582.0,32538.0,92212.0,59674.0,29837.0,1.8339787325588544,64.87315645687843,13221.475710775265,2.460996087863484,0.0,0.0,1.0,inf,32538.0,inf,220.0,40.0,180.0,0.0,0.0,0.0,0.0,0.0,0.0
583.0,32574.0,92312.0,59738.0,29869.0,1.8339166206176705,64.87315645687843,13221.475710775265,2.4637189306676848,0.0,0.0,1.0,inf,32574.0,inf,219.0,36.0,183.0,0.0,0.0,0.0,0.0,0.0,0.0
584.0,32608.0,92406.0,59798.0,29899.0,1.8338444553483808,64.87315645687843,13221.475710775265,2.4662905044272074,0.0,0.0,1.0,inf,32608.0,inf,219.0,34.0,185.0,0.0,0.0,0.0,0.0,0.0,0.0
585.0,32646.0,92516.0,59870.0,29935.0,1.8339153341910188,64.87315645687843,13221.475710775265,2.4691646162760863,0.0,0.0,1.0,inf,32646.0,inf,219.0,38.0,181.0,0.0,0.0,0.0,0.0,0.0,0.0
586.0,32682.0,92622.0,59940.0,29970.0,1.8340370846337433,64.87315645687843,13221.475710775265,2.471887459080287,0.0,0.0,1.0,inf,32682.0,inf,218.0,36.0,182.0,0.0,0.0,0.0,0.0,0.0,0.0
587.0,32721.0,92727.0,60006.0,30003.0,1.833868158063629,64.87315645687843,13221.475710775265,2.4748372054515047,0.0,0.0,1.0,inf,32721.0,inf,220.0,39.0,181.0,0.0,0.0,0.0,0.0,0.0,0.0
588.0,32767.0,92853.0,60086.0,30043.0,1.8337351603747674,64.87315645687843,13221.475710775265,2.478316393479094,0.0,0.0,1.0,inf,32767.0,inf,217.0,46.0,171.0,0.0,0.0,0.0,0.0,0.0,0.0
589.0,32800.0,92948.0,60148.0,30074.0,1.833780487804878,65.20522929161604,13357.178370882571,2.455608444332899,0.0,0.0,1.0,inf,32800.0,inf,219.0,33.0,186.0,0.0,0.0,0.0,0.0,0.0,0.0
590.0,32844.0,93068.0,60224.0,30112.0,1.833637802947266,65.20522929161604,13357.178370882571,2.4589025532216384,0.0,0.0,1.0,inf,32844.0,inf,219.0,44.0,175.0,0.0,0.0,0.0,0.0,0.0,0.0
591.0,32870.0,93140.0,60270.0,30135.0,1.8335868573167022,65.20522929161604,13357.178370882571,2.460849072110439,0.0,0.0,1.0,inf,32870.0,inf,219.0,26.0,193.0,0.0,0.0,0.0,0.0,0.0,0.0
592.0,32912.0,93264.0,60352.0,30176.0,1.8337384540593096,65.20522929161604,13357.178370882571,2.4639934487769626,0.0,0.0,1.0,inf,32912.0,inf,219.0,42.0,177.0,0.0,0.0,0.0,0.0,0.0,0.0
593.0,32951.0,93373.0,60422.0,30211.0,1.8336924524293647,65.20522929161604,13357.178370882571,2.4669132271101635,0.0,0.0,1.0,inf,32951.0,inf,217.0,39.0,178.0,0.0,0.0,0.0,0.0,0.0,0.0
594.0,32989.0,93487.0,60498.0,30249.0,1.8338840219467094,65.20522929161604,13357.178370882571,2.4697581393322565,0.0,0.0,1.0,inf,32989.0,inf,218.0,38.0,180.0,0.0,0.0,0.0,0.0,0.0,0.0
595.0,33026.0,93590.0,60564.0,30282.0,1.8338278931750742,65.20522929161604,13357.178370882571,2.4725281854432417,0.0,0.0,1.0,inf,33026.0,inf,220.0,37.0,183.0,0.0,0.0,0.0,0.0,0.0,0.0
596.0,33068.0,93712.0,60644.0,30322.0,1.8339179871779363,65.20522929161604,13357.178370882571,2.4756725621097657,0.0,0.0,1.0,inf,33068.0,inf,220.0,42.0,178.0,0.0,0.0,0.0,0.0,0.0,0.0
597.0,33110.0,93824.0,60714.0,30357.0,1.8337058290546662,65.20522929161604,13357.178370882571,2.4788169387762893,0.0,0.0,1.0,inf,33110.0,inf,217.0,42.0,175.0,0.0,0.0,0.0,0.0,0.0,0.0
598.0,33141.0,93915.0,60774.0,30387.0,1.8338010319543767,65.20522929161604,13357.178370882571,2.4811377882206282,0.0,0.0,1.0,inf,33141.0,inf,217.0,31.0,186.0,0.0,0.0,0.0,0.0,0.0,0.0
599.0,33193.0,94063.0,60870.0,30435.0,1.8338203838158649,65.60573911786749,13521.769797361909,2.454782213972903,0.0,0.0,1.0,inf,33193.0,inf,220.0,52.0,168.0,0.0,0.0,0.0,0.0,0.0,0.0
600.0,33237.0,94181.0,60944.0,30472.0,1.833619159370581,65.60573911786749,13521.769797361909,2.4580362258854995,0.0,0.0,1.0,inf,33237.0,inf,217.0,44.0,173.0,0.0,0.0,0.0,0.0,0.0,0.0
601.0,33278.0,94300.0,61022.0,30511.0,1.8337039485546007,65.60573911786749,13521.769797361909,2.4610683733495096,0.0,0.0,1.0,inf,33278.0,inf,217.0,41.0,176.0,0.0,0.0,0.0,0.0,0.0,0.0
602.0,33306.0,94376.0,61070.0,30535.0,1.8336035549150302,65.60573911786749,13521.769797361909,2.46313910820298,0.0,0.0,1.0,inf,33306.0,inf,220.0,28.0,192.0,0.0,0.0,0.0,0.0,0.0,0.0
603.0,33344.0,94478.0,61134.0,30567.0,1.83343330134357,65.60573911786749,13521.769797361909,2.465949391218404,0.0,0.0,1.0,inf,33344.0,inf,218.0,38.0,180.0,0.0,0.0,0.0,0.0,0.0,0.0
604.0,33396.0,94632.0,61236.0,30618.0,1.8336327703916637,66.16523428894561,13753.384417294912,2.428202323640751,0.0,0.0,1.0,inf,33396.0,inf,217.0,52.0,165.0,0.0,0.0,0.0,0.0,0.0,0.0
605.0,33448.0,94782.0,61334.0,30667.0,1.8337120306146855,66.16523428894561,13753.384417294912,2.4319832111970245,0.0,0.0,1.0,inf,33448.0,inf,218.0,52.0,166.0,0.0,0.0,0.0,0.0,0.0,0.0
606.0,33493.0,94909.0,61416.0,30708.0,1.8336965933180067,66.16523428894561,13753.384417294912,2.435255133120723,0.0,0.0,1.0,inf,33493.0,inf,220.0,45.0,175.0,0.0,0.0,0.0,0.0,0.0,0.0
607.0,33538.0,95040.0,61502.0,30751.0,1.8338004651440158,66.16523428894561,13753.384417294912,2.4385270550444216,0.0,0.0,1.0,inf,33538.0,inf,218.0,45.0,173.0,0.0,0.0,0.0,0.0,0.0,0.0
608.0,33575.0,95147.0,61572.0,30786.0,1.8338644825018615,66.16523428894561,13753.384417294912,2.4412173019594627,0.0,0.0,1.0,inf,33575.0,inf,216.0,37.0,179.0,0.0,0.0,0.0,0.0,0.0,0.0
609.0,33611.0,95249.0,61638.0,30819.0,1.8338639135997143,66.16523428894561,13753.384417294912,2.4438348394984213,0.0,0.0,1.0,inf,33611.0,inf,217.0,36.0,181.0,0.0,0.0,0.0,0.0,0.0,0.0
610.0,33650.0,95362.0,61712.0,30856.0,1.8339375928677564,66.16523428894561,13753.384417294912,2.446670505165627,0.0,0.0,1.0,inf,33650.0,inf,217.0,39.0,178.0,0.0,0.0,0.0,0.0,0.0,0.0
611.0,33695.0,95491.0,61796.0,30898.0,1.8339813028639265,66.16523428894561,13753.384417294912,2.4499424270893253,0.0,0.0,1.0,inf,33695.0,inf,220.0,45.0,175.0,0.0,0.0,0.0,0.0,0.0,0.0
612.0,33739.0,95615.0,61876.0,30938.0,1.8339606983016687,66.16523428894561,13753.384417294912,2.453141639636941,0.0,0.0,1.0,inf,33739.0,inf,217.0,44.0,173.0,0.0,0.0,0.0,0.0,0.0,0.0
613.0,33779.0,95729.0,61950.0,30975.0,1.8339796915243198,66.16523428894561,13753.384417294912,2.456050014680229,0.0,0.0,1.0,inf,33779.0,inf,219.0,40.0,179.0,0.0,0.0,0.0,0.0,0.0,0.0
614.0,33816.0,95826.0,62010.0,31005.0,1.8337473385379701,66.16523428894561,13753.384417294912,2.45874026159527,0.0,0.0,1.0,inf,33816.0,inf,216.0,37.0,179.0,0.0,0.0,0.0,0.0,0.0,0.0
615.0,33862.0,95956.0,62094.0,31047.0,1.8337369322544446,66.16523428894561,13753.384417294912,2.4620848928950503,0.0,0.0,1.0,inf,33862.0,inf,219.0,46.0,173.0,0.0,0.0,0.0,0.0,0.0,0.0
616.0,33913.0,96103.0,62190.0,31095.0,1.8338100433462095,66.16523428894561,13753.384417294912,2.4657930710752423,0.0,0.0,1.0,inf,33913.0,inf,219.0,51.0,168.0,0.0,0.0,0.0,0.0,0.0,0.0
617.0,33957.0,96229.0,62272.0,31136.0,1.8338486909915481,66.16523428894561,13753.384417294912,2.468992283622858,0.0,0.0,1.0,inf,33957.0,inf,220.0,44.0,176.0,0.0,0.0,0.0,0.0,0.0,0.0
618.0,33992.0,96324.0,62332.0,31166.0,1.8337255824899976,66.16523428894561,13753.384417294912,2.471537111785735,0.0,0.0,1.0,inf,33992.0,inf,217.0,35.0,182.0,0.0,0.0,0.0,0.0,0.0,0.0
619.0,34032.0,96436.0,62404.0,31202.0,1.8336859426422192,66.16523428894561,13753.384417294912,2.4744454868290227,0.0,0.0,1.0,inf,34032.0,inf,219.0,40.0,179.0,0.0,0.0,0.0,0.0,0.0,0.0
620.0,34068.0,96534.0,62466.0,31233.0,1.833568157802043,66.16523428894561,13753.384417294912,2.477063024367981,0.0,0.0,1.0,inf,34068.0,inf,220.0,36.0,184.0,0.0,0.0,0.0,0.0,0.0,0.0
621.0,34111.0,96653.0,62542.0,31271.0,1.8334847996247545,66.16523428894561,13753.384417294912,2.4801895275395154,0.0,0.0,1.0,inf,34111.0,inf,218.0,43.0,175.0,0.0,0.0,0.0,0.0,0.0,0.0
622.0,34150.0,96760.0,62610.0,31305.0,1.8333821376281112,66.16523428894561,13753.384417294912,2.4830251932067204,0.0,0.0,1.0,inf,34150.0,inf,218.0,39.0,179.0,0.0,0.0,0.0,0.0,0.0,0.0
623.0,34189.0,96873.0,62684.0,31342.0,1.8334552048904618,66.16523428894561,13753.384417294912,2.485860858873926,0.0,0.0,1.0,inf,34189.0,inf,220.0,39.0,181.0,0.0,0.0,0.0,0.0,0.0,0.0
624.0,34229.0,96985.0,62756.0,31378.0,1.8334161091472143,66.16523428894561,13753.384417294912,2.4887692339172136,0.0,0.0,1.0,inf,34229.0,inf,219.0,40.0,179.0,0.0,0.0,0.0,0.0,0.0,0.0
625.0,34271.0,97107.0,62836.0,31418.0,1.8335035452715123,66.16523428894561,13753.384417294912,2.491823027712665,0.0,0.0,1.0,inf,34271.0,inf,217.0,42.0,175.0,0.0,0.0,0.0,0.0,0.0,0.0
626.0,34307.0,97213.0,62906.0,31453.0,1.8336199609409158,66.16523428894561,13753.384417294912,2.494440565251624,0.0,0.0,1.0,inf,34307.0,inf,219.0,36.0,183.0,0.0,0.0,0.0,0.0,0.0,0.0
627.0,34338.0,97302.0,62964.0,31482.0,1.8336536781408352,66.16523428894561,13753.384417294912,2.496694555910172,0.0,0.0,1.0,inf,34338.0,inf,220.0,31.0,189.0,0.0,0.0,0.0,0.0,0.0,0.0
628.0,34372.0,97402.0,63030.0,31515.0,1.8337600372396137,66.16523428894561,13753.384417294912,2.4991666746969665,0.0,0.0,1.0,inf,34372.0,inf,216.0,34.0,182.0,0.0,0.0,0.0,0.0,0.0,0.0
629.0,34406.0,97502.0,63096.0,31548.0,1.833866186130326,66.16523428894561,13753.384417294912,2.5016387934837607,0.0,0.0,1.0,inf,34406.0,inf,220.0,34.0,186.0,0.0,0.0,0.0,0.0,0.0,0.0
630.0,34446.0,97616.0,63170.0,31585.0,1.8338849213261337,66.16523428894561,13753.384417294912,2.5045471685270484,0.0,0.0,1.0,inf,34446.0,inf,220.0,40.0,180.0,0.0,0.0,0.0,0.0,0.0,0.0
631.0,34488.0,97736.0,63248.0,31624.0,1.8339132451867317,66.16523428894561,13753.384417294912,2.5076009623225004,0.0,0.0,1.0,inf,34488.0,inf,219.0,42.0,177.0,0.0,0.0,0.0,0.0,0.0,0.0
632.0,34531.0,97851.0,63320.0,31660.0,1.8337146332281138,66.16523428894561,13753.384417294912,2.510727465494034,0.0,0.0,1.0,inf,34531.0,inf,218.0,43.0,175.0,0.0,0.0,0.0,0.0,0.0,0.0
633.0,34566.0,97948.0,63382.0,31691.0,1.833651565121796,66.16523428894561,13753.384417294912,2.513272293656911,0.0,0.0,1.0,inf,34566.0,inf,219.0,35.0,184.0,0.0,0.0,0.0,0.0,0.0,0.0
634.0,34608.0,98074.0,63466.0,31733.0,1.8338534442903376,66.16523428894561,13753.384417294912,2.516326087452363,0.0,0.0,1.0,inf,34608.0,inf,219.0,42.0,177.0,0.0,0.0,0.0,0.0,0.0,0.0
635.0,34654.0,98204.0,63550.0,31775.0,1.8338431349916315,66.95007143616904,14081.598655468939,2.4609421733903245,0.0,0.0,1.0,inf,34654.0,inf,218.0,46.0,172.0,0.0,0.0,0.0,0.0,0.0,0.0
636.0,34693.0,98313.0,63620.0,31810.0,1.8337993255123513,66.95007143616904,14081.598655468939,2.4637117452943533,0.0,0.0,1.0,inf,34693.0,inf,217.0,39.0,178.0,0.0,0.0,0.0,0.0,0.0,0.0
637.0,34736.0,98436.0,63700.0,31850.0,1.8338323353293413,66.95007143616904,14081.598655468939,2.466765375855206,0.0,0.0,1.0,inf,34736.0,inf,219.0,43.0,176.0,0.0,0.0,0.0,0.0,0.0,0.0
638.0,34777.0,98547.0,63770.0,31885.0,1.8336831814130028,66.95007143616904,14081.598655468939,2.4696769770876466,0.0,0.0,1.0,inf,34777.0,inf,220.0,41.0,179.0,0.0,0.0,0.0,0.0,0.0,0.0
639.0,34816.0,98664.0,63848.0,31924.0,1.8338694852941178,66.95007143616904,14081.598655468939,2.472446548991676,0.0,0.0,1.0,inf,34816.0,inf,217.0,39.0,178.0,0.0,0.0,0.0,0.0,0.0,0.0
640.0,34854.0,98774.0,63920.0,31960.0,1.8339358466747002,66.95007143616904,14081.598655468939,2.475145106231499,0.0,0.0,1.0,inf,34854.0,inf,218.0,38.0,180.0,0.0,0.0,0.0,0.0,0.0,0.0
641.0,34887.0,98869.0,63982.0,31991.0,1.833978272709032,66.95007143616904,14081.598655468939,2.4774885901502928,0.0,0.0,1.0,inf,34887.0,inf,219.0,33.0,186.0,0.0,0.0,0.0,0.0,0.0,0.0
642.0,34915.0,98947.0,64032.0,32016.0,1.8339395675211227,66.95007143616904,14081.598655468939,2.4794770007480573,0.0,0.0,1.0,inf,34915.0,inf,220.0,28.0,192.0,0.0,0.0,0.0,0.0,0.0,0.0
643.0,34951.0,99047.0,64096.0,32048.0,1.833881720122457,66.95007143616904,14081.598655468939,2.4820335286594686,0.0,0.0,1.0,inf,34951.0,inf,219.0,36.0,183.0,0.0,0.0,0.0,0.0,0.0,0.0
644.0,34980.0,99132.0,64152.0,32076.0,1.8339622641509434,66.95007143616904,14081.598655468939,2.484092953921439,0.0,0.0,1.0,inf,34980.0,inf,218.0,29.0,189.0,0.0,0.0,0.0,0.0,0.0,0.0
645.0,35029.0,99271.0,64242.0,32121.0,1.8339661423392046,66.95007143616904,14081.598655468939,2.4875726724675267,0.0,0.0,1.0,inf,35029.0,inf,218.0,49.0,169.0,0.0,0.0,0.0,0.0,0.0,0.0
646.0,35067.0,99379.0,64312.0,32156.0,1.833974962215188,66.95007143616904,14081.598655468939,2.49027122970735,0.0,0.0,1.0,inf,35067.0,inf,217.0,38.0,179.0,0.0,0.0,0.0,0.0,0.0,0.0
647.0,35109.0,99497.0,64388.0,32194.0,1.833945711925717,66.95007143616904,14081.598655468939,2.4932538456039968,0.0,0.0,1.0,inf,35109.0,inf,219.0,42.0,177.0,0.0,0.0,0.0,0.0,0.0,0.0
648.0,35146.0,99598.0,64452.0,32226.0,1.8338359984066466,66.95007143616904,14081.598655468939,2.495881388179614,0.0,0.0,1.0,inf,35146.0,inf,220.0,37.0,183.0,0.0,0.0,0.0,0.0,0.0,0.0
649.0,35192.0,99728.0,64536.0,32268.0,1.833825869515799,66.95007143616904,14081.598655468939,2.499148062733084,0.0,0.0,1.0,inf,35192.0,inf,219.0,46.0,173.0,0.0,0.0,0.0,0.0,0.0,0.0
650.0,35233.0,99849.0,64616.0,32308.0,1.8339624783583572,66.95007143616904,14081.598655468939,2.502059663965525,0.0,0.0,1.0,inf,35233.0,inf,216.0,41.0,175.0,0.0,0.0,0.0,0.0,0.0,0.0
651.0,35272.0,99956.0,64684.0,32342.0,1.83386255386709,66.95007143616904,14081.598655468939,2.504829235869554,0.0,0.0,1.0,inf,35272.0,inf,218.0,39.0,179.0,0.0,0.0,0.0,0.0,0.0,0.0
652.0,35313.0,100077.0,64764.0,32382.0,1.8339988106363097,66.95007143616904,14081.598655468939,2.507740837101995,0.0,0.0,1.0,inf,35313.0,inf,219.0,41.0,178.0,0.0,0.0,0.0,0.0,0.0,0.0
653.0,35358.0,100202.0,64844.0,32422.0,1.833927258329091,66.96011599931096,14085.82431540419,2.510183231614827,0.0,0.0,1.0,inf,35358.0,inf,218.0,45.0,173.0,0.0,0.0,0.0,0.0,0.0,0.0
654.0,35398.0,100322.0,64924.0,32462.0,1.8341149217469914,66.96011599931096,14085.82431540419,2.5130229660247085,0.0,0.0,1.0,inf,35398.0,inf,218.0,40.0,178.0,0.0,0.0,0.0,0.0,0.0,0.0
655.0,35434.0,100426.0,64992.0,32496.0,1.83417057063837,66.96011599931096,14085.82431540419,2.5155787269936023,0.0,0.0,1.0,inf,35434.0,inf,219.0,36.0,183.0,0.0,0.0,0.0,0.0,0.0,0.0
656.0,35480.0,100558.0,65078.0,32539.0,1.8342164599774522,66.96011599931096,14085.82431540419,2.518844421564966,0.0,0.0,1.0,inf,35480.0,inf,220.0,46.0,174.0,0.0,0.0,0.0,0.0,0.0,0.0
657.0,35524.0,100686.0,65162.0,32581.0,1.8343091994144805,66.96011599931096,14085.82431540419,2.5219681294158356,0.0,0.0,1.0,inf,35524.0,inf,218.0,44.0,174.0,0.0,0.0,0.0,0.0,0.0,0.0
658.0,35564.0,100792.0,65228.0,32614.0,1.8341019007985604,66.96011599931096,14085.82431540419,2.524807863825717,0.0,0.0,1.0,inf,35564.0,inf,218.0,40.0,178.0,0.0,0.0,0.0,0.0,0.0,0.0
659.0,35598.0,100888.0,65290.0,32645.0,1.834091802910276,66.96011599931096,14085.82431540419,2.5272216380741166,0.0,0.0,1.0,inf,35598.0,inf,219.0,34.0,185.0,0.0,0.0,0.0,0.0,0.0,0.0
660.0,35632.0,100988.0,65356.0,32678.0,1.8341939829366862,66.96011599931096,14085.82431540419,2.529635412322516,0.0,0.0,1.0,inf,35632.0,inf,217.0,34.0,183.0,0.0,0.0,0.0,0.0,0.0,0.0
661.0,35664.0,101076.0,65412.0,32706.0,1.8341184387617766,66.96011599931096,14085.82431540419,2.5319071998504215,0.0,0.0,1.0,inf,35664.0,inf,220.0,32.0,188.0,0.0,0.0,0.0,0.0,0.0,0.0
662.0,35701.0,101179.0,65478.0,32739.0,1.8340662726534271,66.96011599931096,14085.82431540419,2.5345339541795617,0.0,0.0,1.0,inf,35701.0,inf,220.0,37.0,183.0,0.0,0.0,0.0,0.0,0.0,0.0
663.0,35744.0,101302.0,65558.0,32779.0,1.834098030438675,66.96011599931096,14085.82431540419,2.5375866686701842,0.0,0.0,1.0,inf,35744.0,inf,219.0,43.0,176.0,0.0,0.0,0.0,0.0,0.0,0.0
664.0,35790.0,101432.0,65642.0,32821.0,1.8340877340039117,66.96011599931096,14085.82431540419,2.540852363241548,0.0,0.0,1.0,inf,35790.0,inf,220.0,46.0,174.0,0.0,0.0,0.0,0.0,0.0,0.0
665.0,35829.0,101543.0,65714.0,32857.0,1.8341008680119457,66.96011599931096,14085.82431540419,2.5436211042911827,0.0,0.0,1.0,inf,35829.0,inf,220.0,39.0,181.0,0.0,0.0,0.0,0.0,0.0,0.0
666.0,35877.0,101685.0,65808.0,32904.0,1.834267079187223,66.96011599931096,14085.82431540419,2.5470287855830405,0.0,0.0,1.0,inf,35877.0,inf,220.0,48.0,172.0,0.0,0.0,0.0,0.0,0.0,0.0
667.0,35917.0,101797.0,65880.0,32940.0,1.834228916668987,67.20638609452217,14189.626297934277,2.531215357322609,0.0,0.0,1.0,inf,35917.0,inf,219.0,40.0,179.0,0.0,0.0,0.0,0.0,0.0,0.0
668.0,35957.0,101903.0,65946.0,32973.0,1.8340239730789554,67.20638609452217,14189.626297934277,2.5340343181014298,0.0,0.0,1.0,inf,35957.0,inf,219.0,40.0,179.0,0.0,0.0,0.0,0.0,0.0,0.0
669.0,35993.0,102011.0,66018.0,33009.0,1.8341899813852693,67.2494679223248,14207.824299948152,2.533322431368422,0.0,0.0,1.0,inf,35993.0,inf,219.0,36.0,183.0,0.0,0.0,0.0,0.0,0.0,0.0
670.0,36035.0,102133.0,66098.0,33049.0,1.8342722353267658,67.2494679223248,14207.824299948152,2.53627854900567,0.0,0.0,1.0,inf,36035.0,inf,218.0,42.0,176.0,0.0,0.0,0.0,0.0,0.0,0.0
671.0,36067.0,102219.0,66152.0,33076.0,1.8341420134749218,67.2494679223248,14207.824299948152,2.53853082911024,0.0,0.0,1.0,inf,36067.0,inf,220.0,32.0,188.0,0.0,0.0,0.0,0.0,0.0,0.0
672.0,36112.0,102346.0,66234.0,33117.0,1.834127159946832,67.2494679223248,14207.824299948152,2.541698098007292,0.0,0.0,1.0,inf,36112.0,inf,219.0,45.0,174.0,0.0,0.0,0.0,0.0,0.0,0.0
673.0,36146.0,102438.0,66292.0,33146.0,1.834006529076523,67.2494679223248,14207.824299948152,2.5440911456183977,0.0,0.0,1.0,inf,36146.0,inf,218.0,34.0,184.0,0.0,0.0,0.0,0.0,0.0,0.0
674.0,36193.0,102577.0,66384.0,33192.0,1.8341668278396375,67.2494679223248,14207.824299948152,2.5473991820219846,0.0,0.0,1.0,inf,36193.0,inf,220.0,47.0,173.0,0.0,0.0,0.0,0.0,0.0,0.0
675.0,36233.0,102681.0,66448.0,33224.0,1.8339083156238787,67.2494679223248,14207.824299948152,2.5502145321526974,0.0,0.0,1.0,inf,36233.0,inf,219.0,40.0,179.0,0.0,0.0,0.0,0.0,0.0,0.0
676.0,36273.0,102789.0,66516.0,33258.0,1.8337606484161773,67.2494679223248,14207.824299948152,2.55302988228341,0.0,0.0,1.0,inf,36273.0,inf,219.0,40.0,179.0,0.0,0.0,0.0,0.0,0.0,0.0
677.0,36307.0,102887.0,66580.0,33290.0,1.8338061530834275,67.2494679223248,14207.824299948152,2.5554229298945157,0.0,0.0,1.0,inf,36307.0,inf,220.0,34.0,186.0,0.0,0.0,0.0,0.0,0.0,0.0
678.0,36345.0,102997.0,66652.0,33326.0,1.83386985830238,67.2494679223248,14207.824299948152,2.5580975125186924,0.0,0.0,1.0,inf,36345.0,inf,219.0,38.0,181.0,0.0,0.0,0.0,0.0,0.0,0.0
679.0,36376.0,103084.0,66708.0,33354.0,1.8338464921926545,67.2494679223248,14207.824299948152,2.5602794088699947,0.0,0.0,1.0,inf,36376.0,inf,220.0,31.0,189.0,0.0,0.0,0.0,0.0,0.0,0.0
680.0,36416.0,103196.0,66780.0,33390.0,1.8338093145869947,67.2494679223248,14207.824299948152,2.563094759000707,0.0,0.0,1.0,inf,36416.0,inf,219.0,40.0,179.0,0.0,0.0,0.0,0.0,0.0,0.0
681.0,36454.0,103300.0,66846.0,33423.0,1.8337082350359357,67.2494679223248,14207.824299948152,2.5657693416248843,0.0,0.0,1.0,inf,36454.0,inf,218.0,38.0,180.0,0.0,0.0,0.0,0.0,0.0,0.0
682.0,36494.0,103416.0,66922.0,33461.0,1.8337808954896695,67.2494679223248,14207.824299948152,2.568584691755597,0.0,0.0,1.0,inf,36494.0,inf,218.0,40.0,178.0,0.0,0.0,0.0,0.0,0.0,0.0
683.0,36527.0,103509.0,66982.0,33491.0,1.8337668026391436,67.2494679223248,14207.824299948152,2.5709073556134348,0.0,0.0,1.0,inf,36527.0,inf,220.0,33.0,187.0,0.0,0.0,0.0,0.0,0.0,0.0
684.0,36564.0,103616.0,67052.0,33526.0,1.833825620829231,67.3586722684571,14254.005064579296,2.5651737763767364,0.0,0.0,1.0,inf,36564.0,inf,219.0,37.0,182.0,0.0,0.0,0.0,0.0,0.0,0.0
685.0,36605.0,103731.0,67126.0,33563.0,1.8337931976505941,67.3586722684571,14254.005064579296,2.5680501609307087,0.0,0.0,1.0,inf,36605.0,inf,218.0,41.0,177.0,0.0,0.0,0.0,0.0,0.0,0.0
686.0,36652.0,103868.0,67216.0,33608.0,1.8338971952417331,67.3586722684571,14254.005064579296,2.5713474798096527,0.0,0.0,1.0,inf,36652.0,inf,218.0,47.0,171.0,0.0,0.0,0.0,0.0,0.0,0.0
687.0,36686.0,103958.0,67272.0,33636.0,1.8337240364171619,67.3586722684571,14254.005064579296,2.573732774317825,0.0,0.0,1.0,inf,36686.0,inf,218.0,34.0,184.0,0.0,0.0,0.0,0.0,0.0,0.0
688.0,36727.0,104077.0,67350.0,33675.0,1.833800746045144,67.3586722684571,14254.005064579296,2.5766091588717974,0.0,0.0,1.0,inf,36727.0,inf,218.0,41.0,177.0,0.0,0.0,0.0,0.0,0.0,0.0
689.0,36768.0,104198.0,67430.0,33715.0,1.8339316797214968,67.82675786263529,14452.799871570021,2.544005336455673,0.0,0.0,1.0,inf,36768.0,inf,218.0,41.0,177.0,0.0,0.0,0.0,0.0,0.0,0.0
690.0,36805.0,104303.0,67498.0,33749.0,1.8339356065751935,67.95682217373455,14508.282275864007,2.5368268482912573,0.0,0.0,1.0,inf,36805.0,inf,220.0,37.0,183.0,0.0,0.0,0.0,0.0,0.0,0.0
691.0,36844.0,104416.0,67572.0,33786.0,1.834002822711975,67.95682217373455,14508.282275864007,2.5395149680326883,0.0,0.0,1.0,inf,36844.0,inf,219.0,39.0,180.0,0.0,0.0,0.0,0.0,0.0,0.0
692.0,36873.0,104497.0,67624.0,33812.0,1.8339706560355815,67.95682217373455,14508.282275864007,2.541513826301957,0.0,0.0,1.0,inf,36873.0,inf,220.0,29.0,191.0,0.0,0.0,0.0,0.0,0.0,0.0
693.0,36910.0,104606.0,67696.0,33848.0,1.8340829043619615,67.95682217373455,14508.282275864007,2.544064093748956,0.0,0.0,1.0,inf,36910.0,inf,218.0,37.0,181.0,0.0,0.0,0.0,0.0,0.0,0.0
694.0,36939.0,104687.0,67748.0,33874.0,1.8340507322883672,68.1286853748098,14581.758130565358,2.5332336244537488,0.0,0.0,1.0,inf,36939.0,inf,216.0,29.0,187.0,0.0,0.0,0.0,0.0,0.0,0.0
695.0,36980.0,104806.0,67826.0,33913.0,1.8341265548945376,68.1286853748098,14581.758130565358,2.536045356731358,0.0,0.0,1.0,inf,36980.0,inf,217.0,41.0,176.0,0.0,0.0,0.0,0.0,0.0,0.0
696.0,37020.0,104914.0,67894.0,33947.0,1.8339816315505133,68.1286853748098,14581.758130565358,2.5387885101729277,0.0,0.0,1.0,inf,37020.0,inf,218.0,40.0,178.0,0.0,0.0,0.0,0.0,0.0,0.0
697.0,37050.0,105000.0,67950.0,33975.0,1.834008097165992,68.1286853748098,14581.758130565358,2.540845875254105,0.0,0.0,1.0,inf,37050.0,inf,219.0,30.0,189.0,0.0,0.0,0.0,0.0,0.0,0.0
698.0,37095.0,105129.0,68034.0,34017.0,1.8340477153255155,68.1286853748098,14581.758130565358,2.543931922875871,0.0,0.0,1.0,inf,37095.0,inf,217.0,45.0,172.0,0.0,0.0,0.0,0.0,0.0,0.0
699.0,37130.0,105228.0,68098.0,34049.0,1.8340425531914895,68.1286853748098,14581.758130565358,2.546332182137245,0.0,0.0,1.0,inf,37130.0,inf,218.0,35.0,183.0,0.0,0.0,0.0,0.0,0.0,0.0
700.0,37166.0,105330.0,68164.0,34082.0,1.8340418662218156,68.1286853748098,14581.758130565358,2.5488010202346576,0.0,0.0,1.0,inf,37166.0,inf,219.0,36.0,183.0,0.0,0.0,0.0,0.0,0.0,0.0
