t,site_subsystems,total_subsystems,interface_subsystems,n_links,mean_degree,frontier_radius,volume_proxy,density,energy_remaining,energy_density,creation_rate_modifier,memory_total,memory_bound,memory_free,birth_attempts,births_accepted,births_reject_exclusion,births_reject_memory,births_reject_energy,deaths_attempted,deaths_executed,links_attempted_random,links_added_random
0.0,2.0,4.0,2.0,1.0,1.0,0.18447157269650857,0.10690764757923547,18.707735557624012,0.0,0.0,1.0,inf,2.0,inf,0.0,0.0,0.0,0.0,0.0,0.0,0.0,0.0,0.0
1.0,2.0,4.0,2.0,1.0,1.0,0.18447157269650857,0.10690764757923547,18.707735557624012,0.0,0.0,1.0,inf,2.0,inf,0.0,0.0,0.0,0.0,0.0,0.0,0.0,0.0,0.0
2.0,165.0,475.0,310.0,155.0,1.878787878787879,16.444748239109064,849.5800990973172,0.19421358877793074,0.0,0.0,1.0,inf,165.0,inf,220.0,163.0,57.0,0.0,0.0,0.0,0.0,0.0,0.0
3.0,165.0,475.0,310.0,155.0,1.878787878787879,16.444748239109064,849.5800990973172,0.19421358877793074,0.0,0.0,1.0,inf,165.0,inf,0.0,0.0,0.0,0.0,0.0,0.0,0.0,0.0,0.0
4.0,316.0,904.0,588.0,294.0,1.860759493670886,18.281315744065605,1049.9407019399066,0.3009693780002504,0.0,0.0,1.0,inf,316.0,inf,220.0,151.0,69.0,0.0,0.0,0.0,0.0,0.0,0.0
5.0,325.0,921.0,596.0,298.0,1.833846153846154,18.281315744065605,1049.9407019399066,0.3095412906648145,0.0,0.0,1.0,inf,325.0,inf,22.0,9.0,13.0,0.0,0.0,0.0,0.0,0.0,0.0
6.0,473.0,1335.0,862.0,431.0,1.8224101479915433,20.96523735652489,1380.859333918513,0.34254032136477747,0.0,0.0,1.0,inf,473.0,inf,217.0,148.0,69.0,0.0,0.0,0.0,0.0,0.0,0.0
7.0,487.0,1361.0,874.0,437.0,1.7946611909650925,20.96523735652489,1380.859333918513,0.35267893552779417,0.0,0.0,1.0,inf,487.0,inf,29.0,14.0,15.0,0.0,0.0,0.0,0.0,0.0,0.0
8.0,613.0,1715.0,1102.0,551.0,1.7977161500815662,22.51054380336026,1591.9222252192963,0.38506906322986717,0.0,0.0,1.0,inf,613.0,inf,206.0,126.0,80.0,0.0,0.0,0.0,0.0,0.0,0.0
9.0,647.0,1805.0,1158.0,579.0,1.7897990726429676,22.51054380336026,1591.9222252192963,0.4064268905541991,0.0,0.0,1.0,inf,647.0,inf,71.0,34.0,37.0,0.0,0.0,0.0,0.0,0.0,0.0
10.0,770.0,2162.0,1392.0,696.0,1.8077922077922077,24.125958525707656,1828.6013097566379,0.4210868689044506,0.0,0.0,1.0,inf,770.0,inf,198.0,123.0,75.0,0.0,0.0,0.0,0.0,0.0,0.0
11.0,817.0,2287.0,1470.0,735.0,1.799265605875153,24.125958525707656,1828.6013097566379,0.44678957388952745,0.0,0.0,1.0,inf,817.0,inf,83.0,47.0,36.0,0.0,0.0,0.0,0.0,0.0,0.0
12.0,917.0,2571.0,1654.0,827.0,1.8037077426390404,25.13823730637193,1985.2697082320449,0.46190197543316264,0.0,0.0,1.0,inf,917.0,inf,183.0,100.0,83.0,0.0,0.0,0.0,0.0,0.0,0.0
13.0,990.0,2774.0,1784.0,892.0,1.802020202020202,25.181058802630087,1992.039047305606,0.4969782100100172,0.0,0.0,1.0,inf,990.0,inf,129.0,73.0,56.0,0.0,0.0,0.0,0.0,0.0,0.0
14.0,1075.0,2997.0,1922.0,961.0,1.787906976744186,25.181058802630087,1992.039047305606,0.5396480563240086,0.0,0.0,1.0,inf,1075.0,inf,172.0,85.0,87.0,0.0,0.0,0.0,0.0,0.0,0.0
15.0,1151.0,3211.0,2060.0,1030.0,1.789748045178106,26.303934047268278,2173.6583637353356,0.529522034926435,0.0,0.0,1.0,inf,1151.0,inf,161.0,76.0,85.0,0.0,0.0,0.0,0.0,0.0,0.0
16.0,1222.0,3408.0,2186.0,1093.0,1.7888707037643208,26.303934047268278,2173.6583637353356,0.5621858615813238,0.0,0.0,1.0,inf,1222.0,inf,162.0,71.0,91.0,0.0,0.0,0.0,0.0,0.0,0.0
17.0,1284.0,3584.0,2300.0,1150.0,1.7912772585669783,26.582968566667905,2220.019699320413,0.5783732461441918,0.0,0.0,1.0,inf,1284.0,inf,170.0,62.0,108.0,0.0,0.0,0.0,0.0,0.0,0.0
18.0,1355.0,3777.0,2422.0,1211.0,1.7874538745387454,26.582968566667905,2220.019699320413,0.6103549443344081,0.0,0.0,1.0,inf,1355.0,inf,179.0,71.0,108.0,0.0,0.0,0.0,0.0,0.0,0.0
19.0,1409.0,3925.0,2516.0,1258.0,1.7856635911994323,26.582968566667905,2220.019699320413,0.6346790528171077,0.0,0.0,1.0,inf,1409.0,inf,178.0,54.0,124.0,0.0,0.0,0.0,0.0,0.0,0.0
20.0,1477.0,4111.0,2634.0,1317.0,1.7833446174678402,26.982269946542925,2287.2141993344967,0.6457637419485057,0.0,0.0,1.0,inf,1477.0,inf,191.0,68.0,123.0,0.0,0.0,0.0,0.0,0.0,0.0
21.0,1553.0,4329.0,2776.0,1388.0,1.7875080489375403,28.1899797656232,2496.5450137712774,0.62205968305536,0.0,0.0,1.0,inf,1553.0,inf,197.0,76.0,121.0,0.0,0.0,0.0,0.0,0.0,0.0
22.0,1619.0,4517.0,2898.0,1449.0,1.7899938233477455,28.3697267900726,2528.483823712127,0.6403046698646099,0.0,0.0,1.0,inf,1619.0,inf,177.0,66.0,111.0,0.0,0.0,0.0,0.0,0.0,0.0
23.0,1690.0,4722.0,3032.0,1516.0,1.7940828402366864,29.04170541748009,2649.6841290964658,0.6378118740426184,0.0,0.0,1.0,inf,1690.0,inf,182.0,71.0,111.0,0.0,0.0,0.0,0.0,0.0,0.0
24.0,1766.0,4942.0,3176.0,1588.0,1.79841449603624,29.062092331566348,2653.405525082612,0.6655597809328512,0.0,0.0,1.0,inf,1766.0,inf,187.0,76.0,111.0,0.0,0.0,0.0,0.0,0.0,0.0
25.0,1828.0,5122.0,3294.0,1647.0,1.801969365426696,29.31178694646131,2699.1962590148787,0.6772386386854146,0.0,0.0,1.0,inf,1828.0,inf,175.0,62.0,113.0,0.0,0.0,0.0,0.0,0.0,0.0
26.0,1908.0,5344.0,3436.0,1718.0,1.80083857442348,29.31178694646131,2699.1962590148787,0.7068770911442948,0.0,0.0,1.0,inf,1908.0,inf,193.0,80.0,113.0,0.0,0.0,0.0,0.0,0.0,0.0
27.0,1973.0,5525.0,3552.0,1776.0,1.8003041054232134,29.803696325358853,2790.5520789930206,0.70702855354413,0.0,0.0,1.0,inf,1973.0,inf,184.0,65.0,119.0,0.0,0.0,0.0,0.0,0.0,0.0
28.0,2063.0,5777.0,3714.0,1857.0,1.8002908385845855,29.850687976868432,2799.358773851785,0.7369544837446506,0.0,0.0,1.0,inf,2063.0,inf,197.0,90.0,107.0,0.0,0.0,0.0,0.0,0.0,0.0
29.0,2134.0,5968.0,3834.0,1917.0,1.796626054358013,30.63585195834424,2948.5588288378417,0.7237434027528304,0.0,0.0,1.0,inf,2134.0,inf,183.0,71.0,112.0,0.0,0.0,0.0,0.0,0.0,0.0
30.0,2211.0,6189.0,3978.0,1989.0,1.7991858887381276,30.63585195834424,2948.5588288378417,0.7498578554294789,0.0,0.0,1.0,inf,2211.0,inf,196.0,77.0,119.0,0.0,0.0,0.0,0.0,0.0,0.0
31.0,2291.0,6407.0,4116.0,2058.0,1.7965953731994762,31.011361801470564,3021.2839830756116,0.758286878305231,0.0,0.0,1.0,inf,2291.0,inf,183.0,80.0,103.0,0.0,0.0,0.0,0.0,0.0,0.0
32.0,2372.0,6630.0,4258.0,2129.0,1.7951096121416525,31.334058315312046,3084.4885852539173,0.7690091677887455,0.0,0.0,1.0,inf,2372.0,inf,187.0,81.0,106.0,0.0,0.0,0.0,0.0,0.0,0.0
33.0,2446.0,6838.0,4392.0,2196.0,1.7955846279640229,31.334058315312046,3084.4885852539173,0.7930001789254939,0.0,0.0,1.0,inf,2446.0,inf,181.0,74.0,107.0,0.0,0.0,0.0,0.0,0.0,0.0
34.0,2532.0,7082.0,4550.0,2275.0,1.796998420221169,31.334058315312046,3084.4885852539173,0.8208816243006339,0.0,0.0,1.0,inf,2532.0,inf,196.0,86.0,110.0,0.0,0.0,0.0,0.0,0.0,0.0
35.0,2607.0,7291.0,4684.0,2342.0,1.7967011891062523,31.50787695537619,3118.8045151130455,0.8358972123347416,0.0,0.0,1.0,inf,2607.0,inf,198.0,75.0,123.0,0.0,0.0,0.0,0.0,0.0,0.0
36.0,2694.0,7528.0,4834.0,2417.0,1.7943578322197475,32.518630384207,3322.1127208537196,0.8109297385031816,0.0,0.0,1.0,inf,2694.0,inf,200.0,87.0,113.0,0.0,0.0,0.0,0.0,0.0,0.0
37.0,2774.0,7752.0,4978.0,2489.0,1.7945205479452055,32.518630384207,3322.1127208537196,0.8350107997801878,0.0,0.0,1.0,inf,2774.0,inf,190.0,80.0,110.0,0.0,0.0,0.0,0.0,0.0,0.0
38.0,2844.0,7948.0,5104.0,2552.0,1.7946554149085794,32.518630384207,3322.1127208537196,0.8560817283975681,0.0,0.0,1.0,inf,2844.0,inf,185.0,70.0,115.0,0.0,0.0,0.0,0.0,0.0,0.0
39.0,2928.0,8184.0,5256.0,2628.0,1.7950819672131149,32.96263592149301,3413.4515264962292,0.8577827976381063,0.0,0.0,1.0,inf,2928.0,inf,193.0,84.0,109.0,0.0,0.0,0.0,0.0,0.0,0.0
40.0,3003.0,8391.0,5388.0,2694.0,1.7942057942057943,33.396031658263865,3503.802360306824,0.8570688900777584,0.0,0.0,1.0,inf,3003.0,inf,192.0,75.0,117.0,0.0,0.0,0.0,0.0,0.0,0.0
41.0,3083.0,8623.0,5540.0,2770.0,1.7969510217320792,33.396031658263865,3503.802360306824,0.879901228141768,0.0,0.0,1.0,inf,3083.0,inf,195.0,80.0,115.0,0.0,0.0,0.0,0.0,0.0,0.0
42.0,3169.0,8857.0,5688.0,2844.0,1.7948879772798991,33.396031658263865,3503.802360306824,0.9044459915605783,0.0,0.0,1.0,inf,3169.0,inf,198.0,86.0,112.0,0.0,0.0,0.0,0.0,0.0,0.0
43.0,3239.0,9051.0,5812.0,2906.0,1.7943809817845013,33.396031658263865,3503.802360306824,0.9244242873665867,0.0,0.0,1.0,inf,3239.0,inf,202.0,70.0,132.0,0.0,0.0,0.0,0.0,0.0,0.0
44.0,3311.0,9251.0,5940.0,2970.0,1.7940199335548173,33.396031658263865,3503.802360306824,0.9449733916241952,0.0,0.0,1.0,inf,3311.0,inf,202.0,72.0,130.0,0.0,0.0,0.0,0.0,0.0,0.0
45.0,3371.0,9427.0,6056.0,3028.0,1.7964995550281815,33.396031658263865,3503.802360306824,0.9620976451722024,0.0,0.0,1.0,inf,3371.0,inf,197.0,60.0,137.0,0.0,0.0,0.0,0.0,0.0,0.0
46.0,3455.0,9671.0,6216.0,3108.0,1.7991316931982635,33.67968494497196,3563.575079592781,0.9695319792153254,0.0,0.0,1.0,inf,3455.0,inf,204.0,84.0,120.0,0.0,0.0,0.0,0.0,0.0,0.0
47.0,3527.0,9877.0,6350.0,3175.0,1.8003969379075702,33.67968494497196,3563.575079592781,0.9897364083046173,0.0,0.0,1.0,inf,3527.0,inf,208.0,72.0,136.0,0.0,0.0,0.0,0.0,0.0,0.0
48.0,3599.0,10087.0,6488.0,3244.0,1.8027229786051682,33.8199949610237,3593.3287303029238,1.001578277447663,0.0,0.0,1.0,inf,3599.0,inf,200.0,72.0,128.0,0.0,0.0,0.0,0.0,0.0,0.0
49.0,3673.0,10291.0,6618.0,3309.0,1.801796896270079,33.8199949610237,3593.3287303029238,1.02217199585031,0.0,0.0,1.0,inf,3673.0,inf,208.0,74.0,134.0,0.0,0.0,0.0,0.0,0.0,0.0
50.0,3739.0,10469.0,6730.0,3365.0,1.7999465097619685,34.696743288742525,3782.050282125997,0.9886172105301051,0.0,0.0,1.0,inf,3739.0,inf,205.0,66.0,139.0,0.0,0.0,0.0,0.0,0.0,0.0
51.0,3805.0,10649.0,6844.0,3422.0,1.7986859395532195,34.696743288742525,3782.050282125997,1.006068062601511,0.0,0.0,1.0,inf,3805.0,inf,206.0,66.0,140.0,0.0,0.0,0.0,0.0,0.0,0.0
52.0,3872.0,10842.0,6970.0,3485.0,1.800103305785124,34.696743288742525,3782.050282125997,1.0237833215224839,0.0,0.0,1.0,inf,3872.0,inf,208.0,67.0,141.0,0.0,0.0,0.0,0.0,0.0,0.0
53.0,3948.0,11058.0,7110.0,3555.0,1.8009118541033435,35.5463737713675,3969.542710226092,0.9945729995118594,0.0,0.0,1.0,inf,3948.0,inf,209.0,76.0,133.0,0.0,0.0,0.0,0.0,0.0,0.0
54.0,4024.0,11278.0,7254.0,3627.0,1.8026838966202783,35.5463737713675,3969.542710226092,1.013718781670649,0.0,0.0,1.0,inf,4024.0,inf,204.0,76.0,128.0,0.0,0.0,0.0,0.0,0.0,0.0
55.0,4085.0,11455.0,7370.0,3685.0,1.8041615667074664,35.5463737713675,3969.542710226092,1.0290857910349407,0.0,0.0,1.0,inf,4085.0,inf,203.0,61.0,142.0,0.0,0.0,0.0,0.0,0.0,0.0
56.0,4162.0,11674.0,7512.0,3756.0,1.8049014896684286,35.5463737713675,3969.542710226092,1.04848349138003,0.0,0.0,1.0,inf,4162.0,inf,209.0,77.0,132.0,0.0,0.0,0.0,0.0,0.0,0.0
57.0,4215.0,11825.0,7610.0,3805.0,1.8054567022538552,35.5463737713675,3969.542710226092,1.061835155253923,0.0,0.0,1.0,inf,4215.0,inf,199.0,53.0,146.0,0.0,0.0,0.0,0.0,0.0,0.0
58.0,4280.0,12016.0,7736.0,3868.0,1.8074766355140186,35.5463737713675,3969.542710226092,1.078209837363414,0.0,0.0,1.0,inf,4280.0,inf,211.0,65.0,146.0,0.0,0.0,0.0,0.0,0.0,0.0
59.0,4344.0,12200.0,7856.0,3928.0,1.8084714548802947,35.68288858042085,4000.091083277097,1.0859752714533575,0.0,0.0,1.0,inf,4344.0,inf,211.0,64.0,147.0,0.0,0.0,0.0,0.0,0.0,0.0
60.0,4406.0,12376.0,7970.0,3985.0,1.8088969586926917,35.83039320660773,4033.2302987248445,1.092424601043241,0.0,0.0,1.0,inf,4406.0,inf,208.0,62.0,146.0,0.0,0.0,0.0,0.0,0.0,0.0
61.0,4471.0,12565.0,8094.0,4047.0,1.8103332587787966,36.23650452401522,4125.1758651341615,1.0838325797910173,0.0,0.0,1.0,inf,4471.0,inf,205.0,65.0,140.0,0.0,0.0,0.0,0.0,0.0,0.0
62.0,4526.0,12724.0,8198.0,4099.0,1.8113124171453823,36.23650452401522,4125.1758651341615,1.0971653446956262,0.0,0.0,1.0,inf,4526.0,inf,215.0,55.0,160.0,0.0,0.0,0.0,0.0,0.0,0.0
63.0,4581.0,12879.0,8298.0,4149.0,1.8113948919449903,36.45547930699726,4175.182830279879,1.0971974608577602,0.0,0.0,1.0,inf,4581.0,inf,209.0,55.0,154.0,0.0,0.0,0.0,0.0,0.0,0.0
64.0,4651.0,13079.0,8428.0,4214.0,1.8120834229198022,36.45547930699726,4175.182830279879,1.113963193723956,0.0,0.0,1.0,inf,4651.0,inf,202.0,70.0,132.0,0.0,0.0,0.0,0.0,0.0,0.0
65.0,4716.0,13268.0,8552.0,4276.0,1.813401187446989,36.45547930699726,4175.182830279879,1.1295313742425663,0.0,0.0,1.0,inf,4716.0,inf,203.0,65.0,138.0,0.0,0.0,0.0,0.0,0.0,0.0
66.0,4790.0,13472.0,8682.0,4341.0,1.8125260960334029,36.55556605602868,4198.139824363159,1.1409815300105264,0.0,0.0,1.0,inf,4790.0,inf,212.0,74.0,138.0,0.0,0.0,0.0,0.0,0.0,0.0
67.0,4846.0,13634.0,8788.0,4394.0,1.813454395377631,36.55556605602868,4198.139824363159,1.1543207712799606,0.0,0.0,1.0,inf,4846.0,inf,199.0,56.0,143.0,0.0,0.0,0.0,0.0,0.0,0.0
68.0,4905.0,13795.0,8890.0,4445.0,1.8124362895005097,36.55556605602868,4198.139824363159,1.1683746147602572,0.0,0.0,1.0,inf,4905.0,inf,212.0,59.0,153.0,0.0,0.0,0.0,0.0,0.0,0.0
69.0,4963.0,13965.0,9002.0,4501.0,1.8138222849083216,36.55556605602868,4198.139824363159,1.1821902575035996,0.0,0.0,1.0,inf,4963.0,inf,212.0,58.0,154.0,0.0,0.0,0.0,0.0,0.0,0.0
70.0,5010.0,14106.0,9096.0,4548.0,1.8155688622754491,36.55556605602868,4198.139824363159,1.1933856921404462,0.0,0.0,1.0,inf,5010.0,inf,205.0,47.0,158.0,0.0,0.0,0.0,0.0,0.0,0.0
71.0,5072.0,14286.0,9214.0,4607.0,1.8166403785488958,37.317403977608556,4374.946239728038,1.1593285316153494,0.0,0.0,1.0,inf,5072.0,inf,213.0,62.0,151.0,0.0,0.0,0.0,0.0,0.0,0.0
72.0,5134.0,14468.0,9334.0,4667.0,1.8180755746007011,37.317403977608556,4374.946239728038,1.173500134328313,0.0,0.0,1.0,inf,5134.0,inf,207.0,62.0,145.0,0.0,0.0,0.0,0.0,0.0,0.0
73.0,5200.0,14660.0,9460.0,4730.0,1.8192307692307692,37.468060961206966,4410.342415133602,1.179046774725875,0.0,0.0,1.0,inf,5200.0,inf,201.0,66.0,135.0,0.0,0.0,0.0,0.0,0.0,0.0
74.0,5268.0,14854.0,9586.0,4793.0,1.819665907365224,37.468060961206966,4410.342415133602,1.1944650787030595,0.0,0.0,1.0,inf,5268.0,inf,208.0,68.0,140.0,0.0,0.0,0.0,0.0,0.0,0.0
75.0,5344.0,15068.0,9724.0,4862.0,1.8196107784431137,37.715340421265026,4468.748740875089,1.19586047680844,0.0,0.0,1.0,inf,5344.0,inf,213.0,76.0,137.0,0.0,0.0,0.0,0.0,0.0,0.0
76.0,5411.0,15263.0,9852.0,4926.0,1.8207355387174275,37.83328792705322,4496.742757605874,1.2033154422382142,0.0,0.0,1.0,inf,5411.0,inf,210.0,67.0,143.0,0.0,0.0,0.0,0.0,0.0,0.0
77.0,5476.0,15450.0,9974.0,4987.0,1.8214024835646456,37.83328792705322,4496.742757605874,1.2177703496020074,0.0,0.0,1.0,inf,5476.0,inf,210.0,65.0,145.0,0.0,0.0,0.0,0.0,0.0,0.0
78.0,5523.0,15585.0,10062.0,5031.0,1.821835958718088,38.07162386938596,4553.57689775018,1.2128926608725528,0.0,0.0,1.0,inf,5523.0,inf,212.0,47.0,165.0,0.0,0.0,0.0,0.0,0.0,0.0
79.0,5583.0,15759.0,10176.0,5088.0,1.8226759806555615,38.07162386938596,4553.57689775018,1.2260691156348835,0.0,0.0,1.0,inf,5583.0,inf,212.0,60.0,152.0,0.0,0.0,0.0,0.0,0.0,0.0
80.0,5653.0,15955.0,10302.0,5151.0,1.8223951883955423,38.07162386938596,4553.57689775018,1.241441646190936,0.0,0.0,1.0,inf,5653.0,inf,210.0,70.0,140.0,0.0,0.0,0.0,0.0,0.0,0.0
81.0,5715.0,16135.0,10420.0,5210.0,1.8232720909886264,38.07162386938596,4553.57689775018,1.2550573161120113,0.0,0.0,1.0,inf,5715.0,inf,209.0,62.0,147.0,0.0,0.0,0.0,0.0,0.0,0.0
82.0,5774.0,16296.0,10522.0,5261.0,1.8223068929684794,38.07162386938596,4553.57689775018,1.26801416329497,0.0,0.0,1.0,inf,5774.0,inf,211.0,59.0,152.0,0.0,0.0,0.0,0.0,0.0,0.0
83.0,5837.0,16469.0,10632.0,5316.0,1.8214836388555764,38.84667542196441,4740.86497730745,1.2312099222271236,0.0,0.0,1.0,inf,5837.0,inf,213.0,63.0,150.0,0.0,0.0,0.0,0.0,0.0,0.0
84.0,5903.0,16659.0,10756.0,5378.0,1.822124343554125,38.84667542196441,4740.86497730745,1.2451314323979288,0.0,0.0,1.0,inf,5903.0,inf,210.0,66.0,144.0,0.0,0.0,0.0,0.0,0.0,0.0
85.0,5962.0,16830.0,10868.0,5434.0,1.8228782287822878,38.84667542196441,4740.86497730745,1.2575764187627396,0.0,0.0,1.0,inf,5962.0,inf,210.0,59.0,151.0,0.0,0.0,0.0,0.0,0.0,0.0
86.0,6022.0,17000.0,10978.0,5489.0,1.8229823978744604,39.543943268448785,4912.582100310291,1.2258319305482213,0.0,0.0,1.0,inf,6022.0,inf,212.0,60.0,152.0,0.0,0.0,0.0,0.0,0.0,0.0
87.0,6095.0,17211.0,11116.0,5558.0,1.8237899917965545,39.543943268448785,4912.582100310291,1.2406917330938907,0.0,0.0,1.0,inf,6095.0,inf,211.0,73.0,138.0,0.0,0.0,0.0,0.0,0.0,0.0
88.0,6154.0,17384.0,11230.0,5615.0,1.8248293792655184,39.543943268448785,4912.582100310291,1.252701710493815,0.0,0.0,1.0,inf,6154.0,inf,213.0,59.0,154.0,0.0,0.0,0.0,0.0,0.0,0.0
89.0,6223.0,17585.0,11362.0,5681.0,1.8258074883496707,39.543943268448785,4912.582100310291,1.2667472772835573,0.0,0.0,1.0,inf,6223.0,inf,206.0,69.0,137.0,0.0,0.0,0.0,0.0,0.0,0.0
90.0,6289.0,17773.0,11484.0,5742.0,1.8260454762283351,39.543943268448785,4912.582100310291,1.280182167256354,0.0,0.0,1.0,inf,6289.0,inf,206.0,66.0,140.0,0.0,0.0,0.0,0.0,0.0,0.0
91.0,6352.0,17942.0,11590.0,5795.0,1.8246221662468514,39.543943268448785,4912.582100310291,1.2930063804122056,0.0,0.0,1.0,inf,6352.0,inf,206.0,63.0,143.0,0.0,0.0,0.0,0.0,0.0,0.0
92.0,6422.0,18150.0,11728.0,5864.0,1.826222360635316,40.290814917110566,5099.903701223859,1.2592394633763122,0.0,0.0,1.0,inf,6422.0,inf,211.0,70.0,141.0,0.0,0.0,0.0,0.0,0.0,0.0
93.0,6495.0,18365.0,11870.0,5935.0,1.8275596612779061,40.3893915133069,5124.889353493973,1.2673444345821696,0.0,0.0,1.0,inf,6495.0,inf,208.0,73.0,135.0,0.0,0.0,0.0,0.0,0.0,0.0
94.0,6568.0,18572.0,12004.0,6002.0,1.8276492082825821,40.3893915133069,5124.889353493973,1.2815886445474503,0.0,0.0,1.0,inf,6568.0,inf,206.0,73.0,133.0,0.0,0.0,0.0,0.0,0.0,0.0
95.0,6630.0,18748.0,12118.0,6059.0,1.8277526395173453,40.3893915133069,5124.889353493973,1.2936864667097434,0.0,0.0,1.0,inf,6630.0,inf,196.0,62.0,134.0,0.0,0.0,0.0,0.0,0.0,0.0
96.0,6710.0,18974.0,12264.0,6132.0,1.8277198211624441,40.3893915133069,5124.889353493973,1.3092965598223798,0.0,0.0,1.0,inf,6710.0,inf,212.0,80.0,132.0,0.0,0.0,0.0,0.0,0.0,0.0
97.0,6772.0,19154.0,12382.0,6191.0,1.8284111045481395,40.3893915133069,5124.889353493973,1.3213943819846732,0.0,0.0,1.0,inf,6772.0,inf,204.0,62.0,142.0,0.0,0.0,0.0,0.0,0.0,0.0
98.0,6838.0,19344.0,12506.0,6253.0,1.8288973384030418,40.3893915133069,5124.889353493973,1.334272708802598,0.0,0.0,1.0,inf,6838.0,inf,211.0,66.0,145.0,0.0,0.0,0.0,0.0,0.0,0.0
99.0,6911.0,19551.0,12640.0,6320.0,1.828968311387643,40.3893915133069,5124.889353493973,1.348516918767879,0.0,0.0,1.0,inf,6911.0,inf,210.0,73.0,137.0,0.0,0.0,0.0,0.0,0.0,0.0
100.0,6980.0,19746.0,12766.0,6383.0,1.8289398280802291,40.3893915133069,5124.889353493973,1.3619806240775278,0.0,0.0,1.0,inf,6980.0,inf,204.0,69.0,135.0,0.0,0.0,0.0,0.0,0.0,0.0
101.0,7042.0,19922.0,12880.0,6440.0,1.8290258449304175,40.6097607352309,5180.965903209453,1.359206011303354,0.0,0.0,1.0,inf,7042.0,inf,214.0,62.0,152.0,0.0,0.0,0.0,0.0,0.0,0.0
102.0,7089.0,20049.0,12960.0,6480.0,1.8281845112145578,40.6097607352309,5180.965903209453,1.3682776788028226,0.0,0.0,1.0,inf,7089.0,inf,215.0,47.0,168.0,0.0,0.0,0.0,0.0,0.0,0.0
103.0,7161.0,20247.0,13086.0,6543.0,1.8273984080435692,41.05876005811276,5296.165311486084,1.35211036265608,0.0,0.0,1.0,inf,7161.0,inf,213.0,72.0,141.0,0.0,0.0,0.0,0.0,0.0,0.0
104.0,7222.0,20424.0,13202.0,6601.0,1.8280254777070064,41.05876005811276,5296.165311486084,1.3636281300240483,0.0,0.0,1.0,inf,7222.0,inf,208.0,61.0,147.0,0.0,0.0,0.0,0.0,0.0,0.0
105.0,7277.0,20573.0,13296.0,6648.0,1.827126563144153,41.05876005811276,5296.165311486084,1.374013002241069,0.0,0.0,1.0,inf,7277.0,inf,210.0,55.0,155.0,0.0,0.0,0.0,0.0,0.0,0.0
106.0,7336.0,20738.0,13402.0,6701.0,1.8268811341330424,41.05876005811276,5296.165311486084,1.3851531378920547,0.0,0.0,1.0,inf,7336.0,inf,217.0,59.0,158.0,0.0,0.0,0.0,0.0,0.0,0.0
107.0,7401.0,20917.0,13516.0,6758.0,1.8262396973381976,41.05876005811276,5296.165311486084,1.3974261686939882,0.0,0.0,1.0,inf,7401.0,inf,219.0,65.0,154.0,0.0,0.0,0.0,0.0,0.0,0.0
108.0,7456.0,21078.0,13622.0,6811.0,1.8269849785407726,41.3114621129889,5361.557953394865,1.390640568433838,0.0,0.0,1.0,inf,7456.0,inf,212.0,55.0,157.0,0.0,0.0,0.0,0.0,0.0,0.0
109.0,7529.0,21293.0,13764.0,6882.0,1.8281312259264177,41.50981181963627,5413.1667035522905,1.3908679359642173,0.0,0.0,1.0,inf,7529.0,inf,211.0,73.0,138.0,0.0,0.0,0.0,0.0,0.0,0.0
110.0,7593.0,21479.0,13886.0,6943.0,1.828789674700382,41.712536675739585,5466.169262868226,1.389089805831548,0.0,0.0,1.0,inf,7593.0,inf,207.0,64.0,143.0,0.0,0.0,0.0,0.0,0.0,0.0
111.0,7651.0,21643.0,13992.0,6996.0,1.8287805515618873,41.712536675739585,5466.169262868226,1.3997005273827439,0.0,0.0,1.0,inf,7651.0,inf,205.0,58.0,147.0,0.0,0.0,0.0,0.0,0.0,0.0
112.0,7702.0,21790.0,14088.0,7044.0,1.8291352895351856,41.712536675739585,5466.169262868226,1.4090306446087955,0.0,0.0,1.0,inf,7702.0,inf,210.0,51.0,159.0,0.0,0.0,0.0,0.0,0.0,0.0
113.0,7767.0,21975.0,14208.0,7104.0,1.8292777134028582,41.712536675739585,5466.169262868226,1.4209219704851355,0.0,0.0,1.0,inf,7767.0,inf,208.0,65.0,143.0,0.0,0.0,0.0,0.0,0.0,0.0
114.0,7828.0,22150.0,14322.0,7161.0,1.8295861011752683,41.712536675739585,5466.169262868226,1.4320815224613932,0.0,0.0,1.0,inf,7828.0,inf,213.0,61.0,152.0,0.0,0.0,0.0,0.0,0.0,0.0
115.0,7879.0,22291.0,14412.0,7206.0,1.8291661378347506,41.712536675739585,5466.169262868226,1.4414116396874446,0.0,0.0,1.0,inf,7879.0,inf,216.0,51.0,165.0,0.0,0.0,0.0,0.0,0.0,0.0
116.0,7940.0,22468.0,14528.0,7264.0,1.8297229219143576,41.712536675739585,5466.169262868226,1.4525711916637023,0.0,0.0,1.0,inf,7940.0,inf,212.0,61.0,151.0,0.0,0.0,0.0,0.0,0.0,0.0
117.0,7997.0,22631.0,14634.0,7317.0,1.8299362260847818,41.712536675739585,5466.169262868226,1.4629989697398775,0.0,0.0,1.0,inf,7997.0,inf,208.0,57.0,151.0,0.0,0.0,0.0,0.0,0.0,0.0
118.0,8052.0,22784.0,14732.0,7366.0,1.8296075509190264,41.77621753170563,5482.871965367385,1.4685734138715143,0.0,0.0,1.0,inf,8052.0,inf,214.0,55.0,159.0,0.0,0.0,0.0,0.0,0.0,0.0
119.0,8122.0,22982.0,14860.0,7430.0,1.8295986210293032,41.77621753170563,5482.871965367385,1.481340445537064,0.0,0.0,1.0,inf,8122.0,inf,211.0,70.0,141.0,0.0,0.0,0.0,0.0,0.0,0.0
120.0,8183.0,23153.0,14970.0,7485.0,1.829402419650495,41.77621753170563,5482.871965367385,1.4924660017027573,0.0,0.0,1.0,inf,8183.0,inf,214.0,61.0,153.0,0.0,0.0,0.0,0.0,0.0,0.0
121.0,8248.0,23338.0,15090.0,7545.0,1.8295344325897187,42.39922322005683,5647.622671154568,1.4604375115439194,0.0,0.0,1.0,inf,8248.0,inf,214.0,65.0,149.0,0.0,0.0,0.0,0.0,0.0,0.0
122.0,8302.0,23492.0,15190.0,7595.0,1.8296795952782463,42.39922322005683,5647.622671154568,1.4699990568425823,0.0,0.0,1.0,inf,8302.0,inf,212.0,54.0,158.0,0.0,0.0,0.0,0.0,0.0,0.0
123.0,8358.0,23644.0,15286.0,7643.0,1.828906436946638,42.405387126893494,5649.264868711687,1.4794845336940343,0.0,0.0,1.0,inf,8358.0,inf,213.0,56.0,157.0,0.0,0.0,0.0,0.0,0.0,0.0
124.0,8429.0,23851.0,15422.0,7711.0,1.8296357812314628,43.13100166529631,5844.252363489816,1.442271735672745,0.0,0.0,1.0,inf,8429.0,inf,218.0,71.0,147.0,0.0,0.0,0.0,0.0,0.0,0.0
125.0,8494.0,24032.0,15538.0,7769.0,1.829291264421945,43.13100166529631,5844.252363489816,1.453393774208601,0.0,0.0,1.0,inf,8494.0,inf,209.0,65.0,144.0,0.0,0.0,0.0,0.0,0.0,0.0
126.0,8551.0,24197.0,15646.0,7823.0,1.8297275172494445,43.31298494557632,5893.673889263114,1.450877697114852,0.0,0.0,1.0,inf,8551.0,inf,207.0,57.0,150.0,0.0,0.0,0.0,0.0,0.0,0.0
127.0,8612.0,24372.0,15760.0,7880.0,1.8300046446818392,43.31298494557632,5893.673889263114,1.4612277777515035,0.0,0.0,1.0,inf,8612.0,inf,213.0,61.0,152.0,0.0,0.0,0.0,0.0,0.0,0.0
128.0,8674.0,24548.0,15874.0,7937.0,1.830066866497579,43.31298494557632,5893.673889263114,1.4717475318412148,0.0,0.0,1.0,inf,8674.0,inf,216.0,62.0,154.0,0.0,0.0,0.0,0.0,0.0,0.0
129.0,8741.0,24741.0,16000.0,8000.0,1.8304541814437707,43.31298494557632,5893.673889263114,1.4831156531962253,0.0,0.0,1.0,inf,8741.0,inf,209.0,67.0,142.0,0.0,0.0,0.0,0.0,0.0,0.0
130.0,8811.0,24941.0,16130.0,8065.0,1.8306662126886846,43.31298494557632,5893.673889263114,1.4949927949104154,0.0,0.0,1.0,inf,8811.0,inf,208.0,70.0,138.0,0.0,0.0,0.0,0.0,0.0,0.0
131.0,8873.0,25111.0,16238.0,8119.0,1.830046207596078,44.11204354413105,6113.138391547713,1.4514639505410494,0.0,0.0,1.0,inf,8873.0,inf,209.0,62.0,147.0,0.0,0.0,0.0,0.0,0.0,0.0
132.0,8931.0,25273.0,16342.0,8171.0,1.8298062926883887,44.11204354413105,6113.138391547713,1.4609517121922815,0.0,0.0,1.0,inf,8931.0,inf,208.0,58.0,150.0,0.0,0.0,0.0,0.0,0.0,0.0
133.0,8996.0,25456.0,16460.0,8230.0,1.8297020898176968,44.11204354413105,6113.138391547713,1.4715845485255585,0.0,0.0,1.0,inf,8996.0,inf,213.0,65.0,148.0,0.0,0.0,0.0,0.0,0.0,0.0
134.0,9052.0,25618.0,16566.0,8283.0,1.8300927971718957,44.11204354413105,6113.138391547713,1.4807451459819205,0.0,0.0,1.0,inf,9052.0,inf,208.0,56.0,152.0,0.0,0.0,0.0,0.0,0.0,0.0
135.0,9108.0,25770.0,16662.0,8331.0,1.8293807641633728,44.11204354413105,6113.138391547713,1.4899057434382823,0.0,0.0,1.0,inf,9108.0,inf,214.0,56.0,158.0,0.0,0.0,0.0,0.0,0.0,0.0
136.0,9161.0,25923.0,16762.0,8381.0,1.8297129134373977,44.11204354413105,6113.138391547713,1.4985755946023391,0.0,0.0,1.0,inf,9161.0,inf,212.0,53.0,159.0,0.0,0.0,0.0,0.0,0.0,0.0
137.0,9229.0,26117.0,16888.0,8444.0,1.829884061111713,44.11204354413105,6113.138391547713,1.5096991772279214,0.0,0.0,1.0,inf,9229.0,inf,216.0,68.0,148.0,0.0,0.0,0.0,0.0,0.0,0.0
138.0,9289.0,26293.0,17004.0,8502.0,1.8305522661212186,44.11204354413105,6113.138391547713,1.5195141030740233,0.0,0.0,1.0,inf,9289.0,inf,213.0,60.0,153.0,0.0,0.0,0.0,0.0,0.0,0.0
139.0,9356.0,26480.0,17124.0,8562.0,1.8302693458743053,44.11204354413105,6113.138391547713,1.5304741036021705,0.0,0.0,1.0,inf,9356.0,inf,209.0,67.0,142.0,0.0,0.0,0.0,0.0,0.0,0.0
140.0,9426.0,26686.0,17260.0,8630.0,1.831105453002334,44.11204354413105,6113.138391547713,1.5419248504226228,0.0,0.0,1.0,inf,9426.0,inf,213.0,70.0,143.0,0.0,0.0,0.0,0.0,0.0,0.0
141.0,9485.0,26849.0,17364.0,8682.0,1.830680021085925,44.11204354413105,6113.138391547713,1.5515761941712898,0.0,0.0,1.0,inf,9485.0,inf,216.0,59.0,157.0,0.0,0.0,0.0,0.0,0.0,0.0
142.0,9572.0,27098.0,17526.0,8763.0,1.8309653155035521,45.03548334552361,6371.7617585834705,1.5022532798100074,0.0,0.0,1.0,inf,9572.0,inf,216.0,87.0,129.0,0.0,0.0,0.0,0.0,0.0,0.0
143.0,9644.0,27304.0,17660.0,8830.0,1.8311903774367482,45.03548334552361,6371.7617585834705,1.5135531373263384,0.0,0.0,1.0,inf,9644.0,inf,212.0,72.0,140.0,0.0,0.0,0.0,0.0,0.0,0.0
144.0,9719.0,27519.0,17800.0,8900.0,1.8314641424014817,45.795472847723346,6588.627700163976,1.4751174967373124,0.0,0.0,1.0,inf,9719.0,inf,213.0,75.0,138.0,0.0,0.0,0.0,0.0,0.0,0.0
145.0,9783.0,27701.0,17918.0,8959.0,1.831544515997138,45.795472847723346,6588.627700163976,1.484831203887347,0.0,0.0,1.0,inf,9783.0,inf,211.0,64.0,147.0,0.0,0.0,0.0,0.0,0.0,0.0
146.0,9852.0,27898.0,18046.0,9023.0,1.8317092976045473,45.795472847723346,6588.627700163976,1.4953037944084784,0.0,0.0,1.0,inf,9852.0,inf,217.0,69.0,148.0,0.0,0.0,0.0,0.0,0.0,0.0
147.0,9922.0,28094.0,18172.0,9086.0,1.8314855875831486,45.795472847723346,6588.627700163976,1.505928161603829,0.0,0.0,1.0,inf,9922.0,inf,210.0,70.0,140.0,0.0,0.0,0.0,0.0,0.0,0.0
148.0,9978.0,28258.0,18280.0,9140.0,1.8320304670274603,45.795472847723346,6588.627700163976,1.5144276553601093,0.0,0.0,1.0,inf,9978.0,inf,212.0,56.0,156.0,0.0,0.0,0.0,0.0,0.0,0.0
149.0,10047.0,28451.0,18404.0,9202.0,1.831790584254006,45.795472847723346,6588.627700163976,1.5249002458812406,0.0,0.0,1.0,inf,10047.0,inf,210.0,69.0,141.0,0.0,0.0,0.0,0.0,0.0,0.0
150.0,10126.0,28670.0,18544.0,9272.0,1.8313253012048192,45.81834601709557,6595.210902529617,1.5353565109064422,0.0,0.0,1.0,inf,10126.0,inf,212.0,79.0,133.0,0.0,0.0,0.0,0.0,0.0,0.0
151.0,10186.0,28834.0,18648.0,9324.0,1.8307480856076968,45.81834601709557,6595.210902529617,1.5444540213404128,0.0,0.0,1.0,inf,10186.0,inf,210.0,60.0,150.0,0.0,0.0,0.0,0.0,0.0,0.0
152.0,10245.0,28997.0,18752.0,9376.0,1.830356271351879,45.81834601709557,6595.210902529617,1.553399906600484,0.0,0.0,1.0,inf,10245.0,inf,213.0,59.0,154.0,0.0,0.0,0.0,0.0,0.0,0.0
153.0,10303.0,29161.0,18858.0,9429.0,1.8303406774725808,46.262043268133915,6723.563232676243,1.5323719943508287,0.0,0.0,1.0,inf,10303.0,inf,213.0,58.0,155.0,0.0,0.0,0.0,0.0,0.0,0.0
154.0,10359.0,29317.0,18958.0,9479.0,1.8300994304469544,46.262043268133915,6723.563232676243,1.5407009113345855,0.0,0.0,1.0,inf,10359.0,inf,207.0,56.0,151.0,0.0,0.0,0.0,0.0,0.0,0.0
155.0,10424.0,29504.0,19080.0,9540.0,1.8303914044512664,46.262043268133915,6723.563232676243,1.5503684042621604,0.0,0.0,1.0,inf,10424.0,inf,210.0,65.0,145.0,0.0,0.0,0.0,0.0,0.0,0.0
156.0,10493.0,29697.0,19204.0,9602.0,1.8301724959496808,46.262043268133915,6723.563232676243,1.5606308198314323,0.0,0.0,1.0,inf,10493.0,inf,214.0,69.0,145.0,0.0,0.0,0.0,0.0,0.0,0.0
157.0,10561.0,29887.0,19326.0,9663.0,1.829940346558091,46.262043268133915,6723.563232676243,1.5707445047402797,0.0,0.0,1.0,inf,10561.0,inf,208.0,68.0,140.0,0.0,0.0,0.0,0.0,0.0,0.0
158.0,10614.0,30044.0,19430.0,9715.0,1.830601092896175,46.262043268133915,6723.563232676243,1.578627229742764,0.0,0.0,1.0,inf,10614.0,inf,213.0,53.0,160.0,0.0,0.0,0.0,0.0,0.0,0.0
159.0,10681.0,30239.0,19558.0,9779.0,1.831101956745623,46.262043268133915,6723.563232676243,1.5885921839911872,0.0,0.0,1.0,inf,10681.0,inf,214.0,67.0,147.0,0.0,0.0,0.0,0.0,0.0,0.0
160.0,10751.0,30433.0,19682.0,9841.0,1.8307134220072552,46.262043268133915,6723.563232676243,1.5990033302208833,0.0,0.0,1.0,inf,10751.0,inf,216.0,70.0,146.0,0.0,0.0,0.0,0.0,0.0,0.0
161.0,10812.0,30610.0,19798.0,9899.0,1.8311135775064742,46.754833871154524,6867.567063427818,1.5743566681099714,0.0,0.0,1.0,inf,10812.0,inf,214.0,61.0,153.0,0.0,0.0,0.0,0.0,0.0,0.0
162.0,10877.0,30797.0,19920.0,9960.0,1.831387331065551,46.754833871154524,6867.567063427818,1.5838214464513651,0.0,0.0,1.0,inf,10877.0,inf,207.0,65.0,142.0,0.0,0.0,0.0,0.0,0.0,0.0
163.0,10929.0,30945.0,20016.0,10008.0,1.8314575898984353,46.89518020221102,6908.858385026912,1.5818821852949918,0.0,0.0,1.0,inf,10929.0,inf,216.0,52.0,164.0,0.0,0.0,0.0,0.0,0.0,0.0
164.0,10993.0,31131.0,20138.0,10069.0,1.8318930228327117,46.89518020221102,6908.858385026912,1.5911456549499354,0.0,0.0,1.0,inf,10993.0,inf,216.0,64.0,152.0,0.0,0.0,0.0,0.0,0.0,0.0
165.0,11065.0,31333.0,20268.0,10134.0,1.831721644826028,46.89518020221102,6908.858385026912,1.6015670583117472,0.0,0.0,1.0,inf,11065.0,inf,215.0,72.0,143.0,0.0,0.0,0.0,0.0,0.0,0.0
166.0,11131.0,31529.0,20398.0,10199.0,1.8325397538406252,47.82432385610807,7185.343753267243,1.5491256065429897,0.0,0.0,1.0,inf,11131.0,inf,214.0,66.0,148.0,0.0,0.0,0.0,0.0,0.0,0.0
167.0,11200.0,31718.0,20518.0,10259.0,1.8319642857142857,47.82432385610807,7185.343753267243,1.5587284874028824,0.0,0.0,1.0,inf,11200.0,inf,214.0,69.0,145.0,0.0,0.0,0.0,0.0,0.0,0.0
168.0,11271.0,31919.0,20648.0,10324.0,1.8319581226155621,47.82432385610807,7185.343753267243,1.5686097126355256,0.0,0.0,1.0,inf,11271.0,inf,213.0,71.0,142.0,0.0,0.0,0.0,0.0,0.0,0.0
169.0,11340.0,32110.0,20770.0,10385.0,1.8315696649029982,47.82432385610807,7185.343753267243,1.5782125934954185,0.0,0.0,1.0,inf,11340.0,inf,211.0,69.0,142.0,0.0,0.0,0.0,0.0,0.0,0.0
170.0,11423.0,32349.0,20926.0,10463.0,1.8319180600542764,49.06219597030561,7562.124765546314,1.5105542891918635,0.0,0.0,1.0,inf,11423.0,inf,208.0,83.0,125.0,0.0,0.0,0.0,0.0,0.0,0.0
171.0,11503.0,32581.0,21078.0,10539.0,1.8323915500304269,49.06219597030561,7562.124765546314,1.5211333264968927,0.0,0.0,1.0,inf,11503.0,inf,208.0,80.0,128.0,0.0,0.0,0.0,0.0,0.0,0.0
172.0,11594.0,32844.0,21250.0,10625.0,1.8328445747800586,49.06219597030561,7562.124765546314,1.5331669814313635,0.0,0.0,1.0,inf,11594.0,inf,204.0,91.0,113.0,0.0,0.0,0.0,0.0,0.0,0.0
173.0,11666.0,33044.0,21378.0,10689.0,1.8325047145551174,49.06219597030561,7562.124765546314,1.54268811500589,0.0,0.0,1.0,inf,11666.0,inf,201.0,72.0,129.0,0.0,0.0,0.0,0.0,0.0,0.0
174.0,11748.0,33274.0,21526.0,10763.0,1.8323118828736806,49.06219597030561,7562.124765546314,1.553531628243545,0.0,0.0,1.0,inf,11748.0,inf,207.0,82.0,125.0,0.0,0.0,0.0,0.0,0.0,0.0
175.0,11822.0,33484.0,21662.0,10831.0,1.8323464726780578,49.06219597030561,7562.124765546314,1.563317237750697,0.0,0.0,1.0,inf,11822.0,inf,211.0,74.0,137.0,0.0,0.0,0.0,0.0,0.0,0.0
176.0,11891.0,33679.0,21788.0,10894.0,1.8323101505340174,49.10507079624248,7575.347428925621,1.5696969824242701,0.0,0.0,1.0,inf,11891.0,inf,208.0,69.0,139.0,0.0,0.0,0.0,0.0,0.0,0.0
177.0,11954.0,33856.0,21902.0,10951.0,1.8321900619039653,49.10507079624248,7575.347428925621,1.5780134326717454,0.0,0.0,1.0,inf,11954.0,inf,213.0,63.0,150.0,0.0,0.0,0.0,0.0,0.0,0.0
178.0,12031.0,34083.0,22052.0,11026.0,1.8329315933837587,49.10507079624248,7575.347428925621,1.5881779829742153,0.0,0.0,1.0,inf,12031.0,inf,207.0,77.0,130.0,0.0,0.0,0.0,0.0,0.0,0.0
179.0,12103.0,34291.0,22188.0,11094.0,1.8332644798810211,49.10507079624248,7575.347428925621,1.5976824975427584,0.0,0.0,1.0,inf,12103.0,inf,219.0,72.0,147.0,0.0,0.0,0.0,0.0,0.0,0.0
180.0,12172.0,34488.0,22316.0,11158.0,1.8333881038448898,49.10507079624248,7575.347428925621,1.6067909906709457,0.0,0.0,1.0,inf,12172.0,inf,211.0,69.0,142.0,0.0,0.0,0.0,0.0,0.0,0.0
181.0,12251.0,34715.0,22464.0,11232.0,1.8336462329605747,49.10507079624248,7575.347428925621,1.6172195552669861,0.0,0.0,1.0,inf,12251.0,inf,215.0,79.0,136.0,0.0,0.0,0.0,0.0,0.0,0.0
182.0,12319.0,34907.0,22588.0,11294.0,1.8335903888302623,49.10507079624248,7575.347428925621,1.626196041248388,0.0,0.0,1.0,inf,12319.0,inf,208.0,68.0,140.0,0.0,0.0,0.0,0.0,0.0,0.0
183.0,12383.0,35085.0,22702.0,11351.0,1.833319874020835,49.10507079624248,7575.347428925621,1.6346444986426487,0.0,0.0,1.0,inf,12383.0,inf,210.0,64.0,146.0,0.0,0.0,0.0,0.0,0.0,0.0
184.0,12452.0,35284.0,22832.0,11416.0,1.8336010279473176,49.10507079624248,7575.347428925621,1.643752991770836,0.0,0.0,1.0,inf,12452.0,inf,212.0,69.0,143.0,0.0,0.0,0.0,0.0,0.0,0.0
185.0,12513.0,35449.0,22936.0,11468.0,1.832973707344362,49.10507079624248,7575.347428925621,1.6518054277247407,0.0,0.0,1.0,inf,12513.0,inf,220.0,61.0,159.0,0.0,0.0,0.0,0.0,0.0,0.0
186.0,12569.0,35613.0,23044.0,11522.0,1.8333996340202086,49.10507079624248,7575.347428925621,1.6591978279447188,0.0,0.0,1.0,inf,12569.0,inf,210.0,56.0,154.0,0.0,0.0,0.0,0.0,0.0,0.0
187.0,12642.0,35820.0,23178.0,11589.0,1.8334124347413383,49.10507079624248,7575.347428925621,1.6688343496600473,0.0,0.0,1.0,inf,12642.0,inf,216.0,73.0,143.0,0.0,0.0,0.0,0.0,0.0,0.0
188.0,12699.0,35979.0,23280.0,11640.0,1.833215213796362,49.10507079624248,7575.347428925621,1.6763587570268106,0.0,0.0,1.0,inf,12699.0,inf,214.0,57.0,157.0,0.0,0.0,0.0,0.0,0.0,0.0
189.0,12752.0,36134.0,23382.0,11691.0,1.833594730238394,49.10507079624248,7575.347428925621,1.6833551358064327,0.0,0.0,1.0,inf,12752.0,inf,212.0,53.0,159.0,0.0,0.0,0.0,0.0,0.0,0.0
190.0,12818.0,36312.0,23494.0,11747.0,1.83289124668435,49.16337770037572,7593.347903477348,1.6880564624373446,0.0,0.0,1.0,inf,12818.0,inf,215.0,66.0,149.0,0.0,0.0,0.0,0.0,0.0,0.0
191.0,12881.0,36491.0,23610.0,11805.0,1.8329322257588696,49.16337770037572,7593.347903477348,1.6963531980539426,0.0,0.0,1.0,inf,12881.0,inf,212.0,63.0,149.0,0.0,0.0,0.0,0.0,0.0,0.0
192.0,12946.0,36678.0,23732.0,11866.0,1.8331530974818477,49.614914276329145,7733.469255887799,1.6740223011999038,0.0,0.0,1.0,inf,12946.0,inf,219.0,65.0,154.0,0.0,0.0,0.0,0.0,0.0,0.0
193.0,13021.0,36889.0,23868.0,11934.0,1.8330389371016051,49.9887657616407,7850.452690399134,1.6586304654665698,0.0,0.0,1.0,inf,13021.0,inf,217.0,75.0,142.0,0.0,0.0,0.0,0.0,0.0,0.0
194.0,13089.0,37079.0,23990.0,11995.0,1.8328367331346933,49.9887657616407,7850.452690399134,1.6672923863368352,0.0,0.0,1.0,inf,13089.0,inf,215.0,68.0,147.0,0.0,0.0,0.0,0.0,0.0,0.0
195.0,13144.0,37240.0,24096.0,12048.0,1.83323189287888,49.9887657616407,7850.452690399134,1.6742983517466088,0.0,0.0,1.0,inf,13144.0,inf,212.0,55.0,157.0,0.0,0.0,0.0,0.0,0.0,0.0
196.0,13214.0,37438.0,24224.0,12112.0,1.8332072044800969,49.9887657616407,7850.452690399134,1.6832150349954116,0.0,0.0,1.0,inf,13214.0,inf,211.0,70.0,141.0,0.0,0.0,0.0,0.0,0.0,0.0
197.0,13272.0,37608.0,24336.0,12168.0,1.833634719710669,49.9887657616407,7850.452690399134,1.690603143972991,0.0,0.0,1.0,inf,13272.0,inf,215.0,58.0,157.0,0.0,0.0,0.0,0.0,0.0,0.0
198.0,13343.0,37817.0,24474.0,12237.0,1.8342201903619875,49.9887657616407,7850.452690399134,1.699647208411062,0.0,0.0,1.0,inf,13343.0,inf,212.0,71.0,141.0,0.0,0.0,0.0,0.0,0.0,0.0
199.0,13409.0,37997.0,24588.0,12294.0,1.8336937877544932,49.9887657616407,7850.452690399134,1.7080543669027903,0.0,0.0,1.0,inf,13409.0,inf,215.0,66.0,149.0,0.0,0.0,0.0,0.0,0.0,0.0
200.0,13466.0,38158.0,24692.0,12346.0,1.8336551314421505,49.9887657616407,7850.452690399134,1.715315094691101,0.0,0.0,1.0,inf,13466.0,inf,208.0,57.0,151.0,0.0,0.0,0.0,0.0,0.0,0.0
201.0,13529.0,38343.0,24814.0,12407.0,1.8341340823416366,49.9887657616407,7850.452690399134,1.7233401096150236,0.0,0.0,1.0,inf,13529.0,inf,218.0,63.0,155.0,0.0,0.0,0.0,0.0,0.0,0.0
202.0,13570.0,38462.0,24892.0,12446.0,1.8343404568901989,49.9887657616407,7850.452690399134,1.7285627383750366,0.0,0.0,1.0,inf,13570.0,inf,213.0,41.0,172.0,0.0,0.0,0.0,0.0,0.0,0.0
203.0,13633.0,38645.0,25012.0,12506.0,1.8346658842514487,50.04166481950704,7867.076476732466,1.7329181990693407,0.0,0.0,1.0,inf,13633.0,inf,217.0,63.0,154.0,0.0,0.0,0.0,0.0,0.0,0.0
204.0,13700.0,38832.0,25132.0,12566.0,1.8344525547445256,50.548583425082825,8027.269642537024,1.7066824225515995,0.0,0.0,1.0,inf,13700.0,inf,218.0,67.0,151.0,0.0,0.0,0.0,0.0,0.0,0.0
205.0,13761.0,39009.0,25248.0,12624.0,1.8347503815129715,50.548583425082825,8027.269642537024,1.71428151946953,0.0,0.0,1.0,inf,13761.0,inf,209.0,61.0,148.0,0.0,0.0,0.0,0.0,0.0,0.0
206.0,13817.0,39163.0,25346.0,12673.0,1.834406890062966,50.548583425082825,8027.269642537024,1.7212577395909088,0.0,0.0,1.0,inf,13817.0,inf,215.0,56.0,159.0,0.0,0.0,0.0,0.0,0.0,0.0
207.0,13877.0,39329.0,25452.0,12726.0,1.834114001585357,50.87897769255982,8132.547820224829,1.7063533233077703,0.0,0.0,1.0,inf,13877.0,inf,215.0,60.0,155.0,0.0,0.0,0.0,0.0,0.0,0.0
208.0,13930.0,39476.0,25546.0,12773.0,1.833883704235463,50.87897769255982,8132.547820224829,1.7128703461610753,0.0,0.0,1.0,inf,13930.0,inf,213.0,53.0,160.0,0.0,0.0,0.0,0.0,0.0,0.0
209.0,13997.0,39665.0,25668.0,12834.0,1.8338215331856826,50.87897769255982,8132.547820224829,1.7211088467492153,0.0,0.0,1.0,inf,13997.0,inf,215.0,67.0,148.0,0.0,0.0,0.0,0.0,0.0,0.0
210.0,14060.0,39846.0,25786.0,12893.0,1.8339971550497867,50.87897769255982,8132.547820224829,1.728855496555974,0.0,0.0,1.0,inf,14060.0,inf,216.0,63.0,153.0,0.0,0.0,0.0,0.0,0.0,0.0
211.0,14124.0,40020.0,25896.0,12948.0,1.8334749362786746,50.87897769255982,8132.547820224829,1.736725109058078,0.0,0.0,1.0,inf,14124.0,inf,217.0,64.0,153.0,0.0,0.0,0.0,0.0,0.0,0.0
212.0,14181.0,40181.0,26000.0,13000.0,1.8334391086665256,50.87897769255982,8132.547820224829,1.7437339826927645,0.0,0.0,1.0,inf,14181.0,inf,216.0,57.0,159.0,0.0,0.0,0.0,0.0,0.0,0.0
213.0,14248.0,40374.0,26126.0,13063.0,1.8336608646827626,51.25445091748661,8253.022770823445,1.7263977569976348,0.0,0.0,1.0,inf,14248.0,inf,217.0,67.0,150.0,0.0,0.0,0.0,0.0,0.0,0.0
214.0,14291.0,40493.0,26202.0,13101.0,1.8334616192008957,51.40111416177777,8300.321955902398,1.7217404428315701,0.0,0.0,1.0,inf,14291.0,inf,218.0,43.0,175.0,0.0,0.0,0.0,0.0,0.0,0.0
215.0,14342.0,40644.0,26302.0,13151.0,1.8339143773532283,51.40111416177777,8300.321955902398,1.7278847828066881,0.0,0.0,1.0,inf,14342.0,inf,216.0,51.0,165.0,0.0,0.0,0.0,0.0,0.0,0.0
216.0,14395.0,40791.0,26396.0,13198.0,1.8336922542549496,51.40111416177777,8300.321955902398,1.734270077290634,0.0,0.0,1.0,inf,14395.0,inf,217.0,53.0,164.0,0.0,0.0,0.0,0.0,0.0,0.0
217.0,14454.0,40950.0,26496.0,13248.0,1.8331257783312578,51.40111416177777,8300.321955902398,1.7413782353010647,0.0,0.0,1.0,inf,14454.0,inf,214.0,59.0,155.0,0.0,0.0,0.0,0.0,0.0,0.0
218.0,14511.0,41107.0,26596.0,13298.0,1.8328164840465853,51.40111416177777,8300.321955902398,1.7482454388026671,0.0,0.0,1.0,inf,14511.0,inf,216.0,57.0,159.0,0.0,0.0,0.0,0.0,0.0,0.0
219.0,14562.0,41256.0,26694.0,13347.0,1.8331273176761433,51.40111416177777,8300.321955902398,1.754389778777785,0.0,0.0,1.0,inf,14562.0,inf,216.0,51.0,165.0,0.0,0.0,0.0,0.0,0.0,0.0
220.0,14618.0,41412.0,26794.0,13397.0,1.8329456834040225,51.40111416177777,8300.321955902398,1.7611365050249732,0.0,0.0,1.0,inf,14618.0,inf,217.0,56.0,161.0,0.0,0.0,0.0,0.0,0.0,0.0
221.0,14663.0,41539.0,26876.0,13438.0,1.8329127736479573,51.50500562521533,8333.908934646686,1.759438471788585,0.0,0.0,1.0,inf,14663.0,inf,217.0,45.0,172.0,0.0,0.0,0.0,0.0,0.0,0.0
222.0,14712.0,41682.0,26970.0,13485.0,1.8331973898858076,51.69545889254183,8395.656516202072,1.7523346711014853,0.0,0.0,1.0,inf,14712.0,inf,217.0,49.0,168.0,0.0,0.0,0.0,0.0,0.0,0.0
223.0,14778.0,41868.0,27090.0,13545.0,1.8331303288672351,51.69545889254183,8395.656516202072,1.7601958788429684,0.0,0.0,1.0,inf,14778.0,inf,215.0,66.0,149.0,0.0,0.0,0.0,0.0,0.0,0.0
224.0,14838.0,42036.0,27198.0,13599.0,1.8329963606955115,51.69545889254183,8395.656516202072,1.7673424313352255,0.0,0.0,1.0,inf,14838.0,inf,212.0,60.0,152.0,0.0,0.0,0.0,0.0,0.0,0.0
225.0,14897.0,42209.0,27312.0,13656.0,1.8333892730079882,51.69545889254183,8395.656516202072,1.7743698746192784,0.0,0.0,1.0,inf,14897.0,inf,217.0,59.0,158.0,0.0,0.0,0.0,0.0,0.0,0.0
226.0,14940.0,42324.0,27384.0,13692.0,1.8329317269076306,51.69545889254183,8395.656516202072,1.7794915705720629,0.0,0.0,1.0,inf,14940.0,inf,216.0,43.0,173.0,0.0,0.0,0.0,0.0,0.0,0.0
227.0,14996.0,42482.0,27486.0,13743.0,1.832888770338757,51.69545889254183,8395.656516202072,1.786161686231503,0.0,0.0,1.0,inf,14996.0,inf,218.0,56.0,162.0,0.0,0.0,0.0,0.0,0.0,0.0
228.0,15049.0,42637.0,27588.0,13794.0,1.8332115090703702,52.02831637463603,8504.120739800841,1.7696126925348,0.0,0.0,1.0,inf,15049.0,inf,217.0,53.0,164.0,0.0,0.0,0.0,0.0,0.0,0.0
229.0,15107.0,42797.0,27690.0,13845.0,1.8329251340438208,52.02831637463603,8504.120739800841,1.776432915550749,0.0,0.0,1.0,inf,15107.0,inf,214.0,58.0,156.0,0.0,0.0,0.0,0.0,0.0,0.0
230.0,15164.0,42960.0,27796.0,13898.0,1.833025586916381,52.02831637463603,8504.120739800841,1.783135548514699,0.0,0.0,1.0,inf,15164.0,inf,218.0,57.0,161.0,0.0,0.0,0.0,0.0,0.0,0.0
231.0,15222.0,43126.0,27904.0,13952.0,1.8331362501642359,52.02831637463603,8504.120739800841,1.789955771530648,0.0,0.0,1.0,inf,15222.0,inf,217.0,58.0,159.0,0.0,0.0,0.0,0.0,0.0,0.0
232.0,15283.0,43309.0,28026.0,14013.0,1.8338022639534124,52.02831637463603,8504.120739800841,1.7971287647025946,0.0,0.0,1.0,inf,15283.0,inf,218.0,61.0,157.0,0.0,0.0,0.0,0.0,0.0,0.0
233.0,15335.0,43463.0,28128.0,14064.0,1.8342354091946527,52.02831637463603,8504.120739800841,1.8032434474065488,0.0,0.0,1.0,inf,15335.0,inf,216.0,52.0,164.0,0.0,0.0,0.0,0.0,0.0,0.0
234.0,15399.0,43641.0,28242.0,14121.0,1.8340151957919346,52.77852409837219,8751.134435058284,1.7596575751721315,0.0,0.0,1.0,inf,15399.0,inf,218.0,64.0,154.0,0.0,0.0,0.0,0.0,0.0,0.0
235.0,15456.0,43804.0,28348.0,14174.0,1.8341097308488612,52.77852409837219,8751.134435058284,1.7661710164205768,0.0,0.0,1.0,inf,15456.0,inf,213.0,57.0,156.0,0.0,0.0,0.0,0.0,0.0,0.0
236.0,15510.0,43962.0,28452.0,14226.0,1.834429400386847,52.77852409837219,8751.134435058284,1.7723416449717357,0.0,0.0,1.0,inf,15510.0,inf,215.0,54.0,161.0,0.0,0.0,0.0,0.0,0.0,0.0
237.0,15575.0,44151.0,28576.0,14288.0,1.8347351524879614,52.98056531480113,8818.263028925197,1.7662208474516707,0.0,0.0,1.0,inf,15575.0,inf,213.0,65.0,148.0,0.0,0.0,0.0,0.0,0.0,0.0
238.0,15633.0,44321.0,28688.0,14344.0,1.8350924326744706,52.98056531480113,8818.263028925197,1.7727981064662581,0.0,0.0,1.0,inf,15633.0,inf,216.0,58.0,158.0,0.0,0.0,0.0,0.0,0.0,0.0
239.0,15686.0,44476.0,28790.0,14395.0,1.8353946194058397,52.98056531480113,8818.263028925197,1.778808360393381,0.0,0.0,1.0,inf,15686.0,inf,213.0,53.0,160.0,0.0,0.0,0.0,0.0,0.0,0.0
240.0,15742.0,44638.0,28896.0,14448.0,1.8355990344301867,52.98056531480113,8818.263028925197,1.7851588173729824,0.0,0.0,1.0,inf,15742.0,inf,219.0,56.0,163.0,0.0,0.0,0.0,0.0,0.0,0.0
241.0,15791.0,44777.0,28986.0,14493.0,1.8356025584193527,52.98056531480113,8818.263028925197,1.7907154672301338,0.0,0.0,1.0,inf,15791.0,inf,217.0,49.0,168.0,0.0,0.0,0.0,0.0,0.0,0.0
242.0,15845.0,44927.0,29082.0,14541.0,1.8354054906910697,52.98056531480113,8818.263028925197,1.7968391221747495,0.0,0.0,1.0,inf,15845.0,inf,217.0,54.0,163.0,0.0,0.0,0.0,0.0,0.0,0.0
243.0,15898.0,45078.0,29180.0,14590.0,1.835451000125802,52.98056531480113,8818.263028925197,1.8028493761018725,0.0,0.0,1.0,inf,15898.0,inf,218.0,53.0,165.0,0.0,0.0,0.0,0.0,0.0,0.0
244.0,15944.0,45210.0,29266.0,14633.0,1.8355494229804314,52.98056531480113,8818.263028925197,1.8080658229065452,0.0,0.0,1.0,inf,15944.0,inf,219.0,46.0,173.0,0.0,0.0,0.0,0.0,0.0,0.0
245.0,16003.0,45379.0,29376.0,14688.0,1.8356558145347748,52.98056531480113,8818.263028925197,1.8147564829386253,0.0,0.0,1.0,inf,16003.0,inf,219.0,59.0,160.0,0.0,0.0,0.0,0.0,0.0,0.0
246.0,16061.0,45549.0,29488.0,14744.0,1.836000249050495,52.98056531480113,8818.263028925197,1.8213337419532125,0.0,0.0,1.0,inf,16061.0,inf,217.0,58.0,159.0,0.0,0.0,0.0,0.0,0.0,0.0
247.0,16120.0,45718.0,29598.0,14799.0,1.8361042183622829,53.433111518657846,8969.553037748898,1.7971910007285783,0.0,0.0,1.0,inf,16120.0,inf,216.0,59.0,157.0,0.0,0.0,0.0,0.0,0.0,0.0
248.0,16184.0,45902.0,29718.0,14859.0,1.8362580326248146,53.433111518657846,8969.553037748898,1.8043262503592623,0.0,0.0,1.0,inf,16184.0,inf,214.0,64.0,150.0,0.0,0.0,0.0,0.0,0.0,0.0
249.0,16243.0,46069.0,29826.0,14913.0,1.8362371483100413,53.433111518657846,8969.553037748898,1.8109040586125493,0.0,0.0,1.0,inf,16243.0,inf,218.0,59.0,159.0,0.0,0.0,0.0,0.0,0.0,0.0
250.0,16310.0,46254.0,29944.0,14972.0,1.8359288779889638,53.433111518657846,8969.553037748898,1.8183737730696719,0.0,0.0,1.0,inf,16310.0,inf,217.0,67.0,150.0,0.0,0.0,0.0,0.0,0.0,0.0
251.0,16364.0,46412.0,30048.0,15024.0,1.8362258616475189,53.433111518657846,8969.553037748898,1.8243941399455617,0.0,0.0,1.0,inf,16364.0,inf,214.0,54.0,160.0,0.0,0.0,0.0,0.0,0.0,0.0
252.0,16408.0,46544.0,30136.0,15068.0,1.8366650414431984,53.433111518657846,8969.553037748898,1.829299624066657,0.0,0.0,1.0,inf,16408.0,inf,216.0,44.0,172.0,0.0,0.0,0.0,0.0,0.0,0.0
253.0,16448.0,46652.0,30204.0,15102.0,1.8363326848249026,53.433111518657846,8969.553037748898,1.8337591550858345,0.0,0.0,1.0,inf,16448.0,inf,210.0,40.0,170.0,0.0,0.0,0.0,0.0,0.0,0.0
254.0,16502.0,46804.0,30302.0,15151.0,1.8362622712398498,53.433111518657846,8969.553037748898,1.8397795219617243,0.0,0.0,1.0,inf,16502.0,inf,216.0,54.0,162.0,0.0,0.0,0.0,0.0,0.0,0.0
255.0,16541.0,46903.0,30362.0,15181.0,1.8355601233299075,53.433111518657846,8969.553037748898,1.8441275647054225,0.0,0.0,1.0,inf,16541.0,inf,216.0,39.0,177.0,0.0,0.0,0.0,0.0,0.0,0.0
256.0,16589.0,47047.0,30458.0,15229.0,1.8360359274217855,53.67785379221313,9051.908573378561,1.8326521821914814,0.0,0.0,1.0,inf,16589.0,inf,217.0,48.0,169.0,0.0,0.0,0.0,0.0,0.0,0.0
257.0,16639.0,47183.0,30544.0,15272.0,1.8356872408197609,53.67785379221313,9051.908573378561,1.8381758791659568,0.0,0.0,1.0,inf,16639.0,inf,216.0,50.0,166.0,0.0,0.0,0.0,0.0,0.0,0.0
258.0,16698.0,47352.0,30654.0,15327.0,1.835788717211642,53.67785379221313,9051.908573378561,1.844693841595838,0.0,0.0,1.0,inf,16698.0,inf,218.0,59.0,159.0,0.0,0.0,0.0,0.0,0.0,0.0
259.0,16756.0,47514.0,30758.0,15379.0,1.8356409644306517,53.67785379221313,9051.908573378561,1.8511013300862296,0.0,0.0,1.0,inf,16756.0,inf,213.0,58.0,155.0,0.0,0.0,0.0,0.0,0.0,0.0
260.0,16807.0,47661.0,30854.0,15427.0,1.8357827095852919,53.67785379221313,9051.908573378561,1.8567355010001947,0.0,0.0,1.0,inf,16807.0,inf,217.0,51.0,166.0,0.0,0.0,0.0,0.0,0.0,0.0
261.0,16862.0,47822.0,30960.0,15480.0,1.8360811291661725,53.67785379221313,9051.908573378561,1.8628115676721178,0.0,0.0,1.0,inf,16862.0,inf,220.0,55.0,165.0,0.0,0.0,0.0,0.0,0.0,0.0
262.0,16908.0,47948.0,31040.0,15520.0,1.8358173645611544,53.67785379221313,9051.908573378561,1.8678933688886352,0.0,0.0,1.0,inf,16908.0,inf,218.0,46.0,172.0,0.0,0.0,0.0,0.0,0.0,0.0
263.0,16956.0,48090.0,31134.0,15567.0,1.8361641896673744,53.67785379221313,9051.908573378561,1.8731961179841317,0.0,0.0,1.0,inf,16956.0,inf,217.0,48.0,169.0,0.0,0.0,0.0,0.0,0.0,0.0
264.0,17002.0,48224.0,31222.0,15611.0,1.8363721915068816,53.67785379221313,9051.908573378561,1.8782779192006491,0.0,0.0,1.0,inf,17002.0,inf,216.0,46.0,170.0,0.0,0.0,0.0,0.0,0.0,0.0
265.0,17051.0,48363.0,31312.0,15656.0,1.8363732332414522,53.67785379221313,9051.908573378561,1.883691142235635,0.0,0.0,1.0,inf,17051.0,inf,217.0,49.0,168.0,0.0,0.0,0.0,0.0,0.0,0.0
266.0,17108.0,48528.0,31420.0,15710.0,1.8365676876315173,53.67785379221313,9051.908573378561,1.889988156786537,0.0,0.0,1.0,inf,17108.0,inf,217.0,57.0,160.0,0.0,0.0,0.0,0.0,0.0,0.0
267.0,17156.0,48666.0,31510.0,15755.0,1.836675215667988,53.67785379221313,9051.908573378561,1.8952909058820335,0.0,0.0,1.0,inf,17156.0,inf,218.0,48.0,170.0,0.0,0.0,0.0,0.0,0.0,0.0
268.0,17201.0,48787.0,31586.0,15793.0,1.8362885878727981,53.67785379221313,9051.908573378561,1.9002622331590615,0.0,0.0,1.0,inf,17201.0,inf,218.0,45.0,173.0,0.0,0.0,0.0,0.0,0.0,0.0
269.0,17243.0,48907.0,31664.0,15832.0,1.8363393840978948,53.67785379221313,9051.908573378561,1.904902138617621,0.0,0.0,1.0,inf,17243.0,inf,218.0,42.0,176.0,0.0,0.0,0.0,0.0,0.0,0.0
270.0,17287.0,49035.0,31748.0,15874.0,1.8365245560247585,53.67785379221313,9051.908573378561,1.9097629919551593,0.0,0.0,1.0,inf,17287.0,inf,218.0,44.0,174.0,0.0,0.0,0.0,0.0,0.0,0.0
271.0,17341.0,49193.0,31852.0,15926.0,1.8368029525402225,53.67785379221313,9051.908573378561,1.9157285846875929,0.0,0.0,1.0,inf,17341.0,inf,217.0,54.0,163.0,0.0,0.0,0.0,0.0,0.0,0.0
272.0,17390.0,49334.0,31944.0,15972.0,1.8369177688326626,53.67785379221313,9051.908573378561,1.921141807722579,0.0,0.0,1.0,inf,17390.0,inf,216.0,49.0,167.0,0.0,0.0,0.0,0.0,0.0,0.0
273.0,17443.0,49481.0,32038.0,16019.0,1.8367253339448488,53.67785379221313,9051.908573378561,1.926996926515523,0.0,0.0,1.0,inf,17443.0,inf,219.0,53.0,166.0,0.0,0.0,0.0,0.0,0.0,0.0
274.0,17489.0,49609.0,32120.0,16060.0,1.8365829950254446,53.67785379221313,9051.908573378561,1.9320787277320404,0.0,0.0,1.0,inf,17489.0,inf,217.0,46.0,171.0,0.0,0.0,0.0,0.0,0.0,0.0
275.0,17526.0,49718.0,32192.0,16096.0,1.8368138765263038,53.67785379221313,9051.908573378561,1.9361662634931522,0.0,0.0,1.0,inf,17526.0,inf,218.0,37.0,181.0,0.0,0.0,0.0,0.0,0.0,0.0
276.0,17563.0,49821.0,32258.0,16129.0,1.8367021579456813,53.67785379221313,9051.908573378561,1.940253799254264,0.0,0.0,1.0,inf,17563.0,inf,219.0,37.0,182.0,0.0,0.0,0.0,0.0,0.0,0.0
277.0,17619.0,49977.0,32358.0,16179.0,1.8365400987570237,53.67785379221313,9051.908573378561,1.9464403398656767,0.0,0.0,1.0,inf,17619.0,inf,218.0,56.0,162.0,0.0,0.0,0.0,0.0,0.0,0.0
278.0,17657.0,50087.0,32430.0,16215.0,1.836665345188877,53.67785379221313,9051.908573378561,1.950638349566278,0.0,0.0,1.0,inf,17657.0,inf,218.0,38.0,180.0,0.0,0.0,0.0,0.0,0.0,0.0
279.0,17687.0,50177.0,32490.0,16245.0,1.8369423870639452,53.67785379221313,9051.908573378561,1.9539525677509635,0.0,0.0,1.0,inf,17687.0,inf,218.0,30.0,188.0,0.0,0.0,0.0,0.0,0.0,0.0
280.0,17735.0,50311.0,32576.0,16288.0,1.8368198477586692,53.67785379221313,9051.908573378561,1.95925531684646,0.0,0.0,1.0,inf,17735.0,inf,219.0,48.0,171.0,0.0,0.0,0.0,0.0,0.0,0.0
281.0,17783.0,50453.0,32670.0,16335.0,1.8371478378226396,53.67785379221313,9051.908573378561,1.9645580659419564,0.0,0.0,1.0,inf,17783.0,inf,218.0,48.0,170.0,0.0,0.0,0.0,0.0,0.0,0.0
282.0,17828.0,50580.0,32752.0,16376.0,1.8371101637873009,53.67785379221313,9051.908573378561,1.9695293932189843,0.0,0.0,1.0,inf,17828.0,inf,219.0,45.0,174.0,0.0,0.0,0.0,0.0,0.0,0.0
283.0,17874.0,50714.0,32840.0,16420.0,1.8373055835291485,53.67785379221313,9051.908573378561,1.9746111944355018,0.0,0.0,1.0,inf,17874.0,inf,218.0,46.0,172.0,0.0,0.0,0.0,0.0,0.0,0.0
284.0,17914.0,50828.0,32914.0,16457.0,1.8373339287707937,53.67785379221313,9051.908573378561,1.9790301520150821,0.0,0.0,1.0,inf,17914.0,inf,219.0,40.0,179.0,0.0,0.0,0.0,0.0,0.0,0.0
285.0,17971.0,50985.0,33014.0,16507.0,1.8370708363474486,54.5256934739186,9340.115962012891,1.9240660472621225,0.0,0.0,1.0,inf,17971.0,inf,218.0,57.0,161.0,0.0,0.0,0.0,0.0,0.0,0.0
286.0,18026.0,51144.0,33118.0,16559.0,1.837235104848552,54.5256934739186,9340.115962012891,1.929954625115298,0.0,0.0,1.0,inf,18026.0,inf,217.0,55.0,162.0,0.0,0.0,0.0,0.0,0.0,0.0
287.0,18083.0,51307.0,33224.0,16612.0,1.8373057567881435,54.5256934739186,9340.115962012891,1.9360573330722253,0.0,0.0,1.0,inf,18083.0,inf,217.0,57.0,160.0,0.0,0.0,0.0,0.0,0.0,0.0
288.0,18132.0,51442.0,33310.0,16655.0,1.8370836090889036,54.5256934739186,9340.115962012891,1.9413035206141454,0.0,0.0,1.0,inf,18132.0,inf,219.0,49.0,170.0,0.0,0.0,0.0,0.0,0.0,0.0
289.0,18182.0,51582.0,33400.0,16700.0,1.836981630183698,54.5256934739186,9340.115962012891,1.9466567732079412,0.0,0.0,1.0,inf,18182.0,inf,216.0,50.0,166.0,0.0,0.0,0.0,0.0,0.0,0.0
290.0,18231.0,51719.0,33488.0,16744.0,1.836871263232955,54.5256934739186,9340.115962012891,1.9519029607498612,0.0,0.0,1.0,inf,18231.0,inf,219.0,49.0,170.0,0.0,0.0,0.0,0.0,0.0,0.0
291.0,18278.0,51852.0,33574.0,16787.0,1.8368530473793632,54.5256934739186,9340.115962012891,1.9569350181880294,0.0,0.0,1.0,inf,18278.0,inf,215.0,47.0,168.0,0.0,0.0,0.0,0.0,0.0,0.0
292.0,18319.0,51973.0,33654.0,16827.0,1.8371090125006824,54.5256934739186,9340.115962012891,1.961324685314942,0.0,0.0,1.0,inf,18319.0,inf,217.0,41.0,176.0,0.0,0.0,0.0,0.0,0.0,0.0
293.0,18359.0,52081.0,33722.0,16861.0,1.83681028378452,54.5256934739186,9340.115962012891,1.9656072873899786,0.0,0.0,1.0,inf,18359.0,inf,217.0,40.0,177.0,0.0,0.0,0.0,0.0,0.0,0.0
294.0,18394.0,52180.0,33786.0,16893.0,1.8367946069370447,54.5256934739186,9340.115962012891,1.9693545642056358,0.0,0.0,1.0,inf,18394.0,inf,218.0,35.0,183.0,0.0,0.0,0.0,0.0,0.0,0.0
295.0,18434.0,52300.0,33866.0,16933.0,1.837148746880764,54.5256934739186,9340.115962012891,1.9736371662806727,0.0,0.0,1.0,inf,18434.0,inf,216.0,40.0,176.0,0.0,0.0,0.0,0.0,0.0,0.0
296.0,18482.0,52432.0,33950.0,16975.0,1.836922410994481,54.5256934739186,9340.115962012891,1.9787762887707165,0.0,0.0,1.0,inf,18482.0,inf,217.0,48.0,169.0,0.0,0.0,0.0,0.0,0.0,0.0
297.0,18525.0,52559.0,34034.0,17017.0,1.8371929824561404,54.5256934739186,9340.115962012891,1.983380086001381,0.0,0.0,1.0,inf,18525.0,inf,217.0,43.0,174.0,0.0,0.0,0.0,0.0,0.0,0.0
298.0,18567.0,52677.0,34110.0,17055.0,1.8371303926320892,54.5256934739186,9340.115962012891,1.9878768181801696,0.0,0.0,1.0,inf,18567.0,inf,217.0,42.0,175.0,0.0,0.0,0.0,0.0,0.0,0.0
299.0,18605.0,52785.0,34180.0,17090.0,1.8371405536146197,54.5256934739186,9340.115962012891,1.9919452901514545,0.0,0.0,1.0,inf,18605.0,inf,218.0,38.0,180.0,0.0,0.0,0.0,0.0,0.0,0.0
300.0,18653.0,52923.0,34270.0,17135.0,1.8372379778051788,55.000395106208174,9503.454316503263,1.9627600006039967,0.0,0.0,1.0,inf,18653.0,inf,218.0,48.0,170.0,0.0,0.0,0.0,0.0,0.0,0.0
301.0,18714.0,53102.0,34388.0,17194.0,1.8375547718285776,55.000395106208174,9503.454316503263,1.969178719310738,0.0,0.0,1.0,inf,18714.0,inf,218.0,61.0,157.0,0.0,0.0,0.0,0.0,0.0,0.0
302.0,18755.0,53221.0,34466.0,17233.0,1.8376966142362037,55.000395106208174,9503.454316503263,1.9734929400808428,0.0,0.0,1.0,inf,18755.0,inf,217.0,41.0,176.0,0.0,0.0,0.0,0.0,0.0,0.0
303.0,18795.0,53335.0,34540.0,17270.0,1.8377227986166533,55.000395106208174,9503.454316503263,1.9777019359541157,0.0,0.0,1.0,inf,18795.0,inf,218.0,40.0,178.0,0.0,0.0,0.0,0.0,0.0,0.0
304.0,18839.0,53459.0,34620.0,17310.0,1.837677159084877,55.000395106208174,9503.454316503263,1.9823318314147158,0.0,0.0,1.0,inf,18839.0,inf,218.0,44.0,174.0,0.0,0.0,0.0,0.0,0.0,0.0
305.0,18871.0,53549.0,34678.0,17339.0,1.8376344655821102,55.000395106208174,9503.454316503263,1.9856990281133342,0.0,0.0,1.0,inf,18871.0,inf,219.0,32.0,187.0,0.0,0.0,0.0,0.0,0.0,0.0
306.0,18923.0,53699.0,34776.0,17388.0,1.8377635681445859,55.76177362966415,9768.39090863351,1.9371665381731862,0.0,0.0,1.0,inf,18923.0,inf,220.0,52.0,168.0,0.0,0.0,0.0,0.0,0.0,0.0
307.0,18955.0,53793.0,34838.0,17419.0,1.8379319440780797,55.76177362966415,9768.39090863351,1.9404424103510407,0.0,0.0,1.0,inf,18955.0,inf,217.0,32.0,185.0,0.0,0.0,0.0,0.0,0.0,0.0
308.0,18999.0,53917.0,34918.0,17459.0,1.837886204537081,55.76177362966415,9768.39090863351,1.9449467345955906,0.0,0.0,1.0,inf,18999.0,inf,220.0,44.0,176.0,0.0,0.0,0.0,0.0,0.0,0.0
309.0,19050.0,54062.0,35012.0,17506.0,1.8379002624671916,55.76177362966415,9768.39090863351,1.9501676558790464,0.0,0.0,1.0,inf,19050.0,inf,217.0,51.0,166.0,0.0,0.0,0.0,0.0,0.0,0.0
310.0,19102.0,54212.0,35110.0,17555.0,1.8380274316825462,55.76177362966415,9768.39090863351,1.95549094816806,0.0,0.0,1.0,inf,19102.0,inf,216.0,52.0,164.0,0.0,0.0,0.0,0.0,0.0,0.0
311.0,19139.0,54321.0,35182.0,17591.0,1.8382360624902032,55.76177362966415,9768.39090863351,1.9592786753737044,0.0,0.0,1.0,inf,19139.0,inf,217.0,37.0,180.0,0.0,0.0,0.0,0.0,0.0,0.0
312.0,19194.0,54482.0,35288.0,17644.0,1.8384911951651557,55.76177362966415,9768.39090863351,1.964909080679392,0.0,0.0,1.0,inf,19194.0,inf,217.0,55.0,162.0,0.0,0.0,0.0,0.0,0.0,0.0
313.0,19245.0,54623.0,35378.0,17689.0,1.838295661210704,55.76177362966415,9768.39090863351,1.9701300019628476,0.0,0.0,1.0,inf,19245.0,inf,219.0,51.0,168.0,0.0,0.0,0.0,0.0,0.0,0.0
314.0,19296.0,54770.0,35474.0,17737.0,1.8384121061359868,55.76177362966415,9768.39090863351,1.9753509232463033,0.0,0.0,1.0,inf,19296.0,inf,213.0,51.0,162.0,0.0,0.0,0.0,0.0,0.0,0.0
315.0,19339.0,54893.0,35554.0,17777.0,1.8384611407001397,55.76177362966415,9768.39090863351,1.9797528764852954,0.0,0.0,1.0,inf,19339.0,inf,217.0,43.0,174.0,0.0,0.0,0.0,0.0,0.0,0.0
316.0,19383.0,55025.0,35642.0,17821.0,1.8388278388278387,55.76177362966415,9768.39090863351,1.9842572007298456,0.0,0.0,1.0,inf,19383.0,inf,219.0,44.0,175.0,0.0,0.0,0.0,0.0,0.0,0.0
317.0,19433.0,55167.0,35734.0,17867.0,1.838830854731642,55.76177362966415,9768.39090863351,1.9893757510077432,0.0,0.0,1.0,inf,19433.0,inf,219.0,50.0,169.0,0.0,0.0,0.0,0.0,0.0,0.0
318.0,19475.0,55283.0,35808.0,17904.0,1.8386649550706033,55.76177362966415,9768.39090863351,1.9936753332411774,0.0,0.0,1.0,inf,19475.0,inf,217.0,42.0,175.0,0.0,0.0,0.0,0.0,0.0,0.0
319.0,19525.0,55419.0,35894.0,17947.0,1.8383610755441742,55.76177362966415,9768.39090863351,1.998793883519075,0.0,0.0,1.0,inf,19525.0,inf,219.0,50.0,169.0,0.0,0.0,0.0,0.0,0.0,0.0
320.0,19564.0,55532.0,35968.0,17984.0,1.8384788386832958,55.76177362966415,9768.39090863351,2.0027863527358356,0.0,0.0,1.0,inf,19564.0,inf,216.0,39.0,177.0,0.0,0.0,0.0,0.0,0.0,0.0
321.0,19614.0,55680.0,36066.0,18033.0,1.838788620373203,56.09763778512674,9886.41918351932,1.9839336807300845,0.0,0.0,1.0,inf,19614.0,inf,214.0,50.0,164.0,0.0,0.0,0.0,0.0,0.0,0.0
322.0,19666.0,55834.0,36168.0,18084.0,1.8391131902776365,56.09763778512674,9886.41918351932,1.989193421292844,0.0,0.0,1.0,inf,19666.0,inf,217.0,52.0,165.0,0.0,0.0,0.0,0.0,0.0,0.0
323.0,19715.0,55975.0,36260.0,18130.0,1.8392087243215824,56.09763778512674,9886.41918351932,1.994149715284675,0.0,0.0,1.0,inf,19715.0,inf,215.0,49.0,166.0,0.0,0.0,0.0,0.0,0.0,0.0
324.0,19761.0,56111.0,36350.0,18175.0,1.83948180760083,56.09763778512674,9886.41918351932,1.9988025627055777,0.0,0.0,1.0,inf,19761.0,inf,219.0,46.0,173.0,0.0,0.0,0.0,0.0,0.0,0.0
325.0,19814.0,56270.0,36456.0,18228.0,1.839911173917432,56.158760626497106,9907.97500170387,1.9998031885014442,0.0,0.0,1.0,inf,19814.0,inf,219.0,53.0,166.0,0.0,0.0,0.0,0.0,0.0,0.0
326.0,19859.0,56397.0,36538.0,18269.0,1.83987109119291,56.158760626497106,9907.97500170387,2.004344984377217,0.0,0.0,1.0,inf,19859.0,inf,220.0,45.0,175.0,0.0,0.0,0.0,0.0,0.0,0.0
327.0,19916.0,56558.0,36642.0,18321.0,1.8398272745531232,56.158760626497106,9907.97500170387,2.010097925819863,0.0,0.0,1.0,inf,19916.0,inf,217.0,57.0,160.0,0.0,0.0,0.0,0.0,0.0,0.0
328.0,19962.0,56688.0,36726.0,18363.0,1.839795611662158,56.158760626497106,9907.97500170387,2.0147406504928753,0.0,0.0,1.0,inf,19962.0,inf,219.0,46.0,173.0,0.0,0.0,0.0,0.0,0.0,0.0
329.0,20005.0,56803.0,36798.0,18399.0,1.8394401399650087,57.07814925921573,10235.04221598761,1.954559598078771,0.0,0.0,1.0,inf,20005.0,inf,218.0,43.0,175.0,0.0,0.0,0.0,0.0,0.0,0.0
330.0,20047.0,56919.0,36872.0,18436.0,1.839277697411084,57.07814925921573,10235.04221598761,1.9586631473474194,0.0,0.0,1.0,inf,20047.0,inf,220.0,42.0,178.0,0.0,0.0,0.0,0.0,0.0,0.0
331.0,20090.0,57040.0,36950.0,18475.0,1.839223494275759,57.07814925921573,10235.04221598761,1.9628644001700832,0.0,0.0,1.0,inf,20090.0,inf,218.0,43.0,175.0,0.0,0.0,0.0,0.0,0.0,0.0
332.0,20135.0,57165.0,37030.0,18515.0,1.839086168363546,57.07814925921573,10235.04221598761,1.9672610601007776,0.0,0.0,1.0,inf,20135.0,inf,218.0,45.0,173.0,0.0,0.0,0.0,0.0,0.0,0.0
333.0,20180.0,57292.0,37112.0,18556.0,1.8390485629335975,57.07814925921573,10235.04221598761,1.9716577200314722,0.0,0.0,1.0,inf,20180.0,inf,218.0,45.0,173.0,0.0,0.0,0.0,0.0,0.0,0.0
334.0,20229.0,57429.0,37200.0,18600.0,1.838944090167581,57.07814925921573,10235.04221598761,1.9764451941782286,0.0,0.0,1.0,inf,20229.0,inf,215.0,49.0,166.0,0.0,0.0,0.0,0.0,0.0,0.0
335.0,20272.0,57552.0,37280.0,18640.0,1.8389897395422257,57.07814925921573,10235.04221598761,1.9806464470008922,0.0,0.0,1.0,inf,20272.0,inf,219.0,43.0,176.0,0.0,0.0,0.0,0.0,0.0,0.0
336.0,20310.0,57654.0,37344.0,18672.0,1.8387001477104874,57.07814925921573,10235.04221598761,1.9843591820534787,0.0,0.0,1.0,inf,20310.0,inf,217.0,38.0,179.0,0.0,0.0,0.0,0.0,0.0,0.0
337.0,20356.0,57790.0,37434.0,18717.0,1.8389663981135782,57.07814925921573,10235.04221598761,1.9888535455381888,0.0,0.0,1.0,inf,20356.0,inf,219.0,46.0,173.0,0.0,0.0,0.0,0.0,0.0,0.0
338.0,20413.0,57953.0,37540.0,18770.0,1.8390241512761476,57.07814925921573,10235.04221598761,1.9944226481170686,0.0,0.0,1.0,inf,20413.0,inf,217.0,57.0,160.0,0.0,0.0,0.0,0.0,0.0,0.0
339.0,20463.0,58097.0,37634.0,18817.0,1.8391242730782387,57.07814925921573,10235.04221598761,1.9993078258178403,0.0,0.0,1.0,inf,20463.0,inf,216.0,50.0,166.0,0.0,0.0,0.0,0.0,0.0,0.0
340.0,20501.0,58211.0,37710.0,18855.0,1.839422467196722,57.07814925921573,10235.04221598761,2.003020560870427,0.0,0.0,1.0,inf,20501.0,inf,214.0,38.0,176.0,0.0,0.0,0.0,0.0,0.0,0.0
341.0,20546.0,58340.0,37794.0,18897.0,1.8394821376423636,57.406631192138995,10353.185521003412,1.9845099808477806,0.0,0.0,1.0,inf,20546.0,inf,219.0,45.0,174.0,0.0,0.0,0.0,0.0,0.0,0.0
342.0,20598.0,58488.0,37890.0,18945.0,1.839498980483542,57.406631192138995,10353.185521003412,1.9895325895796059,0.0,0.0,1.0,inf,20598.0,inf,218.0,52.0,166.0,0.0,0.0,0.0,0.0,0.0,0.0
343.0,20646.0,58624.0,37978.0,18989.0,1.8394846459362588,57.406631192138995,10353.185521003412,1.9941688437935987,0.0,0.0,1.0,inf,20646.0,inf,218.0,48.0,170.0,0.0,0.0,0.0,0.0,0.0,0.0
344.0,20689.0,58745.0,38056.0,19028.0,1.8394315820000966,57.406631192138995,10353.185521003412,1.9983221548603005,0.0,0.0,1.0,inf,20689.0,inf,216.0,43.0,173.0,0.0,0.0,0.0,0.0,0.0,0.0
345.0,20725.0,58849.0,38124.0,19062.0,1.8395174909529555,57.406631192138995,10353.185521003412,2.0017993455207947,0.0,0.0,1.0,inf,20725.0,inf,217.0,36.0,181.0,0.0,0.0,0.0,0.0,0.0,0.0
346.0,20774.0,58982.0,38208.0,19104.0,1.839222104553769,57.406631192138995,10353.185521003412,2.006532188364246,0.0,0.0,1.0,inf,20774.0,inf,217.0,49.0,168.0,0.0,0.0,0.0,0.0,0.0,0.0
347.0,20820.0,59114.0,38294.0,19147.0,1.839289145052834,57.406631192138995,10353.185521003412,2.0109752653193222,0.0,0.0,1.0,inf,20820.0,inf,217.0,46.0,171.0,0.0,0.0,0.0,0.0,0.0,0.0
348.0,20868.0,59254.0,38386.0,19193.0,1.8394671267011693,57.406631192138995,10353.185521003412,2.015611519533315,0.0,0.0,1.0,inf,20868.0,inf,219.0,48.0,171.0,0.0,0.0,0.0,0.0,0.0,0.0
349.0,20915.0,59385.0,38470.0,19235.0,1.8393497489839827,57.406631192138995,10353.185521003412,2.0201511851178493,0.0,0.0,1.0,inf,20915.0,inf,216.0,47.0,169.0,0.0,0.0,0.0,0.0,0.0,0.0
350.0,20952.0,59484.0,38532.0,19266.0,1.8390607101947307,57.406631192138995,10353.185521003412,2.023724964407802,0.0,0.0,1.0,inf,20952.0,inf,218.0,37.0,181.0,0.0,0.0,0.0,0.0,0.0,0.0
351.0,21004.0,59630.0,38626.0,19313.0,1.8389830508474576,57.803465848831166,10496.817124328252,2.000987513759716,0.0,0.0,1.0,inf,21004.0,inf,218.0,52.0,166.0,0.0,0.0,0.0,0.0,0.0,0.0
352.0,21051.0,59763.0,38712.0,19356.0,1.8389625195952686,57.85013740676217,10513.774605319453,2.0022304824139208,0.0,0.0,1.0,inf,21051.0,inf,215.0,47.0,168.0,0.0,0.0,0.0,0.0,0.0,0.0
353.0,21094.0,59884.0,38790.0,19395.0,1.8389115388262065,57.85013740676217,10513.774605319453,2.006320355139388,0.0,0.0,1.0,inf,21094.0,inf,215.0,43.0,172.0,0.0,0.0,0.0,0.0,0.0,0.0
354.0,21152.0,60050.0,38898.0,19449.0,1.8389750378214826,57.85013740676217,10513.774605319453,2.0118369276528076,0.0,0.0,1.0,inf,21152.0,inf,220.0,58.0,162.0,0.0,0.0,0.0,0.0,0.0,0.0
355.0,21192.0,60160.0,38968.0,19484.0,1.8388070970177426,57.85013740676217,10513.774605319453,2.015641460420684,0.0,0.0,1.0,inf,21192.0,inf,217.0,40.0,177.0,0.0,0.0,0.0,0.0,0.0,0.0
356.0,21244.0,60314.0,39070.0,19535.0,1.839107512709471,57.85013740676217,10513.774605319453,2.0205873530189224,0.0,0.0,1.0,inf,21244.0,inf,219.0,52.0,167.0,0.0,0.0,0.0,0.0,0.0,0.0
357.0,21289.0,60443.0,39154.0,19577.0,1.8391657663582133,57.85013740676217,10513.774605319453,2.0248674523827828,0.0,0.0,1.0,inf,21289.0,inf,217.0,45.0,172.0,0.0,0.0,0.0,0.0,0.0,0.0
358.0,21331.0,60565.0,39234.0,19617.0,1.8392949228821902,57.85013740676217,10513.774605319453,2.0288622117890527,0.0,0.0,1.0,inf,21331.0,inf,219.0,42.0,177.0,0.0,0.0,0.0,0.0,0.0,0.0
359.0,21371.0,60675.0,39304.0,19652.0,1.8391277899957887,57.85013740676217,10513.774605319453,2.0326667445569284,0.0,0.0,1.0,inf,21371.0,inf,219.0,40.0,179.0,0.0,0.0,0.0,0.0,0.0,0.0
360.0,21412.0,60792.0,39380.0,19690.0,1.839155613674575,57.85013740676217,10513.774605319453,2.0365663906440017,0.0,0.0,1.0,inf,21412.0,inf,219.0,41.0,178.0,0.0,0.0,0.0,0.0,0.0,0.0
361.0,21454.0,60904.0,39450.0,19725.0,1.8388179360492216,57.85013740676217,10513.774605319453,2.040561150050271,0.0,0.0,1.0,inf,21454.0,inf,218.0,42.0,176.0,0.0,0.0,0.0,0.0,0.0,0.0
362.0,21504.0,61036.0,39532.0,19766.0,1.8383556547619047,57.85013740676217,10513.774605319453,2.045316816010116,0.0,0.0,1.0,inf,21504.0,inf,215.0,50.0,165.0,0.0,0.0,0.0,0.0,0.0,0.0
363.0,21545.0,61155.0,39610.0,19805.0,1.838477605012764,57.87874909298349,10524.177042475809,2.047190950232394,0.0,0.0,1.0,inf,21545.0,inf,219.0,41.0,178.0,0.0,0.0,0.0,0.0,0.0,0.0
364.0,21583.0,61263.0,39680.0,19840.0,1.838483992030765,57.87874909298349,10524.177042475809,2.050801683864737,0.0,0.0,1.0,inf,21583.0,inf,218.0,38.0,180.0,0.0,0.0,0.0,0.0,0.0,0.0
365.0,21624.0,61380.0,39756.0,19878.0,1.8385127635960044,57.87874909298349,10524.177042475809,2.0546974754154235,0.0,0.0,1.0,inf,21624.0,inf,217.0,41.0,176.0,0.0,0.0,0.0,0.0,0.0,0.0
366.0,21672.0,61520.0,39848.0,19924.0,1.838685861941676,57.87874909298349,10524.177042475809,2.059258402108909,0.0,0.0,1.0,inf,21672.0,inf,219.0,48.0,171.0,0.0,0.0,0.0,0.0,0.0,0.0
367.0,21708.0,61620.0,39912.0,19956.0,1.8385848535102267,57.87874909298349,10524.177042475809,2.0626790971290236,0.0,0.0,1.0,inf,21708.0,inf,218.0,36.0,182.0,0.0,0.0,0.0,0.0,0.0,0.0
368.0,21742.0,61716.0,39974.0,19987.0,1.8385613099070923,57.87874909298349,10524.177042475809,2.0659097535369098,0.0,0.0,1.0,inf,21742.0,inf,213.0,34.0,179.0,0.0,0.0,0.0,0.0,0.0,0.0
369.0,21789.0,61847.0,40058.0,20029.0,1.8384505943365919,57.87874909298349,10524.177042475809,2.0703756609242814,0.0,0.0,1.0,inf,21789.0,inf,218.0,47.0,171.0,0.0,0.0,0.0,0.0,0.0,0.0
370.0,21836.0,61984.0,40148.0,20074.0,1.8386151309763692,57.87874909298349,10524.177042475809,2.074841568311653,0.0,0.0,1.0,inf,21836.0,inf,218.0,47.0,171.0,0.0,0.0,0.0,0.0,0.0,0.0
371.0,21877.0,62093.0,40216.0,20108.0,1.8382776431869086,57.87874909298349,10524.177042475809,2.078737359862339,0.0,0.0,1.0,inf,21877.0,inf,219.0,41.0,178.0,0.0,0.0,0.0,0.0,0.0,0.0
372.0,21935.0,62251.0,40316.0,20158.0,1.8379758377023023,59.3291604408362,11058.246794703951,1.983587489700915,0.0,0.0,1.0,inf,21935.0,inf,219.0,58.0,161.0,0.0,0.0,0.0,0.0,0.0,0.0
373.0,21985.0,62397.0,40412.0,20206.0,1.8381623834432568,59.3291604408362,11058.246794703951,1.9881090021005068,0.0,0.0,1.0,inf,21985.0,inf,214.0,50.0,164.0,0.0,0.0,0.0,0.0,0.0,0.0
374.0,22038.0,62542.0,40504.0,20252.0,1.8379163263454035,59.3291604408362,11058.246794703951,1.9929018052440741,0.0,0.0,1.0,inf,22038.0,inf,218.0,53.0,165.0,0.0,0.0,0.0,0.0,0.0,0.0
375.0,22095.0,62699.0,40604.0,20302.0,1.8377008372935053,59.3291604408362,11058.246794703951,1.9980563293796088,0.0,0.0,1.0,inf,22095.0,inf,214.0,57.0,157.0,0.0,0.0,0.0,0.0,0.0,0.0
376.0,22144.0,62842.0,40698.0,20349.0,1.8378793352601157,59.3291604408362,11058.246794703951,2.0024874115312086,0.0,0.0,1.0,inf,22144.0,inf,219.0,49.0,170.0,0.0,0.0,0.0,0.0,0.0,0.0
377.0,22193.0,62983.0,40790.0,20395.0,1.8379669265083585,59.3291604408362,11058.246794703951,2.0069184936828086,0.0,0.0,1.0,inf,22193.0,inf,220.0,49.0,171.0,0.0,0.0,0.0,0.0,0.0,0.0
378.0,22237.0,63113.0,40876.0,20438.0,1.838197598596933,59.3291604408362,11058.246794703951,2.0108974245944493,0.0,0.0,1.0,inf,22237.0,inf,219.0,44.0,175.0,0.0,0.0,0.0,0.0,0.0,0.0
379.0,22295.0,63283.0,40988.0,20494.0,1.8384391119084997,59.3291604408362,11058.246794703951,2.016142378977976,0.0,0.0,1.0,inf,22295.0,inf,218.0,58.0,160.0,0.0,0.0,0.0,0.0,0.0,0.0
380.0,22332.0,63388.0,41056.0,20528.0,1.8384381157084004,59.3291604408362,11058.246794703951,2.0194882981536737,0.0,0.0,1.0,inf,22332.0,inf,213.0,37.0,176.0,0.0,0.0,0.0,0.0,0.0,0.0
381.0,22388.0,63542.0,41154.0,20577.0,1.8382169019117385,59.3291604408362,11058.246794703951,2.0245523920412167,0.0,0.0,1.0,inf,22388.0,inf,219.0,56.0,163.0,0.0,0.0,0.0,0.0,0.0,0.0
382.0,22430.0,63668.0,41238.0,20619.0,1.8385198395006688,59.3291604408362,11058.246794703951,2.028350462456874,0.0,0.0,1.0,inf,22430.0,inf,218.0,42.0,176.0,0.0,0.0,0.0,0.0,0.0,0.0
383.0,22478.0,63804.0,41326.0,20663.0,1.8385087641249223,59.3291604408362,11058.246794703951,2.0326911143604818,0.0,0.0,1.0,inf,22478.0,inf,220.0,48.0,172.0,0.0,0.0,0.0,0.0,0.0,0.0
384.0,22521.0,63925.0,41404.0,20702.0,1.8384618800230896,59.3291604408362,11058.246794703951,2.036579615024131,0.0,0.0,1.0,inf,22521.0,inf,217.0,43.0,174.0,0.0,0.0,0.0,0.0,0.0,0.0
385.0,22566.0,64052.0,41486.0,20743.0,1.8384294957014977,59.3291604408362,11058.246794703951,2.040648976183763,0.0,0.0,1.0,inf,22566.0,inf,220.0,45.0,175.0,0.0,0.0,0.0,0.0,0.0,0.0
386.0,22608.0,64170.0,41562.0,20781.0,1.838375796178344,59.3291604408362,11058.246794703951,2.0444470465994202,0.0,0.0,1.0,inf,22608.0,inf,220.0,42.0,178.0,0.0,0.0,0.0,0.0,0.0,0.0
387.0,22655.0,64307.0,41652.0,20826.0,1.8385345398366806,59.3291604408362,11058.246794703951,2.0486972682550366,0.0,0.0,1.0,inf,22655.0,inf,216.0,47.0,169.0,0.0,0.0,0.0,0.0,0.0,0.0
388.0,22703.0,64445.0,41742.0,20871.0,1.8386116372285601,59.3291604408362,11058.246794703951,2.0530379201586446,0.0,0.0,1.0,inf,22703.0,inf,216.0,48.0,168.0,0.0,0.0,0.0,0.0,0.0,0.0
389.0,22753.0,64593.0,41840.0,20920.0,1.8388783896629015,59.3291604408362,11058.246794703951,2.0575594325582367,0.0,0.0,1.0,inf,22753.0,inf,219.0,50.0,169.0,0.0,0.0,0.0,0.0,0.0,0.0
390.0,22804.0,64742.0,41938.0,20969.0,1.8390633222241712,59.3291604408362,11058.246794703951,2.06217137520582,0.0,0.0,1.0,inf,22804.0,inf,218.0,51.0,167.0,0.0,0.0,0.0,0.0,0.0,0.0
391.0,22839.0,64843.0,42004.0,21002.0,1.8391348132580236,59.3291604408362,11058.246794703951,2.0653364338855345,0.0,0.0,1.0,inf,22839.0,inf,218.0,35.0,183.0,0.0,0.0,0.0,0.0,0.0,0.0
392.0,22880.0,64962.0,42082.0,21041.0,1.8392482517482518,59.3291604408362,11058.246794703951,2.0690440740531995,0.0,0.0,1.0,inf,22880.0,inf,217.0,41.0,176.0,0.0,0.0,0.0,0.0,0.0,0.0
393.0,22919.0,65073.0,42154.0,21077.0,1.8392600026179153,59.3291604408362,11058.246794703951,2.0725708537248813,0.0,0.0,1.0,inf,22919.0,inf,217.0,39.0,178.0,0.0,0.0,0.0,0.0,0.0,0.0
394.0,22974.0,65238.0,42264.0,21132.0,1.8396448158788195,59.3291604408362,11058.246794703951,2.0775445173644322,0.0,0.0,1.0,inf,22974.0,inf,217.0,55.0,162.0,0.0,0.0,0.0,0.0,0.0,0.0
395.0,23019.0,65361.0,42342.0,21171.0,1.8394369868369607,59.3291604408362,11058.246794703951,2.081613878524065,0.0,0.0,1.0,inf,23019.0,inf,217.0,45.0,172.0,0.0,0.0,0.0,0.0,0.0,0.0
396.0,23056.0,65468.0,42412.0,21206.0,1.8395211658570436,59.3291604408362,11058.246794703951,2.0849597976997627,0.0,0.0,1.0,inf,23056.0,inf,217.0,37.0,180.0,0.0,0.0,0.0,0.0,0.0,0.0
397.0,23120.0,65656.0,42536.0,21268.0,1.8397923875432527,59.3291604408362,11058.246794703951,2.0907473335712403,0.0,0.0,1.0,inf,23120.0,inf,219.0,64.0,155.0,0.0,0.0,0.0,0.0,0.0,0.0
398.0,23159.0,65763.0,42604.0,21302.0,1.8396303812772572,59.3291604408362,11058.246794703951,2.0942741132429217,0.0,0.0,1.0,inf,23159.0,inf,217.0,39.0,178.0,0.0,0.0,0.0,0.0,0.0,0.0
399.0,23193.0,65859.0,42666.0,21333.0,1.8396067779071272,59.3291604408362,11058.246794703951,2.097348741674644,0.0,0.0,1.0,inf,23193.0,inf,219.0,34.0,185.0,0.0,0.0,0.0,0.0,0.0,0.0
400.0,23229.0,65967.0,42738.0,21369.0,1.8398553532222652,59.3291604408362,11058.246794703951,2.1006042306023502,0.0,0.0,1.0,inf,23229.0,inf,217.0,36.0,181.0,0.0,0.0,0.0,0.0,0.0,0.0
401.0,23262.0,66062.0,42800.0,21400.0,1.8399105837847132,59.3291604408362,11058.246794703951,2.1035884287860807,0.0,0.0,1.0,inf,23262.0,inf,220.0,33.0,187.0,0.0,0.0,0.0,0.0,0.0,0.0
402.0,23303.0,66179.0,42876.0,21438.0,1.8399347723469082,59.62771391752567,11169.82042140336,2.0862466110330042,0.0,0.0,1.0,inf,23303.0,inf,219.0,41.0,178.0,0.0,0.0,0.0,0.0,0.0,0.0
403.0,23344.0,66300.0,42956.0,21478.0,1.8401302261823167,59.62771391752567,11169.82042140336,2.089917216150472,0.0,0.0,1.0,inf,23344.0,inf,219.0,41.0,178.0,0.0,0.0,0.0,0.0,0.0,0.0
404.0,23389.0,66429.0,43040.0,21520.0,1.8401812817991363,59.62771391752567,11169.82042140336,2.093945929084278,0.0,0.0,1.0,inf,23389.0,inf,219.0,45.0,174.0,0.0,0.0,0.0,0.0,0.0,0.0
405.0,23417.0,66505.0,43088.0,21544.0,1.8400307468932826,59.62771391752567,11169.82042140336,2.0964526837986464,0.0,0.0,1.0,inf,23417.0,inf,218.0,28.0,190.0,0.0,0.0,0.0,0.0,0.0,0.0
406.0,23453.0,66613.0,43160.0,21580.0,1.8402762972754019,59.62771391752567,11169.82042140336,2.0996756541456914,0.0,0.0,1.0,inf,23453.0,inf,219.0,36.0,183.0,0.0,0.0,0.0,0.0,0.0,0.0
407.0,23487.0,66713.0,43226.0,21613.0,1.8404223613062545,59.62771391752567,11169.82042140336,2.102719570584567,0.0,0.0,1.0,inf,23487.0,inf,218.0,34.0,184.0,0.0,0.0,0.0,0.0,0.0,0.0
408.0,23528.0,66828.0,43300.0,21650.0,1.8403604216252976,59.62771391752567,11169.82042140336,2.106390175702035,0.0,0.0,1.0,inf,23528.0,inf,219.0,41.0,178.0,0.0,0.0,0.0,0.0,0.0,0.0
409.0,23580.0,66980.0,43400.0,21700.0,1.840542832909245,59.62771391752567,11169.82042140336,2.111045577314433,0.0,0.0,1.0,inf,23580.0,inf,215.0,52.0,163.0,0.0,0.0,0.0,0.0,0.0,0.0
410.0,23620.0,67096.0,43476.0,21738.0,1.8406435224386113,59.62771391752567,11169.82042140336,2.1146266554778164,0.0,0.0,1.0,inf,23620.0,inf,219.0,40.0,179.0,0.0,0.0,0.0,0.0,0.0,0.0
411.0,23664.0,67220.0,43556.0,21778.0,1.840601757944557,60.09222858111325,11344.529631604797,2.085939282495619,0.0,0.0,1.0,inf,23664.0,inf,217.0,44.0,173.0,0.0,0.0,0.0,0.0,0.0,0.0
412.0,23705.0,67337.0,43632.0,21816.0,1.8406243408563594,60.09222858111325,11344.529631604797,2.0895533591767514,0.0,0.0,1.0,inf,23705.0,inf,217.0,41.0,176.0,0.0,0.0,0.0,0.0,0.0,0.0
413.0,23739.0,67427.0,43688.0,21844.0,1.8403471081342937,60.09222858111325,11344.529631604797,2.0925503983757396,0.0,0.0,1.0,inf,23739.0,inf,220.0,34.0,186.0,0.0,0.0,0.0,0.0,0.0,0.0
414.0,23784.0,67558.0,43774.0,21887.0,1.8404809956273125,60.09222858111325,11344.529631604797,2.096517067903812,0.0,0.0,1.0,inf,23784.0,inf,217.0,45.0,172.0,0.0,0.0,0.0,0.0,0.0,0.0
415.0,23831.0,67693.0,43862.0,21931.0,1.8405438294658218,60.09222858111325,11344.529631604797,2.100660033855354,0.0,0.0,1.0,inf,23831.0,inf,218.0,47.0,171.0,0.0,0.0,0.0,0.0,0.0,0.0
416.0,23870.0,67798.0,43928.0,21964.0,1.8403016338500209,60.09222858111325,11344.529631604797,2.104097814113017,0.0,0.0,1.0,inf,23870.0,inf,213.0,39.0,174.0,0.0,0.0,0.0,0.0,0.0,0.0
417.0,23912.0,67918.0,44006.0,22003.0,1.8403312144529944,60.09222858111325,11344.529631604797,2.107800039005884,0.0,0.0,1.0,inf,23912.0,inf,218.0,42.0,176.0,0.0,0.0,0.0,0.0,0.0,0.0
418.0,23952.0,68034.0,44082.0,22041.0,1.8404308617234468,60.09222858111325,11344.529631604797,2.1113259674752816,0.0,0.0,1.0,inf,23952.0,inf,218.0,40.0,178.0,0.0,0.0,0.0,0.0,0.0,0.0
419.0,23996.0,68162.0,44166.0,22083.0,1.84055675945991,60.09222858111325,11344.529631604797,2.115204488791619,0.0,0.0,1.0,inf,23996.0,inf,219.0,44.0,175.0,0.0,0.0,0.0,0.0,0.0,0.0
420.0,24032.0,68266.0,44234.0,22117.0,1.8406291611185086,60.09222858111325,11344.529631604797,2.118377824414077,0.0,0.0,1.0,inf,24032.0,inf,219.0,36.0,183.0,0.0,0.0,0.0,0.0,0.0,0.0
421.0,24061.0,68345.0,44284.0,22142.0,1.8404887577407423,60.09222858111325,11344.529631604797,2.1209341225543903,0.0,0.0,1.0,inf,24061.0,inf,220.0,29.0,191.0,0.0,0.0,0.0,0.0,0.0,0.0
422.0,24095.0,68441.0,44346.0,22173.0,1.8404648267275368,60.09222858111325,11344.529631604797,2.123931161753378,0.0,0.0,1.0,inf,24095.0,inf,217.0,34.0,183.0,0.0,0.0,0.0,0.0,0.0,0.0
423.0,24133.0,68545.0,44412.0,22206.0,1.8403016616251606,60.63897653802604,11551.904716701574,2.0890927160357253,0.0,0.0,1.0,inf,24133.0,inf,218.0,38.0,180.0,0.0,0.0,0.0,0.0,0.0,0.0
424.0,24178.0,68678.0,44500.0,22250.0,1.8405161717263627,60.63897653802604,11551.904716701574,2.092988177529183,0.0,0.0,1.0,inf,24178.0,inf,218.0,45.0,173.0,0.0,0.0,0.0,0.0,0.0,0.0
425.0,24231.0,68831.0,44600.0,22300.0,1.840617390945483,60.63897653802604,11551.904716701574,2.097576165510366,0.0,0.0,1.0,inf,24231.0,inf,220.0,53.0,167.0,0.0,0.0,0.0,0.0,0.0,0.0
426.0,24277.0,68963.0,44686.0,22343.0,1.8406722412159657,60.63897653802604,11551.904716701574,2.1015581928147893,0.0,0.0,1.0,inf,24277.0,inf,218.0,46.0,172.0,0.0,0.0,0.0,0.0,0.0,0.0
427.0,24323.0,69097.0,44774.0,22387.0,1.8408091107182503,60.63897653802604,11551.904716701574,2.105540220119212,0.0,0.0,1.0,inf,24323.0,inf,217.0,46.0,171.0,0.0,0.0,0.0,0.0,0.0,0.0
428.0,24358.0,69200.0,44842.0,22421.0,1.8409557434928976,60.63897653802604,11551.904716701574,2.1085700235030127,0.0,0.0,1.0,inf,24358.0,inf,217.0,35.0,182.0,0.0,0.0,0.0,0.0,0.0,0.0
429.0,24403.0,69331.0,44928.0,22464.0,1.8410851124861698,60.63897653802604,11551.904716701574,2.11246548499647,0.0,0.0,1.0,inf,24403.0,inf,218.0,45.0,173.0,0.0,0.0,0.0,0.0,0.0,0.0
430.0,24451.0,69465.0,45014.0,22507.0,1.840988098646272,60.63897653802604,11551.904716701574,2.1166206439228246,0.0,0.0,1.0,inf,24451.0,inf,220.0,48.0,172.0,0.0,0.0,0.0,0.0,0.0,0.0
431.0,24489.0,69573.0,45084.0,22542.0,1.8409898321695455,60.63897653802604,11551.904716701574,2.119910144739522,0.0,0.0,1.0,inf,24489.0,inf,211.0,38.0,173.0,0.0,0.0,0.0,0.0,0.0,0.0
432.0,24532.0,69698.0,45166.0,22583.0,1.8411054948638512,60.63897653802604,11551.904716701574,2.123632474611048,0.0,0.0,1.0,inf,24532.0,inf,217.0,43.0,174.0,0.0,0.0,0.0,0.0,0.0,0.0
433.0,24568.0,69796.0,45228.0,22614.0,1.8409312927385217,60.63897653802604,11551.904716701574,2.1267488438058137,0.0,0.0,1.0,inf,24568.0,inf,218.0,36.0,182.0,0.0,0.0,0.0,0.0,0.0,0.0
434.0,24613.0,69923.0,45310.0,22655.0,1.8408970869052939,60.63897653802604,11551.904716701574,2.1306443052992714,0.0,0.0,1.0,inf,24613.0,inf,218.0,45.0,173.0,0.0,0.0,0.0,0.0,0.0,0.0
435.0,24654.0,70038.0,45384.0,22692.0,1.8408371866634217,60.63897653802604,11551.904716701574,2.134193503548866,0.0,0.0,1.0,inf,24654.0,inf,220.0,41.0,179.0,0.0,0.0,0.0,0.0,0.0,0.0
436.0,24712.0,70200.0,45488.0,22744.0,1.840725153771447,60.63897653802604,11551.904716701574,2.1392143205848777,0.0,0.0,1.0,inf,24712.0,inf,219.0,58.0,161.0,0.0,0.0,0.0,0.0,0.0,0.0
437.0,24760.0,70332.0,45572.0,22786.0,1.8405492730210016,60.63897653802604,11551.904716701574,2.143369479511232,0.0,0.0,1.0,inf,24760.0,inf,220.0,48.0,172.0,0.0,0.0,0.0,0.0,0.0,0.0
438.0,24801.0,70447.0,45646.0,22823.0,1.8404903028103705,60.63897653802604,11551.904716701574,2.1469186777608265,0.0,0.0,1.0,inf,24801.0,inf,218.0,41.0,177.0,0.0,0.0,0.0,0.0,0.0,0.0
439.0,24844.0,70564.0,45720.0,22860.0,1.8402833682176782,60.63897653802604,11551.904716701574,2.1506410076323528,0.0,0.0,1.0,inf,24844.0,inf,217.0,43.0,174.0,0.0,0.0,0.0,0.0,0.0,0.0
440.0,24884.0,70680.0,45796.0,22898.0,1.840379360231474,60.63897653802604,11551.904716701574,2.154103640070981,0.0,0.0,1.0,inf,24884.0,inf,217.0,40.0,177.0,0.0,0.0,0.0,0.0,0.0,0.0
441.0,24914.0,70760.0,45846.0,22923.0,1.8401701854379064,60.63897653802604,11551.904716701574,2.156700614399953,0.0,0.0,1.0,inf,24914.0,inf,219.0,30.0,189.0,0.0,0.0,0.0,0.0,0.0,0.0
442.0,24959.0,70877.0,45918.0,22959.0,1.8397371689570896,61.17230521311618,11755.99969561108,2.1230861386733495,0.0,0.0,1.0,inf,24959.0,inf,217.0,45.0,172.0,0.0,0.0,0.0,0.0,0.0,0.0
443.0,24997.0,70987.0,45990.0,22995.0,1.8398207784934193,61.17230521311618,11755.99969561108,2.126318530727101,0.0,0.0,1.0,inf,24997.0,inf,217.0,38.0,179.0,0.0,0.0,0.0,0.0,0.0,0.0
444.0,25044.0,71118.0,46074.0,23037.0,1.8397220891231432,61.17230521311618,11755.99969561108,2.130316489319899,0.0,0.0,1.0,inf,25044.0,inf,220.0,47.0,173.0,0.0,0.0,0.0,0.0,0.0,0.0
445.0,25084.0,71234.0,46150.0,23075.0,1.8398182108116727,61.17230521311618,11755.99969561108,2.1337190072712167,0.0,0.0,1.0,inf,25084.0,inf,218.0,40.0,178.0,0.0,0.0,0.0,0.0,0.0,0.0
446.0,25131.0,71371.0,46240.0,23120.0,1.839958616847718,61.17230521311618,11755.99969561108,2.1377169658640147,0.0,0.0,1.0,inf,25131.0,inf,220.0,47.0,173.0,0.0,0.0,0.0,0.0,0.0,0.0
447.0,25172.0,71488.0,46316.0,23158.0,1.8399809311933895,61.17230521311618,11755.99969561108,2.141204546764115,0.0,0.0,1.0,inf,25172.0,inf,219.0,41.0,178.0,0.0,0.0,0.0,0.0,0.0,0.0
448.0,25227.0,71647.0,46420.0,23210.0,1.8400919649581797,61.17230521311618,11755.99969561108,2.1458830089471768,0.0,0.0,1.0,inf,25227.0,inf,218.0,55.0,163.0,0.0,0.0,0.0,0.0,0.0,0.0
449.0,25272.0,71772.0,46500.0,23250.0,1.8399810066476734,61.17230521311618,11755.99969561108,2.149710841642409,0.0,0.0,1.0,inf,25272.0,inf,218.0,45.0,173.0,0.0,0.0,0.0,0.0,0.0,0.0
450.0,25315.0,71893.0,46578.0,23289.0,1.839936796365791,61.17230521311618,11755.99969561108,2.153368548440075,0.0,0.0,1.0,inf,25315.0,inf,219.0,43.0,176.0,0.0,0.0,0.0,0.0,0.0,0.0
451.0,25357.0,72007.0,46650.0,23325.0,1.839728674527744,61.17230521311618,11755.99969561108,2.1569411922889588,0.0,0.0,1.0,inf,25357.0,inf,216.0,42.0,174.0,0.0,0.0,0.0,0.0,0.0,0.0
452.0,25389.0,72095.0,46706.0,23353.0,1.8396155815510655,61.17230521311618,11755.99969561108,2.1596632066500128,0.0,0.0,1.0,inf,25389.0,inf,219.0,32.0,187.0,0.0,0.0,0.0,0.0,0.0,0.0
453.0,25436.0,72224.0,46788.0,23394.0,1.8394401635477275,61.17230521311618,11755.99969561108,2.163661165242811,0.0,0.0,1.0,inf,25436.0,inf,219.0,47.0,172.0,0.0,0.0,0.0,0.0,0.0,0.0
454.0,25482.0,72358.0,46876.0,23438.0,1.8395730319441175,61.17230521311618,11755.99969561108,2.167574060886826,0.0,0.0,1.0,inf,25482.0,inf,216.0,46.0,170.0,0.0,0.0,0.0,0.0,0.0,0.0
455.0,25524.0,72478.0,46954.0,23477.0,1.83960194326908,61.17230521311618,11755.99969561108,2.171146704735709,0.0,0.0,1.0,inf,25524.0,inf,220.0,42.0,178.0,0.0,0.0,0.0,0.0,0.0,0.0
456.0,25564.0,72596.0,47032.0,23516.0,1.8397746831481772,61.17230521311618,11755.99969561108,2.174549222687027,0.0,0.0,1.0,inf,25564.0,inf,220.0,40.0,180.0,0.0,0.0,0.0,0.0,0.0,0.0
457.0,25602.0,72708.0,47106.0,23553.0,1.8399343801265526,61.17230521311618,11755.99969561108,2.1777816147407787,0.0,0.0,1.0,inf,25602.0,inf,218.0,38.0,180.0,0.0,0.0,0.0,0.0,0.0,0.0
458.0,25638.0,72812.0,47174.0,23587.0,1.8400031203682035,61.61672006527732,11927.434102409869,2.149498356467129,0.0,0.0,1.0,inf,25638.0,inf,220.0,36.0,184.0,0.0,0.0,0.0,0.0,0.0,0.0
459.0,25673.0,72913.0,47240.0,23620.0,1.8400654383983173,61.61672006527732,11927.434102409869,2.1524327679842656,0.0,0.0,1.0,inf,25673.0,inf,219.0,35.0,184.0,0.0,0.0,0.0,0.0,0.0,0.0
460.0,25714.0,73032.0,47318.0,23659.0,1.840164890721008,61.61672006527732,11927.434102409869,2.1558702214757686,0.0,0.0,1.0,inf,25714.0,inf,219.0,41.0,178.0,0.0,0.0,0.0,0.0,0.0,0.0
461.0,25744.0,73120.0,47376.0,23688.0,1.8402734617775016,61.61672006527732,11927.434102409869,2.1583854313476003,0.0,0.0,1.0,inf,25744.0,inf,219.0,30.0,189.0,0.0,0.0,0.0,0.0,0.0,0.0
462.0,25772.0,73204.0,47432.0,23716.0,1.8404469967406487,61.61672006527732,11927.434102409869,2.1607329605613095,0.0,0.0,1.0,inf,25772.0,inf,220.0,28.0,192.0,0.0,0.0,0.0,0.0,0.0,0.0
463.0,25811.0,73315.0,47504.0,23752.0,1.8404556196970283,61.61672006527732,11927.434102409869,2.1640027333946903,0.0,0.0,1.0,inf,25811.0,inf,219.0,39.0,180.0,0.0,0.0,0.0,0.0,0.0,0.0
464.0,25858.0,73448.0,47590.0,23795.0,1.840436228633305,61.61672006527732,11927.434102409869,2.1679432288605596,0.0,0.0,1.0,inf,25858.0,inf,220.0,47.0,173.0,0.0,0.0,0.0,0.0,0.0,0.0
465.0,25900.0,73564.0,47664.0,23832.0,1.8403088803088803,61.61672006527732,11927.434102409869,2.1714645226811236,0.0,0.0,1.0,inf,25900.0,inf,216.0,42.0,174.0,0.0,0.0,0.0,0.0,0.0,0.0
466.0,25945.0,73687.0,47742.0,23871.0,1.840123337830025,61.61672006527732,11927.434102409869,2.1752373374888707,0.0,0.0,1.0,inf,25945.0,inf,217.0,45.0,172.0,0.0,0.0,0.0,0.0,0.0,0.0
467.0,25987.0,73807.0,47820.0,23910.0,1.8401508446530959,61.61672006527732,11927.434102409869,2.1787586313094347,0.0,0.0,1.0,inf,25987.0,inf,218.0,42.0,176.0,0.0,0.0,0.0,0.0,0.0,0.0
468.0,26027.0,73917.0,47890.0,23945.0,1.8400122949245015,61.61672006527732,11927.434102409869,2.1821122444718766,0.0,0.0,1.0,inf,26027.0,inf,219.0,40.0,179.0,0.0,0.0,0.0,0.0,0.0,0.0
469.0,26075.0,74049.0,47974.0,23987.0,1.8398465963566635,61.61672006527732,11927.434102409869,2.186136580266807,0.0,0.0,1.0,inf,26075.0,inf,218.0,48.0,170.0,0.0,0.0,0.0,0.0,0.0,0.0
470.0,26120.0,74182.0,48062.0,24031.0,1.8400459418070445,61.61672006527732,11927.434102409869,2.189909395074554,0.0,0.0,1.0,inf,26120.0,inf,215.0,45.0,170.0,0.0,0.0,0.0,0.0,0.0,0.0
471.0,26158.0,74288.0,48130.0,24065.0,1.8399724749598594,61.61672006527732,11927.434102409869,2.193095327578874,0.0,0.0,1.0,inf,26158.0,inf,219.0,38.0,181.0,0.0,0.0,0.0,0.0,0.0,0.0
472.0,26208.0,74430.0,48222.0,24111.0,1.8399725274725274,61.61672006527732,11927.434102409869,2.1972873440319263,0.0,0.0,1.0,inf,26208.0,inf,219.0,50.0,169.0,0.0,0.0,0.0,0.0,0.0,0.0
473.0,26247.0,74537.0,48290.0,24145.0,1.839829313826342,61.61672006527732,11927.434102409869,2.200557116865307,0.0,0.0,1.0,inf,26247.0,inf,217.0,39.0,178.0,0.0,0.0,0.0,0.0,0.0,0.0
474.0,26288.0,74648.0,48360.0,24180.0,1.8396226415094339,61.61672006527732,11927.434102409869,2.20399457035681,0.0,0.0,1.0,inf,26288.0,inf,217.0,41.0,176.0,0.0,0.0,0.0,0.0,0.0,0.0
475.0,26324.0,74754.0,48430.0,24215.0,1.8397659930101808,61.61672006527732,11927.434102409869,2.2070128222030077,0.0,0.0,1.0,inf,26324.0,inf,219.0,36.0,183.0,0.0,0.0,0.0,0.0,0.0,0.0
476.0,26368.0,74882.0,48514.0,24257.0,1.8398816747572815,61.61672006527732,11927.434102409869,2.2107017966816938,0.0,0.0,1.0,inf,26368.0,inf,217.0,44.0,173.0,0.0,0.0,0.0,0.0,0.0,0.0
477.0,26405.0,74991.0,48586.0,24293.0,1.8400302972921796,61.61672006527732,11927.434102409869,2.2138038888569525,0.0,0.0,1.0,inf,26405.0,inf,217.0,37.0,180.0,0.0,0.0,0.0,0.0,0.0,0.0
478.0,26441.0,75091.0,48650.0,24325.0,1.839945539124844,61.61672006527732,11927.434102409869,2.21682214070315,0.0,0.0,1.0,inf,26441.0,inf,216.0,36.0,180.0,0.0,0.0,0.0,0.0,0.0,0.0
479.0,26481.0,75199.0,48718.0,24359.0,1.8397341490124994,61.61672006527732,11927.434102409869,2.220175753865592,0.0,0.0,1.0,inf,26481.0,inf,218.0,40.0,178.0,0.0,0.0,0.0,0.0,0.0,0.0
480.0,26518.0,75308.0,48790.0,24395.0,1.8398823440681802,61.61672006527732,11927.434102409869,2.2232778460408507,0.0,0.0,1.0,inf,26518.0,inf,217.0,37.0,180.0,0.0,0.0,0.0,0.0,0.0,0.0
481.0,26556.0,75418.0,48862.0,24431.0,1.8399608374755234,61.61672006527732,11927.434102409869,2.2264637785451704,0.0,0.0,1.0,inf,26556.0,inf,219.0,38.0,181.0,0.0,0.0,0.0,0.0,0.0,0.0
482.0,26586.0,75502.0,48916.0,24458.0,1.8399157451290153,61.61672006527732,11927.434102409869,2.2289789884170017,0.0,0.0,1.0,inf,26586.0,inf,219.0,30.0,189.0,0.0,0.0,0.0,0.0,0.0,0.0
483.0,26621.0,75607.0,48986.0,24493.0,1.8401262161451486,61.61672006527732,11927.434102409869,2.2319133999341387,0.0,0.0,1.0,inf,26621.0,inf,218.0,35.0,183.0,0.0,0.0,0.0,0.0,0.0,0.0
484.0,26660.0,75716.0,49056.0,24528.0,1.840060015003751,61.61672006527732,11927.434102409869,2.2351831727675195,0.0,0.0,1.0,inf,26660.0,inf,220.0,39.0,181.0,0.0,0.0,0.0,0.0,0.0,0.0
485.0,26708.0,75856.0,49148.0,24574.0,1.8401976935749589,61.61672006527732,11927.434102409869,2.23920750856245,0.0,0.0,1.0,inf,26708.0,inf,218.0,48.0,170.0,0.0,0.0,0.0,0.0,0.0,0.0
486.0,26736.0,75940.0,49204.0,24602.0,1.8403650508677438,61.61672006527732,11927.434102409869,2.241555037776159,0.0,0.0,1.0,inf,26736.0,inf,220.0,28.0,192.0,0.0,0.0,0.0,0.0,0.0,0.0
487.0,26774.0,76052.0,49278.0,24639.0,1.8405169193994173,61.61672006527732,11927.434102409869,2.244740970280479,0.0,0.0,1.0,inf,26774.0,inf,220.0,38.0,182.0,0.0,0.0,0.0,0.0,0.0,0.0
488.0,26805.0,76145.0,49340.0,24670.0,1.8407013616862526,61.61672006527732,11927.434102409869,2.247340020481371,0.0,0.0,1.0,inf,26805.0,inf,218.0,31.0,187.0,0.0,0.0,0.0,0.0,0.0,0.0
489.0,26846.0,76258.0,49412.0,24706.0,1.8405721522759442,61.61672006527732,11927.434102409869,2.250777473972874,0.0,0.0,1.0,inf,26846.0,inf,219.0,41.0,178.0,0.0,0.0,0.0,0.0,0.0,0.0
490.0,26887.0,76375.0,49488.0,24744.0,1.8405921077100458,61.61672006527732,11927.434102409869,2.254214927464377,0.0,0.0,1.0,inf,26887.0,inf,219.0,41.0,178.0,0.0,0.0,0.0,0.0,0.0,0.0
491.0,26928.0,76482.0,49554.0,24777.0,1.84024064171123,61.61672006527732,11927.434102409869,2.25765238095588,0.0,0.0,1.0,inf,26928.0,inf,218.0,41.0,177.0,0.0,0.0,0.0,0.0,0.0,0.0
492.0,26967.0,76597.0,49630.0,24815.0,1.8403975228983573,61.61672006527732,11927.434102409869,2.2609221537892608,0.0,0.0,1.0,inf,26967.0,inf,220.0,39.0,181.0,0.0,0.0,0.0,0.0,0.0,0.0
493.0,27006.0,76704.0,49698.0,24849.0,1.840257720506554,61.61672006527732,11927.434102409869,2.2641919266226416,0.0,0.0,1.0,inf,27006.0,inf,220.0,39.0,181.0,0.0,0.0,0.0,0.0,0.0,0.0
494.0,27045.0,76819.0,49774.0,24887.0,1.8404141246071362,61.61672006527732,11927.434102409869,2.2674616994560224,0.0,0.0,1.0,inf,27045.0,inf,219.0,39.0,180.0,0.0,0.0,0.0,0.0,0.0,0.0
495.0,27089.0,76939.0,49850.0,24925.0,1.840230351803315,61.61672006527732,11927.434102409869,2.2711506739347085,0.0,0.0,1.0,inf,27089.0,inf,219.0,44.0,175.0,0.0,0.0,0.0,0.0,0.0,0.0
496.0,27138.0,77082.0,49944.0,24972.0,1.8403714348883484,61.97429210673248,12066.269534314544,2.2490795454903325,0.0,0.0,1.0,inf,27138.0,inf,219.0,49.0,170.0,0.0,0.0,0.0,0.0,0.0,0.0
497.0,27166.0,77162.0,49996.0,24998.0,1.8403887211956123,61.97429210673248,12066.269534314544,2.2514000638510714,0.0,0.0,1.0,inf,27166.0,inf,220.0,28.0,192.0,0.0,0.0,0.0,0.0,0.0,0.0
498.0,27201.0,77261.0,50060.0,25030.0,1.8403735156795706,61.97429210673248,12066.269534314544,2.254300711801995,0.0,0.0,1.0,inf,27201.0,inf,220.0,35.0,185.0,0.0,0.0,0.0,0.0,0.0,0.0
499.0,27237.0,77367.0,50130.0,25065.0,1.8405110695010465,61.97429210673248,12066.269534314544,2.2572842354086586,0.0,0.0,1.0,inf,27237.0,inf,218.0,36.0,182.0,0.0,0.0,0.0,0.0,0.0,0.0
500.0,27274.0,77474.0,50200.0,25100.0,1.8405807728972647,61.97429210673248,12066.269534314544,2.2603506346710636,0.0,0.0,1.0,inf,27274.0,inf,219.0,37.0,182.0,0.0,0.0,0.0,0.0,0.0,0.0
501.0,27314.0,77586.0,50272.0,25136.0,1.8405213443655268,61.97429210673248,12066.269534314544,2.2636656609006907,0.0,0.0,1.0,inf,27314.0,inf,220.0,40.0,180.0,0.0,0.0,0.0,0.0,0.0,0.0
502.0,27346.0,77680.0,50334.0,25167.0,1.840634827762744,61.97429210673248,12066.269534314544,2.266317681884392,0.0,0.0,1.0,inf,27346.0,inf,217.0,32.0,185.0,0.0,0.0,0.0,0.0,0.0,0.0
503.0,27385.0,77789.0,50404.0,25202.0,1.840569654920577,61.97429210673248,12066.269534314544,2.2695498324582783,0.0,0.0,1.0,inf,27385.0,inf,220.0,39.0,181.0,0.0,0.0,0.0,0.0,0.0,0.0
504.0,27427.0,77909.0,50482.0,25241.0,1.8405950340904949,61.97429210673248,12066.269534314544,2.2730306099993864,0.0,0.0,1.0,inf,27427.0,inf,219.0,42.0,177.0,0.0,0.0,0.0,0.0,0.0,0.0
505.0,27466.0,78018.0,50552.0,25276.0,1.8405301099541251,61.97429210673248,12066.269534314544,2.2762627605732724,0.0,0.0,1.0,inf,27466.0,inf,219.0,39.0,180.0,0.0,0.0,0.0,0.0,0.0,0.0
506.0,27494.0,78096.0,50602.0,25301.0,1.8404742852986107,62.27685078232175,12184.372247628511,2.256497047301822,0.0,0.0,1.0,inf,27494.0,inf,217.0,28.0,189.0,0.0,0.0,0.0,0.0,0.0,0.0
507.0,27533.0,78201.0,50668.0,25334.0,1.8402644099807504,62.654094377759534,12332.433621086504,2.2325682704606606,0.0,0.0,1.0,inf,27533.0,inf,220.0,39.0,181.0,0.0,0.0,0.0,0.0,0.0,0.0
508.0,27571.0,78311.0,50740.0,25370.0,1.8403394871422871,62.68447119003478,12344.394877215705,2.2334833156454144,0.0,0.0,1.0,inf,27571.0,inf,220.0,38.0,182.0,0.0,0.0,0.0,0.0,0.0,0.0
509.0,27608.0,78416.0,50808.0,25404.0,1.8403361344537814,62.68447119003478,12344.394877215705,2.2364806274106344,0.0,0.0,1.0,inf,27608.0,inf,219.0,37.0,182.0,0.0,0.0,0.0,0.0,0.0,0.0
510.0,27654.0,78546.0,50892.0,25446.0,1.8403124321978737,62.68447119003478,12344.394877215705,2.2402070150106375,0.0,0.0,1.0,inf,27654.0,inf,220.0,46.0,174.0,0.0,0.0,0.0,0.0,0.0,0.0
511.0,27693.0,78653.0,50960.0,25480.0,1.8401762178167769,62.68447119003478,12344.394877215705,2.2433663436280313,0.0,0.0,1.0,inf,27693.0,inf,219.0,39.0,180.0,0.0,0.0,0.0,0.0,0.0,0.0
512.0,27736.0,78778.0,51042.0,25521.0,1.8402797807903086,62.68447119003478,12344.394877215705,2.246849705949774,0.0,0.0,1.0,inf,27736.0,inf,218.0,43.0,175.0,0.0,0.0,0.0,0.0,0.0,0.0
513.0,27777.0,78897.0,51120.0,25560.0,1.8403715304028512,62.68447119003478,12344.394877215705,2.2501710514193416,0.0,0.0,1.0,inf,27777.0,inf,218.0,41.0,177.0,0.0,0.0,0.0,0.0,0.0,0.0
514.0,27818.0,79014.0,51196.0,25598.0,1.8403911136674096,62.68447119003478,12344.394877215705,2.25349239688891,0.0,0.0,1.0,inf,27818.0,inf,218.0,41.0,177.0,0.0,0.0,0.0,0.0,0.0,0.0
515.0,27854.0,79112.0,51258.0,25629.0,1.8402383858691749,62.68447119003478,12344.394877215705,2.2564087002280426,0.0,0.0,1.0,inf,27854.0,inf,218.0,36.0,182.0,0.0,0.0,0.0,0.0,0.0,0.0
516.0,27895.0,79227.0,51332.0,25666.0,1.8401864133357233,62.68447119003478,12344.394877215705,2.259730045697611,0.0,0.0,1.0,inf,27895.0,inf,220.0,41.0,179.0,0.0,0.0,0.0,0.0,0.0,0.0
517.0,27930.0,79326.0,51396.0,25698.0,1.840171858216971,62.68447119003478,12344.394877215705,2.262565340610657,0.0,0.0,1.0,inf,27930.0,inf,220.0,35.0,185.0,0.0,0.0,0.0,0.0,0.0,0.0
518.0,27970.0,79444.0,51474.0,25737.0,1.8403289238469789,62.72709254319642,12361.187351406537,2.262727617085861,0.0,0.0,1.0,inf,27970.0,inf,216.0,40.0,176.0,0.0,0.0,0.0,0.0,0.0,0.0
519.0,28011.0,79559.0,51548.0,25774.0,1.8402770340223484,62.72709254319642,12361.187351406537,2.2660444505610315,0.0,0.0,1.0,inf,28011.0,inf,220.0,41.0,179.0,0.0,0.0,0.0,0.0,0.0,0.0
520.0,28050.0,79668.0,51618.0,25809.0,1.8402139037433156,62.72709254319642,12361.187351406537,2.2691994872813157,0.0,0.0,1.0,inf,28050.0,inf,220.0,39.0,181.0,0.0,0.0,0.0,0.0,0.0,0.0
521.0,28092.0,79786.0,51694.0,25847.0,1.8401680193649437,63.05763333583532,12491.80529573867,2.248834282550259,0.0,0.0,1.0,inf,28092.0,inf,218.0,42.0,176.0,0.0,0.0,0.0,0.0,0.0,0.0
522.0,28139.0,79921.0,51782.0,25891.0,1.8402217562813177,63.05763333583532,12491.80529573867,2.252596749134335,0.0,0.0,1.0,inf,28139.0,inf,217.0,47.0,170.0,0.0,0.0,0.0,0.0,0.0,0.0
523.0,28173.0,80013.0,51840.0,25920.0,1.840059631562134,63.27789274265529,12579.225100281814,2.23964511131682,0.0,0.0,1.0,inf,28173.0,inf,219.0,34.0,185.0,0.0,0.0,0.0,0.0,0.0,0.0
524.0,28215.0,80131.0,51916.0,25958.0,1.840014176856282,63.27789274265529,12579.225100281814,2.2429839497321575,0.0,0.0,1.0,inf,28215.0,inf,220.0,42.0,178.0,0.0,0.0,0.0,0.0,0.0,0.0
525.0,28260.0,80258.0,51998.0,25999.0,1.8399858457183298,63.27789274265529,12579.225100281814,2.2465612766057337,0.0,0.0,1.0,inf,28260.0,inf,220.0,45.0,175.0,0.0,0.0,0.0,0.0,0.0,0.0
526.0,28303.0,80385.0,52082.0,26041.0,1.8401582871073738,63.27789274265529,12579.225100281814,2.2499796111738175,0.0,0.0,1.0,inf,28303.0,inf,217.0,43.0,174.0,0.0,0.0,0.0,0.0,0.0,0.0
527.0,28337.0,80487.0,52150.0,26075.0,1.840350072343579,63.27789274265529,12579.225100281814,2.252682480367186,0.0,0.0,1.0,inf,28337.0,inf,219.0,34.0,185.0,0.0,0.0,0.0,0.0,0.0,0.0
528.0,28373.0,80591.0,52218.0,26109.0,1.8404116589715576,63.27789274265529,12579.225100281814,2.2555443418660466,0.0,0.0,1.0,inf,28373.0,inf,218.0,36.0,182.0,0.0,0.0,0.0,0.0,0.0,0.0
529.0,28422.0,80734.0,52312.0,26156.0,1.8405460558722118,63.27789274265529,12579.225100281814,2.2594396533506074,0.0,0.0,1.0,inf,28422.0,inf,219.0,49.0,170.0,0.0,0.0,0.0,0.0,0.0,0.0
530.0,28462.0,80848.0,52386.0,26193.0,1.840559342280936,63.92457637786232,12837.651742709973,2.2170721383030596,0.0,0.0,1.0,inf,28462.0,inf,219.0,40.0,179.0,0.0,0.0,0.0,0.0,0.0,0.0
531.0,28506.0,80968.0,52462.0,26231.0,1.840384480460254,63.92457637786232,12837.651742709973,2.2204995564073857,0.0,0.0,1.0,inf,28506.0,inf,216.0,44.0,172.0,0.0,0.0,0.0,0.0,0.0,0.0
532.0,28549.0,81093.0,52544.0,26272.0,1.8404847805527338,63.92457637786232,12837.651742709973,2.2238490786457046,0.0,0.0,1.0,inf,28549.0,inf,218.0,43.0,175.0,0.0,0.0,0.0,0.0,0.0,0.0
533.0,28587.0,81201.0,52614.0,26307.0,1.8404869346206318,63.92457637786232,12837.651742709973,2.2268091215539867,0.0,0.0,1.0,inf,28587.0,inf,220.0,38.0,182.0,0.0,0.0,0.0,0.0,0.0,0.0
534.0,28636.0,81346.0,52710.0,26355.0,1.840690040508451,63.92457637786232,12837.651742709973,2.23062601898835,0.0,0.0,1.0,inf,28636.0,inf,220.0,49.0,171.0,0.0,0.0,0.0,0.0,0.0,0.0
535.0,28680.0,81468.0,52788.0,26394.0,1.8405857740585774,63.92457637786232,12837.651742709973,2.234053437092676,0.0,0.0,1.0,inf,28680.0,inf,220.0,44.0,176.0,0.0,0.0,0.0,0.0,0.0,0.0
536.0,28725.0,81599.0,52874.0,26437.0,1.8406962576153176,63.92457637786232,12837.651742709973,2.23755875106301,0.0,0.0,1.0,inf,28725.0,inf,219.0,45.0,174.0,0.0,0.0,0.0,0.0,0.0,0.0
537.0,28769.0,81719.0,52950.0,26475.0,1.8405227849421253,63.92457637786232,12837.651742709973,2.240986169167336,0.0,0.0,1.0,inf,28769.0,inf,219.0,44.0,175.0,0.0,0.0,0.0,0.0,0.0,0.0
538.0,28814.0,81852.0,53038.0,26519.0,1.8407024363156799,63.92457637786232,12837.651742709973,2.24449148313767,0.0,0.0,1.0,inf,28814.0,inf,218.0,45.0,173.0,0.0,0.0,0.0,0.0,0.0,0.0
539.0,28860.0,81978.0,53118.0,26559.0,1.8405405405405406,63.92457637786232,12837.651742709973,2.248074692974011,0.0,0.0,1.0,inf,28860.0,inf,218.0,46.0,172.0,0.0,0.0,0.0,0.0,0.0,0.0
540.0,28916.0,82146.0,53230.0,26615.0,1.8408493567575044,63.92457637786232,12837.651742709973,2.2524368614704264,0.0,0.0,1.0,inf,28916.0,inf,218.0,56.0,162.0,0.0,0.0,0.0,0.0,0.0,0.0
541.0,28953.0,82247.0,53294.0,26647.0,1.8407073532967222,63.92457637786232,12837.651742709973,2.2553190085127004,0.0,0.0,1.0,inf,28953.0,inf,217.0,37.0,180.0,0.0,0.0,0.0,0.0,0.0,0.0
542.0,29002.0,82384.0,53382.0,26691.0,1.8406316805737535,63.92457637786232,12837.651742709973,2.259135905947064,0.0,0.0,1.0,inf,29002.0,inf,219.0,49.0,170.0,0.0,0.0,0.0,0.0,0.0,0.0
543.0,29035.0,82479.0,53444.0,26722.0,1.8406750473566384,63.92457637786232,12837.651742709973,2.2617064695253086,0.0,0.0,1.0,inf,29035.0,inf,217.0,33.0,184.0,0.0,0.0,0.0,0.0,0.0,0.0
544.0,29079.0,82601.0,53522.0,26761.0,1.8405722342583994,63.92457637786232,12837.651742709973,2.2651338876296347,0.0,0.0,1.0,inf,29079.0,inf,218.0,44.0,174.0,0.0,0.0,0.0,0.0,0.0,0.0
545.0,29111.0,82695.0,53584.0,26792.0,1.8406787812167222,63.92457637786232,12837.651742709973,2.2676265553418724,0.0,0.0,1.0,inf,29111.0,inf,220.0,32.0,188.0,0.0,0.0,0.0,0.0,0.0,0.0
546.0,29159.0,82837.0,53678.0,26839.0,1.8408724579032203,63.92457637786232,12837.651742709973,2.271365556910228,0.0,0.0,1.0,inf,29159.0,inf,218.0,48.0,170.0,0.0,0.0,0.0,0.0,0.0,0.0
547.0,29203.0,82959.0,53756.0,26878.0,1.8407697839263089,63.92457637786232,12837.651742709973,2.2747929750145546,0.0,0.0,1.0,inf,29203.0,inf,219.0,44.0,175.0,0.0,0.0,0.0,0.0,0.0,0.0
548.0,29246.0,83080.0,53834.0,26917.0,1.8407303562880395,63.92457637786232,12837.651742709973,2.2781424972528734,0.0,0.0,1.0,inf,29246.0,inf,219.0,43.0,176.0,0.0,0.0,0.0,0.0,0.0,0.0
549.0,29291.0,83209.0,53918.0,26959.0,1.8407702024512649,63.92457637786232,12837.651742709973,2.281647811223207,0.0,0.0,1.0,inf,29291.0,inf,219.0,45.0,174.0,0.0,0.0,0.0,0.0,0.0,0.0
550.0,29341.0,83345.0,54004.0,27002.0,1.8405643979414472,63.92457637786232,12837.651742709973,2.285542604523578,0.0,0.0,1.0,inf,29341.0,inf,216.0,50.0,166.0,0.0,0.0,0.0,0.0,0.0,0.0
551.0,29382.0,83464.0,54082.0,27041.0,1.84065073854741,63.92457637786232,12837.651742709973,2.2887363350298817,0.0,0.0,1.0,inf,29382.0,inf,219.0,41.0,178.0,0.0,0.0,0.0,0.0,0.0,0.0
552.0,29428.0,83596.0,54168.0,27084.0,1.8406959358434145,63.92457637786232,12837.651742709973,2.292319544866223,0.0,0.0,1.0,inf,29428.0,inf,219.0,46.0,173.0,0.0,0.0,0.0,0.0,0.0,0.0
553.0,29460.0,83682.0,54222.0,27111.0,1.8405295315682282,63.92457637786232,12837.651742709973,2.29481221257846,0.0,0.0,1.0,inf,29460.0,inf,220.0,32.0,188.0,0.0,0.0,0.0,0.0,0.0,0.0
554.0,29497.0,83789.0,54292.0,27146.0,1.8405939587076652,63.92457637786232,12837.651742709973,2.2976943596207344,0.0,0.0,1.0,inf,29497.0,inf,220.0,37.0,183.0,0.0,0.0,0.0,0.0,0.0,0.0
555.0,29541.0,83915.0,54374.0,27187.0,1.8406282793405775,63.92457637786232,12837.651742709973,2.301121777725061,0.0,0.0,1.0,inf,29541.0,inf,219.0,44.0,175.0,0.0,0.0,0.0,0.0,0.0,0.0
556.0,29582.0,84032.0,54450.0,27225.0,1.8406463389899264,63.92457637786232,12837.651742709973,2.304315508231365,0.0,0.0,1.0,inf,29582.0,inf,218.0,41.0,177.0,0.0,0.0,0.0,0.0,0.0,0.0
557.0,29628.0,84158.0,54530.0,27265.0,1.8404887268799783,63.98963666087668,12863.796500579836,2.3032080769207224,0.0,0.0,1.0,inf,29628.0,inf,217.0,46.0,171.0,0.0,0.0,0.0,0.0,0.0,0.0
558.0,29672.0,84286.0,54614.0,27307.0,1.8405904556484227,63.98963666087668,12863.796500579836,2.306628529039816,0.0,0.0,1.0,inf,29672.0,inf,220.0,44.0,176.0,0.0,0.0,0.0,0.0,0.0,0.0
559.0,29716.0,84414.0,54698.0,27349.0,1.840691883160587,64.16493515489842,12934.373332831708,2.2974441231389995,0.0,0.0,1.0,inf,29716.0,inf,217.0,44.0,173.0,0.0,0.0,0.0,0.0,0.0,0.0
560.0,29750.0,84506.0,54756.0,27378.0,1.8405378151260505,64.16493515489842,12934.373332831708,2.300072777742133,0.0,0.0,1.0,inf,29750.0,inf,218.0,34.0,184.0,0.0,0.0,0.0,0.0,0.0,0.0
561.0,29790.0,84616.0,54826.0,27413.0,1.8404162470627727,64.16493515489842,12934.373332831708,2.3031653125693494,0.0,0.0,1.0,inf,29790.0,inf,218.0,40.0,178.0,0.0,0.0,0.0,0.0,0.0,0.0
562.0,29826.0,84714.0,54888.0,27444.0,1.84027358680346,64.16493515489842,12934.373332831708,2.305948593913844,0.0,0.0,1.0,inf,29826.0,inf,218.0,36.0,182.0,0.0,0.0,0.0,0.0,0.0,0.0
563.0,29862.0,84814.0,54952.0,27476.0,1.8401982452615364,64.23726542081741,12963.550451467801,2.303535602518434,0.0,0.0,1.0,inf,29862.0,inf,220.0,36.0,184.0,0.0,0.0,0.0,0.0,0.0,0.0
564.0,29903.0,84929.0,55026.0,27513.0,1.840149817744039,64.23726542081741,12963.550451467801,2.306698316325388,0.0,0.0,1.0,inf,29903.0,inf,217.0,41.0,176.0,0.0,0.0,0.0,0.0,0.0,0.0
565.0,29933.0,85015.0,55082.0,27541.0,1.8401763939464806,64.23726542081741,12963.550451467801,2.3090124971597445,0.0,0.0,1.0,inf,29933.0,inf,217.0,30.0,187.0,0.0,0.0,0.0,0.0,0.0,0.0
566.0,29975.0,85135.0,55160.0,27580.0,1.8402001668056713,64.23726542081741,12963.550451467801,2.3122523503278436,0.0,0.0,1.0,inf,29975.0,inf,220.0,42.0,178.0,0.0,0.0,0.0,0.0,0.0,0.0
567.0,30022.0,85260.0,55238.0,27619.0,1.8399173939111317,64.23726542081741,12963.550451467801,2.3158779003016687,0.0,0.0,1.0,inf,30022.0,inf,219.0,47.0,172.0,0.0,0.0,0.0,0.0,0.0,0.0
568.0,30060.0,85366.0,55306.0,27653.0,1.839853626081171,64.23726542081741,12963.550451467801,2.3188091960251866,0.0,0.0,1.0,inf,30060.0,inf,218.0,38.0,180.0,0.0,0.0,0.0,0.0,0.0,0.0
569.0,30110.0,85508.0,55398.0,27699.0,1.839853869146463,64.36761224517731,13016.213714937028,2.313268716957731,0.0,0.0,1.0,inf,30110.0,inf,219.0,50.0,169.0,0.0,0.0,0.0,0.0,0.0,0.0
570.0,30137.0,85589.0,55452.0,27726.0,1.839997345455752,64.36761224517731,13016.213714937028,2.315343052904521,0.0,0.0,1.0,inf,30137.0,inf,219.0,27.0,192.0,0.0,0.0,0.0,0.0,0.0,0.0
571.0,30180.0,85708.0,55528.0,27764.0,1.839893969516236,64.36761224517731,13016.213714937028,2.3186466249679283,0.0,0.0,1.0,inf,30180.0,inf,220.0,43.0,177.0,0.0,0.0,0.0,0.0,0.0,0.0
572.0,30217.0,85817.0,55600.0,27800.0,1.840023827646689,64.36761224517731,13016.213714937028,2.321489233487604,0.0,0.0,1.0,inf,30217.0,inf,219.0,37.0,182.0,0.0,0.0,0.0,0.0,0.0,0.0
573.0,30262.0,85940.0,55678.0,27839.0,1.8398651774502677,64.36761224517731,13016.213714937028,2.324946460065588,0.0,0.0,1.0,inf,30262.0,inf,220.0,45.0,175.0,0.0,0.0,0.0,0.0,0.0,0.0
574.0,30300.0,86048.0,55748.0,27874.0,1.8398679867986798,64.36761224517731,13016.213714937028,2.327865895842552,0.0,0.0,1.0,inf,30300.0,inf,217.0,38.0,179.0,0.0,0.0,0.0,0.0,0.0,0.0
575.0,30336.0,86148.0,55812.0,27906.0,1.8397943037974684,64.36761224517731,13016.213714937028,2.3306316771049396,0.0,0.0,1.0,inf,30336.0,inf,220.0,36.0,184.0,0.0,0.0,0.0,0.0,0.0,0.0
576.0,30372.0,86256.0,55884.0,27942.0,1.8399841959699723,64.36761224517731,13016.213714937028,2.3333974583673265,0.0,0.0,1.0,inf,30372.0,inf,220.0,36.0,184.0,0.0,0.0,0.0,0.0,0.0,0.0
577.0,30417.0,86385.0,55968.0,27984.0,1.8400236709734688,64.36761224517731,13016.213714937028,2.3368546849453105,0.0,0.0,1.0,inf,30417.0,inf,218.0,45.0,173.0,0.0,0.0,0.0,0.0,0.0,0.0
578.0,30462.0,86516.0,56054.0,28027.0,1.8401286849189153,64.36761224517731,13016.213714937028,2.3403119115232944,0.0,0.0,1.0,inf,30462.0,inf,217.0,45.0,172.0,0.0,0.0,0.0,0.0,0.0,0.0
579.0,30506.0,86638.0,56132.0,28066.0,1.84003146921917,65.05231048935202,13294.601530408125,2.2946155949258835,0.0,0.0,1.0,inf,30506.0,inf,219.0,44.0,175.0,0.0,0.0,0.0,0.0,0.0,0.0
580.0,30556.0,86782.0,56226.0,28113.0,1.8400968713182353,65.05231048935202,13294.601530408125,2.2983765199814887,0.0,0.0,1.0,inf,30556.0,inf,218.0,50.0,168.0,0.0,0.0,0.0,0.0,0.0,0.0
581.0,30592.0,86888.0,56296.0,28148.0,1.8402196652719665,65.05231048935202,13294.601530408125,2.3010843860215244,0.0,0.0,1.0,inf,30592.0,inf,217.0,36.0,181.0,0.0,0.0,0.0,0.0,0.0,0.0
582.0,30630.0,86994.0,56364.0,28182.0,1.840156709108717,65.05231048935202,13294.601530408125,2.3039426890637844,0.0,0.0,1.0,inf,30630.0,inf,219.0,38.0,181.0,0.0,0.0,0.0,0.0,0.0,0.0
583.0,30675.0,87121.0,56446.0,28223.0,1.8401303993480032,65.05231048935202,13294.601530408125,2.3073275216138294,0.0,0.0,1.0,inf,30675.0,inf,219.0,45.0,174.0,0.0,0.0,0.0,0.0,0.0,0.0
584.0,30715.0,87235.0,56520.0,28260.0,1.8401432524825003,65.05231048935202,13294.601530408125,2.3103362616583136,0.0,0.0,1.0,inf,30715.0,inf,220.0,40.0,180.0,0.0,0.0,0.0,0.0,0.0,0.0
585.0,30753.0,87347.0,56594.0,28297.0,1.840275745455728,65.05231048935202,13294.601530408125,2.3131945647005736,0.0,0.0,1.0,inf,30753.0,inf,216.0,38.0,178.0,0.0,0.0,0.0,0.0,0.0,0.0
586.0,30805.0,87501.0,56696.0,28348.0,1.8404804414867717,65.05231048935202,13294.601530408125,2.317105926758403,0.0,0.0,1.0,inf,30805.0,inf,218.0,52.0,166.0,0.0,0.0,0.0,0.0,0.0,0.0
587.0,30852.0,87634.0,56782.0,28391.0,1.840464151432646,65.05231048935202,13294.601530408125,2.320641196310672,0.0,0.0,1.0,inf,30852.0,inf,217.0,47.0,170.0,0.0,0.0,0.0,0.0,0.0,0.0
588.0,30895.0,87753.0,56858.0,28429.0,1.8403625182068295,65.05231048935202,13294.601530408125,2.3238755918584926,0.0,0.0,1.0,inf,30895.0,inf,218.0,43.0,175.0,0.0,0.0,0.0,0.0,0.0,0.0
589.0,30941.0,87877.0,56936.0,28468.0,1.8401473772664103,65.05231048935202,13294.601530408125,2.3273356429096492,0.0,0.0,1.0,inf,30941.0,inf,218.0,46.0,172.0,0.0,0.0,0.0,0.0,0.0,0.0
590.0,30980.0,87988.0,57008.0,28504.0,1.8401549386701097,65.05231048935202,13294.601530408125,2.3302691644530213,0.0,0.0,1.0,inf,30980.0,inf,219.0,39.0,180.0,0.0,0.0,0.0,0.0,0.0,0.0
591.0,31026.0,88118.0,57092.0,28546.0,1.8401340810932767,65.07433563420277,13303.605517887665,2.3321497287546062,0.0,0.0,1.0,inf,31026.0,inf,219.0,46.0,173.0,0.0,0.0,0.0,0.0,0.0,0.0
592.0,31070.0,88240.0,57170.0,28585.0,1.8400386224654006,65.07433563420277,13303.605517887665,2.3354571028300657,0.0,0.0,1.0,inf,31070.0,inf,217.0,44.0,173.0,0.0,0.0,0.0,0.0,0.0,0.0
593.0,31103.0,88337.0,57234.0,28617.0,1.8401440375526477,65.07433563420277,13303.605517887665,2.33793763338666,0.0,0.0,1.0,inf,31103.0,inf,220.0,33.0,187.0,0.0,0.0,0.0,0.0,0.0,0.0
594.0,31143.0,88449.0,57306.0,28653.0,1.8400924766400155,65.07433563420277,13303.605517887665,2.340944337091623,0.0,0.0,1.0,inf,31143.0,inf,220.0,40.0,180.0,0.0,0.0,0.0,0.0,0.0,0.0
595.0,31177.0,88547.0,57370.0,28685.0,1.8401385636847676,65.07433563420277,13303.605517887665,2.343500035240842,0.0,0.0,1.0,inf,31177.0,inf,218.0,34.0,184.0,0.0,0.0,0.0,0.0,0.0,0.0
596.0,31212.0,88648.0,57436.0,28718.0,1.8401896706394976,65.07433563420277,13303.605517887665,2.3461309009826845,0.0,0.0,1.0,inf,31212.0,inf,218.0,35.0,183.0,0.0,0.0,0.0,0.0,0.0,0.0
597.0,31249.0,88753.0,57504.0,28752.0,1.8401868859803514,65.07433563420277,13303.605517887665,2.348912101909775,0.0,0.0,1.0,inf,31249.0,inf,219.0,37.0,182.0,0.0,0.0,0.0,0.0,0.0,0.0
598.0,31295.0,88881.0,57586.0,28793.0,1.8401022527560313,65.07433563420277,13303.605517887665,2.3523698111704827,0.0,0.0,1.0,inf,31295.0,inf,220.0,46.0,174.0,0.0,0.0,0.0,0.0,0.0,0.0
599.0,31338.0,89006.0,57668.0,28834.0,1.8401940136575403,65.07433563420277,13303.605517887665,2.355602017653318,0.0,0.0,1.0,inf,31338.0,inf,215.0,43.0,172.0,0.0,0.0,0.0,0.0,0.0,0.0
600.0,31385.0,89145.0,57760.0,28880.0,1.840369603313685,65.07433563420277,13303.605517887665,2.3591348945066497,0.0,0.0,1.0,inf,31385.0,inf,215.0,47.0,168.0,0.0,0.0,0.0,0.0,0.0,0.0
601.0,31420.0,89240.0,57820.0,28910.0,1.8402291534054742,65.07433563420277,13303.605517887665,2.3617657602484923,0.0,0.0,1.0,inf,31420.0,inf,218.0,35.0,183.0,0.0,0.0,0.0,0.0,0.0,0.0
602.0,31462.0,89358.0,57896.0,28948.0,1.840188163498824,65.31879447422452,13403.746150386605,2.3472542412400537,0.0,0.0,1.0,inf,31462.0,inf,219.0,42.0,177.0,0.0,0.0,0.0,0.0,0.0,0.0
603.0,31501.0,89467.0,57966.0,28983.0,1.8401320592997048,65.31879447422452,13403.746150386605,2.350163875573801,0.0,0.0,1.0,inf,31501.0,inf,218.0,39.0,179.0,0.0,0.0,0.0,0.0,0.0,0.0
604.0,31545.0,89595.0,58050.0,29025.0,1.840228245363766,65.31879447422452,13403.746150386605,2.353446539950337,0.0,0.0,1.0,inf,31545.0,inf,218.0,44.0,174.0,0.0,0.0,0.0,0.0,0.0,0.0
605.0,31583.0,89703.0,58120.0,29060.0,1.8402305037520186,65.31879447422452,13403.746150386605,2.3562815682755263,0.0,0.0,1.0,inf,31583.0,inf,220.0,38.0,182.0,0.0,0.0,0.0,0.0,0.0,0.0
606.0,31623.0,89817.0,58194.0,29097.0,1.840242861208614,65.31879447422452,13403.746150386605,2.3592658086178315,0.0,0.0,1.0,inf,31623.0,inf,218.0,40.0,178.0,0.0,0.0,0.0,0.0,0.0,0.0
607.0,31671.0,89955.0,58284.0,29142.0,1.840295538505257,65.31879447422452,13403.746150386605,2.3628468970285974,0.0,0.0,1.0,inf,31671.0,inf,218.0,48.0,170.0,0.0,0.0,0.0,0.0,0.0,0.0
608.0,31710.0,90064.0,58354.0,29177.0,1.8402396720277514,65.31879447422452,13403.746150386605,2.365756531362345,0.0,0.0,1.0,inf,31710.0,inf,219.0,39.0,180.0,0.0,0.0,0.0,0.0,0.0,0.0
609.0,31757.0,90197.0,58440.0,29220.0,1.840224202538023,65.31879447422452,13403.746150386605,2.3692630137645536,0.0,0.0,1.0,inf,31757.0,inf,220.0,47.0,173.0,0.0,0.0,0.0,0.0,0.0,0.0
610.0,31795.0,90301.0,58506.0,29253.0,1.8401006447554646,65.98183329713532,13677.245081659843,2.3246640540670507,0.0,0.0,1.0,inf,31795.0,inf,218.0,38.0,180.0,0.0,0.0,0.0,0.0,0.0,0.0
611.0,31835.0,90409.0,58574.0,29287.0,1.8399246112768965,66.08320812052085,13719.304944800213,2.320452831108318,0.0,0.0,1.0,inf,31835.0,inf,219.0,40.0,179.0,0.0,0.0,0.0,0.0,0.0,0.0
612.0,31870.0,90506.0,58636.0,29318.0,1.8398493881393159,66.08320812052085,13719.304944800213,2.3230039807577225,0.0,0.0,1.0,inf,31870.0,inf,216.0,35.0,181.0,0.0,0.0,0.0,0.0,0.0,0.0
613.0,31909.0,90615.0,58706.0,29353.0,1.8397944153687047,66.08320812052085,13719.304944800213,2.325846690367059,0.0,0.0,1.0,inf,31909.0,inf,217.0,39.0,178.0,0.0,0.0,0.0,0.0,0.0,0.0
614.0,31953.0,90735.0,58782.0,29391.0,1.839639470472256,66.08320812052085,13719.304944800213,2.3290538499263103,0.0,0.0,1.0,inf,31953.0,inf,219.0,44.0,175.0,0.0,0.0,0.0,0.0,0.0,0.0
615.0,31986.0,90828.0,58842.0,29421.0,1.839617332583005,66.08320812052085,13719.304944800213,2.331459219595749,0.0,0.0,1.0,inf,31986.0,inf,217.0,33.0,184.0,0.0,0.0,0.0,0.0,0.0,0.0
616.0,32035.0,90971.0,58936.0,29468.0,1.839737786795692,66.08320812052085,13719.304944800213,2.335030829104915,0.0,0.0,1.0,inf,32035.0,inf,219.0,49.0,170.0,0.0,0.0,0.0,0.0,0.0,0.0
617.0,32072.0,91078.0,59006.0,29503.0,1.8397979546021452,66.08320812052085,13719.304944800213,2.3377277587342853,0.0,0.0,1.0,inf,32072.0,inf,219.0,37.0,182.0,0.0,0.0,0.0,0.0,0.0,0.0
618.0,32110.0,91192.0,59082.0,29541.0,1.8399875428215509,66.08320812052085,13719.304944800213,2.340497578353639,0.0,0.0,1.0,inf,32110.0,inf,218.0,38.0,180.0,0.0,0.0,0.0,0.0,0.0,0.0
619.0,32146.0,91296.0,59150.0,29575.0,1.8400423069744292,66.89564132500013,14058.71140835131,2.286553800436097,0.0,0.0,1.0,inf,32146.0,inf,218.0,36.0,182.0,0.0,0.0,0.0,0.0,0.0,0.0
620.0,32196.0,91434.0,59238.0,29619.0,1.8399180022363026,66.89564132500013,14058.71140835131,2.290110314155434,0.0,0.0,1.0,inf,32196.0,inf,219.0,50.0,169.0,0.0,0.0,0.0,0.0,0.0,0.0
621.0,32248.0,91586.0,59338.0,29669.0,1.8400520962540312,66.89564132500013,14058.71140835131,2.2938090884235445,0.0,0.0,1.0,inf,32248.0,inf,218.0,52.0,166.0,0.0,0.0,0.0,0.0,0.0,0.0
622.0,32294.0,91716.0,59422.0,29711.0,1.840032204124605,66.89564132500013,14058.71140835131,2.2970810810453344,0.0,0.0,1.0,inf,32294.0,inf,216.0,46.0,170.0,0.0,0.0,0.0,0.0,0.0,0.0
623.0,32333.0,91823.0,59490.0,29745.0,1.839915875421396,66.89564132500013,14058.71140835131,2.299855161746417,0.0,0.0,1.0,inf,32333.0,inf,216.0,39.0,177.0,0.0,0.0,0.0,0.0,0.0,0.0
624.0,32384.0,91970.0,59586.0,29793.0,1.8399827075098814,66.89564132500013,14058.71140835131,2.3034828057401406,0.0,0.0,1.0,inf,32384.0,inf,218.0,51.0,167.0,0.0,0.0,0.0,0.0,0.0,0.0
625.0,32431.0,92105.0,59674.0,29837.0,1.8400296013073911,66.89564132500013,14058.71140835131,2.3068259286363175,0.0,0.0,1.0,inf,32431.0,inf,220.0,47.0,173.0,0.0,0.0,0.0,0.0,0.0,0.0
626.0,32479.0,92243.0,59764.0,29882.0,1.8400812832907416,67.71152478778401,14403.732928481577,2.254901570396161,0.0,0.0,1.0,inf,32479.0,inf,217.0,48.0,169.0,0.0,0.0,0.0,0.0,0.0,0.0
627.0,32521.0,92361.0,59840.0,29920.0,1.840041819132253,67.71152478778401,14403.732928481577,2.257817481167941,0.0,0.0,1.0,inf,32521.0,inf,219.0,42.0,177.0,0.0,0.0,0.0,0.0,0.0,0.0
628.0,32564.0,92484.0,59920.0,29960.0,1.8400687876182287,67.71152478778401,14403.732928481577,2.2608028183866677,0.0,0.0,1.0,inf,32564.0,inf,216.0,43.0,173.0,0.0,0.0,0.0,0.0,0.0,0.0
629.0,32607.0,92601.0,59994.0,29997.0,1.8399116754071212,67.71152478778401,14403.732928481577,2.2637881556053947,0.0,0.0,1.0,inf,32607.0,inf,218.0,43.0,175.0,0.0,0.0,0.0,0.0,0.0,0.0
630.0,32656.0,92744.0,60088.0,30044.0,1.840029397354238,68.22170232698096,14621.602628150496,2.2334077071092375,0.0,0.0,1.0,inf,32656.0,inf,220.0,49.0,171.0,0.0,0.0,0.0,0.0,0.0,0.0
631.0,32706.0,92884.0,60178.0,30089.0,1.839968201553232,68.22170232698096,14621.602628150496,2.2368273048969476,0.0,0.0,1.0,inf,32706.0,inf,216.0,50.0,166.0,0.0,0.0,0.0,0.0,0.0,0.0
632.0,32762.0,93038.0,60276.0,30138.0,1.8398144191441304,68.22170232698096,14621.602628150496,2.2406572544191827,0.0,0.0,1.0,inf,32762.0,inf,217.0,56.0,161.0,0.0,0.0,0.0,0.0,0.0,0.0
633.0,32809.0,93173.0,60364.0,30182.0,1.8398610137462281,68.22170232698096,14621.602628150496,2.2438716763396305,0.0,0.0,1.0,inf,32809.0,inf,217.0,47.0,170.0,0.0,0.0,0.0,0.0,0.0,0.0
634.0,32858.0,93308.0,60450.0,30225.0,1.839734615618723,68.22170232698096,14621.602628150496,2.2472228821715863,0.0,0.0,1.0,inf,32858.0,inf,217.0,49.0,168.0,0.0,0.0,0.0,0.0,0.0,0.0
635.0,32917.0,93475.0,60558.0,30279.0,1.8397180788042653,68.22170232698096,14621.602628150496,2.251258007561084,0.0,0.0,1.0,inf,32917.0,inf,217.0,59.0,158.0,0.0,0.0,0.0,0.0,0.0,0.0
636.0,32967.0,93619.0,60652.0,30326.0,1.8397791731125064,68.22170232698096,14621.602628150496,2.2546776053487942,0.0,0.0,1.0,inf,32967.0,inf,215.0,50.0,165.0,0.0,0.0,0.0,0.0,0.0,0.0
637.0,33025.0,93781.0,60756.0,30378.0,1.8396971990915973,68.37291464097727,14686.491558741986,2.248665031257394,0.0,0.0,1.0,inf,33025.0,inf,218.0,58.0,160.0,0.0,0.0,0.0,0.0,0.0,0.0
638.0,33077.0,93925.0,60848.0,30424.0,1.8395864195664662,68.37291464097727,14686.491558741986,2.2522056998910167,0.0,0.0,1.0,inf,33077.0,inf,214.0,52.0,162.0,0.0,0.0,0.0,0.0,0.0,0.0
639.0,33137.0,94095.0,60958.0,30479.0,1.8395750973232339,68.37291464097727,14686.491558741986,2.2562910867759656,0.0,0.0,1.0,inf,33137.0,inf,219.0,60.0,159.0,0.0,0.0,0.0,0.0,0.0,0.0
640.0,33187.0,94241.0,61054.0,30527.0,1.8396962666104197,68.37291464097727,14686.491558741986,2.2596955758467567,0.0,0.0,1.0,inf,33187.0,inf,217.0,50.0,167.0,0.0,0.0,0.0,0.0,0.0,0.0
641.0,33231.0,94367.0,61136.0,30568.0,1.8397279648520959,68.37291464097727,14686.491558741986,2.2626915262290526,0.0,0.0,1.0,inf,33231.0,inf,219.0,44.0,175.0,0.0,0.0,0.0,0.0,0.0,0.0
642.0,33280.0,94510.0,61230.0,30615.0,1.83984375,68.37291464097727,14686.491558741986,2.2660279255184275,0.0,0.0,1.0,inf,33280.0,inf,219.0,49.0,170.0,0.0,0.0,0.0,0.0,0.0,0.0
643.0,33335.0,94663.0,61328.0,30664.0,1.83974801259937,68.37291464097727,14686.491558741986,2.2697728634962977,0.0,0.0,1.0,inf,33335.0,inf,216.0,55.0,161.0,0.0,0.0,0.0,0.0,0.0,0.0
644.0,33383.0,94799.0,61416.0,30708.0,1.839738789204086,68.37291464097727,14686.491558741986,2.273041173004257,0.0,0.0,1.0,inf,33383.0,inf,217.0,48.0,169.0,0.0,0.0,0.0,0.0,0.0,0.0
645.0,33430.0,94932.0,61502.0,30751.0,1.839724798085552,68.37291464097727,14686.491558741986,2.2762413927308005,0.0,0.0,1.0,inf,33430.0,inf,218.0,47.0,171.0,0.0,0.0,0.0,0.0,0.0,0.0
646.0,33483.0,95085.0,61602.0,30801.0,1.8397993011378908,68.37291464097727,14686.491558741986,2.2798501511458387,0.0,0.0,1.0,inf,33483.0,inf,218.0,53.0,165.0,0.0,0.0,0.0,0.0,0.0,0.0
647.0,33541.0,95247.0,61706.0,30853.0,1.8397185534122418,68.37291464097727,14686.491558741986,2.2837993584679563,0.0,0.0,1.0,inf,33541.0,inf,219.0,58.0,161.0,0.0,0.0,0.0,0.0,0.0,0.0
648.0,33593.0,95399.0,61806.0,30903.0,1.8398475872949722,68.37291464097727,14686.491558741986,2.2873400271015787,0.0,0.0,1.0,inf,33593.0,inf,217.0,52.0,165.0,0.0,0.0,0.0,0.0,0.0,0.0
649.0,33633.0,95517.0,61884.0,30942.0,1.8399785924538399,68.5553129836838,14764.954348848545,2.2778939375876157,0.0,0.0,1.0,inf,33633.0,inf,219.0,40.0,179.0,0.0,0.0,0.0,0.0,0.0,0.0
650.0,33680.0,95648.0,61968.0,30984.0,1.8399049881235154,68.5553129836838,14764.954348848545,2.281077150951473,0.0,0.0,1.0,inf,33680.0,inf,219.0,47.0,172.0,0.0,0.0,0.0,0.0,0.0,0.0
651.0,33725.0,95775.0,62050.0,31025.0,1.8398813936249074,68.5553129836838,14764.954348848545,2.284124908427507,0.0,0.0,1.0,inf,33725.0,inf,218.0,45.0,173.0,0.0,0.0,0.0,0.0,0.0,0.0
652.0,33771.0,95909.0,62138.0,31069.0,1.8399810488288768,68.5553129836838,14764.954348848545,2.287240393847452,0.0,0.0,1.0,inf,33771.0,inf,219.0,46.0,173.0,0.0,0.0,0.0,0.0,0.0,0.0
653.0,33819.0,96045.0,62226.0,31113.0,1.8399716135899937,68.5553129836838,14764.954348848545,2.2904913351552216,0.0,0.0,1.0,inf,33819.0,inf,216.0,48.0,168.0,0.0,0.0,0.0,0.0,0.0,0.0
654.0,33865.0,96179.0,62314.0,31157.0,1.8400708696294108,68.5553129836838,14764.954348848545,2.2936068205751674,0.0,0.0,1.0,inf,33865.0,inf,218.0,46.0,172.0,0.0,0.0,0.0,0.0,0.0,0.0
655.0,33904.0,96288.0,62384.0,31192.0,1.8400188768286927,68.5553129836838,14764.954348848545,2.2962482103877297,0.0,0.0,1.0,inf,33904.0,inf,220.0,39.0,181.0,0.0,0.0,0.0,0.0,0.0,0.0
656.0,33942.0,96398.0,62456.0,31228.0,1.840080136703789,68.5553129836838,14764.954348848545,2.2988218722563807,0.0,0.0,1.0,inf,33942.0,inf,219.0,38.0,181.0,0.0,0.0,0.0,0.0,0.0,0.0
657.0,33986.0,96528.0,62542.0,31271.0,1.8402283293120696,68.5553129836838,14764.954348848545,2.3018019017885023,0.0,0.0,1.0,inf,33986.0,inf,219.0,44.0,175.0,0.0,0.0,0.0,0.0,0.0,0.0
658.0,34036.0,96672.0,62636.0,31318.0,1.840286755200376,68.5553129836838,14764.954348848545,2.3051882989840955,0.0,0.0,1.0,inf,34036.0,inf,218.0,50.0,168.0,0.0,0.0,0.0,0.0,0.0,0.0
659.0,34084.0,96810.0,62726.0,31363.0,1.8403356413566483,68.5553129836838,14764.954348848545,2.3084392402918645,0.0,0.0,1.0,inf,34084.0,inf,217.0,48.0,169.0,0.0,0.0,0.0,0.0,0.0,0.0
660.0,34127.0,96933.0,62806.0,31403.0,1.8403610044832537,68.5553129836838,14764.954348848545,2.3113515418800747,0.0,0.0,1.0,inf,34127.0,inf,219.0,43.0,176.0,0.0,0.0,0.0,0.0,0.0,0.0
661.0,34180.0,97084.0,62904.0,31452.0,1.840374488004681,68.5553129836838,14764.954348848545,2.3149411229074035,0.0,0.0,1.0,inf,34180.0,inf,218.0,53.0,165.0,0.0,0.0,0.0,0.0,0.0,0.0
662.0,34229.0,97225.0,62996.0,31498.0,1.8404277074994888,68.5553129836838,14764.954348848545,2.3182597921590844,0.0,0.0,1.0,inf,34229.0,inf,219.0,49.0,170.0,0.0,0.0,0.0,0.0,0.0,0.0
663.0,34272.0,97350.0,63078.0,31539.0,1.8405112044817926,68.5553129836838,14764.954348848545,2.3211720937472946,0.0,0.0,1.0,inf,34272.0,inf,217.0,43.0,174.0,0.0,0.0,0.0,0.0,0.0,0.0
664.0,34326.0,97504.0,63178.0,31589.0,1.8405290450387461,68.5553129836838,14764.954348848545,2.324829402718535,0.0,0.0,1.0,inf,34326.0,inf,220.0,54.0,166.0,0.0,0.0,0.0,0.0,0.0,0.0
665.0,34374.0,97642.0,63268.0,31634.0,1.840577180427067,68.5553129836838,14764.954348848545,2.3280803440263043,0.0,0.0,1.0,inf,34374.0,inf,218.0,48.0,170.0,0.0,0.0,0.0,0.0,0.0,0.0
666.0,34429.0,97797.0,63368.0,31684.0,1.8405414040489123,68.5553129836838,14764.954348848545,2.3318053809414567,0.0,0.0,1.0,inf,34429.0,inf,219.0,55.0,164.0,0.0,0.0,0.0,0.0,0.0,0.0
667.0,34480.0,97950.0,63470.0,31735.0,1.8407772621809744,68.5553129836838,14764.954348848545,2.3352595060809618,0.0,0.0,1.0,inf,34480.0,inf,219.0,51.0,168.0,0.0,0.0,0.0,0.0,0.0,0.0
668.0,34532.0,98098.0,63566.0,31783.0,1.8407853585080505,68.5553129836838,14764.954348848545,2.3387813591643782,0.0,0.0,1.0,inf,34532.0,inf,216.0,52.0,164.0,0.0,0.0,0.0,0.0,0.0,0.0
669.0,34573.0,98209.0,63636.0,31818.0,1.8406270789344286,68.5553129836838,14764.954348848545,2.3415582048647647,0.0,0.0,1.0,inf,34573.0,inf,220.0,41.0,179.0,0.0,0.0,0.0,0.0,0.0,0.0
670.0,34613.0,98321.0,63708.0,31854.0,1.840580128853321,68.5553129836838,14764.954348848545,2.344267322621239,0.0,0.0,1.0,inf,34613.0,inf,220.0,40.0,180.0,0.0,0.0,0.0,0.0,0.0,0.0
671.0,34668.0,98468.0,63800.0,31900.0,1.8403138340833045,68.5553129836838,14764.954348848545,2.3479923595363914,0.0,0.0,1.0,inf,34668.0,inf,220.0,55.0,165.0,0.0,0.0,0.0,0.0,0.0,0.0
672.0,34719.0,98613.0,63894.0,31947.0,1.840317981508684,68.5553129836838,14764.954348848545,2.3514464846758965,0.0,0.0,1.0,inf,34719.0,inf,220.0,51.0,169.0,0.0,0.0,0.0,0.0,0.0,0.0
673.0,34765.0,98741.0,63976.0,31988.0,1.8402416223213,68.5553129836838,14764.954348848545,2.354561970095842,0.0,0.0,1.0,inf,34765.0,inf,220.0,46.0,174.0,0.0,0.0,0.0,0.0,0.0,0.0
674.0,34816.0,98894.0,64078.0,32039.0,1.840475643382353,68.5553129836838,14764.954348848545,2.358016095235347,0.0,0.0,1.0,inf,34816.0,inf,217.0,51.0,166.0,0.0,0.0,0.0,0.0,0.0,0.0
675.0,34851.0,98995.0,64144.0,32072.0,1.840521075435425,68.5553129836838,14764.954348848545,2.360386573272262,0.0,0.0,1.0,inf,34851.0,inf,216.0,35.0,181.0,0.0,0.0,0.0,0.0,0.0,0.0
676.0,34897.0,99133.0,64236.0,32118.0,1.840731294953721,68.5553129836838,14764.954348848545,2.3635020586922075,0.0,0.0,1.0,inf,34897.0,inf,218.0,46.0,172.0,0.0,0.0,0.0,0.0,0.0,0.0
677.0,34946.0,99276.0,64330.0,32165.0,1.8408401533794998,68.5553129836838,14764.954348848545,2.366820727943889,0.0,0.0,1.0,inf,34946.0,inf,220.0,49.0,171.0,0.0,0.0,0.0,0.0,0.0,0.0
678.0,34982.0,99378.0,64396.0,32198.0,1.840832428105883,68.5553129836838,14764.954348848545,2.3692589339247156,0.0,0.0,1.0,inf,34982.0,inf,219.0,36.0,183.0,0.0,0.0,0.0,0.0,0.0,0.0
679.0,35031.0,99517.0,64486.0,32243.0,1.8408266963546573,68.5553129836838,14764.954348848545,2.372577603176397,0.0,0.0,1.0,inf,35031.0,inf,218.0,49.0,169.0,0.0,0.0,0.0,0.0,0.0,0.0
680.0,35074.0,99634.0,64560.0,32280.0,1.840679705764954,68.5553129836838,14764.954348848545,2.3754899047646068,0.0,0.0,1.0,inf,35074.0,inf,220.0,43.0,177.0,0.0,0.0,0.0,0.0,0.0,0.0
681.0,35109.0,99735.0,64626.0,32313.0,1.8407246005297786,68.5553129836838,14764.954348848545,2.377860382801522,0.0,0.0,1.0,inf,35109.0,inf,218.0,35.0,183.0,0.0,0.0,0.0,0.0,0.0,0.0
682.0,35156.0,99870.0,64714.0,32357.0,1.8407668676755036,68.5553129836838,14764.954348848545,2.3810435961653797,0.0,0.0,1.0,inf,35156.0,inf,219.0,47.0,172.0,0.0,0.0,0.0,0.0,0.0,0.0
683.0,35196.0,99984.0,64788.0,32394.0,1.8407773610637572,68.5553129836838,14764.954348848545,2.383752713921854,0.0,0.0,1.0,inf,35196.0,inf,218.0,40.0,178.0,0.0,0.0,0.0,0.0,0.0,0.0
684.0,35234.0,100094.0,64860.0,32430.0,1.840835556564682,68.5553129836838,14764.954348848545,2.386326375790505,0.0,0.0,1.0,inf,35234.0,inf,217.0,38.0,179.0,0.0,0.0,0.0,0.0,0.0,0.0
685.0,35283.0,100239.0,64956.0,32478.0,1.8409999149732166,68.5553129836838,14764.954348848545,2.389645045042186,0.0,0.0,1.0,inf,35283.0,inf,220.0,49.0,171.0,0.0,0.0,0.0,0.0,0.0,0.0
686.0,35323.0,100349.0,65026.0,32513.0,1.840896866064604,68.78196644607183,14862.745750400341,2.3766133521491843,0.0,0.0,1.0,inf,35323.0,inf,218.0,40.0,178.0,0.0,0.0,0.0,0.0,0.0,0.0
687.0,35365.0,100473.0,65108.0,32554.0,1.8410292662236674,68.78196644607183,14862.745750400341,2.3794392095449397,0.0,0.0,1.0,inf,35365.0,inf,218.0,42.0,176.0,0.0,0.0,0.0,0.0,0.0,0.0
688.0,35405.0,100585.0,65180.0,32590.0,1.8409829120180765,68.78196644607183,14862.745750400341,2.382130502302802,0.0,0.0,1.0,inf,35405.0,inf,219.0,40.0,179.0,0.0,0.0,0.0,0.0,0.0,0.0
689.0,35455.0,100727.0,65272.0,32636.0,1.8409815258778734,68.78196644607183,14862.745750400341,2.3854946182501298,0.0,0.0,1.0,inf,35455.0,inf,219.0,50.0,169.0,0.0,0.0,0.0,0.0,0.0,0.0
690.0,35497.0,100843.0,65346.0,32673.0,1.8408879623630166,68.78196644607183,14862.745750400341,2.388320475645885,0.0,0.0,1.0,inf,35497.0,inf,219.0,42.0,177.0,0.0,0.0,0.0,0.0,0.0,0.0
691.0,35538.0,100960.0,65422.0,32711.0,1.8409026957060048,68.78196644607183,14862.745750400341,2.391079050722694,0.0,0.0,1.0,inf,35538.0,inf,219.0,41.0,178.0,0.0,0.0,0.0,0.0,0.0,0.0
692.0,35587.0,101099.0,65512.0,32756.0,1.8408969567538709,68.78196644607183,14862.745750400341,2.394375884351075,0.0,0.0,1.0,inf,35587.0,inf,217.0,49.0,168.0,0.0,0.0,0.0,0.0,0.0,0.0
693.0,35628.0,101216.0,65588.0,32794.0,1.8409116425283485,68.78196644607183,14862.745750400341,2.3971344594278836,0.0,0.0,1.0,inf,35628.0,inf,220.0,41.0,179.0,0.0,0.0,0.0,0.0,0.0,0.0
694.0,35692.0,101402.0,65710.0,32855.0,1.8410288019724308,68.99210725776037,14953.701001664649,2.3868338678181917,0.0,0.0,1.0,inf,35692.0,inf,220.0,64.0,156.0,0.0,0.0,0.0,0.0,0.0,0.0
695.0,35736.0,101526.0,65790.0,32895.0,1.8410006715916722,68.99210725776037,14953.701001664649,2.3897762832105482,0.0,0.0,1.0,inf,35736.0,inf,219.0,44.0,175.0,0.0,0.0,0.0,0.0,0.0,0.0
696.0,35780.0,101654.0,65874.0,32937.0,1.8410844046953605,68.99210725776037,14953.701001664649,2.392718698602905,0.0,0.0,1.0,inf,35780.0,inf,218.0,44.0,174.0,0.0,0.0,0.0,0.0,0.0,0.0
697.0,35824.0,101778.0,65954.0,32977.0,1.8410562751228228,68.99210725776037,14953.701001664649,2.395661113995262,0.0,0.0,1.0,inf,35824.0,inf,216.0,44.0,172.0,0.0,0.0,0.0,0.0,0.0,0.0
698.0,35864.0,101894.0,66030.0,33015.0,1.8411220165068034,68.99210725776037,14953.701001664649,2.398336037079223,0.0,0.0,1.0,inf,35864.0,inf,220.0,40.0,180.0,0.0,0.0,0.0,0.0,0.0,0.0
699.0,35907.0,102017.0,66110.0,33055.0,1.841145180605453,68.99210725776037,14953.701001664649,2.401211579394481,0.0,0.0,1.0,inf,35907.0,inf,219.0,43.0,176.0,0.0,0.0,0.0,0.0,0.0,0.0
700.0,35943.0,102119.0,66176.0,33088.0,1.8411373563698077,68.99210725776037,14953.701001664649,2.403619010170045,0.0,0.0,1.0,inf,35943.0,inf,220.0,36.0,184.0,0.0,0.0,0.0,0.0,0.0,0.0
