t,site_subsystems,total_subsystems,interface_subsystems,n_links,mean_degree,frontier_radius,volume_proxy,density,energy_remaining,energy_density,creation_rate_modifier,memory_total,memory_bound,memory_free,birth_attempts,births_accepted,births_reject_exclusion,births_reject_memory,births_reject_energy,deaths_attempted,deaths_executed,links_attempted_random,links_added_random
0.0,2.0,4.0,2.0,1.0,1.0,0.24761632562037938,0.1926231241160239,10.382969382197993,0.0,0.0,1.0,inf,2.0,inf,0.0,0.0,0.0,0.0,0.0,0.0,0.0,0.0,0.0
1.0,2.0,4.0,2.0,1.0,1.0,0.24761632562037938,0.1926231241160239,10.382969382197993,0.0,0.0,1.0,inf,2.0,inf,0.0,0.0,0.0,0.0,0.0,0.0,0.0,0.0,0.0
2.0,172.0,490.0,318.0,159.0,1.8488372093023255,15.49221443605911,754.0095942677016,0.22811380824278155,0.0,0.0,1.0,inf,172.0,inf,220.0,170.0,50.0,0.0,0.0,0.0,0.0,0.0,0.0
3.0,172.0,490.0,318.0,159.0,1.8488372093023255,15.49221443605911,754.0095942677016,0.22811380824278155,0.0,0.0,1.0,inf,172.0,inf,0.0,0.0,0.0,0.0,0.0,0.0,0.0,0.0,0.0
4.0,344.0,996.0,652.0,326.0,1.8953488372093024,20.804804165489568,1359.8065757670256,0.2529771558178854,0.0,0.0,1.0,inf,344.0,inf,220.0,172.0,48.0,0.0,0.0,0.0,0.0,0.0,0.0
5.0,344.0,996.0,652.0,326.0,1.8953488372093024,20.804804165489568,1359.8065757670256,0.2529771558178854,0.0,0.0,1.0,inf,344.0,inf,0.0,0.0,0.0,0.0,0.0,0.0,0.0,0.0,0.0
6.0,488.0,1392.0,904.0,452.0,1.8524590163934427,21.748901863239013,1486.01960789771,0.32839405173824016,0.0,0.0,1.0,inf,488.0,inf,220.0,144.0,76.0,0.0,0.0,0.0,0.0,0.0,0.0
7.0,525.0,1489.0,964.0,482.0,1.8361904761904762,22.175111011447648,1544.8327862682243,0.3398426060520222,0.0,0.0,1.0,inf,525.0,inf,69.0,37.0,32.0,0.0,0.0,0.0,0.0,0.0,0.0
8.0,634.0,1796.0,1162.0,581.0,1.832807570977918,23.446672401596764,1727.079398314315,0.3670937193847627,0.0,0.0,1.0,inf,634.0,inf,178.0,109.0,69.0,0.0,0.0,0.0,0.0,0.0,0.0
9.0,697.0,1967.0,1270.0,635.0,1.8220946915351506,23.446672401596764,1727.079398314315,0.4035714864529647,0.0,0.0,1.0,inf,697.0,inf,99.0,63.0,36.0,0.0,0.0,0.0,0.0,0.0,0.0
10.0,777.0,2195.0,1418.0,709.0,1.824967824967825,24.14172951611549,1830.9927819607915,0.4243599470490095,0.0,0.0,1.0,inf,777.0,inf,151.0,80.0,71.0,0.0,0.0,0.0,0.0,0.0,0.0
11.0,858.0,2428.0,1570.0,785.0,1.82983682983683,24.14172951611549,1830.9927819607915,0.4685982426873232,0.0,0.0,1.0,inf,858.0,inf,151.0,81.0,70.0,0.0,0.0,0.0,0.0,0.0,0.0
12.0,946.0,2668.0,1722.0,861.0,1.8202959830866807,24.34462791489844,1861.899155631794,0.5080833712924673,0.0,0.0,1.0,inf,946.0,inf,168.0,88.0,80.0,0.0,0.0,0.0,0.0,0.0,0.0
13.0,1029.0,2899.0,1870.0,935.0,1.8172983479105929,24.691656476687605,1915.3596103223879,0.5372359291980693,0.0,0.0,1.0,inf,1029.0,inf,175.0,83.0,92.0,0.0,0.0,0.0,0.0,0.0,0.0
14.0,1108.0,3118.0,2010.0,1005.0,1.8140794223826715,24.744483000607246,1923.5640033304144,0.5760141061496443,0.0,0.0,1.0,inf,1108.0,inf,179.0,79.0,100.0,0.0,0.0,0.0,0.0,0.0,0.0
15.0,1173.0,3297.0,2124.0,1062.0,1.8107416879795397,25.400747116252674,2026.949152598057,0.5787022326122481,0.0,0.0,1.0,inf,1173.0,inf,182.0,65.0,117.0,0.0,0.0,0.0,0.0,0.0,0.0
16.0,1261.0,3549.0,2288.0,1144.0,1.8144329896907216,25.400747116252674,2026.949152598057,0.6221172338653409,0.0,0.0,1.0,inf,1261.0,inf,201.0,88.0,113.0,0.0,0.0,0.0,0.0,0.0,0.0
17.0,1335.0,3763.0,2428.0,1214.0,1.8187265917602997,25.90608687166534,2108.40242836431,0.6331808302059715,0.0,0.0,1.0,inf,1335.0,inf,180.0,74.0,106.0,0.0,0.0,0.0,0.0,0.0,0.0
18.0,1408.0,3974.0,2566.0,1283.0,1.8224431818181819,26.499238495492303,2206.0566489459534,0.638242903088068,0.0,0.0,1.0,inf,1408.0,inf,190.0,73.0,117.0,0.0,0.0,0.0,0.0,0.0,0.0
19.0,1485.0,4199.0,2714.0,1357.0,1.8276094276094277,26.499238495492303,2206.0566489459534,0.6731468118506966,0.0,0.0,1.0,inf,1485.0,inf,190.0,77.0,113.0,0.0,0.0,0.0,0.0,0.0,0.0
20.0,1558.0,4404.0,2846.0,1423.0,1.8267008985879332,26.499238495492303,2206.0566489459534,0.7062375305477342,0.0,0.0,1.0,inf,1558.0,inf,187.0,73.0,114.0,0.0,0.0,0.0,0.0,0.0,0.0
21.0,1627.0,4605.0,2978.0,1489.0,1.830362630608482,27.22498700616763,2328.548215615367,0.6987186217958693,0.0,0.0,1.0,inf,1627.0,inf,188.0,69.0,119.0,0.0,0.0,0.0,0.0,0.0,0.0
22.0,1697.0,4801.0,3104.0,1552.0,1.8291101944608132,27.44677798700676,2366.642239421594,0.7170496544567488,0.0,0.0,1.0,inf,1697.0,inf,193.0,70.0,123.0,0.0,0.0,0.0,0.0,0.0,0.0
23.0,1795.0,5083.0,3288.0,1644.0,1.8317548746518106,28.829431251641292,2611.091085663665,0.6874520808008358,0.0,0.0,1.0,inf,1795.0,inf,181.0,98.0,83.0,0.0,0.0,0.0,0.0,0.0,0.0
24.0,1869.0,5287.0,3418.0,1709.0,1.828785446762975,28.829431251641292,2611.091085663665,0.7157927236862185,0.0,0.0,1.0,inf,1869.0,inf,160.0,74.0,86.0,0.0,0.0,0.0,0.0,0.0,0.0
25.0,1943.0,5499.0,3556.0,1778.0,1.8301595470921255,29.456966106677125,2726.000321928146,0.7127658732724151,0.0,0.0,1.0,inf,1943.0,inf,176.0,74.0,102.0,0.0,0.0,0.0,0.0,0.0,0.0
26.0,2024.0,5726.0,3702.0,1851.0,1.8290513833992095,29.456966106677125,2726.000321928146,0.7424797362343635,0.0,0.0,1.0,inf,2024.0,inf,173.0,81.0,92.0,0.0,0.0,0.0,0.0,0.0,0.0
27.0,2107.0,5953.0,3846.0,1923.0,1.825344091124822,30.09415982640464,2845.209950954096,0.7405428900926806,0.0,0.0,1.0,inf,2107.0,inf,166.0,83.0,83.0,0.0,0.0,0.0,0.0,0.0,0.0
28.0,2190.0,6182.0,3992.0,1996.0,1.8228310502283105,30.36493735412143,2896.6408538984033,0.7560481642218846,0.0,0.0,1.0,inf,2190.0,inf,175.0,83.0,92.0,0.0,0.0,0.0,0.0,0.0,0.0
29.0,2277.0,6431.0,4154.0,2077.0,1.8243302591128678,30.528086647872875,2927.851489481927,0.7777033801679972,0.0,0.0,1.0,inf,2277.0,inf,172.0,87.0,85.0,0.0,0.0,0.0,0.0,0.0,0.0
30.0,2357.0,6659.0,4302.0,2151.0,1.8252015273652948,30.53129092765934,2928.466146260845,0.8048582029911766,0.0,0.0,1.0,inf,2357.0,inf,184.0,80.0,104.0,0.0,0.0,0.0,0.0,0.0,0.0
31.0,2437.0,6875.0,4438.0,2219.0,1.8210915059499384,31.16083565256857,3050.4791736369093,0.7988908828033421,0.0,0.0,1.0,inf,2437.0,inf,188.0,80.0,108.0,0.0,0.0,0.0,0.0,0.0,0.0
32.0,2524.0,7128.0,4604.0,2302.0,1.8240887480190173,32.262984670914555,3270.0843582176917,0.7718455316472834,0.0,0.0,1.0,inf,2524.0,inf,176.0,87.0,89.0,0.0,0.0,0.0,0.0,0.0,0.0
33.0,2604.0,7358.0,4754.0,2377.0,1.825652841781874,32.262984670914555,3270.0843582176917,0.7963097323334097,0.0,0.0,1.0,inf,2604.0,inf,160.0,80.0,80.0,0.0,0.0,0.0,0.0,0.0,0.0
34.0,2696.0,7622.0,4926.0,2463.0,1.8271513353115727,33.10771162221486,3443.564326578427,0.7829097250170386,0.0,0.0,1.0,inf,2696.0,inf,180.0,92.0,88.0,0.0,0.0,0.0,0.0,0.0,0.0
35.0,2775.0,7845.0,5070.0,2535.0,1.827027027027027,33.10771162221486,3443.564326578427,0.8058510708168702,0.0,0.0,1.0,inf,2775.0,inf,159.0,79.0,80.0,0.0,0.0,0.0,0.0,0.0,0.0
36.0,2858.0,8082.0,5224.0,2612.0,1.827851644506648,33.10771162221486,3443.564326578427,0.8299540037458073,0.0,0.0,1.0,inf,2858.0,inf,179.0,83.0,96.0,0.0,0.0,0.0,0.0,0.0,0.0
37.0,2933.0,8279.0,5346.0,2673.0,1.8227071258097511,33.28718748858831,3481.0004306955598,0.8425738687466751,0.0,0.0,1.0,inf,2933.0,inf,183.0,75.0,108.0,0.0,0.0,0.0,0.0,0.0,0.0
38.0,3016.0,8516.0,5500.0,2750.0,1.823607427055703,33.45053957974262,3515.249279847555,0.8579761376498437,0.0,0.0,1.0,inf,3016.0,inf,189.0,83.0,106.0,0.0,0.0,0.0,0.0,0.0,0.0
39.0,3101.0,8769.0,5668.0,2834.0,1.8277974846823606,34.266154177304095,3688.7617163885852,0.8406615114830397,0.0,0.0,1.0,inf,3101.0,inf,183.0,85.0,98.0,0.0,0.0,0.0,0.0,0.0,0.0
40.0,3184.0,9004.0,5820.0,2910.0,1.8278894472361809,34.266154177304095,3688.7617163885852,0.8631622871854235,0.0,0.0,1.0,inf,3184.0,inf,188.0,83.0,105.0,0.0,0.0,0.0,0.0,0.0,0.0
41.0,3259.0,9211.0,5952.0,2976.0,1.826327094200675,34.78310843322057,3800.901840600105,0.8574280885626483,0.0,0.0,1.0,inf,3259.0,inf,183.0,75.0,108.0,0.0,0.0,0.0,0.0,0.0,0.0
42.0,3351.0,9471.0,6120.0,3060.0,1.8263205013428827,34.78310843322057,3800.901840600105,0.8816328704429072,0.0,0.0,1.0,inf,3351.0,inf,200.0,92.0,108.0,0.0,0.0,0.0,0.0,0.0,0.0
43.0,3432.0,9694.0,6262.0,3131.0,1.8245920745920745,35.28527252656094,3911.4413699195934,0.8774259091273432,0.0,0.0,1.0,inf,3432.0,inf,190.0,81.0,109.0,0.0,0.0,0.0,0.0,0.0,0.0
44.0,3505.0,9911.0,6406.0,3203.0,1.8276747503566333,35.28527252656094,3911.4413699195934,0.8960891059123945,0.0,0.0,1.0,inf,3505.0,inf,197.0,73.0,124.0,0.0,0.0,0.0,0.0,0.0,0.0
45.0,3583.0,10133.0,6550.0,3275.0,1.8280770304214347,35.28527252656094,3911.4413699195934,0.9160306038471069,0.0,0.0,1.0,inf,3583.0,inf,196.0,78.0,118.0,0.0,0.0,0.0,0.0,0.0,0.0
46.0,3671.0,10377.0,6706.0,3353.0,1.8267502043040043,35.28527252656094,3911.4413699195934,0.9385287040811413,0.0,0.0,1.0,inf,3671.0,inf,196.0,88.0,108.0,0.0,0.0,0.0,0.0,0.0,0.0
47.0,3745.0,10571.0,6826.0,3413.0,1.8226969292389854,35.70219693686346,4004.4212305193914,0.935216298289942,0.0,0.0,1.0,inf,3745.0,inf,190.0,74.0,116.0,0.0,0.0,0.0,0.0,0.0,0.0
48.0,3823.0,10791.0,6968.0,3484.0,1.8226523672508501,35.70219693686346,4004.4212305193914,0.9546947685881038,0.0,0.0,1.0,inf,3823.0,inf,205.0,78.0,127.0,0.0,0.0,0.0,0.0,0.0,0.0
49.0,3883.0,10963.0,7080.0,3540.0,1.8233324748905486,35.70219693686346,4004.4212305193914,0.9696782072789973,0.0,0.0,1.0,inf,3883.0,inf,194.0,60.0,134.0,0.0,0.0,0.0,0.0,0.0,0.0
50.0,3963.0,11187.0,7224.0,3612.0,1.8228614685844058,36.19924935466993,4116.697943478139,0.9626647508298164,0.0,0.0,1.0,inf,3963.0,inf,207.0,80.0,127.0,0.0,0.0,0.0,0.0,0.0,0.0
51.0,4034.0,11384.0,7350.0,3675.0,1.8220128904313337,36.19924935466993,4116.697943478139,0.9799115833579307,0.0,0.0,1.0,inf,4034.0,inf,196.0,71.0,125.0,0.0,0.0,0.0,0.0,0.0,0.0
52.0,4114.0,11622.0,7508.0,3754.0,1.8249878463782208,36.97148921512439,4294.214770303498,0.9580331259745629,0.0,0.0,1.0,inf,4114.0,inf,199.0,80.0,119.0,0.0,0.0,0.0,0.0,0.0,0.0
53.0,4181.0,11811.0,7630.0,3815.0,1.8249222674001435,36.97148921512439,4294.214770303498,0.9736355128098317,0.0,0.0,1.0,inf,4181.0,inf,196.0,67.0,129.0,0.0,0.0,0.0,0.0,0.0,0.0
54.0,4251.0,12005.0,7754.0,3877.0,1.8240414020230533,36.97148921512439,4294.214770303498,0.989936513981008,0.0,0.0,1.0,inf,4251.0,inf,206.0,70.0,136.0,0.0,0.0,0.0,0.0,0.0,0.0
55.0,4317.0,12185.0,7868.0,3934.0,1.822561964327079,36.97148921512439,4294.214770303498,1.0053060293709744,0.0,0.0,1.0,inf,4317.0,inf,204.0,66.0,138.0,0.0,0.0,0.0,0.0,0.0,0.0
56.0,4386.0,12384.0,7998.0,3999.0,1.8235294117647058,36.97148921512439,4294.214770303498,1.0213741590968481,0.0,0.0,1.0,inf,4386.0,inf,210.0,69.0,141.0,0.0,0.0,0.0,0.0,0.0,0.0
57.0,4461.0,12605.0,8144.0,4072.0,1.8255996413360234,37.08971593796129,4321.722598224194,1.0322272886818407,0.0,0.0,1.0,inf,4461.0,inf,205.0,75.0,130.0,0.0,0.0,0.0,0.0,0.0,0.0
58.0,4525.0,12789.0,8264.0,4132.0,1.8262983425414365,37.08971593796129,4321.722598224194,1.047036198449973,0.0,0.0,1.0,inf,4525.0,inf,205.0,64.0,141.0,0.0,0.0,0.0,0.0,0.0,0.0
59.0,4596.0,12986.0,8390.0,4195.0,1.8255004351610096,37.92664277959263,4518.961851220301,1.0170477537354947,0.0,0.0,1.0,inf,4596.0,inf,208.0,71.0,137.0,0.0,0.0,0.0,0.0,0.0,0.0
60.0,4663.0,13173.0,8510.0,4255.0,1.8250053613553507,37.92664277959263,4518.961851220301,1.0318741679000463,0.0,0.0,1.0,inf,4663.0,inf,199.0,67.0,132.0,0.0,0.0,0.0,0.0,0.0,0.0
61.0,4730.0,13368.0,8638.0,4319.0,1.826215644820296,37.92664277959263,4518.961851220301,1.0467005820645976,0.0,0.0,1.0,inf,4730.0,inf,201.0,67.0,134.0,0.0,0.0,0.0,0.0,0.0,0.0
62.0,4797.0,13561.0,8764.0,4382.0,1.8269751928288513,38.19764062937198,4583.771390651042,1.046518159649902,0.0,0.0,1.0,inf,4797.0,inf,201.0,67.0,134.0,0.0,0.0,0.0,0.0,0.0,0.0
63.0,4855.0,13723.0,8868.0,4434.0,1.8265705458290422,38.19764062937198,4583.771390651042,1.0591714957473992,0.0,0.0,1.0,inf,4855.0,inf,210.0,58.0,152.0,0.0,0.0,0.0,0.0,0.0,0.0
64.0,4941.0,13971.0,9030.0,4515.0,1.827565270188221,39.085612423876135,4799.364282601584,1.029511349641007,0.0,0.0,1.0,inf,4941.0,inf,206.0,86.0,120.0,0.0,0.0,0.0,0.0,0.0,0.0
65.0,5004.0,14148.0,9144.0,4572.0,1.8273381294964028,39.085612423876135,4799.364282601584,1.0426380881610198,0.0,0.0,1.0,inf,5004.0,inf,199.0,63.0,136.0,0.0,0.0,0.0,0.0,0.0,0.0
66.0,5093.0,14393.0,9300.0,4650.0,1.8260357353229923,39.12815555722577,4809.817802600256,1.0588758678648185,0.0,0.0,1.0,inf,5093.0,inf,205.0,89.0,116.0,0.0,0.0,0.0,0.0,0.0,0.0
67.0,5152.0,14560.0,9408.0,4704.0,1.826086956521739,39.12815555722577,4809.817802600256,1.0711424447750921,0.0,0.0,1.0,inf,5152.0,inf,195.0,59.0,136.0,0.0,0.0,0.0,0.0,0.0,0.0
68.0,5237.0,14803.0,9566.0,4783.0,1.8266182929157915,40.05669575071307,5040.8075404190895,1.0389208391726457,0.0,0.0,1.0,inf,5237.0,inf,211.0,85.0,126.0,0.0,0.0,0.0,0.0,0.0,0.0
69.0,5313.0,15021.0,9708.0,4854.0,1.8272162619988708,40.1068801717713,5053.446050318543,1.0513617731538059,0.0,0.0,1.0,inf,5313.0,inf,201.0,76.0,125.0,0.0,0.0,0.0,0.0,0.0,0.0
70.0,5391.0,15239.0,9848.0,4924.0,1.8267482841773326,40.1068801717713,5053.446050318543,1.0667967850691074,0.0,0.0,1.0,inf,5391.0,inf,202.0,78.0,124.0,0.0,0.0,0.0,0.0,0.0,0.0
71.0,5468.0,15454.0,9986.0,4993.0,1.8262618873445502,40.1068801717713,5053.446050318543,1.0820339122162639,0.0,0.0,1.0,inf,5468.0,inf,205.0,77.0,128.0,0.0,0.0,0.0,0.0,0.0,0.0
72.0,5529.0,15629.0,10100.0,5050.0,1.826731777898354,40.1068801717713,5053.446050318543,1.0941048830731024,0.0,0.0,1.0,inf,5529.0,inf,192.0,61.0,131.0,0.0,0.0,0.0,0.0,0.0,0.0
73.0,5598.0,15824.0,10226.0,5113.0,1.826723829939264,40.1068801717713,5053.446050318543,1.1077589320750998,0.0,0.0,1.0,inf,5598.0,inf,210.0,69.0,141.0,0.0,0.0,0.0,0.0,0.0,0.0
74.0,5660.0,15998.0,10338.0,5169.0,1.8265017667844523,40.67118814402253,5196.6514922863025,1.0891628981472923,0.0,0.0,1.0,inf,5660.0,inf,203.0,62.0,141.0,0.0,0.0,0.0,0.0,0.0,0.0
75.0,5743.0,16233.0,10490.0,5245.0,1.8265714783214348,40.67118814402253,5196.6514922863025,1.105134721565353,0.0,0.0,1.0,inf,5743.0,inf,209.0,83.0,126.0,0.0,0.0,0.0,0.0,0.0,0.0
76.0,5803.0,16397.0,10594.0,5297.0,1.8256074444252972,40.924269314239936,5261.526240933092,1.1029119183810974,0.0,0.0,1.0,inf,5803.0,inf,206.0,60.0,146.0,0.0,0.0,0.0,0.0,0.0,0.0
77.0,5880.0,16614.0,10734.0,5367.0,1.8255102040816327,40.924269314239936,5261.526240933092,1.1175464552956837,0.0,0.0,1.0,inf,5880.0,inf,212.0,77.0,135.0,0.0,0.0,0.0,0.0,0.0,0.0
78.0,5953.0,16819.0,10866.0,5433.0,1.825298168990425,41.210023409322396,5335.2600817944085,1.1157844057712416,0.0,0.0,1.0,inf,5953.0,inf,206.0,73.0,133.0,0.0,0.0,0.0,0.0,0.0,0.0
79.0,6023.0,17019.0,10996.0,5498.0,1.8256682716254358,41.210023409322396,5335.2600817944085,1.1289046658760604,0.0,0.0,1.0,inf,6023.0,inf,203.0,70.0,133.0,0.0,0.0,0.0,0.0,0.0,0.0
80.0,6106.0,17254.0,11148.0,5574.0,1.8257451686865378,41.493041050120326,5408.793538359926,1.1289023987873428,0.0,0.0,1.0,inf,6106.0,inf,201.0,83.0,118.0,0.0,0.0,0.0,0.0,0.0,0.0
81.0,6184.0,17480.0,11296.0,5648.0,1.8266494178525226,41.493041050120326,5408.793538359926,1.1433233596627788,0.0,0.0,1.0,inf,6184.0,inf,201.0,78.0,123.0,0.0,0.0,0.0,0.0,0.0,0.0
82.0,6256.0,17690.0,11434.0,5717.0,1.8276854219948848,41.493041050120326,5408.793538359926,1.156635015855489,0.0,0.0,1.0,inf,6256.0,inf,206.0,72.0,134.0,0.0,0.0,0.0,0.0,0.0,0.0
83.0,6338.0,17922.0,11584.0,5792.0,1.827705900915115,41.493041050120326,5408.793538359926,1.1717955131860758,0.0,0.0,1.0,inf,6338.0,inf,207.0,82.0,125.0,0.0,0.0,0.0,0.0,0.0,0.0
84.0,6403.0,18113.0,11710.0,5855.0,1.8288302358269561,42.29490729925948,5619.866869042432,1.1393508332504336,0.0,0.0,1.0,inf,6403.0,inf,207.0,65.0,142.0,0.0,0.0,0.0,0.0,0.0,0.0
85.0,6486.0,18356.0,11870.0,5935.0,1.830095590502621,42.29490729925948,5619.866869042432,1.1541198663848684,0.0,0.0,1.0,inf,6486.0,inf,205.0,83.0,122.0,0.0,0.0,0.0,0.0,0.0,0.0
86.0,6561.0,18575.0,12014.0,6007.0,1.8311233043743331,42.29490729925948,5619.866869042432,1.1674653782533335,0.0,0.0,1.0,inf,6561.0,inf,205.0,75.0,130.0,0.0,0.0,0.0,0.0,0.0,0.0
87.0,6632.0,18772.0,12140.0,6070.0,1.830518697225573,42.29490729925948,5619.866869042432,1.180099129488814,0.0,0.0,1.0,inf,6632.0,inf,210.0,71.0,139.0,0.0,0.0,0.0,0.0,0.0,0.0
88.0,6696.0,18948.0,12252.0,6126.0,1.8297491039426523,43.15745457096566,5851.423301284233,1.1443369681578848,0.0,0.0,1.0,inf,6696.0,inf,207.0,64.0,143.0,0.0,0.0,0.0,0.0,0.0,0.0
89.0,6773.0,19169.0,12396.0,6198.0,1.8302081795363945,43.15745457096566,5851.423301284233,1.1574961596973345,0.0,0.0,1.0,inf,6773.0,inf,209.0,77.0,132.0,0.0,0.0,0.0,0.0,0.0,0.0
90.0,6852.0,19400.0,12548.0,6274.0,1.831290134267367,43.15745457096566,5851.423301284233,1.1709971484196275,0.0,0.0,1.0,inf,6852.0,inf,206.0,79.0,127.0,0.0,0.0,0.0,0.0,0.0,0.0
91.0,6920.0,19592.0,12672.0,6336.0,1.83121387283237,43.15745457096566,5851.423301284233,1.1826182526362847,0.0,0.0,1.0,inf,6920.0,inf,200.0,68.0,132.0,0.0,0.0,0.0,0.0,0.0,0.0
92.0,6994.0,19796.0,12802.0,6401.0,1.8304260794967115,43.15745457096566,5851.423301284233,1.1952647484014702,0.0,0.0,1.0,inf,6994.0,inf,208.0,74.0,134.0,0.0,0.0,0.0,0.0,0.0,0.0
93.0,7069.0,19999.0,12930.0,6465.0,1.829113028716933,43.15745457096566,5851.423301284233,1.2080821427580775,0.0,0.0,1.0,inf,7069.0,inf,207.0,75.0,132.0,0.0,0.0,0.0,0.0,0.0,0.0
94.0,7140.0,20196.0,13056.0,6528.0,1.8285714285714285,43.15745457096566,5851.423301284233,1.220215942748999,0.0,0.0,1.0,inf,7140.0,inf,213.0,71.0,142.0,0.0,0.0,0.0,0.0,0.0,0.0
95.0,7207.0,20391.0,13184.0,6592.0,1.8293325933120577,43.15745457096566,5851.423301284233,1.2316661483742346,0.0,0.0,1.0,inf,7207.0,inf,208.0,67.0,141.0,0.0,0.0,0.0,0.0,0.0,0.0
96.0,7278.0,20590.0,13312.0,6656.0,1.82907392140698,43.15745457096566,5851.423301284233,1.243799948365156,0.0,0.0,1.0,inf,7278.0,inf,214.0,71.0,143.0,0.0,0.0,0.0,0.0,0.0,0.0
97.0,7353.0,20797.0,13444.0,6722.0,1.8283693730450157,43.15745457096566,5851.423301284233,1.256617342721763,0.0,0.0,1.0,inf,7353.0,inf,216.0,75.0,141.0,0.0,0.0,0.0,0.0,0.0,0.0
98.0,7413.0,20957.0,13544.0,6772.0,1.827060569270201,43.15745457096566,5851.423301284233,1.266871258207049,0.0,0.0,1.0,inf,7413.0,inf,213.0,60.0,153.0,0.0,0.0,0.0,0.0,0.0,0.0
99.0,7479.0,21137.0,13658.0,6829.0,1.8261799705843027,43.58545855774714,5968.059052341904,1.253171246196901,0.0,0.0,1.0,inf,7479.0,inf,213.0,66.0,147.0,0.0,0.0,0.0,0.0,0.0,0.0
100.0,7549.0,21339.0,13790.0,6895.0,1.8267320174857598,43.58545855774714,5968.059052341904,1.2649003526595006,0.0,0.0,1.0,inf,7549.0,inf,208.0,70.0,138.0,0.0,0.0,0.0,0.0,0.0,0.0
101.0,7605.0,21499.0,13894.0,6947.0,1.8269559500328731,43.58545855774714,5968.059052341904,1.2742836378295805,0.0,0.0,1.0,inf,7605.0,inf,210.0,56.0,154.0,0.0,0.0,0.0,0.0,0.0,0.0
102.0,7671.0,21683.0,14012.0,7006.0,1.8266197366705774,43.97133680223402,6074.201726361456,1.2628819959515982,0.0,0.0,1.0,inf,7671.0,inf,212.0,66.0,146.0,0.0,0.0,0.0,0.0,0.0,0.0
103.0,7752.0,21914.0,14162.0,7081.0,1.8268833849329205,43.97133680223402,6074.201726361456,1.2762170815560931,0.0,0.0,1.0,inf,7752.0,inf,208.0,81.0,127.0,0.0,0.0,0.0,0.0,0.0,0.0
104.0,7808.0,22070.0,14262.0,7131.0,1.8265881147540983,43.97133680223402,6074.201726361456,1.2854363999987068,0.0,0.0,1.0,inf,7808.0,inf,209.0,56.0,153.0,0.0,0.0,0.0,0.0,0.0,0.0
105.0,7881.0,22279.0,14398.0,7199.0,1.826925517066362,43.97133680223402,6074.201726361456,1.2974544401113997,0.0,0.0,1.0,inf,7881.0,inf,216.0,73.0,143.0,0.0,0.0,0.0,0.0,0.0,0.0
106.0,7938.0,22440.0,14502.0,7251.0,1.8269085411942554,44.485513192154905,6217.088974819792,1.2768033451266618,0.0,0.0,1.0,inf,7938.0,inf,209.0,57.0,152.0,0.0,0.0,0.0,0.0,0.0,0.0
107.0,8018.0,22672.0,14654.0,7327.0,1.827637814916438,44.485513192154905,6217.088974819792,1.2896711037069255,0.0,0.0,1.0,inf,8018.0,inf,211.0,80.0,131.0,0.0,0.0,0.0,0.0,0.0,0.0
108.0,8079.0,22843.0,14764.0,7382.0,1.827453892808516,44.485513192154905,6217.088974819792,1.2994827696243767,0.0,0.0,1.0,inf,8079.0,inf,210.0,61.0,149.0,0.0,0.0,0.0,0.0,0.0,0.0
109.0,8148.0,23030.0,14882.0,7441.0,1.8264604810996563,44.485513192154905,6217.088974819792,1.310581211399854,0.0,0.0,1.0,inf,8148.0,inf,215.0,69.0,146.0,0.0,0.0,0.0,0.0,0.0,0.0
110.0,8214.0,23218.0,15004.0,7502.0,1.82663744825907,44.959989524689675,6350.417457323515,1.2934582734442661,0.0,0.0,1.0,inf,8214.0,inf,211.0,66.0,145.0,0.0,0.0,0.0,0.0,0.0,0.0
111.0,8286.0,23422.0,15136.0,7568.0,1.8266956311851315,45.2657182828672,6437.077013941134,1.2872302105527944,0.0,0.0,1.0,inf,8286.0,inf,208.0,72.0,136.0,0.0,0.0,0.0,0.0,0.0,0.0
112.0,8347.0,23599.0,15252.0,7626.0,1.827243320953636,45.2657182828672,6437.077013941134,1.2967065613666637,0.0,0.0,1.0,inf,8347.0,inf,204.0,61.0,143.0,0.0,0.0,0.0,0.0,0.0,0.0
113.0,8419.0,23801.0,15382.0,7691.0,1.827057845349804,45.2657182828672,6437.077013941134,1.3078917623272963,0.0,0.0,1.0,inf,8419.0,inf,216.0,72.0,144.0,0.0,0.0,0.0,0.0,0.0,0.0
114.0,8483.0,23979.0,15496.0,7748.0,1.8267122480254627,45.2657182828672,6437.077013941134,1.3178341631811918,0.0,0.0,1.0,inf,8483.0,inf,217.0,64.0,153.0,0.0,0.0,0.0,0.0,0.0,0.0
115.0,8556.0,24192.0,15636.0,7818.0,1.8274894810659186,45.2657182828672,6437.077013941134,1.3291747141551664,0.0,0.0,1.0,inf,8556.0,inf,211.0,73.0,138.0,0.0,0.0,0.0,0.0,0.0,0.0
116.0,8622.0,24378.0,15756.0,7878.0,1.8274182324286707,45.2657182828672,6437.077013941134,1.3394278150357464,0.0,0.0,1.0,inf,8622.0,inf,207.0,66.0,141.0,0.0,0.0,0.0,0.0,0.0,0.0
117.0,8683.0,24539.0,15856.0,7928.0,1.8260969710929402,45.2657182828672,6437.077013941134,1.3489041658496155,0.0,0.0,1.0,inf,8683.0,inf,212.0,61.0,151.0,0.0,0.0,0.0,0.0,0.0,0.0
118.0,8746.0,24718.0,15972.0,7986.0,1.8262062657214726,45.382197284407255,6470.247767207865,1.3517256702789606,0.0,0.0,1.0,inf,8746.0,inf,219.0,63.0,156.0,0.0,0.0,0.0,0.0,0.0,0.0
119.0,8812.0,24904.0,16092.0,8046.0,1.8261461643213799,45.382197284407255,6470.247767207865,1.3619262070087128,0.0,0.0,1.0,inf,8812.0,inf,212.0,66.0,146.0,0.0,0.0,0.0,0.0,0.0,0.0
120.0,8874.0,25086.0,16212.0,8106.0,1.8269100743745774,45.78879099078308,6586.705193275218,1.3472593261134602,0.0,0.0,1.0,inf,8874.0,inf,216.0,62.0,154.0,0.0,0.0,0.0,0.0,0.0,0.0
121.0,8955.0,25321.0,16366.0,8183.0,1.8275823562255724,45.832019632599255,6599.147920872623,1.3569933735953983,0.0,0.0,1.0,inf,8955.0,inf,216.0,81.0,135.0,0.0,0.0,0.0,0.0,0.0,0.0
122.0,9015.0,25493.0,16478.0,8239.0,1.8278424847476429,45.832019632599255,6599.147920872623,1.3660854565005602,0.0,0.0,1.0,inf,9015.0,inf,211.0,60.0,151.0,0.0,0.0,0.0,0.0,0.0,0.0
123.0,9062.0,25626.0,16564.0,8282.0,1.8278525711763407,46.11685611694371,6681.427471853339,1.3562969946430208,0.0,0.0,1.0,inf,9062.0,inf,217.0,47.0,170.0,0.0,0.0,0.0,0.0,0.0,0.0
124.0,9120.0,25790.0,16670.0,8335.0,1.8278508771929824,46.11685611694371,6681.427471853339,1.364977774348306,0.0,0.0,1.0,inf,9120.0,inf,211.0,58.0,153.0,0.0,0.0,0.0,0.0,0.0,0.0
125.0,9175.0,25947.0,16772.0,8386.0,1.8280108991825612,46.11685611694371,6681.427471853339,1.3732095482067663,0.0,0.0,1.0,inf,9175.0,inf,210.0,55.0,155.0,0.0,0.0,0.0,0.0,0.0,0.0
126.0,9240.0,26126.0,16886.0,8443.0,1.8274891774891775,46.11685611694371,6681.427471853339,1.38293800822131,0.0,0.0,1.0,inf,9240.0,inf,213.0,65.0,148.0,0.0,0.0,0.0,0.0,0.0,0.0
127.0,9299.0,26299.0,17000.0,8500.0,1.8281535648994516,46.11685611694371,6681.427471853339,1.3917684565422037,0.0,0.0,1.0,inf,9299.0,inf,214.0,59.0,155.0,0.0,0.0,0.0,0.0,0.0,0.0
128.0,9370.0,26500.0,17130.0,8565.0,1.8281750266808965,46.60600683327094,6823.915835553801,1.3731118943731182,0.0,0.0,1.0,inf,9370.0,inf,215.0,71.0,144.0,0.0,0.0,0.0,0.0,0.0,0.0
129.0,9430.0,26670.0,17240.0,8620.0,1.8282078472958643,46.60600683327094,6823.915835553801,1.3819044998867134,0.0,0.0,1.0,inf,9430.0,inf,209.0,60.0,149.0,0.0,0.0,0.0,0.0,0.0,0.0
130.0,9505.0,26873.0,17368.0,8684.0,1.8272488164124145,47.34552567267855,7042.190326215549,1.3497221119708016,0.0,0.0,1.0,inf,9505.0,inf,209.0,75.0,134.0,0.0,0.0,0.0,0.0,0.0,0.0
131.0,9556.0,27014.0,17458.0,8729.0,1.8269150272080368,47.34552567267855,7042.190326215549,1.3569641769587566,0.0,0.0,1.0,inf,9556.0,inf,208.0,51.0,157.0,0.0,0.0,0.0,0.0,0.0,0.0
132.0,9615.0,27177.0,17562.0,8781.0,1.8265210608424336,47.34552567267855,7042.190326215549,1.3653422521409004,0.0,0.0,1.0,inf,9615.0,inf,216.0,59.0,157.0,0.0,0.0,0.0,0.0,0.0,0.0
133.0,9690.0,27386.0,17696.0,8848.0,1.8262125902992776,47.34552567267855,7042.190326215549,1.3759923477114222,0.0,0.0,1.0,inf,9690.0,inf,217.0,75.0,142.0,0.0,0.0,0.0,0.0,0.0,0.0
134.0,9761.0,27589.0,17828.0,8914.0,1.8264522077655978,47.34552567267855,7042.190326215549,1.3860744381848495,0.0,0.0,1.0,inf,9761.0,inf,212.0,71.0,141.0,0.0,0.0,0.0,0.0,0.0,0.0
135.0,9834.0,27800.0,17966.0,8983.0,1.8269269880008134,47.34552567267855,7042.190326215549,1.3964405312068242,0.0,0.0,1.0,inf,9834.0,inf,208.0,73.0,135.0,0.0,0.0,0.0,0.0,0.0,0.0
136.0,9904.0,27992.0,18088.0,9044.0,1.8263327948303716,47.34552567267855,7042.190326215549,1.4063806204059779,0.0,0.0,1.0,inf,9904.0,inf,210.0,70.0,140.0,0.0,0.0,0.0,0.0,0.0,0.0
137.0,9971.0,28183.0,18212.0,9106.0,1.8264968408384314,47.34552567267855,7042.190326215549,1.4158947057823108,0.0,0.0,1.0,inf,9971.0,inf,207.0,67.0,140.0,0.0,0.0,0.0,0.0,0.0,0.0
138.0,10032.0,28352.0,18320.0,9160.0,1.8261562998405103,47.34552567267855,7042.190326215549,1.4245567835130017,0.0,0.0,1.0,inf,10032.0,inf,216.0,61.0,155.0,0.0,0.0,0.0,0.0,0.0,0.0
139.0,10101.0,28549.0,18448.0,9224.0,1.8263538263538264,48.09769733041458,7267.72428033363,1.3898435893245398,0.0,0.0,1.0,inf,10101.0,inf,217.0,69.0,148.0,0.0,0.0,0.0,0.0,0.0,0.0
140.0,10166.0,28742.0,18576.0,9288.0,1.8272673617942161,48.09769733041458,7267.72428033363,1.3987872417654956,0.0,0.0,1.0,inf,10166.0,inf,209.0,65.0,144.0,0.0,0.0,0.0,0.0,0.0,0.0
141.0,10230.0,28926.0,18696.0,9348.0,1.8275659824046921,48.65316125147957,7436.5585315050575,1.3756363184207452,0.0,0.0,1.0,inf,10230.0,inf,206.0,64.0,142.0,0.0,0.0,0.0,0.0,0.0,0.0
142.0,10295.0,29111.0,18816.0,9408.0,1.8276833414278777,48.65316125147957,7436.5585315050575,1.3843769206394498,0.0,0.0,1.0,inf,10295.0,inf,211.0,65.0,146.0,0.0,0.0,0.0,0.0,0.0,0.0
143.0,10364.0,29308.0,18944.0,9472.0,1.8278656889231957,48.65316125147957,7436.5585315050575,1.393655406071613,0.0,0.0,1.0,inf,10364.0,inf,206.0,69.0,137.0,0.0,0.0,0.0,0.0,0.0,0.0
144.0,10428.0,29494.0,19066.0,9533.0,1.8283467587265056,48.65316125147957,7436.5585315050575,1.4022615374869531,0.0,0.0,1.0,inf,10428.0,inf,210.0,64.0,146.0,0.0,0.0,0.0,0.0,0.0,0.0
145.0,10482.0,29646.0,19164.0,9582.0,1.8282770463651974,48.65316125147957,7436.5585315050575,1.4095229608686461,0.0,0.0,1.0,inf,10482.0,inf,211.0,54.0,157.0,0.0,0.0,0.0,0.0,0.0,0.0
146.0,10555.0,29855.0,19300.0,9650.0,1.8285172903837044,48.65316125147957,7436.5585315050575,1.4193393295142682,0.0,0.0,1.0,inf,10555.0,inf,217.0,73.0,144.0,0.0,0.0,0.0,0.0,0.0,0.0
147.0,10623.0,30051.0,19428.0,9714.0,1.8288619034171139,48.65316125147957,7436.5585315050575,1.4284833441430669,0.0,0.0,1.0,inf,10623.0,inf,212.0,68.0,144.0,0.0,0.0,0.0,0.0,0.0,0.0
148.0,10688.0,30234.0,19546.0,9773.0,1.8287799401197604,48.65316125147957,7436.5585315050575,1.4372239463617715,0.0,0.0,1.0,inf,10688.0,inf,213.0,65.0,148.0,0.0,0.0,0.0,0.0,0.0,0.0
149.0,10753.0,30415.0,19662.0,9831.0,1.8285129731237795,48.65316125147957,7436.5585315050575,1.4459645485804762,0.0,0.0,1.0,inf,10753.0,inf,211.0,65.0,146.0,0.0,0.0,0.0,0.0,0.0,0.0
150.0,10827.0,30629.0,19802.0,9901.0,1.8289461531356794,48.65316125147957,7436.5585315050575,1.455915388029463,0.0,0.0,1.0,inf,10827.0,inf,215.0,74.0,141.0,0.0,0.0,0.0,0.0,0.0,0.0
151.0,10888.0,30796.0,19908.0,9954.0,1.828434974283615,48.65316125147957,7436.5585315050575,1.464118107034709,0.0,0.0,1.0,inf,10888.0,inf,214.0,61.0,153.0,0.0,0.0,0.0,0.0,0.0,0.0
152.0,10933.0,30921.0,19988.0,9994.0,1.828226470319217,48.65316125147957,7436.5585315050575,1.4701692931861199,0.0,0.0,1.0,inf,10933.0,inf,215.0,45.0,170.0,0.0,0.0,0.0,0.0,0.0,0.0
153.0,11001.0,31107.0,20106.0,10053.0,1.8276520316334879,48.65316125147957,7436.5585315050575,1.4793133078149185,0.0,0.0,1.0,inf,11001.0,inf,217.0,68.0,149.0,0.0,0.0,0.0,0.0,0.0,0.0
154.0,11067.0,31297.0,20230.0,10115.0,1.8279569892473118,48.65316125147957,7436.5585315050575,1.4881883808369878,0.0,0.0,1.0,inf,11067.0,inf,211.0,66.0,145.0,0.0,0.0,0.0,0.0,0.0,0.0
155.0,11125.0,31457.0,20332.0,10166.0,1.8275955056179776,48.65316125147957,7436.5585315050575,1.4959876874321396,0.0,0.0,1.0,inf,11125.0,inf,215.0,58.0,157.0,0.0,0.0,0.0,0.0,0.0,0.0
156.0,11192.0,31626.0,20434.0,10217.0,1.8257684060042887,48.65316125147957,7436.5585315050575,1.5049972312575737,0.0,0.0,1.0,inf,11192.0,inf,215.0,67.0,148.0,0.0,0.0,0.0,0.0,0.0,0.0
157.0,11232.0,31738.0,20506.0,10253.0,1.8256766381766383,48.73846522800085,7462.658547179024,1.505093651142036,0.0,0.0,1.0,inf,11232.0,inf,211.0,40.0,171.0,0.0,0.0,0.0,0.0,0.0,0.0
158.0,11288.0,31902.0,20614.0,10307.0,1.8261871013465627,48.73846522800085,7462.658547179024,1.5125976793172458,0.0,0.0,1.0,inf,11288.0,inf,218.0,56.0,162.0,0.0,0.0,0.0,0.0,0.0,0.0
159.0,11358.0,32104.0,20746.0,10373.0,1.8265539707695018,48.73846522800085,7462.658547179024,1.5219777145362576,0.0,0.0,1.0,inf,11358.0,inf,215.0,70.0,145.0,0.0,0.0,0.0,0.0,0.0,0.0
160.0,11412.0,32252.0,20840.0,10420.0,1.8261479144759902,48.79637094366705,7480.4017111084195,1.5255865180412898,0.0,0.0,1.0,inf,11412.0,inf,211.0,54.0,157.0,0.0,0.0,0.0,0.0,0.0,0.0
161.0,11470.0,32414.0,20944.0,10472.0,1.8259808195292067,48.79637094366705,7480.4017111084195,1.533340112332071,0.0,0.0,1.0,inf,11470.0,inf,216.0,58.0,158.0,0.0,0.0,0.0,0.0,0.0,0.0
162.0,11518.0,32546.0,21028.0,10514.0,1.8256641778086473,48.79637094366705,7480.4017111084195,1.5397568800209933,0.0,0.0,1.0,inf,11518.0,inf,213.0,48.0,165.0,0.0,0.0,0.0,0.0,0.0,0.0
163.0,11580.0,32726.0,21146.0,10573.0,1.8260794473229707,48.931475641895986,7521.881702131641,1.5395083914598553,0.0,0.0,1.0,inf,11580.0,inf,218.0,62.0,156.0,0.0,0.0,0.0,0.0,0.0,0.0
164.0,11638.0,32886.0,21248.0,10624.0,1.825743254854786,48.94206774904134,7525.1385505780445,1.5465495979613593,0.0,0.0,1.0,inf,11638.0,inf,216.0,58.0,158.0,0.0,0.0,0.0,0.0,0.0,0.0
165.0,11695.0,33049.0,21354.0,10677.0,1.8259085079093629,48.94206774904134,7525.1385505780445,1.5541242093278995,0.0,0.0,1.0,inf,11695.0,inf,215.0,57.0,158.0,0.0,0.0,0.0,0.0,0.0,0.0
166.0,11747.0,33199.0,21452.0,10726.0,1.8261683834170426,48.983696457074146,7537.945325434769,1.5583822239149052,0.0,0.0,1.0,inf,11747.0,inf,217.0,52.0,165.0,0.0,0.0,0.0,0.0,0.0,0.0
167.0,11802.0,33360.0,21558.0,10779.0,1.8266395526182002,49.28216433392026,7630.085733602326,1.5467716107074492,0.0,0.0,1.0,inf,11802.0,inf,219.0,55.0,164.0,0.0,0.0,0.0,0.0,0.0,0.0
168.0,11860.0,33526.0,21666.0,10833.0,1.8268128161888701,49.28216433392026,7630.085733602326,1.5543730980334136,0.0,0.0,1.0,inf,11860.0,inf,215.0,58.0,157.0,0.0,0.0,0.0,0.0,0.0,0.0
169.0,11921.0,33705.0,21784.0,10892.0,1.827363476218438,49.28216433392026,7630.085733602326,1.5623677657383073,0.0,0.0,1.0,inf,11921.0,inf,217.0,61.0,156.0,0.0,0.0,0.0,0.0,0.0,0.0
170.0,11973.0,33849.0,21876.0,10938.0,1.8271109997494361,49.28216433392026,7630.085733602326,1.5691828923064133,0.0,0.0,1.0,inf,11973.0,inf,215.0,52.0,163.0,0.0,0.0,0.0,0.0,0.0,0.0
171.0,12028.0,34010.0,21982.0,10991.0,1.8275690056534752,49.28216433392026,7630.085733602326,1.5763911992534485,0.0,0.0,1.0,inf,12028.0,inf,214.0,55.0,159.0,0.0,0.0,0.0,0.0,0.0,0.0
172.0,12082.0,34166.0,22084.0,11042.0,1.8278430723390167,49.976514091110694,7846.605050956077,1.5397741980817368,0.0,0.0,1.0,inf,12082.0,inf,218.0,54.0,164.0,0.0,0.0,0.0,0.0,0.0,0.0
173.0,12138.0,34326.0,22188.0,11094.0,1.8279782501235788,49.976514091110694,7846.605050956077,1.5469110425687902,0.0,0.0,1.0,inf,12138.0,inf,216.0,56.0,160.0,0.0,0.0,0.0,0.0,0.0,0.0
174.0,12189.0,34469.0,22280.0,11140.0,1.8278775945524652,49.976514091110694,7846.605050956077,1.5534106687980707,0.0,0.0,1.0,inf,12189.0,inf,215.0,51.0,164.0,0.0,0.0,0.0,0.0,0.0,0.0
175.0,12252.0,34648.0,22396.0,11198.0,1.8279464577211884,49.976514091110694,7846.605050956077,1.5614396188460056,0.0,0.0,1.0,inf,12252.0,inf,214.0,63.0,151.0,0.0,0.0,0.0,0.0,0.0,0.0
176.0,12313.0,34821.0,22508.0,11254.0,1.8279866807439291,49.976514091110694,7846.605050956077,1.5692136815908315,0.0,0.0,1.0,inf,12313.0,inf,216.0,61.0,155.0,0.0,0.0,0.0,0.0,0.0,0.0
177.0,12367.0,34977.0,22610.0,11305.0,1.8282526077464218,49.976514091110694,7846.605050956077,1.5760956387747758,0.0,0.0,1.0,inf,12367.0,inf,216.0,54.0,162.0,0.0,0.0,0.0,0.0,0.0,0.0
178.0,12426.0,35138.0,22712.0,11356.0,1.8277804603251246,49.976514091110694,7846.605050956077,1.5836148142164925,0.0,0.0,1.0,inf,12426.0,inf,217.0,59.0,158.0,0.0,0.0,0.0,0.0,0.0,0.0
179.0,12487.0,35317.0,22830.0,11415.0,1.8283014334908305,49.976514091110694,7846.605050956077,1.5913888769613183,0.0,0.0,1.0,inf,12487.0,inf,216.0,61.0,155.0,0.0,0.0,0.0,0.0,0.0,0.0
180.0,12545.0,35485.0,22940.0,11470.0,1.8286169788760462,49.976514091110694,7846.605050956077,1.5987806087514806,0.0,0.0,1.0,inf,12545.0,inf,217.0,58.0,159.0,0.0,0.0,0.0,0.0,0.0,0.0
181.0,12608.0,35666.0,23058.0,11529.0,1.8288388324873097,51.13942251112914,8216.020451409271,1.5345628792632064,0.0,0.0,1.0,inf,12608.0,inf,215.0,63.0,152.0,0.0,0.0,0.0,0.0,0.0,0.0
182.0,12676.0,35852.0,23176.0,11588.0,1.828337014831177,51.13942251112914,8216.020451409271,1.5428393922541566,0.0,0.0,1.0,inf,12676.0,inf,214.0,68.0,146.0,0.0,0.0,0.0,0.0,0.0,0.0
183.0,12738.0,36032.0,23294.0,11647.0,1.8287015230020411,51.2918427716024,8265.06888129682,1.5411849777592368,0.0,0.0,1.0,inf,12738.0,inf,214.0,62.0,152.0,0.0,0.0,0.0,0.0,0.0,0.0
184.0,12795.0,36199.0,23404.0,11702.0,1.8291520125048848,51.2918427716024,8265.06888129682,1.548081472007335,0.0,0.0,1.0,inf,12795.0,inf,215.0,57.0,158.0,0.0,0.0,0.0,0.0,0.0,0.0
185.0,12852.0,36360.0,23508.0,11754.0,1.8291316526610644,51.2918427716024,8265.06888129682,1.5549779662554335,0.0,0.0,1.0,inf,12852.0,inf,216.0,57.0,159.0,0.0,0.0,0.0,0.0,0.0,0.0
186.0,12925.0,36575.0,23650.0,11825.0,1.8297872340425532,51.2918427716024,8265.06888129682,1.5638103185380856,0.0,0.0,1.0,inf,12925.0,inf,217.0,73.0,144.0,0.0,0.0,0.0,0.0,0.0,0.0
187.0,12993.0,36765.0,23772.0,11886.0,1.8296005541445393,51.2918427716024,8265.06888129682,1.5720377151849398,0.0,0.0,1.0,inf,12993.0,inf,211.0,68.0,143.0,0.0,0.0,0.0,0.0,0.0,0.0
188.0,13046.0,36922.0,23876.0,11938.0,1.8301395063621033,51.2918427716024,8265.06888129682,1.5784502449243998,0.0,0.0,1.0,inf,13046.0,inf,213.0,53.0,160.0,0.0,0.0,0.0,0.0,0.0,0.0
189.0,13117.0,37123.0,24006.0,12003.0,1.83014408782496,51.51159717378788,8336.042198395637,1.5735285028336963,0.0,0.0,1.0,inf,13117.0,inf,212.0,71.0,141.0,0.0,0.0,0.0,0.0,0.0,0.0
190.0,13174.0,37282.0,24108.0,12054.0,1.8299681190223167,51.51159717378788,8336.042198395637,1.5803662801197769,0.0,0.0,1.0,inf,13174.0,inf,216.0,57.0,159.0,0.0,0.0,0.0,0.0,0.0,0.0
191.0,13231.0,37449.0,24218.0,12109.0,1.830398307006273,51.51159717378788,8336.042198395637,1.5872040574058577,0.0,0.0,1.0,inf,13231.0,inf,215.0,57.0,158.0,0.0,0.0,0.0,0.0,0.0,0.0
192.0,13289.0,37615.0,24326.0,12163.0,1.8305365339754684,51.51159717378788,8336.042198395637,1.5941617956969574,0.0,0.0,1.0,inf,13289.0,inf,213.0,58.0,155.0,0.0,0.0,0.0,0.0,0.0,0.0
193.0,13333.0,37743.0,24410.0,12205.0,1.8307957698942474,51.51159717378788,8336.042198395637,1.5994400799177915,0.0,0.0,1.0,inf,13333.0,inf,214.0,44.0,170.0,0.0,0.0,0.0,0.0,0.0,0.0
194.0,13396.0,37922.0,24526.0,12263.0,1.8308450283666766,51.6150554219098,8369.56080172946,1.6005618833943942,0.0,0.0,1.0,inf,13396.0,inf,216.0,63.0,153.0,0.0,0.0,0.0,0.0,0.0,0.0
195.0,13463.0,38117.0,24654.0,12327.0,1.8312411795290797,51.6150554219098,8369.56080172946,1.6085670824230165,0.0,0.0,1.0,inf,13463.0,inf,217.0,67.0,150.0,0.0,0.0,0.0,0.0,0.0,0.0
196.0,13514.0,38266.0,24752.0,12376.0,1.8315820630457305,51.6150554219098,8369.56080172946,1.6146605921313708,0.0,0.0,1.0,inf,13514.0,inf,216.0,51.0,165.0,0.0,0.0,0.0,0.0,0.0,0.0
197.0,13581.0,38457.0,24876.0,12438.0,1.8316766070245196,51.6150554219098,8369.56080172946,1.622665791159993,0.0,0.0,1.0,inf,13581.0,inf,215.0,67.0,148.0,0.0,0.0,0.0,0.0,0.0,0.0
198.0,13629.0,38597.0,24968.0,12484.0,1.831975933670849,51.6150554219098,8369.56080172946,1.628400859120797,0.0,0.0,1.0,inf,13629.0,inf,215.0,48.0,167.0,0.0,0.0,0.0,0.0,0.0,0.0
199.0,13678.0,38734.0,25056.0,12528.0,1.831846761222401,51.6150554219098,8369.56080172946,1.6342554076641178,0.0,0.0,1.0,inf,13678.0,inf,217.0,49.0,168.0,0.0,0.0,0.0,0.0,0.0,0.0
200.0,13732.0,38894.0,25162.0,12581.0,1.8323623652781824,51.6150554219098,8369.56080172946,1.6407073591200225,0.0,0.0,1.0,inf,13732.0,inf,218.0,54.0,164.0,0.0,0.0,0.0,0.0,0.0,0.0
201.0,13795.0,39079.0,25284.0,12642.0,1.8328379847770933,51.6150554219098,8369.56080172946,1.6482346358185778,0.0,0.0,1.0,inf,13795.0,inf,218.0,63.0,155.0,0.0,0.0,0.0,0.0,0.0,0.0
202.0,13859.0,39259.0,25400.0,12700.0,1.8327440652283715,51.6150554219098,8369.56080172946,1.6558813930996499,0.0,0.0,1.0,inf,13859.0,inf,216.0,64.0,152.0,0.0,0.0,0.0,0.0,0.0,0.0
203.0,13918.0,39430.0,25512.0,12756.0,1.833021985917517,52.34715019701691,8608.66800777546,1.6167425654502046,0.0,0.0,1.0,inf,13918.0,inf,216.0,59.0,157.0,0.0,0.0,0.0,0.0,0.0,0.0
204.0,13970.0,39582.0,25612.0,12806.0,1.8333571939871152,52.34715019701691,8608.66800777546,1.622782988887725,0.0,0.0,1.0,inf,13970.0,inf,212.0,52.0,160.0,0.0,0.0,0.0,0.0,0.0,0.0
205.0,14038.0,39772.0,25734.0,12867.0,1.8331671178230518,52.34715019701691,8608.66800777546,1.630682004152175,0.0,0.0,1.0,inf,14038.0,inf,214.0,68.0,146.0,0.0,0.0,0.0,0.0,0.0,0.0
206.0,14097.0,39943.0,25846.0,12923.0,1.83343973895155,52.34715019701691,8608.66800777546,1.637535561513977,0.0,0.0,1.0,inf,14097.0,inf,211.0,59.0,152.0,0.0,0.0,0.0,0.0,0.0,0.0
207.0,14149.0,40091.0,25942.0,12971.0,1.833486465474592,52.34715019701691,8608.66800777546,1.6435759849514977,0.0,0.0,1.0,inf,14149.0,inf,216.0,52.0,164.0,0.0,0.0,0.0,0.0,0.0,0.0
208.0,14205.0,40255.0,26050.0,13025.0,1.833861316437874,52.34715019701691,8608.66800777546,1.6500810563457504,0.0,0.0,1.0,inf,14205.0,inf,218.0,56.0,162.0,0.0,0.0,0.0,0.0,0.0,0.0
209.0,14266.0,40428.0,26162.0,13081.0,1.8338707416234403,52.438185404811954,8638.636146417812,1.6514180894070518,0.0,0.0,1.0,inf,14266.0,inf,216.0,61.0,155.0,0.0,0.0,0.0,0.0,0.0,0.0
210.0,14320.0,40580.0,26260.0,13130.0,1.8337988826815643,52.438185404811954,8638.636146417812,1.6576690761467112,0.0,0.0,1.0,inf,14320.0,inf,216.0,54.0,162.0,0.0,0.0,0.0,0.0,0.0,0.0
211.0,14367.0,40715.0,26348.0,13174.0,1.8339249669381221,52.438185404811954,8638.636146417812,1.663109749790489,0.0,0.0,1.0,inf,14367.0,inf,213.0,47.0,166.0,0.0,0.0,0.0,0.0,0.0,0.0
212.0,14425.0,40883.0,26458.0,13229.0,1.8341767764298094,52.96541483994995,8813.220358315239,1.6367456404729595,0.0,0.0,1.0,inf,14425.0,inf,215.0,58.0,157.0,0.0,0.0,0.0,0.0,0.0,0.0
213.0,14477.0,41031.0,26554.0,13277.0,1.8342197969192513,52.96541483994995,8813.220358315239,1.642645867391822,0.0,0.0,1.0,inf,14477.0,inf,213.0,52.0,161.0,0.0,0.0,0.0,0.0,0.0,0.0
214.0,14538.0,41196.0,26658.0,13329.0,1.8336772595955426,52.96541483994995,8813.220358315239,1.649567287431257,0.0,0.0,1.0,inf,14538.0,inf,219.0,61.0,158.0,0.0,0.0,0.0,0.0,0.0,0.0
215.0,14595.0,41361.0,26766.0,13383.0,1.8339157245632065,52.96541483994995,8813.220358315239,1.6560348438615489,0.0,0.0,1.0,inf,14595.0,inf,217.0,57.0,160.0,0.0,0.0,0.0,0.0,0.0,0.0
216.0,14657.0,41533.0,26876.0,13438.0,1.8336630961315412,52.96541483994995,8813.220358315239,1.6630697298032697,0.0,0.0,1.0,inf,14657.0,inf,213.0,62.0,151.0,0.0,0.0,0.0,0.0,0.0,0.0
217.0,14715.0,41703.0,26988.0,13494.0,1.8340468909276249,53.925602138422946,9135.658966974202,1.6107212466222036,0.0,0.0,1.0,inf,14715.0,inf,210.0,58.0,152.0,0.0,0.0,0.0,0.0,0.0,0.0
218.0,14777.0,41881.0,27104.0,13552.0,1.8342018000947418,53.925602138422946,9135.658966974202,1.6175078397102483,0.0,0.0,1.0,inf,14777.0,inf,212.0,62.0,150.0,0.0,0.0,0.0,0.0,0.0,0.0
219.0,14838.0,42052.0,27214.0,13607.0,1.8340746731365414,53.925602138422946,9135.658966974202,1.6241849716194534,0.0,0.0,1.0,inf,14838.0,inf,212.0,61.0,151.0,0.0,0.0,0.0,0.0,0.0,0.0
220.0,14890.0,42204.0,27314.0,13657.0,1.8343854936198791,53.925602138422946,9135.658966974202,1.6298769529191037,0.0,0.0,1.0,inf,14890.0,inf,215.0,52.0,163.0,0.0,0.0,0.0,0.0,0.0,0.0
221.0,14945.0,42363.0,27418.0,13709.0,1.8345935095349615,53.925602138422946,9135.658966974202,1.6358973177552723,0.0,0.0,1.0,inf,14945.0,inf,216.0,55.0,161.0,0.0,0.0,0.0,0.0,0.0,0.0
222.0,15000.0,42520.0,27520.0,13760.0,1.8346666666666667,53.925602138422946,9135.658966974202,1.641917682591441,0.0,0.0,1.0,inf,15000.0,inf,215.0,55.0,160.0,0.0,0.0,0.0,0.0,0.0,0.0
223.0,15064.0,42700.0,27636.0,13818.0,1.8345724907063197,53.925602138422946,9135.658966974202,1.6489231980371644,0.0,0.0,1.0,inf,15064.0,inf,216.0,64.0,152.0,0.0,0.0,0.0,0.0,0.0,0.0
224.0,15122.0,42860.0,27738.0,13869.0,1.83428117973813,53.925602138422946,9135.658966974202,1.6552719464098513,0.0,0.0,1.0,inf,15122.0,inf,215.0,58.0,157.0,0.0,0.0,0.0,0.0,0.0,0.0
225.0,15173.0,43007.0,27834.0,13917.0,1.8344427601660844,53.925602138422946,9135.658966974202,1.6608544665306622,0.0,0.0,1.0,inf,15173.0,inf,214.0,51.0,163.0,0.0,0.0,0.0,0.0,0.0,0.0
226.0,15236.0,43184.0,27948.0,13974.0,1.8343397217117354,53.925602138422946,9135.658966974202,1.6677505207975463,0.0,0.0,1.0,inf,15236.0,inf,214.0,63.0,151.0,0.0,0.0,0.0,0.0,0.0,0.0
227.0,15290.0,43346.0,28056.0,14028.0,1.834924787442773,53.925602138422946,9135.658966974202,1.6736614244548755,0.0,0.0,1.0,inf,15290.0,inf,212.0,54.0,158.0,0.0,0.0,0.0,0.0,0.0,0.0
228.0,15348.0,43512.0,28164.0,14082.0,1.835027365129007,53.925602138422946,9135.658966974202,1.6800101728275625,0.0,0.0,1.0,inf,15348.0,inf,214.0,58.0,156.0,0.0,0.0,0.0,0.0,0.0,0.0
229.0,15406.0,43670.0,28264.0,14132.0,1.8346098922497729,53.925602138422946,9135.658966974202,1.6863589212002492,0.0,0.0,1.0,inf,15406.0,inf,217.0,58.0,159.0,0.0,0.0,0.0,0.0,0.0,0.0
230.0,15455.0,43807.0,28352.0,14176.0,1.8344872209640892,53.96497400651396,9149.003992424621,1.6892549192017783,0.0,0.0,1.0,inf,15455.0,inf,216.0,49.0,167.0,0.0,0.0,0.0,0.0,0.0,0.0
231.0,15504.0,43946.0,28442.0,14221.0,1.8344943240454077,53.96497400651396,9149.003992424621,1.69461069345224,0.0,0.0,1.0,inf,15504.0,inf,219.0,49.0,170.0,0.0,0.0,0.0,0.0,0.0,0.0
232.0,15555.0,44089.0,28534.0,14267.0,1.8343940855030536,54.884141982154695,9463.322290210128,1.6437144929631906,0.0,0.0,1.0,inf,15555.0,inf,215.0,51.0,164.0,0.0,0.0,0.0,0.0,0.0,0.0
233.0,15620.0,44280.0,28660.0,14330.0,1.8348271446862996,54.884141982154695,9463.322290210128,1.6505831166882055,0.0,0.0,1.0,inf,15620.0,inf,213.0,65.0,148.0,0.0,0.0,0.0,0.0,0.0,0.0
234.0,15685.0,44467.0,28782.0,14391.0,1.8350015938795028,54.884141982154695,9463.322290210128,1.6574517404132205,0.0,0.0,1.0,inf,15685.0,inf,217.0,65.0,152.0,0.0,0.0,0.0,0.0,0.0,0.0
235.0,15742.0,44634.0,28892.0,14446.0,1.8353449371109134,54.884141982154695,9463.322290210128,1.6634749950643875,0.0,0.0,1.0,inf,15742.0,inf,217.0,57.0,160.0,0.0,0.0,0.0,0.0,0.0,0.0
236.0,15809.0,44823.0,29014.0,14507.0,1.8352836991587071,55.034826653356305,9515.35681495027,1.6614195670688177,0.0,0.0,1.0,inf,15809.0,inf,216.0,67.0,149.0,0.0,0.0,0.0,0.0,0.0,0.0
237.0,15861.0,44967.0,29106.0,14553.0,1.8350671458293928,55.034826653356305,9515.35681495027,1.666884417311564,0.0,0.0,1.0,inf,15861.0,inf,215.0,52.0,163.0,0.0,0.0,0.0,0.0,0.0,0.0
238.0,15912.0,45112.0,29200.0,14600.0,1.8350930115635997,55.034826653356305,9515.35681495027,1.6722441742804115,0.0,0.0,1.0,inf,15912.0,inf,215.0,51.0,164.0,0.0,0.0,0.0,0.0,0.0,0.0
239.0,15966.0,45264.0,29298.0,14649.0,1.8350244269071778,55.034826653356305,9515.35681495027,1.6779192110709558,0.0,0.0,1.0,inf,15966.0,inf,215.0,54.0,161.0,0.0,0.0,0.0,0.0,0.0,0.0
240.0,16036.0,45470.0,29434.0,14717.0,1.8354951359441256,55.034826653356305,9515.35681495027,1.6852757402438838,0.0,0.0,1.0,inf,16036.0,inf,216.0,70.0,146.0,0.0,0.0,0.0,0.0,0.0,0.0
241.0,16092.0,45628.0,29536.0,14768.0,1.835446184439473,55.034826653356305,9515.35681495027,1.691160963582226,0.0,0.0,1.0,inf,16092.0,inf,208.0,56.0,152.0,0.0,0.0,0.0,0.0,0.0,0.0
242.0,16152.0,45796.0,29644.0,14822.0,1.83531451213472,55.034826653356305,9515.35681495027,1.6974665600161642,0.0,0.0,1.0,inf,16152.0,inf,215.0,60.0,155.0,0.0,0.0,0.0,0.0,0.0,0.0
243.0,16202.0,45934.0,29732.0,14866.0,1.8350820886310333,55.034826653356305,9515.35681495027,1.7027212237111127,0.0,0.0,1.0,inf,16202.0,inf,214.0,50.0,164.0,0.0,0.0,0.0,0.0,0.0,0.0
244.0,16267.0,46113.0,29846.0,14923.0,1.8347574844777772,55.034826653356305,9515.35681495027,1.7095522865145458,0.0,0.0,1.0,inf,16267.0,inf,217.0,65.0,152.0,0.0,0.0,0.0,0.0,0.0,0.0
245.0,16320.0,46262.0,29942.0,14971.0,1.8346813725490196,55.034826653356305,9515.35681495027,1.7151222300311912,0.0,0.0,1.0,inf,16320.0,inf,217.0,53.0,164.0,0.0,0.0,0.0,0.0,0.0,0.0
246.0,16383.0,46443.0,30060.0,15030.0,1.8348287859366417,55.034826653356305,9515.35681495027,1.7217431062868263,0.0,0.0,1.0,inf,16383.0,inf,214.0,63.0,151.0,0.0,0.0,0.0,0.0,0.0,0.0
247.0,16436.0,46594.0,30158.0,15079.0,1.834874665368703,55.034826653356305,9515.35681495027,1.7273130498034717,0.0,0.0,1.0,inf,16436.0,inf,217.0,53.0,164.0,0.0,0.0,0.0,0.0,0.0,0.0
248.0,16490.0,46744.0,30254.0,15127.0,1.8346876895087931,55.034826653356305,9515.35681495027,1.7329880865940162,0.0,0.0,1.0,inf,16490.0,inf,213.0,54.0,159.0,0.0,0.0,0.0,0.0,0.0,0.0
249.0,16531.0,46861.0,30330.0,15165.0,1.834734740790031,55.034826653356305,9515.35681495027,1.7372969108238738,0.0,0.0,1.0,inf,16531.0,inf,217.0,41.0,176.0,0.0,0.0,0.0,0.0,0.0,0.0
250.0,16593.0,47035.0,30442.0,15221.0,1.8346290604471764,55.034826653356305,9515.35681495027,1.74381269380561,0.0,0.0,1.0,inf,16593.0,inf,216.0,62.0,154.0,0.0,0.0,0.0,0.0,0.0,0.0
251.0,16646.0,47186.0,30540.0,15270.0,1.8346749969962755,55.6416621506135,9726.353786873593,1.711432707955263,0.0,0.0,1.0,inf,16646.0,inf,216.0,53.0,163.0,0.0,0.0,0.0,0.0,0.0,0.0
252.0,16694.0,47320.0,30626.0,15313.0,1.8345513358092729,55.6416621506135,9726.353786873593,1.716367753610787,0.0,0.0,1.0,inf,16694.0,inf,213.0,48.0,165.0,0.0,0.0,0.0,0.0,0.0,0.0
253.0,16760.0,47502.0,30742.0,15371.0,1.8342482100238664,55.6416621506135,9726.353786873593,1.7231534413871326,0.0,0.0,1.0,inf,16760.0,inf,218.0,66.0,152.0,0.0,0.0,0.0,0.0,0.0,0.0
254.0,16813.0,47651.0,30838.0,15419.0,1.83417593528817,55.6416621506135,9726.353786873593,1.7286025542984402,0.0,0.0,1.0,inf,16813.0,inf,211.0,53.0,158.0,0.0,0.0,0.0,0.0,0.0,0.0
255.0,16872.0,47818.0,30946.0,15473.0,1.8341631104789,55.6416621506135,9726.353786873593,1.7346685479166886,0.0,0.0,1.0,inf,16872.0,inf,215.0,59.0,156.0,0.0,0.0,0.0,0.0,0.0,0.0
256.0,16927.0,47967.0,31040.0,15520.0,1.8337567200330833,55.6416621506135,9726.353786873593,1.7403232877303099,0.0,0.0,1.0,inf,16927.0,inf,213.0,55.0,158.0,0.0,0.0,0.0,0.0,0.0,0.0
257.0,16981.0,48119.0,31138.0,15569.0,1.833696484305989,55.6416621506135,9726.353786873593,1.7458752140927742,0.0,0.0,1.0,inf,16981.0,inf,217.0,54.0,163.0,0.0,0.0,0.0,0.0,0.0,0.0
258.0,17045.0,48301.0,31256.0,15628.0,1.8337342329128776,56.592074510004075,10061.462230226332,1.6940877588144136,0.0,0.0,1.0,inf,17045.0,inf,217.0,64.0,153.0,0.0,0.0,0.0,0.0,0.0,0.0
259.0,17101.0,48465.0,31364.0,15682.0,1.8340447927021812,56.592074510004075,10061.462230226332,1.6996535502191428,0.0,0.0,1.0,inf,17101.0,inf,211.0,56.0,155.0,0.0,0.0,0.0,0.0,0.0,0.0
260.0,17154.0,48614.0,31460.0,15730.0,1.8339745831875947,56.592074510004075,10061.462230226332,1.70492117422719,0.0,0.0,1.0,inf,17154.0,inf,217.0,53.0,164.0,0.0,0.0,0.0,0.0,0.0,0.0
261.0,17222.0,48806.0,31584.0,15792.0,1.8339333410753687,56.592074510004075,10061.462230226332,1.7116796352186467,0.0,0.0,1.0,inf,17222.0,inf,214.0,68.0,146.0,0.0,0.0,0.0,0.0,0.0,0.0
262.0,17284.0,48988.0,31704.0,15852.0,1.8342976162925249,56.592074510004075,10061.462230226332,1.7178417614167396,0.0,0.0,1.0,inf,17284.0,inf,216.0,62.0,154.0,0.0,0.0,0.0,0.0,0.0,0.0
263.0,17348.0,49158.0,31810.0,15905.0,1.8336407655061102,56.592074510004075,10061.462230226332,1.724202665879287,0.0,0.0,1.0,inf,17348.0,inf,217.0,64.0,153.0,0.0,0.0,0.0,0.0,0.0,0.0
264.0,17403.0,49315.0,31912.0,15956.0,1.8337068321553756,56.592074510004075,10061.462230226332,1.729669068151789,0.0,0.0,1.0,inf,17403.0,inf,219.0,55.0,164.0,0.0,0.0,0.0,0.0,0.0,0.0
265.0,17459.0,49467.0,32008.0,16004.0,1.8333237871584855,56.592074510004075,10061.462230226332,1.735234859556518,0.0,0.0,1.0,inf,17459.0,inf,217.0,56.0,161.0,0.0,0.0,0.0,0.0,0.0,0.0
266.0,17507.0,49605.0,32098.0,16049.0,1.8334380533500885,56.592074510004075,10061.462230226332,1.7400055379034287,0.0,0.0,1.0,inf,17507.0,inf,218.0,48.0,170.0,0.0,0.0,0.0,0.0,0.0,0.0
267.0,17566.0,49778.0,32212.0,16106.0,1.8337697825344415,56.592074510004075,10061.462230226332,1.7458694967048396,0.0,0.0,1.0,inf,17566.0,inf,215.0,59.0,156.0,0.0,0.0,0.0,0.0,0.0,0.0
268.0,17631.0,49959.0,32328.0,16164.0,1.833588565594691,57.10954829744038,10246.306031646467,1.7207176855293376,0.0,0.0,1.0,inf,17631.0,inf,217.0,65.0,152.0,0.0,0.0,0.0,0.0,0.0,0.0
269.0,17689.0,50121.0,32432.0,16216.0,1.8334558200011306,57.10954829744038,10246.306031646467,1.7263782621138024,0.0,0.0,1.0,inf,17689.0,inf,212.0,58.0,154.0,0.0,0.0,0.0,0.0,0.0,0.0
270.0,17749.0,50287.0,32538.0,16269.0,1.8332300411290776,57.10954829744038,10246.306031646467,1.7322340309942834,0.0,0.0,1.0,inf,17749.0,inf,217.0,60.0,157.0,0.0,0.0,0.0,0.0,0.0,0.0
271.0,17798.0,50426.0,32628.0,16314.0,1.8332396898527925,57.10954829744038,10246.306031646467,1.7370162422466764,0.0,0.0,1.0,inf,17798.0,inf,217.0,49.0,168.0,0.0,0.0,0.0,0.0,0.0,0.0
272.0,17866.0,50614.0,32748.0,16374.0,1.832978842494123,57.10954829744038,10246.306031646467,1.7436527803112214,0.0,0.0,1.0,inf,17866.0,inf,215.0,68.0,147.0,0.0,0.0,0.0,0.0,0.0,0.0
273.0,17926.0,50784.0,32858.0,16429.0,1.8329800290081446,57.10954829744038,10246.306031646467,1.7495085491917024,0.0,0.0,1.0,inf,17926.0,inf,219.0,60.0,159.0,0.0,0.0,0.0,0.0,0.0,0.0
274.0,17991.0,50971.0,32980.0,16490.0,1.8331387916180313,57.10954829744038,10246.306031646467,1.7558522988122234,0.0,0.0,1.0,inf,17991.0,inf,214.0,65.0,149.0,0.0,0.0,0.0,0.0,0.0,0.0
275.0,18054.0,51148.0,33094.0,16547.0,1.8330563863963665,57.10954829744038,10246.306031646467,1.7620008561367284,0.0,0.0,1.0,inf,18054.0,inf,216.0,63.0,153.0,0.0,0.0,0.0,0.0,0.0,0.0
276.0,18098.0,51272.0,33174.0,16587.0,1.833020223229086,57.10954829744038,10246.306031646467,1.7662950866490812,0.0,0.0,1.0,inf,18098.0,inf,216.0,44.0,172.0,0.0,0.0,0.0,0.0,0.0,0.0
277.0,18148.0,51420.0,33272.0,16636.0,1.8333700683270884,57.15507409180497,10262.648557995262,1.7683544259986905,0.0,0.0,1.0,inf,18148.0,inf,215.0,50.0,165.0,0.0,0.0,0.0,0.0,0.0,0.0
278.0,18199.0,51563.0,33364.0,16682.0,1.8332875432716083,57.15507409180497,10262.648557995262,1.7733239033915675,0.0,0.0,1.0,inf,18199.0,inf,217.0,51.0,166.0,0.0,0.0,0.0,0.0,0.0,0.0
279.0,18259.0,51725.0,33466.0,16733.0,1.832849553644778,57.15507409180497,10262.648557995262,1.7791703473831877,0.0,0.0,1.0,inf,18259.0,inf,215.0,60.0,155.0,0.0,0.0,0.0,0.0,0.0,0.0
280.0,18322.0,51910.0,33588.0,16794.0,1.8332059818797075,57.15507409180497,10262.648557995262,1.7853091135743886,0.0,0.0,1.0,inf,18322.0,inf,217.0,63.0,154.0,0.0,0.0,0.0,0.0,0.0,0.0
281.0,18372.0,52046.0,33674.0,16837.0,1.8328978880905726,57.15507409180497,10262.648557995262,1.790181150234072,0.0,0.0,1.0,inf,18372.0,inf,217.0,50.0,167.0,0.0,0.0,0.0,0.0,0.0,0.0
282.0,18427.0,52201.0,33774.0,16887.0,1.8328539642915287,57.471727115263505,10376.67870517907,1.7758090544716354,0.0,0.0,1.0,inf,18427.0,inf,218.0,55.0,163.0,0.0,0.0,0.0,0.0,0.0,0.0
283.0,18487.0,52371.0,33884.0,16942.0,1.8328555200952021,57.471727115263505,10376.67870517907,1.7815912514254695,0.0,0.0,1.0,inf,18487.0,inf,218.0,60.0,158.0,0.0,0.0,0.0,0.0,0.0,0.0
284.0,18544.0,52532.0,33988.0,16994.0,1.832830025884383,57.471727115263505,10376.67870517907,1.7870843385316117,0.0,0.0,1.0,inf,18544.0,inf,217.0,57.0,160.0,0.0,0.0,0.0,0.0,0.0,0.0
285.0,18597.0,52681.0,34084.0,17042.0,1.8327687261386245,57.471727115263505,10376.67870517907,1.7921919458408317,0.0,0.0,1.0,inf,18597.0,inf,215.0,53.0,162.0,0.0,0.0,0.0,0.0,0.0,0.0
286.0,18654.0,52844.0,34190.0,17095.0,1.8328508630856652,57.53214996429839,10398.50919868499,1.7939109966223823,0.0,0.0,1.0,inf,18654.0,inf,215.0,57.0,158.0,0.0,0.0,0.0,0.0,0.0,0.0
287.0,18717.0,53015.0,34298.0,17149.0,1.8324517818026393,57.53214996429839,10398.50919868499,1.7999695574022263,0.0,0.0,1.0,inf,18717.0,inf,216.0,63.0,153.0,0.0,0.0,0.0,0.0,0.0,0.0
288.0,18772.0,53178.0,34406.0,17203.0,1.8328361389303218,57.53214996429839,10398.50919868499,1.8052587771306616,0.0,0.0,1.0,inf,18772.0,inf,208.0,55.0,153.0,0.0,0.0,0.0,0.0,0.0,0.0
289.0,18818.0,53312.0,34494.0,17247.0,1.8330322032096928,57.60057578455254,10423.258826451538,1.8053854666109583,0.0,0.0,1.0,inf,18818.0,inf,218.0,46.0,172.0,0.0,0.0,0.0,0.0,0.0,0.0
290.0,18864.0,53444.0,34580.0,17290.0,1.8331212892281594,57.60057578455254,10423.258826451538,1.8097986737245786,0.0,0.0,1.0,inf,18864.0,inf,217.0,46.0,171.0,0.0,0.0,0.0,0.0,0.0,0.0
291.0,18914.0,53580.0,34666.0,17333.0,1.8328222480702125,57.60057578455254,10423.258826451538,1.8145956379785135,0.0,0.0,1.0,inf,18914.0,inf,219.0,50.0,169.0,0.0,0.0,0.0,0.0,0.0,0.0
292.0,18969.0,53731.0,34762.0,17381.0,1.8325689282513575,57.60057578455254,10423.258826451538,1.819872298657842,0.0,0.0,1.0,inf,18969.0,inf,218.0,55.0,163.0,0.0,0.0,0.0,0.0,0.0,0.0
293.0,19025.0,53889.0,34864.0,17432.0,1.8325361366622865,57.60057578455254,10423.258826451538,1.8252448986222491,0.0,0.0,1.0,inf,19025.0,inf,217.0,56.0,161.0,0.0,0.0,0.0,0.0,0.0,0.0
294.0,19086.0,54058.0,34972.0,17486.0,1.8323378392539034,57.60057578455254,10423.258826451538,1.8310971950120496,0.0,0.0,1.0,inf,19086.0,inf,218.0,61.0,157.0,0.0,0.0,0.0,0.0,0.0,0.0
295.0,19130.0,54184.0,35054.0,17527.0,1.8324098274960794,57.60057578455254,10423.258826451538,1.8353185235555125,0.0,0.0,1.0,inf,19130.0,inf,218.0,44.0,174.0,0.0,0.0,0.0,0.0,0.0,0.0
296.0,19186.0,54338.0,35152.0,17576.0,1.83216929010737,57.95178184672146,10550.753102499822,1.8184483907081668,0.0,0.0,1.0,inf,19186.0,inf,219.0,56.0,163.0,0.0,0.0,0.0,0.0,0.0,0.0
297.0,19236.0,54482.0,35246.0,17623.0,1.832293616136411,57.95178184672146,10550.753102499822,1.8231873889118262,0.0,0.0,1.0,inf,19236.0,inf,215.0,50.0,165.0,0.0,0.0,0.0,0.0,0.0,0.0
298.0,19291.0,54631.0,35340.0,17670.0,1.831942356539319,57.95178184672146,10550.753102499822,1.8284002869358513,0.0,0.0,1.0,inf,19291.0,inf,217.0,55.0,162.0,0.0,0.0,0.0,0.0,0.0,0.0
299.0,19354.0,54812.0,35458.0,17729.0,1.8320760566291205,57.95178184672146,10550.753102499822,1.8343714246724623,0.0,0.0,1.0,inf,19354.0,inf,217.0,63.0,154.0,0.0,0.0,0.0,0.0,0.0,0.0
300.0,19401.0,54949.0,35548.0,17774.0,1.8322766867687232,58.080000306343784,10597.491884487603,1.8307161931776326,0.0,0.0,1.0,inf,19401.0,inf,217.0,47.0,170.0,0.0,0.0,0.0,0.0,0.0,0.0
301.0,19455.0,55103.0,35648.0,17824.0,1.832331020303264,58.080000306343784,10597.491884487603,1.8358117384810495,0.0,0.0,1.0,inf,19455.0,inf,216.0,54.0,162.0,0.0,0.0,0.0,0.0,0.0,0.0
302.0,19501.0,55233.0,35732.0,17866.0,1.8323162914722322,58.080000306343784,10597.491884487603,1.8401523881839603,0.0,0.0,1.0,inf,19501.0,inf,217.0,46.0,171.0,0.0,0.0,0.0,0.0,0.0,0.0
303.0,19556.0,55388.0,35832.0,17916.0,1.8322765391695643,58.080000306343784,10597.491884487603,1.8453422954374405,0.0,0.0,1.0,inf,19556.0,inf,215.0,55.0,160.0,0.0,0.0,0.0,0.0,0.0,0.0
304.0,19605.0,55529.0,35924.0,17962.0,1.8323896965059934,58.080000306343784,10597.491884487603,1.849966030990541,0.0,0.0,1.0,inf,19605.0,inf,214.0,49.0,165.0,0.0,0.0,0.0,0.0,0.0,0.0
305.0,19662.0,55692.0,36030.0,18015.0,1.8324687213915167,58.27428567836726,10668.510526132972,1.8429939167081564,0.0,0.0,1.0,inf,19662.0,inf,216.0,57.0,159.0,0.0,0.0,0.0,0.0,0.0,0.0
306.0,19722.0,55860.0,36138.0,18069.0,1.8323699421965318,58.45192564389298,10733.652204275077,1.8373988298358483,0.0,0.0,1.0,inf,19722.0,inf,218.0,60.0,158.0,0.0,0.0,0.0,0.0,0.0,0.0
307.0,19779.0,56019.0,36240.0,18120.0,1.8322463218565146,58.70250427361704,10825.878043901945,1.8270111597221637,0.0,0.0,1.0,inf,19779.0,inf,219.0,57.0,162.0,0.0,0.0,0.0,0.0,0.0,0.0
308.0,19822.0,56140.0,36318.0,18159.0,1.8322066390878822,58.70250427361704,10825.878043901945,1.8309831239199519,0.0,0.0,1.0,inf,19822.0,inf,219.0,43.0,176.0,0.0,0.0,0.0,0.0,0.0,0.0
309.0,19874.0,56290.0,36416.0,18208.0,1.8323437657240615,58.70250427361704,10825.878043901945,1.8357864294614632,0.0,0.0,1.0,inf,19874.0,inf,218.0,52.0,166.0,0.0,0.0,0.0,0.0,0.0,0.0
310.0,19928.0,56438.0,36510.0,18255.0,1.8320955439582498,58.70250427361704,10825.878043901945,1.8407744775238017,0.0,0.0,1.0,inf,19928.0,inf,214.0,54.0,160.0,0.0,0.0,0.0,0.0,0.0,0.0
311.0,19977.0,56575.0,36598.0,18299.0,1.8320068078290033,58.70250427361704,10825.878043901945,1.845300669284072,0.0,0.0,1.0,inf,19977.0,inf,219.0,49.0,170.0,0.0,0.0,0.0,0.0,0.0,0.0
312.0,20019.0,56695.0,36676.0,18338.0,1.832059543433738,58.70250427361704,10825.878043901945,1.8491802622214466,0.0,0.0,1.0,inf,20019.0,inf,216.0,42.0,174.0,0.0,0.0,0.0,0.0,0.0,0.0
313.0,20083.0,56883.0,36800.0,18400.0,1.8323955584325051,59.47589779309388,11113.014618251853,1.807160405153789,0.0,0.0,1.0,inf,20083.0,inf,220.0,64.0,156.0,0.0,0.0,0.0,0.0,0.0,0.0
314.0,20136.0,57036.0,36900.0,18450.0,1.83253873659118,59.47589779309388,11113.014618251853,1.8119295881181445,0.0,0.0,1.0,inf,20136.0,inf,213.0,53.0,160.0,0.0,0.0,0.0,0.0,0.0,0.0
315.0,20198.0,57206.0,37008.0,18504.0,1.8322606198633529,59.47589779309388,11113.014618251853,1.8175086323405982,0.0,0.0,1.0,inf,20198.0,inf,216.0,62.0,154.0,0.0,0.0,0.0,0.0,0.0,0.0
316.0,20246.0,57338.0,37092.0,18546.0,1.8320655932035959,59.47589779309388,11113.014618251853,1.821827892383788,0.0,0.0,1.0,inf,20246.0,inf,218.0,48.0,170.0,0.0,0.0,0.0,0.0,0.0,0.0
317.0,20295.0,57477.0,37182.0,18591.0,1.8320768662232076,59.47589779309388,11113.014618251853,1.826237137011211,0.0,0.0,1.0,inf,20295.0,inf,217.0,49.0,168.0,0.0,0.0,0.0,0.0,0.0,0.0
318.0,20345.0,57623.0,37278.0,18639.0,1.8322929466699436,59.47589779309388,11113.014618251853,1.830736366222867,0.0,0.0,1.0,inf,20345.0,inf,217.0,50.0,167.0,0.0,0.0,0.0,0.0,0.0,0.0
319.0,20408.0,57802.0,37394.0,18697.0,1.8323206585652685,59.47589779309388,11113.014618251853,1.8364053950295538,0.0,0.0,1.0,inf,20408.0,inf,216.0,63.0,153.0,0.0,0.0,0.0,0.0,0.0,0.0
320.0,20467.0,57965.0,37498.0,18749.0,1.8321199980456344,59.47589779309388,11113.014618251853,1.841714485499308,0.0,0.0,1.0,inf,20467.0,inf,212.0,59.0,153.0,0.0,0.0,0.0,0.0,0.0,0.0
321.0,20507.0,58081.0,37574.0,18787.0,1.8322524016189594,59.47589779309388,11113.014618251853,1.8453138688686328,0.0,0.0,1.0,inf,20507.0,inf,217.0,40.0,177.0,0.0,0.0,0.0,0.0,0.0,0.0
322.0,20559.0,58231.0,37672.0,18836.0,1.8323848436207988,59.47589779309388,11113.014618251853,1.8499930672487552,0.0,0.0,1.0,inf,20559.0,inf,216.0,52.0,164.0,0.0,0.0,0.0,0.0,0.0,0.0
323.0,20608.0,58372.0,37764.0,18882.0,1.8324922360248448,59.47589779309388,11113.014618251853,1.854402311876178,0.0,0.0,1.0,inf,20608.0,inf,216.0,49.0,167.0,0.0,0.0,0.0,0.0,0.0,0.0
324.0,20659.0,58513.0,37854.0,18927.0,1.8323248947190087,59.47589779309388,11113.014618251853,1.8589915256720675,0.0,0.0,1.0,inf,20659.0,inf,219.0,51.0,168.0,0.0,0.0,0.0,0.0,0.0,0.0
325.0,20718.0,58672.0,37954.0,18977.0,1.831933584322811,59.47589779309388,11113.014618251853,1.8643006161418216,0.0,0.0,1.0,inf,20718.0,inf,214.0,59.0,155.0,0.0,0.0,0.0,0.0,0.0,0.0
326.0,20777.0,58833.0,38056.0,19028.0,1.8316407566058623,59.47589779309388,11113.014618251853,1.8696097066115758,0.0,0.0,1.0,inf,20777.0,inf,217.0,59.0,158.0,0.0,0.0,0.0,0.0,0.0,0.0
327.0,20822.0,58964.0,38142.0,19071.0,1.8318125060032657,59.47589779309388,11113.014618251853,1.8736590129020663,0.0,0.0,1.0,inf,20822.0,inf,218.0,45.0,173.0,0.0,0.0,0.0,0.0,0.0,0.0
328.0,20880.0,59128.0,38248.0,19124.0,1.831800766283525,59.47589779309388,11113.014618251853,1.8788781187875874,0.0,0.0,1.0,inf,20880.0,inf,218.0,58.0,160.0,0.0,0.0,0.0,0.0,0.0,0.0
329.0,20930.0,59276.0,38346.0,19173.0,1.8321070234113712,59.47589779309388,11113.014618251853,1.8833773479992435,0.0,0.0,1.0,inf,20930.0,inf,218.0,50.0,168.0,0.0,0.0,0.0,0.0,0.0,0.0
330.0,20982.0,59426.0,38444.0,19222.0,1.83223715565723,59.47589779309388,11113.014618251853,1.888056546379366,0.0,0.0,1.0,inf,20982.0,inf,218.0,52.0,166.0,0.0,0.0,0.0,0.0,0.0,0.0
331.0,21025.0,59547.0,38522.0,19261.0,1.8321997621878716,59.47589779309388,11113.014618251853,1.8919258835013901,0.0,0.0,1.0,inf,21025.0,inf,217.0,43.0,174.0,0.0,0.0,0.0,0.0,0.0,0.0
332.0,21079.0,59699.0,38620.0,19310.0,1.8321552255799611,59.47589779309388,11113.014618251853,1.8967850510499786,0.0,0.0,1.0,inf,21079.0,inf,219.0,54.0,165.0,0.0,0.0,0.0,0.0,0.0,0.0
333.0,21126.0,59838.0,38712.0,19356.0,1.8324339676228345,59.821604793830126,11242.580125340242,1.8791060205462087,0.0,0.0,1.0,inf,21126.0,inf,214.0,47.0,167.0,0.0,0.0,0.0,0.0,0.0,0.0
334.0,21164.0,59940.0,38776.0,19388.0,1.832167832167832,59.821604793830126,11242.580125340242,1.8824860275887514,0.0,0.0,1.0,inf,21164.0,inf,217.0,38.0,179.0,0.0,0.0,0.0,0.0,0.0,0.0
335.0,21226.0,60118.0,38892.0,19446.0,1.8322811646094412,59.821604793830126,11242.580125340242,1.888000775921321,0.0,0.0,1.0,inf,21226.0,inf,220.0,62.0,158.0,0.0,0.0,0.0,0.0,0.0,0.0
336.0,21277.0,60267.0,38990.0,19495.0,1.8324951825915308,59.821604793830126,11242.580125340242,1.8925371011626282,0.0,0.0,1.0,inf,21277.0,inf,216.0,51.0,165.0,0.0,0.0,0.0,0.0,0.0,0.0
337.0,21325.0,60399.0,39074.0,19537.0,1.8323094958968347,60.11154628703983,11351.824601930748,1.8785526334130451,0.0,0.0,1.0,inf,21325.0,inf,219.0,48.0,171.0,0.0,0.0,0.0,0.0,0.0,0.0
338.0,21380.0,60562.0,39182.0,19591.0,1.832647333956969,60.11154628703983,11351.824601930748,1.88339766951329,0.0,0.0,1.0,inf,21380.0,inf,215.0,55.0,160.0,0.0,0.0,0.0,0.0,0.0,0.0
339.0,21421.0,60677.0,39256.0,19628.0,1.8325941832780916,60.11154628703983,11351.824601930748,1.8870094236971087,0.0,0.0,1.0,inf,21421.0,inf,216.0,41.0,175.0,0.0,0.0,0.0,0.0,0.0,0.0
340.0,21490.0,60872.0,39382.0,19691.0,1.8325732899022802,60.607701319552184,11539.991746027972,1.8622197028344314,0.0,0.0,1.0,inf,21490.0,inf,219.0,69.0,150.0,0.0,0.0,0.0,0.0,0.0,0.0
341.0,21550.0,61042.0,39492.0,19746.0,1.8325754060324826,60.607701319552184,11539.991746027972,1.867419013312331,0.0,0.0,1.0,inf,21550.0,inf,216.0,60.0,156.0,0.0,0.0,0.0,0.0,0.0,0.0
342.0,21605.0,61199.0,39594.0,19797.0,1.832631335339042,60.607701319552184,11539.991746027972,1.8721850479170725,0.0,0.0,1.0,inf,21605.0,inf,217.0,55.0,162.0,0.0,0.0,0.0,0.0,0.0,0.0
343.0,21656.0,61344.0,39688.0,19844.0,1.832656076837828,60.607701319552184,11539.991746027972,1.8766044618232873,0.0,0.0,1.0,inf,21656.0,inf,214.0,51.0,163.0,0.0,0.0,0.0,0.0,0.0,0.0
344.0,21708.0,61492.0,39784.0,19892.0,1.8326884098028378,60.607701319552184,11539.991746027972,1.8811105309041338,0.0,0.0,1.0,inf,21708.0,inf,216.0,52.0,164.0,0.0,0.0,0.0,0.0,0.0,0.0
345.0,21762.0,61646.0,39884.0,19942.0,1.8327359617682197,60.607701319552184,11539.991746027972,1.8857899103342435,0.0,0.0,1.0,inf,21762.0,inf,218.0,54.0,164.0,0.0,0.0,0.0,0.0,0.0,0.0
346.0,21804.0,61762.0,39958.0,19979.0,1.8325995230232985,60.607701319552184,11539.991746027972,1.8894294276687733,0.0,0.0,1.0,inf,21804.0,inf,217.0,42.0,175.0,0.0,0.0,0.0,0.0,0.0,0.0
347.0,21859.0,61917.0,40058.0,20029.0,1.8325632462601218,60.607701319552184,11539.991746027972,1.8941954622735149,0.0,0.0,1.0,inf,21859.0,inf,216.0,55.0,161.0,0.0,0.0,0.0,0.0,0.0,0.0
348.0,21908.0,62050.0,40142.0,20071.0,1.8322987036698923,60.607701319552184,11539.991746027972,1.8984415658304663,0.0,0.0,1.0,inf,21908.0,inf,217.0,49.0,168.0,0.0,0.0,0.0,0.0,0.0,0.0
349.0,21966.0,62218.0,40252.0,20126.0,1.8324683601930256,60.90368967705647,11652.982132441482,1.8850110426967401,0.0,0.0,1.0,inf,21966.0,inf,217.0,58.0,159.0,0.0,0.0,0.0,0.0,0.0,0.0
350.0,22015.0,62353.0,40338.0,20169.0,1.8322961617079263,60.90368967705647,11652.982132441482,1.8892159749143556,0.0,0.0,1.0,inf,22015.0,inf,219.0,49.0,170.0,0.0,0.0,0.0,0.0,0.0,0.0
351.0,22065.0,62493.0,40428.0,20214.0,1.8322229775662815,60.90368967705647,11652.982132441482,1.8935067220751876,0.0,0.0,1.0,inf,22065.0,inf,220.0,50.0,170.0,0.0,0.0,0.0,0.0,0.0,0.0
352.0,22108.0,62618.0,40510.0,20255.0,1.832368373439479,60.90368967705647,11652.982132441482,1.897196764633503,0.0,0.0,1.0,inf,22108.0,inf,215.0,43.0,172.0,0.0,0.0,0.0,0.0,0.0,0.0
353.0,22162.0,62776.0,40614.0,20307.0,1.8325963360707518,60.90368967705647,11652.982132441482,1.9018307715672016,0.0,0.0,1.0,inf,22162.0,inf,219.0,54.0,165.0,0.0,0.0,0.0,0.0,0.0,0.0
354.0,22219.0,62937.0,40718.0,20359.0,1.8325757234799045,60.90368967705647,11652.982132441482,1.9067222233305503,0.0,0.0,1.0,inf,22219.0,inf,215.0,57.0,158.0,0.0,0.0,0.0,0.0,0.0,0.0
355.0,22270.0,63082.0,40812.0,20406.0,1.8325999101930848,60.90368967705647,11652.982132441482,1.9110987854345989,0.0,0.0,1.0,inf,22270.0,inf,218.0,51.0,167.0,0.0,0.0,0.0,0.0,0.0,0.0
356.0,22314.0,63204.0,40890.0,20445.0,1.8324818499596667,60.90368967705647,11652.982132441482,1.9148746429361312,0.0,0.0,1.0,inf,22314.0,inf,216.0,44.0,172.0,0.0,0.0,0.0,0.0,0.0,0.0
357.0,22367.0,63347.0,40980.0,20490.0,1.832163455090088,61.06547488355175,11714.974572296465,1.909265774498001,0.0,0.0,1.0,inf,22367.0,inf,220.0,53.0,167.0,0.0,0.0,0.0,0.0,0.0,0.0
358.0,22430.0,63526.0,41096.0,20548.0,1.8321890325456978,61.06547488355175,11714.974572296465,1.914643507041184,0.0,0.0,1.0,inf,22430.0,inf,218.0,63.0,155.0,0.0,0.0,0.0,0.0,0.0,0.0
359.0,22485.0,63677.0,41192.0,20596.0,1.831976873471203,61.06547488355175,11714.974572296465,1.9193383529122168,0.0,0.0,1.0,inf,22485.0,inf,215.0,55.0,160.0,0.0,0.0,0.0,0.0,0.0,0.0
360.0,22527.0,63801.0,41274.0,20637.0,1.8322013583699561,61.06547488355175,11714.974572296465,1.9229235079410054,0.0,0.0,1.0,inf,22527.0,inf,218.0,42.0,176.0,0.0,0.0,0.0,0.0,0.0,0.0
361.0,22572.0,63932.0,41360.0,20680.0,1.8323586744639375,61.06547488355175,11714.974572296465,1.9267647454718506,0.0,0.0,1.0,inf,22572.0,inf,218.0,45.0,173.0,0.0,0.0,0.0,0.0,0.0,0.0
362.0,22623.0,64075.0,41452.0,20726.0,1.832294567475578,61.06547488355175,11714.974572296465,1.9311181480068083,0.0,0.0,1.0,inf,22623.0,inf,218.0,51.0,167.0,0.0,0.0,0.0,0.0,0.0,0.0
363.0,22672.0,64218.0,41546.0,20773.0,1.8324805928016936,61.06547488355175,11714.974572296465,1.9353008288737283,0.0,0.0,1.0,inf,22672.0,inf,215.0,49.0,166.0,0.0,0.0,0.0,0.0,0.0,0.0
364.0,22723.0,64369.0,41646.0,20823.0,1.832768560489372,61.40591297540028,11845.959902625378,1.9182067292802487,0.0,0.0,1.0,inf,22723.0,inf,216.0,51.0,165.0,0.0,0.0,0.0,0.0,0.0,0.0
365.0,22774.0,64516.0,41742.0,20871.0,1.832879599543339,61.84735692839063,12016.892107520518,1.8951655549730178,0.0,0.0,1.0,inf,22774.0,inf,216.0,51.0,165.0,0.0,0.0,0.0,0.0,0.0,0.0
366.0,22823.0,64651.0,41828.0,20914.0,1.8327126144678614,61.84735692839063,12016.892107520518,1.8992431483775,0.0,0.0,1.0,inf,22823.0,inf,219.0,49.0,170.0,0.0,0.0,0.0,0.0,0.0,0.0
367.0,22879.0,64807.0,41928.0,20964.0,1.8325975785654967,61.84735692839063,12016.892107520518,1.9039032551254798,0.0,0.0,1.0,inf,22879.0,inf,219.0,56.0,163.0,0.0,0.0,0.0,0.0,0.0,0.0
368.0,22929.0,64955.0,42026.0,21013.0,1.8328753979676393,61.84735692839063,12016.892107520518,1.90806406472189,0.0,0.0,1.0,inf,22929.0,inf,217.0,50.0,167.0,0.0,0.0,0.0,0.0,0.0,0.0
369.0,22987.0,65125.0,42138.0,21069.0,1.8331230695610563,61.84735692839063,12016.892107520518,1.9128906038537261,0.0,0.0,1.0,inf,22987.0,inf,218.0,58.0,160.0,0.0,0.0,0.0,0.0,0.0,0.0
370.0,23044.0,65290.0,42246.0,21123.0,1.8332754730081584,61.84735692839063,12016.892107520518,1.917633926793634,0.0,0.0,1.0,inf,23044.0,inf,217.0,57.0,160.0,0.0,0.0,0.0,0.0,0.0,0.0
371.0,23089.0,65417.0,42328.0,21164.0,1.8332539304430682,61.84735692839063,12016.892107520518,1.9213786554304035,0.0,0.0,1.0,inf,23089.0,inf,219.0,45.0,174.0,0.0,0.0,0.0,0.0,0.0,0.0
372.0,23144.0,65572.0,42428.0,21214.0,1.8332181126857934,61.84735692839063,12016.892107520518,1.9259555459864548,0.0,0.0,1.0,inf,23144.0,inf,218.0,55.0,163.0,0.0,0.0,0.0,0.0,0.0,0.0
373.0,23187.0,65695.0,42508.0,21254.0,1.833268641911416,61.84735692839063,12016.892107520518,1.929533842239368,0.0,0.0,1.0,inf,23187.0,inf,218.0,43.0,175.0,0.0,0.0,0.0,0.0,0.0,0.0
374.0,23244.0,65862.0,42618.0,21309.0,1.833505420753743,61.84735692839063,12016.892107520518,1.9342771651792758,0.0,0.0,1.0,inf,23244.0,inf,220.0,57.0,163.0,0.0,0.0,0.0,0.0,0.0,0.0
375.0,23300.0,66014.0,42714.0,21357.0,1.8332188841201718,61.84735692839063,12016.892107520518,1.9389372719272555,0.0,0.0,1.0,inf,23300.0,inf,217.0,56.0,161.0,0.0,0.0,0.0,0.0,0.0,0.0
376.0,23350.0,66150.0,42800.0,21400.0,1.8329764453961457,61.84735692839063,12016.892107520518,1.9430980815236658,0.0,0.0,1.0,inf,23350.0,inf,215.0,50.0,165.0,0.0,0.0,0.0,0.0,0.0,0.0
377.0,23400.0,66294.0,42894.0,21447.0,1.833076923076923,61.84735692839063,12016.892107520518,1.9472588911200763,0.0,0.0,1.0,inf,23400.0,inf,219.0,50.0,169.0,0.0,0.0,0.0,0.0,0.0,0.0
378.0,23446.0,66420.0,42974.0,21487.0,1.8328926042821803,61.84735692839063,12016.892107520518,1.9510868359487739,0.0,0.0,1.0,inf,23446.0,inf,217.0,46.0,171.0,0.0,0.0,0.0,0.0,0.0,0.0
379.0,23500.0,66572.0,43072.0,21536.0,1.8328510638297872,61.84735692839063,12016.892107520518,1.9555805103128971,0.0,0.0,1.0,inf,23500.0,inf,216.0,54.0,162.0,0.0,0.0,0.0,0.0,0.0,0.0
380.0,23552.0,66718.0,43166.0,21583.0,1.832795516304348,61.84735692839063,12016.892107520518,1.9599077522931638,0.0,0.0,1.0,inf,23552.0,inf,216.0,52.0,164.0,0.0,0.0,0.0,0.0,0.0,0.0
381.0,23607.0,66877.0,43270.0,21635.0,1.8329309103232092,61.84735692839063,12016.892107520518,1.9644846428492153,0.0,0.0,1.0,inf,23607.0,inf,216.0,55.0,161.0,0.0,0.0,0.0,0.0,0.0,0.0
382.0,23652.0,67008.0,43356.0,21678.0,1.8330796549974633,61.84735692839063,12016.892107520518,1.9682293714859849,0.0,0.0,1.0,inf,23652.0,inf,217.0,45.0,172.0,0.0,0.0,0.0,0.0,0.0,0.0
383.0,23693.0,67129.0,43436.0,21718.0,1.833284092347951,61.84735692839063,12016.892107520518,1.9716412353550412,0.0,0.0,1.0,inf,23693.0,inf,220.0,41.0,179.0,0.0,0.0,0.0,0.0,0.0,0.0
384.0,23736.0,67256.0,43520.0,21760.0,1.8335018537243006,61.84735692839063,12016.892107520518,1.9752195316079542,0.0,0.0,1.0,inf,23736.0,inf,218.0,43.0,175.0,0.0,0.0,0.0,0.0,0.0,0.0
385.0,23782.0,67388.0,43606.0,21803.0,1.8335716087797493,61.84735692839063,12016.892107520518,1.979047476436652,0.0,0.0,1.0,inf,23782.0,inf,220.0,46.0,174.0,0.0,0.0,0.0,0.0,0.0,0.0
386.0,23841.0,67557.0,43716.0,21858.0,1.833647917453127,61.84735692839063,12016.892107520518,1.9839572317604162,0.0,0.0,1.0,inf,23841.0,inf,218.0,59.0,159.0,0.0,0.0,0.0,0.0,0.0,0.0
387.0,23882.0,67670.0,43788.0,21894.0,1.833514781006616,61.84735692839063,12016.892107520518,1.9873690956294727,0.0,0.0,1.0,inf,23882.0,inf,217.0,41.0,176.0,0.0,0.0,0.0,0.0,0.0,0.0
388.0,23927.0,67799.0,43872.0,21936.0,1.8335771304384167,61.84735692839063,12016.892107520518,1.991113824266242,0.0,0.0,1.0,inf,23927.0,inf,217.0,45.0,172.0,0.0,0.0,0.0,0.0,0.0,0.0
389.0,23980.0,67948.0,43968.0,21984.0,1.8335279399499582,61.84735692839063,12016.892107520518,1.9955242824384372,0.0,0.0,1.0,inf,23980.0,inf,217.0,53.0,164.0,0.0,0.0,0.0,0.0,0.0,0.0
390.0,24019.0,68057.0,44038.0,22019.0,1.833465173404388,61.84735692839063,12016.892107520518,1.9987697139236373,0.0,0.0,1.0,inf,24019.0,inf,218.0,39.0,179.0,0.0,0.0,0.0,0.0,0.0,0.0
391.0,24070.0,68206.0,44136.0,22068.0,1.833651848774408,61.84735692839063,12016.892107520518,2.003013739711976,0.0,0.0,1.0,inf,24070.0,inf,216.0,51.0,165.0,0.0,0.0,0.0,0.0,0.0,0.0
392.0,24118.0,68340.0,44222.0,22111.0,1.8335682892445477,61.84735692839063,12016.892107520518,2.00700811692453,0.0,0.0,1.0,inf,24118.0,inf,220.0,48.0,172.0,0.0,0.0,0.0,0.0,0.0,0.0
393.0,24163.0,68469.0,44306.0,22153.0,1.8336299300583536,61.84735692839063,12016.892107520518,2.0107528455612993,0.0,0.0,1.0,inf,24163.0,inf,220.0,45.0,175.0,0.0,0.0,0.0,0.0,0.0,0.0
394.0,24199.0,68573.0,44374.0,22187.0,1.8337121368651597,61.84735692839063,12016.892107520518,2.0137486284707147,0.0,0.0,1.0,inf,24199.0,inf,219.0,36.0,183.0,0.0,0.0,0.0,0.0,0.0,0.0
395.0,24247.0,68715.0,44468.0,22234.0,1.8339588402688993,61.84735692839063,12016.892107520518,2.017743005683269,0.0,0.0,1.0,inf,24247.0,inf,219.0,48.0,171.0,0.0,0.0,0.0,0.0,0.0,0.0
396.0,24291.0,68843.0,44552.0,22276.0,1.834094932279445,61.84735692839063,12016.892107520518,2.0214045181281097,0.0,0.0,1.0,inf,24291.0,inf,217.0,44.0,173.0,0.0,0.0,0.0,0.0,0.0,0.0
397.0,24324.0,68934.0,44610.0,22305.0,1.8339911198815984,61.84735692839063,12016.892107520518,2.0241506524617408,0.0,0.0,1.0,inf,24324.0,inf,217.0,33.0,184.0,0.0,0.0,0.0,0.0,0.0,0.0
398.0,24372.0,69070.0,44698.0,22349.0,1.8339898243886428,61.84735692839063,12016.892107520518,2.028145029674295,0.0,0.0,1.0,inf,24372.0,inf,220.0,48.0,172.0,0.0,0.0,0.0,0.0,0.0,0.0
399.0,24415.0,69193.0,44778.0,22389.0,1.834036453000205,61.84735692839063,12016.892107520518,2.031723325927208,0.0,0.0,1.0,inf,24415.0,inf,219.0,43.0,176.0,0.0,0.0,0.0,0.0,0.0,0.0
400.0,24450.0,69294.0,44844.0,22422.0,1.8341104294478527,61.84735692839063,12016.892107520518,2.0346358926446952,0.0,0.0,1.0,inf,24450.0,inf,217.0,35.0,182.0,0.0,0.0,0.0,0.0,0.0,0.0
401.0,24500.0,69438.0,44938.0,22469.0,1.834204081632653,61.913447533214544,12042.588533473305,2.0344463262113752,0.0,0.0,1.0,inf,24500.0,inf,219.0,50.0,169.0,0.0,0.0,0.0,0.0,0.0,0.0
402.0,24542.0,69546.0,45004.0,22502.0,1.8337543802461087,61.913447533214544,12042.588533473305,2.0379339484848806,0.0,0.0,1.0,inf,24542.0,inf,217.0,42.0,175.0,0.0,0.0,0.0,0.0,0.0,0.0
403.0,24572.0,69636.0,45064.0,22532.0,1.8339573498290738,61.913447533214544,12042.588533473305,2.04042510725167,0.0,0.0,1.0,inf,24572.0,inf,220.0,30.0,190.0,0.0,0.0,0.0,0.0,0.0,0.0
404.0,24616.0,69762.0,45146.0,22573.0,1.8340103997400066,61.913447533214544,12042.588533473305,2.0440788067762945,0.0,0.0,1.0,inf,24616.0,inf,220.0,44.0,176.0,0.0,0.0,0.0,0.0,0.0,0.0
405.0,24661.0,69889.0,45228.0,22614.0,1.833988889339443,61.913447533214544,12042.588533473305,2.0478155449264785,0.0,0.0,1.0,inf,24661.0,inf,217.0,45.0,172.0,0.0,0.0,0.0,0.0,0.0,0.0
406.0,24701.0,69999.0,45298.0,22649.0,1.8338528804501841,61.913447533214544,12042.588533473305,2.0511370899488646,0.0,0.0,1.0,inf,24701.0,inf,219.0,40.0,179.0,0.0,0.0,0.0,0.0,0.0,0.0
407.0,24753.0,70149.0,45396.0,22698.0,1.8339595200581749,61.913447533214544,12042.588533473305,2.0554550984779665,0.0,0.0,1.0,inf,24753.0,inf,215.0,52.0,163.0,0.0,0.0,0.0,0.0,0.0,0.0
408.0,24797.0,70271.0,45474.0,22737.0,1.8338508690567408,61.913447533214544,12042.588533473305,2.059108798002591,0.0,0.0,1.0,inf,24797.0,inf,218.0,44.0,174.0,0.0,0.0,0.0,0.0,0.0,0.0
409.0,24828.0,70362.0,45534.0,22767.0,1.8339777670372162,61.913447533214544,12042.588533473305,2.06168299539494,0.0,0.0,1.0,inf,24828.0,inf,219.0,31.0,188.0,0.0,0.0,0.0,0.0,0.0,0.0
410.0,24873.0,70489.0,45616.0,22808.0,1.8339564990149961,61.913447533214544,12042.588533473305,2.065419733545124,0.0,0.0,1.0,inf,24873.0,inf,220.0,45.0,175.0,0.0,0.0,0.0,0.0,0.0,0.0
411.0,24911.0,70597.0,45686.0,22843.0,1.8339689293886234,61.913447533214544,12042.588533473305,2.0685752013163907,0.0,0.0,1.0,inf,24911.0,inf,219.0,38.0,181.0,0.0,0.0,0.0,0.0,0.0,0.0
412.0,24955.0,70725.0,45770.0,22885.0,1.8341013824884793,61.913447533214544,12042.588533473305,2.072228900841015,0.0,0.0,1.0,inf,24955.0,inf,220.0,44.0,176.0,0.0,0.0,0.0,0.0,0.0,0.0
413.0,24997.0,70845.0,45848.0,22924.0,1.8341400968116175,62.09751758516105,12114.300741551238,2.0634290441760266,0.0,0.0,1.0,inf,24997.0,inf,218.0,42.0,176.0,0.0,0.0,0.0,0.0,0.0,0.0
414.0,25034.0,70946.0,45912.0,22956.0,1.8339857793400975,62.09751758516105,12114.300741551238,2.0664832856703863,0.0,0.0,1.0,inf,25034.0,inf,217.0,37.0,180.0,0.0,0.0,0.0,0.0,0.0,0.0
415.0,25079.0,71077.0,45998.0,22999.0,1.8341241676302882,62.09751758516105,12114.300741551238,2.070197903704067,0.0,0.0,1.0,inf,25079.0,inf,216.0,45.0,171.0,0.0,0.0,0.0,0.0,0.0,0.0
416.0,25126.0,71216.0,46090.0,23045.0,1.834354851548197,62.09751758516105,12114.300741551238,2.074077615872578,0.0,0.0,1.0,inf,25126.0,inf,216.0,47.0,169.0,0.0,0.0,0.0,0.0,0.0,0.0
417.0,25177.0,71357.0,46180.0,23090.0,1.8342137665329468,62.76348215575208,12375.533601997211,2.0344173277455155,0.0,0.0,1.0,inf,25177.0,inf,219.0,51.0,168.0,0.0,0.0,0.0,0.0,0.0,0.0
418.0,25222.0,71486.0,46264.0,23132.0,1.834271667591785,62.76348215575208,12375.533601997211,2.0380535345909916,0.0,0.0,1.0,inf,25222.0,inf,216.0,45.0,171.0,0.0,0.0,0.0,0.0,0.0,0.0
419.0,25272.0,71624.0,46352.0,23176.0,1.834124723013612,62.76348215575208,12375.533601997211,2.042093764419298,0.0,0.0,1.0,inf,25272.0,inf,214.0,50.0,164.0,0.0,0.0,0.0,0.0,0.0,0.0
420.0,25336.0,71812.0,46476.0,23238.0,1.8343858541206188,62.76348215575208,12375.533601997211,2.0472652585995306,0.0,0.0,1.0,inf,25336.0,inf,215.0,64.0,151.0,0.0,0.0,0.0,0.0,0.0,0.0
421.0,25374.0,71924.0,46550.0,23275.0,1.8345550563569009,62.76348215575208,12375.533601997211,2.0503358332690436,0.0,0.0,1.0,inf,25374.0,inf,218.0,38.0,180.0,0.0,0.0,0.0,0.0,0.0,0.0
422.0,25422.0,72066.0,46644.0,23322.0,1.8347887656360633,62.76348215575208,12375.533601997211,2.0542144539042178,0.0,0.0,1.0,inf,25422.0,inf,214.0,48.0,166.0,0.0,0.0,0.0,0.0,0.0,0.0
423.0,25466.0,72196.0,46730.0,23365.0,1.8349956805151968,63.47666953799828,12658.380246819437,2.011789779059499,0.0,0.0,1.0,inf,25466.0,inf,217.0,44.0,173.0,0.0,0.0,0.0,0.0,0.0,0.0
424.0,25519.0,72349.0,46830.0,23415.0,1.8351032563971943,63.47666953799828,12658.380246819437,2.0159767286507244,0.0,0.0,1.0,inf,25519.0,inf,219.0,53.0,166.0,0.0,0.0,0.0,0.0,0.0,0.0
425.0,25562.0,72476.0,46914.0,23457.0,1.8353024020029731,63.47666953799828,12658.380246819437,2.0193736877530397,0.0,0.0,1.0,inf,25562.0,inf,217.0,43.0,174.0,0.0,0.0,0.0,0.0,0.0,0.0
426.0,25602.0,72586.0,46984.0,23492.0,1.8351691274119208,63.47666953799828,12658.380246819437,2.0225336497086817,0.0,0.0,1.0,inf,25602.0,inf,218.0,40.0,178.0,0.0,0.0,0.0,0.0,0.0,0.0
427.0,25657.0,72745.0,47088.0,23544.0,1.835288615192735,63.47666953799828,12658.380246819437,2.0268785973976895,0.0,0.0,1.0,inf,25657.0,inf,217.0,55.0,162.0,0.0,0.0,0.0,0.0,0.0,0.0
428.0,25710.0,72898.0,47188.0,23594.0,1.8353947880202255,63.47666953799828,12658.380246819437,2.0310655469889154,0.0,0.0,1.0,inf,25710.0,inf,218.0,53.0,165.0,0.0,0.0,0.0,0.0,0.0,0.0
429.0,25762.0,73048.0,47286.0,23643.0,1.8354941386538313,63.47666953799828,12658.380246819437,2.03517349753125,0.0,0.0,1.0,inf,25762.0,inf,220.0,52.0,168.0,0.0,0.0,0.0,0.0,0.0,0.0
430.0,25807.0,73171.0,47364.0,23682.0,1.83531599953501,63.47666953799828,12658.380246819437,2.038728454731347,0.0,0.0,1.0,inf,25807.0,inf,218.0,45.0,173.0,0.0,0.0,0.0,0.0,0.0,0.0
431.0,25865.0,73335.0,47470.0,23735.0,1.8352986661511694,63.47666953799828,12658.380246819437,2.0433103995670283,0.0,0.0,1.0,inf,25865.0,inf,217.0,58.0,159.0,0.0,0.0,0.0,0.0,0.0,0.0
432.0,25908.0,73460.0,47552.0,23776.0,1.835417631619577,63.47666953799828,12658.380246819437,2.046707358669343,0.0,0.0,1.0,inf,25908.0,inf,218.0,43.0,175.0,0.0,0.0,0.0,0.0,0.0,0.0
433.0,25955.0,73593.0,47638.0,23819.0,1.835407435946831,63.47666953799828,12658.380246819437,2.050420313967223,0.0,0.0,1.0,inf,25955.0,inf,217.0,47.0,170.0,0.0,0.0,0.0,0.0,0.0,0.0
434.0,26007.0,73741.0,47734.0,23867.0,1.835428922982274,63.47666953799828,12658.380246819437,2.0545282645095573,0.0,0.0,1.0,inf,26007.0,inf,219.0,52.0,167.0,0.0,0.0,0.0,0.0,0.0,0.0
435.0,26059.0,73889.0,47830.0,23915.0,1.8354503242641698,63.47666953799828,12658.380246819437,2.0586362150518918,0.0,0.0,1.0,inf,26059.0,inf,219.0,52.0,167.0,0.0,0.0,0.0,0.0,0.0,0.0
436.0,26100.0,74004.0,47904.0,23952.0,1.8354022988505747,63.47666953799828,12658.380246819437,2.061875176056425,0.0,0.0,1.0,inf,26100.0,inf,219.0,41.0,178.0,0.0,0.0,0.0,0.0,0.0,0.0
437.0,26145.0,74125.0,47980.0,23990.0,1.8351501243067507,63.47666953799828,12658.380246819437,2.0654301332565224,0.0,0.0,1.0,inf,26145.0,inf,218.0,45.0,173.0,0.0,0.0,0.0,0.0,0.0,0.0
438.0,26192.0,74254.0,48062.0,24031.0,1.8349877825290164,63.47666953799828,12658.380246819437,2.0691430885544015,0.0,0.0,1.0,inf,26192.0,inf,220.0,47.0,173.0,0.0,0.0,0.0,0.0,0.0,0.0
439.0,26235.0,74375.0,48140.0,24070.0,1.8349533066514199,63.47666953799828,12658.380246819437,2.072540047656717,0.0,0.0,1.0,inf,26235.0,inf,218.0,43.0,175.0,0.0,0.0,0.0,0.0,0.0,0.0
440.0,26274.0,74482.0,48208.0,24104.0,1.834817690492502,63.47666953799828,12658.380246819437,2.075621010563468,0.0,0.0,1.0,inf,26274.0,inf,217.0,39.0,178.0,0.0,0.0,0.0,0.0,0.0,0.0
441.0,26320.0,74612.0,48292.0,24146.0,1.8348024316109421,63.47666953799828,12658.380246819437,2.079254966812456,0.0,0.0,1.0,inf,26320.0,inf,216.0,46.0,170.0,0.0,0.0,0.0,0.0,0.0,0.0
442.0,26364.0,74724.0,48360.0,24180.0,1.834319526627219,63.47666953799828,12658.380246819437,2.0827309249636623,0.0,0.0,1.0,inf,26364.0,inf,219.0,44.0,175.0,0.0,0.0,0.0,0.0,0.0,0.0
443.0,26409.0,74855.0,48446.0,24223.0,1.8344503767654967,63.47666953799828,12658.380246819437,2.0862858821637595,0.0,0.0,1.0,inf,26409.0,inf,218.0,45.0,173.0,0.0,0.0,0.0,0.0,0.0,0.0
444.0,26454.0,74976.0,48522.0,24261.0,1.8342027670673622,63.47666953799828,12658.380246819437,2.0898408393638572,0.0,0.0,1.0,inf,26454.0,inf,220.0,45.0,175.0,0.0,0.0,0.0,0.0,0.0,0.0
445.0,26501.0,75113.0,48612.0,24306.0,1.8343458737406135,63.47666953799828,12658.380246819437,2.0935537946617364,0.0,0.0,1.0,inf,26501.0,inf,218.0,47.0,171.0,0.0,0.0,0.0,0.0,0.0,0.0
446.0,26554.0,75264.0,48710.0,24355.0,1.8343752353694358,63.47666953799828,12658.380246819437,2.097740744252962,0.0,0.0,1.0,inf,26554.0,inf,218.0,53.0,165.0,0.0,0.0,0.0,0.0,0.0,0.0
447.0,26599.0,75387.0,48788.0,24394.0,1.8342042933944884,63.47666953799828,12658.380246819437,2.1012957014530596,0.0,0.0,1.0,inf,26599.0,inf,218.0,45.0,173.0,0.0,0.0,0.0,0.0,0.0,0.0
448.0,26640.0,75504.0,48864.0,24432.0,1.8342342342342342,63.47666953799828,12658.380246819437,2.1045346624575925,0.0,0.0,1.0,inf,26640.0,inf,218.0,41.0,177.0,0.0,0.0,0.0,0.0,0.0,0.0
449.0,26686.0,75636.0,48950.0,24475.0,1.8342951360263808,63.47666953799828,12658.380246819437,2.1081686187065807,0.0,0.0,1.0,inf,26686.0,inf,219.0,46.0,173.0,0.0,0.0,0.0,0.0,0.0,0.0
450.0,26728.0,75754.0,49026.0,24513.0,1.8342562107153546,64.0212980446019,12876.529386049799,2.075714596586611,0.0,0.0,1.0,inf,26728.0,inf,219.0,42.0,177.0,0.0,0.0,0.0,0.0,0.0,0.0
451.0,26771.0,75873.0,49102.0,24551.0,1.834148892458257,64.0212980446019,12876.529386049799,2.079054005732571,0.0,0.0,1.0,inf,26771.0,inf,219.0,43.0,176.0,0.0,0.0,0.0,0.0,0.0,0.0
452.0,26813.0,75989.0,49176.0,24588.0,1.8340357289374558,64.0212980446019,12876.529386049799,2.0823157542007182,0.0,0.0,1.0,inf,26813.0,inf,219.0,42.0,177.0,0.0,0.0,0.0,0.0,0.0,0.0
453.0,26855.0,76111.0,49256.0,24628.0,1.8341463414634147,64.0212980446019,12876.529386049799,2.0855775026688654,0.0,0.0,1.0,inf,26855.0,inf,219.0,42.0,177.0,0.0,0.0,0.0,0.0,0.0,0.0
454.0,26907.0,76257.0,49350.0,24675.0,1.8340952168580666,64.0212980446019,12876.529386049799,2.089615857915143,0.0,0.0,1.0,inf,26907.0,inf,219.0,52.0,167.0,0.0,0.0,0.0,0.0,0.0,0.0
455.0,26950.0,76380.0,49430.0,24715.0,1.8341372912801484,64.0212980446019,12876.529386049799,2.0929552670611034,0.0,0.0,1.0,inf,26950.0,inf,220.0,43.0,177.0,0.0,0.0,0.0,0.0,0.0,0.0
456.0,26999.0,76519.0,49520.0,24760.0,1.8341420052594541,64.0212980446019,12876.529386049799,2.0967606402739416,0.0,0.0,1.0,inf,26999.0,inf,218.0,49.0,169.0,0.0,0.0,0.0,0.0,0.0,0.0
457.0,27053.0,76671.0,49618.0,24809.0,1.8341034266070306,64.3302036990064,13001.088836952358,2.080825716928307,0.0,0.0,1.0,inf,27053.0,inf,218.0,54.0,164.0,0.0,0.0,0.0,0.0,0.0,0.0
458.0,27105.0,76819.0,49714.0,24857.0,1.8341265449179118,64.3302036990064,13001.088836952358,2.084825381929611,0.0,0.0,1.0,inf,27105.0,inf,218.0,52.0,166.0,0.0,0.0,0.0,0.0,0.0,0.0
459.0,27150.0,76948.0,49798.0,24899.0,1.8341804788213627,64.3302036990064,13001.088836952358,2.0882866304884313,0.0,0.0,1.0,inf,27150.0,inf,220.0,45.0,175.0,0.0,0.0,0.0,0.0,0.0,0.0
460.0,27197.0,77085.0,49888.0,24944.0,1.8343199617604884,64.3302036990064,13001.088836952358,2.091901712316533,0.0,0.0,1.0,inf,27197.0,inf,220.0,47.0,173.0,0.0,0.0,0.0,0.0,0.0,0.0
461.0,27233.0,77189.0,49956.0,24978.0,1.8343920978224948,64.3302036990064,13001.088836952358,2.0946707111635896,0.0,0.0,1.0,inf,27233.0,inf,219.0,36.0,183.0,0.0,0.0,0.0,0.0,0.0,0.0
462.0,27273.0,77303.0,50030.0,25015.0,1.8344149891834416,64.3302036990064,13001.088836952358,2.097747376549208,0.0,0.0,1.0,inf,27273.0,inf,218.0,40.0,178.0,0.0,0.0,0.0,0.0,0.0,0.0
463.0,27314.0,77416.0,50102.0,25051.0,1.834297429889434,64.3302036990064,13001.088836952358,2.1009009585694667,0.0,0.0,1.0,inf,27314.0,inf,216.0,41.0,175.0,0.0,0.0,0.0,0.0,0.0,0.0
464.0,27361.0,77553.0,50192.0,25096.0,1.8344358758817294,64.3302036990064,13001.088836952358,2.1045160403975682,0.0,0.0,1.0,inf,27361.0,inf,218.0,47.0,171.0,0.0,0.0,0.0,0.0,0.0,0.0
465.0,27415.0,77709.0,50294.0,25147.0,1.8345431333211746,64.3302036990064,13001.088836952358,2.1086695386681527,0.0,0.0,1.0,inf,27415.0,inf,219.0,54.0,165.0,0.0,0.0,0.0,0.0,0.0,0.0
466.0,27458.0,77832.0,50374.0,25187.0,1.8345837278753006,64.3302036990064,13001.088836952358,2.1119769539576922,0.0,0.0,1.0,inf,27458.0,inf,219.0,43.0,176.0,0.0,0.0,0.0,0.0,0.0,0.0
467.0,27495.0,77941.0,50446.0,25223.0,1.8347335879250772,64.3302036990064,13001.088836952358,2.1148228694393896,0.0,0.0,1.0,inf,27495.0,inf,218.0,37.0,181.0,0.0,0.0,0.0,0.0,0.0,0.0
468.0,27540.0,78076.0,50536.0,25268.0,1.8350036310820625,64.3302036990064,13001.088836952358,2.11828411799821,0.0,0.0,1.0,inf,27540.0,inf,220.0,45.0,175.0,0.0,0.0,0.0,0.0,0.0,0.0
469.0,27586.0,78206.0,50620.0,25310.0,1.8349887624157182,64.3302036990064,13001.088836952358,2.121822283191671,0.0,0.0,1.0,inf,27586.0,inf,218.0,46.0,172.0,0.0,0.0,0.0,0.0,0.0,0.0
470.0,27626.0,78316.0,50690.0,25345.0,1.8348657062187794,64.3302036990064,13001.088836952358,2.1248989485772896,0.0,0.0,1.0,inf,27626.0,inf,220.0,40.0,180.0,0.0,0.0,0.0,0.0,0.0,0.0
471.0,27664.0,78410.0,50746.0,25373.0,1.8343695777906304,64.3302036990064,13001.088836952358,2.1278217806936266,0.0,0.0,1.0,inf,27664.0,inf,219.0,38.0,181.0,0.0,0.0,0.0,0.0,0.0,0.0
472.0,27707.0,78531.0,50824.0,25412.0,1.8343378929512397,64.3302036990064,13001.088836952358,2.1311291959831666,0.0,0.0,1.0,inf,27707.0,inf,219.0,43.0,176.0,0.0,0.0,0.0,0.0,0.0,0.0
473.0,27745.0,78635.0,50890.0,25445.0,1.8342043611461525,64.7060424548545,13153.446097341608,2.1093331583734116,0.0,0.0,1.0,inf,27745.0,inf,219.0,38.0,181.0,0.0,0.0,0.0,0.0,0.0,0.0
474.0,27791.0,78767.0,50976.0,25488.0,1.8342628908639487,64.7060424548545,13153.446097341608,2.112830340758893,0.0,0.0,1.0,inf,27791.0,inf,220.0,46.0,174.0,0.0,0.0,0.0,0.0,0.0,0.0
475.0,27840.0,78904.0,51064.0,25532.0,1.8341954022988505,64.7060424548545,13153.446097341608,2.1165556002564707,0.0,0.0,1.0,inf,27840.0,inf,217.0,49.0,168.0,0.0,0.0,0.0,0.0,0.0,0.0
476.0,27885.0,79035.0,51150.0,25575.0,1.834319526627219,64.7060424548545,13153.446097341608,2.1199767569379198,0.0,0.0,1.0,inf,27885.0,inf,220.0,45.0,175.0,0.0,0.0,0.0,0.0,0.0,0.0
477.0,27923.0,79137.0,51214.0,25607.0,1.8341152454965441,64.7060424548545,13153.446097341608,2.1228657336911434,0.0,0.0,1.0,inf,27923.0,inf,217.0,38.0,179.0,0.0,0.0,0.0,0.0,0.0,0.0
478.0,27965.0,79259.0,51294.0,25647.0,1.8342213481137135,64.7060424548545,13153.446097341608,2.126058813260496,0.0,0.0,1.0,inf,27965.0,inf,218.0,42.0,176.0,0.0,0.0,0.0,0.0,0.0,0.0
479.0,28013.0,79393.0,51380.0,25690.0,1.8341484310855674,64.7060424548545,13153.446097341608,2.1297080470540415,0.0,0.0,1.0,inf,28013.0,inf,216.0,48.0,168.0,0.0,0.0,0.0,0.0,0.0,0.0
480.0,28051.0,79505.0,51454.0,25727.0,1.8343018074221953,64.86908960861187,13219.81807445477,2.12189001709518,0.0,0.0,1.0,inf,28051.0,inf,218.0,38.0,180.0,0.0,0.0,0.0,0.0,0.0,0.0
481.0,28100.0,79638.0,51538.0,25769.0,1.8340925266903914,64.86908960861187,13219.81807445477,2.1255965733975457,0.0,0.0,1.0,inf,28100.0,inf,217.0,49.0,168.0,0.0,0.0,0.0,0.0,0.0,0.0
482.0,28151.0,79785.0,51634.0,25817.0,1.8341799580831941,64.86908960861187,13219.81807445477,2.129454417712253,0.0,0.0,1.0,inf,28151.0,inf,219.0,51.0,168.0,0.0,0.0,0.0,0.0,0.0,0.0
483.0,28193.0,79903.0,51710.0,25855.0,1.8341432270421736,64.86908960861187,13219.81807445477,2.1326314659714236,0.0,0.0,1.0,inf,28193.0,inf,217.0,42.0,175.0,0.0,0.0,0.0,0.0,0.0,0.0
484.0,28239.0,80033.0,51794.0,25897.0,1.8341301037572153,64.86908960861187,13219.81807445477,2.1361110902552776,0.0,0.0,1.0,inf,28239.0,inf,219.0,46.0,173.0,0.0,0.0,0.0,0.0,0.0,0.0
485.0,28276.0,80140.0,51864.0,25932.0,1.8342056868015277,64.86908960861187,13219.81807445477,2.1389099184835945,0.0,0.0,1.0,inf,28276.0,inf,220.0,37.0,183.0,0.0,0.0,0.0,0.0,0.0,0.0
486.0,28322.0,80270.0,51948.0,25974.0,1.8341925005296236,64.86908960861187,13219.81807445477,2.142389542767448,0.0,0.0,1.0,inf,28322.0,inf,220.0,46.0,174.0,0.0,0.0,0.0,0.0,0.0,0.0
487.0,28373.0,80415.0,52042.0,26021.0,1.8342085785782258,64.86908960861187,13219.81807445477,2.1462473870821555,0.0,0.0,1.0,inf,28373.0,inf,218.0,51.0,167.0,0.0,0.0,0.0,0.0,0.0,0.0
488.0,28410.0,80522.0,52112.0,26056.0,1.8342837029215064,64.86908960861187,13219.81807445477,2.1490462153104724,0.0,0.0,1.0,inf,28410.0,inf,219.0,37.0,182.0,0.0,0.0,0.0,0.0,0.0,0.0
489.0,28451.0,80639.0,52188.0,26094.0,1.834311623493023,64.86908960861187,13219.81807445477,2.1521476195634723,0.0,0.0,1.0,inf,28451.0,inf,220.0,41.0,179.0,0.0,0.0,0.0,0.0,0.0,0.0
490.0,28497.0,80771.0,52274.0,26137.0,1.834368530020704,64.86908960861187,13219.81807445477,2.155627243847326,0.0,0.0,1.0,inf,28497.0,inf,219.0,46.0,173.0,0.0,0.0,0.0,0.0,0.0,0.0
491.0,28535.0,80883.0,52348.0,26174.0,1.8345190117399686,65.20507362240026,13357.114593819826,2.1363146808070956,0.0,0.0,1.0,inf,28535.0,inf,217.0,38.0,179.0,0.0,0.0,0.0,0.0,0.0,0.0
492.0,28575.0,80995.0,52420.0,26210.0,1.8344706911636046,65.43405105207854,13451.090346009034,2.124363101053608,0.0,0.0,1.0,inf,28575.0,inf,219.0,40.0,179.0,0.0,0.0,0.0,0.0,0.0,0.0
493.0,28624.0,81142.0,52518.0,26259.0,1.8347540525433204,65.43405105207854,13451.090346009034,2.1280059284184945,0.0,0.0,1.0,inf,28624.0,inf,216.0,49.0,167.0,0.0,0.0,0.0,0.0,0.0,0.0
494.0,28672.0,81284.0,52612.0,26306.0,1.8349609375,65.43405105207854,13451.090346009034,2.1315744123677707,0.0,0.0,1.0,inf,28672.0,inf,217.0,48.0,169.0,0.0,0.0,0.0,0.0,0.0,0.0
495.0,28725.0,81427.0,52702.0,26351.0,1.8347084421235857,65.43405105207854,13451.090346009034,2.1355146133950966,0.0,0.0,1.0,inf,28725.0,inf,219.0,53.0,166.0,0.0,0.0,0.0,0.0,0.0,0.0
496.0,28767.0,81547.0,52780.0,26390.0,1.8347411965098899,65.43405105207854,13451.090346009034,2.1386370368507137,0.0,0.0,1.0,inf,28767.0,inf,218.0,42.0,176.0,0.0,0.0,0.0,0.0,0.0,0.0
497.0,28812.0,81676.0,52864.0,26432.0,1.8347910592808552,65.43405105207854,13451.090346009034,2.1419824905531604,0.0,0.0,1.0,inf,28812.0,inf,219.0,45.0,174.0,0.0,0.0,0.0,0.0,0.0,0.0
498.0,28862.0,81810.0,52948.0,26474.0,1.8345229020857876,65.69708499191168,13559.449969274174,2.128552416609931,0.0,0.0,1.0,inf,28862.0,inf,219.0,50.0,169.0,0.0,0.0,0.0,0.0,0.0,0.0
499.0,28904.0,81924.0,53020.0,26510.0,1.8343481871021312,65.69708499191168,13559.449969274174,2.1316498873845697,0.0,0.0,1.0,inf,28904.0,inf,217.0,42.0,175.0,0.0,0.0,0.0,0.0,0.0,0.0
500.0,28946.0,82046.0,53100.0,26550.0,1.8344503558350032,65.69708499191168,13559.449969274174,2.1347473581592085,0.0,0.0,1.0,inf,28946.0,inf,217.0,42.0,175.0,0.0,0.0,0.0,0.0,0.0,0.0
501.0,28994.0,82178.0,53184.0,26592.0,1.834310547009726,65.69708499191168,13559.449969274174,2.138287324758795,0.0,0.0,1.0,inf,28994.0,inf,217.0,48.0,169.0,0.0,0.0,0.0,0.0,0.0,0.0
502.0,29049.0,82331.0,53282.0,26641.0,1.8342111604530276,65.69708499191168,13559.449969274174,2.1423435364874885,0.0,0.0,1.0,inf,29049.0,inf,219.0,55.0,164.0,0.0,0.0,0.0,0.0,0.0,0.0
503.0,29098.0,82478.0,53380.0,26690.0,1.8344903429788988,65.69708499191168,13559.449969274174,2.1459572523912334,0.0,0.0,1.0,inf,29098.0,inf,217.0,49.0,168.0,0.0,0.0,0.0,0.0,0.0,0.0
504.0,29145.0,82609.0,53464.0,26732.0,1.8344141362154744,65.69708499191168,13559.449969274174,2.149423469686662,0.0,0.0,1.0,inf,29145.0,inf,218.0,47.0,171.0,0.0,0.0,0.0,0.0,0.0,0.0
505.0,29180.0,82712.0,53532.0,26766.0,1.8345442083618917,65.69708499191168,13559.449969274174,2.1520046953321943,0.0,0.0,1.0,inf,29180.0,inf,219.0,35.0,184.0,0.0,0.0,0.0,0.0,0.0,0.0
506.0,29229.0,82849.0,53620.0,26810.0,1.8344794553354544,65.69708499191168,13559.449969274174,2.155618411235939,0.0,0.0,1.0,inf,29229.0,inf,219.0,49.0,170.0,0.0,0.0,0.0,0.0,0.0,0.0
507.0,29276.0,82984.0,53708.0,26854.0,1.8345402377373958,65.69708499191168,13559.449969274174,2.1590846285313683,0.0,0.0,1.0,inf,29276.0,inf,218.0,47.0,171.0,0.0,0.0,0.0,0.0,0.0,0.0
508.0,29326.0,83120.0,53794.0,26897.0,1.834344949873832,66.39639304655577,13849.651553226602,2.1174539942247006,0.0,0.0,1.0,inf,29326.0,inf,216.0,50.0,166.0,0.0,0.0,0.0,0.0,0.0,0.0
509.0,29359.0,83217.0,53858.0,26929.0,1.8344630266698456,66.39639304655577,13849.651553226602,2.11983672565106,0.0,0.0,1.0,inf,29359.0,inf,219.0,33.0,186.0,0.0,0.0,0.0,0.0,0.0,0.0
510.0,29399.0,83329.0,53930.0,26965.0,1.8344161366032858,66.39639304655577,13849.651553226602,2.1227248849557383,0.0,0.0,1.0,inf,29399.0,inf,219.0,40.0,179.0,0.0,0.0,0.0,0.0,0.0,0.0
511.0,29445.0,83461.0,54016.0,27008.0,1.8344710477160808,66.39639304655577,13849.651553226602,2.126046268156118,0.0,0.0,1.0,inf,29445.0,inf,219.0,46.0,173.0,0.0,0.0,0.0,0.0,0.0,0.0
512.0,29490.0,83586.0,54096.0,27048.0,1.8343845371312308,66.39639304655577,13849.651553226602,2.1292954473738805,0.0,0.0,1.0,inf,29490.0,inf,218.0,45.0,173.0,0.0,0.0,0.0,0.0,0.0,0.0
513.0,29533.0,83703.0,54170.0,27085.0,1.8342193478481699,66.39639304655577,13849.651553226602,2.1324002186264095,0.0,0.0,1.0,inf,29533.0,inf,219.0,43.0,176.0,0.0,0.0,0.0,0.0,0.0,0.0
514.0,29574.0,83818.0,54244.0,27122.0,1.834178670453777,66.39639304655577,13849.651553226602,2.1353605819137047,0.0,0.0,1.0,inf,29574.0,inf,219.0,41.0,178.0,0.0,0.0,0.0,0.0,0.0,0.0
515.0,29611.0,83921.0,54310.0,27155.0,1.83411570024653,66.39639304655577,13849.651553226602,2.138032129270532,0.0,0.0,1.0,inf,29611.0,inf,217.0,37.0,180.0,0.0,0.0,0.0,0.0,0.0,0.0
516.0,29659.0,84049.0,54390.0,27195.0,1.833844701439698,66.39639304655577,13849.651553226602,2.1414979204361453,0.0,0.0,1.0,inf,29659.0,inf,219.0,48.0,171.0,0.0,0.0,0.0,0.0,0.0,0.0
517.0,29705.0,84173.0,54468.0,27234.0,1.8336307019020366,66.39639304655577,13849.651553226602,2.1448193036365253,0.0,0.0,1.0,inf,29705.0,inf,215.0,46.0,169.0,0.0,0.0,0.0,0.0,0.0,0.0
518.0,29757.0,84325.0,54568.0,27284.0,1.8337870080989347,66.39639304655577,13849.651553226602,2.1485739107326065,0.0,0.0,1.0,inf,29757.0,inf,218.0,52.0,166.0,0.0,0.0,0.0,0.0,0.0,0.0
519.0,29799.0,84445.0,54646.0,27323.0,1.8338199268431827,66.39639304655577,13849.651553226602,2.1516064780025186,0.0,0.0,1.0,inf,29799.0,inf,219.0,42.0,177.0,0.0,0.0,0.0,0.0,0.0,0.0
520.0,29840.0,84560.0,54720.0,27360.0,1.8337801608579087,66.39639304655577,13849.651553226602,2.1545668412898134,0.0,0.0,1.0,inf,29840.0,inf,218.0,41.0,177.0,0.0,0.0,0.0,0.0,0.0,0.0
521.0,29887.0,84691.0,54804.0,27402.0,1.8337069628935658,66.39639304655577,13849.651553226602,2.15796042847281,0.0,0.0,1.0,inf,29887.0,inf,219.0,47.0,172.0,0.0,0.0,0.0,0.0,0.0,0.0
522.0,29939.0,84841.0,54902.0,27451.0,1.8337953839473595,66.39639304655577,13849.651553226602,2.161715035568892,0.0,0.0,1.0,inf,29939.0,inf,219.0,52.0,167.0,0.0,0.0,0.0,0.0,0.0,0.0
523.0,29981.0,84949.0,54968.0,27484.0,1.8334278376304993,66.39639304655577,13849.651553226602,2.1647476028388035,0.0,0.0,1.0,inf,29981.0,inf,217.0,42.0,175.0,0.0,0.0,0.0,0.0,0.0,0.0
524.0,30030.0,85086.0,55056.0,27528.0,1.8333666333666334,66.39639304655577,13849.651553226602,2.168285597987034,0.0,0.0,1.0,inf,30030.0,inf,218.0,49.0,169.0,0.0,0.0,0.0,0.0,0.0,0.0
525.0,30080.0,85224.0,55144.0,27572.0,1.8332446808510638,66.39639304655577,13849.651553226602,2.1718957971178816,0.0,0.0,1.0,inf,30080.0,inf,215.0,50.0,165.0,0.0,0.0,0.0,0.0,0.0,0.0
526.0,30116.0,85332.0,55216.0,27608.0,1.8334440164696506,66.39639304655577,13849.651553226602,2.174495140492092,0.0,0.0,1.0,inf,30116.0,inf,218.0,36.0,182.0,0.0,0.0,0.0,0.0,0.0,0.0
527.0,30154.0,85440.0,55286.0,27643.0,1.8334549313523911,66.39639304655577,13849.651553226602,2.177238891831536,0.0,0.0,1.0,inf,30154.0,inf,220.0,38.0,182.0,0.0,0.0,0.0,0.0,0.0,0.0
528.0,30196.0,85550.0,55354.0,27677.0,1.8331567094979468,66.39639304655577,13849.651553226602,2.1802714591014483,0.0,0.0,1.0,inf,30196.0,inf,218.0,42.0,176.0,0.0,0.0,0.0,0.0,0.0,0.0
529.0,30238.0,85668.0,55430.0,27715.0,1.8331238838547523,66.39639304655577,13849.651553226602,2.18330402637136,0.0,0.0,1.0,inf,30238.0,inf,218.0,42.0,176.0,0.0,0.0,0.0,0.0,0.0,0.0
530.0,30286.0,85802.0,55516.0,27758.0,1.8330581786964273,66.39639304655577,13849.651553226602,2.1867698175369736,0.0,0.0,1.0,inf,30286.0,inf,217.0,48.0,169.0,0.0,0.0,0.0,0.0,0.0,0.0
531.0,30338.0,85952.0,55614.0,27807.0,1.8331465488825895,66.39639304655577,13849.651553226602,2.190524424633055,0.0,0.0,1.0,inf,30338.0,inf,220.0,52.0,168.0,0.0,0.0,0.0,0.0,0.0,0.0
532.0,30379.0,86059.0,55680.0,27840.0,1.8328450574409954,66.39639304655577,13849.651553226602,2.19348478792035,0.0,0.0,1.0,inf,30379.0,inf,218.0,41.0,177.0,0.0,0.0,0.0,0.0,0.0,0.0
533.0,30433.0,86205.0,55772.0,27886.0,1.832615910360464,66.39639304655577,13849.651553226602,2.1973838029816655,0.0,0.0,1.0,inf,30433.0,inf,220.0,54.0,166.0,0.0,0.0,0.0,0.0,0.0,0.0
534.0,30479.0,86337.0,55858.0,27929.0,1.8326716755799075,66.39639304655577,13849.651553226602,2.200705186182045,0.0,0.0,1.0,inf,30479.0,inf,216.0,46.0,170.0,0.0,0.0,0.0,0.0,0.0,0.0
535.0,30519.0,86443.0,55924.0,27962.0,1.8324322553163603,66.39639304655577,13849.651553226602,2.2035933454867234,0.0,0.0,1.0,inf,30519.0,inf,219.0,40.0,179.0,0.0,0.0,0.0,0.0,0.0,0.0
536.0,30553.0,86539.0,55986.0,27993.0,1.8324223480509279,66.540478606351,13909.826509773431,2.196504749971728,0.0,0.0,1.0,inf,30553.0,inf,219.0,34.0,185.0,0.0,0.0,0.0,0.0,0.0,0.0
537.0,30603.0,86681.0,56078.0,28039.0,1.832434728621377,66.540478606351,13909.826509773431,2.2000993311093766,0.0,0.0,1.0,inf,30603.0,inf,218.0,50.0,168.0,0.0,0.0,0.0,0.0,0.0,0.0
538.0,30646.0,86794.0,56148.0,28074.0,1.8321477517457416,66.540478606351,13909.826509773431,2.2031906708877544,0.0,0.0,1.0,inf,30646.0,inf,219.0,43.0,176.0,0.0,0.0,0.0,0.0,0.0,0.0
539.0,30688.0,86912.0,56224.0,28112.0,1.832116788321168,66.540478606351,13909.826509773431,2.2062101190433796,0.0,0.0,1.0,inf,30688.0,inf,216.0,42.0,174.0,0.0,0.0,0.0,0.0,0.0,0.0
540.0,30733.0,87039.0,56306.0,28153.0,1.8321023004587902,66.540478606351,13909.826509773431,2.2094452420672637,0.0,0.0,1.0,inf,30733.0,inf,218.0,45.0,173.0,0.0,0.0,0.0,0.0,0.0,0.0
541.0,30769.0,87141.0,56372.0,28186.0,1.8321037407780558,66.540478606351,13909.826509773431,2.212033340486371,0.0,0.0,1.0,inf,30769.0,inf,220.0,36.0,184.0,0.0,0.0,0.0,0.0,0.0,0.0
542.0,30814.0,87268.0,56454.0,28227.0,1.8320893100538715,66.72708812260211,13987.954765409491,2.202895313630787,0.0,0.0,1.0,inf,30814.0,inf,217.0,45.0,172.0,0.0,0.0,0.0,0.0,0.0,0.0
543.0,30859.0,87403.0,56544.0,28272.0,1.8323341650733984,66.72708812260211,13987.954765409491,2.206112367214008,0.0,0.0,1.0,inf,30859.0,inf,219.0,45.0,174.0,0.0,0.0,0.0,0.0,0.0,0.0
544.0,30910.0,87554.0,56644.0,28322.0,1.8325461015852476,66.72708812260211,13987.954765409491,2.2097583612749925,0.0,0.0,1.0,inf,30910.0,inf,220.0,51.0,169.0,0.0,0.0,0.0,0.0,0.0,0.0
545.0,30941.0,87645.0,56704.0,28352.0,1.8326492356420283,66.72708812260211,13987.954765409491,2.211974553743434,0.0,0.0,1.0,inf,30941.0,inf,219.0,31.0,188.0,0.0,0.0,0.0,0.0,0.0,0.0
546.0,30977.0,87749.0,56772.0,28386.0,1.832714594699293,66.72708812260211,13987.954765409491,2.214548196610011,0.0,0.0,1.0,inf,30977.0,inf,219.0,36.0,183.0,0.0,0.0,0.0,0.0,0.0,0.0
547.0,31011.0,87843.0,56832.0,28416.0,1.8326400309567572,66.72708812260211,13987.954765409491,2.216978859317334,0.0,0.0,1.0,inf,31011.0,inf,219.0,34.0,185.0,0.0,0.0,0.0,0.0,0.0,0.0
548.0,31061.0,87989.0,56928.0,28464.0,1.8327806574160523,66.72708812260211,13987.954765409491,2.2205533632986914,0.0,0.0,1.0,inf,31061.0,inf,220.0,50.0,170.0,0.0,0.0,0.0,0.0,0.0,0.0
549.0,31115.0,88149.0,57034.0,28517.0,1.8330065884621565,66.72708812260211,13987.954765409491,2.224413827598557,0.0,0.0,1.0,inf,31115.0,inf,219.0,54.0,165.0,0.0,0.0,0.0,0.0,0.0,0.0
550.0,31149.0,88243.0,57094.0,28547.0,1.8329320363414556,66.72708812260211,13987.954765409491,2.2268444903058797,0.0,0.0,1.0,inf,31149.0,inf,220.0,34.0,186.0,0.0,0.0,0.0,0.0,0.0,0.0
551.0,31187.0,88353.0,57166.0,28583.0,1.833007342803091,66.72708812260211,13987.954765409491,2.229561113331711,0.0,0.0,1.0,inf,31187.0,inf,218.0,38.0,180.0,0.0,0.0,0.0,0.0,0.0,0.0
552.0,31230.0,88472.0,57242.0,28621.0,1.8329170669228305,66.72708812260211,13987.954765409491,2.232635186755678,0.0,0.0,1.0,inf,31230.0,inf,218.0,43.0,175.0,0.0,0.0,0.0,0.0,0.0,0.0
553.0,31271.0,88585.0,57314.0,28657.0,1.8328163474145374,66.72708812260211,13987.954765409491,2.2355662800203913,0.0,0.0,1.0,inf,31271.0,inf,218.0,41.0,177.0,0.0,0.0,0.0,0.0,0.0,0.0
554.0,31304.0,88676.0,57372.0,28686.0,1.832737030411449,66.72708812260211,13987.954765409491,2.2379254526480867,0.0,0.0,1.0,inf,31304.0,inf,218.0,33.0,185.0,0.0,0.0,0.0,0.0,0.0,0.0
555.0,31351.0,88809.0,57458.0,28729.0,1.8327326082102644,66.72708812260211,13987.954765409491,2.2412854863905625,0.0,0.0,1.0,inf,31351.0,inf,220.0,47.0,173.0,0.0,0.0,0.0,0.0,0.0,0.0
556.0,31385.0,88909.0,57524.0,28762.0,1.8328500876214753,66.72708812260211,13987.954765409491,2.2437161490978856,0.0,0.0,1.0,inf,31385.0,inf,216.0,34.0,182.0,0.0,0.0,0.0,0.0,0.0,0.0
557.0,31427.0,89029.0,57602.0,28801.0,1.83288255321857,66.72708812260211,13987.954765409491,2.2467187324422255,0.0,0.0,1.0,inf,31427.0,inf,218.0,42.0,176.0,0.0,0.0,0.0,0.0,0.0,0.0
558.0,31475.0,89167.0,57692.0,28846.0,1.8329467831612392,66.72708812260211,13987.954765409491,2.2501502562643285,0.0,0.0,1.0,inf,31475.0,inf,219.0,48.0,171.0,0.0,0.0,0.0,0.0,0.0,0.0
559.0,31506.0,89258.0,57752.0,28876.0,1.8330476734590238,66.72708812260211,13987.954765409491,2.25236644873277,0.0,0.0,1.0,inf,31506.0,inf,220.0,31.0,189.0,0.0,0.0,0.0,0.0,0.0,0.0
560.0,31551.0,89389.0,57838.0,28919.0,1.8331590123926342,66.72708812260211,13987.954765409491,2.255583502315991,0.0,0.0,1.0,inf,31551.0,inf,219.0,45.0,174.0,0.0,0.0,0.0,0.0,0.0,0.0
561.0,31592.0,89504.0,57912.0,28956.0,1.8331223094454292,66.72708812260211,13987.954765409491,2.258514595580704,0.0,0.0,1.0,inf,31592.0,inf,218.0,41.0,177.0,0.0,0.0,0.0,0.0,0.0,0.0
562.0,31632.0,89612.0,57980.0,28990.0,1.8329539706626201,66.72708812260211,13987.954765409491,2.26137419876579,0.0,0.0,1.0,inf,31632.0,inf,218.0,40.0,178.0,0.0,0.0,0.0,0.0,0.0,0.0
563.0,31664.0,89702.0,58038.0,29019.0,1.832933299646286,66.72708812260211,13987.954765409491,2.2636618813138583,0.0,0.0,1.0,inf,31664.0,inf,217.0,32.0,185.0,0.0,0.0,0.0,0.0,0.0,0.0
564.0,31710.0,89838.0,58128.0,29064.0,1.833112582781457,66.72708812260211,13987.954765409491,2.266950424976707,0.0,0.0,1.0,inf,31710.0,inf,220.0,46.0,174.0,0.0,0.0,0.0,0.0,0.0,0.0
565.0,31763.0,89987.0,58224.0,29112.0,1.8330762207600038,66.72708812260211,13987.954765409491,2.2707393991969456,0.0,0.0,1.0,inf,31763.0,inf,219.0,53.0,166.0,0.0,0.0,0.0,0.0,0.0,0.0
566.0,31798.0,90084.0,58286.0,29143.0,1.833008365305994,66.89030033041914,14056.466583354006,2.2621616756558103,0.0,0.0,1.0,inf,31798.0,inf,218.0,35.0,183.0,0.0,0.0,0.0,0.0,0.0,0.0
567.0,31844.0,90216.0,58372.0,29186.0,1.8330611732194448,66.89030033041914,14056.466583354006,2.2654341908165176,0.0,0.0,1.0,inf,31844.0,inf,219.0,46.0,173.0,0.0,0.0,0.0,0.0,0.0,0.0
568.0,31881.0,90323.0,58442.0,29221.0,1.8331294501427182,66.89030033041914,14056.466583354006,2.268066431271869,0.0,0.0,1.0,inf,31881.0,inf,219.0,37.0,182.0,0.0,0.0,0.0,0.0,0.0,0.0
569.0,31925.0,90453.0,58528.0,29264.0,1.8332967893500391,66.89030033041914,14056.466583354006,2.2711966631647194,0.0,0.0,1.0,inf,31925.0,inf,217.0,44.0,173.0,0.0,0.0,0.0,0.0,0.0,0.0
570.0,31966.0,90570.0,58604.0,29302.0,1.8333229055871865,66.89030033041914,14056.466583354006,2.2741134701557844,0.0,0.0,1.0,inf,31966.0,inf,220.0,41.0,179.0,0.0,0.0,0.0,0.0,0.0,0.0
571.0,32015.0,90707.0,58692.0,29346.0,1.833265656723411,66.89030033041914,14056.466583354006,2.2775994102182766,0.0,0.0,1.0,inf,32015.0,inf,218.0,49.0,169.0,0.0,0.0,0.0,0.0,0.0,0.0
572.0,32062.0,90840.0,58778.0,29389.0,1.8332605576695153,66.89030033041914,14056.466583354006,2.2809430670129123,0.0,0.0,1.0,inf,32062.0,inf,218.0,47.0,171.0,0.0,0.0,0.0,0.0,0.0,0.0
573.0,32095.0,90937.0,58842.0,29421.0,1.833369683751363,67.08982066605451,14140.446880133884,2.2697302477116703,0.0,0.0,1.0,inf,32095.0,inf,218.0,33.0,185.0,0.0,0.0,0.0,0.0,0.0,0.0
574.0,32136.0,91054.0,58918.0,29459.0,1.8333955688324621,67.08982066605451,14140.446880133884,2.2726297317483173,0.0,0.0,1.0,inf,32136.0,inf,218.0,41.0,177.0,0.0,0.0,0.0,0.0,0.0,0.0
575.0,32182.0,91190.0,59008.0,29504.0,1.833571561742589,67.08982066605451,14140.446880133884,2.2758828113991894,0.0,0.0,1.0,inf,32182.0,inf,219.0,46.0,173.0,0.0,0.0,0.0,0.0,0.0,0.0
576.0,32227.0,91319.0,59092.0,29546.0,1.8336177739162813,67.50665955969039,14316.706086460226,2.2510066076217154,0.0,0.0,1.0,inf,32227.0,inf,214.0,45.0,169.0,0.0,0.0,0.0,0.0,0.0,0.0
577.0,32262.0,91418.0,59156.0,29578.0,1.8336122992994854,67.50665955969039,14316.706086460226,2.2534513040336295,0.0,0.0,1.0,inf,32262.0,inf,219.0,35.0,184.0,0.0,0.0,0.0,0.0,0.0,0.0
578.0,32300.0,91522.0,59222.0,29611.0,1.8334984520123838,67.50665955969039,14316.706086460226,2.2561055458522796,0.0,0.0,1.0,inf,32300.0,inf,219.0,38.0,181.0,0.0,0.0,0.0,0.0,0.0,0.0
579.0,32339.0,91631.0,59292.0,29646.0,1.8334518692600266,67.50665955969039,14316.706086460226,2.2588296361398412,0.0,0.0,1.0,inf,32339.0,inf,219.0,39.0,180.0,0.0,0.0,0.0,0.0,0.0,0.0
580.0,32382.0,91748.0,59366.0,29683.0,1.8333024519794947,67.50665955969039,14316.706086460226,2.26183312030305,0.0,0.0,1.0,inf,32382.0,inf,219.0,43.0,176.0,0.0,0.0,0.0,0.0,0.0,0.0
581.0,32422.0,91864.0,59442.0,29721.0,1.8333847387576336,67.50665955969039,14316.706086460226,2.2646270590595234,0.0,0.0,1.0,inf,32422.0,inf,219.0,40.0,179.0,0.0,0.0,0.0,0.0,0.0,0.0
582.0,32451.0,91949.0,59498.0,29749.0,1.8334720039444086,67.50665955969039,14316.706086460226,2.2666526646579666,0.0,0.0,1.0,inf,32451.0,inf,219.0,29.0,190.0,0.0,0.0,0.0,0.0,0.0,0.0
583.0,32488.0,92052.0,59564.0,29782.0,1.8334154149224329,67.76630973768539,14427.050289014134,2.251880970064883,0.0,0.0,1.0,inf,32488.0,inf,220.0,37.0,183.0,0.0,0.0,0.0,0.0,0.0,0.0
584.0,32523.0,92149.0,59626.0,29813.0,1.8333487070688437,67.76630973768539,14427.050289014134,2.2543069684012615,0.0,0.0,1.0,inf,32523.0,inf,220.0,35.0,185.0,0.0,0.0,0.0,0.0,0.0,0.0
585.0,32566.0,92272.0,59706.0,29853.0,1.8333845114536633,67.76630973768539,14427.050289014134,2.2572874806430985,0.0,0.0,1.0,inf,32566.0,inf,219.0,43.0,176.0,0.0,0.0,0.0,0.0,0.0,0.0
586.0,32616.0,92414.0,59798.0,29899.0,1.8333946529310767,67.76630973768539,14427.050289014134,2.260753192552211,0.0,0.0,1.0,inf,32616.0,inf,217.0,50.0,167.0,0.0,0.0,0.0,0.0,0.0,0.0
587.0,32651.0,92517.0,59866.0,29933.0,1.8335119904443968,67.76630973768539,14427.050289014134,2.2631791908885894,0.0,0.0,1.0,inf,32651.0,inf,218.0,35.0,183.0,0.0,0.0,0.0,0.0,0.0,0.0
588.0,32701.0,92659.0,59958.0,29979.0,1.8335219106449343,67.76630973768539,14427.050289014134,2.266644902797702,0.0,0.0,1.0,inf,32701.0,inf,220.0,50.0,170.0,0.0,0.0,0.0,0.0,0.0,0.0
589.0,32748.0,92796.0,60048.0,30024.0,1.8336386954928545,67.76630973768539,14427.050289014134,2.2699026719922677,0.0,0.0,1.0,inf,32748.0,inf,220.0,47.0,173.0,0.0,0.0,0.0,0.0,0.0,0.0
590.0,32793.0,92921.0,60128.0,30064.0,1.8335620406794133,67.76630973768539,14427.050289014134,2.2730218127104687,0.0,0.0,1.0,inf,32793.0,inf,217.0,45.0,172.0,0.0,0.0,0.0,0.0,0.0,0.0
591.0,32839.0,93051.0,60212.0,30106.0,1.833551569779835,68.21943137985026,14620.629203778368,2.2460729659646597,0.0,0.0,1.0,inf,32839.0,inf,220.0,46.0,174.0,0.0,0.0,0.0,0.0,0.0,0.0
592.0,32879.0,93167.0,60288.0,30144.0,1.833632409744822,68.21943137985026,14620.629203778368,2.248808826333081,0.0,0.0,1.0,inf,32879.0,inf,217.0,40.0,177.0,0.0,0.0,0.0,0.0,0.0,0.0
593.0,32919.0,93277.0,60358.0,30179.0,1.8335307876909992,68.21943137985026,14620.629203778368,2.2515446867015023,0.0,0.0,1.0,inf,32919.0,inf,220.0,40.0,180.0,0.0,0.0,0.0,0.0,0.0,0.0
594.0,32964.0,93408.0,60444.0,30222.0,1.833636694575901,68.21943137985026,14620.629203778368,2.2546225296159763,0.0,0.0,1.0,inf,32964.0,inf,218.0,45.0,173.0,0.0,0.0,0.0,0.0,0.0,0.0
595.0,33004.0,93524.0,60520.0,30260.0,1.8337171251969457,68.21943137985026,14620.629203778368,2.2573583899843976,0.0,0.0,1.0,inf,33004.0,inf,219.0,40.0,179.0,0.0,0.0,0.0,0.0,0.0,0.0
596.0,33046.0,93644.0,60598.0,30299.0,1.8337468982630274,68.21943137985026,14620.629203778368,2.26023104337124,0.0,0.0,1.0,inf,33046.0,inf,219.0,42.0,177.0,0.0,0.0,0.0,0.0,0.0,0.0
597.0,33080.0,93734.0,60654.0,30327.0,1.8335550181378477,68.21943137985026,14620.629203778368,2.2625565246843977,0.0,0.0,1.0,inf,33080.0,inf,217.0,34.0,183.0,0.0,0.0,0.0,0.0,0.0,0.0
598.0,33128.0,93870.0,60742.0,30371.0,1.833554696933108,68.21943137985026,14620.629203778368,2.2658395571265033,0.0,0.0,1.0,inf,33128.0,inf,217.0,48.0,169.0,0.0,0.0,0.0,0.0,0.0,0.0
599.0,33187.0,94043.0,60856.0,30428.0,1.833730075029379,68.21943137985026,14620.629203778368,2.2698749511699248,0.0,0.0,1.0,inf,33187.0,inf,217.0,59.0,158.0,0.0,0.0,0.0,0.0,0.0,0.0
600.0,33236.0,94190.0,60954.0,30477.0,1.8339752076062101,68.30300556177791,14656.473993643227,2.2676668354486247,0.0,0.0,1.0,inf,33236.0,inf,219.0,49.0,170.0,0.0,0.0,0.0,0.0,0.0,0.0
601.0,33287.0,94337.0,61050.0,30525.0,1.8340493285667077,68.30300556177791,14656.473993643227,2.271146526404452,0.0,0.0,1.0,inf,33287.0,inf,219.0,51.0,168.0,0.0,0.0,0.0,0.0,0.0,0.0
602.0,33329.0,94461.0,61132.0,30566.0,1.8341984457979537,68.30300556177791,14656.473993643227,2.2740121542504275,0.0,0.0,1.0,inf,33329.0,inf,218.0,42.0,176.0,0.0,0.0,0.0,0.0,0.0,0.0
603.0,33376.0,94600.0,61224.0,30612.0,1.834372003835091,68.30300556177791,14656.473993643227,2.277218928268543,0.0,0.0,1.0,inf,33376.0,inf,220.0,47.0,173.0,0.0,0.0,0.0,0.0,0.0,0.0
604.0,33412.0,94706.0,61294.0,30647.0,1.8344906021788578,68.30300556177791,14656.473993643227,2.2796751807079505,0.0,0.0,1.0,inf,33412.0,inf,218.0,36.0,182.0,0.0,0.0,0.0,0.0,0.0,0.0
605.0,33454.0,94822.0,61368.0,30684.0,1.8343994739044658,68.30300556177791,14656.473993643227,2.282540808553926,0.0,0.0,1.0,inf,33454.0,inf,219.0,42.0,177.0,0.0,0.0,0.0,0.0,0.0,0.0
606.0,33497.0,94949.0,61452.0,30726.0,1.83455234797146,68.30300556177791,14656.473993643227,2.2854746656343297,0.0,0.0,1.0,inf,33497.0,inf,217.0,43.0,174.0,0.0,0.0,0.0,0.0,0.0,0.0
607.0,33542.0,95078.0,61536.0,30768.0,1.8345954325919742,68.53689278986371,14757.020994871236,2.2729519739558164,0.0,0.0,1.0,inf,33542.0,inf,219.0,45.0,174.0,0.0,0.0,0.0,0.0,0.0,0.0
608.0,33579.0,95185.0,61606.0,30803.0,1.8346585663658834,69.13917833909196,15017.52282568026,2.2359879448679276,0.0,0.0,1.0,inf,33579.0,inf,218.0,37.0,181.0,0.0,0.0,0.0,0.0,0.0,0.0
609.0,33616.0,95292.0,61676.0,30838.0,1.8347215611613517,69.13917833909196,15017.52282568026,2.238451733365504,0.0,0.0,1.0,inf,33616.0,inf,220.0,37.0,183.0,0.0,0.0,0.0,0.0,0.0,0.0
610.0,33659.0,95413.0,61754.0,30877.0,1.8346950295611872,69.13917833909196,15017.52282568026,2.2413150551329575,0.0,0.0,1.0,inf,33659.0,inf,218.0,43.0,175.0,0.0,0.0,0.0,0.0,0.0,0.0
611.0,33702.0,95530.0,61828.0,30914.0,1.8345498783454988,69.13917833909196,15017.52282568026,2.244178376900411,0.0,0.0,1.0,inf,33702.0,inf,217.0,43.0,174.0,0.0,0.0,0.0,0.0,0.0,0.0
612.0,33744.0,95652.0,61908.0,30954.0,1.8346372688477952,69.13917833909196,15017.52282568026,2.2469751097895516,0.0,0.0,1.0,inf,33744.0,inf,219.0,42.0,177.0,0.0,0.0,0.0,0.0,0.0,0.0
613.0,33795.0,95799.0,62004.0,31002.0,1.8347092765201953,69.13917833909196,15017.52282568026,2.250371142583508,0.0,0.0,1.0,inf,33795.0,inf,218.0,51.0,167.0,0.0,0.0,0.0,0.0,0.0,0.0
614.0,33834.0,95910.0,62076.0,31038.0,1.8347224685227876,69.13917833909196,15017.52282568026,2.25296810883771,0.0,0.0,1.0,inf,33834.0,inf,220.0,39.0,181.0,0.0,0.0,0.0,0.0,0.0,0.0
615.0,33880.0,96036.0,62156.0,31078.0,1.8345926800472254,69.13917833909196,15017.52282568026,2.256031197240102,0.0,0.0,1.0,inf,33880.0,inf,220.0,46.0,174.0,0.0,0.0,0.0,0.0,0.0,0.0
616.0,33936.0,96194.0,62258.0,31129.0,1.8345709570957096,69.13917833909196,15017.52282568026,2.259760174425623,0.0,0.0,1.0,inf,33936.0,inf,217.0,56.0,161.0,0.0,0.0,0.0,0.0,0.0,0.0
617.0,33987.0,96341.0,62354.0,31177.0,1.834642657486686,69.13917833909196,15017.52282568026,2.2631562072195797,0.0,0.0,1.0,inf,33987.0,inf,219.0,51.0,168.0,0.0,0.0,0.0,0.0,0.0,0.0
618.0,34034.0,96466.0,62432.0,31216.0,1.8344008932244227,69.19115608809948,15040.11118914325,2.262882206919291,0.0,0.0,1.0,inf,34034.0,inf,217.0,47.0,170.0,0.0,0.0,0.0,0.0,0.0,0.0
619.0,34071.0,96567.0,62496.0,31248.0,1.8342872237386634,69.19115608809948,15040.11118914325,2.2653422951150954,0.0,0.0,1.0,inf,34071.0,inf,218.0,37.0,181.0,0.0,0.0,0.0,0.0,0.0,0.0
620.0,34111.0,96679.0,62568.0,31284.0,1.8342470170912608,69.19115608809948,15040.11118914325,2.268001849921371,0.0,0.0,1.0,inf,34111.0,inf,219.0,40.0,179.0,0.0,0.0,0.0,0.0,0.0,0.0
621.0,34165.0,96833.0,62668.0,31334.0,1.8342748426752524,69.19115608809948,15040.11118914325,2.2715922489098426,0.0,0.0,1.0,inf,34165.0,inf,219.0,54.0,165.0,0.0,0.0,0.0,0.0,0.0,0.0
622.0,34202.0,96938.0,62736.0,31368.0,1.8342786971522134,69.19115608809948,15040.11118914325,2.274052337105647,0.0,0.0,1.0,inf,34202.0,inf,218.0,37.0,181.0,0.0,0.0,0.0,0.0,0.0,0.0
623.0,34256.0,97096.0,62840.0,31420.0,1.834423166744512,69.19115608809948,15040.11118914325,2.2776427360941187,0.0,0.0,1.0,inf,34256.0,inf,219.0,54.0,165.0,0.0,0.0,0.0,0.0,0.0,0.0
624.0,34296.0,97206.0,62910.0,31455.0,1.8343247025892233,69.19115608809948,15040.11118914325,2.280302290900394,0.0,0.0,1.0,inf,34296.0,inf,217.0,40.0,177.0,0.0,0.0,0.0,0.0,0.0,0.0
625.0,34348.0,97356.0,63008.0,31504.0,1.8344008384767672,69.35744873416289,15112.492271554827,2.272821675128384,0.0,0.0,1.0,inf,34348.0,inf,219.0,52.0,167.0,0.0,0.0,0.0,0.0,0.0,0.0
626.0,34388.0,97466.0,63078.0,31539.0,1.8343026637199022,69.35744873416289,15112.492271554827,2.275468492031992,0.0,0.0,1.0,inf,34388.0,inf,218.0,40.0,178.0,0.0,0.0,0.0,0.0,0.0,0.0
627.0,34426.0,97576.0,63150.0,31575.0,1.8343693719862895,69.35744873416289,15112.492271554827,2.27798296809042,0.0,0.0,1.0,inf,34426.0,inf,218.0,38.0,180.0,0.0,0.0,0.0,0.0,0.0,0.0
628.0,34473.0,97713.0,63240.0,31620.0,1.8344791576016013,69.35744873416289,15112.492271554827,2.28109297795216,0.0,0.0,1.0,inf,34473.0,inf,217.0,47.0,170.0,0.0,0.0,0.0,0.0,0.0,0.0
629.0,34523.0,97851.0,63328.0,31664.0,1.83437128870608,69.35744873416289,15112.492271554827,2.28440149908167,0.0,0.0,1.0,inf,34523.0,inf,218.0,50.0,168.0,0.0,0.0,0.0,0.0,0.0,0.0
630.0,34564.0,97974.0,63410.0,31705.0,1.8345677583613007,69.35744873416289,15112.492271554827,2.2871144864078685,0.0,0.0,1.0,inf,34564.0,inf,217.0,41.0,176.0,0.0,0.0,0.0,0.0,0.0,0.0
631.0,34610.0,98110.0,63500.0,31750.0,1.834729846865068,69.47615087277978,15164.26523212103,2.28233939925351,0.0,0.0,1.0,inf,34610.0,inf,218.0,46.0,172.0,0.0,0.0,0.0,0.0,0.0,0.0
632.0,34644.0,98208.0,63564.0,31782.0,1.8347765846899895,69.47615087277978,15164.26523212103,2.2845815125032822,0.0,0.0,1.0,inf,34644.0,inf,216.0,34.0,182.0,0.0,0.0,0.0,0.0,0.0,0.0
633.0,34685.0,98325.0,63640.0,31820.0,1.8347989044255442,69.47615087277978,15164.26523212103,2.2872852373044785,0.0,0.0,1.0,inf,34685.0,inf,220.0,41.0,179.0,0.0,0.0,0.0,0.0,0.0,0.0
634.0,34736.0,98468.0,63732.0,31866.0,1.83475356978351,69.47615087277978,15164.26523212103,2.2906484071791366,0.0,0.0,1.0,inf,34736.0,inf,220.0,51.0,169.0,0.0,0.0,0.0,0.0,0.0,0.0
635.0,34776.0,98582.0,63806.0,31903.0,1.834771106510237,70.09757494762327,15436.749616694377,2.2528058602693672,0.0,0.0,1.0,inf,34776.0,inf,217.0,40.0,177.0,0.0,0.0,0.0,0.0,0.0,0.0
636.0,34822.0,98718.0,63896.0,31948.0,1.8349319395784274,70.09757494762327,15436.749616694377,2.2557857622009405,0.0,0.0,1.0,inf,34822.0,inf,219.0,46.0,173.0,0.0,0.0,0.0,0.0,0.0,0.0
637.0,34865.0,98843.0,63978.0,31989.0,1.8350207944930446,70.09757494762327,15436.749616694377,2.2585713227021937,0.0,0.0,1.0,inf,34865.0,inf,220.0,43.0,177.0,0.0,0.0,0.0,0.0,0.0,0.0
638.0,34919.0,98997.0,64078.0,32039.0,1.8350468226466967,70.09757494762327,15436.749616694377,2.2620694684479536,0.0,0.0,1.0,inf,34919.0,inf,216.0,54.0,162.0,0.0,0.0,0.0,0.0,0.0,0.0
639.0,34954.0,99100.0,64146.0,32073.0,1.8351547748469417,70.09757494762327,15436.749616694377,2.2643367851350202,0.0,0.0,1.0,inf,34954.0,inf,219.0,35.0,184.0,0.0,0.0,0.0,0.0,0.0,0.0
640.0,35005.0,99249.0,64244.0,32122.0,1.8352806741894014,70.09757494762327,15436.749616694377,2.26764058945046,0.0,0.0,1.0,inf,35005.0,inf,220.0,51.0,169.0,0.0,0.0,0.0,0.0,0.0,0.0
641.0,35047.0,99371.0,64324.0,32162.0,1.8353639398521984,70.09757494762327,15436.749616694377,2.27036136947494,0.0,0.0,1.0,inf,35047.0,inf,218.0,42.0,176.0,0.0,0.0,0.0,0.0,0.0,0.0
642.0,35087.0,99487.0,64400.0,32200.0,1.8354376264713426,70.09757494762327,15436.749616694377,2.2729525885458735,0.0,0.0,1.0,inf,35087.0,inf,218.0,40.0,178.0,0.0,0.0,0.0,0.0,0.0,0.0
643.0,35130.0,99600.0,64470.0,32235.0,1.8351836037574722,70.09757494762327,15436.749616694377,2.2757381490471267,0.0,0.0,1.0,inf,35130.0,inf,215.0,43.0,172.0,0.0,0.0,0.0,0.0,0.0,0.0
644.0,35172.0,99722.0,64550.0,32275.0,1.8352666894120322,70.09757494762327,15436.749616694377,2.2784589290716064,0.0,0.0,1.0,inf,35172.0,inf,220.0,42.0,178.0,0.0,0.0,0.0,0.0,0.0,0.0
645.0,35223.0,99865.0,64642.0,32321.0,1.83522130426142,70.45289277384575,15593.641026081861,2.2588053643845045,0.0,0.0,1.0,inf,35223.0,inf,220.0,51.0,169.0,0.0,0.0,0.0,0.0,0.0,0.0
646.0,35259.0,99971.0,64712.0,32356.0,1.835332822825378,70.45289277384575,15593.641026081861,2.261113997752413,0.0,0.0,1.0,inf,35259.0,inf,220.0,36.0,184.0,0.0,0.0,0.0,0.0,0.0,0.0
647.0,35304.0,100100.0,64796.0,32398.0,1.8353727622932245,70.45289277384575,15593.641026081861,2.2639997894622987,0.0,0.0,1.0,inf,35304.0,inf,220.0,45.0,175.0,0.0,0.0,0.0,0.0,0.0,0.0
648.0,35351.0,100231.0,64880.0,32440.0,1.8353087607139826,70.45289277384575,15593.641026081861,2.2670138385815126,0.0,0.0,1.0,inf,35351.0,inf,217.0,47.0,170.0,0.0,0.0,0.0,0.0,0.0,0.0
649.0,35394.0,100350.0,64956.0,32478.0,1.8352263095439905,70.45289277384575,15593.641026081861,2.26977137288207,0.0,0.0,1.0,inf,35394.0,inf,219.0,43.0,176.0,0.0,0.0,0.0,0.0,0.0,0.0
650.0,35435.0,100469.0,65034.0,32517.0,1.8353040778890928,70.45289277384575,15593.641026081861,2.2724006497732994,0.0,0.0,1.0,inf,35435.0,inf,219.0,41.0,178.0,0.0,0.0,0.0,0.0,0.0,0.0
651.0,35471.0,100575.0,65104.0,32552.0,1.8354148459304784,70.45289277384575,15593.641026081861,2.274709283141208,0.0,0.0,1.0,inf,35471.0,inf,219.0,36.0,183.0,0.0,0.0,0.0,0.0,0.0,0.0
652.0,35523.0,100723.0,65200.0,32600.0,1.8354305661120964,70.45289277384575,15593.641026081861,2.2780439757837425,0.0,0.0,1.0,inf,35523.0,inf,220.0,52.0,168.0,0.0,0.0,0.0,0.0,0.0,0.0
653.0,35573.0,100863.0,65290.0,32645.0,1.8353807663115285,70.45289277384575,15593.641026081861,2.281250411016949,0.0,0.0,1.0,inf,35573.0,inf,217.0,50.0,167.0,0.0,0.0,0.0,0.0,0.0,0.0
654.0,35621.0,101001.0,65380.0,32690.0,1.8354341540102748,70.45289277384575,15593.641026081861,2.2843285888408267,0.0,0.0,1.0,inf,35621.0,inf,218.0,48.0,170.0,0.0,0.0,0.0,0.0,0.0,0.0
655.0,35657.0,101103.0,65446.0,32723.0,1.8354320329809013,70.45289277384575,15593.641026081861,2.286637222208735,0.0,0.0,1.0,inf,35657.0,inf,216.0,36.0,180.0,0.0,0.0,0.0,0.0,0.0,0.0
656.0,35704.0,101240.0,65536.0,32768.0,1.8355366345507507,70.45289277384575,15593.641026081861,2.289651271327949,0.0,0.0,1.0,inf,35704.0,inf,218.0,47.0,171.0,0.0,0.0,0.0,0.0,0.0,0.0
657.0,35742.0,101352.0,65610.0,32805.0,1.8356555313077052,70.45289277384575,15593.641026081861,2.292088162105186,0.0,0.0,1.0,inf,35742.0,inf,219.0,38.0,181.0,0.0,0.0,0.0,0.0,0.0,0.0
658.0,35792.0,101494.0,65702.0,32851.0,1.8356616003576218,70.45289277384575,15593.641026081861,2.2952945973383923,0.0,0.0,1.0,inf,35792.0,inf,219.0,50.0,169.0,0.0,0.0,0.0,0.0,0.0,0.0
659.0,35831.0,101605.0,65774.0,32887.0,1.8356730205687812,70.45289277384575,15593.641026081861,2.2977956168202933,0.0,0.0,1.0,inf,35831.0,inf,219.0,39.0,180.0,0.0,0.0,0.0,0.0,0.0,0.0
660.0,35892.0,101778.0,65886.0,32943.0,1.8356736877298563,70.45289277384575,15593.641026081861,2.301707467804805,0.0,0.0,1.0,inf,35892.0,inf,219.0,61.0,158.0,0.0,0.0,0.0,0.0,0.0,0.0
661.0,35941.0,101905.0,65964.0,32982.0,1.8353412537213767,70.45289277384575,15593.641026081861,2.304849774333347,0.0,0.0,1.0,inf,35941.0,inf,217.0,49.0,168.0,0.0,0.0,0.0,0.0,0.0,0.0
662.0,35983.0,102021.0,66038.0,33019.0,1.8352555373370758,70.55817549581185,15640.281202020997,2.3006619596679867,0.0,0.0,1.0,inf,35983.0,inf,218.0,42.0,176.0,0.0,0.0,0.0,0.0,0.0,0.0
663.0,36026.0,102144.0,66118.0,33059.0,1.8352856270471327,70.55817549581185,15640.281202020997,2.3034112708500927,0.0,0.0,1.0,inf,36026.0,inf,219.0,43.0,176.0,0.0,0.0,0.0,0.0,0.0,0.0
664.0,36076.0,102286.0,66210.0,33105.0,1.8352921609934583,71.35113887463334,15993.801134306274,2.255623894348539,0.0,0.0,1.0,inf,36076.0,inf,218.0,50.0,168.0,0.0,0.0,0.0,0.0,0.0,0.0
665.0,36123.0,102423.0,66300.0,33150.0,1.8353957312515572,71.35113887463334,15993.801134306274,2.2585625328626313,0.0,0.0,1.0,inf,36123.0,inf,216.0,47.0,169.0,0.0,0.0,0.0,0.0,0.0,0.0
666.0,36171.0,102559.0,66388.0,33194.0,1.8353929943877691,71.35113887463334,15993.801134306274,2.2615636956004272,0.0,0.0,1.0,inf,36171.0,inf,218.0,48.0,170.0,0.0,0.0,0.0,0.0,0.0,0.0
667.0,36225.0,102711.0,66486.0,33243.0,1.8353623188405797,71.35113887463334,15993.801134306274,2.2649400036804477,0.0,0.0,1.0,inf,36225.0,inf,219.0,54.0,165.0,0.0,0.0,0.0,0.0,0.0,0.0
668.0,36273.0,102851.0,66578.0,33289.0,1.8354699087475532,71.35113887463334,15993.801134306274,2.2679411664182436,0.0,0.0,1.0,inf,36273.0,inf,219.0,48.0,171.0,0.0,0.0,0.0,0.0,0.0,0.0
669.0,36324.0,102998.0,66674.0,33337.0,1.8355357339500056,71.35113887463334,15993.801134306274,2.2711299018271522,0.0,0.0,1.0,inf,36324.0,inf,218.0,51.0,167.0,0.0,0.0,0.0,0.0,0.0,0.0
670.0,36374.0,103144.0,66770.0,33385.0,1.8356518392258205,71.35113887463334,15993.801134306274,2.274256113012356,0.0,0.0,1.0,inf,36374.0,inf,218.0,50.0,168.0,0.0,0.0,0.0,0.0,0.0,0.0
671.0,36414.0,103254.0,66840.0,33420.0,1.8355577525127698,71.35113887463334,15993.801134306274,2.2767570819605196,0.0,0.0,1.0,inf,36414.0,inf,217.0,40.0,177.0,0.0,0.0,0.0,0.0,0.0,0.0
672.0,36458.0,103374.0,66916.0,33458.0,1.8354270667617532,71.35113887463334,15993.801134306274,2.2795081478034995,0.0,0.0,1.0,inf,36458.0,inf,218.0,44.0,174.0,0.0,0.0,0.0,0.0,0.0,0.0
673.0,36508.0,103514.0,67006.0,33503.0,1.835378547167744,71.35113887463334,15993.801134306274,2.2826343589887035,0.0,0.0,1.0,inf,36508.0,inf,217.0,50.0,167.0,0.0,0.0,0.0,0.0,0.0,0.0
674.0,36554.0,103642.0,67088.0,33544.0,1.8353121409421678,71.35113887463334,15993.801134306274,2.2855104732790914,0.0,0.0,1.0,inf,36554.0,inf,218.0,46.0,172.0,0.0,0.0,0.0,0.0,0.0,0.0
675.0,36593.0,103743.0,67150.0,33575.0,1.8350504194791353,71.35113887463334,15993.801134306274,2.2879489180035506,0.0,0.0,1.0,inf,36593.0,inf,219.0,39.0,180.0,0.0,0.0,0.0,0.0,0.0,0.0
676.0,36651.0,103907.0,67256.0,33628.0,1.835038607404982,71.35113887463334,15993.801134306274,2.2915753229783875,0.0,0.0,1.0,inf,36651.0,inf,218.0,58.0,160.0,0.0,0.0,0.0,0.0,0.0,0.0
677.0,36703.0,104051.0,67348.0,33674.0,1.83494537231289,71.35113887463334,15993.801134306274,2.294826582611,0.0,0.0,1.0,inf,36703.0,inf,219.0,52.0,167.0,0.0,0.0,0.0,0.0,0.0,0.0
678.0,36751.0,104187.0,67436.0,33718.0,1.8349432668498817,71.35113887463334,15993.801134306274,2.297827745348796,0.0,0.0,1.0,inf,36751.0,inf,220.0,48.0,172.0,0.0,0.0,0.0,0.0,0.0,0.0
679.0,36797.0,104323.0,67526.0,33763.0,1.835095252330353,71.35113887463334,15993.801134306274,2.300703859639184,0.0,0.0,1.0,inf,36797.0,inf,220.0,46.0,174.0,0.0,0.0,0.0,0.0,0.0,0.0
680.0,36841.0,104447.0,67606.0,33803.0,1.8350750522515675,71.35113887463334,15993.801134306274,2.3034549254821637,0.0,0.0,1.0,inf,36841.0,inf,219.0,44.0,175.0,0.0,0.0,0.0,0.0,0.0,0.0
681.0,36889.0,104585.0,67696.0,33848.0,1.8351270026295101,71.35113887463334,15993.801134306274,2.3064560882199596,0.0,0.0,1.0,inf,36889.0,inf,220.0,48.0,172.0,0.0,0.0,0.0,0.0,0.0,0.0
682.0,36925.0,104693.0,67768.0,33884.0,1.8352877454299255,71.35113887463334,15993.801134306274,2.3087069602733066,0.0,0.0,1.0,inf,36925.0,inf,219.0,36.0,183.0,0.0,0.0,0.0,0.0,0.0,0.0
683.0,36980.0,104848.0,67868.0,33934.0,1.83526230394808,71.35113887463334,15993.801134306274,2.3121457925770312,0.0,0.0,1.0,inf,36980.0,inf,219.0,55.0,164.0,0.0,0.0,0.0,0.0,0.0,0.0
684.0,37030.0,104992.0,67962.0,33981.0,1.8353227113151498,71.35113887463334,15993.801134306274,2.3152720037622356,0.0,0.0,1.0,inf,37030.0,inf,218.0,50.0,168.0,0.0,0.0,0.0,0.0,0.0,0.0
685.0,37077.0,105123.0,68046.0,34023.0,1.835261752568978,71.35113887463334,15993.801134306274,2.3182106422763273,0.0,0.0,1.0,inf,37077.0,inf,219.0,47.0,172.0,0.0,0.0,0.0,0.0,0.0,0.0
686.0,37122.0,105254.0,68132.0,34066.0,1.8353536986153762,71.35113887463334,15993.801134306274,2.321024232343011,0.0,0.0,1.0,inf,37122.0,inf,215.0,45.0,170.0,0.0,0.0,0.0,0.0,0.0,0.0
687.0,37159.0,105363.0,68204.0,34102.0,1.8354638176484837,71.35113887463334,15993.801134306274,2.323337628620062,0.0,0.0,1.0,inf,37159.0,inf,218.0,37.0,181.0,0.0,0.0,0.0,0.0,0.0,0.0
688.0,37210.0,105514.0,68304.0,34152.0,1.8356355818328407,71.35113887463334,15993.801134306274,2.3265263640289704,0.0,0.0,1.0,inf,37210.0,inf,217.0,51.0,166.0,0.0,0.0,0.0,0.0,0.0,0.0
689.0,37260.0,105658.0,68398.0,34199.0,1.8356951154052603,71.35113887463334,15993.801134306274,2.329652575214175,0.0,0.0,1.0,inf,37260.0,inf,220.0,50.0,170.0,0.0,0.0,0.0,0.0,0.0,0.0
690.0,37302.0,105776.0,68474.0,34237.0,1.8356656479545332,71.35113887463334,15993.801134306274,2.3322785926097462,0.0,0.0,1.0,inf,37302.0,inf,219.0,42.0,177.0,0.0,0.0,0.0,0.0,0.0,0.0
691.0,37350.0,105916.0,68566.0,34283.0,1.8357697456492637,71.35113887463334,15993.801134306274,2.335279755347542,0.0,0.0,1.0,inf,37350.0,inf,218.0,48.0,170.0,0.0,0.0,0.0,0.0,0.0,0.0
692.0,37398.0,106052.0,68654.0,34327.0,1.8357666185357506,71.40506555307428,16017.986270444891,2.334750409232389,0.0,0.0,1.0,inf,37398.0,inf,219.0,48.0,171.0,0.0,0.0,0.0,0.0,0.0,0.0
693.0,37451.0,106201.0,68750.0,34375.0,1.8357320231769512,71.40506555307428,16017.986270444891,2.3380591896936256,0.0,0.0,1.0,inf,37451.0,inf,220.0,53.0,167.0,0.0,0.0,0.0,0.0,0.0,0.0
694.0,37496.0,106322.0,68826.0,34413.0,1.8355557926178792,71.40506555307428,16017.986270444891,2.3408685315946753,0.0,0.0,1.0,inf,37496.0,inf,220.0,45.0,175.0,0.0,0.0,0.0,0.0,0.0,0.0
695.0,37535.0,106437.0,68902.0,34451.0,1.8356733715199147,71.40506555307428,16017.986270444891,2.343303294575585,0.0,0.0,1.0,inf,37535.0,inf,220.0,39.0,181.0,0.0,0.0,0.0,0.0,0.0,0.0
696.0,37577.0,106557.0,68980.0,34490.0,1.8356973680708943,71.40506555307428,16017.986270444891,2.3459253470165646,0.0,0.0,1.0,inf,37577.0,inf,219.0,42.0,177.0,0.0,0.0,0.0,0.0,0.0,0.0
697.0,37625.0,106695.0,69070.0,34535.0,1.8357475083056478,71.40506555307428,16017.986270444891,2.3489219783776845,0.0,0.0,1.0,inf,37625.0,inf,219.0,48.0,171.0,0.0,0.0,0.0,0.0,0.0,0.0
698.0,37671.0,106823.0,69152.0,34576.0,1.8356826205834726,71.40506555307428,16017.986270444891,2.3517937500987576,0.0,0.0,1.0,inf,37671.0,inf,218.0,46.0,172.0,0.0,0.0,0.0,0.0,0.0,0.0
699.0,37714.0,106946.0,69232.0,34616.0,1.83571087659755,71.73612594877734,16166.86125534765,2.3327966637633524,0.0,0.0,1.0,inf,37714.0,inf,220.0,43.0,177.0,0.0,0.0,0.0,0.0,0.0,0.0
700.0,37755.0,107067.0,69312.0,34656.0,1.8358363130711164,71.83377418542274,16210.904334723971,2.3289878973086213,0.0,0.0,1.0,inf,37755.0,inf,219.0,41.0,178.0,0.0,0.0,0.0,0.0,0.0,0.0
