t,site_subsystems,total_subsystems,interface_subsystems,n_links,mean_degree,frontier_radius,volume_proxy,density,energy_remaining,energy_density,creation_rate_modifier,memory_total,memory_bound,memory_free,birth_attempts,births_accepted,births_reject_exclusion,births_reject_memory,births_reject_energy,deaths_attempted,deaths_executed,links_attempted_random,links_added_random
0.0,2.0,4.0,2.0,1.0,1.0,0.17815593686535866,0.09971269890765314,20.057625777958922,0.0,0.0,1.0,inf,2.0,inf,0.0,0.0,0.0,0.0,0.0,0.0,0.0,0.0,0.0
1.0,2.0,4.0,2.0,1.0,1.0,0.17815593686535866,0.09971269890765314,20.057625777958922,0.0,0.0,1.0,inf,2.0,inf,0.0,0.0,0.0,0.0,0.0,0.0,0.0,0.0,0.0
2.0,188.0,546.0,358.0,179.0,1.9042553191489362,17.20686460827696,930.1507822996775,0.20211776797649336,0.0,0.0,1.0,inf,188.0,inf,220.0,186.0,34.0,0.0,0.0,0.0,0.0,0.0,0.0
3.0,188.0,546.0,358.0,179.0,1.9042553191489362,17.20686460827696,930.1507822996775,0.20211776797649336,0.0,0.0,1.0,inf,188.0,inf,0.0,0.0,0.0,0.0,0.0,0.0,0.0,0.0,0.0
4.0,356.0,1008.0,652.0,326.0,1.8314606741573034,21.223983545641445,1415.153902212031,0.2515627448318769,0.0,0.0,1.0,inf,356.0,inf,220.0,168.0,52.0,0.0,0.0,0.0,0.0,0.0,0.0
5.0,356.0,1008.0,652.0,326.0,1.8314606741573034,21.223983545641445,1415.153902212031,0.2515627448318769,0.0,0.0,1.0,inf,356.0,inf,0.0,0.0,0.0,0.0,0.0,0.0,0.0,0.0,0.0
6.0,502.0,1412.0,910.0,455.0,1.8127490039840637,22.149715567526567,1541.296456746093,0.32569983393058394,0.0,0.0,1.0,inf,502.0,inf,220.0,146.0,74.0,0.0,0.0,0.0,0.0,0.0,0.0
7.0,556.0,1536.0,980.0,490.0,1.7625899280575539,22.149715567526567,1541.296456746093,0.36073527423387386,0.0,0.0,1.0,inf,556.0,inf,96.0,54.0,42.0,0.0,0.0,0.0,0.0,0.0,0.0
8.0,649.0,1805.0,1156.0,578.0,1.7812018489984591,23.119669412521997,1679.2413209424362,0.3864840579528876,0.0,0.0,1.0,inf,649.0,inf,175.0,93.0,82.0,0.0,0.0,0.0,0.0,0.0,0.0
9.0,702.0,1942.0,1240.0,620.0,1.7663817663817665,23.119669412521997,1679.2413209424362,0.41804593017400166,0.0,0.0,1.0,inf,702.0,inf,132.0,53.0,79.0,0.0,0.0,0.0,0.0,0.0,0.0
10.0,787.0,2185.0,1398.0,699.0,1.7763659466327828,24.391555887718564,1869.0842617441604,0.4210618087734582,0.0,0.0,1.0,inf,787.0,inf,176.0,85.0,91.0,0.0,0.0,0.0,0.0,0.0,0.0
11.0,850.0,2342.0,1492.0,746.0,1.755294117647059,24.391555887718564,1869.0842617441604,0.4547681543296563,0.0,0.0,1.0,inf,850.0,inf,143.0,63.0,80.0,0.0,0.0,0.0,0.0,0.0,0.0
12.0,949.0,2627.0,1678.0,839.0,1.768177028451001,25.834526342655032,2096.7704124777633,0.4526008161659255,0.0,0.0,1.0,inf,949.0,inf,175.0,99.0,76.0,0.0,0.0,0.0,0.0,0.0,0.0
13.0,1027.0,2837.0,1810.0,905.0,1.762414800389484,25.834526342655032,2096.7704124777633,0.4898008832480564,0.0,0.0,1.0,inf,1027.0,inf,137.0,78.0,59.0,0.0,0.0,0.0,0.0,0.0,0.0
14.0,1126.0,3120.0,1994.0,997.0,1.7708703374777974,27.69024037513583,2408.8143199865453,0.4674498946046989,0.0,0.0,1.0,inf,1126.0,inf,167.0,99.0,68.0,0.0,0.0,0.0,0.0,0.0,0.0
15.0,1191.0,3299.0,2108.0,1054.0,1.7699412258606213,27.69024037513583,2408.8143199865453,0.49443412475505893,0.0,0.0,1.0,inf,1191.0,inf,125.0,65.0,60.0,0.0,0.0,0.0,0.0,0.0,0.0
16.0,1273.0,3525.0,2252.0,1126.0,1.7690494893951296,27.736713246354256,2416.9065904107006,0.5267063299222009,0.0,0.0,1.0,inf,1273.0,inf,160.0,82.0,78.0,0.0,0.0,0.0,0.0,0.0,0.0
17.0,1358.0,3760.0,2402.0,1201.0,1.7687776141384388,28.44136809872791,2541.2701723636565,0.5343784438066704,0.0,0.0,1.0,inf,1358.0,inf,161.0,85.0,76.0,0.0,0.0,0.0,0.0,0.0,0.0
18.0,1441.0,3983.0,2542.0,1271.0,1.7640527411519777,28.469373748214675,2546.2773127553846,0.5659242191655319,0.0,0.0,1.0,inf,1441.0,inf,165.0,83.0,82.0,0.0,0.0,0.0,0.0,0.0,0.0
19.0,1519.0,4205.0,2686.0,1343.0,1.7682685977616852,29.16360568780173,2671.9744928767227,0.5684934508355287,0.0,0.0,1.0,inf,1519.0,inf,177.0,78.0,99.0,0.0,0.0,0.0,0.0,0.0,0.0
20.0,1607.0,4449.0,2842.0,1421.0,1.7685127566894836,29.853466306742227,2799.8798944409837,0.5739531910603077,0.0,0.0,1.0,inf,1607.0,inf,184.0,88.0,96.0,0.0,0.0,0.0,0.0,0.0,0.0
21.0,1688.0,4682.0,2994.0,1497.0,1.7736966824644549,30.092998419787428,2844.9903480862854,0.5933236297745095,0.0,0.0,1.0,inf,1688.0,inf,170.0,81.0,89.0,0.0,0.0,0.0,0.0,0.0,0.0
22.0,1766.0,4906.0,3140.0,1570.0,1.7780294450736127,30.70311757333647,2961.521051148951,0.5963151939490227,0.0,0.0,1.0,inf,1766.0,inf,179.0,78.0,101.0,0.0,0.0,0.0,0.0,0.0,0.0
23.0,1842.0,5124.0,3282.0,1641.0,1.781758957654723,31.516555750949646,3120.5228914228387,0.5902856873964859,0.0,0.0,1.0,inf,1842.0,inf,164.0,76.0,88.0,0.0,0.0,0.0,0.0,0.0,0.0
24.0,1935.0,5395.0,3460.0,1730.0,1.7881136950904393,31.534048907117654,3123.9879238382446,0.6194006017867665,0.0,0.0,1.0,inf,1935.0,inf,175.0,93.0,82.0,0.0,0.0,0.0,0.0,0.0,0.0
25.0,2019.0,5629.0,3610.0,1805.0,1.7880138682516098,32.77652806796984,3375.015476491102,0.5982194790108314,0.0,0.0,1.0,inf,2019.0,inf,158.0,84.0,74.0,0.0,0.0,0.0,0.0,0.0,0.0
26.0,2111.0,5889.0,3778.0,1889.0,1.7896731406916153,32.77652806796984,3375.015476491102,0.6254786132698688,0.0,0.0,1.0,inf,2111.0,inf,177.0,92.0,85.0,0.0,0.0,0.0,0.0,0.0,0.0
27.0,2196.0,6124.0,3928.0,1964.0,1.7887067395264116,32.77652806796984,3375.015476491102,0.6506636829657185,0.0,0.0,1.0,inf,2196.0,inf,179.0,85.0,94.0,0.0,0.0,0.0,0.0,0.0,0.0
28.0,2286.0,6382.0,4096.0,2048.0,1.7917760279965005,33.12193025757665,3446.52274907457,0.6632772119707657,0.0,0.0,1.0,inf,2286.0,inf,183.0,90.0,93.0,0.0,0.0,0.0,0.0,0.0,0.0
29.0,2362.0,6590.0,4228.0,2114.0,1.7900084674005081,33.70637437399427,3569.2252196774916,0.6617682703176198,0.0,0.0,1.0,inf,2362.0,inf,176.0,76.0,100.0,0.0,0.0,0.0,0.0,0.0,0.0
30.0,2436.0,6804.0,4368.0,2184.0,1.793103448275862,34.63273714912207,3768.1094257551167,0.6464780410435755,0.0,0.0,1.0,inf,2436.0,inf,184.0,74.0,110.0,0.0,0.0,0.0,0.0,0.0,0.0
31.0,2514.0,7020.0,4506.0,2253.0,1.79236276849642,34.63273714912207,3768.1094257551167,0.6671780768405373,0.0,0.0,1.0,inf,2514.0,inf,182.0,78.0,104.0,0.0,0.0,0.0,0.0,0.0,0.0
32.0,2598.0,7266.0,4668.0,2334.0,1.7967667436489607,34.63273714912207,3768.1094257551167,0.6894704230834192,0.0,0.0,1.0,inf,2598.0,inf,173.0,84.0,89.0,0.0,0.0,0.0,0.0,0.0,0.0
33.0,2675.0,7481.0,4806.0,2403.0,1.7966355140186916,34.63273714912207,3768.1094257551167,0.7099050738060609,0.0,0.0,1.0,inf,2675.0,inf,179.0,77.0,102.0,0.0,0.0,0.0,0.0,0.0,0.0
34.0,2754.0,7698.0,4944.0,2472.0,1.7952069716775598,34.63273714912207,3768.1094257551167,0.7308704946773428,0.0,0.0,1.0,inf,2754.0,inf,194.0,79.0,115.0,0.0,0.0,0.0,0.0,0.0,0.0
35.0,2825.0,7889.0,5064.0,2532.0,1.792566371681416,35.35097556593375,3926.021552285935,0.7195579449519673,0.0,0.0,1.0,inf,2825.0,inf,193.0,71.0,122.0,0.0,0.0,0.0,0.0,0.0,0.0
36.0,2907.0,8109.0,5202.0,2601.0,1.7894736842105263,35.35097556593375,3926.021552285935,0.7404442286638474,0.0,0.0,1.0,inf,2907.0,inf,197.0,82.0,115.0,0.0,0.0,0.0,0.0,0.0,0.0
37.0,2973.0,8285.0,5312.0,2656.0,1.7867473932055162,35.35097556593375,3926.021552285935,0.7572551399441412,0.0,0.0,1.0,inf,2973.0,inf,194.0,66.0,128.0,0.0,0.0,0.0,0.0,0.0,0.0
38.0,3039.0,8475.0,5436.0,2718.0,1.7887462981243831,35.35097556593375,3926.021552285935,0.774066051224435,0.0,0.0,1.0,inf,3039.0,inf,196.0,66.0,130.0,0.0,0.0,0.0,0.0,0.0,0.0
39.0,3117.0,8701.0,5584.0,2792.0,1.7914661533525826,35.35097556593375,3926.021552285935,0.7939334918284184,0.0,0.0,1.0,inf,3117.0,inf,196.0,78.0,118.0,0.0,0.0,0.0,0.0,0.0,0.0
40.0,3189.0,8905.0,5716.0,2858.0,1.7924114142364378,35.35097556593375,3926.021552285935,0.8122726677705571,0.0,0.0,1.0,inf,3189.0,inf,199.0,72.0,127.0,0.0,0.0,0.0,0.0,0.0,0.0
41.0,3265.0,9123.0,5858.0,2929.0,1.7941807044410414,36.037477582211544,4079.98572101696,0.8002478987073954,0.0,0.0,1.0,inf,3265.0,inf,199.0,76.0,123.0,0.0,0.0,0.0,0.0,0.0,0.0
42.0,3333.0,9313.0,5980.0,2990.0,1.7941794179417943,36.037477582211544,4079.98572101696,0.8169146237034454,0.0,0.0,1.0,inf,3333.0,inf,194.0,68.0,126.0,0.0,0.0,0.0,0.0,0.0,0.0
43.0,3405.0,9521.0,6116.0,3058.0,1.7961820851688692,36.930151337987894,4284.617402863875,0.7947033958560847,0.0,0.0,1.0,inf,3405.0,inf,204.0,72.0,132.0,0.0,0.0,0.0,0.0,0.0,0.0
44.0,3481.0,9737.0,6256.0,3128.0,1.7971847170353348,36.930151337987894,4284.617402863875,0.8124412690088196,0.0,0.0,1.0,inf,3481.0,inf,209.0,76.0,133.0,0.0,0.0,0.0,0.0,0.0,0.0
45.0,3545.0,9921.0,6376.0,3188.0,1.798589562764457,36.930151337987894,4284.617402863875,0.8273784253479649,0.0,0.0,1.0,inf,3545.0,inf,208.0,64.0,144.0,0.0,0.0,0.0,0.0,0.0,0.0
46.0,3614.0,10114.0,6500.0,3250.0,1.7985611510791366,36.930151337987894,4284.617402863875,0.8434825470261058,0.0,0.0,1.0,inf,3614.0,inf,206.0,69.0,137.0,0.0,0.0,0.0,0.0,0.0,0.0
47.0,3671.0,10277.0,6606.0,3303.0,1.7995096703895397,37.158365947721975,4337.735709244006,0.8462940681648383,0.0,0.0,1.0,inf,3671.0,inf,199.0,57.0,142.0,0.0,0.0,0.0,0.0,0.0,0.0
48.0,3721.0,10425.0,6704.0,3352.0,1.8016662187583983,37.158365947721975,4337.735709244006,0.8578208192975656,0.0,0.0,1.0,inf,3721.0,inf,205.0,50.0,155.0,0.0,0.0,0.0,0.0,0.0,0.0
49.0,3796.0,10638.0,6842.0,3421.0,1.8024236037934669,37.158365947721975,4337.735709244006,0.8751109459966565,0.0,0.0,1.0,inf,3796.0,inf,212.0,75.0,137.0,0.0,0.0,0.0,0.0,0.0,0.0
50.0,3858.0,10816.0,6958.0,3479.0,1.8035251425609125,37.79477337118896,4487.591985612274,0.8597038260985365,0.0,0.0,1.0,inf,3858.0,inf,206.0,62.0,144.0,0.0,0.0,0.0,0.0,0.0,0.0
51.0,3915.0,10981.0,7066.0,3533.0,1.80485312899106,37.79477337118896,4487.591985612274,0.8724055155976594,0.0,0.0,1.0,inf,3915.0,inf,198.0,57.0,141.0,0.0,0.0,0.0,0.0,0.0,0.0
52.0,3981.0,11169.0,7188.0,3594.0,1.8055764883195178,37.79477337118896,4487.591985612274,0.8871127350176966,0.0,0.0,1.0,inf,3981.0,inf,210.0,66.0,144.0,0.0,0.0,0.0,0.0,0.0,0.0
53.0,4038.0,11332.0,7294.0,3647.0,1.8063397721644379,37.79477337118896,4487.591985612274,0.8998144245168196,0.0,0.0,1.0,inf,4038.0,inf,207.0,57.0,150.0,0.0,0.0,0.0,0.0,0.0,0.0
54.0,4096.0,11496.0,7400.0,3700.0,1.806640625,37.79477337118896,4487.591985612274,0.912738950673822,0.0,0.0,1.0,inf,4096.0,inf,209.0,58.0,151.0,0.0,0.0,0.0,0.0,0.0,0.0
55.0,4156.0,11662.0,7506.0,3753.0,1.8060635226179018,37.871884169320616,4505.922287648618,0.9223416949271838,0.0,0.0,1.0,inf,4156.0,inf,211.0,60.0,151.0,0.0,0.0,0.0,0.0,0.0,0.0
56.0,4211.0,11821.0,7610.0,3805.0,1.8071716931845168,37.9228523767836,4518.058642894128,0.9320374817672938,0.0,0.0,1.0,inf,4211.0,inf,207.0,55.0,152.0,0.0,0.0,0.0,0.0,0.0,0.0
57.0,4277.0,12005.0,7728.0,3864.0,1.806873977086743,37.9228523767836,4518.058642894128,0.9466455258890325,0.0,0.0,1.0,inf,4277.0,inf,212.0,66.0,146.0,0.0,0.0,0.0,0.0,0.0,0.0
58.0,4333.0,12165.0,7832.0,3916.0,1.8075236556658205,37.9228523767836,4518.058642894128,0.9590402299923259,0.0,0.0,1.0,inf,4333.0,inf,207.0,56.0,151.0,0.0,0.0,0.0,0.0,0.0,0.0
59.0,4399.0,12351.0,7952.0,3976.0,1.807683564446465,38.18557197447779,4580.875336608619,0.9602968159480044,0.0,0.0,1.0,inf,4399.0,inf,214.0,66.0,148.0,0.0,0.0,0.0,0.0,0.0,0.0
60.0,4455.0,12509.0,8054.0,4027.0,1.8078563411896744,38.846798277451356,4740.894964027807,0.9396959928036638,0.0,0.0,1.0,inf,4455.0,inf,210.0,56.0,154.0,0.0,0.0,0.0,0.0,0.0,0.0
61.0,4517.0,12687.0,8170.0,4085.0,1.808722603497897,38.846798277451356,4740.894964027807,0.9527736923668124,0.0,0.0,1.0,inf,4517.0,inf,211.0,62.0,149.0,0.0,0.0,0.0,0.0,0.0,0.0
62.0,4575.0,12847.0,8272.0,4136.0,1.808087431693989,38.846798277451356,4740.894964027807,0.9650076693774998,0.0,0.0,1.0,inf,4575.0,inf,211.0,58.0,153.0,0.0,0.0,0.0,0.0,0.0,0.0
63.0,4631.0,13005.0,8374.0,4187.0,1.8082487583675233,38.846798277451356,4740.894964027807,0.9768197851119567,0.0,0.0,1.0,inf,4631.0,inf,208.0,56.0,152.0,0.0,0.0,0.0,0.0,0.0,0.0
64.0,4706.0,13222.0,8516.0,4258.0,1.809604759881003,38.846798277451356,4740.894964027807,0.9926395829706042,0.0,0.0,1.0,inf,4706.0,inf,216.0,75.0,141.0,0.0,0.0,0.0,0.0,0.0,0.0
65.0,4766.0,13388.0,8622.0,4311.0,1.8090642047838859,38.846798277451356,4740.894964027807,1.0052954212575222,0.0,0.0,1.0,inf,4766.0,inf,208.0,60.0,148.0,0.0,0.0,0.0,0.0,0.0,0.0
66.0,4826.0,13564.0,8738.0,4369.0,1.8106092001657688,39.02989847967765,4785.691684280198,1.008422672913135,0.0,0.0,1.0,inf,4826.0,inf,209.0,60.0,149.0,0.0,0.0,0.0,0.0,0.0,0.0
67.0,4870.0,13688.0,8818.0,4409.0,1.8106776180698152,39.02989847967765,4785.691684280198,1.0176167461846182,0.0,0.0,1.0,inf,4870.0,inf,202.0,44.0,158.0,0.0,0.0,0.0,0.0,0.0,0.0
68.0,4920.0,13824.0,8904.0,4452.0,1.8097560975609757,39.03857026253632,4787.818519915616,1.0276078718386163,0.0,0.0,1.0,inf,4920.0,inf,210.0,50.0,160.0,0.0,0.0,0.0,0.0,0.0,0.0
69.0,4969.0,13961.0,8992.0,4496.0,1.80961964177903,39.03857026253632,4787.818519915616,1.0378421778792855,0.0,0.0,1.0,inf,4969.0,inf,212.0,49.0,163.0,0.0,0.0,0.0,0.0,0.0,0.0
70.0,5029.0,14135.0,9106.0,4553.0,1.8106979518791013,39.131366316522474,4810.6071984007585,1.0453981779414134,0.0,0.0,1.0,inf,5029.0,inf,205.0,60.0,145.0,0.0,0.0,0.0,0.0,0.0,0.0
71.0,5087.0,14291.0,9204.0,4602.0,1.809317869078042,39.131366316522474,4810.6071984007585,1.0574548680031755,0.0,0.0,1.0,inf,5087.0,inf,214.0,58.0,156.0,0.0,0.0,0.0,0.0,0.0,0.0
72.0,5131.0,14417.0,9286.0,4643.0,1.809783667900994,39.131366316522474,4810.6071984007585,1.0666013225327882,0.0,0.0,1.0,inf,5131.0,inf,210.0,44.0,166.0,0.0,0.0,0.0,0.0,0.0,0.0
73.0,5189.0,14583.0,9394.0,4697.0,1.810368086336481,39.131366316522474,4810.6071984007585,1.0786580125945504,0.0,0.0,1.0,inf,5189.0,inf,217.0,58.0,159.0,0.0,0.0,0.0,0.0,0.0,0.0
74.0,5243.0,14733.0,9490.0,4745.0,1.810032424184627,39.30328192251227,4852.968873824262,1.0803695915462124,0.0,0.0,1.0,inf,5243.0,inf,212.0,54.0,158.0,0.0,0.0,0.0,0.0,0.0,0.0
75.0,5292.0,14878.0,9586.0,4793.0,1.811413454270597,39.888449783308246,4998.5517106962125,1.0587066627070894,0.0,0.0,1.0,inf,5292.0,inf,210.0,49.0,161.0,0.0,0.0,0.0,0.0,0.0,0.0
76.0,5351.0,15047.0,9696.0,4848.0,1.811997757428518,39.888449783308246,4998.5517106962125,1.070510081660173,0.0,0.0,1.0,inf,5351.0,inf,216.0,59.0,157.0,0.0,0.0,0.0,0.0,0.0,0.0
77.0,5403.0,15187.0,9784.0,4892.0,1.8108458263927447,39.888449783308246,4998.5517106962125,1.0809130949747552,0.0,0.0,1.0,inf,5403.0,inf,214.0,52.0,162.0,0.0,0.0,0.0,0.0,0.0,0.0
78.0,5460.0,15352.0,9892.0,4946.0,1.8117216117216117,39.888449783308246,4998.5517106962125,1.0923163980311241,0.0,0.0,1.0,inf,5460.0,inf,212.0,57.0,155.0,0.0,0.0,0.0,0.0,0.0,0.0
79.0,5509.0,15493.0,9984.0,4992.0,1.8123071337810854,40.8326274590992,5237.9883176197945,1.0517396500233809,0.0,0.0,1.0,inf,5509.0,inf,215.0,49.0,166.0,0.0,0.0,0.0,0.0,0.0,0.0
80.0,5561.0,15645.0,10084.0,5042.0,1.8133429239345442,40.8326274590992,5237.9883176197945,1.0616671253911818,0.0,0.0,1.0,inf,5561.0,inf,212.0,52.0,160.0,0.0,0.0,0.0,0.0,0.0,0.0
81.0,5610.0,15770.0,10160.0,5080.0,1.8110516934046346,40.8326274590992,5237.9883176197945,1.0710218617954559,0.0,0.0,1.0,inf,5610.0,inf,210.0,49.0,161.0,0.0,0.0,0.0,0.0,0.0,0.0
82.0,5669.0,15937.0,10268.0,5134.0,1.8112541894514023,40.8326274590992,5237.9883176197945,1.0822857280781533,0.0,0.0,1.0,inf,5669.0,inf,214.0,59.0,155.0,0.0,0.0,0.0,0.0,0.0,0.0
83.0,5722.0,16088.0,10366.0,5183.0,1.811604334148899,40.8326274590992,5237.9883176197945,1.0924041164337965,0.0,0.0,1.0,inf,5722.0,inf,211.0,53.0,158.0,0.0,0.0,0.0,0.0,0.0,0.0
84.0,5771.0,16227.0,10456.0,5228.0,1.8118177092358343,40.8326274590992,5237.9883176197945,1.1017588528380706,0.0,0.0,1.0,inf,5771.0,inf,215.0,49.0,166.0,0.0,0.0,0.0,0.0,0.0,0.0
85.0,5819.0,16367.0,10548.0,5274.0,1.8126825915105689,40.872205866313536,5248.147433956085,1.1087722045212445,0.0,0.0,1.0,inf,5819.0,inf,214.0,48.0,166.0,0.0,0.0,0.0,0.0,0.0,0.0
86.0,5874.0,16528.0,10654.0,5327.0,1.8137555328566564,41.035492870517395,5290.164547870816,1.1103624370935996,0.0,0.0,1.0,inf,5874.0,inf,218.0,55.0,163.0,0.0,0.0,0.0,0.0,0.0,0.0
87.0,5926.0,16676.0,10750.0,5375.0,1.8140398245021938,41.035492870517395,5290.164547870816,1.120191999015436,0.0,0.0,1.0,inf,5926.0,inf,211.0,52.0,159.0,0.0,0.0,0.0,0.0,0.0,0.0
88.0,5985.0,16841.0,10856.0,5428.0,1.8138680033416876,41.73543445422862,5472.172133784996,1.0937155947724713,0.0,0.0,1.0,inf,5985.0,inf,213.0,59.0,154.0,0.0,0.0,0.0,0.0,0.0,0.0
89.0,6043.0,17011.0,10968.0,5484.0,1.8149925533675326,41.73543445422862,5472.172133784996,1.10431467655974,0.0,0.0,1.0,inf,6043.0,inf,212.0,58.0,154.0,0.0,0.0,0.0,0.0,0.0,0.0
90.0,6103.0,17183.0,11080.0,5540.0,1.8155005734884484,41.73543445422862,5472.172133784996,1.11527924392588,0.0,0.0,1.0,inf,6103.0,inf,213.0,60.0,153.0,0.0,0.0,0.0,0.0,0.0,0.0
91.0,6156.0,17328.0,11172.0,5586.0,1.8148148148148149,41.73543445422862,5472.172133784996,1.1249646117659704,0.0,0.0,1.0,inf,6156.0,inf,214.0,53.0,161.0,0.0,0.0,0.0,0.0,0.0,0.0
92.0,6215.0,17497.0,11282.0,5641.0,1.8152855993563959,41.73543445422862,5472.172133784996,1.1357464363426748,0.0,0.0,1.0,inf,6215.0,inf,213.0,59.0,154.0,0.0,0.0,0.0,0.0,0.0,0.0
93.0,6255.0,17599.0,11344.0,5672.0,1.8135891286970425,41.73543445422862,5472.172133784996,1.1430561479201016,0.0,0.0,1.0,inf,6255.0,inf,214.0,40.0,174.0,0.0,0.0,0.0,0.0,0.0,0.0
94.0,6307.0,17747.0,11440.0,5720.0,1.8138576185191058,41.73543445422862,5472.172133784996,1.1525587729707563,0.0,0.0,1.0,inf,6307.0,inf,218.0,52.0,166.0,0.0,0.0,0.0,0.0,0.0,0.0
95.0,6356.0,17890.0,11534.0,5767.0,1.8146633102580239,41.78065434309706,5484.036635699843,1.159000280673523,0.0,0.0,1.0,inf,6356.0,inf,212.0,49.0,163.0,0.0,0.0,0.0,0.0,0.0,0.0
96.0,6413.0,18053.0,11640.0,5820.0,1.8150631529705286,42.509143153136904,5676.943538506739,1.1296571749393993,0.0,0.0,1.0,inf,6413.0,inf,216.0,57.0,159.0,0.0,0.0,0.0,0.0,0.0,0.0
97.0,6473.0,18225.0,11752.0,5876.0,1.8155414799938205,42.509143153136904,5676.943538506739,1.1402262425359009,0.0,0.0,1.0,inf,6473.0,inf,214.0,60.0,154.0,0.0,0.0,0.0,0.0,0.0,0.0
98.0,6539.0,18409.0,11870.0,5935.0,1.8152622725187337,42.99095351324182,5806.36092122682,1.1261787010336899,0.0,0.0,1.0,inf,6539.0,inf,211.0,66.0,145.0,0.0,0.0,0.0,0.0,0.0,0.0
99.0,6594.0,18560.0,11966.0,5983.0,1.8146800121322415,42.99095351324182,5806.36092122682,1.135651071206018,0.0,0.0,1.0,inf,6594.0,inf,204.0,55.0,149.0,0.0,0.0,0.0,0.0,0.0,0.0
100.0,6653.0,18727.0,12074.0,6037.0,1.8148203817826545,42.99095351324182,5806.36092122682,1.1458123410272427,0.0,0.0,1.0,inf,6653.0,inf,209.0,59.0,150.0,0.0,0.0,0.0,0.0,0.0,0.0
101.0,6707.0,18879.0,12172.0,6086.0,1.8148203369613836,42.99095351324182,5806.36092122682,1.1551124862873465,0.0,0.0,1.0,inf,6707.0,inf,214.0,54.0,160.0,0.0,0.0,0.0,0.0,0.0,0.0
102.0,6781.0,19091.0,12310.0,6155.0,1.8153664651231383,42.99095351324182,5806.36092122682,1.1678571297919333,0.0,0.0,1.0,inf,6781.0,inf,208.0,74.0,134.0,0.0,0.0,0.0,0.0,0.0,0.0
103.0,6833.0,19243.0,12410.0,6205.0,1.8161861554222156,43.05266736763939,5823.043040511724,1.1734414381727671,0.0,0.0,1.0,inf,6833.0,inf,209.0,52.0,157.0,0.0,0.0,0.0,0.0,0.0,0.0
104.0,6893.0,19409.0,12516.0,6258.0,1.81575511388365,43.05266736763939,5823.043040511724,1.1837453290392044,0.0,0.0,1.0,inf,6893.0,inf,216.0,60.0,156.0,0.0,0.0,0.0,0.0,0.0,0.0
105.0,6958.0,19598.0,12640.0,6320.0,1.8166139695314745,43.085451527938645,5831.914791030082,1.1930901340845927,0.0,0.0,1.0,inf,6958.0,inf,210.0,65.0,145.0,0.0,0.0,0.0,0.0,0.0,0.0
106.0,7011.0,19749.0,12738.0,6369.0,1.8168592212237913,43.085451527938645,5831.914791030082,1.2021780583597412,0.0,0.0,1.0,inf,7011.0,inf,215.0,53.0,162.0,0.0,0.0,0.0,0.0,0.0,0.0
107.0,7074.0,19928.0,12854.0,6427.0,1.8170766186033362,43.99466203586808,6080.647732482572,1.1633629032990978,0.0,0.0,1.0,inf,7074.0,inf,215.0,63.0,152.0,0.0,0.0,0.0,0.0,0.0,0.0
108.0,7132.0,20090.0,12958.0,6479.0,1.8168816601233875,43.99466203586808,6080.647732482572,1.172901360804236,0.0,0.0,1.0,inf,7132.0,inf,214.0,58.0,156.0,0.0,0.0,0.0,0.0,0.0,0.0
109.0,7193.0,20263.0,13070.0,6535.0,1.8170443486723202,43.99466203586808,6080.647732482572,1.182933186801019,0.0,0.0,1.0,inf,7193.0,inf,212.0,61.0,151.0,0.0,0.0,0.0,0.0,0.0,0.0
110.0,7250.0,20428.0,13178.0,6589.0,1.817655172413793,43.99466203586808,6080.647732482572,1.1923071881422758,0.0,0.0,1.0,inf,7250.0,inf,214.0,57.0,157.0,0.0,0.0,0.0,0.0,0.0,0.0
111.0,7319.0,20623.0,13304.0,6652.0,1.817734663205356,44.827578195171284,6313.067404019971,1.1593413362479674,0.0,0.0,1.0,inf,7319.0,inf,208.0,69.0,139.0,0.0,0.0,0.0,0.0,0.0,0.0
112.0,7379.0,20795.0,13416.0,6708.0,1.8181325382843203,44.827578195171284,6313.067404019971,1.168845432459865,0.0,0.0,1.0,inf,7379.0,inf,204.0,60.0,144.0,0.0,0.0,0.0,0.0,0.0,0.0
113.0,7447.0,20989.0,13542.0,6771.0,1.8184503827044447,44.827578195171284,6313.067404019971,1.1796167415000154,0.0,0.0,1.0,inf,7447.0,inf,210.0,68.0,142.0,0.0,0.0,0.0,0.0,0.0,0.0
114.0,7514.0,21180.0,13666.0,6833.0,1.818738355070535,44.827578195171284,6313.067404019971,1.1902296489366344,0.0,0.0,1.0,inf,7514.0,inf,213.0,67.0,146.0,0.0,0.0,0.0,0.0,0.0,0.0
115.0,7571.0,21339.0,13768.0,6884.0,1.8185180293224146,44.827578195171284,6313.067404019971,1.199258540337937,0.0,0.0,1.0,inf,7571.0,inf,210.0,57.0,153.0,0.0,0.0,0.0,0.0,0.0,0.0
116.0,7640.0,21532.0,13892.0,6946.0,1.818324607329843,44.827578195171284,6313.067404019971,1.2101882509816193,0.0,0.0,1.0,inf,7640.0,inf,212.0,69.0,143.0,0.0,0.0,0.0,0.0,0.0,0.0
117.0,7690.0,21668.0,13978.0,6989.0,1.8176853055916775,44.827578195171284,6313.067404019971,1.2181083311582004,0.0,0.0,1.0,inf,7690.0,inf,207.0,50.0,157.0,0.0,0.0,0.0,0.0,0.0,0.0
118.0,7750.0,21842.0,14092.0,7046.0,1.8183225806451613,44.827578195171284,6313.067404019971,1.2276124273700981,0.0,0.0,1.0,inf,7750.0,inf,215.0,60.0,155.0,0.0,0.0,0.0,0.0,0.0,0.0
119.0,7801.0,21987.0,14186.0,7093.0,1.8184848096397899,44.827578195171284,6313.067404019971,1.2356909091502108,0.0,0.0,1.0,inf,7801.0,inf,213.0,51.0,162.0,0.0,0.0,0.0,0.0,0.0,0.0
120.0,7859.0,22145.0,14286.0,7143.0,1.8177885227128134,44.827578195171284,6313.067404019971,1.2448782021550453,0.0,0.0,1.0,inf,7859.0,inf,212.0,58.0,154.0,0.0,0.0,0.0,0.0,0.0,0.0
121.0,7901.0,22265.0,14364.0,7182.0,1.8179977218073662,44.827578195171284,6313.067404019971,1.2515310695033735,0.0,0.0,1.0,inf,7901.0,inf,209.0,42.0,167.0,0.0,0.0,0.0,0.0,0.0,0.0
122.0,7947.0,22393.0,14446.0,7223.0,1.817792877815528,44.84191613113799,6317.106472624569,1.2580126731184031,0.0,0.0,1.0,inf,7947.0,inf,214.0,46.0,168.0,0.0,0.0,0.0,0.0,0.0,0.0
123.0,7993.0,22525.0,14532.0,7266.0,1.8180908294757914,44.86036025251117,6322.3041738110005,1.2642542624110928,0.0,0.0,1.0,inf,7993.0,inf,215.0,46.0,169.0,0.0,0.0,0.0,0.0,0.0,0.0
124.0,8048.0,22682.0,14634.0,7317.0,1.8183399602385686,44.86036025251117,6322.3041738110005,1.2729536224051639,0.0,0.0,1.0,inf,8048.0,inf,211.0,55.0,156.0,0.0,0.0,0.0,0.0,0.0,0.0
125.0,8105.0,22839.0,14734.0,7367.0,1.8178901912399754,45.39517263069347,6473.948148065406,1.251940827240329,0.0,0.0,1.0,inf,8105.0,inf,215.0,57.0,158.0,0.0,0.0,0.0,0.0,0.0,0.0
126.0,8160.0,22996.0,14836.0,7418.0,1.8181372549019608,45.39517263069347,6473.948148065406,1.2604364158274008,0.0,0.0,1.0,inf,8160.0,inf,211.0,55.0,156.0,0.0,0.0,0.0,0.0,0.0,0.0
127.0,8214.0,23152.0,14938.0,7469.0,1.8186023861699538,45.39517263069347,6473.948148065406,1.2687775391674352,0.0,0.0,1.0,inf,8214.0,inf,217.0,54.0,163.0,0.0,0.0,0.0,0.0,0.0,0.0
128.0,8272.0,23316.0,15044.0,7522.0,1.8186653771760155,45.39517263069347,6473.948148065406,1.2777365234956202,0.0,0.0,1.0,inf,8272.0,inf,214.0,58.0,156.0,0.0,0.0,0.0,0.0,0.0,0.0
129.0,8335.0,23495.0,15160.0,7580.0,1.8188362327534493,45.54976594657225,6518.11730594363,1.2787434789489938,0.0,0.0,1.0,inf,8335.0,inf,212.0,63.0,149.0,0.0,0.0,0.0,0.0,0.0,0.0
130.0,8380.0,23626.0,15246.0,7623.0,1.8193317422434367,45.64666718365157,6545.879708467433,1.2801946221468197,0.0,0.0,1.0,inf,8380.0,inf,214.0,45.0,169.0,0.0,0.0,0.0,0.0,0.0,0.0
131.0,8431.0,23769.0,15338.0,7669.0,1.8192385244929428,45.64666718365157,6545.879708467433,1.287985782735064,0.0,0.0,1.0,inf,8431.0,inf,217.0,51.0,166.0,0.0,0.0,0.0,0.0,0.0,0.0
132.0,8487.0,23929.0,15442.0,7721.0,1.8194886296689055,45.65059685487927,6547.006812108355,1.2963175758888361,0.0,0.0,1.0,inf,8487.0,inf,215.0,56.0,159.0,0.0,0.0,0.0,0.0,0.0,0.0
133.0,8535.0,24063.0,15528.0,7764.0,1.8193321616871705,45.65059685487927,6547.006812108355,1.3036491705209399,0.0,0.0,1.0,inf,8535.0,inf,210.0,48.0,162.0,0.0,0.0,0.0,0.0,0.0,0.0
134.0,8585.0,24207.0,15622.0,7811.0,1.8196854979615609,45.65059685487927,6547.006812108355,1.3112862482627146,0.0,0.0,1.0,inf,8585.0,inf,214.0,50.0,164.0,0.0,0.0,0.0,0.0,0.0,0.0
135.0,8630.0,24334.0,15704.0,7852.0,1.8196987253765933,45.65059685487927,6547.006812108355,1.318159618230312,0.0,0.0,1.0,inf,8630.0,inf,218.0,45.0,173.0,0.0,0.0,0.0,0.0,0.0,0.0
136.0,8688.0,24492.0,15804.0,7902.0,1.819060773480663,45.65059685487927,6547.006812108355,1.3270186284107706,0.0,0.0,1.0,inf,8688.0,inf,212.0,58.0,154.0,0.0,0.0,0.0,0.0,0.0,0.0
137.0,8733.0,24615.0,15882.0,7941.0,1.818619031260735,46.095538930856335,6675.252015575926,1.3082652130020798,0.0,0.0,1.0,inf,8733.0,inf,213.0,45.0,168.0,0.0,0.0,0.0,0.0,0.0,0.0
138.0,8788.0,24776.0,15988.0,7994.0,1.8192990441511152,46.40788191811058,6766.021407458778,1.2988430675540308,0.0,0.0,1.0,inf,8788.0,inf,214.0,55.0,159.0,0.0,0.0,0.0,0.0,0.0,0.0
139.0,8845.0,24937.0,16092.0,8046.0,1.8193329564725833,46.40788191811058,6766.021407458778,1.3072675162170462,0.0,0.0,1.0,inf,8845.0,inf,209.0,57.0,152.0,0.0,0.0,0.0,0.0,0.0,0.0
140.0,8907.0,25115.0,16208.0,8104.0,1.819692376782306,46.40788191811058,6766.021407458778,1.3164309516048875,0.0,0.0,1.0,inf,8907.0,inf,213.0,62.0,151.0,0.0,0.0,0.0,0.0,0.0,0.0
141.0,8965.0,25283.0,16318.0,8159.0,1.8201896263245956,46.40788191811058,6766.021407458778,1.3250031976128682,0.0,0.0,1.0,inf,8965.0,inf,218.0,58.0,160.0,0.0,0.0,0.0,0.0,0.0,0.0
142.0,9018.0,25434.0,16416.0,8208.0,1.8203592814371257,46.40788191811058,6766.021407458778,1.332836456896023,0.0,0.0,1.0,inf,9018.0,inf,214.0,53.0,161.0,0.0,0.0,0.0,0.0,0.0,0.0
143.0,9075.0,25595.0,16520.0,8260.0,1.8203856749311296,46.40788191811058,6766.021407458778,1.3412609055590383,0.0,0.0,1.0,inf,9075.0,inf,216.0,57.0,159.0,0.0,0.0,0.0,0.0,0.0,0.0
144.0,9129.0,25751.0,16622.0,8311.0,1.820790886186877,46.582981963140405,6817.1750321488,1.3391177367383076,0.0,0.0,1.0,inf,9129.0,inf,216.0,54.0,162.0,0.0,0.0,0.0,0.0,0.0,0.0
145.0,9178.0,25896.0,16718.0,8359.0,1.821529745042493,46.582981963140405,6817.1750321488,1.3463054647589208,0.0,0.0,1.0,inf,9178.0,inf,213.0,49.0,164.0,0.0,0.0,0.0,0.0,0.0,0.0
146.0,9228.0,26044.0,16816.0,8408.0,1.822280017338535,46.582981963140405,6817.1750321488,1.3536398811064851,0.0,0.0,1.0,inf,9228.0,inf,216.0,50.0,166.0,0.0,0.0,0.0,0.0,0.0,0.0
147.0,9267.0,26157.0,16890.0,8445.0,1.8225963094852704,46.582981963140405,6817.1750321488,1.3593607258575853,0.0,0.0,1.0,inf,9267.0,inf,218.0,39.0,179.0,0.0,0.0,0.0,0.0,0.0,0.0
148.0,9316.0,26300.0,16984.0,8492.0,1.8231000429368829,46.658620181903224,6839.331518663865,1.3621214258407492,0.0,0.0,1.0,inf,9316.0,inf,216.0,49.0,167.0,0.0,0.0,0.0,0.0,0.0,0.0
149.0,9373.0,26463.0,17090.0,8545.0,1.8233223087592019,46.658620181903224,6839.331518663865,1.3704555736802644,0.0,0.0,1.0,inf,9373.0,inf,215.0,57.0,158.0,0.0,0.0,0.0,0.0,0.0,0.0
150.0,9423.0,26605.0,17182.0,8591.0,1.8234108033534968,47.37718353719606,7051.611078837623,1.3362903731714701,0.0,0.0,1.0,inf,9423.0,inf,213.0,50.0,163.0,0.0,0.0,0.0,0.0,0.0,0.0
151.0,9477.0,26761.0,17284.0,8642.0,1.823783897857972,47.37718353719606,7051.611078837623,1.3439481976595589,0.0,0.0,1.0,inf,9477.0,inf,212.0,54.0,158.0,0.0,0.0,0.0,0.0,0.0,0.0
152.0,9531.0,26913.0,17382.0,8691.0,1.8237330815234498,47.37718353719606,7051.611078837623,1.3516060221476474,0.0,0.0,1.0,inf,9531.0,inf,216.0,54.0,162.0,0.0,0.0,0.0,0.0,0.0,0.0
153.0,9587.0,27071.0,17484.0,8742.0,1.8237196203191823,47.37718353719606,7051.611078837623,1.3595474697649246,0.0,0.0,1.0,inf,9587.0,inf,212.0,56.0,156.0,0.0,0.0,0.0,0.0,0.0,0.0
154.0,9641.0,27223.0,17582.0,8791.0,1.82366974380251,47.37718353719606,7051.611078837623,1.3672052942530133,0.0,0.0,1.0,inf,9641.0,inf,214.0,54.0,160.0,0.0,0.0,0.0,0.0,0.0,0.0
155.0,9679.0,27331.0,17652.0,8826.0,1.8237421221200538,47.37718353719606,7051.611078837623,1.3725941337075942,0.0,0.0,1.0,inf,9679.0,inf,216.0,38.0,178.0,0.0,0.0,0.0,0.0,0.0,0.0
156.0,9727.0,27465.0,17738.0,8869.0,1.8235838387992187,47.37718353719606,7051.611078837623,1.3794010888081174,0.0,0.0,1.0,inf,9727.0,inf,216.0,48.0,168.0,0.0,0.0,0.0,0.0,0.0,0.0
157.0,9784.0,27622.0,17838.0,8919.0,1.8231807031888798,47.37718353719606,7051.611078837623,1.3874843479899888,0.0,0.0,1.0,inf,9784.0,inf,214.0,57.0,157.0,0.0,0.0,0.0,0.0,0.0,0.0
158.0,9839.0,27779.0,17940.0,8970.0,1.823356032117085,47.37718353719606,7051.611078837623,1.3952839840426716,0.0,0.0,1.0,inf,9839.0,inf,215.0,55.0,160.0,0.0,0.0,0.0,0.0,0.0,0.0
159.0,9886.0,27910.0,18024.0,9012.0,1.823184301031762,47.37718353719606,7051.611078837623,1.4019491275786007,0.0,0.0,1.0,inf,9886.0,inf,215.0,47.0,168.0,0.0,0.0,0.0,0.0,0.0,0.0
160.0,9951.0,28093.0,18142.0,9071.0,1.823133353431816,47.67020290776108,7139.106712994179,1.3938718666143173,0.0,0.0,1.0,inf,9951.0,inf,218.0,65.0,153.0,0.0,0.0,0.0,0.0,0.0,0.0
161.0,10010.0,28258.0,18248.0,9124.0,1.822977022977023,47.67020290776108,7139.106712994179,1.4021362058897915,0.0,0.0,1.0,inf,10010.0,inf,214.0,59.0,155.0,0.0,0.0,0.0,0.0,0.0,0.0
162.0,10068.0,28424.0,18356.0,9178.0,1.8232022248708781,47.67020290776108,7139.106712994179,1.4102604716182239,0.0,0.0,1.0,inf,10068.0,inf,211.0,58.0,153.0,0.0,0.0,0.0,0.0,0.0,0.0
163.0,10121.0,28575.0,18454.0,9227.0,1.8233376148601916,48.30239837529978,7329.717957484453,1.380817114479192,0.0,0.0,1.0,inf,10121.0,inf,217.0,53.0,164.0,0.0,0.0,0.0,0.0,0.0,0.0
164.0,10186.0,28752.0,18566.0,9283.0,1.8226978205379933,48.30239837529978,7329.717957484453,1.3896851228223546,0.0,0.0,1.0,inf,10186.0,inf,216.0,65.0,151.0,0.0,0.0,0.0,0.0,0.0,0.0
165.0,10240.0,28908.0,18668.0,9334.0,1.823046875,48.30239837529978,7329.717957484453,1.3970523912920587,0.0,0.0,1.0,inf,10240.0,inf,216.0,54.0,162.0,0.0,0.0,0.0,0.0,0.0,0.0
166.0,10300.0,29078.0,18778.0,9389.0,1.8231067961165048,48.30239837529978,7329.717957484453,1.4052382451472858,0.0,0.0,1.0,inf,10300.0,inf,215.0,60.0,155.0,0.0,0.0,0.0,0.0,0.0,0.0
167.0,10362.0,29250.0,18888.0,9444.0,1.8228141285466126,48.68130685335104,7445.165041408015,1.3917757285928962,0.0,0.0,1.0,inf,10362.0,inf,217.0,62.0,155.0,0.0,0.0,0.0,0.0,0.0,0.0
168.0,10419.0,29415.0,18996.0,9498.0,1.8232076014972647,48.68130685335104,7445.165041408015,1.3994317039383695,0.0,0.0,1.0,inf,10419.0,inf,215.0,57.0,158.0,0.0,0.0,0.0,0.0,0.0,0.0
169.0,10475.0,29575.0,19100.0,9550.0,1.8233890214797137,48.68198149427098,7445.371397733315,1.4069143687296826,0.0,0.0,1.0,inf,10475.0,inf,213.0,56.0,157.0,0.0,0.0,0.0,0.0,0.0,0.0
170.0,10529.0,29729.0,19200.0,9600.0,1.8235349985753633,49.196992904005945,7603.735277638583,1.3847141721206642,0.0,0.0,1.0,inf,10529.0,inf,216.0,54.0,162.0,0.0,0.0,0.0,0.0,0.0,0.0
171.0,10581.0,29877.0,19296.0,9648.0,1.823646158208109,49.196992904005945,7603.735277638583,1.391552916251187,0.0,0.0,1.0,inf,10581.0,inf,217.0,52.0,165.0,0.0,0.0,0.0,0.0,0.0,0.0
172.0,10637.0,30041.0,19404.0,9702.0,1.8241985522233712,49.196992904005945,7603.735277638583,1.3989177176225194,0.0,0.0,1.0,inf,10637.0,inf,215.0,56.0,159.0,0.0,0.0,0.0,0.0,0.0,0.0
173.0,10698.0,30210.0,19512.0,9756.0,1.8238923163208076,49.27627155469297,7628.261149670482,1.4024165914222957,0.0,0.0,1.0,inf,10698.0,inf,213.0,61.0,152.0,0.0,0.0,0.0,0.0,0.0,0.0
174.0,10756.0,30370.0,19614.0,9807.0,1.8235403495723317,49.27627155469297,7628.261149670482,1.4100198969282307,0.0,0.0,1.0,inf,10756.0,inf,216.0,58.0,158.0,0.0,0.0,0.0,0.0,0.0,0.0
175.0,10818.0,30552.0,19734.0,9867.0,1.824181919023849,49.27627155469297,7628.261149670482,1.4181475683311269,0.0,0.0,1.0,inf,10818.0,inf,215.0,62.0,153.0,0.0,0.0,0.0,0.0,0.0,0.0
176.0,10871.0,30699.0,19828.0,9914.0,1.8239352405482476,49.27627155469297,7628.261149670482,1.4250954164658605,0.0,0.0,1.0,inf,10871.0,inf,211.0,53.0,158.0,0.0,0.0,0.0,0.0,0.0,0.0
177.0,10911.0,30815.0,19904.0,9952.0,1.8242140958665567,49.27627155469297,7628.261149670482,1.430339075435471,0.0,0.0,1.0,inf,10911.0,inf,214.0,40.0,174.0,0.0,0.0,0.0,0.0,0.0,0.0
178.0,10967.0,30979.0,20012.0,10006.0,1.824746968177259,49.27627155469297,7628.261149670482,1.4376801979929255,0.0,0.0,1.0,inf,10967.0,inf,217.0,56.0,161.0,0.0,0.0,0.0,0.0,0.0,0.0
179.0,11019.0,31121.0,20102.0,10051.0,1.8243034758145023,49.27627155469297,7628.261149670482,1.444496954653419,0.0,0.0,1.0,inf,11019.0,inf,218.0,52.0,166.0,0.0,0.0,0.0,0.0,0.0,0.0
180.0,11069.0,31261.0,20192.0,10096.0,1.8241936941006414,49.987420165175564,7850.030059471789,1.4100582948270657,0.0,0.0,1.0,inf,11069.0,inf,212.0,50.0,162.0,0.0,0.0,0.0,0.0,0.0,0.0
181.0,11126.0,31418.0,20292.0,10146.0,1.8238360596800287,49.987420165175564,7850.030059471789,1.4173194135193723,0.0,0.0,1.0,inf,11126.0,inf,214.0,57.0,157.0,0.0,0.0,0.0,0.0,0.0,0.0
182.0,11175.0,31561.0,20386.0,10193.0,1.8242505592841163,49.987420165175564,7850.030059471789,1.4235614278338113,0.0,0.0,1.0,inf,11175.0,inf,216.0,49.0,167.0,0.0,0.0,0.0,0.0,0.0,0.0
183.0,11229.0,31713.0,20484.0,10242.0,1.8242051830082822,49.987420165175564,7850.030059471789,1.4304403823844178,0.0,0.0,1.0,inf,11229.0,inf,213.0,54.0,159.0,0.0,0.0,0.0,0.0,0.0,0.0
184.0,11282.0,31868.0,20586.0,10293.0,1.8246764758021627,49.987420165175564,7850.030059471789,1.4371919488877907,0.0,0.0,1.0,inf,11282.0,inf,214.0,53.0,161.0,0.0,0.0,0.0,0.0,0.0,0.0
185.0,11330.0,32002.0,20672.0,10336.0,1.8245366284201237,49.987420165175564,7850.030059471789,1.4433065751549963,0.0,0.0,1.0,inf,11330.0,inf,215.0,48.0,167.0,0.0,0.0,0.0,0.0,0.0,0.0
186.0,11391.0,32177.0,20786.0,10393.0,1.8247739443420243,49.987420165175564,7850.030059471789,1.451077246036237,0.0,0.0,1.0,inf,11391.0,inf,214.0,61.0,153.0,0.0,0.0,0.0,0.0,0.0,0.0
187.0,11439.0,32305.0,20866.0,10433.0,1.8241104991695078,49.987420165175564,7850.030059471789,1.4571918723034425,0.0,0.0,1.0,inf,11439.0,inf,216.0,48.0,168.0,0.0,0.0,0.0,0.0,0.0,0.0
188.0,11487.0,32431.0,20944.0,10472.0,1.8232784887263864,49.987420165175564,7850.030059471789,1.463306498570648,0.0,0.0,1.0,inf,11487.0,inf,217.0,48.0,169.0,0.0,0.0,0.0,0.0,0.0,0.0
189.0,11540.0,32584.0,21044.0,10522.0,1.8235701906412478,49.987420165175564,7850.030059471789,1.470058065074021,0.0,0.0,1.0,inf,11540.0,inf,218.0,53.0,165.0,0.0,0.0,0.0,0.0,0.0,0.0
190.0,11588.0,32722.0,21134.0,10567.0,1.8237832240248533,49.987420165175564,7850.030059471789,1.4761726913412265,0.0,0.0,1.0,inf,11588.0,inf,215.0,48.0,167.0,0.0,0.0,0.0,0.0,0.0,0.0
191.0,11644.0,32878.0,21234.0,10617.0,1.8236001374098247,49.98892325919739,7850.502158676519,1.4832172216054789,0.0,0.0,1.0,inf,11644.0,inf,215.0,56.0,159.0,0.0,0.0,0.0,0.0,0.0,0.0
192.0,11696.0,33024.0,21328.0,10664.0,1.8235294117647058,49.98892325919739,7850.502158676519,1.4898410017088355,0.0,0.0,1.0,inf,11696.0,inf,208.0,52.0,156.0,0.0,0.0,0.0,0.0,0.0,0.0
193.0,11743.0,33159.0,21416.0,10708.0,1.8237247722047176,50.25988364422575,7935.838670347102,1.4797427830632017,0.0,0.0,1.0,inf,11743.0,inf,215.0,47.0,168.0,0.0,0.0,0.0,0.0,0.0,0.0
194.0,11794.0,33302.0,21508.0,10754.0,1.8236391385450228,50.25988364422575,7935.838670347102,1.4861693249976498,0.0,0.0,1.0,inf,11794.0,inf,215.0,51.0,164.0,0.0,0.0,0.0,0.0,0.0,0.0
195.0,11847.0,33449.0,21602.0,10801.0,1.8234152106018402,50.25988364422575,7935.838670347102,1.4928478881844292,0.0,0.0,1.0,inf,11847.0,inf,215.0,53.0,162.0,0.0,0.0,0.0,0.0,0.0,0.0
196.0,11901.0,33603.0,21702.0,10851.0,1.8235442399798336,50.877123853962935,8131.955192107689,1.4634856831909606,0.0,0.0,1.0,inf,11901.0,inf,218.0,54.0,164.0,0.0,0.0,0.0,0.0,0.0,0.0
197.0,11956.0,33760.0,21804.0,10902.0,1.8236868517898963,50.877123853962935,8131.955192107689,1.4702491242946916,0.0,0.0,1.0,inf,11956.0,inf,212.0,55.0,157.0,0.0,0.0,0.0,0.0,0.0,0.0
198.0,12023.0,33945.0,21922.0,10961.0,1.823338601014722,50.877123853962935,8131.955192107689,1.4784882252756002,0.0,0.0,1.0,inf,12023.0,inf,214.0,67.0,147.0,0.0,0.0,0.0,0.0,0.0,0.0
199.0,12075.0,34091.0,22016.0,11008.0,1.8232712215320912,50.877123853962935,8131.955192107689,1.484882751410037,0.0,0.0,1.0,inf,12075.0,inf,215.0,52.0,163.0,0.0,0.0,0.0,0.0,0.0,0.0
200.0,12122.0,34230.0,22108.0,11054.0,1.8237914535555189,50.877123853962935,8131.955192107689,1.4906624192623161,0.0,0.0,1.0,inf,12122.0,inf,214.0,47.0,167.0,0.0,0.0,0.0,0.0,0.0,0.0
201.0,12162.0,34342.0,22180.0,11090.0,1.8237132050649565,50.877123853962935,8131.955192107689,1.495581285519575,0.0,0.0,1.0,inf,12162.0,inf,218.0,40.0,178.0,0.0,0.0,0.0,0.0,0.0,0.0
202.0,12215.0,34495.0,22280.0,11140.0,1.823986901350798,50.877123853962935,8131.955192107689,1.502098783310443,0.0,0.0,1.0,inf,12215.0,inf,220.0,53.0,167.0,0.0,0.0,0.0,0.0,0.0,0.0
203.0,12257.0,34613.0,22356.0,11178.0,1.8239373419270621,50.877123853962935,8131.955192107689,1.5072635928805649,0.0,0.0,1.0,inf,12257.0,inf,216.0,42.0,174.0,0.0,0.0,0.0,0.0,0.0,0.0
204.0,12302.0,34742.0,22440.0,11220.0,1.824093643310031,50.877123853962935,8131.955192107689,1.5127973174199811,0.0,0.0,1.0,inf,12302.0,inf,215.0,45.0,170.0,0.0,0.0,0.0,0.0,0.0,0.0
205.0,12351.0,34875.0,22524.0,11262.0,1.8236580034005343,50.877123853962935,8131.955192107689,1.5188229285851234,0.0,0.0,1.0,inf,12351.0,inf,217.0,49.0,168.0,0.0,0.0,0.0,0.0,0.0,0.0
206.0,12412.0,35052.0,22640.0,11320.0,1.824041250402836,50.877123853962935,8131.955192107689,1.5263241996274433,0.0,0.0,1.0,inf,12412.0,inf,213.0,61.0,152.0,0.0,0.0,0.0,0.0,0.0,0.0
207.0,12461.0,35193.0,22732.0,11366.0,1.8242516651954097,50.877123853962935,8131.955192107689,1.5323498107925855,0.0,0.0,1.0,inf,12461.0,inf,216.0,49.0,167.0,0.0,0.0,0.0,0.0,0.0,0.0
208.0,12514.0,35342.0,22828.0,11414.0,1.8241968994725908,50.92871139108612,8148.454561222565,1.5357513386099615,0.0,0.0,1.0,inf,12514.0,inf,214.0,53.0,161.0,0.0,0.0,0.0,0.0,0.0,0.0
209.0,12560.0,35470.0,22910.0,11455.0,1.8240445859872612,50.92871139108612,8148.454561222565,1.5413965808647208,0.0,0.0,1.0,inf,12560.0,inf,217.0,46.0,171.0,0.0,0.0,0.0,0.0,0.0,0.0
210.0,12613.0,35623.0,23010.0,11505.0,1.8243082533893602,50.92871139108612,8148.454561222565,1.5479008817234652,0.0,0.0,1.0,inf,12613.0,inf,216.0,53.0,163.0,0.0,0.0,0.0,0.0,0.0,0.0
211.0,12652.0,35736.0,23084.0,11542.0,1.8245336705659185,50.92871139108612,8148.454561222565,1.5526870653742395,0.0,0.0,1.0,inf,12652.0,inf,215.0,39.0,176.0,0.0,0.0,0.0,0.0,0.0,0.0
212.0,12700.0,35870.0,23170.0,11585.0,1.8244094488188976,51.29322833956195,8265.515422839604,1.5365043013417954,0.0,0.0,1.0,inf,12700.0,inf,219.0,48.0,171.0,0.0,0.0,0.0,0.0,0.0,0.0
213.0,12748.0,36006.0,23258.0,11629.0,1.824443049890179,51.46352564963629,8320.490777221865,1.5321211622394755,0.0,0.0,1.0,inf,12748.0,inf,214.0,48.0,166.0,0.0,0.0,0.0,0.0,0.0,0.0
214.0,12789.0,36127.0,23338.0,11669.0,1.8248494800218937,51.46352564963629,8320.490777221865,1.5370487561876884,0.0,0.0,1.0,inf,12789.0,inf,216.0,41.0,175.0,0.0,0.0,0.0,0.0,0.0,0.0
215.0,12833.0,36255.0,23422.0,11711.0,1.8251383152809164,51.46352564963629,8320.490777221865,1.5423369057906486,0.0,0.0,1.0,inf,12833.0,inf,216.0,44.0,172.0,0.0,0.0,0.0,0.0,0.0,0.0
216.0,12890.0,36414.0,23524.0,11762.0,1.8249806051202482,51.936194666056885,8474.032486798438,1.5211176048806903,0.0,0.0,1.0,inf,12890.0,inf,217.0,57.0,160.0,0.0,0.0,0.0,0.0,0.0,0.0
217.0,12926.0,36514.0,23588.0,11794.0,1.824849141265666,51.936194666056885,8474.032486798438,1.5253658774777195,0.0,0.0,1.0,inf,12926.0,inf,218.0,36.0,182.0,0.0,0.0,0.0,0.0,0.0,0.0
218.0,12979.0,36661.0,23682.0,11841.0,1.824639802758302,51.936194666056885,8474.032486798438,1.5316202788011233,0.0,0.0,1.0,inf,12979.0,inf,216.0,53.0,163.0,0.0,0.0,0.0,0.0,0.0,0.0
219.0,13034.0,36826.0,23792.0,11896.0,1.8253797759705386,52.22654205032616,8569.04486139515,1.5210563383464302,0.0,0.0,1.0,inf,13034.0,inf,214.0,55.0,159.0,0.0,0.0,0.0,0.0,0.0,0.0
220.0,13082.0,36960.0,23878.0,11939.0,1.8252560770524384,52.22654205032616,8569.04486139515,1.5266578961368726,0.0,0.0,1.0,inf,13082.0,inf,218.0,48.0,170.0,0.0,0.0,0.0,0.0,0.0,0.0
221.0,13124.0,37080.0,23956.0,11978.0,1.8253581225236208,52.24875020675246,8576.33399608382,1.5302575676265364,0.0,0.0,1.0,inf,13124.0,inf,217.0,42.0,175.0,0.0,0.0,0.0,0.0,0.0,0.0
222.0,13170.0,37206.0,24036.0,12018.0,1.8250569476082004,52.24875020675246,8576.33399608382,1.5356211647090434,0.0,0.0,1.0,inf,13170.0,inf,217.0,46.0,171.0,0.0,0.0,0.0,0.0,0.0,0.0
223.0,13220.0,37350.0,24130.0,12065.0,1.825264750378215,52.24875020675246,8576.33399608382,1.5414511615378552,0.0,0.0,1.0,inf,13220.0,inf,216.0,50.0,166.0,0.0,0.0,0.0,0.0,0.0,0.0
224.0,13277.0,37509.0,24232.0,12116.0,1.825111094373729,52.24875020675246,8576.33399608382,1.5480973579227006,0.0,0.0,1.0,inf,13277.0,inf,218.0,57.0,161.0,0.0,0.0,0.0,0.0,0.0,0.0
225.0,13333.0,37673.0,24340.0,12170.0,1.825545638640966,53.131522437967114,8868.586239719363,1.5033963294268995,0.0,0.0,1.0,inf,13333.0,inf,217.0,56.0,161.0,0.0,0.0,0.0,0.0,0.0,0.0
226.0,13388.0,37826.0,24438.0,12219.0,1.82536599940245,53.131522437967114,8868.586239719363,1.509597994327408,0.0,0.0,1.0,inf,13388.0,inf,217.0,55.0,162.0,0.0,0.0,0.0,0.0,0.0,0.0
227.0,13444.0,37986.0,24542.0,12271.0,1.8254983635822672,53.131522437967114,8868.586239719363,1.515912416771562,0.0,0.0,1.0,inf,13444.0,inf,216.0,56.0,160.0,0.0,0.0,0.0,0.0,0.0,0.0
228.0,13494.0,38132.0,24638.0,12319.0,1.8258485252704906,53.131522437967114,8868.586239719363,1.5215502939538426,0.0,0.0,1.0,inf,13494.0,inf,214.0,50.0,164.0,0.0,0.0,0.0,0.0,0.0,0.0
229.0,13546.0,38280.0,24734.0,12367.0,1.8259264727594862,53.131522437967114,8868.586239719363,1.5274136862234142,0.0,0.0,1.0,inf,13546.0,inf,216.0,52.0,164.0,0.0,0.0,0.0,0.0,0.0,0.0
230.0,13612.0,38468.0,24856.0,12428.0,1.826035850719953,53.131522437967114,8868.586239719363,1.5348556841040244,0.0,0.0,1.0,inf,13612.0,inf,215.0,66.0,149.0,0.0,0.0,0.0,0.0,0.0,0.0
231.0,13677.0,38655.0,24978.0,12489.0,1.8262776924764204,53.64313377493913,9040.202413111701,1.512908602595357,0.0,0.0,1.0,inf,13677.0,inf,214.0,65.0,149.0,0.0,0.0,0.0,0.0,0.0,0.0
232.0,13733.0,38817.0,25084.0,12542.0,1.8265491880870894,53.64313377493913,9040.202413111701,1.519103154159687,0.0,0.0,1.0,inf,13733.0,inf,211.0,56.0,155.0,0.0,0.0,0.0,0.0,0.0,0.0
233.0,13795.0,38993.0,25198.0,12599.0,1.826603841971729,53.64313377493913,9040.202413111701,1.525961407677338,0.0,0.0,1.0,inf,13795.0,inf,214.0,62.0,152.0,0.0,0.0,0.0,0.0,0.0,0.0
234.0,13848.0,39140.0,25292.0,12646.0,1.8264009243212016,53.64313377493913,9040.202413111701,1.5318241082650075,0.0,0.0,1.0,inf,13848.0,inf,216.0,53.0,163.0,0.0,0.0,0.0,0.0,0.0,0.0
235.0,13894.0,39272.0,25378.0,12689.0,1.826543831869872,53.64313377493913,9040.202413111701,1.5369124899071356,0.0,0.0,1.0,inf,13894.0,inf,217.0,46.0,171.0,0.0,0.0,0.0,0.0,0.0,0.0
236.0,13943.0,39409.0,25466.0,12733.0,1.8264362045470846,53.64313377493913,9040.202413111701,1.5423327225259242,0.0,0.0,1.0,inf,13943.0,inf,215.0,49.0,166.0,0.0,0.0,0.0,0.0,0.0,0.0
237.0,14000.0,39572.0,25572.0,12786.0,1.8265714285714285,53.64313377493913,9040.202413111701,1.5486378910824743,0.0,0.0,1.0,inf,14000.0,inf,215.0,57.0,158.0,0.0,0.0,0.0,0.0,0.0,0.0
238.0,14048.0,39704.0,25656.0,12828.0,1.8263097949886105,53.64313377493913,9040.202413111701,1.5539475067090427,0.0,0.0,1.0,inf,14048.0,inf,217.0,48.0,169.0,0.0,0.0,0.0,0.0,0.0,0.0
239.0,14100.0,39846.0,25746.0,12873.0,1.8259574468085107,53.64313377493913,9040.202413111701,1.559699590304492,0.0,0.0,1.0,inf,14100.0,inf,218.0,52.0,166.0,0.0,0.0,0.0,0.0,0.0,0.0
240.0,14150.0,39992.0,25842.0,12921.0,1.8262897526501767,53.64313377493913,9040.202413111701,1.5652304399155008,0.0,0.0,1.0,inf,14150.0,inf,215.0,50.0,165.0,0.0,0.0,0.0,0.0,0.0,0.0
241.0,14197.0,40127.0,25930.0,12965.0,1.8264422060998802,53.64313377493913,9040.202413111701,1.5704294385498492,0.0,0.0,1.0,inf,14197.0,inf,217.0,47.0,170.0,0.0,0.0,0.0,0.0,0.0,0.0
242.0,14248.0,40262.0,26014.0,13007.0,1.8258001122964627,53.64313377493913,9040.202413111701,1.5760709051530781,0.0,0.0,1.0,inf,14248.0,inf,217.0,51.0,166.0,0.0,0.0,0.0,0.0,0.0,0.0
243.0,14294.0,40388.0,26094.0,13047.0,1.825521197705331,53.64313377493913,9040.202413111701,1.5811592867952062,0.0,0.0,1.0,inf,14294.0,inf,216.0,46.0,170.0,0.0,0.0,0.0,0.0,0.0,0.0
244.0,14337.0,40509.0,26172.0,13086.0,1.825486503452605,53.64313377493913,9040.202413111701,1.5859158174606738,0.0,0.0,1.0,inf,14337.0,inf,218.0,43.0,175.0,0.0,0.0,0.0,0.0,0.0,0.0
245.0,14390.0,40658.0,26268.0,13134.0,1.8254343293954134,54.68494396468907,9394.754062695103,1.5317058758504525,0.0,0.0,1.0,inf,14390.0,inf,219.0,53.0,166.0,0.0,0.0,0.0,0.0,0.0,0.0
246.0,14446.0,40820.0,26374.0,13187.0,1.8256956943098435,54.68494396468907,9394.754062695103,1.5376666492380568,0.0,0.0,1.0,inf,14446.0,inf,211.0,56.0,155.0,0.0,0.0,0.0,0.0,0.0,0.0
247.0,14507.0,40993.0,26486.0,13243.0,1.8257392982698009,54.68494396468907,9394.754062695103,1.5441596345352686,0.0,0.0,1.0,inf,14507.0,inf,215.0,61.0,154.0,0.0,0.0,0.0,0.0,0.0,0.0
248.0,14563.0,41157.0,26594.0,13297.0,1.8261347249879833,54.68494396468907,9394.754062695103,1.5501204079228728,0.0,0.0,1.0,inf,14563.0,inf,215.0,56.0,159.0,0.0,0.0,0.0,0.0,0.0,0.0
249.0,14605.0,41277.0,26672.0,13336.0,1.8262238959260528,54.68494396468907,9394.754062695103,1.554590987963576,0.0,0.0,1.0,inf,14605.0,inf,216.0,42.0,174.0,0.0,0.0,0.0,0.0,0.0,0.0
250.0,14657.0,41423.0,26766.0,13383.0,1.826158149689568,54.68494396468907,9394.754062695103,1.5601259918234942,0.0,0.0,1.0,inf,14657.0,inf,218.0,52.0,166.0,0.0,0.0,0.0,0.0,0.0,0.0
251.0,14713.0,41585.0,26872.0,13436.0,1.8264120165839735,54.68494396468907,9394.754062695103,1.5660867652110986,0.0,0.0,1.0,inf,14713.0,inf,217.0,56.0,161.0,0.0,0.0,0.0,0.0,0.0,0.0
252.0,14763.0,41729.0,26966.0,13483.0,1.8265935108040372,54.68494396468907,9394.754062695103,1.5714088843071738,0.0,0.0,1.0,inf,14763.0,inf,215.0,50.0,165.0,0.0,0.0,0.0,0.0,0.0,0.0
253.0,14814.0,41864.0,27050.0,13525.0,1.8259754286485756,54.68494396468907,9394.754062695103,1.5768374457851706,0.0,0.0,1.0,inf,14814.0,inf,213.0,51.0,162.0,0.0,0.0,0.0,0.0,0.0,0.0
254.0,14876.0,42038.0,27162.0,13581.0,1.8258940575423501,54.68494396468907,9394.754062695103,1.5834368734643038,0.0,0.0,1.0,inf,14876.0,inf,219.0,62.0,157.0,0.0,0.0,0.0,0.0,0.0,0.0
255.0,14927.0,42185.0,27258.0,13629.0,1.826086956521739,54.68494396468907,9394.754062695103,1.5888654349423006,0.0,0.0,1.0,inf,14927.0,inf,215.0,51.0,164.0,0.0,0.0,0.0,0.0,0.0,0.0
256.0,14974.0,42320.0,27346.0,13673.0,1.8262321357018834,54.68494396468907,9394.754062695103,1.5938682268926112,0.0,0.0,1.0,inf,14974.0,inf,216.0,47.0,169.0,0.0,0.0,0.0,0.0,0.0,0.0
257.0,15018.0,42444.0,27426.0,13713.0,1.8262085497403115,54.68494396468907,9394.754062695103,1.5985516916971574,0.0,0.0,1.0,inf,15018.0,inf,216.0,44.0,172.0,0.0,0.0,0.0,0.0,0.0,0.0
258.0,15072.0,42600.0,27528.0,13764.0,1.8264331210191083,54.68494396468907,9394.754062695103,1.6042995803209188,0.0,0.0,1.0,inf,15072.0,inf,219.0,54.0,165.0,0.0,0.0,0.0,0.0,0.0,0.0
259.0,15119.0,42729.0,27610.0,13805.0,1.8261789800912758,54.68494396468907,9394.754062695103,1.6093023722712294,0.0,0.0,1.0,inf,15119.0,inf,218.0,47.0,171.0,0.0,0.0,0.0,0.0,0.0,0.0
260.0,15167.0,42861.0,27694.0,13847.0,1.8259378914749127,54.68494396468907,9394.754062695103,1.6144116066034617,0.0,0.0,1.0,inf,15167.0,inf,216.0,48.0,168.0,0.0,0.0,0.0,0.0,0.0,0.0
261.0,15220.0,43014.0,27794.0,13897.0,1.826149802890933,54.68494396468907,9394.754062695103,1.6200530528453014,0.0,0.0,1.0,inf,15220.0,inf,216.0,53.0,163.0,0.0,0.0,0.0,0.0,0.0,0.0
262.0,15259.0,43123.0,27864.0,13932.0,1.8260698604102497,54.68494396468907,9394.754062695103,1.62420430574024,0.0,0.0,1.0,inf,15259.0,inf,214.0,39.0,175.0,0.0,0.0,0.0,0.0,0.0,0.0
263.0,15307.0,43261.0,27954.0,13977.0,1.8262232965309988,54.68494396468907,9394.754062695103,1.6293135400724723,0.0,0.0,1.0,inf,15307.0,inf,217.0,48.0,169.0,0.0,0.0,0.0,0.0,0.0,0.0
264.0,15357.0,43409.0,28052.0,14026.0,1.8266588526404897,54.68494396468907,9394.754062695103,1.6346356591685476,0.0,0.0,1.0,inf,15357.0,inf,215.0,50.0,165.0,0.0,0.0,0.0,0.0,0.0,0.0
265.0,15401.0,43537.0,28136.0,14068.0,1.8268943575092527,54.68494396468907,9394.754062695103,1.6393191239730938,0.0,0.0,1.0,inf,15401.0,inf,216.0,44.0,172.0,0.0,0.0,0.0,0.0,0.0,0.0
266.0,15447.0,43669.0,28222.0,14111.0,1.827021428109018,54.68494396468907,9394.754062695103,1.644215473541483,0.0,0.0,1.0,inf,15447.0,inf,215.0,46.0,169.0,0.0,0.0,0.0,0.0,0.0,0.0
267.0,15494.0,43804.0,28310.0,14155.0,1.8271589002194397,54.68494396468907,9394.754062695103,1.6492182654917937,0.0,0.0,1.0,inf,15494.0,inf,218.0,47.0,171.0,0.0,0.0,0.0,0.0,0.0,0.0
268.0,15536.0,43922.0,28386.0,14193.0,1.8271112255406796,54.68494396468907,9394.754062695103,1.653688845532497,0.0,0.0,1.0,inf,15536.0,inf,215.0,42.0,173.0,0.0,0.0,0.0,0.0,0.0,0.0
269.0,15578.0,44038.0,28460.0,14230.0,1.8269354217486198,54.68494396468907,9394.754062695103,1.6581594255732002,0.0,0.0,1.0,inf,15578.0,inf,218.0,42.0,176.0,0.0,0.0,0.0,0.0,0.0,0.0
270.0,15623.0,44163.0,28540.0,14270.0,1.8267938296101902,54.68494396468907,9394.754062695103,1.6629493327596678,0.0,0.0,1.0,inf,15623.0,inf,216.0,45.0,171.0,0.0,0.0,0.0,0.0,0.0,0.0
271.0,15667.0,44285.0,28618.0,14309.0,1.8266419863407162,54.881233098869544,9462.319196436669,1.6557251636469732,0.0,0.0,1.0,inf,15667.0,inf,217.0,44.0,173.0,0.0,0.0,0.0,0.0,0.0,0.0
272.0,15705.0,44393.0,28688.0,14344.0,1.8266794014645018,54.881233098869544,9462.319196436669,1.6597410924283982,0.0,0.0,1.0,inf,15705.0,inf,218.0,38.0,180.0,0.0,0.0,0.0,0.0,0.0,0.0
273.0,15745.0,44507.0,28762.0,14381.0,1.826738647189584,54.881233098869544,9462.319196436669,1.6639683858825298,0.0,0.0,1.0,inf,15745.0,inf,219.0,40.0,179.0,0.0,0.0,0.0,0.0,0.0,0.0
274.0,15793.0,44641.0,28848.0,14424.0,1.8266320521750143,54.881233098869544,9462.319196436669,1.6690411380274877,0.0,0.0,1.0,inf,15793.0,inf,217.0,48.0,169.0,0.0,0.0,0.0,0.0,0.0,0.0
275.0,15848.0,44794.0,28946.0,14473.0,1.8264765270065624,54.881233098869544,9462.319196436669,1.6748536665269185,0.0,0.0,1.0,inf,15848.0,inf,217.0,55.0,162.0,0.0,0.0,0.0,0.0,0.0,0.0
276.0,15895.0,44929.0,29034.0,14517.0,1.8266121421830765,55.27916499516475,9600.035107920747,1.6557231115629396,0.0,0.0,1.0,inf,15895.0,inf,216.0,47.0,169.0,0.0,0.0,0.0,0.0,0.0,0.0
277.0,15942.0,45068.0,29126.0,14563.0,1.8269978672688496,55.27916499516475,9600.035107920747,1.6606189269919085,0.0,0.0,1.0,inf,15942.0,inf,215.0,47.0,168.0,0.0,0.0,0.0,0.0,0.0,0.0
278.0,15991.0,45207.0,29216.0,14608.0,1.8270277030829842,55.27916499516475,9600.035107920747,1.6657230749923226,0.0,0.0,1.0,inf,15991.0,inf,215.0,49.0,166.0,0.0,0.0,0.0,0.0,0.0,0.0
279.0,16047.0,45365.0,29318.0,14659.0,1.8270081635196609,55.375410874286025,9633.493217126937,1.6657509003557285,0.0,0.0,1.0,inf,16047.0,inf,218.0,56.0,162.0,0.0,0.0,0.0,0.0,0.0,0.0
280.0,16089.0,45489.0,29400.0,14700.0,1.8273354465784075,55.375410874286025,9633.493217126937,1.6701106895882918,0.0,0.0,1.0,inf,16089.0,inf,219.0,42.0,177.0,0.0,0.0,0.0,0.0,0.0,0.0
281.0,16126.0,45598.0,29472.0,14736.0,1.8276075902269626,55.375410874286025,9633.493217126937,1.6739514562931688,0.0,0.0,1.0,inf,16126.0,inf,217.0,37.0,180.0,0.0,0.0,0.0,0.0,0.0,0.0
282.0,16164.0,45702.0,29538.0,14769.0,1.8273942093541202,55.375410874286025,9633.493217126937,1.677896027503583,0.0,0.0,1.0,inf,16164.0,inf,215.0,38.0,177.0,0.0,0.0,0.0,0.0,0.0,0.0
283.0,16203.0,45809.0,29606.0,14803.0,1.8271924952169352,55.375410874286025,9633.493217126937,1.6819444032195345,0.0,0.0,1.0,inf,16203.0,inf,218.0,39.0,179.0,0.0,0.0,0.0,0.0,0.0,0.0
284.0,16254.0,45960.0,29706.0,14853.0,1.827611664820967,55.375410874286025,9633.493217126937,1.6872384330019325,0.0,0.0,1.0,inf,16254.0,inf,215.0,51.0,164.0,0.0,0.0,0.0,0.0,0.0,0.0
285.0,16301.0,46099.0,29798.0,14899.0,1.827986013128029,55.375410874286025,9633.493217126937,1.6921172447621817,0.0,0.0,1.0,inf,16301.0,inf,218.0,47.0,171.0,0.0,0.0,0.0,0.0,0.0,0.0
286.0,16342.0,46208.0,29866.0,14933.0,1.8275608860604577,55.375410874286025,9633.493217126937,1.6963732294892078,0.0,0.0,1.0,inf,16342.0,inf,218.0,41.0,177.0,0.0,0.0,0.0,0.0,0.0,0.0
287.0,16392.0,46354.0,29962.0,14981.0,1.827842850170815,55.375410874286025,9633.493217126937,1.7015634547660685,0.0,0.0,1.0,inf,16392.0,inf,217.0,50.0,167.0,0.0,0.0,0.0,0.0,0.0,0.0
288.0,16439.0,46493.0,30054.0,15027.0,1.8282133949753634,56.84106382252174,10150.192239428214,1.6195752368258645,0.0,0.0,1.0,inf,16439.0,inf,219.0,47.0,172.0,0.0,0.0,0.0,0.0,0.0,0.0
289.0,16496.0,46656.0,30160.0,15080.0,1.828322017458778,56.84106382252174,10150.192239428214,1.6251908940129849,0.0,0.0,1.0,inf,16496.0,inf,214.0,57.0,157.0,0.0,0.0,0.0,0.0,0.0,0.0
290.0,16551.0,46819.0,30268.0,15134.0,1.8287716754274665,56.84106382252174,10150.192239428214,1.6306095105970486,0.0,0.0,1.0,inf,16551.0,inf,211.0,55.0,156.0,0.0,0.0,0.0,0.0,0.0,0.0
291.0,16607.0,46975.0,30368.0,15184.0,1.8286264828084542,57.04473872054304,10223.06361485775,1.6244641162032991,0.0,0.0,1.0,inf,16607.0,inf,216.0,56.0,160.0,0.0,0.0,0.0,0.0,0.0,0.0
292.0,16650.0,47094.0,30444.0,15222.0,1.8284684684684684,57.04473872054304,10223.06361485775,1.6286702917314946,0.0,0.0,1.0,inf,16650.0,inf,214.0,43.0,171.0,0.0,0.0,0.0,0.0,0.0,0.0
293.0,16699.0,47233.0,30534.0,15267.0,1.8284927241152165,57.04473872054304,10223.06361485775,1.6334633754729266,0.0,0.0,1.0,inf,16699.0,inf,219.0,49.0,170.0,0.0,0.0,0.0,0.0,0.0,0.0
294.0,16752.0,47380.0,30628.0,15314.0,1.8283190066857689,57.73615957349075,10472.386397608967,1.5996353996090882,0.0,0.0,1.0,inf,16752.0,inf,217.0,53.0,164.0,0.0,0.0,0.0,0.0,0.0,0.0
295.0,16811.0,47553.0,30742.0,15371.0,1.828683600023794,57.73615957349075,10472.386397608967,1.6052692635403762,0.0,0.0,1.0,inf,16811.0,inf,214.0,59.0,155.0,0.0,0.0,0.0,0.0,0.0,0.0
296.0,16869.0,47717.0,30848.0,15424.0,1.8286798269014168,58.63159579568432,10799.740048173106,1.5619820407486176,0.0,0.0,1.0,inf,16869.0,inf,210.0,58.0,152.0,0.0,0.0,0.0,0.0,0.0,0.0
297.0,16922.0,47860.0,30938.0,15469.0,1.8282708899657252,58.63159579568432,10799.740048173106,1.566889566278268,0.0,0.0,1.0,inf,16922.0,inf,214.0,53.0,161.0,0.0,0.0,0.0,0.0,0.0,0.0
298.0,16974.0,48010.0,31036.0,15518.0,1.8284435018263225,58.63159579568432,10799.740048173106,1.5717044969866045,0.0,0.0,1.0,inf,16974.0,inf,213.0,52.0,161.0,0.0,0.0,0.0,0.0,0.0,0.0
299.0,17042.0,48198.0,31156.0,15578.0,1.8281891796737473,58.63159579568432,10799.740048173106,1.5780009448359678,0.0,0.0,1.0,inf,17042.0,inf,216.0,68.0,148.0,0.0,0.0,0.0,0.0,0.0,0.0
300.0,17107.0,48381.0,31274.0,15637.0,1.8281405272695388,58.63159579568432,10799.740048173106,1.5840196082213882,0.0,0.0,1.0,inf,17107.0,inf,213.0,65.0,148.0,0.0,0.0,0.0,0.0,0.0,0.0
301.0,17164.0,48542.0,31378.0,15689.0,1.8281286413423445,58.63159579568432,10799.740048173106,1.5892975130362956,0.0,0.0,1.0,inf,17164.0,inf,212.0,57.0,155.0,0.0,0.0,0.0,0.0,0.0,0.0
302.0,17215.0,48693.0,31478.0,15739.0,1.8285216381063027,58.63159579568432,10799.740048173106,1.594019848923318,0.0,0.0,1.0,inf,17215.0,inf,211.0,51.0,160.0,0.0,0.0,0.0,0.0,0.0,0.0
303.0,17276.0,48860.0,31584.0,15792.0,1.8282009724473258,59.29966377354314,11047.253875190298,1.5638275534518218,0.0,0.0,1.0,inf,17276.0,inf,215.0,61.0,154.0,0.0,0.0,0.0,0.0,0.0,0.0
304.0,17343.0,49047.0,31704.0,15852.0,1.8280574295104652,59.29966377354314,11047.253875190298,1.5698924090944053,0.0,0.0,1.0,inf,17343.0,inf,210.0,67.0,143.0,0.0,0.0,0.0,0.0,0.0,0.0
305.0,17392.0,49190.0,31798.0,15899.0,1.828311867525299,59.29966377354314,11047.253875190298,1.5743279005345037,0.0,0.0,1.0,inf,17392.0,inf,212.0,49.0,163.0,0.0,0.0,0.0,0.0,0.0,0.0
306.0,17460.0,49392.0,31932.0,15966.0,1.8288659793814432,59.29966377354314,11047.253875190298,1.5804832764105585,0.0,0.0,1.0,inf,17460.0,inf,213.0,68.0,145.0,0.0,0.0,0.0,0.0,0.0,0.0
307.0,17520.0,49560.0,32040.0,16020.0,1.8287671232876712,59.37910681885585,11076.873448314036,1.5816737531353349,0.0,0.0,1.0,inf,17520.0,inf,212.0,60.0,152.0,0.0,0.0,0.0,0.0,0.0,0.0
308.0,17578.0,49720.0,32142.0,16071.0,1.8285356695869837,59.37910681885585,11076.873448314036,1.5869098877062167,0.0,0.0,1.0,inf,17578.0,inf,215.0,58.0,157.0,0.0,0.0,0.0,0.0,0.0,0.0
309.0,17637.0,49889.0,32252.0,16126.0,1.8286556670635596,59.37910681885585,11076.873448314036,1.5922363004593552,0.0,0.0,1.0,inf,17637.0,inf,212.0,59.0,153.0,0.0,0.0,0.0,0.0,0.0,0.0
310.0,17692.0,50036.0,32344.0,16172.0,1.8281709247117341,59.37910681885585,11076.873448314036,1.597201600483467,0.0,0.0,1.0,inf,17692.0,inf,216.0,55.0,161.0,0.0,0.0,0.0,0.0,0.0,0.0
311.0,17747.0,50193.0,32446.0,16223.0,1.8282526624218178,59.37910681885585,11076.873448314036,1.6021669005075792,0.0,0.0,1.0,inf,17747.0,inf,214.0,55.0,159.0,0.0,0.0,0.0,0.0,0.0,0.0
312.0,17808.0,50366.0,32558.0,16279.0,1.8282794249775383,59.54272765811715,11138.002842053256,1.5988503731354005,0.0,0.0,1.0,inf,17808.0,inf,216.0,61.0,155.0,0.0,0.0,0.0,0.0,0.0,0.0
313.0,17881.0,50571.0,32690.0,16345.0,1.8281975281024552,59.897604759556366,11271.164395630785,1.5864376893421488,0.0,0.0,1.0,inf,17881.0,inf,218.0,73.0,145.0,0.0,0.0,0.0,0.0,0.0,0.0
314.0,17936.0,50732.0,32796.0,16398.0,1.8285013380909902,59.897604759556366,11271.164395630785,1.5913173981343762,0.0,0.0,1.0,inf,17936.0,inf,212.0,55.0,157.0,0.0,0.0,0.0,0.0,0.0,0.0
315.0,17994.0,50888.0,32894.0,16447.0,1.828053795709681,59.897604759556366,11271.164395630785,1.596463272860725,0.0,0.0,1.0,inf,17994.0,inf,216.0,58.0,158.0,0.0,0.0,0.0,0.0,0.0,0.0
316.0,18051.0,51049.0,32998.0,16499.0,1.8280427677137001,60.022319060337836,11318.149205396732,1.5948720654250523,0.0,0.0,1.0,inf,18051.0,inf,216.0,57.0,159.0,0.0,0.0,0.0,0.0,0.0,0.0
317.0,18111.0,51221.0,33110.0,16555.0,1.8281707249737729,60.022319060337836,11318.149205396732,1.6001732855195347,0.0,0.0,1.0,inf,18111.0,inf,220.0,60.0,160.0,0.0,0.0,0.0,0.0,0.0,0.0
318.0,18165.0,51377.0,33212.0,16606.0,1.8283512248830167,60.022319060337836,11318.149205396732,1.604944383604569,0.0,0.0,1.0,inf,18165.0,inf,216.0,54.0,162.0,0.0,0.0,0.0,0.0,0.0,0.0
319.0,18208.0,51500.0,33292.0,16646.0,1.828427065026362,60.123604300985384,11356.379273920105,1.603327923523532,0.0,0.0,1.0,inf,18208.0,inf,215.0,43.0,172.0,0.0,0.0,0.0,0.0,0.0,0.0
320.0,18264.0,51660.0,33396.0,16698.0,1.828515111695138,60.123604300985384,11356.379273920105,1.6082590726732091,0.0,0.0,1.0,inf,18264.0,inf,220.0,56.0,164.0,0.0,0.0,0.0,0.0,0.0,0.0
321.0,18314.0,51796.0,33482.0,16741.0,1.8282188489680027,60.123604300985384,11356.379273920105,1.6126618844139922,0.0,0.0,1.0,inf,18314.0,inf,215.0,50.0,165.0,0.0,0.0,0.0,0.0,0.0,0.0
322.0,18367.0,51943.0,33576.0,16788.0,1.8280611967114935,60.25804563159636,11407.223655136515,1.6101200919059384,0.0,0.0,1.0,inf,18367.0,inf,216.0,53.0,163.0,0.0,0.0,0.0,0.0,0.0,0.0
323.0,18427.0,52111.0,33684.0,16842.0,1.827969826884463,60.25804563159636,11407.223655136515,1.6153799168917475,0.0,0.0,1.0,inf,18427.0,inf,215.0,60.0,155.0,0.0,0.0,0.0,0.0,0.0,0.0
324.0,18485.0,52273.0,33788.0,16894.0,1.8278604273735461,60.3788577983796,11453.010501005892,1.6139861216731184,0.0,0.0,1.0,inf,18485.0,inf,215.0,58.0,157.0,0.0,0.0,0.0,0.0,0.0,0.0
325.0,18545.0,52443.0,33898.0,16949.0,1.8278781342679968,60.3788577983796,11453.010501005892,1.6192249189303751,0.0,0.0,1.0,inf,18545.0,inf,214.0,60.0,154.0,0.0,0.0,0.0,0.0,0.0,0.0
326.0,18601.0,52597.0,33996.0,16998.0,1.8276436750712328,60.3788577983796,11453.010501005892,1.6241144630371478,0.0,0.0,1.0,inf,18601.0,inf,215.0,56.0,159.0,0.0,0.0,0.0,0.0,0.0,0.0
327.0,18656.0,52758.0,34102.0,17051.0,1.8279373927958833,60.3788577983796,11453.010501005892,1.6289166938562996,0.0,0.0,1.0,inf,18656.0,inf,216.0,55.0,161.0,0.0,0.0,0.0,0.0,0.0,0.0
328.0,18720.0,52950.0,34230.0,17115.0,1.828525641025641,60.3788577983796,11453.010501005892,1.63450474426404,0.0,0.0,1.0,inf,18720.0,inf,217.0,64.0,153.0,0.0,0.0,0.0,0.0,0.0,0.0
329.0,18778.0,53110.0,34332.0,17166.0,1.8283097241452764,60.3788577983796,11453.010501005892,1.6395689149460546,0.0,0.0,1.0,inf,18778.0,inf,216.0,58.0,158.0,0.0,0.0,0.0,0.0,0.0,0.0
330.0,18837.0,53281.0,34444.0,17222.0,1.8285289589637417,60.3788577983796,11453.010501005892,1.6447203989156902,0.0,0.0,1.0,inf,18837.0,inf,218.0,59.0,159.0,0.0,0.0,0.0,0.0,0.0,0.0
331.0,18892.0,53444.0,34552.0,17276.0,1.8289222951513868,60.3788577983796,11453.010501005892,1.649522629734842,0.0,0.0,1.0,inf,18892.0,inf,215.0,55.0,160.0,0.0,0.0,0.0,0.0,0.0,0.0
332.0,18949.0,53607.0,34658.0,17329.0,1.829014723732123,60.3788577983796,11453.010501005892,1.6544994871292358,0.0,0.0,1.0,inf,18949.0,inf,214.0,57.0,157.0,0.0,0.0,0.0,0.0,0.0,0.0
333.0,18996.0,53738.0,34742.0,17371.0,1.8289113497578438,60.3788577983796,11453.010501005892,1.65860321164742,0.0,0.0,1.0,inf,18996.0,inf,216.0,47.0,169.0,0.0,0.0,0.0,0.0,0.0,0.0
334.0,19048.0,53886.0,34838.0,17419.0,1.8289584208315834,60.3788577983796,11453.010501005892,1.663143502603709,0.0,0.0,1.0,inf,19048.0,inf,214.0,52.0,162.0,0.0,0.0,0.0,0.0,0.0,0.0
335.0,19098.0,54026.0,34928.0,17464.0,1.8288826055084302,60.3788577983796,11453.010501005892,1.6675091669847562,0.0,0.0,1.0,inf,19098.0,inf,216.0,50.0,166.0,0.0,0.0,0.0,0.0,0.0,0.0
336.0,19146.0,54162.0,35016.0,17508.0,1.8288937637104357,60.3788577983796,11453.010501005892,1.6717002047905614,0.0,0.0,1.0,inf,19146.0,inf,217.0,48.0,169.0,0.0,0.0,0.0,0.0,0.0,0.0
337.0,19198.0,54308.0,35110.0,17555.0,1.8288363371184497,61.06142556154389,11713.420956882088,1.6389746488809003,0.0,0.0,1.0,inf,19198.0,inf,216.0,52.0,164.0,0.0,0.0,0.0,0.0,0.0,0.0
338.0,19259.0,54483.0,35224.0,17612.0,1.8289630821953373,61.06142556154389,11713.420956882088,1.644182350390523,0.0,0.0,1.0,inf,19259.0,inf,215.0,61.0,154.0,0.0,0.0,0.0,0.0,0.0,0.0
339.0,19310.0,54628.0,35318.0,17659.0,1.8290005178663904,61.06142556154389,11713.420956882088,1.648536330341191,0.0,0.0,1.0,inf,19310.0,inf,214.0,51.0,163.0,0.0,0.0,0.0,0.0,0.0,0.0
340.0,19363.0,54781.0,35418.0,17709.0,1.8291587047461653,61.06142556154389,11713.420956882088,1.6530610546036502,0.0,0.0,1.0,inf,19363.0,inf,213.0,53.0,160.0,0.0,0.0,0.0,0.0,0.0,0.0
341.0,19413.0,54927.0,35514.0,17757.0,1.82939267501159,61.06142556154389,11713.420956882088,1.6573296623984226,0.0,0.0,1.0,inf,19413.0,inf,215.0,50.0,165.0,0.0,0.0,0.0,0.0,0.0,0.0
342.0,19470.0,55082.0,35612.0,17806.0,1.829070364663585,61.06142556154389,11713.420956882088,1.6621958752844634,0.0,0.0,1.0,inf,19470.0,inf,218.0,57.0,161.0,0.0,0.0,0.0,0.0,0.0,0.0
343.0,19524.0,55230.0,35706.0,17853.0,1.8288260602335586,61.06142556154389,11713.420956882088,1.6668059717028179,0.0,0.0,1.0,inf,19524.0,inf,216.0,54.0,162.0,0.0,0.0,0.0,0.0,0.0,0.0
344.0,19576.0,55382.0,35806.0,17903.0,1.8290764201062526,61.06142556154389,11713.420956882088,1.6712453238093814,0.0,0.0,1.0,inf,19576.0,inf,218.0,52.0,166.0,0.0,0.0,0.0,0.0,0.0,0.0
345.0,19625.0,55517.0,35892.0,17946.0,1.828891719745223,61.06142556154389,11713.420956882088,1.6754285594482587,0.0,0.0,1.0,inf,19625.0,inf,219.0,49.0,170.0,0.0,0.0,0.0,0.0,0.0,0.0
346.0,19686.0,55692.0,36006.0,18003.0,1.8290155440414508,61.06142556154389,11713.420956882088,1.6806362609578813,0.0,0.0,1.0,inf,19686.0,inf,215.0,61.0,154.0,0.0,0.0,0.0,0.0,0.0,0.0
347.0,19746.0,55868.0,36122.0,18061.0,1.8293325230426416,61.06142556154389,11713.420956882088,1.6857585903116084,0.0,0.0,1.0,inf,19746.0,inf,218.0,60.0,158.0,0.0,0.0,0.0,0.0,0.0,0.0
348.0,19805.0,56037.0,36232.0,18116.0,1.8294370108558444,61.06142556154389,11713.420956882088,1.69079554750944,0.0,0.0,1.0,inf,19805.0,inf,218.0,59.0,159.0,0.0,0.0,0.0,0.0,0.0,0.0
349.0,19865.0,56213.0,36348.0,18174.0,1.8297508180216462,61.11824191455015,11735.22927455872,1.6927662455701773,0.0,0.0,1.0,inf,19865.0,inf,213.0,60.0,153.0,0.0,0.0,0.0,0.0,0.0,0.0
350.0,19921.0,56371.0,36450.0,18225.0,1.8297274233221223,61.11824191455015,11735.22927455872,1.697538201762069,0.0,0.0,1.0,inf,19921.0,inf,215.0,56.0,159.0,0.0,0.0,0.0,0.0,0.0,0.0
351.0,19980.0,56542.0,36562.0,18281.0,1.8299299299299299,61.11824191455015,11735.22927455872,1.7025657984642408,0.0,0.0,1.0,inf,19980.0,inf,218.0,59.0,159.0,0.0,0.0,0.0,0.0,0.0,0.0
352.0,20036.0,56700.0,36664.0,18332.0,1.8299061688959872,61.11824191455015,11735.22927455872,1.7073377546561326,0.0,0.0,1.0,inf,20036.0,inf,218.0,56.0,162.0,0.0,0.0,0.0,0.0,0.0,0.0
353.0,20079.0,56823.0,36744.0,18372.0,1.8299716121320784,61.11824191455015,11735.22927455872,1.711001935303478,0.0,0.0,1.0,inf,20079.0,inf,215.0,43.0,172.0,0.0,0.0,0.0,0.0,0.0,0.0
354.0,20121.0,56941.0,36820.0,18410.0,1.8299289299736594,61.11824191455015,11735.22927455872,1.7145809024473968,0.0,0.0,1.0,inf,20121.0,inf,216.0,42.0,174.0,0.0,0.0,0.0,0.0,0.0,0.0
355.0,20158.0,57050.0,36892.0,18446.0,1.830141879154678,61.11824191455015,11735.22927455872,1.7177338020741824,0.0,0.0,1.0,inf,20158.0,inf,214.0,37.0,177.0,0.0,0.0,0.0,0.0,0.0,0.0
356.0,20223.0,57233.0,37010.0,18505.0,1.8300944469168767,61.11824191455015,11735.22927455872,1.723272679796914,0.0,0.0,1.0,inf,20223.0,inf,218.0,65.0,153.0,0.0,0.0,0.0,0.0,0.0,0.0
357.0,20273.0,57379.0,37106.0,18553.0,1.8303161840872095,61.11824191455015,11735.22927455872,1.727533354968246,0.0,0.0,1.0,inf,20273.0,inf,216.0,50.0,166.0,0.0,0.0,0.0,0.0,0.0,0.0
358.0,20324.0,57522.0,37198.0,18599.0,1.830249950797087,61.11824191455015,11735.22927455872,1.7318792436430044,0.0,0.0,1.0,inf,20324.0,inf,217.0,51.0,166.0,0.0,0.0,0.0,0.0,0.0,0.0
359.0,20367.0,57645.0,37278.0,18639.0,1.8303137428192664,61.11824191455015,11735.22927455872,1.7355434242903498,0.0,0.0,1.0,inf,20367.0,inf,219.0,43.0,176.0,0.0,0.0,0.0,0.0,0.0,0.0
360.0,20413.0,57777.0,37364.0,18682.0,1.830402194679861,61.11824191455015,11735.22927455872,1.7394632454479753,0.0,0.0,1.0,inf,20413.0,inf,220.0,46.0,174.0,0.0,0.0,0.0,0.0,0.0,0.0
361.0,20459.0,57907.0,37448.0,18724.0,1.8303924923016766,61.11824191455015,11735.22927455872,1.7433830666056007,0.0,0.0,1.0,inf,20459.0,inf,219.0,46.0,173.0,0.0,0.0,0.0,0.0,0.0,0.0
362.0,20501.0,58019.0,37518.0,18759.0,1.8300570703868104,61.11824191455015,11735.22927455872,1.7469620337495195,0.0,0.0,1.0,inf,20501.0,inf,215.0,42.0,173.0,0.0,0.0,0.0,0.0,0.0,0.0
363.0,20546.0,58144.0,37598.0,18799.0,1.8299425678964276,61.11824191455015,11735.22927455872,1.7507966414037182,0.0,0.0,1.0,inf,20546.0,inf,217.0,45.0,172.0,0.0,0.0,0.0,0.0,0.0,0.0
364.0,20587.0,58255.0,37668.0,18834.0,1.8296983533297713,61.11824191455015,11735.22927455872,1.7542903950442104,0.0,0.0,1.0,inf,20587.0,inf,218.0,41.0,177.0,0.0,0.0,0.0,0.0,0.0,0.0
365.0,20628.0,58366.0,37738.0,18869.0,1.8294551095598215,62.042072573453915,12092.677407409208,1.7058257079909518,0.0,0.0,1.0,inf,20628.0,inf,218.0,41.0,177.0,0.0,0.0,0.0,0.0,0.0,0.0
366.0,20686.0,58532.0,37846.0,18923.0,1.829546553224403,62.042072573453915,12092.677407409208,1.7106219990062455,0.0,0.0,1.0,inf,20686.0,inf,219.0,58.0,161.0,0.0,0.0,0.0,0.0,0.0,0.0
367.0,20738.0,58676.0,37938.0,18969.0,1.8293953129520686,62.042072573453915,12092.677407409208,1.714922121985474,0.0,0.0,1.0,inf,20738.0,inf,219.0,52.0,167.0,0.0,0.0,0.0,0.0,0.0,0.0
368.0,20779.0,58791.0,38012.0,19006.0,1.8293469368112036,62.042072573453915,12092.677407409208,1.7183126035652505,0.0,0.0,1.0,inf,20779.0,inf,217.0,41.0,176.0,0.0,0.0,0.0,0.0,0.0,0.0
369.0,20824.0,58918.0,38094.0,19047.0,1.8293315405301576,62.042072573453915,12092.677407409208,1.7220338638357369,0.0,0.0,1.0,inf,20824.0,inf,213.0,45.0,168.0,0.0,0.0,0.0,0.0,0.0,0.0
370.0,20874.0,59062.0,38188.0,19094.0,1.829452907923733,62.042072573453915,12092.677407409208,1.7261685974696106,0.0,0.0,1.0,inf,20874.0,inf,214.0,50.0,164.0,0.0,0.0,0.0,0.0,0.0,0.0
371.0,20921.0,59197.0,38276.0,19138.0,1.8295492567276899,62.042072573453915,12092.677407409208,1.730055247085452,0.0,0.0,1.0,inf,20921.0,inf,217.0,47.0,170.0,0.0,0.0,0.0,0.0,0.0,0.0
372.0,20973.0,59337.0,38364.0,19182.0,1.8292089829781146,62.042072573453915,12092.677407409208,1.7343553700646805,0.0,0.0,1.0,inf,20973.0,inf,218.0,52.0,166.0,0.0,0.0,0.0,0.0,0.0,0.0
373.0,21022.0,59480.0,38458.0,19229.0,1.829416801446104,62.042072573453915,12092.677407409208,1.738407409025877,0.0,0.0,1.0,inf,21022.0,inf,220.0,49.0,171.0,0.0,0.0,0.0,0.0,0.0,0.0
374.0,21064.0,59594.0,38530.0,19265.0,1.8291872388909989,62.042072573453915,12092.677407409208,1.7418805852783308,0.0,0.0,1.0,inf,21064.0,inf,217.0,42.0,175.0,0.0,0.0,0.0,0.0,0.0,0.0
375.0,21107.0,59721.0,38614.0,19307.0,1.8294404699862605,62.042072573453915,12092.677407409208,1.7454364562034623,0.0,0.0,1.0,inf,21107.0,inf,218.0,43.0,175.0,0.0,0.0,0.0,0.0,0.0,0.0
376.0,21156.0,59858.0,38702.0,19351.0,1.829362828512006,62.042072573453915,12092.677407409208,1.7494884951646585,0.0,0.0,1.0,inf,21156.0,inf,218.0,49.0,169.0,0.0,0.0,0.0,0.0,0.0,0.0
377.0,21190.0,59952.0,38762.0,19381.0,1.8292590844738084,62.042072573453915,12092.677407409208,1.7523001140356926,0.0,0.0,1.0,inf,21190.0,inf,218.0,34.0,184.0,0.0,0.0,0.0,0.0,0.0,0.0
378.0,21239.0,60087.0,38848.0,19424.0,1.8290879984933377,62.042072573453915,12092.677407409208,1.7563521529968888,0.0,0.0,1.0,inf,21239.0,inf,215.0,49.0,166.0,0.0,0.0,0.0,0.0,0.0,0.0
379.0,21280.0,60208.0,38928.0,19464.0,1.8293233082706768,62.042072573453915,12092.677407409208,1.7597426345766654,0.0,0.0,1.0,inf,21280.0,inf,219.0,41.0,178.0,0.0,0.0,0.0,0.0,0.0,0.0
380.0,21320.0,60320.0,39000.0,19500.0,1.829268292682927,62.042072573453915,12092.677407409208,1.7630504214837643,0.0,0.0,1.0,inf,21320.0,inf,217.0,40.0,177.0,0.0,0.0,0.0,0.0,0.0,0.0
381.0,21366.0,60446.0,39080.0,19540.0,1.829074230085182,62.042072573453915,12092.677407409208,1.7668543764269282,0.0,0.0,1.0,inf,21366.0,inf,220.0,46.0,174.0,0.0,0.0,0.0,0.0,0.0,0.0
382.0,21410.0,60572.0,39162.0,19581.0,1.8291452592246613,62.042072573453915,12092.677407409208,1.770492942024737,0.0,0.0,1.0,inf,21410.0,inf,218.0,44.0,174.0,0.0,0.0,0.0,0.0,0.0,0.0
383.0,21446.0,60674.0,39228.0,19614.0,1.82915228947123,62.042072573453915,12092.677407409208,1.7734699502411262,0.0,0.0,1.0,inf,21446.0,inf,219.0,36.0,183.0,0.0,0.0,0.0,0.0,0.0,0.0
384.0,21484.0,60780.0,39296.0,19648.0,1.8290821076149693,62.36157690439997,12217.547876467524,1.7584543328355424,0.0,0.0,1.0,inf,21484.0,inf,218.0,38.0,180.0,0.0,0.0,0.0,0.0,0.0,0.0
385.0,21522.0,60888.0,39366.0,19683.0,1.8291051017563424,62.36157690439997,12217.547876467524,1.7615646132604053,0.0,0.0,1.0,inf,21522.0,inf,218.0,38.0,180.0,0.0,0.0,0.0,0.0,0.0,0.0
386.0,21571.0,61029.0,39458.0,19729.0,1.829215149969867,62.36157690439997,12217.547876467524,1.7655752380187808,0.0,0.0,1.0,inf,21571.0,inf,218.0,49.0,169.0,0.0,0.0,0.0,0.0,0.0,0.0
387.0,21611.0,61137.0,39526.0,19763.0,1.8289759844523623,62.36157690439997,12217.547876467524,1.7688492174133732,0.0,0.0,1.0,inf,21611.0,inf,217.0,40.0,177.0,0.0,0.0,0.0,0.0,0.0,0.0
388.0,21650.0,61250.0,39600.0,19800.0,1.8290993071593533,62.7079254668478,12353.63426345249,1.7525207188665337,0.0,0.0,1.0,inf,21650.0,inf,218.0,39.0,179.0,0.0,0.0,0.0,0.0,0.0,0.0
389.0,21691.0,61365.0,39674.0,19837.0,1.8290535245032502,62.7079254668478,12353.63426345249,1.755839580274087,0.0,0.0,1.0,inf,21691.0,inf,218.0,41.0,177.0,0.0,0.0,0.0,0.0,0.0,0.0
390.0,21750.0,61536.0,39786.0,19893.0,1.8292413793103448,62.82889786462613,12401.344030528697,1.7538421598866611,0.0,0.0,1.0,inf,21750.0,inf,217.0,59.0,158.0,0.0,0.0,0.0,0.0,0.0,0.0
391.0,21795.0,61663.0,39868.0,19934.0,1.8292268869006654,62.82889786462613,12401.344030528697,1.7574707988381506,0.0,0.0,1.0,inf,21795.0,inf,215.0,45.0,170.0,0.0,0.0,0.0,0.0,0.0,0.0
392.0,21838.0,61780.0,39942.0,19971.0,1.8290136459382726,62.82889786462613,12401.344030528697,1.760938164947352,0.0,0.0,1.0,inf,21838.0,inf,218.0,43.0,175.0,0.0,0.0,0.0,0.0,0.0,0.0
393.0,21882.0,61904.0,40022.0,20011.0,1.8289918654601955,62.82889786462613,12401.344030528697,1.7644861674776973,0.0,0.0,1.0,inf,21882.0,inf,219.0,44.0,175.0,0.0,0.0,0.0,0.0,0.0,0.0
394.0,21933.0,62043.0,40110.0,20055.0,1.8287511968266994,62.82889786462613,12401.344030528697,1.7685986249560524,0.0,0.0,1.0,inf,21933.0,inf,218.0,51.0,167.0,0.0,0.0,0.0,0.0,0.0,0.0
395.0,21986.0,62186.0,40200.0,20100.0,1.82843627763122,62.82889786462613,12401.344030528697,1.7728723552766956,0.0,0.0,1.0,inf,21986.0,inf,217.0,53.0,164.0,0.0,0.0,0.0,0.0,0.0,0.0
396.0,22031.0,62313.0,40282.0,20141.0,1.8284235849484818,62.82889786462613,12401.344030528697,1.7765009942281853,0.0,0.0,1.0,inf,22031.0,inf,218.0,45.0,173.0,0.0,0.0,0.0,0.0,0.0,0.0
397.0,22093.0,62497.0,40404.0,20202.0,1.8288145566469016,62.82889786462613,12401.344030528697,1.7815004523391265,0.0,0.0,1.0,inf,22093.0,inf,217.0,62.0,155.0,0.0,0.0,0.0,0.0,0.0,0.0
398.0,22140.0,62632.0,40492.0,20246.0,1.828906955736224,62.82889786462613,12401.344030528697,1.7852903641329045,0.0,0.0,1.0,inf,22140.0,inf,218.0,47.0,171.0,0.0,0.0,0.0,0.0,0.0,0.0
399.0,22179.0,62737.0,40558.0,20279.0,1.8286667568420578,63.107202907394196,12511.45261789178,1.7726958393530832,0.0,0.0,1.0,inf,22179.0,inf,218.0,39.0,179.0,0.0,0.0,0.0,0.0,0.0,0.0
400.0,22219.0,62849.0,40630.0,20315.0,1.8286151491966336,63.107202907394196,12511.45261789178,1.7758929101666512,0.0,0.0,1.0,inf,22219.0,inf,217.0,40.0,177.0,0.0,0.0,0.0,0.0,0.0,0.0
401.0,22267.0,62985.0,40718.0,20359.0,1.8286253199802398,63.107202907394196,12511.45261789178,1.7797293951429327,0.0,0.0,1.0,inf,22267.0,inf,217.0,48.0,169.0,0.0,0.0,0.0,0.0,0.0,0.0
402.0,22313.0,63107.0,40794.0,20397.0,1.8282615515618699,63.17116914608727,12536.828997448782,1.7797961513665577,0.0,0.0,1.0,inf,22313.0,inf,218.0,46.0,172.0,0.0,0.0,0.0,0.0,0.0,0.0
403.0,22364.0,63252.0,40888.0,20444.0,1.8282954748703273,63.63006685544087,12719.634493821926,1.7582266228532317,0.0,0.0,1.0,inf,22364.0,inf,217.0,51.0,166.0,0.0,0.0,0.0,0.0,0.0,0.0
404.0,22415.0,63397.0,40982.0,20491.0,1.8283292438099488,63.63006685544087,12719.634493821926,1.7622361720289388,0.0,0.0,1.0,inf,22415.0,inf,214.0,51.0,163.0,0.0,0.0,0.0,0.0,0.0,0.0
405.0,22463.0,63539.0,41076.0,20538.0,1.8286070426924275,63.63006685544087,12719.634493821926,1.7660098653707808,0.0,0.0,1.0,inf,22463.0,inf,219.0,48.0,171.0,0.0,0.0,0.0,0.0,0.0,0.0
406.0,22505.0,63653.0,41148.0,20574.0,1.8283936902910465,63.63006685544087,12719.634493821926,1.7693118470448925,0.0,0.0,1.0,inf,22505.0,inf,216.0,42.0,174.0,0.0,0.0,0.0,0.0,0.0,0.0
407.0,22543.0,63759.0,41216.0,20608.0,1.8283280841059308,63.63006685544087,12719.634493821926,1.7722993542738508,0.0,0.0,1.0,inf,22543.0,inf,217.0,38.0,179.0,0.0,0.0,0.0,0.0,0.0,0.0
408.0,22602.0,63924.0,41322.0,20661.0,1.828245288027608,63.63006685544087,12719.634493821926,1.7769378523398651,0.0,0.0,1.0,inf,22602.0,inf,218.0,59.0,159.0,0.0,0.0,0.0,0.0,0.0,0.0
409.0,22647.0,64051.0,41404.0,20702.0,1.8282333200865457,63.63006685544087,12719.634493821926,1.780475689847842,0.0,0.0,1.0,inf,22647.0,inf,219.0,45.0,174.0,0.0,0.0,0.0,0.0,0.0,0.0
410.0,22688.0,64162.0,41474.0,20737.0,1.8280148095909732,63.63006685544087,12719.634493821926,1.7836990529106653,0.0,0.0,1.0,inf,22688.0,inf,219.0,41.0,178.0,0.0,0.0,0.0,0.0,0.0,0.0
411.0,22736.0,64300.0,41564.0,20782.0,1.8281140042223787,63.63006685544087,12719.634493821926,1.7874727462525073,0.0,0.0,1.0,inf,22736.0,inf,219.0,48.0,171.0,0.0,0.0,0.0,0.0,0.0,0.0
412.0,22791.0,64453.0,41662.0,20831.0,1.8280022816023869,63.63006685544087,12719.634493821926,1.7917967698733681,0.0,0.0,1.0,inf,22791.0,inf,219.0,55.0,164.0,0.0,0.0,0.0,0.0,0.0,0.0
413.0,22853.0,64631.0,41778.0,20889.0,1.8281188465409355,63.69528924738923,12745.723737798182,1.7929935145407323,0.0,0.0,1.0,inf,22853.0,inf,220.0,62.0,158.0,0.0,0.0,0.0,0.0,0.0,0.0
414.0,22897.0,64753.0,41856.0,20928.0,1.8280124033716207,63.69528924738923,12745.723737798182,1.7964456527562747,0.0,0.0,1.0,inf,22897.0,inf,218.0,44.0,174.0,0.0,0.0,0.0,0.0,0.0,0.0
415.0,22952.0,64906.0,41954.0,20977.0,1.8279017079121644,63.69528924738923,12745.723737798182,1.8007608255257028,0.0,0.0,1.0,inf,22952.0,inf,216.0,55.0,161.0,0.0,0.0,0.0,0.0,0.0,0.0
416.0,22997.0,65031.0,42034.0,21017.0,1.8278036265599862,63.69528924738923,12745.723737798182,1.8042914214279622,0.0,0.0,1.0,inf,22997.0,inf,218.0,45.0,173.0,0.0,0.0,0.0,0.0,0.0,0.0
417.0,23040.0,65152.0,42112.0,21056.0,1.8277777777777777,63.69528924738923,12745.723737798182,1.8076651019567878,0.0,0.0,1.0,inf,23040.0,inf,219.0,43.0,176.0,0.0,0.0,0.0,0.0,0.0,0.0
418.0,23079.0,65261.0,42182.0,21091.0,1.8277221716712162,64.03059258538785,12880.268457853213,1.7918104793792966,0.0,0.0,1.0,inf,23079.0,inf,217.0,39.0,178.0,0.0,0.0,0.0,0.0,0.0,0.0
419.0,23122.0,65378.0,42256.0,21128.0,1.8275235706253785,64.03059258538785,12880.268457853213,1.795148919112964,0.0,0.0,1.0,inf,23122.0,inf,216.0,43.0,173.0,0.0,0.0,0.0,0.0,0.0,0.0
420.0,23166.0,65502.0,42336.0,21168.0,1.8275058275058276,64.03059258538785,12880.268457853213,1.7985649969799724,0.0,0.0,1.0,inf,23166.0,inf,219.0,44.0,175.0,0.0,0.0,0.0,0.0,0.0,0.0
421.0,23210.0,65624.0,42414.0,21207.0,1.8274019819043517,64.03059258538785,12880.268457853213,1.801981074846981,0.0,0.0,1.0,inf,23210.0,inf,218.0,44.0,174.0,0.0,0.0,0.0,0.0,0.0,0.0
422.0,23254.0,65746.0,42492.0,21246.0,1.8272985292852844,64.03059258538785,12880.268457853213,1.8053971527139896,0.0,0.0,1.0,inf,23254.0,inf,216.0,44.0,172.0,0.0,0.0,0.0,0.0,0.0,0.0
423.0,23302.0,65872.0,42570.0,21285.0,1.8268818127199382,64.03059258538785,12880.268457853213,1.8091237831143625,0.0,0.0,1.0,inf,23302.0,inf,217.0,48.0,169.0,0.0,0.0,0.0,0.0,0.0,0.0
424.0,23335.0,65969.0,42634.0,21317.0,1.827040925648168,64.03059258538785,12880.268457853213,1.8116858415146189,0.0,0.0,1.0,inf,23335.0,inf,216.0,33.0,183.0,0.0,0.0,0.0,0.0,0.0,0.0
425.0,23374.0,66080.0,42706.0,21353.0,1.8270728159493455,64.03059258538785,12880.268457853213,1.8147137287149218,0.0,0.0,1.0,inf,23374.0,inf,218.0,39.0,179.0,0.0,0.0,0.0,0.0,0.0,0.0
426.0,23422.0,66218.0,42796.0,21398.0,1.8271710357783282,64.03059258538785,12880.268457853213,1.8184403591152947,0.0,0.0,1.0,inf,23422.0,inf,215.0,48.0,167.0,0.0,0.0,0.0,0.0,0.0,0.0
427.0,23470.0,66356.0,42886.0,21443.0,1.8272688538559865,64.03059258538785,12880.268457853213,1.8221669895156676,0.0,0.0,1.0,inf,23470.0,inf,218.0,48.0,170.0,0.0,0.0,0.0,0.0,0.0,0.0
428.0,23513.0,66471.0,42958.0,21479.0,1.8269893250542253,64.03059258538785,12880.268457853213,1.825505429249335,0.0,0.0,1.0,inf,23513.0,inf,218.0,43.0,175.0,0.0,0.0,0.0,0.0,0.0,0.0
429.0,23559.0,66599.0,43040.0,21520.0,1.82690266989261,64.03059258538785,12880.268457853213,1.8290767833830257,0.0,0.0,1.0,inf,23559.0,inf,220.0,46.0,174.0,0.0,0.0,0.0,0.0,0.0,0.0
430.0,23600.0,66718.0,43118.0,21559.0,1.8270338983050847,64.03059258538785,12880.268457853213,1.832259946850011,0.0,0.0,1.0,inf,23600.0,inf,219.0,41.0,178.0,0.0,0.0,0.0,0.0,0.0,0.0
431.0,23641.0,66833.0,43192.0,21596.0,1.8269954739647223,64.03059258538785,12880.268457853213,1.835443110316996,0.0,0.0,1.0,inf,23641.0,inf,218.0,41.0,177.0,0.0,0.0,0.0,0.0,0.0,0.0
432.0,23686.0,66958.0,43272.0,21636.0,1.8269019674069071,64.03059258538785,12880.268457853213,1.8389368263173456,0.0,0.0,1.0,inf,23686.0,inf,218.0,45.0,173.0,0.0,0.0,0.0,0.0,0.0,0.0
433.0,23725.0,67067.0,43342.0,21671.0,1.8268493150684932,64.03059258538785,12880.268457853213,1.8419647135176487,0.0,0.0,1.0,inf,23725.0,inf,219.0,39.0,180.0,0.0,0.0,0.0,0.0,0.0,0.0
434.0,23758.0,67162.0,43404.0,21702.0,1.8269214580351882,64.03059258538785,12880.268457853213,1.844526771917905,0.0,0.0,1.0,inf,23758.0,inf,218.0,33.0,185.0,0.0,0.0,0.0,0.0,0.0,0.0
435.0,23802.0,67284.0,43482.0,21741.0,1.8268212755230653,64.03059258538785,12880.268457853213,1.8479428497849135,0.0,0.0,1.0,inf,23802.0,inf,220.0,44.0,176.0,0.0,0.0,0.0,0.0,0.0,0.0
436.0,23854.0,67434.0,43580.0,21790.0,1.8269472625136245,64.03059258538785,12880.268457853213,1.8519800327186509,0.0,0.0,1.0,inf,23854.0,inf,219.0,52.0,167.0,0.0,0.0,0.0,0.0,0.0,0.0
437.0,23885.0,67519.0,43634.0,21817.0,1.8268369269415952,64.03059258538785,12880.268457853213,1.854386814852225,0.0,0.0,1.0,inf,23885.0,inf,216.0,31.0,185.0,0.0,0.0,0.0,0.0,0.0,0.0
438.0,23925.0,67629.0,43704.0,21852.0,1.8267084639498432,64.03059258538785,12880.268457853213,1.857492340185869,0.0,0.0,1.0,inf,23925.0,inf,219.0,40.0,179.0,0.0,0.0,0.0,0.0,0.0,0.0
439.0,23967.0,67747.0,43780.0,21890.0,1.8266783493970877,64.03059258538785,12880.268457853213,1.8607531417861953,0.0,0.0,1.0,inf,23967.0,inf,218.0,42.0,176.0,0.0,0.0,0.0,0.0,0.0,0.0
440.0,24010.0,67870.0,43860.0,21930.0,1.8267388588088296,64.03059258538785,12880.268457853213,1.8640915815198627,0.0,0.0,1.0,inf,24010.0,inf,218.0,43.0,175.0,0.0,0.0,0.0,0.0,0.0,0.0
441.0,24047.0,67979.0,43932.0,21966.0,1.826922277207136,64.03059258538785,12880.268457853213,1.8669641924534834,0.0,0.0,1.0,inf,24047.0,inf,216.0,37.0,179.0,0.0,0.0,0.0,0.0,0.0,0.0
442.0,24089.0,68105.0,44016.0,22008.0,1.827224044169538,64.26389520340967,12974.300849488116,1.8566703731824132,0.0,0.0,1.0,inf,24089.0,inf,220.0,42.0,178.0,0.0,0.0,0.0,0.0,0.0,0.0
443.0,24123.0,68199.0,44076.0,22038.0,1.8271359283671185,64.26389520340967,12974.300849488116,1.8592909382821765,0.0,0.0,1.0,inf,24123.0,inf,219.0,34.0,185.0,0.0,0.0,0.0,0.0,0.0,0.0
444.0,24163.0,68311.0,44148.0,22074.0,1.8270910069113935,64.26389520340967,12974.300849488116,1.8623739560466042,0.0,0.0,1.0,inf,24163.0,inf,219.0,40.0,179.0,0.0,0.0,0.0,0.0,0.0,0.0
445.0,24202.0,68422.0,44220.0,22110.0,1.8271217254772334,64.26389520340967,12974.300849488116,1.8653798983669212,0.0,0.0,1.0,inf,24202.0,inf,219.0,39.0,180.0,0.0,0.0,0.0,0.0,0.0,0.0
446.0,24240.0,68530.0,44290.0,22145.0,1.8271452145214522,64.26389520340967,12974.300849488116,1.8683087652431274,0.0,0.0,1.0,inf,24240.0,inf,215.0,38.0,177.0,0.0,0.0,0.0,0.0,0.0,0.0
447.0,24273.0,68625.0,44352.0,22176.0,1.8272154245457917,64.30146151246439,12989.473880970176,1.868666908485062,0.0,0.0,1.0,inf,24273.0,inf,219.0,33.0,186.0,0.0,0.0,0.0,0.0,0.0,0.0
448.0,24317.0,68751.0,44434.0,22217.0,1.8272813258214418,64.30962000289696,12992.770267050566,1.8715793091229727,0.0,0.0,1.0,inf,24317.0,inf,219.0,44.0,175.0,0.0,0.0,0.0,0.0,0.0,0.0
449.0,24350.0,68846.0,44496.0,22248.0,1.8273511293634497,64.30962000289696,12992.770267050566,1.8741191831699793,0.0,0.0,1.0,inf,24350.0,inf,218.0,33.0,185.0,0.0,0.0,0.0,0.0,0.0,0.0
450.0,24391.0,68961.0,44570.0,22285.0,1.8273133532860482,64.30962000289696,12992.770267050566,1.8772747842586843,0.0,0.0,1.0,inf,24391.0,inf,220.0,41.0,179.0,0.0,0.0,0.0,0.0,0.0,0.0
451.0,24427.0,69067.0,44640.0,22320.0,1.8274859786302042,64.30962000289696,12992.770267050566,1.8800455559463278,0.0,0.0,1.0,inf,24427.0,inf,217.0,36.0,181.0,0.0,0.0,0.0,0.0,0.0,0.0
452.0,24467.0,69177.0,44710.0,22355.0,1.8273593002820125,64.30962000289696,12992.770267050566,1.8831241911548207,0.0,0.0,1.0,inf,24467.0,inf,219.0,40.0,179.0,0.0,0.0,0.0,0.0,0.0,0.0
453.0,24514.0,69306.0,44792.0,22396.0,1.8272007832259116,65.2412232200774,13371.929028915963,1.8332433523233636,0.0,0.0,1.0,inf,24514.0,inf,217.0,47.0,170.0,0.0,0.0,0.0,0.0,0.0,0.0
454.0,24563.0,69439.0,44876.0,22438.0,1.826975532304686,65.2412232200774,13371.929028915963,1.8369077450892868,0.0,0.0,1.0,inf,24563.0,inf,217.0,49.0,168.0,0.0,0.0,0.0,0.0,0.0,0.0
455.0,24609.0,69571.0,44962.0,22481.0,1.8270551424275672,65.2412232200774,13371.929028915963,1.8403477872777048,0.0,0.0,1.0,inf,24609.0,inf,220.0,46.0,174.0,0.0,0.0,0.0,0.0,0.0,0.0
456.0,24653.0,69691.0,45038.0,22519.0,1.8268770535026164,65.2412232200774,13371.929028915963,1.8436382624144523,0.0,0.0,1.0,inf,24653.0,inf,217.0,44.0,173.0,0.0,0.0,0.0,0.0,0.0,0.0
457.0,24690.0,69796.0,45106.0,22553.0,1.8268934791413527,65.2412232200774,13371.929028915963,1.8464052528703534,0.0,0.0,1.0,inf,24690.0,inf,219.0,37.0,182.0,0.0,0.0,0.0,0.0,0.0,0.0
458.0,24719.0,69879.0,45160.0,22580.0,1.826934746551236,65.2412232200774,13371.929028915963,1.8485739751195733,0.0,0.0,1.0,inf,24719.0,inf,216.0,29.0,187.0,0.0,0.0,0.0,0.0,0.0,0.0
459.0,24755.0,69981.0,45226.0,22613.0,1.826944051706726,65.2412232200774,13371.929028915963,1.8512661820496397,0.0,0.0,1.0,inf,24755.0,inf,220.0,36.0,184.0,0.0,0.0,0.0,0.0,0.0,0.0
460.0,24799.0,70109.0,45310.0,22655.0,1.8270898020081454,65.2412232200774,13371.929028915963,1.854556657186387,0.0,0.0,1.0,inf,24799.0,inf,218.0,44.0,174.0,0.0,0.0,0.0,0.0,0.0,0.0
461.0,24839.0,70225.0,45386.0,22693.0,1.8272072144611298,65.2412232200774,13371.929028915963,1.8575479982197938,0.0,0.0,1.0,inf,24839.0,inf,216.0,40.0,176.0,0.0,0.0,0.0,0.0,0.0,0.0
462.0,24881.0,70339.0,45458.0,22729.0,1.8270165990112937,65.2412232200774,13371.929028915963,1.860688906304871,0.0,0.0,1.0,inf,24881.0,inf,218.0,42.0,176.0,0.0,0.0,0.0,0.0,0.0,0.0
463.0,24920.0,70450.0,45530.0,22765.0,1.8270465489566614,65.2412232200774,13371.929028915963,1.8636054638124426,0.0,0.0,1.0,inf,24920.0,inf,219.0,39.0,180.0,0.0,0.0,0.0,0.0,0.0,0.0
464.0,24967.0,70587.0,45620.0,22810.0,1.8272119197340488,65.2412232200774,13371.929028915963,1.8671202895266956,0.0,0.0,1.0,inf,24967.0,inf,217.0,47.0,170.0,0.0,0.0,0.0,0.0,0.0,0.0
465.0,24996.0,70670.0,45674.0,22837.0,1.8272523603776605,65.2412232200774,13371.929028915963,1.8692890117759156,0.0,0.0,1.0,inf,24996.0,inf,216.0,29.0,187.0,0.0,0.0,0.0,0.0,0.0,0.0
466.0,25033.0,70775.0,45742.0,22871.0,1.827268006231774,65.66032342715847,13544.279520334292,1.8482341539405966,0.0,0.0,1.0,inf,25033.0,inf,217.0,37.0,180.0,0.0,0.0,0.0,0.0,0.0,0.0
467.0,25085.0,70927.0,45842.0,22921.0,1.8274666135140523,65.66032342715847,13544.279520334292,1.8520734131586252,0.0,0.0,1.0,inf,25085.0,inf,217.0,52.0,165.0,0.0,0.0,0.0,0.0,0.0,0.0
468.0,25124.0,71040.0,45916.0,22958.0,1.8275752268747014,65.66032342715847,13544.279520334292,1.8549528575721468,0.0,0.0,1.0,inf,25124.0,inf,219.0,39.0,180.0,0.0,0.0,0.0,0.0,0.0,0.0
469.0,25174.0,71178.0,46004.0,23002.0,1.8274410105664574,65.66032342715847,13544.279520334292,1.8586444529740973,0.0,0.0,1.0,inf,25174.0,inf,219.0,50.0,169.0,0.0,0.0,0.0,0.0,0.0,0.0
470.0,25209.0,71275.0,46066.0,23033.0,1.827363243286128,65.66032342715847,13544.279520334292,1.8612285697554627,0.0,0.0,1.0,inf,25209.0,inf,217.0,35.0,182.0,0.0,0.0,0.0,0.0,0.0,0.0
471.0,25241.0,71369.0,46128.0,23064.0,1.8275028723109228,65.66032342715847,13544.279520334292,1.8635911908127112,0.0,0.0,1.0,inf,25241.0,inf,216.0,32.0,184.0,0.0,0.0,0.0,0.0,0.0,0.0
472.0,25282.0,71490.0,46208.0,23104.0,1.827703504469583,66.36702236814104,13837.401378951035,1.8270771590436108,0.0,0.0,1.0,inf,25282.0,inf,219.0,41.0,178.0,0.0,0.0,0.0,0.0,0.0,0.0
473.0,25326.0,71610.0,46284.0,23142.0,1.8275290215588722,66.36702236814104,13837.401378951035,1.8302569468372156,0.0,0.0,1.0,inf,25326.0,inf,219.0,44.0,175.0,0.0,0.0,0.0,0.0,0.0,0.0
474.0,25367.0,71729.0,46362.0,23181.0,1.8276500965821736,66.36702236814104,13837.401378951035,1.8332199309176203,0.0,0.0,1.0,inf,25367.0,inf,219.0,41.0,178.0,0.0,0.0,0.0,0.0,0.0,0.0
475.0,25413.0,71859.0,46446.0,23223.0,1.8276472671467359,66.36702236814104,13837.401378951035,1.8365442545200252,0.0,0.0,1.0,inf,25413.0,inf,219.0,46.0,173.0,0.0,0.0,0.0,0.0,0.0,0.0
476.0,25457.0,71987.0,46530.0,23265.0,1.8277880347252229,67.12014085218685,14153.230872057082,1.7986705813059338,0.0,0.0,1.0,inf,25457.0,inf,217.0,44.0,173.0,0.0,0.0,0.0,0.0,0.0,0.0
477.0,25499.0,72107.0,46608.0,23304.0,1.8278363857406172,67.12014085218685,14153.230872057082,1.801638101611345,0.0,0.0,1.0,inf,25499.0,inf,219.0,42.0,177.0,0.0,0.0,0.0,0.0,0.0,0.0
478.0,25537.0,72215.0,46678.0,23339.0,1.8278576183576771,67.12014085218685,14153.230872057082,1.8043230009352882,0.0,0.0,1.0,inf,25537.0,inf,219.0,38.0,181.0,0.0,0.0,0.0,0.0,0.0,0.0
479.0,25581.0,72331.0,46750.0,23375.0,1.8275282436183105,67.12014085218685,14153.230872057082,1.807431831731433,0.0,0.0,1.0,inf,25581.0,inf,217.0,44.0,173.0,0.0,0.0,0.0,0.0,0.0,0.0
480.0,25628.0,72462.0,46834.0,23417.0,1.8274543468081785,67.12014085218685,14153.230872057082,1.8107526282636788,0.0,0.0,1.0,inf,25628.0,inf,216.0,47.0,169.0,0.0,0.0,0.0,0.0,0.0,0.0
481.0,25674.0,72590.0,46916.0,23458.0,1.8273739970398069,67.12014085218685,14153.230872057082,1.8140027695505576,0.0,0.0,1.0,inf,25674.0,inf,217.0,46.0,171.0,0.0,0.0,0.0,0.0,0.0,0.0
482.0,25725.0,72739.0,47014.0,23507.0,1.8275607385811468,67.12014085218685,14153.230872057082,1.817606187064271,0.0,0.0,1.0,inf,25725.0,inf,216.0,51.0,165.0,0.0,0.0,0.0,0.0,0.0,0.0
483.0,25770.0,72872.0,47102.0,23551.0,1.8277842452464106,67.12014085218685,14153.230872057082,1.8207856731057828,0.0,0.0,1.0,inf,25770.0,inf,219.0,45.0,174.0,0.0,0.0,0.0,0.0,0.0,0.0
484.0,25827.0,73033.0,47206.0,23603.0,1.82777713245828,67.12014085218685,14153.230872057082,1.8248130220916978,0.0,0.0,1.0,inf,25827.0,inf,217.0,57.0,160.0,0.0,0.0,0.0,0.0,0.0,0.0
485.0,25873.0,73161.0,47288.0,23644.0,1.8276968268078693,67.12014085218685,14153.230872057082,1.8280631633785767,0.0,0.0,1.0,inf,25873.0,inf,219.0,46.0,173.0,0.0,0.0,0.0,0.0,0.0,0.0
486.0,25916.0,73282.0,47366.0,23683.0,1.8276740237691003,67.12014085218685,14153.230872057082,1.8311013389293547,0.0,0.0,1.0,inf,25916.0,inf,219.0,43.0,176.0,0.0,0.0,0.0,0.0,0.0,0.0
487.0,25965.0,73421.0,47456.0,23728.0,1.8276911226651262,67.12014085218685,14153.230872057082,1.8345634459523341,0.0,0.0,1.0,inf,25965.0,inf,218.0,49.0,169.0,0.0,0.0,0.0,0.0,0.0,0.0
488.0,26008.0,73536.0,47528.0,23764.0,1.8274377114733928,67.12014085218685,14153.230872057082,1.8376016215031121,0.0,0.0,1.0,inf,26008.0,inf,219.0,43.0,176.0,0.0,0.0,0.0,0.0,0.0,0.0
489.0,26057.0,73677.0,47620.0,23810.0,1.827531949188318,67.12014085218685,14153.230872057082,1.8410637285260918,0.0,0.0,1.0,inf,26057.0,inf,216.0,49.0,167.0,0.0,0.0,0.0,0.0,0.0,0.0
490.0,26100.0,73792.0,47692.0,23846.0,1.82727969348659,67.12014085218685,14153.230872057082,1.8441019040768698,0.0,0.0,1.0,inf,26100.0,inf,219.0,43.0,176.0,0.0,0.0,0.0,0.0,0.0,0.0
491.0,26142.0,73916.0,47774.0,23887.0,1.8274806824267462,67.12014085218685,14153.230872057082,1.8470694243822807,0.0,0.0,1.0,inf,26142.0,inf,218.0,42.0,176.0,0.0,0.0,0.0,0.0,0.0,0.0
492.0,26180.0,74022.0,47842.0,23921.0,1.8274255156608097,67.12014085218685,14153.230872057082,1.8497543237062242,0.0,0.0,1.0,inf,26180.0,inf,218.0,38.0,180.0,0.0,0.0,0.0,0.0,0.0,0.0
493.0,26226.0,74150.0,47924.0,23962.0,1.827346907648898,67.12014085218685,14153.230872057082,1.853004464993103,0.0,0.0,1.0,inf,26226.0,inf,217.0,46.0,171.0,0.0,0.0,0.0,0.0,0.0,0.0
494.0,26264.0,74258.0,47994.0,23997.0,1.8273682607371307,67.12014085218685,14153.230872057082,1.8556893643170462,0.0,0.0,1.0,inf,26264.0,inf,219.0,38.0,181.0,0.0,0.0,0.0,0.0,0.0,0.0
495.0,26316.0,74406.0,48090.0,24045.0,1.827405380756954,67.12014085218685,14153.230872057082,1.8593634370761265,0.0,0.0,1.0,inf,26316.0,inf,217.0,52.0,165.0,0.0,0.0,0.0,0.0,0.0,0.0
496.0,26347.0,74495.0,48148.0,24074.0,1.8274566364291949,67.12014085218685,14153.230872057082,1.8615537496825014,0.0,0.0,1.0,inf,26347.0,inf,216.0,31.0,185.0,0.0,0.0,0.0,0.0,0.0,0.0
497.0,26388.0,74608.0,48220.0,24110.0,1.8273457632257086,67.12014085218685,14153.230872057082,1.8644506147425455,0.0,0.0,1.0,inf,26388.0,inf,217.0,41.0,176.0,0.0,0.0,0.0,0.0,0.0,0.0
498.0,26439.0,74755.0,48316.0,24158.0,1.8274518703430538,67.12014085218685,14153.230872057082,1.8680540322562589,0.0,0.0,1.0,inf,26439.0,inf,219.0,51.0,168.0,0.0,0.0,0.0,0.0,0.0,0.0
499.0,26479.0,74869.0,48390.0,24195.0,1.8274859322481967,67.12014085218685,14153.230872057082,1.870880242070936,0.0,0.0,1.0,inf,26479.0,inf,220.0,40.0,180.0,0.0,0.0,0.0,0.0,0.0,0.0
500.0,26514.0,74960.0,48446.0,24223.0,1.8271856377762692,67.12014085218685,14153.230872057082,1.8733531756587787,0.0,0.0,1.0,inf,26514.0,inf,217.0,35.0,182.0,0.0,0.0,0.0,0.0,0.0,0.0
501.0,26559.0,75089.0,48530.0,24265.0,1.827252532098347,67.12014085218685,14153.230872057082,1.8765326617002906,0.0,0.0,1.0,inf,26559.0,inf,220.0,45.0,175.0,0.0,0.0,0.0,0.0,0.0,0.0
502.0,26615.0,75253.0,48638.0,24319.0,1.8274657148224684,67.12014085218685,14153.230872057082,1.8804893554408386,0.0,0.0,1.0,inf,26615.0,inf,216.0,56.0,160.0,0.0,0.0,0.0,0.0,0.0,0.0
503.0,26652.0,75360.0,48708.0,24354.0,1.8275551553354346,67.12014085218685,14153.230872057082,1.883103599519415,0.0,0.0,1.0,inf,26652.0,inf,217.0,37.0,180.0,0.0,0.0,0.0,0.0,0.0,0.0
504.0,26685.0,75447.0,48762.0,24381.0,1.827318718381113,67.12014085218685,14153.230872057082,1.8854352226165236,0.0,0.0,1.0,inf,26685.0,inf,220.0,33.0,187.0,0.0,0.0,0.0,0.0,0.0,0.0
505.0,26733.0,75579.0,48846.0,24423.0,1.8271798900235663,67.12014085218685,14153.230872057082,1.8888266743941364,0.0,0.0,1.0,inf,26733.0,inf,218.0,48.0,170.0,0.0,0.0,0.0,0.0,0.0,0.0
506.0,26767.0,75671.0,48904.0,24452.0,1.8270258153696717,67.12014085218685,14153.230872057082,1.891228952736612,0.0,0.0,1.0,inf,26767.0,inf,217.0,34.0,183.0,0.0,0.0,0.0,0.0,0.0,0.0
507.0,26809.0,75789.0,48980.0,24490.0,1.8269983960610243,67.79860662762698,14440.80520324656,1.8564754265899828,0.0,0.0,1.0,inf,26809.0,inf,220.0,42.0,178.0,0.0,0.0,0.0,0.0,0.0,0.0
508.0,26849.0,75905.0,49056.0,24528.0,1.8271071548288578,67.79860662762698,14440.80520324656,1.859245355235721,0.0,0.0,1.0,inf,26849.0,inf,219.0,40.0,179.0,0.0,0.0,0.0,0.0,0.0,0.0
509.0,26901.0,76051.0,49150.0,24575.0,1.8270696256644734,67.79860662762698,14440.80520324656,1.862846262475181,0.0,0.0,1.0,inf,26901.0,inf,218.0,52.0,166.0,0.0,0.0,0.0,0.0,0.0,0.0
510.0,26953.0,76199.0,49246.0,24623.0,1.827106444551627,67.79860662762698,14440.80520324656,1.8664471697146408,0.0,0.0,1.0,inf,26953.0,inf,216.0,52.0,164.0,0.0,0.0,0.0,0.0,0.0,0.0
511.0,26997.0,76319.0,49322.0,24661.0,1.8269437344890174,67.79860662762698,14440.80520324656,1.869494091224953,0.0,0.0,1.0,inf,26997.0,inf,217.0,44.0,173.0,0.0,0.0,0.0,0.0,0.0,0.0
512.0,27047.0,76463.0,49416.0,24708.0,1.8270418160979036,68.04359957217919,14545.358607133434,1.8594935147721574,0.0,0.0,1.0,inf,27047.0,inf,216.0,50.0,166.0,0.0,0.0,0.0,0.0,0.0,0.0
513.0,27090.0,76588.0,49498.0,24749.0,1.8271686969361387,68.04359957217919,14545.358607133434,1.8624497842710002,0.0,0.0,1.0,inf,27090.0,inf,220.0,43.0,177.0,0.0,0.0,0.0,0.0,0.0,0.0
514.0,27133.0,76713.0,49580.0,24790.0,1.827295175616408,68.91716155218323,14921.230419049378,1.8184157229661377,0.0,0.0,1.0,inf,27133.0,inf,219.0,43.0,176.0,0.0,0.0,0.0,0.0,0.0,0.0
515.0,27175.0,76831.0,49656.0,24828.0,1.8272677092916283,68.91716155218323,14921.230419049378,1.8212305042422434,0.0,0.0,1.0,inf,27175.0,inf,216.0,42.0,174.0,0.0,0.0,0.0,0.0,0.0,0.0
516.0,27225.0,76975.0,49750.0,24875.0,1.8273645546372819,68.91716155218323,14921.230419049378,1.8245814343328455,0.0,0.0,1.0,inf,27225.0,inf,218.0,50.0,168.0,0.0,0.0,0.0,0.0,0.0,0.0
517.0,27278.0,77124.0,49846.0,24923.0,1.8273333822127722,68.91716155218323,14921.230419049378,1.8281334202288837,0.0,0.0,1.0,inf,27278.0,inf,216.0,53.0,163.0,0.0,0.0,0.0,0.0,0.0,0.0
518.0,27321.0,77247.0,49926.0,24963.0,1.8273855276161195,68.91716155218323,14921.230419049378,1.8310152201068015,0.0,0.0,1.0,inf,27321.0,inf,217.0,43.0,174.0,0.0,0.0,0.0,0.0,0.0,0.0
519.0,27374.0,77396.0,50022.0,25011.0,1.827354423905896,68.91716155218323,14921.230419049378,1.8345672060028397,0.0,0.0,1.0,inf,27374.0,inf,217.0,53.0,164.0,0.0,0.0,0.0,0.0,0.0,0.0
520.0,27422.0,77536.0,50114.0,25057.0,1.8275107577857195,68.91716155218323,14921.230419049378,1.8377840988898178,0.0,0.0,1.0,inf,27422.0,inf,217.0,48.0,169.0,0.0,0.0,0.0,0.0,0.0,0.0
521.0,27467.0,77669.0,50202.0,25101.0,1.8277205373721193,68.91716155218323,14921.230419049378,1.8407999359713598,0.0,0.0,1.0,inf,27467.0,inf,219.0,45.0,174.0,0.0,0.0,0.0,0.0,0.0,0.0
522.0,27521.0,77825.0,50304.0,25152.0,1.8278405581192543,68.95944978493951,14939.54765795695,1.8421575157492835,0.0,0.0,1.0,inf,27521.0,inf,219.0,54.0,165.0,0.0,0.0,0.0,0.0,0.0,0.0
523.0,27567.0,77947.0,50380.0,25190.0,1.8275474298980665,68.95944978493951,14939.54765795695,1.845236591572272,0.0,0.0,1.0,inf,27567.0,inf,217.0,46.0,171.0,0.0,0.0,0.0,0.0,0.0,0.0
524.0,27611.0,78073.0,50462.0,25231.0,1.8276049400601209,68.95944978493951,14939.54765795695,1.8481817945333914,0.0,0.0,1.0,inf,27611.0,inf,219.0,44.0,175.0,0.0,0.0,0.0,0.0,0.0,0.0
525.0,27663.0,78217.0,50554.0,25277.0,1.827495210208582,68.95944978493951,14939.54765795695,1.8516624889419873,0.0,0.0,1.0,inf,27663.0,inf,218.0,52.0,166.0,0.0,0.0,0.0,0.0,0.0,0.0
526.0,27706.0,78346.0,50640.0,25320.0,1.8277629394355013,68.95944978493951,14939.54765795695,1.854540755472172,0.0,0.0,1.0,inf,27706.0,inf,217.0,43.0,174.0,0.0,0.0,0.0,0.0,0.0,0.0
527.0,27748.0,78466.0,50718.0,25359.0,1.8278074095430301,68.95944978493951,14939.54765795695,1.8573520855714225,0.0,0.0,1.0,inf,27748.0,inf,218.0,42.0,176.0,0.0,0.0,0.0,0.0,0.0,0.0
528.0,27791.0,78587.0,50796.0,25398.0,1.8277859738764348,68.95944978493951,14939.54765795695,1.8602303521016075,0.0,0.0,1.0,inf,27791.0,inf,219.0,43.0,176.0,0.0,0.0,0.0,0.0,0.0,0.0
529.0,27836.0,78710.0,50874.0,25437.0,1.8276332806437707,68.95944978493951,14939.54765795695,1.8632424914936614,0.0,0.0,1.0,inf,27836.0,inf,220.0,45.0,175.0,0.0,0.0,0.0,0.0,0.0,0.0
530.0,27889.0,78861.0,50972.0,25486.0,1.8276739933307038,68.95944978493951,14939.54765795695,1.8667901223331915,0.0,0.0,1.0,inf,27889.0,inf,220.0,53.0,167.0,0.0,0.0,0.0,0.0,0.0,0.0
531.0,27945.0,79023.0,51078.0,25539.0,1.8278046162104133,69.11403831467041,15006.603625888189,1.8621801905790014,0.0,0.0,1.0,inf,27945.0,inf,219.0,56.0,163.0,0.0,0.0,0.0,0.0,0.0,0.0
532.0,28003.0,79187.0,51184.0,25592.0,1.8278041638395885,69.11403831467041,15006.603625888189,1.866045155726741,0.0,0.0,1.0,inf,28003.0,inf,216.0,58.0,158.0,0.0,0.0,0.0,0.0,0.0,0.0
533.0,28049.0,79321.0,51272.0,25636.0,1.82794395522122,69.31950673391742,15095.96221293336,1.8580465163041555,0.0,0.0,1.0,inf,28049.0,inf,216.0,46.0,170.0,0.0,0.0,0.0,0.0,0.0,0.0
534.0,28117.0,79513.0,51396.0,25698.0,1.827933278799303,69.31950673391742,15095.96221293336,1.8625510320839938,0.0,0.0,1.0,inf,28117.0,inf,218.0,68.0,150.0,0.0,0.0,0.0,0.0,0.0,0.0
535.0,28171.0,79671.0,51500.0,25750.0,1.828121117461219,69.53114268746114,15188.280393630677,1.8547853522518407,0.0,0.0,1.0,inf,28171.0,inf,217.0,54.0,163.0,0.0,0.0,0.0,0.0,0.0,0.0
536.0,28218.0,79806.0,51588.0,25794.0,1.828194769296194,69.53114268746114,15188.280393630677,1.8578798434504433,0.0,0.0,1.0,inf,28218.0,inf,217.0,47.0,170.0,0.0,0.0,0.0,0.0,0.0,0.0
537.0,28259.0,79917.0,51658.0,25829.0,1.8280193920520895,69.53114268746114,15188.280393630677,1.8605792932194372,0.0,0.0,1.0,inf,28259.0,inf,216.0,41.0,175.0,0.0,0.0,0.0,0.0,0.0,0.0
538.0,28315.0,80083.0,51768.0,25884.0,1.8282888928129966,70.30474264591408,15528.128572338102,1.8234650665142291,0.0,0.0,1.0,inf,28315.0,inf,216.0,56.0,160.0,0.0,0.0,0.0,0.0,0.0,0.0
539.0,28384.0,80272.0,51888.0,25944.0,1.8280721533258173,70.30474264591408,15528.128572338102,1.8279086155020265,0.0,0.0,1.0,inf,28384.0,inf,216.0,69.0,147.0,0.0,0.0,0.0,0.0,0.0,0.0
540.0,28432.0,80412.0,51980.0,25990.0,1.8282217220033765,70.30474264591408,15528.128572338102,1.8309997800152769,0.0,0.0,1.0,inf,28432.0,inf,216.0,48.0,168.0,0.0,0.0,0.0,0.0,0.0,0.0
541.0,28487.0,80557.0,52070.0,26035.0,1.827851300593253,70.30474264591408,15528.128572338102,1.834541739353376,0.0,0.0,1.0,inf,28487.0,inf,215.0,55.0,160.0,0.0,0.0,0.0,0.0,0.0,0.0
542.0,28544.0,80722.0,52178.0,26089.0,1.827984865470852,70.30474264591408,15528.128572338102,1.8382124972128608,0.0,0.0,1.0,inf,28544.0,inf,216.0,57.0,159.0,0.0,0.0,0.0,0.0,0.0,0.0
543.0,28593.0,80855.0,52262.0,26131.0,1.8277900185360054,70.30474264591408,15528.128572338102,1.841368060986804,0.0,0.0,1.0,inf,28593.0,inf,218.0,49.0,169.0,0.0,0.0,0.0,0.0,0.0,0.0
544.0,28636.0,80976.0,52340.0,26170.0,1.827769241514178,70.30474264591408,15528.128572338102,1.8441372291965907,0.0,0.0,1.0,inf,28636.0,inf,219.0,43.0,176.0,0.0,0.0,0.0,0.0,0.0,0.0
545.0,28694.0,81144.0,52450.0,26225.0,1.8279082735066565,70.30474264591408,15528.128572338102,1.847872386316768,0.0,0.0,1.0,inf,28694.0,inf,217.0,58.0,159.0,0.0,0.0,0.0,0.0,0.0,0.0
546.0,28740.0,81268.0,52528.0,26264.0,1.827696590118302,70.30474264591408,15528.128572338102,1.850834752308633,0.0,0.0,1.0,inf,28740.0,inf,219.0,46.0,173.0,0.0,0.0,0.0,0.0,0.0,0.0
547.0,28794.0,81420.0,52626.0,26313.0,1.827672431756616,70.30474264591408,15528.128572338102,1.8543123123860397,0.0,0.0,1.0,inf,28794.0,inf,216.0,54.0,162.0,0.0,0.0,0.0,0.0,0.0,0.0
548.0,28851.0,81583.0,52732.0,26366.0,1.8277356070846764,70.30474264591408,15528.128572338102,1.8579830702455244,0.0,0.0,1.0,inf,28851.0,inf,218.0,57.0,161.0,0.0,0.0,0.0,0.0,0.0,0.0
549.0,28902.0,81722.0,52820.0,26410.0,1.8275551864922843,70.30474264591408,15528.128572338102,1.861267432540853,0.0,0.0,1.0,inf,28902.0,inf,218.0,51.0,167.0,0.0,0.0,0.0,0.0,0.0,0.0
550.0,28950.0,81850.0,52900.0,26450.0,1.8272884283246977,70.30474264591408,15528.128572338102,1.8643585970541032,0.0,0.0,1.0,inf,28950.0,inf,215.0,48.0,167.0,0.0,0.0,0.0,0.0,0.0,0.0
551.0,29008.0,82014.0,53006.0,26503.0,1.8272890237175952,70.30474264591408,15528.128572338102,1.8680937541742808,0.0,0.0,1.0,inf,29008.0,inf,215.0,58.0,157.0,0.0,0.0,0.0,0.0,0.0,0.0
552.0,29064.0,82168.0,53104.0,26552.0,1.827140104596752,70.30474264591408,15528.128572338102,1.8717001127730728,0.0,0.0,1.0,inf,29064.0,inf,219.0,56.0,163.0,0.0,0.0,0.0,0.0,0.0,0.0
553.0,29111.0,82301.0,53190.0,26595.0,1.827144378413658,70.30474264591408,15528.128572338102,1.8747268780256303,0.0,0.0,1.0,inf,29111.0,inf,218.0,47.0,171.0,0.0,0.0,0.0,0.0,0.0,0.0
554.0,29152.0,82418.0,53266.0,26633.0,1.8271816684961582,70.30474264591408,15528.128572338102,1.8773672477140317,0.0,0.0,1.0,inf,29152.0,inf,220.0,41.0,179.0,0.0,0.0,0.0,0.0,0.0,0.0
555.0,29191.0,82521.0,53330.0,26665.0,1.8269329587886678,70.30474264591408,15528.128572338102,1.8798788188810476,0.0,0.0,1.0,inf,29191.0,inf,220.0,39.0,181.0,0.0,0.0,0.0,0.0,0.0,0.0
556.0,29244.0,82664.0,53420.0,26710.0,1.8266994939132815,70.30474264591408,15528.128572338102,1.8832919796977614,0.0,0.0,1.0,inf,29244.0,inf,219.0,53.0,166.0,0.0,0.0,0.0,0.0,0.0,0.0
557.0,29287.0,82787.0,53500.0,26750.0,1.826749069553044,70.30474264591408,15528.128572338102,1.8860611479075482,0.0,0.0,1.0,inf,29287.0,inf,216.0,43.0,173.0,0.0,0.0,0.0,0.0,0.0,0.0
558.0,29335.0,82927.0,53592.0,26796.0,1.8268961990795978,70.30474264591408,15528.128572338102,1.8891523124207985,0.0,0.0,1.0,inf,29335.0,inf,218.0,48.0,170.0,0.0,0.0,0.0,0.0,0.0,0.0
559.0,29383.0,83065.0,53682.0,26841.0,1.8269747813361468,70.30474264591408,15528.128572338102,1.8922434769340488,0.0,0.0,1.0,inf,29383.0,inf,219.0,48.0,171.0,0.0,0.0,0.0,0.0,0.0,0.0
560.0,29432.0,83210.0,53778.0,26889.0,1.827194889915738,70.30474264591408,15528.128572338102,1.895399040707992,0.0,0.0,1.0,inf,29432.0,inf,219.0,49.0,170.0,0.0,0.0,0.0,0.0,0.0,0.0
561.0,29473.0,83327.0,53854.0,26927.0,1.8272317035931191,70.30474264591408,15528.128572338102,1.8980394103963933,0.0,0.0,1.0,inf,29473.0,inf,218.0,41.0,177.0,0.0,0.0,0.0,0.0,0.0,0.0
562.0,29529.0,83485.0,53956.0,26978.0,1.8272206982965897,71.17253089908887,15913.829178578973,1.8555559236332582,0.0,0.0,1.0,inf,29529.0,inf,220.0,56.0,164.0,0.0,0.0,0.0,0.0,0.0,0.0
563.0,29585.0,83649.0,54064.0,27032.0,1.8274125401385837,71.17253089908887,15913.829178578973,1.8590748755694382,0.0,0.0,1.0,inf,29585.0,inf,215.0,56.0,159.0,0.0,0.0,0.0,0.0,0.0,0.0
564.0,29638.0,83800.0,54162.0,27081.0,1.827451245023281,71.17253089908887,15913.829178578973,1.862405312223323,0.0,0.0,1.0,inf,29638.0,inf,215.0,53.0,162.0,0.0,0.0,0.0,0.0,0.0,0.0
565.0,29678.0,83918.0,54240.0,27120.0,1.8276164162005526,71.17253089908887,15913.829178578973,1.8649188493205944,0.0,0.0,1.0,inf,29678.0,inf,216.0,40.0,176.0,0.0,0.0,0.0,0.0,0.0,0.0
566.0,29736.0,84080.0,54344.0,27172.0,1.8275490987355394,71.17253089908887,15913.829178578973,1.8685634781116383,0.0,0.0,1.0,inf,29736.0,inf,218.0,58.0,160.0,0.0,0.0,0.0,0.0,0.0,0.0
567.0,29779.0,84207.0,54428.0,27214.0,1.8277309513415494,71.17253089908887,15913.829178578973,1.871265530491205,0.0,0.0,1.0,inf,29779.0,inf,218.0,43.0,175.0,0.0,0.0,0.0,0.0,0.0,0.0
568.0,29830.0,84344.0,54514.0,27257.0,1.827489104927925,71.17253089908887,15913.829178578973,1.8744702902902262,0.0,0.0,1.0,inf,29830.0,inf,218.0,51.0,167.0,0.0,0.0,0.0,0.0,0.0,0.0
569.0,29885.0,84501.0,54616.0,27308.0,1.8275388991132675,71.17253089908887,15913.829178578973,1.8779264037989745,0.0,0.0,1.0,inf,29885.0,inf,218.0,55.0,163.0,0.0,0.0,0.0,0.0,0.0,0.0
570.0,29929.0,84629.0,54700.0,27350.0,1.8276587924755254,71.17253089908887,15913.829178578973,1.880691294605973,0.0,0.0,1.0,inf,29929.0,inf,216.0,44.0,172.0,0.0,0.0,0.0,0.0,0.0,0.0
571.0,29984.0,84778.0,54794.0,27397.0,1.8274413020277482,71.17253089908887,15913.829178578973,1.8841474081147216,0.0,0.0,1.0,inf,29984.0,inf,220.0,55.0,165.0,0.0,0.0,0.0,0.0,0.0,0.0
572.0,30041.0,84935.0,54894.0,27447.0,1.827302686328684,71.17253089908887,15913.829178578973,1.8877291984783333,0.0,0.0,1.0,inf,30041.0,inf,219.0,57.0,162.0,0.0,0.0,0.0,0.0,0.0,0.0
573.0,30088.0,85070.0,54982.0,27491.0,1.8273730390853495,71.17253089908887,15913.829178578973,1.8906826045676275,0.0,0.0,1.0,inf,30088.0,inf,218.0,47.0,171.0,0.0,0.0,0.0,0.0,0.0,0.0
574.0,30139.0,85219.0,55080.0,27540.0,1.8275324330601546,71.17253089908887,15913.829178578973,1.8938873643666485,0.0,0.0,1.0,inf,30139.0,inf,218.0,51.0,167.0,0.0,0.0,0.0,0.0,0.0,0.0
575.0,30189.0,85357.0,55168.0,27584.0,1.8274205836562987,71.17253089908887,15913.829178578973,1.897029285738238,0.0,0.0,1.0,inf,30189.0,inf,216.0,50.0,166.0,0.0,0.0,0.0,0.0,0.0,0.0
576.0,30235.0,85485.0,55250.0,27625.0,1.8273524061518107,71.17253089908887,15913.829178578973,1.8999198534001003,0.0,0.0,1.0,inf,30235.0,inf,219.0,46.0,173.0,0.0,0.0,0.0,0.0,0.0,0.0
577.0,30285.0,85621.0,55336.0,27668.0,1.8271751692256892,71.17253089908887,15913.829178578973,1.9030617747716896,0.0,0.0,1.0,inf,30285.0,inf,219.0,50.0,169.0,0.0,0.0,0.0,0.0,0.0,0.0
578.0,30331.0,85749.0,55418.0,27709.0,1.8271075797039333,71.17253089908887,15913.829178578973,1.9059523424335518,0.0,0.0,1.0,inf,30331.0,inf,220.0,46.0,174.0,0.0,0.0,0.0,0.0,0.0,0.0
579.0,30373.0,85873.0,55500.0,27750.0,1.8272808086129129,71.17253089908887,15913.829178578973,1.908591556385687,0.0,0.0,1.0,inf,30373.0,inf,219.0,42.0,177.0,0.0,0.0,0.0,0.0,0.0,0.0
580.0,30414.0,85990.0,55576.0,27788.0,1.827316367462353,71.17253089908887,15913.829178578973,1.9111679319103902,0.0,0.0,1.0,inf,30414.0,inf,218.0,41.0,177.0,0.0,0.0,0.0,0.0,0.0,0.0
581.0,30466.0,86140.0,55674.0,27837.0,1.8274141666119608,71.17253089908887,15913.829178578973,1.9144355301368432,0.0,0.0,1.0,inf,30466.0,inf,219.0,52.0,167.0,0.0,0.0,0.0,0.0,0.0,0.0
582.0,30522.0,86296.0,55774.0,27887.0,1.8273376580826945,71.17253089908887,15913.829178578973,1.9179544820730232,0.0,0.0,1.0,inf,30522.0,inf,217.0,56.0,161.0,0.0,0.0,0.0,0.0,0.0,0.0
583.0,30581.0,86465.0,55884.0,27942.0,1.8274091756319284,71.17253089908887,15913.829178578973,1.9216619492914988,0.0,0.0,1.0,inf,30581.0,inf,216.0,59.0,157.0,0.0,0.0,0.0,0.0,0.0,0.0
584.0,30616.0,86562.0,55946.0,27973.0,1.827345178991377,71.17253089908887,15913.829178578973,1.9238612942516113,0.0,0.0,1.0,inf,30616.0,inf,218.0,35.0,183.0,0.0,0.0,0.0,0.0,0.0,0.0
585.0,30663.0,86693.0,56030.0,28015.0,1.8272836969637674,71.17253089908887,15913.829178578973,1.9268147003409053,0.0,0.0,1.0,inf,30663.0,inf,220.0,47.0,173.0,0.0,0.0,0.0,0.0,0.0,0.0
586.0,30712.0,86824.0,56112.0,28056.0,1.8270382912216723,71.17253089908887,15913.829178578973,1.929893783285063,0.0,0.0,1.0,inf,30712.0,inf,219.0,49.0,170.0,0.0,0.0,0.0,0.0,0.0,0.0
587.0,30751.0,86937.0,56186.0,28093.0,1.827127573087054,71.17253089908887,15913.829178578973,1.9323444819549027,0.0,0.0,1.0,inf,30751.0,inf,219.0,39.0,180.0,0.0,0.0,0.0,0.0,0.0,0.0
588.0,30798.0,87062.0,56264.0,28132.0,1.8268718747970647,71.17253089908887,15913.829178578973,1.9352978880441967,0.0,0.0,1.0,inf,30798.0,inf,219.0,47.0,172.0,0.0,0.0,0.0,0.0,0.0,0.0
589.0,30846.0,87202.0,56356.0,28178.0,1.827011606042923,71.17253089908887,15913.829178578973,1.9383141325609226,0.0,0.0,1.0,inf,30846.0,inf,218.0,48.0,170.0,0.0,0.0,0.0,0.0,0.0,0.0
590.0,30891.0,87325.0,56434.0,28217.0,1.826875141627011,71.17253089908887,15913.829178578973,1.9411418617953529,0.0,0.0,1.0,inf,30891.0,inf,220.0,45.0,175.0,0.0,0.0,0.0,0.0,0.0,0.0
591.0,30933.0,87447.0,56514.0,28257.0,1.8269808941906702,71.36651653941824,16000.695875434665,1.9332284196145746,0.0,0.0,1.0,inf,30933.0,inf,217.0,42.0,175.0,0.0,0.0,0.0,0.0,0.0,0.0
592.0,30977.0,87573.0,56596.0,28298.0,1.8270329599380186,71.36651653941824,16000.695875434665,1.9359783000161859,0.0,0.0,1.0,inf,30977.0,inf,218.0,44.0,174.0,0.0,0.0,0.0,0.0,0.0,0.0
593.0,31017.0,87691.0,56674.0,28337.0,1.8271915401231582,72.1919165137755,16372.953012595828,1.8944047525292722,0.0,0.0,1.0,inf,31017.0,inf,218.0,40.0,178.0,0.0,0.0,0.0,0.0,0.0,0.0
594.0,31073.0,87849.0,56776.0,28388.0,1.8271811540565766,72.1919165137755,16372.953012595828,1.8978250274153552,0.0,0.0,1.0,inf,31073.0,inf,219.0,56.0,163.0,0.0,0.0,0.0,0.0,0.0,0.0
595.0,31134.0,88028.0,56894.0,28447.0,1.8273912764180638,72.1919165137755,16372.953012595828,1.9015506839876957,0.0,0.0,1.0,inf,31134.0,inf,216.0,61.0,155.0,0.0,0.0,0.0,0.0,0.0,0.0
596.0,31187.0,88171.0,56984.0,28492.0,1.8271715779010484,72.1919165137755,16372.953012595828,1.9047877298620244,0.0,0.0,1.0,inf,31187.0,inf,217.0,53.0,164.0,0.0,0.0,0.0,0.0,0.0,0.0
597.0,31242.0,88326.0,57084.0,28542.0,1.8271557518724793,72.1919165137755,16372.953012595828,1.9081469284108559,0.0,0.0,1.0,inf,31242.0,inf,217.0,55.0,162.0,0.0,0.0,0.0,0.0,0.0,0.0
598.0,31292.0,88468.0,57176.0,28588.0,1.827176275086284,72.1919165137755,16372.953012595828,1.91120074527343,0.0,0.0,1.0,inf,31292.0,inf,214.0,50.0,164.0,0.0,0.0,0.0,0.0,0.0,0.0
599.0,31348.0,88624.0,57276.0,28638.0,1.827102207477351,72.1919165137755,16372.953012595828,1.9146210201595133,0.0,0.0,1.0,inf,31348.0,inf,218.0,56.0,162.0,0.0,0.0,0.0,0.0,0.0,0.0
600.0,31390.0,88740.0,57350.0,28675.0,1.8270149729213125,72.1919165137755,16372.953012595828,1.9171862263240755,0.0,0.0,1.0,inf,31390.0,inf,215.0,42.0,173.0,0.0,0.0,0.0,0.0,0.0,0.0
601.0,31443.0,88889.0,57446.0,28723.0,1.826988518907229,72.1919165137755,16372.953012595828,1.9204232721984043,0.0,0.0,1.0,inf,31443.0,inf,218.0,53.0,165.0,0.0,0.0,0.0,0.0,0.0,0.0
602.0,31483.0,89001.0,57518.0,28759.0,1.8269542292665883,72.1919165137755,16372.953012595828,1.9228663256884635,0.0,0.0,1.0,inf,31483.0,inf,218.0,40.0,178.0,0.0,0.0,0.0,0.0,0.0,0.0
603.0,31529.0,89133.0,57604.0,28802.0,1.8270163976022076,72.1919165137755,16372.953012595828,1.9256758372020317,0.0,0.0,1.0,inf,31529.0,inf,218.0,46.0,172.0,0.0,0.0,0.0,0.0,0.0,0.0
604.0,31574.0,89262.0,57688.0,28844.0,1.8270729080889339,72.1919165137755,16372.953012595828,1.9284242723783485,0.0,0.0,1.0,inf,31574.0,inf,218.0,45.0,173.0,0.0,0.0,0.0,0.0,0.0,0.0
605.0,31624.0,89408.0,57784.0,28892.0,1.8272198330381988,72.1919165137755,16372.953012595828,1.9314780892409227,0.0,0.0,1.0,inf,31624.0,inf,220.0,50.0,170.0,0.0,0.0,0.0,0.0,0.0,0.0
606.0,31668.0,89532.0,57864.0,28932.0,1.8272072754831377,72.1919165137755,16372.953012595828,1.9341654480799881,0.0,0.0,1.0,inf,31668.0,inf,218.0,44.0,174.0,0.0,0.0,0.0,0.0,0.0,0.0
607.0,31701.0,89627.0,57926.0,28963.0,1.827260969685499,72.1919165137755,16372.953012595828,1.9361809672092871,0.0,0.0,1.0,inf,31701.0,inf,218.0,33.0,185.0,0.0,0.0,0.0,0.0,0.0,0.0
608.0,31746.0,89760.0,58014.0,29007.0,1.8274428274428274,72.1919165137755,16372.953012595828,1.9389294023856039,0.0,0.0,1.0,inf,31746.0,inf,219.0,45.0,174.0,0.0,0.0,0.0,0.0,0.0,0.0
609.0,31799.0,89917.0,58118.0,29059.0,1.827667536714991,72.1919165137755,16372.953012595828,1.9421664482599323,0.0,0.0,1.0,inf,31799.0,inf,217.0,53.0,164.0,0.0,0.0,0.0,0.0,0.0,0.0
610.0,31844.0,90046.0,58202.0,29101.0,1.8277226479085542,72.1919165137755,16372.953012595828,1.9449148834362493,0.0,0.0,1.0,inf,31844.0,inf,220.0,45.0,175.0,0.0,0.0,0.0,0.0,0.0,0.0
611.0,31893.0,90185.0,58292.0,29146.0,1.827736493901483,72.21576267401569,16383.77130259339,1.9466214103557251,0.0,0.0,1.0,inf,31893.0,inf,220.0,49.0,171.0,0.0,0.0,0.0,0.0,0.0,0.0
612.0,31933.0,90295.0,58362.0,29181.0,1.827639119406257,72.21576267401569,16383.77130259339,1.94906285068477,0.0,0.0,1.0,inf,31933.0,inf,218.0,40.0,178.0,0.0,0.0,0.0,0.0,0.0,0.0
613.0,31979.0,90429.0,58450.0,29225.0,1.8277619687920197,72.21576267401569,16383.77130259339,1.9518705070631717,0.0,0.0,1.0,inf,31979.0,inf,219.0,46.0,173.0,0.0,0.0,0.0,0.0,0.0,0.0
614.0,32031.0,90579.0,58548.0,29274.0,1.8278542661796384,72.21576267401569,16383.77130259339,1.95504437949093,0.0,0.0,1.0,inf,32031.0,inf,216.0,52.0,164.0,0.0,0.0,0.0,0.0,0.0,0.0
615.0,32068.0,90686.0,58618.0,29309.0,1.8279281526755644,72.21576267401569,16383.77130259339,1.9573027117952966,0.0,0.0,1.0,inf,32068.0,inf,218.0,37.0,181.0,0.0,0.0,0.0,0.0,0.0,0.0
616.0,32112.0,90812.0,58700.0,29350.0,1.8279770802192328,72.21576267401569,16383.77130259339,1.959988296157246,0.0,0.0,1.0,inf,32112.0,inf,219.0,44.0,175.0,0.0,0.0,0.0,0.0,0.0,0.0
617.0,32164.0,90960.0,58796.0,29398.0,1.8280064668573561,72.21576267401569,16383.77130259339,1.9631621685850043,0.0,0.0,1.0,inf,32164.0,inf,218.0,52.0,166.0,0.0,0.0,0.0,0.0,0.0,0.0
618.0,32210.0,91090.0,58880.0,29440.0,1.828003725551071,73.01467417693621,16748.27856928697,1.9231827239288204,0.0,0.0,1.0,inf,32210.0,inf,216.0,46.0,170.0,0.0,0.0,0.0,0.0,0.0,0.0
619.0,32253.0,91213.0,58960.0,29480.0,1.8280470033795306,73.01467417693621,16748.27856928697,1.9257501519675952,0.0,0.0,1.0,inf,32253.0,inf,219.0,43.0,176.0,0.0,0.0,0.0,0.0,0.0,0.0
620.0,32299.0,91343.0,59044.0,29522.0,1.828044211895105,73.01467417693621,16748.27856928697,1.9284967028927964,0.0,0.0,1.0,inf,32299.0,inf,219.0,46.0,173.0,0.0,0.0,0.0,0.0,0.0,0.0
621.0,32355.0,91509.0,59154.0,29577.0,1.8282800185442745,73.01467417693621,16748.27856928697,1.9318403301060845,0.0,0.0,1.0,inf,32355.0,inf,218.0,56.0,162.0,0.0,0.0,0.0,0.0,0.0,0.0
622.0,32395.0,91625.0,59230.0,29615.0,1.828368575397438,73.01467417693621,16748.27856928697,1.9342286352584332,0.0,0.0,1.0,inf,32395.0,inf,218.0,40.0,178.0,0.0,0.0,0.0,0.0,0.0,0.0
623.0,32444.0,91762.0,59318.0,29659.0,1.8283195660214524,73.01467417693621,16748.27856928697,1.9371543090700605,0.0,0.0,1.0,inf,32444.0,inf,219.0,49.0,170.0,0.0,0.0,0.0,0.0,0.0,0.0
624.0,32484.0,91882.0,59398.0,29699.0,1.8285309690924763,73.01467417693621,16748.27856928697,1.9395426142224093,0.0,0.0,1.0,inf,32484.0,inf,217.0,40.0,177.0,0.0,0.0,0.0,0.0,0.0,0.0
625.0,32538.0,92024.0,59486.0,29743.0,1.8282008728256194,73.01467417693621,16748.27856928697,1.94276682617808,0.0,0.0,1.0,inf,32538.0,inf,217.0,54.0,163.0,0.0,0.0,0.0,0.0,0.0,0.0
626.0,32584.0,92154.0,59570.0,29785.0,1.82819788853425,73.01467417693621,16748.27856928697,1.945513377103281,0.0,0.0,1.0,inf,32584.0,inf,219.0,46.0,173.0,0.0,0.0,0.0,0.0,0.0,0.0
627.0,32630.0,92288.0,59658.0,29829.0,1.8283174992338338,73.01467417693621,16748.27856928697,1.948259928028482,0.0,0.0,1.0,inf,32630.0,inf,219.0,46.0,173.0,0.0,0.0,0.0,0.0,0.0,0.0
628.0,32671.0,92407.0,59736.0,29868.0,1.8284105169722384,73.01467417693621,16748.27856928697,1.9507079408096395,0.0,0.0,1.0,inf,32671.0,inf,218.0,41.0,177.0,0.0,0.0,0.0,0.0,0.0,0.0
629.0,32702.0,92496.0,59794.0,29897.0,1.828450859274662,73.01467417693621,16748.27856928697,1.9525588773027098,0.0,0.0,1.0,inf,32702.0,inf,219.0,31.0,188.0,0.0,0.0,0.0,0.0,0.0,0.0
630.0,32753.0,92647.0,59894.0,29947.0,1.8286569169236406,73.01467417693621,16748.27856928697,1.9556039663719544,0.0,0.0,1.0,inf,32753.0,inf,217.0,51.0,166.0,0.0,0.0,0.0,0.0,0.0,0.0
631.0,32806.0,92794.0,59988.0,29994.0,1.8285679448881302,73.01467417693621,16748.27856928697,1.9587684706988167,0.0,0.0,1.0,inf,32806.0,inf,218.0,53.0,165.0,0.0,0.0,0.0,0.0,0.0,0.0
632.0,32861.0,92947.0,60086.0,30043.0,1.8284896990353305,73.02298254311002,16752.090371495633,1.9616059411853661,0.0,0.0,1.0,inf,32861.0,inf,219.0,55.0,164.0,0.0,0.0,0.0,0.0,0.0,0.0
633.0,32904.0,93072.0,60168.0,30084.0,1.8285922684172138,73.02298254311002,16752.090371495633,1.9641727850267272,0.0,0.0,1.0,inf,32904.0,inf,217.0,43.0,174.0,0.0,0.0,0.0,0.0,0.0,0.0
634.0,32946.0,93190.0,60244.0,30122.0,1.8285679596916167,73.02298254311002,16752.090371495633,1.9666799348252662,0.0,0.0,1.0,inf,32946.0,inf,218.0,42.0,176.0,0.0,0.0,0.0,0.0,0.0,0.0
635.0,32990.0,93316.0,60326.0,30163.0,1.82861473173689,73.02298254311002,16752.090371495633,1.9693064727094498,0.0,0.0,1.0,inf,32990.0,inf,220.0,44.0,176.0,0.0,0.0,0.0,0.0,0.0,0.0
636.0,33046.0,93460.0,60414.0,30207.0,1.8281789021364159,73.02298254311002,16752.090371495633,1.9726493391075015,0.0,0.0,1.0,inf,33046.0,inf,218.0,56.0,162.0,0.0,0.0,0.0,0.0,0.0,0.0
637.0,33101.0,93617.0,60516.0,30258.0,1.8282227123047643,73.02298254311002,16752.090371495633,1.975932511462731,0.0,0.0,1.0,inf,33101.0,inf,218.0,55.0,163.0,0.0,0.0,0.0,0.0,0.0,0.0
638.0,33144.0,93742.0,60598.0,30299.0,1.828324885348781,73.02298254311002,16752.090371495633,1.9784993553040922,0.0,0.0,1.0,inf,33144.0,inf,217.0,43.0,174.0,0.0,0.0,0.0,0.0,0.0,0.0
639.0,33197.0,93897.0,60700.0,30350.0,1.8284784769708107,73.02298254311002,16752.090371495633,1.981663139573677,0.0,0.0,1.0,inf,33197.0,inf,219.0,53.0,166.0,0.0,0.0,0.0,0.0,0.0,0.0
640.0,33238.0,94016.0,60778.0,30389.0,1.8285697093687947,73.02298254311002,16752.090371495633,1.9841105953293934,0.0,0.0,1.0,inf,33238.0,inf,219.0,41.0,178.0,0.0,0.0,0.0,0.0,0.0,0.0
641.0,33278.0,94130.0,60852.0,30426.0,1.8285954684776728,73.02298254311002,16752.090371495633,1.9864983570422876,0.0,0.0,1.0,inf,33278.0,inf,219.0,40.0,179.0,0.0,0.0,0.0,0.0,0.0,0.0
642.0,33320.0,94252.0,60932.0,30466.0,1.8286914765906364,73.60755529349032,17021.37580846567,1.9575385900021152,0.0,0.0,1.0,inf,33320.0,inf,216.0,42.0,174.0,0.0,0.0,0.0,0.0,0.0,0.0
643.0,33368.0,94388.0,61020.0,30510.0,1.8286981539199232,73.60755529349032,17021.37580846567,1.9603585735651434,0.0,0.0,1.0,inf,33368.0,inf,219.0,48.0,171.0,0.0,0.0,0.0,0.0,0.0,0.0
644.0,33415.0,94523.0,61108.0,30554.0,1.8287595391291336,73.60755529349032,17021.37580846567,1.9631198074706087,0.0,0.0,1.0,inf,33415.0,inf,219.0,47.0,172.0,0.0,0.0,0.0,0.0,0.0,0.0
645.0,33459.0,94645.0,61186.0,30593.0,1.828685854329179,73.60755529349032,17021.37580846567,1.9657047924033846,0.0,0.0,1.0,inf,33459.0,inf,214.0,44.0,170.0,0.0,0.0,0.0,0.0,0.0,0.0
646.0,33510.0,94792.0,61282.0,30641.0,1.828767532079976,73.60755529349032,17021.37580846567,1.9687010249391022,0.0,0.0,1.0,inf,33510.0,inf,219.0,51.0,168.0,0.0,0.0,0.0,0.0,0.0,0.0
647.0,33561.0,94941.0,61380.0,30690.0,1.8289085545722714,73.60755529349032,17021.37580846567,1.9716972574748195,0.0,0.0,1.0,inf,33561.0,inf,218.0,51.0,167.0,0.0,0.0,0.0,0.0,0.0,0.0
648.0,33607.0,95069.0,61462.0,30731.0,1.828845181063469,73.60755529349032,17021.37580846567,1.9743997417227217,0.0,0.0,1.0,inf,33607.0,inf,220.0,46.0,174.0,0.0,0.0,0.0,0.0,0.0,0.0
649.0,33657.0,95211.0,61554.0,30777.0,1.828861752384348,73.60755529349032,17021.37580846567,1.977337224600876,0.0,0.0,1.0,inf,33657.0,inf,219.0,50.0,169.0,0.0,0.0,0.0,0.0,0.0,0.0
650.0,33698.0,95322.0,61624.0,30812.0,1.8287138702593626,73.60755529349032,17021.37580846567,1.9797459605609626,0.0,0.0,1.0,inf,33698.0,inf,218.0,41.0,177.0,0.0,0.0,0.0,0.0,0.0,0.0
651.0,33758.0,95490.0,61732.0,30866.0,1.8286628354760353,73.90575478524373,17159.56942418938,1.9672987803768702,0.0,0.0,1.0,inf,33758.0,inf,220.0,60.0,160.0,0.0,0.0,0.0,0.0,0.0,0.0
652.0,33802.0,95612.0,61810.0,30905.0,1.8285900242589197,73.90575478524373,17159.56942418938,1.969862947280614,0.0,0.0,1.0,inf,33802.0,inf,219.0,44.0,175.0,0.0,0.0,0.0,0.0,0.0,0.0
653.0,33848.0,95746.0,61898.0,30949.0,1.8287047979201134,73.90575478524373,17159.56942418938,1.972543667225437,0.0,0.0,1.0,inf,33848.0,inf,219.0,46.0,173.0,0.0,0.0,0.0,0.0,0.0,0.0
654.0,33894.0,95880.0,61986.0,30993.0,1.8288192600460258,73.90575478524373,17159.56942418938,1.9752243871702602,0.0,0.0,1.0,inf,33894.0,inf,219.0,46.0,173.0,0.0,0.0,0.0,0.0,0.0,0.0
655.0,33947.0,96037.0,62090.0,31045.0,1.8290276018499425,73.90575478524373,17159.56942418938,1.9783130427588604,0.0,0.0,1.0,inf,33947.0,inf,218.0,53.0,165.0,0.0,0.0,0.0,0.0,0.0,0.0
656.0,33991.0,96161.0,62170.0,31085.0,1.8290135624135802,73.90575478524373,17159.56942418938,1.9808772096626044,0.0,0.0,1.0,inf,33991.0,inf,218.0,44.0,174.0,0.0,0.0,0.0,0.0,0.0,0.0
657.0,34039.0,96291.0,62252.0,31126.0,1.8288433855283646,73.95662314691484,17183.19896648346,1.98094662503731,0.0,0.0,1.0,inf,34039.0,inf,218.0,48.0,170.0,0.0,0.0,0.0,0.0,0.0,0.0
658.0,34089.0,96435.0,62346.0,31173.0,1.8289184194314883,73.95662314691484,17183.19896648346,1.9838564441051987,0.0,0.0,1.0,inf,34089.0,inf,219.0,50.0,169.0,0.0,0.0,0.0,0.0,0.0,0.0
659.0,34130.0,96556.0,62426.0,31213.0,1.8290653384119544,73.95662314691484,17183.19896648346,1.9862424957408675,0.0,0.0,1.0,inf,34130.0,inf,219.0,41.0,178.0,0.0,0.0,0.0,0.0,0.0,0.0
660.0,34170.0,96674.0,62504.0,31252.0,1.8292069066432544,73.95662314691484,17183.19896648346,1.9885703509951786,0.0,0.0,1.0,inf,34170.0,inf,219.0,40.0,179.0,0.0,0.0,0.0,0.0,0.0,0.0
661.0,34224.0,96832.0,62608.0,31304.0,1.8293595137914913,73.95662314691484,17183.19896648346,1.9917129555884985,0.0,0.0,1.0,inf,34224.0,inf,215.0,54.0,161.0,0.0,0.0,0.0,0.0,0.0,0.0
662.0,34278.0,96986.0,62708.0,31354.0,1.8293949471964526,73.95662314691484,17183.19896648346,1.9948555601818183,0.0,0.0,1.0,inf,34278.0,inf,219.0,54.0,165.0,0.0,0.0,0.0,0.0,0.0,0.0
663.0,34319.0,97105.0,62786.0,31393.0,1.8294822110201345,73.95662314691484,17183.19896648346,1.9972416118174872,0.0,0.0,1.0,inf,34319.0,inf,219.0,41.0,178.0,0.0,0.0,0.0,0.0,0.0,0.0
664.0,34374.0,97262.0,62888.0,31444.0,1.8295223133763892,73.95662314691484,17183.19896648346,2.0004424127921645,0.0,0.0,1.0,inf,34374.0,inf,219.0,55.0,164.0,0.0,0.0,0.0,0.0,0.0,0.0
665.0,34424.0,97408.0,62984.0,31492.0,1.8296537299558449,73.95662314691484,17183.19896648346,2.0033522318600534,0.0,0.0,1.0,inf,34424.0,inf,220.0,50.0,170.0,0.0,0.0,0.0,0.0,0.0,0.0
666.0,34466.0,97528.0,63062.0,31531.0,1.8296872279928045,73.95662314691484,17183.19896648346,2.00579647987708,0.0,0.0,1.0,inf,34466.0,inf,218.0,42.0,176.0,0.0,0.0,0.0,0.0,0.0,0.0
667.0,34508.0,97652.0,63144.0,31572.0,1.8298365596383448,73.95662314691484,17183.19896648346,2.0082407278941066,0.0,0.0,1.0,inf,34508.0,inf,219.0,42.0,177.0,0.0,0.0,0.0,0.0,0.0,0.0
668.0,34555.0,97781.0,63226.0,31613.0,1.8297207350600493,73.95662314691484,17183.19896648346,2.010975957817922,0.0,0.0,1.0,inf,34555.0,inf,220.0,47.0,173.0,0.0,0.0,0.0,0.0,0.0,0.0
669.0,34599.0,97905.0,63306.0,31653.0,1.8297060608688112,73.95662314691484,17183.19896648346,2.013536598597664,0.0,0.0,1.0,inf,34599.0,inf,217.0,44.0,173.0,0.0,0.0,0.0,0.0,0.0,0.0
670.0,34638.0,98014.0,63376.0,31688.0,1.8296668398868294,73.95662314691484,17183.19896648346,2.0158062574706173,0.0,0.0,1.0,inf,34638.0,inf,217.0,39.0,178.0,0.0,0.0,0.0,0.0,0.0,0.0
671.0,34677.0,98127.0,63450.0,31725.0,1.829743057357903,73.95662314691484,17183.19896648346,2.0180759163435704,0.0,0.0,1.0,inf,34677.0,inf,220.0,39.0,181.0,0.0,0.0,0.0,0.0,0.0,0.0
672.0,34719.0,98243.0,63524.0,31762.0,1.8296609925401077,73.95662314691484,17183.19896648346,2.020520164360597,0.0,0.0,1.0,inf,34719.0,inf,216.0,42.0,174.0,0.0,0.0,0.0,0.0,0.0,0.0
673.0,34757.0,98343.0,63586.0,31793.0,1.829444428460454,73.95662314691484,17183.19896648346,2.0227316268521927,0.0,0.0,1.0,inf,34757.0,inf,218.0,38.0,180.0,0.0,0.0,0.0,0.0,0.0,0.0
674.0,34801.0,98467.0,63666.0,31833.0,1.8294301887876785,73.95662314691484,17183.19896648346,2.0252922676319347,0.0,0.0,1.0,inf,34801.0,inf,219.0,44.0,175.0,0.0,0.0,0.0,0.0,0.0,0.0
675.0,34843.0,98587.0,63744.0,31872.0,1.8294635938352037,73.95662314691484,17183.19896648346,2.0277365156489613,0.0,0.0,1.0,inf,34843.0,inf,219.0,42.0,177.0,0.0,0.0,0.0,0.0,0.0,0.0
676.0,34884.0,98708.0,63824.0,31912.0,1.8296066964797615,73.95662314691484,17183.19896648346,2.03012256728463,0.0,0.0,1.0,inf,34884.0,inf,218.0,41.0,177.0,0.0,0.0,0.0,0.0,0.0,0.0
677.0,34918.0,98802.0,63884.0,31942.0,1.8295435019187811,73.95662314691484,17183.19896648346,2.032101244250794,0.0,0.0,1.0,inf,34918.0,inf,218.0,34.0,184.0,0.0,0.0,0.0,0.0,0.0,0.0
678.0,34965.0,98935.0,63970.0,31985.0,1.8295438295438295,73.95662314691484,17183.19896648346,2.0348364741746097,0.0,0.0,1.0,inf,34965.0,inf,220.0,47.0,173.0,0.0,0.0,0.0,0.0,0.0,0.0
679.0,34989.0,99001.0,64012.0,32006.0,1.8294892680556747,73.99565794804634,17201.34256842663,2.0340854128574204,0.0,0.0,1.0,inf,34989.0,inf,218.0,24.0,194.0,0.0,0.0,0.0,0.0,0.0,0.0
680.0,35033.0,99129.0,64096.0,32048.0,1.8295892444266835,73.99565794804634,17201.34256842663,2.036643352728972,0.0,0.0,1.0,inf,35033.0,inf,219.0,44.0,175.0,0.0,0.0,0.0,0.0,0.0,0.0
681.0,35082.0,99274.0,64192.0,32096.0,1.8297702525511659,73.99565794804634,17201.34256842663,2.0394919675859278,0.0,0.0,1.0,inf,35082.0,inf,218.0,49.0,169.0,0.0,0.0,0.0,0.0,0.0,0.0
682.0,35124.0,99394.0,64270.0,32135.0,1.8298029837148388,73.99565794804634,17201.34256842663,2.041933637463318,0.0,0.0,1.0,inf,35124.0,inf,216.0,42.0,174.0,0.0,0.0,0.0,0.0,0.0,0.0
683.0,35167.0,99521.0,64354.0,32177.0,1.829954218443427,73.99565794804634,17201.34256842663,2.0444334423377892,0.0,0.0,1.0,inf,35167.0,inf,218.0,43.0,175.0,0.0,0.0,0.0,0.0,0.0,0.0
684.0,35201.0,99621.0,64420.0,32210.0,1.8300616459759667,73.99565794804634,17201.34256842663,2.0464100322385335,0.0,0.0,1.0,inf,35201.0,inf,218.0,34.0,184.0,0.0,0.0,0.0,0.0,0.0,0.0
685.0,35244.0,99744.0,64500.0,32250.0,1.8300987402110998,73.99565794804634,17201.34256842663,2.048909837113005,0.0,0.0,1.0,inf,35244.0,inf,218.0,43.0,175.0,0.0,0.0,0.0,0.0,0.0,0.0
686.0,35288.0,99864.0,64576.0,32288.0,1.8299705282248924,73.99565794804634,17201.34256842663,2.0514677769845564,0.0,0.0,1.0,inf,35288.0,inf,219.0,44.0,175.0,0.0,0.0,0.0,0.0,0.0,0.0
687.0,35333.0,99993.0,64660.0,32330.0,1.8300172643138142,73.99565794804634,17201.34256842663,2.054083851853189,0.0,0.0,1.0,inf,35333.0,inf,217.0,45.0,172.0,0.0,0.0,0.0,0.0,0.0,0.0
688.0,35379.0,100123.0,64744.0,32372.0,1.8300121541027163,73.99565794804634,17201.34256842663,2.0567580617189023,0.0,0.0,1.0,inf,35379.0,inf,215.0,46.0,169.0,0.0,0.0,0.0,0.0,0.0,0.0
689.0,35418.0,100234.0,64816.0,32408.0,1.8300299282850527,73.99565794804634,17201.34256842663,2.0590253266050507,0.0,0.0,1.0,inf,35418.0,inf,220.0,39.0,181.0,0.0,0.0,0.0,0.0,0.0,0.0
690.0,35462.0,100360.0,64898.0,32449.0,1.8300716259658225,73.99565794804634,17201.34256842663,2.0615832664766023,0.0,0.0,1.0,inf,35462.0,inf,216.0,44.0,172.0,0.0,0.0,0.0,0.0,0.0,0.0
691.0,35505.0,100481.0,64976.0,32488.0,1.8300521053372765,74.7212771173446,17540.357671527836,2.024189053888738,0.0,0.0,1.0,inf,35505.0,inf,219.0,43.0,176.0,0.0,0.0,0.0,0.0,0.0,0.0
692.0,35553.0,100615.0,65062.0,32531.0,1.8300002812702163,74.7212771173446,17540.357671527836,2.0269256001381866,0.0,0.0,1.0,inf,35553.0,inf,216.0,48.0,168.0,0.0,0.0,0.0,0.0,0.0,0.0
693.0,35586.0,100712.0,65126.0,32563.0,1.8301017253976284,74.7212771173446,17540.357671527836,2.028806975684682,0.0,0.0,1.0,inf,35586.0,inf,220.0,33.0,187.0,0.0,0.0,0.0,0.0,0.0,0.0
694.0,35631.0,100841.0,65210.0,32605.0,1.8301479049142602,74.7212771173446,17540.357671527836,2.03137248779354,0.0,0.0,1.0,inf,35631.0,inf,219.0,45.0,174.0,0.0,0.0,0.0,0.0,0.0,0.0
695.0,35677.0,100969.0,65292.0,32646.0,1.8300866104212798,74.7212771173446,17540.357671527836,2.0339950112825944,0.0,0.0,1.0,inf,35677.0,inf,218.0,46.0,172.0,0.0,0.0,0.0,0.0,0.0,0.0
696.0,35722.0,101094.0,65372.0,32686.0,1.8300207155254464,74.7212771173446,17540.357671527836,2.036560523391452,0.0,0.0,1.0,inf,35722.0,inf,217.0,45.0,172.0,0.0,0.0,0.0,0.0,0.0,0.0
697.0,35758.0,101198.0,65440.0,32720.0,1.8300799821019074,74.7212771173446,17540.357671527836,2.038612933078538,0.0,0.0,1.0,inf,35758.0,inf,219.0,36.0,183.0,0.0,0.0,0.0,0.0,0.0,0.0
698.0,35807.0,101337.0,65530.0,32765.0,1.8300890887256682,74.7212771173446,17540.357671527836,2.0414064907081833,0.0,0.0,1.0,inf,35807.0,inf,219.0,49.0,170.0,0.0,0.0,0.0,0.0,0.0,0.0
699.0,35840.0,101430.0,65590.0,32795.0,1.830078125,74.7212771173446,17540.357671527836,2.043287866254679,0.0,0.0,1.0,inf,35840.0,inf,219.0,33.0,186.0,0.0,0.0,0.0,0.0,0.0,0.0
700.0,35889.0,101575.0,65686.0,32843.0,1.8302543954972275,74.7212771173446,17540.357671527836,2.046081423884324,0.0,0.0,1.0,inf,35889.0,inf,219.0,49.0,170.0,0.0,0.0,0.0,0.0,0.0,0.0
