t,site_subsystems,total_subsystems,interface_subsystems,n_links,mean_degree,frontier_radius,volume_proxy,density,energy_remaining,energy_density,creation_rate_modifier,memory_total,memory_bound,memory_free,birth_attempts,births_accepted,births_reject_exclusion,births_reject_memory,births_reject_energy,deaths_attempted,deaths_executed,links_attempted_random,links_added_random
0.0,2.0,4.0,2.0,1.0,1.0,0.12139771766158096,0.046298925962141226,43.19754634557627,0.0,0.0,1.0,inf,2.0,inf,0.0,0.0,0.0,0.0,0.0,0.0,0.0,0.0,0.0
1.0,2.0,4.0,2.0,1.0,1.0,0.12139771766158096,0.046298925962141226,43.19754634557627,0.0,0.0,1.0,inf,2.0,inf,0.0,0.0,0.0,0.0,0.0,0.0,0.0,0.0,0.0
2.0,190.0,550.0,360.0,180.0,1.894736842105263,13.41404721215696,565.2876973669655,0.33611203796755984,0.0,0.0,1.0,inf,190.0,inf,220.0,188.0,32.0,0.0,0.0,0.0,0.0,0.0,0.0
3.0,190.0,550.0,360.0,180.0,1.894736842105263,13.41404721215696,565.2876973669655,0.33611203796755984,0.0,0.0,1.0,inf,190.0,inf,0.0,0.0,0.0,0.0,0.0,0.0,0.0,0.0,0.0
4.0,355.0,1021.0,666.0,333.0,1.876056338028169,17.64735967409261,978.3840118838536,0.36284321461514535,0.0,0.0,1.0,inf,355.0,inf,220.0,165.0,55.0,0.0,0.0,0.0,0.0,0.0,0.0
5.0,355.0,1021.0,666.0,333.0,1.876056338028169,17.64735967409261,978.3840118838536,0.36284321461514535,0.0,0.0,1.0,inf,355.0,inf,0.0,0.0,0.0,0.0,0.0,0.0,0.0,0.0,0.0
6.0,533.0,1521.0,988.0,494.0,1.853658536585366,21.649691991994402,1472.4932642450067,0.3619710955168856,0.0,0.0,1.0,inf,533.0,inf,220.0,178.0,42.0,0.0,0.0,0.0,0.0,0.0,0.0
7.0,533.0,1521.0,988.0,494.0,1.853658536585366,21.649691991994402,1472.4932642450067,0.3619710955168856,0.0,0.0,1.0,inf,533.0,inf,0.0,0.0,0.0,0.0,0.0,0.0,0.0,0.0,0.0
8.0,658.0,1882.0,1224.0,612.0,1.8601823708206686,22.36024602842297,1570.735387599362,0.41891206195185826,0.0,0.0,1.0,inf,658.0,inf,220.0,125.0,95.0,0.0,0.0,0.0,0.0,0.0,0.0
9.0,699.0,1983.0,1284.0,642.0,1.8369098712446352,22.36024602842297,1570.735387599362,0.44501448526496795,0.0,0.0,1.0,inf,699.0,inf,73.0,41.0,32.0,0.0,0.0,0.0,0.0,0.0,0.0
10.0,817.0,2313.0,1496.0,748.0,1.8310893512851898,23.48660717099038,1732.9675902240542,0.471445631533346,0.0,0.0,1.0,inf,817.0,inf,192.0,118.0,74.0,0.0,0.0,0.0,0.0,0.0,0.0
11.0,870.0,2454.0,1584.0,792.0,1.8206896551724139,23.48660717099038,1732.9675902240542,0.5020290078751665,0.0,0.0,1.0,inf,870.0,inf,110.0,53.0,57.0,0.0,0.0,0.0,0.0,0.0,0.0
12.0,952.0,2684.0,1732.0,866.0,1.819327731092437,24.286119991933955,1852.9604321559063,0.5137724386766073,0.0,0.0,1.0,inf,952.0,inf,170.0,82.0,88.0,0.0,0.0,0.0,0.0,0.0,0.0
13.0,1020.0,2886.0,1866.0,933.0,1.8294117647058823,24.55063349989827,1893.543466313552,0.5386726093939573,0.0,0.0,1.0,inf,1020.0,inf,157.0,68.0,89.0,0.0,0.0,0.0,0.0,0.0,0.0
14.0,1115.0,3143.0,2028.0,1014.0,1.8188340807174888,24.96966460348027,1958.7332265586579,0.5692454617513015,0.0,0.0,1.0,inf,1115.0,inf,174.0,95.0,79.0,0.0,0.0,0.0,0.0,0.0,0.0
15.0,1197.0,3365.0,2168.0,1084.0,1.8111946532999164,24.993286378701082,1962.440976926135,0.6099546503940813,0.0,0.0,1.0,inf,1197.0,inf,179.0,82.0,97.0,0.0,0.0,0.0,0.0,0.0,0.0
16.0,1265.0,3545.0,2280.0,1140.0,1.8023715415019763,25.4150465562351,2029.2319512898941,0.6233885678746063,0.0,0.0,1.0,inf,1265.0,inf,180.0,68.0,112.0,0.0,0.0,0.0,0.0,0.0,0.0
17.0,1324.0,3704.0,2380.0,1190.0,1.797583081570997,25.524300440687647,2046.715924526203,0.6468899685267727,0.0,0.0,1.0,inf,1324.0,inf,176.0,59.0,117.0,0.0,0.0,0.0,0.0,0.0,0.0
18.0,1394.0,3900.0,2506.0,1253.0,1.7977044476327115,25.654329743094195,2067.6223489565064,0.6742043587909213,0.0,0.0,1.0,inf,1394.0,inf,192.0,70.0,122.0,0.0,0.0,0.0,0.0,0.0,0.0
19.0,1472.0,4110.0,2638.0,1319.0,1.7921195652173914,26.295484766224867,2172.2621542817005,0.6776346018359578,0.0,0.0,1.0,inf,1472.0,inf,188.0,78.0,110.0,0.0,0.0,0.0,0.0,0.0,0.0
20.0,1537.0,4291.0,2754.0,1377.0,1.7918022121014965,26.41956021319213,2192.810189550527,0.7009270603193648,0.0,0.0,1.0,inf,1537.0,inf,183.0,65.0,118.0,0.0,0.0,0.0,0.0,0.0,0.0
21.0,1612.0,4508.0,2896.0,1448.0,1.7965260545905708,27.105324083481182,2308.123704478137,0.6984027748913356,0.0,0.0,1.0,inf,1612.0,inf,191.0,75.0,116.0,0.0,0.0,0.0,0.0,0.0,0.0
22.0,1680.0,4702.0,3022.0,1511.0,1.7988095238095239,27.105324083481182,2308.123704478137,0.727863934129928,0.0,0.0,1.0,inf,1680.0,inf,192.0,68.0,124.0,0.0,0.0,0.0,0.0,0.0,0.0
23.0,1741.0,4869.0,3128.0,1564.0,1.7966685812751293,28.069222569285248,2475.2019646325193,0.703376946558976,0.0,0.0,1.0,inf,1741.0,inf,194.0,61.0,133.0,0.0,0.0,0.0,0.0,0.0,0.0
24.0,1829.0,5109.0,3280.0,1640.0,1.793329688354292,28.069222569285248,2475.2019646325193,0.7389296009513884,0.0,0.0,1.0,inf,1829.0,inf,194.0,88.0,106.0,0.0,0.0,0.0,0.0,0.0,0.0
25.0,1899.0,5309.0,3410.0,1705.0,1.7956819378620326,28.069222569285248,2475.2019646325193,0.7672101214908073,0.0,0.0,1.0,inf,1899.0,inf,185.0,70.0,115.0,0.0,0.0,0.0,0.0,0.0,0.0
26.0,1972.0,5510.0,3538.0,1769.0,1.7941176470588236,28.069222569285248,2475.2019646325193,0.7967026643390585,0.0,0.0,1.0,inf,1972.0,inf,185.0,73.0,112.0,0.0,0.0,0.0,0.0,0.0,0.0
27.0,2038.0,5688.0,3650.0,1825.0,1.7909715407262021,29.017527217561778,2645.274062696758,0.770430568514453,0.0,0.0,1.0,inf,2038.0,inf,198.0,66.0,132.0,0.0,0.0,0.0,0.0,0.0,0.0
28.0,2103.0,5879.0,3776.0,1888.0,1.7955301949595817,29.017527217561778,2645.274062696758,0.7950026916515676,0.0,0.0,1.0,inf,2103.0,inf,200.0,65.0,135.0,0.0,0.0,0.0,0.0,0.0,0.0
29.0,2161.0,6043.0,3882.0,1941.0,1.7963905599259602,31.59708623502185,3136.490262721371,0.6889866758664864,0.0,0.0,1.0,inf,2161.0,inf,178.0,58.0,120.0,0.0,0.0,0.0,0.0,0.0,0.0
30.0,2259.0,6329.0,4070.0,2035.0,1.8016821602478974,31.59708623502185,3136.490262721371,0.7202317911996264,0.0,0.0,1.0,inf,2259.0,inf,161.0,98.0,63.0,0.0,0.0,0.0,0.0,0.0,0.0
31.0,2316.0,6490.0,4174.0,2087.0,1.802245250431779,32.06544835116146,3230.163506034899,0.7169915689013971,0.0,0.0,1.0,inf,2316.0,inf,98.0,57.0,41.0,0.0,0.0,0.0,0.0,0.0,0.0
32.0,2411.0,6751.0,4340.0,2170.0,1.8000829531314808,32.06544835116146,3230.163506034899,0.7464018448278362,0.0,0.0,1.0,inf,2411.0,inf,166.0,95.0,71.0,0.0,0.0,0.0,0.0,0.0,0.0
33.0,2503.0,6993.0,4490.0,2245.0,1.7938473831402317,32.839128246400755,3387.9197310286736,0.7388014471169346,0.0,0.0,1.0,inf,2503.0,inf,152.0,92.0,60.0,0.0,0.0,0.0,0.0,0.0,0.0
34.0,2579.0,7197.0,4618.0,2309.0,1.7906165180302442,32.839128246400755,3387.9197310286736,0.7612340919355072,0.0,0.0,1.0,inf,2579.0,inf,160.0,76.0,84.0,0.0,0.0,0.0,0.0,0.0,0.0
35.0,2653.0,7403.0,4750.0,2375.0,1.790425932906144,33.621567294611026,3551.2870834723753,0.7470530930453393,0.0,0.0,1.0,inf,2653.0,inf,168.0,74.0,94.0,0.0,0.0,0.0,0.0,0.0,0.0
36.0,2734.0,7622.0,4888.0,2444.0,1.7878566203365034,33.621567294611026,3551.2870834723753,0.7698617249852837,0.0,0.0,1.0,inf,2734.0,inf,172.0,81.0,91.0,0.0,0.0,0.0,0.0,0.0,0.0
37.0,2818.0,7850.0,5032.0,2516.0,1.7856635911994323,33.621567294611026,3551.2870834723753,0.793515121071152,0.0,0.0,1.0,inf,2818.0,inf,171.0,84.0,87.0,0.0,0.0,0.0,0.0,0.0,0.0
38.0,2900.0,8074.0,5174.0,2587.0,1.7841379310344827,33.621567294611026,3551.2870834723753,0.8166053410597376,0.0,0.0,1.0,inf,2900.0,inf,183.0,82.0,101.0,0.0,0.0,0.0,0.0,0.0,0.0
39.0,2981.0,8303.0,5322.0,2661.0,1.7853069439785307,33.99869948947365,3631.4032870098094,0.8208947793442771,0.0,0.0,1.0,inf,2981.0,inf,191.0,81.0,110.0,0.0,0.0,0.0,0.0,0.0,0.0
40.0,3052.0,8506.0,5454.0,2727.0,1.7870249017038007,34.46299402210158,3731.2631762924198,0.8179535604434712,0.0,0.0,1.0,inf,3052.0,inf,191.0,71.0,120.0,0.0,0.0,0.0,0.0,0.0,0.0
41.0,3125.0,8711.0,5586.0,2793.0,1.78752,34.46299402210158,3731.2631762924198,0.8375179804671846,0.0,0.0,1.0,inf,3125.0,inf,188.0,73.0,115.0,0.0,0.0,0.0,0.0,0.0,0.0
42.0,3204.0,8934.0,5730.0,2865.0,1.7883895131086143,34.50529362790488,3740.428243125559,0.8565864098284875,0.0,0.0,1.0,inf,3204.0,inf,201.0,79.0,122.0,0.0,0.0,0.0,0.0,0.0,0.0
43.0,3272.0,9122.0,5850.0,2925.0,1.7878973105134475,34.50529362790488,3740.428243125559,0.8747661463666702,0.0,0.0,1.0,inf,3272.0,inf,188.0,68.0,120.0,0.0,0.0,0.0,0.0,0.0,0.0
44.0,3358.0,9360.0,6002.0,3001.0,1.7873734365693865,35.348829068765056,3925.5447938280213,0.8554226677733114,0.0,0.0,1.0,inf,3358.0,inf,205.0,86.0,119.0,0.0,0.0,0.0,0.0,0.0,0.0
45.0,3430.0,9558.0,6128.0,3064.0,1.7865889212827988,35.348829068765056,3925.5447938280213,0.8737640710132395,0.0,0.0,1.0,inf,3430.0,inf,196.0,72.0,124.0,0.0,0.0,0.0,0.0,0.0,0.0
46.0,3487.0,9715.0,6228.0,3114.0,1.7860625179237166,35.348829068765056,3925.5447938280213,0.8882843485781826,0.0,0.0,1.0,inf,3487.0,inf,192.0,57.0,135.0,0.0,0.0,0.0,0.0,0.0,0.0
47.0,3558.0,9912.0,6354.0,3177.0,1.7858347386172007,35.52607494969141,3965.010375462733,0.8973494803490311,0.0,0.0,1.0,inf,3558.0,inf,208.0,71.0,137.0,0.0,0.0,0.0,0.0,0.0,0.0
48.0,3633.0,10119.0,6486.0,3243.0,1.7853014037985135,35.538257409791974,3967.7301728398165,0.9156368608099575,0.0,0.0,1.0,inf,3633.0,inf,201.0,75.0,126.0,0.0,0.0,0.0,0.0,0.0,0.0
49.0,3710.0,10334.0,6624.0,3312.0,1.78544474393531,35.91026778911316,4051.23242682208,0.9157707110155232,0.0,0.0,1.0,inf,3710.0,inf,194.0,77.0,117.0,0.0,0.0,0.0,0.0,0.0,0.0
50.0,3772.0,10514.0,6742.0,3371.0,1.7873806998939554,35.91026778911316,4051.23242682208,0.9310746959435455,0.0,0.0,1.0,inf,3772.0,inf,199.0,62.0,137.0,0.0,0.0,0.0,0.0,0.0,0.0
51.0,3850.0,10726.0,6876.0,3438.0,1.785974025974026,36.41832965139747,4166.67779470745,0.9239975322522667,0.0,0.0,1.0,inf,3850.0,inf,204.0,78.0,126.0,0.0,0.0,0.0,0.0,0.0,0.0
52.0,3907.0,10875.0,6968.0,3484.0,1.783465574609675,36.41832965139747,4166.67779470745,0.9376774957167807,0.0,0.0,1.0,inf,3907.0,inf,198.0,57.0,141.0,0.0,0.0,0.0,0.0,0.0,0.0
53.0,3974.0,11062.0,7088.0,3544.0,1.7835933568193256,36.57281183684491,4202.101862714237,0.9457171981626118,0.0,0.0,1.0,inf,3974.0,inf,209.0,67.0,142.0,0.0,0.0,0.0,0.0,0.0,0.0
54.0,4030.0,11222.0,7192.0,3596.0,1.7846153846153847,36.771076783003394,4247.785401804416,0.9487296599983833,0.0,0.0,1.0,inf,4030.0,inf,206.0,56.0,150.0,0.0,0.0,0.0,0.0,0.0,0.0
55.0,4097.0,11419.0,7322.0,3661.0,1.7871613375640714,36.771076783003394,4247.785401804416,0.9645025848668428,0.0,0.0,1.0,inf,4097.0,inf,204.0,67.0,137.0,0.0,0.0,0.0,0.0,0.0,0.0
56.0,4163.0,11605.0,7442.0,3721.0,1.7876531347585876,36.846282387802255,4265.178634815528,0.9760435274664768,0.0,0.0,1.0,inf,4163.0,inf,198.0,66.0,132.0,0.0,0.0,0.0,0.0,0.0,0.0
57.0,4224.0,11776.0,7552.0,3776.0,1.7878787878787878,37.14078160012152,4333.631212042985,0.9747022285287396,0.0,0.0,1.0,inf,4224.0,inf,207.0,61.0,146.0,0.0,0.0,0.0,0.0,0.0,0.0
58.0,4275.0,11923.0,7648.0,3824.0,1.7890058479532163,37.144200940704735,4334.429194344352,0.9862890379148662,0.0,0.0,1.0,inf,4275.0,inf,201.0,51.0,150.0,0.0,0.0,0.0,0.0,0.0,0.0
59.0,4336.0,12094.0,7758.0,3879.0,1.7892066420664208,37.144200940704735,4334.429194344352,1.0003624019646455,0.0,0.0,1.0,inf,4336.0,inf,208.0,61.0,147.0,0.0,0.0,0.0,0.0,0.0,0.0
60.0,4395.0,12263.0,7868.0,3934.0,1.7902161547212743,37.6461284893223,4452.362467360695,0.9871163976919655,0.0,0.0,1.0,inf,4395.0,inf,206.0,59.0,147.0,0.0,0.0,0.0,0.0,0.0,0.0
61.0,4458.0,12440.0,7982.0,3991.0,1.7904890085240017,37.6461284893223,4452.362467360695,1.0012661890581984,0.0,0.0,1.0,inf,4458.0,inf,207.0,63.0,144.0,0.0,0.0,0.0,0.0,0.0,0.0
62.0,4516.0,12606.0,8090.0,4045.0,1.79140832595217,37.6461284893223,4452.362467360695,1.014292981109651,0.0,0.0,1.0,inf,4516.0,inf,208.0,58.0,150.0,0.0,0.0,0.0,0.0,0.0,0.0
63.0,4574.0,12764.0,8190.0,4095.0,1.7905553126366418,37.727342918913465,4471.5934550001775,1.0229015777105834,0.0,0.0,1.0,inf,4574.0,inf,210.0,58.0,152.0,0.0,0.0,0.0,0.0,0.0,0.0
64.0,4634.0,12930.0,8296.0,4148.0,1.7902460077686664,37.727342918913465,4471.5934550001775,1.0363196132730308,0.0,0.0,1.0,inf,4634.0,inf,209.0,60.0,149.0,0.0,0.0,0.0,0.0,0.0,0.0
65.0,4693.0,13099.0,8406.0,4203.0,1.7911783507351375,37.727342918913465,4471.5934550001775,1.0495140149094375,0.0,0.0,1.0,inf,4693.0,inf,209.0,59.0,150.0,0.0,0.0,0.0,0.0,0.0,0.0
66.0,4747.0,13249.0,8502.0,4251.0,1.7910259111017486,37.727342918913465,4471.5934550001775,1.0615902469156404,0.0,0.0,1.0,inf,4747.0,inf,213.0,54.0,159.0,0.0,0.0,0.0,0.0,0.0,0.0
67.0,4810.0,13424.0,8614.0,4307.0,1.7908523908523908,38.0858426023928,4556.978811197552,1.0555238896833832,0.0,0.0,1.0,inf,4810.0,inf,210.0,63.0,147.0,0.0,0.0,0.0,0.0,0.0,0.0
68.0,4867.0,13583.0,8716.0,4358.0,1.7908362440928705,38.0858426023928,4556.978811197552,1.0680321769415855,0.0,0.0,1.0,inf,4867.0,inf,208.0,57.0,151.0,0.0,0.0,0.0,0.0,0.0,0.0
69.0,4915.0,13721.0,8806.0,4403.0,1.7916581892166836,38.0858426023928,4556.978811197552,1.0785654714748085,0.0,0.0,1.0,inf,4915.0,inf,213.0,48.0,165.0,0.0,0.0,0.0,0.0,0.0,0.0
70.0,4978.0,13896.0,8918.0,4459.0,1.7914825231016474,38.18592856823337,4580.960893486933,1.0866715773709321,0.0,0.0,1.0,inf,4978.0,inf,210.0,63.0,147.0,0.0,0.0,0.0,0.0,0.0,0.0
71.0,5037.0,14065.0,9028.0,4514.0,1.7923367083581496,38.524023408558044,4662.438849688179,1.0803358847991906,0.0,0.0,1.0,inf,5037.0,inf,209.0,59.0,150.0,0.0,0.0,0.0,0.0,0.0,0.0
72.0,5107.0,14267.0,9160.0,4580.0,1.7936166046602702,38.95902388580077,4768.326740747288,1.0710255982163748,0.0,0.0,1.0,inf,5107.0,inf,214.0,70.0,144.0,0.0,0.0,0.0,0.0,0.0,0.0
73.0,5158.0,14406.0,9248.0,4624.0,1.7929430011632415,38.95902388580077,4768.326740747288,1.0817211739964874,0.0,0.0,1.0,inf,5158.0,inf,200.0,51.0,149.0,0.0,0.0,0.0,0.0,0.0,0.0
74.0,5221.0,14585.0,9364.0,4682.0,1.7935261444167785,39.398434966826684,4876.495343719916,1.0706459520614013,0.0,0.0,1.0,inf,5221.0,inf,213.0,63.0,150.0,0.0,0.0,0.0,0.0,0.0,0.0
75.0,5283.0,14761.0,9478.0,4739.0,1.794056407344312,39.398434966826684,4876.495343719916,1.0833600009079456,0.0,0.0,1.0,inf,5283.0,inf,210.0,62.0,148.0,0.0,0.0,0.0,0.0,0.0,0.0
76.0,5352.0,14940.0,9588.0,4794.0,1.7914798206278026,39.398434966826684,4876.495343719916,1.0975095068823253,0.0,0.0,1.0,inf,5352.0,inf,211.0,69.0,142.0,0.0,0.0,0.0,0.0,0.0,0.0
77.0,5401.0,15081.0,9680.0,4840.0,1.7922606924643585,39.76394836412011,4967.397049651951,1.0872897708828066,0.0,0.0,1.0,inf,5401.0,inf,204.0,49.0,155.0,0.0,0.0,0.0,0.0,0.0,0.0
78.0,5461.0,15249.0,9788.0,4894.0,1.792345724226332,40.2628729435305,5092.83251331649,1.072291300709545,0.0,0.0,1.0,inf,5461.0,inf,214.0,60.0,154.0,0.0,0.0,0.0,0.0,0.0,0.0
79.0,5526.0,15432.0,9906.0,4953.0,1.792616720955483,40.2628729435305,5092.83251331649,1.085054335784828,0.0,0.0,1.0,inf,5526.0,inf,207.0,65.0,142.0,0.0,0.0,0.0,0.0,0.0,0.0
80.0,5585.0,15589.0,10004.0,5002.0,1.7912264995523723,40.2628729435305,5092.83251331649,1.0966392445454693,0.0,0.0,1.0,inf,5585.0,inf,210.0,59.0,151.0,0.0,0.0,0.0,0.0,0.0,0.0
81.0,5652.0,15778.0,10126.0,5063.0,1.791578202406228,40.2628729435305,5092.83251331649,1.1097949883922997,0.0,0.0,1.0,inf,5652.0,inf,211.0,67.0,144.0,0.0,0.0,0.0,0.0,0.0,0.0
82.0,5702.0,15924.0,10222.0,5111.0,1.7927043142756927,40.46047086699908,5142.943319812745,1.1087036440851947,0.0,0.0,1.0,inf,5702.0,inf,210.0,50.0,160.0,0.0,0.0,0.0,0.0,0.0,0.0
83.0,5763.0,16097.0,10334.0,5167.0,1.7931632830123199,40.46047086699908,5142.943319812745,1.120564556447383,0.0,0.0,1.0,inf,5763.0,inf,207.0,61.0,146.0,0.0,0.0,0.0,0.0,0.0,0.0
84.0,5834.0,16302.0,10468.0,5234.0,1.7943092218032224,41.31146517079584,5361.558747102417,1.0881163995737073,0.0,0.0,1.0,inf,5834.0,inf,210.0,71.0,139.0,0.0,0.0,0.0,0.0,0.0,0.0
85.0,5885.0,16445.0,10560.0,5280.0,1.794392523364486,41.31146517079584,5361.558747102417,1.0976285587060794,0.0,0.0,1.0,inf,5885.0,inf,206.0,51.0,155.0,0.0,0.0,0.0,0.0,0.0,0.0
86.0,5957.0,16647.0,10690.0,5345.0,1.7945274467013597,41.31146517079584,5361.558747102417,1.111057489245899,0.0,0.0,1.0,inf,5957.0,inf,209.0,72.0,137.0,0.0,0.0,0.0,0.0,0.0,0.0
87.0,6015.0,16807.0,10792.0,5396.0,1.7941812136325852,41.31146517079584,5361.558747102417,1.1218752388474202,0.0,0.0,1.0,inf,6015.0,inf,207.0,58.0,149.0,0.0,0.0,0.0,0.0,0.0,0.0
88.0,6061.0,16935.0,10874.0,5437.0,1.7940933839300446,41.74162359697384,5473.79524211639,1.1072756162608255,0.0,0.0,1.0,inf,6061.0,inf,212.0,46.0,166.0,0.0,0.0,0.0,0.0,0.0,0.0
89.0,6112.0,17078.0,10966.0,5483.0,1.7941753926701571,41.74162359697384,5473.79524211639,1.1165927349589448,0.0,0.0,1.0,inf,6112.0,inf,209.0,51.0,158.0,0.0,0.0,0.0,0.0,0.0,0.0
90.0,6170.0,17242.0,11072.0,5536.0,1.794489465153971,41.74162359697384,5473.79524211639,1.1271886738705317,0.0,0.0,1.0,inf,6170.0,inf,200.0,58.0,142.0,0.0,0.0,0.0,0.0,0.0,0.0
91.0,6231.0,17417.0,11186.0,5593.0,1.7952174610816882,42.069257637710635,5560.061169970031,1.1206711238454927,0.0,0.0,1.0,inf,6231.0,inf,212.0,61.0,151.0,0.0,0.0,0.0,0.0,0.0,0.0
92.0,6285.0,17573.0,11288.0,5644.0,1.7960222752585522,42.069257637710635,5560.061169970031,1.1303832472105475,0.0,0.0,1.0,inf,6285.0,inf,210.0,54.0,156.0,0.0,0.0,0.0,0.0,0.0,0.0
93.0,6351.0,17759.0,11408.0,5704.0,1.7962525586521807,42.79062226870912,5752.373500225225,1.1040659998436013,0.0,0.0,1.0,inf,6351.0,inf,214.0,66.0,148.0,0.0,0.0,0.0,0.0,0.0,0.0
94.0,6406.0,17910.0,11504.0,5752.0,1.7958164221042772,42.79062226870912,5752.373500225225,1.1136272705082837,0.0,0.0,1.0,inf,6406.0,inf,202.0,55.0,147.0,0.0,0.0,0.0,0.0,0.0,0.0
95.0,6475.0,18111.0,11636.0,5818.0,1.797065637065637,43.10775601932818,5837.954489258192,1.1091213561040891,0.0,0.0,1.0,inf,6475.0,inf,210.0,69.0,141.0,0.0,0.0,0.0,0.0,0.0,0.0
96.0,6540.0,18302.0,11762.0,5881.0,1.7984709480122325,43.10775601932818,5837.954489258192,1.1202553928835124,0.0,0.0,1.0,inf,6540.0,inf,200.0,65.0,135.0,0.0,0.0,0.0,0.0,0.0,0.0
97.0,6609.0,18495.0,11886.0,5943.0,1.7984566500226964,43.10775601932818,5837.954489258192,1.132074601157054,0.0,0.0,1.0,inf,6609.0,inf,208.0,69.0,139.0,0.0,0.0,0.0,0.0,0.0,0.0
98.0,6672.0,18672.0,12000.0,6000.0,1.7985611510791366,43.817975597262524,6031.904973047825,1.1061182213268101,0.0,0.0,1.0,inf,6672.0,inf,199.0,63.0,136.0,0.0,0.0,0.0,0.0,0.0,0.0
99.0,6741.0,18873.0,12132.0,6066.0,1.7997329773030708,43.817975597262524,6031.904973047825,1.1175573935797403,0.0,0.0,1.0,inf,6741.0,inf,208.0,69.0,139.0,0.0,0.0,0.0,0.0,0.0,0.0
100.0,6791.0,19015.0,12224.0,6112.0,1.8000294507436312,43.817975597262524,6031.904973047825,1.1258466488354868,0.0,0.0,1.0,inf,6791.0,inf,212.0,50.0,162.0,0.0,0.0,0.0,0.0,0.0,0.0
101.0,6854.0,19194.0,12340.0,6170.0,1.800408520571929,44.32361098018924,6171.917918970355,1.110513796519095,0.0,0.0,1.0,inf,6854.0,inf,213.0,63.0,150.0,0.0,0.0,0.0,0.0,0.0,0.0
102.0,6911.0,19359.0,12448.0,6224.0,1.8011865142526406,44.32361098018924,6171.917918970355,1.119749175334617,0.0,0.0,1.0,inf,6911.0,inf,205.0,57.0,148.0,0.0,0.0,0.0,0.0,0.0,0.0
103.0,6971.0,19531.0,12560.0,6280.0,1.8017501075885813,44.32361098018924,6171.917918970355,1.129470626719377,0.0,0.0,1.0,inf,6971.0,inf,206.0,60.0,146.0,0.0,0.0,0.0,0.0,0.0,0.0
104.0,7031.0,19701.0,12670.0,6335.0,1.8020196273645286,44.32361098018924,6171.917918970355,1.1391920781041371,0.0,0.0,1.0,inf,7031.0,inf,207.0,60.0,147.0,0.0,0.0,0.0,0.0,0.0,0.0
105.0,7085.0,19855.0,12770.0,6385.0,1.8023994354269584,44.32361098018924,6171.917918970355,1.1479413843504214,0.0,0.0,1.0,inf,7085.0,inf,205.0,54.0,151.0,0.0,0.0,0.0,0.0,0.0,0.0
106.0,7145.0,20019.0,12874.0,6437.0,1.8018194541637509,44.41006749772905,6196.01897634458,1.1531597994258054,0.0,0.0,1.0,inf,7145.0,inf,212.0,60.0,152.0,0.0,0.0,0.0,0.0,0.0,0.0
107.0,7210.0,20208.0,12998.0,6499.0,1.8027739251040222,44.77771807428514,6299.031613433643,1.1446203865088689,0.0,0.0,1.0,inf,7210.0,inf,208.0,65.0,143.0,0.0,0.0,0.0,0.0,0.0,0.0
108.0,7274.0,20390.0,13116.0,6558.0,1.8031344514709926,44.77771807428514,6299.031613433643,1.154780678427949,0.0,0.0,1.0,inf,7274.0,inf,210.0,64.0,146.0,0.0,0.0,0.0,0.0,0.0,0.0
109.0,7328.0,20544.0,13216.0,6608.0,1.8034934497816595,44.77771807428514,6299.031613433643,1.1633534247346728,0.0,0.0,1.0,inf,7328.0,inf,202.0,54.0,148.0,0.0,0.0,0.0,0.0,0.0,0.0
110.0,7382.0,20692.0,13310.0,6655.0,1.8030344080195069,44.77771807428514,6299.031613433643,1.1719261710413966,0.0,0.0,1.0,inf,7382.0,inf,207.0,54.0,153.0,0.0,0.0,0.0,0.0,0.0,0.0
111.0,7449.0,20879.0,13430.0,6715.0,1.802926567324473,44.77771807428514,6299.031613433643,1.1825627266441836,0.0,0.0,1.0,inf,7449.0,inf,205.0,67.0,138.0,0.0,0.0,0.0,0.0,0.0,0.0
112.0,7499.0,21023.0,13524.0,6762.0,1.8034404587278303,44.77771807428514,6299.031613433643,1.190500454705965,0.0,0.0,1.0,inf,7499.0,inf,208.0,50.0,158.0,0.0,0.0,0.0,0.0,0.0,0.0
113.0,7551.0,21171.0,13620.0,6810.0,1.8037346046881209,44.77771807428514,6299.031613433643,1.1987556918902176,0.0,0.0,1.0,inf,7551.0,inf,208.0,52.0,156.0,0.0,0.0,0.0,0.0,0.0,0.0
114.0,7607.0,21325.0,13718.0,6859.0,1.803339029840936,45.59797946620342,6531.923203289395,1.16458809499922,0.0,0.0,1.0,inf,7607.0,inf,211.0,56.0,155.0,0.0,0.0,0.0,0.0,0.0,0.0
115.0,7669.0,21503.0,13834.0,6917.0,1.8038857738949015,45.59797946620342,6531.923203289395,1.1740799396015538,0.0,0.0,1.0,inf,7669.0,inf,214.0,62.0,152.0,0.0,0.0,0.0,0.0,0.0,0.0
116.0,7723.0,21661.0,13938.0,6969.0,1.804739091026803,45.59797946620342,6531.923203289395,1.1823470300616508,0.0,0.0,1.0,inf,7723.0,inf,209.0,54.0,155.0,0.0,0.0,0.0,0.0,0.0,0.0
117.0,7784.0,21836.0,14052.0,7026.0,1.8052415210688593,45.59797946620342,6531.923203289395,1.1916857803962047,0.0,0.0,1.0,inf,7784.0,inf,212.0,61.0,151.0,0.0,0.0,0.0,0.0,0.0,0.0
118.0,7846.0,22010.0,14164.0,7082.0,1.8052510833545756,46.03166294309458,6656.764634960837,1.178650655424016,0.0,0.0,1.0,inf,7846.0,inf,209.0,62.0,147.0,0.0,0.0,0.0,0.0,0.0,0.0
119.0,7887.0,22125.0,14238.0,7119.0,1.8052491441612781,46.03166294309458,6656.764634960837,1.1848098036361474,0.0,0.0,1.0,inf,7887.0,inf,211.0,41.0,170.0,0.0,0.0,0.0,0.0,0.0,0.0
120.0,7949.0,22299.0,14350.0,7175.0,1.8052585230846647,46.03166294309458,6656.764634960837,1.1941236375179074,0.0,0.0,1.0,inf,7949.0,inf,215.0,62.0,153.0,0.0,0.0,0.0,0.0,0.0,0.0
121.0,8006.0,22462.0,14456.0,7228.0,1.8056457656757432,46.03166294309458,6656.764634960837,1.2026863557640417,0.0,0.0,1.0,inf,8006.0,inf,211.0,57.0,154.0,0.0,0.0,0.0,0.0,0.0,0.0
122.0,8062.0,22624.0,14562.0,7281.0,1.8062515504837509,46.03166294309458,6656.764634960837,1.2110988508830507,0.0,0.0,1.0,inf,8062.0,inf,213.0,56.0,157.0,0.0,0.0,0.0,0.0,0.0,0.0
123.0,8116.0,22780.0,14664.0,7332.0,1.806801379990143,46.26872085462857,6725.504366796374,1.2067496439476664,0.0,0.0,1.0,inf,8116.0,inf,212.0,54.0,158.0,0.0,0.0,0.0,0.0,0.0,0.0
124.0,8179.0,22961.0,14782.0,7391.0,1.8073114072625016,46.26872085462857,6725.504366796374,1.2161169711493303,0.0,0.0,1.0,inf,8179.0,inf,215.0,63.0,152.0,0.0,0.0,0.0,0.0,0.0,0.0
125.0,8238.0,23130.0,14892.0,7446.0,1.8077203204661325,46.889698669998516,6907.243339887262,1.1926610363396375,0.0,0.0,1.0,inf,8238.0,inf,209.0,59.0,150.0,0.0,0.0,0.0,0.0,0.0,0.0
126.0,8294.0,23284.0,14990.0,7495.0,1.8073306004340488,46.889698669998516,6907.243339887262,1.2007684675165031,0.0,0.0,1.0,inf,8294.0,inf,207.0,56.0,151.0,0.0,0.0,0.0,0.0,0.0,0.0
127.0,8351.0,23443.0,15092.0,7546.0,1.80720871751886,46.889698669998516,6907.243339887262,1.2090206742500986,0.0,0.0,1.0,inf,8351.0,inf,212.0,57.0,155.0,0.0,0.0,0.0,0.0,0.0,0.0
128.0,8405.0,23599.0,15194.0,7597.0,1.807733491969066,47.06364848454698,6958.5869142565,1.2078601738493977,0.0,0.0,1.0,inf,8405.0,inf,210.0,54.0,156.0,0.0,0.0,0.0,0.0,0.0,0.0
129.0,8455.0,23739.0,15284.0,7642.0,1.8076877587226494,47.06364848454698,6958.5869142565,1.2150455407372585,0.0,0.0,1.0,inf,8455.0,inf,209.0,50.0,159.0,0.0,0.0,0.0,0.0,0.0,0.0
130.0,8512.0,23902.0,15390.0,7695.0,1.8080357142857142,47.148676757822365,6983.753306141645,1.2188288484523624,0.0,0.0,1.0,inf,8512.0,inf,206.0,57.0,149.0,0.0,0.0,0.0,0.0,0.0,0.0
131.0,8577.0,24085.0,15508.0,7754.0,1.808091407251953,47.148676757822365,6983.753306141645,1.2281361646118318,0.0,0.0,1.0,inf,8577.0,inf,212.0,65.0,147.0,0.0,0.0,0.0,0.0,0.0,0.0
132.0,8626.0,24228.0,15602.0,7801.0,1.808717829816833,47.148676757822365,6983.753306141645,1.235152449101278,0.0,0.0,1.0,inf,8626.0,inf,212.0,49.0,163.0,0.0,0.0,0.0,0.0,0.0,0.0
133.0,8687.0,24403.0,15716.0,7858.0,1.809140094393922,47.148676757822365,6983.753306141645,1.2438870073432415,0.0,0.0,1.0,inf,8687.0,inf,214.0,61.0,153.0,0.0,0.0,0.0,0.0,0.0,0.0
134.0,8730.0,24524.0,15794.0,7897.0,1.809163802978236,47.148676757822365,6983.753306141645,1.250044154956429,0.0,0.0,1.0,inf,8730.0,inf,209.0,43.0,166.0,0.0,0.0,0.0,0.0,0.0,0.0
135.0,8782.0,24672.0,15890.0,7945.0,1.8093828285128672,47.26076686231948,7016.99878440111,1.251532210540283,0.0,0.0,1.0,inf,8782.0,inf,213.0,52.0,161.0,0.0,0.0,0.0,0.0,0.0,0.0
136.0,8831.0,24809.0,15978.0,7989.0,1.809308119125807,47.95800118410799,7225.568470867132,1.2221875739750898,0.0,0.0,1.0,inf,8831.0,inf,209.0,49.0,160.0,0.0,0.0,0.0,0.0,0.0,0.0
137.0,8895.0,24991.0,16096.0,8048.0,1.8095559302979203,47.95800118410799,7225.568470867132,1.2310450085503821,0.0,0.0,1.0,inf,8895.0,inf,212.0,64.0,148.0,0.0,0.0,0.0,0.0,0.0,0.0
138.0,8939.0,25121.0,16182.0,8091.0,1.8102696051012417,47.95800118410799,7225.568470867132,1.2371344948208955,0.0,0.0,1.0,inf,8939.0,inf,211.0,44.0,167.0,0.0,0.0,0.0,0.0,0.0,0.0
139.0,8990.0,25262.0,16272.0,8136.0,1.8100111234705227,47.95800118410799,7225.568470867132,1.2441927629980816,0.0,0.0,1.0,inf,8990.0,inf,215.0,51.0,164.0,0.0,0.0,0.0,0.0,0.0,0.0
140.0,9044.0,25416.0,16372.0,8186.0,1.8102609464838566,47.95800118410799,7225.568470867132,1.2516662234209843,0.0,0.0,1.0,inf,9044.0,inf,214.0,54.0,160.0,0.0,0.0,0.0,0.0,0.0,0.0
141.0,9096.0,25564.0,16468.0,8234.0,1.8104661389621812,47.95800118410799,7225.568470867132,1.2588628890134093,0.0,0.0,1.0,inf,9096.0,inf,212.0,52.0,160.0,0.0,0.0,0.0,0.0,0.0,0.0
142.0,9148.0,25712.0,16564.0,8282.0,1.8106689986882378,47.95800118410799,7225.568470867132,1.2660595546058342,0.0,0.0,1.0,inf,9148.0,inf,210.0,52.0,158.0,0.0,0.0,0.0,0.0,0.0,0.0
143.0,9202.0,25866.0,16664.0,8332.0,1.810910671593132,47.95800118410799,7225.568470867132,1.273533015028737,0.0,0.0,1.0,inf,9202.0,inf,215.0,54.0,161.0,0.0,0.0,0.0,0.0,0.0,0.0
144.0,9256.0,26024.0,16768.0,8384.0,1.811581676750216,47.95800118410799,7225.568470867132,1.28100647545164,0.0,0.0,1.0,inf,9256.0,inf,216.0,54.0,162.0,0.0,0.0,0.0,0.0,0.0,0.0
145.0,9313.0,26187.0,16874.0,8437.0,1.8118758724363793,47.95800118410799,7225.568470867132,1.2888951281202594,0.0,0.0,1.0,inf,9313.0,inf,210.0,57.0,153.0,0.0,0.0,0.0,0.0,0.0,0.0
146.0,9375.0,26363.0,16988.0,8494.0,1.8120533333333333,47.95800118410799,7225.568470867132,1.297475767865074,0.0,0.0,1.0,inf,9375.0,inf,215.0,62.0,153.0,0.0,0.0,0.0,0.0,0.0,0.0
147.0,9416.0,26478.0,17062.0,8531.0,1.8120220900594732,47.95800118410799,7225.568470867132,1.3031500618898704,0.0,0.0,1.0,inf,9416.0,inf,217.0,41.0,176.0,0.0,0.0,0.0,0.0,0.0,0.0
148.0,9465.0,26611.0,17146.0,8573.0,1.8115161119915477,47.95800118410799,7225.568470867132,1.3099315352365786,0.0,0.0,1.0,inf,9465.0,inf,216.0,49.0,167.0,0.0,0.0,0.0,0.0,0.0,0.0
149.0,9509.0,26737.0,17228.0,8614.0,1.8117572825744033,47.95800118410799,7225.568470867132,1.316021021507092,0.0,0.0,1.0,inf,9509.0,inf,217.0,44.0,173.0,0.0,0.0,0.0,0.0,0.0,0.0
150.0,9569.0,26907.0,17338.0,8669.0,1.8118925697565054,48.47051664200774,7380.829454309256,1.2964667533962857,0.0,0.0,1.0,inf,9569.0,inf,218.0,60.0,158.0,0.0,0.0,0.0,0.0,0.0,0.0
151.0,9621.0,27055.0,17434.0,8717.0,1.8120777465959879,49.16298809286375,7593.227553175958,1.2670501354823618,0.0,0.0,1.0,inf,9621.0,inf,213.0,52.0,161.0,0.0,0.0,0.0,0.0,0.0,0.0
152.0,9670.0,27192.0,17522.0,8761.0,1.8119958634953464,49.16298809286375,7593.227553175958,1.2735032543513605,0.0,0.0,1.0,inf,9670.0,inf,211.0,49.0,162.0,0.0,0.0,0.0,0.0,0.0,0.0
153.0,9713.0,27307.0,17594.0,8797.0,1.8113868011942758,49.16298809286375,7593.227553175958,1.2791661953996654,0.0,0.0,1.0,inf,9713.0,inf,214.0,43.0,171.0,0.0,0.0,0.0,0.0,0.0,0.0
154.0,9763.0,27447.0,17684.0,8842.0,1.8113284850967941,49.16298809286375,7593.227553175958,1.2857510105721128,0.0,0.0,1.0,inf,9763.0,inf,214.0,50.0,164.0,0.0,0.0,0.0,0.0,0.0,0.0
155.0,9830.0,27646.0,17816.0,8908.0,1.812410986775178,49.16298809286375,7593.227553175958,1.2945746629031927,0.0,0.0,1.0,inf,9830.0,inf,217.0,67.0,150.0,0.0,0.0,0.0,0.0,0.0,0.0
156.0,9891.0,27817.0,17926.0,8963.0,1.8123546658578507,49.16298809286375,7593.227553175958,1.3026081374135787,0.0,0.0,1.0,inf,9891.0,inf,209.0,61.0,148.0,0.0,0.0,0.0,0.0,0.0,0.0
157.0,9936.0,27946.0,18010.0,9005.0,1.8126006441223832,49.16298809286375,7593.227553175958,1.3085344710687814,0.0,0.0,1.0,inf,9936.0,inf,210.0,45.0,165.0,0.0,0.0,0.0,0.0,0.0,0.0
158.0,9986.0,28086.0,18100.0,9050.0,1.812537552573603,49.29592011743278,7634.345792267325,1.3080361136005416,0.0,0.0,1.0,inf,9986.0,inf,217.0,50.0,167.0,0.0,0.0,0.0,0.0,0.0,0.0
159.0,10035.0,28227.0,18192.0,9096.0,1.8128550074738417,49.29592011743278,7634.345792267325,1.3144544762649144,0.0,0.0,1.0,inf,10035.0,inf,209.0,49.0,160.0,0.0,0.0,0.0,0.0,0.0,0.0
160.0,10083.0,28367.0,18284.0,9142.0,1.8133492016265,49.29592011743278,7634.345792267325,1.3207418519361367,0.0,0.0,1.0,inf,10083.0,inf,214.0,48.0,166.0,0.0,0.0,0.0,0.0,0.0,0.0
161.0,10143.0,28533.0,18390.0,9195.0,1.8130730553090801,49.74021035145284,7772.578337005369,1.3049723734155263,0.0,0.0,1.0,inf,10143.0,inf,214.0,60.0,154.0,0.0,0.0,0.0,0.0,0.0,0.0
162.0,10190.0,28670.0,18480.0,9240.0,1.8135426889106967,49.74021035145284,7772.578337005369,1.3110192729078392,0.0,0.0,1.0,inf,10190.0,inf,209.0,47.0,162.0,0.0,0.0,0.0,0.0,0.0,0.0
163.0,10234.0,28800.0,18566.0,9283.0,1.8141489153801056,49.74021035145284,7772.578337005369,1.316680200092132,0.0,0.0,1.0,inf,10234.0,inf,209.0,44.0,165.0,0.0,0.0,0.0,0.0,0.0,0.0
164.0,10277.0,28927.0,18650.0,9325.0,1.8147319256592391,50.131196205117114,7895.252211880327,1.301668360199533,0.0,0.0,1.0,inf,10277.0,inf,212.0,43.0,169.0,0.0,0.0,0.0,0.0,0.0,0.0
165.0,10336.0,29098.0,18762.0,9381.0,1.8152089783281733,50.131196205117114,7895.252211880327,1.30914120570423,0.0,0.0,1.0,inf,10336.0,inf,216.0,59.0,157.0,0.0,0.0,0.0,0.0,0.0,0.0
166.0,10394.0,29260.0,18866.0,9433.0,1.8150856263228785,50.131196205117114,7895.252211880327,1.3164873928105425,0.0,0.0,1.0,inf,10394.0,inf,214.0,58.0,156.0,0.0,0.0,0.0,0.0,0.0,0.0
167.0,10442.0,29394.0,18952.0,9476.0,1.8149779735682818,50.131196205117114,7895.252211880327,1.3225669959330077,0.0,0.0,1.0,inf,10442.0,inf,216.0,48.0,168.0,0.0,0.0,0.0,0.0,0.0,0.0
168.0,10491.0,29539.0,19048.0,9524.0,1.8156515108187972,50.311017100488435,7951.994429177538,1.3192916687046858,0.0,0.0,1.0,inf,10491.0,inf,213.0,49.0,164.0,0.0,0.0,0.0,0.0,0.0,0.0
169.0,10543.0,29689.0,19146.0,9573.0,1.815991653229631,50.311017100488435,7951.994429177538,1.3258309086982654,0.0,0.0,1.0,inf,10543.0,inf,216.0,52.0,164.0,0.0,0.0,0.0,0.0,0.0,0.0
170.0,10596.0,29838.0,19242.0,9621.0,1.8159682899207248,50.47813061609357,8004.908993069023,1.3236877532492186,0.0,0.0,1.0,inf,10596.0,inf,218.0,53.0,165.0,0.0,0.0,0.0,0.0,0.0,0.0
171.0,10661.0,30027.0,19366.0,9683.0,1.8165275302504456,50.47813061609357,8004.908993069023,1.3318077706106002,0.0,0.0,1.0,inf,10661.0,inf,215.0,65.0,150.0,0.0,0.0,0.0,0.0,0.0,0.0
172.0,10714.0,30178.0,19464.0,9732.0,1.8166884450252008,50.47813061609357,8004.908993069023,1.3384287078437267,0.0,0.0,1.0,inf,10714.0,inf,216.0,53.0,163.0,0.0,0.0,0.0,0.0,0.0,0.0
173.0,10759.0,30305.0,19546.0,9773.0,1.8167115902964959,50.47813061609357,8004.908993069023,1.3440502583246832,0.0,0.0,1.0,inf,10759.0,inf,213.0,45.0,168.0,0.0,0.0,0.0,0.0,0.0,0.0
174.0,10805.0,30441.0,19636.0,9818.0,1.8173068024062933,50.47813061609357,8004.908993069023,1.349796732149661,0.0,0.0,1.0,inf,10805.0,inf,217.0,46.0,171.0,0.0,0.0,0.0,0.0,0.0,0.0
175.0,10856.0,30588.0,19732.0,9866.0,1.8176123802505526,50.47813061609357,8004.908993069023,1.356167822694745,0.0,0.0,1.0,inf,10856.0,inf,217.0,51.0,166.0,0.0,0.0,0.0,0.0,0.0,0.0
176.0,10897.0,30707.0,19810.0,9905.0,1.8179315407910435,51.269410780751734,8257.841166415259,1.3195942838327082,0.0,0.0,1.0,inf,10897.0,inf,219.0,41.0,178.0,0.0,0.0,0.0,0.0,0.0,0.0
177.0,10951.0,30855.0,19904.0,9952.0,1.8175509085928225,51.269410780751734,8257.841166415259,1.3261335231946396,0.0,0.0,1.0,inf,10951.0,inf,215.0,54.0,161.0,0.0,0.0,0.0,0.0,0.0,0.0
178.0,11011.0,31031.0,20020.0,10010.0,1.8181818181818181,51.269410780751734,8257.841166415259,1.3333993447078967,0.0,0.0,1.0,inf,11011.0,inf,216.0,60.0,156.0,0.0,0.0,0.0,0.0,0.0,0.0
179.0,11064.0,31186.0,20122.0,10061.0,1.8186912509038322,51.269410780751734,8257.841166415259,1.3398174870446071,0.0,0.0,1.0,inf,11064.0,inf,214.0,53.0,161.0,0.0,0.0,0.0,0.0,0.0,0.0
180.0,11110.0,31312.0,20202.0,10101.0,1.8183618361836185,51.269410780751734,8257.841166415259,1.345387950204771,0.0,0.0,1.0,inf,11110.0,inf,211.0,46.0,165.0,0.0,0.0,0.0,0.0,0.0,0.0
181.0,11175.0,31495.0,20320.0,10160.0,1.81834451901566,51.269410780751734,8257.841166415259,1.3532592568441328,0.0,0.0,1.0,inf,11175.0,inf,215.0,65.0,150.0,0.0,0.0,0.0,0.0,0.0,0.0
182.0,11230.0,31654.0,20424.0,10212.0,1.818699910952805,51.88418248184526,8457.068123404399,1.3278833558076337,0.0,0.0,1.0,inf,11230.0,inf,214.0,55.0,159.0,0.0,0.0,0.0,0.0,0.0,0.0
183.0,11271.0,31773.0,20502.0,10251.0,1.8190045248868778,51.88418248184526,8457.068123404399,1.332731371621357,0.0,0.0,1.0,inf,11271.0,inf,213.0,41.0,172.0,0.0,0.0,0.0,0.0,0.0,0.0
184.0,11323.0,31925.0,20602.0,10301.0,1.8194824693102534,51.88418248184526,8457.068123404399,1.3388800746046159,0.0,0.0,1.0,inf,11323.0,inf,214.0,52.0,162.0,0.0,0.0,0.0,0.0,0.0,0.0
185.0,11387.0,32111.0,20724.0,10362.0,1.8199701413893037,51.88418248184526,8457.068123404399,1.3464477090455498,0.0,0.0,1.0,inf,11387.0,inf,215.0,64.0,151.0,0.0,0.0,0.0,0.0,0.0,0.0
186.0,11444.0,32264.0,20820.0,10410.0,1.8192939531632297,51.88418248184526,8457.068123404399,1.3531876334695068,0.0,0.0,1.0,inf,11444.0,inf,208.0,57.0,151.0,0.0,0.0,0.0,0.0,0.0,0.0
187.0,11493.0,32401.0,20908.0,10454.0,1.8191942921778474,51.88418248184526,8457.068123404399,1.3589816035883469,0.0,0.0,1.0,inf,11493.0,inf,215.0,49.0,166.0,0.0,0.0,0.0,0.0,0.0,0.0
188.0,11554.0,32576.0,21022.0,10511.0,1.8194564652934049,52.1718200365867,8551.097292524486,1.351171622161369,0.0,0.0,1.0,inf,11554.0,inf,215.0,61.0,154.0,0.0,0.0,0.0,0.0,0.0,0.0
189.0,11601.0,32705.0,21104.0,10552.0,1.8191535212481682,52.1718200365867,8551.097292524486,1.35666799278986,0.0,0.0,1.0,inf,11601.0,inf,212.0,47.0,165.0,0.0,0.0,0.0,0.0,0.0,0.0
190.0,11651.0,32851.0,21200.0,10600.0,1.8195863016050124,52.2215875376139,8567.419119914042,1.3599194619670825,0.0,0.0,1.0,inf,11651.0,inf,215.0,50.0,165.0,0.0,0.0,0.0,0.0,0.0,0.0
191.0,11702.0,32996.0,21294.0,10647.0,1.8196889420611861,52.2215875376139,8567.419119914042,1.3658722464971933,0.0,0.0,1.0,inf,11702.0,inf,211.0,51.0,160.0,0.0,0.0,0.0,0.0,0.0,0.0
192.0,11755.0,33149.0,21394.0,10697.0,1.8199914929817098,53.01776018130466,8830.649051909568,1.331159230867414,0.0,0.0,1.0,inf,11755.0,inf,217.0,53.0,164.0,0.0,0.0,0.0,0.0,0.0,0.0
193.0,11820.0,33332.0,21512.0,10756.0,1.8199661590524534,53.01776018130466,8830.649051909568,1.338519958218021,0.0,0.0,1.0,inf,11820.0,inf,216.0,65.0,151.0,0.0,0.0,0.0,0.0,0.0,0.0
194.0,11884.0,33520.0,21636.0,10818.0,1.8205991248737798,53.01776018130466,8830.649051909568,1.3457674436093874,0.0,0.0,1.0,inf,11884.0,inf,215.0,64.0,151.0,0.0,0.0,0.0,0.0,0.0,0.0
195.0,11941.0,33687.0,21746.0,10873.0,1.8211205091700862,53.324791809008026,8933.223707139923,1.3366955078552547,0.0,0.0,1.0,inf,11941.0,inf,214.0,57.0,157.0,0.0,0.0,0.0,0.0,0.0,0.0
196.0,12000.0,33858.0,21858.0,10929.0,1.8215,53.324791809008026,8933.223707139923,1.3433000665156232,0.0,0.0,1.0,inf,12000.0,inf,217.0,59.0,158.0,0.0,0.0,0.0,0.0,0.0,0.0
197.0,12054.0,34014.0,21960.0,10980.0,1.8218018914883027,53.324791809008026,8933.223707139923,1.3493449168149434,0.0,0.0,1.0,inf,12054.0,inf,213.0,54.0,159.0,0.0,0.0,0.0,0.0,0.0,0.0
198.0,12122.0,34204.0,22082.0,11041.0,1.821646592971457,53.324791809008026,8933.223707139923,1.3569569505251986,0.0,0.0,1.0,inf,12122.0,inf,214.0,68.0,146.0,0.0,0.0,0.0,0.0,0.0,0.0
199.0,12179.0,34359.0,22180.0,11090.0,1.821167583545447,53.324791809008026,8933.223707139923,1.3633376258411478,0.0,0.0,1.0,inf,12179.0,inf,214.0,57.0,157.0,0.0,0.0,0.0,0.0,0.0,0.0
200.0,12230.0,34506.0,22276.0,11138.0,1.8214227309893705,53.324791809008026,8933.223707139923,1.3690466511238393,0.0,0.0,1.0,inf,12230.0,inf,212.0,51.0,161.0,0.0,0.0,0.0,0.0,0.0,0.0
201.0,12290.0,34674.0,22384.0,11192.0,1.8213181448331976,53.324791809008026,8933.223707139923,1.3757631514564173,0.0,0.0,1.0,inf,12290.0,inf,218.0,60.0,158.0,0.0,0.0,0.0,0.0,0.0,0.0
202.0,12336.0,34806.0,22470.0,11235.0,1.8214980544747081,53.324791809008026,8933.223707139923,1.3809124683780605,0.0,0.0,1.0,inf,12336.0,inf,215.0,46.0,169.0,0.0,0.0,0.0,0.0,0.0,0.0
203.0,12404.0,35008.0,22604.0,11302.0,1.8223153821347953,53.324791809008026,8933.223707139923,1.3885245020883157,0.0,0.0,1.0,inf,12404.0,inf,217.0,68.0,149.0,0.0,0.0,0.0,0.0,0.0,0.0
204.0,12465.0,35181.0,22716.0,11358.0,1.8223826714801443,53.324791809008026,8933.223707139923,1.3953529440931034,0.0,0.0,1.0,inf,12465.0,inf,211.0,61.0,150.0,0.0,0.0,0.0,0.0,0.0,0.0
205.0,12516.0,35322.0,22806.0,11403.0,1.8221476510067114,53.324791809008026,8933.223707139923,1.4010619693757949,0.0,0.0,1.0,inf,12516.0,inf,216.0,51.0,165.0,0.0,0.0,0.0,0.0,0.0,0.0
206.0,12561.0,35445.0,22884.0,11442.0,1.8218294721757822,53.324791809008026,8933.223707139923,1.4060993446252286,0.0,0.0,1.0,inf,12561.0,inf,217.0,45.0,172.0,0.0,0.0,0.0,0.0,0.0,0.0
207.0,12610.0,35582.0,22972.0,11486.0,1.8217287866772403,53.890635677581564,9123.81531265716,1.3820972441766302,0.0,0.0,1.0,inf,12610.0,inf,215.0,49.0,166.0,0.0,0.0,0.0,0.0,0.0,0.0
208.0,12661.0,35723.0,23062.0,11531.0,1.821499091698918,53.890635677581564,9123.81531265716,1.3876870109849575,0.0,0.0,1.0,inf,12661.0,inf,212.0,51.0,161.0,0.0,0.0,0.0,0.0,0.0,0.0
209.0,12714.0,35870.0,23156.0,11578.0,1.8212993550416863,53.890635677581564,9123.81531265716,1.393495984334788,0.0,0.0,1.0,inf,12714.0,inf,212.0,53.0,159.0,0.0,0.0,0.0,0.0,0.0,0.0
210.0,12777.0,36049.0,23272.0,11636.0,1.821397824215387,53.890635677581564,9123.81531265716,1.4004009903921335,0.0,0.0,1.0,inf,12777.0,inf,214.0,63.0,151.0,0.0,0.0,0.0,0.0,0.0,0.0
211.0,12827.0,36191.0,23364.0,11682.0,1.8214703360099789,53.890635677581564,9123.81531265716,1.4058811539297094,0.0,0.0,1.0,inf,12827.0,inf,216.0,50.0,166.0,0.0,0.0,0.0,0.0,0.0,0.0
212.0,12883.0,36343.0,23460.0,11730.0,1.8210044244353023,53.890635677581564,9123.81531265716,1.4120189370917944,0.0,0.0,1.0,inf,12883.0,inf,214.0,56.0,158.0,0.0,0.0,0.0,0.0,0.0,0.0
213.0,12935.0,36489.0,23554.0,11777.0,1.8209509083880944,53.890635677581564,9123.81531265716,1.4177183071708732,0.0,0.0,1.0,inf,12935.0,inf,216.0,52.0,164.0,0.0,0.0,0.0,0.0,0.0,0.0
214.0,12982.0,36624.0,23642.0,11821.0,1.8211369588661224,53.890635677581564,9123.81531265716,1.4228696608961946,0.0,0.0,1.0,inf,12982.0,inf,217.0,47.0,170.0,0.0,0.0,0.0,0.0,0.0,0.0
215.0,13029.0,36761.0,23732.0,11866.0,1.8214751707728913,53.890635677581564,9123.81531265716,1.4280210146215158,0.0,0.0,1.0,inf,13029.0,inf,213.0,47.0,166.0,0.0,0.0,0.0,0.0,0.0,0.0
216.0,13079.0,36903.0,23824.0,11912.0,1.8215459897545685,53.890635677581564,9123.81531265716,1.4335011781590916,0.0,0.0,1.0,inf,13079.0,inf,212.0,50.0,162.0,0.0,0.0,0.0,0.0,0.0,0.0
217.0,13137.0,37067.0,23930.0,11965.0,1.8215726573799194,54.05853390104617,9180.75502638715,1.43092806226088,0.0,0.0,1.0,inf,13137.0,inf,217.0,58.0,159.0,0.0,0.0,0.0,0.0,0.0,0.0
218.0,13186.0,37208.0,24022.0,12011.0,1.8217806764750493,54.05853390104617,9180.75502638715,1.4362653139203747,0.0,0.0,1.0,inf,13186.0,inf,215.0,49.0,166.0,0.0,0.0,0.0,0.0,0.0,0.0
219.0,13247.0,37383.0,24136.0,12068.0,1.8219974333811428,54.05853390104617,9180.75502638715,1.4429096476189296,0.0,0.0,1.0,inf,13247.0,inf,214.0,61.0,153.0,0.0,0.0,0.0,0.0,0.0,0.0
220.0,13293.0,37511.0,24218.0,12109.0,1.8218611299180019,54.05853390104617,9180.75502638715,1.4479201287686594,0.0,0.0,1.0,inf,13293.0,inf,216.0,46.0,170.0,0.0,0.0,0.0,0.0,0.0,0.0
221.0,13343.0,37643.0,24300.0,12150.0,1.8211796447575508,54.40660944973124,9299.362917388147,1.4348294736460896,0.0,0.0,1.0,inf,13343.0,inf,216.0,50.0,166.0,0.0,0.0,0.0,0.0,0.0,0.0
222.0,13390.0,37776.0,24386.0,12193.0,1.821209858103062,54.40660944973124,9299.362917388147,1.439883583311185,0.0,0.0,1.0,inf,13390.0,inf,213.0,47.0,166.0,0.0,0.0,0.0,0.0,0.0,0.0
223.0,13446.0,37930.0,24484.0,12242.0,1.8209132827606722,54.40660944973124,9299.362917388147,1.445905501210022,0.0,0.0,1.0,inf,13446.0,inf,217.0,56.0,161.0,0.0,0.0,0.0,0.0,0.0,0.0
224.0,13487.0,38051.0,24564.0,12282.0,1.8213094090605768,54.40660944973124,9299.362917388147,1.450314405385956,0.0,0.0,1.0,inf,13487.0,inf,215.0,41.0,174.0,0.0,0.0,0.0,0.0,0.0,0.0
225.0,13532.0,38174.0,24642.0,12321.0,1.8210168489506355,54.40660944973124,9299.362917388147,1.4551534465546643,0.0,0.0,1.0,inf,13532.0,inf,215.0,45.0,170.0,0.0,0.0,0.0,0.0,0.0,0.0
226.0,13584.0,38320.0,24736.0,12368.0,1.8209658421672557,54.54319541023986,9346.113000844347,1.4534384506984661,0.0,0.0,1.0,inf,13584.0,inf,211.0,52.0,159.0,0.0,0.0,0.0,0.0,0.0,0.0
227.0,13631.0,38453.0,24822.0,12411.0,1.8209962585283546,54.54319541023986,9346.113000844347,1.4584672792602174,0.0,0.0,1.0,inf,13631.0,inf,218.0,47.0,171.0,0.0,0.0,0.0,0.0,0.0,0.0
228.0,13688.0,38616.0,24928.0,12464.0,1.8211572180011688,54.54319541023986,9346.113000844347,1.4645660713457453,0.0,0.0,1.0,inf,13688.0,inf,216.0,57.0,159.0,0.0,0.0,0.0,0.0,0.0,0.0
229.0,13739.0,38761.0,25022.0,12511.0,1.8212388092292016,54.54319541023986,9346.113000844347,1.4700228853170072,0.0,0.0,1.0,inf,13739.0,inf,215.0,51.0,164.0,0.0,0.0,0.0,0.0,0.0,0.0
230.0,13799.0,38931.0,25132.0,12566.0,1.8212913979273861,55.94602934311164,9833.053684839322,1.4033280446007739,0.0,0.0,1.0,inf,13799.0,inf,220.0,60.0,160.0,0.0,0.0,0.0,0.0,0.0,0.0
231.0,13859.0,39097.0,25238.0,12619.0,1.8210549101666786,55.94602934311164,9833.053684839322,1.4094299130460268,0.0,0.0,1.0,inf,13859.0,inf,215.0,60.0,155.0,0.0,0.0,0.0,0.0,0.0,0.0
232.0,13910.0,39242.0,25332.0,12666.0,1.821135873472322,55.94602934311164,9833.053684839322,1.414616501224492,0.0,0.0,1.0,inf,13910.0,inf,211.0,51.0,160.0,0.0,0.0,0.0,0.0,0.0,0.0
233.0,13955.0,39375.0,25420.0,12710.0,1.8215693299892513,55.94602934311164,9833.053684839322,1.4191929025584318,0.0,0.0,1.0,inf,13955.0,inf,211.0,45.0,166.0,0.0,0.0,0.0,0.0,0.0,0.0
234.0,14010.0,39536.0,25526.0,12763.0,1.8219842969307638,55.94602934311164,9833.053684839322,1.4247862819665804,0.0,0.0,1.0,inf,14010.0,inf,215.0,55.0,160.0,0.0,0.0,0.0,0.0,0.0,0.0
235.0,14063.0,39691.0,25628.0,12814.0,1.8223707601507502,55.94602934311164,9833.053684839322,1.430176265759887,0.0,0.0,1.0,inf,14063.0,inf,213.0,53.0,160.0,0.0,0.0,0.0,0.0,0.0,0.0
236.0,14129.0,39877.0,25748.0,12874.0,1.8223511925826315,55.94602934311164,9833.053684839322,1.4368883210496655,0.0,0.0,1.0,inf,14129.0,inf,212.0,66.0,146.0,0.0,0.0,0.0,0.0,0.0,0.0
237.0,14178.0,40022.0,25844.0,12922.0,1.8228240936662434,55.94602934311164,9833.053684839322,1.4418715136132887,0.0,0.0,1.0,inf,14178.0,inf,217.0,49.0,168.0,0.0,0.0,0.0,0.0,0.0,0.0
238.0,14228.0,40160.0,25932.0,12966.0,1.8226033174023053,55.94602934311164,9833.053684839322,1.446956403984333,0.0,0.0,1.0,inf,14228.0,inf,214.0,50.0,164.0,0.0,0.0,0.0,0.0,0.0,0.0
239.0,14285.0,40323.0,26038.0,13019.0,1.822751137556878,55.94602934311164,9833.053684839322,1.4527531790073234,0.0,0.0,1.0,inf,14285.0,inf,216.0,57.0,159.0,0.0,0.0,0.0,0.0,0.0,0.0
240.0,14340.0,40480.0,26140.0,13070.0,1.8228730822873083,55.94602934311164,9833.053684839322,1.458346558415472,0.0,0.0,1.0,inf,14340.0,inf,216.0,55.0,161.0,0.0,0.0,0.0,0.0,0.0,0.0
241.0,14398.0,40650.0,26252.0,13126.0,1.823308792887901,55.94602934311164,9833.053684839322,1.4642450312458832,0.0,0.0,1.0,inf,14398.0,inf,217.0,58.0,159.0,0.0,0.0,0.0,0.0,0.0,0.0
242.0,14465.0,40843.0,26378.0,13189.0,1.823574144486692,55.94602934311164,9833.053684839322,1.4710587843430825,0.0,0.0,1.0,inf,14465.0,inf,212.0,67.0,145.0,0.0,0.0,0.0,0.0,0.0,0.0
243.0,14513.0,40979.0,26466.0,13233.0,1.8236064218287054,55.94602934311164,9833.053684839322,1.4759402790992848,0.0,0.0,1.0,inf,14513.0,inf,215.0,48.0,167.0,0.0,0.0,0.0,0.0,0.0,0.0
244.0,14571.0,41149.0,26578.0,13289.0,1.824034040216869,55.94602934311164,9833.053684839322,1.481838751929696,0.0,0.0,1.0,inf,14571.0,inf,216.0,58.0,158.0,0.0,0.0,0.0,0.0,0.0,0.0
245.0,14629.0,41313.0,26684.0,13342.0,1.8240481235901291,56.02663493583696,9861.408515666119,1.4834594852003087,0.0,0.0,1.0,inf,14629.0,inf,213.0,58.0,155.0,0.0,0.0,0.0,0.0,0.0,0.0
246.0,14683.0,41469.0,26786.0,13393.0,1.824286589933937,56.02663493583696,9861.408515666119,1.4889353763890991,0.0,0.0,1.0,inf,14683.0,inf,213.0,54.0,159.0,0.0,0.0,0.0,0.0,0.0,0.0
247.0,14728.0,41598.0,26870.0,13435.0,1.8244160782183596,56.02663493583696,9861.408515666119,1.4934986190464246,0.0,0.0,1.0,inf,14728.0,inf,218.0,45.0,173.0,0.0,0.0,0.0,0.0,0.0,0.0
248.0,14777.0,41729.0,26952.0,13476.0,1.8239155444271502,56.38631624514521,9988.43202080675,1.479411380006217,0.0,0.0,1.0,inf,14777.0,inf,217.0,49.0,168.0,0.0,0.0,0.0,0.0,0.0,0.0
249.0,14840.0,41908.0,27068.0,13534.0,1.8239892183288409,56.5893868119544,10060.506565303382,1.4750748288540567,0.0,0.0,1.0,inf,14840.0,inf,218.0,63.0,155.0,0.0,0.0,0.0,0.0,0.0,0.0
250.0,14896.0,42066.0,27170.0,13585.0,1.8239795918367347,56.65234412132972,10082.904219281514,1.4773521275263544,0.0,0.0,1.0,inf,14896.0,inf,216.0,56.0,160.0,0.0,0.0,0.0,0.0,0.0,0.0
251.0,14939.0,42189.0,27250.0,13625.0,1.824084610750385,56.65234412132972,10082.904219281514,1.481616771825739,0.0,0.0,1.0,inf,14939.0,inf,213.0,43.0,170.0,0.0,0.0,0.0,0.0,0.0,0.0
252.0,14989.0,42333.0,27344.0,13672.0,1.8242711321635867,56.65234412132972,10082.904219281514,1.4865756605459537,0.0,0.0,1.0,inf,14989.0,inf,216.0,50.0,166.0,0.0,0.0,0.0,0.0,0.0,0.0
253.0,15044.0,42488.0,27444.0,13722.0,1.824248869981388,56.65234412132972,10082.904219281514,1.4920304381381897,0.0,0.0,1.0,inf,15044.0,inf,217.0,55.0,162.0,0.0,0.0,0.0,0.0,0.0,0.0
254.0,15093.0,42623.0,27530.0,13765.0,1.824024382163917,56.65234412132972,10082.904219281514,1.496890149084,0.0,0.0,1.0,inf,15093.0,inf,218.0,49.0,169.0,0.0,0.0,0.0,0.0,0.0,0.0
255.0,15143.0,42763.0,27620.0,13810.0,1.8239450571221025,56.65234412132972,10082.904219281514,1.5018490378042149,0.0,0.0,1.0,inf,15143.0,inf,217.0,50.0,167.0,0.0,0.0,0.0,0.0,0.0,0.0
256.0,15181.0,42871.0,27690.0,13845.0,1.823990514458863,56.65234412132972,10082.904219281514,1.505617793231578,0.0,0.0,1.0,inf,15181.0,inf,215.0,38.0,177.0,0.0,0.0,0.0,0.0,0.0,0.0
257.0,15231.0,43015.0,27784.0,13892.0,1.8241743811962445,57.507738562188976,10389.68671123067,1.4659729810270545,0.0,0.0,1.0,inf,15231.0,inf,217.0,50.0,167.0,0.0,0.0,0.0,0.0,0.0,0.0
258.0,15280.0,43154.0,27874.0,13937.0,1.824214659685864,57.507738562188976,10389.68671123067,1.4706891963819444,0.0,0.0,1.0,inf,15280.0,inf,216.0,49.0,167.0,0.0,0.0,0.0,0.0,0.0,0.0
259.0,15342.0,43332.0,27990.0,13995.0,1.8244035979663669,57.507738562188976,10389.68671123067,1.4766566525452742,0.0,0.0,1.0,inf,15342.0,inf,217.0,62.0,155.0,0.0,0.0,0.0,0.0,0.0,0.0
260.0,15399.0,43491.0,28092.0,14046.0,1.824274303526203,57.507738562188976,10389.68671123067,1.4821428622438193,0.0,0.0,1.0,inf,15399.0,inf,215.0,57.0,158.0,0.0,0.0,0.0,0.0,0.0,0.0
261.0,15447.0,43629.0,28182.0,14091.0,1.8244319285298116,57.507738562188976,10389.68671123067,1.4867628283057521,0.0,0.0,1.0,inf,15447.0,inf,217.0,48.0,169.0,0.0,0.0,0.0,0.0,0.0,0.0
262.0,15504.0,43794.0,28290.0,14145.0,1.8246904024767803,57.507738562188976,10389.68671123067,1.4922490380042974,0.0,0.0,1.0,inf,15504.0,inf,217.0,57.0,160.0,0.0,0.0,0.0,0.0,0.0,0.0
263.0,15559.0,43953.0,28394.0,14197.0,1.824924481007777,57.79413467824669,10493.428411075874,1.4827375182335436,0.0,0.0,1.0,inf,15559.0,inf,214.0,55.0,159.0,0.0,0.0,0.0,0.0,0.0,0.0
264.0,15605.0,44083.0,28478.0,14239.0,1.824927907721884,57.79413467824669,10493.428411075874,1.4871212142190662,0.0,0.0,1.0,inf,15605.0,inf,217.0,46.0,171.0,0.0,0.0,0.0,0.0,0.0,0.0
265.0,15662.0,44250.0,28588.0,14294.0,1.8253096667092326,58.410886866847925,10718.585418367216,1.4612002786451483,0.0,0.0,1.0,inf,15662.0,inf,218.0,57.0,161.0,0.0,0.0,0.0,0.0,0.0,0.0
266.0,15708.0,44372.0,28664.0,14332.0,1.82480264833206,58.410886866847925,10718.585418367216,1.4654918897304297,0.0,0.0,1.0,inf,15708.0,inf,213.0,46.0,167.0,0.0,0.0,0.0,0.0,0.0,0.0
267.0,15771.0,44549.0,28778.0,14389.0,1.8247416143554624,58.84229645863589,10877.500205968503,1.449873564823876,0.0,0.0,1.0,inf,15771.0,inf,216.0,63.0,153.0,0.0,0.0,0.0,0.0,0.0,0.0
268.0,15831.0,44723.0,28892.0,14446.0,1.8250268460615249,58.84229645863589,10877.500205968503,1.4553895380588917,0.0,0.0,1.0,inf,15831.0,inf,216.0,60.0,156.0,0.0,0.0,0.0,0.0,0.0,0.0
269.0,15891.0,44899.0,29008.0,14504.0,1.8254357812598325,58.84229645863589,10877.500205968503,1.4609055112939076,0.0,0.0,1.0,inf,15891.0,inf,216.0,60.0,156.0,0.0,0.0,0.0,0.0,0.0,0.0
270.0,15940.0,45040.0,29100.0,14550.0,1.8255959849435384,59.2808273811822,11040.236723808284,1.443809621004355,0.0,0.0,1.0,inf,15940.0,inf,216.0,49.0,167.0,0.0,0.0,0.0,0.0,0.0,0.0
271.0,16005.0,45231.0,29226.0,14613.0,1.826054358013121,59.2808273811822,11040.236723808284,1.4496971759206212,0.0,0.0,1.0,inf,16005.0,inf,216.0,65.0,151.0,0.0,0.0,0.0,0.0,0.0,0.0
272.0,16071.0,45415.0,29344.0,14672.0,1.8258975794910086,59.2808273811822,11040.236723808284,1.45567530860483,0.0,0.0,1.0,inf,16071.0,inf,215.0,66.0,149.0,0.0,0.0,0.0,0.0,0.0,0.0
273.0,16134.0,45586.0,29452.0,14726.0,1.825461757778604,59.2808273811822,11040.236723808284,1.461381707985211,0.0,0.0,1.0,inf,16134.0,inf,212.0,63.0,149.0,0.0,0.0,0.0,0.0,0.0,0.0
274.0,16193.0,45751.0,29558.0,14779.0,1.8253566355832767,59.2808273811822,11040.236723808284,1.4667257962938218,0.0,0.0,1.0,inf,16193.0,inf,219.0,59.0,160.0,0.0,0.0,0.0,0.0,0.0,0.0
275.0,16252.0,45910.0,29658.0,14829.0,1.8248830913118386,59.2808273811822,11040.236723808284,1.4720698846024327,0.0,0.0,1.0,inf,16252.0,inf,216.0,59.0,157.0,0.0,0.0,0.0,0.0,0.0,0.0
276.0,16319.0,46105.0,29786.0,14893.0,1.8252343893620933,59.2808273811822,11040.236723808284,1.478138595054584,0.0,0.0,1.0,inf,16319.0,inf,215.0,67.0,148.0,0.0,0.0,0.0,0.0,0.0,0.0
277.0,16380.0,46274.0,29894.0,14947.0,1.825030525030525,59.2808273811822,11040.236723808284,1.48366383889908,0.0,0.0,1.0,inf,16380.0,inf,216.0,61.0,155.0,0.0,0.0,0.0,0.0,0.0,0.0
278.0,16423.0,46401.0,29978.0,14989.0,1.8253668635450284,59.2808273811822,11040.236723808284,1.4875586829206098,0.0,0.0,1.0,inf,16423.0,inf,217.0,43.0,174.0,0.0,0.0,0.0,0.0,0.0,0.0
279.0,16486.0,46580.0,30094.0,15047.0,1.8254276355695742,59.65292167202667,11179.26655270237,1.474694240653456,0.0,0.0,1.0,inf,16486.0,inf,218.0,63.0,155.0,0.0,0.0,0.0,0.0,0.0,0.0
280.0,16550.0,46762.0,30212.0,15106.0,1.8254984894259818,59.65292167202667,11179.26655270237,1.480419124276034,0.0,0.0,1.0,inf,16550.0,inf,212.0,64.0,148.0,0.0,0.0,0.0,0.0,0.0,0.0
281.0,16609.0,46933.0,30324.0,15162.0,1.8257571196339335,59.65292167202667,11179.26655270237,1.4856967513655983,0.0,0.0,1.0,inf,16609.0,inf,213.0,59.0,154.0,0.0,0.0,0.0,0.0,0.0,0.0
282.0,16670.0,47102.0,30432.0,15216.0,1.8255548890221955,60.07568145199266,11338.282782198678,1.4702402753768165,0.0,0.0,1.0,inf,16670.0,inf,215.0,61.0,154.0,0.0,0.0,0.0,0.0,0.0,0.0
283.0,16721.0,47251.0,30530.0,15265.0,1.8258477363794032,60.07568145199266,11338.282782198678,1.4747383110123424,0.0,0.0,1.0,inf,16721.0,inf,211.0,51.0,160.0,0.0,0.0,0.0,0.0,0.0,0.0
284.0,16776.0,47406.0,30630.0,15315.0,1.8258226037195995,60.07568145199266,11338.282782198678,1.479589133756537,0.0,0.0,1.0,inf,16776.0,inf,218.0,55.0,163.0,0.0,0.0,0.0,0.0,0.0,0.0
285.0,16837.0,47579.0,30742.0,15371.0,1.825859713725723,60.07568145199266,11338.282782198678,1.4849691371637348,0.0,0.0,1.0,inf,16837.0,inf,219.0,61.0,158.0,0.0,0.0,0.0,0.0,0.0,0.0
286.0,16895.0,47743.0,30848.0,15424.0,1.8258656407221072,60.07568145199266,11338.282782198678,1.4900845502394309,0.0,0.0,1.0,inf,16895.0,inf,215.0,58.0,157.0,0.0,0.0,0.0,0.0,0.0,0.0
287.0,16937.0,47865.0,30928.0,15464.0,1.8260612859420204,60.07568145199266,11338.282782198678,1.4937888148804523,0.0,0.0,1.0,inf,16937.0,inf,215.0,42.0,173.0,0.0,0.0,0.0,0.0,0.0,0.0
288.0,17003.0,48049.0,31046.0,15523.0,1.8259130741633829,60.07568145199266,11338.282782198678,1.4996098021734858,0.0,0.0,1.0,inf,17003.0,inf,216.0,66.0,150.0,0.0,0.0,0.0,0.0,0.0,0.0
289.0,17053.0,48187.0,31134.0,15567.0,1.8257198146953615,60.11677001415519,11353.797647516692,1.5019644113289123,0.0,0.0,1.0,inf,17053.0,inf,210.0,50.0,160.0,0.0,0.0,0.0,0.0,0.0,0.0
290.0,17110.0,48352.0,31242.0,15621.0,1.8259497369959088,60.13642753480157,11361.223994658943,1.505999706373506,0.0,0.0,1.0,inf,17110.0,inf,216.0,57.0,159.0,0.0,0.0,0.0,0.0,0.0,0.0
291.0,17171.0,48531.0,31360.0,15680.0,1.8263350998777008,60.13642753480157,11361.223994658943,1.5113688461799808,0.0,0.0,1.0,inf,17171.0,inf,213.0,61.0,152.0,0.0,0.0,0.0,0.0,0.0,0.0
292.0,17215.0,48651.0,31436.0,15718.0,1.8260819053151323,60.13642753480157,11361.223994658943,1.5152416683354708,0.0,0.0,1.0,inf,17215.0,inf,219.0,44.0,175.0,0.0,0.0,0.0,0.0,0.0,0.0
293.0,17272.0,48802.0,31530.0,15765.0,1.8254979157017137,60.13642753480157,11361.223994658943,1.5202587334005375,0.0,0.0,1.0,inf,17272.0,inf,219.0,57.0,162.0,0.0,0.0,0.0,0.0,0.0,0.0
294.0,17316.0,48918.0,31602.0,15801.0,1.825017325017325,60.13642753480157,11361.223994658943,1.5241315555560275,0.0,0.0,1.0,inf,17316.0,inf,219.0,44.0,175.0,0.0,0.0,0.0,0.0,0.0,0.0
295.0,17387.0,49117.0,31730.0,15865.0,1.8249266693506643,60.396497546139685,11459.703497033926,1.5172294819408036,0.0,0.0,1.0,inf,17387.0,inf,219.0,71.0,148.0,0.0,0.0,0.0,0.0,0.0,0.0
296.0,17442.0,49278.0,31836.0,15918.0,1.825249398004816,60.396497546139685,11459.703497033926,1.5220289080354,0.0,0.0,1.0,inf,17442.0,inf,214.0,55.0,159.0,0.0,0.0,0.0,0.0,0.0,0.0
297.0,17495.0,49425.0,31930.0,15965.0,1.8250928836810518,60.396497546139685,11459.703497033926,1.526653809544738,0.0,0.0,1.0,inf,17495.0,inf,219.0,53.0,166.0,0.0,0.0,0.0,0.0,0.0,0.0
298.0,17538.0,49550.0,32012.0,16006.0,1.8252936480784583,60.396497546139685,11459.703497033926,1.530406088127786,0.0,0.0,1.0,inf,17538.0,inf,217.0,43.0,174.0,0.0,0.0,0.0,0.0,0.0,0.0
299.0,17585.0,49679.0,32094.0,16047.0,1.8250781916406027,60.396497546139685,11459.703497033926,1.53450741588135,0.0,0.0,1.0,inf,17585.0,inf,216.0,47.0,169.0,0.0,0.0,0.0,0.0,0.0,0.0
300.0,17636.0,49822.0,32186.0,16093.0,1.8250170106600136,60.818719427607256,11620.489319889595,1.5176641460195892,0.0,0.0,1.0,inf,17636.0,inf,216.0,51.0,165.0,0.0,0.0,0.0,0.0,0.0,0.0
301.0,17694.0,49988.0,32294.0,16147.0,1.8251384650163898,60.818719427607256,11620.489319889595,1.5226553299881274,0.0,0.0,1.0,inf,17694.0,inf,216.0,58.0,158.0,0.0,0.0,0.0,0.0,0.0,0.0
302.0,17739.0,50111.0,32372.0,16186.0,1.8249055752860928,60.818719427607256,11620.489319889595,1.5265278003085447,0.0,0.0,1.0,inf,17739.0,inf,214.0,45.0,169.0,0.0,0.0,0.0,0.0,0.0,0.0
303.0,17791.0,50253.0,32462.0,16231.0,1.8246304311168569,60.818719427607256,11620.489319889595,1.531002654901027,0.0,0.0,1.0,inf,17791.0,inf,217.0,52.0,165.0,0.0,0.0,0.0,0.0,0.0,0.0
304.0,17843.0,50401.0,32558.0,16279.0,1.8246931569803284,61.14877941612732,11746.95913127629,1.5189462907462576,0.0,0.0,1.0,inf,17843.0,inf,218.0,52.0,166.0,0.0,0.0,0.0,0.0,0.0,0.0
305.0,17893.0,50541.0,32648.0,16324.0,1.8246241546973676,61.14877941612732,11746.95913127629,1.5232027114455409,0.0,0.0,1.0,inf,17893.0,inf,215.0,50.0,165.0,0.0,0.0,0.0,0.0,0.0,0.0
306.0,17941.0,50679.0,32738.0,16369.0,1.8247589320550694,61.14877941612732,11746.95913127629,1.527288875316853,0.0,0.0,1.0,inf,17941.0,inf,219.0,48.0,171.0,0.0,0.0,0.0,0.0,0.0,0.0
307.0,18001.0,50847.0,32846.0,16423.0,1.8246764068662853,61.14877941612732,11746.95913127629,1.532396580155993,0.0,0.0,1.0,inf,18001.0,inf,217.0,60.0,157.0,0.0,0.0,0.0,0.0,0.0,0.0
308.0,18048.0,50976.0,32928.0,16464.0,1.824468085106383,61.14877941612732,11746.95913127629,1.5363976156133192,0.0,0.0,1.0,inf,18048.0,inf,218.0,47.0,171.0,0.0,0.0,0.0,0.0,0.0,0.0
309.0,18096.0,51116.0,33020.0,16510.0,1.8247126436781609,61.14877941612732,11746.95913127629,1.5404837794846313,0.0,0.0,1.0,inf,18096.0,inf,211.0,48.0,163.0,0.0,0.0,0.0,0.0,0.0,0.0
310.0,18151.0,51267.0,33116.0,16558.0,1.8244724808550492,61.4085520911856,11846.978160642144,1.5321206601275745,0.0,0.0,1.0,inf,18151.0,inf,214.0,55.0,159.0,0.0,0.0,0.0,0.0,0.0,0.0
311.0,18210.0,51430.0,33220.0,16610.0,1.8242723778143877,61.4085520911856,11846.978160642144,1.5371008330628138,0.0,0.0,1.0,inf,18210.0,inf,216.0,59.0,157.0,0.0,0.0,0.0,0.0,0.0,0.0
312.0,18260.0,51572.0,33312.0,16656.0,1.824315443592552,61.4085520911856,11846.978160642144,1.541321318601152,0.0,0.0,1.0,inf,18260.0,inf,216.0,50.0,166.0,0.0,0.0,0.0,0.0,0.0,0.0
313.0,18314.0,51726.0,33412.0,16706.0,1.8243966364529869,61.4085520911856,11846.978160642144,1.5458794429825575,0.0,0.0,1.0,inf,18314.0,inf,217.0,54.0,163.0,0.0,0.0,0.0,0.0,0.0,0.0
314.0,18376.0,51900.0,33524.0,16762.0,1.8243360905528951,61.4085520911856,11846.978160642144,1.5511128450500968,0.0,0.0,1.0,inf,18376.0,inf,219.0,62.0,157.0,0.0,0.0,0.0,0.0,0.0,0.0
315.0,18420.0,52028.0,33608.0,16804.0,1.8245385450597178,61.4085520911856,11846.978160642144,1.5548268723238345,0.0,0.0,1.0,inf,18420.0,inf,213.0,44.0,169.0,0.0,0.0,0.0,0.0,0.0,0.0
316.0,18480.0,52200.0,33720.0,16860.0,1.8246753246753247,61.4085520911856,11846.978160642144,1.5598914549698406,0.0,0.0,1.0,inf,18480.0,inf,217.0,60.0,157.0,0.0,0.0,0.0,0.0,0.0,0.0
317.0,18521.0,52317.0,33796.0,16898.0,1.8247394849090222,61.4085520911856,11846.978160642144,1.563352253111278,0.0,0.0,1.0,inf,18521.0,inf,216.0,41.0,175.0,0.0,0.0,0.0,0.0,0.0,0.0
318.0,18576.0,52474.0,33898.0,16949.0,1.8248277347114557,61.69029660422501,11955.93621280071,1.5537051778606406,0.0,0.0,1.0,inf,18576.0,inf,218.0,55.0,163.0,0.0,0.0,0.0,0.0,0.0,0.0
319.0,18619.0,52591.0,33972.0,16986.0,1.824587786669531,61.69029660422501,11955.93621280071,1.5573017176242068,0.0,0.0,1.0,inf,18619.0,inf,216.0,43.0,173.0,0.0,0.0,0.0,0.0,0.0,0.0
320.0,18662.0,52718.0,34056.0,17028.0,1.8248847926267282,62.46231499987405,12257.051899703672,1.5225520910498205,0.0,0.0,1.0,inf,18662.0,inf,217.0,43.0,174.0,0.0,0.0,0.0,0.0,0.0,0.0
321.0,18727.0,52895.0,34168.0,17084.0,1.8245314252149303,62.46231499987405,12257.051899703672,1.5278551607057114,0.0,0.0,1.0,inf,18727.0,inf,217.0,65.0,152.0,0.0,0.0,0.0,0.0,0.0,0.0
322.0,18785.0,53059.0,34274.0,17137.0,1.8245408570668087,62.46231499987405,12257.051899703672,1.5325871305525065,0.0,0.0,1.0,inf,18785.0,inf,215.0,58.0,157.0,0.0,0.0,0.0,0.0,0.0,0.0
323.0,18841.0,53215.0,34374.0,17187.0,1.8244254551244625,62.46231499987405,12257.051899703672,1.537155929025274,0.0,0.0,1.0,inf,18841.0,inf,214.0,56.0,158.0,0.0,0.0,0.0,0.0,0.0,0.0
324.0,18896.0,53376.0,34480.0,17240.0,1.8247248094834885,62.46231499987405,12257.051899703672,1.5416431418110281,0.0,0.0,1.0,inf,18896.0,inf,213.0,55.0,158.0,0.0,0.0,0.0,0.0,0.0,0.0
325.0,18950.0,53524.0,34574.0,17287.0,1.824485488126649,62.46231499987405,12257.051899703672,1.5460487689097684,0.0,0.0,1.0,inf,18950.0,inf,216.0,54.0,162.0,0.0,0.0,0.0,0.0,0.0,0.0
326.0,19004.0,53678.0,34674.0,17337.0,1.8245632498421385,62.46231499987405,12257.051899703672,1.5504543960085087,0.0,0.0,1.0,inf,19004.0,inf,218.0,54.0,164.0,0.0,0.0,0.0,0.0,0.0,0.0
327.0,19051.0,53815.0,34764.0,17382.0,1.824786100467167,62.46231499987405,12257.051899703672,1.554288923298153,0.0,0.0,1.0,inf,19051.0,inf,217.0,47.0,170.0,0.0,0.0,0.0,0.0,0.0,0.0
328.0,19115.0,53993.0,34878.0,17439.0,1.82464033481559,62.46231499987405,12257.051899703672,1.5595104072670303,0.0,0.0,1.0,inf,19115.0,inf,213.0,64.0,149.0,0.0,0.0,0.0,0.0,0.0,0.0
329.0,19172.0,54150.0,34978.0,17489.0,1.8244314625495515,63.06726063902386,12495.619951351398,1.5342976238587147,0.0,0.0,1.0,inf,19172.0,inf,215.0,57.0,158.0,0.0,0.0,0.0,0.0,0.0,0.0
330.0,19232.0,54318.0,35086.0,17543.0,1.8243552412645592,63.06726063902386,12495.619951351398,1.5390993063869602,0.0,0.0,1.0,inf,19232.0,inf,212.0,60.0,152.0,0.0,0.0,0.0,0.0,0.0,0.0
331.0,19286.0,54468.0,35182.0,17591.0,1.8242248262988696,63.06726063902386,12495.619951351398,1.5434208206623812,0.0,0.0,1.0,inf,19286.0,inf,213.0,54.0,159.0,0.0,0.0,0.0,0.0,0.0,0.0
332.0,19344.0,54638.0,35294.0,17647.0,1.8245450785773367,63.06726063902386,12495.619951351398,1.548062447106352,0.0,0.0,1.0,inf,19344.0,inf,217.0,58.0,159.0,0.0,0.0,0.0,0.0,0.0,0.0
333.0,19402.0,54806.0,35404.0,17702.0,1.824760333986187,63.06726063902386,12495.619951351398,1.5527040735503226,0.0,0.0,1.0,inf,19402.0,inf,214.0,58.0,156.0,0.0,0.0,0.0,0.0,0.0,0.0
334.0,19452.0,54950.0,35498.0,17749.0,1.8249023236685173,63.06726063902386,12495.619951351398,1.5567054756571939,0.0,0.0,1.0,inf,19452.0,inf,219.0,50.0,169.0,0.0,0.0,0.0,0.0,0.0,0.0
335.0,19504.0,55098.0,35594.0,17797.0,1.8249589827727646,63.06726063902386,12495.619951351398,1.5608669338483399,0.0,0.0,1.0,inf,19504.0,inf,216.0,52.0,164.0,0.0,0.0,0.0,0.0,0.0,0.0
336.0,19551.0,55229.0,35678.0,17839.0,1.8248682931819344,63.06726063902386,12495.619951351398,1.5646282518287988,0.0,0.0,1.0,inf,19551.0,inf,217.0,47.0,170.0,0.0,0.0,0.0,0.0,0.0,0.0
337.0,19609.0,55387.0,35778.0,17889.0,1.8245703503493294,63.06726063902386,12495.619951351398,1.5692698782727696,0.0,0.0,1.0,inf,19609.0,inf,217.0,58.0,159.0,0.0,0.0,0.0,0.0,0.0,0.0
338.0,19664.0,55540.0,35876.0,17938.0,1.8244507729861676,63.06726063902386,12495.619951351398,1.573671420590328,0.0,0.0,1.0,inf,19664.0,inf,219.0,55.0,164.0,0.0,0.0,0.0,0.0,0.0,0.0
339.0,19713.0,55683.0,35970.0,17985.0,1.8246842185359915,63.227564182779,12559.223090479727,1.5696034585883782,0.0,0.0,1.0,inf,19713.0,inf,218.0,49.0,169.0,0.0,0.0,0.0,0.0,0.0,0.0
340.0,19760.0,55822.0,36062.0,18031.0,1.825,63.227564182779,12559.223090479727,1.573345728286225,0.0,0.0,1.0,inf,19760.0,inf,214.0,47.0,167.0,0.0,0.0,0.0,0.0,0.0,0.0
341.0,19802.0,55940.0,36138.0,18069.0,1.824967175032825,63.227564182779,12559.223090479727,1.5766898841864285,0.0,0.0,1.0,inf,19802.0,inf,218.0,42.0,176.0,0.0,0.0,0.0,0.0,0.0,0.0
342.0,19849.0,56077.0,36228.0,18114.0,1.8251801098292106,63.227564182779,12559.223090479727,1.5804321538842754,0.0,0.0,1.0,inf,19849.0,inf,216.0,47.0,169.0,0.0,0.0,0.0,0.0,0.0,0.0
343.0,19907.0,56245.0,36338.0,18169.0,1.8253880544532075,63.227564182779,12559.223090479727,1.5850502739369374,0.0,0.0,1.0,inf,19907.0,inf,215.0,58.0,157.0,0.0,0.0,0.0,0.0,0.0,0.0
344.0,19958.0,56394.0,36436.0,18218.0,1.825633831045195,63.227564182779,12559.223090479727,1.5891110346728987,0.0,0.0,1.0,inf,19958.0,inf,217.0,51.0,166.0,0.0,0.0,0.0,0.0,0.0,0.0
345.0,20003.0,56525.0,36522.0,18261.0,1.8258261260810877,63.227564182779,12559.223090479727,1.5926940588516882,0.0,0.0,1.0,inf,20003.0,inf,216.0,45.0,171.0,0.0,0.0,0.0,0.0,0.0,0.0
346.0,20055.0,56671.0,36616.0,18308.0,1.8257791074545002,63.227564182779,12559.223090479727,1.5968344423471783,0.0,0.0,1.0,inf,20055.0,inf,214.0,52.0,162.0,0.0,0.0,0.0,0.0,0.0,0.0
347.0,20099.0,56801.0,36702.0,18351.0,1.826060998059605,63.227564182779,12559.223090479727,1.600337843766439,0.0,0.0,1.0,inf,20099.0,inf,220.0,44.0,176.0,0.0,0.0,0.0,0.0,0.0,0.0
348.0,20139.0,56917.0,36778.0,18389.0,1.8262078554049357,63.227564182779,12559.223090479727,1.6035227541475854,0.0,0.0,1.0,inf,20139.0,inf,220.0,40.0,180.0,0.0,0.0,0.0,0.0,0.0,0.0
349.0,20187.0,57049.0,36862.0,18431.0,1.8260266508148808,63.227564182779,12559.223090479727,1.6073446466049608,0.0,0.0,1.0,inf,20187.0,inf,218.0,48.0,170.0,0.0,0.0,0.0,0.0,0.0,0.0
350.0,20236.0,57192.0,36956.0,18478.0,1.826250247084404,63.227564182779,12559.223090479727,1.6112461618218648,0.0,0.0,1.0,inf,20236.0,inf,219.0,49.0,170.0,0.0,0.0,0.0,0.0,0.0,0.0
351.0,20289.0,57335.0,37046.0,18523.0,1.8259155207255162,63.227564182779,12559.223090479727,1.6154661680768836,0.0,0.0,1.0,inf,20289.0,inf,216.0,53.0,163.0,0.0,0.0,0.0,0.0,0.0,0.0
352.0,20331.0,57451.0,37120.0,18560.0,1.8257832866066597,63.227564182779,12559.223090479727,1.618810323977087,0.0,0.0,1.0,inf,20331.0,inf,217.0,42.0,175.0,0.0,0.0,0.0,0.0,0.0,0.0
353.0,20378.0,57578.0,37200.0,18600.0,1.8254980861713612,63.227564182779,12559.223090479727,1.6225525936749339,0.0,0.0,1.0,inf,20378.0,inf,216.0,47.0,169.0,0.0,0.0,0.0,0.0,0.0,0.0
354.0,20421.0,57703.0,37282.0,18641.0,1.8256696537877675,63.227564182779,12559.223090479727,1.625976372334666,0.0,0.0,1.0,inf,20421.0,inf,218.0,43.0,175.0,0.0,0.0,0.0,0.0,0.0,0.0
355.0,20471.0,57841.0,37370.0,18685.0,1.825509256997704,63.227564182779,12559.223090479727,1.6299575103110988,0.0,0.0,1.0,inf,20471.0,inf,217.0,50.0,167.0,0.0,0.0,0.0,0.0,0.0,0.0
356.0,20518.0,57974.0,37456.0,18728.0,1.8255190564382493,63.227564182779,12559.223090479727,1.6336997800089457,0.0,0.0,1.0,inf,20518.0,inf,216.0,47.0,169.0,0.0,0.0,0.0,0.0,0.0,0.0
357.0,20560.0,58096.0,37536.0,18768.0,1.82568093385214,63.227564182779,12559.223090479727,1.637043935909149,0.0,0.0,1.0,inf,20560.0,inf,217.0,42.0,175.0,0.0,0.0,0.0,0.0,0.0,0.0
358.0,20610.0,58242.0,37632.0,18816.0,1.8259097525473071,63.227564182779,12559.223090479727,1.6410250738855818,0.0,0.0,1.0,inf,20610.0,inf,216.0,50.0,166.0,0.0,0.0,0.0,0.0,0.0,0.0
359.0,20648.0,58352.0,37704.0,18852.0,1.826036419992251,63.227564182779,12559.223090479727,1.6440507387476708,0.0,0.0,1.0,inf,20648.0,inf,215.0,38.0,177.0,0.0,0.0,0.0,0.0,0.0,0.0
360.0,20698.0,58490.0,37792.0,18896.0,1.8258768963184848,63.227564182779,12559.223090479727,1.6480318767241036,0.0,0.0,1.0,inf,20698.0,inf,215.0,50.0,165.0,0.0,0.0,0.0,0.0,0.0,0.0
361.0,20752.0,58642.0,37890.0,18945.0,1.8258481110254434,63.227564182779,12559.223090479727,1.652331505738651,0.0,0.0,1.0,inf,20752.0,inf,218.0,54.0,164.0,0.0,0.0,0.0,0.0,0.0,0.0
362.0,20810.0,58808.0,37998.0,18999.0,1.8259490629505046,63.227564182779,12559.223090479727,1.656949625791313,0.0,0.0,1.0,inf,20810.0,inf,217.0,58.0,159.0,0.0,0.0,0.0,0.0,0.0,0.0
363.0,20850.0,58918.0,38068.0,19034.0,1.8258033573141488,64.11970937722042,12916.146525984243,1.6142585528938305,0.0,0.0,1.0,inf,20850.0,inf,218.0,40.0,178.0,0.0,0.0,0.0,0.0,0.0,0.0
364.0,20909.0,59083.0,38174.0,19087.0,1.8257209813955713,64.11970937722042,12916.146525984243,1.618826478774921,0.0,0.0,1.0,inf,20909.0,inf,219.0,59.0,160.0,0.0,0.0,0.0,0.0,0.0,0.0
365.0,20958.0,59222.0,38264.0,19132.0,1.8257467315583549,64.11970937722042,12916.146525984243,1.622620179930403,0.0,0.0,1.0,inf,20958.0,inf,216.0,49.0,167.0,0.0,0.0,0.0,0.0,0.0,0.0
366.0,21009.0,59371.0,38362.0,19181.0,1.825979342186682,64.11970937722042,12916.146525984243,1.6265687260310064,0.0,0.0,1.0,inf,21009.0,inf,216.0,51.0,165.0,0.0,0.0,0.0,0.0,0.0,0.0
367.0,21064.0,59526.0,38462.0,19231.0,1.8259589821496391,64.11970937722042,12916.146525984243,1.6308269620218536,0.0,0.0,1.0,inf,21064.0,inf,220.0,55.0,165.0,0.0,0.0,0.0,0.0,0.0,0.0
368.0,21109.0,59655.0,38546.0,19273.0,1.826045762470984,64.11970937722042,12916.146525984243,1.634310973287092,0.0,0.0,1.0,inf,21109.0,inf,214.0,45.0,169.0,0.0,0.0,0.0,0.0,0.0,0.0
369.0,21162.0,59800.0,38638.0,19319.0,1.8258198657971836,64.11970937722042,12916.146525984243,1.6384143643328173,0.0,0.0,1.0,inf,21162.0,inf,218.0,53.0,165.0,0.0,0.0,0.0,0.0,0.0,0.0
370.0,21194.0,59892.0,38698.0,19349.0,1.8258941209776351,64.11970937722042,12916.146525984243,1.6408918834547648,0.0,0.0,1.0,inf,21194.0,inf,217.0,32.0,185.0,0.0,0.0,0.0,0.0,0.0,0.0
371.0,21242.0,60026.0,38784.0,19392.0,1.82581677808116,64.11970937722042,12916.146525984243,1.6446081621376858,0.0,0.0,1.0,inf,21242.0,inf,219.0,48.0,171.0,0.0,0.0,0.0,0.0,0.0,0.0
372.0,21282.0,60144.0,38862.0,19431.0,1.8260501832534537,64.11970937722042,12916.146525984243,1.64770506104012,0.0,0.0,1.0,inf,21282.0,inf,219.0,40.0,179.0,0.0,0.0,0.0,0.0,0.0,0.0
373.0,21330.0,60282.0,38952.0,19476.0,1.8261603375527427,64.11970937722042,12916.146525984243,1.651421339723041,0.0,0.0,1.0,inf,21330.0,inf,218.0,48.0,170.0,0.0,0.0,0.0,0.0,0.0,0.0
374.0,21361.0,60363.0,39002.0,19501.0,1.8258508496793222,64.11970937722042,12916.146525984243,1.6538214363724275,0.0,0.0,1.0,inf,21361.0,inf,218.0,31.0,187.0,0.0,0.0,0.0,0.0,0.0,0.0
375.0,21408.0,60500.0,39092.0,19546.0,1.8260463378176384,64.11970937722042,12916.146525984243,1.6574602925827877,0.0,0.0,1.0,inf,21408.0,inf,217.0,47.0,170.0,0.0,0.0,0.0,0.0,0.0,0.0
376.0,21451.0,60621.0,39170.0,19585.0,1.8260220968719407,64.11970937722042,12916.146525984243,1.6607894589029044,0.0,0.0,1.0,inf,21451.0,inf,218.0,43.0,175.0,0.0,0.0,0.0,0.0,0.0,0.0
377.0,21490.0,60732.0,39242.0,19621.0,1.8260586319218242,64.11970937722042,12916.146525984243,1.6638089353327778,0.0,0.0,1.0,inf,21490.0,inf,219.0,39.0,180.0,0.0,0.0,0.0,0.0,0.0,0.0
378.0,21528.0,60838.0,39310.0,19655.0,1.8259940542549238,64.70939716036925,13154.810021956631,1.636511661062966,0.0,0.0,1.0,inf,21528.0,inf,218.0,38.0,180.0,0.0,0.0,0.0,0.0,0.0,0.0
379.0,21561.0,60923.0,39362.0,19681.0,1.8256110570010669,64.70939716036925,13154.810021956631,1.6390202491721764,0.0,0.0,1.0,inf,21561.0,inf,220.0,33.0,187.0,0.0,0.0,0.0,0.0,0.0,0.0
380.0,21615.0,61075.0,39460.0,19730.0,1.8255840851260698,64.70939716036925,13154.810021956631,1.6431252115327022,0.0,0.0,1.0,inf,21615.0,inf,218.0,54.0,164.0,0.0,0.0,0.0,0.0,0.0,0.0
381.0,21665.0,61217.0,39552.0,19776.0,1.8256173551811679,64.70939716036925,13154.810021956631,1.646926102607263,0.0,0.0,1.0,inf,21665.0,inf,219.0,50.0,169.0,0.0,0.0,0.0,0.0,0.0,0.0
382.0,21708.0,61340.0,39632.0,19816.0,1.8256863829003132,64.70939716036925,13154.810021956631,1.6501948689313855,0.0,0.0,1.0,inf,21708.0,inf,219.0,43.0,176.0,0.0,0.0,0.0,0.0,0.0,0.0
383.0,21751.0,61469.0,39718.0,19859.0,1.8260309870810538,64.70939716036925,13154.810021956631,1.6534636352555079,0.0,0.0,1.0,inf,21751.0,inf,220.0,43.0,177.0,0.0,0.0,0.0,0.0,0.0,0.0
384.0,21792.0,61586.0,39794.0,19897.0,1.826082966226138,64.70939716036925,13154.810021956631,1.656580365936648,0.0,0.0,1.0,inf,21792.0,inf,218.0,41.0,177.0,0.0,0.0,0.0,0.0,0.0,0.0
385.0,21838.0,61718.0,39880.0,19940.0,1.826174558109717,64.70939716036925,13154.810021956631,1.660077185725244,0.0,0.0,1.0,inf,21838.0,inf,218.0,46.0,172.0,0.0,0.0,0.0,0.0,0.0,0.0
386.0,21882.0,61844.0,39962.0,19981.0,1.8262498857508453,64.70939716036925,13154.810021956631,1.6634219698708577,0.0,0.0,1.0,inf,21882.0,inf,218.0,44.0,174.0,0.0,0.0,0.0,0.0,0.0,0.0
387.0,21930.0,61982.0,40052.0,20026.0,1.8263565891472868,64.70939716036925,13154.810021956631,1.6670708253024362,0.0,0.0,1.0,inf,21930.0,inf,218.0,48.0,170.0,0.0,0.0,0.0,0.0,0.0,0.0
388.0,21977.0,62115.0,40138.0,20069.0,1.8263639259225555,64.70939716036925,13154.810021956631,1.6706436629125234,0.0,0.0,1.0,inf,21977.0,inf,219.0,47.0,172.0,0.0,0.0,0.0,0.0,0.0,0.0
389.0,22016.0,62226.0,40210.0,20105.0,1.8263989825581395,64.70939716036925,13154.810021956631,1.673608357950681,0.0,0.0,1.0,inf,22016.0,inf,216.0,39.0,177.0,0.0,0.0,0.0,0.0,0.0,0.0
390.0,22070.0,62386.0,40316.0,20158.0,1.8267331218849117,64.70939716036925,13154.810021956631,1.677713320311207,0.0,0.0,1.0,inf,22070.0,inf,219.0,54.0,165.0,0.0,0.0,0.0,0.0,0.0,0.0
391.0,22113.0,62509.0,40396.0,20198.0,1.8267987156876047,64.70939716036925,13154.810021956631,1.6809820866353293,0.0,0.0,1.0,inf,22113.0,inf,219.0,43.0,176.0,0.0,0.0,0.0,0.0,0.0,0.0
392.0,22169.0,62663.0,40494.0,20247.0,1.8266047183003293,64.70939716036925,13154.810021956631,1.6852390846388376,0.0,0.0,1.0,inf,22169.0,inf,218.0,56.0,162.0,0.0,0.0,0.0,0.0,0.0,0.0
393.0,22217.0,62801.0,40584.0,20292.0,1.8267092766800197,64.70939716036925,13154.810021956631,1.688887940070416,0.0,0.0,1.0,inf,22217.0,inf,218.0,48.0,170.0,0.0,0.0,0.0,0.0,0.0,0.0
394.0,22253.0,62903.0,40650.0,20325.0,1.8267199928099582,64.70939716036925,13154.810021956631,1.6916245816441,0.0,0.0,1.0,inf,22253.0,inf,218.0,36.0,182.0,0.0,0.0,0.0,0.0,0.0,0.0
395.0,22293.0,63015.0,40722.0,20361.0,1.8266720495222715,64.70939716036925,13154.810021956631,1.6946652945037488,0.0,0.0,1.0,inf,22293.0,inf,220.0,40.0,180.0,0.0,0.0,0.0,0.0,0.0,0.0
396.0,22342.0,63158.0,40816.0,20408.0,1.8268731537015486,64.70939716036925,13154.810021956631,1.6983901677568185,0.0,0.0,1.0,inf,22342.0,inf,218.0,49.0,169.0,0.0,0.0,0.0,0.0,0.0,0.0
397.0,22379.0,63267.0,40888.0,20444.0,1.827070021001832,64.70939716036925,13154.810021956631,1.7012028271519937,0.0,0.0,1.0,inf,22379.0,inf,215.0,37.0,178.0,0.0,0.0,0.0,0.0,0.0,0.0
398.0,22428.0,63408.0,40980.0,20490.0,1.8271803103263777,64.70939716036925,13154.810021956631,1.7049277004050634,0.0,0.0,1.0,inf,22428.0,inf,220.0,49.0,171.0,0.0,0.0,0.0,0.0,0.0,0.0
399.0,22464.0,63512.0,41048.0,20524.0,1.8272792022792024,64.70939716036925,13154.810021956631,1.7076643419787472,0.0,0.0,1.0,inf,22464.0,inf,216.0,36.0,180.0,0.0,0.0,0.0,0.0,0.0,0.0
400.0,22505.0,63627.0,41122.0,20561.0,1.8272383914685626,64.70939716036925,13154.810021956631,1.710781072659887,0.0,0.0,1.0,inf,22505.0,inf,219.0,41.0,178.0,0.0,0.0,0.0,0.0,0.0,0.0
401.0,22548.0,63744.0,41196.0,20598.0,1.8270356572645023,64.70939716036925,13154.810021956631,1.7140498389840095,0.0,0.0,1.0,inf,22548.0,inf,219.0,43.0,176.0,0.0,0.0,0.0,0.0,0.0,0.0
402.0,22587.0,63855.0,41268.0,20634.0,1.8270686678177712,64.74567256604502,13169.563051551191,1.7150910710997025,0.0,0.0,1.0,inf,22587.0,inf,219.0,39.0,180.0,0.0,0.0,0.0,0.0,0.0,0.0
403.0,22629.0,63977.0,41348.0,20674.0,1.8272128684431481,64.74832778852016,13170.643242255472,1.7181393181617137,0.0,0.0,1.0,inf,22629.0,inf,218.0,42.0,176.0,0.0,0.0,0.0,0.0,0.0,0.0
404.0,22662.0,64074.0,41412.0,20706.0,1.8273762245168124,64.74832778852016,13170.643242255472,1.7206448905466771,0.0,0.0,1.0,inf,22662.0,inf,219.0,33.0,186.0,0.0,0.0,0.0,0.0,0.0,0.0
405.0,22713.0,64225.0,41512.0,20756.0,1.827675780390085,64.97529355515528,13263.140592940807,1.7124903291825768,0.0,0.0,1.0,inf,22713.0,inf,219.0,51.0,168.0,0.0,0.0,0.0,0.0,0.0,0.0
406.0,22770.0,64378.0,41608.0,20804.0,1.827316644707949,64.97529355515528,13263.140592940807,1.7167879538364494,0.0,0.0,1.0,inf,22770.0,inf,219.0,57.0,162.0,0.0,0.0,0.0,0.0,0.0,0.0
407.0,22816.0,64508.0,41692.0,20846.0,1.8273141654978962,64.97529355515528,13263.140592940807,1.7202562123290484,0.0,0.0,1.0,inf,22816.0,inf,217.0,46.0,171.0,0.0,0.0,0.0,0.0,0.0,0.0
408.0,22852.0,64612.0,41760.0,20880.0,1.8274111675126903,64.97529355515528,13263.140592940807,1.7229705015841257,0.0,0.0,1.0,inf,22852.0,inf,219.0,36.0,183.0,0.0,0.0,0.0,0.0,0.0,0.0
409.0,22901.0,64751.0,41850.0,20925.0,1.8274311165451291,64.97529355515528,13263.140592940807,1.726664950847981,0.0,0.0,1.0,inf,22901.0,inf,218.0,49.0,169.0,0.0,0.0,0.0,0.0,0.0,0.0
410.0,22941.0,64865.0,41924.0,20962.0,1.8274704677215465,64.97529355515528,13263.140592940807,1.729680827798067,0.0,0.0,1.0,inf,22941.0,inf,218.0,40.0,178.0,0.0,0.0,0.0,0.0,0.0,0.0
411.0,22982.0,64976.0,41994.0,20997.0,1.8272561134801149,64.97529355515528,13263.140592940807,1.732772101671905,0.0,0.0,1.0,inf,22982.0,inf,217.0,41.0,176.0,0.0,0.0,0.0,0.0,0.0,0.0
412.0,23020.0,65080.0,42060.0,21030.0,1.8271068635968724,64.97529355515528,13263.140592940807,1.735637184774487,0.0,0.0,1.0,inf,23020.0,inf,219.0,38.0,181.0,0.0,0.0,0.0,0.0,0.0,0.0
413.0,23063.0,65205.0,42142.0,21071.0,1.8272557776525171,64.97529355515528,13263.140592940807,1.7388792524958294,0.0,0.0,1.0,inf,23063.0,inf,219.0,43.0,176.0,0.0,0.0,0.0,0.0,0.0,0.0
414.0,23104.0,65322.0,42218.0,21109.0,1.8273026315789473,64.97529355515528,13263.140592940807,1.7419705263696674,0.0,0.0,1.0,inf,23104.0,inf,220.0,41.0,179.0,0.0,0.0,0.0,0.0,0.0,0.0
415.0,23142.0,65432.0,42290.0,21145.0,1.8274133609886787,64.97529355515528,13263.140592940807,1.7448356094722492,0.0,0.0,1.0,inf,23142.0,inf,219.0,38.0,181.0,0.0,0.0,0.0,0.0,0.0,0.0
416.0,23179.0,65533.0,42354.0,21177.0,1.8272574312955692,65.83857968356664,13617.920029811787,1.702095470472546,0.0,0.0,1.0,inf,23179.0,inf,217.0,37.0,180.0,0.0,0.0,0.0,0.0,0.0,0.0
417.0,23224.0,65660.0,42436.0,21218.0,1.8272476748191526,65.83857968356664,13617.920029811787,1.7053999398703312,0.0,0.0,1.0,inf,23224.0,inf,219.0,45.0,174.0,0.0,0.0,0.0,0.0,0.0,0.0
418.0,23261.0,65767.0,42506.0,21253.0,1.827350500838313,65.83857968356664,13617.920029811787,1.7081169480418434,0.0,0.0,1.0,inf,23261.0,inf,215.0,37.0,178.0,0.0,0.0,0.0,0.0,0.0,0.0
419.0,23305.0,65883.0,42578.0,21289.0,1.8269899163269685,65.83857968356664,13617.920029811787,1.7113479847863446,0.0,0.0,1.0,inf,23305.0,inf,218.0,44.0,174.0,0.0,0.0,0.0,0.0,0.0,0.0
420.0,23360.0,66040.0,42680.0,21340.0,1.827054794520548,65.83857968356664,13617.920029811787,1.7153867807169711,0.0,0.0,1.0,inf,23360.0,inf,220.0,55.0,165.0,0.0,0.0,0.0,0.0,0.0,0.0
421.0,23395.0,66141.0,42746.0,21373.0,1.8271425518273134,65.83857968356664,13617.920029811787,1.7179569235819152,0.0,0.0,1.0,inf,23395.0,inf,217.0,35.0,182.0,0.0,0.0,0.0,0.0,0.0,0.0
422.0,23439.0,66269.0,42830.0,21415.0,1.827296386364606,65.83857968356664,13617.920029811787,1.7211879603264164,0.0,0.0,1.0,inf,23439.0,inf,217.0,44.0,173.0,0.0,0.0,0.0,0.0,0.0,0.0
423.0,23477.0,66377.0,42900.0,21450.0,1.8273203560931977,65.83857968356664,13617.920029811787,1.7239784011512127,0.0,0.0,1.0,inf,23477.0,inf,217.0,38.0,179.0,0.0,0.0,0.0,0.0,0.0,0.0
424.0,23526.0,66510.0,42984.0,21492.0,1.8270849273144607,65.83857968356664,13617.920029811787,1.7275766011621345,0.0,0.0,1.0,inf,23526.0,inf,217.0,49.0,168.0,0.0,0.0,0.0,0.0,0.0,0.0
425.0,23568.0,66622.0,43054.0,21527.0,1.8267990495587236,65.83857968356664,13617.920029811787,1.7306607726000673,0.0,0.0,1.0,inf,23568.0,inf,220.0,42.0,178.0,0.0,0.0,0.0,0.0,0.0,0.0
426.0,23604.0,66726.0,43122.0,21561.0,1.8268937468225726,65.83857968356664,13617.920029811787,1.7333043481182957,0.0,0.0,1.0,inf,23604.0,inf,219.0,36.0,183.0,0.0,0.0,0.0,0.0,0.0,0.0
427.0,23651.0,66861.0,43210.0,21605.0,1.8269840598706186,65.83857968356664,13617.920029811787,1.7367556828226491,0.0,0.0,1.0,inf,23651.0,inf,219.0,47.0,172.0,0.0,0.0,0.0,0.0,0.0,0.0
428.0,23695.0,66987.0,43292.0,21646.0,1.8270521207005697,65.83857968356664,13617.920029811787,1.7399867195671503,0.0,0.0,1.0,inf,23695.0,inf,219.0,44.0,175.0,0.0,0.0,0.0,0.0,0.0,0.0
429.0,23735.0,67099.0,43364.0,21682.0,1.827006530440278,65.83857968356664,13617.920029811787,1.742924025698515,0.0,0.0,1.0,inf,23735.0,inf,220.0,40.0,180.0,0.0,0.0,0.0,0.0,0.0,0.0
430.0,23777.0,67213.0,43436.0,21718.0,1.8268074189342642,65.83857968356664,13617.920029811787,1.7460081971364478,0.0,0.0,1.0,inf,23777.0,inf,219.0,42.0,177.0,0.0,0.0,0.0,0.0,0.0,0.0
431.0,23813.0,67315.0,43502.0,21751.0,1.8268172846764372,65.83857968356664,13617.920029811787,1.748651772654676,0.0,0.0,1.0,inf,23813.0,inf,218.0,36.0,182.0,0.0,0.0,0.0,0.0,0.0,0.0
432.0,23850.0,67426.0,43576.0,21788.0,1.8270859538784068,65.87452337660918,13632.793131627237,1.7494580728779252,0.0,0.0,1.0,inf,23850.0,inf,218.0,37.0,181.0,0.0,0.0,0.0,0.0,0.0,0.0
433.0,23895.0,67551.0,43656.0,21828.0,1.826993094789705,65.87452337660918,13632.793131627237,1.752758937166374,0.0,0.0,1.0,inf,23895.0,inf,218.0,45.0,173.0,0.0,0.0,0.0,0.0,0.0,0.0
434.0,23952.0,67708.0,43756.0,21878.0,1.826820307281229,65.87452337660918,13632.793131627237,1.7569400319317428,0.0,0.0,1.0,inf,23952.0,inf,217.0,57.0,160.0,0.0,0.0,0.0,0.0,0.0,0.0
435.0,23992.0,67822.0,43830.0,21915.0,1.8268589529843282,65.87452337660918,13632.793131627237,1.7598741335214751,0.0,0.0,1.0,inf,23992.0,inf,220.0,40.0,180.0,0.0,0.0,0.0,0.0,0.0,0.0
436.0,24038.0,67946.0,43908.0,21954.0,1.8266078708711206,65.87452337660918,13632.793131627237,1.7632483503496672,0.0,0.0,1.0,inf,24038.0,inf,219.0,46.0,173.0,0.0,0.0,0.0,0.0,0.0,0.0
437.0,24076.0,68056.0,43980.0,21990.0,1.8267154012294402,66.8205972097053,14027.186729863644,1.716381229084418,0.0,0.0,1.0,inf,24076.0,inf,219.0,38.0,181.0,0.0,0.0,0.0,0.0,0.0,0.0
438.0,24116.0,68172.0,44056.0,22028.0,1.8268369547188588,66.8205972097053,14027.186729863644,1.7192328343827805,0.0,0.0,1.0,inf,24116.0,inf,219.0,40.0,179.0,0.0,0.0,0.0,0.0,0.0,0.0
439.0,24145.0,68259.0,44114.0,22057.0,1.8270449368399255,66.8205972097053,14027.186729863644,1.7213002482240933,0.0,0.0,1.0,inf,24145.0,inf,216.0,29.0,187.0,0.0,0.0,0.0,0.0,0.0,0.0
440.0,24191.0,68393.0,44202.0,22101.0,1.8272084659584142,66.8205972097053,14027.186729863644,1.7245795943172104,0.0,0.0,1.0,inf,24191.0,inf,220.0,46.0,174.0,0.0,0.0,0.0,0.0,0.0,0.0
441.0,24244.0,68546.0,44302.0,22151.0,1.827338722983006,66.8205972097053,14027.186729863644,1.7283579713375408,0.0,0.0,1.0,inf,24244.0,inf,219.0,53.0,166.0,0.0,0.0,0.0,0.0,0.0,0.0
442.0,24288.0,68676.0,44388.0,22194.0,1.8275691699604744,66.8205972097053,14027.186729863644,1.7314947371657394,0.0,0.0,1.0,inf,24288.0,inf,219.0,44.0,175.0,0.0,0.0,0.0,0.0,0.0,0.0
443.0,24327.0,68789.0,44462.0,22231.0,1.82768117729272,66.8205972097053,14027.186729863644,1.734275052331643,0.0,0.0,1.0,inf,24327.0,inf,214.0,39.0,175.0,0.0,0.0,0.0,0.0,0.0,0.0
444.0,24361.0,68883.0,44522.0,22261.0,1.8275932843479332,66.8205972097053,14027.186729863644,1.7366989168352511,0.0,0.0,1.0,inf,24361.0,inf,216.0,34.0,182.0,0.0,0.0,0.0,0.0,0.0,0.0
445.0,24401.0,68995.0,44594.0,22297.0,1.8275480513093725,66.8205972097053,14027.186729863644,1.7395505221336136,0.0,0.0,1.0,inf,24401.0,inf,217.0,40.0,177.0,0.0,0.0,0.0,0.0,0.0,0.0
446.0,24442.0,69114.0,44672.0,22336.0,1.827673676458555,66.8205972097053,14027.186729863644,1.7424734175644354,0.0,0.0,1.0,inf,24442.0,inf,219.0,41.0,178.0,0.0,0.0,0.0,0.0,0.0,0.0
447.0,24478.0,69214.0,44736.0,22368.0,1.8276002941416782,66.8205972097053,14027.186729863644,1.7450398623329617,0.0,0.0,1.0,inf,24478.0,inf,219.0,36.0,183.0,0.0,0.0,0.0,0.0,0.0,0.0
448.0,24515.0,69311.0,44796.0,22398.0,1.8272894146440954,66.8205972097053,14027.186729863644,1.7476775972339469,0.0,0.0,1.0,inf,24515.0,inf,219.0,37.0,182.0,0.0,0.0,0.0,0.0,0.0,0.0
449.0,24560.0,69438.0,44878.0,22439.0,1.8272801302931596,66.8205972097053,14027.186729863644,1.7508856531946049,0.0,0.0,1.0,inf,24560.0,inf,218.0,45.0,173.0,0.0,0.0,0.0,0.0,0.0,0.0
450.0,24594.0,69536.0,44942.0,22471.0,1.8273562657558755,66.8205972097053,14027.186729863644,1.753309517698213,0.0,0.0,1.0,inf,24594.0,inf,219.0,34.0,185.0,0.0,0.0,0.0,0.0,0.0,0.0
451.0,24634.0,69650.0,45016.0,22508.0,1.8273930340180238,66.8205972097053,14027.186729863644,1.7561611229965755,0.0,0.0,1.0,inf,24634.0,inf,219.0,40.0,179.0,0.0,0.0,0.0,0.0,0.0,0.0
452.0,24666.0,69740.0,45074.0,22537.0,1.8273737128030487,66.8205972097053,14027.186729863644,1.7584424072352656,0.0,0.0,1.0,inf,24666.0,inf,219.0,32.0,187.0,0.0,0.0,0.0,0.0,0.0,0.0
453.0,24705.0,69851.0,45146.0,22573.0,1.8274033596437969,66.8205972097053,14027.186729863644,1.7612227224011692,0.0,0.0,1.0,inf,24705.0,inf,219.0,39.0,180.0,0.0,0.0,0.0,0.0,0.0,0.0
454.0,24757.0,70001.0,45244.0,22622.0,1.8275235286989537,66.8205972097053,14027.186729863644,1.7649298092890404,0.0,0.0,1.0,inf,24757.0,inf,220.0,52.0,168.0,0.0,0.0,0.0,0.0,0.0,0.0
455.0,24799.0,70117.0,45318.0,22659.0,1.8274123956611155,66.8205972097053,14027.186729863644,1.767923994852321,0.0,0.0,1.0,inf,24799.0,inf,218.0,42.0,176.0,0.0,0.0,0.0,0.0,0.0,0.0
456.0,24845.0,70249.0,45404.0,22702.0,1.8274904407325419,66.8205972097053,14027.186729863644,1.771203340945438,0.0,0.0,1.0,inf,24845.0,inf,220.0,46.0,174.0,0.0,0.0,0.0,0.0,0.0,0.0
457.0,24880.0,70350.0,45470.0,22735.0,1.827572347266881,66.8205972097053,14027.186729863644,1.7736984955815052,0.0,0.0,1.0,inf,24880.0,inf,216.0,35.0,181.0,0.0,0.0,0.0,0.0,0.0,0.0
458.0,24908.0,70432.0,45524.0,22762.0,1.8276858840533161,66.8205972097053,14027.186729863644,1.775694619290359,0.0,0.0,1.0,inf,24908.0,inf,218.0,28.0,190.0,0.0,0.0,0.0,0.0,0.0,0.0
459.0,24942.0,70528.0,45586.0,22793.0,1.827680218106006,66.8205972097053,14027.186729863644,1.7781184837939672,0.0,0.0,1.0,inf,24942.0,inf,218.0,34.0,184.0,0.0,0.0,0.0,0.0,0.0,0.0
460.0,24980.0,70640.0,45660.0,22830.0,1.8278622898318655,66.8205972097053,14027.186729863644,1.7808275088274117,0.0,0.0,1.0,inf,24980.0,inf,219.0,38.0,181.0,0.0,0.0,0.0,0.0,0.0,0.0
461.0,25024.0,70766.0,45742.0,22871.0,1.8279251918158568,66.8205972097053,14027.186729863644,1.7839642746556104,0.0,0.0,1.0,inf,25024.0,inf,220.0,44.0,176.0,0.0,0.0,0.0,0.0,0.0,0.0
462.0,25059.0,70863.0,45804.0,22902.0,1.8278462827726565,66.8205972097053,14027.186729863644,1.7864594292916776,0.0,0.0,1.0,inf,25059.0,inf,218.0,35.0,183.0,0.0,0.0,0.0,0.0,0.0,0.0
463.0,25101.0,70987.0,45886.0,22943.0,1.8280546591769251,66.8205972097053,14027.186729863644,1.7894536148549582,0.0,0.0,1.0,inf,25101.0,inf,218.0,42.0,176.0,0.0,0.0,0.0,0.0,0.0,0.0
464.0,25146.0,71114.0,45968.0,22984.0,1.8280442217450092,66.8205972097053,14027.186729863644,1.7926616708156162,0.0,0.0,1.0,inf,25146.0,inf,218.0,45.0,173.0,0.0,0.0,0.0,0.0,0.0,0.0
465.0,25183.0,71221.0,46038.0,23019.0,1.8281380296231584,66.8205972097053,14027.186729863644,1.7952994057166016,0.0,0.0,1.0,inf,25183.0,inf,220.0,37.0,183.0,0.0,0.0,0.0,0.0,0.0,0.0
466.0,25217.0,71319.0,46102.0,23051.0,1.828211127414046,66.8205972097053,14027.186729863644,1.7977232702202097,0.0,0.0,1.0,inf,25217.0,inf,218.0,34.0,184.0,0.0,0.0,0.0,0.0,0.0,0.0
467.0,25255.0,71425.0,46170.0,23085.0,1.82815284102158,66.8205972097053,14027.186729863644,1.8004322952536542,0.0,0.0,1.0,inf,25255.0,inf,217.0,38.0,179.0,0.0,0.0,0.0,0.0,0.0,0.0
468.0,25294.0,71530.0,46236.0,23118.0,1.8279433857831897,66.8205972097053,14027.186729863644,1.8032126104195576,0.0,0.0,1.0,inf,25294.0,inf,219.0,39.0,180.0,0.0,0.0,0.0,0.0,0.0,0.0
469.0,25336.0,71642.0,46306.0,23153.0,1.8276760341016736,66.8205972097053,14027.186729863644,1.8062067959828383,0.0,0.0,1.0,inf,25336.0,inf,218.0,42.0,176.0,0.0,0.0,0.0,0.0,0.0,0.0
470.0,25372.0,71746.0,46374.0,23187.0,1.8277628882232382,66.8205972097053,14027.186729863644,1.8087732407513646,0.0,0.0,1.0,inf,25372.0,inf,218.0,36.0,182.0,0.0,0.0,0.0,0.0,0.0,0.0
471.0,25400.0,71828.0,46428.0,23214.0,1.8278740157480315,66.8205972097053,14027.186729863644,1.8107693644602183,0.0,0.0,1.0,inf,25400.0,inf,218.0,28.0,190.0,0.0,0.0,0.0,0.0,0.0,0.0
472.0,25430.0,71914.0,46484.0,23242.0,1.8279197797876523,66.8205972097053,14027.186729863644,1.8129080684339902,0.0,0.0,1.0,inf,25430.0,inf,220.0,30.0,190.0,0.0,0.0,0.0,0.0,0.0,0.0
473.0,25476.0,72046.0,46570.0,23285.0,1.8279949756633695,66.8205972097053,14027.186729863644,1.8161874145271073,0.0,0.0,1.0,inf,25476.0,inf,219.0,46.0,173.0,0.0,0.0,0.0,0.0,0.0,0.0
474.0,25517.0,72155.0,46638.0,23319.0,1.8277226946741387,66.8205972097053,14027.186729863644,1.8191103099579289,0.0,0.0,1.0,inf,25517.0,inf,219.0,41.0,178.0,0.0,0.0,0.0,0.0,0.0,0.0
475.0,25557.0,72271.0,46714.0,23357.0,1.8278358179755057,66.83636543760186,14033.807741457886,1.8211023316573554,0.0,0.0,1.0,inf,25557.0,inf,218.0,40.0,178.0,0.0,0.0,0.0,0.0,0.0,0.0
476.0,25586.0,72354.0,46768.0,23384.0,1.8278746189322286,66.83636543760186,14033.807741457886,1.82316877011328,0.0,0.0,1.0,inf,25586.0,inf,219.0,29.0,190.0,0.0,0.0,0.0,0.0,0.0,0.0
477.0,25617.0,72445.0,46828.0,23414.0,1.8280048405355818,66.83636543760186,14033.807741457886,1.8253777215661648,0.0,0.0,1.0,inf,25617.0,inf,219.0,31.0,188.0,0.0,0.0,0.0,0.0,0.0,0.0
478.0,25653.0,72543.0,46890.0,23445.0,1.8278563910653725,66.83636543760186,14033.807741457886,1.8279429555114504,0.0,0.0,1.0,inf,25653.0,inf,218.0,36.0,182.0,0.0,0.0,0.0,0.0,0.0,0.0
479.0,25676.0,72610.0,46934.0,23467.0,1.8279326997974763,66.83636543760186,14033.807741457886,1.829581854976494,0.0,0.0,1.0,inf,25676.0,inf,219.0,23.0,196.0,0.0,0.0,0.0,0.0,0.0,0.0
480.0,25719.0,72735.0,47016.0,23508.0,1.8280648547766243,67.12189493963255,14153.970630009595,1.8170872804744944,0.0,0.0,1.0,inf,25719.0,inf,218.0,43.0,175.0,0.0,0.0,0.0,0.0,0.0,0.0
481.0,25748.0,72816.0,47068.0,23534.0,1.8280254777070064,67.12189493963255,14153.970630009595,1.8191361754989417,0.0,0.0,1.0,inf,25748.0,inf,217.0,29.0,188.0,0.0,0.0,0.0,0.0,0.0,0.0
482.0,25783.0,72919.0,47136.0,23568.0,1.828181359810728,67.12189493963255,14153.970630009595,1.8216089798387918,0.0,0.0,1.0,inf,25783.0,inf,219.0,35.0,184.0,0.0,0.0,0.0,0.0,0.0,0.0
483.0,25821.0,73027.0,47206.0,23603.0,1.8282018512063825,67.12189493963255,14153.970630009595,1.8242937388363434,0.0,0.0,1.0,inf,25821.0,inf,218.0,38.0,180.0,0.0,0.0,0.0,0.0,0.0,0.0
484.0,25866.0,73158.0,47292.0,23646.0,1.828346091394108,67.12189493963255,14153.970630009595,1.8274730587018653,0.0,0.0,1.0,inf,25866.0,inf,220.0,45.0,175.0,0.0,0.0,0.0,0.0,0.0,0.0
485.0,25907.0,73271.0,47364.0,23682.0,1.8282317520361293,67.12189493963255,14153.970630009595,1.8303697723571182,0.0,0.0,1.0,inf,25907.0,inf,217.0,41.0,176.0,0.0,0.0,0.0,0.0,0.0,0.0
486.0,25939.0,73359.0,47420.0,23710.0,1.828135240371641,67.32044608554786,14237.831301728327,1.8218364475811193,0.0,0.0,1.0,inf,25939.0,inf,219.0,32.0,187.0,0.0,0.0,0.0,0.0,0.0,0.0
487.0,25981.0,73477.0,47496.0,23748.0,1.8281051537662139,67.32044608554786,14237.831301728327,1.8247863350400966,0.0,0.0,1.0,inf,25981.0,inf,219.0,42.0,177.0,0.0,0.0,0.0,0.0,0.0,0.0
488.0,26022.0,73596.0,47574.0,23787.0,1.8282222734609177,67.32044608554786,14237.831301728327,1.8276659870833836,0.0,0.0,1.0,inf,26022.0,inf,220.0,41.0,179.0,0.0,0.0,0.0,0.0,0.0,0.0
489.0,26071.0,73737.0,47666.0,23833.0,1.8283149859997698,67.32044608554786,14237.831301728327,1.8311075224521902,0.0,0.0,1.0,inf,26071.0,inf,216.0,49.0,167.0,0.0,0.0,0.0,0.0,0.0,0.0
490.0,26110.0,73852.0,47742.0,23871.0,1.8284948295672157,67.32044608554786,14237.831301728327,1.8338467036640975,0.0,0.0,1.0,inf,26110.0,inf,218.0,39.0,179.0,0.0,0.0,0.0,0.0,0.0,0.0
491.0,26153.0,73977.0,47824.0,23912.0,1.8286238672427637,67.32044608554786,14237.831301728327,1.8368668265387647,0.0,0.0,1.0,inf,26153.0,inf,219.0,43.0,176.0,0.0,0.0,0.0,0.0,0.0,0.0
492.0,26198.0,74110.0,47912.0,23956.0,1.828841896327964,67.32044608554786,14237.831301728327,1.8400274202448115,0.0,0.0,1.0,inf,26198.0,inf,219.0,45.0,174.0,0.0,0.0,0.0,0.0,0.0,0.0
493.0,26234.0,74218.0,47984.0,23992.0,1.8290767706030342,67.32044608554786,14237.831301728327,1.842555895209649,0.0,0.0,1.0,inf,26234.0,inf,218.0,36.0,182.0,0.0,0.0,0.0,0.0,0.0,0.0
494.0,26271.0,74321.0,48050.0,24025.0,1.8290129800921169,67.32044608554786,14237.831301728327,1.8451546055901764,0.0,0.0,1.0,inf,26271.0,inf,217.0,37.0,180.0,0.0,0.0,0.0,0.0,0.0,0.0
495.0,26307.0,74429.0,48122.0,24061.0,1.8292469684874748,67.32044608554786,14237.831301728327,1.847683080555014,0.0,0.0,1.0,inf,26307.0,inf,216.0,36.0,180.0,0.0,0.0,0.0,0.0,0.0,0.0
496.0,26349.0,74555.0,48206.0,24103.0,1.829519146836692,67.32044608554786,14237.831301728327,1.850632968013991,0.0,0.0,1.0,inf,26349.0,inf,218.0,42.0,176.0,0.0,0.0,0.0,0.0,0.0,0.0
497.0,26380.0,74638.0,48258.0,24129.0,1.8293404094010615,67.32044608554786,14237.831301728327,1.852810265900379,0.0,0.0,1.0,inf,26380.0,inf,220.0,31.0,189.0,0.0,0.0,0.0,0.0,0.0,0.0
498.0,26407.0,74713.0,48306.0,24153.0,1.8292876888703753,67.32044608554786,14237.831301728327,1.8547066221240072,0.0,0.0,1.0,inf,26407.0,inf,219.0,27.0,192.0,0.0,0.0,0.0,0.0,0.0,0.0
499.0,26442.0,74814.0,48372.0,24186.0,1.8293623780349444,67.74104728252894,14416.295836580584,1.834174346846076,0.0,0.0,1.0,inf,26442.0,inf,219.0,35.0,184.0,0.0,0.0,0.0,0.0,0.0,0.0
500.0,26482.0,74920.0,48438.0,24219.0,1.8290914583490674,67.74104728252894,14416.295836580584,1.8369489846901819,0.0,0.0,1.0,inf,26482.0,inf,218.0,40.0,178.0,0.0,0.0,0.0,0.0,0.0,0.0
501.0,26519.0,75021.0,48502.0,24251.0,1.8289528262755006,67.74104728252894,14416.295836580584,1.8395155246959796,0.0,0.0,1.0,inf,26519.0,inf,219.0,37.0,182.0,0.0,0.0,0.0,0.0,0.0,0.0
502.0,26565.0,75147.0,48582.0,24291.0,1.828797289666855,67.74104728252894,14416.295836580584,1.8427063582167011,0.0,0.0,1.0,inf,26565.0,inf,219.0,46.0,173.0,0.0,0.0,0.0,0.0,0.0,0.0
503.0,26593.0,75225.0,48632.0,24316.0,1.828751927198887,67.74104728252894,14416.295836580584,1.8446486047075752,0.0,0.0,1.0,inf,26593.0,inf,220.0,28.0,192.0,0.0,0.0,0.0,0.0,0.0,0.0
504.0,26626.0,75318.0,48692.0,24346.0,1.8287388267107338,67.74104728252894,14416.295836580584,1.8469376809289624,0.0,0.0,1.0,inf,26626.0,inf,220.0,33.0,187.0,0.0,0.0,0.0,0.0,0.0,0.0
505.0,26665.0,75435.0,48770.0,24385.0,1.8289893118319895,67.74104728252894,14416.295836580584,1.8496429528269653,0.0,0.0,1.0,inf,26665.0,inf,219.0,39.0,180.0,0.0,0.0,0.0,0.0,0.0,0.0
506.0,26712.0,75568.0,48856.0,24428.0,1.8289907157831686,67.74104728252894,14416.295836580584,1.8529031522937895,0.0,0.0,1.0,inf,26712.0,inf,219.0,47.0,172.0,0.0,0.0,0.0,0.0,0.0,0.0
507.0,26752.0,75686.0,48934.0,24467.0,1.8291716507177034,67.74104728252894,14416.295836580584,1.8556777901378954,0.0,0.0,1.0,inf,26752.0,inf,219.0,40.0,179.0,0.0,0.0,0.0,0.0,0.0,0.0
508.0,26795.0,75807.0,49012.0,24506.0,1.829147228960627,67.74104728252894,14416.295836580584,1.858660525820309,0.0,0.0,1.0,inf,26795.0,inf,218.0,43.0,175.0,0.0,0.0,0.0,0.0,0.0,0.0
509.0,26833.0,75919.0,49086.0,24543.0,1.829314649871427,67.74104728252894,14416.295836580584,1.8612964317722094,0.0,0.0,1.0,inf,26833.0,inf,220.0,38.0,182.0,0.0,0.0,0.0,0.0,0.0,0.0
510.0,26867.0,76021.0,49154.0,24577.0,1.829530650984479,67.74104728252894,14416.295836580584,1.8636548739396992,0.0,0.0,1.0,inf,26867.0,inf,218.0,34.0,184.0,0.0,0.0,0.0,0.0,0.0,0.0
511.0,26898.0,76106.0,49208.0,24604.0,1.8294296973752695,68.03407087263744,14541.285082268862,1.8497677370206083,0.0,0.0,1.0,inf,26898.0,inf,218.0,31.0,187.0,0.0,0.0,0.0,0.0,0.0,0.0
512.0,26932.0,76206.0,49274.0,24637.0,1.8295707708302391,68.03407087263744,14541.285082268862,1.8521059072584958,0.0,0.0,1.0,inf,26932.0,inf,220.0,34.0,186.0,0.0,0.0,0.0,0.0,0.0,0.0
513.0,26968.0,76306.0,49338.0,24669.0,1.8295016315633343,68.03407087263744,14541.285082268862,1.8545816169221414,0.0,0.0,1.0,inf,26968.0,inf,218.0,36.0,182.0,0.0,0.0,0.0,0.0,0.0,0.0
514.0,27002.0,76398.0,49396.0,24698.0,1.8293459743722686,68.69389636430996,14824.708884429416,1.821418566158864,0.0,0.0,1.0,inf,27002.0,inf,219.0,34.0,185.0,0.0,0.0,0.0,0.0,0.0,0.0
515.0,27026.0,76470.0,49444.0,24722.0,1.8294975209057944,68.69389636430996,14824.708884429416,1.823037484964427,0.0,0.0,1.0,inf,27026.0,inf,218.0,24.0,194.0,0.0,0.0,0.0,0.0,0.0,0.0
516.0,27058.0,76566.0,49508.0,24754.0,1.8296991647571883,68.69389636430996,14824.708884429416,1.8251960433718444,0.0,0.0,1.0,inf,27058.0,inf,220.0,32.0,188.0,0.0,0.0,0.0,0.0,0.0,0.0
517.0,27095.0,76673.0,49578.0,24789.0,1.8297840930060896,68.69389636430996,14824.708884429416,1.8276918765304209,0.0,0.0,1.0,inf,27095.0,inf,219.0,37.0,182.0,0.0,0.0,0.0,0.0,0.0,0.0
518.0,27126.0,76756.0,49630.0,24815.0,1.8296099682960998,68.69389636430996,14824.708884429416,1.8297829799876064,0.0,0.0,1.0,inf,27126.0,inf,220.0,31.0,189.0,0.0,0.0,0.0,0.0,0.0,0.0
519.0,27162.0,76860.0,49698.0,24849.0,1.829688535453943,68.69389636430996,14824.708884429416,1.832211358195951,0.0,0.0,1.0,inf,27162.0,inf,219.0,36.0,183.0,0.0,0.0,0.0,0.0,0.0,0.0
520.0,27187.0,76931.0,49744.0,24872.0,1.8296980174348034,68.69389636430996,14824.708884429416,1.8338977319517458,0.0,0.0,1.0,inf,27187.0,inf,219.0,25.0,194.0,0.0,0.0,0.0,0.0,0.0,0.0
521.0,27232.0,77062.0,49830.0,24915.0,1.8298325499412456,68.69389636430996,14824.708884429416,1.8369332047121765,0.0,0.0,1.0,inf,27232.0,inf,216.0,45.0,171.0,0.0,0.0,0.0,0.0,0.0,0.0
522.0,27271.0,77175.0,49904.0,24952.0,1.8299292288511606,68.69389636430996,14824.708884429416,1.8395639477712162,0.0,0.0,1.0,inf,27271.0,inf,219.0,39.0,180.0,0.0,0.0,0.0,0.0,0.0,0.0
523.0,27301.0,77263.0,49962.0,24981.0,1.830042855573056,68.69389636430996,14824.708884429416,1.84158759627817,0.0,0.0,1.0,inf,27301.0,inf,217.0,30.0,187.0,0.0,0.0,0.0,0.0,0.0,0.0
524.0,27327.0,77339.0,50012.0,25006.0,1.830131371903246,68.69389636430996,14824.708884429416,1.8433414249841966,0.0,0.0,1.0,inf,27327.0,inf,220.0,26.0,194.0,0.0,0.0,0.0,0.0,0.0,0.0
525.0,27359.0,77431.0,50072.0,25036.0,1.8301838517489675,68.69389636430996,14824.708884429416,1.8454999833916141,0.0,0.0,1.0,inf,27359.0,inf,217.0,32.0,185.0,0.0,0.0,0.0,0.0,0.0,0.0
526.0,27406.0,77564.0,50158.0,25079.0,1.8301831715682697,68.69389636430996,14824.708884429416,1.8486703660525083,0.0,0.0,1.0,inf,27406.0,inf,219.0,47.0,172.0,0.0,0.0,0.0,0.0,0.0,0.0
527.0,27448.0,77684.0,50236.0,25118.0,1.8302244243660741,68.69389636430996,14824.708884429416,1.8515034739622436,0.0,0.0,1.0,inf,27448.0,inf,216.0,42.0,174.0,0.0,0.0,0.0,0.0,0.0,0.0
528.0,27490.0,77808.0,50318.0,25159.0,1.8304110585667515,68.69389636430996,14824.708884429416,1.8543365818719788,0.0,0.0,1.0,inf,27490.0,inf,219.0,42.0,177.0,0.0,0.0,0.0,0.0,0.0,0.0
529.0,27520.0,77894.0,50374.0,25187.0,1.8304505813953489,68.69389636430996,14824.708884429416,1.8563602303789326,0.0,0.0,1.0,inf,27520.0,inf,219.0,30.0,189.0,0.0,0.0,0.0,0.0,0.0,0.0
530.0,27555.0,77991.0,50436.0,25218.0,1.8303756124115405,68.69389636430996,14824.708884429416,1.8587211536370454,0.0,0.0,1.0,inf,27555.0,inf,219.0,35.0,184.0,0.0,0.0,0.0,0.0,0.0,0.0
531.0,27598.0,78114.0,50516.0,25258.0,1.830422494383651,68.69389636430996,14824.708884429416,1.8616217164970126,0.0,0.0,1.0,inf,27598.0,inf,220.0,43.0,177.0,0.0,0.0,0.0,0.0,0.0,0.0
532.0,27636.0,78220.0,50584.0,25292.0,1.830366189028803,68.69389636430996,14824.708884429416,1.8641850046058206,0.0,0.0,1.0,inf,27636.0,inf,219.0,38.0,181.0,0.0,0.0,0.0,0.0,0.0,0.0
533.0,27672.0,78320.0,50648.0,25324.0,1.8302977739230992,68.69389636430996,14824.708884429416,1.8666133828141651,0.0,0.0,1.0,inf,27672.0,inf,220.0,36.0,184.0,0.0,0.0,0.0,0.0,0.0,0.0
534.0,27703.0,78407.0,50704.0,25352.0,1.8302710897736707,68.69389636430996,14824.708884429416,1.8687044862713507,0.0,0.0,1.0,inf,27703.0,inf,219.0,31.0,188.0,0.0,0.0,0.0,0.0,0.0,0.0
535.0,27737.0,78503.0,50766.0,25383.0,1.830262825828316,68.69389636430996,14824.708884429416,1.8709979545792317,0.0,0.0,1.0,inf,27737.0,inf,220.0,34.0,186.0,0.0,0.0,0.0,0.0,0.0,0.0
536.0,27786.0,78640.0,50854.0,25427.0,1.8302022601310013,69.60392800554412,15220.095272201685,1.825612750975939,0.0,0.0,1.0,inf,27786.0,inf,220.0,49.0,171.0,0.0,0.0,0.0,0.0,0.0,0.0
537.0,27823.0,78747.0,50924.0,25462.0,1.8302842971642166,69.60392800554412,15220.095272201685,1.8280437475852425,0.0,0.0,1.0,inf,27823.0,inf,218.0,37.0,181.0,0.0,0.0,0.0,0.0,0.0,0.0
538.0,27861.0,78857.0,50996.0,25498.0,1.8303722048741968,69.60392800554412,15220.095272201685,1.8305404468056083,0.0,0.0,1.0,inf,27861.0,inf,219.0,38.0,181.0,0.0,0.0,0.0,0.0,0.0,0.0
539.0,27901.0,78969.0,51068.0,25534.0,1.8303286620551236,69.60392800554412,15220.095272201685,1.8331685512480989,0.0,0.0,1.0,inf,27901.0,inf,218.0,40.0,178.0,0.0,0.0,0.0,0.0,0.0,0.0
540.0,27940.0,79072.0,51132.0,25566.0,1.830064423765211,69.60392800554412,15220.095272201685,1.835730953079527,0.0,0.0,1.0,inf,27940.0,inf,218.0,39.0,179.0,0.0,0.0,0.0,0.0,0.0,0.0
541.0,27985.0,79193.0,51208.0,25604.0,1.8298374128997676,69.60392800554412,15220.095272201685,1.8386875705773287,0.0,0.0,1.0,inf,27985.0,inf,217.0,45.0,172.0,0.0,0.0,0.0,0.0,0.0,0.0
542.0,28027.0,79309.0,51282.0,25641.0,1.8297356120883435,69.60392800554412,15220.095272201685,1.8414470802419434,0.0,0.0,1.0,inf,28027.0,inf,218.0,42.0,176.0,0.0,0.0,0.0,0.0,0.0,0.0
543.0,28076.0,79456.0,51380.0,25690.0,1.8300327682005983,69.60392800554412,15220.095272201685,1.8446665081839941,0.0,0.0,1.0,inf,28076.0,inf,220.0,49.0,171.0,0.0,0.0,0.0,0.0,0.0,0.0
544.0,28123.0,79593.0,51470.0,25735.0,1.8301745901930804,69.60392800554412,15220.095272201685,1.8477545309039203,0.0,0.0,1.0,inf,28123.0,inf,217.0,47.0,170.0,0.0,0.0,0.0,0.0,0.0,0.0
545.0,28161.0,79695.0,51534.0,25767.0,1.8299776286353469,69.60392800554412,15220.095272201685,1.8502512301242862,0.0,0.0,1.0,inf,28161.0,inf,217.0,38.0,179.0,0.0,0.0,0.0,0.0,0.0,0.0
546.0,28201.0,79811.0,51610.0,25805.0,1.8300769476259706,69.60392800554412,15220.095272201685,1.8528793345667767,0.0,0.0,1.0,inf,28201.0,inf,220.0,40.0,180.0,0.0,0.0,0.0,0.0,0.0,0.0
547.0,28241.0,79931.0,51690.0,25845.0,1.830317623313622,69.60392800554412,15220.095272201685,1.855507439009267,0.0,0.0,1.0,inf,28241.0,inf,220.0,40.0,180.0,0.0,0.0,0.0,0.0,0.0,0.0
548.0,28276.0,80034.0,51758.0,25879.0,1.830456924600368,69.60392800554412,15220.095272201685,1.857807030396446,0.0,0.0,1.0,inf,28276.0,inf,218.0,35.0,183.0,0.0,0.0,0.0,0.0,0.0,0.0
549.0,28309.0,80129.0,51820.0,25910.0,1.8305132643328976,69.60392800554412,15220.095272201685,1.8599752165615007,0.0,0.0,1.0,inf,28309.0,inf,219.0,33.0,186.0,0.0,0.0,0.0,0.0,0.0,0.0
550.0,28345.0,80227.0,51882.0,25941.0,1.8303757276415593,69.60392800554412,15220.095272201685,1.862340510559742,0.0,0.0,1.0,inf,28345.0,inf,219.0,36.0,183.0,0.0,0.0,0.0,0.0,0.0,0.0
551.0,28389.0,80353.0,51964.0,25982.0,1.8304272781711226,69.60392800554412,15220.095272201685,1.8652314254464815,0.0,0.0,1.0,inf,28389.0,inf,218.0,44.0,174.0,0.0,0.0,0.0,0.0,0.0,0.0
552.0,28422.0,80446.0,52024.0,26012.0,1.8304130603053972,69.60392800554412,15220.095272201685,1.867399611611536,0.0,0.0,1.0,inf,28422.0,inf,218.0,33.0,185.0,0.0,0.0,0.0,0.0,0.0,0.0
553.0,28455.0,80541.0,52086.0,26043.0,1.8304691618344755,69.60392800554412,15220.095272201685,1.8695677977765905,0.0,0.0,1.0,inf,28455.0,inf,220.0,33.0,187.0,0.0,0.0,0.0,0.0,0.0,0.0
554.0,28487.0,80631.0,52144.0,26072.0,1.830448976726226,69.60392800554412,15220.095272201685,1.8716702813305828,0.0,0.0,1.0,inf,28487.0,inf,220.0,32.0,188.0,0.0,0.0,0.0,0.0,0.0,0.0
555.0,28524.0,80736.0,52212.0,26106.0,1.8304585612116113,69.60392800554412,15220.095272201685,1.8741012779398865,0.0,0.0,1.0,inf,28524.0,inf,220.0,37.0,183.0,0.0,0.0,0.0,0.0,0.0,0.0
556.0,28564.0,80854.0,52290.0,26145.0,1.830625962750315,69.60392800554412,15220.095272201685,1.8767293823823767,0.0,0.0,1.0,inf,28564.0,inf,219.0,40.0,179.0,0.0,0.0,0.0,0.0,0.0,0.0
557.0,28597.0,80949.0,52352.0,26176.0,1.8306815400216805,69.60392800554412,15220.095272201685,1.8788975685474314,0.0,0.0,1.0,inf,28597.0,inf,219.0,33.0,186.0,0.0,0.0,0.0,0.0,0.0,0.0
558.0,28631.0,81049.0,52418.0,26209.0,1.8308127554049807,69.60392800554412,15220.095272201685,1.8811314573235483,0.0,0.0,1.0,inf,28631.0,inf,219.0,34.0,185.0,0.0,0.0,0.0,0.0,0.0,0.0
559.0,28662.0,81138.0,52476.0,26238.0,1.8308561858907264,69.60392800554412,15220.095272201685,1.8831682382664783,0.0,0.0,1.0,inf,28662.0,inf,218.0,31.0,187.0,0.0,0.0,0.0,0.0,0.0,0.0
560.0,28698.0,81238.0,52540.0,26270.0,1.8307896020628616,69.60392800554412,15220.095272201685,1.8855335322647195,0.0,0.0,1.0,inf,28698.0,inf,219.0,36.0,183.0,0.0,0.0,0.0,0.0,0.0,0.0
561.0,28743.0,81363.0,52620.0,26310.0,1.8307066068260098,69.60392800554412,15220.095272201685,1.8884901497625213,0.0,0.0,1.0,inf,28743.0,inf,219.0,45.0,174.0,0.0,0.0,0.0,0.0,0.0,0.0
562.0,28781.0,81473.0,52692.0,26346.0,1.8307911469372156,69.60392800554412,15220.095272201685,1.890986848982887,0.0,0.0,1.0,inf,28781.0,inf,217.0,38.0,179.0,0.0,0.0,0.0,0.0,0.0,0.0
563.0,28816.0,81572.0,52756.0,26378.0,1.830788450860633,69.60392800554412,15220.095272201685,1.8932864403700662,0.0,0.0,1.0,inf,28816.0,inf,218.0,35.0,183.0,0.0,0.0,0.0,0.0,0.0,0.0
564.0,28858.0,81692.0,52834.0,26417.0,1.8308268071245408,69.60392800554412,15220.095272201685,1.8960459500346811,0.0,0.0,1.0,inf,28858.0,inf,217.0,42.0,175.0,0.0,0.0,0.0,0.0,0.0,0.0
565.0,28900.0,81810.0,52910.0,26455.0,1.830795847750865,69.60392800554412,15220.095272201685,1.8988054596992958,0.0,0.0,1.0,inf,28900.0,inf,217.0,42.0,175.0,0.0,0.0,0.0,0.0,0.0,0.0
566.0,28946.0,81938.0,52992.0,26496.0,1.8307192703655082,69.60392800554412,15220.095272201685,1.9018277798081598,0.0,0.0,1.0,inf,28946.0,inf,220.0,46.0,174.0,0.0,0.0,0.0,0.0,0.0,0.0
567.0,28973.0,82013.0,53040.0,26520.0,1.830669934076554,69.60392800554412,15220.095272201685,1.9036017503068408,0.0,0.0,1.0,inf,28973.0,inf,218.0,27.0,191.0,0.0,0.0,0.0,0.0,0.0,0.0
568.0,29012.0,82126.0,53114.0,26557.0,1.8307596856473183,69.60392800554412,15220.095272201685,1.906164152138269,0.0,0.0,1.0,inf,29012.0,inf,217.0,39.0,178.0,0.0,0.0,0.0,0.0,0.0,0.0
569.0,29040.0,82210.0,53170.0,26585.0,1.830922865013774,69.60392800554412,15220.095272201685,1.9080038252480123,0.0,0.0,1.0,inf,29040.0,inf,220.0,28.0,192.0,0.0,0.0,0.0,0.0,0.0,0.0
570.0,29075.0,82305.0,53230.0,26615.0,1.8307824591573516,69.60392800554412,15220.095272201685,1.9103034166351913,0.0,0.0,1.0,inf,29075.0,inf,219.0,35.0,184.0,0.0,0.0,0.0,0.0,0.0,0.0
571.0,29102.0,82386.0,53284.0,26642.0,1.8309394543330355,69.60392800554412,15220.095272201685,1.9120773871338723,0.0,0.0,1.0,inf,29102.0,inf,219.0,27.0,192.0,0.0,0.0,0.0,0.0,0.0,0.0
572.0,29141.0,82499.0,53358.0,26679.0,1.8310284478912873,69.60392800554412,15220.095272201685,1.9146397889653004,0.0,0.0,1.0,inf,29141.0,inf,219.0,39.0,180.0,0.0,0.0,0.0,0.0,0.0,0.0
573.0,29172.0,82588.0,53416.0,26708.0,1.8310708898944192,69.60392800554412,15220.095272201685,1.9166765699082304,0.0,0.0,1.0,inf,29172.0,inf,220.0,31.0,189.0,0.0,0.0,0.0,0.0,0.0,0.0
574.0,29206.0,82690.0,53484.0,26742.0,1.831267547764158,69.60392800554412,15220.095272201685,1.9189104586843473,0.0,0.0,1.0,inf,29206.0,inf,219.0,34.0,185.0,0.0,0.0,0.0,0.0,0.0,0.0
575.0,29236.0,82776.0,53540.0,26770.0,1.8313038719387058,69.60392800554412,15220.095272201685,1.9208815370162151,0.0,0.0,1.0,inf,29236.0,inf,220.0,30.0,190.0,0.0,0.0,0.0,0.0,0.0,0.0
576.0,29268.0,82868.0,53600.0,26800.0,1.831351646849802,69.60392800554412,15220.095272201685,1.9229840205702073,0.0,0.0,1.0,inf,29268.0,inf,220.0,32.0,188.0,0.0,0.0,0.0,0.0,0.0,0.0
577.0,29307.0,82977.0,53670.0,26835.0,1.8313031016480705,69.60392800554412,15220.095272201685,1.9255464224016354,0.0,0.0,1.0,inf,29307.0,inf,219.0,39.0,180.0,0.0,0.0,0.0,0.0,0.0,0.0
578.0,29344.0,83086.0,53742.0,26871.0,1.831447655398037,70.34775678475121,15547.135352840067,1.8874216589771695,0.0,0.0,1.0,inf,29344.0,inf,218.0,37.0,181.0,0.0,0.0,0.0,0.0,0.0,0.0
579.0,29378.0,83186.0,53808.0,26904.0,1.8315746476955546,70.34775678475121,15547.135352840067,1.8896085570280563,0.0,0.0,1.0,inf,29378.0,inf,218.0,34.0,184.0,0.0,0.0,0.0,0.0,0.0,0.0
580.0,29417.0,83303.0,53886.0,26943.0,1.831797939966686,70.34775678475121,15547.135352840067,1.8921170577334854,0.0,0.0,1.0,inf,29417.0,inf,219.0,39.0,180.0,0.0,0.0,0.0,0.0,0.0,0.0
581.0,29463.0,83437.0,53974.0,26987.0,1.8319247870210094,70.34775678475121,15547.135352840067,1.8950758021552734,0.0,0.0,1.0,inf,29463.0,inf,218.0,46.0,172.0,0.0,0.0,0.0,0.0,0.0,0.0
582.0,29492.0,83520.0,54028.0,27014.0,1.8319544283195444,70.34775678475121,15547.135352840067,1.896941097551618,0.0,0.0,1.0,inf,29492.0,inf,218.0,29.0,189.0,0.0,0.0,0.0,0.0,0.0,0.0
583.0,29534.0,83642.0,54108.0,27054.0,1.832057967088779,70.34775678475121,15547.135352840067,1.8996425598497724,0.0,0.0,1.0,inf,29534.0,inf,220.0,42.0,178.0,0.0,0.0,0.0,0.0,0.0,0.0
584.0,29575.0,83757.0,54182.0,27091.0,1.8320202874049027,70.34775678475121,15547.135352840067,1.9022797016170183,0.0,0.0,1.0,inf,29575.0,inf,218.0,41.0,177.0,0.0,0.0,0.0,0.0,0.0,0.0
585.0,29612.0,83864.0,54252.0,27126.0,1.8320950965824665,70.34775678475121,15547.135352840067,1.9046595612606305,0.0,0.0,1.0,inf,29612.0,inf,217.0,37.0,180.0,0.0,0.0,0.0,0.0,0.0,0.0
586.0,29650.0,83974.0,54324.0,27162.0,1.8321753794266442,70.34775678475121,15547.135352840067,1.907103741435151,0.0,0.0,1.0,inf,29650.0,inf,218.0,38.0,180.0,0.0,0.0,0.0,0.0,0.0,0.0
587.0,29690.0,84092.0,54402.0,27201.0,1.8323341192320646,70.34775678475121,15547.135352840067,1.9096765626714887,0.0,0.0,1.0,inf,29690.0,inf,219.0,40.0,179.0,0.0,0.0,0.0,0.0,0.0,0.0
588.0,29724.0,84186.0,54462.0,27231.0,1.8322567622123536,70.34775678475121,15547.135352840067,1.9118634607223755,0.0,0.0,1.0,inf,29724.0,inf,218.0,34.0,184.0,0.0,0.0,0.0,0.0,0.0,0.0
589.0,29754.0,84272.0,54518.0,27259.0,1.832291456610876,70.89309867066252,15789.115127346062,1.8844627935144613,0.0,0.0,1.0,inf,29754.0,inf,219.0,30.0,189.0,0.0,0.0,0.0,0.0,0.0,0.0
590.0,29784.0,84360.0,54576.0,27288.0,1.8323932312651088,70.89309867066252,15789.115127346062,1.886362836661784,0.0,0.0,1.0,inf,29784.0,inf,219.0,30.0,189.0,0.0,0.0,0.0,0.0,0.0,0.0
591.0,29828.0,84488.0,54660.0,27330.0,1.8325063698538286,70.89309867066252,15789.115127346062,1.8891495666111902,0.0,0.0,1.0,inf,29828.0,inf,220.0,44.0,176.0,0.0,0.0,0.0,0.0,0.0,0.0
592.0,29870.0,84600.0,54730.0,27365.0,1.8322731837964512,70.89309867066252,15789.115127346062,1.8918096270174418,0.0,0.0,1.0,inf,29870.0,inf,218.0,42.0,176.0,0.0,0.0,0.0,0.0,0.0,0.0
593.0,29902.0,84696.0,54794.0,27397.0,1.8324526787505853,70.89309867066252,15789.115127346062,1.893836339707919,0.0,0.0,1.0,inf,29902.0,inf,218.0,32.0,186.0,0.0,0.0,0.0,0.0,0.0,0.0
594.0,29943.0,84813.0,54870.0,27435.0,1.832481715258992,70.89309867066252,15789.115127346062,1.8964330653425931,0.0,0.0,1.0,inf,29943.0,inf,220.0,41.0,179.0,0.0,0.0,0.0,0.0,0.0,0.0
595.0,29975.0,84905.0,54930.0,27465.0,1.8325271059216013,70.89309867066252,15789.115127346062,1.8984597780330705,0.0,0.0,1.0,inf,29975.0,inf,219.0,32.0,187.0,0.0,0.0,0.0,0.0,0.0,0.0
596.0,30005.0,84987.0,54982.0,27491.0,1.8324279286785536,70.89309867066252,15789.115127346062,1.900359821180393,0.0,0.0,1.0,inf,30005.0,inf,218.0,30.0,188.0,0.0,0.0,0.0,0.0,0.0,0.0
597.0,30040.0,85088.0,55048.0,27524.0,1.8324900133155793,70.89309867066252,15789.115127346062,1.9025765381856026,0.0,0.0,1.0,inf,30040.0,inf,220.0,35.0,185.0,0.0,0.0,0.0,0.0,0.0,0.0
598.0,30077.0,85191.0,55114.0,27557.0,1.8324300960867108,70.89309867066252,15789.115127346062,1.904919924733967,0.0,0.0,1.0,inf,30077.0,inf,219.0,37.0,182.0,0.0,0.0,0.0,0.0,0.0,0.0
599.0,30121.0,85315.0,55194.0,27597.0,1.83240928256034,71.13075204916369,15895.151569870573,1.8949803572238135,0.0,0.0,1.0,inf,30121.0,inf,220.0,44.0,176.0,0.0,0.0,0.0,0.0,0.0,0.0
600.0,30154.0,85410.0,55256.0,27628.0,1.8324600384691916,71.13075204916369,15895.151569870573,1.8970564619941859,0.0,0.0,1.0,inf,30154.0,inf,220.0,33.0,187.0,0.0,0.0,0.0,0.0,0.0,0.0
601.0,30197.0,85531.0,55334.0,27667.0,1.8324336854654435,71.13075204916369,15895.151569870573,1.8997616894222469,0.0,0.0,1.0,inf,30197.0,inf,220.0,43.0,177.0,0.0,0.0,0.0,0.0,0.0,0.0
602.0,30234.0,85634.0,55400.0,27700.0,1.83237414830985,71.13075204916369,15895.151569870573,1.9020894432556947,0.0,0.0,1.0,inf,30234.0,inf,220.0,37.0,183.0,0.0,0.0,0.0,0.0,0.0,0.0
603.0,30276.0,85754.0,55478.0,27739.0,1.8324085083894834,71.13075204916369,15895.151569870573,1.9047317584179868,0.0,0.0,1.0,inf,30276.0,inf,218.0,42.0,176.0,0.0,0.0,0.0,0.0,0.0,0.0
604.0,30315.0,85865.0,55550.0,27775.0,1.8324261916542965,71.13075204916369,15895.151569870573,1.9071853367829723,0.0,0.0,1.0,inf,30315.0,inf,220.0,39.0,181.0,0.0,0.0,0.0,0.0,0.0,0.0
605.0,30364.0,86008.0,55644.0,27822.0,1.8325648794625213,71.13075204916369,15895.151569870573,1.9102680378056465,0.0,0.0,1.0,inf,30364.0,inf,216.0,49.0,167.0,0.0,0.0,0.0,0.0,0.0,0.0
606.0,30406.0,86128.0,55722.0,27861.0,1.8325988291784516,71.13075204916369,15895.151569870573,1.9129103529679385,0.0,0.0,1.0,inf,30406.0,inf,219.0,42.0,177.0,0.0,0.0,0.0,0.0,0.0,0.0
607.0,30450.0,86252.0,55802.0,27901.0,1.8325779967159277,71.13075204916369,15895.151569870573,1.9156784926617683,0.0,0.0,1.0,inf,30450.0,inf,216.0,44.0,172.0,0.0,0.0,0.0,0.0,0.0,0.0
608.0,30498.0,86386.0,55888.0,27944.0,1.8325136074496688,71.13075204916369,15895.151569870573,1.9186982814186735,0.0,0.0,1.0,inf,30498.0,inf,220.0,48.0,172.0,0.0,0.0,0.0,0.0,0.0,0.0
609.0,30530.0,86472.0,55942.0,27971.0,1.832361611529643,71.13075204916369,15895.151569870573,1.9207114739232771,0.0,0.0,1.0,inf,30530.0,inf,218.0,32.0,186.0,0.0,0.0,0.0,0.0,0.0,0.0
610.0,30575.0,86599.0,56024.0,28012.0,1.832346688470973,71.13075204916369,15895.151569870573,1.9235425258828758,0.0,0.0,1.0,inf,30575.0,inf,219.0,45.0,174.0,0.0,0.0,0.0,0.0,0.0,0.0
611.0,30609.0,86691.0,56082.0,28041.0,1.832206213858669,71.13075204916369,15895.151569870573,1.9256815429190168,0.0,0.0,1.0,inf,30609.0,inf,218.0,34.0,184.0,0.0,0.0,0.0,0.0,0.0,0.0
612.0,30651.0,86811.0,56160.0,28080.0,1.8322403836742684,71.13075204916369,15895.151569870573,1.9283238580813091,0.0,0.0,1.0,inf,30651.0,inf,220.0,42.0,178.0,0.0,0.0,0.0,0.0,0.0,0.0
613.0,30693.0,86933.0,56240.0,28120.0,1.8323396214120484,71.13075204916369,15895.151569870573,1.9309661732436012,0.0,0.0,1.0,inf,30693.0,inf,220.0,42.0,178.0,0.0,0.0,0.0,0.0,0.0,0.0
614.0,30734.0,87042.0,56308.0,28154.0,1.8321077633890805,71.13075204916369,15895.151569870573,1.9335455761401243,0.0,0.0,1.0,inf,30734.0,inf,218.0,41.0,177.0,0.0,0.0,0.0,0.0,0.0,0.0
615.0,30775.0,87155.0,56380.0,28190.0,1.8320064987814784,71.13075204916369,15895.151569870573,1.9361249790366475,0.0,0.0,1.0,inf,30775.0,inf,218.0,41.0,177.0,0.0,0.0,0.0,0.0,0.0,0.0
616.0,30808.0,87246.0,56438.0,28219.0,1.8319267722669437,71.13075204916369,15895.151569870573,1.93820108380702,0.0,0.0,1.0,inf,30808.0,inf,217.0,33.0,184.0,0.0,0.0,0.0,0.0,0.0,0.0
617.0,30858.0,87386.0,56528.0,28264.0,1.831875040508134,71.13075204916369,15895.151569870573,1.941346697095463,0.0,0.0,1.0,inf,30858.0,inf,219.0,50.0,169.0,0.0,0.0,0.0,0.0,0.0,0.0
618.0,30897.0,87499.0,56602.0,28301.0,1.8319577952552029,71.13075204916369,15895.151569870573,1.9438002754604484,0.0,0.0,1.0,inf,30897.0,inf,219.0,39.0,180.0,0.0,0.0,0.0,0.0,0.0,0.0
619.0,30929.0,87589.0,56660.0,28330.0,1.8319376636813347,71.13075204916369,15895.151569870573,1.9458134679650518,0.0,0.0,1.0,inf,30929.0,inf,219.0,32.0,187.0,0.0,0.0,0.0,0.0,0.0,0.0
620.0,30968.0,87698.0,56730.0,28365.0,1.831890984241798,71.76410105109818,16179.472970244457,1.9140302070996384,0.0,0.0,1.0,inf,30968.0,inf,219.0,39.0,180.0,0.0,0.0,0.0,0.0,0.0,0.0
621.0,31016.0,87838.0,56822.0,28411.0,1.8320221820995615,71.76410105109818,16179.472970244457,1.9169969291979587,0.0,0.0,1.0,inf,31016.0,inf,218.0,48.0,170.0,0.0,0.0,0.0,0.0,0.0,0.0
622.0,31060.0,87966.0,56906.0,28453.0,1.8321313586606567,71.76410105109818,16179.472970244457,1.9197164244547524,0.0,0.0,1.0,inf,31060.0,inf,217.0,44.0,173.0,0.0,0.0,0.0,0.0,0.0,0.0
623.0,31112.0,88112.0,57000.0,28500.0,1.8320905116996657,71.76410105109818,16179.472970244457,1.9229303733945993,0.0,0.0,1.0,inf,31112.0,inf,220.0,52.0,168.0,0.0,0.0,0.0,0.0,0.0,0.0
624.0,31152.0,88224.0,57072.0,28536.0,1.8320493066255779,72.36460664834952,16451.378115057167,1.8935799652849783,0.0,0.0,1.0,inf,31152.0,inf,219.0,40.0,179.0,0.0,0.0,0.0,0.0,0.0,0.0
625.0,31189.0,88325.0,57136.0,28568.0,1.831927923306294,72.36460664834952,16451.378115057167,1.8958290169900227,0.0,0.0,1.0,inf,31189.0,inf,218.0,37.0,181.0,0.0,0.0,0.0,0.0,0.0,0.0
626.0,31231.0,88447.0,57216.0,28608.0,1.8320258717300117,72.36460664834952,16451.378115057167,1.8983819946011542,0.0,0.0,1.0,inf,31231.0,inf,220.0,42.0,178.0,0.0,0.0,0.0,0.0,0.0,0.0
627.0,31265.0,88545.0,57280.0,28640.0,1.8320806013113706,72.36460664834952,16451.378115057167,1.9004486907625464,0.0,0.0,1.0,inf,31265.0,inf,220.0,34.0,186.0,0.0,0.0,0.0,0.0,0.0,0.0
628.0,31305.0,88653.0,57348.0,28674.0,1.8319118351701007,72.36460664834952,16451.378115057167,1.902880098011243,0.0,0.0,1.0,inf,31305.0,inf,220.0,40.0,180.0,0.0,0.0,0.0,0.0,0.0,0.0
629.0,31343.0,88761.0,57418.0,28709.0,1.831924193599847,72.72497342038879,16615.637743473846,1.8863555214611396,0.0,0.0,1.0,inf,31343.0,inf,220.0,38.0,182.0,0.0,0.0,0.0,0.0,0.0,0.0
630.0,31394.0,88906.0,57512.0,28756.0,1.831942409377588,72.72497342038879,16615.637743473846,1.889424919144658,0.0,0.0,1.0,inf,31394.0,inf,218.0,51.0,167.0,0.0,0.0,0.0,0.0,0.0,0.0
631.0,31435.0,89025.0,57590.0,28795.0,1.8320343566088755,72.72497342038879,16615.637743473846,1.8918924741451337,0.0,0.0,1.0,inf,31435.0,inf,215.0,41.0,174.0,0.0,0.0,0.0,0.0,0.0,0.0
632.0,31470.0,89130.0,57660.0,28830.0,1.8322211630123928,72.72497342038879,16615.637743473846,1.8939989235357835,0.0,0.0,1.0,inf,31470.0,inf,217.0,35.0,182.0,0.0,0.0,0.0,0.0,0.0,0.0
633.0,31514.0,89254.0,57740.0,28870.0,1.8322015612108904,72.72497342038879,16615.637743473846,1.896647031341172,0.0,0.0,1.0,inf,31514.0,inf,217.0,44.0,173.0,0.0,0.0,0.0,0.0,0.0,0.0
634.0,31550.0,89358.0,57808.0,28904.0,1.8322662440570523,72.72497342038879,16615.637743473846,1.8988136650001262,0.0,0.0,1.0,inf,31550.0,inf,218.0,36.0,182.0,0.0,0.0,0.0,0.0,0.0,0.0
635.0,31591.0,89475.0,57884.0,28942.0,1.832294007787028,72.72497342038879,16615.637743473846,1.9012812200006017,0.0,0.0,1.0,inf,31591.0,inf,220.0,41.0,179.0,0.0,0.0,0.0,0.0,0.0,0.0
636.0,31626.0,89574.0,57948.0,28974.0,1.8322898880667804,72.72497342038879,16615.637743473846,1.9033876693912517,0.0,0.0,1.0,inf,31626.0,inf,219.0,35.0,184.0,0.0,0.0,0.0,0.0,0.0,0.0
637.0,31672.0,89706.0,58034.0,29017.0,1.8323440262692599,72.72497342038879,16615.637743473846,1.9061561457332488,0.0,0.0,1.0,inf,31672.0,inf,218.0,46.0,172.0,0.0,0.0,0.0,0.0,0.0,0.0
638.0,31718.0,89840.0,58122.0,29061.0,1.832461063118734,72.72497342038879,16615.637743473846,1.9089246220752456,0.0,0.0,1.0,inf,31718.0,inf,219.0,46.0,173.0,0.0,0.0,0.0,0.0,0.0,0.0
639.0,31756.0,89944.0,58188.0,29094.0,1.8323466431540496,72.72497342038879,16615.637743473846,1.9112116242708084,0.0,0.0,1.0,inf,31756.0,inf,219.0,38.0,181.0,0.0,0.0,0.0,0.0,0.0,0.0
640.0,31793.0,90047.0,58254.0,29127.0,1.8322901267574623,72.72497342038879,16615.637743473846,1.913438442198067,0.0,0.0,1.0,inf,31793.0,inf,220.0,37.0,183.0,0.0,0.0,0.0,0.0,0.0,0.0
641.0,31838.0,90178.0,58340.0,29170.0,1.8324015327595955,72.72497342038879,16615.637743473846,1.9161467342717597,0.0,0.0,1.0,inf,31838.0,inf,219.0,45.0,174.0,0.0,0.0,0.0,0.0,0.0,0.0
642.0,31868.0,90260.0,58392.0,29196.0,1.8323082716204342,72.72497342038879,16615.637743473846,1.9179522623208882,0.0,0.0,1.0,inf,31868.0,inf,219.0,30.0,189.0,0.0,0.0,0.0,0.0,0.0,0.0
643.0,31908.0,90374.0,58466.0,29233.0,1.8323304500438762,72.72497342038879,16615.637743473846,1.9203596330530595,0.0,0.0,1.0,inf,31908.0,inf,220.0,40.0,180.0,0.0,0.0,0.0,0.0,0.0,0.0
644.0,31942.0,90476.0,58534.0,29267.0,1.8325089224218898,72.72497342038879,16615.637743473846,1.922405898175405,0.0,0.0,1.0,inf,31942.0,inf,217.0,34.0,183.0,0.0,0.0,0.0,0.0,0.0,0.0
645.0,31975.0,90571.0,58596.0,29298.0,1.832556684910086,72.72497342038879,16615.637743473846,1.9243919790294464,0.0,0.0,1.0,inf,31975.0,inf,220.0,33.0,187.0,0.0,0.0,0.0,0.0,0.0,0.0
646.0,32024.0,90706.0,58682.0,29341.0,1.8324381713714715,72.72497342038879,16615.637743473846,1.9273410081763562,0.0,0.0,1.0,inf,32024.0,inf,216.0,49.0,167.0,0.0,0.0,0.0,0.0,0.0,0.0
647.0,32061.0,90811.0,58750.0,29375.0,1.8324444028570537,72.72497342038879,16615.637743473846,1.9295678261036147,0.0,0.0,1.0,inf,32061.0,inf,218.0,37.0,181.0,0.0,0.0,0.0,0.0,0.0,0.0
648.0,32105.0,90933.0,58828.0,29414.0,1.8323625603488554,72.72497342038879,16615.637743473846,1.9322159339090033,0.0,0.0,1.0,inf,32105.0,inf,219.0,44.0,175.0,0.0,0.0,0.0,0.0,0.0,0.0
649.0,32140.0,91032.0,58892.0,29446.0,1.8323584318606099,72.72497342038879,16615.637743473846,1.934322383299653,0.0,0.0,1.0,inf,32140.0,inf,219.0,35.0,184.0,0.0,0.0,0.0,0.0,0.0,0.0
650.0,32178.0,91140.0,58962.0,29481.0,1.8323699421965318,72.72497342038879,16615.637743473846,1.9366093854952158,0.0,0.0,1.0,inf,32178.0,inf,219.0,38.0,181.0,0.0,0.0,0.0,0.0,0.0,0.0
651.0,32223.0,91269.0,59046.0,29523.0,1.8324178381901126,72.72497342038879,16615.637743473846,1.9393176775689085,0.0,0.0,1.0,inf,32223.0,inf,219.0,45.0,174.0,0.0,0.0,0.0,0.0,0.0,0.0
652.0,32260.0,91376.0,59116.0,29558.0,1.8324860508369498,72.72497342038879,16615.637743473846,1.9415444954961671,0.0,0.0,1.0,inf,32260.0,inf,218.0,37.0,181.0,0.0,0.0,0.0,0.0,0.0,0.0
653.0,32296.0,91482.0,59186.0,29593.0,1.8326108496408224,72.72497342038879,16615.637743473846,1.9437111291551212,0.0,0.0,1.0,inf,32296.0,inf,219.0,36.0,183.0,0.0,0.0,0.0,0.0,0.0,0.0
654.0,32344.0,91618.0,59274.0,29637.0,1.8326119218402177,72.72497342038879,16615.637743473846,1.9465999740337268,0.0,0.0,1.0,inf,32344.0,inf,220.0,48.0,172.0,0.0,0.0,0.0,0.0,0.0,0.0
655.0,32388.0,91744.0,59356.0,29678.0,1.8326540694084228,72.80123032275988,16650.50118313738,1.9451666735894175,0.0,0.0,1.0,inf,32388.0,inf,219.0,44.0,175.0,0.0,0.0,0.0,0.0,0.0,0.0
656.0,32428.0,91858.0,59430.0,29715.0,1.8326754656469717,72.80123032275988,16650.50118313738,1.9475690036790672,0.0,0.0,1.0,inf,32428.0,inf,219.0,40.0,179.0,0.0,0.0,0.0,0.0,0.0,0.0
657.0,32451.0,91917.0,59466.0,29733.0,1.8324859018212074,72.80123032275988,16650.50118313738,1.948950343480616,0.0,0.0,1.0,inf,32451.0,inf,219.0,23.0,196.0,0.0,0.0,0.0,0.0,0.0,0.0
658.0,32493.0,92039.0,59546.0,29773.0,1.8325793247776445,72.80123032275988,16650.50118313738,1.9514727900747482,0.0,0.0,1.0,inf,32493.0,inf,219.0,42.0,177.0,0.0,0.0,0.0,0.0,0.0,0.0
659.0,32533.0,92147.0,59614.0,29807.0,1.8324163157409399,72.80123032275988,16650.50118313738,1.9538751201643978,0.0,0.0,1.0,inf,32533.0,inf,220.0,40.0,180.0,0.0,0.0,0.0,0.0,0.0,0.0
660.0,32567.0,92245.0,59678.0,29839.0,1.832468449657629,72.80123032275988,16650.50118313738,1.9559171007406002,0.0,0.0,1.0,inf,32567.0,inf,220.0,34.0,186.0,0.0,0.0,0.0,0.0,0.0,0.0
661.0,32608.0,92362.0,59754.0,29877.0,1.8324950932286554,72.80123032275988,16650.50118313738,1.9583794890824913,0.0,0.0,1.0,inf,32608.0,inf,219.0,41.0,178.0,0.0,0.0,0.0,0.0,0.0,0.0
662.0,32649.0,92477.0,59828.0,29914.0,1.8324604122637753,72.80123032275988,16650.50118313738,1.9608418774243823,0.0,0.0,1.0,inf,32649.0,inf,219.0,41.0,178.0,0.0,0.0,0.0,0.0,0.0,0.0
663.0,32698.0,92618.0,59920.0,29960.0,1.832527983362897,72.80123032275988,16650.50118313738,1.9637847317842032,0.0,0.0,1.0,inf,32698.0,inf,217.0,49.0,168.0,0.0,0.0,0.0,0.0,0.0,0.0
664.0,32735.0,92725.0,59990.0,29995.0,1.8325950817168168,72.80123032275988,16650.50118313738,1.9660068871171292,0.0,0.0,1.0,inf,32735.0,inf,219.0,37.0,182.0,0.0,0.0,0.0,0.0,0.0,0.0
665.0,32781.0,92859.0,60078.0,30039.0,1.832707971080809,72.80123032275988,16650.50118313738,1.9687695667202265,0.0,0.0,1.0,inf,32781.0,inf,219.0,46.0,173.0,0.0,0.0,0.0,0.0,0.0,0.0
666.0,32824.0,92978.0,60154.0,30077.0,1.8326224713624177,72.80123032275988,16650.50118313738,1.9713520715666,0.0,0.0,1.0,inf,32824.0,inf,216.0,43.0,173.0,0.0,0.0,0.0,0.0,0.0,0.0
667.0,32861.0,93083.0,60222.0,30111.0,1.832628343629226,72.80123032275988,16650.50118313738,1.973574226899526,0.0,0.0,1.0,inf,32861.0,inf,218.0,37.0,181.0,0.0,0.0,0.0,0.0,0.0,0.0
668.0,32901.0,93201.0,60300.0,30150.0,1.832771040393909,73.63576616209808,17034.42555079304,1.9314417091375464,0.0,0.0,1.0,inf,32901.0,inf,219.0,40.0,179.0,0.0,0.0,0.0,0.0,0.0,0.0
669.0,32950.0,93340.0,60390.0,30195.0,1.8327769347496206,73.63576616209808,17034.42555079304,1.9343182370165697,0.0,0.0,1.0,inf,32950.0,inf,218.0,49.0,169.0,0.0,0.0,0.0,0.0,0.0,0.0
670.0,32990.0,93456.0,60466.0,30233.0,1.8328584419521068,73.63576616209808,17034.42555079304,1.936666423040262,0.0,0.0,1.0,inf,32990.0,inf,220.0,40.0,180.0,0.0,0.0,0.0,0.0,0.0,0.0
671.0,33033.0,93579.0,60546.0,30273.0,1.8328943783489238,73.63576616209808,17034.42555079304,1.9391907230157313,0.0,0.0,1.0,inf,33033.0,inf,219.0,43.0,176.0,0.0,0.0,0.0,0.0,0.0,0.0
672.0,33064.0,93666.0,60602.0,30301.0,1.8328695862569562,73.63576616209808,17034.42555079304,1.941010567184093,0.0,0.0,1.0,inf,33064.0,inf,220.0,31.0,189.0,0.0,0.0,0.0,0.0,0.0,0.0
673.0,33098.0,93764.0,60666.0,30333.0,1.8329204181521541,73.63576616209808,17034.42555079304,1.9430065253042312,0.0,0.0,1.0,inf,33098.0,inf,219.0,34.0,185.0,0.0,0.0,0.0,0.0,0.0,0.0
674.0,33133.0,93865.0,60732.0,30366.0,1.8329761868831678,73.63576616209808,17034.42555079304,1.9450611880749622,0.0,0.0,1.0,inf,33133.0,inf,220.0,35.0,185.0,0.0,0.0,0.0,0.0,0.0,0.0
675.0,33189.0,94019.0,60830.0,30415.0,1.8328361806622677,73.63576616209808,17034.42555079304,1.9483486485081314,0.0,0.0,1.0,inf,33189.0,inf,218.0,56.0,162.0,0.0,0.0,0.0,0.0,0.0,0.0
676.0,33228.0,94130.0,60902.0,30451.0,1.8328518117250512,73.63576616209808,17034.42555079304,1.9506381298812314,0.0,0.0,1.0,inf,33228.0,inf,217.0,39.0,178.0,0.0,0.0,0.0,0.0,0.0,0.0
677.0,33259.0,94215.0,60956.0,30478.0,1.8327670705673653,73.63576616209808,17034.42555079304,1.952457974049593,0.0,0.0,1.0,inf,33259.0,inf,217.0,31.0,186.0,0.0,0.0,0.0,0.0,0.0,0.0
678.0,33297.0,94317.0,61020.0,30510.0,1.832597531309127,73.63576616209808,17034.42555079304,1.9546887507721007,0.0,0.0,1.0,inf,33297.0,inf,219.0,38.0,181.0,0.0,0.0,0.0,0.0,0.0,0.0
679.0,33334.0,94420.0,61086.0,30543.0,1.8325433491330174,73.63576616209808,17034.42555079304,1.956860822844016,0.0,0.0,1.0,inf,33334.0,inf,220.0,37.0,183.0,0.0,0.0,0.0,0.0,0.0,0.0
680.0,33375.0,94537.0,61162.0,30581.0,1.832569288389513,73.63576616209808,17034.42555079304,1.9592677135183008,0.0,0.0,1.0,inf,33375.0,inf,218.0,41.0,177.0,0.0,0.0,0.0,0.0,0.0,0.0
681.0,33417.0,94655.0,61238.0,30619.0,1.832540323787294,73.63576616209808,17034.42555079304,1.9617333088431779,0.0,0.0,1.0,inf,33417.0,inf,219.0,42.0,177.0,0.0,0.0,0.0,0.0,0.0,0.0
682.0,33444.0,94736.0,61292.0,30646.0,1.8326755172826217,73.63576616209808,17034.42555079304,1.96331833440917,0.0,0.0,1.0,inf,33444.0,inf,219.0,27.0,192.0,0.0,0.0,0.0,0.0,0.0,0.0
683.0,33477.0,94829.0,61352.0,30676.0,1.8326612300982765,73.63576616209808,17034.42555079304,1.9652555878787163,0.0,0.0,1.0,inf,33477.0,inf,219.0,33.0,186.0,0.0,0.0,0.0,0.0,0.0,0.0
684.0,33511.0,94923.0,61412.0,30706.0,1.8325922831309123,73.63576616209808,17034.42555079304,1.9672515459988549,0.0,0.0,1.0,inf,33511.0,inf,220.0,34.0,186.0,0.0,0.0,0.0,0.0,0.0,0.0
685.0,33546.0,95024.0,61478.0,30739.0,1.8326477076253502,73.63576616209808,17034.42555079304,1.9693062087695856,0.0,0.0,1.0,inf,33546.0,inf,217.0,35.0,182.0,0.0,0.0,0.0,0.0,0.0,0.0
686.0,33578.0,95116.0,61538.0,30769.0,1.8326880695693608,73.63576616209808,17034.42555079304,1.9711847575885395,0.0,0.0,1.0,inf,33578.0,inf,219.0,32.0,187.0,0.0,0.0,0.0,0.0,0.0,0.0
687.0,33618.0,95236.0,61618.0,30809.0,1.8328871437920162,73.63576616209808,17034.42555079304,1.9735329436122317,0.0,0.0,1.0,inf,33618.0,inf,219.0,40.0,179.0,0.0,0.0,0.0,0.0,0.0,0.0
688.0,33663.0,95369.0,61706.0,30853.0,1.833051124379883,73.63576616209808,17034.42555079304,1.9761746528888857,0.0,0.0,1.0,inf,33663.0,inf,219.0,45.0,174.0,0.0,0.0,0.0,0.0,0.0,0.0
689.0,33697.0,95469.0,61772.0,30886.0,1.8331602219782177,73.63576616209808,17034.42555079304,1.9781706110090242,0.0,0.0,1.0,inf,33697.0,inf,219.0,34.0,185.0,0.0,0.0,0.0,0.0,0.0,0.0
690.0,33740.0,95592.0,61852.0,30926.0,1.833195020746888,73.63576616209808,17034.42555079304,1.9806949109844936,0.0,0.0,1.0,inf,33740.0,inf,220.0,43.0,177.0,0.0,0.0,0.0,0.0,0.0,0.0
691.0,33788.0,95728.0,61940.0,30970.0,1.8331952172368888,73.63576616209808,17034.42555079304,1.9835127342129242,0.0,0.0,1.0,inf,33788.0,inf,219.0,48.0,171.0,0.0,0.0,0.0,0.0,0.0,0.0
692.0,33831.0,95847.0,62016.0,31008.0,1.8331116431675092,73.63576616209808,17034.42555079304,1.9860370341883935,0.0,0.0,1.0,inf,33831.0,inf,218.0,43.0,175.0,0.0,0.0,0.0,0.0,0.0,0.0
693.0,33867.0,95945.0,62078.0,31039.0,1.8329937697463607,73.63576616209808,17034.42555079304,1.9881504016097167,0.0,0.0,1.0,inf,33867.0,inf,218.0,36.0,182.0,0.0,0.0,0.0,0.0,0.0,0.0
694.0,33900.0,96038.0,62138.0,31069.0,1.8329793510324484,73.63576616209808,17034.42555079304,1.9900876550792628,0.0,0.0,1.0,inf,33900.0,inf,220.0,33.0,187.0,0.0,0.0,0.0,0.0,0.0,0.0
695.0,33937.0,96141.0,62204.0,31102.0,1.8329257152959897,73.63576616209808,17034.42555079304,1.9922597271511782,0.0,0.0,1.0,inf,33937.0,inf,218.0,37.0,181.0,0.0,0.0,0.0,0.0,0.0,0.0
696.0,33968.0,96230.0,62262.0,31131.0,1.8329604333490344,73.63576616209808,17034.42555079304,1.9940795713195398,0.0,0.0,1.0,inf,33968.0,inf,218.0,31.0,187.0,0.0,0.0,0.0,0.0,0.0,0.0
697.0,34004.0,96332.0,62328.0,31164.0,1.8329608281378662,73.63576616209808,17034.42555079304,1.996192938740863,0.0,0.0,1.0,inf,34004.0,inf,220.0,36.0,184.0,0.0,0.0,0.0,0.0,0.0,0.0
698.0,34041.0,96441.0,62400.0,31200.0,1.8330836344408215,73.63576616209808,17034.42555079304,1.9983650108127784,0.0,0.0,1.0,inf,34041.0,inf,219.0,37.0,182.0,0.0,0.0,0.0,0.0,0.0,0.0
699.0,34080.0,96552.0,62472.0,31236.0,1.8330985915492957,73.63576616209808,17034.42555079304,2.000654492185878,0.0,0.0,1.0,inf,34080.0,inf,219.0,39.0,180.0,0.0,0.0,0.0,0.0,0.0,0.0
700.0,34106.0,96626.0,62520.0,31260.0,1.833108543951211,73.63576616209808,17034.42555079304,2.0021808131012784,0.0,0.0,1.0,inf,34106.0,inf,220.0,26.0,194.0,0.0,0.0,0.0,0.0,0.0,0.0
