t,site_subsystems,total_subsystems,interface_subsystems,n_links,mean_degree,frontier_radius,volume_proxy,density,energy_remaining,energy_density,creation_rate_modifier,memory_total,memory_bound,memory_free,birth_attempts,births_accepted,births_reject_exclusion,births_reject_memory,births_reject_energy,deaths_attempted,deaths_executed,links_attempted_random,links_added_random
0.0,2.0,4.0,2.0,1.0,1.0,0.15106773081434574,0.3021354616286914,6.61954736864981,0.0,0.0,1.0,inf,2.0,inf,0.0,0.0,0.0,0.0,0.0,0.0,0.0,0.0,0.0
1.0,2.0,4.0,2.0,1.0,1.0,0.15106773081434574,0.3021354616286914,6.61954736864981,0.0,0.0,1.0,inf,2.0,inf,0.0,0.0,0.0,0.0,0.0,0.0,0.0,0.0,0.0
2.0,3.0,7.0,4.0,2.0,1.3333333333333333,0.7209376076676418,1.4418752153352834,2.080623876527624,0.0,0.0,1.0,inf,3.0,inf,1.0,1.0,0.0,0.0,0.0,0.0,0.0,0.0,0.0
3.0,3.0,7.0,4.0,2.0,1.3333333333333333,0.7209376076676418,1.4418752153352834,2.080623876527624,0.0,0.0,1.0,inf,3.0,inf,0.0,0.0,0.0,0.0,0.0,0.0,0.0,0.0,0.0
4.0,4.0,10.0,6.0,3.0,1.5,1.5991553185930565,3.1983106371861125,1.2506602559153595,0.0,0.0,1.0,inf,4.0,inf,1.0,1.0,0.0,0.0,0.0,0.0,0.0,0.0,0.0
5.0,4.0,10.0,6.0,3.0,1.5,1.5991553185930565,3.1983106371861125,1.2506602559153595,0.0,0.0,1.0,inf,4.0,inf,0.0,0.0,0.0,0.0,0.0,0.0,0.0,0.0,0.0
6.0,5.0,13.0,8.0,4.0,1.6,2.512009605739482,5.024019211478963,0.9952191242772154,0.0,0.0,1.0,inf,5.0,inf,3.0,1.0,2.0,0.0,0.0,0.0,0.0,0.0,0.0
7.0,5.0,13.0,8.0,4.0,1.6,2.512009605739482,5.024019211478963,0.9952191242772154,0.0,0.0,1.0,inf,5.0,inf,0.0,0.0,0.0,0.0,0.0,0.0,0.0,0.0,0.0
8.0,6.0,16.0,10.0,5.0,1.6666666666666667,3.4141974309278433,6.828394861855686,0.8786838080376387,0.0,0.0,1.0,inf,6.0,inf,1.0,1.0,0.0,0.0,0.0,0.0,0.0,0.0,0.0
9.0,6.0,16.0,10.0,5.0,1.6666666666666667,3.4141974309278433,6.828394861855686,0.8786838080376387,0.0,0.0,1.0,inf,6.0,inf,0.0,0.0,0.0,0.0,0.0,0.0,0.0,0.0,0.0
10.0,7.0,19.0,12.0,6.0,1.7142857142857142,4.3483675922843315,8.696735184568661,0.8048997527739699,0.0,0.0,1.0,inf,7.0,inf,2.0,1.0,1.0,0.0,0.0,0.0,0.0,0.0,0.0
11.0,7.0,19.0,12.0,6.0,1.7142857142857142,4.3483675922843315,8.696735184568661,0.8048997527739699,0.0,0.0,1.0,inf,7.0,inf,0.0,0.0,0.0,0.0,0.0,0.0,0.0,0.0,0.0
12.0,8.0,22.0,14.0,7.0,1.75,5.223651516383036,10.44730303276607,0.7657478657323762,0.0,0.0,1.0,inf,8.0,inf,3.0,1.0,2.0,0.0,0.0,0.0,0.0,0.0,0.0
13.0,8.0,22.0,14.0,7.0,1.75,5.223651516383036,10.44730303276607,0.7657478657323762,0.0,0.0,1.0,inf,8.0,inf,0.0,0.0,0.0,0.0,0.0,0.0,0.0,0.0,0.0
14.0,9.0,25.0,16.0,8.0,1.7777777777777777,6.196349289506348,12.392698579012695,0.7262340758647754,0.0,0.0,1.0,inf,9.0,inf,2.0,1.0,1.0,0.0,0.0,0.0,0.0,0.0,0.0
15.0,9.0,25.0,16.0,8.0,1.7777777777777777,6.196349289506348,12.392698579012695,0.7262340758647754,0.0,0.0,1.0,inf,9.0,inf,0.0,0.0,0.0,0.0,0.0,0.0,0.0,0.0,0.0
16.0,10.0,28.0,18.0,9.0,1.8,7.057365730254737,14.114731460509471,0.7084796496467706,0.0,0.0,1.0,inf,10.0,inf,119.0,1.0,118.0,0.0,0.0,0.0,0.0,0.0,0.0
17.0,10.0,28.0,18.0,9.0,1.8,7.057365730254737,14.114731460509471,0.7084796496467706,0.0,0.0,1.0,inf,10.0,inf,119.0,0.0,119.0,0.0,0.0,0.0,0.0,0.0,0.0
18.0,11.0,31.0,20.0,10.0,1.8181818181818181,7.955959360147435,15.911918720294869,0.6913056931324091,0.0,0.0,1.0,inf,11.0,inf,122.0,1.0,121.0,0.0,0.0,0.0,0.0,0.0,0.0
19.0,11.0,31.0,20.0,10.0,1.8181818181818181,7.955959360147435,15.911918720294869,0.6913056931324091,0.0,0.0,1.0,inf,11.0,inf,106.0,0.0,106.0,0.0,0.0,0.0,0.0,0.0,0.0
20.0,12.0,34.0,22.0,11.0,1.8333333333333333,8.810272231546602,17.6205444630932,0.6810232240629334,0.0,0.0,1.0,inf,12.0,inf,128.0,1.0,127.0,0.0,0.0,0.0,0.0,0.0,0.0
21.0,12.0,34.0,22.0,11.0,1.8333333333333333,8.810272231546602,17.6205444630932,0.6810232240629334,0.0,0.0,1.0,inf,12.0,inf,105.0,0.0,105.0,0.0,0.0,0.0,0.0,0.0,0.0
22.0,13.0,37.0,24.0,12.0,1.8461538461538463,9.710519985529997,19.42103997105999,0.6693771301316398,0.0,0.0,1.0,inf,13.0,inf,129.0,1.0,128.0,0.0,0.0,0.0,0.0,0.0,0.0
23.0,13.0,37.0,24.0,12.0,1.8461538461538463,9.710519985529997,19.42103997105999,0.6693771301316398,0.0,0.0,1.0,inf,13.0,inf,113.0,0.0,113.0,0.0,0.0,0.0,0.0,0.0,0.0
24.0,14.0,40.0,26.0,13.0,1.8571428571428572,10.689607000313032,21.37921400062606,0.6548416606705012,0.0,0.0,1.0,inf,14.0,inf,119.0,1.0,118.0,0.0,0.0,0.0,0.0,0.0,0.0
25.0,14.0,40.0,26.0,13.0,1.8571428571428572,10.689607000313032,21.37921400062606,0.6548416606705012,0.0,0.0,1.0,inf,14.0,inf,108.0,0.0,108.0,0.0,0.0,0.0,0.0,0.0,0.0
26.0,15.0,43.0,28.0,14.0,1.8666666666666667,11.683289102378312,23.36657820475662,0.6419425158685204,0.0,0.0,1.0,inf,15.0,inf,111.0,1.0,110.0,0.0,0.0,0.0,0.0,0.0,0.0
27.0,15.0,43.0,28.0,14.0,1.8666666666666667,11.683289102378312,23.36657820475662,0.6419425158685204,0.0,0.0,1.0,inf,15.0,inf,116.0,0.0,116.0,0.0,0.0,0.0,0.0,0.0,0.0
28.0,16.0,46.0,30.0,15.0,1.875,12.66304914849467,25.326098296989336,0.631759373764336,0.0,0.0,1.0,inf,16.0,inf,117.0,1.0,116.0,0.0,0.0,0.0,0.0,0.0,0.0
29.0,16.0,46.0,30.0,15.0,1.875,12.66304914849467,25.326098296989336,0.631759373764336,0.0,0.0,1.0,inf,16.0,inf,119.0,0.0,119.0,0.0,0.0,0.0,0.0,0.0,0.0
30.0,17.0,49.0,32.0,16.0,1.8823529411764706,13.607981706231804,27.215963412463605,0.6246334087962073,0.0,0.0,1.0,inf,17.0,inf,146.0,1.0,145.0,0.0,0.0,0.0,0.0,0.0,0.0
31.0,17.0,49.0,32.0,16.0,1.8823529411764706,13.607981706231804,27.215963412463605,0.6246334087962073,0.0,0.0,1.0,inf,17.0,inf,159.0,0.0,159.0,0.0,0.0,0.0,0.0,0.0,0.0
32.0,18.0,52.0,34.0,17.0,1.8888888888888888,14.473866451631405,28.947732903262807,0.6218103524774181,0.0,0.0,1.0,inf,18.0,inf,154.0,1.0,153.0,0.0,0.0,0.0,0.0,0.0,0.0
33.0,18.0,52.0,34.0,17.0,1.8888888888888888,14.473866451631405,28.947732903262807,0.6218103524774181,0.0,0.0,1.0,inf,18.0,inf,153.0,0.0,153.0,0.0,0.0,0.0,0.0,0.0,0.0
34.0,19.0,55.0,36.0,18.0,1.894736842105263,15.370268847577506,30.74053769515501,0.6180763716112414,0.0,0.0,1.0,inf,19.0,inf,142.0,1.0,141.0,0.0,0.0,0.0,0.0,0.0,0.0
35.0,19.0,55.0,36.0,18.0,1.894736842105263,15.370268847577506,30.74053769515501,0.6180763716112414,0.0,0.0,1.0,inf,19.0,inf,147.0,0.0,147.0,0.0,0.0,0.0,0.0,0.0,0.0
36.0,20.0,58.0,38.0,19.0,1.9,16.2217816496572,32.44356329931439,0.6164550982111958,0.0,0.0,1.0,inf,20.0,inf,139.0,1.0,138.0,0.0,0.0,0.0,0.0,0.0,0.0
37.0,20.0,58.0,38.0,19.0,1.9,16.2217816496572,32.44356329931439,0.6164550982111958,0.0,0.0,1.0,inf,20.0,inf,155.0,0.0,155.0,0.0,0.0,0.0,0.0,0.0,0.0
38.0,21.0,61.0,40.0,20.0,1.9047619047619047,17.185922108594546,34.371844217189086,0.6109651803175015,0.0,0.0,1.0,inf,21.0,inf,141.0,1.0,140.0,0.0,0.0,0.0,0.0,0.0,0.0
39.0,21.0,61.0,40.0,20.0,1.9047619047619047,17.185922108594546,34.371844217189086,0.6109651803175015,0.0,0.0,1.0,inf,21.0,inf,160.0,0.0,160.0,0.0,0.0,0.0,0.0,0.0,0.0
40.0,22.0,64.0,42.0,21.0,1.9090909090909092,18.12811418562925,36.256228371258494,0.6067922944086518,0.0,0.0,1.0,inf,22.0,inf,144.0,1.0,143.0,0.0,0.0,0.0,0.0,0.0,0.0
41.0,22.0,64.0,42.0,21.0,1.9090909090909092,18.12811418562925,36.256228371258494,0.6067922944086518,0.0,0.0,1.0,inf,22.0,inf,140.0,0.0,140.0,0.0,0.0,0.0,0.0,0.0,0.0
42.0,23.0,67.0,44.0,22.0,1.9130434782608696,18.994200627896458,37.98840125579291,0.6054479588422452,0.0,0.0,1.0,inf,23.0,inf,167.0,1.0,166.0,0.0,0.0,0.0,0.0,0.0,0.0
43.0,23.0,67.0,44.0,22.0,1.9130434782608696,18.994200627896458,37.98840125579291,0.6054479588422452,0.0,0.0,1.0,inf,23.0,inf,169.0,0.0,169.0,0.0,0.0,0.0,0.0,0.0,0.0
44.0,24.0,70.0,46.0,23.0,1.9166666666666667,19.94653981996567,39.89307963993133,0.6016081038771695,0.0,0.0,1.0,inf,24.0,inf,163.0,1.0,162.0,0.0,0.0,0.0,0.0,0.0,0.0
45.0,24.0,70.0,46.0,23.0,1.9166666666666667,19.94653981996567,39.89307963993133,0.6016081038771695,0.0,0.0,1.0,inf,24.0,inf,171.0,0.0,171.0,0.0,0.0,0.0,0.0,0.0,0.0
46.0,25.0,73.0,48.0,24.0,1.92,20.802490408857913,41.60498081771582,0.6008895932324225,0.0,0.0,1.0,inf,25.0,inf,159.0,1.0,158.0,0.0,0.0,0.0,0.0,0.0,0.0
47.0,25.0,73.0,48.0,24.0,1.92,20.802490408857913,41.60498081771582,0.6008895932324225,0.0,0.0,1.0,inf,25.0,inf,156.0,0.0,156.0,0.0,0.0,0.0,0.0,0.0,0.0
48.0,26.0,76.0,50.0,25.0,1.9230769230769231,21.698425275552754,43.3968505511055,0.5991218180540908,0.0,0.0,1.0,inf,26.0,inf,159.0,1.0,158.0,0.0,0.0,0.0,0.0,0.0,0.0
49.0,26.0,76.0,50.0,25.0,1.9230769230769231,21.698425275552754,43.3968505511055,0.5991218180540908,0.0,0.0,1.0,inf,26.0,inf,162.0,0.0,162.0,0.0,0.0,0.0,0.0,0.0,0.0
50.0,27.0,79.0,52.0,26.0,1.9259259259259258,22.5546435480528,45.10928709610559,0.5985463690099191,0.0,0.0,1.0,inf,27.0,inf,164.0,1.0,163.0,0.0,0.0,0.0,0.0,0.0,0.0
51.0,27.0,79.0,52.0,26.0,1.9259259259259258,22.5546435480528,45.10928709610559,0.5985463690099191,0.0,0.0,1.0,inf,27.0,inf,155.0,0.0,155.0,0.0,0.0,0.0,0.0,0.0,0.0
52.0,28.0,82.0,54.0,27.0,1.9285714285714286,23.454618994565347,46.90923798913069,0.5968973532780018,0.0,0.0,1.0,inf,28.0,inf,180.0,1.0,179.0,0.0,0.0,0.0,0.0,0.0,0.0
53.0,28.0,82.0,54.0,27.0,1.9285714285714286,23.454618994565347,46.90923798913069,0.5968973532780018,0.0,0.0,1.0,inf,28.0,inf,175.0,0.0,175.0,0.0,0.0,0.0,0.0,0.0,0.0
54.0,29.0,85.0,56.0,28.0,1.9310344827586208,24.32086947179431,48.641738943588614,0.5961957904842224,0.0,0.0,1.0,inf,29.0,inf,182.0,1.0,181.0,0.0,0.0,0.0,0.0,0.0,0.0
55.0,29.0,85.0,56.0,28.0,1.9310344827586208,24.32086947179431,48.641738943588614,0.5961957904842224,0.0,0.0,1.0,inf,29.0,inf,186.0,0.0,186.0,0.0,0.0,0.0,0.0,0.0,0.0
56.0,30.0,88.0,58.0,29.0,1.9333333333333333,25.18171415016076,50.363428300321516,0.5956703308819127,0.0,0.0,1.0,inf,30.0,inf,188.0,1.0,187.0,0.0,0.0,0.0,0.0,0.0,0.0
57.0,30.0,88.0,58.0,29.0,1.9333333333333333,25.18171415016076,50.363428300321516,0.5956703308819127,0.0,0.0,1.0,inf,30.0,inf,185.0,0.0,185.0,0.0,0.0,0.0,0.0,0.0,0.0
58.0,31.0,91.0,60.0,30.0,1.935483870967742,26.130234568237242,52.26046913647448,0.5931825816382497,0.0,0.0,1.0,inf,31.0,inf,175.0,1.0,174.0,0.0,0.0,0.0,0.0,0.0,0.0
59.0,31.0,91.0,60.0,30.0,1.935483870967742,26.130234568237242,52.26046913647448,0.5931825816382497,0.0,0.0,1.0,inf,31.0,inf,170.0,0.0,170.0,0.0,0.0,0.0,0.0,0.0,0.0
60.0,32.0,94.0,62.0,31.0,1.9375,26.98194275283356,53.963885505667115,0.5929891760043754,0.0,0.0,1.0,inf,32.0,inf,168.0,1.0,167.0,0.0,0.0,0.0,0.0,0.0,0.0
61.0,32.0,94.0,62.0,31.0,1.9375,26.98194275283356,53.963885505667115,0.5929891760043754,0.0,0.0,1.0,inf,32.0,inf,173.0,0.0,173.0,0.0,0.0,0.0,0.0,0.0,0.0
62.0,33.0,97.0,64.0,32.0,1.9393939393939394,27.863047713232987,55.72609542646597,0.5921821679314594,0.0,0.0,1.0,inf,33.0,inf,182.0,1.0,181.0,0.0,0.0,0.0,0.0,0.0,0.0
63.0,33.0,97.0,64.0,32.0,1.9393939393939394,27.863047713232987,55.72609542646597,0.5921821679314594,0.0,0.0,1.0,inf,33.0,inf,183.0,0.0,183.0,0.0,0.0,0.0,0.0,0.0,0.0
64.0,34.0,100.0,66.0,33.0,1.9411764705882353,28.849953057300976,57.699906114601944,0.5892557248268333,0.0,0.0,1.0,inf,34.0,inf,191.0,1.0,190.0,0.0,0.0,0.0,0.0,0.0,0.0
65.0,34.0,100.0,66.0,33.0,1.9411764705882353,28.849953057300976,57.699906114601944,0.5892557248268333,0.0,0.0,1.0,inf,34.0,inf,171.0,0.0,171.0,0.0,0.0,0.0,0.0,0.0,0.0
66.0,35.0,103.0,68.0,34.0,1.9428571428571428,29.703331018843176,59.406662037686345,0.5891595117361876,0.0,0.0,1.0,inf,35.0,inf,179.0,1.0,178.0,0.0,0.0,0.0,0.0,0.0,0.0
67.0,35.0,103.0,68.0,34.0,1.9428571428571428,29.703331018843176,59.406662037686345,0.5891595117361876,0.0,0.0,1.0,inf,35.0,inf,188.0,0.0,188.0,0.0,0.0,0.0,0.0,0.0,0.0
68.0,36.0,106.0,70.0,35.0,1.9444444444444444,30.60297300790357,61.205946015807136,0.5881781484220927,0.0,0.0,1.0,inf,36.0,inf,182.0,1.0,181.0,0.0,0.0,0.0,0.0,0.0,0.0
69.0,36.0,106.0,70.0,35.0,1.9444444444444444,30.60297300790357,61.205946015807136,0.5881781484220927,0.0,0.0,1.0,inf,36.0,inf,176.0,0.0,176.0,0.0,0.0,0.0,0.0,0.0,0.0
70.0,37.0,109.0,72.0,36.0,1.945945945945946,31.56983935823058,63.139678716461155,0.5860023483197377,0.0,0.0,1.0,inf,37.0,inf,187.0,1.0,186.0,0.0,0.0,0.0,0.0,0.0,0.0
71.0,37.0,109.0,72.0,36.0,1.945945945945946,31.56983935823058,63.139678716461155,0.5860023483197377,0.0,0.0,1.0,inf,37.0,inf,188.0,0.0,188.0,0.0,0.0,0.0,0.0,0.0,0.0
72.0,38.0,112.0,74.0,37.0,1.9473684210526316,32.519625226649794,65.03925045329957,0.584262575831579,0.0,0.0,1.0,inf,38.0,inf,189.0,1.0,188.0,0.0,0.0,0.0,0.0,0.0,0.0
73.0,38.0,112.0,74.0,37.0,1.9473684210526316,32.519625226649794,65.03925045329957,0.584262575831579,0.0,0.0,1.0,inf,38.0,inf,183.0,0.0,183.0,0.0,0.0,0.0,0.0,0.0,0.0
74.0,39.0,115.0,76.0,38.0,1.9487179487179487,33.383377300103724,66.76675460020743,0.5841230449724275,0.0,0.0,1.0,inf,39.0,inf,183.0,1.0,182.0,0.0,0.0,0.0,0.0,0.0,0.0
75.0,39.0,115.0,76.0,38.0,1.9487179487179487,33.383377300103724,66.76675460020743,0.5841230449724275,0.0,0.0,1.0,inf,39.0,inf,178.0,0.0,178.0,0.0,0.0,0.0,0.0,0.0,0.0
76.0,40.0,118.0,78.0,39.0,1.95,34.3048153571368,68.60963071427359,0.5830085307787318,0.0,0.0,1.0,inf,40.0,inf,192.0,1.0,191.0,0.0,0.0,0.0,0.0,0.0,0.0
77.0,40.0,118.0,78.0,39.0,1.95,34.3048153571368,68.60963071427359,0.5830085307787318,0.0,0.0,1.0,inf,40.0,inf,181.0,0.0,181.0,0.0,0.0,0.0,0.0,0.0,0.0
78.0,41.0,121.0,80.0,40.0,1.951219512195122,35.281413637078685,70.56282727415736,0.5810424778007113,0.0,0.0,1.0,inf,41.0,inf,175.0,1.0,174.0,0.0,0.0,0.0,0.0,0.0,0.0
79.0,41.0,121.0,80.0,40.0,1.951219512195122,35.281413637078685,70.56282727415736,0.5810424778007113,0.0,0.0,1.0,inf,41.0,inf,182.0,0.0,182.0,0.0,0.0,0.0,0.0,0.0,0.0
80.0,42.0,124.0,82.0,41.0,1.9523809523809523,36.20238976308409,72.40477952616817,0.580072203449229,0.0,0.0,1.0,inf,42.0,inf,179.0,1.0,178.0,0.0,0.0,0.0,0.0,0.0,0.0
81.0,42.0,124.0,82.0,41.0,1.9523809523809523,36.20238976308409,72.40477952616817,0.580072203449229,0.0,0.0,1.0,inf,42.0,inf,181.0,0.0,181.0,0.0,0.0,0.0,0.0,0.0,0.0
82.0,43.0,127.0,84.0,42.0,1.9534883720930232,37.135604833245424,74.27120966649083,0.5789591982288723,0.0,0.0,1.0,inf,43.0,inf,198.0,1.0,197.0,0.0,0.0,0.0,0.0,0.0,0.0
83.0,43.0,127.0,84.0,42.0,1.9534883720930232,37.135604833245424,74.27120966649083,0.5789591982288723,0.0,0.0,1.0,inf,43.0,inf,178.0,0.0,178.0,0.0,0.0,0.0,0.0,0.0,0.0
84.0,44.0,130.0,86.0,43.0,1.9545454545454546,38.08753827661323,76.17507655322645,0.5776167480351072,0.0,0.0,1.0,inf,44.0,inf,186.0,1.0,185.0,0.0,0.0,0.0,0.0,0.0,0.0
85.0,44.0,130.0,86.0,43.0,1.9545454545454546,38.08753827661323,76.17507655322645,0.5776167480351072,0.0,0.0,1.0,inf,44.0,inf,185.0,0.0,185.0,0.0,0.0,0.0,0.0,0.0,0.0
86.0,45.0,133.0,88.0,44.0,1.9555555555555555,38.94957977327187,77.89915954654373,0.5776699037826344,0.0,0.0,1.0,inf,45.0,inf,194.0,1.0,193.0,0.0,0.0,0.0,0.0,0.0,0.0
87.0,45.0,133.0,88.0,44.0,1.9555555555555555,38.94957977327187,77.89915954654373,0.5776699037826344,0.0,0.0,1.0,inf,45.0,inf,189.0,0.0,189.0,0.0,0.0,0.0,0.0,0.0,0.0
88.0,46.0,136.0,90.0,45.0,1.9565217391304348,39.853908500724266,79.70781700144852,0.5771077634601892,0.0,0.0,1.0,inf,46.0,inf,187.0,1.0,186.0,0.0,0.0,0.0,0.0,0.0,0.0
89.0,46.0,136.0,90.0,45.0,1.9565217391304348,39.853908500724266,79.70781700144852,0.5771077634601892,0.0,0.0,1.0,inf,46.0,inf,186.0,0.0,186.0,0.0,0.0,0.0,0.0,0.0,0.0
90.0,47.0,139.0,92.0,46.0,1.9574468085106382,40.84369811611585,81.68739623223169,0.5753641585830721,0.0,0.0,1.0,inf,47.0,inf,195.0,1.0,194.0,0.0,0.0,0.0,0.0,0.0,0.0
91.0,47.0,139.0,92.0,46.0,1.9574468085106382,40.84369811611585,81.68739623223169,0.5753641585830721,0.0,0.0,1.0,inf,47.0,inf,194.0,0.0,194.0,0.0,0.0,0.0,0.0,0.0,0.0
92.0,48.0,142.0,94.0,47.0,1.9583333333333333,41.78190370502501,83.56380741005,0.5744113568744256,0.0,0.0,1.0,inf,48.0,inf,197.0,1.0,196.0,0.0,0.0,0.0,0.0,0.0,0.0
93.0,48.0,142.0,94.0,47.0,1.9583333333333333,41.78190370502501,83.56380741005,0.5744113568744256,0.0,0.0,1.0,inf,48.0,inf,184.0,0.0,184.0,0.0,0.0,0.0,0.0,0.0,0.0
94.0,49.0,145.0,96.0,48.0,1.9591836734693877,42.72290529639656,85.44581059279311,0.5734628726681292,0.0,0.0,1.0,inf,49.0,inf,190.0,1.0,189.0,0.0,0.0,0.0,0.0,0.0,0.0
95.0,49.0,145.0,96.0,48.0,1.9591836734693877,42.72290529639656,85.44581059279311,0.5734628726681292,0.0,0.0,1.0,inf,49.0,inf,186.0,0.0,186.0,0.0,0.0,0.0,0.0,0.0,0.0
96.0,50.0,148.0,98.0,49.0,1.96,43.68850052593781,87.37700105187561,0.5722329605969775,0.0,0.0,1.0,inf,50.0,inf,196.0,1.0,195.0,0.0,0.0,0.0,0.0,0.0,0.0
97.0,50.0,148.0,98.0,49.0,1.96,43.68850052593781,87.37700105187561,0.5722329605969775,0.0,0.0,1.0,inf,50.0,inf,191.0,0.0,191.0,0.0,0.0,0.0,0.0,0.0,0.0
98.0,51.0,151.0,100.0,50.0,1.9607843137254901,44.63426040226226,89.2685208045245,0.5713100154496467,0.0,0.0,1.0,inf,51.0,inf,197.0,1.0,196.0,0.0,0.0,0.0,0.0,0.0,0.0
99.0,51.0,151.0,100.0,50.0,1.9607843137254901,44.63426040226226,89.2685208045245,0.5713100154496467,0.0,0.0,1.0,inf,51.0,inf,201.0,0.0,201.0,0.0,0.0,0.0,0.0,0.0,0.0
100.0,52.0,154.0,102.0,51.0,1.9615384615384615,45.63272354917346,91.26544709834691,0.5697665617521736,0.0,0.0,1.0,inf,52.0,inf,197.0,1.0,196.0,0.0,0.0,0.0,0.0,0.0,0.0
101.0,52.0,154.0,102.0,51.0,1.9615384615384615,45.63272354917346,91.26544709834691,0.5697665617521736,0.0,0.0,1.0,inf,52.0,inf,197.0,0.0,197.0,0.0,0.0,0.0,0.0,0.0,0.0
102.0,53.0,157.0,104.0,52.0,1.9622641509433962,46.54700417141276,93.0940083428255,0.5693169833747368,0.0,0.0,1.0,inf,53.0,inf,188.0,1.0,187.0,0.0,0.0,0.0,0.0,0.0,0.0
103.0,53.0,157.0,104.0,52.0,1.9622641509433962,46.54700417141276,93.0940083428255,0.5693169833747368,0.0,0.0,1.0,inf,53.0,inf,189.0,0.0,189.0,0.0,0.0,0.0,0.0,0.0,0.0
104.0,54.0,160.0,106.0,53.0,1.962962962962963,47.49373368831427,94.98746737662853,0.5684960499671833,0.0,0.0,1.0,inf,54.0,inf,196.0,1.0,195.0,0.0,0.0,0.0,0.0,0.0,0.0
105.0,54.0,160.0,106.0,53.0,1.962962962962963,47.49373368831427,94.98746737662853,0.5684960499671833,0.0,0.0,1.0,inf,54.0,inf,194.0,0.0,194.0,0.0,0.0,0.0,0.0,0.0,0.0
106.0,55.0,163.0,108.0,54.0,1.9636363636363636,48.39573406610707,96.79146813221412,0.5682319016472787,0.0,0.0,1.0,inf,55.0,inf,199.0,1.0,198.0,0.0,0.0,0.0,0.0,0.0,0.0
107.0,55.0,163.0,108.0,54.0,1.9636363636363636,48.39573406610707,96.79146813221412,0.5682319016472787,0.0,0.0,1.0,inf,55.0,inf,189.0,0.0,189.0,0.0,0.0,0.0,0.0,0.0,0.0
108.0,56.0,166.0,110.0,55.0,1.9642857142857142,49.35349098596231,98.7069819719246,0.5673357535734217,0.0,0.0,1.0,inf,56.0,inf,200.0,1.0,199.0,0.0,0.0,0.0,0.0,0.0,0.0
109.0,56.0,166.0,110.0,55.0,1.9642857142857142,49.35349098596231,98.7069819719246,0.5673357535734217,0.0,0.0,1.0,inf,56.0,inf,196.0,0.0,196.0,0.0,0.0,0.0,0.0,0.0,0.0
110.0,57.0,169.0,112.0,56.0,1.9649122807017543,50.23628609927441,100.4725721985488,0.5673190080906806,0.0,0.0,1.0,inf,57.0,inf,194.0,1.0,193.0,0.0,0.0,0.0,0.0,0.0,0.0
111.0,57.0,169.0,112.0,56.0,1.9649122807017543,50.23628609927441,100.4725721985488,0.5673190080906806,0.0,0.0,1.0,inf,57.0,inf,185.0,0.0,185.0,0.0,0.0,0.0,0.0,0.0,0.0
112.0,58.0,172.0,114.0,57.0,1.9655172413793103,51.20478118405389,102.40956236810777,0.5663533625065297,0.0,0.0,1.0,inf,58.0,inf,193.0,1.0,192.0,0.0,0.0,0.0,0.0,0.0,0.0
113.0,58.0,172.0,114.0,57.0,1.9655172413793103,51.20478118405389,102.40956236810777,0.5663533625065297,0.0,0.0,1.0,inf,58.0,inf,198.0,0.0,198.0,0.0,0.0,0.0,0.0,0.0,0.0
114.0,59.0,175.0,116.0,58.0,1.9661016949152543,52.07181873961551,104.143637479231,0.5665252475146757,0.0,0.0,1.0,inf,59.0,inf,193.0,1.0,192.0,0.0,0.0,0.0,0.0,0.0,0.0
115.0,59.0,175.0,116.0,58.0,1.9661016949152543,52.07181873961551,104.143637479231,0.5665252475146757,0.0,0.0,1.0,inf,59.0,inf,203.0,0.0,203.0,0.0,0.0,0.0,0.0,0.0,0.0
116.0,60.0,178.0,118.0,59.0,1.9666666666666666,52.93504249511991,105.8700849902398,0.5667323305306822,0.0,0.0,1.0,inf,60.0,inf,196.0,1.0,195.0,0.0,0.0,0.0,0.0,0.0,0.0
117.0,60.0,178.0,118.0,59.0,1.9666666666666666,52.93504249511991,105.8700849902398,0.5667323305306822,0.0,0.0,1.0,inf,60.0,inf,195.0,0.0,195.0,0.0,0.0,0.0,0.0,0.0,0.0
118.0,61.0,181.0,120.0,60.0,1.9672131147540983,53.863887994320336,107.72777598864066,0.5662420804680135,0.0,0.0,1.0,inf,61.0,inf,194.0,1.0,193.0,0.0,0.0,0.0,0.0,0.0,0.0
119.0,61.0,181.0,120.0,60.0,1.9672131147540983,53.863887994320336,107.72777598864066,0.5662420804680135,0.0,0.0,1.0,inf,61.0,inf,201.0,0.0,201.0,0.0,0.0,0.0,0.0,0.0,0.0
120.0,62.0,184.0,122.0,61.0,1.967741935483871,54.79384218705189,109.58768437410376,0.5657570041205376,0.0,0.0,1.0,inf,62.0,inf,201.0,1.0,200.0,0.0,0.0,0.0,0.0,0.0,0.0
121.0,62.0,184.0,122.0,61.0,1.967741935483871,54.79384218705189,109.58768437410376,0.5657570041205376,0.0,0.0,1.0,inf,62.0,inf,189.0,0.0,189.0,0.0,0.0,0.0,0.0,0.0,0.0
122.0,63.0,187.0,124.0,62.0,1.9682539682539681,55.760191003441086,111.52038200688216,0.5649191552815174,0.0,0.0,1.0,inf,63.0,inf,197.0,1.0,196.0,0.0,0.0,0.0,0.0,0.0,0.0
123.0,63.0,187.0,124.0,62.0,1.9682539682539681,55.760191003441086,111.52038200688216,0.5649191552815174,0.0,0.0,1.0,inf,63.0,inf,200.0,0.0,200.0,0.0,0.0,0.0,0.0,0.0,0.0
124.0,64.0,190.0,126.0,63.0,1.96875,56.62562235947624,113.25124471895246,0.5651152016812198,0.0,0.0,1.0,inf,64.0,inf,206.0,1.0,205.0,0.0,0.0,0.0,0.0,0.0,0.0
125.0,64.0,190.0,126.0,63.0,1.96875,56.62562235947624,113.25124471895246,0.5651152016812198,0.0,0.0,1.0,inf,64.0,inf,201.0,0.0,201.0,0.0,0.0,0.0,0.0,0.0,0.0
126.0,65.0,193.0,128.0,64.0,1.9692307692307693,57.550894687463185,115.10178937492635,0.5647175456870832,0.0,0.0,1.0,inf,65.0,inf,203.0,1.0,202.0,0.0,0.0,0.0,0.0,0.0,0.0
127.0,65.0,193.0,128.0,64.0,1.9692307692307693,57.550894687463185,115.10178937492635,0.5647175456870832,0.0,0.0,1.0,inf,65.0,inf,202.0,0.0,202.0,0.0,0.0,0.0,0.0,0.0,0.0
128.0,66.0,196.0,130.0,65.0,1.9696969696969697,58.43224235656801,116.86448471313601,0.5647566937210082,0.0,0.0,1.0,inf,66.0,inf,196.0,1.0,195.0,0.0,0.0,0.0,0.0,0.0,0.0
129.0,66.0,196.0,130.0,65.0,1.9696969696969697,58.43224235656801,116.86448471313601,0.5647566937210082,0.0,0.0,1.0,inf,66.0,inf,201.0,0.0,201.0,0.0,0.0,0.0,0.0,0.0,0.0
130.0,67.0,199.0,132.0,66.0,1.9701492537313432,59.412296628954664,118.82459325790931,0.5638563378422529,0.0,0.0,1.0,inf,67.0,inf,198.0,1.0,197.0,0.0,0.0,0.0,0.0,0.0,0.0
131.0,67.0,199.0,132.0,66.0,1.9701492537313432,59.412296628954664,118.82459325790931,0.5638563378422529,0.0,0.0,1.0,inf,67.0,inf,201.0,0.0,201.0,0.0,0.0,0.0,0.0,0.0,0.0
132.0,68.0,202.0,134.0,67.0,1.9705882352941178,60.33543328306026,120.67086656612051,0.563516297968574,0.0,0.0,1.0,inf,68.0,inf,196.0,1.0,195.0,0.0,0.0,0.0,0.0,0.0,0.0
133.0,68.0,202.0,134.0,67.0,1.9705882352941178,60.33543328306026,120.67086656612051,0.563516297968574,0.0,0.0,1.0,inf,68.0,inf,204.0,0.0,204.0,0.0,0.0,0.0,0.0,0.0,0.0
134.0,69.0,205.0,136.0,68.0,1.9710144927536233,61.18775173159676,122.37550346319351,0.5638383340400549,0.0,0.0,1.0,inf,69.0,inf,201.0,1.0,200.0,0.0,0.0,0.0,0.0,0.0,0.0
135.0,69.0,205.0,136.0,68.0,1.9710144927536233,61.18775173159676,122.37550346319351,0.5638383340400549,0.0,0.0,1.0,inf,69.0,inf,200.0,0.0,200.0,0.0,0.0,0.0,0.0,0.0,0.0
136.0,70.0,208.0,138.0,69.0,1.9714285714285715,62.126307834170774,124.25261566834153,0.563368421851544,0.0,0.0,1.0,inf,70.0,inf,203.0,1.0,202.0,0.0,0.0,0.0,0.0,0.0,0.0
137.0,70.0,208.0,138.0,69.0,1.9714285714285715,62.126307834170774,124.25261566834153,0.563368421851544,0.0,0.0,1.0,inf,70.0,inf,205.0,0.0,205.0,0.0,0.0,0.0,0.0,0.0,0.0
138.0,71.0,211.0,140.0,70.0,1.971830985915493,63.065509752230994,126.13101950446197,0.5629067320548243,0.0,0.0,1.0,inf,71.0,inf,196.0,1.0,195.0,0.0,0.0,0.0,0.0,0.0,0.0
139.0,71.0,211.0,140.0,70.0,1.971830985915493,63.065509752230994,126.13101950446197,0.5629067320548243,0.0,0.0,1.0,inf,71.0,inf,199.0,0.0,199.0,0.0,0.0,0.0,0.0,0.0,0.0
140.0,72.0,214.0,142.0,71.0,1.9722222222222223,64.05682685123608,128.11365370247213,0.5620009883350213,0.0,0.0,1.0,inf,72.0,inf,202.0,1.0,201.0,0.0,0.0,0.0,0.0,0.0,0.0
141.0,72.0,214.0,142.0,71.0,1.9722222222222223,64.05682685123608,128.11365370247213,0.5620009883350213,0.0,0.0,1.0,inf,72.0,inf,201.0,0.0,201.0,0.0,0.0,0.0,0.0,0.0,0.0
142.0,73.0,217.0,144.0,72.0,1.9726027397260273,64.93723523055694,129.87447046111384,0.5620812138122032,0.0,0.0,1.0,inf,73.0,inf,208.0,1.0,207.0,0.0,0.0,0.0,0.0,0.0,0.0
143.0,73.0,217.0,144.0,72.0,1.9726027397260273,64.93723523055694,129.87447046111384,0.5620812138122032,0.0,0.0,1.0,inf,73.0,inf,200.0,0.0,200.0,0.0,0.0,0.0,0.0,0.0,0.0
144.0,74.0,220.0,146.0,73.0,1.972972972972973,65.81268232706954,131.62536465413905,0.5622016713453643,0.0,0.0,1.0,inf,74.0,inf,206.0,1.0,205.0,0.0,0.0,0.0,0.0,0.0,0.0
145.0,74.0,220.0,146.0,73.0,1.972972972972973,65.81268232706954,131.62536465413905,0.5622016713453643,0.0,0.0,1.0,inf,74.0,inf,199.0,0.0,199.0,0.0,0.0,0.0,0.0,0.0,0.0
146.0,75.0,223.0,148.0,74.0,1.9733333333333334,66.79640384130283,133.59280768260564,0.5614074687178338,0.0,0.0,1.0,inf,75.0,inf,203.0,1.0,202.0,0.0,0.0,0.0,0.0,0.0,0.0
147.0,75.0,223.0,148.0,74.0,1.9733333333333334,66.79640384130283,133.59280768260564,0.5614074687178338,0.0,0.0,1.0,inf,75.0,inf,199.0,0.0,199.0,0.0,0.0,0.0,0.0,0.0,0.0
148.0,76.0,226.0,150.0,75.0,1.9736842105263157,67.68733795116802,135.374675902336,0.5614048528162612,0.0,0.0,1.0,inf,76.0,inf,200.0,1.0,199.0,0.0,0.0,0.0,0.0,0.0,0.0
149.0,76.0,226.0,150.0,75.0,1.9736842105263157,67.68733795116802,135.374675902336,0.5614048528162612,0.0,0.0,1.0,inf,76.0,inf,203.0,0.0,203.0,0.0,0.0,0.0,0.0,0.0,0.0
150.0,77.0,229.0,152.0,76.0,1.974025974025974,68.57446040157606,137.1489208031521,0.5614335100056457,0.0,0.0,1.0,inf,77.0,inf,210.0,1.0,209.0,0.0,0.0,0.0,0.0,0.0,0.0
151.0,77.0,229.0,152.0,76.0,1.974025974025974,68.57446040157606,137.1489208031521,0.5614335100056457,0.0,0.0,1.0,inf,77.0,inf,195.0,0.0,195.0,0.0,0.0,0.0,0.0,0.0,0.0
152.0,78.0,232.0,154.0,77.0,1.9743589743589745,69.50538313650031,139.0107662730006,0.5611076184330737,0.0,0.0,1.0,inf,78.0,inf,197.0,1.0,196.0,0.0,0.0,0.0,0.0,0.0,0.0
153.0,78.0,232.0,154.0,77.0,1.9743589743589745,69.50538313650031,139.0107662730006,0.5611076184330737,0.0,0.0,1.0,inf,78.0,inf,201.0,0.0,201.0,0.0,0.0,0.0,0.0,0.0,0.0
154.0,79.0,235.0,156.0,78.0,1.9746835443037976,70.42858581540246,140.85717163080488,0.5608518124094082,0.0,0.0,1.0,inf,79.0,inf,203.0,1.0,202.0,0.0,0.0,0.0,0.0,0.0,0.0
155.0,79.0,235.0,156.0,78.0,1.9746835443037976,70.42858581540246,140.85717163080488,0.5608518124094082,0.0,0.0,1.0,inf,79.0,inf,204.0,0.0,204.0,0.0,0.0,0.0,0.0,0.0,0.0
156.0,80.0,238.0,158.0,79.0,1.975,71.28479087271684,142.56958174543365,0.561129513186373,0.0,0.0,1.0,inf,80.0,inf,198.0,1.0,197.0,0.0,0.0,0.0,0.0,0.0,0.0
157.0,80.0,238.0,158.0,79.0,1.975,71.28479087271684,142.56958174543365,0.561129513186373,0.0,0.0,1.0,inf,80.0,inf,191.0,0.0,191.0,0.0,0.0,0.0,0.0,0.0,0.0
158.0,81.0,241.0,160.0,80.0,1.9753086419753085,72.1491105439101,144.29822108782017,0.5613374814281546,0.0,0.0,1.0,inf,81.0,inf,206.0,1.0,205.0,0.0,0.0,0.0,0.0,0.0,0.0
159.0,81.0,241.0,160.0,80.0,1.9753086419753085,72.1491105439101,144.29822108782017,0.5613374814281546,0.0,0.0,1.0,inf,81.0,inf,206.0,0.0,206.0,0.0,0.0,0.0,0.0,0.0,0.0
160.0,82.0,244.0,162.0,81.0,1.975609756097561,73.07641263479569,146.15282526959135,0.5610565505575689,0.0,0.0,1.0,inf,82.0,inf,201.0,1.0,200.0,0.0,0.0,0.0,0.0,0.0,0.0
161.0,82.0,244.0,162.0,81.0,1.975609756097561,73.07641263479569,146.15282526959135,0.5610565505575689,0.0,0.0,1.0,inf,82.0,inf,200.0,0.0,200.0,0.0,0.0,0.0,0.0,0.0,0.0
162.0,83.0,247.0,164.0,82.0,1.9759036144578312,74.0118060512228,148.02361210244558,0.5607213526349876,0.0,0.0,1.0,inf,83.0,inf,204.0,1.0,203.0,0.0,0.0,0.0,0.0,0.0,0.0
163.0,83.0,247.0,164.0,82.0,1.9759036144578312,74.0118060512228,148.02361210244558,0.5607213526349876,0.0,0.0,1.0,inf,83.0,inf,207.0,0.0,207.0,0.0,0.0,0.0,0.0,0.0,0.0
164.0,84.0,250.0,166.0,83.0,1.9761904761904763,74.90860034067555,149.81720068135107,0.5606832834813216,0.0,0.0,1.0,inf,84.0,inf,206.0,1.0,205.0,0.0,0.0,0.0,0.0,0.0,0.0
165.0,84.0,250.0,166.0,83.0,1.9761904761904763,74.90860034067555,149.81720068135107,0.5606832834813216,0.0,0.0,1.0,inf,84.0,inf,203.0,0.0,203.0,0.0,0.0,0.0,0.0,0.0,0.0
166.0,85.0,253.0,168.0,84.0,1.9764705882352942,75.77215821269701,151.544316425394,0.5608920347853885,0.0,0.0,1.0,inf,85.0,inf,202.0,1.0,201.0,0.0,0.0,0.0,0.0,0.0,0.0
167.0,85.0,253.0,168.0,84.0,1.9764705882352942,75.77215821269701,151.544316425394,0.5608920347853885,0.0,0.0,1.0,inf,85.0,inf,201.0,0.0,201.0,0.0,0.0,0.0,0.0,0.0,0.0
168.0,86.0,256.0,170.0,85.0,1.9767441860465116,76.73096870545396,153.4619374109079,0.560399545652336,0.0,0.0,1.0,inf,86.0,inf,200.0,1.0,199.0,0.0,0.0,0.0,0.0,0.0,0.0
169.0,86.0,256.0,170.0,85.0,1.9767441860465116,76.73096870545396,153.4619374109079,0.560399545652336,0.0,0.0,1.0,inf,86.0,inf,204.0,0.0,204.0,0.0,0.0,0.0,0.0,0.0,0.0
170.0,87.0,259.0,172.0,86.0,1.9770114942528736,77.7252832322283,155.45056646445659,0.5596634478645811,0.0,0.0,1.0,inf,87.0,inf,205.0,1.0,204.0,0.0,0.0,0.0,0.0,0.0,0.0
171.0,87.0,259.0,172.0,86.0,1.9770114942528736,77.7252832322283,155.45056646445659,0.5596634478645811,0.0,0.0,1.0,inf,87.0,inf,203.0,0.0,203.0,0.0,0.0,0.0,0.0,0.0,0.0
172.0,88.0,262.0,174.0,87.0,1.9772727272727273,78.67922685397187,157.3584537079437,0.5592327448980112,0.0,0.0,1.0,inf,88.0,inf,203.0,1.0,202.0,0.0,0.0,0.0,0.0,0.0,0.0
173.0,88.0,262.0,174.0,87.0,1.9772727272727273,78.67922685397187,157.3584537079437,0.5592327448980112,0.0,0.0,1.0,inf,88.0,inf,203.0,0.0,203.0,0.0,0.0,0.0,0.0,0.0,0.0
174.0,89.0,265.0,176.0,88.0,1.9775280898876404,79.6704348690991,159.34086973819817,0.5585509866127233,0.0,0.0,1.0,inf,89.0,inf,209.0,1.0,208.0,0.0,0.0,0.0,0.0,0.0,0.0
175.0,89.0,265.0,176.0,88.0,1.9775280898876404,79.6704348690991,159.34086973819817,0.5585509866127233,0.0,0.0,1.0,inf,89.0,inf,199.0,0.0,199.0,0.0,0.0,0.0,0.0,0.0,0.0
176.0,90.0,268.0,178.0,89.0,1.9777777777777779,80.60385690332504,161.20771380665005,0.558285939765541,0.0,0.0,1.0,inf,90.0,inf,204.0,1.0,203.0,0.0,0.0,0.0,0.0,0.0,0.0
177.0,90.0,268.0,178.0,89.0,1.9777777777777779,80.60385690332504,161.20771380665005,0.558285939765541,0.0,0.0,1.0,inf,90.0,inf,204.0,0.0,204.0,0.0,0.0,0.0,0.0,0.0,0.0
178.0,91.0,271.0,180.0,90.0,1.978021978021978,81.54797970032169,163.09595940064335,0.5579537367719793,0.0,0.0,1.0,inf,91.0,inf,214.0,1.0,213.0,0.0,0.0,0.0,0.0,0.0,0.0
179.0,91.0,271.0,180.0,90.0,1.978021978021978,81.54797970032169,163.09595940064335,0.5579537367719793,0.0,0.0,1.0,inf,91.0,inf,206.0,0.0,206.0,0.0,0.0,0.0,0.0,0.0,0.0
180.0,92.0,274.0,182.0,91.0,1.9782608695652173,82.42514134469026,164.8502826893805,0.5580821488389632,0.0,0.0,1.0,inf,92.0,inf,206.0,1.0,205.0,0.0,0.0,0.0,0.0,0.0,0.0
181.0,92.0,274.0,182.0,91.0,1.9782608695652173,82.42514134469026,164.8502826893805,0.5580821488389632,0.0,0.0,1.0,inf,92.0,inf,201.0,0.0,201.0,0.0,0.0,0.0,0.0,0.0,0.0
182.0,93.0,277.0,184.0,92.0,1.978494623655914,83.27901991919799,166.55803983839596,0.5583639198097784,0.0,0.0,1.0,inf,93.0,inf,202.0,1.0,201.0,0.0,0.0,0.0,0.0,0.0,0.0
183.0,93.0,277.0,184.0,92.0,1.978494623655914,83.27901991919799,166.55803983839596,0.5583639198097784,0.0,0.0,1.0,inf,93.0,inf,207.0,0.0,207.0,0.0,0.0,0.0,0.0,0.0,0.0
184.0,94.0,280.0,186.0,93.0,1.9787234042553192,84.16900089119,168.33800178237996,0.5584003552657059,0.0,0.0,1.0,inf,94.0,inf,212.0,1.0,211.0,0.0,0.0,0.0,0.0,0.0,0.0
185.0,94.0,280.0,186.0,93.0,1.9787234042553192,84.16900089119,168.33800178237996,0.5584003552657059,0.0,0.0,1.0,inf,94.0,inf,201.0,0.0,201.0,0.0,0.0,0.0,0.0,0.0,0.0
186.0,95.0,283.0,188.0,94.0,1.9789473684210526,85.09304903094407,170.18609806188812,0.5582124573151286,0.0,0.0,1.0,inf,95.0,inf,205.0,1.0,204.0,0.0,0.0,0.0,0.0,0.0,0.0
187.0,95.0,283.0,188.0,94.0,1.9789473684210526,85.09304903094407,170.18609806188812,0.5582124573151286,0.0,0.0,1.0,inf,95.0,inf,203.0,0.0,203.0,0.0,0.0,0.0,0.0,0.0,0.0
188.0,96.0,286.0,190.0,95.0,1.9791666666666667,85.99850708294439,171.99701416588874,0.5581492240755374,0.0,0.0,1.0,inf,96.0,inf,209.0,1.0,208.0,0.0,0.0,0.0,0.0,0.0,0.0
189.0,96.0,286.0,190.0,95.0,1.9791666666666667,85.99850708294439,171.99701416588874,0.5581492240755374,0.0,0.0,1.0,inf,96.0,inf,207.0,0.0,207.0,0.0,0.0,0.0,0.0,0.0,0.0
190.0,97.0,289.0,192.0,96.0,1.9793814432989691,86.95265892116498,173.90531784232994,0.5577747776979677,0.0,0.0,1.0,inf,97.0,inf,204.0,1.0,203.0,0.0,0.0,0.0,0.0,0.0,0.0
191.0,97.0,289.0,192.0,96.0,1.9793814432989691,86.95265892116498,173.90531784232994,0.5577747776979677,0.0,0.0,1.0,inf,97.0,inf,206.0,0.0,206.0,0.0,0.0,0.0,0.0,0.0,0.0
192.0,98.0,292.0,194.0,97.0,1.9795918367346939,87.82797494349383,175.65594988698763,0.5579087987799479,0.0,0.0,1.0,inf,98.0,inf,209.0,1.0,208.0,0.0,0.0,0.0,0.0,0.0,0.0
193.0,98.0,292.0,194.0,97.0,1.9795918367346939,87.82797494349383,175.65594988698763,0.5579087987799479,0.0,0.0,1.0,inf,98.0,inf,211.0,0.0,211.0,0.0,0.0,0.0,0.0,0.0,0.0
194.0,99.0,295.0,196.0,98.0,1.97979797979798,88.731819536517,177.46363907303396,0.5578607568125954,0.0,0.0,1.0,inf,99.0,inf,205.0,1.0,204.0,0.0,0.0,0.0,0.0,0.0,0.0
195.0,99.0,295.0,196.0,98.0,1.97979797979798,88.731819536517,177.46363907303396,0.5578607568125954,0.0,0.0,1.0,inf,99.0,inf,204.0,0.0,204.0,0.0,0.0,0.0,0.0,0.0,0.0
196.0,100.0,298.0,198.0,99.0,1.98,89.59138395928072,179.1827679185614,0.5580893808128358,0.0,0.0,1.0,inf,100.0,inf,207.0,1.0,206.0,0.0,0.0,0.0,0.0,0.0,0.0
197.0,100.0,298.0,198.0,99.0,1.98,89.59138395928072,179.1827679185614,0.5580893808128358,0.0,0.0,1.0,inf,100.0,inf,209.0,0.0,209.0,0.0,0.0,0.0,0.0,0.0,0.0
198.0,101.0,301.0,200.0,100.0,1.9801980198019802,90.5727689582894,181.14553791657877,0.5575627264222902,0.0,0.0,1.0,inf,101.0,inf,208.0,1.0,207.0,0.0,0.0,0.0,0.0,0.0,0.0
199.0,101.0,301.0,200.0,100.0,1.9801980198019802,90.5727689582894,181.14553791657877,0.5575627264222902,0.0,0.0,1.0,inf,101.0,inf,202.0,0.0,202.0,0.0,0.0,0.0,0.0,0.0,0.0
200.0,102.0,304.0,202.0,101.0,1.9803921568627452,91.43852523285294,182.87705046570585,0.557751777712139,0.0,0.0,1.0,inf,102.0,inf,205.0,1.0,204.0,0.0,0.0,0.0,0.0,0.0,0.0
201.0,102.0,304.0,202.0,101.0,1.9803921568627452,91.43852523285294,182.87705046570585,0.557751777712139,0.0,0.0,1.0,inf,102.0,inf,204.0,0.0,204.0,0.0,0.0,0.0,0.0,0.0,0.0
202.0,103.0,307.0,204.0,102.0,1.9805825242718447,92.32591861340913,184.65183722681823,0.5578065268502003,0.0,0.0,1.0,inf,103.0,inf,211.0,1.0,210.0,0.0,0.0,0.0,0.0,0.0,0.0
203.0,103.0,307.0,204.0,102.0,1.9805825242718447,92.32591861340913,184.65183722681823,0.5578065268502003,0.0,0.0,1.0,inf,103.0,inf,205.0,0.0,205.0,0.0,0.0,0.0,0.0,0.0,0.0
204.0,104.0,310.0,206.0,103.0,1.9807692307692308,93.24288771113709,186.48577542227414,0.5576832858404603,0.0,0.0,1.0,inf,104.0,inf,209.0,1.0,208.0,0.0,0.0,0.0,0.0,0.0,0.0
205.0,104.0,310.0,206.0,103.0,1.9807692307692308,93.24288771113709,186.48577542227414,0.5576832858404603,0.0,0.0,1.0,inf,104.0,inf,203.0,0.0,203.0,0.0,0.0,0.0,0.0,0.0,0.0
206.0,105.0,313.0,208.0,104.0,1.980952380952381,94.17481040702754,188.34962081405504,0.5574739123242487,0.0,0.0,1.0,inf,105.0,inf,205.0,1.0,204.0,0.0,0.0,0.0,0.0,0.0,0.0
207.0,105.0,313.0,208.0,104.0,1.980952380952381,94.17481040702754,188.34962081405504,0.5574739123242487,0.0,0.0,1.0,inf,105.0,inf,205.0,0.0,205.0,0.0,0.0,0.0,0.0,0.0,0.0
208.0,106.0,316.0,210.0,105.0,1.9811320754716981,95.11986170581199,190.23972341162394,0.5571917268332364,0.0,0.0,1.0,inf,106.0,inf,202.0,1.0,201.0,0.0,0.0,0.0,0.0,0.0,0.0
209.0,106.0,316.0,210.0,105.0,1.9811320754716981,95.11986170581199,190.23972341162394,0.5571917268332364,0.0,0.0,1.0,inf,106.0,inf,204.0,0.0,204.0,0.0,0.0,0.0,0.0,0.0,0.0
210.0,107.0,319.0,212.0,106.0,1.9813084112149533,96.08196422951278,192.16392845902553,0.5568162602525856,0.0,0.0,1.0,inf,107.0,inf,210.0,1.0,209.0,0.0,0.0,0.0,0.0,0.0,0.0
211.0,107.0,319.0,212.0,106.0,1.9813084112149533,96.08196422951278,192.16392845902553,0.5568162602525856,0.0,0.0,1.0,inf,107.0,inf,194.0,0.0,194.0,0.0,0.0,0.0,0.0,0.0,0.0
212.0,108.0,322.0,214.0,107.0,1.9814814814814814,97.04766620022333,194.09533240044664,0.5564276001093135,0.0,0.0,1.0,inf,108.0,inf,206.0,1.0,205.0,0.0,0.0,0.0,0.0,0.0,0.0
213.0,108.0,322.0,214.0,107.0,1.9814814814814814,97.04766620022333,194.09533240044664,0.5564276001093135,0.0,0.0,1.0,inf,108.0,inf,203.0,0.0,203.0,0.0,0.0,0.0,0.0,0.0,0.0
214.0,109.0,325.0,216.0,108.0,1.981651376146789,97.9075672581159,195.81513451623178,0.5566474740029077,0.0,0.0,1.0,inf,109.0,inf,204.0,1.0,203.0,0.0,0.0,0.0,0.0,0.0,0.0
215.0,109.0,325.0,216.0,108.0,1.981651376146789,97.9075672581159,195.81513451623178,0.5566474740029077,0.0,0.0,1.0,inf,109.0,inf,204.0,0.0,204.0,0.0,0.0,0.0,0.0,0.0,0.0
216.0,110.0,328.0,218.0,109.0,1.981818181818182,98.80901960686228,197.61803921372453,0.5566293463778105,0.0,0.0,1.0,inf,110.0,inf,211.0,1.0,210.0,0.0,0.0,0.0,0.0,0.0,0.0
217.0,110.0,328.0,218.0,109.0,1.981818181818182,98.80901960686228,197.61803921372453,0.5566293463778105,0.0,0.0,1.0,inf,110.0,inf,211.0,0.0,211.0,0.0,0.0,0.0,0.0,0.0,0.0
218.0,111.0,331.0,220.0,110.0,1.981981981981982,99.76852246864088,199.53704493728173,0.5562876809912134,0.0,0.0,1.0,inf,111.0,inf,208.0,1.0,207.0,0.0,0.0,0.0,0.0,0.0,0.0
219.0,111.0,331.0,220.0,110.0,1.981981981981982,99.76852246864088,199.53704493728173,0.5562876809912134,0.0,0.0,1.0,inf,111.0,inf,202.0,0.0,202.0,0.0,0.0,0.0,0.0,0.0,0.0
220.0,112.0,334.0,222.0,111.0,1.9821428571428572,100.65502364037822,201.3100472807564,0.5563557383889517,0.0,0.0,1.0,inf,112.0,inf,208.0,1.0,207.0,0.0,0.0,0.0,0.0,0.0,0.0
221.0,112.0,334.0,222.0,111.0,1.9821428571428572,100.65502364037822,201.3100472807564,0.5563557383889517,0.0,0.0,1.0,inf,112.0,inf,204.0,0.0,204.0,0.0,0.0,0.0,0.0,0.0,0.0
222.0,113.0,337.0,224.0,112.0,1.9823008849557522,101.58067014532965,203.16134029065927,0.5562081833006858,0.0,0.0,1.0,inf,113.0,inf,210.0,1.0,209.0,0.0,0.0,0.0,0.0,0.0,0.0
223.0,113.0,337.0,224.0,112.0,1.9823008849557522,101.58067014532965,203.16134029065927,0.5562081833006858,0.0,0.0,1.0,inf,113.0,inf,213.0,0.0,213.0,0.0,0.0,0.0,0.0,0.0,0.0
224.0,113.0,337.0,224.0,112.0,1.9823008849557522,101.58067014532965,203.16134029065927,0.5562081833006858,0.0,0.0,1.0,inf,113.0,inf,220.0,0.0,220.0,0.0,0.0,0.0,0.0,0.0,0.0
225.0,114.0,340.0,226.0,113.0,1.9824561403508771,102.4521328072935,204.90426561458696,0.5563573782032795,0.0,0.0,1.0,inf,114.0,inf,205.0,1.0,204.0,0.0,0.0,0.0,0.0,0.0,0.0
226.0,114.0,340.0,226.0,113.0,1.9824561403508771,102.4521328072935,204.90426561458696,0.5563573782032795,0.0,0.0,1.0,inf,114.0,inf,213.0,0.0,213.0,0.0,0.0,0.0,0.0,0.0,0.0
227.0,115.0,343.0,228.0,114.0,1.982608695652174,103.39565315955286,206.7913063191057,0.5561162219389443,0.0,0.0,1.0,inf,115.0,inf,210.0,1.0,209.0,0.0,0.0,0.0,0.0,0.0,0.0
228.0,115.0,343.0,228.0,114.0,1.982608695652174,103.39565315955286,206.7913063191057,0.5561162219389443,0.0,0.0,1.0,inf,115.0,inf,208.0,0.0,208.0,0.0,0.0,0.0,0.0,0.0,0.0
229.0,116.0,346.0,230.0,115.0,1.9827586206896552,104.32955210951884,208.65910421903766,0.5559306910386725,0.0,0.0,1.0,inf,116.0,inf,209.0,1.0,208.0,0.0,0.0,0.0,0.0,0.0,0.0
230.0,116.0,346.0,230.0,115.0,1.9827586206896552,104.32955210951884,208.65910421903766,0.5559306910386725,0.0,0.0,1.0,inf,116.0,inf,208.0,0.0,208.0,0.0,0.0,0.0,0.0,0.0,0.0
231.0,117.0,349.0,232.0,116.0,1.982905982905983,105.25543464547137,210.5108692909427,0.5557907788518831,0.0,0.0,1.0,inf,117.0,inf,213.0,1.0,212.0,0.0,0.0,0.0,0.0,0.0,0.0
232.0,117.0,349.0,232.0,116.0,1.982905982905983,105.25543464547137,210.5108692909427,0.5557907788518831,0.0,0.0,1.0,inf,117.0,inf,208.0,0.0,208.0,0.0,0.0,0.0,0.0,0.0,0.0
233.0,118.0,352.0,234.0,117.0,1.9830508474576272,106.19878115521047,212.3975623104209,0.5555619316738766,0.0,0.0,1.0,inf,118.0,inf,209.0,1.0,208.0,0.0,0.0,0.0,0.0,0.0,0.0
234.0,118.0,352.0,234.0,117.0,1.9830508474576272,106.19878115521047,212.3975623104209,0.5555619316738766,0.0,0.0,1.0,inf,118.0,inf,208.0,0.0,208.0,0.0,0.0,0.0,0.0,0.0,0.0
235.0,119.0,355.0,236.0,118.0,1.9831932773109244,107.13325639335682,214.2665127867136,0.5553830995441441,0.0,0.0,1.0,inf,119.0,inf,208.0,1.0,207.0,0.0,0.0,0.0,0.0,0.0,0.0
236.0,119.0,355.0,236.0,118.0,1.9831932773109244,107.13325639335682,214.2665127867136,0.5553830995441441,0.0,0.0,1.0,inf,119.0,inf,210.0,0.0,210.0,0.0,0.0,0.0,0.0,0.0,0.0
237.0,120.0,358.0,238.0,119.0,1.9833333333333334,108.10204804068003,216.20409608136003,0.555031112615196,0.0,0.0,1.0,inf,120.0,inf,214.0,1.0,213.0,0.0,0.0,0.0,0.0,0.0,0.0
238.0,120.0,358.0,238.0,119.0,1.9833333333333334,108.10204804068003,216.20409608136003,0.555031112615196,0.0,0.0,1.0,inf,120.0,inf,205.0,0.0,205.0,0.0,0.0,0.0,0.0,0.0,0.0
239.0,121.0,361.0,240.0,120.0,1.9834710743801653,109.02179845965394,218.04359691930784,0.5549348924232749,0.0,0.0,1.0,inf,121.0,inf,203.0,1.0,202.0,0.0,0.0,0.0,0.0,0.0,0.0
240.0,121.0,361.0,240.0,120.0,1.9834710743801653,109.02179845965394,218.04359691930784,0.5549348924232749,0.0,0.0,1.0,inf,121.0,inf,204.0,0.0,204.0,0.0,0.0,0.0,0.0,0.0,0.0
241.0,122.0,364.0,242.0,121.0,1.9836065573770492,109.97211607387682,219.9442321477536,0.5546860620470517,0.0,0.0,1.0,inf,122.0,inf,211.0,1.0,210.0,0.0,0.0,0.0,0.0,0.0,0.0
242.0,122.0,364.0,242.0,121.0,1.9836065573770492,109.97211607387682,219.9442321477536,0.5546860620470517,0.0,0.0,1.0,inf,122.0,inf,206.0,0.0,206.0,0.0,0.0,0.0,0.0,0.0,0.0
243.0,123.0,367.0,244.0,122.0,1.983739837398374,110.93745312945468,221.87490625890933,0.5543664314001754,0.0,0.0,1.0,inf,123.0,inf,209.0,1.0,208.0,0.0,0.0,0.0,0.0,0.0,0.0
244.0,123.0,367.0,244.0,122.0,1.983739837398374,110.93745312945468,221.87490625890933,0.5543664314001754,0.0,0.0,1.0,inf,123.0,inf,208.0,0.0,208.0,0.0,0.0,0.0,0.0,0.0,0.0
245.0,124.0,370.0,246.0,123.0,1.9838709677419355,111.89178484963041,223.7835696992608,0.5541068102838901,0.0,0.0,1.0,inf,124.0,inf,210.0,1.0,209.0,0.0,0.0,0.0,0.0,0.0,0.0
246.0,124.0,370.0,246.0,123.0,1.9838709677419355,111.89178484963041,223.7835696992608,0.5541068102838901,0.0,0.0,1.0,inf,124.0,inf,208.0,0.0,208.0,0.0,0.0,0.0,0.0,0.0,0.0
247.0,125.0,373.0,248.0,124.0,1.984,112.8897120592107,225.77942411842136,0.5536376952331913,0.0,0.0,1.0,inf,125.0,inf,207.0,1.0,206.0,0.0,0.0,0.0,0.0,0.0,0.0
248.0,125.0,373.0,248.0,124.0,1.984,112.8897120592107,225.77942411842136,0.5536376952331913,0.0,0.0,1.0,inf,125.0,inf,206.0,0.0,206.0,0.0,0.0,0.0,0.0,0.0,0.0
249.0,126.0,376.0,250.0,125.0,1.9841269841269842,113.88414585743138,227.76829171486273,0.55319377008691,0.0,0.0,1.0,inf,126.0,inf,209.0,1.0,208.0,0.0,0.0,0.0,0.0,0.0,0.0
250.0,126.0,376.0,250.0,125.0,1.9841269841269842,113.88414585743138,227.76829171486273,0.55319377008691,0.0,0.0,1.0,inf,126.0,inf,210.0,0.0,210.0,0.0,0.0,0.0,0.0,0.0,0.0
251.0,127.0,379.0,252.0,126.0,1.984251968503937,114.87677945573694,229.75355891147385,0.5527661926183014,0.0,0.0,1.0,inf,127.0,inf,208.0,1.0,207.0,0.0,0.0,0.0,0.0,0.0,0.0
252.0,127.0,379.0,252.0,126.0,1.984251968503937,114.87677945573694,229.75355891147385,0.5527661926183014,0.0,0.0,1.0,inf,127.0,inf,206.0,0.0,206.0,0.0,0.0,0.0,0.0,0.0,0.0
253.0,128.0,382.0,254.0,127.0,1.984375,115.77816968439815,231.55633936879627,0.552781238246025,0.0,0.0,1.0,inf,128.0,inf,213.0,1.0,212.0,0.0,0.0,0.0,0.0,0.0,0.0
254.0,128.0,382.0,254.0,127.0,1.984375,115.77816968439815,231.55633936879627,0.552781238246025,0.0,0.0,1.0,inf,128.0,inf,208.0,0.0,208.0,0.0,0.0,0.0,0.0,0.0,0.0
255.0,129.0,385.0,256.0,128.0,1.9844961240310077,116.75714006220134,233.51428012440266,0.5524287419650584,0.0,0.0,1.0,inf,129.0,inf,204.0,1.0,203.0,0.0,0.0,0.0,0.0,0.0,0.0
256.0,129.0,385.0,256.0,128.0,1.9844961240310077,116.75714006220134,233.51428012440266,0.5524287419650584,0.0,0.0,1.0,inf,129.0,inf,209.0,0.0,209.0,0.0,0.0,0.0,0.0,0.0,0.0
257.0,130.0,388.0,258.0,129.0,1.9846153846153847,117.62012640790078,235.24025281580154,0.5526265103183381,0.0,0.0,1.0,inf,130.0,inf,212.0,1.0,211.0,0.0,0.0,0.0,0.0,0.0,0.0
258.0,130.0,388.0,258.0,129.0,1.9846153846153847,117.62012640790078,235.24025281580154,0.5526265103183381,0.0,0.0,1.0,inf,130.0,inf,208.0,0.0,208.0,0.0,0.0,0.0,0.0,0.0,0.0
259.0,131.0,391.0,260.0,130.0,1.984732824427481,118.50640457253014,237.01280914506026,0.5527127435539712,0.0,0.0,1.0,inf,131.0,inf,212.0,1.0,211.0,0.0,0.0,0.0,0.0,0.0,0.0
260.0,131.0,391.0,260.0,130.0,1.984732824427481,118.50640457253014,237.01280914506026,0.5527127435539712,0.0,0.0,1.0,inf,131.0,inf,209.0,0.0,209.0,0.0,0.0,0.0,0.0,0.0,0.0
261.0,132.0,394.0,262.0,131.0,1.9848484848484849,119.43295366644136,238.8659073328827,0.5526113017712706,0.0,0.0,1.0,inf,132.0,inf,208.0,1.0,207.0,0.0,0.0,0.0,0.0,0.0,0.0
262.0,132.0,394.0,262.0,131.0,1.9848484848484849,119.43295366644136,238.8659073328827,0.5526113017712706,0.0,0.0,1.0,inf,132.0,inf,209.0,0.0,209.0,0.0,0.0,0.0,0.0,0.0,0.0
263.0,133.0,397.0,264.0,132.0,1.9849624060150375,120.38951109893584,240.77902219787165,0.5523737026006398,0.0,0.0,1.0,inf,133.0,inf,208.0,1.0,207.0,0.0,0.0,0.0,0.0,0.0,0.0
264.0,133.0,397.0,264.0,132.0,1.9849624060150375,120.38951109893584,240.77902219787165,0.5523737026006398,0.0,0.0,1.0,inf,133.0,inf,212.0,0.0,212.0,0.0,0.0,0.0,0.0,0.0,0.0
265.0,134.0,400.0,266.0,133.0,1.9850746268656716,121.31011696544233,242.62023393088464,0.5523034819848235,0.0,0.0,1.0,inf,134.0,inf,213.0,1.0,212.0,0.0,0.0,0.0,0.0,0.0,0.0
266.0,134.0,400.0,266.0,133.0,1.9850746268656716,121.31011696544233,242.62023393088464,0.5523034819848235,0.0,0.0,1.0,inf,134.0,inf,203.0,0.0,203.0,0.0,0.0,0.0,0.0,0.0,0.0
267.0,135.0,403.0,268.0,134.0,1.9851851851851852,122.2166042122219,244.43320842444376,0.5522981139517692,0.0,0.0,1.0,inf,135.0,inf,215.0,1.0,214.0,0.0,0.0,0.0,0.0,0.0,0.0
268.0,135.0,403.0,268.0,134.0,1.9851851851851852,122.2166042122219,244.43320842444376,0.5522981139517692,0.0,0.0,1.0,inf,135.0,inf,205.0,0.0,205.0,0.0,0.0,0.0,0.0,0.0,0.0
269.0,136.0,406.0,270.0,135.0,1.9852941176470589,123.18196786256577,246.3639357251315,0.5520288495136534,0.0,0.0,1.0,inf,136.0,inf,210.0,1.0,209.0,0.0,0.0,0.0,0.0,0.0,0.0
270.0,136.0,406.0,270.0,135.0,1.9852941176470589,123.18196786256577,246.3639357251315,0.5520288495136534,0.0,0.0,1.0,inf,136.0,inf,209.0,0.0,209.0,0.0,0.0,0.0,0.0,0.0,0.0
271.0,137.0,409.0,272.0,136.0,1.9854014598540146,124.05953873805977,248.11907747611951,0.5521542373668776,0.0,0.0,1.0,inf,137.0,inf,208.0,1.0,207.0,0.0,0.0,0.0,0.0,0.0,0.0
272.0,137.0,409.0,272.0,136.0,1.9854014598540146,124.05953873805977,248.11907747611951,0.5521542373668776,0.0,0.0,1.0,inf,137.0,inf,208.0,0.0,208.0,0.0,0.0,0.0,0.0,0.0,0.0
273.0,138.0,412.0,274.0,137.0,1.9855072463768115,125.04041721043944,250.08083442087886,0.5518215752901319,0.0,0.0,1.0,inf,138.0,inf,214.0,1.0,213.0,0.0,0.0,0.0,0.0,0.0,0.0
274.0,138.0,412.0,274.0,137.0,1.9855072463768115,125.04041721043944,250.08083442087886,0.5518215752901319,0.0,0.0,1.0,inf,138.0,inf,209.0,0.0,209.0,0.0,0.0,0.0,0.0,0.0,0.0
275.0,139.0,415.0,276.0,138.0,1.985611510791367,125.99422954252336,251.98845908504669,0.5516125639432049,0.0,0.0,1.0,inf,139.0,inf,215.0,1.0,214.0,0.0,0.0,0.0,0.0,0.0,0.0
276.0,139.0,415.0,276.0,138.0,1.985611510791367,125.99422954252336,251.98845908504669,0.5516125639432049,0.0,0.0,1.0,inf,139.0,inf,210.0,0.0,210.0,0.0,0.0,0.0,0.0,0.0,0.0
277.0,140.0,418.0,278.0,139.0,1.9857142857142858,126.88497133554644,253.76994267109285,0.5516807803414755,0.0,0.0,1.0,inf,140.0,inf,209.0,1.0,208.0,0.0,0.0,0.0,0.0,0.0,0.0
278.0,140.0,418.0,278.0,139.0,1.9857142857142858,126.88497133554644,253.76994267109285,0.5516807803414755,0.0,0.0,1.0,inf,140.0,inf,209.0,0.0,209.0,0.0,0.0,0.0,0.0,0.0,0.0
279.0,141.0,421.0,280.0,140.0,1.9858156028368794,127.79718732100746,255.59437464201488,0.5516553335631287,0.0,0.0,1.0,inf,141.0,inf,215.0,1.0,214.0,0.0,0.0,0.0,0.0,0.0,0.0
280.0,141.0,421.0,280.0,140.0,1.9858156028368794,127.79718732100746,255.59437464201488,0.5516553335631287,0.0,0.0,1.0,inf,141.0,inf,208.0,0.0,208.0,0.0,0.0,0.0,0.0,0.0,0.0
281.0,142.0,424.0,282.0,141.0,1.9859154929577465,128.67915290403946,257.35830580807885,0.5517599269008804,0.0,0.0,1.0,inf,142.0,inf,208.0,1.0,207.0,0.0,0.0,0.0,0.0,0.0,0.0
282.0,142.0,424.0,282.0,141.0,1.9859154929577465,128.67915290403946,257.35830580807885,0.5517599269008804,0.0,0.0,1.0,inf,142.0,inf,212.0,0.0,212.0,0.0,0.0,0.0,0.0,0.0,0.0
283.0,143.0,427.0,284.0,142.0,1.986013986013986,129.6331522920795,259.26630458415895,0.5515564401219041,0.0,0.0,1.0,inf,143.0,inf,214.0,1.0,213.0,0.0,0.0,0.0,0.0,0.0,0.0
284.0,143.0,427.0,284.0,142.0,1.986013986013986,129.6331522920795,259.26630458415895,0.5515564401219041,0.0,0.0,1.0,inf,143.0,inf,209.0,0.0,209.0,0.0,0.0,0.0,0.0,0.0,0.0
285.0,144.0,430.0,286.0,143.0,1.9861111111111112,130.50423961609505,261.00847923219004,0.5517062143866189,0.0,0.0,1.0,inf,144.0,inf,205.0,1.0,204.0,0.0,0.0,0.0,0.0,0.0,0.0
286.0,144.0,430.0,286.0,143.0,1.9861111111111112,130.50423961609505,261.00847923219004,0.5517062143866189,0.0,0.0,1.0,inf,144.0,inf,205.0,0.0,205.0,0.0,0.0,0.0,0.0,0.0,0.0
287.0,145.0,433.0,288.0,144.0,1.986206896551724,131.35913096524504,262.71826193049003,0.5519220435401787,0.0,0.0,1.0,inf,145.0,inf,213.0,1.0,212.0,0.0,0.0,0.0,0.0,0.0,0.0
288.0,145.0,433.0,288.0,144.0,1.986206896551724,131.35913096524504,262.71826193049003,0.5519220435401787,0.0,0.0,1.0,inf,145.0,inf,213.0,0.0,213.0,0.0,0.0,0.0,0.0,0.0,0.0
289.0,146.0,436.0,290.0,145.0,1.9863013698630136,132.26786890516422,264.5357378103284,0.5519103059892865,0.0,0.0,1.0,inf,146.0,inf,213.0,1.0,212.0,0.0,0.0,0.0,0.0,0.0,0.0
290.0,146.0,436.0,290.0,145.0,1.9863013698630136,132.26786890516422,264.5357378103284,0.5519103059892865,0.0,0.0,1.0,inf,146.0,inf,213.0,0.0,213.0,0.0,0.0,0.0,0.0,0.0,0.0
291.0,147.0,439.0,292.0,146.0,1.9863945578231292,133.15205814185816,266.30411628371627,0.5520004799452235,0.0,0.0,1.0,inf,147.0,inf,211.0,1.0,210.0,0.0,0.0,0.0,0.0,0.0,0.0
292.0,147.0,439.0,292.0,146.0,1.9863945578231292,133.15205814185816,266.30411628371627,0.5520004799452235,0.0,0.0,1.0,inf,147.0,inf,212.0,0.0,212.0,0.0,0.0,0.0,0.0,0.0,0.0
293.0,148.0,442.0,294.0,147.0,1.9864864864864864,134.06088441604152,268.121768832083,0.5519880039754929,0.0,0.0,1.0,inf,148.0,inf,215.0,1.0,214.0,0.0,0.0,0.0,0.0,0.0,0.0
294.0,148.0,442.0,294.0,147.0,1.9864864864864864,134.06088441604152,268.121768832083,0.5519880039754929,0.0,0.0,1.0,inf,148.0,inf,215.0,0.0,215.0,0.0,0.0,0.0,0.0,0.0,0.0
295.0,149.0,445.0,296.0,148.0,1.9865771812080537,135.0318661988689,270.06373239773774,0.5517216202157774,0.0,0.0,1.0,inf,149.0,inf,207.0,1.0,206.0,0.0,0.0,0.0,0.0,0.0,0.0
296.0,149.0,445.0,296.0,148.0,1.9865771812080537,135.0318661988689,270.06373239773774,0.5517216202157774,0.0,0.0,1.0,inf,149.0,inf,215.0,0.0,215.0,0.0,0.0,0.0,0.0,0.0,0.0
297.0,150.0,448.0,298.0,149.0,1.9866666666666666,136.01007013981976,272.02014027963946,0.5514297575385355,0.0,0.0,1.0,inf,150.0,inf,209.0,1.0,208.0,0.0,0.0,0.0,0.0,0.0,0.0
298.0,150.0,448.0,298.0,149.0,1.9866666666666666,136.01007013981976,272.02014027963946,0.5514297575385355,0.0,0.0,1.0,inf,150.0,inf,212.0,0.0,212.0,0.0,0.0,0.0,0.0,0.0,0.0
299.0,151.0,451.0,300.0,150.0,1.9867549668874172,136.99527426173657,273.9905485234731,0.5511139008762693,0.0,0.0,1.0,inf,151.0,inf,211.0,1.0,210.0,0.0,0.0,0.0,0.0,0.0,0.0
300.0,151.0,451.0,300.0,150.0,1.9867549668874172,136.99527426173657,273.9905485234731,0.5511139008762693,0.0,0.0,1.0,inf,151.0,inf,211.0,0.0,211.0,0.0,0.0,0.0,0.0,0.0,0.0
301.0,152.0,454.0,302.0,151.0,1.986842105263158,137.8657178506684,275.73143570133675,0.551261047233807,0.0,0.0,1.0,inf,152.0,inf,201.0,1.0,200.0,0.0,0.0,0.0,0.0,0.0,0.0
302.0,152.0,454.0,302.0,151.0,1.986842105263158,137.8657178506684,275.73143570133675,0.551261047233807,0.0,0.0,1.0,inf,152.0,inf,217.0,0.0,217.0,0.0,0.0,0.0,0.0,0.0,0.0
303.0,153.0,457.0,304.0,152.0,1.9869281045751634,138.75115849233322,277.5023169846664,0.5513467478848263,0.0,0.0,1.0,inf,153.0,inf,209.0,1.0,208.0,0.0,0.0,0.0,0.0,0.0,0.0
304.0,153.0,457.0,304.0,152.0,1.9869281045751634,138.75115849233322,277.5023169846664,0.5513467478848263,0.0,0.0,1.0,inf,153.0,inf,216.0,0.0,216.0,0.0,0.0,0.0,0.0,0.0,0.0
305.0,154.0,460.0,306.0,153.0,1.9870129870129871,139.71187245812962,279.4237449162592,0.5511342640052027,0.0,0.0,1.0,inf,154.0,inf,212.0,1.0,211.0,0.0,0.0,0.0,0.0,0.0,0.0
306.0,154.0,460.0,306.0,153.0,1.9870129870129871,139.71187245812962,279.4237449162592,0.5511342640052027,0.0,0.0,1.0,inf,154.0,inf,212.0,0.0,212.0,0.0,0.0,0.0,0.0,0.0,0.0
307.0,155.0,463.0,308.0,154.0,1.9870967741935484,140.64856324555794,281.2971264911158,0.5510187819316219,0.0,0.0,1.0,inf,155.0,inf,209.0,1.0,208.0,0.0,0.0,0.0,0.0,0.0,0.0
308.0,155.0,463.0,308.0,154.0,1.9870967741935484,140.64856324555794,281.2971264911158,0.5510187819316219,0.0,0.0,1.0,inf,155.0,inf,206.0,0.0,206.0,0.0,0.0,0.0,0.0,0.0,0.0
309.0,156.0,466.0,310.0,155.0,1.9871794871794872,141.52971328134063,283.0594265626812,0.551121020396242,0.0,0.0,1.0,inf,156.0,inf,210.0,1.0,209.0,0.0,0.0,0.0,0.0,0.0,0.0
310.0,156.0,466.0,310.0,155.0,1.9871794871794872,141.52971328134063,283.0594265626812,0.551121020396242,0.0,0.0,1.0,inf,156.0,inf,205.0,0.0,205.0,0.0,0.0,0.0,0.0,0.0,0.0
311.0,157.0,469.0,312.0,156.0,1.9872611464968153,142.39019578149606,284.78039156299207,0.5513020020034363,0.0,0.0,1.0,inf,157.0,inf,217.0,1.0,216.0,0.0,0.0,0.0,0.0,0.0,0.0
312.0,157.0,469.0,312.0,156.0,1.9872611464968153,142.39019578149606,284.78039156299207,0.5513020020034363,0.0,0.0,1.0,inf,157.0,inf,216.0,0.0,216.0,0.0,0.0,0.0,0.0,0.0,0.0
313.0,158.0,472.0,314.0,157.0,1.9873417721518987,143.33958469919253,286.679169398385,0.5511387532326585,0.0,0.0,1.0,inf,158.0,inf,217.0,1.0,216.0,0.0,0.0,0.0,0.0,0.0,0.0
314.0,158.0,472.0,314.0,157.0,1.9873417721518987,143.33958469919253,286.679169398385,0.5511387532326585,0.0,0.0,1.0,inf,158.0,inf,210.0,0.0,210.0,0.0,0.0,0.0,0.0,0.0,0.0
315.0,159.0,475.0,316.0,158.0,1.9874213836477987,144.2846589532447,288.56931790648935,0.5509941290831336,0.0,0.0,1.0,inf,159.0,inf,215.0,1.0,214.0,0.0,0.0,0.0,0.0,0.0,0.0
316.0,159.0,475.0,316.0,158.0,1.9874213836477987,144.2846589532447,288.56931790648935,0.5509941290831336,0.0,0.0,1.0,inf,159.0,inf,205.0,0.0,205.0,0.0,0.0,0.0,0.0,0.0,0.0
317.0,160.0,478.0,318.0,159.0,1.9875,145.2131057987568,290.42621159751354,0.5509144616111152,0.0,0.0,1.0,inf,160.0,inf,217.0,1.0,216.0,0.0,0.0,0.0,0.0,0.0,0.0
318.0,160.0,478.0,318.0,159.0,1.9875,145.2131057987568,290.42621159751354,0.5509144616111152,0.0,0.0,1.0,inf,160.0,inf,210.0,0.0,210.0,0.0,0.0,0.0,0.0,0.0,0.0
319.0,161.0,481.0,320.0,160.0,1.9875776397515528,146.18188984053666,292.36377968107325,0.5506838096553129,0.0,0.0,1.0,inf,161.0,inf,216.0,1.0,215.0,0.0,0.0,0.0,0.0,0.0,0.0
320.0,161.0,481.0,320.0,160.0,1.9875776397515528,146.18188984053666,292.36377968107325,0.5506838096553129,0.0,0.0,1.0,inf,161.0,inf,213.0,0.0,213.0,0.0,0.0,0.0,0.0,0.0,0.0
321.0,162.0,484.0,322.0,161.0,1.9876543209876543,147.05883980051772,294.1176796010354,0.5507999390575558,0.0,0.0,1.0,inf,162.0,inf,206.0,1.0,205.0,0.0,0.0,0.0,0.0,0.0,0.0
322.0,162.0,484.0,322.0,161.0,1.9876543209876543,147.05883980051772,294.1176796010354,0.5507999390575558,0.0,0.0,1.0,inf,162.0,inf,213.0,0.0,213.0,0.0,0.0,0.0,0.0,0.0,0.0
323.0,163.0,487.0,324.0,162.0,1.9877300613496933,148.0108870702255,296.02177414045093,0.5506351702448171,0.0,0.0,1.0,inf,163.0,inf,218.0,1.0,217.0,0.0,0.0,0.0,0.0,0.0,0.0
324.0,163.0,487.0,324.0,162.0,1.9877300613496933,148.0108870702255,296.02177414045093,0.5506351702448171,0.0,0.0,1.0,inf,163.0,inf,213.0,0.0,213.0,0.0,0.0,0.0,0.0,0.0,0.0
325.0,164.0,490.0,326.0,163.0,1.9878048780487805,148.96326513885947,297.9265302777189,0.5504712851424266,0.0,0.0,1.0,inf,164.0,inf,212.0,1.0,211.0,0.0,0.0,0.0,0.0,0.0,0.0
326.0,164.0,490.0,326.0,163.0,1.9878048780487805,148.96326513885947,297.9265302777189,0.5504712851424266,0.0,0.0,1.0,inf,164.0,inf,212.0,0.0,212.0,0.0,0.0,0.0,0.0,0.0,0.0
327.0,165.0,493.0,328.0,164.0,1.9878787878787878,149.8837056391744,299.76741127834873,0.5504267435087846,0.0,0.0,1.0,inf,165.0,inf,209.0,1.0,208.0,0.0,0.0,0.0,0.0,0.0,0.0
328.0,165.0,493.0,328.0,164.0,1.9878787878787878,149.8837056391744,299.76741127834873,0.5504267435087846,0.0,0.0,1.0,inf,165.0,inf,208.0,0.0,208.0,0.0,0.0,0.0,0.0,0.0,0.0
329.0,166.0,496.0,330.0,165.0,1.9879518072289157,150.7348505643012,301.46970112860237,0.5506357666410626,0.0,0.0,1.0,inf,166.0,inf,218.0,1.0,217.0,0.0,0.0,0.0,0.0,0.0,0.0
330.0,166.0,496.0,330.0,165.0,1.9879518072289157,150.7348505643012,301.46970112860237,0.5506357666410626,0.0,0.0,1.0,inf,166.0,inf,206.0,0.0,206.0,0.0,0.0,0.0,0.0,0.0,0.0
331.0,167.0,499.0,332.0,166.0,1.9880239520958083,151.66513127884932,303.3302625576986,0.5505550240580883,0.0,0.0,1.0,inf,167.0,inf,212.0,1.0,211.0,0.0,0.0,0.0,0.0,0.0,0.0
332.0,167.0,499.0,332.0,166.0,1.9880239520958083,151.66513127884932,303.3302625576986,0.5505550240580883,0.0,0.0,1.0,inf,167.0,inf,210.0,0.0,210.0,0.0,0.0,0.0,0.0,0.0,0.0
333.0,168.0,502.0,334.0,167.0,1.9880952380952381,152.54427545976088,305.0885509195217,0.5506597985852185,0.0,0.0,1.0,inf,168.0,inf,216.0,1.0,215.0,0.0,0.0,0.0,0.0,0.0,0.0
334.0,168.0,502.0,334.0,167.0,1.9880952380952381,152.54427545976088,305.0885509195217,0.5506597985852185,0.0,0.0,1.0,inf,168.0,inf,212.0,0.0,212.0,0.0,0.0,0.0,0.0,0.0,0.0
335.0,169.0,505.0,336.0,168.0,1.9881656804733727,153.5119748103943,307.0239496207885,0.550445658095192,0.0,0.0,1.0,inf,169.0,inf,213.0,1.0,212.0,0.0,0.0,0.0,0.0,0.0,0.0
336.0,169.0,505.0,336.0,168.0,1.9881656804733727,153.5119748103943,307.0239496207885,0.550445658095192,0.0,0.0,1.0,inf,169.0,inf,216.0,0.0,216.0,0.0,0.0,0.0,0.0,0.0,0.0
337.0,170.0,508.0,338.0,169.0,1.988235294117647,154.49390502568505,308.98781005137005,0.5501835168569823,0.0,0.0,1.0,inf,170.0,inf,213.0,1.0,212.0,0.0,0.0,0.0,0.0,0.0,0.0
338.0,170.0,508.0,338.0,169.0,1.988235294117647,154.49390502568505,308.98781005137005,0.5501835168569823,0.0,0.0,1.0,inf,170.0,inf,213.0,0.0,213.0,0.0,0.0,0.0,0.0,0.0,0.0
339.0,171.0,511.0,340.0,170.0,1.9883040935672514,155.35538633320186,310.71077266640367,0.5503510500538553,0.0,0.0,1.0,inf,171.0,inf,215.0,1.0,214.0,0.0,0.0,0.0,0.0,0.0,0.0
340.0,171.0,511.0,340.0,170.0,1.9883040935672514,155.35538633320186,310.71077266640367,0.5503510500538553,0.0,0.0,1.0,inf,171.0,inf,210.0,0.0,210.0,0.0,0.0,0.0,0.0,0.0,0.0
341.0,172.0,514.0,342.0,171.0,1.9883720930232558,156.33577071625578,312.6715414325115,0.5500980332651262,0.0,0.0,1.0,inf,172.0,inf,205.0,1.0,204.0,0.0,0.0,0.0,0.0,0.0,0.0
342.0,172.0,514.0,342.0,171.0,1.9883720930232558,156.33577071625578,312.6715414325115,0.5500980332651262,0.0,0.0,1.0,inf,172.0,inf,215.0,0.0,215.0,0.0,0.0,0.0,0.0,0.0,0.0
343.0,173.0,517.0,344.0,172.0,1.9884393063583814,157.22905174238556,314.4581034847711,0.550152780554368,0.0,0.0,1.0,inf,173.0,inf,212.0,1.0,211.0,0.0,0.0,0.0,0.0,0.0,0.0
344.0,173.0,517.0,344.0,172.0,1.9884393063583814,157.22905174238556,314.4581034847711,0.550152780554368,0.0,0.0,1.0,inf,173.0,inf,211.0,0.0,211.0,0.0,0.0,0.0,0.0,0.0,0.0
345.0,174.0,520.0,346.0,173.0,1.9885057471264367,158.16767368365765,316.33534736731525,0.5500491849807684,0.0,0.0,1.0,inf,174.0,inf,210.0,1.0,209.0,0.0,0.0,0.0,0.0,0.0,0.0
346.0,174.0,520.0,346.0,173.0,1.9885057471264367,158.16767368365765,316.33534736731525,0.5500491849807684,0.0,0.0,1.0,inf,174.0,inf,208.0,0.0,208.0,0.0,0.0,0.0,0.0,0.0,0.0
347.0,175.0,523.0,348.0,174.0,1.9885714285714287,159.14170819337747,318.2834163867549,0.5498244363047577,0.0,0.0,1.0,inf,175.0,inf,209.0,1.0,208.0,0.0,0.0,0.0,0.0,0.0,0.0
348.0,175.0,523.0,348.0,174.0,1.9885714285714287,159.14170819337747,318.2834163867549,0.5498244363047577,0.0,0.0,1.0,inf,175.0,inf,216.0,0.0,216.0,0.0,0.0,0.0,0.0,0.0,0.0
349.0,176.0,526.0,350.0,175.0,1.9886363636363635,159.99871407237586,319.99742814475167,0.5500044204117351,0.0,0.0,1.0,inf,176.0,inf,215.0,1.0,214.0,0.0,0.0,0.0,0.0,0.0,0.0
350.0,176.0,526.0,350.0,175.0,1.9886363636363635,159.99871407237586,319.99742814475167,0.5500044204117351,0.0,0.0,1.0,inf,176.0,inf,214.0,0.0,214.0,0.0,0.0,0.0,0.0,0.0,0.0
351.0,177.0,529.0,352.0,176.0,1.9887005649717515,160.96160129132372,321.9232025826474,0.549820573913304,0.0,0.0,1.0,inf,177.0,inf,212.0,1.0,211.0,0.0,0.0,0.0,0.0,0.0,0.0
352.0,177.0,529.0,352.0,176.0,1.9887005649717515,160.96160129132372,321.9232025826474,0.549820573913304,0.0,0.0,1.0,inf,177.0,inf,209.0,0.0,209.0,0.0,0.0,0.0,0.0,0.0,0.0
353.0,178.0,532.0,354.0,177.0,1.9887640449438202,161.95558616637922,323.9111723327584,0.5495333758266855,0.0,0.0,1.0,inf,178.0,inf,217.0,1.0,216.0,0.0,0.0,0.0,0.0,0.0,0.0
354.0,178.0,532.0,354.0,177.0,1.9887640449438202,161.95558616637922,323.9111723327584,0.5495333758266855,0.0,0.0,1.0,inf,178.0,inf,214.0,0.0,214.0,0.0,0.0,0.0,0.0,0.0,0.0
355.0,179.0,535.0,356.0,178.0,1.988826815642458,162.94138163971252,325.882763279425,0.5492772867109826,0.0,0.0,1.0,inf,179.0,inf,214.0,1.0,213.0,0.0,0.0,0.0,0.0,0.0,0.0
356.0,179.0,535.0,356.0,178.0,1.988826815642458,162.94138163971252,325.882763279425,0.5492772867109826,0.0,0.0,1.0,inf,179.0,inf,210.0,0.0,210.0,0.0,0.0,0.0,0.0,0.0,0.0
357.0,180.0,538.0,358.0,179.0,1.988888888888889,163.8471652502582,327.69433050051634,0.549292383927028,0.0,0.0,1.0,inf,180.0,inf,208.0,1.0,207.0,0.0,0.0,0.0,0.0,0.0,0.0
358.0,180.0,538.0,358.0,179.0,1.988888888888889,163.8471652502582,327.69433050051634,0.549292383927028,0.0,0.0,1.0,inf,180.0,inf,214.0,0.0,214.0,0.0,0.0,0.0,0.0,0.0,0.0
359.0,181.0,541.0,360.0,180.0,1.988950276243094,164.76152908048104,329.523058160962,0.5492787090838025,0.0,0.0,1.0,inf,181.0,inf,213.0,1.0,212.0,0.0,0.0,0.0,0.0,0.0,0.0
360.0,181.0,541.0,360.0,180.0,1.988950276243094,164.76152908048104,329.523058160962,0.5492787090838025,0.0,0.0,1.0,inf,181.0,inf,205.0,0.0,205.0,0.0,0.0,0.0,0.0,0.0,0.0
361.0,182.0,544.0,362.0,181.0,1.989010989010989,165.68973733989705,331.37947467979404,0.5492192905908349,0.0,0.0,1.0,inf,182.0,inf,214.0,1.0,213.0,0.0,0.0,0.0,0.0,0.0,0.0
362.0,182.0,544.0,362.0,181.0,1.989010989010989,165.68973733989705,331.37947467979404,0.5492192905908349,0.0,0.0,1.0,inf,182.0,inf,214.0,0.0,214.0,0.0,0.0,0.0,0.0,0.0,0.0
363.0,183.0,547.0,364.0,182.0,1.989071038251366,166.68793965177775,333.37587930355545,0.5489299357299012,0.0,0.0,1.0,inf,183.0,inf,209.0,1.0,208.0,0.0,0.0,0.0,0.0,0.0,0.0
364.0,183.0,547.0,364.0,182.0,1.989071038251366,166.68793965177775,333.37587930355545,0.5489299357299012,0.0,0.0,1.0,inf,183.0,inf,215.0,0.0,215.0,0.0,0.0,0.0,0.0,0.0,0.0
365.0,184.0,550.0,366.0,183.0,1.9891304347826086,167.61703991113887,335.2340798222777,0.5488702106228176,0.0,0.0,1.0,inf,184.0,inf,216.0,1.0,215.0,0.0,0.0,0.0,0.0,0.0,0.0
366.0,184.0,550.0,366.0,183.0,1.9891304347826086,167.61703991113887,335.2340798222777,0.5488702106228176,0.0,0.0,1.0,inf,184.0,inf,212.0,0.0,212.0,0.0,0.0,0.0,0.0,0.0,0.0
367.0,185.0,553.0,368.0,184.0,1.9891891891891893,168.56648887394397,337.1329777478879,0.5487448935901644,0.0,0.0,1.0,inf,185.0,inf,214.0,1.0,213.0,0.0,0.0,0.0,0.0,0.0,0.0
368.0,185.0,553.0,368.0,184.0,1.9891891891891893,168.56648887394397,337.1329777478879,0.5487448935901644,0.0,0.0,1.0,inf,185.0,inf,206.0,0.0,206.0,0.0,0.0,0.0,0.0,0.0,0.0
369.0,186.0,556.0,370.0,185.0,1.989247311827957,169.49347998248192,338.9869599649638,0.5486936725212798,0.0,0.0,1.0,inf,186.0,inf,219.0,1.0,218.0,0.0,0.0,0.0,0.0,0.0,0.0
370.0,186.0,556.0,370.0,185.0,1.989247311827957,169.49347998248192,338.9869599649638,0.5486936725212798,0.0,0.0,1.0,inf,186.0,inf,211.0,0.0,211.0,0.0,0.0,0.0,0.0,0.0,0.0
371.0,187.0,559.0,372.0,186.0,1.9893048128342246,170.48548973268532,340.9709794653706,0.5484337707954173,0.0,0.0,1.0,inf,187.0,inf,214.0,1.0,213.0,0.0,0.0,0.0,0.0,0.0,0.0
372.0,187.0,559.0,372.0,186.0,1.9893048128342246,170.48548973268532,340.9709794653706,0.5484337707954173,0.0,0.0,1.0,inf,187.0,inf,214.0,0.0,214.0,0.0,0.0,0.0,0.0,0.0,0.0
373.0,188.0,562.0,374.0,187.0,1.9893617021276595,171.42195708984326,342.84391417968646,0.5483544908470159,0.0,0.0,1.0,inf,188.0,inf,215.0,1.0,214.0,0.0,0.0,0.0,0.0,0.0,0.0
374.0,188.0,562.0,374.0,187.0,1.9893617021276595,171.42195708984326,342.84391417968646,0.5483544908470159,0.0,0.0,1.0,inf,188.0,inf,209.0,0.0,209.0,0.0,0.0,0.0,0.0,0.0,0.0
375.0,189.0,565.0,376.0,188.0,1.9894179894179893,172.34151110623054,344.683022212461,0.5483298793971386,0.0,0.0,1.0,inf,189.0,inf,212.0,1.0,211.0,0.0,0.0,0.0,0.0,0.0,0.0
376.0,189.0,565.0,376.0,188.0,1.9894179894179893,172.34151110623054,344.683022212461,0.5483298793971386,0.0,0.0,1.0,inf,189.0,inf,207.0,0.0,207.0,0.0,0.0,0.0,0.0,0.0,0.0
377.0,190.0,568.0,378.0,189.0,1.9894736842105263,173.26323900858605,346.52647801717205,0.5482986497516203,0.0,0.0,1.0,inf,190.0,inf,213.0,1.0,212.0,0.0,0.0,0.0,0.0,0.0,0.0
378.0,190.0,568.0,378.0,189.0,1.9894736842105263,173.26323900858605,346.52647801717205,0.5482986497516203,0.0,0.0,1.0,inf,190.0,inf,214.0,0.0,214.0,0.0,0.0,0.0,0.0,0.0,0.0
379.0,191.0,571.0,380.0,190.0,1.9895287958115184,174.1554955929991,348.31099118599815,0.5483605307706353,0.0,0.0,1.0,inf,191.0,inf,215.0,1.0,214.0,0.0,0.0,0.0,0.0,0.0,0.0
380.0,191.0,571.0,380.0,190.0,1.9895287958115184,174.1554955929991,348.31099118599815,0.5483605307706353,0.0,0.0,1.0,inf,191.0,inf,213.0,0.0,213.0,0.0,0.0,0.0,0.0,0.0,0.0
381.0,192.0,574.0,382.0,191.0,1.9895833333333333,175.02532350641638,350.0506470128327,0.5484920586161961,0.0,0.0,1.0,inf,192.0,inf,211.0,1.0,210.0,0.0,0.0,0.0,0.0,0.0,0.0
382.0,192.0,574.0,382.0,191.0,1.9895833333333333,175.02532350641638,350.0506470128327,0.5484920586161961,0.0,0.0,1.0,inf,192.0,inf,206.0,0.0,206.0,0.0,0.0,0.0,0.0,0.0,0.0
383.0,193.0,577.0,384.0,192.0,1.9896373056994818,175.88137886125162,351.7627577225032,0.5486652460015476,0.0,0.0,1.0,inf,193.0,inf,211.0,1.0,210.0,0.0,0.0,0.0,0.0,0.0,0.0
384.0,193.0,577.0,384.0,192.0,1.9896373056994818,175.88137886125162,351.7627577225032,0.5486652460015476,0.0,0.0,1.0,inf,193.0,inf,210.0,0.0,210.0,0.0,0.0,0.0,0.0,0.0,0.0
385.0,194.0,580.0,386.0,193.0,1.9896907216494846,176.84350489949708,353.6870097989941,0.5485075635383195,0.0,0.0,1.0,inf,194.0,inf,216.0,1.0,215.0,0.0,0.0,0.0,0.0,0.0,0.0
386.0,194.0,580.0,386.0,193.0,1.9896907216494846,176.84350489949708,353.6870097989941,0.5485075635383195,0.0,0.0,1.0,inf,194.0,inf,216.0,0.0,216.0,0.0,0.0,0.0,0.0,0.0,0.0
387.0,195.0,583.0,388.0,194.0,1.9897435897435898,177.76360777235809,355.5272155447161,0.5484812173977551,0.0,0.0,1.0,inf,195.0,inf,211.0,1.0,210.0,0.0,0.0,0.0,0.0,0.0,0.0
388.0,195.0,583.0,388.0,194.0,1.9897435897435898,177.76360777235809,355.5272155447161,0.5484812173977551,0.0,0.0,1.0,inf,195.0,inf,216.0,0.0,216.0,0.0,0.0,0.0,0.0,0.0,0.0
389.0,196.0,586.0,390.0,195.0,1.989795918367347,178.67838117875314,357.3567623575062,0.5484715014401156,0.0,0.0,1.0,inf,196.0,inf,213.0,1.0,212.0,0.0,0.0,0.0,0.0,0.0,0.0
390.0,196.0,586.0,390.0,195.0,1.989795918367347,178.67838117875314,357.3567623575062,0.5484715014401156,0.0,0.0,1.0,inf,196.0,inf,210.0,0.0,210.0,0.0,0.0,0.0,0.0,0.0,0.0
391.0,196.0,586.0,390.0,195.0,1.989795918367347,178.67838117875314,357.3567623575062,0.5484715014401156,0.0,0.0,1.0,inf,196.0,inf,220.0,0.0,220.0,0.0,0.0,0.0,0.0,0.0,0.0
392.0,197.0,589.0,392.0,196.0,1.9898477157360406,179.60921898697308,359.2184379739461,0.5484128295616282,0.0,0.0,1.0,inf,197.0,inf,214.0,1.0,213.0,0.0,0.0,0.0,0.0,0.0,0.0
393.0,197.0,589.0,392.0,196.0,1.9898477157360406,179.60921898697308,359.2184379739461,0.5484128295616282,0.0,0.0,1.0,inf,197.0,inf,211.0,0.0,211.0,0.0,0.0,0.0,0.0,0.0,0.0
394.0,198.0,592.0,394.0,197.0,1.9898989898989898,180.46523002558885,360.93046005117765,0.5485821284574454,0.0,0.0,1.0,inf,198.0,inf,214.0,1.0,213.0,0.0,0.0,0.0,0.0,0.0,0.0
395.0,198.0,592.0,394.0,197.0,1.9898989898989898,180.46523002558885,360.93046005117765,0.5485821284574454,0.0,0.0,1.0,inf,198.0,inf,212.0,0.0,212.0,0.0,0.0,0.0,0.0,0.0,0.0
396.0,199.0,595.0,396.0,198.0,1.9899497487437185,181.3611200134014,362.72224002680275,0.5486291659019729,0.0,0.0,1.0,inf,199.0,inf,217.0,1.0,216.0,0.0,0.0,0.0,0.0,0.0,0.0
397.0,199.0,595.0,396.0,198.0,1.9899497487437185,181.3611200134014,362.72224002680275,0.5486291659019729,0.0,0.0,1.0,inf,199.0,inf,213.0,0.0,213.0,0.0,0.0,0.0,0.0,0.0,0.0
398.0,200.0,598.0,398.0,199.0,1.99,182.30569599633162,364.6113919926632,0.5485292132727012,0.0,0.0,1.0,inf,200.0,inf,211.0,1.0,210.0,0.0,0.0,0.0,0.0,0.0,0.0
399.0,200.0,598.0,398.0,199.0,1.99,182.30569599633162,364.6113919926632,0.5485292132727012,0.0,0.0,1.0,inf,200.0,inf,212.0,0.0,212.0,0.0,0.0,0.0,0.0,0.0,0.0
400.0,201.0,601.0,400.0,200.0,1.9900497512437811,183.17729388249919,366.3545877649983,0.5486487864836932,0.0,0.0,1.0,inf,201.0,inf,217.0,1.0,216.0,0.0,0.0,0.0,0.0,0.0,0.0
401.0,201.0,601.0,400.0,200.0,1.9900497512437811,183.17729388249919,366.3545877649983,0.5486487864836932,0.0,0.0,1.0,inf,201.0,inf,209.0,0.0,209.0,0.0,0.0,0.0,0.0,0.0,0.0
402.0,202.0,604.0,402.0,201.0,1.99009900990099,184.13163666591657,368.2632733318331,0.5485206226850178,0.0,0.0,1.0,inf,202.0,inf,215.0,1.0,214.0,0.0,0.0,0.0,0.0,0.0,0.0
403.0,202.0,604.0,402.0,201.0,1.99009900990099,184.13163666591657,368.2632733318331,0.5485206226850178,0.0,0.0,1.0,inf,202.0,inf,214.0,0.0,214.0,0.0,0.0,0.0,0.0,0.0,0.0
404.0,203.0,607.0,404.0,202.0,1.9901477832512315,185.07338261521937,370.1467652304387,0.5484311064386048,0.0,0.0,1.0,inf,203.0,inf,213.0,1.0,212.0,0.0,0.0,0.0,0.0,0.0,0.0
405.0,203.0,607.0,404.0,202.0,1.9901477832512315,185.07338261521937,370.1467652304387,0.5484311064386048,0.0,0.0,1.0,inf,203.0,inf,210.0,0.0,210.0,0.0,0.0,0.0,0.0,0.0,0.0
406.0,204.0,610.0,406.0,203.0,1.9901960784313726,186.0521233518707,372.10424670374135,0.5482334636250978,0.0,0.0,1.0,inf,204.0,inf,212.0,1.0,211.0,0.0,0.0,0.0,0.0,0.0,0.0
407.0,204.0,610.0,406.0,203.0,1.9901960784313726,186.0521233518707,372.10424670374135,0.5482334636250978,0.0,0.0,1.0,inf,204.0,inf,211.0,0.0,211.0,0.0,0.0,0.0,0.0,0.0,0.0
408.0,205.0,613.0,408.0,204.0,1.9902439024390244,187.01067797934368,374.0213559586873,0.5480970450859586,0.0,0.0,1.0,inf,205.0,inf,215.0,1.0,214.0,0.0,0.0,0.0,0.0,0.0,0.0
409.0,205.0,613.0,408.0,204.0,1.9902439024390244,187.01067797934368,374.0213559586873,0.5480970450859586,0.0,0.0,1.0,inf,205.0,inf,206.0,0.0,206.0,0.0,0.0,0.0,0.0,0.0,0.0
410.0,206.0,616.0,410.0,205.0,1.9902912621359223,188.00374505657635,376.00749011315264,0.5478614267444727,0.0,0.0,1.0,inf,206.0,inf,213.0,1.0,212.0,0.0,0.0,0.0,0.0,0.0,0.0
411.0,206.0,616.0,410.0,205.0,1.9902912621359223,188.00374505657635,376.00749011315264,0.5478614267444727,0.0,0.0,1.0,inf,206.0,inf,214.0,0.0,214.0,0.0,0.0,0.0,0.0,0.0,0.0
412.0,207.0,619.0,412.0,206.0,1.9903381642512077,188.88739209964555,377.77478419929105,0.5479455184886013,0.0,0.0,1.0,inf,207.0,inf,217.0,1.0,216.0,0.0,0.0,0.0,0.0,0.0,0.0
413.0,207.0,619.0,412.0,206.0,1.9903381642512077,188.88739209964555,377.77478419929105,0.5479455184886013,0.0,0.0,1.0,inf,207.0,inf,213.0,0.0,213.0,0.0,0.0,0.0,0.0,0.0,0.0
414.0,208.0,622.0,414.0,207.0,1.9903846153846154,189.83606272342425,379.67212544684844,0.547841113579771,0.0,0.0,1.0,inf,208.0,inf,219.0,1.0,218.0,0.0,0.0,0.0,0.0,0.0,0.0
415.0,208.0,622.0,414.0,207.0,1.9903846153846154,189.83606272342425,379.67212544684844,0.547841113579771,0.0,0.0,1.0,inf,208.0,inf,217.0,0.0,217.0,0.0,0.0,0.0,0.0,0.0,0.0
416.0,209.0,625.0,416.0,208.0,1.9904306220095693,190.76583574018954,381.53167148037903,0.547792006857675,0.0,0.0,1.0,inf,209.0,inf,213.0,1.0,212.0,0.0,0.0,0.0,0.0,0.0,0.0
417.0,209.0,625.0,416.0,208.0,1.9904306220095693,190.76583574018954,381.53167148037903,0.547792006857675,0.0,0.0,1.0,inf,209.0,inf,211.0,0.0,211.0,0.0,0.0,0.0,0.0,0.0,0.0
418.0,210.0,628.0,418.0,209.0,1.9904761904761905,191.72448113889672,383.4489622777934,0.5476608901287453,0.0,0.0,1.0,inf,210.0,inf,213.0,1.0,212.0,0.0,0.0,0.0,0.0,0.0,0.0
419.0,210.0,628.0,418.0,209.0,1.9904761904761905,191.72448113889672,383.4489622777934,0.5476608901287453,0.0,0.0,1.0,inf,210.0,inf,215.0,0.0,215.0,0.0,0.0,0.0,0.0,0.0,0.0
420.0,211.0,631.0,420.0,210.0,1.990521327014218,192.71160920535033,385.4232184107006,0.5474501532887982,0.0,0.0,1.0,inf,211.0,inf,219.0,1.0,218.0,0.0,0.0,0.0,0.0,0.0,0.0
421.0,211.0,631.0,420.0,210.0,1.990521327014218,192.71160920535033,385.4232184107006,0.5474501532887982,0.0,0.0,1.0,inf,211.0,inf,213.0,0.0,213.0,0.0,0.0,0.0,0.0,0.0,0.0
422.0,212.0,634.0,422.0,211.0,1.990566037735849,193.57378222142188,387.1475644428437,0.5475948177669564,0.0,0.0,1.0,inf,212.0,inf,214.0,1.0,213.0,0.0,0.0,0.0,0.0,0.0,0.0
423.0,212.0,634.0,422.0,211.0,1.990566037735849,193.57378222142188,387.1475644428437,0.5475948177669564,0.0,0.0,1.0,inf,212.0,inf,214.0,0.0,214.0,0.0,0.0,0.0,0.0,0.0,0.0
424.0,213.0,637.0,424.0,212.0,1.9906103286384977,194.52755542321972,389.0551108464394,0.5474802773740489,0.0,0.0,1.0,inf,213.0,inf,215.0,1.0,214.0,0.0,0.0,0.0,0.0,0.0,0.0
425.0,213.0,637.0,424.0,212.0,1.9906103286384977,194.52755542321972,389.0551108464394,0.5474802773740489,0.0,0.0,1.0,inf,213.0,inf,212.0,0.0,212.0,0.0,0.0,0.0,0.0,0.0,0.0
426.0,214.0,640.0,426.0,213.0,1.9906542056074767,195.41935003608614,390.83870007217223,0.5475404558465751,0.0,0.0,1.0,inf,214.0,inf,218.0,1.0,217.0,0.0,0.0,0.0,0.0,0.0,0.0
427.0,214.0,640.0,426.0,213.0,1.9906542056074767,195.41935003608614,390.83870007217223,0.5475404558465751,0.0,0.0,1.0,inf,214.0,inf,215.0,0.0,215.0,0.0,0.0,0.0,0.0,0.0,0.0
428.0,215.0,643.0,428.0,214.0,1.9906976744186047,196.39629067011398,392.7925813402279,0.5473626799834387,0.0,0.0,1.0,inf,215.0,inf,219.0,1.0,218.0,0.0,0.0,0.0,0.0,0.0,0.0
429.0,215.0,643.0,428.0,214.0,1.9906976744186047,196.39629067011398,392.7925813402279,0.5473626799834387,0.0,0.0,1.0,inf,215.0,inf,213.0,0.0,213.0,0.0,0.0,0.0,0.0,0.0,0.0
430.0,216.0,646.0,430.0,215.0,1.9907407407407407,197.2834444518493,394.56688890369855,0.5474356974052094,0.0,0.0,1.0,inf,216.0,inf,214.0,1.0,213.0,0.0,0.0,0.0,0.0,0.0,0.0
431.0,216.0,646.0,430.0,215.0,1.9907407407407407,197.2834444518493,394.56688890369855,0.5474356974052094,0.0,0.0,1.0,inf,216.0,inf,218.0,0.0,218.0,0.0,0.0,0.0,0.0,0.0,0.0
432.0,217.0,649.0,432.0,216.0,1.9907834101382489,198.13817086400047,396.2763417280009,0.5475976664510194,0.0,0.0,1.0,inf,217.0,inf,208.0,1.0,207.0,0.0,0.0,0.0,0.0,0.0,0.0
433.0,217.0,649.0,432.0,216.0,1.9907834101382489,198.13817086400047,396.2763417280009,0.5475976664510194,0.0,0.0,1.0,inf,217.0,inf,215.0,0.0,215.0,0.0,0.0,0.0,0.0,0.0,0.0
434.0,217.0,649.0,432.0,216.0,1.9907834101382489,198.13817086400047,396.2763417280009,0.5475976664510194,0.0,0.0,1.0,inf,217.0,inf,220.0,0.0,220.0,0.0,0.0,0.0,0.0,0.0,0.0
435.0,218.0,652.0,434.0,217.0,1.9908256880733946,199.03477978964565,398.06955957929125,0.5476429803635279,0.0,0.0,1.0,inf,218.0,inf,212.0,1.0,211.0,0.0,0.0,0.0,0.0,0.0,0.0
436.0,218.0,652.0,434.0,217.0,1.9908256880733946,199.03477978964565,398.06955957929125,0.5476429803635279,0.0,0.0,1.0,inf,218.0,inf,215.0,0.0,215.0,0.0,0.0,0.0,0.0,0.0,0.0
437.0,219.0,655.0,436.0,218.0,1.9908675799086757,200.01768652855077,400.0353730571015,0.5474515874093456,0.0,0.0,1.0,inf,219.0,inf,212.0,1.0,211.0,0.0,0.0,0.0,0.0,0.0,0.0
438.0,219.0,655.0,436.0,218.0,1.9908675799086757,200.01768652855077,400.0353730571015,0.5474515874093456,0.0,0.0,1.0,inf,219.0,inf,212.0,0.0,212.0,0.0,0.0,0.0,0.0,0.0,0.0
439.0,220.0,658.0,438.0,219.0,1.990909090909091,200.9419490500785,401.88389810015696,0.5474217828582222,0.0,0.0,1.0,inf,220.0,inf,213.0,1.0,212.0,0.0,0.0,0.0,0.0,0.0,0.0
440.0,220.0,658.0,438.0,219.0,1.990909090909091,200.9419490500785,401.88389810015696,0.5474217828582222,0.0,0.0,1.0,inf,220.0,inf,212.0,0.0,212.0,0.0,0.0,0.0,0.0,0.0,0.0
441.0,221.0,661.0,440.0,220.0,1.990950226244344,201.88017643313412,403.7603528662682,0.5473543859151487,0.0,0.0,1.0,inf,221.0,inf,214.0,1.0,213.0,0.0,0.0,0.0,0.0,0.0,0.0
442.0,221.0,661.0,440.0,220.0,1.990950226244344,201.88017643313412,403.7603528662682,0.5473543859151487,0.0,0.0,1.0,inf,221.0,inf,214.0,0.0,214.0,0.0,0.0,0.0,0.0,0.0,0.0
443.0,222.0,664.0,442.0,221.0,1.990990990990991,202.8388297797154,405.67765955943077,0.5472325004070814,0.0,0.0,1.0,inf,222.0,inf,217.0,1.0,216.0,0.0,0.0,0.0,0.0,0.0,0.0
444.0,222.0,664.0,442.0,221.0,1.990990990990991,202.8388297797154,405.67765955943077,0.5472325004070814,0.0,0.0,1.0,inf,222.0,inf,217.0,0.0,217.0,0.0,0.0,0.0,0.0,0.0,0.0
445.0,223.0,667.0,444.0,222.0,1.9910313901345291,203.82235259497932,407.6447051899586,0.5470450055179402,0.0,0.0,1.0,inf,223.0,inf,215.0,1.0,214.0,0.0,0.0,0.0,0.0,0.0,0.0
446.0,223.0,667.0,444.0,222.0,1.9910313901345291,203.82235259497932,407.6447051899586,0.5470450055179402,0.0,0.0,1.0,inf,223.0,inf,217.0,0.0,217.0,0.0,0.0,0.0,0.0,0.0,0.0
447.0,224.0,670.0,446.0,223.0,1.9910714285714286,204.73141970345083,409.4628394069016,0.5470581904928402,0.0,0.0,1.0,inf,224.0,inf,215.0,1.0,214.0,0.0,0.0,0.0,0.0,0.0,0.0
448.0,224.0,670.0,446.0,223.0,1.9910714285714286,204.73141970345083,409.4628394069016,0.5470581904928402,0.0,0.0,1.0,inf,224.0,inf,211.0,0.0,211.0,0.0,0.0,0.0,0.0,0.0,0.0
449.0,225.0,673.0,448.0,224.0,1.991111111111111,205.71084992379312,411.4216998475862,0.5468841339271913,0.0,0.0,1.0,inf,225.0,inf,214.0,1.0,213.0,0.0,0.0,0.0,0.0,0.0,0.0
450.0,225.0,673.0,448.0,224.0,1.991111111111111,205.71084992379312,411.4216998475862,0.5468841339271913,0.0,0.0,1.0,inf,225.0,inf,215.0,0.0,215.0,0.0,0.0,0.0,0.0,0.0,0.0
451.0,226.0,676.0,450.0,225.0,1.991150442477876,206.6569242802398,413.3138485604795,0.546799970015836,0.0,0.0,1.0,inf,226.0,inf,217.0,1.0,216.0,0.0,0.0,0.0,0.0,0.0,0.0
452.0,226.0,676.0,450.0,225.0,1.991150442477876,206.6569242802398,413.3138485604795,0.546799970015836,0.0,0.0,1.0,inf,226.0,inf,215.0,0.0,215.0,0.0,0.0,0.0,0.0,0.0,0.0
453.0,227.0,679.0,452.0,226.0,1.9911894273127753,207.6276168001588,415.2552336003175,0.5466517496525694,0.0,0.0,1.0,inf,227.0,inf,215.0,1.0,214.0,0.0,0.0,0.0,0.0,0.0,0.0
454.0,227.0,679.0,452.0,226.0,1.9911894273127753,207.6276168001588,415.2552336003175,0.5466517496525694,0.0,0.0,1.0,inf,227.0,inf,216.0,0.0,216.0,0.0,0.0,0.0,0.0,0.0,0.0
455.0,228.0,682.0,454.0,227.0,1.9912280701754386,208.49670871626637,416.9934174325327,0.5467712210034806,0.0,0.0,1.0,inf,228.0,inf,212.0,1.0,211.0,0.0,0.0,0.0,0.0,0.0,0.0
456.0,228.0,682.0,454.0,227.0,1.9912280701754386,208.49670871626637,416.9934174325327,0.5467712210034806,0.0,0.0,1.0,inf,228.0,inf,215.0,0.0,215.0,0.0,0.0,0.0,0.0,0.0,0.0
457.0,229.0,685.0,456.0,228.0,1.9912663755458515,209.41916642830284,418.83833285660563,0.5467503378646121,0.0,0.0,1.0,inf,229.0,inf,211.0,1.0,210.0,0.0,0.0,0.0,0.0,0.0,0.0
458.0,229.0,685.0,456.0,228.0,1.9912663755458515,209.41916642830284,418.83833285660563,0.5467503378646121,0.0,0.0,1.0,inf,229.0,inf,213.0,0.0,213.0,0.0,0.0,0.0,0.0,0.0,0.0
459.0,230.0,688.0,458.0,229.0,1.991304347826087,210.3778415918894,420.75568318377873,0.5466355160306653,0.0,0.0,1.0,inf,230.0,inf,213.0,1.0,212.0,0.0,0.0,0.0,0.0,0.0,0.0
460.0,230.0,688.0,458.0,229.0,1.991304347826087,210.3778415918894,420.75568318377873,0.5466355160306653,0.0,0.0,1.0,inf,230.0,inf,213.0,0.0,213.0,0.0,0.0,0.0,0.0,0.0,0.0
461.0,231.0,691.0,460.0,230.0,1.9913419913419914,211.33585443918886,422.6717088783777,0.5465234486902208,0.0,0.0,1.0,inf,231.0,inf,218.0,1.0,217.0,0.0,0.0,0.0,0.0,0.0,0.0
462.0,231.0,691.0,460.0,230.0,1.9913419913419914,211.33585443918886,422.6717088783777,0.5465234486902208,0.0,0.0,1.0,inf,231.0,inf,209.0,0.0,209.0,0.0,0.0,0.0,0.0,0.0,0.0
463.0,232.0,694.0,462.0,231.0,1.9913793103448276,212.2487658706191,424.49753174123816,0.5465285017049775,0.0,0.0,1.0,inf,232.0,inf,218.0,1.0,217.0,0.0,0.0,0.0,0.0,0.0,0.0
464.0,232.0,694.0,462.0,231.0,1.9913793103448276,212.2487658706191,424.49753174123816,0.5465285017049775,0.0,0.0,1.0,inf,232.0,inf,216.0,0.0,216.0,0.0,0.0,0.0,0.0,0.0,0.0
465.0,233.0,697.0,464.0,232.0,1.9914163090128756,213.12260779437543,426.2452155887508,0.5466337016315104,0.0,0.0,1.0,inf,233.0,inf,212.0,1.0,211.0,0.0,0.0,0.0,0.0,0.0,0.0
466.0,233.0,697.0,464.0,232.0,1.9914163090128756,213.12260779437543,426.2452155887508,0.5466337016315104,0.0,0.0,1.0,inf,233.0,inf,213.0,0.0,213.0,0.0,0.0,0.0,0.0,0.0,0.0
467.0,234.0,700.0,466.0,233.0,1.9914529914529915,213.99176695533183,427.9835339106636,0.5467500066225555,0.0,0.0,1.0,inf,234.0,inf,217.0,1.0,216.0,0.0,0.0,0.0,0.0,0.0,0.0
468.0,234.0,700.0,466.0,233.0,1.9914529914529915,213.99176695533183,427.9835339106636,0.5467500066225555,0.0,0.0,1.0,inf,234.0,inf,212.0,0.0,212.0,0.0,0.0,0.0,0.0,0.0,0.0
469.0,235.0,703.0,468.0,234.0,1.9914893617021276,214.90855511950647,429.8171102390129,0.5467441718858542,0.0,0.0,1.0,inf,235.0,inf,216.0,1.0,215.0,0.0,0.0,0.0,0.0,0.0,0.0
470.0,235.0,703.0,468.0,234.0,1.9914893617021276,214.90855511950647,429.8171102390129,0.5467441718858542,0.0,0.0,1.0,inf,235.0,inf,211.0,0.0,211.0,0.0,0.0,0.0,0.0,0.0,0.0
471.0,236.0,706.0,470.0,235.0,1.9915254237288136,215.88258389415745,431.76516778831484,0.5465934206987854,0.0,0.0,1.0,inf,236.0,inf,211.0,1.0,210.0,0.0,0.0,0.0,0.0,0.0,0.0
472.0,236.0,706.0,470.0,235.0,1.9915254237288136,215.88258389415745,431.76516778831484,0.5465934206987854,0.0,0.0,1.0,inf,236.0,inf,208.0,0.0,208.0,0.0,0.0,0.0,0.0,0.0,0.0
473.0,237.0,709.0,472.0,236.0,1.9915611814345993,216.789496658768,433.57899331753595,0.5466131977165016,0.0,0.0,1.0,inf,237.0,inf,210.0,1.0,209.0,0.0,0.0,0.0,0.0,0.0,0.0
474.0,237.0,709.0,472.0,236.0,1.9915611814345993,216.789496658768,433.57899331753595,0.5466131977165016,0.0,0.0,1.0,inf,237.0,inf,211.0,0.0,211.0,0.0,0.0,0.0,0.0,0.0,0.0
475.0,238.0,712.0,474.0,237.0,1.9915966386554622,217.67088525629904,435.34177051259803,0.546696908315883,0.0,0.0,1.0,inf,238.0,inf,214.0,1.0,213.0,0.0,0.0,0.0,0.0,0.0,0.0
476.0,238.0,712.0,474.0,237.0,1.9915966386554622,217.67088525629904,435.34177051259803,0.546696908315883,0.0,0.0,1.0,inf,238.0,inf,215.0,0.0,215.0,0.0,0.0,0.0,0.0,0.0,0.0
477.0,239.0,715.0,476.0,238.0,1.99163179916318,218.65726915303134,437.3145383060626,0.5465173898077257,0.0,0.0,1.0,inf,239.0,inf,216.0,1.0,215.0,0.0,0.0,0.0,0.0,0.0,0.0
478.0,239.0,715.0,476.0,238.0,1.99163179916318,218.65726915303134,437.3145383060626,0.5465173898077257,0.0,0.0,1.0,inf,239.0,inf,205.0,0.0,205.0,0.0,0.0,0.0,0.0,0.0,0.0
479.0,240.0,718.0,478.0,239.0,1.9916666666666667,219.54619538455077,439.0923907691015,0.5465820065331193,0.0,0.0,1.0,inf,240.0,inf,215.0,1.0,214.0,0.0,0.0,0.0,0.0,0.0,0.0
480.0,240.0,718.0,478.0,239.0,1.9916666666666667,219.54619538455077,439.0923907691015,0.5465820065331193,0.0,0.0,1.0,inf,240.0,inf,213.0,0.0,213.0,0.0,0.0,0.0,0.0,0.0,0.0
481.0,240.0,718.0,478.0,239.0,1.9916666666666667,219.54619538455077,439.0923907691015,0.5465820065331193,0.0,0.0,1.0,inf,240.0,inf,220.0,0.0,220.0,0.0,0.0,0.0,0.0,0.0,0.0
482.0,241.0,721.0,480.0,240.0,1.991701244813278,220.53907713542293,441.0781542708458,0.5463884295027066,0.0,0.0,1.0,inf,241.0,inf,219.0,1.0,218.0,0.0,0.0,0.0,0.0,0.0,0.0
483.0,241.0,721.0,480.0,240.0,1.991701244813278,220.53907713542293,441.0781542708458,0.5463884295027066,0.0,0.0,1.0,inf,241.0,inf,215.0,0.0,215.0,0.0,0.0,0.0,0.0,0.0,0.0
484.0,242.0,724.0,482.0,241.0,1.9917355371900827,221.40926519215054,442.818530384301,0.5464992618759196,0.0,0.0,1.0,inf,242.0,inf,214.0,1.0,213.0,0.0,0.0,0.0,0.0,0.0,0.0
485.0,242.0,724.0,482.0,241.0,1.9917355371900827,221.40926519215054,442.818530384301,0.5464992618759196,0.0,0.0,1.0,inf,242.0,inf,209.0,0.0,209.0,0.0,0.0,0.0,0.0,0.0,0.0
486.0,242.0,724.0,482.0,241.0,1.9917355371900827,221.40926519215054,442.818530384301,0.5464992618759196,0.0,0.0,1.0,inf,242.0,inf,220.0,0.0,220.0,0.0,0.0,0.0,0.0,0.0,0.0
487.0,243.0,727.0,484.0,242.0,1.991769547325103,222.3831133127448,444.76622662548954,0.5463544339768753,0.0,0.0,1.0,inf,243.0,inf,214.0,1.0,213.0,0.0,0.0,0.0,0.0,0.0,0.0
488.0,243.0,727.0,484.0,242.0,1.991769547325103,222.3831133127448,444.76622662548954,0.5463544339768753,0.0,0.0,1.0,inf,243.0,inf,213.0,0.0,213.0,0.0,0.0,0.0,0.0,0.0,0.0
489.0,244.0,730.0,486.0,243.0,1.9918032786885247,223.2981855430732,446.59637108614635,0.5463546410074468,0.0,0.0,1.0,inf,244.0,inf,216.0,1.0,215.0,0.0,0.0,0.0,0.0,0.0,0.0
490.0,244.0,730.0,486.0,243.0,1.9918032786885247,223.2981855430732,446.59637108614635,0.5463546410074468,0.0,0.0,1.0,inf,244.0,inf,215.0,0.0,215.0,0.0,0.0,0.0,0.0,0.0,0.0
491.0,245.0,733.0,488.0,244.0,1.9918367346938775,224.2809469883833,448.56189397676656,0.5461899534709247,0.0,0.0,1.0,inf,245.0,inf,213.0,1.0,212.0,0.0,0.0,0.0,0.0,0.0,0.0
492.0,245.0,733.0,488.0,244.0,1.9918367346938775,224.2809469883833,448.56189397676656,0.5461899534709247,0.0,0.0,1.0,inf,245.0,inf,211.0,0.0,211.0,0.0,0.0,0.0,0.0,0.0,0.0
493.0,246.0,736.0,490.0,245.0,1.991869918699187,225.26565748267618,450.5313149653523,0.5460219785586234,0.0,0.0,1.0,inf,246.0,inf,218.0,1.0,217.0,0.0,0.0,0.0,0.0,0.0,0.0
494.0,246.0,736.0,490.0,245.0,1.991869918699187,225.26565748267618,450.5313149653523,0.5460219785586234,0.0,0.0,1.0,inf,246.0,inf,214.0,0.0,214.0,0.0,0.0,0.0,0.0,0.0,0.0
495.0,247.0,739.0,492.0,246.0,1.991902834008097,226.1396812388604,452.2793624777207,0.5461226412075506,0.0,0.0,1.0,inf,247.0,inf,216.0,1.0,215.0,0.0,0.0,0.0,0.0,0.0,0.0
496.0,247.0,739.0,492.0,246.0,1.991902834008097,226.1396812388604,452.2793624777207,0.5461226412075506,0.0,0.0,1.0,inf,247.0,inf,216.0,0.0,216.0,0.0,0.0,0.0,0.0,0.0,0.0
497.0,248.0,742.0,494.0,247.0,1.9919354838709677,226.99058881573328,453.9811776314665,0.54627815473293,0.0,0.0,1.0,inf,248.0,inf,217.0,1.0,216.0,0.0,0.0,0.0,0.0,0.0,0.0
498.0,248.0,742.0,494.0,247.0,1.9919354838709677,226.99058881573328,453.9811776314665,0.54627815473293,0.0,0.0,1.0,inf,248.0,inf,213.0,0.0,213.0,0.0,0.0,0.0,0.0,0.0,0.0
499.0,249.0,745.0,496.0,248.0,1.9919678714859437,227.99058444672372,455.9811688934474,0.5460751824560232,0.0,0.0,1.0,inf,249.0,inf,216.0,1.0,215.0,0.0,0.0,0.0,0.0,0.0,0.0
500.0,249.0,745.0,496.0,248.0,1.9919678714859437,227.99058444672372,455.9811688934474,0.5460751824560232,0.0,0.0,1.0,inf,249.0,inf,213.0,0.0,213.0,0.0,0.0,0.0,0.0,0.0,0.0
501.0,249.0,745.0,496.0,248.0,1.9919678714859437,227.99058444672372,455.9811688934474,0.5460751824560232,0.0,0.0,1.0,inf,249.0,inf,220.0,0.0,220.0,0.0,0.0,0.0,0.0,0.0,0.0
502.0,250.0,748.0,498.0,249.0,1.992,228.84530244755675,457.69060489511344,0.5462205195522665,0.0,0.0,1.0,inf,250.0,inf,216.0,1.0,215.0,0.0,0.0,0.0,0.0,0.0,0.0
503.0,250.0,748.0,498.0,249.0,1.992,228.84530244755675,457.69060489511344,0.5462205195522665,0.0,0.0,1.0,inf,250.0,inf,217.0,0.0,217.0,0.0,0.0,0.0,0.0,0.0,0.0
504.0,251.0,751.0,500.0,250.0,1.9920318725099602,229.7605551568583,459.5211103137165,0.5462208250424915,0.0,0.0,1.0,inf,251.0,inf,209.0,1.0,208.0,0.0,0.0,0.0,0.0,0.0,0.0
505.0,251.0,751.0,500.0,250.0,1.9920318725099602,229.7605551568583,459.5211103137165,0.5462208250424915,0.0,0.0,1.0,inf,251.0,inf,217.0,0.0,217.0,0.0,0.0,0.0,0.0,0.0,0.0
506.0,252.0,754.0,502.0,251.0,1.992063492063492,230.61321357603546,461.22642715207087,0.5463693864118353,0.0,0.0,1.0,inf,252.0,inf,216.0,1.0,215.0,0.0,0.0,0.0,0.0,0.0,0.0
507.0,252.0,754.0,502.0,251.0,1.992063492063492,230.61321357603546,461.22642715207087,0.5463693864118353,0.0,0.0,1.0,inf,252.0,inf,214.0,0.0,214.0,0.0,0.0,0.0,0.0,0.0,0.0
508.0,253.0,757.0,504.0,252.0,1.992094861660079,231.5853064526216,463.17061290524316,0.5462350005607103,0.0,0.0,1.0,inf,253.0,inf,219.0,1.0,218.0,0.0,0.0,0.0,0.0,0.0,0.0
509.0,253.0,757.0,504.0,252.0,1.992094861660079,231.5853064526216,463.17061290524316,0.5462350005607103,0.0,0.0,1.0,inf,253.0,inf,213.0,0.0,213.0,0.0,0.0,0.0,0.0,0.0,0.0
510.0,254.0,760.0,506.0,253.0,1.9921259842519685,232.45549899031246,464.91099798062487,0.5463411300297641,0.0,0.0,1.0,inf,254.0,inf,218.0,1.0,217.0,0.0,0.0,0.0,0.0,0.0,0.0
511.0,254.0,760.0,506.0,253.0,1.9921259842519685,232.45549899031246,464.91099798062487,0.5463411300297641,0.0,0.0,1.0,inf,254.0,inf,210.0,0.0,210.0,0.0,0.0,0.0,0.0,0.0,0.0
512.0,255.0,763.0,508.0,254.0,1.992156862745098,233.3323394653399,466.66467893067977,0.5464308989150617,0.0,0.0,1.0,inf,255.0,inf,216.0,1.0,215.0,0.0,0.0,0.0,0.0,0.0,0.0
513.0,255.0,763.0,508.0,254.0,1.992156862745098,233.3323394653399,466.66467893067977,0.5464308989150617,0.0,0.0,1.0,inf,255.0,inf,216.0,0.0,216.0,0.0,0.0,0.0,0.0,0.0,0.0
514.0,256.0,766.0,510.0,255.0,1.9921875,234.19480946169855,468.38961892339705,0.5465535307729944,0.0,0.0,1.0,inf,256.0,inf,217.0,1.0,216.0,0.0,0.0,0.0,0.0,0.0,0.0
515.0,256.0,766.0,510.0,255.0,1.9921875,234.19480946169855,468.38961892339705,0.5465535307729944,0.0,0.0,1.0,inf,256.0,inf,215.0,0.0,215.0,0.0,0.0,0.0,0.0,0.0,0.0
516.0,257.0,769.0,512.0,256.0,1.9922178988326849,235.10591653633298,470.2118330726659,0.5465621703320332,0.0,0.0,1.0,inf,257.0,inf,217.0,1.0,216.0,0.0,0.0,0.0,0.0,0.0,0.0
517.0,257.0,769.0,512.0,256.0,1.9922178988326849,235.10591653633298,470.2118330726659,0.5465621703320332,0.0,0.0,1.0,inf,257.0,inf,212.0,0.0,212.0,0.0,0.0,0.0,0.0,0.0,0.0
518.0,258.0,772.0,514.0,257.0,1.9922480620155039,236.01941746358725,472.03883492717443,0.5465651995344916,0.0,0.0,1.0,inf,258.0,inf,217.0,1.0,216.0,0.0,0.0,0.0,0.0,0.0,0.0
519.0,258.0,772.0,514.0,257.0,1.9922480620155039,236.01941746358725,472.03883492717443,0.5465651995344916,0.0,0.0,1.0,inf,258.0,inf,215.0,0.0,215.0,0.0,0.0,0.0,0.0,0.0,0.0
520.0,259.0,775.0,516.0,258.0,1.9922779922779923,236.91232409562576,473.82464819125147,0.5466157174150614,0.0,0.0,1.0,inf,259.0,inf,217.0,1.0,216.0,0.0,0.0,0.0,0.0,0.0,0.0
521.0,259.0,775.0,516.0,258.0,1.9922779922779923,236.91232409562576,473.82464819125147,0.5466157174150614,0.0,0.0,1.0,inf,259.0,inf,214.0,0.0,214.0,0.0,0.0,0.0,0.0,0.0,0.0
522.0,260.0,778.0,518.0,259.0,1.9923076923076923,237.77958928510327,475.5591785702065,0.5467248067458262,0.0,0.0,1.0,inf,260.0,inf,218.0,1.0,217.0,0.0,0.0,0.0,0.0,0.0,0.0
523.0,260.0,778.0,518.0,259.0,1.9923076923076923,237.77958928510327,475.5591785702065,0.5467248067458262,0.0,0.0,1.0,inf,260.0,inf,212.0,0.0,212.0,0.0,0.0,0.0,0.0,0.0,0.0
524.0,261.0,781.0,520.0,260.0,1.9923371647509578,238.69675695182963,477.3935139036592,0.5467187810445856,0.0,0.0,1.0,inf,261.0,inf,216.0,1.0,215.0,0.0,0.0,0.0,0.0,0.0,0.0
525.0,261.0,781.0,520.0,260.0,1.9923371647509578,238.69675695182963,477.3935139036592,0.5467187810445856,0.0,0.0,1.0,inf,261.0,inf,215.0,0.0,215.0,0.0,0.0,0.0,0.0,0.0,0.0
526.0,262.0,784.0,522.0,261.0,1.9923664122137406,239.55769186131582,479.1153837226316,0.5468411345181863,0.0,0.0,1.0,inf,262.0,inf,210.0,1.0,209.0,0.0,0.0,0.0,0.0,0.0,0.0
527.0,262.0,784.0,522.0,261.0,1.9923664122137406,239.55769186131582,479.1153837226316,0.5468411345181863,0.0,0.0,1.0,inf,262.0,inf,213.0,0.0,213.0,0.0,0.0,0.0,0.0,0.0,0.0
528.0,263.0,787.0,524.0,262.0,1.9923954372623573,240.5353669834544,481.07073396690873,0.5466971516460839,0.0,0.0,1.0,inf,263.0,inf,213.0,1.0,212.0,0.0,0.0,0.0,0.0,0.0,0.0
529.0,263.0,787.0,524.0,262.0,1.9923954372623573,240.5353669834544,481.07073396690873,0.5466971516460839,0.0,0.0,1.0,inf,263.0,inf,216.0,0.0,216.0,0.0,0.0,0.0,0.0,0.0,0.0
530.0,264.0,790.0,526.0,263.0,1.9924242424242424,241.5166941789765,483.03338835795296,0.546546069822325,0.0,0.0,1.0,inf,264.0,inf,220.0,1.0,219.0,0.0,0.0,0.0,0.0,0.0,0.0
531.0,264.0,790.0,526.0,263.0,1.9924242424242424,241.5166941789765,483.03338835795296,0.546546069822325,0.0,0.0,1.0,inf,264.0,inf,208.0,0.0,208.0,0.0,0.0,0.0,0.0,0.0,0.0
532.0,265.0,793.0,528.0,264.0,1.9924528301886792,242.43880737701178,484.8776147540235,0.5465296642626686,0.0,0.0,1.0,inf,265.0,inf,215.0,1.0,214.0,0.0,0.0,0.0,0.0,0.0,0.0
533.0,265.0,793.0,528.0,264.0,1.9924528301886792,242.43880737701178,484.8776147540235,0.5465296642626686,0.0,0.0,1.0,inf,265.0,inf,207.0,0.0,207.0,0.0,0.0,0.0,0.0,0.0,0.0
534.0,266.0,796.0,530.0,265.0,1.9924812030075187,243.2888266727311,486.5776533454621,0.5466753316168927,0.0,0.0,1.0,inf,266.0,inf,216.0,1.0,215.0,0.0,0.0,0.0,0.0,0.0,0.0
535.0,266.0,796.0,530.0,265.0,1.9924812030075187,243.2888266727311,486.5776533454621,0.5466753316168927,0.0,0.0,1.0,inf,266.0,inf,215.0,0.0,215.0,0.0,0.0,0.0,0.0,0.0,0.0
536.0,267.0,799.0,532.0,266.0,1.9925093632958801,244.18985656092966,488.37971312185925,0.5467057554321034,0.0,0.0,1.0,inf,267.0,inf,217.0,1.0,216.0,0.0,0.0,0.0,0.0,0.0,0.0
537.0,267.0,799.0,532.0,266.0,1.9925093632958801,244.18985656092966,488.37971312185925,0.5467057554321034,0.0,0.0,1.0,inf,267.0,inf,213.0,0.0,213.0,0.0,0.0,0.0,0.0,0.0,0.0
538.0,268.0,802.0,534.0,267.0,1.992537313432836,245.1201391077259,490.2402782154517,0.5466707080363945,0.0,0.0,1.0,inf,268.0,inf,217.0,1.0,216.0,0.0,0.0,0.0,0.0,0.0,0.0
539.0,268.0,802.0,534.0,267.0,1.992537313432836,245.1201391077259,490.2402782154517,0.5466707080363945,0.0,0.0,1.0,inf,268.0,inf,212.0,0.0,212.0,0.0,0.0,0.0,0.0,0.0,0.0
540.0,268.0,802.0,534.0,267.0,1.992537313432836,245.1201391077259,490.2402782154517,0.5466707080363945,0.0,0.0,1.0,inf,268.0,inf,220.0,0.0,220.0,0.0,0.0,0.0,0.0,0.0,0.0
541.0,269.0,805.0,536.0,268.0,1.9925650557620818,245.984067073313,491.96813414662597,0.5467833815428121,0.0,0.0,1.0,inf,269.0,inf,216.0,1.0,215.0,0.0,0.0,0.0,0.0,0.0,0.0
542.0,269.0,805.0,536.0,268.0,1.9925650557620818,245.984067073313,491.96813414662597,0.5467833815428121,0.0,0.0,1.0,inf,269.0,inf,216.0,0.0,216.0,0.0,0.0,0.0,0.0,0.0,0.0
543.0,270.0,808.0,538.0,269.0,1.9925925925925927,246.94074384352888,493.8814876870577,0.5466898572458386,0.0,0.0,1.0,inf,270.0,inf,215.0,1.0,214.0,0.0,0.0,0.0,0.0,0.0,0.0
544.0,270.0,808.0,538.0,269.0,1.9925925925925927,246.94074384352888,493.8814876870577,0.5466898572458386,0.0,0.0,1.0,inf,270.0,inf,214.0,0.0,214.0,0.0,0.0,0.0,0.0,0.0,0.0
545.0,271.0,811.0,540.0,270.0,1.992619926199262,247.8475872756411,495.69517455128215,0.5467069560346581,0.0,0.0,1.0,inf,271.0,inf,212.0,1.0,211.0,0.0,0.0,0.0,0.0,0.0,0.0
546.0,271.0,811.0,540.0,270.0,1.992619926199262,247.8475872756411,495.69517455128215,0.5467069560346581,0.0,0.0,1.0,inf,271.0,inf,217.0,0.0,217.0,0.0,0.0,0.0,0.0,0.0,0.0
547.0,272.0,814.0,542.0,271.0,1.9926470588235294,248.80653164909933,497.6130632981986,0.5466094442882458,0.0,0.0,1.0,inf,272.0,inf,217.0,1.0,216.0,0.0,0.0,0.0,0.0,0.0,0.0
548.0,272.0,814.0,542.0,271.0,1.9926470588235294,248.80653164909933,497.6130632981986,0.5466094442882458,0.0,0.0,1.0,inf,272.0,inf,216.0,0.0,216.0,0.0,0.0,0.0,0.0,0.0,0.0
549.0,273.0,817.0,544.0,272.0,1.9926739926739927,249.73860770811999,499.4772154162399,0.5465714782855413,0.0,0.0,1.0,inf,273.0,inf,216.0,1.0,215.0,0.0,0.0,0.0,0.0,0.0,0.0
550.0,273.0,817.0,544.0,272.0,1.9926739926739927,249.73860770811999,499.4772154162399,0.5465714782855413,0.0,0.0,1.0,inf,273.0,inf,219.0,0.0,219.0,0.0,0.0,0.0,0.0,0.0,0.0
551.0,274.0,820.0,546.0,273.0,1.9927007299270072,250.61109002525478,501.2221800505095,0.546663756923902,0.0,0.0,1.0,inf,274.0,inf,215.0,1.0,214.0,0.0,0.0,0.0,0.0,0.0,0.0
552.0,274.0,820.0,546.0,273.0,1.9927007299270072,250.61109002525478,501.2221800505095,0.546663756923902,0.0,0.0,1.0,inf,274.0,inf,215.0,0.0,215.0,0.0,0.0,0.0,0.0,0.0,0.0
553.0,275.0,823.0,548.0,274.0,1.9927272727272727,251.53928421185734,503.0785684237146,0.5466342978228066,0.0,0.0,1.0,inf,275.0,inf,218.0,1.0,217.0,0.0,0.0,0.0,0.0,0.0,0.0
554.0,275.0,823.0,548.0,274.0,1.9927272727272727,251.53928421185734,503.0785684237146,0.5466342978228066,0.0,0.0,1.0,inf,275.0,inf,219.0,0.0,219.0,0.0,0.0,0.0,0.0,0.0,0.0
555.0,276.0,826.0,550.0,275.0,1.9927536231884058,252.38978023331856,504.77956046663707,0.5467733276380194,0.0,0.0,1.0,inf,276.0,inf,219.0,1.0,218.0,0.0,0.0,0.0,0.0,0.0,0.0
556.0,276.0,826.0,550.0,275.0,1.9927536231884058,252.38978023331856,504.77956046663707,0.5467733276380194,0.0,0.0,1.0,inf,276.0,inf,217.0,0.0,217.0,0.0,0.0,0.0,0.0,0.0,0.0
557.0,277.0,829.0,552.0,276.0,1.9927797833935017,253.28559689234746,506.57119378469486,0.5468135642109404,0.0,0.0,1.0,inf,277.0,inf,214.0,1.0,213.0,0.0,0.0,0.0,0.0,0.0,0.0
558.0,277.0,829.0,552.0,276.0,1.9927797833935017,253.28559689234746,506.57119378469486,0.5468135642109404,0.0,0.0,1.0,inf,277.0,inf,215.0,0.0,215.0,0.0,0.0,0.0,0.0,0.0,0.0
559.0,278.0,832.0,554.0,277.0,1.9928057553956835,254.2121483525661,508.4242967051321,0.5467874013920897,0.0,0.0,1.0,inf,278.0,inf,213.0,1.0,212.0,0.0,0.0,0.0,0.0,0.0,0.0
560.0,278.0,832.0,554.0,277.0,1.9928057553956835,254.2121483525661,508.4242967051321,0.5467874013920897,0.0,0.0,1.0,inf,278.0,inf,208.0,0.0,208.0,0.0,0.0,0.0,0.0,0.0,0.0
561.0,279.0,835.0,556.0,278.0,1.992831541218638,255.13881991489035,510.27763982978064,0.5467611712186121,0.0,0.0,1.0,inf,279.0,inf,217.0,1.0,216.0,0.0,0.0,0.0,0.0,0.0,0.0
562.0,279.0,835.0,556.0,278.0,1.992831541218638,255.13881991489035,510.27763982978064,0.5467611712186121,0.0,0.0,1.0,inf,279.0,inf,213.0,0.0,213.0,0.0,0.0,0.0,0.0,0.0,0.0
563.0,280.0,838.0,558.0,279.0,1.9928571428571429,256.0616894810174,512.1233789620347,0.5467432487997336,0.0,0.0,1.0,inf,280.0,inf,218.0,1.0,217.0,0.0,0.0,0.0,0.0,0.0,0.0
564.0,280.0,838.0,558.0,279.0,1.9928571428571429,256.0616894810174,512.1233789620347,0.5467432487997336,0.0,0.0,1.0,inf,280.0,inf,214.0,0.0,214.0,0.0,0.0,0.0,0.0,0.0,0.0
565.0,281.0,841.0,560.0,280.0,1.99288256227758,257.0114196715523,514.0228393431045,0.5466683160598544,0.0,0.0,1.0,inf,281.0,inf,219.0,1.0,218.0,0.0,0.0,0.0,0.0,0.0,0.0
566.0,281.0,841.0,560.0,280.0,1.99288256227758,257.0114196715523,514.0228393431045,0.5466683160598544,0.0,0.0,1.0,inf,281.0,inf,214.0,0.0,214.0,0.0,0.0,0.0,0.0,0.0,0.0
567.0,282.0,844.0,562.0,281.0,1.9929078014184398,257.94912698457944,515.8982539691588,0.5466194115416766,0.0,0.0,1.0,inf,282.0,inf,214.0,1.0,213.0,0.0,0.0,0.0,0.0,0.0,0.0
568.0,282.0,844.0,562.0,281.0,1.9929078014184398,257.94912698457944,515.8982539691588,0.5466194115416766,0.0,0.0,1.0,inf,282.0,inf,215.0,0.0,215.0,0.0,0.0,0.0,0.0,0.0,0.0
569.0,283.0,847.0,564.0,282.0,1.9929328621908127,258.8632993348955,517.7265986697909,0.5466205536418636,0.0,0.0,1.0,inf,283.0,inf,214.0,1.0,213.0,0.0,0.0,0.0,0.0,0.0,0.0
570.0,283.0,847.0,564.0,282.0,1.9929328621908127,258.8632993348955,517.7265986697909,0.5466205536418636,0.0,0.0,1.0,inf,283.0,inf,218.0,0.0,218.0,0.0,0.0,0.0,0.0,0.0,0.0
571.0,284.0,850.0,566.0,283.0,1.9929577464788732,259.8405361473509,519.6810722947017,0.5464890201714885,0.0,0.0,1.0,inf,284.0,inf,218.0,1.0,217.0,0.0,0.0,0.0,0.0,0.0,0.0
572.0,284.0,850.0,566.0,283.0,1.9929577464788732,259.8405361473509,519.6810722947017,0.5464890201714885,0.0,0.0,1.0,inf,284.0,inf,207.0,0.0,207.0,0.0,0.0,0.0,0.0,0.0,0.0
573.0,285.0,853.0,568.0,284.0,1.9929824561403509,260.7232951509256,521.4465903018511,0.5465564552546434,0.0,0.0,1.0,inf,285.0,inf,215.0,1.0,214.0,0.0,0.0,0.0,0.0,0.0,0.0
574.0,285.0,853.0,568.0,284.0,1.9929824561403509,260.7232951509256,521.4465903018511,0.5465564552546434,0.0,0.0,1.0,inf,285.0,inf,216.0,0.0,216.0,0.0,0.0,0.0,0.0,0.0,0.0
575.0,286.0,856.0,570.0,285.0,1.993006993006993,261.62887122844865,523.2577424568972,0.5465757633267299,0.0,0.0,1.0,inf,286.0,inf,218.0,1.0,217.0,0.0,0.0,0.0,0.0,0.0,0.0
576.0,286.0,856.0,570.0,285.0,1.993006993006993,261.62887122844865,523.2577424568972,0.5465757633267299,0.0,0.0,1.0,inf,286.0,inf,216.0,0.0,216.0,0.0,0.0,0.0,0.0,0.0,0.0
577.0,287.0,859.0,572.0,286.0,1.9930313588850175,262.51035082328053,525.020701646561,0.5466451115163945,0.0,0.0,1.0,inf,287.0,inf,215.0,1.0,214.0,0.0,0.0,0.0,0.0,0.0,0.0
578.0,287.0,859.0,572.0,286.0,1.9930313588850175,262.51035082328053,525.020701646561,0.5466451115163945,0.0,0.0,1.0,inf,287.0,inf,210.0,0.0,210.0,0.0,0.0,0.0,0.0,0.0,0.0
579.0,288.0,862.0,574.0,287.0,1.9930555555555556,263.3890625590818,526.7781251181635,0.5467197407549861,0.0,0.0,1.0,inf,288.0,inf,217.0,1.0,216.0,0.0,0.0,0.0,0.0,0.0,0.0
580.0,288.0,862.0,574.0,287.0,1.9930555555555556,263.3890625590818,526.7781251181635,0.5467197407549861,0.0,0.0,1.0,inf,288.0,inf,214.0,0.0,214.0,0.0,0.0,0.0,0.0,0.0,0.0
581.0,289.0,865.0,576.0,288.0,1.9930795847750864,264.32478015242015,528.6495603048402,0.5466759488712167,0.0,0.0,1.0,inf,289.0,inf,216.0,1.0,215.0,0.0,0.0,0.0,0.0,0.0,0.0
582.0,289.0,865.0,576.0,288.0,1.9930795847750864,264.32478015242015,528.6495603048402,0.5466759488712167,0.0,0.0,1.0,inf,289.0,inf,217.0,0.0,217.0,0.0,0.0,0.0,0.0,0.0,0.0
583.0,290.0,868.0,578.0,289.0,1.993103448275862,265.2714675704282,530.5429351408562,0.5466098609399193,0.0,0.0,1.0,inf,290.0,inf,216.0,1.0,215.0,0.0,0.0,0.0,0.0,0.0,0.0
584.0,290.0,868.0,578.0,289.0,1.993103448275862,265.2714675704282,530.5429351408562,0.5466098609399193,0.0,0.0,1.0,inf,290.0,inf,216.0,0.0,216.0,0.0,0.0,0.0,0.0,0.0,0.0
585.0,290.0,868.0,578.0,289.0,1.993103448275862,265.2714675704282,530.5429351408562,0.5466098609399193,0.0,0.0,1.0,inf,290.0,inf,220.0,0.0,220.0,0.0,0.0,0.0,0.0,0.0,0.0
586.0,291.0,871.0,580.0,290.0,1.993127147766323,266.2669089441605,532.5338178883209,0.5464441697879672,0.0,0.0,1.0,inf,291.0,inf,219.0,1.0,218.0,0.0,0.0,0.0,0.0,0.0,0.0
587.0,291.0,871.0,580.0,290.0,1.993127147766323,266.2669089441605,532.5338178883209,0.5464441697879672,0.0,0.0,1.0,inf,291.0,inf,213.0,0.0,213.0,0.0,0.0,0.0,0.0,0.0,0.0
588.0,292.0,874.0,582.0,291.0,1.9931506849315068,267.26182718634306,534.523654372686,0.5462807821717256,0.0,0.0,1.0,inf,292.0,inf,216.0,1.0,215.0,0.0,0.0,0.0,0.0,0.0,0.0
589.0,292.0,874.0,582.0,291.0,1.9931506849315068,267.26182718634306,534.523654372686,0.5462807821717256,0.0,0.0,1.0,inf,292.0,inf,216.0,0.0,216.0,0.0,0.0,0.0,0.0,0.0,0.0
590.0,293.0,877.0,584.0,292.0,1.993174061433447,268.1431450013666,536.286290002733,0.5463499728820344,0.0,0.0,1.0,inf,293.0,inf,217.0,1.0,216.0,0.0,0.0,0.0,0.0,0.0,0.0
591.0,293.0,877.0,584.0,292.0,1.993174061433447,268.1431450013666,536.286290002733,0.5463499728820344,0.0,0.0,1.0,inf,293.0,inf,217.0,0.0,217.0,0.0,0.0,0.0,0.0,0.0,0.0
592.0,294.0,880.0,586.0,293.0,1.9931972789115646,269.14149601772914,538.2829920354582,0.5461811061283419,0.0,0.0,1.0,inf,294.0,inf,218.0,1.0,217.0,0.0,0.0,0.0,0.0,0.0,0.0
593.0,294.0,880.0,586.0,293.0,1.9931972789115646,269.14149601772914,538.2829920354582,0.5461811061283419,0.0,0.0,1.0,inf,294.0,inf,215.0,0.0,215.0,0.0,0.0,0.0,0.0,0.0,0.0
594.0,295.0,883.0,588.0,294.0,1.993220338983051,270.1092151152102,540.2184302304203,0.546075408560521,0.0,0.0,1.0,inf,295.0,inf,219.0,1.0,218.0,0.0,0.0,0.0,0.0,0.0,0.0
595.0,295.0,883.0,588.0,294.0,1.993220338983051,270.1092151152102,540.2184302304203,0.546075408560521,0.0,0.0,1.0,inf,295.0,inf,214.0,0.0,214.0,0.0,0.0,0.0,0.0,0.0,0.0
596.0,296.0,886.0,590.0,295.0,1.9932432432432432,271.0064671931575,542.0129343863149,0.5461124287285525,0.0,0.0,1.0,inf,296.0,inf,217.0,1.0,216.0,0.0,0.0,0.0,0.0,0.0,0.0
597.0,296.0,886.0,590.0,295.0,1.9932432432432432,271.0064671931575,542.0129343863149,0.5461124287285525,0.0,0.0,1.0,inf,296.0,inf,214.0,0.0,214.0,0.0,0.0,0.0,0.0,0.0,0.0
598.0,297.0,889.0,592.0,296.0,1.9932659932659933,272.0046332761852,544.0092665523703,0.5459465826422805,0.0,0.0,1.0,inf,297.0,inf,216.0,1.0,215.0,0.0,0.0,0.0,0.0,0.0,0.0
599.0,297.0,889.0,592.0,296.0,1.9932659932659933,272.0046332761852,544.0092665523703,0.5459465826422805,0.0,0.0,1.0,inf,297.0,inf,218.0,0.0,218.0,0.0,0.0,0.0,0.0,0.0,0.0
600.0,297.0,889.0,592.0,296.0,1.9932659932659933,272.0046332761852,544.0092665523703,0.5459465826422805,0.0,0.0,1.0,inf,297.0,inf,220.0,0.0,220.0,0.0,0.0,0.0,0.0,0.0,0.0
601.0,298.0,892.0,594.0,297.0,1.9932885906040267,272.9713374141864,545.9426748283727,0.5458448546702854,0.0,0.0,1.0,inf,298.0,inf,218.0,1.0,217.0,0.0,0.0,0.0,0.0,0.0,0.0
602.0,298.0,892.0,594.0,297.0,1.9932885906040267,272.9713374141864,545.9426748283727,0.5458448546702854,0.0,0.0,1.0,inf,298.0,inf,216.0,0.0,216.0,0.0,0.0,0.0,0.0,0.0,0.0
603.0,299.0,895.0,596.0,298.0,1.9933110367892977,273.957134529392,547.9142690587839,0.5457058099867103,0.0,0.0,1.0,inf,299.0,inf,214.0,1.0,213.0,0.0,0.0,0.0,0.0,0.0,0.0
604.0,299.0,895.0,596.0,298.0,1.9933110367892977,273.957134529392,547.9142690587839,0.5457058099867103,0.0,0.0,1.0,inf,299.0,inf,214.0,0.0,214.0,0.0,0.0,0.0,0.0,0.0,0.0
605.0,300.0,898.0,598.0,299.0,1.9933333333333334,274.81099449219107,549.621988984382,0.545829690246481,0.0,0.0,1.0,inf,300.0,inf,218.0,1.0,217.0,0.0,0.0,0.0,0.0,0.0,0.0
606.0,300.0,898.0,598.0,299.0,1.9933333333333334,274.81099449219107,549.621988984382,0.545829690246481,0.0,0.0,1.0,inf,300.0,inf,213.0,0.0,213.0,0.0,0.0,0.0,0.0,0.0,0.0
607.0,301.0,901.0,600.0,300.0,1.9933554817275747,275.7485204470018,551.4970408940035,0.5457871532947202,0.0,0.0,1.0,inf,301.0,inf,219.0,1.0,218.0,0.0,0.0,0.0,0.0,0.0,0.0
608.0,301.0,901.0,600.0,300.0,1.9933554817275747,275.7485204470018,551.4970408940035,0.5457871532947202,0.0,0.0,1.0,inf,301.0,inf,216.0,0.0,216.0,0.0,0.0,0.0,0.0,0.0,0.0
609.0,302.0,904.0,602.0,301.0,1.9933774834437086,276.7269656950759,553.4539313901516,0.5456642059465437,0.0,0.0,1.0,inf,302.0,inf,213.0,1.0,212.0,0.0,0.0,0.0,0.0,0.0,0.0
610.0,302.0,904.0,602.0,301.0,1.9933774834437086,276.7269656950759,553.4539313901516,0.5456642059465437,0.0,0.0,1.0,inf,302.0,inf,217.0,0.0,217.0,0.0,0.0,0.0,0.0,0.0,0.0
611.0,303.0,907.0,604.0,302.0,1.9933993399339933,277.63457356016016,555.2691471203202,0.5456813179183239,0.0,0.0,1.0,inf,303.0,inf,217.0,1.0,216.0,0.0,0.0,0.0,0.0,0.0,0.0
612.0,303.0,907.0,604.0,302.0,1.9933993399339933,277.63457356016016,555.2691471203202,0.5456813179183239,0.0,0.0,1.0,inf,303.0,inf,217.0,0.0,217.0,0.0,0.0,0.0,0.0,0.0,0.0
613.0,304.0,910.0,606.0,303.0,1.993421052631579,278.56220815472204,557.124416309444,0.5456590863738937,0.0,0.0,1.0,inf,304.0,inf,218.0,1.0,217.0,0.0,0.0,0.0,0.0,0.0,0.0
614.0,304.0,910.0,606.0,303.0,1.993421052631579,278.56220815472204,557.124416309444,0.5456590863738937,0.0,0.0,1.0,inf,304.0,inf,215.0,0.0,215.0,0.0,0.0,0.0,0.0,0.0,0.0
615.0,305.0,913.0,608.0,304.0,1.9934426229508198,279.5405010888995,559.0810021777988,0.5455381220465867,0.0,0.0,1.0,inf,305.0,inf,214.0,1.0,213.0,0.0,0.0,0.0,0.0,0.0,0.0
616.0,305.0,913.0,608.0,304.0,1.9934426229508198,279.5405010888995,559.0810021777988,0.5455381220465867,0.0,0.0,1.0,inf,305.0,inf,214.0,0.0,214.0,0.0,0.0,0.0,0.0,0.0,0.0
617.0,305.0,913.0,608.0,304.0,1.9934426229508198,279.5405010888995,559.0810021777988,0.5455381220465867,0.0,0.0,1.0,inf,305.0,inf,220.0,0.0,220.0,0.0,0.0,0.0,0.0,0.0,0.0
618.0,306.0,916.0,610.0,305.0,1.9934640522875817,280.53019380691086,561.0603876138216,0.5453958375165493,0.0,0.0,1.0,inf,306.0,inf,217.0,1.0,216.0,0.0,0.0,0.0,0.0,0.0,0.0
619.0,306.0,916.0,610.0,305.0,1.9934640522875817,280.53019380691086,561.0603876138216,0.5453958375165493,0.0,0.0,1.0,inf,306.0,inf,217.0,0.0,217.0,0.0,0.0,0.0,0.0,0.0,0.0
620.0,306.0,916.0,610.0,305.0,1.9934640522875817,280.53019380691086,561.0603876138216,0.5453958375165493,0.0,0.0,1.0,inf,306.0,inf,220.0,0.0,220.0,0.0,0.0,0.0,0.0,0.0,0.0
621.0,307.0,919.0,612.0,306.0,1.993485342019544,281.42189776888887,562.8437955377776,0.5454444064834582,0.0,0.0,1.0,inf,307.0,inf,219.0,1.0,218.0,0.0,0.0,0.0,0.0,0.0,0.0
622.0,307.0,919.0,612.0,306.0,1.993485342019544,281.42189776888887,562.8437955377776,0.5454444064834582,0.0,0.0,1.0,inf,307.0,inf,218.0,0.0,218.0,0.0,0.0,0.0,0.0,0.0,0.0
623.0,308.0,922.0,614.0,307.0,1.9935064935064934,282.3424915776948,564.6849831553894,0.5454368527367849,0.0,0.0,1.0,inf,308.0,inf,218.0,1.0,217.0,0.0,0.0,0.0,0.0,0.0,0.0
624.0,308.0,922.0,614.0,307.0,1.9935064935064934,282.3424915776948,564.6849831553894,0.5454368527367849,0.0,0.0,1.0,inf,308.0,inf,217.0,0.0,217.0,0.0,0.0,0.0,0.0,0.0,0.0
625.0,309.0,925.0,616.0,308.0,1.993527508090615,283.2876065359585,566.5752130719169,0.5453821361591719,0.0,0.0,1.0,inf,309.0,inf,220.0,1.0,219.0,0.0,0.0,0.0,0.0,0.0,0.0
626.0,309.0,925.0,616.0,308.0,1.993527508090615,283.2876065359585,566.5752130719169,0.5453821361591719,0.0,0.0,1.0,inf,309.0,inf,217.0,0.0,217.0,0.0,0.0,0.0,0.0,0.0,0.0
627.0,310.0,928.0,618.0,309.0,1.9935483870967743,284.1477268622516,568.2954537245031,0.5454909026076444,0.0,0.0,1.0,inf,310.0,inf,215.0,1.0,214.0,0.0,0.0,0.0,0.0,0.0,0.0
628.0,310.0,928.0,618.0,309.0,1.9935483870967743,284.1477268622516,568.2954537245031,0.5454909026076444,0.0,0.0,1.0,inf,310.0,inf,217.0,0.0,217.0,0.0,0.0,0.0,0.0,0.0,0.0
629.0,311.0,931.0,620.0,310.0,1.9935691318327975,285.1043085365018,570.2086170730034,0.5454144162121333,0.0,0.0,1.0,inf,311.0,inf,215.0,1.0,214.0,0.0,0.0,0.0,0.0,0.0,0.0
630.0,311.0,931.0,620.0,310.0,1.9935691318327975,285.1043085365018,570.2086170730034,0.5454144162121333,0.0,0.0,1.0,inf,311.0,inf,217.0,0.0,217.0,0.0,0.0,0.0,0.0,0.0,0.0
631.0,312.0,934.0,622.0,311.0,1.9935897435897436,285.96211101995806,571.924222039916,0.5455268162750148,0.0,0.0,1.0,inf,312.0,inf,217.0,1.0,216.0,0.0,0.0,0.0,0.0,0.0,0.0
632.0,312.0,934.0,622.0,311.0,1.9935897435897436,285.96211101995806,571.924222039916,0.5455268162750148,0.0,0.0,1.0,inf,312.0,inf,213.0,0.0,213.0,0.0,0.0,0.0,0.0,0.0,0.0
633.0,313.0,937.0,624.0,312.0,1.9936102236421724,286.8272289014942,573.6544578029883,0.5456246277571758,0.0,0.0,1.0,inf,313.0,inf,219.0,1.0,218.0,0.0,0.0,0.0,0.0,0.0,0.0
634.0,313.0,937.0,624.0,312.0,1.9936102236421724,286.8272289014942,573.6544578029883,0.5456246277571758,0.0,0.0,1.0,inf,313.0,inf,216.0,0.0,216.0,0.0,0.0,0.0,0.0,0.0,0.0
635.0,314.0,940.0,626.0,313.0,1.9936305732484076,287.74304127264963,575.4860825452992,0.5456257058575932,0.0,0.0,1.0,inf,314.0,inf,220.0,1.0,219.0,0.0,0.0,0.0,0.0,0.0,0.0
636.0,314.0,940.0,626.0,313.0,1.9936305732484076,287.74304127264963,575.4860825452992,0.5456257058575932,0.0,0.0,1.0,inf,314.0,inf,216.0,0.0,216.0,0.0,0.0,0.0,0.0,0.0,0.0
637.0,315.0,943.0,628.0,314.0,1.9936507936507937,288.6168779526337,577.2337559052672,0.5457061316623629,0.0,0.0,1.0,inf,315.0,inf,219.0,1.0,218.0,0.0,0.0,0.0,0.0,0.0,0.0
638.0,315.0,943.0,628.0,314.0,1.9936507936507937,288.6168779526337,577.2337559052672,0.5457061316623629,0.0,0.0,1.0,inf,315.0,inf,216.0,0.0,216.0,0.0,0.0,0.0,0.0,0.0,0.0
639.0,316.0,946.0,630.0,315.0,1.9936708860759493,289.5210993903561,579.042198780712,0.5457287925912836,0.0,0.0,1.0,inf,316.0,inf,219.0,1.0,218.0,0.0,0.0,0.0,0.0,0.0,0.0
640.0,316.0,946.0,630.0,315.0,1.9936708860759493,289.5210993903561,579.042198780712,0.5457287925912836,0.0,0.0,1.0,inf,316.0,inf,213.0,0.0,213.0,0.0,0.0,0.0,0.0,0.0,0.0
641.0,317.0,949.0,632.0,316.0,1.9936908517350158,290.3978873122437,580.7957746244873,0.5458028688396638,0.0,0.0,1.0,inf,317.0,inf,220.0,1.0,219.0,0.0,0.0,0.0,0.0,0.0,0.0
642.0,317.0,949.0,632.0,316.0,1.9936908517350158,290.3978873122437,580.7957746244873,0.5458028688396638,0.0,0.0,1.0,inf,317.0,inf,217.0,0.0,217.0,0.0,0.0,0.0,0.0,0.0,0.0
643.0,318.0,952.0,634.0,317.0,1.9937106918238994,291.36002037761597,582.7200407552318,0.5457166010419986,0.0,0.0,1.0,inf,318.0,inf,216.0,1.0,215.0,0.0,0.0,0.0,0.0,0.0,0.0
644.0,318.0,952.0,634.0,317.0,1.9937106918238994,291.36002037761597,582.7200407552318,0.5457166010419986,0.0,0.0,1.0,inf,318.0,inf,216.0,0.0,216.0,0.0,0.0,0.0,0.0,0.0,0.0
645.0,319.0,955.0,636.0,318.0,1.993730407523511,292.2667254091774,584.5334508183547,0.5457343793642532,0.0,0.0,1.0,inf,319.0,inf,215.0,1.0,214.0,0.0,0.0,0.0,0.0,0.0,0.0
646.0,319.0,955.0,636.0,318.0,1.993730407523511,292.2667254091774,584.5334508183547,0.5457343793642532,0.0,0.0,1.0,inf,319.0,inf,216.0,0.0,216.0,0.0,0.0,0.0,0.0,0.0,0.0
647.0,320.0,958.0,638.0,319.0,1.99375,293.2402241053766,586.4804482107531,0.5456277374228974,0.0,0.0,1.0,inf,320.0,inf,220.0,1.0,219.0,0.0,0.0,0.0,0.0,0.0,0.0
648.0,320.0,958.0,638.0,319.0,1.99375,293.2402241053766,586.4804482107531,0.5456277374228974,0.0,0.0,1.0,inf,320.0,inf,215.0,0.0,215.0,0.0,0.0,0.0,0.0,0.0,0.0
649.0,320.0,958.0,638.0,319.0,1.99375,293.2402241053766,586.4804482107531,0.5456277374228974,0.0,0.0,1.0,inf,320.0,inf,220.0,0.0,220.0,0.0,0.0,0.0,0.0,0.0,0.0
650.0,321.0,961.0,640.0,320.0,1.9937694704049844,294.0997586208692,588.1995172417382,0.5457331918687641,0.0,0.0,1.0,inf,321.0,inf,216.0,1.0,215.0,0.0,0.0,0.0,0.0,0.0,0.0
651.0,321.0,961.0,640.0,320.0,1.9937694704049844,294.0997586208692,588.1995172417382,0.5457331918687641,0.0,0.0,1.0,inf,321.0,inf,216.0,0.0,216.0,0.0,0.0,0.0,0.0,0.0,0.0
652.0,322.0,964.0,642.0,321.0,1.9937888198757765,295.0142939744314,590.0285879488627,0.5457362686770484,0.0,0.0,1.0,inf,322.0,inf,214.0,1.0,213.0,0.0,0.0,0.0,0.0,0.0,0.0
653.0,322.0,964.0,642.0,321.0,1.9937888198757765,295.0142939744314,590.0285879488627,0.5457362686770484,0.0,0.0,1.0,inf,322.0,inf,214.0,0.0,214.0,0.0,0.0,0.0,0.0,0.0,0.0
654.0,323.0,967.0,644.0,322.0,1.9938080495356036,295.8859422663397,591.7718845326793,0.5458184284220806,0.0,0.0,1.0,inf,323.0,inf,217.0,1.0,216.0,0.0,0.0,0.0,0.0,0.0,0.0
655.0,323.0,967.0,644.0,322.0,1.9938080495356036,295.8859422663397,591.7718845326793,0.5458184284220806,0.0,0.0,1.0,inf,323.0,inf,217.0,0.0,217.0,0.0,0.0,0.0,0.0,0.0,0.0
656.0,324.0,970.0,646.0,323.0,1.9938271604938271,296.8151579199908,593.6303158399814,0.5457942280820732,0.0,0.0,1.0,inf,324.0,inf,217.0,1.0,216.0,0.0,0.0,0.0,0.0,0.0,0.0
657.0,324.0,970.0,646.0,323.0,1.9938271604938271,296.8151579199908,593.6303158399814,0.5457942280820732,0.0,0.0,1.0,inf,324.0,inf,218.0,0.0,218.0,0.0,0.0,0.0,0.0,0.0,0.0
658.0,325.0,973.0,648.0,324.0,1.9938461538461538,297.67095831770786,595.3419166354156,0.545904783316355,0.0,0.0,1.0,inf,325.0,inf,215.0,1.0,214.0,0.0,0.0,0.0,0.0,0.0,0.0
659.0,325.0,973.0,648.0,324.0,1.9938461538461538,297.67095831770786,595.3419166354156,0.545904783316355,0.0,0.0,1.0,inf,325.0,inf,216.0,0.0,216.0,0.0,0.0,0.0,0.0,0.0,0.0
660.0,326.0,976.0,650.0,325.0,1.9938650306748467,298.65698613912997,597.3139722782598,0.5457766185454846,0.0,0.0,1.0,inf,326.0,inf,216.0,1.0,215.0,0.0,0.0,0.0,0.0,0.0,0.0
661.0,326.0,976.0,650.0,325.0,1.9938650306748467,298.65698613912997,597.3139722782598,0.5457766185454846,0.0,0.0,1.0,inf,326.0,inf,217.0,0.0,217.0,0.0,0.0,0.0,0.0,0.0,0.0
662.0,327.0,979.0,652.0,326.0,1.9938837920489296,299.54230841379126,599.0846168275824,0.5458327435139453,0.0,0.0,1.0,inf,327.0,inf,219.0,1.0,218.0,0.0,0.0,0.0,0.0,0.0,0.0
663.0,327.0,979.0,652.0,326.0,1.9938837920489296,299.54230841379126,599.0846168275824,0.5458327435139453,0.0,0.0,1.0,inf,327.0,inf,212.0,0.0,212.0,0.0,0.0,0.0,0.0,0.0,0.0
664.0,328.0,982.0,654.0,327.0,1.9939024390243902,300.50200806663963,601.0040161332792,0.5457534245948573,0.0,0.0,1.0,inf,328.0,inf,219.0,1.0,218.0,0.0,0.0,0.0,0.0,0.0,0.0
665.0,328.0,982.0,654.0,327.0,1.9939024390243902,300.50200806663963,601.0040161332792,0.5457534245948573,0.0,0.0,1.0,inf,328.0,inf,213.0,0.0,213.0,0.0,0.0,0.0,0.0,0.0,0.0
666.0,329.0,985.0,656.0,328.0,1.993920972644377,301.3578473688982,602.7156947377963,0.5458626726870406,0.0,0.0,1.0,inf,329.0,inf,217.0,1.0,216.0,0.0,0.0,0.0,0.0,0.0,0.0
667.0,329.0,985.0,656.0,328.0,1.993920972644377,301.3578473688982,602.7156947377963,0.5458626726870406,0.0,0.0,1.0,inf,329.0,inf,217.0,0.0,217.0,0.0,0.0,0.0,0.0,0.0,0.0
668.0,330.0,988.0,658.0,329.0,1.993939393939394,302.3013908911067,604.6027817822132,0.5458129038494415,0.0,0.0,1.0,inf,330.0,inf,212.0,1.0,211.0,0.0,0.0,0.0,0.0,0.0,0.0
669.0,330.0,988.0,658.0,329.0,1.993939393939394,302.3013908911067,604.6027817822132,0.5458129038494415,0.0,0.0,1.0,inf,330.0,inf,214.0,0.0,214.0,0.0,0.0,0.0,0.0,0.0,0.0
670.0,331.0,991.0,660.0,330.0,1.9939577039274925,303.25314609270157,606.506292185403,0.545748666196552,0.0,0.0,1.0,inf,331.0,inf,217.0,1.0,216.0,0.0,0.0,0.0,0.0,0.0,0.0
671.0,331.0,991.0,660.0,330.0,1.9939577039274925,303.25314609270157,606.506292185403,0.545748666196552,0.0,0.0,1.0,inf,331.0,inf,215.0,0.0,215.0,0.0,0.0,0.0,0.0,0.0,0.0
672.0,332.0,994.0,662.0,331.0,1.9939759036144578,304.15902651002403,608.318053020048,0.545767133412788,0.0,0.0,1.0,inf,332.0,inf,219.0,1.0,218.0,0.0,0.0,0.0,0.0,0.0,0.0
673.0,332.0,994.0,662.0,331.0,1.9939759036144578,304.15902651002403,608.318053020048,0.545767133412788,0.0,0.0,1.0,inf,332.0,inf,211.0,0.0,211.0,0.0,0.0,0.0,0.0,0.0,0.0
674.0,333.0,997.0,664.0,332.0,1.993993993993994,305.07626862480714,610.1525372496142,0.545765164725963,0.0,0.0,1.0,inf,333.0,inf,214.0,1.0,213.0,0.0,0.0,0.0,0.0,0.0,0.0
675.0,333.0,997.0,664.0,332.0,1.993993993993994,305.07626862480714,610.1525372496142,0.545765164725963,0.0,0.0,1.0,inf,333.0,inf,216.0,0.0,216.0,0.0,0.0,0.0,0.0,0.0,0.0
676.0,334.0,1000.0,666.0,333.0,1.9940119760479043,306.05937600891247,612.1187520178248,0.5456457572962475,0.0,0.0,1.0,inf,334.0,inf,218.0,1.0,217.0,0.0,0.0,0.0,0.0,0.0,0.0
677.0,334.0,1000.0,666.0,333.0,1.9940119760479043,306.05937600891247,612.1187520178248,0.5456457572962475,0.0,0.0,1.0,inf,334.0,inf,217.0,0.0,217.0,0.0,0.0,0.0,0.0,0.0,0.0
678.0,335.0,1003.0,668.0,334.0,1.9940298507462686,306.9979521458813,613.9959042917625,0.5456062453485236,0.0,0.0,1.0,inf,335.0,inf,219.0,1.0,218.0,0.0,0.0,0.0,0.0,0.0,0.0
679.0,335.0,1003.0,668.0,334.0,1.9940298507462686,306.9979521458813,613.9959042917625,0.5456062453485236,0.0,0.0,1.0,inf,335.0,inf,218.0,0.0,218.0,0.0,0.0,0.0,0.0,0.0,0.0
680.0,336.0,1006.0,670.0,335.0,1.994047619047619,307.87790305076436,615.7558061015286,0.5456708595689617,0.0,0.0,1.0,inf,336.0,inf,220.0,1.0,219.0,0.0,0.0,0.0,0.0,0.0,0.0
681.0,336.0,1006.0,670.0,335.0,1.994047619047619,307.87790305076436,615.7558061015286,0.5456708595689617,0.0,0.0,1.0,inf,336.0,inf,215.0,0.0,215.0,0.0,0.0,0.0,0.0,0.0,0.0
682.0,336.0,1006.0,670.0,335.0,1.994047619047619,307.87790305076436,615.7558061015286,0.5456708595689617,0.0,0.0,1.0,inf,336.0,inf,220.0,0.0,220.0,0.0,0.0,0.0,0.0,0.0,0.0
683.0,337.0,1009.0,672.0,336.0,1.9940652818991098,308.7873971906748,617.5747943813495,0.5456828922844673,0.0,0.0,1.0,inf,337.0,inf,219.0,1.0,218.0,0.0,0.0,0.0,0.0,0.0,0.0
684.0,337.0,1009.0,672.0,336.0,1.9940652818991098,308.7873971906748,617.5747943813495,0.5456828922844673,0.0,0.0,1.0,inf,337.0,inf,216.0,0.0,216.0,0.0,0.0,0.0,0.0,0.0,0.0
685.0,338.0,1012.0,674.0,337.0,1.9940828402366864,309.68625272058273,619.3725054411653,0.5457136005080659,0.0,0.0,1.0,inf,338.0,inf,214.0,1.0,213.0,0.0,0.0,0.0,0.0,0.0,0.0
686.0,338.0,1012.0,674.0,337.0,1.9940828402366864,309.68625272058273,619.3725054411653,0.5457136005080659,0.0,0.0,1.0,inf,338.0,inf,213.0,0.0,213.0,0.0,0.0,0.0,0.0,0.0,0.0
687.0,339.0,1015.0,676.0,338.0,1.9941002949852507,310.5874416446941,621.174883289388,0.5457400308989463,0.0,0.0,1.0,inf,339.0,inf,216.0,1.0,215.0,0.0,0.0,0.0,0.0,0.0,0.0
688.0,339.0,1015.0,676.0,338.0,1.9941002949852507,310.5874416446941,621.174883289388,0.5457400308989463,0.0,0.0,1.0,inf,339.0,inf,214.0,0.0,214.0,0.0,0.0,0.0,0.0,0.0,0.0
689.0,340.0,1018.0,678.0,339.0,1.9941176470588236,311.5441660907325,623.0883321814649,0.5456690206501575,0.0,0.0,1.0,inf,340.0,inf,217.0,1.0,216.0,0.0,0.0,0.0,0.0,0.0,0.0
690.0,340.0,1018.0,678.0,339.0,1.9941176470588236,311.5441660907325,623.0883321814649,0.5456690206501575,0.0,0.0,1.0,inf,340.0,inf,216.0,0.0,216.0,0.0,0.0,0.0,0.0,0.0,0.0
691.0,341.0,1021.0,680.0,340.0,1.9941348973607038,312.44007769426116,624.8801553885222,0.5457046396168264,0.0,0.0,1.0,inf,341.0,inf,216.0,1.0,215.0,0.0,0.0,0.0,0.0,0.0,0.0
692.0,341.0,1021.0,680.0,340.0,1.9941348973607038,312.44007769426116,624.8801553885222,0.5457046396168264,0.0,0.0,1.0,inf,341.0,inf,215.0,0.0,215.0,0.0,0.0,0.0,0.0,0.0,0.0
693.0,341.0,1021.0,680.0,340.0,1.9941348973607038,312.44007769426116,624.8801553885222,0.5457046396168264,0.0,0.0,1.0,inf,341.0,inf,220.0,0.0,220.0,0.0,0.0,0.0,0.0,0.0,0.0
694.0,342.0,1024.0,682.0,341.0,1.9941520467836258,313.33017933557346,626.6603586711468,0.5457501743451937,0.0,0.0,1.0,inf,342.0,inf,217.0,1.0,216.0,0.0,0.0,0.0,0.0,0.0,0.0
695.0,342.0,1024.0,682.0,341.0,1.9941520467836258,313.33017933557346,626.6603586711468,0.5457501743451937,0.0,0.0,1.0,inf,342.0,inf,215.0,0.0,215.0,0.0,0.0,0.0,0.0,0.0,0.0
696.0,343.0,1027.0,684.0,342.0,1.9941690962099126,314.3000253740786,628.6000507481571,0.5456569715382028,0.0,0.0,1.0,inf,343.0,inf,219.0,1.0,218.0,0.0,0.0,0.0,0.0,0.0,0.0
697.0,343.0,1027.0,684.0,342.0,1.9941690962099126,314.3000253740786,628.6000507481571,0.5456569715382028,0.0,0.0,1.0,inf,343.0,inf,215.0,0.0,215.0,0.0,0.0,0.0,0.0,0.0,0.0
698.0,344.0,1030.0,686.0,343.0,1.994186046511628,315.2053773447785,630.4107546895569,0.5456759698990246,0.0,0.0,1.0,inf,344.0,inf,209.0,1.0,208.0,0.0,0.0,0.0,0.0,0.0,0.0
699.0,344.0,1030.0,686.0,343.0,1.994186046511628,315.2053773447785,630.4107546895569,0.5456759698990246,0.0,0.0,1.0,inf,344.0,inf,216.0,0.0,216.0,0.0,0.0,0.0,0.0,0.0,0.0
700.0,345.0,1033.0,688.0,344.0,1.9942028985507247,316.08658998653925,632.1731799730784,0.5457365338002668,0.0,0.0,1.0,inf,345.0,inf,213.0,1.0,212.0,0.0,0.0,0.0,0.0,0.0,0.0
