t,site_subsystems,total_subsystems,interface_subsystems,n_links,mean_degree,frontier_radius,volume_proxy,density,energy_remaining,energy_density,creation_rate_modifier,memory_total,memory_bound,memory_free,birth_attempts,births_accepted,births_reject_exclusion,births_reject_memory,births_reject_energy,deaths_attempted,deaths_executed,links_attempted_random,links_added_random
0.0,2.0,4.0,2.0,1.0,1.0,0.1206849486366775,0.24136989727335498,8.286037416401475,0.0,0.0,1.0,inf,2.0,inf,0.0,0.0,0.0,0.0,0.0,0.0,0.0,0.0,0.0
1.0,2.0,4.0,2.0,1.0,1.0,0.1206849486366775,0.24136989727335498,8.286037416401475,0.0,0.0,1.0,inf,2.0,inf,0.0,0.0,0.0,0.0,0.0,0.0,0.0,0.0,0.0
2.0,3.0,7.0,4.0,2.0,1.3333333333333333,0.867359078520261,1.7347181570405217,1.7293875594857928,0.0,0.0,1.0,inf,3.0,inf,1.0,1.0,0.0,0.0,0.0,0.0,0.0,0.0,0.0
3.0,3.0,7.0,4.0,2.0,1.3333333333333333,0.867359078520261,1.7347181570405217,1.7293875594857928,0.0,0.0,1.0,inf,3.0,inf,0.0,0.0,0.0,0.0,0.0,0.0,0.0,0.0,0.0
4.0,4.0,10.0,6.0,3.0,1.5,1.8035497293981608,3.607099458796321,1.1089242328058202,0.0,0.0,1.0,inf,4.0,inf,1.0,1.0,0.0,0.0,0.0,0.0,0.0,0.0,0.0
5.0,4.0,10.0,6.0,3.0,1.5,1.8035497293981608,3.607099458796321,1.1089242328058202,0.0,0.0,1.0,inf,4.0,inf,0.0,0.0,0.0,0.0,0.0,0.0,0.0,0.0,0.0
6.0,5.0,13.0,8.0,4.0,1.6,2.770070679238838,5.540141358477675,0.902504047545441,0.0,0.0,1.0,inf,5.0,inf,1.0,1.0,0.0,0.0,0.0,0.0,0.0,0.0,0.0
7.0,5.0,13.0,8.0,4.0,1.6,2.770070679238838,5.540141358477675,0.902504047545441,0.0,0.0,1.0,inf,5.0,inf,0.0,0.0,0.0,0.0,0.0,0.0,0.0,0.0,0.0
8.0,6.0,16.0,10.0,5.0,1.6666666666666667,3.665461490953874,7.330922981907747,0.8184508301079713,0.0,0.0,1.0,inf,6.0,inf,1.0,1.0,0.0,0.0,0.0,0.0,0.0,0.0,0.0
9.0,6.0,16.0,10.0,5.0,1.6666666666666667,3.665461490953874,7.330922981907747,0.8184508301079713,0.0,0.0,1.0,inf,6.0,inf,0.0,0.0,0.0,0.0,0.0,0.0,0.0,0.0,0.0
10.0,7.0,19.0,12.0,6.0,1.7142857142857142,4.527273757130226,9.05454751426045,0.7730921936160098,0.0,0.0,1.0,inf,7.0,inf,2.0,1.0,1.0,0.0,0.0,0.0,0.0,0.0,0.0
11.0,7.0,19.0,12.0,6.0,1.7142857142857142,4.527273757130226,9.05454751426045,0.7730921936160098,0.0,0.0,1.0,inf,7.0,inf,0.0,0.0,0.0,0.0,0.0,0.0,0.0,0.0,0.0
12.0,8.0,22.0,14.0,7.0,1.75,5.426213670643261,10.85242734128652,0.7371622724038092,0.0,0.0,1.0,inf,8.0,inf,1.0,1.0,0.0,0.0,0.0,0.0,0.0,0.0,0.0
13.0,8.0,22.0,14.0,7.0,1.75,5.426213670643261,10.85242734128652,0.7371622724038092,0.0,0.0,1.0,inf,8.0,inf,0.0,0.0,0.0,0.0,0.0,0.0,0.0,0.0,0.0
14.0,9.0,25.0,16.0,8.0,1.7777777777777777,6.356753823539282,12.713507647078563,0.7079084899176593,0.0,0.0,1.0,inf,9.0,inf,110.0,1.0,109.0,0.0,0.0,0.0,0.0,0.0,0.0
15.0,9.0,25.0,16.0,8.0,1.7777777777777777,6.356753823539282,12.713507647078563,0.7079084899176593,0.0,0.0,1.0,inf,9.0,inf,106.0,0.0,106.0,0.0,0.0,0.0,0.0,0.0,0.0
16.0,10.0,28.0,18.0,9.0,1.8,7.315074984717416,14.63014996943483,0.6835199926789476,0.0,0.0,1.0,inf,10.0,inf,114.0,1.0,113.0,0.0,0.0,0.0,0.0,0.0,0.0
17.0,10.0,28.0,18.0,9.0,1.8,7.315074984717416,14.63014996943483,0.6835199926789476,0.0,0.0,1.0,inf,10.0,inf,123.0,0.0,123.0,0.0,0.0,0.0,0.0,0.0,0.0
18.0,11.0,31.0,20.0,10.0,1.8181818181818181,8.238194090590296,16.47638818118059,0.6676220467155692,0.0,0.0,1.0,inf,11.0,inf,113.0,1.0,112.0,0.0,0.0,0.0,0.0,0.0,0.0
19.0,11.0,31.0,20.0,10.0,1.8181818181818181,8.238194090590296,16.47638818118059,0.6676220467155692,0.0,0.0,1.0,inf,11.0,inf,104.0,0.0,104.0,0.0,0.0,0.0,0.0,0.0,0.0
20.0,12.0,34.0,22.0,11.0,1.8333333333333333,9.13596949337956,18.271938986759118,0.6567447498974182,0.0,0.0,1.0,inf,12.0,inf,124.0,1.0,123.0,0.0,0.0,0.0,0.0,0.0,0.0
21.0,12.0,34.0,22.0,11.0,1.8333333333333333,9.13596949337956,18.271938986759118,0.6567447498974182,0.0,0.0,1.0,inf,12.0,inf,102.0,0.0,102.0,0.0,0.0,0.0,0.0,0.0,0.0
22.0,13.0,37.0,24.0,12.0,1.8461538461538463,10.06246371461307,20.124927429226137,0.6459650622700351,0.0,0.0,1.0,inf,13.0,inf,119.0,1.0,118.0,0.0,0.0,0.0,0.0,0.0,0.0
23.0,13.0,37.0,24.0,12.0,1.8461538461538463,10.06246371461307,20.124927429226137,0.6459650622700351,0.0,0.0,1.0,inf,13.0,inf,120.0,0.0,120.0,0.0,0.0,0.0,0.0,0.0,0.0
24.0,14.0,40.0,26.0,13.0,1.8571428571428572,11.038589925141736,22.077179850283468,0.6341389658888086,0.0,0.0,1.0,inf,14.0,inf,125.0,1.0,124.0,0.0,0.0,0.0,0.0,0.0,0.0
25.0,14.0,40.0,26.0,13.0,1.8571428571428572,11.038589925141736,22.077179850283468,0.6341389658888086,0.0,0.0,1.0,inf,14.0,inf,99.0,0.0,99.0,0.0,0.0,0.0,0.0,0.0,0.0
26.0,15.0,43.0,28.0,14.0,1.8666666666666667,11.96729713165628,23.934594263312558,0.6267079289074188,0.0,0.0,1.0,inf,15.0,inf,115.0,1.0,114.0,0.0,0.0,0.0,0.0,0.0,0.0
27.0,15.0,43.0,28.0,14.0,1.8666666666666667,11.96729713165628,23.934594263312558,0.6267079289074188,0.0,0.0,1.0,inf,15.0,inf,110.0,0.0,110.0,0.0,0.0,0.0,0.0,0.0,0.0
28.0,16.0,46.0,30.0,15.0,1.875,12.862327572665643,25.724655145331283,0.6219714087364085,0.0,0.0,1.0,inf,16.0,inf,156.0,1.0,155.0,0.0,0.0,0.0,0.0,0.0,0.0
29.0,16.0,46.0,30.0,15.0,1.875,12.862327572665643,25.724655145331283,0.6219714087364085,0.0,0.0,1.0,inf,16.0,inf,160.0,0.0,160.0,0.0,0.0,0.0,0.0,0.0,0.0
30.0,17.0,49.0,32.0,16.0,1.8823529411764706,13.829415464636092,27.65883092927218,0.6146319070199161,0.0,0.0,1.0,inf,17.0,inf,154.0,1.0,153.0,0.0,0.0,0.0,0.0,0.0,0.0
31.0,17.0,49.0,32.0,16.0,1.8823529411764706,13.829415464636092,27.65883092927218,0.6146319070199161,0.0,0.0,1.0,inf,17.0,inf,146.0,0.0,146.0,0.0,0.0,0.0,0.0,0.0,0.0
32.0,18.0,52.0,34.0,17.0,1.8888888888888888,14.707518510127384,29.415037020254765,0.6119319172573355,0.0,0.0,1.0,inf,18.0,inf,154.0,1.0,153.0,0.0,0.0,0.0,0.0,0.0,0.0
33.0,18.0,52.0,34.0,17.0,1.8888888888888888,14.707518510127384,29.415037020254765,0.6119319172573355,0.0,0.0,1.0,inf,18.0,inf,148.0,0.0,148.0,0.0,0.0,0.0,0.0,0.0,0.0
34.0,19.0,55.0,36.0,18.0,1.894736842105263,15.656787579965256,31.313575159930508,0.6067655929723664,0.0,0.0,1.0,inf,19.0,inf,157.0,1.0,156.0,0.0,0.0,0.0,0.0,0.0,0.0
35.0,19.0,55.0,36.0,18.0,1.894736842105263,15.656787579965256,31.313575159930508,0.6067655929723664,0.0,0.0,1.0,inf,19.0,inf,141.0,0.0,141.0,0.0,0.0,0.0,0.0,0.0,0.0
36.0,20.0,58.0,38.0,19.0,1.9,16.632062052719814,33.26412410543962,0.6012483580389671,0.0,0.0,1.0,inf,20.0,inf,142.0,1.0,141.0,0.0,0.0,0.0,0.0,0.0,0.0
37.0,20.0,58.0,38.0,19.0,1.9,16.632062052719814,33.26412410543962,0.6012483580389671,0.0,0.0,1.0,inf,20.0,inf,149.0,0.0,149.0,0.0,0.0,0.0,0.0,0.0,0.0
38.0,21.0,61.0,40.0,20.0,1.9047619047619047,17.539461083114094,35.07892216622818,0.598650092511038,0.0,0.0,1.0,inf,21.0,inf,142.0,1.0,141.0,0.0,0.0,0.0,0.0,0.0,0.0
39.0,21.0,61.0,40.0,20.0,1.9047619047619047,17.539461083114094,35.07892216622818,0.598650092511038,0.0,0.0,1.0,inf,21.0,inf,146.0,0.0,146.0,0.0,0.0,0.0,0.0,0.0,0.0
40.0,22.0,64.0,42.0,21.0,1.9090909090909092,18.45346446042586,36.90692892085171,0.5960940301258829,0.0,0.0,1.0,inf,22.0,inf,138.0,1.0,137.0,0.0,0.0,0.0,0.0,0.0,0.0
41.0,22.0,64.0,42.0,21.0,1.9090909090909092,18.45346446042586,36.90692892085171,0.5960940301258829,0.0,0.0,1.0,inf,22.0,inf,150.0,0.0,150.0,0.0,0.0,0.0,0.0,0.0,0.0
42.0,23.0,67.0,44.0,22.0,1.9130434782608696,19.427833079862655,38.8556661597253,0.5919342601270332,0.0,0.0,1.0,inf,23.0,inf,165.0,1.0,164.0,0.0,0.0,0.0,0.0,0.0,0.0
43.0,23.0,67.0,44.0,22.0,1.9130434782608696,19.427833079862655,38.8556661597253,0.5919342601270332,0.0,0.0,1.0,inf,23.0,inf,185.0,0.0,185.0,0.0,0.0,0.0,0.0,0.0,0.0
44.0,24.0,70.0,46.0,23.0,1.9166666666666667,20.296378263200626,40.592756526401246,0.5912384881866933,0.0,0.0,1.0,inf,24.0,inf,167.0,1.0,166.0,0.0,0.0,0.0,0.0,0.0,0.0
45.0,24.0,70.0,46.0,23.0,1.9166666666666667,20.296378263200626,40.592756526401246,0.5912384881866933,0.0,0.0,1.0,inf,24.0,inf,164.0,0.0,164.0,0.0,0.0,0.0,0.0,0.0,0.0
46.0,25.0,73.0,48.0,24.0,1.92,21.213455865977217,42.426911731954426,0.5892486391172068,0.0,0.0,1.0,inf,25.0,inf,166.0,1.0,165.0,0.0,0.0,0.0,0.0,0.0,0.0
47.0,25.0,73.0,48.0,24.0,1.92,21.213455865977217,42.426911731954426,0.5892486391172068,0.0,0.0,1.0,inf,25.0,inf,169.0,0.0,169.0,0.0,0.0,0.0,0.0,0.0,0.0
48.0,26.0,76.0,50.0,25.0,1.9230769230769231,22.09110229495611,44.18220458991221,0.5884722195581971,0.0,0.0,1.0,inf,26.0,inf,175.0,1.0,174.0,0.0,0.0,0.0,0.0,0.0,0.0
49.0,26.0,76.0,50.0,25.0,1.9230769230769231,22.09110229495611,44.18220458991221,0.5884722195581971,0.0,0.0,1.0,inf,26.0,inf,159.0,0.0,159.0,0.0,0.0,0.0,0.0,0.0,0.0
50.0,27.0,79.0,52.0,26.0,1.9259259259259258,23.071017810883532,46.14203562176706,0.585149736810983,0.0,0.0,1.0,inf,27.0,inf,173.0,1.0,172.0,0.0,0.0,0.0,0.0,0.0,0.0
51.0,27.0,79.0,52.0,26.0,1.9259259259259258,23.071017810883532,46.14203562176706,0.585149736810983,0.0,0.0,1.0,inf,27.0,inf,162.0,0.0,162.0,0.0,0.0,0.0,0.0,0.0,0.0
52.0,28.0,82.0,54.0,27.0,1.9285714285714286,24.048570693748715,48.09714138749742,0.5821551799599973,0.0,0.0,1.0,inf,28.0,inf,163.0,1.0,162.0,0.0,0.0,0.0,0.0,0.0,0.0
53.0,28.0,82.0,54.0,27.0,1.9285714285714286,24.048570693748715,48.09714138749742,0.5821551799599973,0.0,0.0,1.0,inf,28.0,inf,156.0,0.0,156.0,0.0,0.0,0.0,0.0,0.0,0.0
54.0,29.0,85.0,56.0,28.0,1.9310344827586208,25.00307359144213,50.006147182884256,0.5799287014442479,0.0,0.0,1.0,inf,29.0,inf,171.0,1.0,170.0,0.0,0.0,0.0,0.0,0.0,0.0
55.0,29.0,85.0,56.0,28.0,1.9310344827586208,25.00307359144213,50.006147182884256,0.5799287014442479,0.0,0.0,1.0,inf,29.0,inf,172.0,0.0,172.0,0.0,0.0,0.0,0.0,0.0,0.0
56.0,30.0,88.0,58.0,29.0,1.9333333333333333,25.99451317347257,51.98902634694513,0.577044851730769,0.0,0.0,1.0,inf,30.0,inf,170.0,1.0,169.0,0.0,0.0,0.0,0.0,0.0,0.0
57.0,30.0,88.0,58.0,29.0,1.9333333333333333,25.99451317347257,51.98902634694513,0.577044851730769,0.0,0.0,1.0,inf,30.0,inf,169.0,0.0,169.0,0.0,0.0,0.0,0.0,0.0,0.0
58.0,31.0,91.0,60.0,30.0,1.935483870967742,26.956464498851084,53.91292899770216,0.5750012209746805,0.0,0.0,1.0,inf,31.0,inf,182.0,1.0,181.0,0.0,0.0,0.0,0.0,0.0,0.0
59.0,31.0,91.0,60.0,30.0,1.935483870967742,26.956464498851084,53.91292899770216,0.5750012209746805,0.0,0.0,1.0,inf,31.0,inf,177.0,0.0,177.0,0.0,0.0,0.0,0.0,0.0,0.0
60.0,32.0,94.0,62.0,31.0,1.9375,27.915352669596487,55.83070533919297,0.5731613062308225,0.0,0.0,1.0,inf,32.0,inf,175.0,1.0,174.0,0.0,0.0,0.0,0.0,0.0,0.0
61.0,32.0,94.0,62.0,31.0,1.9375,27.915352669596487,55.83070533919297,0.5731613062308225,0.0,0.0,1.0,inf,32.0,inf,179.0,0.0,179.0,0.0,0.0,0.0,0.0,0.0,0.0
62.0,33.0,97.0,64.0,32.0,1.9393939393939394,28.907193063977946,57.814386127955885,0.5707921887636025,0.0,0.0,1.0,inf,33.0,inf,184.0,1.0,183.0,0.0,0.0,0.0,0.0,0.0,0.0
63.0,33.0,97.0,64.0,32.0,1.9393939393939394,28.907193063977946,57.814386127955885,0.5707921887636025,0.0,0.0,1.0,inf,33.0,inf,175.0,0.0,175.0,0.0,0.0,0.0,0.0,0.0,0.0
64.0,34.0,100.0,66.0,33.0,1.9411764705882353,29.885944100071534,59.77188820014306,0.5688292778396554,0.0,0.0,1.0,inf,34.0,inf,187.0,1.0,186.0,0.0,0.0,0.0,0.0,0.0,0.0
65.0,34.0,100.0,66.0,33.0,1.9411764705882353,29.885944100071534,59.77188820014306,0.5688292778396554,0.0,0.0,1.0,inf,34.0,inf,180.0,0.0,180.0,0.0,0.0,0.0,0.0,0.0,0.0
66.0,35.0,103.0,68.0,34.0,1.9428571428571428,30.791715439403134,61.58343087880626,0.5683346884144634,0.0,0.0,1.0,inf,35.0,inf,182.0,1.0,181.0,0.0,0.0,0.0,0.0,0.0,0.0
67.0,35.0,103.0,68.0,34.0,1.9428571428571428,30.791715439403134,61.58343087880626,0.5683346884144634,0.0,0.0,1.0,inf,35.0,inf,182.0,0.0,182.0,0.0,0.0,0.0,0.0,0.0,0.0
68.0,36.0,106.0,70.0,35.0,1.9444444444444444,31.6802606568659,63.360521313731795,0.5681771433310147,0.0,0.0,1.0,inf,36.0,inf,185.0,1.0,184.0,0.0,0.0,0.0,0.0,0.0,0.0
69.0,36.0,106.0,70.0,35.0,1.9444444444444444,31.6802606568659,63.360521313731795,0.5681771433310147,0.0,0.0,1.0,inf,36.0,inf,181.0,0.0,181.0,0.0,0.0,0.0,0.0,0.0,0.0
70.0,37.0,109.0,72.0,36.0,1.945945945945946,32.61485934928702,65.22971869857403,0.5672261162274312,0.0,0.0,1.0,inf,37.0,inf,186.0,1.0,185.0,0.0,0.0,0.0,0.0,0.0,0.0
71.0,37.0,109.0,72.0,36.0,1.945945945945946,32.61485934928702,65.22971869857403,0.5672261162274312,0.0,0.0,1.0,inf,37.0,inf,182.0,0.0,182.0,0.0,0.0,0.0,0.0,0.0,0.0
72.0,38.0,112.0,74.0,37.0,1.9473684210526316,33.501287942913294,67.00257588582657,0.5671423747163481,0.0,0.0,1.0,inf,38.0,inf,189.0,1.0,188.0,0.0,0.0,0.0,0.0,0.0,0.0
73.0,38.0,112.0,74.0,37.0,1.9473684210526316,33.501287942913294,67.00257588582657,0.5671423747163481,0.0,0.0,1.0,inf,38.0,inf,184.0,0.0,184.0,0.0,0.0,0.0,0.0,0.0,0.0
74.0,39.0,115.0,76.0,38.0,1.9487179487179487,34.49103173597546,68.98206347195091,0.5653643575892443,0.0,0.0,1.0,inf,39.0,inf,182.0,1.0,181.0,0.0,0.0,0.0,0.0,0.0,0.0
75.0,39.0,115.0,76.0,38.0,1.9487179487179487,34.49103173597546,68.98206347195091,0.5653643575892443,0.0,0.0,1.0,inf,39.0,inf,185.0,0.0,185.0,0.0,0.0,0.0,0.0,0.0,0.0
76.0,40.0,118.0,78.0,39.0,1.95,35.38144877627151,70.76289755254301,0.5652679777605082,0.0,0.0,1.0,inf,40.0,inf,190.0,1.0,189.0,0.0,0.0,0.0,0.0,0.0,0.0
77.0,40.0,118.0,78.0,39.0,1.95,35.38144877627151,70.76289755254301,0.5652679777605082,0.0,0.0,1.0,inf,40.0,inf,185.0,0.0,185.0,0.0,0.0,0.0,0.0,0.0,0.0
78.0,41.0,121.0,80.0,40.0,1.951219512195122,36.321182651464134,72.64236530292825,0.5644089344974463,0.0,0.0,1.0,inf,41.0,inf,190.0,1.0,189.0,0.0,0.0,0.0,0.0,0.0,0.0
79.0,41.0,121.0,80.0,40.0,1.951219512195122,36.321182651464134,72.64236530292825,0.5644089344974463,0.0,0.0,1.0,inf,41.0,inf,174.0,0.0,174.0,0.0,0.0,0.0,0.0,0.0,0.0
80.0,42.0,124.0,82.0,41.0,1.9523809523809523,37.31978747247462,74.63957494494923,0.5627041690815804,0.0,0.0,1.0,inf,42.0,inf,187.0,1.0,186.0,0.0,0.0,0.0,0.0,0.0,0.0
81.0,42.0,124.0,82.0,41.0,1.9523809523809523,37.31978747247462,74.63957494494923,0.5627041690815804,0.0,0.0,1.0,inf,42.0,inf,184.0,0.0,184.0,0.0,0.0,0.0,0.0,0.0,0.0
82.0,43.0,127.0,84.0,42.0,1.9534883720930232,38.27539763921554,76.55079527843107,0.5617185274640206,0.0,0.0,1.0,inf,43.0,inf,186.0,1.0,185.0,0.0,0.0,0.0,0.0,0.0,0.0
83.0,43.0,127.0,84.0,42.0,1.9534883720930232,38.27539763921554,76.55079527843107,0.5617185274640206,0.0,0.0,1.0,inf,43.0,inf,185.0,0.0,185.0,0.0,0.0,0.0,0.0,0.0,0.0
84.0,44.0,130.0,86.0,43.0,1.9545454545454546,39.19563086329737,78.39126172659472,0.5612870494859343,0.0,0.0,1.0,inf,44.0,inf,188.0,1.0,187.0,0.0,0.0,0.0,0.0,0.0,0.0
85.0,44.0,130.0,86.0,43.0,1.9545454545454546,39.19563086329737,78.39126172659472,0.5612870494859343,0.0,0.0,1.0,inf,44.0,inf,194.0,0.0,194.0,0.0,0.0,0.0,0.0,0.0,0.0
86.0,45.0,133.0,88.0,44.0,1.9555555555555555,40.185458518742216,80.37091703748442,0.5599040257188097,0.0,0.0,1.0,inf,45.0,inf,196.0,1.0,195.0,0.0,0.0,0.0,0.0,0.0,0.0
87.0,45.0,133.0,88.0,44.0,1.9555555555555555,40.185458518742216,80.37091703748442,0.5599040257188097,0.0,0.0,1.0,inf,45.0,inf,182.0,0.0,182.0,0.0,0.0,0.0,0.0,0.0,0.0
88.0,46.0,136.0,90.0,45.0,1.9565217391304348,41.074267285444904,82.1485345708898,0.5599612974264861,0.0,0.0,1.0,inf,46.0,inf,194.0,1.0,193.0,0.0,0.0,0.0,0.0,0.0,0.0
89.0,46.0,136.0,90.0,45.0,1.9565217391304348,41.074267285444904,82.1485345708898,0.5599612974264861,0.0,0.0,1.0,inf,46.0,inf,194.0,0.0,194.0,0.0,0.0,0.0,0.0,0.0,0.0
90.0,47.0,139.0,92.0,46.0,1.9574468085106382,41.95275032349878,83.90550064699755,0.5601539784350459,0.0,0.0,1.0,inf,47.0,inf,195.0,1.0,194.0,0.0,0.0,0.0,0.0,0.0,0.0
91.0,47.0,139.0,92.0,46.0,1.9574468085106382,41.95275032349878,83.90550064699755,0.5601539784350459,0.0,0.0,1.0,inf,47.0,inf,187.0,0.0,187.0,0.0,0.0,0.0,0.0,0.0,0.0
92.0,48.0,142.0,94.0,47.0,1.9583333333333333,42.83111483394394,85.66222966788787,0.5603403061780649,0.0,0.0,1.0,inf,48.0,inf,191.0,1.0,190.0,0.0,0.0,0.0,0.0,0.0,0.0
93.0,48.0,142.0,94.0,47.0,1.9583333333333333,42.83111483394394,85.66222966788787,0.5603403061780649,0.0,0.0,1.0,inf,48.0,inf,193.0,0.0,193.0,0.0,0.0,0.0,0.0,0.0,0.0
94.0,49.0,145.0,96.0,48.0,1.9591836734693877,43.79269371653683,87.58538743307365,0.5594540531940013,0.0,0.0,1.0,inf,49.0,inf,193.0,1.0,192.0,0.0,0.0,0.0,0.0,0.0,0.0
95.0,49.0,145.0,96.0,48.0,1.9591836734693877,43.79269371653683,87.58538743307365,0.5594540531940013,0.0,0.0,1.0,inf,49.0,inf,188.0,0.0,188.0,0.0,0.0,0.0,0.0,0.0,0.0
96.0,50.0,148.0,98.0,49.0,1.96,44.72351110135286,89.44702220270571,0.5589901012768151,0.0,0.0,1.0,inf,50.0,inf,199.0,1.0,198.0,0.0,0.0,0.0,0.0,0.0,0.0
97.0,50.0,148.0,98.0,49.0,1.96,44.72351110135286,89.44702220270571,0.5589901012768151,0.0,0.0,1.0,inf,50.0,inf,195.0,0.0,195.0,0.0,0.0,0.0,0.0,0.0,0.0
98.0,51.0,151.0,100.0,50.0,1.9607843137254901,45.5927813141083,91.18556262821659,0.5592990658832486,0.0,0.0,1.0,inf,51.0,inf,197.0,1.0,196.0,0.0,0.0,0.0,0.0,0.0,0.0
99.0,51.0,151.0,100.0,50.0,1.9607843137254901,45.5927813141083,91.18556262821659,0.5592990658832486,0.0,0.0,1.0,inf,51.0,inf,201.0,0.0,201.0,0.0,0.0,0.0,0.0,0.0,0.0
100.0,52.0,154.0,102.0,51.0,1.9615384615384615,46.477709628017735,92.95541925603546,0.5594079443262122,0.0,0.0,1.0,inf,52.0,inf,190.0,1.0,189.0,0.0,0.0,0.0,0.0,0.0,0.0
101.0,52.0,154.0,102.0,51.0,1.9615384615384615,46.477709628017735,92.95541925603546,0.5594079443262122,0.0,0.0,1.0,inf,52.0,inf,191.0,0.0,191.0,0.0,0.0,0.0,0.0,0.0,0.0
102.0,53.0,157.0,104.0,52.0,1.9622641509433962,47.41978709666999,94.83957419333997,0.5588384432426299,0.0,0.0,1.0,inf,53.0,inf,195.0,1.0,194.0,0.0,0.0,0.0,0.0,0.0,0.0
103.0,53.0,157.0,104.0,52.0,1.9622641509433962,47.41978709666999,94.83957419333997,0.5588384432426299,0.0,0.0,1.0,inf,53.0,inf,201.0,0.0,201.0,0.0,0.0,0.0,0.0,0.0,0.0
104.0,54.0,160.0,106.0,53.0,1.962962962962963,48.38891302356155,96.77782604712309,0.5579790557984461,0.0,0.0,1.0,inf,54.0,inf,197.0,1.0,196.0,0.0,0.0,0.0,0.0,0.0,0.0
105.0,54.0,160.0,106.0,53.0,1.962962962962963,48.38891302356155,96.77782604712309,0.5579790557984461,0.0,0.0,1.0,inf,54.0,inf,196.0,0.0,196.0,0.0,0.0,0.0,0.0,0.0,0.0
106.0,55.0,163.0,108.0,54.0,1.9636363636363636,49.37102712274094,98.74205424548187,0.5570068439457915,0.0,0.0,1.0,inf,55.0,inf,184.0,1.0,183.0,0.0,0.0,0.0,0.0,0.0,0.0
107.0,55.0,163.0,108.0,54.0,1.9636363636363636,49.37102712274094,98.74205424548187,0.5570068439457915,0.0,0.0,1.0,inf,55.0,inf,195.0,0.0,195.0,0.0,0.0,0.0,0.0,0.0,0.0
108.0,56.0,166.0,110.0,55.0,1.9642857142857142,50.25216641918408,100.50433283836814,0.5571899083202675,0.0,0.0,1.0,inf,56.0,inf,201.0,1.0,200.0,0.0,0.0,0.0,0.0,0.0,0.0
109.0,56.0,166.0,110.0,55.0,1.9642857142857142,50.25216641918408,100.50433283836814,0.5571899083202675,0.0,0.0,1.0,inf,56.0,inf,197.0,0.0,197.0,0.0,0.0,0.0,0.0,0.0,0.0
110.0,57.0,169.0,112.0,56.0,1.9649122807017543,51.14022809580923,102.28045619161844,0.5572912179156957,0.0,0.0,1.0,inf,57.0,inf,199.0,1.0,198.0,0.0,0.0,0.0,0.0,0.0,0.0
111.0,57.0,169.0,112.0,56.0,1.9649122807017543,51.14022809580923,102.28045619161844,0.5572912179156957,0.0,0.0,1.0,inf,57.0,inf,198.0,0.0,198.0,0.0,0.0,0.0,0.0,0.0,0.0
112.0,58.0,172.0,114.0,57.0,1.9655172413793103,52.0205111666381,104.04102233327619,0.5574724151999172,0.0,0.0,1.0,inf,58.0,inf,192.0,1.0,191.0,0.0,0.0,0.0,0.0,0.0,0.0
113.0,58.0,172.0,114.0,57.0,1.9655172413793103,52.0205111666381,104.04102233327619,0.5574724151999172,0.0,0.0,1.0,inf,58.0,inf,202.0,0.0,202.0,0.0,0.0,0.0,0.0,0.0,0.0
114.0,59.0,175.0,116.0,58.0,1.9661016949152543,52.938805046766745,105.87761009353348,0.5572471833079603,0.0,0.0,1.0,inf,59.0,inf,194.0,1.0,193.0,0.0,0.0,0.0,0.0,0.0,0.0
115.0,59.0,175.0,116.0,58.0,1.9661016949152543,52.938805046766745,105.87761009353348,0.5572471833079603,0.0,0.0,1.0,inf,59.0,inf,188.0,0.0,188.0,0.0,0.0,0.0,0.0,0.0,0.0
116.0,60.0,178.0,118.0,59.0,1.9666666666666666,53.88994431049084,107.77988862098167,0.5566901280719984,0.0,0.0,1.0,inf,60.0,inf,200.0,1.0,199.0,0.0,0.0,0.0,0.0,0.0,0.0
117.0,60.0,178.0,118.0,59.0,1.9666666666666666,53.88994431049084,107.77988862098167,0.5566901280719984,0.0,0.0,1.0,inf,60.0,inf,195.0,0.0,195.0,0.0,0.0,0.0,0.0,0.0,0.0
118.0,61.0,181.0,120.0,60.0,1.9672131147540983,54.76808214533949,109.53616429067897,0.5568937016830597,0.0,0.0,1.0,inf,61.0,inf,201.0,1.0,200.0,0.0,0.0,0.0,0.0,0.0,0.0
119.0,61.0,181.0,120.0,60.0,1.9672131147540983,54.76808214533949,109.53616429067897,0.5568937016830597,0.0,0.0,1.0,inf,61.0,inf,201.0,0.0,201.0,0.0,0.0,0.0,0.0,0.0,0.0
120.0,62.0,184.0,122.0,61.0,1.967741935483871,55.65073861728744,111.30147723457486,0.5570456164686036,0.0,0.0,1.0,inf,62.0,inf,202.0,1.0,201.0,0.0,0.0,0.0,0.0,0.0,0.0
121.0,62.0,184.0,122.0,61.0,1.967741935483871,55.65073861728744,111.30147723457486,0.5570456164686036,0.0,0.0,1.0,inf,62.0,inf,190.0,0.0,190.0,0.0,0.0,0.0,0.0,0.0,0.0
122.0,63.0,187.0,124.0,62.0,1.9682539682539681,56.64671722128373,113.29343444256745,0.5560781197072544,0.0,0.0,1.0,inf,63.0,inf,197.0,1.0,196.0,0.0,0.0,0.0,0.0,0.0,0.0
123.0,63.0,187.0,124.0,62.0,1.9682539682539681,56.64671722128373,113.29343444256745,0.5560781197072544,0.0,0.0,1.0,inf,63.0,inf,200.0,0.0,200.0,0.0,0.0,0.0,0.0,0.0,0.0
124.0,64.0,190.0,126.0,63.0,1.96875,57.52852233571136,115.0570446714227,0.556245818609106,0.0,0.0,1.0,inf,64.0,inf,205.0,1.0,204.0,0.0,0.0,0.0,0.0,0.0,0.0
125.0,64.0,190.0,126.0,63.0,1.96875,57.52852233571136,115.0570446714227,0.556245818609106,0.0,0.0,1.0,inf,64.0,inf,199.0,0.0,199.0,0.0,0.0,0.0,0.0,0.0,0.0
126.0,65.0,193.0,128.0,64.0,1.9692307692307693,58.38556754384774,116.77113508769547,0.5566444134604396,0.0,0.0,1.0,inf,65.0,inf,199.0,1.0,198.0,0.0,0.0,0.0,0.0,0.0,0.0
127.0,65.0,193.0,128.0,64.0,1.9692307692307693,58.38556754384774,116.77113508769547,0.5566444134604396,0.0,0.0,1.0,inf,65.0,inf,197.0,0.0,197.0,0.0,0.0,0.0,0.0,0.0,0.0
128.0,66.0,196.0,130.0,65.0,1.9696969696969697,59.377473593906544,118.75494718781307,0.5557663201653387,0.0,0.0,1.0,inf,66.0,inf,199.0,1.0,198.0,0.0,0.0,0.0,0.0,0.0,0.0
129.0,66.0,196.0,130.0,65.0,1.9696969696969697,59.377473593906544,118.75494718781307,0.5557663201653387,0.0,0.0,1.0,inf,66.0,inf,198.0,0.0,198.0,0.0,0.0,0.0,0.0,0.0,0.0
130.0,67.0,199.0,132.0,66.0,1.9701492537313432,60.33620966057254,120.67241932114507,0.5552221491614678,0.0,0.0,1.0,inf,67.0,inf,201.0,1.0,200.0,0.0,0.0,0.0,0.0,0.0,0.0
131.0,67.0,199.0,132.0,66.0,1.9701492537313432,60.33620966057254,120.67241932114507,0.5552221491614678,0.0,0.0,1.0,inf,67.0,inf,197.0,0.0,197.0,0.0,0.0,0.0,0.0,0.0,0.0
132.0,68.0,202.0,134.0,67.0,1.9705882352941178,61.31268729475064,122.62537458950126,0.5545344935959275,0.0,0.0,1.0,inf,68.0,inf,201.0,1.0,200.0,0.0,0.0,0.0,0.0,0.0,0.0
133.0,68.0,202.0,134.0,67.0,1.9705882352941178,61.31268729475064,122.62537458950126,0.5545344935959275,0.0,0.0,1.0,inf,68.0,inf,198.0,0.0,198.0,0.0,0.0,0.0,0.0,0.0,0.0
134.0,69.0,205.0,136.0,68.0,1.9710144927536233,62.2349410408347,124.46988208166938,0.5543509710624334,0.0,0.0,1.0,inf,69.0,inf,195.0,1.0,194.0,0.0,0.0,0.0,0.0,0.0,0.0
135.0,69.0,205.0,136.0,68.0,1.9710144927536233,62.2349410408347,124.46988208166938,0.5543509710624334,0.0,0.0,1.0,inf,69.0,inf,200.0,0.0,200.0,0.0,0.0,0.0,0.0,0.0,0.0
136.0,70.0,208.0,138.0,69.0,1.9714285714285715,63.085033172663856,126.1700663453277,0.5548067146799295,0.0,0.0,1.0,inf,70.0,inf,207.0,1.0,206.0,0.0,0.0,0.0,0.0,0.0,0.0
137.0,70.0,208.0,138.0,69.0,1.9714285714285715,63.085033172663856,126.1700663453277,0.5548067146799295,0.0,0.0,1.0,inf,70.0,inf,200.0,0.0,200.0,0.0,0.0,0.0,0.0,0.0,0.0
138.0,71.0,211.0,140.0,70.0,1.971830985915493,63.99623286688534,127.99246573377067,0.5547201516351968,0.0,0.0,1.0,inf,71.0,inf,207.0,1.0,206.0,0.0,0.0,0.0,0.0,0.0,0.0
139.0,71.0,211.0,140.0,70.0,1.971830985915493,63.99623286688534,127.99246573377067,0.5547201516351968,0.0,0.0,1.0,inf,71.0,inf,207.0,0.0,207.0,0.0,0.0,0.0,0.0,0.0,0.0
140.0,72.0,214.0,142.0,71.0,1.9722222222222223,64.86403207017436,129.7280641403487,0.5550071256910569,0.0,0.0,1.0,inf,72.0,inf,201.0,1.0,200.0,0.0,0.0,0.0,0.0,0.0,0.0
141.0,72.0,214.0,142.0,71.0,1.9722222222222223,64.86403207017436,129.7280641403487,0.5550071256910569,0.0,0.0,1.0,inf,72.0,inf,197.0,0.0,197.0,0.0,0.0,0.0,0.0,0.0,0.0
142.0,73.0,217.0,144.0,72.0,1.9726027397260273,65.82876142412815,131.65752284825626,0.5544688857934627,0.0,0.0,1.0,inf,73.0,inf,211.0,1.0,210.0,0.0,0.0,0.0,0.0,0.0,0.0
143.0,73.0,217.0,144.0,72.0,1.9726027397260273,65.82876142412815,131.65752284825626,0.5544688857934627,0.0,0.0,1.0,inf,73.0,inf,199.0,0.0,199.0,0.0,0.0,0.0,0.0,0.0,0.0
144.0,74.0,220.0,146.0,73.0,1.972972972972973,66.67933254302378,133.35866508604752,0.5548945766085218,0.0,0.0,1.0,inf,74.0,inf,204.0,1.0,203.0,0.0,0.0,0.0,0.0,0.0,0.0
145.0,74.0,220.0,146.0,73.0,1.972972972972973,66.67933254302378,133.35866508604752,0.5548945766085218,0.0,0.0,1.0,inf,74.0,inf,198.0,0.0,198.0,0.0,0.0,0.0,0.0,0.0,0.0
146.0,75.0,223.0,148.0,74.0,1.9733333333333334,67.65606721856275,135.31213443712548,0.5542740147584452,0.0,0.0,1.0,inf,75.0,inf,197.0,1.0,196.0,0.0,0.0,0.0,0.0,0.0,0.0
147.0,75.0,223.0,148.0,74.0,1.9733333333333334,67.65606721856275,135.31213443712548,0.5542740147584452,0.0,0.0,1.0,inf,75.0,inf,200.0,0.0,200.0,0.0,0.0,0.0,0.0,0.0,0.0
148.0,76.0,226.0,150.0,75.0,1.9736842105263157,68.58272019843072,137.1654403968614,0.5540754273095967,0.0,0.0,1.0,inf,76.0,inf,201.0,1.0,200.0,0.0,0.0,0.0,0.0,0.0,0.0
149.0,76.0,226.0,150.0,75.0,1.9736842105263157,68.58272019843072,137.1654403968614,0.5540754273095967,0.0,0.0,1.0,inf,76.0,inf,205.0,0.0,205.0,0.0,0.0,0.0,0.0,0.0,0.0
150.0,77.0,229.0,152.0,76.0,1.974025974025974,69.51374474992734,139.02748949985465,0.5538473022637764,0.0,0.0,1.0,inf,77.0,inf,203.0,1.0,202.0,0.0,0.0,0.0,0.0,0.0,0.0
151.0,77.0,229.0,152.0,76.0,1.974025974025974,69.51374474992734,139.02748949985465,0.5538473022637764,0.0,0.0,1.0,inf,77.0,inf,197.0,0.0,197.0,0.0,0.0,0.0,0.0,0.0,0.0
152.0,78.0,232.0,154.0,77.0,1.9743589743589745,70.45095569586877,140.9019113917375,0.5535765926066346,0.0,0.0,1.0,inf,78.0,inf,204.0,1.0,203.0,0.0,0.0,0.0,0.0,0.0,0.0
153.0,78.0,232.0,154.0,77.0,1.9743589743589745,70.45095569586877,140.9019113917375,0.5535765926066346,0.0,0.0,1.0,inf,78.0,inf,195.0,0.0,195.0,0.0,0.0,0.0,0.0,0.0,0.0
154.0,79.0,235.0,156.0,78.0,1.9746835443037976,71.40516885641244,142.81033771282486,0.5531812420950919,0.0,0.0,1.0,inf,79.0,inf,203.0,1.0,202.0,0.0,0.0,0.0,0.0,0.0,0.0
155.0,79.0,235.0,156.0,78.0,1.9746835443037976,71.40516885641244,142.81033771282486,0.5531812420950919,0.0,0.0,1.0,inf,79.0,inf,200.0,0.0,200.0,0.0,0.0,0.0,0.0,0.0,0.0
156.0,80.0,238.0,158.0,79.0,1.975,72.32355479152093,144.64710958304184,0.5530701597191061,0.0,0.0,1.0,inf,80.0,inf,205.0,1.0,204.0,0.0,0.0,0.0,0.0,0.0,0.0
157.0,80.0,238.0,158.0,79.0,1.975,72.32355479152093,144.64710958304184,0.5530701597191061,0.0,0.0,1.0,inf,80.0,inf,205.0,0.0,205.0,0.0,0.0,0.0,0.0,0.0,0.0
158.0,81.0,241.0,160.0,80.0,1.9753086419753085,73.283114753602,146.56622950720399,0.5526511821471037,0.0,0.0,1.0,inf,81.0,inf,200.0,1.0,199.0,0.0,0.0,0.0,0.0,0.0,0.0
159.0,81.0,241.0,160.0,80.0,1.9753086419753085,73.283114753602,146.56622950720399,0.5526511821471037,0.0,0.0,1.0,inf,81.0,inf,203.0,0.0,203.0,0.0,0.0,0.0,0.0,0.0,0.0
160.0,82.0,244.0,162.0,81.0,1.975609756097561,74.17096410246076,148.3419282049215,0.5527769592338325,0.0,0.0,1.0,inf,82.0,inf,201.0,1.0,200.0,0.0,0.0,0.0,0.0,0.0,0.0
161.0,82.0,244.0,162.0,81.0,1.975609756097561,74.17096410246076,148.3419282049215,0.5527769592338325,0.0,0.0,1.0,inf,82.0,inf,201.0,0.0,201.0,0.0,0.0,0.0,0.0,0.0,0.0
162.0,83.0,247.0,164.0,82.0,1.9759036144578312,75.14534208243441,150.2906841648688,0.5522631057354762,0.0,0.0,1.0,inf,83.0,inf,206.0,1.0,205.0,0.0,0.0,0.0,0.0,0.0,0.0
163.0,83.0,247.0,164.0,82.0,1.9759036144578312,75.14534208243441,150.2906841648688,0.5522631057354762,0.0,0.0,1.0,inf,83.0,inf,203.0,0.0,203.0,0.0,0.0,0.0,0.0,0.0,0.0
164.0,84.0,250.0,166.0,83.0,1.9761904761904763,76.10793224034902,152.215864480698,0.5518478660984234,0.0,0.0,1.0,inf,84.0,inf,204.0,1.0,203.0,0.0,0.0,0.0,0.0,0.0,0.0
165.0,84.0,250.0,166.0,83.0,1.9761904761904763,76.10793224034902,152.215864480698,0.5518478660984234,0.0,0.0,1.0,inf,84.0,inf,203.0,0.0,203.0,0.0,0.0,0.0,0.0,0.0,0.0
166.0,85.0,253.0,168.0,84.0,1.9764705882352942,76.99252306960567,153.9850461392113,0.5520016529602175,0.0,0.0,1.0,inf,85.0,inf,205.0,1.0,204.0,0.0,0.0,0.0,0.0,0.0,0.0
167.0,85.0,253.0,168.0,84.0,1.9764705882352942,76.99252306960567,153.9850461392113,0.5520016529602175,0.0,0.0,1.0,inf,85.0,inf,204.0,0.0,204.0,0.0,0.0,0.0,0.0,0.0,0.0
168.0,86.0,256.0,170.0,85.0,1.9767441860465116,77.84475735392043,155.68951470784083,0.552381450744344,0.0,0.0,1.0,inf,86.0,inf,206.0,1.0,205.0,0.0,0.0,0.0,0.0,0.0,0.0
169.0,86.0,256.0,170.0,85.0,1.9767441860465116,77.84475735392043,155.68951470784083,0.552381450744344,0.0,0.0,1.0,inf,86.0,inf,200.0,0.0,200.0,0.0,0.0,0.0,0.0,0.0,0.0
170.0,87.0,259.0,172.0,86.0,1.9770114942528736,78.83253313795544,157.66506627591085,0.5518026412252393,0.0,0.0,1.0,inf,87.0,inf,205.0,1.0,204.0,0.0,0.0,0.0,0.0,0.0,0.0
171.0,87.0,259.0,172.0,86.0,1.9770114942528736,78.83253313795544,157.66506627591085,0.5518026412252393,0.0,0.0,1.0,inf,87.0,inf,199.0,0.0,199.0,0.0,0.0,0.0,0.0,0.0,0.0
172.0,88.0,262.0,174.0,87.0,1.9772727272727273,79.80911418434091,159.6182283686818,0.5513154788107284,0.0,0.0,1.0,inf,88.0,inf,208.0,1.0,207.0,0.0,0.0,0.0,0.0,0.0,0.0
173.0,88.0,262.0,174.0,87.0,1.9772727272727273,79.80911418434091,159.6182283686818,0.5513154788107284,0.0,0.0,1.0,inf,88.0,inf,204.0,0.0,204.0,0.0,0.0,0.0,0.0,0.0,0.0
174.0,89.0,265.0,176.0,88.0,1.9775280898876404,80.76560385598438,161.53120771196873,0.5509771223818164,0.0,0.0,1.0,inf,89.0,inf,203.0,1.0,202.0,0.0,0.0,0.0,0.0,0.0,0.0
175.0,89.0,265.0,176.0,88.0,1.9775280898876404,80.76560385598438,161.53120771196873,0.5509771223818164,0.0,0.0,1.0,inf,89.0,inf,201.0,0.0,201.0,0.0,0.0,0.0,0.0,0.0,0.0
176.0,90.0,268.0,178.0,89.0,1.9777777777777779,81.70986079930447,163.4197215986089,0.5507291232637012,0.0,0.0,1.0,inf,90.0,inf,209.0,1.0,208.0,0.0,0.0,0.0,0.0,0.0,0.0
177.0,90.0,268.0,178.0,89.0,1.9777777777777779,81.70986079930447,163.4197215986089,0.5507291232637012,0.0,0.0,1.0,inf,90.0,inf,207.0,0.0,207.0,0.0,0.0,0.0,0.0,0.0,0.0
178.0,91.0,271.0,180.0,90.0,1.978021978021978,82.67954901978449,165.35909803956895,0.5503174671297767,0.0,0.0,1.0,inf,91.0,inf,198.0,1.0,197.0,0.0,0.0,0.0,0.0,0.0,0.0
179.0,91.0,271.0,180.0,90.0,1.978021978021978,82.67954901978449,165.35909803956895,0.5503174671297767,0.0,0.0,1.0,inf,91.0,inf,210.0,0.0,210.0,0.0,0.0,0.0,0.0,0.0,0.0
180.0,92.0,274.0,182.0,91.0,1.9782608695652173,83.67003262203572,167.3400652440714,0.5497786789183734,0.0,0.0,1.0,inf,92.0,inf,206.0,1.0,205.0,0.0,0.0,0.0,0.0,0.0,0.0
181.0,92.0,274.0,182.0,91.0,1.9782608695652173,83.67003262203572,167.3400652440714,0.5497786789183734,0.0,0.0,1.0,inf,92.0,inf,209.0,0.0,209.0,0.0,0.0,0.0,0.0,0.0,0.0
182.0,93.0,277.0,184.0,92.0,1.978494623655914,84.57359674472099,169.14719348944195,0.5498169853217517,0.0,0.0,1.0,inf,93.0,inf,201.0,1.0,200.0,0.0,0.0,0.0,0.0,0.0,0.0
183.0,93.0,277.0,184.0,92.0,1.978494623655914,84.57359674472099,169.14719348944195,0.5498169853217517,0.0,0.0,1.0,inf,93.0,inf,206.0,0.0,206.0,0.0,0.0,0.0,0.0,0.0,0.0
184.0,94.0,280.0,186.0,93.0,1.9787234042553192,85.4671308271677,170.93426165433536,0.5499190103274179,0.0,0.0,1.0,inf,94.0,inf,200.0,1.0,199.0,0.0,0.0,0.0,0.0,0.0,0.0
185.0,94.0,280.0,186.0,93.0,1.9787234042553192,85.4671308271677,170.93426165433536,0.5499190103274179,0.0,0.0,1.0,inf,94.0,inf,203.0,0.0,203.0,0.0,0.0,0.0,0.0,0.0,0.0
186.0,95.0,283.0,188.0,94.0,1.9789473684210526,86.38290286519637,172.7658057303927,0.5498773301717524,0.0,0.0,1.0,inf,95.0,inf,210.0,1.0,209.0,0.0,0.0,0.0,0.0,0.0,0.0
187.0,95.0,283.0,188.0,94.0,1.9789473684210526,86.38290286519637,172.7658057303927,0.5498773301717524,0.0,0.0,1.0,inf,95.0,inf,206.0,0.0,206.0,0.0,0.0,0.0,0.0,0.0,0.0
188.0,96.0,286.0,190.0,95.0,1.9791666666666667,87.38092503233898,174.76185006467793,0.5493189730165433,0.0,0.0,1.0,inf,96.0,inf,200.0,1.0,199.0,0.0,0.0,0.0,0.0,0.0,0.0
189.0,96.0,286.0,190.0,95.0,1.9791666666666667,87.38092503233898,174.76185006467793,0.5493189730165433,0.0,0.0,1.0,inf,96.0,inf,198.0,0.0,198.0,0.0,0.0,0.0,0.0,0.0,0.0
190.0,97.0,289.0,192.0,96.0,1.9793814432989691,88.25465275883639,176.50930551767274,0.5495460973885482,0.0,0.0,1.0,inf,97.0,inf,207.0,1.0,206.0,0.0,0.0,0.0,0.0,0.0,0.0
191.0,97.0,289.0,192.0,96.0,1.9793814432989691,88.25465275883639,176.50930551767274,0.5495460973885482,0.0,0.0,1.0,inf,97.0,inf,203.0,0.0,203.0,0.0,0.0,0.0,0.0,0.0,0.0
192.0,98.0,292.0,194.0,97.0,1.9795918367346939,89.18678688597447,178.3735737719489,0.5494087376714964,0.0,0.0,1.0,inf,98.0,inf,209.0,1.0,208.0,0.0,0.0,0.0,0.0,0.0,0.0
193.0,98.0,292.0,194.0,97.0,1.9795918367346939,89.18678688597447,178.3735737719489,0.5494087376714964,0.0,0.0,1.0,inf,98.0,inf,207.0,0.0,207.0,0.0,0.0,0.0,0.0,0.0,0.0
194.0,99.0,295.0,196.0,98.0,1.97979797979798,90.10903768339521,180.2180753667904,0.54933446491707,0.0,0.0,1.0,inf,99.0,inf,208.0,1.0,207.0,0.0,0.0,0.0,0.0,0.0,0.0
195.0,99.0,295.0,196.0,98.0,1.97979797979798,90.10903768339521,180.2180753667904,0.54933446491707,0.0,0.0,1.0,inf,99.0,inf,208.0,0.0,208.0,0.0,0.0,0.0,0.0,0.0,0.0
196.0,100.0,298.0,198.0,99.0,1.98,90.97884436252293,181.95768872504584,0.5495783151604483,0.0,0.0,1.0,inf,100.0,inf,211.0,1.0,210.0,0.0,0.0,0.0,0.0,0.0,0.0
197.0,100.0,298.0,198.0,99.0,1.98,90.97884436252293,181.95768872504584,0.5495783151604483,0.0,0.0,1.0,inf,100.0,inf,203.0,0.0,203.0,0.0,0.0,0.0,0.0,0.0,0.0
198.0,101.0,301.0,200.0,100.0,1.9801980198019802,91.96797676261949,183.93595352523894,0.5491041749276124,0.0,0.0,1.0,inf,101.0,inf,207.0,1.0,206.0,0.0,0.0,0.0,0.0,0.0,0.0
199.0,101.0,301.0,200.0,100.0,1.9801980198019802,91.96797676261949,183.93595352523894,0.5491041749276124,0.0,0.0,1.0,inf,101.0,inf,213.0,0.0,213.0,0.0,0.0,0.0,0.0,0.0,0.0
200.0,102.0,304.0,202.0,101.0,1.9803921568627452,92.93852950115989,185.87705900231975,0.5487498056375372,0.0,0.0,1.0,inf,102.0,inf,200.0,1.0,199.0,0.0,0.0,0.0,0.0,0.0,0.0
201.0,102.0,304.0,202.0,101.0,1.9803921568627452,92.93852950115989,185.87705900231975,0.5487498056375372,0.0,0.0,1.0,inf,102.0,inf,209.0,0.0,209.0,0.0,0.0,0.0,0.0,0.0,0.0
202.0,103.0,307.0,204.0,102.0,1.9805825242718447,93.81295128345883,187.62590256691763,0.5489647143110455,0.0,0.0,1.0,inf,103.0,inf,207.0,1.0,206.0,0.0,0.0,0.0,0.0,0.0,0.0
203.0,103.0,307.0,204.0,102.0,1.9805825242718447,93.81295128345883,187.62590256691763,0.5489647143110455,0.0,0.0,1.0,inf,103.0,inf,209.0,0.0,209.0,0.0,0.0,0.0,0.0,0.0,0.0
204.0,104.0,310.0,206.0,103.0,1.9807692307692308,94.75940942702844,189.51881885405686,0.5487581688660031,0.0,0.0,1.0,inf,104.0,inf,212.0,1.0,211.0,0.0,0.0,0.0,0.0,0.0,0.0
205.0,104.0,310.0,206.0,103.0,1.9807692307692308,94.75940942702844,189.51881885405686,0.5487581688660031,0.0,0.0,1.0,inf,104.0,inf,207.0,0.0,207.0,0.0,0.0,0.0,0.0,0.0,0.0
206.0,105.0,313.0,208.0,104.0,1.980952380952381,95.60983323894327,191.2196664778865,0.5491066998181522,0.0,0.0,1.0,inf,105.0,inf,208.0,1.0,207.0,0.0,0.0,0.0,0.0,0.0,0.0
207.0,105.0,313.0,208.0,104.0,1.980952380952381,95.60983323894327,191.2196664778865,0.5491066998181522,0.0,0.0,1.0,inf,105.0,inf,207.0,0.0,207.0,0.0,0.0,0.0,0.0,0.0,0.0
208.0,106.0,316.0,210.0,105.0,1.9811320754716981,96.48000269623259,192.96000539246515,0.5493366347311429,0.0,0.0,1.0,inf,106.0,inf,205.0,1.0,204.0,0.0,0.0,0.0,0.0,0.0,0.0
209.0,106.0,316.0,210.0,105.0,1.9811320754716981,96.48000269623259,192.96000539246515,0.5493366347311429,0.0,0.0,1.0,inf,106.0,inf,205.0,0.0,205.0,0.0,0.0,0.0,0.0,0.0,0.0
210.0,107.0,319.0,212.0,106.0,1.9813084112149533,97.36720246190916,194.7344049238183,0.5494663361713575,0.0,0.0,1.0,inf,107.0,inf,209.0,1.0,208.0,0.0,0.0,0.0,0.0,0.0,0.0
211.0,107.0,319.0,212.0,106.0,1.9813084112149533,97.36720246190916,194.7344049238183,0.5494663361713575,0.0,0.0,1.0,inf,107.0,inf,204.0,0.0,204.0,0.0,0.0,0.0,0.0,0.0,0.0
212.0,108.0,322.0,214.0,107.0,1.9814814814814814,98.2578010923056,196.51560218461117,0.5495746841441239,0.0,0.0,1.0,inf,108.0,inf,212.0,1.0,211.0,0.0,0.0,0.0,0.0,0.0,0.0
213.0,108.0,322.0,214.0,107.0,1.9814814814814814,98.2578010923056,196.51560218461117,0.5495746841441239,0.0,0.0,1.0,inf,108.0,inf,205.0,0.0,205.0,0.0,0.0,0.0,0.0,0.0,0.0
214.0,109.0,325.0,216.0,108.0,1.981651376146789,99.12399000800329,198.24798001600655,0.5498164470134794,0.0,0.0,1.0,inf,109.0,inf,203.0,1.0,202.0,0.0,0.0,0.0,0.0,0.0,0.0
215.0,109.0,325.0,216.0,108.0,1.981651376146789,99.12399000800329,198.24798001600655,0.5498164470134794,0.0,0.0,1.0,inf,109.0,inf,205.0,0.0,205.0,0.0,0.0,0.0,0.0,0.0,0.0
216.0,110.0,328.0,218.0,109.0,1.981818181818182,100.0990006496644,200.19800129932878,0.5494560349557736,0.0,0.0,1.0,inf,110.0,inf,209.0,1.0,208.0,0.0,0.0,0.0,0.0,0.0,0.0
217.0,110.0,328.0,218.0,109.0,1.981818181818182,100.0990006496644,200.19800129932878,0.5494560349557736,0.0,0.0,1.0,inf,110.0,inf,200.0,0.0,200.0,0.0,0.0,0.0,0.0,0.0,0.0
218.0,111.0,331.0,220.0,110.0,1.981981981981982,101.00137380294937,202.00274760589872,0.5494974762252128,0.0,0.0,1.0,inf,111.0,inf,208.0,1.0,207.0,0.0,0.0,0.0,0.0,0.0,0.0
219.0,111.0,331.0,220.0,110.0,1.981981981981982,101.00137380294937,202.00274760589872,0.5494974762252128,0.0,0.0,1.0,inf,111.0,inf,201.0,0.0,201.0,0.0,0.0,0.0,0.0,0.0,0.0
220.0,112.0,334.0,222.0,111.0,1.9821428571428572,101.92938187425392,203.8587637485078,0.5493999764374604,0.0,0.0,1.0,inf,112.0,inf,213.0,1.0,212.0,0.0,0.0,0.0,0.0,0.0,0.0
221.0,112.0,334.0,222.0,111.0,1.9821428571428572,101.92938187425392,203.8587637485078,0.5493999764374604,0.0,0.0,1.0,inf,112.0,inf,203.0,0.0,203.0,0.0,0.0,0.0,0.0,0.0,0.0
222.0,113.0,337.0,224.0,112.0,1.9823008849557522,102.87204911495854,205.74409822991706,0.549225960657805,0.0,0.0,1.0,inf,113.0,inf,204.0,1.0,203.0,0.0,0.0,0.0,0.0,0.0,0.0
223.0,113.0,337.0,224.0,112.0,1.9823008849557522,102.87204911495854,205.74409822991706,0.549225960657805,0.0,0.0,1.0,inf,113.0,inf,206.0,0.0,206.0,0.0,0.0,0.0,0.0,0.0,0.0
224.0,114.0,340.0,226.0,113.0,1.9824561403508771,103.8643649985651,207.72872999713016,0.5487926489589329,0.0,0.0,1.0,inf,114.0,inf,214.0,1.0,213.0,0.0,0.0,0.0,0.0,0.0,0.0
225.0,114.0,340.0,226.0,113.0,1.9824561403508771,103.8643649985651,207.72872999713016,0.5487926489589329,0.0,0.0,1.0,inf,114.0,inf,209.0,0.0,209.0,0.0,0.0,0.0,0.0,0.0,0.0
226.0,115.0,343.0,228.0,114.0,1.982608695652174,104.80585741191985,209.61171482383966,0.5486334582809337,0.0,0.0,1.0,inf,115.0,inf,211.0,1.0,210.0,0.0,0.0,0.0,0.0,0.0,0.0
227.0,115.0,343.0,228.0,114.0,1.982608695652174,104.80585741191985,209.61171482383966,0.5486334582809337,0.0,0.0,1.0,inf,115.0,inf,214.0,0.0,214.0,0.0,0.0,0.0,0.0,0.0,0.0
228.0,116.0,346.0,230.0,115.0,1.9827586206896552,105.77590331489199,211.55180662978395,0.5483290445399042,0.0,0.0,1.0,inf,116.0,inf,209.0,1.0,208.0,0.0,0.0,0.0,0.0,0.0,0.0
229.0,116.0,346.0,230.0,115.0,1.9827586206896552,105.77590331489199,211.55180662978395,0.5483290445399042,0.0,0.0,1.0,inf,116.0,inf,210.0,0.0,210.0,0.0,0.0,0.0,0.0,0.0,0.0
230.0,117.0,349.0,232.0,116.0,1.982905982905983,106.65500030171242,213.3100006034248,0.5484974903615536,0.0,0.0,1.0,inf,117.0,inf,208.0,1.0,207.0,0.0,0.0,0.0,0.0,0.0,0.0
231.0,117.0,349.0,232.0,116.0,1.982905982905983,106.65500030171242,213.3100006034248,0.5484974903615536,0.0,0.0,1.0,inf,117.0,inf,214.0,0.0,214.0,0.0,0.0,0.0,0.0,0.0,0.0
232.0,118.0,352.0,234.0,117.0,1.9830508474576272,107.55142066643215,215.10284133286427,0.5485748085372757,0.0,0.0,1.0,inf,118.0,inf,206.0,1.0,205.0,0.0,0.0,0.0,0.0,0.0,0.0
233.0,118.0,352.0,234.0,117.0,1.9830508474576272,107.55142066643215,215.10284133286427,0.5485748085372757,0.0,0.0,1.0,inf,118.0,inf,212.0,0.0,212.0,0.0,0.0,0.0,0.0,0.0,0.0
234.0,119.0,355.0,236.0,118.0,1.9831932773109244,108.4757695923719,216.95153918474378,0.5485095908845627,0.0,0.0,1.0,inf,119.0,inf,207.0,1.0,206.0,0.0,0.0,0.0,0.0,0.0,0.0
235.0,119.0,355.0,236.0,118.0,1.9831932773109244,108.4757695923719,216.95153918474378,0.5485095908845627,0.0,0.0,1.0,inf,119.0,inf,213.0,0.0,213.0,0.0,0.0,0.0,0.0,0.0,0.0
236.0,119.0,355.0,236.0,118.0,1.9831932773109244,108.4757695923719,216.95153918474378,0.5485095908845627,0.0,0.0,1.0,inf,119.0,inf,220.0,0.0,220.0,0.0,0.0,0.0,0.0,0.0,0.0
237.0,120.0,358.0,238.0,119.0,1.9833333333333334,109.4606874980019,218.92137499600378,0.5481419984786342,0.0,0.0,1.0,inf,120.0,inf,215.0,1.0,214.0,0.0,0.0,0.0,0.0,0.0,0.0
238.0,120.0,358.0,238.0,119.0,1.9833333333333334,109.4606874980019,218.92137499600378,0.5481419984786342,0.0,0.0,1.0,inf,120.0,inf,213.0,0.0,213.0,0.0,0.0,0.0,0.0,0.0,0.0
239.0,121.0,361.0,240.0,120.0,1.9834710743801653,110.32682507798489,220.65365015596976,0.54837071543784,0.0,0.0,1.0,inf,121.0,inf,211.0,1.0,210.0,0.0,0.0,0.0,0.0,0.0,0.0
240.0,121.0,361.0,240.0,120.0,1.9834710743801653,110.32682507798489,220.65365015596976,0.54837071543784,0.0,0.0,1.0,inf,121.0,inf,208.0,0.0,208.0,0.0,0.0,0.0,0.0,0.0,0.0
241.0,122.0,364.0,242.0,121.0,1.9836065573770492,111.29152301410151,222.583046028203,0.5481100298382189,0.0,0.0,1.0,inf,122.0,inf,205.0,1.0,204.0,0.0,0.0,0.0,0.0,0.0,0.0
242.0,122.0,364.0,242.0,121.0,1.9836065573770492,111.29152301410151,222.583046028203,0.5481100298382189,0.0,0.0,1.0,inf,122.0,inf,212.0,0.0,212.0,0.0,0.0,0.0,0.0,0.0,0.0
243.0,123.0,367.0,244.0,122.0,1.983739837398374,112.17761606970599,224.35523213941195,0.5482377158183194,0.0,0.0,1.0,inf,123.0,inf,214.0,1.0,213.0,0.0,0.0,0.0,0.0,0.0,0.0
244.0,123.0,367.0,244.0,122.0,1.983739837398374,112.17761606970599,224.35523213941195,0.5482377158183194,0.0,0.0,1.0,inf,123.0,inf,208.0,0.0,208.0,0.0,0.0,0.0,0.0,0.0,0.0
245.0,124.0,370.0,246.0,123.0,1.9838709677419355,113.04319797018758,226.08639594037513,0.5484628983722755,0.0,0.0,1.0,inf,124.0,inf,214.0,1.0,213.0,0.0,0.0,0.0,0.0,0.0,0.0
246.0,124.0,370.0,246.0,123.0,1.9838709677419355,113.04319797018758,226.08639594037513,0.5484628983722755,0.0,0.0,1.0,inf,124.0,inf,211.0,0.0,211.0,0.0,0.0,0.0,0.0,0.0,0.0
247.0,125.0,373.0,248.0,124.0,1.984,114.00535300085092,228.0107060017018,0.5482198717417551,0.0,0.0,1.0,inf,125.0,inf,211.0,1.0,210.0,0.0,0.0,0.0,0.0,0.0,0.0
248.0,125.0,373.0,248.0,124.0,1.984,114.00535300085092,228.0107060017018,0.5482198717417551,0.0,0.0,1.0,inf,125.0,inf,208.0,0.0,208.0,0.0,0.0,0.0,0.0,0.0,0.0
249.0,126.0,376.0,250.0,125.0,1.9841269841269842,115.0045028482715,230.00900569654297,0.5478046375550841,0.0,0.0,1.0,inf,126.0,inf,207.0,1.0,206.0,0.0,0.0,0.0,0.0,0.0,0.0
250.0,126.0,376.0,250.0,125.0,1.9841269841269842,115.0045028482715,230.00900569654297,0.5478046375550841,0.0,0.0,1.0,inf,126.0,inf,207.0,0.0,207.0,0.0,0.0,0.0,0.0,0.0,0.0
251.0,127.0,379.0,252.0,126.0,1.984251968503937,115.91918011267333,231.83836022534663,0.5477954548874316,0.0,0.0,1.0,inf,127.0,inf,209.0,1.0,208.0,0.0,0.0,0.0,0.0,0.0,0.0
252.0,127.0,379.0,252.0,126.0,1.984251968503937,115.91918011267333,231.83836022534663,0.5477954548874316,0.0,0.0,1.0,inf,127.0,inf,209.0,0.0,209.0,0.0,0.0,0.0,0.0,0.0,0.0
253.0,128.0,382.0,254.0,127.0,1.984375,116.80433477835764,233.60866955671526,0.5479248704377571,0.0,0.0,1.0,inf,128.0,inf,205.0,1.0,204.0,0.0,0.0,0.0,0.0,0.0,0.0
254.0,128.0,382.0,254.0,127.0,1.984375,116.80433477835764,233.60866955671526,0.5479248704377571,0.0,0.0,1.0,inf,128.0,inf,207.0,0.0,207.0,0.0,0.0,0.0,0.0,0.0,0.0
255.0,129.0,385.0,256.0,128.0,1.9844961240310077,117.71958858634603,235.43917717269204,0.5479122104872968,0.0,0.0,1.0,inf,129.0,inf,210.0,1.0,209.0,0.0,0.0,0.0,0.0,0.0,0.0
256.0,129.0,385.0,256.0,128.0,1.9844961240310077,117.71958858634603,235.43917717269204,0.5479122104872968,0.0,0.0,1.0,inf,129.0,inf,206.0,0.0,206.0,0.0,0.0,0.0,0.0,0.0,0.0
257.0,130.0,388.0,258.0,129.0,1.9846153846153847,118.6418629728129,237.28372594562578,0.5478673241577042,0.0,0.0,1.0,inf,130.0,inf,212.0,1.0,211.0,0.0,0.0,0.0,0.0,0.0,0.0
258.0,130.0,388.0,258.0,129.0,1.9846153846153847,118.6418629728129,237.28372594562578,0.5478673241577042,0.0,0.0,1.0,inf,130.0,inf,210.0,0.0,210.0,0.0,0.0,0.0,0.0,0.0,0.0
259.0,131.0,391.0,260.0,130.0,1.984732824427481,119.56753459579035,239.13506919158067,0.547807565167494,0.0,0.0,1.0,inf,131.0,inf,211.0,1.0,210.0,0.0,0.0,0.0,0.0,0.0,0.0
260.0,131.0,391.0,260.0,130.0,1.984732824427481,119.56753459579035,239.13506919158067,0.547807565167494,0.0,0.0,1.0,inf,131.0,inf,206.0,0.0,206.0,0.0,0.0,0.0,0.0,0.0,0.0
261.0,132.0,394.0,262.0,131.0,1.9848484848484849,120.565638579911,241.13127715982196,0.5474196527085547,0.0,0.0,1.0,inf,132.0,inf,207.0,1.0,206.0,0.0,0.0,0.0,0.0,0.0,0.0
262.0,132.0,394.0,262.0,131.0,1.9848484848484849,120.565638579911,241.13127715982196,0.5474196527085547,0.0,0.0,1.0,inf,132.0,inf,203.0,0.0,203.0,0.0,0.0,0.0,0.0,0.0,0.0
263.0,133.0,397.0,264.0,132.0,1.9849624060150375,121.42432740482987,242.8486548096597,0.5476662001864616,0.0,0.0,1.0,inf,133.0,inf,207.0,1.0,206.0,0.0,0.0,0.0,0.0,0.0,0.0
264.0,133.0,397.0,264.0,132.0,1.9849624060150375,121.42432740482987,242.8486548096597,0.5476662001864616,0.0,0.0,1.0,inf,133.0,inf,214.0,0.0,214.0,0.0,0.0,0.0,0.0,0.0,0.0
265.0,134.0,400.0,266.0,133.0,1.9850746268656716,122.38118445227902,244.762368904558,0.5474697789522196,0.0,0.0,1.0,inf,134.0,inf,217.0,1.0,216.0,0.0,0.0,0.0,0.0,0.0,0.0
266.0,134.0,400.0,266.0,133.0,1.9850746268656716,122.38118445227902,244.762368904558,0.5474697789522196,0.0,0.0,1.0,inf,134.0,inf,210.0,0.0,210.0,0.0,0.0,0.0,0.0,0.0,0.0
267.0,135.0,403.0,268.0,134.0,1.9851851851851852,123.34860842833527,246.6972168566705,0.5472295217600048,0.0,0.0,1.0,inf,135.0,inf,210.0,1.0,209.0,0.0,0.0,0.0,0.0,0.0,0.0
268.0,135.0,403.0,268.0,134.0,1.9851851851851852,123.34860842833527,246.6972168566705,0.5472295217600048,0.0,0.0,1.0,inf,135.0,inf,206.0,0.0,206.0,0.0,0.0,0.0,0.0,0.0,0.0
269.0,136.0,406.0,270.0,135.0,1.9852941176470589,124.20304063482008,248.40608126964014,0.5474906222298743,0.0,0.0,1.0,inf,136.0,inf,210.0,1.0,209.0,0.0,0.0,0.0,0.0,0.0,0.0
270.0,136.0,406.0,270.0,135.0,1.9852941176470589,124.20304063482008,248.40608126964014,0.5474906222298743,0.0,0.0,1.0,inf,136.0,inf,206.0,0.0,206.0,0.0,0.0,0.0,0.0,0.0,0.0
271.0,137.0,409.0,272.0,136.0,1.9854014598540146,125.13864957444378,250.27729914888752,0.5473928337323956,0.0,0.0,1.0,inf,137.0,inf,207.0,1.0,206.0,0.0,0.0,0.0,0.0,0.0,0.0
272.0,137.0,409.0,272.0,136.0,1.9854014598540146,125.13864957444378,250.27729914888752,0.5473928337323956,0.0,0.0,1.0,inf,137.0,inf,205.0,0.0,205.0,0.0,0.0,0.0,0.0,0.0,0.0
273.0,138.0,412.0,274.0,137.0,1.9855072463768115,126.07929848652556,252.1585969730511,0.5472746186589404,0.0,0.0,1.0,inf,138.0,inf,209.0,1.0,208.0,0.0,0.0,0.0,0.0,0.0,0.0
274.0,138.0,412.0,274.0,137.0,1.9855072463768115,126.07929848652556,252.1585969730511,0.5472746186589404,0.0,0.0,1.0,inf,138.0,inf,208.0,0.0,208.0,0.0,0.0,0.0,0.0,0.0,0.0
275.0,139.0,415.0,276.0,138.0,1.985611510791367,126.99365952651623,253.98731905303242,0.5472714170071493,0.0,0.0,1.0,inf,139.0,inf,210.0,1.0,209.0,0.0,0.0,0.0,0.0,0.0,0.0
276.0,139.0,415.0,276.0,138.0,1.985611510791367,126.99365952651623,253.98731905303242,0.5472714170071493,0.0,0.0,1.0,inf,139.0,inf,211.0,0.0,211.0,0.0,0.0,0.0,0.0,0.0,0.0
277.0,140.0,418.0,278.0,139.0,1.9857142857142858,127.88800486667863,255.77600973335723,0.5473539138637278,0.0,0.0,1.0,inf,140.0,inf,210.0,1.0,209.0,0.0,0.0,0.0,0.0,0.0,0.0
278.0,140.0,418.0,278.0,139.0,1.9857142857142858,127.88800486667863,255.77600973335723,0.5473539138637278,0.0,0.0,1.0,inf,140.0,inf,210.0,0.0,210.0,0.0,0.0,0.0,0.0,0.0,0.0
279.0,141.0,421.0,280.0,140.0,1.9858156028368794,128.86460303916078,257.7292060783215,0.5470858431044536,0.0,0.0,1.0,inf,141.0,inf,209.0,1.0,208.0,0.0,0.0,0.0,0.0,0.0,0.0
280.0,141.0,421.0,280.0,140.0,1.9858156028368794,128.86460303916078,257.7292060783215,0.5470858431044536,0.0,0.0,1.0,inf,141.0,inf,207.0,0.0,207.0,0.0,0.0,0.0,0.0,0.0,0.0
281.0,142.0,424.0,282.0,141.0,1.9859154929577465,129.81918340574967,259.6383668114993,0.5469145478915055,0.0,0.0,1.0,inf,142.0,inf,218.0,1.0,217.0,0.0,0.0,0.0,0.0,0.0,0.0
282.0,142.0,424.0,282.0,141.0,1.9859154929577465,129.81918340574967,259.6383668114993,0.5469145478915055,0.0,0.0,1.0,inf,142.0,inf,209.0,0.0,209.0,0.0,0.0,0.0,0.0,0.0,0.0
283.0,143.0,427.0,284.0,142.0,1.986013986013986,130.6993081061133,261.39861621222656,0.5470572188641578,0.0,0.0,1.0,inf,143.0,inf,206.0,1.0,205.0,0.0,0.0,0.0,0.0,0.0,0.0
284.0,143.0,427.0,284.0,142.0,1.986013986013986,130.6993081061133,261.39861621222656,0.5470572188641578,0.0,0.0,1.0,inf,143.0,inf,214.0,0.0,214.0,0.0,0.0,0.0,0.0,0.0,0.0
285.0,144.0,430.0,286.0,143.0,1.9861111111111112,131.59825763400542,263.1965152680108,0.5471197057961273,0.0,0.0,1.0,inf,144.0,inf,210.0,1.0,209.0,0.0,0.0,0.0,0.0,0.0,0.0
286.0,144.0,430.0,286.0,143.0,1.9861111111111112,131.59825763400542,263.1965152680108,0.5471197057961273,0.0,0.0,1.0,inf,144.0,inf,209.0,0.0,209.0,0.0,0.0,0.0,0.0,0.0,0.0
287.0,145.0,433.0,288.0,144.0,1.986206896551724,132.5211713545601,265.04234270912013,0.5470823964121659,0.0,0.0,1.0,inf,145.0,inf,213.0,1.0,212.0,0.0,0.0,0.0,0.0,0.0,0.0
288.0,145.0,433.0,288.0,144.0,1.986206896551724,132.5211713545601,265.04234270912013,0.5470823964121659,0.0,0.0,1.0,inf,145.0,inf,211.0,0.0,211.0,0.0,0.0,0.0,0.0,0.0,0.0
289.0,146.0,436.0,290.0,145.0,1.9863013698630136,133.45817715636596,266.91635431273187,0.5469878396021379,0.0,0.0,1.0,inf,146.0,inf,208.0,1.0,207.0,0.0,0.0,0.0,0.0,0.0,0.0
290.0,146.0,436.0,290.0,145.0,1.9863013698630136,133.45817715636596,266.91635431273187,0.5469878396021379,0.0,0.0,1.0,inf,146.0,inf,212.0,0.0,212.0,0.0,0.0,0.0,0.0,0.0,0.0
291.0,147.0,439.0,292.0,146.0,1.9863945578231292,134.42732726962183,268.8546545392436,0.5467638276596882,0.0,0.0,1.0,inf,147.0,inf,205.0,1.0,204.0,0.0,0.0,0.0,0.0,0.0,0.0
292.0,147.0,439.0,292.0,146.0,1.9863945578231292,134.42732726962183,268.8546545392436,0.5467638276596882,0.0,0.0,1.0,inf,147.0,inf,212.0,0.0,212.0,0.0,0.0,0.0,0.0,0.0,0.0
293.0,148.0,442.0,294.0,147.0,1.9864864864864864,135.40555328837385,270.81110657674765,0.5465063891611732,0.0,0.0,1.0,inf,148.0,inf,210.0,1.0,209.0,0.0,0.0,0.0,0.0,0.0,0.0
294.0,148.0,442.0,294.0,147.0,1.9864864864864864,135.40555328837385,270.81110657674765,0.5465063891611732,0.0,0.0,1.0,inf,148.0,inf,215.0,0.0,215.0,0.0,0.0,0.0,0.0,0.0,0.0
295.0,149.0,445.0,296.0,148.0,1.9865771812080537,136.35933417983574,272.7186683596714,0.5463505703375366,0.0,0.0,1.0,inf,149.0,inf,210.0,1.0,209.0,0.0,0.0,0.0,0.0,0.0,0.0
296.0,149.0,445.0,296.0,148.0,1.9865771812080537,136.35933417983574,272.7186683596714,0.5463505703375366,0.0,0.0,1.0,inf,149.0,inf,208.0,0.0,208.0,0.0,0.0,0.0,0.0,0.0,0.0
297.0,150.0,448.0,298.0,149.0,1.9866666666666666,137.31180460665468,274.6236092133093,0.5462021289054213,0.0,0.0,1.0,inf,150.0,inf,218.0,1.0,217.0,0.0,0.0,0.0,0.0,0.0,0.0
298.0,150.0,448.0,298.0,149.0,1.9866666666666666,137.31180460665468,274.6236092133093,0.5462021289054213,0.0,0.0,1.0,inf,150.0,inf,214.0,0.0,214.0,0.0,0.0,0.0,0.0,0.0,0.0
299.0,151.0,451.0,300.0,150.0,1.9867549668874172,138.22837493703858,276.4567498740771,0.5461975519453903,0.0,0.0,1.0,inf,151.0,inf,212.0,1.0,211.0,0.0,0.0,0.0,0.0,0.0,0.0
300.0,151.0,451.0,300.0,150.0,1.9867549668874172,138.22837493703858,276.4567498740771,0.5461975519453903,0.0,0.0,1.0,inf,151.0,inf,211.0,0.0,211.0,0.0,0.0,0.0,0.0,0.0,0.0
301.0,152.0,454.0,302.0,151.0,1.986842105263158,139.15682478119695,278.31364956239383,0.5461464079789009,0.0,0.0,1.0,inf,152.0,inf,212.0,1.0,211.0,0.0,0.0,0.0,0.0,0.0,0.0
302.0,152.0,454.0,302.0,151.0,1.986842105263158,139.15682478119695,278.31364956239383,0.5461464079789009,0.0,0.0,1.0,inf,152.0,inf,210.0,0.0,210.0,0.0,0.0,0.0,0.0,0.0,0.0
303.0,153.0,457.0,304.0,152.0,1.9869281045751634,140.1325108883652,280.26502177673035,0.5459118623867575,0.0,0.0,1.0,inf,153.0,inf,209.0,1.0,208.0,0.0,0.0,0.0,0.0,0.0,0.0
304.0,153.0,457.0,304.0,152.0,1.9869281045751634,140.1325108883652,280.26502177673035,0.5459118623867575,0.0,0.0,1.0,inf,153.0,inf,217.0,0.0,217.0,0.0,0.0,0.0,0.0,0.0,0.0
305.0,154.0,460.0,306.0,153.0,1.9870129870129871,141.04852831896653,282.097056637933,0.5459114031014386,0.0,0.0,1.0,inf,154.0,inf,213.0,1.0,212.0,0.0,0.0,0.0,0.0,0.0,0.0
306.0,154.0,460.0,306.0,153.0,1.9870129870129871,141.04852831896653,282.097056637933,0.5459114031014386,0.0,0.0,1.0,inf,154.0,inf,204.0,0.0,204.0,0.0,0.0,0.0,0.0,0.0,0.0
307.0,155.0,463.0,308.0,154.0,1.9870967741935484,141.9199055999604,283.83981119992075,0.5460826631216533,0.0,0.0,1.0,inf,155.0,inf,215.0,1.0,214.0,0.0,0.0,0.0,0.0,0.0,0.0
308.0,155.0,463.0,308.0,154.0,1.9870967741935484,141.9199055999604,283.83981119992075,0.5460826631216533,0.0,0.0,1.0,inf,155.0,inf,210.0,0.0,210.0,0.0,0.0,0.0,0.0,0.0,0.0
309.0,156.0,466.0,310.0,155.0,1.9871794871794872,142.83021755499075,285.66043510998145,0.54610292790438,0.0,0.0,1.0,inf,156.0,inf,217.0,1.0,216.0,0.0,0.0,0.0,0.0,0.0,0.0
310.0,156.0,466.0,310.0,155.0,1.9871794871794872,142.83021755499075,285.66043510998145,0.54610292790438,0.0,0.0,1.0,inf,156.0,inf,210.0,0.0,210.0,0.0,0.0,0.0,0.0,0.0,0.0
311.0,157.0,469.0,312.0,156.0,1.9872611464968153,143.7526823350554,287.50536467011074,0.5460767668810106,0.0,0.0,1.0,inf,157.0,inf,211.0,1.0,210.0,0.0,0.0,0.0,0.0,0.0,0.0
312.0,157.0,469.0,312.0,156.0,1.9872611464968153,143.7526823350554,287.50536467011074,0.5460767668810106,0.0,0.0,1.0,inf,157.0,inf,210.0,0.0,210.0,0.0,0.0,0.0,0.0,0.0,0.0
313.0,158.0,472.0,314.0,157.0,1.9873417721518987,144.61027728781806,289.2205545756361,0.5462958890727122,0.0,0.0,1.0,inf,158.0,inf,215.0,1.0,214.0,0.0,0.0,0.0,0.0,0.0,0.0
314.0,158.0,472.0,314.0,157.0,1.9873417721518987,144.61027728781806,289.2205545756361,0.5462958890727122,0.0,0.0,1.0,inf,158.0,inf,210.0,0.0,210.0,0.0,0.0,0.0,0.0,0.0,0.0
315.0,159.0,475.0,316.0,158.0,1.9874213836477987,145.54680929970007,291.0936185994001,0.546216027561958,0.0,0.0,1.0,inf,159.0,inf,216.0,1.0,215.0,0.0,0.0,0.0,0.0,0.0,0.0
316.0,159.0,475.0,316.0,158.0,1.9874213836477987,145.54680929970007,291.0936185994001,0.546216027561958,0.0,0.0,1.0,inf,159.0,inf,213.0,0.0,213.0,0.0,0.0,0.0,0.0,0.0,0.0
317.0,160.0,478.0,318.0,159.0,1.9875,146.53055201110075,293.06110402220145,0.5459612272117793,0.0,0.0,1.0,inf,160.0,inf,212.0,1.0,211.0,0.0,0.0,0.0,0.0,0.0,0.0
318.0,160.0,478.0,318.0,159.0,1.9875,146.53055201110075,293.06110402220145,0.5459612272117793,0.0,0.0,1.0,inf,160.0,inf,210.0,0.0,210.0,0.0,0.0,0.0,0.0,0.0,0.0
319.0,161.0,481.0,320.0,160.0,1.9875776397515528,147.4045341806408,294.80906836128156,0.5461161723922898,0.0,0.0,1.0,inf,161.0,inf,214.0,1.0,213.0,0.0,0.0,0.0,0.0,0.0,0.0
320.0,161.0,481.0,320.0,160.0,1.9875776397515528,147.4045341806408,294.80906836128156,0.5461161723922898,0.0,0.0,1.0,inf,161.0,inf,216.0,0.0,216.0,0.0,0.0,0.0,0.0,0.0,0.0
321.0,162.0,484.0,322.0,161.0,1.9876543209876543,148.25758344176356,296.51516688352706,0.5463464203287604,0.0,0.0,1.0,inf,162.0,inf,211.0,1.0,210.0,0.0,0.0,0.0,0.0,0.0,0.0
322.0,162.0,484.0,322.0,161.0,1.9876543209876543,148.25758344176356,296.51516688352706,0.5463464203287604,0.0,0.0,1.0,inf,162.0,inf,213.0,0.0,213.0,0.0,0.0,0.0,0.0,0.0,0.0
323.0,163.0,487.0,324.0,162.0,1.9877300613496933,149.14084440521137,298.2816888104227,0.5464633134204797,0.0,0.0,1.0,inf,163.0,inf,212.0,1.0,211.0,0.0,0.0,0.0,0.0,0.0,0.0
324.0,163.0,487.0,324.0,162.0,1.9877300613496933,149.14084440521137,298.2816888104227,0.5464633134204797,0.0,0.0,1.0,inf,163.0,inf,210.0,0.0,210.0,0.0,0.0,0.0,0.0,0.0,0.0
325.0,164.0,490.0,326.0,163.0,1.9878048780487805,150.13791810844725,300.27583621689445,0.5461644935076959,0.0,0.0,1.0,inf,164.0,inf,211.0,1.0,210.0,0.0,0.0,0.0,0.0,0.0,0.0
326.0,164.0,490.0,326.0,163.0,1.9878048780487805,150.13791810844725,300.27583621689445,0.5461644935076959,0.0,0.0,1.0,inf,164.0,inf,215.0,0.0,215.0,0.0,0.0,0.0,0.0,0.0,0.0
327.0,165.0,493.0,328.0,164.0,1.9878787878787878,151.11226414735575,302.22452829471143,0.5459517165301083,0.0,0.0,1.0,inf,165.0,inf,212.0,1.0,211.0,0.0,0.0,0.0,0.0,0.0,0.0
328.0,165.0,493.0,328.0,164.0,1.9878787878787878,151.11226414735575,302.22452829471143,0.5459517165301083,0.0,0.0,1.0,inf,165.0,inf,206.0,0.0,206.0,0.0,0.0,0.0,0.0,0.0,0.0
329.0,166.0,496.0,330.0,165.0,1.9879518072289157,151.9813826209014,303.96276524180274,0.5461195218037538,0.0,0.0,1.0,inf,166.0,inf,214.0,1.0,213.0,0.0,0.0,0.0,0.0,0.0,0.0
330.0,166.0,496.0,330.0,165.0,1.9879518072289157,151.9813826209014,303.96276524180274,0.5461195218037538,0.0,0.0,1.0,inf,166.0,inf,214.0,0.0,214.0,0.0,0.0,0.0,0.0,0.0,0.0
331.0,167.0,499.0,332.0,166.0,1.9880239520958083,152.96790005773912,305.9358001154782,0.545866158641664,0.0,0.0,1.0,inf,167.0,inf,209.0,1.0,208.0,0.0,0.0,0.0,0.0,0.0,0.0
332.0,167.0,499.0,332.0,166.0,1.9880239520958083,152.96790005773912,305.9358001154782,0.545866158641664,0.0,0.0,1.0,inf,167.0,inf,216.0,0.0,216.0,0.0,0.0,0.0,0.0,0.0,0.0
333.0,168.0,502.0,334.0,167.0,1.9880952380952381,153.8311896031391,307.66237920627816,0.5460531132646581,0.0,0.0,1.0,inf,168.0,inf,213.0,1.0,212.0,0.0,0.0,0.0,0.0,0.0,0.0
334.0,168.0,502.0,334.0,167.0,1.9880952380952381,153.8311896031391,307.66237920627816,0.5460531132646581,0.0,0.0,1.0,inf,168.0,inf,208.0,0.0,208.0,0.0,0.0,0.0,0.0,0.0,0.0
335.0,169.0,505.0,336.0,168.0,1.9881656804733727,154.7177243388668,309.4354486777335,0.5461559130415201,0.0,0.0,1.0,inf,169.0,inf,209.0,1.0,208.0,0.0,0.0,0.0,0.0,0.0,0.0
336.0,169.0,505.0,336.0,168.0,1.9881656804733727,154.7177243388668,309.4354486777335,0.5461559130415201,0.0,0.0,1.0,inf,169.0,inf,208.0,0.0,208.0,0.0,0.0,0.0,0.0,0.0,0.0
337.0,170.0,508.0,338.0,169.0,1.988235294117647,155.64887858649635,311.29775717299265,0.5461009470284379,0.0,0.0,1.0,inf,170.0,inf,216.0,1.0,215.0,0.0,0.0,0.0,0.0,0.0,0.0
338.0,170.0,508.0,338.0,169.0,1.988235294117647,155.64887858649635,311.29775717299265,0.5461009470284379,0.0,0.0,1.0,inf,170.0,inf,215.0,0.0,215.0,0.0,0.0,0.0,0.0,0.0,0.0
339.0,171.0,511.0,340.0,170.0,1.9883040935672514,156.60375201708925,313.20750403417844,0.5459639306130412,0.0,0.0,1.0,inf,171.0,inf,215.0,1.0,214.0,0.0,0.0,0.0,0.0,0.0,0.0
340.0,171.0,511.0,340.0,170.0,1.9883040935672514,156.60375201708925,313.20750403417844,0.5459639306130412,0.0,0.0,1.0,inf,171.0,inf,212.0,0.0,212.0,0.0,0.0,0.0,0.0,0.0,0.0
341.0,172.0,514.0,342.0,171.0,1.9883720930232558,157.52718866698208,315.0543773339641,0.5459375027748827,0.0,0.0,1.0,inf,172.0,inf,212.0,1.0,211.0,0.0,0.0,0.0,0.0,0.0,0.0
342.0,172.0,514.0,342.0,171.0,1.9883720930232558,157.52718866698208,315.0543773339641,0.5459375027748827,0.0,0.0,1.0,inf,172.0,inf,211.0,0.0,211.0,0.0,0.0,0.0,0.0,0.0,0.0
343.0,173.0,517.0,344.0,172.0,1.9884393063583814,158.4948637931317,316.98972758626337,0.5457590102913382,0.0,0.0,1.0,inf,173.0,inf,211.0,1.0,210.0,0.0,0.0,0.0,0.0,0.0,0.0
344.0,173.0,517.0,344.0,172.0,1.9884393063583814,158.4948637931317,316.98972758626337,0.5457590102913382,0.0,0.0,1.0,inf,173.0,inf,213.0,0.0,213.0,0.0,0.0,0.0,0.0,0.0,0.0
345.0,174.0,520.0,346.0,173.0,1.9885057471264367,159.4887281712892,318.97745634257836,0.5454930953274826,0.0,0.0,1.0,inf,174.0,inf,217.0,1.0,216.0,0.0,0.0,0.0,0.0,0.0,0.0
346.0,174.0,520.0,346.0,173.0,1.9885057471264367,159.4887281712892,318.97745634257836,0.5454930953274826,0.0,0.0,1.0,inf,174.0,inf,208.0,0.0,208.0,0.0,0.0,0.0,0.0,0.0,0.0
347.0,175.0,523.0,348.0,174.0,1.9885714285714287,160.3847801199213,320.7695602398425,0.5455629887984097,0.0,0.0,1.0,inf,175.0,inf,207.0,1.0,206.0,0.0,0.0,0.0,0.0,0.0,0.0
348.0,175.0,523.0,348.0,174.0,1.9885714285714287,160.3847801199213,320.7695602398425,0.5455629887984097,0.0,0.0,1.0,inf,175.0,inf,211.0,0.0,211.0,0.0,0.0,0.0,0.0,0.0,0.0
349.0,176.0,526.0,350.0,175.0,1.9886363636363635,161.3683062391019,322.73661247820377,0.5453363306026715,0.0,0.0,1.0,inf,176.0,inf,213.0,1.0,212.0,0.0,0.0,0.0,0.0,0.0,0.0
350.0,176.0,526.0,350.0,175.0,1.9886363636363635,161.3683062391019,322.73661247820377,0.5453363306026715,0.0,0.0,1.0,inf,176.0,inf,211.0,0.0,211.0,0.0,0.0,0.0,0.0,0.0,0.0
351.0,177.0,529.0,352.0,176.0,1.9887005649717515,162.32749092624553,324.654981852491,0.5451941596276537,0.0,0.0,1.0,inf,177.0,inf,209.0,1.0,208.0,0.0,0.0,0.0,0.0,0.0,0.0
352.0,177.0,529.0,352.0,176.0,1.9887005649717515,162.32749092624553,324.654981852491,0.5451941596276537,0.0,0.0,1.0,inf,177.0,inf,211.0,0.0,211.0,0.0,0.0,0.0,0.0,0.0,0.0
353.0,178.0,532.0,354.0,177.0,1.9887640449438202,163.2029714656678,326.4059429313355,0.5453332080949428,0.0,0.0,1.0,inf,178.0,inf,215.0,1.0,214.0,0.0,0.0,0.0,0.0,0.0,0.0
354.0,178.0,532.0,354.0,177.0,1.9887640449438202,163.2029714656678,326.4059429313355,0.5453332080949428,0.0,0.0,1.0,inf,178.0,inf,217.0,0.0,217.0,0.0,0.0,0.0,0.0,0.0,0.0
355.0,179.0,535.0,356.0,178.0,1.988826815642458,164.07942250299539,328.1588450059907,0.5454675463546693,0.0,0.0,1.0,inf,179.0,inf,210.0,1.0,209.0,0.0,0.0,0.0,0.0,0.0,0.0
356.0,179.0,535.0,356.0,178.0,1.988826815642458,164.07942250299539,328.1588450059907,0.5454675463546693,0.0,0.0,1.0,inf,179.0,inf,211.0,0.0,211.0,0.0,0.0,0.0,0.0,0.0,0.0
357.0,180.0,538.0,358.0,179.0,1.988888888888889,165.0313278834714,330.0626557669427,0.5453510018628039,0.0,0.0,1.0,inf,180.0,inf,207.0,1.0,206.0,0.0,0.0,0.0,0.0,0.0,0.0
358.0,180.0,538.0,358.0,179.0,1.988888888888889,165.0313278834714,330.0626557669427,0.5453510018628039,0.0,0.0,1.0,inf,180.0,inf,211.0,0.0,211.0,0.0,0.0,0.0,0.0,0.0,0.0
359.0,181.0,541.0,360.0,180.0,1.988950276243094,165.89008061025638,331.7801612205127,0.5455419616837821,0.0,0.0,1.0,inf,181.0,inf,217.0,1.0,216.0,0.0,0.0,0.0,0.0,0.0,0.0
360.0,181.0,541.0,360.0,180.0,1.988950276243094,165.89008061025638,331.7801612205127,0.5455419616837821,0.0,0.0,1.0,inf,181.0,inf,212.0,0.0,212.0,0.0,0.0,0.0,0.0,0.0,0.0
361.0,182.0,544.0,362.0,181.0,1.989010989010989,166.74677420264416,333.49354840528827,0.5457376937883636,0.0,0.0,1.0,inf,182.0,inf,215.0,1.0,214.0,0.0,0.0,0.0,0.0,0.0,0.0
362.0,182.0,544.0,362.0,181.0,1.989010989010989,166.74677420264416,333.49354840528827,0.5457376937883636,0.0,0.0,1.0,inf,182.0,inf,211.0,0.0,211.0,0.0,0.0,0.0,0.0,0.0,0.0
363.0,183.0,547.0,364.0,182.0,1.989071038251366,167.635034974382,335.27006994876393,0.545828621170885,0.0,0.0,1.0,inf,183.0,inf,217.0,1.0,216.0,0.0,0.0,0.0,0.0,0.0,0.0
364.0,183.0,547.0,364.0,182.0,1.989071038251366,167.635034974382,335.27006994876393,0.545828621170885,0.0,0.0,1.0,inf,183.0,inf,210.0,0.0,210.0,0.0,0.0,0.0,0.0,0.0,0.0
365.0,184.0,550.0,366.0,183.0,1.9891304347826086,168.58391105735194,337.1678221147038,0.5457223018672391,0.0,0.0,1.0,inf,184.0,inf,215.0,1.0,214.0,0.0,0.0,0.0,0.0,0.0,0.0
366.0,184.0,550.0,366.0,183.0,1.9891304347826086,168.58391105735194,337.1678221147038,0.5457223018672391,0.0,0.0,1.0,inf,184.0,inf,213.0,0.0,213.0,0.0,0.0,0.0,0.0,0.0,0.0
367.0,185.0,553.0,368.0,184.0,1.9891891891891893,169.45494719650767,338.9098943930153,0.5458678045718712,0.0,0.0,1.0,inf,185.0,inf,211.0,1.0,210.0,0.0,0.0,0.0,0.0,0.0,0.0
368.0,185.0,553.0,368.0,184.0,1.9891891891891893,169.45494719650767,338.9098943930153,0.5458678045718712,0.0,0.0,1.0,inf,185.0,inf,211.0,0.0,211.0,0.0,0.0,0.0,0.0,0.0,0.0
369.0,186.0,556.0,370.0,185.0,1.989247311827957,170.40200997385637,340.8040199477127,0.545768210212241,0.0,0.0,1.0,inf,186.0,inf,208.0,1.0,207.0,0.0,0.0,0.0,0.0,0.0,0.0
370.0,186.0,556.0,370.0,185.0,1.989247311827957,170.40200997385637,340.8040199477127,0.545768210212241,0.0,0.0,1.0,inf,186.0,inf,214.0,0.0,214.0,0.0,0.0,0.0,0.0,0.0,0.0
371.0,187.0,559.0,372.0,186.0,1.9893048128342246,171.3483231199326,342.6966462398651,0.5456721040366187,0.0,0.0,1.0,inf,187.0,inf,210.0,1.0,209.0,0.0,0.0,0.0,0.0,0.0,0.0
372.0,187.0,559.0,372.0,186.0,1.9893048128342246,171.3483231199326,342.6966462398651,0.5456721040366187,0.0,0.0,1.0,inf,187.0,inf,210.0,0.0,210.0,0.0,0.0,0.0,0.0,0.0,0.0
373.0,188.0,562.0,374.0,187.0,1.9893617021276595,172.2926868021265,344.58537360425294,0.5455832266865539,0.0,0.0,1.0,inf,188.0,inf,213.0,1.0,212.0,0.0,0.0,0.0,0.0,0.0,0.0
374.0,188.0,562.0,374.0,187.0,1.9893617021276595,172.2926868021265,344.58537360425294,0.5455832266865539,0.0,0.0,1.0,inf,188.0,inf,210.0,0.0,210.0,0.0,0.0,0.0,0.0,0.0,0.0
375.0,189.0,565.0,376.0,188.0,1.9894179894179893,173.28408337700782,346.5681667540156,0.545347259588752,0.0,0.0,1.0,inf,189.0,inf,220.0,1.0,219.0,0.0,0.0,0.0,0.0,0.0,0.0
376.0,189.0,565.0,376.0,188.0,1.9894179894179893,173.28408337700782,346.5681667540156,0.545347259588752,0.0,0.0,1.0,inf,189.0,inf,209.0,0.0,209.0,0.0,0.0,0.0,0.0,0.0,0.0
377.0,190.0,568.0,378.0,189.0,1.9894736842105263,174.2066528459292,348.41330569185834,0.5453293456250453,0.0,0.0,1.0,inf,190.0,inf,214.0,1.0,213.0,0.0,0.0,0.0,0.0,0.0,0.0
378.0,190.0,568.0,378.0,189.0,1.9894736842105263,174.2066528459292,348.41330569185834,0.5453293456250453,0.0,0.0,1.0,inf,190.0,inf,216.0,0.0,216.0,0.0,0.0,0.0,0.0,0.0,0.0
379.0,190.0,568.0,378.0,189.0,1.9894736842105263,174.2066528459292,348.41330569185834,0.5453293456250453,0.0,0.0,1.0,inf,190.0,inf,220.0,0.0,220.0,0.0,0.0,0.0,0.0,0.0,0.0
380.0,191.0,571.0,380.0,190.0,1.9895287958115184,175.14481647552856,350.28963295105706,0.5452630681384932,0.0,0.0,1.0,inf,191.0,inf,208.0,1.0,207.0,0.0,0.0,0.0,0.0,0.0,0.0
381.0,191.0,571.0,380.0,190.0,1.9895287958115184,175.14481647552856,350.28963295105706,0.5452630681384932,0.0,0.0,1.0,inf,191.0,inf,215.0,0.0,215.0,0.0,0.0,0.0,0.0,0.0,0.0
382.0,192.0,574.0,382.0,191.0,1.9895833333333333,176.07996144234878,352.1599228846975,0.545206843604585,0.0,0.0,1.0,inf,192.0,inf,213.0,1.0,212.0,0.0,0.0,0.0,0.0,0.0,0.0
383.0,192.0,574.0,382.0,191.0,1.9895833333333333,176.07996144234878,352.1599228846975,0.545206843604585,0.0,0.0,1.0,inf,192.0,inf,212.0,0.0,212.0,0.0,0.0,0.0,0.0,0.0,0.0
384.0,193.0,577.0,384.0,192.0,1.9896373056994818,177.07857225900307,354.1571445180061,0.5449558281893915,0.0,0.0,1.0,inf,193.0,inf,216.0,1.0,215.0,0.0,0.0,0.0,0.0,0.0,0.0
385.0,193.0,577.0,384.0,192.0,1.9896373056994818,177.07857225900307,354.1571445180061,0.5449558281893915,0.0,0.0,1.0,inf,193.0,inf,214.0,0.0,214.0,0.0,0.0,0.0,0.0,0.0,0.0
386.0,194.0,580.0,386.0,193.0,1.9896907216494846,178.02129787125835,356.04259574251665,0.5448786249729995,0.0,0.0,1.0,inf,194.0,inf,213.0,1.0,212.0,0.0,0.0,0.0,0.0,0.0,0.0
387.0,194.0,580.0,386.0,193.0,1.9896907216494846,178.02129787125835,356.04259574251665,0.5448786249729995,0.0,0.0,1.0,inf,194.0,inf,214.0,0.0,214.0,0.0,0.0,0.0,0.0,0.0,0.0
388.0,195.0,583.0,388.0,194.0,1.9897435897435898,178.9264143354285,357.8528286708569,0.5449167489447333,0.0,0.0,1.0,inf,195.0,inf,211.0,1.0,210.0,0.0,0.0,0.0,0.0,0.0,0.0
389.0,195.0,583.0,388.0,194.0,1.9897435897435898,178.9264143354285,357.8528286708569,0.5449167489447333,0.0,0.0,1.0,inf,195.0,inf,214.0,0.0,214.0,0.0,0.0,0.0,0.0,0.0,0.0
390.0,196.0,586.0,390.0,195.0,1.989795918367347,179.83447114871407,359.6689422974281,0.5449455789761182,0.0,0.0,1.0,inf,196.0,inf,211.0,1.0,210.0,0.0,0.0,0.0,0.0,0.0,0.0
391.0,196.0,586.0,390.0,195.0,1.989795918367347,179.83447114871407,359.6689422974281,0.5449455789761182,0.0,0.0,1.0,inf,196.0,inf,214.0,0.0,214.0,0.0,0.0,0.0,0.0,0.0,0.0
392.0,197.0,589.0,392.0,196.0,1.9898477157360406,180.71094494705963,361.4218898941192,0.545069364939994,0.0,0.0,1.0,inf,197.0,inf,216.0,1.0,215.0,0.0,0.0,0.0,0.0,0.0,0.0
393.0,197.0,589.0,392.0,196.0,1.9898477157360406,180.71094494705963,361.4218898941192,0.545069364939994,0.0,0.0,1.0,inf,197.0,inf,214.0,0.0,214.0,0.0,0.0,0.0,0.0,0.0,0.0
394.0,198.0,592.0,394.0,197.0,1.9898989898989898,181.6697287344418,363.33945746888355,0.5449449431650477,0.0,0.0,1.0,inf,198.0,inf,212.0,1.0,211.0,0.0,0.0,0.0,0.0,0.0,0.0
395.0,198.0,592.0,394.0,197.0,1.9898989898989898,181.6697287344418,363.33945746888355,0.5449449431650477,0.0,0.0,1.0,inf,198.0,inf,215.0,0.0,215.0,0.0,0.0,0.0,0.0,0.0,0.0
396.0,199.0,595.0,396.0,198.0,1.9899497487437185,182.6256700983894,365.25134019677876,0.5448303075158847,0.0,0.0,1.0,inf,199.0,inf,210.0,1.0,209.0,0.0,0.0,0.0,0.0,0.0,0.0
397.0,199.0,595.0,396.0,198.0,1.9899497487437185,182.6256700983894,365.25134019677876,0.5448303075158847,0.0,0.0,1.0,inf,199.0,inf,210.0,0.0,210.0,0.0,0.0,0.0,0.0,0.0,0.0
398.0,200.0,598.0,398.0,199.0,1.99,183.62057206394041,367.2411441278808,0.5446012877314095,0.0,0.0,1.0,inf,200.0,inf,214.0,1.0,213.0,0.0,0.0,0.0,0.0,0.0,0.0
399.0,200.0,598.0,398.0,199.0,1.99,183.62057206394041,367.2411441278808,0.5446012877314095,0.0,0.0,1.0,inf,200.0,inf,211.0,0.0,211.0,0.0,0.0,0.0,0.0,0.0,0.0
400.0,201.0,601.0,400.0,200.0,1.9900497512437811,184.50646994432364,369.0129398886472,0.5446963460431861,0.0,0.0,1.0,inf,201.0,inf,213.0,1.0,212.0,0.0,0.0,0.0,0.0,0.0,0.0
401.0,201.0,601.0,400.0,200.0,1.9900497512437811,184.50646994432364,369.0129398886472,0.5446963460431861,0.0,0.0,1.0,inf,201.0,inf,211.0,0.0,211.0,0.0,0.0,0.0,0.0,0.0,0.0
402.0,202.0,604.0,402.0,201.0,1.99009900990099,185.471232475831,370.9424649516619,0.5445588442572163,0.0,0.0,1.0,inf,202.0,inf,218.0,1.0,217.0,0.0,0.0,0.0,0.0,0.0,0.0
403.0,202.0,604.0,402.0,201.0,1.99009900990099,185.471232475831,370.9424649516619,0.5445588442572163,0.0,0.0,1.0,inf,202.0,inf,213.0,0.0,213.0,0.0,0.0,0.0,0.0,0.0,0.0
404.0,203.0,607.0,404.0,202.0,1.9901477832512315,186.39943662405167,372.7988732481033,0.5445295427835171,0.0,0.0,1.0,inf,203.0,inf,218.0,1.0,217.0,0.0,0.0,0.0,0.0,0.0,0.0
405.0,203.0,607.0,404.0,202.0,1.9901477832512315,186.39943662405167,372.7988732481033,0.5445295427835171,0.0,0.0,1.0,inf,203.0,inf,217.0,0.0,217.0,0.0,0.0,0.0,0.0,0.0,0.0
406.0,204.0,610.0,406.0,203.0,1.9901960784313726,187.3033752772255,374.60675055445097,0.5445710727264312,0.0,0.0,1.0,inf,204.0,inf,214.0,1.0,213.0,0.0,0.0,0.0,0.0,0.0,0.0
407.0,204.0,610.0,406.0,203.0,1.9901960784313726,187.3033752772255,374.60675055445097,0.5445710727264312,0.0,0.0,1.0,inf,204.0,inf,212.0,0.0,212.0,0.0,0.0,0.0,0.0,0.0,0.0
408.0,205.0,613.0,408.0,204.0,1.9902439024390244,188.3008214108784,376.60164282175674,0.5443417571521992,0.0,0.0,1.0,inf,205.0,inf,213.0,1.0,212.0,0.0,0.0,0.0,0.0,0.0,0.0
409.0,205.0,613.0,408.0,204.0,1.9902439024390244,188.3008214108784,376.60164282175674,0.5443417571521992,0.0,0.0,1.0,inf,205.0,inf,216.0,0.0,216.0,0.0,0.0,0.0,0.0,0.0,0.0
410.0,206.0,616.0,410.0,205.0,1.9902912621359223,189.28907445465597,378.5781489093119,0.5441412838894385,0.0,0.0,1.0,inf,206.0,inf,211.0,1.0,210.0,0.0,0.0,0.0,0.0,0.0,0.0
411.0,206.0,616.0,410.0,205.0,1.9902912621359223,189.28907445465597,378.5781489093119,0.5441412838894385,0.0,0.0,1.0,inf,206.0,inf,216.0,0.0,216.0,0.0,0.0,0.0,0.0,0.0,0.0
412.0,207.0,619.0,412.0,206.0,1.9903381642512077,190.25154322104308,380.5030864420861,0.5440166121530426,0.0,0.0,1.0,inf,207.0,inf,210.0,1.0,209.0,0.0,0.0,0.0,0.0,0.0,0.0
413.0,207.0,619.0,412.0,206.0,1.9903381642512077,190.25154322104308,380.5030864420861,0.5440166121530426,0.0,0.0,1.0,inf,207.0,inf,213.0,0.0,213.0,0.0,0.0,0.0,0.0,0.0,0.0
414.0,208.0,622.0,414.0,207.0,1.9903846153846154,191.12583381274513,382.2516676254902,0.5441441270670592,0.0,0.0,1.0,inf,208.0,inf,211.0,1.0,210.0,0.0,0.0,0.0,0.0,0.0,0.0
415.0,208.0,622.0,414.0,207.0,1.9903846153846154,191.12583381274513,382.2516676254902,0.5441441270670592,0.0,0.0,1.0,inf,208.0,inf,211.0,0.0,211.0,0.0,0.0,0.0,0.0,0.0,0.0
416.0,209.0,625.0,416.0,208.0,1.9904306220095693,191.97789329707652,383.955786594153,0.5443335073913501,0.0,0.0,1.0,inf,209.0,inf,212.0,1.0,211.0,0.0,0.0,0.0,0.0,0.0,0.0
417.0,209.0,625.0,416.0,208.0,1.9904306220095693,191.97789329707652,383.955786594153,0.5443335073913501,0.0,0.0,1.0,inf,209.0,inf,208.0,0.0,208.0,0.0,0.0,0.0,0.0,0.0,0.0
418.0,210.0,628.0,418.0,209.0,1.9904761904761905,192.91408447041866,385.82816894083726,0.5442837431400747,0.0,0.0,1.0,inf,210.0,inf,217.0,1.0,216.0,0.0,0.0,0.0,0.0,0.0,0.0
419.0,210.0,628.0,418.0,209.0,1.9904761904761905,192.91408447041866,385.82816894083726,0.5442837431400747,0.0,0.0,1.0,inf,210.0,inf,212.0,0.0,212.0,0.0,0.0,0.0,0.0,0.0,0.0
420.0,211.0,631.0,420.0,210.0,1.990521327014218,193.87559966659563,387.7511993331912,0.5441633716745504,0.0,0.0,1.0,inf,211.0,inf,219.0,1.0,218.0,0.0,0.0,0.0,0.0,0.0,0.0
421.0,211.0,631.0,420.0,210.0,1.990521327014218,193.87559966659563,387.7511993331912,0.5441633716745504,0.0,0.0,1.0,inf,211.0,inf,215.0,0.0,215.0,0.0,0.0,0.0,0.0,0.0,0.0
422.0,212.0,634.0,422.0,211.0,1.990566037735849,194.7909368159264,389.5818736318527,0.5441731619175277,0.0,0.0,1.0,inf,212.0,inf,216.0,1.0,215.0,0.0,0.0,0.0,0.0,0.0,0.0
423.0,212.0,634.0,422.0,211.0,1.990566037735849,194.7909368159264,389.5818736318527,0.5441731619175277,0.0,0.0,1.0,inf,212.0,inf,217.0,0.0,217.0,0.0,0.0,0.0,0.0,0.0,0.0
424.0,213.0,637.0,424.0,212.0,1.9906103286384977,195.68447368580328,391.3689473716065,0.544243485413153,0.0,0.0,1.0,inf,213.0,inf,217.0,1.0,216.0,0.0,0.0,0.0,0.0,0.0,0.0
425.0,213.0,637.0,424.0,212.0,1.9906103286384977,195.68447368580328,391.3689473716065,0.544243485413153,0.0,0.0,1.0,inf,213.0,inf,214.0,0.0,214.0,0.0,0.0,0.0,0.0,0.0,0.0
426.0,214.0,640.0,426.0,213.0,1.9906542056074767,196.66508723960996,393.33017447921986,0.5440721660455925,0.0,0.0,1.0,inf,214.0,inf,213.0,1.0,212.0,0.0,0.0,0.0,0.0,0.0,0.0
427.0,214.0,640.0,426.0,213.0,1.9906542056074767,196.66508723960996,393.33017447921986,0.5440721660455925,0.0,0.0,1.0,inf,214.0,inf,211.0,0.0,211.0,0.0,0.0,0.0,0.0,0.0,0.0
428.0,215.0,643.0,428.0,214.0,1.9906976744186047,197.5793630851626,395.15872617032517,0.5440851631537262,0.0,0.0,1.0,inf,215.0,inf,216.0,1.0,215.0,0.0,0.0,0.0,0.0,0.0,0.0
429.0,215.0,643.0,428.0,214.0,1.9906976744186047,197.5793630851626,395.15872617032517,0.5440851631537262,0.0,0.0,1.0,inf,215.0,inf,213.0,0.0,213.0,0.0,0.0,0.0,0.0,0.0,0.0
430.0,216.0,646.0,430.0,215.0,1.9907407407407407,198.4528151304254,396.9056302608507,0.5442099671351158,0.0,0.0,1.0,inf,216.0,inf,217.0,1.0,216.0,0.0,0.0,0.0,0.0,0.0,0.0
431.0,216.0,646.0,430.0,215.0,1.9907407407407407,198.4528151304254,396.9056302608507,0.5442099671351158,0.0,0.0,1.0,inf,216.0,inf,214.0,0.0,214.0,0.0,0.0,0.0,0.0,0.0,0.0
432.0,217.0,649.0,432.0,216.0,1.9907834101382489,199.3190033337212,398.63800666744237,0.5443535146437477,0.0,0.0,1.0,inf,217.0,inf,212.0,1.0,211.0,0.0,0.0,0.0,0.0,0.0,0.0
433.0,217.0,649.0,432.0,216.0,1.9907834101382489,199.3190033337212,398.63800666744237,0.5443535146437477,0.0,0.0,1.0,inf,217.0,inf,214.0,0.0,214.0,0.0,0.0,0.0,0.0,0.0,0.0
434.0,218.0,652.0,434.0,217.0,1.9908256880733946,200.3012915978278,400.60258319565554,0.544180215367029,0.0,0.0,1.0,inf,218.0,inf,217.0,1.0,216.0,0.0,0.0,0.0,0.0,0.0,0.0
435.0,218.0,652.0,434.0,217.0,1.9908256880733946,200.3012915978278,400.60258319565554,0.544180215367029,0.0,0.0,1.0,inf,218.0,inf,212.0,0.0,212.0,0.0,0.0,0.0,0.0,0.0,0.0
436.0,219.0,655.0,436.0,218.0,1.9908675799086757,201.2294640372912,402.45892807458233,0.5441549055644646,0.0,0.0,1.0,inf,219.0,inf,215.0,1.0,214.0,0.0,0.0,0.0,0.0,0.0,0.0
437.0,219.0,655.0,436.0,218.0,1.9908675799086757,201.2294640372912,402.45892807458233,0.5441549055644646,0.0,0.0,1.0,inf,219.0,inf,212.0,0.0,212.0,0.0,0.0,0.0,0.0,0.0,0.0
438.0,220.0,658.0,438.0,219.0,1.990909090909091,202.1218889065289,404.24377781305776,0.5442260637632841,0.0,0.0,1.0,inf,220.0,inf,216.0,1.0,215.0,0.0,0.0,0.0,0.0,0.0,0.0
439.0,220.0,658.0,438.0,219.0,1.990909090909091,202.1218889065289,404.24377781305776,0.5442260637632841,0.0,0.0,1.0,inf,220.0,inf,215.0,0.0,215.0,0.0,0.0,0.0,0.0,0.0,0.0
440.0,221.0,661.0,440.0,220.0,1.990950226244344,203.06945475344526,406.13890950689046,0.5441487994054176,0.0,0.0,1.0,inf,221.0,inf,217.0,1.0,216.0,0.0,0.0,0.0,0.0,0.0,0.0
441.0,221.0,661.0,440.0,220.0,1.990950226244344,203.06945475344526,406.13890950689046,0.5441487994054176,0.0,0.0,1.0,inf,221.0,inf,217.0,0.0,217.0,0.0,0.0,0.0,0.0,0.0,0.0
442.0,222.0,664.0,442.0,221.0,1.990990990990991,203.9507639536631,407.90152790732617,0.5442490032801193,0.0,0.0,1.0,inf,222.0,inf,209.0,1.0,208.0,0.0,0.0,0.0,0.0,0.0,0.0
443.0,222.0,664.0,442.0,221.0,1.990990990990991,203.9507639536631,407.90152790732617,0.5442490032801193,0.0,0.0,1.0,inf,222.0,inf,214.0,0.0,214.0,0.0,0.0,0.0,0.0,0.0,0.0
444.0,223.0,667.0,444.0,222.0,1.9910313901345291,204.86171797728926,409.72343595457846,0.5442695741346891,0.0,0.0,1.0,inf,223.0,inf,215.0,1.0,214.0,0.0,0.0,0.0,0.0,0.0,0.0
445.0,223.0,667.0,444.0,222.0,1.9910313901345291,204.86171797728926,409.72343595457846,0.5442695741346891,0.0,0.0,1.0,inf,223.0,inf,213.0,0.0,213.0,0.0,0.0,0.0,0.0,0.0,0.0
446.0,224.0,670.0,446.0,223.0,1.9910714285714286,205.7381452082893,411.47629041657854,0.5443813051129202,0.0,0.0,1.0,inf,224.0,inf,219.0,1.0,218.0,0.0,0.0,0.0,0.0,0.0,0.0
447.0,224.0,670.0,446.0,223.0,1.9910714285714286,205.7381452082893,411.47629041657854,0.5443813051129202,0.0,0.0,1.0,inf,224.0,inf,215.0,0.0,215.0,0.0,0.0,0.0,0.0,0.0,0.0
448.0,224.0,670.0,446.0,223.0,1.9910714285714286,205.7381452082893,411.47629041657854,0.5443813051129202,0.0,0.0,1.0,inf,224.0,inf,220.0,0.0,220.0,0.0,0.0,0.0,0.0,0.0,0.0
449.0,225.0,673.0,448.0,224.0,1.991111111111111,206.64132371544648,413.2826474308929,0.5444215995969766,0.0,0.0,1.0,inf,225.0,inf,216.0,1.0,215.0,0.0,0.0,0.0,0.0,0.0,0.0
450.0,225.0,673.0,448.0,224.0,1.991111111111111,206.64132371544648,413.2826474308929,0.5444215995969766,0.0,0.0,1.0,inf,225.0,inf,215.0,0.0,215.0,0.0,0.0,0.0,0.0,0.0,0.0
451.0,226.0,676.0,450.0,225.0,1.991150442477876,207.5008258058991,415.00165161179814,0.5445761459556924,0.0,0.0,1.0,inf,226.0,inf,214.0,1.0,213.0,0.0,0.0,0.0,0.0,0.0,0.0
452.0,226.0,676.0,450.0,225.0,1.991150442477876,207.5008258058991,415.00165161179814,0.5445761459556924,0.0,0.0,1.0,inf,226.0,inf,218.0,0.0,218.0,0.0,0.0,0.0,0.0,0.0,0.0
453.0,227.0,679.0,452.0,226.0,1.9911894273127753,208.38457974198832,416.7691594839766,0.5446660215479006,0.0,0.0,1.0,inf,227.0,inf,215.0,1.0,214.0,0.0,0.0,0.0,0.0,0.0,0.0
454.0,227.0,679.0,452.0,226.0,1.9911894273127753,208.38457974198832,416.7691594839766,0.5446660215479006,0.0,0.0,1.0,inf,227.0,inf,213.0,0.0,213.0,0.0,0.0,0.0,0.0,0.0,0.0
455.0,228.0,682.0,454.0,227.0,1.9912280701754386,209.34801814514555,418.69603629029103,0.5445477870297359,0.0,0.0,1.0,inf,228.0,inf,214.0,1.0,213.0,0.0,0.0,0.0,0.0,0.0,0.0
456.0,228.0,682.0,454.0,227.0,1.9912280701754386,209.34801814514555,418.69603629029103,0.5445477870297359,0.0,0.0,1.0,inf,228.0,inf,212.0,0.0,212.0,0.0,0.0,0.0,0.0,0.0,0.0
457.0,229.0,685.0,456.0,228.0,1.9912663755458515,210.3218825911467,420.64376518229335,0.5444036473493404,0.0,0.0,1.0,inf,229.0,inf,217.0,1.0,216.0,0.0,0.0,0.0,0.0,0.0,0.0
458.0,229.0,685.0,456.0,228.0,1.9912663755458515,210.3218825911467,420.64376518229335,0.5444036473493404,0.0,0.0,1.0,inf,229.0,inf,215.0,0.0,215.0,0.0,0.0,0.0,0.0,0.0,0.0
459.0,230.0,688.0,458.0,229.0,1.991304347826087,211.1959364664901,422.39187293298016,0.5445180524022382,0.0,0.0,1.0,inf,230.0,inf,220.0,1.0,219.0,0.0,0.0,0.0,0.0,0.0,0.0
460.0,230.0,688.0,458.0,229.0,1.991304347826087,211.1959364664901,422.39187293298016,0.5445180524022382,0.0,0.0,1.0,inf,230.0,inf,217.0,0.0,217.0,0.0,0.0,0.0,0.0,0.0,0.0
461.0,231.0,691.0,460.0,230.0,1.9913419913419914,212.13500095091882,424.2700019018376,0.5444646073597397,0.0,0.0,1.0,inf,231.0,inf,216.0,1.0,215.0,0.0,0.0,0.0,0.0,0.0,0.0
462.0,231.0,691.0,460.0,230.0,1.9913419913419914,212.13500095091882,424.2700019018376,0.5444646073597397,0.0,0.0,1.0,inf,231.0,inf,209.0,0.0,209.0,0.0,0.0,0.0,0.0,0.0,0.0
463.0,232.0,694.0,462.0,231.0,1.9913793103448276,213.03464504509512,426.0692900901902,0.5445123725084489,0.0,0.0,1.0,inf,232.0,inf,214.0,1.0,213.0,0.0,0.0,0.0,0.0,0.0,0.0
464.0,232.0,694.0,462.0,231.0,1.9913793103448276,213.03464504509512,426.0692900901902,0.5445123725084489,0.0,0.0,1.0,inf,232.0,inf,216.0,0.0,216.0,0.0,0.0,0.0,0.0,0.0,0.0
465.0,233.0,697.0,464.0,232.0,1.9914163090128756,213.8956314365591,427.79126287311817,0.5446581550897809,0.0,0.0,1.0,inf,233.0,inf,217.0,1.0,216.0,0.0,0.0,0.0,0.0,0.0,0.0
466.0,233.0,697.0,464.0,232.0,1.9914163090128756,213.8956314365591,427.79126287311817,0.5446581550897809,0.0,0.0,1.0,inf,233.0,inf,215.0,0.0,215.0,0.0,0.0,0.0,0.0,0.0,0.0
467.0,234.0,700.0,466.0,233.0,1.9914529914529915,214.83707970962763,429.6741594192552,0.5445987264309142,0.0,0.0,1.0,inf,234.0,inf,213.0,1.0,212.0,0.0,0.0,0.0,0.0,0.0,0.0
468.0,234.0,700.0,466.0,233.0,1.9914529914529915,214.83707970962763,429.6741594192552,0.5445987264309142,0.0,0.0,1.0,inf,234.0,inf,215.0,0.0,215.0,0.0,0.0,0.0,0.0,0.0,0.0
469.0,235.0,703.0,468.0,234.0,1.9914893617021276,215.77659716698201,431.553194333964,0.5445446890103233,0.0,0.0,1.0,inf,235.0,inf,219.0,1.0,218.0,0.0,0.0,0.0,0.0,0.0,0.0
470.0,235.0,703.0,468.0,234.0,1.9914893617021276,215.77659716698201,431.553194333964,0.5445446890103233,0.0,0.0,1.0,inf,235.0,inf,209.0,0.0,209.0,0.0,0.0,0.0,0.0,0.0,0.0
471.0,236.0,706.0,470.0,235.0,1.9915254237288136,216.66057467787752,433.321149355755,0.5446306979266431,0.0,0.0,1.0,inf,236.0,inf,217.0,1.0,216.0,0.0,0.0,0.0,0.0,0.0,0.0
472.0,236.0,706.0,470.0,235.0,1.9915254237288136,216.66057467787752,433.321149355755,0.5446306979266431,0.0,0.0,1.0,inf,236.0,inf,214.0,0.0,214.0,0.0,0.0,0.0,0.0,0.0,0.0
473.0,237.0,709.0,472.0,236.0,1.9915611814345993,217.56048934200538,435.1209786840107,0.5446761052909651,0.0,0.0,1.0,inf,237.0,inf,219.0,1.0,218.0,0.0,0.0,0.0,0.0,0.0,0.0
474.0,237.0,709.0,472.0,236.0,1.9915611814345993,217.56048934200538,435.1209786840107,0.5446761052909651,0.0,0.0,1.0,inf,237.0,inf,213.0,0.0,213.0,0.0,0.0,0.0,0.0,0.0,0.0
475.0,238.0,712.0,474.0,237.0,1.9915966386554622,218.5019526250919,437.0039052501837,0.5446175586548718,0.0,0.0,1.0,inf,238.0,inf,214.0,1.0,213.0,0.0,0.0,0.0,0.0,0.0,0.0
476.0,238.0,712.0,474.0,237.0,1.9915966386554622,218.5019526250919,437.0039052501837,0.5446175586548718,0.0,0.0,1.0,inf,238.0,inf,216.0,0.0,216.0,0.0,0.0,0.0,0.0,0.0,0.0
477.0,239.0,715.0,476.0,238.0,1.99163179916318,219.4699348084202,438.9398696168403,0.5444937143865014,0.0,0.0,1.0,inf,239.0,inf,219.0,1.0,218.0,0.0,0.0,0.0,0.0,0.0,0.0
478.0,239.0,715.0,476.0,238.0,1.99163179916318,219.4699348084202,438.9398696168403,0.5444937143865014,0.0,0.0,1.0,inf,239.0,inf,212.0,0.0,212.0,0.0,0.0,0.0,0.0,0.0,0.0
479.0,240.0,718.0,478.0,239.0,1.9916666666666667,220.46737023062985,440.93474046125965,0.5442982327700856,0.0,0.0,1.0,inf,240.0,inf,215.0,1.0,214.0,0.0,0.0,0.0,0.0,0.0,0.0
480.0,240.0,718.0,478.0,239.0,1.9916666666666667,220.46737023062985,440.93474046125965,0.5442982327700856,0.0,0.0,1.0,inf,240.0,inf,215.0,0.0,215.0,0.0,0.0,0.0,0.0,0.0,0.0
481.0,241.0,721.0,480.0,240.0,1.991701244813278,221.3644881774044,442.72897635480876,0.5443510880725807,0.0,0.0,1.0,inf,241.0,inf,219.0,1.0,218.0,0.0,0.0,0.0,0.0,0.0,0.0
482.0,241.0,721.0,480.0,240.0,1.991701244813278,221.3644881774044,442.72897635480876,0.5443510880725807,0.0,0.0,1.0,inf,241.0,inf,212.0,0.0,212.0,0.0,0.0,0.0,0.0,0.0,0.0
483.0,242.0,724.0,482.0,241.0,1.9917355371900827,222.30090951263315,444.60181902526625,0.5443072647128495,0.0,0.0,1.0,inf,242.0,inf,215.0,1.0,214.0,0.0,0.0,0.0,0.0,0.0,0.0
484.0,242.0,724.0,482.0,241.0,1.9917355371900827,222.30090951263315,444.60181902526625,0.5443072647128495,0.0,0.0,1.0,inf,242.0,inf,214.0,0.0,214.0,0.0,0.0,0.0,0.0,0.0,0.0
485.0,243.0,727.0,484.0,242.0,1.991769547325103,223.1862512148095,446.3725024296189,0.5443883722168004,0.0,0.0,1.0,inf,243.0,inf,217.0,1.0,216.0,0.0,0.0,0.0,0.0,0.0,0.0
486.0,243.0,727.0,484.0,242.0,1.991769547325103,223.1862512148095,446.3725024296189,0.5443883722168004,0.0,0.0,1.0,inf,243.0,inf,217.0,0.0,217.0,0.0,0.0,0.0,0.0,0.0,0.0
487.0,244.0,730.0,486.0,243.0,1.9918032786885247,224.04456920123513,448.0891384024702,0.5445345113026174,0.0,0.0,1.0,inf,244.0,inf,219.0,1.0,218.0,0.0,0.0,0.0,0.0,0.0,0.0
488.0,244.0,730.0,486.0,243.0,1.9918032786885247,224.04456920123513,448.0891384024702,0.5445345113026174,0.0,0.0,1.0,inf,244.0,inf,217.0,0.0,217.0,0.0,0.0,0.0,0.0,0.0,0.0
489.0,245.0,733.0,488.0,244.0,1.9918367346938775,224.9717136512453,449.94342730249053,0.5445128990300596,0.0,0.0,1.0,inf,245.0,inf,217.0,1.0,216.0,0.0,0.0,0.0,0.0,0.0,0.0
490.0,245.0,733.0,488.0,244.0,1.9918367346938775,224.9717136512453,449.94342730249053,0.5445128990300596,0.0,0.0,1.0,inf,245.0,inf,215.0,0.0,215.0,0.0,0.0,0.0,0.0,0.0,0.0
491.0,246.0,736.0,490.0,245.0,1.991869918699187,225.93367542265244,451.8673508453048,0.544407555756816,0.0,0.0,1.0,inf,246.0,inf,213.0,1.0,212.0,0.0,0.0,0.0,0.0,0.0,0.0
492.0,246.0,736.0,490.0,245.0,1.991869918699187,225.93367542265244,451.8673508453048,0.544407555756816,0.0,0.0,1.0,inf,246.0,inf,212.0,0.0,212.0,0.0,0.0,0.0,0.0,0.0,0.0
493.0,247.0,739.0,492.0,246.0,1.991902834008097,226.91533046824375,453.83066093648745,0.544255867354381,0.0,0.0,1.0,inf,247.0,inf,218.0,1.0,217.0,0.0,0.0,0.0,0.0,0.0,0.0
494.0,247.0,739.0,492.0,246.0,1.991902834008097,226.91533046824375,453.83066093648745,0.544255867354381,0.0,0.0,1.0,inf,247.0,inf,211.0,0.0,211.0,0.0,0.0,0.0,0.0,0.0,0.0
495.0,248.0,742.0,494.0,247.0,1.9919354838709677,227.88136183480103,455.762723669602,0.5441427899219412,0.0,0.0,1.0,inf,248.0,inf,212.0,1.0,211.0,0.0,0.0,0.0,0.0,0.0,0.0
496.0,248.0,742.0,494.0,247.0,1.9919354838709677,227.88136183480103,455.762723669602,0.5441427899219412,0.0,0.0,1.0,inf,248.0,inf,217.0,0.0,217.0,0.0,0.0,0.0,0.0,0.0,0.0
497.0,249.0,745.0,496.0,248.0,1.9919678714859437,228.87287095502194,457.7457419100438,0.5439701065508403,0.0,0.0,1.0,inf,249.0,inf,219.0,1.0,218.0,0.0,0.0,0.0,0.0,0.0,0.0
498.0,249.0,745.0,496.0,248.0,1.9919678714859437,228.87287095502194,457.7457419100438,0.5439701065508403,0.0,0.0,1.0,inf,249.0,inf,217.0,0.0,217.0,0.0,0.0,0.0,0.0,0.0,0.0
499.0,250.0,748.0,498.0,249.0,1.992,229.8388021863487,459.6776043726973,0.5438594302221107,0.0,0.0,1.0,inf,250.0,inf,216.0,1.0,215.0,0.0,0.0,0.0,0.0,0.0,0.0
500.0,250.0,748.0,498.0,249.0,1.992,229.8388021863487,459.6776043726973,0.5438594302221107,0.0,0.0,1.0,inf,250.0,inf,213.0,0.0,213.0,0.0,0.0,0.0,0.0,0.0,0.0
501.0,251.0,751.0,500.0,250.0,1.9920318725099602,230.82122075071095,461.64244150142184,0.5437108407616524,0.0,0.0,1.0,inf,251.0,inf,211.0,1.0,210.0,0.0,0.0,0.0,0.0,0.0,0.0
502.0,251.0,751.0,500.0,250.0,1.9920318725099602,230.82122075071095,461.64244150142184,0.5437108407616524,0.0,0.0,1.0,inf,251.0,inf,218.0,0.0,218.0,0.0,0.0,0.0,0.0,0.0,0.0
503.0,252.0,754.0,502.0,251.0,1.992063492063492,231.7080461133446,463.41609222668916,0.5437877627191444,0.0,0.0,1.0,inf,252.0,inf,217.0,1.0,216.0,0.0,0.0,0.0,0.0,0.0,0.0
504.0,252.0,754.0,502.0,251.0,1.992063492063492,231.7080461133446,463.41609222668916,0.5437877627191444,0.0,0.0,1.0,inf,252.0,inf,214.0,0.0,214.0,0.0,0.0,0.0,0.0,0.0,0.0
505.0,253.0,757.0,504.0,252.0,1.992094861660079,232.66416178010945,465.32832356021885,0.5437021285622621,0.0,0.0,1.0,inf,253.0,inf,214.0,1.0,213.0,0.0,0.0,0.0,0.0,0.0,0.0
506.0,253.0,757.0,504.0,252.0,1.992094861660079,232.66416178010945,465.32832356021885,0.5437021285622621,0.0,0.0,1.0,inf,253.0,inf,217.0,0.0,217.0,0.0,0.0,0.0,0.0,0.0,0.0
507.0,254.0,760.0,506.0,253.0,1.9921259842519685,233.65267191593864,467.3053438318772,0.543541826244088,0.0,0.0,1.0,inf,254.0,inf,217.0,1.0,216.0,0.0,0.0,0.0,0.0,0.0,0.0
508.0,254.0,760.0,506.0,253.0,1.9921259842519685,233.65267191593864,467.3053438318772,0.543541826244088,0.0,0.0,1.0,inf,254.0,inf,215.0,0.0,215.0,0.0,0.0,0.0,0.0,0.0,0.0
509.0,255.0,763.0,508.0,254.0,1.992156862745098,234.6273611871114,469.25472237422275,0.543414882880266,0.0,0.0,1.0,inf,255.0,inf,217.0,1.0,216.0,0.0,0.0,0.0,0.0,0.0,0.0
510.0,255.0,763.0,508.0,254.0,1.992156862745098,234.6273611871114,469.25472237422275,0.543414882880266,0.0,0.0,1.0,inf,255.0,inf,215.0,0.0,215.0,0.0,0.0,0.0,0.0,0.0,0.0
511.0,256.0,766.0,510.0,255.0,1.9921875,235.55961798482414,471.11923596964823,0.543386855077369,0.0,0.0,1.0,inf,256.0,inf,214.0,1.0,213.0,0.0,0.0,0.0,0.0,0.0,0.0
512.0,256.0,766.0,510.0,255.0,1.9921875,235.55961798482414,471.11923596964823,0.543386855077369,0.0,0.0,1.0,inf,256.0,inf,216.0,0.0,216.0,0.0,0.0,0.0,0.0,0.0,0.0
513.0,257.0,769.0,512.0,256.0,1.9922178988326849,236.43201783664279,472.8640356732855,0.5434966091977614,0.0,0.0,1.0,inf,257.0,inf,217.0,1.0,216.0,0.0,0.0,0.0,0.0,0.0,0.0
514.0,257.0,769.0,512.0,256.0,1.9922178988326849,236.43201783664279,472.8640356732855,0.5434966091977614,0.0,0.0,1.0,inf,257.0,inf,217.0,0.0,217.0,0.0,0.0,0.0,0.0,0.0,0.0
515.0,258.0,772.0,514.0,257.0,1.9922480620155039,237.4245021806201,474.84900436124013,0.5433306116900419,0.0,0.0,1.0,inf,258.0,inf,212.0,1.0,211.0,0.0,0.0,0.0,0.0,0.0,0.0
516.0,258.0,772.0,514.0,257.0,1.9922480620155039,237.4245021806201,474.84900436124013,0.5433306116900419,0.0,0.0,1.0,inf,258.0,inf,214.0,0.0,214.0,0.0,0.0,0.0,0.0,0.0,0.0
517.0,259.0,775.0,516.0,258.0,1.9922779922779923,238.29357173863696,476.58714347727386,0.5434473076849805,0.0,0.0,1.0,inf,259.0,inf,216.0,1.0,215.0,0.0,0.0,0.0,0.0,0.0,0.0
518.0,259.0,775.0,516.0,258.0,1.9922779922779923,238.29357173863696,476.58714347727386,0.5434473076849805,0.0,0.0,1.0,inf,259.0,inf,213.0,0.0,213.0,0.0,0.0,0.0,0.0,0.0,0.0
519.0,260.0,778.0,518.0,259.0,1.9923076923076923,239.15126458595344,478.3025291719068,0.5435890135269457,0.0,0.0,1.0,inf,260.0,inf,215.0,1.0,214.0,0.0,0.0,0.0,0.0,0.0,0.0
520.0,260.0,778.0,518.0,259.0,1.9923076923076923,239.15126458595344,478.3025291719068,0.5435890135269457,0.0,0.0,1.0,inf,260.0,inf,213.0,0.0,213.0,0.0,0.0,0.0,0.0,0.0,0.0
521.0,261.0,781.0,520.0,260.0,1.9923371647509578,240.07678601979669,480.1535720395933,0.5435760873158266,0.0,0.0,1.0,inf,261.0,inf,216.0,1.0,215.0,0.0,0.0,0.0,0.0,0.0,0.0
522.0,261.0,781.0,520.0,260.0,1.9923371647509578,240.07678601979669,480.1535720395933,0.5435760873158266,0.0,0.0,1.0,inf,261.0,inf,216.0,0.0,216.0,0.0,0.0,0.0,0.0,0.0,0.0
523.0,262.0,784.0,522.0,261.0,1.9923664122137406,241.05185560134055,482.10371120268104,0.5434515310956665,0.0,0.0,1.0,inf,262.0,inf,214.0,1.0,213.0,0.0,0.0,0.0,0.0,0.0,0.0
524.0,262.0,784.0,522.0,261.0,1.9923664122137406,241.05185560134055,482.10371120268104,0.5434515310956665,0.0,0.0,1.0,inf,262.0,inf,215.0,0.0,215.0,0.0,0.0,0.0,0.0,0.0,0.0
525.0,263.0,787.0,524.0,262.0,1.9923954372623573,241.90384383329194,483.80768766658383,0.5436044252799193,0.0,0.0,1.0,inf,263.0,inf,216.0,1.0,215.0,0.0,0.0,0.0,0.0,0.0,0.0
526.0,263.0,787.0,524.0,262.0,1.9923954372623573,241.90384383329194,483.80768766658383,0.5436044252799193,0.0,0.0,1.0,inf,263.0,inf,216.0,0.0,216.0,0.0,0.0,0.0,0.0,0.0,0.0
527.0,264.0,790.0,526.0,263.0,1.9924242424242424,242.8626570081675,485.72531401633495,0.5435170710314713,0.0,0.0,1.0,inf,264.0,inf,217.0,1.0,216.0,0.0,0.0,0.0,0.0,0.0,0.0
528.0,264.0,790.0,526.0,263.0,1.9924242424242424,242.8626570081675,485.72531401633495,0.5435170710314713,0.0,0.0,1.0,inf,264.0,inf,215.0,0.0,215.0,0.0,0.0,0.0,0.0,0.0,0.0
529.0,265.0,793.0,528.0,264.0,1.9924528301886792,243.74619467141827,487.4923893428365,0.5435982300302841,0.0,0.0,1.0,inf,265.0,inf,214.0,1.0,213.0,0.0,0.0,0.0,0.0,0.0,0.0
530.0,265.0,793.0,528.0,264.0,1.9924528301886792,243.74619467141827,487.4923893428365,0.5435982300302841,0.0,0.0,1.0,inf,265.0,inf,213.0,0.0,213.0,0.0,0.0,0.0,0.0,0.0,0.0
531.0,266.0,796.0,530.0,265.0,1.9924812030075187,244.70448131937272,489.4089626387454,0.5435127272001892,0.0,0.0,1.0,inf,266.0,inf,218.0,1.0,217.0,0.0,0.0,0.0,0.0,0.0,0.0
532.0,266.0,796.0,530.0,265.0,1.9924812030075187,244.70448131937272,489.4089626387454,0.5435127272001892,0.0,0.0,1.0,inf,266.0,inf,217.0,0.0,217.0,0.0,0.0,0.0,0.0,0.0,0.0
533.0,267.0,799.0,532.0,266.0,1.9925093632958801,245.60378901160624,491.2075780232124,0.5435583894582805,0.0,0.0,1.0,inf,267.0,inf,215.0,1.0,214.0,0.0,0.0,0.0,0.0,0.0,0.0
534.0,267.0,799.0,532.0,266.0,1.9925093632958801,245.60378901160624,491.2075780232124,0.5435583894582805,0.0,0.0,1.0,inf,267.0,inf,219.0,0.0,219.0,0.0,0.0,0.0,0.0,0.0,0.0
535.0,268.0,802.0,534.0,267.0,1.992537313432836,246.5674309407007,493.1348618814013,0.5434618817609651,0.0,0.0,1.0,inf,268.0,inf,217.0,1.0,216.0,0.0,0.0,0.0,0.0,0.0,0.0
536.0,268.0,802.0,534.0,267.0,1.992537313432836,246.5674309407007,493.1348618814013,0.5434618817609651,0.0,0.0,1.0,inf,268.0,inf,217.0,0.0,217.0,0.0,0.0,0.0,0.0,0.0,0.0
537.0,269.0,805.0,536.0,268.0,1.9925650557620818,247.52095944703404,495.04191889406803,0.5433883267925078,0.0,0.0,1.0,inf,269.0,inf,219.0,1.0,218.0,0.0,0.0,0.0,0.0,0.0,0.0
538.0,269.0,805.0,536.0,268.0,1.9925650557620818,247.52095944703404,495.04191889406803,0.5433883267925078,0.0,0.0,1.0,inf,269.0,inf,214.0,0.0,214.0,0.0,0.0,0.0,0.0,0.0,0.0
539.0,270.0,808.0,538.0,269.0,1.9925925925925927,248.40916349827268,496.8183269965453,0.5434582126473718,0.0,0.0,1.0,inf,270.0,inf,219.0,1.0,218.0,0.0,0.0,0.0,0.0,0.0,0.0
540.0,270.0,808.0,538.0,269.0,1.9925925925925927,248.40916349827268,496.8183269965453,0.5434582126473718,0.0,0.0,1.0,inf,270.0,inf,217.0,0.0,217.0,0.0,0.0,0.0,0.0,0.0,0.0
541.0,271.0,811.0,540.0,270.0,1.992619926199262,249.27507732413724,498.55015464827443,0.5435762028620563,0.0,0.0,1.0,inf,271.0,inf,215.0,1.0,214.0,0.0,0.0,0.0,0.0,0.0,0.0
542.0,271.0,811.0,540.0,270.0,1.992619926199262,249.27507732413724,498.55015464827443,0.5435762028620563,0.0,0.0,1.0,inf,271.0,inf,214.0,0.0,214.0,0.0,0.0,0.0,0.0,0.0,0.0
543.0,272.0,814.0,542.0,271.0,1.9926470588235294,250.18241109303304,500.364822186066,0.5436033628656131,0.0,0.0,1.0,inf,272.0,inf,217.0,1.0,216.0,0.0,0.0,0.0,0.0,0.0,0.0
544.0,272.0,814.0,542.0,271.0,1.9926470588235294,250.18241109303304,500.364822186066,0.5436033628656131,0.0,0.0,1.0,inf,272.0,inf,214.0,0.0,214.0,0.0,0.0,0.0,0.0,0.0,0.0
545.0,273.0,817.0,544.0,272.0,1.9926739926739927,251.11731779711934,502.2346355942386,0.5435706354202141,0.0,0.0,1.0,inf,273.0,inf,217.0,1.0,216.0,0.0,0.0,0.0,0.0,0.0,0.0
546.0,273.0,817.0,544.0,272.0,1.9926739926739927,251.11731779711934,502.2346355942386,0.5435706354202141,0.0,0.0,1.0,inf,273.0,inf,215.0,0.0,215.0,0.0,0.0,0.0,0.0,0.0,0.0
547.0,274.0,820.0,546.0,273.0,1.9927007299270072,252.10519180578228,504.2103836115645,0.5434239533850718,0.0,0.0,1.0,inf,274.0,inf,215.0,1.0,214.0,0.0,0.0,0.0,0.0,0.0,0.0
548.0,274.0,820.0,546.0,273.0,1.9927007299270072,252.10519180578228,504.2103836115645,0.5434239533850718,0.0,0.0,1.0,inf,274.0,inf,212.0,0.0,212.0,0.0,0.0,0.0,0.0,0.0,0.0
549.0,275.0,823.0,548.0,274.0,1.9927272727272727,253.01714383104382,506.0342876620876,0.543441436094219,0.0,0.0,1.0,inf,275.0,inf,215.0,1.0,214.0,0.0,0.0,0.0,0.0,0.0,0.0
550.0,275.0,823.0,548.0,274.0,1.9927272727272727,253.01714383104382,506.0342876620876,0.543441436094219,0.0,0.0,1.0,inf,275.0,inf,216.0,0.0,216.0,0.0,0.0,0.0,0.0,0.0,0.0
551.0,276.0,826.0,550.0,275.0,1.9927536231884058,253.90394013673267,507.8078802734653,0.5435126368093542,0.0,0.0,1.0,inf,276.0,inf,219.0,1.0,218.0,0.0,0.0,0.0,0.0,0.0,0.0
552.0,276.0,826.0,550.0,275.0,1.9927536231884058,253.90394013673267,507.8078802734653,0.5435126368093542,0.0,0.0,1.0,inf,276.0,inf,211.0,0.0,211.0,0.0,0.0,0.0,0.0,0.0,0.0
553.0,277.0,829.0,552.0,276.0,1.9927797833935017,254.7934541709114,509.5869083418227,0.5435775438214218,0.0,0.0,1.0,inf,277.0,inf,217.0,1.0,216.0,0.0,0.0,0.0,0.0,0.0,0.0
554.0,277.0,829.0,552.0,276.0,1.9927797833935017,254.7934541709114,509.5869083418227,0.5435775438214218,0.0,0.0,1.0,inf,277.0,inf,213.0,0.0,213.0,0.0,0.0,0.0,0.0,0.0,0.0
555.0,278.0,832.0,554.0,277.0,1.9928057553956835,255.65752236962035,511.31504473924065,0.5436961084174119,0.0,0.0,1.0,inf,278.0,inf,218.0,1.0,217.0,0.0,0.0,0.0,0.0,0.0,0.0
556.0,278.0,832.0,554.0,277.0,1.9928057553956835,255.65752236962035,511.31504473924065,0.5436961084174119,0.0,0.0,1.0,inf,278.0,inf,213.0,0.0,213.0,0.0,0.0,0.0,0.0,0.0,0.0
557.0,279.0,835.0,556.0,278.0,1.992831541218638,256.643262509103,513.2865250182059,0.5435560576816313,0.0,0.0,1.0,inf,279.0,inf,215.0,1.0,214.0,0.0,0.0,0.0,0.0,0.0,0.0
558.0,279.0,835.0,556.0,278.0,1.992831541218638,256.643262509103,513.2865250182059,0.5435560576816313,0.0,0.0,1.0,inf,279.0,inf,215.0,0.0,215.0,0.0,0.0,0.0,0.0,0.0,0.0
559.0,280.0,838.0,558.0,279.0,1.9928571428571429,257.4980020558816,514.9960041117631,0.5436935389099351,0.0,0.0,1.0,inf,280.0,inf,215.0,1.0,214.0,0.0,0.0,0.0,0.0,0.0,0.0
560.0,280.0,838.0,558.0,279.0,1.9928571428571429,257.4980020558816,514.9960041117631,0.5436935389099351,0.0,0.0,1.0,inf,280.0,inf,214.0,0.0,214.0,0.0,0.0,0.0,0.0,0.0,0.0
561.0,281.0,841.0,560.0,280.0,1.99288256227758,258.42674436671564,516.8534887334312,0.5436743799265069,0.0,0.0,1.0,inf,281.0,inf,219.0,1.0,218.0,0.0,0.0,0.0,0.0,0.0,0.0
562.0,281.0,841.0,560.0,280.0,1.99288256227758,258.42674436671564,516.8534887334312,0.5436743799265069,0.0,0.0,1.0,inf,281.0,inf,214.0,0.0,214.0,0.0,0.0,0.0,0.0,0.0,0.0
563.0,282.0,844.0,562.0,281.0,1.9929078014184398,259.29521194526865,518.5904238905372,0.5437817341176433,0.0,0.0,1.0,inf,282.0,inf,215.0,1.0,214.0,0.0,0.0,0.0,0.0,0.0,0.0
564.0,282.0,844.0,562.0,281.0,1.9929078014184398,259.29521194526865,518.5904238905372,0.5437817341176433,0.0,0.0,1.0,inf,282.0,inf,213.0,0.0,213.0,0.0,0.0,0.0,0.0,0.0,0.0
565.0,283.0,847.0,564.0,282.0,1.9929328621908127,260.2787561349464,520.5575122698926,0.5436479031221307,0.0,0.0,1.0,inf,283.0,inf,218.0,1.0,217.0,0.0,0.0,0.0,0.0,0.0,0.0
566.0,283.0,847.0,564.0,282.0,1.9929328621908127,260.2787561349464,520.5575122698926,0.5436479031221307,0.0,0.0,1.0,inf,283.0,inf,213.0,0.0,213.0,0.0,0.0,0.0,0.0,0.0,0.0
567.0,284.0,850.0,566.0,283.0,1.9929577464788732,261.2645571731588,522.5291143463174,0.5435103847855124,0.0,0.0,1.0,inf,284.0,inf,215.0,1.0,214.0,0.0,0.0,0.0,0.0,0.0,0.0
568.0,284.0,850.0,566.0,283.0,1.9929577464788732,261.2645571731588,522.5291143463174,0.5435103847855124,0.0,0.0,1.0,inf,284.0,inf,215.0,0.0,215.0,0.0,0.0,0.0,0.0,0.0,0.0
569.0,285.0,853.0,568.0,284.0,1.9929824561403509,262.12237379951915,524.2447475990382,0.5436392091771199,0.0,0.0,1.0,inf,285.0,inf,218.0,1.0,217.0,0.0,0.0,0.0,0.0,0.0,0.0
570.0,285.0,853.0,568.0,284.0,1.9929824561403509,262.12237379951915,524.2447475990382,0.5436392091771199,0.0,0.0,1.0,inf,285.0,inf,216.0,0.0,216.0,0.0,0.0,0.0,0.0,0.0,0.0
571.0,286.0,856.0,570.0,285.0,1.993006993006993,262.99801444758106,525.996028895162,0.5437303407037767,0.0,0.0,1.0,inf,286.0,inf,219.0,1.0,218.0,0.0,0.0,0.0,0.0,0.0,0.0
572.0,286.0,856.0,570.0,285.0,1.993006993006993,262.99801444758106,525.996028895162,0.5437303407037767,0.0,0.0,1.0,inf,286.0,inf,215.0,0.0,215.0,0.0,0.0,0.0,0.0,0.0,0.0
573.0,287.0,859.0,572.0,286.0,1.9930313588850175,263.92471741728184,527.8494348345636,0.5437156527219743,0.0,0.0,1.0,inf,287.0,inf,211.0,1.0,210.0,0.0,0.0,0.0,0.0,0.0,0.0
574.0,287.0,859.0,572.0,286.0,1.9930313588850175,263.92471741728184,527.8494348345636,0.5437156527219743,0.0,0.0,1.0,inf,287.0,inf,218.0,0.0,218.0,0.0,0.0,0.0,0.0,0.0,0.0
575.0,288.0,862.0,574.0,287.0,1.9930555555555556,264.80548615166674,529.6109723033334,0.5437953801211065,0.0,0.0,1.0,inf,288.0,inf,215.0,1.0,214.0,0.0,0.0,0.0,0.0,0.0,0.0
576.0,288.0,862.0,574.0,287.0,1.9930555555555556,264.80548615166674,529.6109723033334,0.5437953801211065,0.0,0.0,1.0,inf,288.0,inf,213.0,0.0,213.0,0.0,0.0,0.0,0.0,0.0,0.0
577.0,289.0,865.0,576.0,288.0,1.9930795847750864,265.75349677171954,531.506993543439,0.5437369658549576,0.0,0.0,1.0,inf,289.0,inf,211.0,1.0,210.0,0.0,0.0,0.0,0.0,0.0,0.0
578.0,289.0,865.0,576.0,288.0,1.9930795847750864,265.75349677171954,531.506993543439,0.5437369658549576,0.0,0.0,1.0,inf,289.0,inf,217.0,0.0,217.0,0.0,0.0,0.0,0.0,0.0,0.0
579.0,290.0,868.0,578.0,289.0,1.993103448275862,266.7032129749319,533.4064259498637,0.5436754900047978,0.0,0.0,1.0,inf,290.0,inf,218.0,1.0,217.0,0.0,0.0,0.0,0.0,0.0,0.0
580.0,290.0,868.0,578.0,289.0,1.993103448275862,266.7032129749319,533.4064259498637,0.5436754900047978,0.0,0.0,1.0,inf,290.0,inf,215.0,0.0,215.0,0.0,0.0,0.0,0.0,0.0,0.0
581.0,291.0,871.0,580.0,290.0,1.993127147766323,267.59355500323835,535.1871100064766,0.5437350686500623,0.0,0.0,1.0,inf,291.0,inf,218.0,1.0,217.0,0.0,0.0,0.0,0.0,0.0,0.0
582.0,291.0,871.0,580.0,290.0,1.993127147766323,267.59355500323835,535.1871100064766,0.5437350686500623,0.0,0.0,1.0,inf,291.0,inf,217.0,0.0,217.0,0.0,0.0,0.0,0.0,0.0,0.0
583.0,292.0,874.0,582.0,291.0,1.9931506849315068,268.4910901434631,536.9821802869261,0.5437796834225959,0.0,0.0,1.0,inf,292.0,inf,214.0,1.0,213.0,0.0,0.0,0.0,0.0,0.0,0.0
584.0,292.0,874.0,582.0,291.0,1.9931506849315068,268.4910901434631,536.9821802869261,0.5437796834225959,0.0,0.0,1.0,inf,292.0,inf,218.0,0.0,218.0,0.0,0.0,0.0,0.0,0.0,0.0
585.0,293.0,877.0,584.0,292.0,1.993174061433447,269.4740817216416,538.9481634432831,0.5436515417884604,0.0,0.0,1.0,inf,293.0,inf,214.0,1.0,213.0,0.0,0.0,0.0,0.0,0.0,0.0
586.0,293.0,877.0,584.0,292.0,1.993174061433447,269.4740817216416,538.9481634432831,0.5436515417884604,0.0,0.0,1.0,inf,293.0,inf,218.0,0.0,218.0,0.0,0.0,0.0,0.0,0.0,0.0
587.0,294.0,880.0,586.0,293.0,1.9931972789115646,270.3960539679193,540.7921079358384,0.5436469868655724,0.0,0.0,1.0,inf,294.0,inf,217.0,1.0,216.0,0.0,0.0,0.0,0.0,0.0,0.0
588.0,294.0,880.0,586.0,293.0,1.9931972789115646,270.3960539679193,540.7921079358384,0.5436469868655724,0.0,0.0,1.0,inf,294.0,inf,215.0,0.0,215.0,0.0,0.0,0.0,0.0,0.0,0.0
589.0,295.0,883.0,588.0,294.0,1.993220338983051,271.28683599270374,542.5736719854074,0.5437049662224195,0.0,0.0,1.0,inf,295.0,inf,217.0,1.0,216.0,0.0,0.0,0.0,0.0,0.0,0.0
590.0,295.0,883.0,588.0,294.0,1.993220338983051,271.28683599270374,542.5736719854074,0.5437049662224195,0.0,0.0,1.0,inf,295.0,inf,214.0,0.0,214.0,0.0,0.0,0.0,0.0,0.0,0.0
591.0,296.0,886.0,590.0,295.0,1.9932432432432432,272.2856798002964,544.5713596005927,0.5435467634895389,0.0,0.0,1.0,inf,296.0,inf,212.0,1.0,211.0,0.0,0.0,0.0,0.0,0.0,0.0
592.0,296.0,886.0,590.0,295.0,1.9932432432432432,272.2856798002964,544.5713596005927,0.5435467634895389,0.0,0.0,1.0,inf,296.0,inf,214.0,0.0,214.0,0.0,0.0,0.0,0.0,0.0,0.0
593.0,297.0,889.0,592.0,296.0,1.9932659932659933,273.1925961432368,546.3851922864735,0.5435725641779121,0.0,0.0,1.0,inf,297.0,inf,219.0,1.0,218.0,0.0,0.0,0.0,0.0,0.0,0.0
594.0,297.0,889.0,592.0,296.0,1.9932659932659933,273.1925961432368,546.3851922864735,0.5435725641779121,0.0,0.0,1.0,inf,297.0,inf,218.0,0.0,218.0,0.0,0.0,0.0,0.0,0.0,0.0
595.0,298.0,892.0,594.0,297.0,1.9932885906040267,274.1508210691952,548.3016421383903,0.5434964572380131,0.0,0.0,1.0,inf,298.0,inf,214.0,1.0,213.0,0.0,0.0,0.0,0.0,0.0,0.0
596.0,298.0,892.0,594.0,297.0,1.9932885906040267,274.1508210691952,548.3016421383903,0.5434964572380131,0.0,0.0,1.0,inf,298.0,inf,218.0,0.0,218.0,0.0,0.0,0.0,0.0,0.0,0.0
597.0,299.0,895.0,596.0,298.0,1.9933110367892977,275.1386374895924,550.2772749791847,0.5433624348948632,0.0,0.0,1.0,inf,299.0,inf,217.0,1.0,216.0,0.0,0.0,0.0,0.0,0.0,0.0
598.0,299.0,895.0,596.0,298.0,1.9933110367892977,275.1386374895924,550.2772749791847,0.5433624348948632,0.0,0.0,1.0,inf,299.0,inf,217.0,0.0,217.0,0.0,0.0,0.0,0.0,0.0,0.0
599.0,300.0,898.0,598.0,299.0,1.9933333333333334,276.0972016551126,552.1944033102251,0.5432869261289104,0.0,0.0,1.0,inf,300.0,inf,217.0,1.0,216.0,0.0,0.0,0.0,0.0,0.0,0.0
600.0,300.0,898.0,598.0,299.0,1.9933333333333334,276.0972016551126,552.1944033102251,0.5432869261289104,0.0,0.0,1.0,inf,300.0,inf,211.0,0.0,211.0,0.0,0.0,0.0,0.0,0.0,0.0
601.0,301.0,901.0,600.0,300.0,1.9933554817275747,277.072554958475,554.1451099169499,0.5431790240738767,0.0,0.0,1.0,inf,301.0,inf,218.0,1.0,217.0,0.0,0.0,0.0,0.0,0.0,0.0
602.0,301.0,901.0,600.0,300.0,1.9933554817275747,277.072554958475,554.1451099169499,0.5431790240738767,0.0,0.0,1.0,inf,301.0,inf,213.0,0.0,213.0,0.0,0.0,0.0,0.0,0.0,0.0
603.0,302.0,904.0,602.0,301.0,1.9933774834437086,278.02794345911695,556.0558869182338,0.5431108762713416,0.0,0.0,1.0,inf,302.0,inf,218.0,1.0,217.0,0.0,0.0,0.0,0.0,0.0,0.0
604.0,302.0,904.0,602.0,301.0,1.9933774834437086,278.02794345911695,556.0558869182338,0.5431108762713416,0.0,0.0,1.0,inf,302.0,inf,215.0,0.0,215.0,0.0,0.0,0.0,0.0,0.0,0.0
605.0,303.0,907.0,604.0,302.0,1.9933993399339933,278.92789202719496,557.8557840543898,0.5431511309210664,0.0,0.0,1.0,inf,303.0,inf,215.0,1.0,214.0,0.0,0.0,0.0,0.0,0.0,0.0
606.0,303.0,907.0,604.0,302.0,1.9933993399339933,278.92789202719496,557.8557840543898,0.5431511309210664,0.0,0.0,1.0,inf,303.0,inf,217.0,0.0,217.0,0.0,0.0,0.0,0.0,0.0,0.0
607.0,304.0,910.0,606.0,303.0,1.993421052631579,279.8097354706,559.6194709411999,0.5432262738977175,0.0,0.0,1.0,inf,304.0,inf,218.0,1.0,217.0,0.0,0.0,0.0,0.0,0.0,0.0
608.0,304.0,910.0,606.0,303.0,1.993421052631579,279.8097354706,559.6194709411999,0.5432262738977175,0.0,0.0,1.0,inf,304.0,inf,211.0,0.0,211.0,0.0,0.0,0.0,0.0,0.0,0.0
609.0,304.0,910.0,606.0,303.0,1.993421052631579,279.8097354706,559.6194709411999,0.5432262738977175,0.0,0.0,1.0,inf,304.0,inf,220.0,0.0,220.0,0.0,0.0,0.0,0.0,0.0,0.0
610.0,304.0,910.0,606.0,303.0,1.993421052631579,279.8097354706,559.6194709411999,0.5432262738977175,0.0,0.0,1.0,inf,304.0,inf,220.0,0.0,220.0,0.0,0.0,0.0,0.0,0.0,0.0
611.0,305.0,913.0,608.0,304.0,1.9934426229508198,280.73849426316633,561.4769885263325,0.5432101514979467,0.0,0.0,1.0,inf,305.0,inf,216.0,1.0,215.0,0.0,0.0,0.0,0.0,0.0,0.0
612.0,305.0,913.0,608.0,304.0,1.9934426229508198,280.73849426316633,561.4769885263325,0.5432101514979467,0.0,0.0,1.0,inf,305.0,inf,216.0,0.0,216.0,0.0,0.0,0.0,0.0,0.0,0.0
613.0,306.0,916.0,610.0,305.0,1.9934640522875817,281.67447836466505,563.34895672933,0.5431802017998989,0.0,0.0,1.0,inf,306.0,inf,217.0,1.0,216.0,0.0,0.0,0.0,0.0,0.0,0.0
614.0,306.0,916.0,610.0,305.0,1.9934640522875817,281.67447836466505,563.34895672933,0.5431802017998989,0.0,0.0,1.0,inf,306.0,inf,214.0,0.0,214.0,0.0,0.0,0.0,0.0,0.0,0.0
615.0,307.0,919.0,612.0,306.0,1.993485342019544,282.62803357403084,565.2560671480616,0.5431166825841168,0.0,0.0,1.0,inf,307.0,inf,214.0,1.0,213.0,0.0,0.0,0.0,0.0,0.0,0.0
616.0,307.0,919.0,612.0,306.0,1.993485342019544,282.62803357403084,565.2560671480616,0.5431166825841168,0.0,0.0,1.0,inf,307.0,inf,218.0,0.0,218.0,0.0,0.0,0.0,0.0,0.0,0.0
617.0,308.0,922.0,614.0,307.0,1.9935064935064934,283.49310579677206,566.986211593544,0.5432230867384766,0.0,0.0,1.0,inf,308.0,inf,216.0,1.0,215.0,0.0,0.0,0.0,0.0,0.0,0.0
618.0,308.0,922.0,614.0,307.0,1.9935064935064934,283.49310579677206,566.986211593544,0.5432230867384766,0.0,0.0,1.0,inf,308.0,inf,214.0,0.0,214.0,0.0,0.0,0.0,0.0,0.0,0.0
619.0,309.0,925.0,616.0,308.0,1.993527508090615,284.47945148773425,568.9589029754684,0.543097222635996,0.0,0.0,1.0,inf,309.0,inf,220.0,1.0,219.0,0.0,0.0,0.0,0.0,0.0,0.0
620.0,309.0,925.0,616.0,308.0,1.993527508090615,284.47945148773425,568.9589029754684,0.543097222635996,0.0,0.0,1.0,inf,309.0,inf,212.0,0.0,212.0,0.0,0.0,0.0,0.0,0.0,0.0
621.0,310.0,928.0,618.0,309.0,1.9935483870967743,285.39131105226716,570.7826221045342,0.5431139421466584,0.0,0.0,1.0,inf,310.0,inf,218.0,1.0,217.0,0.0,0.0,0.0,0.0,0.0,0.0
622.0,310.0,928.0,618.0,309.0,1.9935483870967743,285.39131105226716,570.7826221045342,0.5431139421466584,0.0,0.0,1.0,inf,310.0,inf,217.0,0.0,217.0,0.0,0.0,0.0,0.0,0.0,0.0
623.0,311.0,931.0,620.0,310.0,1.9935691318327975,286.2557264030024,572.5114528060047,0.5432205739740585,0.0,0.0,1.0,inf,311.0,inf,215.0,1.0,214.0,0.0,0.0,0.0,0.0,0.0,0.0
624.0,311.0,931.0,620.0,310.0,1.9935691318327975,286.2557264030024,572.5114528060047,0.5432205739740585,0.0,0.0,1.0,inf,311.0,inf,214.0,0.0,214.0,0.0,0.0,0.0,0.0,0.0,0.0
625.0,312.0,934.0,622.0,311.0,1.9935897435897436,287.18678194354516,574.3735638870902,0.543200487655683,0.0,0.0,1.0,inf,312.0,inf,218.0,1.0,217.0,0.0,0.0,0.0,0.0,0.0,0.0
626.0,312.0,934.0,622.0,311.0,1.9935897435897436,287.18678194354516,574.3735638870902,0.543200487655683,0.0,0.0,1.0,inf,312.0,inf,214.0,0.0,214.0,0.0,0.0,0.0,0.0,0.0,0.0
627.0,313.0,937.0,624.0,312.0,1.9936102236421724,288.0724259125104,576.1448518250207,0.5432661578221657,0.0,0.0,1.0,inf,313.0,inf,219.0,1.0,218.0,0.0,0.0,0.0,0.0,0.0,0.0
628.0,313.0,937.0,624.0,312.0,1.9936102236421724,288.0724259125104,576.1448518250207,0.5432661578221657,0.0,0.0,1.0,inf,313.0,inf,213.0,0.0,213.0,0.0,0.0,0.0,0.0,0.0,0.0
629.0,314.0,940.0,626.0,313.0,1.9936305732484076,289.05832809997986,578.1166561999596,0.5431429740564219,0.0,0.0,1.0,inf,314.0,inf,215.0,1.0,214.0,0.0,0.0,0.0,0.0,0.0,0.0
630.0,314.0,940.0,626.0,313.0,1.9936305732484076,289.05832809997986,578.1166561999596,0.5431429740564219,0.0,0.0,1.0,inf,314.0,inf,216.0,0.0,216.0,0.0,0.0,0.0,0.0,0.0,0.0
631.0,314.0,940.0,626.0,313.0,1.9936305732484076,289.05832809997986,578.1166561999596,0.5431429740564219,0.0,0.0,1.0,inf,314.0,inf,220.0,0.0,220.0,0.0,0.0,0.0,0.0,0.0,0.0
632.0,314.0,940.0,626.0,313.0,1.9936305732484076,289.05832809997986,578.1166561999596,0.5431429740564219,0.0,0.0,1.0,inf,314.0,inf,220.0,0.0,220.0,0.0,0.0,0.0,0.0,0.0,0.0
633.0,315.0,943.0,628.0,314.0,1.9936507936507937,289.962028464763,579.9240569295259,0.5431745695596824,0.0,0.0,1.0,inf,315.0,inf,218.0,1.0,217.0,0.0,0.0,0.0,0.0,0.0,0.0
634.0,315.0,943.0,628.0,314.0,1.9936507936507937,289.962028464763,579.9240569295259,0.5431745695596824,0.0,0.0,1.0,inf,315.0,inf,215.0,0.0,215.0,0.0,0.0,0.0,0.0,0.0,0.0
635.0,316.0,946.0,630.0,315.0,1.9936708860759493,290.8143154061582,581.6286308123163,0.5433020027894208,0.0,0.0,1.0,inf,316.0,inf,213.0,1.0,212.0,0.0,0.0,0.0,0.0,0.0,0.0
636.0,316.0,946.0,630.0,315.0,1.9936708860759493,290.8143154061582,581.6286308123163,0.5433020027894208,0.0,0.0,1.0,inf,316.0,inf,216.0,0.0,216.0,0.0,0.0,0.0,0.0,0.0,0.0
637.0,317.0,949.0,632.0,316.0,1.9936908517350158,291.7649737911045,583.5299475822089,0.5432454689145845,0.0,0.0,1.0,inf,317.0,inf,213.0,1.0,212.0,0.0,0.0,0.0,0.0,0.0,0.0
638.0,317.0,949.0,632.0,316.0,1.9936908517350158,291.7649737911045,583.5299475822089,0.5432454689145845,0.0,0.0,1.0,inf,317.0,inf,217.0,0.0,217.0,0.0,0.0,0.0,0.0,0.0,0.0
639.0,318.0,952.0,634.0,317.0,1.9937106918238994,292.7431246913522,585.4862493827043,0.5431382894735393,0.0,0.0,1.0,inf,318.0,inf,216.0,1.0,215.0,0.0,0.0,0.0,0.0,0.0,0.0
640.0,318.0,952.0,634.0,317.0,1.9937106918238994,292.7431246913522,585.4862493827043,0.5431382894735393,0.0,0.0,1.0,inf,318.0,inf,219.0,0.0,219.0,0.0,0.0,0.0,0.0,0.0,0.0
641.0,319.0,955.0,636.0,318.0,1.993730407523511,293.6184366323372,587.2368732646743,0.5432220191258718,0.0,0.0,1.0,inf,319.0,inf,216.0,1.0,215.0,0.0,0.0,0.0,0.0,0.0,0.0
642.0,319.0,955.0,636.0,318.0,1.993730407523511,293.6184366323372,587.2368732646743,0.5432220191258718,0.0,0.0,1.0,inf,319.0,inf,213.0,0.0,213.0,0.0,0.0,0.0,0.0,0.0,0.0
643.0,320.0,958.0,638.0,319.0,1.99375,294.5624695375676,589.1249390751351,0.5431784987788273,0.0,0.0,1.0,inf,320.0,inf,217.0,1.0,216.0,0.0,0.0,0.0,0.0,0.0,0.0
644.0,320.0,958.0,638.0,319.0,1.99375,294.5624695375676,589.1249390751351,0.5431784987788273,0.0,0.0,1.0,inf,320.0,inf,217.0,0.0,217.0,0.0,0.0,0.0,0.0,0.0,0.0
645.0,321.0,961.0,640.0,320.0,1.9937694704049844,295.54850621422014,591.0970124284402,0.543058065343988,0.0,0.0,1.0,inf,321.0,inf,216.0,1.0,215.0,0.0,0.0,0.0,0.0,0.0,0.0
646.0,321.0,961.0,640.0,320.0,1.9937694704049844,295.54850621422014,591.0970124284402,0.543058065343988,0.0,0.0,1.0,inf,321.0,inf,215.0,0.0,215.0,0.0,0.0,0.0,0.0,0.0,0.0
647.0,322.0,964.0,642.0,321.0,1.9937888198757765,296.5230385639378,593.0460771278755,0.5429594974465514,0.0,0.0,1.0,inf,322.0,inf,220.0,1.0,219.0,0.0,0.0,0.0,0.0,0.0,0.0
648.0,322.0,964.0,642.0,321.0,1.9937888198757765,296.5230385639378,593.0460771278755,0.5429594974465514,0.0,0.0,1.0,inf,322.0,inf,213.0,0.0,213.0,0.0,0.0,0.0,0.0,0.0,0.0
649.0,323.0,967.0,644.0,322.0,1.9938080495356036,297.5037137679597,595.0074275359193,0.5428503663183284,0.0,0.0,1.0,inf,323.0,inf,220.0,1.0,219.0,0.0,0.0,0.0,0.0,0.0,0.0
650.0,323.0,967.0,644.0,322.0,1.9938080495356036,297.5037137679597,595.0074275359193,0.5428503663183284,0.0,0.0,1.0,inf,323.0,inf,215.0,0.0,215.0,0.0,0.0,0.0,0.0,0.0,0.0
651.0,324.0,970.0,646.0,323.0,1.9938271604938271,298.3810144097251,596.76202881945,0.5429299860799722,0.0,0.0,1.0,inf,324.0,inf,212.0,1.0,211.0,0.0,0.0,0.0,0.0,0.0,0.0
652.0,324.0,970.0,646.0,323.0,1.9938271604938271,298.3810144097251,596.76202881945,0.5429299860799722,0.0,0.0,1.0,inf,324.0,inf,217.0,0.0,217.0,0.0,0.0,0.0,0.0,0.0,0.0
653.0,324.0,970.0,646.0,323.0,1.9938271604938271,298.3810144097251,596.76202881945,0.5429299860799722,0.0,0.0,1.0,inf,324.0,inf,220.0,0.0,220.0,0.0,0.0,0.0,0.0,0.0,0.0
654.0,325.0,973.0,648.0,324.0,1.9938461538461538,299.3139346447676,598.627869289535,0.5429082351039174,0.0,0.0,1.0,inf,325.0,inf,215.0,1.0,214.0,0.0,0.0,0.0,0.0,0.0,0.0
655.0,325.0,973.0,648.0,324.0,1.9938461538461538,299.3139346447676,598.627869289535,0.5429082351039174,0.0,0.0,1.0,inf,325.0,inf,213.0,0.0,213.0,0.0,0.0,0.0,0.0,0.0,0.0
656.0,326.0,976.0,650.0,325.0,1.9938650306748467,300.18618072801564,600.3723614560312,0.5429963484817663,0.0,0.0,1.0,inf,326.0,inf,219.0,1.0,218.0,0.0,0.0,0.0,0.0,0.0,0.0
657.0,326.0,976.0,650.0,325.0,1.9938650306748467,300.18618072801564,600.3723614560312,0.5429963484817663,0.0,0.0,1.0,inf,326.0,inf,215.0,0.0,215.0,0.0,0.0,0.0,0.0,0.0,0.0
658.0,327.0,979.0,652.0,326.0,1.9938837920489296,301.16915021589637,602.3383004317926,0.5428842890541521,0.0,0.0,1.0,inf,327.0,inf,214.0,1.0,213.0,0.0,0.0,0.0,0.0,0.0,0.0
659.0,327.0,979.0,652.0,326.0,1.9938837920489296,301.16915021589637,602.3383004317926,0.5428842890541521,0.0,0.0,1.0,inf,327.0,inf,220.0,0.0,220.0,0.0,0.0,0.0,0.0,0.0,0.0
660.0,328.0,982.0,654.0,327.0,1.9939024390243902,302.02385642373963,604.0477128474791,0.5430034631764583,0.0,0.0,1.0,inf,328.0,inf,218.0,1.0,217.0,0.0,0.0,0.0,0.0,0.0,0.0
661.0,328.0,982.0,654.0,327.0,1.9939024390243902,302.02385642373963,604.0477128474791,0.5430034631764583,0.0,0.0,1.0,inf,328.0,inf,213.0,0.0,213.0,0.0,0.0,0.0,0.0,0.0,0.0
662.0,329.0,985.0,656.0,328.0,1.993920972644377,302.9812219158206,605.962443831641,0.5429379383970675,0.0,0.0,1.0,inf,329.0,inf,216.0,1.0,215.0,0.0,0.0,0.0,0.0,0.0,0.0
663.0,329.0,985.0,656.0,328.0,1.993920972644377,302.9812219158206,605.962443831641,0.5429379383970675,0.0,0.0,1.0,inf,329.0,inf,213.0,0.0,213.0,0.0,0.0,0.0,0.0,0.0,0.0
664.0,329.0,985.0,656.0,328.0,1.993920972644377,302.9812219158206,605.962443831641,0.5429379383970675,0.0,0.0,1.0,inf,329.0,inf,220.0,0.0,220.0,0.0,0.0,0.0,0.0,0.0,0.0
665.0,330.0,988.0,658.0,329.0,1.993939393939394,303.9752623475121,607.9505246950241,0.5428073282205705,0.0,0.0,1.0,inf,330.0,inf,219.0,1.0,218.0,0.0,0.0,0.0,0.0,0.0,0.0
666.0,330.0,988.0,658.0,329.0,1.993939393939394,303.9752623475121,607.9505246950241,0.5428073282205705,0.0,0.0,1.0,inf,330.0,inf,218.0,0.0,218.0,0.0,0.0,0.0,0.0,0.0,0.0
667.0,331.0,991.0,660.0,330.0,1.9939577039274925,304.8772505570547,609.7545011141093,0.5428414212526768,0.0,0.0,1.0,inf,331.0,inf,215.0,1.0,214.0,0.0,0.0,0.0,0.0,0.0,0.0
668.0,331.0,991.0,660.0,330.0,1.9939577039274925,304.8772505570547,609.7545011141093,0.5428414212526768,0.0,0.0,1.0,inf,331.0,inf,217.0,0.0,217.0,0.0,0.0,0.0,0.0,0.0,0.0
669.0,331.0,991.0,660.0,330.0,1.9939577039274925,304.8772505570547,609.7545011141093,0.5428414212526768,0.0,0.0,1.0,inf,331.0,inf,220.0,0.0,220.0,0.0,0.0,0.0,0.0,0.0,0.0
670.0,332.0,994.0,662.0,331.0,1.9939759036144578,305.81352035425755,611.627040708515,0.5428144570184599,0.0,0.0,1.0,inf,332.0,inf,218.0,1.0,217.0,0.0,0.0,0.0,0.0,0.0,0.0
671.0,332.0,994.0,662.0,331.0,1.9939759036144578,305.81352035425755,611.627040708515,0.5428144570184599,0.0,0.0,1.0,inf,332.0,inf,213.0,0.0,213.0,0.0,0.0,0.0,0.0,0.0,0.0
672.0,333.0,997.0,664.0,332.0,1.993993993993994,306.7649385348761,613.529877069752,0.5427608539463863,0.0,0.0,1.0,inf,333.0,inf,220.0,1.0,219.0,0.0,0.0,0.0,0.0,0.0,0.0
673.0,333.0,997.0,664.0,332.0,1.993993993993994,306.7649385348761,613.529877069752,0.5427608539463863,0.0,0.0,1.0,inf,333.0,inf,216.0,0.0,216.0,0.0,0.0,0.0,0.0,0.0,0.0
674.0,334.0,1000.0,666.0,333.0,1.9940119760479043,307.75244417910943,615.5048883582187,0.5426439437238307,0.0,0.0,1.0,inf,334.0,inf,216.0,1.0,215.0,0.0,0.0,0.0,0.0,0.0,0.0
675.0,334.0,1000.0,666.0,333.0,1.9940119760479043,307.75244417910943,615.5048883582187,0.5426439437238307,0.0,0.0,1.0,inf,334.0,inf,215.0,0.0,215.0,0.0,0.0,0.0,0.0,0.0,0.0
676.0,335.0,1003.0,668.0,334.0,1.9940298507462686,308.74521335018557,617.490426700371,0.5425185322954882,0.0,0.0,1.0,inf,335.0,inf,217.0,1.0,216.0,0.0,0.0,0.0,0.0,0.0,0.0
677.0,335.0,1003.0,668.0,334.0,1.9940298507462686,308.74521335018557,617.490426700371,0.5425185322954882,0.0,0.0,1.0,inf,335.0,inf,214.0,0.0,214.0,0.0,0.0,0.0,0.0,0.0,0.0
678.0,336.0,1006.0,670.0,335.0,1.994047619047619,309.6609735806018,619.3219471612035,0.5425288116142644,0.0,0.0,1.0,inf,336.0,inf,219.0,1.0,218.0,0.0,0.0,0.0,0.0,0.0,0.0
679.0,336.0,1006.0,670.0,335.0,1.994047619047619,309.6609735806018,619.3219471612035,0.5425288116142644,0.0,0.0,1.0,inf,336.0,inf,219.0,0.0,219.0,0.0,0.0,0.0,0.0,0.0,0.0
680.0,336.0,1006.0,670.0,335.0,1.994047619047619,309.6609735806018,619.3219471612035,0.5425288116142644,0.0,0.0,1.0,inf,336.0,inf,220.0,0.0,220.0,0.0,0.0,0.0,0.0,0.0,0.0
681.0,337.0,1009.0,672.0,336.0,1.9940652818991098,310.5655080267011,621.131016053402,0.5425586410758568,0.0,0.0,1.0,inf,337.0,inf,220.0,1.0,219.0,0.0,0.0,0.0,0.0,0.0,0.0
682.0,337.0,1009.0,672.0,336.0,1.9940652818991098,310.5655080267011,621.131016053402,0.5425586410758568,0.0,0.0,1.0,inf,337.0,inf,213.0,0.0,213.0,0.0,0.0,0.0,0.0,0.0,0.0
683.0,338.0,1012.0,674.0,337.0,1.9940828402366864,311.5451030283467,623.0902060566933,0.5424575714952681,0.0,0.0,1.0,inf,338.0,inf,218.0,1.0,217.0,0.0,0.0,0.0,0.0,0.0,0.0
684.0,338.0,1012.0,674.0,337.0,1.9940828402366864,311.5451030283467,623.0902060566933,0.5424575714952681,0.0,0.0,1.0,inf,338.0,inf,217.0,0.0,217.0,0.0,0.0,0.0,0.0,0.0,0.0
685.0,339.0,1015.0,676.0,338.0,1.9941002949852507,312.52744868649677,625.0548973729934,0.5423523620481389,0.0,0.0,1.0,inf,339.0,inf,218.0,1.0,217.0,0.0,0.0,0.0,0.0,0.0,0.0
686.0,339.0,1015.0,676.0,338.0,1.9941002949852507,312.52744868649677,625.0548973729934,0.5423523620481389,0.0,0.0,1.0,inf,339.0,inf,214.0,0.0,214.0,0.0,0.0,0.0,0.0,0.0,0.0
687.0,340.0,1018.0,678.0,339.0,1.9941176470588236,313.4764828225378,626.9529656450754,0.5423054337898731,0.0,0.0,1.0,inf,340.0,inf,217.0,1.0,216.0,0.0,0.0,0.0,0.0,0.0,0.0
688.0,340.0,1018.0,678.0,339.0,1.9941176470588236,313.4764828225378,626.9529656450754,0.5423054337898731,0.0,0.0,1.0,inf,340.0,inf,217.0,0.0,217.0,0.0,0.0,0.0,0.0,0.0,0.0
689.0,341.0,1021.0,680.0,340.0,1.9941348973607038,314.37746407335084,628.7549281467016,0.5423416735756187,0.0,0.0,1.0,inf,341.0,inf,216.0,1.0,215.0,0.0,0.0,0.0,0.0,0.0,0.0
690.0,341.0,1021.0,680.0,340.0,1.9941348973607038,314.37746407335084,628.7549281467016,0.5423416735756187,0.0,0.0,1.0,inf,341.0,inf,218.0,0.0,218.0,0.0,0.0,0.0,0.0,0.0,0.0
691.0,342.0,1024.0,682.0,341.0,1.9941520467836258,315.26682089407086,630.5336417881416,0.542397704633358,0.0,0.0,1.0,inf,342.0,inf,220.0,1.0,219.0,0.0,0.0,0.0,0.0,0.0,0.0
692.0,342.0,1024.0,682.0,341.0,1.9941520467836258,315.26682089407086,630.5336417881416,0.542397704633358,0.0,0.0,1.0,inf,342.0,inf,216.0,0.0,216.0,0.0,0.0,0.0,0.0,0.0,0.0
693.0,343.0,1027.0,684.0,342.0,1.9941690962099126,316.2281739570761,632.456347914152,0.5423299191022712,0.0,0.0,1.0,inf,343.0,inf,220.0,1.0,219.0,0.0,0.0,0.0,0.0,0.0,0.0
694.0,343.0,1027.0,684.0,342.0,1.9941690962099126,316.2281739570761,632.456347914152,0.5423299191022712,0.0,0.0,1.0,inf,343.0,inf,218.0,0.0,218.0,0.0,0.0,0.0,0.0,0.0,0.0
695.0,344.0,1030.0,686.0,343.0,1.994186046511628,317.12549313992577,634.2509862798514,0.5423720379493685,0.0,0.0,1.0,inf,344.0,inf,218.0,1.0,217.0,0.0,0.0,0.0,0.0,0.0,0.0
696.0,344.0,1030.0,686.0,343.0,1.994186046511628,317.12549313992577,634.2509862798514,0.5423720379493685,0.0,0.0,1.0,inf,344.0,inf,218.0,0.0,218.0,0.0,0.0,0.0,0.0,0.0,0.0
697.0,345.0,1033.0,688.0,344.0,1.9942028985507247,318.0459044772569,636.0918089545137,0.5423745364164414,0.0,0.0,1.0,inf,345.0,inf,216.0,1.0,215.0,0.0,0.0,0.0,0.0,0.0,0.0
698.0,345.0,1033.0,688.0,344.0,1.9942028985507247,318.0459044772569,636.0918089545137,0.5423745364164414,0.0,0.0,1.0,inf,345.0,inf,217.0,0.0,217.0,0.0,0.0,0.0,0.0,0.0,0.0
699.0,346.0,1036.0,690.0,345.0,1.9942196531791907,319.00661479004617,638.0132295800922,0.5423085038968856,0.0,0.0,1.0,inf,346.0,inf,211.0,1.0,210.0,0.0,0.0,0.0,0.0,0.0,0.0
700.0,346.0,1036.0,690.0,345.0,1.9942196531791907,319.00661479004617,638.0132295800922,0.5423085038968856,0.0,0.0,1.0,inf,346.0,inf,211.0,0.0,211.0,0.0,0.0,0.0,0.0,0.0,0.0
