t,site_subsystems,total_subsystems,interface_subsystems,n_links,mean_degree,frontier_radius,volume_proxy,density,energy_remaining,energy_density,creation_rate_modifier,memory_total,memory_bound,memory_free,birth_attempts,births_accepted,births_reject_exclusion,births_reject_memory,births_reject_energy,deaths_attempted,deaths_executed,links_attempted_random,links_added_random
0.0,2.0,4.0,2.0,1.0,1.0,0.11012624535058471,0.2202524907011694,9.080487551505275,0.0,0.0,1.0,inf,2.0,inf,0.0,0.0,0.0,0.0,0.0,0.0,0.0,0.0,0.0
1.0,2.0,4.0,2.0,1.0,1.0,0.11012624535058471,0.2202524907011694,9.080487551505275,0.0,0.0,1.0,inf,2.0,inf,0.0,0.0,0.0,0.0,0.0,0.0,0.0,0.0,0.0
2.0,3.0,7.0,4.0,2.0,1.3333333333333333,0.7662807868967152,1.5325615737934302,1.9575069943678243,0.0,0.0,1.0,inf,3.0,inf,1.0,1.0,0.0,0.0,0.0,0.0,0.0,0.0,0.0
3.0,3.0,7.0,4.0,2.0,1.3333333333333333,0.7662807868967152,1.5325615737934302,1.9575069943678243,0.0,0.0,1.0,inf,3.0,inf,0.0,0.0,0.0,0.0,0.0,0.0,0.0,0.0,0.0
4.0,4.0,10.0,6.0,3.0,1.5,1.714589207524062,3.4291784150481237,1.1664601592168442,0.0,0.0,1.0,inf,4.0,inf,2.0,1.0,1.0,0.0,0.0,0.0,0.0,0.0,0.0
5.0,4.0,10.0,6.0,3.0,1.5,1.714589207524062,3.4291784150481237,1.1664601592168442,0.0,0.0,1.0,inf,4.0,inf,0.0,0.0,0.0,0.0,0.0,0.0,0.0,0.0,0.0
6.0,5.0,13.0,8.0,4.0,1.6,2.6018775573761377,5.2037551147522745,0.9608445996671436,0.0,0.0,1.0,inf,5.0,inf,3.0,1.0,2.0,0.0,0.0,0.0,0.0,0.0,0.0
7.0,5.0,13.0,8.0,4.0,1.6,2.6018775573761377,5.2037551147522745,0.9608445996671436,0.0,0.0,1.0,inf,5.0,inf,0.0,0.0,0.0,0.0,0.0,0.0,0.0,0.0,0.0
8.0,6.0,16.0,10.0,5.0,1.6666666666666667,3.4896593593657492,6.979318718731498,0.8596827630033365,0.0,0.0,1.0,inf,6.0,inf,1.0,1.0,0.0,0.0,0.0,0.0,0.0,0.0,0.0
9.0,6.0,16.0,10.0,5.0,1.6666666666666667,3.4896593593657492,6.979318718731498,0.8596827630033365,0.0,0.0,1.0,inf,6.0,inf,0.0,0.0,0.0,0.0,0.0,0.0,0.0,0.0,0.0
10.0,7.0,19.0,12.0,6.0,1.7142857142857142,4.46676526400069,8.933530528001379,0.7835647931194846,0.0,0.0,1.0,inf,7.0,inf,1.0,1.0,0.0,0.0,0.0,0.0,0.0,0.0,0.0
11.0,7.0,19.0,12.0,6.0,1.7142857142857142,4.46676526400069,8.933530528001379,0.7835647931194846,0.0,0.0,1.0,inf,7.0,inf,0.0,0.0,0.0,0.0,0.0,0.0,0.0,0.0,0.0
12.0,8.0,22.0,14.0,7.0,1.75,5.4487630957065125,10.897526191413023,0.7341115643570372,0.0,0.0,1.0,inf,8.0,inf,1.0,1.0,0.0,0.0,0.0,0.0,0.0,0.0,0.0
13.0,8.0,22.0,14.0,7.0,1.75,5.4487630957065125,10.897526191413023,0.7341115643570372,0.0,0.0,1.0,inf,8.0,inf,0.0,0.0,0.0,0.0,0.0,0.0,0.0,0.0,0.0
14.0,9.0,25.0,16.0,8.0,1.7777777777777777,6.4395881214509885,12.879176242901975,0.6988024567922283,0.0,0.0,1.0,inf,9.0,inf,1.0,1.0,0.0,0.0,0.0,0.0,0.0,0.0,0.0
15.0,9.0,25.0,16.0,8.0,1.7777777777777777,6.4395881214509885,12.879176242901975,0.6988024567922283,0.0,0.0,1.0,inf,9.0,inf,0.0,0.0,0.0,0.0,0.0,0.0,0.0,0.0,0.0
16.0,10.0,28.0,18.0,9.0,1.8,7.31680042808732,14.633600856174638,0.6833588054153128,0.0,0.0,1.0,inf,10.0,inf,115.0,1.0,114.0,0.0,0.0,0.0,0.0,0.0,0.0
17.0,10.0,28.0,18.0,9.0,1.8,7.31680042808732,14.633600856174638,0.6833588054153128,0.0,0.0,1.0,inf,10.0,inf,106.0,0.0,106.0,0.0,0.0,0.0,0.0,0.0,0.0
18.0,11.0,31.0,20.0,10.0,1.8181818181818181,8.202970063699023,16.405940127398043,0.6704888543162435,0.0,0.0,1.0,inf,11.0,inf,122.0,1.0,121.0,0.0,0.0,0.0,0.0,0.0,0.0
19.0,11.0,31.0,20.0,10.0,1.8181818181818181,8.202970063699023,16.405940127398043,0.6704888543162435,0.0,0.0,1.0,inf,11.0,inf,102.0,0.0,102.0,0.0,0.0,0.0,0.0,0.0,0.0
20.0,12.0,34.0,22.0,11.0,1.8333333333333333,9.179993186115738,18.35998637223147,0.6535952563749926,0.0,0.0,1.0,inf,12.0,inf,116.0,1.0,115.0,0.0,0.0,0.0,0.0,0.0,0.0
21.0,12.0,34.0,22.0,11.0,1.8333333333333333,9.179993186115738,18.35998637223147,0.6535952563749926,0.0,0.0,1.0,inf,12.0,inf,114.0,0.0,114.0,0.0,0.0,0.0,0.0,0.0,0.0
22.0,13.0,37.0,24.0,12.0,1.8461538461538463,10.13097741504469,20.261954830089376,0.6415965344417194,0.0,0.0,1.0,inf,13.0,inf,114.0,1.0,113.0,0.0,0.0,0.0,0.0,0.0,0.0
23.0,13.0,37.0,24.0,12.0,1.8461538461538463,10.13097741504469,20.261954830089376,0.6415965344417194,0.0,0.0,1.0,inf,13.0,inf,106.0,0.0,106.0,0.0,0.0,0.0,0.0,0.0,0.0
24.0,14.0,40.0,26.0,13.0,1.8571428571428572,11.082471568987138,22.164943137974273,0.6316280584548121,0.0,0.0,1.0,inf,14.0,inf,110.0,1.0,109.0,0.0,0.0,0.0,0.0,0.0,0.0
25.0,14.0,40.0,26.0,13.0,1.8571428571428572,11.082471568987138,22.164943137974273,0.6316280584548121,0.0,0.0,1.0,inf,14.0,inf,106.0,0.0,106.0,0.0,0.0,0.0,0.0,0.0,0.0
26.0,15.0,43.0,28.0,14.0,1.8666666666666667,11.967733420783683,23.93546684156736,0.6266850819868011,0.0,0.0,1.0,inf,15.0,inf,104.0,1.0,103.0,0.0,0.0,0.0,0.0,0.0,0.0
27.0,15.0,43.0,28.0,14.0,1.8666666666666667,11.967733420783683,23.93546684156736,0.6266850819868011,0.0,0.0,1.0,inf,15.0,inf,128.0,0.0,128.0,0.0,0.0,0.0,0.0,0.0,0.0
28.0,16.0,46.0,30.0,15.0,1.875,12.826359538984427,25.65271907796885,0.6237155582365213,0.0,0.0,1.0,inf,16.0,inf,156.0,1.0,155.0,0.0,0.0,0.0,0.0,0.0,0.0
29.0,16.0,46.0,30.0,15.0,1.875,12.826359538984427,25.65271907796885,0.6237155582365213,0.0,0.0,1.0,inf,16.0,inf,138.0,0.0,138.0,0.0,0.0,0.0,0.0,0.0,0.0
30.0,17.0,49.0,32.0,16.0,1.8823529411764706,13.690282040259154,27.380564080518305,0.6208783701463537,0.0,0.0,1.0,inf,17.0,inf,150.0,1.0,149.0,0.0,0.0,0.0,0.0,0.0,0.0
31.0,17.0,49.0,32.0,16.0,1.8823529411764706,13.690282040259154,27.380564080518305,0.6208783701463537,0.0,0.0,1.0,inf,17.0,inf,145.0,0.0,145.0,0.0,0.0,0.0,0.0,0.0,0.0
32.0,18.0,52.0,34.0,17.0,1.8888888888888888,14.541581932151779,29.083163864303554,0.618914781211031,0.0,0.0,1.0,inf,18.0,inf,149.0,1.0,148.0,0.0,0.0,0.0,0.0,0.0,0.0
33.0,18.0,52.0,34.0,17.0,1.8888888888888888,14.541581932151779,29.083163864303554,0.618914781211031,0.0,0.0,1.0,inf,18.0,inf,151.0,0.0,151.0,0.0,0.0,0.0,0.0,0.0,0.0
34.0,19.0,55.0,36.0,18.0,1.894736842105263,15.493578053879178,30.987156107758352,0.6131572685769285,0.0,0.0,1.0,inf,19.0,inf,160.0,1.0,159.0,0.0,0.0,0.0,0.0,0.0,0.0
35.0,19.0,55.0,36.0,18.0,1.894736842105263,15.493578053879178,30.987156107758352,0.6131572685769285,0.0,0.0,1.0,inf,19.0,inf,135.0,0.0,135.0,0.0,0.0,0.0,0.0,0.0,0.0
36.0,20.0,58.0,38.0,19.0,1.9,16.4070842295634,32.81416845912679,0.6094928178634765,0.0,0.0,1.0,inf,20.0,inf,140.0,1.0,139.0,0.0,0.0,0.0,0.0,0.0,0.0
37.0,20.0,58.0,38.0,19.0,1.9,16.4070842295634,32.81416845912679,0.6094928178634765,0.0,0.0,1.0,inf,20.0,inf,143.0,0.0,143.0,0.0,0.0,0.0,0.0,0.0,0.0
38.0,21.0,61.0,40.0,20.0,1.9047619047619047,17.407030889234882,34.81406177846976,0.6032045365354967,0.0,0.0,1.0,inf,21.0,inf,162.0,1.0,161.0,0.0,0.0,0.0,0.0,0.0,0.0
39.0,21.0,61.0,40.0,20.0,1.9047619047619047,17.407030889234882,34.81406177846976,0.6032045365354967,0.0,0.0,1.0,inf,21.0,inf,147.0,0.0,147.0,0.0,0.0,0.0,0.0,0.0,0.0
40.0,22.0,64.0,42.0,21.0,1.9090909090909092,18.334619145018877,36.66923829003775,0.5999579218414508,0.0,0.0,1.0,inf,22.0,inf,150.0,1.0,149.0,0.0,0.0,0.0,0.0,0.0,0.0
41.0,22.0,64.0,42.0,21.0,1.9090909090909092,18.334619145018877,36.66923829003775,0.5999579218414508,0.0,0.0,1.0,inf,22.0,inf,145.0,0.0,145.0,0.0,0.0,0.0,0.0,0.0,0.0
42.0,23.0,67.0,44.0,22.0,1.9130434782608696,19.217052268935,38.43410453786999,0.5984268471075626,0.0,0.0,1.0,inf,23.0,inf,163.0,1.0,162.0,0.0,0.0,0.0,0.0,0.0,0.0
43.0,23.0,67.0,44.0,22.0,1.9130434782608696,19.217052268935,38.43410453786999,0.5984268471075626,0.0,0.0,1.0,inf,23.0,inf,159.0,0.0,159.0,0.0,0.0,0.0,0.0,0.0,0.0
44.0,24.0,70.0,46.0,23.0,1.9166666666666667,20.107302688973164,40.21460537794632,0.5967980979657106,0.0,0.0,1.0,inf,24.0,inf,164.0,1.0,163.0,0.0,0.0,0.0,0.0,0.0,0.0
45.0,24.0,70.0,46.0,23.0,1.9166666666666667,20.107302688973164,40.21460537794632,0.5967980979657106,0.0,0.0,1.0,inf,24.0,inf,168.0,0.0,168.0,0.0,0.0,0.0,0.0,0.0,0.0
46.0,25.0,73.0,48.0,24.0,1.92,21.045281600738157,42.09056320147631,0.5939573647501856,0.0,0.0,1.0,inf,25.0,inf,171.0,1.0,170.0,0.0,0.0,0.0,0.0,0.0,0.0
47.0,25.0,73.0,48.0,24.0,1.92,21.045281600738157,42.09056320147631,0.5939573647501856,0.0,0.0,1.0,inf,25.0,inf,169.0,0.0,169.0,0.0,0.0,0.0,0.0,0.0,0.0
48.0,26.0,76.0,50.0,25.0,1.9230769230769231,21.9498167716543,43.899633543308596,0.5922600691951118,0.0,0.0,1.0,inf,26.0,inf,177.0,1.0,176.0,0.0,0.0,0.0,0.0,0.0,0.0
49.0,26.0,76.0,50.0,25.0,1.9230769230769231,21.9498167716543,43.899633543308596,0.5922600691951118,0.0,0.0,1.0,inf,26.0,inf,168.0,0.0,168.0,0.0,0.0,0.0,0.0,0.0,0.0
50.0,27.0,79.0,52.0,26.0,1.9259259259259258,22.927077998513077,45.85415599702615,0.5888233991647578,0.0,0.0,1.0,inf,27.0,inf,168.0,1.0,167.0,0.0,0.0,0.0,0.0,0.0,0.0
51.0,27.0,79.0,52.0,26.0,1.9259259259259258,22.927077998513077,45.85415599702615,0.5888233991647578,0.0,0.0,1.0,inf,27.0,inf,161.0,0.0,161.0,0.0,0.0,0.0,0.0,0.0,0.0
52.0,28.0,82.0,54.0,27.0,1.9285714285714286,23.850302415840748,47.70060483168149,0.5869946533969971,0.0,0.0,1.0,inf,28.0,inf,163.0,1.0,162.0,0.0,0.0,0.0,0.0,0.0,0.0
53.0,28.0,82.0,54.0,27.0,1.9285714285714286,23.850302415840748,47.70060483168149,0.5869946533969971,0.0,0.0,1.0,inf,28.0,inf,162.0,0.0,162.0,0.0,0.0,0.0,0.0,0.0,0.0
54.0,29.0,85.0,56.0,28.0,1.9310344827586208,24.730036674480544,49.46007334896108,0.586331520282898,0.0,0.0,1.0,inf,29.0,inf,181.0,1.0,180.0,0.0,0.0,0.0,0.0,0.0,0.0
55.0,29.0,85.0,56.0,28.0,1.9310344827586208,24.730036674480544,49.46007334896108,0.586331520282898,0.0,0.0,1.0,inf,29.0,inf,170.0,0.0,170.0,0.0,0.0,0.0,0.0,0.0,0.0
56.0,30.0,88.0,58.0,29.0,1.9333333333333333,25.725167275354163,51.45033455070832,0.583086587521266,0.0,0.0,1.0,inf,30.0,inf,189.0,1.0,188.0,0.0,0.0,0.0,0.0,0.0,0.0
57.0,30.0,88.0,58.0,29.0,1.9333333333333333,25.725167275354163,51.45033455070832,0.583086587521266,0.0,0.0,1.0,inf,30.0,inf,168.0,0.0,168.0,0.0,0.0,0.0,0.0,0.0,0.0
58.0,31.0,91.0,60.0,30.0,1.935483870967742,26.614772673126534,53.22954534625306,0.5823833323833219,0.0,0.0,1.0,inf,31.0,inf,176.0,1.0,175.0,0.0,0.0,0.0,0.0,0.0,0.0
59.0,31.0,91.0,60.0,30.0,1.935483870967742,26.614772673126534,53.22954534625306,0.5823833323833219,0.0,0.0,1.0,inf,31.0,inf,179.0,0.0,179.0,0.0,0.0,0.0,0.0,0.0,0.0
60.0,32.0,94.0,62.0,31.0,1.9375,27.516847642694756,55.033695285389506,0.5814619540639032,0.0,0.0,1.0,inf,32.0,inf,184.0,1.0,183.0,0.0,0.0,0.0,0.0,0.0,0.0
61.0,32.0,94.0,62.0,31.0,1.9375,27.516847642694756,55.033695285389506,0.5814619540639032,0.0,0.0,1.0,inf,32.0,inf,180.0,0.0,180.0,0.0,0.0,0.0,0.0,0.0,0.0
62.0,33.0,97.0,64.0,32.0,1.9393939393939394,28.464431817085313,56.92886363417062,0.5796708013014384,0.0,0.0,1.0,inf,33.0,inf,184.0,1.0,183.0,0.0,0.0,0.0,0.0,0.0,0.0
63.0,33.0,97.0,64.0,32.0,1.9393939393939394,28.464431817085313,56.92886363417062,0.5796708013014384,0.0,0.0,1.0,inf,33.0,inf,178.0,0.0,178.0,0.0,0.0,0.0,0.0,0.0,0.0
64.0,34.0,100.0,66.0,33.0,1.9411764705882353,29.392671972192684,58.78534394438536,0.5783754541296235,0.0,0.0,1.0,inf,34.0,inf,175.0,1.0,174.0,0.0,0.0,0.0,0.0,0.0,0.0
65.0,34.0,100.0,66.0,33.0,1.9411764705882353,29.392671972192684,58.78534394438536,0.5783754541296235,0.0,0.0,1.0,inf,34.0,inf,180.0,0.0,180.0,0.0,0.0,0.0,0.0,0.0,0.0
66.0,35.0,103.0,68.0,34.0,1.9428571428571428,30.318146163659176,60.636292327318344,0.5772120731107354,0.0,0.0,1.0,inf,35.0,inf,174.0,1.0,173.0,0.0,0.0,0.0,0.0,0.0,0.0
67.0,35.0,103.0,68.0,34.0,1.9428571428571428,30.318146163659176,60.636292327318344,0.5772120731107354,0.0,0.0,1.0,inf,35.0,inf,176.0,0.0,176.0,0.0,0.0,0.0,0.0,0.0,0.0
68.0,36.0,106.0,70.0,35.0,1.9444444444444444,31.24787035336259,62.49574070672517,0.5760392563220879,0.0,0.0,1.0,inf,36.0,inf,186.0,1.0,185.0,0.0,0.0,0.0,0.0,0.0,0.0
69.0,36.0,106.0,70.0,35.0,1.9444444444444444,31.24787035336259,62.49574070672517,0.5760392563220879,0.0,0.0,1.0,inf,36.0,inf,184.0,0.0,184.0,0.0,0.0,0.0,0.0,0.0,0.0
70.0,37.0,109.0,72.0,36.0,1.945945945945946,32.23604588500142,64.47209177000282,0.5738917256166199,0.0,0.0,1.0,inf,37.0,inf,196.0,1.0,195.0,0.0,0.0,0.0,0.0,0.0,0.0
71.0,37.0,109.0,72.0,36.0,1.945945945945946,32.23604588500142,64.47209177000282,0.5738917256166199,0.0,0.0,1.0,inf,37.0,inf,178.0,0.0,178.0,0.0,0.0,0.0,0.0,0.0,0.0
72.0,38.0,112.0,74.0,37.0,1.9473684210526316,33.12774513861063,66.25549027722124,0.573537375408487,0.0,0.0,1.0,inf,38.0,inf,182.0,1.0,181.0,0.0,0.0,0.0,0.0,0.0,0.0
73.0,38.0,112.0,74.0,37.0,1.9473684210526316,33.12774513861063,66.25549027722124,0.573537375408487,0.0,0.0,1.0,inf,38.0,inf,183.0,0.0,183.0,0.0,0.0,0.0,0.0,0.0,0.0
74.0,39.0,115.0,76.0,38.0,1.9487179487179487,33.98768884179876,67.9753776835975,0.5737371579093222,0.0,0.0,1.0,inf,39.0,inf,194.0,1.0,193.0,0.0,0.0,0.0,0.0,0.0,0.0
75.0,39.0,115.0,76.0,38.0,1.9487179487179487,33.98768884179876,67.9753776835975,0.5737371579093222,0.0,0.0,1.0,inf,39.0,inf,189.0,0.0,189.0,0.0,0.0,0.0,0.0,0.0,0.0
76.0,40.0,118.0,78.0,39.0,1.95,34.93328259889102,69.86656519778202,0.5725199154526325,0.0,0.0,1.0,inf,40.0,inf,187.0,1.0,186.0,0.0,0.0,0.0,0.0,0.0,0.0
77.0,40.0,118.0,78.0,39.0,1.95,34.93328259889102,69.86656519778202,0.5725199154526325,0.0,0.0,1.0,inf,40.0,inf,177.0,0.0,177.0,0.0,0.0,0.0,0.0,0.0,0.0
78.0,41.0,121.0,80.0,40.0,1.951219512195122,35.923085629784715,71.84617125956942,0.5706636732509122,0.0,0.0,1.0,inf,41.0,inf,190.0,1.0,189.0,0.0,0.0,0.0,0.0,0.0,0.0
79.0,41.0,121.0,80.0,40.0,1.951219512195122,35.923085629784715,71.84617125956942,0.5706636732509122,0.0,0.0,1.0,inf,41.0,inf,186.0,0.0,186.0,0.0,0.0,0.0,0.0,0.0,0.0
80.0,42.0,124.0,82.0,41.0,1.9523809523809523,36.78211319734087,73.56422639468173,0.5709296768060129,0.0,0.0,1.0,inf,42.0,inf,185.0,1.0,184.0,0.0,0.0,0.0,0.0,0.0,0.0
81.0,42.0,124.0,82.0,41.0,1.9523809523809523,36.78211319734087,73.56422639468173,0.5709296768060129,0.0,0.0,1.0,inf,42.0,inf,186.0,0.0,186.0,0.0,0.0,0.0,0.0,0.0,0.0
82.0,43.0,127.0,84.0,42.0,1.9534883720930232,37.68457019859572,75.36914039719143,0.5705252809491026,0.0,0.0,1.0,inf,43.0,inf,193.0,1.0,192.0,0.0,0.0,0.0,0.0,0.0,0.0
83.0,43.0,127.0,84.0,42.0,1.9534883720930232,37.68457019859572,75.36914039719143,0.5705252809491026,0.0,0.0,1.0,inf,43.0,inf,185.0,0.0,185.0,0.0,0.0,0.0,0.0,0.0,0.0
84.0,44.0,130.0,86.0,43.0,1.9545454545454546,38.60057903244938,77.20115806489875,0.5699396369548191,0.0,0.0,1.0,inf,44.0,inf,195.0,1.0,194.0,0.0,0.0,0.0,0.0,0.0,0.0
85.0,44.0,130.0,86.0,43.0,1.9545454545454546,38.60057903244938,77.20115806489875,0.5699396369548191,0.0,0.0,1.0,inf,44.0,inf,186.0,0.0,186.0,0.0,0.0,0.0,0.0,0.0,0.0
86.0,45.0,133.0,88.0,44.0,1.9555555555555555,39.49202123043068,78.98404246086135,0.5697353363788473,0.0,0.0,1.0,inf,45.0,inf,193.0,1.0,192.0,0.0,0.0,0.0,0.0,0.0,0.0
87.0,45.0,133.0,88.0,44.0,1.9555555555555555,39.49202123043068,78.98404246086135,0.5697353363788473,0.0,0.0,1.0,inf,45.0,inf,189.0,0.0,189.0,0.0,0.0,0.0,0.0,0.0,0.0
88.0,46.0,136.0,90.0,45.0,1.9565217391304348,40.41772024681118,80.83544049362234,0.5690573307833864,0.0,0.0,1.0,inf,46.0,inf,191.0,1.0,190.0,0.0,0.0,0.0,0.0,0.0,0.0
89.0,46.0,136.0,90.0,45.0,1.9565217391304348,40.41772024681118,80.83544049362234,0.5690573307833864,0.0,0.0,1.0,inf,46.0,inf,194.0,0.0,194.0,0.0,0.0,0.0,0.0,0.0,0.0
90.0,47.0,139.0,92.0,46.0,1.9574468085106382,41.3993721355274,82.79874427105479,0.5676414589832192,0.0,0.0,1.0,inf,47.0,inf,190.0,1.0,189.0,0.0,0.0,0.0,0.0,0.0,0.0
91.0,47.0,139.0,92.0,46.0,1.9574468085106382,41.3993721355274,82.79874427105479,0.5676414589832192,0.0,0.0,1.0,inf,47.0,inf,188.0,0.0,188.0,0.0,0.0,0.0,0.0,0.0,0.0
92.0,48.0,142.0,94.0,47.0,1.9583333333333333,42.26963809056062,84.53927618112122,0.5677834276361956,0.0,0.0,1.0,inf,48.0,inf,194.0,1.0,193.0,0.0,0.0,0.0,0.0,0.0,0.0
93.0,48.0,142.0,94.0,47.0,1.9583333333333333,42.26963809056062,84.53927618112122,0.5677834276361956,0.0,0.0,1.0,inf,48.0,inf,188.0,0.0,188.0,0.0,0.0,0.0,0.0,0.0,0.0
94.0,49.0,145.0,96.0,48.0,1.9591836734693877,43.123775245162896,86.24755049032578,0.5681320770436981,0.0,0.0,1.0,inf,49.0,inf,194.0,1.0,193.0,0.0,0.0,0.0,0.0,0.0,0.0
95.0,49.0,145.0,96.0,48.0,1.9591836734693877,43.123775245162896,86.24755049032578,0.5681320770436981,0.0,0.0,1.0,inf,49.0,inf,189.0,0.0,189.0,0.0,0.0,0.0,0.0,0.0,0.0
96.0,50.0,148.0,98.0,49.0,1.96,44.02331128671948,88.04662257343895,0.5678809537332953,0.0,0.0,1.0,inf,50.0,inf,192.0,1.0,191.0,0.0,0.0,0.0,0.0,0.0,0.0
97.0,50.0,148.0,98.0,49.0,1.96,44.02331128671948,88.04662257343895,0.5678809537332953,0.0,0.0,1.0,inf,50.0,inf,193.0,0.0,193.0,0.0,0.0,0.0,0.0,0.0,0.0
98.0,51.0,151.0,100.0,50.0,1.9607843137254901,45.01297868080308,90.02595736160615,0.5665032785505288,0.0,0.0,1.0,inf,51.0,inf,191.0,1.0,190.0,0.0,0.0,0.0,0.0,0.0,0.0
99.0,51.0,151.0,100.0,50.0,1.9607843137254901,45.01297868080308,90.02595736160615,0.5665032785505288,0.0,0.0,1.0,inf,51.0,inf,179.0,0.0,179.0,0.0,0.0,0.0,0.0,0.0,0.0
100.0,52.0,154.0,102.0,51.0,1.9615384615384615,46.00181540203263,92.00363080406525,0.5651950857324464,0.0,0.0,1.0,inf,52.0,inf,193.0,1.0,192.0,0.0,0.0,0.0,0.0,0.0,0.0
101.0,52.0,154.0,102.0,51.0,1.9615384615384615,46.00181540203263,92.00363080406525,0.5651950857324464,0.0,0.0,1.0,inf,52.0,inf,192.0,0.0,192.0,0.0,0.0,0.0,0.0,0.0,0.0
102.0,53.0,157.0,104.0,52.0,1.9622641509433962,46.86229123435749,93.72458246871497,0.565486648262117,0.0,0.0,1.0,inf,53.0,inf,192.0,1.0,191.0,0.0,0.0,0.0,0.0,0.0,0.0
103.0,53.0,157.0,104.0,52.0,1.9622641509433962,46.86229123435749,93.72458246871497,0.565486648262117,0.0,0.0,1.0,inf,53.0,inf,188.0,0.0,188.0,0.0,0.0,0.0,0.0,0.0,0.0
104.0,54.0,160.0,106.0,53.0,1.962962962962963,47.83818091025908,95.67636182051814,0.5644027320070976,0.0,0.0,1.0,inf,54.0,inf,194.0,1.0,193.0,0.0,0.0,0.0,0.0,0.0,0.0
105.0,54.0,160.0,106.0,53.0,1.962962962962963,47.83818091025908,95.67636182051814,0.5644027320070976,0.0,0.0,1.0,inf,54.0,inf,198.0,0.0,198.0,0.0,0.0,0.0,0.0,0.0,0.0
106.0,55.0,163.0,108.0,54.0,1.9636363636363636,48.77692604449091,97.5538520889818,0.5637911658253417,0.0,0.0,1.0,inf,55.0,inf,189.0,1.0,188.0,0.0,0.0,0.0,0.0,0.0,0.0
107.0,55.0,163.0,108.0,54.0,1.9636363636363636,48.77692604449091,97.5538520889818,0.5637911658253417,0.0,0.0,1.0,inf,55.0,inf,190.0,0.0,190.0,0.0,0.0,0.0,0.0,0.0,0.0
108.0,56.0,166.0,110.0,55.0,1.9642857142857142,49.708272132083565,99.41654426416711,0.5632865275541888,0.0,0.0,1.0,inf,56.0,inf,184.0,1.0,183.0,0.0,0.0,0.0,0.0,0.0,0.0
109.0,56.0,166.0,110.0,55.0,1.9642857142857142,49.708272132083565,99.41654426416711,0.5632865275541888,0.0,0.0,1.0,inf,56.0,inf,195.0,0.0,195.0,0.0,0.0,0.0,0.0,0.0,0.0
110.0,57.0,169.0,112.0,56.0,1.9649122807017543,50.7045135113783,101.40902702275659,0.5620801389526099,0.0,0.0,1.0,inf,57.0,inf,194.0,1.0,193.0,0.0,0.0,0.0,0.0,0.0,0.0
111.0,57.0,169.0,112.0,56.0,1.9649122807017543,50.7045135113783,101.40902702275659,0.5620801389526099,0.0,0.0,1.0,inf,57.0,inf,195.0,0.0,195.0,0.0,0.0,0.0,0.0,0.0,0.0
112.0,58.0,172.0,114.0,57.0,1.9655172413793103,51.60167676584711,103.2033535316942,0.5619972415158772,0.0,0.0,1.0,inf,58.0,inf,200.0,1.0,199.0,0.0,0.0,0.0,0.0,0.0,0.0
113.0,58.0,172.0,114.0,57.0,1.9655172413793103,51.60167676584711,103.2033535316942,0.5619972415158772,0.0,0.0,1.0,inf,58.0,inf,194.0,0.0,194.0,0.0,0.0,0.0,0.0,0.0,0.0
114.0,59.0,175.0,116.0,58.0,1.9661016949152543,52.51076098277594,105.02152196555187,0.5617896112698938,0.0,0.0,1.0,inf,59.0,inf,197.0,1.0,196.0,0.0,0.0,0.0,0.0,0.0,0.0
115.0,59.0,175.0,116.0,58.0,1.9661016949152543,52.51076098277594,105.02152196555187,0.5617896112698938,0.0,0.0,1.0,inf,59.0,inf,190.0,0.0,190.0,0.0,0.0,0.0,0.0,0.0,0.0
116.0,60.0,178.0,118.0,59.0,1.9666666666666666,53.417144802943206,106.8342896058864,0.5616174378220801,0.0,0.0,1.0,inf,60.0,inf,204.0,1.0,203.0,0.0,0.0,0.0,0.0,0.0,0.0
117.0,60.0,178.0,118.0,59.0,1.9666666666666666,53.417144802943206,106.8342896058864,0.5616174378220801,0.0,0.0,1.0,inf,60.0,inf,196.0,0.0,196.0,0.0,0.0,0.0,0.0,0.0,0.0
118.0,61.0,181.0,120.0,60.0,1.9672131147540983,54.35709744173728,108.71419488347455,0.5611042795780526,0.0,0.0,1.0,inf,61.0,inf,197.0,1.0,196.0,0.0,0.0,0.0,0.0,0.0,0.0
119.0,61.0,181.0,120.0,60.0,1.9672131147540983,54.35709744173728,108.71419488347455,0.5611042795780526,0.0,0.0,1.0,inf,61.0,inf,191.0,0.0,191.0,0.0,0.0,0.0,0.0,0.0,0.0
120.0,62.0,184.0,122.0,61.0,1.967741935483871,55.32888041676802,110.65776083353603,0.5602860525369516,0.0,0.0,1.0,inf,62.0,inf,202.0,1.0,201.0,0.0,0.0,0.0,0.0,0.0,0.0
121.0,62.0,184.0,122.0,61.0,1.967741935483871,55.32888041676802,110.65776083353603,0.5602860525369516,0.0,0.0,1.0,inf,62.0,inf,193.0,0.0,193.0,0.0,0.0,0.0,0.0,0.0,0.0
122.0,63.0,187.0,124.0,62.0,1.9682539682539681,56.259135743176415,112.51827148635282,0.5599090633705761,0.0,0.0,1.0,inf,63.0,inf,203.0,1.0,202.0,0.0,0.0,0.0,0.0,0.0,0.0
123.0,63.0,187.0,124.0,62.0,1.9682539682539681,56.259135743176415,112.51827148635282,0.5599090633705761,0.0,0.0,1.0,inf,63.0,inf,194.0,0.0,194.0,0.0,0.0,0.0,0.0,0.0,0.0
124.0,64.0,190.0,126.0,63.0,1.96875,57.16201234766732,114.32402469533463,0.5598123418988742,0.0,0.0,1.0,inf,64.0,inf,199.0,1.0,198.0,0.0,0.0,0.0,0.0,0.0,0.0
125.0,64.0,190.0,126.0,63.0,1.96875,57.16201234766732,114.32402469533463,0.5598123418988742,0.0,0.0,1.0,inf,64.0,inf,195.0,0.0,195.0,0.0,0.0,0.0,0.0,0.0,0.0
126.0,65.0,193.0,128.0,64.0,1.9692307692307693,58.105323672990224,116.21064734598043,0.5593291276184278,0.0,0.0,1.0,inf,65.0,inf,209.0,1.0,208.0,0.0,0.0,0.0,0.0,0.0,0.0
127.0,65.0,193.0,128.0,64.0,1.9692307692307693,58.105323672990224,116.21064734598043,0.5593291276184278,0.0,0.0,1.0,inf,65.0,inf,198.0,0.0,198.0,0.0,0.0,0.0,0.0,0.0,0.0
128.0,66.0,196.0,130.0,65.0,1.9696969696969697,58.99836061065925,117.99672122131848,0.5593375757976212,0.0,0.0,1.0,inf,66.0,inf,196.0,1.0,195.0,0.0,0.0,0.0,0.0,0.0,0.0
129.0,66.0,196.0,130.0,65.0,1.9696969696969697,58.99836061065925,117.99672122131848,0.5593375757976212,0.0,0.0,1.0,inf,66.0,inf,195.0,0.0,195.0,0.0,0.0,0.0,0.0,0.0,0.0
130.0,67.0,199.0,132.0,66.0,1.9701492537313432,59.983734170390704,119.9674683407814,0.558484736959513,0.0,0.0,1.0,inf,67.0,inf,199.0,1.0,198.0,0.0,0.0,0.0,0.0,0.0,0.0
131.0,67.0,199.0,132.0,66.0,1.9701492537313432,59.983734170390704,119.9674683407814,0.558484736959513,0.0,0.0,1.0,inf,67.0,inf,201.0,0.0,201.0,0.0,0.0,0.0,0.0,0.0,0.0
132.0,68.0,202.0,134.0,67.0,1.9705882352941178,60.83786212530899,121.67572425061796,0.5588625045694325,0.0,0.0,1.0,inf,68.0,inf,202.0,1.0,201.0,0.0,0.0,0.0,0.0,0.0,0.0
133.0,68.0,202.0,134.0,67.0,1.9705882352941178,60.83786212530899,121.67572425061796,0.5588625045694325,0.0,0.0,1.0,inf,68.0,inf,197.0,0.0,197.0,0.0,0.0,0.0,0.0,0.0,0.0
134.0,69.0,205.0,136.0,68.0,1.9710144927536233,61.775107234430806,123.5502144688616,0.5584773793928953,0.0,0.0,1.0,inf,69.0,inf,195.0,1.0,194.0,0.0,0.0,0.0,0.0,0.0,0.0
135.0,69.0,205.0,136.0,68.0,1.9710144927536233,61.775107234430806,123.5502144688616,0.5584773793928953,0.0,0.0,1.0,inf,69.0,inf,201.0,0.0,201.0,0.0,0.0,0.0,0.0,0.0,0.0
136.0,70.0,208.0,138.0,69.0,1.9714285714285715,62.64702841666654,125.29405683333306,0.5586857171774272,0.0,0.0,1.0,inf,70.0,inf,201.0,1.0,200.0,0.0,0.0,0.0,0.0,0.0,0.0
137.0,70.0,208.0,138.0,69.0,1.9714285714285715,62.64702841666654,125.29405683333306,0.5586857171774272,0.0,0.0,1.0,inf,70.0,inf,198.0,0.0,198.0,0.0,0.0,0.0,0.0,0.0,0.0
138.0,71.0,211.0,140.0,70.0,1.971830985915493,63.60527870564045,127.21055741128089,0.55812977668553,0.0,0.0,1.0,inf,71.0,inf,206.0,1.0,205.0,0.0,0.0,0.0,0.0,0.0,0.0
139.0,71.0,211.0,140.0,70.0,1.971830985915493,63.60527870564045,127.21055741128089,0.55812977668553,0.0,0.0,1.0,inf,71.0,inf,202.0,0.0,202.0,0.0,0.0,0.0,0.0,0.0,0.0
140.0,72.0,214.0,142.0,71.0,1.9722222222222223,64.46956553563882,128.93913107127761,0.558403018554533,0.0,0.0,1.0,inf,72.0,inf,209.0,1.0,208.0,0.0,0.0,0.0,0.0,0.0,0.0
141.0,72.0,214.0,142.0,71.0,1.9722222222222223,64.46956553563882,128.93913107127761,0.558403018554533,0.0,0.0,1.0,inf,72.0,inf,201.0,0.0,201.0,0.0,0.0,0.0,0.0,0.0,0.0
142.0,73.0,217.0,144.0,72.0,1.9726027397260273,65.34423547415902,130.688470948318,0.5585802593778034,0.0,0.0,1.0,inf,73.0,inf,191.0,1.0,190.0,0.0,0.0,0.0,0.0,0.0,0.0
143.0,73.0,217.0,144.0,72.0,1.9726027397260273,65.34423547415902,130.688470948318,0.5585802593778034,0.0,0.0,1.0,inf,73.0,inf,200.0,0.0,200.0,0.0,0.0,0.0,0.0,0.0,0.0
144.0,74.0,220.0,146.0,73.0,1.972972972972973,66.30367526694381,132.6073505338876,0.5580384473565771,0.0,0.0,1.0,inf,74.0,inf,199.0,1.0,198.0,0.0,0.0,0.0,0.0,0.0,0.0
145.0,74.0,220.0,146.0,73.0,1.972972972972973,66.30367526694381,132.6073505338876,0.5580384473565771,0.0,0.0,1.0,inf,74.0,inf,200.0,0.0,200.0,0.0,0.0,0.0,0.0,0.0,0.0
146.0,75.0,223.0,148.0,74.0,1.9733333333333334,67.22341291297116,134.44682582594228,0.5578413587621369,0.0,0.0,1.0,inf,75.0,inf,206.0,1.0,205.0,0.0,0.0,0.0,0.0,0.0,0.0
147.0,75.0,223.0,148.0,74.0,1.9733333333333334,67.22341291297116,134.44682582594228,0.5578413587621369,0.0,0.0,1.0,inf,75.0,inf,201.0,0.0,201.0,0.0,0.0,0.0,0.0,0.0,0.0
148.0,76.0,226.0,150.0,75.0,1.9736842105263157,68.17623384045042,136.35246768090082,0.5573789847196545,0.0,0.0,1.0,inf,76.0,inf,206.0,1.0,205.0,0.0,0.0,0.0,0.0,0.0,0.0
149.0,76.0,226.0,150.0,75.0,1.9736842105263157,68.17623384045042,136.35246768090082,0.5573789847196545,0.0,0.0,1.0,inf,76.0,inf,196.0,0.0,196.0,0.0,0.0,0.0,0.0,0.0,0.0
150.0,77.0,229.0,152.0,76.0,1.974025974025974,69.04084108893471,138.0816821778694,0.5576409469057072,0.0,0.0,1.0,inf,77.0,inf,206.0,1.0,205.0,0.0,0.0,0.0,0.0,0.0,0.0
151.0,77.0,229.0,152.0,76.0,1.974025974025974,69.04084108893471,138.0816821778694,0.5576409469057072,0.0,0.0,1.0,inf,77.0,inf,192.0,0.0,192.0,0.0,0.0,0.0,0.0,0.0,0.0
152.0,78.0,232.0,154.0,77.0,1.9743589743589745,69.8936468818706,139.78729376374116,0.5579906291900194,0.0,0.0,1.0,inf,78.0,inf,199.0,1.0,198.0,0.0,0.0,0.0,0.0,0.0,0.0
153.0,78.0,232.0,154.0,77.0,1.9743589743589745,69.8936468818706,139.78729376374116,0.5579906291900194,0.0,0.0,1.0,inf,78.0,inf,197.0,0.0,197.0,0.0,0.0,0.0,0.0,0.0,0.0
154.0,79.0,235.0,156.0,78.0,1.9746835443037976,70.80776603429685,141.61553206859367,0.5578484142667002,0.0,0.0,1.0,inf,79.0,inf,194.0,1.0,193.0,0.0,0.0,0.0,0.0,0.0,0.0
155.0,79.0,235.0,156.0,78.0,1.9746835443037976,70.80776603429685,141.61553206859367,0.5578484142667002,0.0,0.0,1.0,inf,79.0,inf,205.0,0.0,205.0,0.0,0.0,0.0,0.0,0.0,0.0
156.0,80.0,238.0,158.0,79.0,1.975,71.66592310546744,143.33184621093486,0.5581453257935972,0.0,0.0,1.0,inf,80.0,inf,210.0,1.0,209.0,0.0,0.0,0.0,0.0,0.0,0.0
157.0,80.0,238.0,158.0,79.0,1.975,71.66592310546744,143.33184621093486,0.5581453257935972,0.0,0.0,1.0,inf,80.0,inf,192.0,0.0,192.0,0.0,0.0,0.0,0.0,0.0,0.0
158.0,81.0,241.0,160.0,80.0,1.9753086419753085,72.55024529223466,145.1004905844693,0.5582338121237873,0.0,0.0,1.0,inf,81.0,inf,206.0,1.0,205.0,0.0,0.0,0.0,0.0,0.0,0.0
159.0,81.0,241.0,160.0,80.0,1.9753086419753085,72.55024529223466,145.1004905844693,0.5582338121237873,0.0,0.0,1.0,inf,81.0,inf,206.0,0.0,206.0,0.0,0.0,0.0,0.0,0.0,0.0
160.0,82.0,244.0,162.0,81.0,1.975609756097561,73.53441712896895,147.06883425793788,0.557562045104564,0.0,0.0,1.0,inf,82.0,inf,205.0,1.0,204.0,0.0,0.0,0.0,0.0,0.0,0.0
161.0,82.0,244.0,162.0,81.0,1.975609756097561,73.53441712896895,147.06883425793788,0.557562045104564,0.0,0.0,1.0,inf,82.0,inf,201.0,0.0,201.0,0.0,0.0,0.0,0.0,0.0,0.0
162.0,83.0,247.0,164.0,82.0,1.9759036144578312,74.48939833084678,148.97879666169354,0.5571262613194509,0.0,0.0,1.0,inf,83.0,inf,206.0,1.0,205.0,0.0,0.0,0.0,0.0,0.0,0.0
163.0,83.0,247.0,164.0,82.0,1.9759036144578312,74.48939833084678,148.97879666169354,0.5571262613194509,0.0,0.0,1.0,inf,83.0,inf,198.0,0.0,198.0,0.0,0.0,0.0,0.0,0.0,0.0
164.0,84.0,250.0,166.0,83.0,1.9761904761904763,75.38397050452973,150.76794100905943,0.5571476232798892,0.0,0.0,1.0,inf,84.0,inf,202.0,1.0,201.0,0.0,0.0,0.0,0.0,0.0,0.0
165.0,84.0,250.0,166.0,83.0,1.9761904761904763,75.38397050452973,150.76794100905943,0.5571476232798892,0.0,0.0,1.0,inf,84.0,inf,204.0,0.0,204.0,0.0,0.0,0.0,0.0,0.0,0.0
166.0,85.0,253.0,168.0,84.0,1.9764705882352942,76.3572815142287,152.71456302845738,0.5565939378300208,0.0,0.0,1.0,inf,85.0,inf,199.0,1.0,198.0,0.0,0.0,0.0,0.0,0.0,0.0
167.0,85.0,253.0,168.0,84.0,1.9764705882352942,76.3572815142287,152.71456302845738,0.5565939378300208,0.0,0.0,1.0,inf,85.0,inf,206.0,0.0,206.0,0.0,0.0,0.0,0.0,0.0,0.0
168.0,86.0,256.0,170.0,85.0,1.9767441860465116,77.21290801976522,154.42581603953042,0.556901703391261,0.0,0.0,1.0,inf,86.0,inf,210.0,1.0,209.0,0.0,0.0,0.0,0.0,0.0,0.0
169.0,86.0,256.0,170.0,85.0,1.9767441860465116,77.21290801976522,154.42581603953042,0.556901703391261,0.0,0.0,1.0,inf,86.0,inf,203.0,0.0,203.0,0.0,0.0,0.0,0.0,0.0,0.0
170.0,87.0,259.0,172.0,86.0,1.9770114942528736,78.12301148181065,156.24602296362127,0.5568141726094122,0.0,0.0,1.0,inf,87.0,inf,210.0,1.0,209.0,0.0,0.0,0.0,0.0,0.0,0.0
171.0,87.0,259.0,172.0,86.0,1.9770114942528736,78.12301148181065,156.24602296362127,0.5568141726094122,0.0,0.0,1.0,inf,87.0,inf,197.0,0.0,197.0,0.0,0.0,0.0,0.0,0.0,0.0
172.0,88.0,262.0,174.0,87.0,1.9772727272727273,78.98943849916792,157.9788769983358,0.5570364954608901,0.0,0.0,1.0,inf,88.0,inf,213.0,1.0,212.0,0.0,0.0,0.0,0.0,0.0,0.0
173.0,88.0,262.0,174.0,87.0,1.9772727272727273,78.98943849916792,157.9788769983358,0.5570364954608901,0.0,0.0,1.0,inf,88.0,inf,201.0,0.0,201.0,0.0,0.0,0.0,0.0,0.0,0.0
174.0,89.0,265.0,176.0,88.0,1.9775280898876404,79.8419063958874,159.68381279177478,0.5573514211866586,0.0,0.0,1.0,inf,89.0,inf,212.0,1.0,211.0,0.0,0.0,0.0,0.0,0.0,0.0
175.0,89.0,265.0,176.0,88.0,1.9775280898876404,79.8419063958874,159.68381279177478,0.5573514211866586,0.0,0.0,1.0,inf,89.0,inf,205.0,0.0,205.0,0.0,0.0,0.0,0.0,0.0,0.0
176.0,90.0,268.0,178.0,89.0,1.9777777777777779,80.83243738239833,161.66487476479662,0.5567072014309813,0.0,0.0,1.0,inf,90.0,inf,197.0,1.0,196.0,0.0,0.0,0.0,0.0,0.0,0.0
177.0,90.0,268.0,178.0,89.0,1.9777777777777779,80.83243738239833,161.66487476479662,0.5567072014309813,0.0,0.0,1.0,inf,90.0,inf,205.0,0.0,205.0,0.0,0.0,0.0,0.0,0.0,0.0
178.0,91.0,271.0,180.0,90.0,1.978021978021978,81.75885457226865,163.51770914453726,0.5565146458819509,0.0,0.0,1.0,inf,91.0,inf,206.0,1.0,205.0,0.0,0.0,0.0,0.0,0.0,0.0
179.0,91.0,271.0,180.0,90.0,1.978021978021978,81.75885457226865,163.51770914453726,0.5565146458819509,0.0,0.0,1.0,inf,91.0,inf,207.0,0.0,207.0,0.0,0.0,0.0,0.0,0.0,0.0
180.0,92.0,274.0,182.0,91.0,1.9782608695652173,82.68811564028057,165.37623128056111,0.5563072715323994,0.0,0.0,1.0,inf,92.0,inf,205.0,1.0,204.0,0.0,0.0,0.0,0.0,0.0,0.0
181.0,92.0,274.0,182.0,91.0,1.9782608695652173,82.68811564028057,165.37623128056111,0.5563072715323994,0.0,0.0,1.0,inf,92.0,inf,209.0,0.0,209.0,0.0,0.0,0.0,0.0,0.0,0.0
182.0,93.0,277.0,184.0,92.0,1.978494623655914,83.658733818064,167.31746763612796,0.5558295933706745,0.0,0.0,1.0,inf,93.0,inf,201.0,1.0,200.0,0.0,0.0,0.0,0.0,0.0,0.0
183.0,93.0,277.0,184.0,92.0,1.978494623655914,83.658733818064,167.31746763612796,0.5558295933706745,0.0,0.0,1.0,inf,93.0,inf,204.0,0.0,204.0,0.0,0.0,0.0,0.0,0.0,0.0
184.0,94.0,280.0,186.0,93.0,1.9787234042553192,84.6528864727169,169.30577294543377,0.5552084749661527,0.0,0.0,1.0,inf,94.0,inf,205.0,1.0,204.0,0.0,0.0,0.0,0.0,0.0,0.0
185.0,94.0,280.0,186.0,93.0,1.9787234042553192,84.6528864727169,169.30577294543377,0.5552084749661527,0.0,0.0,1.0,inf,94.0,inf,208.0,0.0,208.0,0.0,0.0,0.0,0.0,0.0,0.0
186.0,95.0,283.0,188.0,94.0,1.9789473684210526,85.55760701882315,171.11521403764627,0.5551814929740817,0.0,0.0,1.0,inf,95.0,inf,203.0,1.0,202.0,0.0,0.0,0.0,0.0,0.0,0.0
187.0,95.0,283.0,188.0,94.0,1.9789473684210526,85.55760701882315,171.11521403764627,0.5551814929740817,0.0,0.0,1.0,inf,95.0,inf,197.0,0.0,197.0,0.0,0.0,0.0,0.0,0.0,0.0
188.0,96.0,286.0,190.0,95.0,1.9791666666666667,86.43671154358142,172.87342308716282,0.5553195990779727,0.0,0.0,1.0,inf,96.0,inf,205.0,1.0,204.0,0.0,0.0,0.0,0.0,0.0,0.0
189.0,96.0,286.0,190.0,95.0,1.9791666666666667,86.43671154358142,172.87342308716282,0.5553195990779727,0.0,0.0,1.0,inf,96.0,inf,202.0,0.0,202.0,0.0,0.0,0.0,0.0,0.0,0.0
190.0,97.0,289.0,192.0,96.0,1.9793814432989691,87.41340141872485,174.82680283744966,0.5548348332503031,0.0,0.0,1.0,inf,97.0,inf,208.0,1.0,207.0,0.0,0.0,0.0,0.0,0.0,0.0
191.0,97.0,289.0,192.0,96.0,1.9793814432989691,87.41340141872485,174.82680283744966,0.5548348332503031,0.0,0.0,1.0,inf,97.0,inf,207.0,0.0,207.0,0.0,0.0,0.0,0.0,0.0,0.0
192.0,98.0,292.0,194.0,97.0,1.9795918367346939,88.34386598601128,176.68773197202253,0.5546508459088587,0.0,0.0,1.0,inf,98.0,inf,197.0,1.0,196.0,0.0,0.0,0.0,0.0,0.0,0.0
193.0,98.0,292.0,194.0,97.0,1.9795918367346939,88.34386598601128,176.68773197202253,0.5546508459088587,0.0,0.0,1.0,inf,98.0,inf,210.0,0.0,210.0,0.0,0.0,0.0,0.0,0.0,0.0
194.0,99.0,295.0,196.0,98.0,1.97979797979798,89.26587545651228,178.53175091302452,0.5545232122225134,0.0,0.0,1.0,inf,99.0,inf,213.0,1.0,212.0,0.0,0.0,0.0,0.0,0.0,0.0
195.0,99.0,295.0,196.0,98.0,1.97979797979798,89.26587545651228,178.53175091302452,0.5545232122225134,0.0,0.0,1.0,inf,99.0,inf,203.0,0.0,203.0,0.0,0.0,0.0,0.0,0.0,0.0
196.0,100.0,298.0,198.0,99.0,1.98,90.2282129146822,180.45642582936438,0.5541503969194082,0.0,0.0,1.0,inf,100.0,inf,204.0,1.0,203.0,0.0,0.0,0.0,0.0,0.0,0.0
197.0,100.0,298.0,198.0,99.0,1.98,90.2282129146822,180.45642582936438,0.5541503969194082,0.0,0.0,1.0,inf,100.0,inf,209.0,0.0,209.0,0.0,0.0,0.0,0.0,0.0,0.0
198.0,101.0,301.0,200.0,100.0,1.9801980198019802,91.08687722399885,182.17375444799768,0.5544157571217587,0.0,0.0,1.0,inf,101.0,inf,203.0,1.0,202.0,0.0,0.0,0.0,0.0,0.0,0.0
199.0,101.0,301.0,200.0,100.0,1.9801980198019802,91.08687722399885,182.17375444799768,0.5544157571217587,0.0,0.0,1.0,inf,101.0,inf,203.0,0.0,203.0,0.0,0.0,0.0,0.0,0.0,0.0
200.0,102.0,304.0,202.0,101.0,1.9803921568627452,91.99454707935452,183.989094158709,0.5543806847160995,0.0,0.0,1.0,inf,102.0,inf,206.0,1.0,205.0,0.0,0.0,0.0,0.0,0.0,0.0
201.0,102.0,304.0,202.0,101.0,1.9803921568627452,91.99454707935452,183.989094158709,0.5543806847160995,0.0,0.0,1.0,inf,102.0,inf,206.0,0.0,206.0,0.0,0.0,0.0,0.0,0.0,0.0
202.0,103.0,307.0,204.0,102.0,1.9805825242718447,92.96568442644204,185.93136885288405,0.5539678464987665,0.0,0.0,1.0,inf,103.0,inf,211.0,1.0,210.0,0.0,0.0,0.0,0.0,0.0,0.0
203.0,103.0,307.0,204.0,102.0,1.9805825242718447,92.96568442644204,185.93136885288405,0.5539678464987665,0.0,0.0,1.0,inf,103.0,inf,206.0,0.0,206.0,0.0,0.0,0.0,0.0,0.0,0.0
204.0,104.0,310.0,206.0,103.0,1.9807692307692308,93.90168130202602,187.803362604052,0.5537707022811109,0.0,0.0,1.0,inf,104.0,inf,209.0,1.0,208.0,0.0,0.0,0.0,0.0,0.0,0.0
205.0,104.0,310.0,206.0,103.0,1.9807692307692308,93.90168130202602,187.803362604052,0.5537707022811109,0.0,0.0,1.0,inf,104.0,inf,205.0,0.0,205.0,0.0,0.0,0.0,0.0,0.0,0.0
206.0,105.0,313.0,208.0,104.0,1.980952380952381,94.84787045964521,189.6957409192904,0.553517962454804,0.0,0.0,1.0,inf,105.0,inf,205.0,1.0,204.0,0.0,0.0,0.0,0.0,0.0,0.0
207.0,105.0,313.0,208.0,104.0,1.980952380952381,94.84787045964521,189.6957409192904,0.553517962454804,0.0,0.0,1.0,inf,105.0,inf,201.0,0.0,201.0,0.0,0.0,0.0,0.0,0.0,0.0
208.0,106.0,316.0,210.0,105.0,1.9811320754716981,95.77128454426207,191.54256908852412,0.5534017868947482,0.0,0.0,1.0,inf,106.0,inf,204.0,1.0,203.0,0.0,0.0,0.0,0.0,0.0,0.0
209.0,106.0,316.0,210.0,105.0,1.9811320754716981,95.77128454426207,191.54256908852412,0.5534017868947482,0.0,0.0,1.0,inf,106.0,inf,201.0,0.0,201.0,0.0,0.0,0.0,0.0,0.0,0.0
210.0,107.0,319.0,212.0,106.0,1.9813084112149533,96.69756812721124,193.39513625442245,0.5532714114342324,0.0,0.0,1.0,inf,107.0,inf,209.0,1.0,208.0,0.0,0.0,0.0,0.0,0.0,0.0
211.0,107.0,319.0,212.0,106.0,1.9813084112149533,96.69756812721124,193.39513625442245,0.5532714114342324,0.0,0.0,1.0,inf,107.0,inf,204.0,0.0,204.0,0.0,0.0,0.0,0.0,0.0,0.0
212.0,108.0,322.0,214.0,107.0,1.9814814814814814,97.62679610856384,195.25359221712765,0.5531268273922504,0.0,0.0,1.0,inf,108.0,inf,210.0,1.0,209.0,0.0,0.0,0.0,0.0,0.0,0.0
213.0,108.0,322.0,214.0,107.0,1.9814814814814814,97.62679610856384,195.25359221712765,0.5531268273922504,0.0,0.0,1.0,inf,108.0,inf,210.0,0.0,210.0,0.0,0.0,0.0,0.0,0.0,0.0
214.0,109.0,325.0,216.0,108.0,1.981651376146789,98.53472510936338,197.06945021872673,0.553104501377668,0.0,0.0,1.0,inf,109.0,inf,205.0,1.0,204.0,0.0,0.0,0.0,0.0,0.0,0.0
215.0,109.0,325.0,216.0,108.0,1.981651376146789,98.53472510936338,197.06945021872673,0.553104501377668,0.0,0.0,1.0,inf,109.0,inf,201.0,0.0,201.0,0.0,0.0,0.0,0.0,0.0,0.0
216.0,110.0,328.0,218.0,109.0,1.981818181818182,99.50173145606608,199.00346291213214,0.5527542003053953,0.0,0.0,1.0,inf,110.0,inf,211.0,1.0,210.0,0.0,0.0,0.0,0.0,0.0,0.0
217.0,110.0,328.0,218.0,109.0,1.981818181818182,99.50173145606608,199.00346291213214,0.5527542003053953,0.0,0.0,1.0,inf,110.0,inf,215.0,0.0,215.0,0.0,0.0,0.0,0.0,0.0,0.0
218.0,111.0,331.0,220.0,110.0,1.981981981981982,100.49677011333935,200.99354022667868,0.5522565544883443,0.0,0.0,1.0,inf,111.0,inf,211.0,1.0,210.0,0.0,0.0,0.0,0.0,0.0,0.0
219.0,111.0,331.0,220.0,110.0,1.981981981981982,100.49677011333935,200.99354022667868,0.5522565544883443,0.0,0.0,1.0,inf,111.0,inf,206.0,0.0,206.0,0.0,0.0,0.0,0.0,0.0,0.0
220.0,112.0,334.0,222.0,111.0,1.9821428571428572,101.41292224462383,202.82584448924763,0.5521978734122192,0.0,0.0,1.0,inf,112.0,inf,210.0,1.0,209.0,0.0,0.0,0.0,0.0,0.0,0.0
221.0,112.0,334.0,222.0,111.0,1.9821428571428572,101.41292224462383,202.82584448924763,0.5521978734122192,0.0,0.0,1.0,inf,112.0,inf,203.0,0.0,203.0,0.0,0.0,0.0,0.0,0.0,0.0
222.0,113.0,337.0,224.0,112.0,1.9823008849557522,102.34397910925763,204.68795821851523,0.5520598328474532,0.0,0.0,1.0,inf,113.0,inf,209.0,1.0,208.0,0.0,0.0,0.0,0.0,0.0,0.0
223.0,113.0,337.0,224.0,112.0,1.9823008849557522,102.34397910925763,204.68795821851523,0.5520598328474532,0.0,0.0,1.0,inf,113.0,inf,209.0,0.0,209.0,0.0,0.0,0.0,0.0,0.0,0.0
224.0,114.0,340.0,226.0,113.0,1.9824561403508771,103.22721208893708,206.45442417787413,0.552179980903589,0.0,0.0,1.0,inf,114.0,inf,208.0,1.0,207.0,0.0,0.0,0.0,0.0,0.0,0.0
225.0,114.0,340.0,226.0,113.0,1.9824561403508771,103.22721208893708,206.45442417787413,0.552179980903589,0.0,0.0,1.0,inf,114.0,inf,210.0,0.0,210.0,0.0,0.0,0.0,0.0,0.0,0.0
226.0,115.0,343.0,228.0,114.0,1.982608695652174,104.08241699632454,208.16483399264905,0.5524468172374447,0.0,0.0,1.0,inf,115.0,inf,211.0,1.0,210.0,0.0,0.0,0.0,0.0,0.0,0.0
227.0,115.0,343.0,228.0,114.0,1.982608695652174,104.08241699632454,208.16483399264905,0.5524468172374447,0.0,0.0,1.0,inf,115.0,inf,208.0,0.0,208.0,0.0,0.0,0.0,0.0,0.0,0.0
228.0,116.0,346.0,230.0,115.0,1.9827586206896552,105.04425140733424,210.08850281466846,0.5521482539305375,0.0,0.0,1.0,inf,116.0,inf,205.0,1.0,204.0,0.0,0.0,0.0,0.0,0.0,0.0
229.0,116.0,346.0,230.0,115.0,1.9827586206896552,105.04425140733424,210.08850281466846,0.5521482539305375,0.0,0.0,1.0,inf,116.0,inf,206.0,0.0,206.0,0.0,0.0,0.0,0.0,0.0,0.0
230.0,117.0,349.0,232.0,116.0,1.982905982905983,105.90497252152072,211.8099450430414,0.552381994982458,0.0,0.0,1.0,inf,117.0,inf,207.0,1.0,206.0,0.0,0.0,0.0,0.0,0.0,0.0
231.0,117.0,349.0,232.0,116.0,1.982905982905983,105.90497252152072,211.8099450430414,0.552381994982458,0.0,0.0,1.0,inf,117.0,inf,208.0,0.0,208.0,0.0,0.0,0.0,0.0,0.0,0.0
232.0,118.0,352.0,234.0,117.0,1.9830508474576272,106.8411142286977,213.68222845739538,0.5522218710084597,0.0,0.0,1.0,inf,118.0,inf,218.0,1.0,217.0,0.0,0.0,0.0,0.0,0.0,0.0
233.0,118.0,352.0,234.0,117.0,1.9830508474576272,106.8411142286977,213.68222845739538,0.5522218710084597,0.0,0.0,1.0,inf,118.0,inf,209.0,0.0,209.0,0.0,0.0,0.0,0.0,0.0,0.0
234.0,119.0,355.0,236.0,118.0,1.9831932773109244,107.80746295039651,215.614925900793,0.551909843452829,0.0,0.0,1.0,inf,119.0,inf,209.0,1.0,208.0,0.0,0.0,0.0,0.0,0.0,0.0
235.0,119.0,355.0,236.0,118.0,1.9831932773109244,107.80746295039651,215.614925900793,0.551909843452829,0.0,0.0,1.0,inf,119.0,inf,207.0,0.0,207.0,0.0,0.0,0.0,0.0,0.0,0.0
236.0,120.0,358.0,238.0,119.0,1.9833333333333334,108.66494446241843,217.32988892483684,0.552155990110968,0.0,0.0,1.0,inf,120.0,inf,206.0,1.0,205.0,0.0,0.0,0.0,0.0,0.0,0.0
237.0,120.0,358.0,238.0,119.0,1.9833333333333334,108.66494446241843,217.32988892483684,0.552155990110968,0.0,0.0,1.0,inf,120.0,inf,211.0,0.0,211.0,0.0,0.0,0.0,0.0,0.0,0.0
238.0,121.0,361.0,240.0,120.0,1.9834710743801653,109.5522261114797,219.10445222295937,0.5522480203956383,0.0,0.0,1.0,inf,121.0,inf,212.0,1.0,211.0,0.0,0.0,0.0,0.0,0.0,0.0
239.0,121.0,361.0,240.0,120.0,1.9834710743801653,109.5522261114797,219.10445222295937,0.5522480203956383,0.0,0.0,1.0,inf,121.0,inf,207.0,0.0,207.0,0.0,0.0,0.0,0.0,0.0,0.0
240.0,122.0,364.0,242.0,121.0,1.9836065573770492,110.54492897048922,221.08985794097842,0.5518118340488002,0.0,0.0,1.0,inf,122.0,inf,204.0,1.0,203.0,0.0,0.0,0.0,0.0,0.0,0.0
241.0,122.0,364.0,242.0,121.0,1.9836065573770492,110.54492897048922,221.08985794097842,0.5518118340488002,0.0,0.0,1.0,inf,122.0,inf,210.0,0.0,210.0,0.0,0.0,0.0,0.0,0.0,0.0
242.0,123.0,367.0,244.0,122.0,1.983739837398374,111.44647872583604,222.89295745167206,0.5518343935414335,0.0,0.0,1.0,inf,123.0,inf,212.0,1.0,211.0,0.0,0.0,0.0,0.0,0.0,0.0
243.0,123.0,367.0,244.0,122.0,1.983739837398374,111.44647872583604,222.89295745167206,0.5518343935414335,0.0,0.0,1.0,inf,123.0,inf,209.0,0.0,209.0,0.0,0.0,0.0,0.0,0.0,0.0
244.0,124.0,370.0,246.0,123.0,1.9838709677419355,112.38994188726647,224.77988377453292,0.5516507879520887,0.0,0.0,1.0,inf,124.0,inf,206.0,1.0,205.0,0.0,0.0,0.0,0.0,0.0,0.0
245.0,124.0,370.0,246.0,123.0,1.9838709677419355,112.38994188726647,224.77988377453292,0.5516507879520887,0.0,0.0,1.0,inf,124.0,inf,211.0,0.0,211.0,0.0,0.0,0.0,0.0,0.0,0.0
246.0,125.0,373.0,248.0,124.0,1.984,113.26204593936258,226.52409187872513,0.5518176851004511,0.0,0.0,1.0,inf,125.0,inf,209.0,1.0,208.0,0.0,0.0,0.0,0.0,0.0,0.0
247.0,125.0,373.0,248.0,124.0,1.984,113.26204593936258,226.52409187872513,0.5518176851004511,0.0,0.0,1.0,inf,125.0,inf,210.0,0.0,210.0,0.0,0.0,0.0,0.0,0.0,0.0
248.0,126.0,376.0,250.0,125.0,1.9841269841269842,114.19712190824791,228.3942438164958,0.5516776513038357,0.0,0.0,1.0,inf,126.0,inf,206.0,1.0,205.0,0.0,0.0,0.0,0.0,0.0,0.0
249.0,126.0,376.0,250.0,125.0,1.9841269841269842,114.19712190824791,228.3942438164958,0.5516776513038357,0.0,0.0,1.0,inf,126.0,inf,206.0,0.0,206.0,0.0,0.0,0.0,0.0,0.0,0.0
250.0,127.0,379.0,252.0,126.0,1.984251968503937,115.06087387113367,230.1217477422673,0.5518817810398259,0.0,0.0,1.0,inf,127.0,inf,202.0,1.0,201.0,0.0,0.0,0.0,0.0,0.0,0.0
251.0,127.0,379.0,252.0,126.0,1.984251968503937,115.06087387113367,230.1217477422673,0.5518817810398259,0.0,0.0,1.0,inf,127.0,inf,213.0,0.0,213.0,0.0,0.0,0.0,0.0,0.0,0.0
252.0,128.0,382.0,254.0,127.0,1.984375,116.01355667137425,232.02711334274846,0.5516596666481796,0.0,0.0,1.0,inf,128.0,inf,206.0,1.0,205.0,0.0,0.0,0.0,0.0,0.0,0.0
253.0,128.0,382.0,254.0,127.0,1.984375,116.01355667137425,232.02711334274846,0.5516596666481796,0.0,0.0,1.0,inf,128.0,inf,208.0,0.0,208.0,0.0,0.0,0.0,0.0,0.0,0.0
254.0,129.0,385.0,256.0,128.0,1.9844961240310077,116.86639097864168,233.73278195728332,0.5519123116567186,0.0,0.0,1.0,inf,129.0,inf,212.0,1.0,211.0,0.0,0.0,0.0,0.0,0.0,0.0
255.0,129.0,385.0,256.0,128.0,1.9844961240310077,116.86639097864168,233.73278195728332,0.5519123116567186,0.0,0.0,1.0,inf,129.0,inf,211.0,0.0,211.0,0.0,0.0,0.0,0.0,0.0,0.0
256.0,130.0,388.0,258.0,129.0,1.9846153846153847,117.73742635577793,235.47485271155583,0.5520759372094951,0.0,0.0,1.0,inf,130.0,inf,210.0,1.0,209.0,0.0,0.0,0.0,0.0,0.0,0.0
257.0,130.0,388.0,258.0,129.0,1.9846153846153847,117.73742635577793,235.47485271155583,0.5520759372094951,0.0,0.0,1.0,inf,130.0,inf,208.0,0.0,208.0,0.0,0.0,0.0,0.0,0.0,0.0
258.0,131.0,391.0,260.0,130.0,1.984732824427481,118.63409989015275,237.26819978030548,0.5521178148664561,0.0,0.0,1.0,inf,131.0,inf,208.0,1.0,207.0,0.0,0.0,0.0,0.0,0.0,0.0
259.0,131.0,391.0,260.0,130.0,1.984732824427481,118.63409989015275,237.26819978030548,0.5521178148664561,0.0,0.0,1.0,inf,131.0,inf,214.0,0.0,214.0,0.0,0.0,0.0,0.0,0.0,0.0
260.0,132.0,394.0,262.0,131.0,1.9848484848484849,119.60021246400046,239.2004249280009,0.551838484566789,0.0,0.0,1.0,inf,132.0,inf,210.0,1.0,209.0,0.0,0.0,0.0,0.0,0.0,0.0
261.0,132.0,394.0,262.0,131.0,1.9848484848484849,119.60021246400046,239.2004249280009,0.551838484566789,0.0,0.0,1.0,inf,132.0,inf,204.0,0.0,204.0,0.0,0.0,0.0,0.0,0.0,0.0
262.0,133.0,397.0,264.0,132.0,1.9849624060150375,120.48277996314638,240.96555992629274,0.5519460957021511,0.0,0.0,1.0,inf,133.0,inf,209.0,1.0,208.0,0.0,0.0,0.0,0.0,0.0,0.0
263.0,133.0,397.0,264.0,132.0,1.9849624060150375,120.48277996314638,240.96555992629274,0.5519460957021511,0.0,0.0,1.0,inf,133.0,inf,208.0,0.0,208.0,0.0,0.0,0.0,0.0,0.0,0.0
264.0,134.0,400.0,266.0,133.0,1.9850746268656716,121.37695655492966,242.7539131098593,0.5519993407453652,0.0,0.0,1.0,inf,134.0,inf,212.0,1.0,211.0,0.0,0.0,0.0,0.0,0.0,0.0
265.0,134.0,400.0,266.0,133.0,1.9850746268656716,121.37695655492966,242.7539131098593,0.5519993407453652,0.0,0.0,1.0,inf,134.0,inf,210.0,0.0,210.0,0.0,0.0,0.0,0.0,0.0,0.0
266.0,135.0,403.0,268.0,134.0,1.9851851851851852,122.31774449345626,244.6354889869125,0.5518414378840276,0.0,0.0,1.0,inf,135.0,inf,214.0,1.0,213.0,0.0,0.0,0.0,0.0,0.0,0.0
267.0,135.0,403.0,268.0,134.0,1.9851851851851852,122.31774449345626,244.6354889869125,0.5518414378840276,0.0,0.0,1.0,inf,135.0,inf,210.0,0.0,210.0,0.0,0.0,0.0,0.0,0.0,0.0
268.0,136.0,406.0,270.0,135.0,1.9852941176470589,123.18273712337226,246.3654742467445,0.5520254021624424,0.0,0.0,1.0,inf,136.0,inf,209.0,1.0,208.0,0.0,0.0,0.0,0.0,0.0,0.0
269.0,136.0,406.0,270.0,135.0,1.9852941176470589,123.18273712337226,246.3654742467445,0.5520254021624424,0.0,0.0,1.0,inf,136.0,inf,210.0,0.0,210.0,0.0,0.0,0.0,0.0,0.0,0.0
270.0,137.0,409.0,272.0,136.0,1.9854014598540146,124.1428731393893,248.28574627877856,0.5517835882780583,0.0,0.0,1.0,inf,137.0,inf,209.0,1.0,208.0,0.0,0.0,0.0,0.0,0.0,0.0
271.0,137.0,409.0,272.0,136.0,1.9854014598540146,124.1428731393893,248.28574627877856,0.5517835882780583,0.0,0.0,1.0,inf,137.0,inf,200.0,0.0,200.0,0.0,0.0,0.0,0.0,0.0,0.0
272.0,138.0,412.0,274.0,137.0,1.9855072463768115,125.1137736492278,250.22754729845556,0.5514980324504494,0.0,0.0,1.0,inf,138.0,inf,206.0,1.0,205.0,0.0,0.0,0.0,0.0,0.0,0.0
273.0,138.0,412.0,274.0,137.0,1.9855072463768115,125.1137736492278,250.22754729845556,0.5514980324504494,0.0,0.0,1.0,inf,138.0,inf,213.0,0.0,213.0,0.0,0.0,0.0,0.0,0.0,0.0
274.0,139.0,415.0,276.0,138.0,1.985611510791367,126.10906078615213,252.21812157230423,0.5511102815828101,0.0,0.0,1.0,inf,139.0,inf,209.0,1.0,208.0,0.0,0.0,0.0,0.0,0.0,0.0
275.0,139.0,415.0,276.0,138.0,1.985611510791367,126.10906078615213,252.21812157230423,0.5511102815828101,0.0,0.0,1.0,inf,139.0,inf,203.0,0.0,203.0,0.0,0.0,0.0,0.0,0.0,0.0
276.0,140.0,418.0,278.0,139.0,1.9857142857142858,127.08456751293049,254.16913502586095,0.5508143228553515,0.0,0.0,1.0,inf,140.0,inf,212.0,1.0,211.0,0.0,0.0,0.0,0.0,0.0,0.0
277.0,140.0,418.0,278.0,139.0,1.9857142857142858,127.08456751293049,254.16913502586095,0.5508143228553515,0.0,0.0,1.0,inf,140.0,inf,206.0,0.0,206.0,0.0,0.0,0.0,0.0,0.0,0.0
278.0,141.0,421.0,280.0,140.0,1.9858156028368794,127.9891409504345,255.97828190086898,0.5508279802214008,0.0,0.0,1.0,inf,141.0,inf,208.0,1.0,207.0,0.0,0.0,0.0,0.0,0.0,0.0
279.0,141.0,421.0,280.0,140.0,1.9858156028368794,127.9891409504345,255.97828190086898,0.5508279802214008,0.0,0.0,1.0,inf,141.0,inf,212.0,0.0,212.0,0.0,0.0,0.0,0.0,0.0,0.0
280.0,142.0,424.0,282.0,141.0,1.9859154929577465,128.9551877366147,257.91037547322935,0.5505788580217059,0.0,0.0,1.0,inf,142.0,inf,207.0,1.0,206.0,0.0,0.0,0.0,0.0,0.0,0.0
281.0,142.0,424.0,282.0,141.0,1.9859154929577465,128.9551877366147,257.91037547322935,0.5505788580217059,0.0,0.0,1.0,inf,142.0,inf,212.0,0.0,212.0,0.0,0.0,0.0,0.0,0.0,0.0
282.0,143.0,427.0,284.0,142.0,1.986013986013986,129.92681060771892,259.8536212154378,0.5503098218571388,0.0,0.0,1.0,inf,143.0,inf,214.0,1.0,213.0,0.0,0.0,0.0,0.0,0.0,0.0
283.0,143.0,427.0,284.0,142.0,1.986013986013986,129.92681060771892,259.8536212154378,0.5503098218571388,0.0,0.0,1.0,inf,143.0,inf,210.0,0.0,210.0,0.0,0.0,0.0,0.0,0.0,0.0
284.0,144.0,430.0,286.0,143.0,1.9861111111111112,130.8589864196122,261.71797283922433,0.5502105890467847,0.0,0.0,1.0,inf,144.0,inf,214.0,1.0,213.0,0.0,0.0,0.0,0.0,0.0,0.0
285.0,144.0,430.0,286.0,143.0,1.9861111111111112,130.8589864196122,261.71797283922433,0.5502105890467847,0.0,0.0,1.0,inf,144.0,inf,209.0,0.0,209.0,0.0,0.0,0.0,0.0,0.0,0.0
286.0,145.0,433.0,288.0,144.0,1.986206896551724,131.75783205031095,263.51566410062185,0.550251919539146,0.0,0.0,1.0,inf,145.0,inf,210.0,1.0,209.0,0.0,0.0,0.0,0.0,0.0,0.0
287.0,145.0,433.0,288.0,144.0,1.986206896551724,131.75783205031095,263.51566410062185,0.550251919539146,0.0,0.0,1.0,inf,145.0,inf,208.0,0.0,208.0,0.0,0.0,0.0,0.0,0.0,0.0
288.0,146.0,436.0,290.0,145.0,1.9863013698630136,132.66412546796724,265.3282509359344,0.550261796416292,0.0,0.0,1.0,inf,146.0,inf,207.0,1.0,206.0,0.0,0.0,0.0,0.0,0.0,0.0
289.0,146.0,436.0,290.0,145.0,1.9863013698630136,132.66412546796724,265.3282509359344,0.550261796416292,0.0,0.0,1.0,inf,146.0,inf,200.0,0.0,200.0,0.0,0.0,0.0,0.0,0.0,0.0
290.0,147.0,439.0,292.0,146.0,1.9863945578231292,133.64654282851347,267.2930856570269,0.549958109236768,0.0,0.0,1.0,inf,147.0,inf,214.0,1.0,213.0,0.0,0.0,0.0,0.0,0.0,0.0
291.0,147.0,439.0,292.0,146.0,1.9863945578231292,133.64654282851347,267.2930856570269,0.549958109236768,0.0,0.0,1.0,inf,147.0,inf,211.0,0.0,211.0,0.0,0.0,0.0,0.0,0.0,0.0
292.0,148.0,442.0,294.0,147.0,1.9864864864864864,134.61440157751755,269.22880315503505,0.54971830006901,0.0,0.0,1.0,inf,148.0,inf,215.0,1.0,214.0,0.0,0.0,0.0,0.0,0.0,0.0
293.0,148.0,442.0,294.0,147.0,1.9864864864864864,134.61440157751755,269.22880315503505,0.54971830006901,0.0,0.0,1.0,inf,148.0,inf,212.0,0.0,212.0,0.0,0.0,0.0,0.0,0.0,0.0
294.0,149.0,445.0,296.0,148.0,1.9865771812080537,135.5184693949001,271.03693878980016,0.5497405654937513,0.0,0.0,1.0,inf,149.0,inf,211.0,1.0,210.0,0.0,0.0,0.0,0.0,0.0,0.0
295.0,149.0,445.0,296.0,148.0,1.9865771812080537,135.5184693949001,271.03693878980016,0.5497405654937513,0.0,0.0,1.0,inf,149.0,inf,216.0,0.0,216.0,0.0,0.0,0.0,0.0,0.0,0.0
296.0,150.0,448.0,298.0,149.0,1.9866666666666666,136.38309206625698,272.7661841325139,0.5499215398604094,0.0,0.0,1.0,inf,150.0,inf,210.0,1.0,209.0,0.0,0.0,0.0,0.0,0.0,0.0
297.0,150.0,448.0,298.0,149.0,1.9866666666666666,136.38309206625698,272.7661841325139,0.5499215398604094,0.0,0.0,1.0,inf,150.0,inf,209.0,0.0,209.0,0.0,0.0,0.0,0.0,0.0,0.0
298.0,151.0,451.0,300.0,150.0,1.9867549668874172,137.36985946557468,274.7397189311493,0.5496111031468337,0.0,0.0,1.0,inf,151.0,inf,211.0,1.0,210.0,0.0,0.0,0.0,0.0,0.0,0.0
299.0,151.0,451.0,300.0,150.0,1.9867549668874172,137.36985946557468,274.7397189311493,0.5496111031468337,0.0,0.0,1.0,inf,151.0,inf,215.0,0.0,215.0,0.0,0.0,0.0,0.0,0.0,0.0
300.0,152.0,454.0,302.0,151.0,1.986842105263158,138.2395166597767,276.47903331955337,0.5497704407274855,0.0,0.0,1.0,inf,152.0,inf,214.0,1.0,213.0,0.0,0.0,0.0,0.0,0.0,0.0
301.0,152.0,454.0,302.0,151.0,1.986842105263158,138.2395166597767,276.47903331955337,0.5497704407274855,0.0,0.0,1.0,inf,152.0,inf,212.0,0.0,212.0,0.0,0.0,0.0,0.0,0.0,0.0
302.0,153.0,457.0,304.0,152.0,1.9869281045751634,139.18668757429202,278.373375148584,0.5496215287052328,0.0,0.0,1.0,inf,153.0,inf,211.0,1.0,210.0,0.0,0.0,0.0,0.0,0.0,0.0
303.0,153.0,457.0,304.0,152.0,1.9869281045751634,139.18668757429202,278.373375148584,0.5496215287052328,0.0,0.0,1.0,inf,153.0,inf,213.0,0.0,213.0,0.0,0.0,0.0,0.0,0.0,0.0
304.0,154.0,460.0,306.0,153.0,1.9870129870129871,140.04746951775803,280.094939035516,0.5498135758192789,0.0,0.0,1.0,inf,154.0,inf,215.0,1.0,214.0,0.0,0.0,0.0,0.0,0.0,0.0
305.0,154.0,460.0,306.0,153.0,1.9870129870129871,140.04746951775803,280.094939035516,0.5498135758192789,0.0,0.0,1.0,inf,154.0,inf,205.0,0.0,205.0,0.0,0.0,0.0,0.0,0.0,0.0
306.0,155.0,463.0,308.0,154.0,1.9870967741935484,140.99370672607023,281.9874134521404,0.5496699235702127,0.0,0.0,1.0,inf,155.0,inf,211.0,1.0,210.0,0.0,0.0,0.0,0.0,0.0,0.0
307.0,155.0,463.0,308.0,154.0,1.9870967741935484,140.99370672607023,281.9874134521404,0.5496699235702127,0.0,0.0,1.0,inf,155.0,inf,208.0,0.0,208.0,0.0,0.0,0.0,0.0,0.0,0.0
308.0,156.0,466.0,310.0,155.0,1.9871794871794872,141.97069744922035,283.94139489844065,0.5494091485174173,0.0,0.0,1.0,inf,156.0,inf,212.0,1.0,211.0,0.0,0.0,0.0,0.0,0.0,0.0
309.0,156.0,466.0,310.0,155.0,1.9871794871794872,141.97069744922035,283.94139489844065,0.5494091485174173,0.0,0.0,1.0,inf,156.0,inf,212.0,0.0,212.0,0.0,0.0,0.0,0.0,0.0,0.0
310.0,157.0,469.0,312.0,156.0,1.9872611464968153,142.96172618645778,285.9234523729155,0.549098014510656,0.0,0.0,1.0,inf,157.0,inf,218.0,1.0,217.0,0.0,0.0,0.0,0.0,0.0,0.0
311.0,157.0,469.0,312.0,156.0,1.9872611464968153,142.96172618645778,285.9234523729155,0.549098014510656,0.0,0.0,1.0,inf,157.0,inf,215.0,0.0,215.0,0.0,0.0,0.0,0.0,0.0,0.0
312.0,158.0,472.0,314.0,157.0,1.9873417721518987,143.85098409705267,287.7019681941053,0.5491794199106812,0.0,0.0,1.0,inf,158.0,inf,216.0,1.0,215.0,0.0,0.0,0.0,0.0,0.0,0.0
313.0,158.0,472.0,314.0,157.0,1.9873417721518987,143.85098409705267,287.7019681941053,0.5491794199106812,0.0,0.0,1.0,inf,158.0,inf,216.0,0.0,216.0,0.0,0.0,0.0,0.0,0.0,0.0
314.0,159.0,475.0,316.0,158.0,1.9874213836477987,144.82752694634058,289.6550538926811,0.5489287960392724,0.0,0.0,1.0,inf,159.0,inf,214.0,1.0,213.0,0.0,0.0,0.0,0.0,0.0,0.0
315.0,159.0,475.0,316.0,158.0,1.9874213836477987,144.82752694634058,289.6550538926811,0.5489287960392724,0.0,0.0,1.0,inf,159.0,inf,202.0,0.0,202.0,0.0,0.0,0.0,0.0,0.0,0.0
316.0,160.0,478.0,318.0,159.0,1.9875,145.77958373451145,291.55916746902284,0.548773689364439,0.0,0.0,1.0,inf,160.0,inf,211.0,1.0,210.0,0.0,0.0,0.0,0.0,0.0,0.0
317.0,160.0,478.0,318.0,159.0,1.9875,145.77958373451145,291.55916746902284,0.548773689364439,0.0,0.0,1.0,inf,160.0,inf,210.0,0.0,210.0,0.0,0.0,0.0,0.0,0.0,0.0
318.0,161.0,481.0,320.0,160.0,1.9875776397515528,146.70816272807573,293.4163254561514,0.5487083915651452,0.0,0.0,1.0,inf,161.0,inf,214.0,1.0,213.0,0.0,0.0,0.0,0.0,0.0,0.0
319.0,161.0,481.0,320.0,160.0,1.9875776397515528,146.70816272807573,293.4163254561514,0.5487083915651452,0.0,0.0,1.0,inf,161.0,inf,215.0,0.0,215.0,0.0,0.0,0.0,0.0,0.0,0.0
320.0,162.0,484.0,322.0,161.0,1.9876543209876543,147.62538402669793,295.2507680533958,0.5486861255876647,0.0,0.0,1.0,inf,162.0,inf,211.0,1.0,210.0,0.0,0.0,0.0,0.0,0.0,0.0
321.0,162.0,484.0,322.0,161.0,1.9876543209876543,147.62538402669793,295.2507680533958,0.5486861255876647,0.0,0.0,1.0,inf,162.0,inf,212.0,0.0,212.0,0.0,0.0,0.0,0.0,0.0,0.0
322.0,163.0,487.0,324.0,162.0,1.9877300613496933,148.4926496744197,296.98529934883936,0.5488487152643201,0.0,0.0,1.0,inf,163.0,inf,212.0,1.0,211.0,0.0,0.0,0.0,0.0,0.0,0.0
323.0,163.0,487.0,324.0,162.0,1.9877300613496933,148.4926496744197,296.98529934883936,0.5488487152643201,0.0,0.0,1.0,inf,163.0,inf,212.0,0.0,212.0,0.0,0.0,0.0,0.0,0.0,0.0
324.0,164.0,490.0,326.0,163.0,1.9878048780487805,149.41360310253674,298.8272062050734,0.5488121449271698,0.0,0.0,1.0,inf,164.0,inf,215.0,1.0,214.0,0.0,0.0,0.0,0.0,0.0,0.0
325.0,164.0,490.0,326.0,163.0,1.9878048780487805,149.41360310253674,298.8272062050734,0.5488121449271698,0.0,0.0,1.0,inf,164.0,inf,208.0,0.0,208.0,0.0,0.0,0.0,0.0,0.0,0.0
326.0,165.0,493.0,328.0,164.0,1.9878787878787878,150.26629672657964,300.5325934531592,0.5490253090492722,0.0,0.0,1.0,inf,165.0,inf,215.0,1.0,214.0,0.0,0.0,0.0,0.0,0.0,0.0
327.0,165.0,493.0,328.0,164.0,1.9878787878787878,150.26629672657964,300.5325934531592,0.5490253090492722,0.0,0.0,1.0,inf,165.0,inf,212.0,0.0,212.0,0.0,0.0,0.0,0.0,0.0,0.0
328.0,166.0,496.0,330.0,165.0,1.9879518072289157,151.2134461163022,302.42689223260436,0.5488929862504591,0.0,0.0,1.0,inf,166.0,inf,217.0,1.0,216.0,0.0,0.0,0.0,0.0,0.0,0.0
329.0,166.0,496.0,330.0,165.0,1.9879518072289157,151.2134461163022,302.42689223260436,0.5488929862504591,0.0,0.0,1.0,inf,166.0,inf,212.0,0.0,212.0,0.0,0.0,0.0,0.0,0.0,0.0
330.0,167.0,499.0,332.0,166.0,1.9880239520958083,152.08180315261586,304.16360630523167,0.5490466201022537,0.0,0.0,1.0,inf,167.0,inf,213.0,1.0,212.0,0.0,0.0,0.0,0.0,0.0,0.0
331.0,167.0,499.0,332.0,166.0,1.9880239520958083,152.08180315261586,304.16360630523167,0.5490466201022537,0.0,0.0,1.0,inf,167.0,inf,214.0,0.0,214.0,0.0,0.0,0.0,0.0,0.0,0.0
332.0,168.0,502.0,334.0,167.0,1.9880952380952381,152.97905010601258,305.9581002120251,0.5490947939720443,0.0,0.0,1.0,inf,168.0,inf,215.0,1.0,214.0,0.0,0.0,0.0,0.0,0.0,0.0
333.0,168.0,502.0,334.0,167.0,1.9880952380952381,152.97905010601258,305.9581002120251,0.5490947939720443,0.0,0.0,1.0,inf,168.0,inf,214.0,0.0,214.0,0.0,0.0,0.0,0.0,0.0,0.0
334.0,169.0,505.0,336.0,168.0,1.9881656804733727,153.83385139199945,307.66770278399883,0.5492939248116274,0.0,0.0,1.0,inf,169.0,inf,212.0,1.0,211.0,0.0,0.0,0.0,0.0,0.0,0.0
335.0,169.0,505.0,336.0,168.0,1.9881656804733727,153.83385139199945,307.66770278399883,0.5492939248116274,0.0,0.0,1.0,inf,169.0,inf,210.0,0.0,210.0,0.0,0.0,0.0,0.0,0.0,0.0
336.0,170.0,508.0,338.0,169.0,1.988235294117647,154.78021769138707,309.5604353827741,0.5491657866089817,0.0,0.0,1.0,inf,170.0,inf,217.0,1.0,216.0,0.0,0.0,0.0,0.0,0.0,0.0
337.0,170.0,508.0,338.0,169.0,1.988235294117647,154.78021769138707,309.5604353827741,0.5491657866089817,0.0,0.0,1.0,inf,170.0,inf,213.0,0.0,213.0,0.0,0.0,0.0,0.0,0.0,0.0
338.0,171.0,511.0,340.0,170.0,1.9883040935672514,155.7484137289352,311.4968274578703,0.5489622523463024,0.0,0.0,1.0,inf,171.0,inf,212.0,1.0,211.0,0.0,0.0,0.0,0.0,0.0,0.0
339.0,171.0,511.0,340.0,170.0,1.9883040935672514,155.7484137289352,311.4968274578703,0.5489622523463024,0.0,0.0,1.0,inf,171.0,inf,213.0,0.0,213.0,0.0,0.0,0.0,0.0,0.0,0.0
340.0,172.0,514.0,342.0,171.0,1.9883720930232558,156.7424040062721,313.48480801254414,0.5486709263216271,0.0,0.0,1.0,inf,172.0,inf,214.0,1.0,213.0,0.0,0.0,0.0,0.0,0.0,0.0
341.0,172.0,514.0,342.0,171.0,1.9883720930232558,156.7424040062721,313.48480801254414,0.5486709263216271,0.0,0.0,1.0,inf,172.0,inf,212.0,0.0,212.0,0.0,0.0,0.0,0.0,0.0,0.0
342.0,173.0,517.0,344.0,172.0,1.9884393063583814,157.6779189644393,315.35583792887854,0.5485866414783679,0.0,0.0,1.0,inf,173.0,inf,218.0,1.0,217.0,0.0,0.0,0.0,0.0,0.0,0.0
343.0,173.0,517.0,344.0,172.0,1.9884393063583814,157.6779189644393,315.35583792887854,0.5485866414783679,0.0,0.0,1.0,inf,173.0,inf,210.0,0.0,210.0,0.0,0.0,0.0,0.0,0.0,0.0
344.0,174.0,520.0,346.0,173.0,1.9885057471264367,158.5730653888898,317.14613077777955,0.5486429854063699,0.0,0.0,1.0,inf,174.0,inf,214.0,1.0,213.0,0.0,0.0,0.0,0.0,0.0,0.0
345.0,174.0,520.0,346.0,173.0,1.9885057471264367,158.5730653888898,317.14613077777955,0.5486429854063699,0.0,0.0,1.0,inf,174.0,inf,208.0,0.0,208.0,0.0,0.0,0.0,0.0,0.0,0.0
346.0,175.0,523.0,348.0,174.0,1.9885714285714287,159.5479098145962,319.09581962919236,0.5484246086437611,0.0,0.0,1.0,inf,175.0,inf,207.0,1.0,206.0,0.0,0.0,0.0,0.0,0.0,0.0
347.0,175.0,523.0,348.0,174.0,1.9885714285714287,159.5479098145962,319.09581962919236,0.5484246086437611,0.0,0.0,1.0,inf,175.0,inf,210.0,0.0,210.0,0.0,0.0,0.0,0.0,0.0,0.0
348.0,176.0,526.0,350.0,175.0,1.9886363636363635,160.4806820511387,320.96136410227734,0.5483526046577867,0.0,0.0,1.0,inf,176.0,inf,217.0,1.0,216.0,0.0,0.0,0.0,0.0,0.0,0.0
349.0,176.0,526.0,350.0,175.0,1.9886363636363635,160.4806820511387,320.96136410227734,0.5483526046577867,0.0,0.0,1.0,inf,176.0,inf,213.0,0.0,213.0,0.0,0.0,0.0,0.0,0.0,0.0
350.0,177.0,529.0,352.0,176.0,1.9887005649717515,161.47340423142393,322.9468084628478,0.548077873388745,0.0,0.0,1.0,inf,177.0,inf,214.0,1.0,213.0,0.0,0.0,0.0,0.0,0.0,0.0
351.0,177.0,529.0,352.0,176.0,1.9887005649717515,161.47340423142393,322.9468084628478,0.548077873388745,0.0,0.0,1.0,inf,177.0,inf,213.0,0.0,213.0,0.0,0.0,0.0,0.0,0.0,0.0
352.0,178.0,532.0,354.0,177.0,1.9887640449438202,162.46604097057815,324.93208194115624,0.5478067876111876,0.0,0.0,1.0,inf,178.0,inf,213.0,1.0,212.0,0.0,0.0,0.0,0.0,0.0,0.0
353.0,178.0,532.0,354.0,177.0,1.9887640449438202,162.46604097057815,324.93208194115624,0.5478067876111876,0.0,0.0,1.0,inf,178.0,inf,210.0,0.0,210.0,0.0,0.0,0.0,0.0,0.0,0.0
354.0,179.0,535.0,356.0,178.0,1.988826815642458,163.3340398568969,326.66807971379376,0.5479568134016297,0.0,0.0,1.0,inf,179.0,inf,212.0,1.0,211.0,0.0,0.0,0.0,0.0,0.0,0.0
355.0,179.0,535.0,356.0,178.0,1.988826815642458,163.3340398568969,326.66807971379376,0.5479568134016297,0.0,0.0,1.0,inf,179.0,inf,209.0,0.0,209.0,0.0,0.0,0.0,0.0,0.0,0.0
356.0,180.0,538.0,358.0,179.0,1.988888888888889,164.29400283037563,328.5880056607512,0.5477984494231356,0.0,0.0,1.0,inf,180.0,inf,216.0,1.0,215.0,0.0,0.0,0.0,0.0,0.0,0.0
357.0,180.0,538.0,358.0,179.0,1.988888888888889,164.29400283037563,328.5880056607512,0.5477984494231356,0.0,0.0,1.0,inf,180.0,inf,206.0,0.0,206.0,0.0,0.0,0.0,0.0,0.0,0.0
358.0,181.0,541.0,360.0,180.0,1.988950276243094,165.2224883796045,330.44497675920894,0.5477462595289878,0.0,0.0,1.0,inf,181.0,inf,214.0,1.0,213.0,0.0,0.0,0.0,0.0,0.0,0.0
359.0,181.0,541.0,360.0,180.0,1.988950276243094,165.2224883796045,330.44497675920894,0.5477462595289878,0.0,0.0,1.0,inf,181.0,inf,213.0,0.0,213.0,0.0,0.0,0.0,0.0,0.0,0.0
360.0,182.0,544.0,362.0,181.0,1.989010989010989,166.15752715789324,332.3150543157864,0.547673051931774,0.0,0.0,1.0,inf,182.0,inf,213.0,1.0,212.0,0.0,0.0,0.0,0.0,0.0,0.0
361.0,182.0,544.0,362.0,181.0,1.989010989010989,166.15752715789324,332.3150543157864,0.547673051931774,0.0,0.0,1.0,inf,182.0,inf,210.0,0.0,210.0,0.0,0.0,0.0,0.0,0.0,0.0
362.0,183.0,547.0,364.0,182.0,1.989071038251366,167.04966246005546,334.09932492011086,0.5477413043075097,0.0,0.0,1.0,inf,183.0,inf,213.0,1.0,212.0,0.0,0.0,0.0,0.0,0.0,0.0
363.0,183.0,547.0,364.0,182.0,1.989071038251366,167.04966246005546,334.09932492011086,0.5477413043075097,0.0,0.0,1.0,inf,183.0,inf,207.0,0.0,207.0,0.0,0.0,0.0,0.0,0.0,0.0
364.0,184.0,550.0,366.0,183.0,1.9891304347826086,168.0092332083787,336.01846641675735,0.5475889523636724,0.0,0.0,1.0,inf,184.0,inf,212.0,1.0,211.0,0.0,0.0,0.0,0.0,0.0,0.0
365.0,184.0,550.0,366.0,183.0,1.9891304347826086,168.0092332083787,336.01846641675735,0.5475889523636724,0.0,0.0,1.0,inf,184.0,inf,211.0,0.0,211.0,0.0,0.0,0.0,0.0,0.0,0.0
366.0,184.0,550.0,366.0,183.0,1.9891304347826086,168.0092332083787,336.01846641675735,0.5475889523636724,0.0,0.0,1.0,inf,184.0,inf,220.0,0.0,220.0,0.0,0.0,0.0,0.0,0.0,0.0
367.0,185.0,553.0,368.0,184.0,1.9891891891891893,168.95679968067233,337.9135993613446,0.547477225982172,0.0,0.0,1.0,inf,185.0,inf,215.0,1.0,214.0,0.0,0.0,0.0,0.0,0.0,0.0
368.0,185.0,553.0,368.0,184.0,1.9891891891891893,168.95679968067233,337.9135993613446,0.547477225982172,0.0,0.0,1.0,inf,185.0,inf,210.0,0.0,210.0,0.0,0.0,0.0,0.0,0.0,0.0
369.0,186.0,556.0,370.0,185.0,1.989247311827957,169.87998275195565,339.75996550391125,0.5474453110569873,0.0,0.0,1.0,inf,186.0,inf,209.0,1.0,208.0,0.0,0.0,0.0,0.0,0.0,0.0
370.0,186.0,556.0,370.0,185.0,1.989247311827957,169.87998275195565,339.75996550391125,0.5474453110569873,0.0,0.0,1.0,inf,186.0,inf,214.0,0.0,214.0,0.0,0.0,0.0,0.0,0.0,0.0
371.0,186.0,556.0,370.0,185.0,1.989247311827957,169.87998275195565,339.75996550391125,0.5474453110569873,0.0,0.0,1.0,inf,186.0,inf,220.0,0.0,220.0,0.0,0.0,0.0,0.0,0.0,0.0
372.0,187.0,559.0,372.0,186.0,1.9893048128342246,170.8381535362005,341.67630707240096,0.5473016306055276,0.0,0.0,1.0,inf,187.0,inf,216.0,1.0,215.0,0.0,0.0,0.0,0.0,0.0,0.0
373.0,187.0,559.0,372.0,186.0,1.9893048128342246,170.8381535362005,341.67630707240096,0.5473016306055276,0.0,0.0,1.0,inf,187.0,inf,212.0,0.0,212.0,0.0,0.0,0.0,0.0,0.0,0.0
374.0,188.0,562.0,374.0,187.0,1.9893617021276595,171.71675757205762,343.4335151441152,0.5474130849492352,0.0,0.0,1.0,inf,188.0,inf,216.0,1.0,215.0,0.0,0.0,0.0,0.0,0.0,0.0
375.0,188.0,562.0,374.0,187.0,1.9893617021276595,171.71675757205762,343.4335151441152,0.5474130849492352,0.0,0.0,1.0,inf,188.0,inf,215.0,0.0,215.0,0.0,0.0,0.0,0.0,0.0,0.0
376.0,189.0,565.0,376.0,188.0,1.9894179894179893,172.61973608215888,345.2394721643177,0.5474460924620025,0.0,0.0,1.0,inf,189.0,inf,212.0,1.0,211.0,0.0,0.0,0.0,0.0,0.0,0.0
377.0,189.0,565.0,376.0,188.0,1.9894179894179893,172.61973608215888,345.2394721643177,0.5474460924620025,0.0,0.0,1.0,inf,189.0,inf,215.0,0.0,215.0,0.0,0.0,0.0,0.0,0.0,0.0
378.0,190.0,568.0,378.0,189.0,1.9894736842105263,173.6103666142019,347.22073322840373,0.5472023465690251,0.0,0.0,1.0,inf,190.0,inf,215.0,1.0,214.0,0.0,0.0,0.0,0.0,0.0,0.0
379.0,190.0,568.0,378.0,189.0,1.9894736842105263,173.6103666142019,347.22073322840373,0.5472023465690251,0.0,0.0,1.0,inf,190.0,inf,214.0,0.0,214.0,0.0,0.0,0.0,0.0,0.0,0.0
380.0,191.0,571.0,380.0,190.0,1.9895287958115184,174.54066516962044,349.0813303392408,0.5471504299997488,0.0,0.0,1.0,inf,191.0,inf,215.0,1.0,214.0,0.0,0.0,0.0,0.0,0.0,0.0
381.0,191.0,571.0,380.0,190.0,1.9895287958115184,174.54066516962044,349.0813303392408,0.5471504299997488,0.0,0.0,1.0,inf,191.0,inf,217.0,0.0,217.0,0.0,0.0,0.0,0.0,0.0,0.0
382.0,192.0,574.0,382.0,191.0,1.9895833333333333,175.53762505945795,351.07525011891585,0.5468913001841228,0.0,0.0,1.0,inf,192.0,inf,212.0,1.0,211.0,0.0,0.0,0.0,0.0,0.0,0.0
383.0,192.0,574.0,382.0,191.0,1.9895833333333333,175.53762505945795,351.07525011891585,0.5468913001841228,0.0,0.0,1.0,inf,192.0,inf,213.0,0.0,213.0,0.0,0.0,0.0,0.0,0.0,0.0
384.0,193.0,577.0,384.0,192.0,1.9896373056994818,176.4409999232759,352.88199984655176,0.5469250346685993,0.0,0.0,1.0,inf,193.0,inf,212.0,1.0,211.0,0.0,0.0,0.0,0.0,0.0,0.0
385.0,193.0,577.0,384.0,192.0,1.9896373056994818,176.4409999232759,352.88199984655176,0.5469250346685993,0.0,0.0,1.0,inf,193.0,inf,217.0,0.0,217.0,0.0,0.0,0.0,0.0,0.0,0.0
386.0,193.0,577.0,384.0,192.0,1.9896373056994818,176.4409999232759,352.88199984655176,0.5469250346685993,0.0,0.0,1.0,inf,193.0,inf,220.0,0.0,220.0,0.0,0.0,0.0,0.0,0.0,0.0
387.0,194.0,580.0,386.0,193.0,1.9896907216494846,177.4265477670638,354.85309553412753,0.5467051082307447,0.0,0.0,1.0,inf,194.0,inf,214.0,1.0,213.0,0.0,0.0,0.0,0.0,0.0,0.0
388.0,194.0,580.0,386.0,193.0,1.9896907216494846,177.4265477670638,354.85309553412753,0.5467051082307447,0.0,0.0,1.0,inf,194.0,inf,212.0,0.0,212.0,0.0,0.0,0.0,0.0,0.0,0.0
389.0,195.0,583.0,388.0,194.0,1.9897435897435898,178.41359864721647,356.8271972944329,0.5464830076814392,0.0,0.0,1.0,inf,195.0,inf,211.0,1.0,210.0,0.0,0.0,0.0,0.0,0.0,0.0
390.0,195.0,583.0,388.0,194.0,1.9897435897435898,178.41359864721647,356.8271972944329,0.5464830076814392,0.0,0.0,1.0,inf,195.0,inf,216.0,0.0,216.0,0.0,0.0,0.0,0.0,0.0,0.0
391.0,196.0,586.0,390.0,195.0,1.989795918367347,179.36763335896475,358.73526671792945,0.5463639016961027,0.0,0.0,1.0,inf,196.0,inf,219.0,1.0,218.0,0.0,0.0,0.0,0.0,0.0,0.0
392.0,196.0,586.0,390.0,195.0,1.989795918367347,179.36763335896475,358.73526671792945,0.5463639016961027,0.0,0.0,1.0,inf,196.0,inf,210.0,0.0,210.0,0.0,0.0,0.0,0.0,0.0,0.0
393.0,196.0,586.0,390.0,195.0,1.989795918367347,179.36763335896475,358.73526671792945,0.5463639016961027,0.0,0.0,1.0,inf,196.0,inf,220.0,0.0,220.0,0.0,0.0,0.0,0.0,0.0,0.0
394.0,197.0,589.0,392.0,196.0,1.9898477157360406,180.33658877733023,360.6731775546604,0.5462008606673958,0.0,0.0,1.0,inf,197.0,inf,209.0,1.0,208.0,0.0,0.0,0.0,0.0,0.0,0.0
395.0,197.0,589.0,392.0,196.0,1.9898477157360406,180.33658877733023,360.6731775546604,0.5462008606673958,0.0,0.0,1.0,inf,197.0,inf,215.0,0.0,215.0,0.0,0.0,0.0,0.0,0.0,0.0
396.0,198.0,592.0,394.0,197.0,1.9898989898989898,181.2327978401612,362.46559568032234,0.5462587411320182,0.0,0.0,1.0,inf,198.0,inf,213.0,1.0,212.0,0.0,0.0,0.0,0.0,0.0,0.0
397.0,198.0,592.0,394.0,197.0,1.9898989898989898,181.2327978401612,362.46559568032234,0.5462587411320182,0.0,0.0,1.0,inf,198.0,inf,209.0,0.0,209.0,0.0,0.0,0.0,0.0,0.0,0.0
398.0,199.0,595.0,396.0,198.0,1.9899497487437185,182.09904647356447,364.1980929471289,0.5464059363674073,0.0,0.0,1.0,inf,199.0,inf,215.0,1.0,214.0,0.0,0.0,0.0,0.0,0.0,0.0
399.0,199.0,595.0,396.0,198.0,1.9899497487437185,182.09904647356447,364.1980929471289,0.5464059363674073,0.0,0.0,1.0,inf,199.0,inf,213.0,0.0,213.0,0.0,0.0,0.0,0.0,0.0,0.0
400.0,200.0,598.0,398.0,199.0,1.99,183.05172490009363,366.1034498001872,0.546293677672681,0.0,0.0,1.0,inf,200.0,inf,210.0,1.0,209.0,0.0,0.0,0.0,0.0,0.0,0.0
401.0,200.0,598.0,398.0,199.0,1.99,183.05172490009363,366.1034498001872,0.546293677672681,0.0,0.0,1.0,inf,200.0,inf,214.0,0.0,214.0,0.0,0.0,0.0,0.0,0.0,0.0
402.0,201.0,601.0,400.0,200.0,1.9900497512437811,184.04043241669072,368.0808648333814,0.5460756567472921,0.0,0.0,1.0,inf,201.0,inf,216.0,1.0,215.0,0.0,0.0,0.0,0.0,0.0,0.0
403.0,201.0,601.0,400.0,200.0,1.9900497512437811,184.04043241669072,368.0808648333814,0.5460756567472921,0.0,0.0,1.0,inf,201.0,inf,214.0,0.0,214.0,0.0,0.0,0.0,0.0,0.0,0.0
404.0,202.0,604.0,402.0,201.0,1.99009900990099,184.9041283753352,369.80825675067035,0.5462290154765016,0.0,0.0,1.0,inf,202.0,inf,214.0,1.0,213.0,0.0,0.0,0.0,0.0,0.0,0.0
405.0,202.0,604.0,402.0,201.0,1.99009900990099,184.9041283753352,369.80825675067035,0.5462290154765016,0.0,0.0,1.0,inf,202.0,inf,213.0,0.0,213.0,0.0,0.0,0.0,0.0,0.0,0.0
406.0,203.0,607.0,404.0,202.0,1.9901477832512315,185.8312911437729,371.6625822875457,0.5461943431339132,0.0,0.0,1.0,inf,203.0,inf,215.0,1.0,214.0,0.0,0.0,0.0,0.0,0.0,0.0
407.0,203.0,607.0,404.0,202.0,1.9901477832512315,185.8312911437729,371.6625822875457,0.5461943431339132,0.0,0.0,1.0,inf,203.0,inf,213.0,0.0,213.0,0.0,0.0,0.0,0.0,0.0,0.0
408.0,204.0,610.0,406.0,203.0,1.9901960784313726,186.75187345031952,373.503746900639,0.546179259760596,0.0,0.0,1.0,inf,204.0,inf,215.0,1.0,214.0,0.0,0.0,0.0,0.0,0.0,0.0
409.0,204.0,610.0,406.0,203.0,1.9901960784313726,186.75187345031952,373.503746900639,0.546179259760596,0.0,0.0,1.0,inf,204.0,inf,216.0,0.0,216.0,0.0,0.0,0.0,0.0,0.0,0.0
410.0,205.0,613.0,408.0,204.0,1.9902439024390244,187.7318744324775,375.46374886495494,0.5459914588817826,0.0,0.0,1.0,inf,205.0,inf,214.0,1.0,213.0,0.0,0.0,0.0,0.0,0.0,0.0
411.0,205.0,613.0,408.0,204.0,1.9902439024390244,187.7318744324775,375.46374886495494,0.5459914588817826,0.0,0.0,1.0,inf,205.0,inf,209.0,0.0,209.0,0.0,0.0,0.0,0.0,0.0,0.0
412.0,206.0,616.0,410.0,205.0,1.9902912621359223,188.61289071221975,377.22578142443945,0.5460920492287801,0.0,0.0,1.0,inf,206.0,inf,216.0,1.0,215.0,0.0,0.0,0.0,0.0,0.0,0.0
413.0,206.0,616.0,410.0,205.0,1.9902912621359223,188.61289071221975,377.22578142443945,0.5460920492287801,0.0,0.0,1.0,inf,206.0,inf,215.0,0.0,215.0,0.0,0.0,0.0,0.0,0.0,0.0
414.0,207.0,619.0,412.0,206.0,1.9903381642512077,189.51021618326791,379.0204323665358,0.5461446991327856,0.0,0.0,1.0,inf,207.0,inf,214.0,1.0,213.0,0.0,0.0,0.0,0.0,0.0,0.0
415.0,207.0,619.0,412.0,206.0,1.9903381642512077,189.51021618326791,379.0204323665358,0.5461446991327856,0.0,0.0,1.0,inf,207.0,inf,208.0,0.0,208.0,0.0,0.0,0.0,0.0,0.0,0.0
416.0,208.0,622.0,414.0,207.0,1.9903846153846154,190.39651503180352,380.793030063607,0.5462284852358145,0.0,0.0,1.0,inf,208.0,inf,215.0,1.0,214.0,0.0,0.0,0.0,0.0,0.0,0.0
417.0,208.0,622.0,414.0,207.0,1.9903846153846154,190.39651503180352,380.793030063607,0.5462284852358145,0.0,0.0,1.0,inf,208.0,inf,216.0,0.0,216.0,0.0,0.0,0.0,0.0,0.0,0.0
418.0,209.0,625.0,416.0,208.0,1.9904306220095693,191.28978056051125,382.57956112102244,0.5462915985046218,0.0,0.0,1.0,inf,209.0,inf,211.0,1.0,210.0,0.0,0.0,0.0,0.0,0.0,0.0
419.0,209.0,625.0,416.0,208.0,1.9904306220095693,191.28978056051125,382.57956112102244,0.5462915985046218,0.0,0.0,1.0,inf,209.0,inf,209.0,0.0,209.0,0.0,0.0,0.0,0.0,0.0,0.0
420.0,210.0,628.0,418.0,209.0,1.9904761904761905,192.16132918431316,384.32265836862626,0.5464158706941935,0.0,0.0,1.0,inf,210.0,inf,218.0,1.0,217.0,0.0,0.0,0.0,0.0,0.0,0.0
421.0,210.0,628.0,418.0,209.0,1.9904761904761905,192.16132918431316,384.32265836862626,0.5464158706941935,0.0,0.0,1.0,inf,210.0,inf,215.0,0.0,215.0,0.0,0.0,0.0,0.0,0.0,0.0
422.0,211.0,631.0,420.0,210.0,1.990521327014218,193.04921380720643,386.0984276144128,0.5464927720729301,0.0,0.0,1.0,inf,211.0,inf,216.0,1.0,215.0,0.0,0.0,0.0,0.0,0.0,0.0
423.0,211.0,631.0,420.0,210.0,1.990521327014218,193.04921380720643,386.0984276144128,0.5464927720729301,0.0,0.0,1.0,inf,211.0,inf,214.0,0.0,214.0,0.0,0.0,0.0,0.0,0.0,0.0
424.0,212.0,634.0,422.0,211.0,1.990566037735849,193.91789489083789,387.8357897816757,0.5466230956130714,0.0,0.0,1.0,inf,212.0,inf,214.0,1.0,213.0,0.0,0.0,0.0,0.0,0.0,0.0
425.0,212.0,634.0,422.0,211.0,1.990566037735849,193.91789489083789,387.8357897816757,0.5466230956130714,0.0,0.0,1.0,inf,212.0,inf,215.0,0.0,215.0,0.0,0.0,0.0,0.0,0.0,0.0
426.0,213.0,637.0,424.0,212.0,1.9906103286384977,194.87576559895032,389.7515311979006,0.5465020223149475,0.0,0.0,1.0,inf,213.0,inf,216.0,1.0,215.0,0.0,0.0,0.0,0.0,0.0,0.0
427.0,213.0,637.0,424.0,212.0,1.9906103286384977,194.87576559895032,389.7515311979006,0.5465020223149475,0.0,0.0,1.0,inf,213.0,inf,209.0,0.0,209.0,0.0,0.0,0.0,0.0,0.0,0.0
428.0,214.0,640.0,426.0,213.0,1.9906542056074767,195.83843533220778,391.6768706644155,0.5463687443095226,0.0,0.0,1.0,inf,214.0,inf,215.0,1.0,214.0,0.0,0.0,0.0,0.0,0.0,0.0
429.0,214.0,640.0,426.0,213.0,1.9906542056074767,195.83843533220778,391.6768706644155,0.5463687443095226,0.0,0.0,1.0,inf,214.0,inf,214.0,0.0,214.0,0.0,0.0,0.0,0.0,0.0,0.0
430.0,215.0,643.0,428.0,214.0,1.9906976744186047,196.69536747702767,393.3907349540553,0.5465304108524828,0.0,0.0,1.0,inf,215.0,inf,218.0,1.0,217.0,0.0,0.0,0.0,0.0,0.0,0.0
431.0,215.0,643.0,428.0,214.0,1.9906976744186047,196.69536747702767,393.3907349540553,0.5465304108524828,0.0,0.0,1.0,inf,215.0,inf,214.0,0.0,214.0,0.0,0.0,0.0,0.0,0.0,0.0
432.0,216.0,646.0,430.0,215.0,1.9907407407407407,197.66711169301811,395.3342233860362,0.5463731375188335,0.0,0.0,1.0,inf,216.0,inf,215.0,1.0,214.0,0.0,0.0,0.0,0.0,0.0,0.0
433.0,216.0,646.0,430.0,215.0,1.9907407407407407,197.66711169301811,395.3342233860362,0.5463731375188335,0.0,0.0,1.0,inf,216.0,inf,213.0,0.0,213.0,0.0,0.0,0.0,0.0,0.0,0.0
434.0,217.0,649.0,432.0,216.0,1.9907834101382489,198.5569532474483,397.1139064948965,0.5464427119043457,0.0,0.0,1.0,inf,217.0,inf,215.0,1.0,214.0,0.0,0.0,0.0,0.0,0.0,0.0
435.0,217.0,649.0,432.0,216.0,1.9907834101382489,198.5569532474483,397.1139064948965,0.5464427119043457,0.0,0.0,1.0,inf,217.0,inf,214.0,0.0,214.0,0.0,0.0,0.0,0.0,0.0,0.0
436.0,218.0,652.0,434.0,217.0,1.9908256880733946,199.5203506049172,399.04070120983437,0.5463101867530183,0.0,0.0,1.0,inf,218.0,inf,216.0,1.0,215.0,0.0,0.0,0.0,0.0,0.0,0.0
437.0,218.0,652.0,434.0,217.0,1.9908256880733946,199.5203506049172,399.04070120983437,0.5463101867530183,0.0,0.0,1.0,inf,218.0,inf,215.0,0.0,215.0,0.0,0.0,0.0,0.0,0.0,0.0
438.0,219.0,655.0,436.0,218.0,1.9908675799086757,200.4284805026124,400.8569610052247,0.546329542215797,0.0,0.0,1.0,inf,219.0,inf,217.0,1.0,216.0,0.0,0.0,0.0,0.0,0.0,0.0
439.0,219.0,655.0,436.0,218.0,1.9908675799086757,200.4284805026124,400.8569610052247,0.546329542215797,0.0,0.0,1.0,inf,219.0,inf,215.0,0.0,215.0,0.0,0.0,0.0,0.0,0.0,0.0
440.0,220.0,658.0,438.0,219.0,1.990909090909091,201.2850982568972,402.5701965137943,0.5464885426322452,0.0,0.0,1.0,inf,220.0,inf,216.0,1.0,215.0,0.0,0.0,0.0,0.0,0.0,0.0
441.0,220.0,658.0,438.0,219.0,1.990909090909091,201.2850982568972,402.5701965137943,0.5464885426322452,0.0,0.0,1.0,inf,220.0,inf,217.0,0.0,217.0,0.0,0.0,0.0,0.0,0.0,0.0
442.0,220.0,658.0,438.0,219.0,1.990909090909091,201.2850982568972,402.5701965137943,0.5464885426322452,0.0,0.0,1.0,inf,220.0,inf,220.0,0.0,220.0,0.0,0.0,0.0,0.0,0.0,0.0
443.0,221.0,661.0,440.0,220.0,1.990950226244344,202.1384019785583,404.27680395711656,0.5466551576464982,0.0,0.0,1.0,inf,221.0,inf,216.0,1.0,215.0,0.0,0.0,0.0,0.0,0.0,0.0
444.0,221.0,661.0,440.0,220.0,1.990950226244344,202.1384019785583,404.27680395711656,0.5466551576464982,0.0,0.0,1.0,inf,221.0,inf,213.0,0.0,213.0,0.0,0.0,0.0,0.0,0.0,0.0
445.0,221.0,661.0,440.0,220.0,1.990950226244344,202.1384019785583,404.27680395711656,0.5466551576464982,0.0,0.0,1.0,inf,221.0,inf,220.0,0.0,220.0,0.0,0.0,0.0,0.0,0.0,0.0
446.0,222.0,664.0,442.0,221.0,1.990990990990991,203.05187438806803,406.103748776136,0.5466583371097545,0.0,0.0,1.0,inf,222.0,inf,212.0,1.0,211.0,0.0,0.0,0.0,0.0,0.0,0.0
447.0,222.0,664.0,442.0,221.0,1.990990990990991,203.05187438806803,406.103748776136,0.5466583371097545,0.0,0.0,1.0,inf,222.0,inf,215.0,0.0,215.0,0.0,0.0,0.0,0.0,0.0,0.0
448.0,223.0,667.0,444.0,222.0,1.9910313901345291,204.0447695521596,408.08953910431916,0.5464487045893007,0.0,0.0,1.0,inf,223.0,inf,210.0,1.0,209.0,0.0,0.0,0.0,0.0,0.0,0.0
449.0,223.0,667.0,444.0,222.0,1.9910313901345291,204.0447695521596,408.08953910431916,0.5464487045893007,0.0,0.0,1.0,inf,223.0,inf,213.0,0.0,213.0,0.0,0.0,0.0,0.0,0.0,0.0
450.0,224.0,670.0,446.0,223.0,1.9910714285714286,204.97362916909427,409.9472583381885,0.546411752838727,0.0,0.0,1.0,inf,224.0,inf,216.0,1.0,215.0,0.0,0.0,0.0,0.0,0.0,0.0
451.0,224.0,670.0,446.0,223.0,1.9910714285714286,204.97362916909427,409.9472583381885,0.546411752838727,0.0,0.0,1.0,inf,224.0,inf,213.0,0.0,213.0,0.0,0.0,0.0,0.0,0.0,0.0
452.0,225.0,673.0,448.0,224.0,1.991111111111111,205.8566109066523,411.71322181330453,0.5464969014330768,0.0,0.0,1.0,inf,225.0,inf,215.0,1.0,214.0,0.0,0.0,0.0,0.0,0.0,0.0
453.0,225.0,673.0,448.0,224.0,1.991111111111111,205.8566109066523,411.71322181330453,0.5464969014330768,0.0,0.0,1.0,inf,225.0,inf,210.0,0.0,210.0,0.0,0.0,0.0,0.0,0.0,0.0
454.0,226.0,676.0,450.0,225.0,1.991150442477876,206.7549979235803,413.50999584716055,0.5465405970102183,0.0,0.0,1.0,inf,226.0,inf,214.0,1.0,213.0,0.0,0.0,0.0,0.0,0.0,0.0
455.0,226.0,676.0,450.0,225.0,1.991150442477876,206.7549979235803,413.50999584716055,0.5465405970102183,0.0,0.0,1.0,inf,226.0,inf,207.0,0.0,207.0,0.0,0.0,0.0,0.0,0.0,0.0
456.0,227.0,679.0,452.0,226.0,1.9911894273127753,207.68763086660113,415.3752617332022,0.5464937874557473,0.0,0.0,1.0,inf,227.0,inf,215.0,1.0,214.0,0.0,0.0,0.0,0.0,0.0,0.0
457.0,227.0,679.0,452.0,226.0,1.9911894273127753,207.68763086660113,415.3752617332022,0.5464937874557473,0.0,0.0,1.0,inf,227.0,inf,214.0,0.0,214.0,0.0,0.0,0.0,0.0,0.0,0.0
458.0,228.0,682.0,454.0,227.0,1.9912280701754386,208.57310623485026,417.14621246970046,0.5465709460722021,0.0,0.0,1.0,inf,228.0,inf,215.0,1.0,214.0,0.0,0.0,0.0,0.0,0.0,0.0
459.0,228.0,682.0,454.0,227.0,1.9912280701754386,208.57310623485026,417.14621246970046,0.5465709460722021,0.0,0.0,1.0,inf,228.0,inf,212.0,0.0,212.0,0.0,0.0,0.0,0.0,0.0,0.0
460.0,229.0,685.0,456.0,228.0,1.9912663755458515,209.46873565674287,418.9374713134857,0.5466209534373261,0.0,0.0,1.0,inf,229.0,inf,213.0,1.0,212.0,0.0,0.0,0.0,0.0,0.0,0.0
461.0,229.0,685.0,456.0,228.0,1.9912663755458515,209.46873565674287,418.9374713134857,0.5466209534373261,0.0,0.0,1.0,inf,229.0,inf,214.0,0.0,214.0,0.0,0.0,0.0,0.0,0.0,0.0
462.0,230.0,688.0,458.0,229.0,1.991304347826087,210.41967579770093,420.8393515954018,0.546526837683002,0.0,0.0,1.0,inf,230.0,inf,219.0,1.0,218.0,0.0,0.0,0.0,0.0,0.0,0.0
463.0,230.0,688.0,458.0,229.0,1.991304347826087,210.41967579770093,420.8393515954018,0.546526837683002,0.0,0.0,1.0,inf,230.0,inf,217.0,0.0,217.0,0.0,0.0,0.0,0.0,0.0,0.0
464.0,231.0,691.0,460.0,230.0,1.9913419913419914,211.40278169255072,422.8055633851014,0.5463504267790339,0.0,0.0,1.0,inf,231.0,inf,218.0,1.0,217.0,0.0,0.0,0.0,0.0,0.0,0.0
465.0,231.0,691.0,460.0,230.0,1.9913419913419914,211.40278169255072,422.8055633851014,0.5463504267790339,0.0,0.0,1.0,inf,231.0,inf,214.0,0.0,214.0,0.0,0.0,0.0,0.0,0.0,0.0
466.0,232.0,694.0,462.0,231.0,1.9913793103448276,212.354569722591,424.70913944518196,0.5462561985434851,0.0,0.0,1.0,inf,232.0,inf,219.0,1.0,218.0,0.0,0.0,0.0,0.0,0.0,0.0
467.0,232.0,694.0,462.0,231.0,1.9913793103448276,212.354569722591,424.70913944518196,0.5462561985434851,0.0,0.0,1.0,inf,232.0,inf,213.0,0.0,213.0,0.0,0.0,0.0,0.0,0.0,0.0
468.0,233.0,697.0,464.0,232.0,1.9914163090128756,213.2063775384517,426.41275507690335,0.5464189267930752,0.0,0.0,1.0,inf,233.0,inf,215.0,1.0,214.0,0.0,0.0,0.0,0.0,0.0,0.0
469.0,233.0,697.0,464.0,232.0,1.9914163090128756,213.2063775384517,426.41275507690335,0.5464189267930752,0.0,0.0,1.0,inf,233.0,inf,212.0,0.0,212.0,0.0,0.0,0.0,0.0,0.0,0.0
470.0,234.0,700.0,466.0,233.0,1.9914529914529915,214.05918491560766,428.11836983121526,0.5465778076569198,0.0,0.0,1.0,inf,234.0,inf,215.0,1.0,214.0,0.0,0.0,0.0,0.0,0.0,0.0
471.0,234.0,700.0,466.0,233.0,1.9914529914529915,214.05918491560766,428.11836983121526,0.5465778076569198,0.0,0.0,1.0,inf,234.0,inf,212.0,0.0,212.0,0.0,0.0,0.0,0.0,0.0,0.0
472.0,235.0,703.0,468.0,234.0,1.9914893617021276,215.02286936387722,430.0457387277544,0.5464535021210141,0.0,0.0,1.0,inf,235.0,inf,213.0,1.0,212.0,0.0,0.0,0.0,0.0,0.0,0.0
473.0,235.0,703.0,468.0,234.0,1.9914893617021276,215.02286936387722,430.0457387277544,0.5464535021210141,0.0,0.0,1.0,inf,235.0,inf,217.0,0.0,217.0,0.0,0.0,0.0,0.0,0.0,0.0
474.0,236.0,706.0,470.0,235.0,1.9915254237288136,215.92841502149696,431.85683004299386,0.5464774054320383,0.0,0.0,1.0,inf,236.0,inf,214.0,1.0,213.0,0.0,0.0,0.0,0.0,0.0,0.0
475.0,236.0,706.0,470.0,235.0,1.9915254237288136,215.92841502149696,431.85683004299386,0.5464774054320383,0.0,0.0,1.0,inf,236.0,inf,216.0,0.0,216.0,0.0,0.0,0.0,0.0,0.0,0.0
476.0,237.0,709.0,472.0,236.0,1.9915611814345993,216.92831678946828,433.8566335789365,0.546263400526939,0.0,0.0,1.0,inf,237.0,inf,212.0,1.0,211.0,0.0,0.0,0.0,0.0,0.0,0.0
477.0,237.0,709.0,472.0,236.0,1.9915611814345993,216.92831678946828,433.8566335789365,0.546263400526939,0.0,0.0,1.0,inf,237.0,inf,217.0,0.0,217.0,0.0,0.0,0.0,0.0,0.0,0.0
478.0,238.0,712.0,474.0,237.0,1.9915966386554622,217.79981849916905,435.59963699833804,0.5463732744132385,0.0,0.0,1.0,inf,238.0,inf,211.0,1.0,210.0,0.0,0.0,0.0,0.0,0.0,0.0
479.0,238.0,712.0,474.0,237.0,1.9915966386554622,217.79981849916905,435.59963699833804,0.5463732744132385,0.0,0.0,1.0,inf,238.0,inf,214.0,0.0,214.0,0.0,0.0,0.0,0.0,0.0,0.0
480.0,239.0,715.0,476.0,238.0,1.99163179916318,218.70783426040475,437.41566852080945,0.5463910353468051,0.0,0.0,1.0,inf,239.0,inf,218.0,1.0,217.0,0.0,0.0,0.0,0.0,0.0,0.0
481.0,239.0,715.0,476.0,238.0,1.99163179916318,218.70783426040475,437.41566852080945,0.5463910353468051,0.0,0.0,1.0,inf,239.0,inf,214.0,0.0,214.0,0.0,0.0,0.0,0.0,0.0,0.0
482.0,240.0,718.0,478.0,239.0,1.9916666666666667,219.6570103842792,439.31402076855835,0.5463062607929785,0.0,0.0,1.0,inf,240.0,inf,214.0,1.0,213.0,0.0,0.0,0.0,0.0,0.0,0.0
483.0,240.0,718.0,478.0,239.0,1.9916666666666667,219.6570103842792,439.31402076855835,0.5463062607929785,0.0,0.0,1.0,inf,240.0,inf,216.0,0.0,216.0,0.0,0.0,0.0,0.0,0.0,0.0
484.0,241.0,721.0,480.0,240.0,1.991701244813278,220.52090932000914,441.0418186400182,0.5464334442097566,0.0,0.0,1.0,inf,241.0,inf,212.0,1.0,211.0,0.0,0.0,0.0,0.0,0.0,0.0
485.0,241.0,721.0,480.0,240.0,1.991701244813278,220.52090932000914,441.0418186400182,0.5464334442097566,0.0,0.0,1.0,inf,241.0,inf,212.0,0.0,212.0,0.0,0.0,0.0,0.0,0.0,0.0
486.0,242.0,724.0,482.0,241.0,1.9917355371900827,221.46117345774482,442.9223469154896,0.5463711679604507,0.0,0.0,1.0,inf,242.0,inf,219.0,1.0,218.0,0.0,0.0,0.0,0.0,0.0,0.0
487.0,242.0,724.0,482.0,241.0,1.9917355371900827,221.46117345774482,442.9223469154896,0.5463711679604507,0.0,0.0,1.0,inf,242.0,inf,216.0,0.0,216.0,0.0,0.0,0.0,0.0,0.0,0.0
488.0,243.0,727.0,484.0,242.0,1.991769547325103,222.39699758066257,444.7939951613251,0.5463203250121774,0.0,0.0,1.0,inf,243.0,inf,216.0,1.0,215.0,0.0,0.0,0.0,0.0,0.0,0.0
489.0,243.0,727.0,484.0,242.0,1.991769547325103,222.39699758066257,444.7939951613251,0.5463203250121774,0.0,0.0,1.0,inf,243.0,inf,216.0,0.0,216.0,0.0,0.0,0.0,0.0,0.0,0.0
490.0,244.0,730.0,486.0,243.0,1.9918032786885247,223.34254884423083,446.6850976884616,0.5462461166998157,0.0,0.0,1.0,inf,244.0,inf,216.0,1.0,215.0,0.0,0.0,0.0,0.0,0.0,0.0
491.0,244.0,730.0,486.0,243.0,1.9918032786885247,223.34254884423083,446.6850976884616,0.5462461166998157,0.0,0.0,1.0,inf,244.0,inf,216.0,0.0,216.0,0.0,0.0,0.0,0.0,0.0,0.0
492.0,244.0,730.0,486.0,243.0,1.9918032786885247,223.34254884423083,446.6850976884616,0.5462461166998157,0.0,0.0,1.0,inf,244.0,inf,220.0,0.0,220.0,0.0,0.0,0.0,0.0,0.0,0.0
493.0,245.0,733.0,488.0,244.0,1.9918367346938775,224.24741712722457,448.4948342544491,0.5462716207362194,0.0,0.0,1.0,inf,245.0,inf,217.0,1.0,216.0,0.0,0.0,0.0,0.0,0.0,0.0
494.0,245.0,733.0,488.0,244.0,1.9918367346938775,224.24741712722457,448.4948342544491,0.5462716207362194,0.0,0.0,1.0,inf,245.0,inf,218.0,0.0,218.0,0.0,0.0,0.0,0.0,0.0,0.0
495.0,246.0,736.0,490.0,245.0,1.991869918699187,225.1520349728911,450.30406994578215,0.5462975274232345,0.0,0.0,1.0,inf,246.0,inf,218.0,1.0,217.0,0.0,0.0,0.0,0.0,0.0,0.0
496.0,246.0,736.0,490.0,245.0,1.991869918699187,225.1520349728911,450.30406994578215,0.5462975274232345,0.0,0.0,1.0,inf,246.0,inf,214.0,0.0,214.0,0.0,0.0,0.0,0.0,0.0,0.0
497.0,247.0,739.0,492.0,246.0,1.991902834008097,226.0122131574318,452.02442631486355,0.5464306475950238,0.0,0.0,1.0,inf,247.0,inf,214.0,1.0,213.0,0.0,0.0,0.0,0.0,0.0,0.0
498.0,247.0,739.0,492.0,246.0,1.991902834008097,226.0122131574318,452.02442631486355,0.5464306475950238,0.0,0.0,1.0,inf,247.0,inf,215.0,0.0,215.0,0.0,0.0,0.0,0.0,0.0,0.0
499.0,248.0,742.0,494.0,247.0,1.9919354838709677,226.866311456826,453.73262291365194,0.5465774058904199,0.0,0.0,1.0,inf,248.0,inf,216.0,1.0,215.0,0.0,0.0,0.0,0.0,0.0,0.0
500.0,248.0,742.0,494.0,247.0,1.9919354838709677,226.866311456826,453.73262291365194,0.5465774058904199,0.0,0.0,1.0,inf,248.0,inf,216.0,0.0,216.0,0.0,0.0,0.0,0.0,0.0,0.0
501.0,249.0,745.0,496.0,248.0,1.9919678714859437,227.81128555157713,455.6225711031542,0.5465049709831555,0.0,0.0,1.0,inf,249.0,inf,215.0,1.0,214.0,0.0,0.0,0.0,0.0,0.0,0.0
502.0,249.0,745.0,496.0,248.0,1.9919678714859437,227.81128555157713,455.6225711031542,0.5465049709831555,0.0,0.0,1.0,inf,249.0,inf,212.0,0.0,212.0,0.0,0.0,0.0,0.0,0.0,0.0
503.0,250.0,748.0,498.0,249.0,1.992,228.76510338677124,457.53020677354243,0.5464120101773721,0.0,0.0,1.0,inf,250.0,inf,220.0,1.0,219.0,0.0,0.0,0.0,0.0,0.0,0.0
504.0,250.0,748.0,498.0,249.0,1.992,228.76510338677124,457.53020677354243,0.5464120101773721,0.0,0.0,1.0,inf,250.0,inf,213.0,0.0,213.0,0.0,0.0,0.0,0.0,0.0,0.0
505.0,251.0,751.0,500.0,250.0,1.9920318725099602,229.71810530070218,459.4362106014043,0.5463217617772003,0.0,0.0,1.0,inf,251.0,inf,215.0,1.0,214.0,0.0,0.0,0.0,0.0,0.0,0.0
506.0,251.0,751.0,500.0,250.0,1.9920318725099602,229.71810530070218,459.4362106014043,0.5463217617772003,0.0,0.0,1.0,inf,251.0,inf,216.0,0.0,216.0,0.0,0.0,0.0,0.0,0.0,0.0
507.0,252.0,754.0,502.0,251.0,1.992063492063492,230.70308475760837,461.4061695152167,0.5461565463347999,0.0,0.0,1.0,inf,252.0,inf,218.0,1.0,217.0,0.0,0.0,0.0,0.0,0.0,0.0
508.0,252.0,754.0,502.0,251.0,1.992063492063492,230.70308475760837,461.4061695152167,0.5461565463347999,0.0,0.0,1.0,inf,252.0,inf,215.0,0.0,215.0,0.0,0.0,0.0,0.0,0.0,0.0
509.0,253.0,757.0,504.0,252.0,1.992094861660079,231.5690677351026,463.13813547020516,0.5462733051406778,0.0,0.0,1.0,inf,253.0,inf,213.0,1.0,212.0,0.0,0.0,0.0,0.0,0.0,0.0
510.0,253.0,757.0,504.0,252.0,1.992094861660079,231.5690677351026,463.13813547020516,0.5462733051406778,0.0,0.0,1.0,inf,253.0,inf,214.0,0.0,214.0,0.0,0.0,0.0,0.0,0.0,0.0
511.0,254.0,760.0,506.0,253.0,1.9921259842519685,232.42262282933345,464.84524565866684,0.5464184099378974,0.0,0.0,1.0,inf,254.0,inf,217.0,1.0,216.0,0.0,0.0,0.0,0.0,0.0,0.0
512.0,254.0,760.0,506.0,253.0,1.9921259842519685,232.42262282933345,464.84524565866684,0.5464184099378974,0.0,0.0,1.0,inf,254.0,inf,216.0,0.0,216.0,0.0,0.0,0.0,0.0,0.0,0.0
513.0,255.0,763.0,508.0,254.0,1.992156862745098,233.42129459238342,466.8425891847668,0.5462226581454337,0.0,0.0,1.0,inf,255.0,inf,213.0,1.0,212.0,0.0,0.0,0.0,0.0,0.0,0.0
514.0,255.0,763.0,508.0,254.0,1.992156862745098,233.42129459238342,466.8425891847668,0.5462226581454337,0.0,0.0,1.0,inf,255.0,inf,218.0,0.0,218.0,0.0,0.0,0.0,0.0,0.0,0.0
515.0,256.0,766.0,510.0,255.0,1.9921875,234.42017683082486,468.84035366164966,0.5460280839749319,0.0,0.0,1.0,inf,256.0,inf,217.0,1.0,216.0,0.0,0.0,0.0,0.0,0.0,0.0
516.0,256.0,766.0,510.0,255.0,1.9921875,234.42017683082486,468.84035366164966,0.5460280839749319,0.0,0.0,1.0,inf,256.0,inf,216.0,0.0,216.0,0.0,0.0,0.0,0.0,0.0,0.0
517.0,257.0,769.0,512.0,256.0,1.9922178988326849,235.2807214378425,470.5614428756849,0.54615609479057,0.0,0.0,1.0,inf,257.0,inf,216.0,1.0,215.0,0.0,0.0,0.0,0.0,0.0,0.0
518.0,257.0,769.0,512.0,256.0,1.9922178988326849,235.2807214378425,470.5614428756849,0.54615609479057,0.0,0.0,1.0,inf,257.0,inf,216.0,0.0,216.0,0.0,0.0,0.0,0.0,0.0,0.0
519.0,258.0,772.0,514.0,257.0,1.9922480620155039,236.15118843630742,472.3023768726148,0.5462602193712556,0.0,0.0,1.0,inf,258.0,inf,218.0,1.0,217.0,0.0,0.0,0.0,0.0,0.0,0.0
520.0,258.0,772.0,514.0,257.0,1.9922480620155039,236.15118843630742,472.3023768726148,0.5462602193712556,0.0,0.0,1.0,inf,258.0,inf,213.0,0.0,213.0,0.0,0.0,0.0,0.0,0.0,0.0
521.0,259.0,775.0,516.0,258.0,1.9922779922779923,237.00367194466108,474.0073438893221,0.5464050364174842,0.0,0.0,1.0,inf,259.0,inf,213.0,1.0,212.0,0.0,0.0,0.0,0.0,0.0,0.0
522.0,259.0,775.0,516.0,258.0,1.9922779922779923,237.00367194466108,474.0073438893221,0.5464050364174842,0.0,0.0,1.0,inf,259.0,inf,217.0,0.0,217.0,0.0,0.0,0.0,0.0,0.0,0.0
523.0,260.0,778.0,518.0,259.0,1.9923076923076923,237.9671198097194,475.93423961943876,0.546293959030765,0.0,0.0,1.0,inf,260.0,inf,217.0,1.0,216.0,0.0,0.0,0.0,0.0,0.0,0.0
524.0,260.0,778.0,518.0,259.0,1.9923076923076923,237.9671198097194,475.93423961943876,0.546293959030765,0.0,0.0,1.0,inf,260.0,inf,216.0,0.0,216.0,0.0,0.0,0.0,0.0,0.0,0.0
525.0,261.0,781.0,520.0,260.0,1.9923371647509578,238.87694514794447,477.7538902958889,0.546306383477807,0.0,0.0,1.0,inf,261.0,inf,216.0,1.0,215.0,0.0,0.0,0.0,0.0,0.0,0.0
526.0,261.0,781.0,520.0,260.0,1.9923371647509578,238.87694514794447,477.7538902958889,0.546306383477807,0.0,0.0,1.0,inf,261.0,inf,213.0,0.0,213.0,0.0,0.0,0.0,0.0,0.0,0.0
527.0,262.0,784.0,522.0,261.0,1.9923664122137406,239.77657965315584,479.5531593063116,0.5463419329339652,0.0,0.0,1.0,inf,262.0,inf,217.0,1.0,216.0,0.0,0.0,0.0,0.0,0.0,0.0
528.0,262.0,784.0,522.0,261.0,1.9923664122137406,239.77657965315584,479.5531593063116,0.5463419329339652,0.0,0.0,1.0,inf,262.0,inf,216.0,0.0,216.0,0.0,0.0,0.0,0.0,0.0,0.0
529.0,263.0,787.0,524.0,262.0,1.9923954372623573,240.63190172170286,481.26380344340566,0.5464778321541224,0.0,0.0,1.0,inf,263.0,inf,219.0,1.0,218.0,0.0,0.0,0.0,0.0,0.0,0.0
530.0,263.0,787.0,524.0,262.0,1.9923954372623573,240.63190172170286,481.26380344340566,0.5464778321541224,0.0,0.0,1.0,inf,263.0,inf,214.0,0.0,214.0,0.0,0.0,0.0,0.0,0.0,0.0
531.0,264.0,790.0,526.0,263.0,1.9924242424242424,241.58897312693495,483.17794625386983,0.5463825533570399,0.0,0.0,1.0,inf,264.0,inf,216.0,1.0,215.0,0.0,0.0,0.0,0.0,0.0,0.0
532.0,264.0,790.0,526.0,263.0,1.9924242424242424,241.58897312693495,483.17794625386983,0.5463825533570399,0.0,0.0,1.0,inf,264.0,inf,214.0,0.0,214.0,0.0,0.0,0.0,0.0,0.0,0.0
533.0,265.0,793.0,528.0,264.0,1.9924528301886792,242.58606197004246,485.1721239400849,0.5461979098220522,0.0,0.0,1.0,inf,265.0,inf,217.0,1.0,216.0,0.0,0.0,0.0,0.0,0.0,0.0
534.0,265.0,793.0,528.0,264.0,1.9924528301886792,242.58606197004246,485.1721239400849,0.5461979098220522,0.0,0.0,1.0,inf,265.0,inf,217.0,0.0,217.0,0.0,0.0,0.0,0.0,0.0,0.0
535.0,266.0,796.0,530.0,265.0,1.9924812030075187,243.53127503553284,487.06255007106563,0.5461310871903184,0.0,0.0,1.0,inf,266.0,inf,217.0,1.0,216.0,0.0,0.0,0.0,0.0,0.0,0.0
536.0,266.0,796.0,530.0,265.0,1.9924812030075187,243.53127503553284,487.06255007106563,0.5461310871903184,0.0,0.0,1.0,inf,266.0,inf,219.0,0.0,219.0,0.0,0.0,0.0,0.0,0.0,0.0
537.0,267.0,799.0,532.0,266.0,1.9925093632958801,244.39872823564048,488.7974564712809,0.5462385216312751,0.0,0.0,1.0,inf,267.0,inf,217.0,1.0,216.0,0.0,0.0,0.0,0.0,0.0,0.0
538.0,267.0,799.0,532.0,266.0,1.9925093632958801,244.39872823564048,488.7974564712809,0.5462385216312751,0.0,0.0,1.0,inf,267.0,inf,213.0,0.0,213.0,0.0,0.0,0.0,0.0,0.0,0.0
539.0,268.0,802.0,534.0,267.0,1.992537313432836,245.3479205980212,490.69584119604235,0.5461631778797345,0.0,0.0,1.0,inf,268.0,inf,214.0,1.0,213.0,0.0,0.0,0.0,0.0,0.0,0.0
540.0,268.0,802.0,534.0,267.0,1.992537313432836,245.3479205980212,490.69584119604235,0.5461631778797345,0.0,0.0,1.0,inf,268.0,inf,218.0,0.0,218.0,0.0,0.0,0.0,0.0,0.0,0.0
541.0,269.0,805.0,536.0,268.0,1.9925650557620818,246.283405576845,492.56681115368997,0.5461188084717852,0.0,0.0,1.0,inf,269.0,inf,215.0,1.0,214.0,0.0,0.0,0.0,0.0,0.0,0.0
542.0,269.0,805.0,536.0,268.0,1.9925650557620818,246.283405576845,492.56681115368997,0.5461188084717852,0.0,0.0,1.0,inf,269.0,inf,217.0,0.0,217.0,0.0,0.0,0.0,0.0,0.0,0.0
543.0,269.0,805.0,536.0,268.0,1.9925650557620818,246.283405576845,492.56681115368997,0.5461188084717852,0.0,0.0,1.0,inf,269.0,inf,220.0,0.0,220.0,0.0,0.0,0.0,0.0,0.0,0.0
544.0,270.0,808.0,538.0,269.0,1.9925925925925927,247.22824330853044,494.4564866170608,0.5460541166064335,0.0,0.0,1.0,inf,270.0,inf,213.0,1.0,212.0,0.0,0.0,0.0,0.0,0.0,0.0
545.0,270.0,808.0,538.0,269.0,1.9925925925925927,247.22824330853044,494.4564866170608,0.5460541166064335,0.0,0.0,1.0,inf,270.0,inf,209.0,0.0,209.0,0.0,0.0,0.0,0.0,0.0,0.0
546.0,271.0,811.0,540.0,270.0,1.992619926199262,248.15197577748228,496.3039515549645,0.5460363536315455,0.0,0.0,1.0,inf,271.0,inf,215.0,1.0,214.0,0.0,0.0,0.0,0.0,0.0,0.0
547.0,271.0,811.0,540.0,270.0,1.992619926199262,248.15197577748228,496.3039515549645,0.5460363536315455,0.0,0.0,1.0,inf,271.0,inf,215.0,0.0,215.0,0.0,0.0,0.0,0.0,0.0,0.0
548.0,272.0,814.0,542.0,271.0,1.9926470588235294,249.0753745119855,498.15074902397095,0.5460194540165418,0.0,0.0,1.0,inf,272.0,inf,218.0,1.0,217.0,0.0,0.0,0.0,0.0,0.0,0.0
549.0,272.0,814.0,542.0,271.0,1.9926470588235294,249.0753745119855,498.15074902397095,0.5460194540165418,0.0,0.0,1.0,inf,272.0,inf,215.0,0.0,215.0,0.0,0.0,0.0,0.0,0.0,0.0
550.0,273.0,817.0,544.0,272.0,1.9926739926739927,249.93344800314247,499.8668960062849,0.5461453882646542,0.0,0.0,1.0,inf,273.0,inf,217.0,1.0,216.0,0.0,0.0,0.0,0.0,0.0,0.0
551.0,273.0,817.0,544.0,272.0,1.9926739926739927,249.93344800314247,499.8668960062849,0.5461453882646542,0.0,0.0,1.0,inf,273.0,inf,217.0,0.0,217.0,0.0,0.0,0.0,0.0,0.0,0.0
552.0,274.0,820.0,546.0,273.0,1.9927007299270072,250.88167869764268,501.7633573952853,0.5460741522106504,0.0,0.0,1.0,inf,274.0,inf,216.0,1.0,215.0,0.0,0.0,0.0,0.0,0.0,0.0
553.0,274.0,820.0,546.0,273.0,1.9927007299270072,250.88167869764268,501.7633573952853,0.5460741522106504,0.0,0.0,1.0,inf,274.0,inf,213.0,0.0,213.0,0.0,0.0,0.0,0.0,0.0,0.0
554.0,275.0,823.0,548.0,274.0,1.9927272727272727,251.80330036841445,503.60660073682885,0.5460611509016093,0.0,0.0,1.0,inf,275.0,inf,215.0,1.0,214.0,0.0,0.0,0.0,0.0,0.0,0.0
555.0,275.0,823.0,548.0,274.0,1.9927272727272727,251.80330036841445,503.60660073682885,0.5460611509016093,0.0,0.0,1.0,inf,275.0,inf,216.0,0.0,216.0,0.0,0.0,0.0,0.0,0.0,0.0
556.0,276.0,826.0,550.0,275.0,1.9927536231884058,252.72267569692292,505.4453513938458,0.5460530980033473,0.0,0.0,1.0,inf,276.0,inf,216.0,1.0,215.0,0.0,0.0,0.0,0.0,0.0,0.0
557.0,276.0,826.0,550.0,275.0,1.9927536231884058,252.72267569692292,505.4453513938458,0.5460530980033473,0.0,0.0,1.0,inf,276.0,inf,217.0,0.0,217.0,0.0,0.0,0.0,0.0,0.0,0.0
558.0,277.0,829.0,552.0,276.0,1.9927797833935017,253.61995133727962,507.2399026745592,0.5460926842297753,0.0,0.0,1.0,inf,277.0,inf,216.0,1.0,215.0,0.0,0.0,0.0,0.0,0.0,0.0
559.0,277.0,829.0,552.0,276.0,1.9927797833935017,253.61995133727962,507.2399026745592,0.5460926842297753,0.0,0.0,1.0,inf,277.0,inf,212.0,0.0,212.0,0.0,0.0,0.0,0.0,0.0,0.0
560.0,278.0,832.0,554.0,277.0,1.9928057553956835,254.59524980082142,509.1904996016428,0.5459646246689381,0.0,0.0,1.0,inf,278.0,inf,216.0,1.0,215.0,0.0,0.0,0.0,0.0,0.0,0.0
561.0,278.0,832.0,554.0,277.0,1.9928057553956835,254.59524980082142,509.1904996016428,0.5459646246689381,0.0,0.0,1.0,inf,278.0,inf,214.0,0.0,214.0,0.0,0.0,0.0,0.0,0.0,0.0
562.0,279.0,835.0,556.0,278.0,1.992831541218638,255.5570894584997,511.1141789169993,0.5458662888029707,0.0,0.0,1.0,inf,279.0,inf,216.0,1.0,215.0,0.0,0.0,0.0,0.0,0.0,0.0
563.0,279.0,835.0,556.0,278.0,1.992831541218638,255.5570894584997,511.1141789169993,0.5458662888029707,0.0,0.0,1.0,inf,279.0,inf,214.0,0.0,214.0,0.0,0.0,0.0,0.0,0.0,0.0
564.0,280.0,838.0,558.0,279.0,1.9928571428571429,256.49175606514643,512.9835121302928,0.5458265097785107,0.0,0.0,1.0,inf,280.0,inf,217.0,1.0,216.0,0.0,0.0,0.0,0.0,0.0,0.0
565.0,280.0,838.0,558.0,279.0,1.9928571428571429,256.49175606514643,512.9835121302928,0.5458265097785107,0.0,0.0,1.0,inf,280.0,inf,216.0,0.0,216.0,0.0,0.0,0.0,0.0,0.0,0.0
566.0,280.0,838.0,558.0,279.0,1.9928571428571429,256.49175606514643,512.9835121302928,0.5458265097785107,0.0,0.0,1.0,inf,280.0,inf,220.0,0.0,220.0,0.0,0.0,0.0,0.0,0.0,0.0
567.0,281.0,841.0,560.0,280.0,1.99288256227758,257.4134209683491,514.8268419366981,0.5458145867898455,0.0,0.0,1.0,inf,281.0,inf,214.0,1.0,213.0,0.0,0.0,0.0,0.0,0.0,0.0
568.0,281.0,841.0,560.0,280.0,1.99288256227758,257.4134209683491,514.8268419366981,0.5458145867898455,0.0,0.0,1.0,inf,281.0,inf,213.0,0.0,213.0,0.0,0.0,0.0,0.0,0.0,0.0
569.0,282.0,844.0,562.0,281.0,1.9929078014184398,258.3309049159918,516.6618098319835,0.5458115824192722,0.0,0.0,1.0,inf,282.0,inf,214.0,1.0,213.0,0.0,0.0,0.0,0.0,0.0,0.0
570.0,282.0,844.0,562.0,281.0,1.9929078014184398,258.3309049159918,516.6618098319835,0.5458115824192722,0.0,0.0,1.0,inf,282.0,inf,214.0,0.0,214.0,0.0,0.0,0.0,0.0,0.0,0.0
571.0,283.0,847.0,564.0,282.0,1.9929328621908127,259.2763754778878,518.5527509557755,0.5457496840550663,0.0,0.0,1.0,inf,283.0,inf,220.0,1.0,219.0,0.0,0.0,0.0,0.0,0.0,0.0
572.0,283.0,847.0,564.0,282.0,1.9929328621908127,259.2763754778878,518.5527509557755,0.5457496840550663,0.0,0.0,1.0,inf,283.0,inf,217.0,0.0,217.0,0.0,0.0,0.0,0.0,0.0,0.0
573.0,284.0,850.0,566.0,283.0,1.9929577464788732,260.1614611885353,520.3229223770705,0.5458148926104571,0.0,0.0,1.0,inf,284.0,inf,219.0,1.0,218.0,0.0,0.0,0.0,0.0,0.0,0.0
574.0,284.0,850.0,566.0,283.0,1.9929577464788732,260.1614611885353,520.3229223770705,0.5458148926104571,0.0,0.0,1.0,inf,284.0,inf,214.0,0.0,214.0,0.0,0.0,0.0,0.0,0.0,0.0
575.0,285.0,853.0,568.0,284.0,1.9929824561403509,261.0728180158956,522.1456360317911,0.5458247284530549,0.0,0.0,1.0,inf,285.0,inf,216.0,1.0,215.0,0.0,0.0,0.0,0.0,0.0,0.0
576.0,285.0,853.0,568.0,284.0,1.9929824561403509,261.0728180158956,522.1456360317911,0.5458247284530549,0.0,0.0,1.0,inf,285.0,inf,214.0,0.0,214.0,0.0,0.0,0.0,0.0,0.0,0.0
577.0,286.0,856.0,570.0,285.0,1.993006993006993,262.064893892971,524.1297877859419,0.5456663724611743,0.0,0.0,1.0,inf,286.0,inf,214.0,1.0,213.0,0.0,0.0,0.0,0.0,0.0,0.0
578.0,286.0,856.0,570.0,285.0,1.993006993006993,262.064893892971,524.1297877859419,0.5456663724611743,0.0,0.0,1.0,inf,286.0,inf,212.0,0.0,212.0,0.0,0.0,0.0,0.0,0.0,0.0
579.0,287.0,859.0,572.0,286.0,1.9930313588850175,263.0544806950054,526.1089613900107,0.5455143726153784,0.0,0.0,1.0,inf,287.0,inf,220.0,1.0,219.0,0.0,0.0,0.0,0.0,0.0,0.0
580.0,287.0,859.0,572.0,286.0,1.9930313588850175,263.0544806950054,526.1089613900107,0.5455143726153784,0.0,0.0,1.0,inf,287.0,inf,214.0,0.0,214.0,0.0,0.0,0.0,0.0,0.0,0.0
581.0,288.0,862.0,574.0,287.0,1.9930555555555556,263.9986687570781,527.9973375141561,0.54545729597032,0.0,0.0,1.0,inf,288.0,inf,220.0,1.0,219.0,0.0,0.0,0.0,0.0,0.0,0.0
582.0,288.0,862.0,574.0,287.0,1.9930555555555556,263.9986687570781,527.9973375141561,0.54545729597032,0.0,0.0,1.0,inf,288.0,inf,214.0,0.0,214.0,0.0,0.0,0.0,0.0,0.0,0.0
583.0,289.0,865.0,576.0,288.0,1.9930795847750864,264.9491052329367,529.8982104658733,0.5453877637101632,0.0,0.0,1.0,inf,289.0,inf,216.0,1.0,215.0,0.0,0.0,0.0,0.0,0.0,0.0
584.0,289.0,865.0,576.0,288.0,1.9930795847750864,264.9491052329367,529.8982104658733,0.5453877637101632,0.0,0.0,1.0,inf,289.0,inf,216.0,0.0,216.0,0.0,0.0,0.0,0.0,0.0,0.0
585.0,290.0,868.0,578.0,289.0,1.993103448275862,265.8885560038935,531.7771120077869,0.5453412594330564,0.0,0.0,1.0,inf,290.0,inf,219.0,1.0,218.0,0.0,0.0,0.0,0.0,0.0,0.0
586.0,290.0,868.0,578.0,289.0,1.993103448275862,265.8885560038935,531.7771120077869,0.5453412594330564,0.0,0.0,1.0,inf,290.0,inf,215.0,0.0,215.0,0.0,0.0,0.0,0.0,0.0,0.0
587.0,291.0,871.0,580.0,290.0,1.993127147766323,266.77951518530267,533.5590303706052,0.5453941990221289,0.0,0.0,1.0,inf,291.0,inf,219.0,1.0,218.0,0.0,0.0,0.0,0.0,0.0,0.0
588.0,291.0,871.0,580.0,290.0,1.993127147766323,266.77951518530267,533.5590303706052,0.5453941990221289,0.0,0.0,1.0,inf,291.0,inf,210.0,0.0,210.0,0.0,0.0,0.0,0.0,0.0,0.0
589.0,292.0,874.0,582.0,291.0,1.9931506849315068,267.6790219667671,535.3580439335341,0.5454293688286347,0.0,0.0,1.0,inf,292.0,inf,211.0,1.0,210.0,0.0,0.0,0.0,0.0,0.0,0.0
590.0,292.0,874.0,582.0,291.0,1.9931506849315068,267.6790219667671,535.3580439335341,0.5454293688286347,0.0,0.0,1.0,inf,292.0,inf,213.0,0.0,213.0,0.0,0.0,0.0,0.0,0.0,0.0
591.0,293.0,877.0,584.0,292.0,1.993174061433447,268.5849931055225,537.1699862110449,0.5454511747141533,0.0,0.0,1.0,inf,293.0,inf,217.0,1.0,216.0,0.0,0.0,0.0,0.0,0.0,0.0
592.0,293.0,877.0,584.0,292.0,1.993174061433447,268.5849931055225,537.1699862110449,0.5454511747141533,0.0,0.0,1.0,inf,293.0,inf,216.0,0.0,216.0,0.0,0.0,0.0,0.0,0.0,0.0
593.0,293.0,877.0,584.0,292.0,1.993174061433447,268.5849931055225,537.1699862110449,0.5454511747141533,0.0,0.0,1.0,inf,293.0,inf,220.0,0.0,220.0,0.0,0.0,0.0,0.0,0.0,0.0
594.0,294.0,880.0,586.0,293.0,1.9931972789115646,269.4489932071079,538.8979864142157,0.5455578001993524,0.0,0.0,1.0,inf,294.0,inf,219.0,1.0,218.0,0.0,0.0,0.0,0.0,0.0,0.0
595.0,294.0,880.0,586.0,293.0,1.9931972789115646,269.4489932071079,538.8979864142157,0.5455578001993524,0.0,0.0,1.0,inf,294.0,inf,215.0,0.0,215.0,0.0,0.0,0.0,0.0,0.0,0.0
596.0,295.0,883.0,588.0,294.0,1.993220338983051,270.38241517264163,540.7648303452831,0.5455236425261604,0.0,0.0,1.0,inf,295.0,inf,218.0,1.0,217.0,0.0,0.0,0.0,0.0,0.0,0.0
597.0,295.0,883.0,588.0,294.0,1.993220338983051,270.38241517264163,540.7648303452831,0.5455236425261604,0.0,0.0,1.0,inf,295.0,inf,216.0,0.0,216.0,0.0,0.0,0.0,0.0,0.0,0.0
598.0,296.0,886.0,590.0,295.0,1.9932432432432432,271.3773584997188,542.7547169994375,0.5453660571324095,0.0,0.0,1.0,inf,296.0,inf,219.0,1.0,218.0,0.0,0.0,0.0,0.0,0.0,0.0
599.0,296.0,886.0,590.0,295.0,1.9932432432432432,271.3773584997188,542.7547169994375,0.5453660571324095,0.0,0.0,1.0,inf,296.0,inf,217.0,0.0,217.0,0.0,0.0,0.0,0.0,0.0,0.0
600.0,296.0,886.0,590.0,295.0,1.9932432432432432,271.3773584997188,542.7547169994375,0.5453660571324095,0.0,0.0,1.0,inf,296.0,inf,220.0,0.0,220.0,0.0,0.0,0.0,0.0,0.0,0.0
601.0,297.0,889.0,592.0,296.0,1.9932659932659933,272.3653490569169,544.7306981138337,0.5452235407851664,0.0,0.0,1.0,inf,297.0,inf,220.0,1.0,219.0,0.0,0.0,0.0,0.0,0.0,0.0
602.0,297.0,889.0,592.0,296.0,1.9932659932659933,272.3653490569169,544.7306981138337,0.5452235407851664,0.0,0.0,1.0,inf,297.0,inf,216.0,0.0,216.0,0.0,0.0,0.0,0.0,0.0,0.0
603.0,298.0,892.0,594.0,297.0,1.9932885906040267,273.21536866578947,546.4307373315788,0.5453573154673601,0.0,0.0,1.0,inf,298.0,inf,217.0,1.0,216.0,0.0,0.0,0.0,0.0,0.0,0.0
604.0,298.0,892.0,594.0,297.0,1.9932885906040267,273.21536866578947,546.4307373315788,0.5453573154673601,0.0,0.0,1.0,inf,298.0,inf,219.0,0.0,219.0,0.0,0.0,0.0,0.0,0.0,0.0
605.0,299.0,895.0,596.0,298.0,1.9933110367892977,274.12457192227663,548.2491438445531,0.5453724886887857,0.0,0.0,1.0,inf,299.0,inf,219.0,1.0,218.0,0.0,0.0,0.0,0.0,0.0,0.0
606.0,299.0,895.0,596.0,298.0,1.9933110367892977,274.12457192227663,548.2491438445531,0.5453724886887857,0.0,0.0,1.0,inf,299.0,inf,215.0,0.0,215.0,0.0,0.0,0.0,0.0,0.0,0.0
607.0,300.0,898.0,598.0,299.0,1.9933333333333334,274.9904290278349,549.9808580556697,0.5454735298617132,0.0,0.0,1.0,inf,300.0,inf,217.0,1.0,216.0,0.0,0.0,0.0,0.0,0.0,0.0
608.0,300.0,898.0,598.0,299.0,1.9933333333333334,274.9904290278349,549.9808580556697,0.5454735298617132,0.0,0.0,1.0,inf,300.0,inf,216.0,0.0,216.0,0.0,0.0,0.0,0.0,0.0,0.0
609.0,301.0,901.0,600.0,300.0,1.9933554817275747,275.9332436607268,551.8664873214535,0.5454217766709074,0.0,0.0,1.0,inf,301.0,inf,212.0,1.0,211.0,0.0,0.0,0.0,0.0,0.0,0.0
610.0,301.0,901.0,600.0,300.0,1.9933554817275747,275.9332436607268,551.8664873214535,0.5454217766709074,0.0,0.0,1.0,inf,301.0,inf,214.0,0.0,214.0,0.0,0.0,0.0,0.0,0.0,0.0
611.0,302.0,904.0,602.0,301.0,1.9933774834437086,276.87749165259555,553.754983305191,0.545367552626716,0.0,0.0,1.0,inf,302.0,inf,218.0,1.0,217.0,0.0,0.0,0.0,0.0,0.0,0.0
612.0,302.0,904.0,602.0,301.0,1.9933774834437086,276.87749165259555,553.754983305191,0.545367552626716,0.0,0.0,1.0,inf,302.0,inf,212.0,0.0,212.0,0.0,0.0,0.0,0.0,0.0,0.0
613.0,303.0,907.0,604.0,302.0,1.9933993399339933,277.8642084487579,555.7284168975157,0.545230351349619,0.0,0.0,1.0,inf,303.0,inf,218.0,1.0,217.0,0.0,0.0,0.0,0.0,0.0,0.0
614.0,303.0,907.0,604.0,302.0,1.9933993399339933,277.8642084487579,555.7284168975157,0.545230351349619,0.0,0.0,1.0,inf,303.0,inf,214.0,0.0,214.0,0.0,0.0,0.0,0.0,0.0,0.0
615.0,304.0,910.0,606.0,303.0,1.993421052631579,278.7464078205851,557.4928156411701,0.545298506941961,0.0,0.0,1.0,inf,304.0,inf,219.0,1.0,218.0,0.0,0.0,0.0,0.0,0.0,0.0
616.0,304.0,910.0,606.0,303.0,1.993421052631579,278.7464078205851,557.4928156411701,0.545298506941961,0.0,0.0,1.0,inf,304.0,inf,220.0,0.0,220.0,0.0,0.0,0.0,0.0,0.0,0.0
617.0,305.0,913.0,608.0,304.0,1.9934426229508198,279.63847358473936,559.2769471694786,0.5453469905091142,0.0,0.0,1.0,inf,305.0,inf,215.0,1.0,214.0,0.0,0.0,0.0,0.0,0.0,0.0
618.0,305.0,913.0,608.0,304.0,1.9934426229508198,279.63847358473936,559.2769471694786,0.5453469905091142,0.0,0.0,1.0,inf,305.0,inf,217.0,0.0,217.0,0.0,0.0,0.0,0.0,0.0,0.0
619.0,306.0,916.0,610.0,305.0,1.9934640522875817,280.61179353515496,561.2235870703098,0.5452372406465954,0.0,0.0,1.0,inf,306.0,inf,215.0,1.0,214.0,0.0,0.0,0.0,0.0,0.0,0.0
620.0,306.0,916.0,610.0,305.0,1.9934640522875817,280.61179353515496,561.2235870703098,0.5452372406465954,0.0,0.0,1.0,inf,306.0,inf,214.0,0.0,214.0,0.0,0.0,0.0,0.0,0.0,0.0
621.0,307.0,919.0,612.0,306.0,1.993485342019544,281.5356045009742,563.0712090019483,0.5452241121405619,0.0,0.0,1.0,inf,307.0,inf,218.0,1.0,217.0,0.0,0.0,0.0,0.0,0.0,0.0
622.0,307.0,919.0,612.0,306.0,1.993485342019544,281.5356045009742,563.0712090019483,0.5452241121405619,0.0,0.0,1.0,inf,307.0,inf,215.0,0.0,215.0,0.0,0.0,0.0,0.0,0.0,0.0
623.0,308.0,922.0,614.0,307.0,1.9935064935064934,282.4888796642273,564.9777593284545,0.5451542028240118,0.0,0.0,1.0,inf,308.0,inf,220.0,1.0,219.0,0.0,0.0,0.0,0.0,0.0,0.0
624.0,308.0,922.0,614.0,307.0,1.9935064935064934,282.4888796642273,564.9777593284545,0.5451542028240118,0.0,0.0,1.0,inf,308.0,inf,215.0,0.0,215.0,0.0,0.0,0.0,0.0,0.0,0.0
625.0,309.0,925.0,616.0,308.0,1.993527508090615,283.4391672413009,566.8783344826016,0.5450905092042879,0.0,0.0,1.0,inf,309.0,inf,220.0,1.0,219.0,0.0,0.0,0.0,0.0,0.0,0.0
626.0,309.0,925.0,616.0,308.0,1.993527508090615,283.4391672413009,566.8783344826016,0.5450905092042879,0.0,0.0,1.0,inf,309.0,inf,215.0,0.0,215.0,0.0,0.0,0.0,0.0,0.0,0.0
627.0,310.0,928.0,618.0,309.0,1.9935483870967743,284.37772784244305,568.755455684886,0.5450497167129642,0.0,0.0,1.0,inf,310.0,inf,215.0,1.0,214.0,0.0,0.0,0.0,0.0,0.0,0.0
628.0,310.0,928.0,618.0,309.0,1.9935483870967743,284.37772784244305,568.755455684886,0.5450497167129642,0.0,0.0,1.0,inf,310.0,inf,218.0,0.0,218.0,0.0,0.0,0.0,0.0,0.0,0.0
629.0,311.0,931.0,620.0,310.0,1.9935691318327975,285.2772829253721,570.5545658507441,0.5450837108564248,0.0,0.0,1.0,inf,311.0,inf,220.0,1.0,219.0,0.0,0.0,0.0,0.0,0.0,0.0
630.0,311.0,931.0,620.0,310.0,1.9935691318327975,285.2772829253721,570.5545658507441,0.5450837108564248,0.0,0.0,1.0,inf,311.0,inf,212.0,0.0,212.0,0.0,0.0,0.0,0.0,0.0,0.0
631.0,312.0,934.0,622.0,311.0,1.9935897435897436,286.1408462204598,572.2816924409195,0.5451860580569068,0.0,0.0,1.0,inf,312.0,inf,219.0,1.0,218.0,0.0,0.0,0.0,0.0,0.0,0.0
632.0,312.0,934.0,622.0,311.0,1.9935897435897436,286.1408462204598,572.2816924409195,0.5451860580569068,0.0,0.0,1.0,inf,312.0,inf,215.0,0.0,215.0,0.0,0.0,0.0,0.0,0.0,0.0
633.0,313.0,937.0,624.0,312.0,1.9936102236421724,287.1106248833075,574.2212497666148,0.545086062431885,0.0,0.0,1.0,inf,313.0,inf,218.0,1.0,217.0,0.0,0.0,0.0,0.0,0.0,0.0
634.0,313.0,937.0,624.0,312.0,1.9936102236421724,287.1106248833075,574.2212497666148,0.545086062431885,0.0,0.0,1.0,inf,313.0,inf,217.0,0.0,217.0,0.0,0.0,0.0,0.0,0.0,0.0
635.0,314.0,940.0,626.0,313.0,1.9936305732484076,288.088007543377,576.1760150867539,0.5449723552840385,0.0,0.0,1.0,inf,314.0,inf,220.0,1.0,219.0,0.0,0.0,0.0,0.0,0.0,0.0
636.0,314.0,940.0,626.0,313.0,1.9936305732484076,288.088007543377,576.1760150867539,0.5449723552840385,0.0,0.0,1.0,inf,314.0,inf,216.0,0.0,216.0,0.0,0.0,0.0,0.0,0.0,0.0
637.0,315.0,943.0,628.0,314.0,1.9936507936507937,288.9780854450036,577.9561708900071,0.545024027539882,0.0,0.0,1.0,inf,315.0,inf,217.0,1.0,216.0,0.0,0.0,0.0,0.0,0.0,0.0
638.0,315.0,943.0,628.0,314.0,1.9936507936507937,288.9780854450036,577.9561708900071,0.545024027539882,0.0,0.0,1.0,inf,315.0,inf,216.0,0.0,216.0,0.0,0.0,0.0,0.0,0.0,0.0
639.0,316.0,946.0,630.0,315.0,1.9936708860759493,289.9470172603841,579.8940345207681,0.5449271439068113,0.0,0.0,1.0,inf,316.0,inf,218.0,1.0,217.0,0.0,0.0,0.0,0.0,0.0,0.0
640.0,316.0,946.0,630.0,315.0,1.9936708860759493,289.9470172603841,579.8940345207681,0.5449271439068113,0.0,0.0,1.0,inf,316.0,inf,212.0,0.0,212.0,0.0,0.0,0.0,0.0,0.0,0.0
641.0,317.0,949.0,632.0,316.0,1.9936908517350158,290.88904885469566,581.7780977093912,0.5448812893577635,0.0,0.0,1.0,inf,317.0,inf,218.0,1.0,217.0,0.0,0.0,0.0,0.0,0.0,0.0
642.0,317.0,949.0,632.0,316.0,1.9936908517350158,290.88904885469566,581.7780977093912,0.5448812893577635,0.0,0.0,1.0,inf,317.0,inf,219.0,0.0,219.0,0.0,0.0,0.0,0.0,0.0,0.0
643.0,318.0,952.0,634.0,317.0,1.9937106918238994,291.7487406172226,583.4974812344451,0.5449894990587455,0.0,0.0,1.0,inf,318.0,inf,217.0,1.0,216.0,0.0,0.0,0.0,0.0,0.0,0.0
644.0,318.0,952.0,634.0,317.0,1.9937106918238994,291.7487406172226,583.4974812344451,0.5449894990587455,0.0,0.0,1.0,inf,318.0,inf,218.0,0.0,218.0,0.0,0.0,0.0,0.0,0.0,0.0
645.0,319.0,955.0,636.0,318.0,1.993730407523511,292.63463780433693,585.2692756086738,0.5450482594840528,0.0,0.0,1.0,inf,319.0,inf,220.0,1.0,219.0,0.0,0.0,0.0,0.0,0.0,0.0
646.0,319.0,955.0,636.0,318.0,1.993730407523511,292.63463780433693,585.2692756086738,0.5450482594840528,0.0,0.0,1.0,inf,319.0,inf,215.0,0.0,215.0,0.0,0.0,0.0,0.0,0.0,0.0
647.0,320.0,958.0,638.0,319.0,1.99375,293.52220471463585,587.0444094292716,0.5451035643301775,0.0,0.0,1.0,inf,320.0,inf,212.0,1.0,211.0,0.0,0.0,0.0,0.0,0.0,0.0
648.0,320.0,958.0,638.0,319.0,1.99375,293.52220471463585,587.0444094292716,0.5451035643301775,0.0,0.0,1.0,inf,320.0,inf,216.0,0.0,216.0,0.0,0.0,0.0,0.0,0.0,0.0
649.0,321.0,961.0,640.0,320.0,1.9937694704049844,294.4547520606081,588.9095041212161,0.5450752581740099,0.0,0.0,1.0,inf,321.0,inf,220.0,1.0,219.0,0.0,0.0,0.0,0.0,0.0,0.0
650.0,321.0,961.0,640.0,320.0,1.9937694704049844,294.4547520606081,588.9095041212161,0.5450752581740099,0.0,0.0,1.0,inf,321.0,inf,215.0,0.0,215.0,0.0,0.0,0.0,0.0,0.0,0.0
651.0,322.0,964.0,642.0,321.0,1.9937888198757765,295.36259249570537,590.7251849914106,0.5450927236235611,0.0,0.0,1.0,inf,322.0,inf,217.0,1.0,216.0,0.0,0.0,0.0,0.0,0.0,0.0
652.0,322.0,964.0,642.0,321.0,1.9937888198757765,295.36259249570537,590.7251849914106,0.5450927236235611,0.0,0.0,1.0,inf,322.0,inf,215.0,0.0,215.0,0.0,0.0,0.0,0.0,0.0,0.0
653.0,323.0,967.0,644.0,322.0,1.9938080495356036,296.3490616008066,592.698123201613,0.5449654509706079,0.0,0.0,1.0,inf,323.0,inf,216.0,1.0,215.0,0.0,0.0,0.0,0.0,0.0,0.0
654.0,323.0,967.0,644.0,322.0,1.9938080495356036,296.3490616008066,592.698123201613,0.5449654509706079,0.0,0.0,1.0,inf,323.0,inf,217.0,0.0,217.0,0.0,0.0,0.0,0.0,0.0,0.0
655.0,323.0,967.0,644.0,322.0,1.9938080495356036,296.3490616008066,592.698123201613,0.5449654509706079,0.0,0.0,1.0,inf,323.0,inf,220.0,0.0,220.0,0.0,0.0,0.0,0.0,0.0,0.0
656.0,324.0,970.0,646.0,323.0,1.9938271604938271,297.2954930736504,594.5909861473007,0.5449123978474407,0.0,0.0,1.0,inf,324.0,inf,215.0,1.0,214.0,0.0,0.0,0.0,0.0,0.0,0.0
657.0,324.0,970.0,646.0,323.0,1.9938271604938271,297.2954930736504,594.5909861473007,0.5449123978474407,0.0,0.0,1.0,inf,324.0,inf,213.0,0.0,213.0,0.0,0.0,0.0,0.0,0.0,0.0
658.0,325.0,973.0,648.0,324.0,1.9938461538461538,298.1916790734181,596.383358146836,0.5449514906148362,0.0,0.0,1.0,inf,325.0,inf,220.0,1.0,219.0,0.0,0.0,0.0,0.0,0.0,0.0
659.0,325.0,973.0,648.0,324.0,1.9938461538461538,298.1916790734181,596.383358146836,0.5449514906148362,0.0,0.0,1.0,inf,325.0,inf,216.0,0.0,216.0,0.0,0.0,0.0,0.0,0.0,0.0
660.0,326.0,976.0,650.0,325.0,1.9938650306748467,299.047026746736,598.0940534934718,0.5450647738358734,0.0,0.0,1.0,inf,326.0,inf,218.0,1.0,217.0,0.0,0.0,0.0,0.0,0.0,0.0
661.0,326.0,976.0,650.0,325.0,1.9938650306748467,299.047026746736,598.0940534934718,0.5450647738358734,0.0,0.0,1.0,inf,326.0,inf,212.0,0.0,212.0,0.0,0.0,0.0,0.0,0.0,0.0
662.0,327.0,979.0,652.0,326.0,1.9938837920489296,299.9209192809362,599.8418385618722,0.5451437011862765,0.0,0.0,1.0,inf,327.0,inf,219.0,1.0,218.0,0.0,0.0,0.0,0.0,0.0,0.0
663.0,327.0,979.0,652.0,326.0,1.9938837920489296,299.9209192809362,599.8418385618722,0.5451437011862765,0.0,0.0,1.0,inf,327.0,inf,217.0,0.0,217.0,0.0,0.0,0.0,0.0,0.0,0.0
664.0,328.0,982.0,654.0,327.0,1.9939024390243902,300.8318539406641,601.663707881328,0.5451550354516225,0.0,0.0,1.0,inf,328.0,inf,219.0,1.0,218.0,0.0,0.0,0.0,0.0,0.0,0.0
665.0,328.0,982.0,654.0,327.0,1.9939024390243902,300.8318539406641,601.663707881328,0.5451550354516225,0.0,0.0,1.0,inf,328.0,inf,219.0,0.0,219.0,0.0,0.0,0.0,0.0,0.0,0.0
666.0,329.0,985.0,656.0,328.0,1.993920972644377,301.6829586590341,603.3659173180681,0.545274418983407,0.0,0.0,1.0,inf,329.0,inf,218.0,1.0,217.0,0.0,0.0,0.0,0.0,0.0,0.0
667.0,329.0,985.0,656.0,328.0,1.993920972644377,301.6829586590341,603.3659173180681,0.545274418983407,0.0,0.0,1.0,inf,329.0,inf,218.0,0.0,218.0,0.0,0.0,0.0,0.0,0.0,0.0
668.0,330.0,988.0,658.0,329.0,1.993939393939394,302.54090861138997,605.0818172227798,0.5453807908402247,0.0,0.0,1.0,inf,330.0,inf,216.0,1.0,215.0,0.0,0.0,0.0,0.0,0.0,0.0
669.0,330.0,988.0,658.0,329.0,1.993939393939394,302.54090861138997,605.0818172227798,0.5453807908402247,0.0,0.0,1.0,inf,330.0,inf,213.0,0.0,213.0,0.0,0.0,0.0,0.0,0.0,0.0
670.0,330.0,988.0,658.0,329.0,1.993939393939394,302.54090861138997,605.0818172227798,0.5453807908402247,0.0,0.0,1.0,inf,330.0,inf,220.0,0.0,220.0,0.0,0.0,0.0,0.0,0.0,0.0
671.0,331.0,991.0,660.0,330.0,1.9939577039274925,303.4548004235845,606.9096008471689,0.5453860007124058,0.0,0.0,1.0,inf,331.0,inf,213.0,1.0,212.0,0.0,0.0,0.0,0.0,0.0,0.0
672.0,331.0,991.0,660.0,330.0,1.9939577039274925,303.4548004235845,606.9096008471689,0.5453860007124058,0.0,0.0,1.0,inf,331.0,inf,218.0,0.0,218.0,0.0,0.0,0.0,0.0,0.0,0.0
673.0,332.0,994.0,662.0,331.0,1.9939759036144578,304.32119880557235,608.6423976111446,0.5454762949526093,0.0,0.0,1.0,inf,332.0,inf,215.0,1.0,214.0,0.0,0.0,0.0,0.0,0.0,0.0
674.0,332.0,994.0,662.0,331.0,1.9939759036144578,304.32119880557235,608.6423976111446,0.5454762949526093,0.0,0.0,1.0,inf,332.0,inf,211.0,0.0,211.0,0.0,0.0,0.0,0.0,0.0,0.0
675.0,333.0,997.0,664.0,332.0,1.993993993993994,305.23486451742315,610.4697290348462,0.5454815925541036,0.0,0.0,1.0,inf,333.0,inf,219.0,1.0,218.0,0.0,0.0,0.0,0.0,0.0,0.0
676.0,333.0,997.0,664.0,332.0,1.993993993993994,305.23486451742315,610.4697290348462,0.5454815925541036,0.0,0.0,1.0,inf,333.0,inf,217.0,0.0,217.0,0.0,0.0,0.0,0.0,0.0,0.0
677.0,333.0,997.0,664.0,332.0,1.993993993993994,305.23486451742315,610.4697290348462,0.5454815925541036,0.0,0.0,1.0,inf,333.0,inf,220.0,0.0,220.0,0.0,0.0,0.0,0.0,0.0,0.0
678.0,334.0,1000.0,666.0,333.0,1.9940119760479043,306.1559304363031,612.3118608726061,0.5454736733729384,0.0,0.0,1.0,inf,334.0,inf,216.0,1.0,215.0,0.0,0.0,0.0,0.0,0.0,0.0
679.0,334.0,1000.0,666.0,333.0,1.9940119760479043,306.1559304363031,612.3118608726061,0.5454736733729384,0.0,0.0,1.0,inf,334.0,inf,219.0,0.0,219.0,0.0,0.0,0.0,0.0,0.0,0.0
680.0,335.0,1003.0,668.0,334.0,1.9940298507462686,307.04831448613453,614.096628972269,0.5455167545222395,0.0,0.0,1.0,inf,335.0,inf,217.0,1.0,216.0,0.0,0.0,0.0,0.0,0.0,0.0
681.0,335.0,1003.0,668.0,334.0,1.9940298507462686,307.04831448613453,614.096628972269,0.5455167545222395,0.0,0.0,1.0,inf,335.0,inf,217.0,0.0,217.0,0.0,0.0,0.0,0.0,0.0,0.0
682.0,336.0,1006.0,670.0,335.0,1.994047619047619,308.04054314445744,616.0810862889148,0.5453827547668472,0.0,0.0,1.0,inf,336.0,inf,217.0,1.0,216.0,0.0,0.0,0.0,0.0,0.0,0.0
683.0,336.0,1006.0,670.0,335.0,1.994047619047619,308.04054314445744,616.0810862889148,0.5453827547668472,0.0,0.0,1.0,inf,336.0,inf,216.0,0.0,216.0,0.0,0.0,0.0,0.0,0.0,0.0
684.0,337.0,1009.0,672.0,336.0,1.9940652818991098,308.98909162714017,617.9781832542802,0.5453266945854854,0.0,0.0,1.0,inf,337.0,inf,214.0,1.0,213.0,0.0,0.0,0.0,0.0,0.0,0.0
685.0,337.0,1009.0,672.0,336.0,1.9940652818991098,308.98909162714017,617.9781832542802,0.5453266945854854,0.0,0.0,1.0,inf,337.0,inf,216.0,0.0,216.0,0.0,0.0,0.0,0.0,0.0,0.0
686.0,338.0,1012.0,674.0,337.0,1.9940828402366864,309.9500388821812,619.9000777643623,0.5452491653477115,0.0,0.0,1.0,inf,338.0,inf,215.0,1.0,214.0,0.0,0.0,0.0,0.0,0.0,0.0
687.0,338.0,1012.0,674.0,337.0,1.9940828402366864,309.9500388821812,619.9000777643623,0.5452491653477115,0.0,0.0,1.0,inf,338.0,inf,218.0,0.0,218.0,0.0,0.0,0.0,0.0,0.0,0.0
688.0,339.0,1015.0,676.0,338.0,1.9941002949852507,310.9425490980492,621.8850981960983,0.5451167763680737,0.0,0.0,1.0,inf,339.0,inf,216.0,1.0,215.0,0.0,0.0,0.0,0.0,0.0,0.0
689.0,339.0,1015.0,676.0,338.0,1.9941002949852507,310.9425490980492,621.8850981960983,0.5451167763680737,0.0,0.0,1.0,inf,339.0,inf,215.0,0.0,215.0,0.0,0.0,0.0,0.0,0.0,0.0
690.0,340.0,1018.0,678.0,339.0,1.9941176470588236,311.7945312006181,623.5890624012361,0.5452308587497863,0.0,0.0,1.0,inf,340.0,inf,214.0,1.0,213.0,0.0,0.0,0.0,0.0,0.0,0.0
691.0,340.0,1018.0,678.0,339.0,1.9941176470588236,311.7945312006181,623.5890624012361,0.5452308587497863,0.0,0.0,1.0,inf,340.0,inf,212.0,0.0,212.0,0.0,0.0,0.0,0.0,0.0,0.0
692.0,341.0,1021.0,680.0,340.0,1.9941348973607038,312.77571743558286,625.5514348711656,0.5451190437605343,0.0,0.0,1.0,inf,341.0,inf,218.0,1.0,217.0,0.0,0.0,0.0,0.0,0.0,0.0
693.0,341.0,1021.0,680.0,340.0,1.9941348973607038,312.77571743558286,625.5514348711656,0.5451190437605343,0.0,0.0,1.0,inf,341.0,inf,215.0,0.0,215.0,0.0,0.0,0.0,0.0,0.0,0.0
694.0,342.0,1024.0,682.0,341.0,1.9941520467836258,313.6802373965411,627.3604747930821,0.5451411329551794,0.0,0.0,1.0,inf,342.0,inf,219.0,1.0,218.0,0.0,0.0,0.0,0.0,0.0,0.0
695.0,342.0,1024.0,682.0,341.0,1.9941520467836258,313.6802373965411,627.3604747930821,0.5451411329551794,0.0,0.0,1.0,inf,342.0,inf,213.0,0.0,213.0,0.0,0.0,0.0,0.0,0.0,0.0
696.0,343.0,1027.0,684.0,342.0,1.9941690962099126,314.5775673072578,629.1551346145155,0.5451755554854634,0.0,0.0,1.0,inf,343.0,inf,219.0,1.0,218.0,0.0,0.0,0.0,0.0,0.0,0.0
697.0,343.0,1027.0,684.0,342.0,1.9941690962099126,314.5775673072578,629.1551346145155,0.5451755554854634,0.0,0.0,1.0,inf,343.0,inf,218.0,0.0,218.0,0.0,0.0,0.0,0.0,0.0,0.0
698.0,344.0,1030.0,686.0,343.0,1.994186046511628,315.48771402292095,630.9754280458418,0.5451876328455181,0.0,0.0,1.0,inf,344.0,inf,216.0,1.0,215.0,0.0,0.0,0.0,0.0,0.0,0.0
699.0,344.0,1030.0,686.0,343.0,1.994186046511628,315.48771402292095,630.9754280458418,0.5451876328455181,0.0,0.0,1.0,inf,344.0,inf,216.0,0.0,216.0,0.0,0.0,0.0,0.0,0.0,0.0
700.0,344.0,1030.0,686.0,343.0,1.994186046511628,315.48771402292095,630.9754280458418,0.5451876328455181,0.0,0.0,1.0,inf,344.0,inf,220.0,0.0,220.0,0.0,0.0,0.0,0.0,0.0,0.0
