t,site_subsystems,total_subsystems,interface_subsystems,n_links,mean_degree,frontier_radius,volume_proxy,density,energy_remaining,energy_density,creation_rate_modifier,memory_total,memory_bound,memory_free,birth_attempts,births_accepted,births_reject_exclusion,births_reject_memory,births_reject_energy,deaths_attempted,deaths_executed,links_attempted_random,links_added_random
0.0,2.0,4.0,2.0,1.0,1.0,0.30187952306120036,0.6037590461224006,3.3125797664562664,0.0,0.0,1.0,inf,2.0,inf,0.0,0.0,0.0,0.0,0.0,0.0,0.0,0.0,0.0
1.0,2.0,4.0,2.0,1.0,1.0,0.30187952306120036,0.6037590461224006,3.3125797664562664,0.0,0.0,1.0,inf,2.0,inf,0.0,0.0,0.0,0.0,0.0,0.0,0.0,0.0,0.0
2.0,3.0,7.0,4.0,2.0,1.3333333333333333,1.1769387917113427,2.353877583422685,1.2744927863401514,0.0,0.0,1.0,inf,3.0,inf,1.0,1.0,0.0,0.0,0.0,0.0,0.0,0.0,0.0
3.0,3.0,7.0,4.0,2.0,1.3333333333333333,1.1769387917113427,2.353877583422685,1.2744927863401514,0.0,0.0,1.0,inf,3.0,inf,0.0,0.0,0.0,0.0,0.0,0.0,0.0,0.0,0.0
4.0,4.0,10.0,6.0,3.0,1.5,2.092312094264871,4.1846241885297415,0.9558803418868999,0.0,0.0,1.0,inf,4.0,inf,3.0,1.0,2.0,0.0,0.0,0.0,0.0,0.0,0.0
5.0,4.0,10.0,6.0,3.0,1.5,2.092312094264871,4.1846241885297415,0.9558803418868999,0.0,0.0,1.0,inf,4.0,inf,0.0,0.0,0.0,0.0,0.0,0.0,0.0,0.0,0.0
6.0,5.0,13.0,8.0,4.0,1.6,3.010743440666676,6.0214868813333515,0.8303596933010072,0.0,0.0,1.0,inf,5.0,inf,2.0,1.0,1.0,0.0,0.0,0.0,0.0,0.0,0.0
7.0,5.0,13.0,8.0,4.0,1.6,3.010743440666676,6.0214868813333515,0.8303596933010072,0.0,0.0,1.0,inf,5.0,inf,0.0,0.0,0.0,0.0,0.0,0.0,0.0,0.0,0.0
8.0,6.0,16.0,10.0,5.0,1.6666666666666667,3.958015814691109,7.916031629382217,0.7579555364242844,0.0,0.0,1.0,inf,6.0,inf,2.0,1.0,1.0,0.0,0.0,0.0,0.0,0.0,0.0
9.0,6.0,16.0,10.0,5.0,1.6666666666666667,3.958015814691109,7.916031629382217,0.7579555364242844,0.0,0.0,1.0,inf,6.0,inf,0.0,0.0,0.0,0.0,0.0,0.0,0.0,0.0,0.0
10.0,7.0,19.0,12.0,6.0,1.7142857142857142,4.922672457457345,9.845344914914689,0.7109959133474052,0.0,0.0,1.0,inf,7.0,inf,1.0,1.0,0.0,0.0,0.0,0.0,0.0,0.0,0.0
11.0,7.0,19.0,12.0,6.0,1.7142857142857142,4.922672457457345,9.845344914914689,0.7109959133474052,0.0,0.0,1.0,inf,7.0,inf,0.0,0.0,0.0,0.0,0.0,0.0,0.0,0.0,0.0
12.0,8.0,22.0,14.0,7.0,1.75,5.845502877005026,11.69100575401005,0.6842867216326514,0.0,0.0,1.0,inf,8.0,inf,2.0,1.0,1.0,0.0,0.0,0.0,0.0,0.0,0.0
13.0,8.0,22.0,14.0,7.0,1.75,5.845502877005026,11.69100575401005,0.6842867216326514,0.0,0.0,1.0,inf,8.0,inf,0.0,0.0,0.0,0.0,0.0,0.0,0.0,0.0,0.0
14.0,9.0,25.0,16.0,8.0,1.7777777777777777,6.783466341182093,13.566932682364184,0.6633776558572599,0.0,0.0,1.0,inf,9.0,inf,112.0,1.0,111.0,0.0,0.0,0.0,0.0,0.0,0.0
15.0,9.0,25.0,16.0,8.0,1.7777777777777777,6.783466341182093,13.566932682364184,0.6633776558572599,0.0,0.0,1.0,inf,9.0,inf,117.0,0.0,117.0,0.0,0.0,0.0,0.0,0.0,0.0
16.0,10.0,28.0,18.0,9.0,1.8,7.638015461729984,15.276030923459967,0.6546203035398829,0.0,0.0,1.0,inf,10.0,inf,111.0,1.0,110.0,0.0,0.0,0.0,0.0,0.0,0.0
17.0,10.0,28.0,18.0,9.0,1.8,7.638015461729984,15.276030923459967,0.6546203035398829,0.0,0.0,1.0,inf,10.0,inf,103.0,0.0,103.0,0.0,0.0,0.0,0.0,0.0,0.0
18.0,11.0,31.0,20.0,10.0,1.8181818181818181,8.597148486412047,17.19429697282409,0.6397470054975616,0.0,0.0,1.0,inf,11.0,inf,109.0,1.0,108.0,0.0,0.0,0.0,0.0,0.0,0.0
19.0,11.0,31.0,20.0,10.0,1.8181818181818181,8.597148486412047,17.19429697282409,0.6397470054975616,0.0,0.0,1.0,inf,11.0,inf,112.0,0.0,112.0,0.0,0.0,0.0,0.0,0.0,0.0
20.0,12.0,34.0,22.0,11.0,1.8333333333333333,9.555369087424513,19.110738174849022,0.6279192300270632,0.0,0.0,1.0,inf,12.0,inf,110.0,1.0,109.0,0.0,0.0,0.0,0.0,0.0,0.0
21.0,12.0,34.0,22.0,11.0,1.8333333333333333,9.555369087424513,19.110738174849022,0.6279192300270632,0.0,0.0,1.0,inf,12.0,inf,108.0,0.0,108.0,0.0,0.0,0.0,0.0,0.0,0.0
22.0,13.0,37.0,24.0,12.0,1.8461538461538463,10.483826303656151,20.9676526073123,0.6200026413765723,0.0,0.0,1.0,inf,13.0,inf,120.0,1.0,119.0,0.0,0.0,0.0,0.0,0.0,0.0
23.0,13.0,37.0,24.0,12.0,1.8461538461538463,10.483826303656151,20.9676526073123,0.6200026413765723,0.0,0.0,1.0,inf,13.0,inf,104.0,0.0,104.0,0.0,0.0,0.0,0.0,0.0,0.0
24.0,14.0,40.0,26.0,13.0,1.8571428571428572,11.364975039527993,22.729950079055982,0.615927441604898,0.0,0.0,1.0,inf,14.0,inf,117.0,1.0,116.0,0.0,0.0,0.0,0.0,0.0,0.0
25.0,14.0,40.0,26.0,13.0,1.8571428571428572,11.364975039527993,22.729950079055982,0.615927441604898,0.0,0.0,1.0,inf,14.0,inf,115.0,0.0,115.0,0.0,0.0,0.0,0.0,0.0,0.0
26.0,15.0,43.0,28.0,14.0,1.8666666666666667,12.225342041613379,24.450684083226754,0.6134797680482914,0.0,0.0,1.0,inf,15.0,inf,147.0,1.0,146.0,0.0,0.0,0.0,0.0,0.0,0.0
27.0,15.0,43.0,28.0,14.0,1.8666666666666667,12.225342041613379,24.450684083226754,0.6134797680482914,0.0,0.0,1.0,inf,15.0,inf,161.0,0.0,161.0,0.0,0.0,0.0,0.0,0.0,0.0
28.0,16.0,46.0,30.0,15.0,1.875,13.189686456135288,26.379372912270572,0.6065345091109984,0.0,0.0,1.0,inf,16.0,inf,147.0,1.0,146.0,0.0,0.0,0.0,0.0,0.0,0.0
29.0,16.0,46.0,30.0,15.0,1.875,13.189686456135288,26.379372912270572,0.6065345091109984,0.0,0.0,1.0,inf,16.0,inf,141.0,0.0,141.0,0.0,0.0,0.0,0.0,0.0,0.0
30.0,17.0,49.0,32.0,16.0,1.8823529411764706,14.085981243897347,28.17196248779469,0.6034368392817907,0.0,0.0,1.0,inf,17.0,inf,145.0,1.0,144.0,0.0,0.0,0.0,0.0,0.0,0.0
31.0,17.0,49.0,32.0,16.0,1.8823529411764706,14.085981243897347,28.17196248779469,0.6034368392817907,0.0,0.0,1.0,inf,17.0,inf,159.0,0.0,159.0,0.0,0.0,0.0,0.0,0.0,0.0
32.0,18.0,52.0,34.0,17.0,1.8888888888888888,14.93923161991223,29.878463239824455,0.6024406227161018,0.0,0.0,1.0,inf,18.0,inf,130.0,1.0,129.0,0.0,0.0,0.0,0.0,0.0,0.0
33.0,18.0,52.0,34.0,17.0,1.8888888888888888,14.93923161991223,29.878463239824455,0.6024406227161018,0.0,0.0,1.0,inf,18.0,inf,135.0,0.0,135.0,0.0,0.0,0.0,0.0,0.0,0.0
34.0,19.0,55.0,36.0,18.0,1.894736842105263,15.845858956911277,31.69171791382255,0.5995257199898597,0.0,0.0,1.0,inf,19.0,inf,161.0,1.0,160.0,0.0,0.0,0.0,0.0,0.0,0.0
35.0,19.0,55.0,36.0,18.0,1.894736842105263,15.845858956911277,31.69171791382255,0.5995257199898597,0.0,0.0,1.0,inf,19.0,inf,152.0,0.0,152.0,0.0,0.0,0.0,0.0,0.0,0.0
36.0,20.0,58.0,38.0,19.0,1.9,16.83090354926708,33.661807098534155,0.5941451669976127,0.0,0.0,1.0,inf,20.0,inf,156.0,1.0,155.0,0.0,0.0,0.0,0.0,0.0,0.0
37.0,20.0,58.0,38.0,19.0,1.9,16.83090354926708,33.661807098534155,0.5941451669976127,0.0,0.0,1.0,inf,20.0,inf,156.0,0.0,156.0,0.0,0.0,0.0,0.0,0.0,0.0
38.0,21.0,61.0,40.0,20.0,1.9047619047619047,17.702250852263195,35.40450170452638,0.5931449106460719,0.0,0.0,1.0,inf,21.0,inf,149.0,1.0,148.0,0.0,0.0,0.0,0.0,0.0,0.0
39.0,21.0,61.0,40.0,20.0,1.9047619047619047,17.702250852263195,35.40450170452638,0.5931449106460719,0.0,0.0,1.0,inf,21.0,inf,144.0,0.0,144.0,0.0,0.0,0.0,0.0,0.0,0.0
40.0,22.0,64.0,42.0,21.0,1.9090909090909092,18.66875683349127,37.33751366698253,0.589219737452806,0.0,0.0,1.0,inf,22.0,inf,149.0,1.0,148.0,0.0,0.0,0.0,0.0,0.0,0.0
41.0,22.0,64.0,42.0,21.0,1.9090909090909092,18.66875683349127,37.33751366698253,0.589219737452806,0.0,0.0,1.0,inf,22.0,inf,154.0,0.0,154.0,0.0,0.0,0.0,0.0,0.0,0.0
42.0,23.0,67.0,44.0,22.0,1.9130434782608696,19.573981068990843,39.14796213798168,0.5875146174642181,0.0,0.0,1.0,inf,23.0,inf,162.0,1.0,161.0,0.0,0.0,0.0,0.0,0.0,0.0
43.0,23.0,67.0,44.0,22.0,1.9130434782608696,19.573981068990843,39.14796213798168,0.5875146174642181,0.0,0.0,1.0,inf,23.0,inf,164.0,0.0,164.0,0.0,0.0,0.0,0.0,0.0,0.0
44.0,24.0,70.0,46.0,23.0,1.9166666666666667,20.46126604099848,40.922532081996955,0.5864739736023891,0.0,0.0,1.0,inf,24.0,inf,170.0,1.0,169.0,0.0,0.0,0.0,0.0,0.0,0.0
45.0,24.0,70.0,46.0,23.0,1.9166666666666667,20.46126604099848,40.922532081996955,0.5864739736023891,0.0,0.0,1.0,inf,24.0,inf,170.0,0.0,170.0,0.0,0.0,0.0,0.0,0.0,0.0
46.0,25.0,73.0,48.0,24.0,1.92,21.32080583783742,42.64161167567483,0.5862817801106097,0.0,0.0,1.0,inf,25.0,inf,173.0,1.0,172.0,0.0,0.0,0.0,0.0,0.0,0.0
47.0,25.0,73.0,48.0,24.0,1.92,21.32080583783742,42.64161167567483,0.5862817801106097,0.0,0.0,1.0,inf,25.0,inf,162.0,0.0,162.0,0.0,0.0,0.0,0.0,0.0,0.0
48.0,26.0,76.0,50.0,25.0,1.9230769230769231,22.175137387908944,44.35027477581788,0.5862421401316003,0.0,0.0,1.0,inf,26.0,inf,151.0,1.0,150.0,0.0,0.0,0.0,0.0,0.0,0.0
49.0,26.0,76.0,50.0,25.0,1.9230769230769231,22.175137387908944,44.35027477581788,0.5862421401316003,0.0,0.0,1.0,inf,26.0,inf,169.0,0.0,169.0,0.0,0.0,0.0,0.0,0.0,0.0
50.0,27.0,79.0,52.0,26.0,1.9259259259259258,23.073659517017035,46.14731903403406,0.5850827429452025,0.0,0.0,1.0,inf,27.0,inf,176.0,1.0,175.0,0.0,0.0,0.0,0.0,0.0,0.0
51.0,27.0,79.0,52.0,26.0,1.9259259259259258,23.073659517017035,46.14731903403406,0.5850827429452025,0.0,0.0,1.0,inf,27.0,inf,163.0,0.0,163.0,0.0,0.0,0.0,0.0,0.0,0.0
52.0,28.0,82.0,54.0,27.0,1.9285714285714286,23.934394249585118,47.86878849917023,0.584932288405113,0.0,0.0,1.0,inf,28.0,inf,173.0,1.0,172.0,0.0,0.0,0.0,0.0,0.0,0.0
53.0,28.0,82.0,54.0,27.0,1.9285714285714286,23.934394249585118,47.86878849917023,0.584932288405113,0.0,0.0,1.0,inf,28.0,inf,180.0,0.0,180.0,0.0,0.0,0.0,0.0,0.0,0.0
54.0,29.0,85.0,56.0,28.0,1.9310344827586208,24.80671532243126,49.61343064486251,0.5845191437694495,0.0,0.0,1.0,inf,29.0,inf,168.0,1.0,167.0,0.0,0.0,0.0,0.0,0.0,0.0
55.0,29.0,85.0,56.0,28.0,1.9310344827586208,24.80671532243126,49.61343064486251,0.5845191437694495,0.0,0.0,1.0,inf,29.0,inf,174.0,0.0,174.0,0.0,0.0,0.0,0.0,0.0,0.0
56.0,30.0,88.0,58.0,29.0,1.9333333333333333,25.691247585233167,51.38249517046633,0.5838564262103687,0.0,0.0,1.0,inf,30.0,inf,192.0,1.0,191.0,0.0,0.0,0.0,0.0,0.0,0.0
57.0,30.0,88.0,58.0,29.0,1.9333333333333333,25.691247585233167,51.38249517046633,0.5838564262103687,0.0,0.0,1.0,inf,30.0,inf,177.0,0.0,177.0,0.0,0.0,0.0,0.0,0.0,0.0
58.0,31.0,91.0,60.0,30.0,1.935483870967742,26.630833182272703,53.2616663645454,0.582032108943473,0.0,0.0,1.0,inf,31.0,inf,183.0,1.0,182.0,0.0,0.0,0.0,0.0,0.0,0.0
59.0,31.0,91.0,60.0,30.0,1.935483870967742,26.630833182272703,53.2616663645454,0.582032108943473,0.0,0.0,1.0,inf,31.0,inf,178.0,0.0,178.0,0.0,0.0,0.0,0.0,0.0,0.0
60.0,32.0,94.0,62.0,31.0,1.9375,27.49841032493535,54.99682064987069,0.5818518165572402,0.0,0.0,1.0,inf,32.0,inf,170.0,1.0,169.0,0.0,0.0,0.0,0.0,0.0,0.0
61.0,32.0,94.0,62.0,31.0,1.9375,27.49841032493535,54.99682064987069,0.5818518165572402,0.0,0.0,1.0,inf,32.0,inf,172.0,0.0,172.0,0.0,0.0,0.0,0.0,0.0,0.0
62.0,33.0,97.0,64.0,32.0,1.9393939393939394,28.454813565935368,56.90962713187073,0.5798667407103644,0.0,0.0,1.0,inf,33.0,inf,180.0,1.0,179.0,0.0,0.0,0.0,0.0,0.0,0.0
63.0,33.0,97.0,64.0,32.0,1.9393939393939394,28.454813565935368,56.90962713187073,0.5798667407103644,0.0,0.0,1.0,inf,33.0,inf,173.0,0.0,173.0,0.0,0.0,0.0,0.0,0.0,0.0
64.0,34.0,100.0,66.0,33.0,1.9411764705882353,29.356642868274005,58.713285736548,0.5790852883376546,0.0,0.0,1.0,inf,34.0,inf,174.0,1.0,173.0,0.0,0.0,0.0,0.0,0.0,0.0
65.0,34.0,100.0,66.0,33.0,1.9411764705882353,29.356642868274005,58.713285736548,0.5790852883376546,0.0,0.0,1.0,inf,34.0,inf,182.0,0.0,182.0,0.0,0.0,0.0,0.0,0.0,0.0
66.0,35.0,103.0,68.0,34.0,1.9428571428571428,30.30457510607334,60.60915021214667,0.5774705614167422,0.0,0.0,1.0,inf,35.0,inf,173.0,1.0,172.0,0.0,0.0,0.0,0.0,0.0,0.0
67.0,35.0,103.0,68.0,34.0,1.9428571428571428,30.30457510607334,60.60915021214667,0.5774705614167422,0.0,0.0,1.0,inf,35.0,inf,168.0,0.0,168.0,0.0,0.0,0.0,0.0,0.0,0.0
68.0,36.0,106.0,70.0,35.0,1.9444444444444444,31.166099178160824,62.33219835632164,0.5775506231018231,0.0,0.0,1.0,inf,36.0,inf,189.0,1.0,188.0,0.0,0.0,0.0,0.0,0.0,0.0
69.0,36.0,106.0,70.0,35.0,1.9444444444444444,31.166099178160824,62.33219835632164,0.5775506231018231,0.0,0.0,1.0,inf,36.0,inf,183.0,0.0,183.0,0.0,0.0,0.0,0.0,0.0,0.0
70.0,37.0,109.0,72.0,36.0,1.945945945945946,32.142820062273515,64.28564012454702,0.5755562195276611,0.0,0.0,1.0,inf,37.0,inf,177.0,1.0,176.0,0.0,0.0,0.0,0.0,0.0,0.0
71.0,37.0,109.0,72.0,36.0,1.945945945945946,32.142820062273515,64.28564012454702,0.5755562195276611,0.0,0.0,1.0,inf,37.0,inf,187.0,0.0,187.0,0.0,0.0,0.0,0.0,0.0,0.0
72.0,38.0,112.0,74.0,37.0,1.9473684210526316,33.070498451823646,66.14099690364728,0.5745301972898526,0.0,0.0,1.0,inf,38.0,inf,186.0,1.0,185.0,0.0,0.0,0.0,0.0,0.0,0.0
73.0,38.0,112.0,74.0,37.0,1.9473684210526316,33.070498451823646,66.14099690364728,0.5745301972898526,0.0,0.0,1.0,inf,38.0,inf,186.0,0.0,186.0,0.0,0.0,0.0,0.0,0.0,0.0
74.0,39.0,115.0,76.0,38.0,1.9487179487179487,34.066659866169644,68.13331973233927,0.5724071592755339,0.0,0.0,1.0,inf,39.0,inf,190.0,1.0,189.0,0.0,0.0,0.0,0.0,0.0,0.0
75.0,39.0,115.0,76.0,38.0,1.9487179487179487,34.066659866169644,68.13331973233927,0.5724071592755339,0.0,0.0,1.0,inf,39.0,inf,173.0,0.0,173.0,0.0,0.0,0.0,0.0,0.0,0.0
76.0,40.0,118.0,78.0,39.0,1.95,34.98991264261206,69.97982528522411,0.5715933104572326,0.0,0.0,1.0,inf,40.0,inf,191.0,1.0,190.0,0.0,0.0,0.0,0.0,0.0,0.0
77.0,40.0,118.0,78.0,39.0,1.95,34.98991264261206,69.97982528522411,0.5715933104572326,0.0,0.0,1.0,inf,40.0,inf,188.0,0.0,188.0,0.0,0.0,0.0,0.0,0.0,0.0
78.0,41.0,121.0,80.0,40.0,1.951219512195122,35.923659404276044,71.84731880855207,0.5706545585820764,0.0,0.0,1.0,inf,41.0,inf,182.0,1.0,181.0,0.0,0.0,0.0,0.0,0.0,0.0
79.0,41.0,121.0,80.0,40.0,1.951219512195122,35.923659404276044,71.84731880855207,0.5706545585820764,0.0,0.0,1.0,inf,41.0,inf,196.0,0.0,196.0,0.0,0.0,0.0,0.0,0.0,0.0
80.0,42.0,124.0,82.0,41.0,1.9523809523809523,36.824773500541845,73.64954700108368,0.570268273332109,0.0,0.0,1.0,inf,42.0,inf,184.0,1.0,183.0,0.0,0.0,0.0,0.0,0.0,0.0
81.0,42.0,124.0,82.0,41.0,1.9523809523809523,36.824773500541845,73.64954700108368,0.570268273332109,0.0,0.0,1.0,inf,42.0,inf,182.0,0.0,182.0,0.0,0.0,0.0,0.0,0.0,0.0
82.0,43.0,127.0,84.0,42.0,1.9534883720930232,37.809178045571265,75.61835609114252,0.5686449986848731,0.0,0.0,1.0,inf,43.0,inf,187.0,1.0,186.0,0.0,0.0,0.0,0.0,0.0,0.0
83.0,43.0,127.0,84.0,42.0,1.9534883720930232,37.809178045571265,75.61835609114252,0.5686449986848731,0.0,0.0,1.0,inf,43.0,inf,188.0,0.0,188.0,0.0,0.0,0.0,0.0,0.0,0.0
84.0,44.0,130.0,86.0,43.0,1.9545454545454546,38.6773830977766,77.35476619555318,0.5688078726625301,0.0,0.0,1.0,inf,44.0,inf,193.0,1.0,192.0,0.0,0.0,0.0,0.0,0.0,0.0
85.0,44.0,130.0,86.0,43.0,1.9545454545454546,38.6773830977766,77.35476619555318,0.5688078726625301,0.0,0.0,1.0,inf,44.0,inf,183.0,0.0,183.0,0.0,0.0,0.0,0.0,0.0,0.0
86.0,45.0,133.0,88.0,44.0,1.9555555555555555,39.66006012788229,79.32012025576456,0.5673213789250356,0.0,0.0,1.0,inf,45.0,inf,185.0,1.0,184.0,0.0,0.0,0.0,0.0,0.0,0.0
87.0,45.0,133.0,88.0,44.0,1.9555555555555555,39.66006012788229,79.32012025576456,0.5673213789250356,0.0,0.0,1.0,inf,45.0,inf,194.0,0.0,194.0,0.0,0.0,0.0,0.0,0.0,0.0
88.0,46.0,136.0,90.0,45.0,1.9565217391304348,40.55689476088404,81.11378952176807,0.5671045610272619,0.0,0.0,1.0,inf,46.0,inf,187.0,1.0,186.0,0.0,0.0,0.0,0.0,0.0,0.0
89.0,46.0,136.0,90.0,45.0,1.9565217391304348,40.55689476088404,81.11378952176807,0.5671045610272619,0.0,0.0,1.0,inf,46.0,inf,190.0,0.0,190.0,0.0,0.0,0.0,0.0,0.0,0.0
90.0,47.0,139.0,92.0,46.0,1.9574468085106382,41.53295861055124,83.06591722110247,0.5658156988129891,0.0,0.0,1.0,inf,47.0,inf,190.0,1.0,189.0,0.0,0.0,0.0,0.0,0.0,0.0
91.0,47.0,139.0,92.0,46.0,1.9574468085106382,41.53295861055124,83.06591722110247,0.5658156988129891,0.0,0.0,1.0,inf,47.0,inf,200.0,0.0,200.0,0.0,0.0,0.0,0.0,0.0,0.0
92.0,48.0,142.0,94.0,47.0,1.9583333333333333,42.47601386216974,84.95202772433946,0.5650247708713326,0.0,0.0,1.0,inf,48.0,inf,194.0,1.0,193.0,0.0,0.0,0.0,0.0,0.0,0.0
93.0,48.0,142.0,94.0,47.0,1.9583333333333333,42.47601386216974,84.95202772433946,0.5650247708713326,0.0,0.0,1.0,inf,48.0,inf,184.0,0.0,184.0,0.0,0.0,0.0,0.0,0.0,0.0
94.0,49.0,145.0,96.0,48.0,1.9591836734693877,43.3279417652404,86.65588353048079,0.5654549697455278,0.0,0.0,1.0,inf,49.0,inf,192.0,1.0,191.0,0.0,0.0,0.0,0.0,0.0,0.0
95.0,49.0,145.0,96.0,48.0,1.9591836734693877,43.3279417652404,86.65588353048079,0.5654549697455278,0.0,0.0,1.0,inf,49.0,inf,181.0,0.0,181.0,0.0,0.0,0.0,0.0,0.0,0.0
96.0,50.0,148.0,98.0,49.0,1.96,44.31360652702058,88.62721305404115,0.5641608065630147,0.0,0.0,1.0,inf,50.0,inf,189.0,1.0,188.0,0.0,0.0,0.0,0.0,0.0,0.0
97.0,50.0,148.0,98.0,49.0,1.96,44.31360652702058,88.62721305404115,0.5641608065630147,0.0,0.0,1.0,inf,50.0,inf,190.0,0.0,190.0,0.0,0.0,0.0,0.0,0.0,0.0
98.0,51.0,151.0,100.0,50.0,1.9607843137254901,45.259782345159444,90.51956469031887,0.5634141102476433,0.0,0.0,1.0,inf,51.0,inf,195.0,1.0,194.0,0.0,0.0,0.0,0.0,0.0,0.0
99.0,51.0,151.0,100.0,50.0,1.9607843137254901,45.259782345159444,90.51956469031887,0.5634141102476433,0.0,0.0,1.0,inf,51.0,inf,200.0,0.0,200.0,0.0,0.0,0.0,0.0,0.0,0.0
100.0,52.0,154.0,102.0,51.0,1.9615384615384615,46.11733123732881,92.23466247465761,0.5637793710611508,0.0,0.0,1.0,inf,52.0,inf,193.0,1.0,192.0,0.0,0.0,0.0,0.0,0.0,0.0
101.0,52.0,154.0,102.0,51.0,1.9615384615384615,46.11733123732881,92.23466247465761,0.5637793710611508,0.0,0.0,1.0,inf,52.0,inf,189.0,0.0,189.0,0.0,0.0,0.0,0.0,0.0,0.0
102.0,53.0,157.0,104.0,52.0,1.9622641509433962,47.11090166943336,94.2218033388667,0.5625025007151119,0.0,0.0,1.0,inf,53.0,inf,196.0,1.0,195.0,0.0,0.0,0.0,0.0,0.0,0.0
103.0,53.0,157.0,104.0,52.0,1.9622641509433962,47.11090166943336,94.2218033388667,0.5625025007151119,0.0,0.0,1.0,inf,53.0,inf,190.0,0.0,190.0,0.0,0.0,0.0,0.0,0.0,0.0
104.0,54.0,160.0,106.0,53.0,1.962962962962963,48.08803575505002,96.17607151010003,0.5614702196931504,0.0,0.0,1.0,inf,54.0,inf,206.0,1.0,205.0,0.0,0.0,0.0,0.0,0.0,0.0
105.0,54.0,160.0,106.0,53.0,1.962962962962963,48.08803575505002,96.17607151010003,0.5614702196931504,0.0,0.0,1.0,inf,54.0,inf,183.0,0.0,183.0,0.0,0.0,0.0,0.0,0.0,0.0
106.0,55.0,163.0,108.0,54.0,1.9636363636363636,49.06779810295035,98.13559620590068,0.5604490330359145,0.0,0.0,1.0,inf,55.0,inf,186.0,1.0,185.0,0.0,0.0,0.0,0.0,0.0,0.0
107.0,55.0,163.0,108.0,54.0,1.9636363636363636,49.06779810295035,98.13559620590068,0.5604490330359145,0.0,0.0,1.0,inf,55.0,inf,185.0,0.0,185.0,0.0,0.0,0.0,0.0,0.0,0.0
108.0,56.0,166.0,110.0,55.0,1.9642857142857142,49.96636421921431,99.93272843842861,0.5603769743413259,0.0,0.0,1.0,inf,56.0,inf,204.0,1.0,203.0,0.0,0.0,0.0,0.0,0.0,0.0
109.0,56.0,166.0,110.0,55.0,1.9642857142857142,49.96636421921431,99.93272843842861,0.5603769743413259,0.0,0.0,1.0,inf,56.0,inf,208.0,0.0,208.0,0.0,0.0,0.0,0.0,0.0,0.0
110.0,57.0,169.0,112.0,56.0,1.9649122807017543,50.85469830691121,101.7093966138224,0.5604201961439387,0.0,0.0,1.0,inf,57.0,inf,200.0,1.0,199.0,0.0,0.0,0.0,0.0,0.0,0.0
111.0,57.0,169.0,112.0,56.0,1.9649122807017543,50.85469830691121,101.7093966138224,0.5604201961439387,0.0,0.0,1.0,inf,57.0,inf,191.0,0.0,191.0,0.0,0.0,0.0,0.0,0.0,0.0
112.0,58.0,172.0,114.0,57.0,1.9655172413793103,51.82224129249656,103.6444825849931,0.5596052829193046,0.0,0.0,1.0,inf,58.0,inf,199.0,1.0,198.0,0.0,0.0,0.0,0.0,0.0,0.0
113.0,58.0,172.0,114.0,57.0,1.9655172413793103,51.82224129249656,103.6444825849931,0.5596052829193046,0.0,0.0,1.0,inf,58.0,inf,196.0,0.0,196.0,0.0,0.0,0.0,0.0,0.0,0.0
114.0,59.0,175.0,116.0,58.0,1.9661016949152543,52.78471716751936,105.56943433503871,0.5588738859086392,0.0,0.0,1.0,inf,59.0,inf,196.0,1.0,195.0,0.0,0.0,0.0,0.0,0.0,0.0
115.0,59.0,175.0,116.0,58.0,1.9661016949152543,52.78471716751936,105.56943433503871,0.5588738859086392,0.0,0.0,1.0,inf,59.0,inf,194.0,0.0,194.0,0.0,0.0,0.0,0.0,0.0,0.0
116.0,60.0,178.0,118.0,59.0,1.9666666666666666,53.6435196740217,107.28703934804338,0.5592474204210038,0.0,0.0,1.0,inf,60.0,inf,197.0,1.0,196.0,0.0,0.0,0.0,0.0,0.0,0.0
117.0,60.0,178.0,118.0,59.0,1.9666666666666666,53.6435196740217,107.28703934804338,0.5592474204210038,0.0,0.0,1.0,inf,60.0,inf,204.0,0.0,204.0,0.0,0.0,0.0,0.0,0.0,0.0
118.0,61.0,181.0,120.0,60.0,1.9672131147540983,54.59032030867365,109.18064061734728,0.5587071082847993,0.0,0.0,1.0,inf,61.0,inf,196.0,1.0,195.0,0.0,0.0,0.0,0.0,0.0,0.0
119.0,61.0,181.0,120.0,60.0,1.9672131147540983,54.59032030867365,109.18064061734728,0.5587071082847993,0.0,0.0,1.0,inf,61.0,inf,189.0,0.0,189.0,0.0,0.0,0.0,0.0,0.0,0.0
120.0,62.0,184.0,122.0,61.0,1.967741935483871,55.51058873180231,111.0211774636046,0.5584520126380851,0.0,0.0,1.0,inf,62.0,inf,193.0,1.0,192.0,0.0,0.0,0.0,0.0,0.0,0.0
121.0,62.0,184.0,122.0,61.0,1.967741935483871,55.51058873180231,111.0211774636046,0.5584520126380851,0.0,0.0,1.0,inf,62.0,inf,200.0,0.0,200.0,0.0,0.0,0.0,0.0,0.0,0.0
122.0,63.0,187.0,124.0,62.0,1.9682539682539681,56.37088983333394,112.74177966666787,0.5587990555609968,0.0,0.0,1.0,inf,63.0,inf,204.0,1.0,203.0,0.0,0.0,0.0,0.0,0.0,0.0
123.0,63.0,187.0,124.0,62.0,1.9682539682539681,56.37088983333394,112.74177966666787,0.5587990555609968,0.0,0.0,1.0,inf,63.0,inf,195.0,0.0,195.0,0.0,0.0,0.0,0.0,0.0,0.0
124.0,64.0,190.0,126.0,63.0,1.96875,57.23135323784927,114.46270647569852,0.5591340793045793,0.0,0.0,1.0,inf,64.0,inf,195.0,1.0,194.0,0.0,0.0,0.0,0.0,0.0,0.0
125.0,64.0,190.0,126.0,63.0,1.96875,57.23135323784927,114.46270647569852,0.5591340793045793,0.0,0.0,1.0,inf,64.0,inf,199.0,0.0,199.0,0.0,0.0,0.0,0.0,0.0,0.0
126.0,65.0,193.0,128.0,64.0,1.9692307692307693,58.10229587730977,116.20459175461953,0.5593582750779383,0.0,0.0,1.0,inf,65.0,inf,203.0,1.0,202.0,0.0,0.0,0.0,0.0,0.0,0.0
127.0,65.0,193.0,128.0,64.0,1.9692307692307693,58.10229587730977,116.20459175461953,0.5593582750779383,0.0,0.0,1.0,inf,65.0,inf,198.0,0.0,198.0,0.0,0.0,0.0,0.0,0.0,0.0
128.0,66.0,196.0,130.0,65.0,1.9696969696969697,59.102108021335454,118.2042160426709,0.5583557186841327,0.0,0.0,1.0,inf,66.0,inf,196.0,1.0,195.0,0.0,0.0,0.0,0.0,0.0,0.0
129.0,66.0,196.0,130.0,65.0,1.9696969696969697,59.102108021335454,118.2042160426709,0.5583557186841327,0.0,0.0,1.0,inf,66.0,inf,195.0,0.0,195.0,0.0,0.0,0.0,0.0,0.0,0.0
130.0,67.0,199.0,132.0,66.0,1.9701492537313432,60.04838400147009,120.09676800294017,0.5578834561006648,0.0,0.0,1.0,inf,67.0,inf,204.0,1.0,203.0,0.0,0.0,0.0,0.0,0.0,0.0
131.0,67.0,199.0,132.0,66.0,1.9701492537313432,60.04838400147009,120.09676800294017,0.5578834561006648,0.0,0.0,1.0,inf,67.0,inf,195.0,0.0,195.0,0.0,0.0,0.0,0.0,0.0,0.0
132.0,68.0,202.0,134.0,67.0,1.9705882352941178,60.931992035831286,121.86398407166256,0.5579991538764427,0.0,0.0,1.0,inf,68.0,inf,205.0,1.0,204.0,0.0,0.0,0.0,0.0,0.0,0.0
133.0,68.0,202.0,134.0,67.0,1.9705882352941178,60.931992035831286,121.86398407166256,0.5579991538764427,0.0,0.0,1.0,inf,68.0,inf,196.0,0.0,196.0,0.0,0.0,0.0,0.0,0.0,0.0
134.0,69.0,205.0,136.0,68.0,1.9710144927536233,61.901387300126615,123.80277460025322,0.5573380743912574,0.0,0.0,1.0,inf,69.0,inf,199.0,1.0,198.0,0.0,0.0,0.0,0.0,0.0,0.0
135.0,69.0,205.0,136.0,68.0,1.9710144927536233,61.901387300126615,123.80277460025322,0.5573380743912574,0.0,0.0,1.0,inf,69.0,inf,205.0,0.0,205.0,0.0,0.0,0.0,0.0,0.0,0.0
136.0,70.0,208.0,138.0,69.0,1.9714285714285715,62.795838088898655,125.5916761777973,0.5573617785059464,0.0,0.0,1.0,inf,70.0,inf,205.0,1.0,204.0,0.0,0.0,0.0,0.0,0.0,0.0
137.0,70.0,208.0,138.0,69.0,1.9714285714285715,62.795838088898655,125.5916761777973,0.5573617785059464,0.0,0.0,1.0,inf,70.0,inf,202.0,0.0,202.0,0.0,0.0,0.0,0.0,0.0,0.0
138.0,71.0,211.0,140.0,70.0,1.971830985915493,63.744368610663415,127.48873722132682,0.5569119402033174,0.0,0.0,1.0,inf,71.0,inf,208.0,1.0,207.0,0.0,0.0,0.0,0.0,0.0,0.0
139.0,71.0,211.0,140.0,70.0,1.971830985915493,63.744368610663415,127.48873722132682,0.5569119402033174,0.0,0.0,1.0,inf,71.0,inf,200.0,0.0,200.0,0.0,0.0,0.0,0.0,0.0,0.0
140.0,72.0,214.0,142.0,71.0,1.9722222222222223,64.69939608001391,129.3987921600278,0.5564194131809007,0.0,0.0,1.0,inf,72.0,inf,207.0,1.0,206.0,0.0,0.0,0.0,0.0,0.0,0.0
141.0,72.0,214.0,142.0,71.0,1.9722222222222223,64.69939608001391,129.3987921600278,0.5564194131809007,0.0,0.0,1.0,inf,72.0,inf,195.0,0.0,195.0,0.0,0.0,0.0,0.0,0.0,0.0
142.0,73.0,217.0,144.0,72.0,1.9726027397260273,65.58004932974038,131.16009865948072,0.5565717069908844,0.0,0.0,1.0,inf,73.0,inf,193.0,1.0,192.0,0.0,0.0,0.0,0.0,0.0,0.0
143.0,73.0,217.0,144.0,72.0,1.9726027397260273,65.58004932974038,131.16009865948072,0.5565717069908844,0.0,0.0,1.0,inf,73.0,inf,204.0,0.0,204.0,0.0,0.0,0.0,0.0,0.0,0.0
144.0,74.0,220.0,146.0,73.0,1.972972972972973,66.52865320121839,133.05730640243675,0.5561513456178367,0.0,0.0,1.0,inf,74.0,inf,200.0,1.0,199.0,0.0,0.0,0.0,0.0,0.0,0.0
145.0,74.0,220.0,146.0,73.0,1.972972972972973,66.52865320121839,133.05730640243675,0.5561513456178367,0.0,0.0,1.0,inf,74.0,inf,202.0,0.0,202.0,0.0,0.0,0.0,0.0,0.0,0.0
146.0,75.0,223.0,148.0,74.0,1.9733333333333334,67.38256590318962,134.7651318063792,0.5565237758068947,0.0,0.0,1.0,inf,75.0,inf,206.0,1.0,205.0,0.0,0.0,0.0,0.0,0.0,0.0
147.0,75.0,223.0,148.0,74.0,1.9733333333333334,67.38256590318962,134.7651318063792,0.5565237758068947,0.0,0.0,1.0,inf,75.0,inf,199.0,0.0,199.0,0.0,0.0,0.0,0.0,0.0,0.0
148.0,76.0,226.0,150.0,75.0,1.9736842105263157,68.35563658537492,136.71127317074982,0.5559161160402436,0.0,0.0,1.0,inf,76.0,inf,203.0,1.0,202.0,0.0,0.0,0.0,0.0,0.0,0.0
149.0,76.0,226.0,150.0,75.0,1.9736842105263157,68.35563658537492,136.71127317074982,0.5559161160402436,0.0,0.0,1.0,inf,76.0,inf,193.0,0.0,193.0,0.0,0.0,0.0,0.0,0.0,0.0
150.0,77.0,229.0,152.0,76.0,1.974025974025974,69.230325398589,138.46065079717798,0.5561146763118447,0.0,0.0,1.0,inf,77.0,inf,206.0,1.0,205.0,0.0,0.0,0.0,0.0,0.0,0.0
151.0,77.0,229.0,152.0,76.0,1.974025974025974,69.230325398589,138.46065079717798,0.5561146763118447,0.0,0.0,1.0,inf,77.0,inf,200.0,0.0,200.0,0.0,0.0,0.0,0.0,0.0,0.0
152.0,78.0,232.0,154.0,77.0,1.9743589743589745,70.22467990043094,140.44935980086186,0.5553603100120458,0.0,0.0,1.0,inf,78.0,inf,208.0,1.0,207.0,0.0,0.0,0.0,0.0,0.0,0.0
153.0,78.0,232.0,154.0,77.0,1.9743589743589745,70.22467990043094,140.44935980086186,0.5553603100120458,0.0,0.0,1.0,inf,78.0,inf,206.0,0.0,206.0,0.0,0.0,0.0,0.0,0.0,0.0
154.0,79.0,235.0,156.0,78.0,1.9746835443037976,71.15178637652788,142.30357275305573,0.5551512057753561,0.0,0.0,1.0,inf,79.0,inf,202.0,1.0,201.0,0.0,0.0,0.0,0.0,0.0,0.0
155.0,79.0,235.0,156.0,78.0,1.9746835443037976,71.15178637652788,142.30357275305573,0.5551512057753561,0.0,0.0,1.0,inf,79.0,inf,204.0,0.0,204.0,0.0,0.0,0.0,0.0,0.0,0.0
156.0,80.0,238.0,158.0,79.0,1.975,72.02046943043874,144.04093886087745,0.5553976573095538,0.0,0.0,1.0,inf,80.0,inf,209.0,1.0,208.0,0.0,0.0,0.0,0.0,0.0,0.0
157.0,80.0,238.0,158.0,79.0,1.975,72.02046943043874,144.04093886087745,0.5553976573095538,0.0,0.0,1.0,inf,80.0,inf,202.0,0.0,202.0,0.0,0.0,0.0,0.0,0.0,0.0
158.0,81.0,241.0,160.0,80.0,1.9753086419753085,72.94750754534329,145.89501509068654,0.5551937463363734,0.0,0.0,1.0,inf,81.0,inf,217.0,1.0,216.0,0.0,0.0,0.0,0.0,0.0,0.0
159.0,81.0,241.0,160.0,80.0,1.9753086419753085,72.94750754534329,145.89501509068654,0.5551937463363734,0.0,0.0,1.0,inf,81.0,inf,210.0,0.0,210.0,0.0,0.0,0.0,0.0,0.0,0.0
160.0,82.0,244.0,162.0,81.0,1.975609756097561,73.92334060649672,147.84668121299342,0.5546286147733527,0.0,0.0,1.0,inf,82.0,inf,209.0,1.0,208.0,0.0,0.0,0.0,0.0,0.0,0.0
161.0,82.0,244.0,162.0,81.0,1.975609756097561,73.92334060649672,147.84668121299342,0.5546286147733527,0.0,0.0,1.0,inf,82.0,inf,201.0,0.0,201.0,0.0,0.0,0.0,0.0,0.0,0.0
162.0,83.0,247.0,164.0,82.0,1.9759036144578312,74.84818450135123,149.69636900270243,0.5544556661791952,0.0,0.0,1.0,inf,83.0,inf,209.0,1.0,208.0,0.0,0.0,0.0,0.0,0.0,0.0
163.0,83.0,247.0,164.0,82.0,1.9759036144578312,74.84818450135123,149.69636900270243,0.5544556661791952,0.0,0.0,1.0,inf,83.0,inf,195.0,0.0,195.0,0.0,0.0,0.0,0.0,0.0,0.0
164.0,84.0,250.0,166.0,83.0,1.9761904761904763,75.75213376105474,151.50426752210944,0.5544398278269069,0.0,0.0,1.0,inf,84.0,inf,203.0,1.0,202.0,0.0,0.0,0.0,0.0,0.0,0.0
165.0,84.0,250.0,166.0,83.0,1.9761904761904763,75.75213376105474,151.50426752210944,0.5544398278269069,0.0,0.0,1.0,inf,84.0,inf,201.0,0.0,201.0,0.0,0.0,0.0,0.0,0.0,0.0
166.0,85.0,253.0,168.0,84.0,1.9764705882352942,76.70158646486273,153.40317292972543,0.5540954491139425,0.0,0.0,1.0,inf,85.0,inf,202.0,1.0,201.0,0.0,0.0,0.0,0.0,0.0,0.0
167.0,85.0,253.0,168.0,84.0,1.9764705882352942,76.70158646486273,153.40317292972543,0.5540954491139425,0.0,0.0,1.0,inf,85.0,inf,208.0,0.0,208.0,0.0,0.0,0.0,0.0,0.0,0.0
168.0,86.0,256.0,170.0,85.0,1.9767441860465116,77.68965241991593,155.37930483983183,0.5534842628408626,0.0,0.0,1.0,inf,86.0,inf,207.0,1.0,206.0,0.0,0.0,0.0,0.0,0.0,0.0
169.0,86.0,256.0,170.0,85.0,1.9767441860465116,77.68965241991593,155.37930483983183,0.5534842628408626,0.0,0.0,1.0,inf,86.0,inf,198.0,0.0,198.0,0.0,0.0,0.0,0.0,0.0,0.0
170.0,87.0,259.0,172.0,86.0,1.9770114942528736,78.65813974074405,157.31627948148807,0.5530260459168663,0.0,0.0,1.0,inf,87.0,inf,212.0,1.0,211.0,0.0,0.0,0.0,0.0,0.0,0.0
171.0,87.0,259.0,172.0,86.0,1.9770114942528736,78.65813974074405,157.31627948148807,0.5530260459168663,0.0,0.0,1.0,inf,87.0,inf,207.0,0.0,207.0,0.0,0.0,0.0,0.0,0.0,0.0
172.0,88.0,262.0,174.0,87.0,1.9772727272727273,79.65056580373682,159.30113160747362,0.5524128994691427,0.0,0.0,1.0,inf,88.0,inf,197.0,1.0,196.0,0.0,0.0,0.0,0.0,0.0,0.0
173.0,88.0,262.0,174.0,87.0,1.9772727272727273,79.65056580373682,159.30113160747362,0.5524128994691427,0.0,0.0,1.0,inf,88.0,inf,204.0,0.0,204.0,0.0,0.0,0.0,0.0,0.0,0.0
174.0,89.0,265.0,176.0,88.0,1.9775280898876404,80.54594285312479,161.09188570624954,0.5524797205632763,0.0,0.0,1.0,inf,89.0,inf,204.0,1.0,203.0,0.0,0.0,0.0,0.0,0.0,0.0
175.0,89.0,265.0,176.0,88.0,1.9775280898876404,80.54594285312479,161.09188570624954,0.5524797205632763,0.0,0.0,1.0,inf,89.0,inf,206.0,0.0,206.0,0.0,0.0,0.0,0.0,0.0,0.0
176.0,90.0,268.0,178.0,89.0,1.9777777777777779,81.53436624481787,163.06873248963572,0.5519145125244669,0.0,0.0,1.0,inf,90.0,inf,210.0,1.0,209.0,0.0,0.0,0.0,0.0,0.0,0.0
177.0,90.0,268.0,178.0,89.0,1.9777777777777779,81.53436624481787,163.06873248963572,0.5519145125244669,0.0,0.0,1.0,inf,90.0,inf,207.0,0.0,207.0,0.0,0.0,0.0,0.0,0.0,0.0
178.0,91.0,271.0,180.0,90.0,1.978021978021978,82.51353528691018,165.02707057382034,0.5514246825298498,0.0,0.0,1.0,inf,91.0,inf,216.0,1.0,215.0,0.0,0.0,0.0,0.0,0.0,0.0
179.0,91.0,271.0,180.0,90.0,1.978021978021978,82.51353528691018,165.02707057382034,0.5514246825298498,0.0,0.0,1.0,inf,91.0,inf,201.0,0.0,201.0,0.0,0.0,0.0,0.0,0.0,0.0
180.0,92.0,274.0,182.0,91.0,1.9782608695652173,83.48638707754597,166.9727741550919,0.5509880306267548,0.0,0.0,1.0,inf,92.0,inf,204.0,1.0,203.0,0.0,0.0,0.0,0.0,0.0,0.0
181.0,92.0,274.0,182.0,91.0,1.9782608695652173,83.48638707754597,166.9727741550919,0.5509880306267548,0.0,0.0,1.0,inf,92.0,inf,195.0,0.0,195.0,0.0,0.0,0.0,0.0,0.0,0.0
182.0,93.0,277.0,184.0,92.0,1.978494623655914,84.36554462612877,168.7310892522575,0.55117287757778,0.0,0.0,1.0,inf,93.0,inf,203.0,1.0,202.0,0.0,0.0,0.0,0.0,0.0,0.0
183.0,93.0,277.0,184.0,92.0,1.978494623655914,84.36554462612877,168.7310892522575,0.55117287757778,0.0,0.0,1.0,inf,93.0,inf,200.0,0.0,200.0,0.0,0.0,0.0,0.0,0.0,0.0
184.0,94.0,280.0,186.0,93.0,1.9787234042553192,85.35117260150346,170.7023452030069,0.5506661310845553,0.0,0.0,1.0,inf,94.0,inf,205.0,1.0,204.0,0.0,0.0,0.0,0.0,0.0,0.0
185.0,94.0,280.0,186.0,93.0,1.9787234042553192,85.35117260150346,170.7023452030069,0.5506661310845553,0.0,0.0,1.0,inf,94.0,inf,203.0,0.0,203.0,0.0,0.0,0.0,0.0,0.0,0.0
186.0,95.0,283.0,188.0,94.0,1.9789473684210526,86.29682792256396,172.5936558451279,0.5504257936644299,0.0,0.0,1.0,inf,95.0,inf,210.0,1.0,209.0,0.0,0.0,0.0,0.0,0.0,0.0
187.0,95.0,283.0,188.0,94.0,1.9789473684210526,86.29682792256396,172.5936558451279,0.5504257936644299,0.0,0.0,1.0,inf,95.0,inf,199.0,0.0,199.0,0.0,0.0,0.0,0.0,0.0,0.0
188.0,96.0,286.0,190.0,95.0,1.9791666666666667,87.23033833328985,174.46067666657967,0.5502672684427924,0.0,0.0,1.0,inf,96.0,inf,210.0,1.0,209.0,0.0,0.0,0.0,0.0,0.0,0.0
189.0,96.0,286.0,190.0,95.0,1.9791666666666667,87.23033833328985,174.46067666657967,0.5502672684427924,0.0,0.0,1.0,inf,96.0,inf,207.0,0.0,207.0,0.0,0.0,0.0,0.0,0.0,0.0
190.0,97.0,289.0,192.0,96.0,1.9793814432989691,88.18065020849706,176.36130041699408,0.5500072848785432,0.0,0.0,1.0,inf,97.0,inf,194.0,1.0,193.0,0.0,0.0,0.0,0.0,0.0,0.0
191.0,97.0,289.0,192.0,96.0,1.9793814432989691,88.18065020849706,176.36130041699408,0.5500072848785432,0.0,0.0,1.0,inf,97.0,inf,207.0,0.0,207.0,0.0,0.0,0.0,0.0,0.0,0.0
192.0,98.0,292.0,194.0,97.0,1.9795918367346939,89.0364156071776,178.07283121435518,0.5503366197510079,0.0,0.0,1.0,inf,98.0,inf,203.0,1.0,202.0,0.0,0.0,0.0,0.0,0.0,0.0
193.0,98.0,292.0,194.0,97.0,1.9795918367346939,89.0364156071776,178.07283121435518,0.5503366197510079,0.0,0.0,1.0,inf,98.0,inf,206.0,0.0,206.0,0.0,0.0,0.0,0.0,0.0,0.0
194.0,99.0,295.0,196.0,98.0,1.97979797979798,89.97256449892024,179.94512899784044,0.550167712520788,0.0,0.0,1.0,inf,99.0,inf,206.0,1.0,205.0,0.0,0.0,0.0,0.0,0.0,0.0
195.0,99.0,295.0,196.0,98.0,1.97979797979798,89.97256449892024,179.94512899784044,0.550167712520788,0.0,0.0,1.0,inf,99.0,inf,204.0,0.0,204.0,0.0,0.0,0.0,0.0,0.0,0.0
196.0,100.0,298.0,198.0,99.0,1.98,90.93366277595382,181.8673255519076,0.5498513803759573,0.0,0.0,1.0,inf,100.0,inf,205.0,1.0,204.0,0.0,0.0,0.0,0.0,0.0,0.0
197.0,100.0,298.0,198.0,99.0,1.98,90.93366277595382,181.8673255519076,0.5498513803759573,0.0,0.0,1.0,inf,100.0,inf,203.0,0.0,203.0,0.0,0.0,0.0,0.0,0.0,0.0
198.0,101.0,301.0,200.0,100.0,1.9801980198019802,91.8509643610356,183.70192872207116,0.5498036994092006,0.0,0.0,1.0,inf,101.0,inf,207.0,1.0,206.0,0.0,0.0,0.0,0.0,0.0,0.0
199.0,101.0,301.0,200.0,100.0,1.9801980198019802,91.8509643610356,183.70192872207116,0.5498036994092006,0.0,0.0,1.0,inf,101.0,inf,207.0,0.0,207.0,0.0,0.0,0.0,0.0,0.0,0.0
200.0,102.0,304.0,202.0,101.0,1.9803921568627452,92.85056865973274,185.70113731946546,0.5492696570001471,0.0,0.0,1.0,inf,102.0,inf,208.0,1.0,207.0,0.0,0.0,0.0,0.0,0.0,0.0
201.0,102.0,304.0,202.0,101.0,1.9803921568627452,92.85056865973274,185.70113731946546,0.5492696570001471,0.0,0.0,1.0,inf,102.0,inf,202.0,0.0,202.0,0.0,0.0,0.0,0.0,0.0,0.0
202.0,103.0,307.0,204.0,102.0,1.9805825242718447,93.80472948554663,187.60945897109323,0.5490128299760738,0.0,0.0,1.0,inf,103.0,inf,210.0,1.0,209.0,0.0,0.0,0.0,0.0,0.0,0.0
203.0,103.0,307.0,204.0,102.0,1.9805825242718447,93.80472948554663,187.60945897109323,0.5490128299760738,0.0,0.0,1.0,inf,103.0,inf,207.0,0.0,207.0,0.0,0.0,0.0,0.0,0.0,0.0
204.0,104.0,310.0,206.0,103.0,1.9807692307692308,94.74815353252717,189.4963070650543,0.5488233602583964,0.0,0.0,1.0,inf,104.0,inf,207.0,1.0,206.0,0.0,0.0,0.0,0.0,0.0,0.0
205.0,104.0,310.0,206.0,103.0,1.9807692307692308,94.74815353252717,189.4963070650543,0.5488233602583964,0.0,0.0,1.0,inf,104.0,inf,209.0,0.0,209.0,0.0,0.0,0.0,0.0,0.0,0.0
206.0,105.0,313.0,208.0,104.0,1.980952380952381,95.6350399287529,191.27007985750578,0.5489619708332004,0.0,0.0,1.0,inf,105.0,inf,206.0,1.0,205.0,0.0,0.0,0.0,0.0,0.0,0.0
207.0,105.0,313.0,208.0,104.0,1.980952380952381,95.6350399287529,191.27007985750578,0.5489619708332004,0.0,0.0,1.0,inf,105.0,inf,212.0,0.0,212.0,0.0,0.0,0.0,0.0,0.0,0.0
208.0,106.0,316.0,210.0,105.0,1.9811320754716981,96.62708087553396,193.2541617510679,0.5485004775035033,0.0,0.0,1.0,inf,106.0,inf,211.0,1.0,210.0,0.0,0.0,0.0,0.0,0.0,0.0
209.0,106.0,316.0,210.0,105.0,1.9811320754716981,96.62708087553396,193.2541617510679,0.5485004775035033,0.0,0.0,1.0,inf,106.0,inf,212.0,0.0,212.0,0.0,0.0,0.0,0.0,0.0,0.0
210.0,107.0,319.0,212.0,106.0,1.9813084112149533,97.47753823900928,194.95507647801853,0.5488443898616018,0.0,0.0,1.0,inf,107.0,inf,200.0,1.0,199.0,0.0,0.0,0.0,0.0,0.0,0.0
211.0,107.0,319.0,212.0,106.0,1.9813084112149533,97.47753823900928,194.95507647801853,0.5488443898616018,0.0,0.0,1.0,inf,107.0,inf,207.0,0.0,207.0,0.0,0.0,0.0,0.0,0.0,0.0
212.0,108.0,322.0,214.0,107.0,1.9814814814814814,98.38485772831808,196.76971545663613,0.548864949818972,0.0,0.0,1.0,inf,108.0,inf,203.0,1.0,202.0,0.0,0.0,0.0,0.0,0.0,0.0
213.0,108.0,322.0,214.0,107.0,1.9814814814814814,98.38485772831808,196.76971545663613,0.548864949818972,0.0,0.0,1.0,inf,108.0,inf,209.0,0.0,209.0,0.0,0.0,0.0,0.0,0.0,0.0
214.0,109.0,325.0,216.0,108.0,1.981651376146789,99.32217640069204,198.64435280138406,0.5487193492431391,0.0,0.0,1.0,inf,109.0,inf,209.0,1.0,208.0,0.0,0.0,0.0,0.0,0.0,0.0
215.0,109.0,325.0,216.0,108.0,1.981651376146789,99.32217640069204,198.64435280138406,0.5487193492431391,0.0,0.0,1.0,inf,109.0,inf,206.0,0.0,206.0,0.0,0.0,0.0,0.0,0.0,0.0
216.0,110.0,328.0,218.0,109.0,1.981818181818182,100.2756882536243,200.55137650724856,0.5484878833330982,0.0,0.0,1.0,inf,110.0,inf,206.0,1.0,205.0,0.0,0.0,0.0,0.0,0.0,0.0
217.0,110.0,328.0,218.0,109.0,1.981818181818182,100.2756882536243,200.55137650724856,0.5484878833330982,0.0,0.0,1.0,inf,110.0,inf,208.0,0.0,208.0,0.0,0.0,0.0,0.0,0.0,0.0
218.0,111.0,331.0,220.0,110.0,1.981981981981982,101.22510363514427,202.4502072702885,0.5482829654592817,0.0,0.0,1.0,inf,111.0,inf,214.0,1.0,213.0,0.0,0.0,0.0,0.0,0.0,0.0
219.0,111.0,331.0,220.0,110.0,1.981981981981982,101.22510363514427,202.4502072702885,0.5482829654592817,0.0,0.0,1.0,inf,111.0,inf,199.0,0.0,199.0,0.0,0.0,0.0,0.0,0.0,0.0
220.0,112.0,334.0,222.0,111.0,1.9821428571428572,102.18821198221707,204.3764239644341,0.5480084142165557,0.0,0.0,1.0,inf,112.0,inf,208.0,1.0,207.0,0.0,0.0,0.0,0.0,0.0,0.0
221.0,112.0,334.0,222.0,111.0,1.9821428571428572,102.18821198221707,204.3764239644341,0.5480084142165557,0.0,0.0,1.0,inf,112.0,inf,202.0,0.0,202.0,0.0,0.0,0.0,0.0,0.0,0.0
222.0,113.0,337.0,224.0,112.0,1.9823008849557522,103.18384831356457,206.3676966271291,0.5475663189872761,0.0,0.0,1.0,inf,113.0,inf,211.0,1.0,210.0,0.0,0.0,0.0,0.0,0.0,0.0
223.0,113.0,337.0,224.0,112.0,1.9823008849557522,103.18384831356457,206.3676966271291,0.5475663189872761,0.0,0.0,1.0,inf,113.0,inf,209.0,0.0,209.0,0.0,0.0,0.0,0.0,0.0,0.0
224.0,114.0,340.0,226.0,113.0,1.9824561403508771,104.10172276331706,208.20344552663408,0.5475413709491985,0.0,0.0,1.0,inf,114.0,inf,212.0,1.0,211.0,0.0,0.0,0.0,0.0,0.0,0.0
225.0,114.0,340.0,226.0,113.0,1.9824561403508771,104.10172276331706,208.20344552663408,0.5475413709491985,0.0,0.0,1.0,inf,114.0,inf,207.0,0.0,207.0,0.0,0.0,0.0,0.0,0.0,0.0
226.0,115.0,343.0,228.0,114.0,1.982608695652174,105.0437495192574,210.08749903851478,0.5473909705542135,0.0,0.0,1.0,inf,115.0,inf,210.0,1.0,209.0,0.0,0.0,0.0,0.0,0.0,0.0
227.0,115.0,343.0,228.0,114.0,1.982608695652174,105.0437495192574,210.08749903851478,0.5473909705542135,0.0,0.0,1.0,inf,115.0,inf,204.0,0.0,204.0,0.0,0.0,0.0,0.0,0.0,0.0
228.0,116.0,346.0,230.0,115.0,1.9827586206896552,106.03926085733154,212.07852171466305,0.54696722262177,0.0,0.0,1.0,inf,116.0,inf,204.0,1.0,203.0,0.0,0.0,0.0,0.0,0.0,0.0
229.0,116.0,346.0,230.0,115.0,1.9827586206896552,106.03926085733154,212.07852171466305,0.54696722262177,0.0,0.0,1.0,inf,116.0,inf,207.0,0.0,207.0,0.0,0.0,0.0,0.0,0.0,0.0
230.0,117.0,349.0,232.0,116.0,1.982905982905983,106.8982239362763,213.79644787255256,0.5472495037417345,0.0,0.0,1.0,inf,117.0,inf,200.0,1.0,199.0,0.0,0.0,0.0,0.0,0.0,0.0
231.0,117.0,349.0,232.0,116.0,1.982905982905983,106.8982239362763,213.79644787255256,0.5472495037417345,0.0,0.0,1.0,inf,117.0,inf,211.0,0.0,211.0,0.0,0.0,0.0,0.0,0.0,0.0
232.0,118.0,352.0,234.0,117.0,1.9830508474576272,107.79452347661491,215.5890469532298,0.5473376392150344,0.0,0.0,1.0,inf,118.0,inf,213.0,1.0,212.0,0.0,0.0,0.0,0.0,0.0,0.0
233.0,118.0,352.0,234.0,117.0,1.9830508474576272,107.79452347661491,215.5890469532298,0.5473376392150344,0.0,0.0,1.0,inf,118.0,inf,206.0,0.0,206.0,0.0,0.0,0.0,0.0,0.0,0.0
234.0,119.0,355.0,236.0,118.0,1.9831932773109244,108.70464704633739,217.40929409267474,0.5473547048511829,0.0,0.0,1.0,inf,119.0,inf,212.0,1.0,211.0,0.0,0.0,0.0,0.0,0.0,0.0
235.0,119.0,355.0,236.0,118.0,1.9831932773109244,108.70464704633739,217.40929409267474,0.5473547048511829,0.0,0.0,1.0,inf,119.0,inf,193.0,0.0,193.0,0.0,0.0,0.0,0.0,0.0,0.0
236.0,120.0,358.0,238.0,119.0,1.9833333333333334,109.64086686089111,219.2817337217822,0.5472412041043613,0.0,0.0,1.0,inf,120.0,inf,208.0,1.0,207.0,0.0,0.0,0.0,0.0,0.0,0.0
237.0,120.0,358.0,238.0,119.0,1.9833333333333334,109.64086686089111,219.2817337217822,0.5472412041043613,0.0,0.0,1.0,inf,120.0,inf,204.0,0.0,204.0,0.0,0.0,0.0,0.0,0.0,0.0
238.0,121.0,361.0,240.0,120.0,1.9834710743801653,110.61811467247328,221.23622934494654,0.5469266962208957,0.0,0.0,1.0,inf,121.0,inf,213.0,1.0,212.0,0.0,0.0,0.0,0.0,0.0,0.0
239.0,121.0,361.0,240.0,120.0,1.9834710743801653,110.61811467247328,221.23622934494654,0.5469266962208957,0.0,0.0,1.0,inf,121.0,inf,209.0,0.0,209.0,0.0,0.0,0.0,0.0,0.0,0.0
240.0,122.0,364.0,242.0,121.0,1.9836065573770492,111.49704921434892,222.9940984286978,0.5470996804832905,0.0,0.0,1.0,inf,122.0,inf,206.0,1.0,205.0,0.0,0.0,0.0,0.0,0.0,0.0
241.0,122.0,364.0,242.0,121.0,1.9836065573770492,111.49704921434892,222.9940984286978,0.5470996804832905,0.0,0.0,1.0,inf,122.0,inf,210.0,0.0,210.0,0.0,0.0,0.0,0.0,0.0,0.0
242.0,123.0,367.0,244.0,122.0,1.983739837398374,112.38476311194567,224.76952622389132,0.5472272067588049,0.0,0.0,1.0,inf,123.0,inf,209.0,1.0,208.0,0.0,0.0,0.0,0.0,0.0,0.0
243.0,123.0,367.0,244.0,122.0,1.983739837398374,112.38476311194567,224.76952622389132,0.5472272067588049,0.0,0.0,1.0,inf,123.0,inf,206.0,0.0,206.0,0.0,0.0,0.0,0.0,0.0,0.0
244.0,124.0,370.0,246.0,123.0,1.9838709677419355,113.30993592763653,226.61987185527303,0.5471717858846488,0.0,0.0,1.0,inf,124.0,inf,213.0,1.0,212.0,0.0,0.0,0.0,0.0,0.0,0.0
245.0,124.0,370.0,246.0,123.0,1.9838709677419355,113.30993592763653,226.61987185527303,0.5471717858846488,0.0,0.0,1.0,inf,124.0,inf,212.0,0.0,212.0,0.0,0.0,0.0,0.0,0.0,0.0
246.0,125.0,373.0,248.0,124.0,1.984,114.18739172920124,228.37478345840245,0.5473458939163843,0.0,0.0,1.0,inf,125.0,inf,210.0,1.0,209.0,0.0,0.0,0.0,0.0,0.0,0.0
247.0,125.0,373.0,248.0,124.0,1.984,114.18739172920124,228.37478345840245,0.5473458939163843,0.0,0.0,1.0,inf,125.0,inf,212.0,0.0,212.0,0.0,0.0,0.0,0.0,0.0,0.0
248.0,126.0,376.0,250.0,125.0,1.9841269841269842,115.17626631075325,230.35253262150647,0.546987691283739,0.0,0.0,1.0,inf,126.0,inf,212.0,1.0,211.0,0.0,0.0,0.0,0.0,0.0,0.0
249.0,126.0,376.0,250.0,125.0,1.9841269841269842,115.17626631075325,230.35253262150647,0.546987691283739,0.0,0.0,1.0,inf,126.0,inf,208.0,0.0,208.0,0.0,0.0,0.0,0.0,0.0,0.0
250.0,127.0,379.0,252.0,126.0,1.984251968503937,116.09895810189752,232.19791620379502,0.5469471995111915,0.0,0.0,1.0,inf,127.0,inf,204.0,1.0,203.0,0.0,0.0,0.0,0.0,0.0,0.0
251.0,127.0,379.0,252.0,126.0,1.984251968503937,116.09895810189752,232.19791620379502,0.5469471995111915,0.0,0.0,1.0,inf,127.0,inf,203.0,0.0,203.0,0.0,0.0,0.0,0.0,0.0,0.0
252.0,128.0,382.0,254.0,127.0,1.984375,117.03293131059112,234.06586262118222,0.5468546270122194,0.0,0.0,1.0,inf,128.0,inf,209.0,1.0,208.0,0.0,0.0,0.0,0.0,0.0,0.0
253.0,128.0,382.0,254.0,127.0,1.984375,117.03293131059112,234.06586262118222,0.5468546270122194,0.0,0.0,1.0,inf,128.0,inf,207.0,0.0,207.0,0.0,0.0,0.0,0.0,0.0,0.0
254.0,129.0,385.0,256.0,128.0,1.9844961240310077,117.91675067397207,235.83350134794412,0.5469960767349841,0.0,0.0,1.0,inf,129.0,inf,211.0,1.0,210.0,0.0,0.0,0.0,0.0,0.0,0.0
255.0,129.0,385.0,256.0,128.0,1.9844961240310077,117.91675067397207,235.83350134794412,0.5469960767349841,0.0,0.0,1.0,inf,129.0,inf,210.0,0.0,210.0,0.0,0.0,0.0,0.0,0.0,0.0
256.0,130.0,388.0,258.0,129.0,1.9846153846153847,118.89930159973822,237.79860319947642,0.5466810916923259,0.0,0.0,1.0,inf,130.0,inf,211.0,1.0,210.0,0.0,0.0,0.0,0.0,0.0,0.0
257.0,130.0,388.0,258.0,129.0,1.9846153846153847,118.89930159973822,237.79860319947642,0.5466810916923259,0.0,0.0,1.0,inf,130.0,inf,210.0,0.0,210.0,0.0,0.0,0.0,0.0,0.0,0.0
258.0,131.0,391.0,260.0,130.0,1.984732824427481,119.84620095858158,239.69240191716312,0.5465338031251953,0.0,0.0,1.0,inf,131.0,inf,212.0,1.0,211.0,0.0,0.0,0.0,0.0,0.0,0.0
259.0,131.0,391.0,260.0,130.0,1.984732824427481,119.84620095858158,239.69240191716312,0.5465338031251953,0.0,0.0,1.0,inf,131.0,inf,208.0,0.0,208.0,0.0,0.0,0.0,0.0,0.0,0.0
260.0,132.0,394.0,262.0,131.0,1.9848484848484849,120.82612177397792,241.6522435479558,0.54623949714667,0.0,0.0,1.0,inf,132.0,inf,206.0,1.0,205.0,0.0,0.0,0.0,0.0,0.0,0.0
261.0,132.0,394.0,262.0,131.0,1.9848484848484849,120.82612177397792,241.6522435479558,0.54623949714667,0.0,0.0,1.0,inf,132.0,inf,210.0,0.0,210.0,0.0,0.0,0.0,0.0,0.0,0.0
262.0,133.0,397.0,264.0,132.0,1.9849624060150375,121.77366058704678,243.54732117409353,0.5460951052913794,0.0,0.0,1.0,inf,133.0,inf,206.0,1.0,205.0,0.0,0.0,0.0,0.0,0.0,0.0
263.0,133.0,397.0,264.0,132.0,1.9849624060150375,121.77366058704678,243.54732117409353,0.5460951052913794,0.0,0.0,1.0,inf,133.0,inf,212.0,0.0,212.0,0.0,0.0,0.0,0.0,0.0,0.0
264.0,134.0,400.0,266.0,133.0,1.9850746268656716,122.75985384219986,245.5197076843997,0.5457810342958239,0.0,0.0,1.0,inf,134.0,inf,212.0,1.0,211.0,0.0,0.0,0.0,0.0,0.0,0.0
265.0,134.0,400.0,266.0,133.0,1.9850746268656716,122.75985384219986,245.5197076843997,0.5457810342958239,0.0,0.0,1.0,inf,134.0,inf,211.0,0.0,211.0,0.0,0.0,0.0,0.0,0.0,0.0
266.0,135.0,403.0,268.0,134.0,1.9851851851851852,123.64835929335665,247.29671858671327,0.545902916834147,0.0,0.0,1.0,inf,135.0,inf,215.0,1.0,214.0,0.0,0.0,0.0,0.0,0.0,0.0
267.0,135.0,403.0,268.0,134.0,1.9851851851851852,123.64835929335665,247.29671858671327,0.545902916834147,0.0,0.0,1.0,inf,135.0,inf,210.0,0.0,210.0,0.0,0.0,0.0,0.0,0.0,0.0
268.0,136.0,406.0,270.0,135.0,1.9852941176470589,124.56552620468311,249.1310524093662,0.5458974250087784,0.0,0.0,1.0,inf,136.0,inf,212.0,1.0,211.0,0.0,0.0,0.0,0.0,0.0,0.0
269.0,136.0,406.0,270.0,135.0,1.9852941176470589,124.56552620468311,249.1310524093662,0.5458974250087784,0.0,0.0,1.0,inf,136.0,inf,212.0,0.0,212.0,0.0,0.0,0.0,0.0,0.0,0.0
270.0,137.0,409.0,272.0,136.0,1.9854014598540146,125.5211412967754,251.04228259355077,0.5457248021513946,0.0,0.0,1.0,inf,137.0,inf,210.0,1.0,209.0,0.0,0.0,0.0,0.0,0.0,0.0
271.0,137.0,409.0,272.0,136.0,1.9854014598540146,125.5211412967754,251.04228259355077,0.5457248021513946,0.0,0.0,1.0,inf,137.0,inf,216.0,0.0,216.0,0.0,0.0,0.0,0.0,0.0,0.0
272.0,138.0,412.0,274.0,137.0,1.9855072463768115,126.52007753871388,253.04015507742773,0.5453679869812497,0.0,0.0,1.0,inf,138.0,inf,212.0,1.0,211.0,0.0,0.0,0.0,0.0,0.0,0.0
273.0,138.0,412.0,274.0,137.0,1.9855072463768115,126.52007753871388,253.04015507742773,0.5453679869812497,0.0,0.0,1.0,inf,138.0,inf,204.0,0.0,204.0,0.0,0.0,0.0,0.0,0.0,0.0
274.0,139.0,415.0,276.0,138.0,1.985611510791367,127.39746777059295,254.79493554118588,0.5455367458727671,0.0,0.0,1.0,inf,139.0,inf,213.0,1.0,212.0,0.0,0.0,0.0,0.0,0.0,0.0
275.0,139.0,415.0,276.0,138.0,1.985611510791367,127.39746777059295,254.79493554118588,0.5455367458727671,0.0,0.0,1.0,inf,139.0,inf,210.0,0.0,210.0,0.0,0.0,0.0,0.0,0.0,0.0
276.0,140.0,418.0,278.0,139.0,1.9857142857142858,128.2798739655557,256.55974793111136,0.5456818582375256,0.0,0.0,1.0,inf,140.0,inf,211.0,1.0,210.0,0.0,0.0,0.0,0.0,0.0,0.0
277.0,140.0,418.0,278.0,139.0,1.9857142857142858,128.2798739655557,256.55974793111136,0.5456818582375256,0.0,0.0,1.0,inf,140.0,inf,213.0,0.0,213.0,0.0,0.0,0.0,0.0,0.0,0.0
278.0,141.0,421.0,280.0,140.0,1.9858156028368794,129.26922287750085,258.53844575500165,0.5453734340679668,0.0,0.0,1.0,inf,141.0,inf,207.0,1.0,206.0,0.0,0.0,0.0,0.0,0.0,0.0
279.0,141.0,421.0,280.0,140.0,1.9858156028368794,129.26922287750085,258.53844575500165,0.5453734340679668,0.0,0.0,1.0,inf,141.0,inf,214.0,0.0,214.0,0.0,0.0,0.0,0.0,0.0,0.0
280.0,142.0,424.0,282.0,141.0,1.9859154929577465,130.26509702408165,260.53019404816325,0.5450423914156721,0.0,0.0,1.0,inf,142.0,inf,213.0,1.0,212.0,0.0,0.0,0.0,0.0,0.0,0.0
281.0,142.0,424.0,282.0,141.0,1.9859154929577465,130.26509702408165,260.53019404816325,0.5450423914156721,0.0,0.0,1.0,inf,142.0,inf,212.0,0.0,212.0,0.0,0.0,0.0,0.0,0.0,0.0
282.0,143.0,427.0,284.0,142.0,1.986013986013986,131.21467306076724,262.4293461215344,0.5449085710626846,0.0,0.0,1.0,inf,143.0,inf,211.0,1.0,210.0,0.0,0.0,0.0,0.0,0.0,0.0
283.0,143.0,427.0,284.0,142.0,1.986013986013986,131.21467306076724,262.4293461215344,0.5449085710626846,0.0,0.0,1.0,inf,143.0,inf,210.0,0.0,210.0,0.0,0.0,0.0,0.0,0.0,0.0
284.0,144.0,430.0,286.0,143.0,1.9861111111111112,132.08419141988654,264.168382839773,0.5451068687782399,0.0,0.0,1.0,inf,144.0,inf,212.0,1.0,211.0,0.0,0.0,0.0,0.0,0.0,0.0
285.0,144.0,430.0,286.0,143.0,1.9861111111111112,132.08419141988654,264.168382839773,0.5451068687782399,0.0,0.0,1.0,inf,144.0,inf,215.0,0.0,215.0,0.0,0.0,0.0,0.0,0.0,0.0
286.0,145.0,433.0,288.0,144.0,1.986206896551724,133.07687464335507,266.1537492867101,0.5447978861413707,0.0,0.0,1.0,inf,145.0,inf,216.0,1.0,215.0,0.0,0.0,0.0,0.0,0.0,0.0
287.0,145.0,433.0,288.0,144.0,1.986206896551724,133.07687464335507,266.1537492867101,0.5447978861413707,0.0,0.0,1.0,inf,145.0,inf,208.0,0.0,208.0,0.0,0.0,0.0,0.0,0.0,0.0
288.0,146.0,436.0,290.0,145.0,1.9863013698630136,133.98803899103692,267.9760779820738,0.5448247511472523,0.0,0.0,1.0,inf,146.0,inf,213.0,1.0,212.0,0.0,0.0,0.0,0.0,0.0,0.0
289.0,146.0,436.0,290.0,145.0,1.9863013698630136,133.98803899103692,267.9760779820738,0.5448247511472523,0.0,0.0,1.0,inf,146.0,inf,214.0,0.0,214.0,0.0,0.0,0.0,0.0,0.0,0.0
290.0,147.0,439.0,292.0,146.0,1.9863945578231292,134.95439248980526,269.90878497961046,0.5446284381262534,0.0,0.0,1.0,inf,147.0,inf,211.0,1.0,210.0,0.0,0.0,0.0,0.0,0.0,0.0
291.0,147.0,439.0,292.0,146.0,1.9863945578231292,134.95439248980526,269.90878497961046,0.5446284381262534,0.0,0.0,1.0,inf,147.0,inf,211.0,0.0,211.0,0.0,0.0,0.0,0.0,0.0,0.0
292.0,148.0,442.0,294.0,147.0,1.9864864864864864,135.90549038430316,271.81098076860627,0.5444960302247427,0.0,0.0,1.0,inf,148.0,inf,211.0,1.0,210.0,0.0,0.0,0.0,0.0,0.0,0.0
293.0,148.0,442.0,294.0,147.0,1.9864864864864864,135.90549038430316,271.81098076860627,0.5444960302247427,0.0,0.0,1.0,inf,148.0,inf,210.0,0.0,210.0,0.0,0.0,0.0,0.0,0.0,0.0
294.0,149.0,445.0,296.0,148.0,1.9865771812080537,136.84203995889783,273.6840799177956,0.544423336734654,0.0,0.0,1.0,inf,149.0,inf,203.0,1.0,202.0,0.0,0.0,0.0,0.0,0.0,0.0
295.0,149.0,445.0,296.0,148.0,1.9865771812080537,136.84203995889783,273.6840799177956,0.544423336734654,0.0,0.0,1.0,inf,149.0,inf,208.0,0.0,208.0,0.0,0.0,0.0,0.0,0.0,0.0
296.0,150.0,448.0,298.0,149.0,1.9866666666666666,137.7403685470658,275.48073709413154,0.5445026813208544,0.0,0.0,1.0,inf,150.0,inf,206.0,1.0,205.0,0.0,0.0,0.0,0.0,0.0,0.0
297.0,150.0,448.0,298.0,149.0,1.9866666666666666,137.7403685470658,275.48073709413154,0.5445026813208544,0.0,0.0,1.0,inf,150.0,inf,210.0,0.0,210.0,0.0,0.0,0.0,0.0,0.0,0.0
298.0,151.0,451.0,300.0,150.0,1.9867549668874172,138.6479522526601,277.29590450532015,0.5445446454370657,0.0,0.0,1.0,inf,151.0,inf,216.0,1.0,215.0,0.0,0.0,0.0,0.0,0.0,0.0
299.0,151.0,451.0,300.0,150.0,1.9867549668874172,138.6479522526601,277.29590450532015,0.5445446454370657,0.0,0.0,1.0,inf,151.0,inf,211.0,0.0,211.0,0.0,0.0,0.0,0.0,0.0,0.0
300.0,152.0,454.0,302.0,151.0,1.986842105263158,139.6316805144584,279.26336102891673,0.5442890876911738,0.0,0.0,1.0,inf,152.0,inf,210.0,1.0,209.0,0.0,0.0,0.0,0.0,0.0,0.0
301.0,152.0,454.0,302.0,151.0,1.986842105263158,139.6316805144584,279.26336102891673,0.5442890876911738,0.0,0.0,1.0,inf,152.0,inf,213.0,0.0,213.0,0.0,0.0,0.0,0.0,0.0,0.0
302.0,153.0,457.0,304.0,152.0,1.9869281045751634,140.57402896670496,281.14805793340986,0.5441972501059857,0.0,0.0,1.0,inf,153.0,inf,210.0,1.0,209.0,0.0,0.0,0.0,0.0,0.0,0.0
303.0,153.0,457.0,304.0,152.0,1.9869281045751634,140.57402896670496,281.14805793340986,0.5441972501059857,0.0,0.0,1.0,inf,153.0,inf,207.0,0.0,207.0,0.0,0.0,0.0,0.0,0.0,0.0
304.0,154.0,460.0,306.0,153.0,1.9870129870129871,141.4387283485183,282.87745669703656,0.5444053471002991,0.0,0.0,1.0,inf,154.0,inf,211.0,1.0,210.0,0.0,0.0,0.0,0.0,0.0,0.0
305.0,154.0,460.0,306.0,153.0,1.9870129870129871,141.4387283485183,282.87745669703656,0.5444053471002991,0.0,0.0,1.0,inf,154.0,inf,214.0,0.0,214.0,0.0,0.0,0.0,0.0,0.0,0.0
306.0,155.0,463.0,308.0,154.0,1.9870967741935484,142.3936567365524,284.78731347310475,0.5442658175664773,0.0,0.0,1.0,inf,155.0,inf,215.0,1.0,214.0,0.0,0.0,0.0,0.0,0.0,0.0
307.0,155.0,463.0,308.0,154.0,1.9870967741935484,142.3936567365524,284.78731347310475,0.5442658175664773,0.0,0.0,1.0,inf,155.0,inf,213.0,0.0,213.0,0.0,0.0,0.0,0.0,0.0,0.0
308.0,156.0,466.0,310.0,155.0,1.9871794871794872,143.37525770505994,286.7505154101198,0.5440269210218638,0.0,0.0,1.0,inf,156.0,inf,213.0,1.0,212.0,0.0,0.0,0.0,0.0,0.0,0.0
309.0,156.0,466.0,310.0,155.0,1.9871794871794872,143.37525770505994,286.7505154101198,0.5440269210218638,0.0,0.0,1.0,inf,156.0,inf,214.0,0.0,214.0,0.0,0.0,0.0,0.0,0.0,0.0
310.0,157.0,469.0,312.0,156.0,1.9872611464968153,144.30764890461,288.61529780921995,0.5439767094528021,0.0,0.0,1.0,inf,157.0,inf,218.0,1.0,217.0,0.0,0.0,0.0,0.0,0.0,0.0
311.0,157.0,469.0,312.0,156.0,1.9872611464968153,144.30764890461,288.61529780921995,0.5439767094528021,0.0,0.0,1.0,inf,157.0,inf,210.0,0.0,210.0,0.0,0.0,0.0,0.0,0.0,0.0
312.0,158.0,472.0,314.0,157.0,1.9873417721518987,145.2112584040287,290.42251680805737,0.5440349520296441,0.0,0.0,1.0,inf,158.0,inf,213.0,1.0,212.0,0.0,0.0,0.0,0.0,0.0,0.0
313.0,158.0,472.0,314.0,157.0,1.9873417721518987,145.2112584040287,290.42251680805737,0.5440349520296441,0.0,0.0,1.0,inf,158.0,inf,209.0,0.0,209.0,0.0,0.0,0.0,0.0,0.0,0.0
314.0,159.0,475.0,316.0,158.0,1.9874213836477987,146.11895287471103,292.237905749422,0.5440772633250862,0.0,0.0,1.0,inf,159.0,inf,214.0,1.0,213.0,0.0,0.0,0.0,0.0,0.0,0.0
315.0,159.0,475.0,316.0,158.0,1.9874213836477987,146.11895287471103,292.237905749422,0.5440772633250862,0.0,0.0,1.0,inf,159.0,inf,212.0,0.0,212.0,0.0,0.0,0.0,0.0,0.0,0.0
316.0,160.0,478.0,318.0,159.0,1.9875,147.0707357692929,294.14147153858573,0.5439559378114115,0.0,0.0,1.0,inf,160.0,inf,215.0,1.0,214.0,0.0,0.0,0.0,0.0,0.0,0.0
317.0,160.0,478.0,318.0,159.0,1.9875,147.0707357692929,294.14147153858573,0.5439559378114115,0.0,0.0,1.0,inf,160.0,inf,213.0,0.0,213.0,0.0,0.0,0.0,0.0,0.0,0.0
318.0,161.0,481.0,320.0,160.0,1.9875776397515528,148.02192235087952,296.043844701759,0.5438383634092947,0.0,0.0,1.0,inf,161.0,inf,216.0,1.0,215.0,0.0,0.0,0.0,0.0,0.0,0.0
319.0,161.0,481.0,320.0,160.0,1.9875776397515528,148.02192235087952,296.043844701759,0.5438383634092947,0.0,0.0,1.0,inf,161.0,inf,209.0,0.0,209.0,0.0,0.0,0.0,0.0,0.0,0.0
320.0,162.0,484.0,322.0,161.0,1.9876543209876543,148.9174720852061,297.83494417041214,0.5439254297417448,0.0,0.0,1.0,inf,162.0,inf,204.0,1.0,203.0,0.0,0.0,0.0,0.0,0.0,0.0
321.0,162.0,484.0,322.0,161.0,1.9876543209876543,148.9174720852061,297.83494417041214,0.5439254297417448,0.0,0.0,1.0,inf,162.0,inf,211.0,0.0,211.0,0.0,0.0,0.0,0.0,0.0,0.0
322.0,163.0,487.0,324.0,162.0,1.9877300613496933,149.78029661250952,299.560593225019,0.5441303151565078,0.0,0.0,1.0,inf,163.0,inf,213.0,1.0,212.0,0.0,0.0,0.0,0.0,0.0,0.0
323.0,163.0,487.0,324.0,162.0,1.9877300613496933,149.78029661250952,299.560593225019,0.5441303151565078,0.0,0.0,1.0,inf,163.0,inf,211.0,0.0,211.0,0.0,0.0,0.0,0.0,0.0,0.0
324.0,164.0,490.0,326.0,163.0,1.9878048780487805,150.67820065139716,301.35640130279427,0.5442061270011567,0.0,0.0,1.0,inf,164.0,inf,214.0,1.0,213.0,0.0,0.0,0.0,0.0,0.0,0.0
325.0,164.0,490.0,326.0,163.0,1.9878048780487805,150.67820065139716,301.35640130279427,0.5442061270011567,0.0,0.0,1.0,inf,164.0,inf,211.0,0.0,211.0,0.0,0.0,0.0,0.0,0.0,0.0
326.0,165.0,493.0,328.0,164.0,1.9878787878787878,151.64015567058797,303.2803113411759,0.5440511428860374,0.0,0.0,1.0,inf,165.0,inf,212.0,1.0,211.0,0.0,0.0,0.0,0.0,0.0,0.0
327.0,165.0,493.0,328.0,164.0,1.9878787878787878,151.64015567058797,303.2803113411759,0.5440511428860374,0.0,0.0,1.0,inf,165.0,inf,211.0,0.0,211.0,0.0,0.0,0.0,0.0,0.0,0.0
328.0,166.0,496.0,330.0,165.0,1.9879518072289157,152.50855585751313,305.0171117150262,0.5442317615120944,0.0,0.0,1.0,inf,166.0,inf,214.0,1.0,213.0,0.0,0.0,0.0,0.0,0.0,0.0
329.0,166.0,496.0,330.0,165.0,1.9879518072289157,152.50855585751313,305.0171117150262,0.5442317615120944,0.0,0.0,1.0,inf,166.0,inf,203.0,0.0,203.0,0.0,0.0,0.0,0.0,0.0,0.0
330.0,167.0,499.0,332.0,166.0,1.9880239520958083,153.46024369544023,306.9204873908804,0.5441148664257012,0.0,0.0,1.0,inf,167.0,inf,215.0,1.0,214.0,0.0,0.0,0.0,0.0,0.0,0.0
331.0,167.0,499.0,332.0,166.0,1.9880239520958083,153.46024369544023,306.9204873908804,0.5441148664257012,0.0,0.0,1.0,inf,167.0,inf,212.0,0.0,212.0,0.0,0.0,0.0,0.0,0.0,0.0
332.0,168.0,502.0,334.0,167.0,1.9880952380952381,154.4443173822127,308.8886347644253,0.5438853395435724,0.0,0.0,1.0,inf,168.0,inf,220.0,1.0,219.0,0.0,0.0,0.0,0.0,0.0,0.0
333.0,168.0,502.0,334.0,167.0,1.9880952380952381,154.4443173822127,308.8886347644253,0.5438853395435724,0.0,0.0,1.0,inf,168.0,inf,207.0,0.0,207.0,0.0,0.0,0.0,0.0,0.0,0.0
334.0,169.0,505.0,336.0,168.0,1.9881656804733727,155.3863093731674,310.77261874633473,0.5438059526664564,0.0,0.0,1.0,inf,169.0,inf,216.0,1.0,215.0,0.0,0.0,0.0,0.0,0.0,0.0
335.0,169.0,505.0,336.0,168.0,1.9881656804733727,155.3863093731674,310.77261874633473,0.5438059526664564,0.0,0.0,1.0,inf,169.0,inf,209.0,0.0,209.0,0.0,0.0,0.0,0.0,0.0,0.0
336.0,170.0,508.0,338.0,169.0,1.988235294117647,156.38454725068607,312.7690945013721,0.5435319633195224,0.0,0.0,1.0,inf,170.0,inf,214.0,1.0,213.0,0.0,0.0,0.0,0.0,0.0,0.0
337.0,170.0,508.0,338.0,169.0,1.988235294117647,156.38454725068607,312.7690945013721,0.5435319633195224,0.0,0.0,1.0,inf,170.0,inf,214.0,0.0,214.0,0.0,0.0,0.0,0.0,0.0,0.0
338.0,171.0,511.0,340.0,170.0,1.9883040935672514,157.25872609182505,314.51745218365005,0.5436900204194434,0.0,0.0,1.0,inf,171.0,inf,220.0,1.0,219.0,0.0,0.0,0.0,0.0,0.0,0.0
339.0,171.0,511.0,340.0,170.0,1.9883040935672514,157.25872609182505,314.51745218365005,0.5436900204194434,0.0,0.0,1.0,inf,171.0,inf,214.0,0.0,214.0,0.0,0.0,0.0,0.0,0.0,0.0
340.0,172.0,514.0,342.0,171.0,1.9883720930232558,158.12528193057204,316.25056386114403,0.5438725480834872,0.0,0.0,1.0,inf,172.0,inf,207.0,1.0,206.0,0.0,0.0,0.0,0.0,0.0,0.0
341.0,172.0,514.0,342.0,171.0,1.9883720930232558,158.12528193057204,316.25056386114403,0.5438725480834872,0.0,0.0,1.0,inf,172.0,inf,216.0,0.0,216.0,0.0,0.0,0.0,0.0,0.0,0.0
342.0,173.0,517.0,344.0,172.0,1.9884393063583814,159.0992829872141,318.19856597442816,0.5436856683191433,0.0,0.0,1.0,inf,173.0,inf,212.0,1.0,211.0,0.0,0.0,0.0,0.0,0.0,0.0
343.0,173.0,517.0,344.0,172.0,1.9884393063583814,159.0992829872141,318.19856597442816,0.5436856683191433,0.0,0.0,1.0,inf,173.0,inf,212.0,0.0,212.0,0.0,0.0,0.0,0.0,0.0,0.0
344.0,174.0,520.0,346.0,173.0,1.9885057471264367,160.05711111955017,320.1142222391003,0.5435559806837811,0.0,0.0,1.0,inf,174.0,inf,215.0,1.0,214.0,0.0,0.0,0.0,0.0,0.0,0.0
345.0,174.0,520.0,346.0,173.0,1.9885057471264367,160.05711111955017,320.1142222391003,0.5435559806837811,0.0,0.0,1.0,inf,174.0,inf,213.0,0.0,213.0,0.0,0.0,0.0,0.0,0.0,0.0
346.0,175.0,523.0,348.0,174.0,1.9885714285714287,160.99072044238505,321.98144088477005,0.5435095871337149,0.0,0.0,1.0,inf,175.0,inf,216.0,1.0,215.0,0.0,0.0,0.0,0.0,0.0,0.0
347.0,175.0,523.0,348.0,174.0,1.9885714285714287,160.99072044238505,321.98144088477005,0.5435095871337149,0.0,0.0,1.0,inf,175.0,inf,213.0,0.0,213.0,0.0,0.0,0.0,0.0,0.0,0.0
348.0,176.0,526.0,350.0,175.0,1.9886363636363635,161.9129059722068,323.82581194441354,0.5435020727446253,0.0,0.0,1.0,inf,176.0,inf,209.0,1.0,208.0,0.0,0.0,0.0,0.0,0.0,0.0
349.0,176.0,526.0,350.0,175.0,1.9886363636363635,161.9129059722068,323.82581194441354,0.5435020727446253,0.0,0.0,1.0,inf,176.0,inf,214.0,0.0,214.0,0.0,0.0,0.0,0.0,0.0,0.0
350.0,177.0,529.0,352.0,176.0,1.9887005649717515,162.76553173763708,325.5310634752741,0.5437269122964793,0.0,0.0,1.0,inf,177.0,inf,217.0,1.0,216.0,0.0,0.0,0.0,0.0,0.0,0.0
351.0,177.0,529.0,352.0,176.0,1.9887005649717515,162.76553173763708,325.5310634752741,0.5437269122964793,0.0,0.0,1.0,inf,177.0,inf,215.0,0.0,215.0,0.0,0.0,0.0,0.0,0.0,0.0
352.0,178.0,532.0,354.0,177.0,1.9887640449438202,163.62935361181442,327.2587072236288,0.5439121895643424,0.0,0.0,1.0,inf,178.0,inf,215.0,1.0,214.0,0.0,0.0,0.0,0.0,0.0,0.0
353.0,178.0,532.0,354.0,177.0,1.9887640449438202,163.62935361181442,327.2587072236288,0.5439121895643424,0.0,0.0,1.0,inf,178.0,inf,214.0,0.0,214.0,0.0,0.0,0.0,0.0,0.0,0.0
354.0,179.0,535.0,356.0,178.0,1.988826815642458,164.62777573157453,329.255551463149,0.5436506664946363,0.0,0.0,1.0,inf,179.0,inf,215.0,1.0,214.0,0.0,0.0,0.0,0.0,0.0,0.0
355.0,179.0,535.0,356.0,178.0,1.988826815642458,164.62777573157453,329.255551463149,0.5436506664946363,0.0,0.0,1.0,inf,179.0,inf,214.0,0.0,214.0,0.0,0.0,0.0,0.0,0.0,0.0
356.0,180.0,538.0,358.0,179.0,1.988888888888889,165.50929275137014,331.0185855027402,0.5437761137388158,0.0,0.0,1.0,inf,180.0,inf,206.0,1.0,205.0,0.0,0.0,0.0,0.0,0.0,0.0
357.0,180.0,538.0,358.0,179.0,1.988888888888889,165.50929275137014,331.0185855027402,0.5437761137388158,0.0,0.0,1.0,inf,180.0,inf,205.0,0.0,205.0,0.0,0.0,0.0,0.0,0.0,0.0
358.0,181.0,541.0,360.0,180.0,1.988950276243094,166.46362552103227,332.9272510420645,0.5436623149155523,0.0,0.0,1.0,inf,181.0,inf,213.0,1.0,212.0,0.0,0.0,0.0,0.0,0.0,0.0
359.0,181.0,541.0,360.0,180.0,1.988950276243094,166.46362552103227,332.9272510420645,0.5436623149155523,0.0,0.0,1.0,inf,181.0,inf,208.0,0.0,208.0,0.0,0.0,0.0,0.0,0.0,0.0
360.0,182.0,544.0,362.0,181.0,1.989010989010989,167.37530801124655,334.75061602249303,0.5436883198678589,0.0,0.0,1.0,inf,182.0,inf,215.0,1.0,214.0,0.0,0.0,0.0,0.0,0.0,0.0
361.0,182.0,544.0,362.0,181.0,1.989010989010989,167.37530801124655,334.75061602249303,0.5436883198678589,0.0,0.0,1.0,inf,182.0,inf,215.0,0.0,215.0,0.0,0.0,0.0,0.0,0.0,0.0
362.0,183.0,547.0,364.0,182.0,1.989071038251366,168.25114516041032,336.5022903208206,0.5438298795099676,0.0,0.0,1.0,inf,183.0,inf,215.0,1.0,214.0,0.0,0.0,0.0,0.0,0.0,0.0
363.0,183.0,547.0,364.0,182.0,1.989071038251366,168.25114516041032,336.5022903208206,0.5438298795099676,0.0,0.0,1.0,inf,183.0,inf,212.0,0.0,212.0,0.0,0.0,0.0,0.0,0.0,0.0
364.0,184.0,550.0,366.0,183.0,1.9891304347826086,169.20274913408673,338.4054982681734,0.5437263902083147,0.0,0.0,1.0,inf,184.0,inf,214.0,1.0,213.0,0.0,0.0,0.0,0.0,0.0,0.0
365.0,184.0,550.0,366.0,183.0,1.9891304347826086,169.20274913408673,338.4054982681734,0.5437263902083147,0.0,0.0,1.0,inf,184.0,inf,213.0,0.0,213.0,0.0,0.0,0.0,0.0,0.0,0.0
366.0,185.0,553.0,368.0,184.0,1.9891891891891893,170.11493459400856,340.22986918801706,0.5437500253623109,0.0,0.0,1.0,inf,185.0,inf,215.0,1.0,214.0,0.0,0.0,0.0,0.0,0.0,0.0
367.0,185.0,553.0,368.0,184.0,1.9891891891891893,170.11493459400856,340.22986918801706,0.5437500253623109,0.0,0.0,1.0,inf,185.0,inf,218.0,0.0,218.0,0.0,0.0,0.0,0.0,0.0,0.0
368.0,186.0,556.0,370.0,185.0,1.989247311827957,171.02608984478667,342.0521796895733,0.5437766839223267,0.0,0.0,1.0,inf,186.0,inf,210.0,1.0,209.0,0.0,0.0,0.0,0.0,0.0,0.0
369.0,186.0,556.0,370.0,185.0,1.989247311827957,171.02608984478667,342.0521796895733,0.5437766839223267,0.0,0.0,1.0,inf,186.0,inf,216.0,0.0,216.0,0.0,0.0,0.0,0.0,0.0,0.0
370.0,187.0,559.0,372.0,186.0,1.9893048128342246,171.90474806898882,343.8094961379776,0.5439058609508365,0.0,0.0,1.0,inf,187.0,inf,215.0,1.0,214.0,0.0,0.0,0.0,0.0,0.0,0.0
371.0,187.0,559.0,372.0,186.0,1.9893048128342246,171.90474806898882,343.8094961379776,0.5439058609508365,0.0,0.0,1.0,inf,187.0,inf,211.0,0.0,211.0,0.0,0.0,0.0,0.0,0.0,0.0
372.0,188.0,562.0,374.0,187.0,1.9893617021276595,172.80560810903634,345.6112162180726,0.5439638274973587,0.0,0.0,1.0,inf,188.0,inf,209.0,1.0,208.0,0.0,0.0,0.0,0.0,0.0,0.0
373.0,188.0,562.0,374.0,187.0,1.9893617021276595,172.80560810903634,345.6112162180726,0.5439638274973587,0.0,0.0,1.0,inf,188.0,inf,216.0,0.0,216.0,0.0,0.0,0.0,0.0,0.0,0.0
374.0,189.0,565.0,376.0,188.0,1.9894179894179893,173.72518078704147,347.4503615740829,0.5439625940918806,0.0,0.0,1.0,inf,189.0,inf,218.0,1.0,217.0,0.0,0.0,0.0,0.0,0.0,0.0
375.0,189.0,565.0,376.0,188.0,1.9894179894179893,173.72518078704147,347.4503615740829,0.5439625940918806,0.0,0.0,1.0,inf,189.0,inf,211.0,0.0,211.0,0.0,0.0,0.0,0.0,0.0,0.0
376.0,190.0,568.0,378.0,189.0,1.9894736842105263,174.68018001011376,349.36036002022746,0.5438510539346801,0.0,0.0,1.0,inf,190.0,inf,212.0,1.0,211.0,0.0,0.0,0.0,0.0,0.0,0.0
377.0,190.0,568.0,378.0,189.0,1.9894736842105263,174.68018001011376,349.36036002022746,0.5438510539346801,0.0,0.0,1.0,inf,190.0,inf,216.0,0.0,216.0,0.0,0.0,0.0,0.0,0.0,0.0
378.0,191.0,571.0,380.0,190.0,1.9895287958115184,175.5941543096678,351.18830861933554,0.5438677635679242,0.0,0.0,1.0,inf,191.0,inf,215.0,1.0,214.0,0.0,0.0,0.0,0.0,0.0,0.0
379.0,191.0,571.0,380.0,190.0,1.9895287958115184,175.5941543096678,351.18830861933554,0.5438677635679242,0.0,0.0,1.0,inf,191.0,inf,208.0,0.0,208.0,0.0,0.0,0.0,0.0,0.0,0.0
380.0,192.0,574.0,382.0,191.0,1.9895833333333333,176.46712705357794,352.9342541071558,0.544010669878776,0.0,0.0,1.0,inf,192.0,inf,215.0,1.0,214.0,0.0,0.0,0.0,0.0,0.0,0.0
381.0,192.0,574.0,382.0,191.0,1.9895833333333333,176.46712705357794,352.9342541071558,0.544010669878776,0.0,0.0,1.0,inf,192.0,inf,209.0,0.0,209.0,0.0,0.0,0.0,0.0,0.0,0.0
382.0,193.0,577.0,384.0,192.0,1.9896373056994818,177.3699796827702,354.73995936554036,0.5440605009516956,0.0,0.0,1.0,inf,193.0,inf,213.0,1.0,212.0,0.0,0.0,0.0,0.0,0.0,0.0
383.0,193.0,577.0,384.0,192.0,1.9896373056994818,177.3699796827702,354.73995936554036,0.5440605009516956,0.0,0.0,1.0,inf,193.0,inf,211.0,0.0,211.0,0.0,0.0,0.0,0.0,0.0,0.0
384.0,194.0,580.0,386.0,193.0,1.9896907216494846,178.27927924839594,356.5585584967918,0.5440901511882951,0.0,0.0,1.0,inf,194.0,inf,220.0,1.0,219.0,0.0,0.0,0.0,0.0,0.0,0.0
385.0,194.0,580.0,386.0,193.0,1.9896907216494846,178.27927924839594,356.5585584967918,0.5440901511882951,0.0,0.0,1.0,inf,194.0,inf,216.0,0.0,216.0,0.0,0.0,0.0,0.0,0.0,0.0
386.0,195.0,583.0,388.0,194.0,1.9897435897435898,179.15553374804952,358.311067496099,0.5442198628210752,0.0,0.0,1.0,inf,195.0,inf,214.0,1.0,213.0,0.0,0.0,0.0,0.0,0.0,0.0
387.0,195.0,583.0,388.0,194.0,1.9897435897435898,179.15553374804952,358.311067496099,0.5442198628210752,0.0,0.0,1.0,inf,195.0,inf,210.0,0.0,210.0,0.0,0.0,0.0,0.0,0.0,0.0
388.0,196.0,586.0,390.0,195.0,1.989795918367347,180.02307445810104,360.046148916202,0.5443746602761678,0.0,0.0,1.0,inf,196.0,inf,210.0,1.0,209.0,0.0,0.0,0.0,0.0,0.0,0.0
389.0,196.0,586.0,390.0,195.0,1.989795918367347,180.02307445810104,360.046148916202,0.5443746602761678,0.0,0.0,1.0,inf,196.0,inf,215.0,0.0,215.0,0.0,0.0,0.0,0.0,0.0,0.0
390.0,197.0,589.0,392.0,196.0,1.9898477157360406,180.9018626209172,361.80372524183434,0.5444941172684793,0.0,0.0,1.0,inf,197.0,inf,218.0,1.0,217.0,0.0,0.0,0.0,0.0,0.0,0.0
391.0,197.0,589.0,392.0,196.0,1.9898477157360406,180.9018626209172,361.80372524183434,0.5444941172684793,0.0,0.0,1.0,inf,197.0,inf,209.0,0.0,209.0,0.0,0.0,0.0,0.0,0.0,0.0
392.0,198.0,592.0,394.0,197.0,1.9898989898989898,181.78730832461608,363.5746166492321,0.5445924740973476,0.0,0.0,1.0,inf,198.0,inf,215.0,1.0,214.0,0.0,0.0,0.0,0.0,0.0,0.0
393.0,198.0,592.0,394.0,197.0,1.9898989898989898,181.78730832461608,363.5746166492321,0.5445924740973476,0.0,0.0,1.0,inf,198.0,inf,212.0,0.0,212.0,0.0,0.0,0.0,0.0,0.0,0.0
394.0,199.0,595.0,396.0,198.0,1.9899497487437185,182.68315690242676,365.36631380485346,0.544658860111248,0.0,0.0,1.0,inf,199.0,inf,216.0,1.0,215.0,0.0,0.0,0.0,0.0,0.0,0.0
395.0,199.0,595.0,396.0,198.0,1.9899497487437185,182.68315690242676,365.36631380485346,0.544658860111248,0.0,0.0,1.0,inf,199.0,inf,212.0,0.0,212.0,0.0,0.0,0.0,0.0,0.0,0.0
396.0,200.0,598.0,398.0,199.0,1.99,183.57500023808768,367.1500004761753,0.5447364830195014,0.0,0.0,1.0,inf,200.0,inf,212.0,1.0,211.0,0.0,0.0,0.0,0.0,0.0,0.0
397.0,200.0,598.0,398.0,199.0,1.99,183.57500023808768,367.1500004761753,0.5447364830195014,0.0,0.0,1.0,inf,200.0,inf,207.0,0.0,207.0,0.0,0.0,0.0,0.0,0.0,0.0
398.0,201.0,601.0,400.0,200.0,1.9900497512437811,184.44506723966302,368.890134479326,0.5448776782380035,0.0,0.0,1.0,inf,201.0,inf,215.0,1.0,214.0,0.0,0.0,0.0,0.0,0.0,0.0
399.0,201.0,601.0,400.0,200.0,1.9900497512437811,184.44506723966302,368.890134479326,0.5448776782380035,0.0,0.0,1.0,inf,201.0,inf,215.0,0.0,215.0,0.0,0.0,0.0,0.0,0.0,0.0
400.0,202.0,604.0,402.0,201.0,1.99009900990099,185.41994455795844,370.83988911591683,0.5447094714691251,0.0,0.0,1.0,inf,202.0,inf,215.0,1.0,214.0,0.0,0.0,0.0,0.0,0.0,0.0
401.0,202.0,604.0,402.0,201.0,1.99009900990099,185.41994455795844,370.83988911591683,0.5447094714691251,0.0,0.0,1.0,inf,202.0,inf,210.0,0.0,210.0,0.0,0.0,0.0,0.0,0.0,0.0
402.0,203.0,607.0,404.0,202.0,1.9901477832512315,186.40580746019248,372.8116149203849,0.5445109322662903,0.0,0.0,1.0,inf,203.0,inf,215.0,1.0,214.0,0.0,0.0,0.0,0.0,0.0,0.0
403.0,203.0,607.0,404.0,202.0,1.9901477832512315,186.40580746019248,372.8116149203849,0.5445109322662903,0.0,0.0,1.0,inf,203.0,inf,214.0,0.0,214.0,0.0,0.0,0.0,0.0,0.0,0.0
404.0,204.0,610.0,406.0,203.0,1.9901960784313726,187.28290871297668,374.5658174259533,0.544630584290645,0.0,0.0,1.0,inf,204.0,inf,215.0,1.0,214.0,0.0,0.0,0.0,0.0,0.0,0.0
405.0,204.0,610.0,406.0,203.0,1.9901960784313726,187.28290871297668,374.5658174259533,0.544630584290645,0.0,0.0,1.0,inf,204.0,inf,213.0,0.0,213.0,0.0,0.0,0.0,0.0,0.0,0.0
406.0,205.0,613.0,408.0,204.0,1.9902439024390244,188.2632080367636,376.5264160735271,0.5444505119661196,0.0,0.0,1.0,inf,205.0,inf,213.0,1.0,212.0,0.0,0.0,0.0,0.0,0.0,0.0
407.0,205.0,613.0,408.0,204.0,1.9902439024390244,188.2632080367636,376.5264160735271,0.5444505119661196,0.0,0.0,1.0,inf,205.0,inf,215.0,0.0,215.0,0.0,0.0,0.0,0.0,0.0,0.0
408.0,206.0,616.0,410.0,205.0,1.9902912621359223,189.13427600054862,378.2685520010972,0.5445866406557701,0.0,0.0,1.0,inf,206.0,inf,219.0,1.0,218.0,0.0,0.0,0.0,0.0,0.0,0.0
409.0,206.0,616.0,410.0,205.0,1.9902912621359223,189.13427600054862,378.2685520010972,0.5445866406557701,0.0,0.0,1.0,inf,206.0,inf,212.0,0.0,212.0,0.0,0.0,0.0,0.0,0.0,0.0
410.0,207.0,619.0,412.0,206.0,1.9903381642512077,190.1098151719471,380.21963034389415,0.5444221799194755,0.0,0.0,1.0,inf,207.0,inf,210.0,1.0,209.0,0.0,0.0,0.0,0.0,0.0,0.0
411.0,207.0,619.0,412.0,206.0,1.9903381642512077,190.1098151719471,380.21963034389415,0.5444221799194755,0.0,0.0,1.0,inf,207.0,inf,212.0,0.0,212.0,0.0,0.0,0.0,0.0,0.0,0.0
412.0,208.0,622.0,414.0,207.0,1.9903846153846154,191.02309126336377,382.0461825267275,0.5444367972069675,0.0,0.0,1.0,inf,208.0,inf,215.0,1.0,214.0,0.0,0.0,0.0,0.0,0.0,0.0
413.0,208.0,622.0,414.0,207.0,1.9903846153846154,191.02309126336377,382.0461825267275,0.5444367972069675,0.0,0.0,1.0,inf,208.0,inf,215.0,0.0,215.0,0.0,0.0,0.0,0.0,0.0,0.0
414.0,209.0,625.0,416.0,208.0,1.9904306220095693,191.98478606974842,383.9695721394968,0.5443139643473363,0.0,0.0,1.0,inf,209.0,inf,220.0,1.0,219.0,0.0,0.0,0.0,0.0,0.0,0.0
415.0,209.0,625.0,416.0,208.0,1.9904306220095693,191.98478606974842,383.9695721394968,0.5443139643473363,0.0,0.0,1.0,inf,209.0,inf,214.0,0.0,214.0,0.0,0.0,0.0,0.0,0.0,0.0
416.0,210.0,628.0,418.0,209.0,1.9904761904761905,192.87749738986693,385.7549947797338,0.544386988741157,0.0,0.0,1.0,inf,210.0,inf,213.0,1.0,212.0,0.0,0.0,0.0,0.0,0.0,0.0
417.0,210.0,628.0,418.0,209.0,1.9904761904761905,192.87749738986693,385.7549947797338,0.544386988741157,0.0,0.0,1.0,inf,210.0,inf,214.0,0.0,214.0,0.0,0.0,0.0,0.0,0.0,0.0
418.0,211.0,631.0,420.0,210.0,1.990521327014218,193.85576832297866,387.71153664595727,0.5442190393026061,0.0,0.0,1.0,inf,211.0,inf,216.0,1.0,215.0,0.0,0.0,0.0,0.0,0.0,0.0
419.0,211.0,631.0,420.0,210.0,1.990521327014218,193.85576832297866,387.71153664595727,0.5442190393026061,0.0,0.0,1.0,inf,211.0,inf,212.0,0.0,212.0,0.0,0.0,0.0,0.0,0.0,0.0
420.0,212.0,634.0,422.0,211.0,1.990566037735849,194.78626904150602,389.572538083012,0.5441862022492613,0.0,0.0,1.0,inf,212.0,inf,218.0,1.0,217.0,0.0,0.0,0.0,0.0,0.0,0.0
421.0,212.0,634.0,422.0,211.0,1.990566037735849,194.78626904150602,389.572538083012,0.5441862022492613,0.0,0.0,1.0,inf,212.0,inf,214.0,0.0,214.0,0.0,0.0,0.0,0.0,0.0,0.0
422.0,213.0,637.0,424.0,212.0,1.9906103286384977,195.68373833240267,391.3674766648053,0.5442455306076142,0.0,0.0,1.0,inf,213.0,inf,216.0,1.0,215.0,0.0,0.0,0.0,0.0,0.0,0.0
423.0,213.0,637.0,424.0,212.0,1.9906103286384977,195.68373833240267,391.3674766648053,0.5442455306076142,0.0,0.0,1.0,inf,213.0,inf,213.0,0.0,213.0,0.0,0.0,0.0,0.0,0.0,0.0
424.0,214.0,640.0,426.0,213.0,1.9906542056074767,196.54913591030166,393.09827182060326,0.5443931335766908,0.0,0.0,1.0,inf,214.0,inf,219.0,1.0,218.0,0.0,0.0,0.0,0.0,0.0,0.0
425.0,214.0,640.0,426.0,213.0,1.9906542056074767,196.54913591030166,393.09827182060326,0.5443931335766908,0.0,0.0,1.0,inf,214.0,inf,215.0,0.0,215.0,0.0,0.0,0.0,0.0,0.0,0.0
426.0,215.0,643.0,428.0,214.0,1.9906976744186047,197.4510192305441,394.9020384610881,0.5444388204169403,0.0,0.0,1.0,inf,215.0,inf,217.0,1.0,216.0,0.0,0.0,0.0,0.0,0.0,0.0
427.0,215.0,643.0,428.0,214.0,1.9906976744186047,197.4510192305441,394.9020384610881,0.5444388204169403,0.0,0.0,1.0,inf,215.0,inf,213.0,0.0,213.0,0.0,0.0,0.0,0.0,0.0,0.0
428.0,216.0,646.0,430.0,215.0,1.9907407407407407,198.41586106646807,396.8317221329361,0.5443113237999693,0.0,0.0,1.0,inf,216.0,inf,216.0,1.0,215.0,0.0,0.0,0.0,0.0,0.0,0.0
429.0,216.0,646.0,430.0,215.0,1.9907407407407407,198.41586106646807,396.8317221329361,0.5443113237999693,0.0,0.0,1.0,inf,216.0,inf,210.0,0.0,210.0,0.0,0.0,0.0,0.0,0.0,0.0
430.0,217.0,649.0,432.0,216.0,1.9907834101382489,199.41211780309624,398.8242356061924,0.5440993315518329,0.0,0.0,1.0,inf,217.0,inf,213.0,1.0,212.0,0.0,0.0,0.0,0.0,0.0,0.0
431.0,217.0,649.0,432.0,216.0,1.9907834101382489,199.41211780309624,398.8242356061924,0.5440993315518329,0.0,0.0,1.0,inf,217.0,inf,213.0,0.0,213.0,0.0,0.0,0.0,0.0,0.0,0.0
432.0,218.0,652.0,434.0,217.0,1.9908256880733946,200.39316482404266,400.78632964808526,0.5439307278554567,0.0,0.0,1.0,inf,218.0,inf,214.0,1.0,213.0,0.0,0.0,0.0,0.0,0.0,0.0
433.0,218.0,652.0,434.0,217.0,1.9908256880733946,200.39316482404266,400.78632964808526,0.5439307278554567,0.0,0.0,1.0,inf,218.0,inf,214.0,0.0,214.0,0.0,0.0,0.0,0.0,0.0,0.0
434.0,219.0,655.0,436.0,218.0,1.9908675799086757,201.29943773199258,402.5988754639851,0.5439657518854418,0.0,0.0,1.0,inf,219.0,inf,219.0,1.0,218.0,0.0,0.0,0.0,0.0,0.0,0.0
435.0,219.0,655.0,436.0,218.0,1.9908675799086757,201.29943773199258,402.5988754639851,0.5439657518854418,0.0,0.0,1.0,inf,219.0,inf,218.0,0.0,218.0,0.0,0.0,0.0,0.0,0.0,0.0
436.0,220.0,658.0,438.0,219.0,1.990909090909091,202.15078548735622,404.3015709747124,0.5441482690003207,0.0,0.0,1.0,inf,220.0,inf,220.0,1.0,219.0,0.0,0.0,0.0,0.0,0.0,0.0
437.0,220.0,658.0,438.0,219.0,1.990909090909091,202.15078548735622,404.3015709747124,0.5441482690003207,0.0,0.0,1.0,inf,220.0,inf,214.0,0.0,214.0,0.0,0.0,0.0,0.0,0.0,0.0
438.0,221.0,661.0,440.0,220.0,1.990950226244344,203.056836988607,406.1136739772139,0.5441826123106601,0.0,0.0,1.0,inf,221.0,inf,215.0,1.0,214.0,0.0,0.0,0.0,0.0,0.0,0.0
439.0,221.0,661.0,440.0,220.0,1.990950226244344,203.056836988607,406.1136739772139,0.5441826123106601,0.0,0.0,1.0,inf,221.0,inf,216.0,0.0,216.0,0.0,0.0,0.0,0.0,0.0,0.0
440.0,222.0,664.0,442.0,221.0,1.990990990990991,204.0418685972514,408.08373719450276,0.5440059962354965,0.0,0.0,1.0,inf,222.0,inf,217.0,1.0,216.0,0.0,0.0,0.0,0.0,0.0,0.0
441.0,222.0,664.0,442.0,221.0,1.990990990990991,204.0418685972514,408.08373719450276,0.5440059962354965,0.0,0.0,1.0,inf,222.0,inf,214.0,0.0,214.0,0.0,0.0,0.0,0.0,0.0,0.0
442.0,223.0,667.0,444.0,222.0,1.9910313901345291,204.95257921212578,409.9051584242515,0.5440282841456588,0.0,0.0,1.0,inf,223.0,inf,213.0,1.0,212.0,0.0,0.0,0.0,0.0,0.0,0.0
443.0,223.0,667.0,444.0,222.0,1.9910313901345291,204.95257921212578,409.9051584242515,0.5440282841456588,0.0,0.0,1.0,inf,223.0,inf,209.0,0.0,209.0,0.0,0.0,0.0,0.0,0.0,0.0
444.0,224.0,670.0,446.0,223.0,1.9910714285714286,205.93083863575347,411.8616772715069,0.5438719171056428,0.0,0.0,1.0,inf,224.0,inf,217.0,1.0,216.0,0.0,0.0,0.0,0.0,0.0,0.0
445.0,224.0,670.0,446.0,223.0,1.9910714285714286,205.93083863575347,411.8616772715069,0.5438719171056428,0.0,0.0,1.0,inf,224.0,inf,215.0,0.0,215.0,0.0,0.0,0.0,0.0,0.0,0.0
446.0,225.0,673.0,448.0,224.0,1.991111111111111,206.81398641356114,413.6279728271222,0.5439670785854703,0.0,0.0,1.0,inf,225.0,inf,215.0,1.0,214.0,0.0,0.0,0.0,0.0,0.0,0.0
447.0,225.0,673.0,448.0,224.0,1.991111111111111,206.81398641356114,413.6279728271222,0.5439670785854703,0.0,0.0,1.0,inf,225.0,inf,214.0,0.0,214.0,0.0,0.0,0.0,0.0,0.0,0.0
448.0,226.0,676.0,450.0,225.0,1.991150442477876,207.6678027857456,415.33560557149116,0.5441382750920903,0.0,0.0,1.0,inf,226.0,inf,214.0,1.0,213.0,0.0,0.0,0.0,0.0,0.0,0.0
449.0,226.0,676.0,450.0,225.0,1.991150442477876,207.6678027857456,415.33560557149116,0.5441382750920903,0.0,0.0,1.0,inf,226.0,inf,216.0,0.0,216.0,0.0,0.0,0.0,0.0,0.0,0.0
450.0,227.0,679.0,452.0,226.0,1.9911894273127753,208.61672464066024,417.2334492813204,0.5440599271007748,0.0,0.0,1.0,inf,227.0,inf,210.0,1.0,209.0,0.0,0.0,0.0,0.0,0.0,0.0
451.0,227.0,679.0,452.0,226.0,1.9911894273127753,208.61672464066024,417.2334492813204,0.5440599271007748,0.0,0.0,1.0,inf,227.0,inf,213.0,0.0,213.0,0.0,0.0,0.0,0.0,0.0,0.0
452.0,228.0,682.0,454.0,227.0,1.9912280701754386,209.54260132215106,419.08520264430206,0.5440421149718203,0.0,0.0,1.0,inf,228.0,inf,217.0,1.0,216.0,0.0,0.0,0.0,0.0,0.0,0.0
453.0,228.0,682.0,454.0,227.0,1.9912280701754386,209.54260132215106,419.08520264430206,0.5440421149718203,0.0,0.0,1.0,inf,228.0,inf,211.0,0.0,211.0,0.0,0.0,0.0,0.0,0.0,0.0
454.0,229.0,685.0,456.0,228.0,1.9912663755458515,210.42449998648468,420.8489999729693,0.5441381588520073,0.0,0.0,1.0,inf,229.0,inf,214.0,1.0,213.0,0.0,0.0,0.0,0.0,0.0,0.0
455.0,229.0,685.0,456.0,228.0,1.9912663755458515,210.42449998648468,420.8489999729693,0.5441381588520073,0.0,0.0,1.0,inf,229.0,inf,215.0,0.0,215.0,0.0,0.0,0.0,0.0,0.0,0.0
456.0,230.0,688.0,458.0,229.0,1.991304347826087,211.32347935311694,422.6469587062338,0.5441894121373874,0.0,0.0,1.0,inf,230.0,inf,217.0,1.0,216.0,0.0,0.0,0.0,0.0,0.0,0.0
457.0,230.0,688.0,458.0,229.0,1.991304347826087,211.32347935311694,422.6469587062338,0.5441894121373874,0.0,0.0,1.0,inf,230.0,inf,218.0,0.0,218.0,0.0,0.0,0.0,0.0,0.0,0.0
458.0,231.0,691.0,460.0,230.0,1.9913419913419914,212.2723133457539,424.54462669150774,0.5441124100431837,0.0,0.0,1.0,inf,231.0,inf,217.0,1.0,216.0,0.0,0.0,0.0,0.0,0.0,0.0
459.0,231.0,691.0,460.0,230.0,1.9913419913419914,212.2723133457539,424.54462669150774,0.5441124100431837,0.0,0.0,1.0,inf,231.0,inf,216.0,0.0,216.0,0.0,0.0,0.0,0.0,0.0,0.0
460.0,232.0,694.0,462.0,231.0,1.9913793103448276,213.13137951077613,426.2627590215522,0.5442652333329215,0.0,0.0,1.0,inf,232.0,inf,219.0,1.0,218.0,0.0,0.0,0.0,0.0,0.0,0.0
461.0,232.0,694.0,462.0,231.0,1.9913793103448276,213.13137951077613,426.2627590215522,0.5442652333329215,0.0,0.0,1.0,inf,232.0,inf,216.0,0.0,216.0,0.0,0.0,0.0,0.0,0.0,0.0
462.0,232.0,694.0,462.0,231.0,1.9913793103448276,213.13137951077613,426.2627590215522,0.5442652333329215,0.0,0.0,1.0,inf,232.0,inf,220.0,0.0,220.0,0.0,0.0,0.0,0.0,0.0,0.0
463.0,233.0,697.0,464.0,232.0,1.9914163090128756,214.12831356946506,428.25662713893007,0.5440663033205387,0.0,0.0,1.0,inf,233.0,inf,217.0,1.0,216.0,0.0,0.0,0.0,0.0,0.0,0.0
464.0,233.0,697.0,464.0,232.0,1.9914163090128756,214.12831356946506,428.25662713893007,0.5440663033205387,0.0,0.0,1.0,inf,233.0,inf,212.0,0.0,212.0,0.0,0.0,0.0,0.0,0.0,0.0
465.0,234.0,700.0,466.0,233.0,1.9914529914529915,215.07086746957236,430.14173493914467,0.5440067331134602,0.0,0.0,1.0,inf,234.0,inf,216.0,1.0,215.0,0.0,0.0,0.0,0.0,0.0,0.0
466.0,234.0,700.0,466.0,233.0,1.9914529914529915,215.07086746957236,430.14173493914467,0.5440067331134602,0.0,0.0,1.0,inf,234.0,inf,215.0,0.0,215.0,0.0,0.0,0.0,0.0,0.0,0.0
467.0,235.0,703.0,468.0,234.0,1.9914893617021276,216.02364723365608,432.0472944673121,0.5439219340321079,0.0,0.0,1.0,inf,235.0,inf,217.0,1.0,216.0,0.0,0.0,0.0,0.0,0.0,0.0
468.0,235.0,703.0,468.0,234.0,1.9914893617021276,216.02364723365608,432.0472944673121,0.5439219340321079,0.0,0.0,1.0,inf,235.0,inf,213.0,0.0,213.0,0.0,0.0,0.0,0.0,0.0,0.0
469.0,236.0,706.0,470.0,235.0,1.9915254237288136,216.87974579470972,433.7594915894194,0.5440803131136756,0.0,0.0,1.0,inf,236.0,inf,211.0,1.0,210.0,0.0,0.0,0.0,0.0,0.0,0.0
470.0,236.0,706.0,470.0,235.0,1.9915254237288136,216.87974579470972,433.7594915894194,0.5440803131136756,0.0,0.0,1.0,inf,236.0,inf,213.0,0.0,213.0,0.0,0.0,0.0,0.0,0.0,0.0
471.0,237.0,709.0,472.0,236.0,1.9915611814345993,217.80038212908082,435.6007642581616,0.5440761804071134,0.0,0.0,1.0,inf,237.0,inf,214.0,1.0,213.0,0.0,0.0,0.0,0.0,0.0,0.0
472.0,237.0,709.0,472.0,236.0,1.9915611814345993,217.80038212908082,435.6007642581616,0.5440761804071134,0.0,0.0,1.0,inf,237.0,inf,213.0,0.0,213.0,0.0,0.0,0.0,0.0,0.0,0.0
473.0,238.0,712.0,474.0,237.0,1.9915966386554622,218.7528786412961,437.5057572825921,0.5439928413245357,0.0,0.0,1.0,inf,238.0,inf,214.0,1.0,213.0,0.0,0.0,0.0,0.0,0.0,0.0
474.0,238.0,712.0,474.0,237.0,1.9915966386554622,218.7528786412961,437.5057572825921,0.5439928413245357,0.0,0.0,1.0,inf,238.0,inf,208.0,0.0,208.0,0.0,0.0,0.0,0.0,0.0,0.0
475.0,238.0,712.0,474.0,237.0,1.9915966386554622,218.7528786412961,437.5057572825921,0.5439928413245357,0.0,0.0,1.0,inf,238.0,inf,220.0,0.0,220.0,0.0,0.0,0.0,0.0,0.0,0.0
476.0,239.0,715.0,476.0,238.0,1.99163179916318,219.62270569399442,439.2454113879888,0.5441149612577045,0.0,0.0,1.0,inf,239.0,inf,219.0,1.0,218.0,0.0,0.0,0.0,0.0,0.0,0.0
477.0,239.0,715.0,476.0,238.0,1.99163179916318,219.62270569399442,439.2454113879888,0.5441149612577045,0.0,0.0,1.0,inf,239.0,inf,215.0,0.0,215.0,0.0,0.0,0.0,0.0,0.0,0.0
478.0,240.0,718.0,478.0,239.0,1.9916666666666667,220.53149186508685,441.06298373017364,0.5441399728679641,0.0,0.0,1.0,inf,240.0,inf,214.0,1.0,213.0,0.0,0.0,0.0,0.0,0.0,0.0
479.0,240.0,718.0,478.0,239.0,1.9916666666666667,220.53149186508685,441.06298373017364,0.5441399728679641,0.0,0.0,1.0,inf,240.0,inf,210.0,0.0,210.0,0.0,0.0,0.0,0.0,0.0,0.0
480.0,241.0,721.0,480.0,240.0,1.991701244813278,221.39422467130245,442.78844934260485,0.5442779737317125,0.0,0.0,1.0,inf,241.0,inf,214.0,1.0,213.0,0.0,0.0,0.0,0.0,0.0,0.0
481.0,241.0,721.0,480.0,240.0,1.991701244813278,221.39422467130245,442.78844934260485,0.5442779737317125,0.0,0.0,1.0,inf,241.0,inf,214.0,0.0,214.0,0.0,0.0,0.0,0.0,0.0,0.0
482.0,242.0,724.0,482.0,241.0,1.9917355371900827,222.30764588578384,444.6152917715676,0.5442907710973055,0.0,0.0,1.0,inf,242.0,inf,213.0,1.0,212.0,0.0,0.0,0.0,0.0,0.0,0.0
483.0,242.0,724.0,482.0,241.0,1.9917355371900827,222.30764588578384,444.6152917715676,0.5442907710973055,0.0,0.0,1.0,inf,242.0,inf,216.0,0.0,216.0,0.0,0.0,0.0,0.0,0.0,0.0
484.0,243.0,727.0,484.0,242.0,1.991769547325103,223.24302613056417,446.4860522611283,0.5442499239772017,0.0,0.0,1.0,inf,243.0,inf,213.0,1.0,212.0,0.0,0.0,0.0,0.0,0.0,0.0
485.0,243.0,727.0,484.0,242.0,1.991769547325103,223.24302613056417,446.4860522611283,0.5442499239772017,0.0,0.0,1.0,inf,243.0,inf,215.0,0.0,215.0,0.0,0.0,0.0,0.0,0.0,0.0
486.0,244.0,730.0,486.0,243.0,1.9918032786885247,224.2037116135448,448.40742322708957,0.5441479943485005,0.0,0.0,1.0,inf,244.0,inf,217.0,1.0,216.0,0.0,0.0,0.0,0.0,0.0,0.0
487.0,244.0,730.0,486.0,243.0,1.9918032786885247,224.2037116135448,448.40742322708957,0.5441479943485005,0.0,0.0,1.0,inf,244.0,inf,218.0,0.0,218.0,0.0,0.0,0.0,0.0,0.0,0.0
488.0,245.0,733.0,488.0,244.0,1.9918367346938775,225.08543256525658,450.1708651305131,0.5442377971950046,0.0,0.0,1.0,inf,245.0,inf,217.0,1.0,216.0,0.0,0.0,0.0,0.0,0.0,0.0
489.0,245.0,733.0,488.0,244.0,1.9918367346938775,225.08543256525658,450.1708651305131,0.5442377971950046,0.0,0.0,1.0,inf,245.0,inf,216.0,0.0,216.0,0.0,0.0,0.0,0.0,0.0,0.0
490.0,246.0,736.0,490.0,245.0,1.991869918699187,225.9887601849123,451.97752036982456,0.544274856410367,0.0,0.0,1.0,inf,246.0,inf,216.0,1.0,215.0,0.0,0.0,0.0,0.0,0.0,0.0
491.0,246.0,736.0,490.0,245.0,1.991869918699187,225.9887601849123,451.97752036982456,0.544274856410367,0.0,0.0,1.0,inf,246.0,inf,208.0,0.0,208.0,0.0,0.0,0.0,0.0,0.0,0.0
492.0,247.0,739.0,492.0,246.0,1.991902834008097,226.85811073930356,453.71622147860705,0.5443931433508294,0.0,0.0,1.0,inf,247.0,inf,220.0,1.0,219.0,0.0,0.0,0.0,0.0,0.0,0.0
493.0,247.0,739.0,492.0,246.0,1.991902834008097,226.85811073930356,453.71622147860705,0.5443931433508294,0.0,0.0,1.0,inf,247.0,inf,218.0,0.0,218.0,0.0,0.0,0.0,0.0,0.0,0.0
494.0,248.0,742.0,494.0,247.0,1.9919354838709677,227.7430649290567,455.4861298581133,0.544473220462835,0.0,0.0,1.0,inf,248.0,inf,216.0,1.0,215.0,0.0,0.0,0.0,0.0,0.0,0.0
495.0,248.0,742.0,494.0,247.0,1.9919354838709677,227.7430649290567,455.4861298581133,0.544473220462835,0.0,0.0,1.0,inf,248.0,inf,219.0,0.0,219.0,0.0,0.0,0.0,0.0,0.0,0.0
496.0,249.0,745.0,496.0,248.0,1.9919678714859437,228.65050230083637,457.3010046016727,0.5444991318505606,0.0,0.0,1.0,inf,249.0,inf,218.0,1.0,217.0,0.0,0.0,0.0,0.0,0.0,0.0
497.0,249.0,745.0,496.0,248.0,1.9919678714859437,228.65050230083637,457.3010046016727,0.5444991318505606,0.0,0.0,1.0,inf,249.0,inf,217.0,0.0,217.0,0.0,0.0,0.0,0.0,0.0,0.0
498.0,249.0,745.0,496.0,248.0,1.9919678714859437,228.65050230083637,457.3010046016727,0.5444991318505606,0.0,0.0,1.0,inf,249.0,inf,220.0,0.0,220.0,0.0,0.0,0.0,0.0,0.0,0.0
499.0,250.0,748.0,498.0,249.0,1.992,229.57415326934068,459.1483065386813,0.5444863815019615,0.0,0.0,1.0,inf,250.0,inf,218.0,1.0,217.0,0.0,0.0,0.0,0.0,0.0,0.0
500.0,250.0,748.0,498.0,249.0,1.992,229.57415326934068,459.1483065386813,0.5444863815019615,0.0,0.0,1.0,inf,250.0,inf,217.0,0.0,217.0,0.0,0.0,0.0,0.0,0.0,0.0
501.0,251.0,751.0,500.0,250.0,1.9920318725099602,230.46876915729203,460.937538314584,0.5445423276172741,0.0,0.0,1.0,inf,251.0,inf,216.0,1.0,215.0,0.0,0.0,0.0,0.0,0.0,0.0
502.0,251.0,751.0,500.0,250.0,1.9920318725099602,230.46876915729203,460.937538314584,0.5445423276172741,0.0,0.0,1.0,inf,251.0,inf,214.0,0.0,214.0,0.0,0.0,0.0,0.0,0.0,0.0
503.0,252.0,754.0,502.0,251.0,1.992063492063492,231.4168762557583,462.83375251151654,0.5444719591701117,0.0,0.0,1.0,inf,252.0,inf,217.0,1.0,216.0,0.0,0.0,0.0,0.0,0.0,0.0
504.0,252.0,754.0,502.0,251.0,1.992063492063492,231.4168762557583,462.83375251151654,0.5444719591701117,0.0,0.0,1.0,inf,252.0,inf,214.0,0.0,214.0,0.0,0.0,0.0,0.0,0.0,0.0
505.0,253.0,757.0,504.0,252.0,1.992094861660079,232.3973368085118,464.79467361702353,0.5443263754103692,0.0,0.0,1.0,inf,253.0,inf,217.0,1.0,216.0,0.0,0.0,0.0,0.0,0.0,0.0
506.0,253.0,757.0,504.0,252.0,1.992094861660079,232.3973368085118,464.79467361702353,0.5443263754103692,0.0,0.0,1.0,inf,253.0,inf,212.0,0.0,212.0,0.0,0.0,0.0,0.0,0.0,0.0
507.0,254.0,760.0,506.0,253.0,1.9921259842519685,233.27975940483822,466.5595188096764,0.5444107123739002,0.0,0.0,1.0,inf,254.0,inf,213.0,1.0,212.0,0.0,0.0,0.0,0.0,0.0,0.0
508.0,254.0,760.0,506.0,253.0,1.9921259842519685,233.27975940483822,466.5595188096764,0.5444107123739002,0.0,0.0,1.0,inf,254.0,inf,210.0,0.0,210.0,0.0,0.0,0.0,0.0,0.0,0.0
509.0,255.0,763.0,508.0,254.0,1.992156862745098,234.21585684642608,468.4317136928521,0.5443696328536842,0.0,0.0,1.0,inf,255.0,inf,219.0,1.0,218.0,0.0,0.0,0.0,0.0,0.0,0.0
510.0,255.0,763.0,508.0,254.0,1.992156862745098,234.21585684642608,468.4317136928521,0.5443696328536842,0.0,0.0,1.0,inf,255.0,inf,214.0,0.0,214.0,0.0,0.0,0.0,0.0,0.0,0.0
511.0,256.0,766.0,510.0,255.0,1.9921875,235.21508183788055,470.43016367576104,0.5441827921911174,0.0,0.0,1.0,inf,256.0,inf,214.0,1.0,213.0,0.0,0.0,0.0,0.0,0.0,0.0
512.0,256.0,766.0,510.0,255.0,1.9921875,235.21508183788055,470.43016367576104,0.5441827921911174,0.0,0.0,1.0,inf,256.0,inf,212.0,0.0,212.0,0.0,0.0,0.0,0.0,0.0,0.0
513.0,257.0,769.0,512.0,256.0,1.9922178988326849,236.18864064137952,472.377281282759,0.5440566474791219,0.0,0.0,1.0,inf,257.0,inf,219.0,1.0,218.0,0.0,0.0,0.0,0.0,0.0,0.0
514.0,257.0,769.0,512.0,256.0,1.9922178988326849,236.18864064137952,472.377281282759,0.5440566474791219,0.0,0.0,1.0,inf,257.0,inf,217.0,0.0,217.0,0.0,0.0,0.0,0.0,0.0,0.0
515.0,258.0,772.0,514.0,257.0,1.9922480620155039,237.16226679178484,474.32453358356963,0.5439313839635997,0.0,0.0,1.0,inf,258.0,inf,216.0,1.0,215.0,0.0,0.0,0.0,0.0,0.0,0.0
516.0,258.0,772.0,514.0,257.0,1.9922480620155039,237.16226679178484,474.32453358356963,0.5439313839635997,0.0,0.0,1.0,inf,258.0,inf,213.0,0.0,213.0,0.0,0.0,0.0,0.0,0.0,0.0
517.0,259.0,775.0,516.0,258.0,1.9922779922779923,238.0953071326751,476.1906142653501,0.5438998422923055,0.0,0.0,1.0,inf,259.0,inf,219.0,1.0,218.0,0.0,0.0,0.0,0.0,0.0,0.0
518.0,259.0,775.0,516.0,258.0,1.9922779922779923,238.0953071326751,476.1906142653501,0.5438998422923055,0.0,0.0,1.0,inf,259.0,inf,215.0,0.0,215.0,0.0,0.0,0.0,0.0,0.0,0.0
519.0,260.0,778.0,518.0,259.0,1.9923076923076923,239.094509913602,478.18901982720394,0.5437180470893128,0.0,0.0,1.0,inf,260.0,inf,216.0,1.0,215.0,0.0,0.0,0.0,0.0,0.0,0.0
520.0,260.0,778.0,518.0,259.0,1.9923076923076923,239.094509913602,478.18901982720394,0.5437180470893128,0.0,0.0,1.0,inf,260.0,inf,207.0,0.0,207.0,0.0,0.0,0.0,0.0,0.0,0.0
521.0,261.0,781.0,520.0,260.0,1.9923371647509578,240.08699186209705,480.17398372419404,0.5435529804753336,0.0,0.0,1.0,inf,261.0,inf,220.0,1.0,219.0,0.0,0.0,0.0,0.0,0.0,0.0
522.0,261.0,781.0,520.0,260.0,1.9923371647509578,240.08699186209705,480.17398372419404,0.5435529804753336,0.0,0.0,1.0,inf,261.0,inf,215.0,0.0,215.0,0.0,0.0,0.0,0.0,0.0,0.0
523.0,262.0,784.0,522.0,261.0,1.9923664122137406,240.9938317214404,481.9876634428807,0.5435823774586069,0.0,0.0,1.0,inf,262.0,inf,216.0,1.0,215.0,0.0,0.0,0.0,0.0,0.0,0.0
524.0,262.0,784.0,522.0,261.0,1.9923664122137406,240.9938317214404,481.9876634428807,0.5435823774586069,0.0,0.0,1.0,inf,262.0,inf,215.0,0.0,215.0,0.0,0.0,0.0,0.0,0.0,0.0
525.0,263.0,787.0,524.0,262.0,1.9923954372623573,241.94392218267964,483.88784436535923,0.5435143764459229,0.0,0.0,1.0,inf,263.0,inf,217.0,1.0,216.0,0.0,0.0,0.0,0.0,0.0,0.0
526.0,263.0,787.0,524.0,262.0,1.9923954372623573,241.94392218267964,483.88784436535923,0.5435143764459229,0.0,0.0,1.0,inf,263.0,inf,214.0,0.0,214.0,0.0,0.0,0.0,0.0,0.0,0.0
527.0,264.0,790.0,526.0,263.0,1.9924242424242424,242.94359050890802,485.887181017816,0.5433360053808869,0.0,0.0,1.0,inf,264.0,inf,210.0,1.0,209.0,0.0,0.0,0.0,0.0,0.0,0.0
528.0,264.0,790.0,526.0,263.0,1.9924242424242424,242.94359050890802,485.887181017816,0.5433360053808869,0.0,0.0,1.0,inf,264.0,inf,216.0,0.0,216.0,0.0,0.0,0.0,0.0,0.0,0.0
529.0,265.0,793.0,528.0,264.0,1.9924528301886792,243.93907625653972,487.8781525130794,0.5431684092328682,0.0,0.0,1.0,inf,265.0,inf,220.0,1.0,219.0,0.0,0.0,0.0,0.0,0.0,0.0
530.0,265.0,793.0,528.0,264.0,1.9924528301886792,243.93907625653972,487.8781525130794,0.5431684092328682,0.0,0.0,1.0,inf,265.0,inf,211.0,0.0,211.0,0.0,0.0,0.0,0.0,0.0,0.0
531.0,266.0,796.0,530.0,265.0,1.9924812030075187,244.93875165237884,489.8775033047576,0.542992887416834,0.0,0.0,1.0,inf,266.0,inf,218.0,1.0,217.0,0.0,0.0,0.0,0.0,0.0,0.0
532.0,266.0,796.0,530.0,265.0,1.9924812030075187,244.93875165237884,489.8775033047576,0.542992887416834,0.0,0.0,1.0,inf,266.0,inf,219.0,0.0,219.0,0.0,0.0,0.0,0.0,0.0,0.0
533.0,267.0,799.0,532.0,266.0,1.9925093632958801,245.8719399800131,491.74387996002616,0.5429655779787323,0.0,0.0,1.0,inf,267.0,inf,216.0,1.0,215.0,0.0,0.0,0.0,0.0,0.0,0.0
534.0,267.0,799.0,532.0,266.0,1.9925093632958801,245.8719399800131,491.74387996002616,0.5429655779787323,0.0,0.0,1.0,inf,267.0,inf,212.0,0.0,212.0,0.0,0.0,0.0,0.0,0.0,0.0
535.0,268.0,802.0,534.0,267.0,1.992537313432836,246.8068774162647,493.61375483252937,0.5429346272794314,0.0,0.0,1.0,inf,268.0,inf,217.0,1.0,216.0,0.0,0.0,0.0,0.0,0.0,0.0
536.0,268.0,802.0,534.0,267.0,1.992537313432836,246.8068774162647,493.61375483252937,0.5429346272794314,0.0,0.0,1.0,inf,268.0,inf,213.0,0.0,213.0,0.0,0.0,0.0,0.0,0.0,0.0
537.0,269.0,805.0,536.0,268.0,1.9925650557620818,247.66057823042166,495.32115646084327,0.5430819913327593,0.0,0.0,1.0,inf,269.0,inf,212.0,1.0,211.0,0.0,0.0,0.0,0.0,0.0,0.0
538.0,269.0,805.0,536.0,268.0,1.9925650557620818,247.66057823042166,495.32115646084327,0.5430819913327593,0.0,0.0,1.0,inf,269.0,inf,212.0,0.0,212.0,0.0,0.0,0.0,0.0,0.0,0.0
539.0,270.0,808.0,538.0,269.0,1.9925925925925927,248.6032040421994,497.20640808439873,0.5430340309575588,0.0,0.0,1.0,inf,270.0,inf,217.0,1.0,216.0,0.0,0.0,0.0,0.0,0.0,0.0
540.0,270.0,808.0,538.0,269.0,1.9925925925925927,248.6032040421994,497.20640808439873,0.5430340309575588,0.0,0.0,1.0,inf,270.0,inf,218.0,0.0,218.0,0.0,0.0,0.0,0.0,0.0,0.0
541.0,270.0,808.0,538.0,269.0,1.9925925925925927,248.6032040421994,497.20640808439873,0.5430340309575588,0.0,0.0,1.0,inf,270.0,inf,220.0,0.0,220.0,0.0,0.0,0.0,0.0,0.0,0.0
542.0,271.0,811.0,540.0,270.0,1.992619926199262,249.50983362309444,499.0196672461888,0.5430647683597278,0.0,0.0,1.0,inf,271.0,inf,214.0,1.0,213.0,0.0,0.0,0.0,0.0,0.0,0.0
543.0,271.0,811.0,540.0,270.0,1.992619926199262,249.50983362309444,499.0196672461888,0.5430647683597278,0.0,0.0,1.0,inf,271.0,inf,215.0,0.0,215.0,0.0,0.0,0.0,0.0,0.0,0.0
544.0,272.0,814.0,542.0,271.0,1.9926470588235294,250.37852214057307,500.7570442811461,0.543177581037258,0.0,0.0,1.0,inf,272.0,inf,219.0,1.0,218.0,0.0,0.0,0.0,0.0,0.0,0.0
545.0,272.0,814.0,542.0,271.0,1.9926470588235294,250.37852214057307,500.7570442811461,0.543177581037258,0.0,0.0,1.0,inf,272.0,inf,212.0,0.0,212.0,0.0,0.0,0.0,0.0,0.0,0.0
546.0,273.0,817.0,544.0,272.0,1.9926739926739927,251.25859424261338,502.5171884852267,0.5432649991991783,0.0,0.0,1.0,inf,273.0,inf,218.0,1.0,217.0,0.0,0.0,0.0,0.0,0.0,0.0
547.0,273.0,817.0,544.0,272.0,1.9926739926739927,251.25859424261338,502.5171884852267,0.5432649991991783,0.0,0.0,1.0,inf,273.0,inf,215.0,0.0,215.0,0.0,0.0,0.0,0.0,0.0,0.0
548.0,274.0,820.0,546.0,273.0,1.9927007299270072,252.19246721753652,504.384934435073,0.5432358924575902,0.0,0.0,1.0,inf,274.0,inf,216.0,1.0,215.0,0.0,0.0,0.0,0.0,0.0,0.0
549.0,274.0,820.0,546.0,273.0,1.9927007299270072,252.19246721753652,504.384934435073,0.5432358924575902,0.0,0.0,1.0,inf,274.0,inf,213.0,0.0,213.0,0.0,0.0,0.0,0.0,0.0,0.0
550.0,275.0,823.0,548.0,274.0,1.9927272727272727,253.1593784597176,506.31875691943515,0.5431361098948141,0.0,0.0,1.0,inf,275.0,inf,217.0,1.0,216.0,0.0,0.0,0.0,0.0,0.0,0.0
551.0,275.0,823.0,548.0,274.0,1.9927272727272727,253.1593784597176,506.31875691943515,0.5431361098948141,0.0,0.0,1.0,inf,275.0,inf,214.0,0.0,214.0,0.0,0.0,0.0,0.0,0.0,0.0
552.0,276.0,826.0,550.0,275.0,1.9927536231884058,254.03840362649225,508.07680725298445,0.543224953510961,0.0,0.0,1.0,inf,276.0,inf,218.0,1.0,217.0,0.0,0.0,0.0,0.0,0.0,0.0
553.0,276.0,826.0,550.0,275.0,1.9927536231884058,254.03840362649225,508.07680725298445,0.543224953510961,0.0,0.0,1.0,inf,276.0,inf,215.0,0.0,215.0,0.0,0.0,0.0,0.0,0.0,0.0
554.0,277.0,829.0,552.0,276.0,1.9927797833935017,254.99632750191566,509.99265500383126,0.5431450772519834,0.0,0.0,1.0,inf,277.0,inf,220.0,1.0,219.0,0.0,0.0,0.0,0.0,0.0,0.0
555.0,277.0,829.0,552.0,276.0,1.9927797833935017,254.99632750191566,509.99265500383126,0.5431450772519834,0.0,0.0,1.0,inf,277.0,inf,214.0,0.0,214.0,0.0,0.0,0.0,0.0,0.0,0.0
556.0,278.0,832.0,554.0,277.0,1.9928057553956835,255.9939226111329,511.9878452222657,0.5429816402756862,0.0,0.0,1.0,inf,278.0,inf,216.0,1.0,215.0,0.0,0.0,0.0,0.0,0.0,0.0
557.0,278.0,832.0,554.0,277.0,1.9928057553956835,255.9939226111329,511.9878452222657,0.5429816402756862,0.0,0.0,1.0,inf,278.0,inf,219.0,0.0,219.0,0.0,0.0,0.0,0.0,0.0,0.0
558.0,279.0,835.0,556.0,278.0,1.992831541218638,256.8496384542027,513.6992769084053,0.5431193161865144,0.0,0.0,1.0,inf,279.0,inf,218.0,1.0,217.0,0.0,0.0,0.0,0.0,0.0,0.0
559.0,279.0,835.0,556.0,278.0,1.992831541218638,256.8496384542027,513.6992769084053,0.5431193161865144,0.0,0.0,1.0,inf,279.0,inf,214.0,0.0,214.0,0.0,0.0,0.0,0.0,0.0,0.0
560.0,280.0,838.0,558.0,279.0,1.9928571428571429,257.70082297191817,515.4016459438362,0.5432656302197992,0.0,0.0,1.0,inf,280.0,inf,214.0,1.0,213.0,0.0,0.0,0.0,0.0,0.0,0.0
561.0,280.0,838.0,558.0,279.0,1.9928571428571429,257.70082297191817,515.4016459438362,0.5432656302197992,0.0,0.0,1.0,inf,280.0,inf,214.0,0.0,214.0,0.0,0.0,0.0,0.0,0.0,0.0
562.0,281.0,841.0,560.0,280.0,1.99288256227758,258.6224511165718,517.2449022331435,0.5432629665112518,0.0,0.0,1.0,inf,281.0,inf,217.0,1.0,216.0,0.0,0.0,0.0,0.0,0.0,0.0
563.0,281.0,841.0,560.0,280.0,1.99288256227758,258.6224511165718,517.2449022331435,0.5432629665112518,0.0,0.0,1.0,inf,281.0,inf,209.0,0.0,209.0,0.0,0.0,0.0,0.0,0.0,0.0
564.0,282.0,844.0,562.0,281.0,1.9929078014184398,259.51890191258644,519.0378038251728,0.5433130263763715,0.0,0.0,1.0,inf,282.0,inf,212.0,1.0,211.0,0.0,0.0,0.0,0.0,0.0,0.0
565.0,282.0,844.0,562.0,281.0,1.9929078014184398,259.51890191258644,519.0378038251728,0.5433130263763715,0.0,0.0,1.0,inf,282.0,inf,218.0,0.0,218.0,0.0,0.0,0.0,0.0,0.0,0.0
566.0,283.0,847.0,564.0,282.0,1.9929328621908127,260.38929182779435,520.7785836555886,0.5434171236718118,0.0,0.0,1.0,inf,283.0,inf,213.0,1.0,212.0,0.0,0.0,0.0,0.0,0.0,0.0
567.0,283.0,847.0,564.0,282.0,1.9929328621908127,260.38929182779435,520.7785836555886,0.5434171236718118,0.0,0.0,1.0,inf,283.0,inf,214.0,0.0,214.0,0.0,0.0,0.0,0.0,0.0,0.0
568.0,284.0,850.0,566.0,283.0,1.9929577464788732,261.3018884444983,522.6037768889964,0.5434327353901289,0.0,0.0,1.0,inf,284.0,inf,216.0,1.0,215.0,0.0,0.0,0.0,0.0,0.0,0.0
569.0,284.0,850.0,566.0,283.0,1.9929577464788732,261.3018884444983,522.6037768889964,0.5434327353901289,0.0,0.0,1.0,inf,284.0,inf,215.0,0.0,215.0,0.0,0.0,0.0,0.0,0.0,0.0
570.0,285.0,853.0,568.0,284.0,1.9929824561403509,262.2325282761755,524.4650565523509,0.5434108458502267,0.0,0.0,1.0,inf,285.0,inf,217.0,1.0,216.0,0.0,0.0,0.0,0.0,0.0,0.0
571.0,285.0,853.0,568.0,284.0,1.9929824561403509,262.2325282761755,524.4650565523509,0.5434108458502267,0.0,0.0,1.0,inf,285.0,inf,216.0,0.0,216.0,0.0,0.0,0.0,0.0,0.0,0.0
572.0,286.0,856.0,570.0,285.0,1.993006993006993,263.16368815601527,526.3273763120304,0.5433880373162394,0.0,0.0,1.0,inf,286.0,inf,215.0,1.0,214.0,0.0,0.0,0.0,0.0,0.0,0.0
573.0,286.0,856.0,570.0,285.0,1.993006993006993,263.16368815601527,526.3273763120304,0.5433880373162394,0.0,0.0,1.0,inf,286.0,inf,211.0,0.0,211.0,0.0,0.0,0.0,0.0,0.0,0.0
574.0,287.0,859.0,572.0,286.0,1.9930313588850175,264.12913443915704,528.258268878314,0.5432948557708452,0.0,0.0,1.0,inf,287.0,inf,218.0,1.0,217.0,0.0,0.0,0.0,0.0,0.0,0.0
575.0,287.0,859.0,572.0,286.0,1.9930313588850175,264.12913443915704,528.258268878314,0.5432948557708452,0.0,0.0,1.0,inf,287.0,inf,217.0,0.0,217.0,0.0,0.0,0.0,0.0,0.0,0.0
576.0,288.0,862.0,574.0,287.0,1.9930555555555556,264.99625168459556,529.992503369191,0.5434039126387041,0.0,0.0,1.0,inf,288.0,inf,219.0,1.0,218.0,0.0,0.0,0.0,0.0,0.0,0.0
577.0,288.0,862.0,574.0,287.0,1.9930555555555556,264.99625168459556,529.992503369191,0.5434039126387041,0.0,0.0,1.0,inf,288.0,inf,214.0,0.0,214.0,0.0,0.0,0.0,0.0,0.0,0.0
578.0,289.0,865.0,576.0,288.0,1.9930795847750864,265.8889231461576,531.7778462923151,0.5434600219151259,0.0,0.0,1.0,inf,289.0,inf,217.0,1.0,216.0,0.0,0.0,0.0,0.0,0.0,0.0
579.0,289.0,865.0,576.0,288.0,1.9930795847750864,265.8889231461576,531.7778462923151,0.5434600219151259,0.0,0.0,1.0,inf,289.0,inf,214.0,0.0,214.0,0.0,0.0,0.0,0.0,0.0,0.0
580.0,290.0,868.0,578.0,289.0,1.993103448275862,266.8275988116818,533.6551976233635,0.5434220472160989,0.0,0.0,1.0,inf,290.0,inf,216.0,1.0,215.0,0.0,0.0,0.0,0.0,0.0,0.0
581.0,290.0,868.0,578.0,289.0,1.993103448275862,266.8275988116818,533.6551976233635,0.5434220472160989,0.0,0.0,1.0,inf,290.0,inf,208.0,0.0,208.0,0.0,0.0,0.0,0.0,0.0,0.0
582.0,291.0,871.0,580.0,290.0,1.993127147766323,267.7178195837306,535.4356391674611,0.5434826872048908,0.0,0.0,1.0,inf,291.0,inf,212.0,1.0,211.0,0.0,0.0,0.0,0.0,0.0,0.0
583.0,291.0,871.0,580.0,290.0,1.993127147766323,267.7178195837306,535.4356391674611,0.5434826872048908,0.0,0.0,1.0,inf,291.0,inf,214.0,0.0,214.0,0.0,0.0,0.0,0.0,0.0,0.0
584.0,292.0,874.0,582.0,291.0,1.9931506849315068,268.64471212010943,537.2894242402188,0.5434687280750358,0.0,0.0,1.0,inf,292.0,inf,216.0,1.0,215.0,0.0,0.0,0.0,0.0,0.0,0.0
585.0,292.0,874.0,582.0,291.0,1.9931506849315068,268.64471212010943,537.2894242402188,0.5434687280750358,0.0,0.0,1.0,inf,292.0,inf,215.0,0.0,215.0,0.0,0.0,0.0,0.0,0.0,0.0
586.0,293.0,877.0,584.0,292.0,1.993174061433447,269.6397491491996,539.2794982983991,0.5433175207374091,0.0,0.0,1.0,inf,293.0,inf,219.0,1.0,218.0,0.0,0.0,0.0,0.0,0.0,0.0
587.0,293.0,877.0,584.0,292.0,1.993174061433447,269.6397491491996,539.2794982983991,0.5433175207374091,0.0,0.0,1.0,inf,293.0,inf,213.0,0.0,213.0,0.0,0.0,0.0,0.0,0.0,0.0
588.0,294.0,880.0,586.0,293.0,1.9931972789115646,270.5152350687503,541.0304701375005,0.5434074719031651,0.0,0.0,1.0,inf,294.0,inf,217.0,1.0,216.0,0.0,0.0,0.0,0.0,0.0,0.0
589.0,294.0,880.0,586.0,293.0,1.9931972789115646,270.5152350687503,541.0304701375005,0.5434074719031651,0.0,0.0,1.0,inf,294.0,inf,215.0,0.0,215.0,0.0,0.0,0.0,0.0,0.0,0.0
590.0,294.0,880.0,586.0,293.0,1.9931972789115646,270.5152350687503,541.0304701375005,0.5434074719031651,0.0,0.0,1.0,inf,294.0,inf,220.0,0.0,220.0,0.0,0.0,0.0,0.0,0.0,0.0
591.0,295.0,883.0,588.0,294.0,1.993220338983051,271.3818069058589,542.7636138117177,0.5435146949668851,0.0,0.0,1.0,inf,295.0,inf,215.0,1.0,214.0,0.0,0.0,0.0,0.0,0.0,0.0
592.0,295.0,883.0,588.0,294.0,1.993220338983051,271.3818069058589,542.7636138117177,0.5435146949668851,0.0,0.0,1.0,inf,295.0,inf,216.0,0.0,216.0,0.0,0.0,0.0,0.0,0.0,0.0
593.0,296.0,886.0,590.0,295.0,1.9932432432432432,272.28670120340405,544.573402406808,0.5435447245344561,0.0,0.0,1.0,inf,296.0,inf,215.0,1.0,214.0,0.0,0.0,0.0,0.0,0.0,0.0
594.0,296.0,886.0,590.0,295.0,1.9932432432432432,272.28670120340405,544.573402406808,0.5435447245344561,0.0,0.0,1.0,inf,296.0,inf,210.0,0.0,210.0,0.0,0.0,0.0,0.0,0.0,0.0
595.0,297.0,889.0,592.0,296.0,1.9932659932659933,273.2234421090707,546.4468842181412,0.5435111967468695,0.0,0.0,1.0,inf,297.0,inf,209.0,1.0,208.0,0.0,0.0,0.0,0.0,0.0,0.0
596.0,297.0,889.0,592.0,296.0,1.9932659932659933,273.2234421090707,546.4468842181412,0.5435111967468695,0.0,0.0,1.0,inf,297.0,inf,218.0,0.0,218.0,0.0,0.0,0.0,0.0,0.0,0.0
597.0,298.0,892.0,594.0,297.0,1.9932885906040267,274.1100860533914,548.2201721067827,0.5435772252866963,0.0,0.0,1.0,inf,298.0,inf,214.0,1.0,213.0,0.0,0.0,0.0,0.0,0.0,0.0
598.0,298.0,892.0,594.0,297.0,1.9932885906040267,274.1100860533914,548.2201721067827,0.5435772252866963,0.0,0.0,1.0,inf,298.0,inf,214.0,0.0,214.0,0.0,0.0,0.0,0.0,0.0,0.0
599.0,299.0,895.0,596.0,298.0,1.9933110367892977,275.0043298626258,550.0086597252515,0.5436278042410476,0.0,0.0,1.0,inf,299.0,inf,214.0,1.0,213.0,0.0,0.0,0.0,0.0,0.0,0.0
600.0,299.0,895.0,596.0,298.0,1.9933110367892977,275.0043298626258,550.0086597252515,0.5436278042410476,0.0,0.0,1.0,inf,299.0,inf,216.0,0.0,216.0,0.0,0.0,0.0,0.0,0.0,0.0
601.0,300.0,898.0,598.0,299.0,1.9933333333333334,275.9149839438644,551.8299678877287,0.5436457196196272,0.0,0.0,1.0,inf,300.0,inf,215.0,1.0,214.0,0.0,0.0,0.0,0.0,0.0,0.0
602.0,300.0,898.0,598.0,299.0,1.9933333333333334,275.9149839438644,551.8299678877287,0.5436457196196272,0.0,0.0,1.0,inf,300.0,inf,216.0,0.0,216.0,0.0,0.0,0.0,0.0,0.0,0.0
603.0,301.0,901.0,600.0,300.0,1.9933554817275747,276.7812345251538,553.5624690503075,0.5437507360576593,0.0,0.0,1.0,inf,301.0,inf,219.0,1.0,218.0,0.0,0.0,0.0,0.0,0.0,0.0
604.0,301.0,901.0,600.0,300.0,1.9933554817275747,276.7812345251538,553.5624690503075,0.5437507360576593,0.0,0.0,1.0,inf,301.0,inf,211.0,0.0,211.0,0.0,0.0,0.0,0.0,0.0,0.0
605.0,301.0,901.0,600.0,300.0,1.9933554817275747,276.7812345251538,553.5624690503075,0.5437507360576593,0.0,0.0,1.0,inf,301.0,inf,220.0,0.0,220.0,0.0,0.0,0.0,0.0,0.0,0.0
606.0,302.0,904.0,602.0,301.0,1.9933774834437086,277.71538762238976,555.4307752447794,0.5437221224677513,0.0,0.0,1.0,inf,302.0,inf,216.0,1.0,215.0,0.0,0.0,0.0,0.0,0.0,0.0
607.0,302.0,904.0,602.0,301.0,1.9933774834437086,277.71538762238976,555.4307752447794,0.5437221224677513,0.0,0.0,1.0,inf,302.0,inf,217.0,0.0,217.0,0.0,0.0,0.0,0.0,0.0,0.0
608.0,303.0,907.0,604.0,302.0,1.9933993399339933,278.6315201586614,557.2630403173226,0.5437288642495697,0.0,0.0,1.0,inf,303.0,inf,219.0,1.0,218.0,0.0,0.0,0.0,0.0,0.0,0.0
609.0,303.0,907.0,604.0,302.0,1.9933993399339933,278.6315201586614,557.2630403173226,0.5437288642495697,0.0,0.0,1.0,inf,303.0,inf,216.0,0.0,216.0,0.0,0.0,0.0,0.0,0.0,0.0
610.0,304.0,910.0,606.0,303.0,1.993421052631579,279.60299935647095,559.2059987129418,0.5436279308513872,0.0,0.0,1.0,inf,304.0,inf,220.0,1.0,219.0,0.0,0.0,0.0,0.0,0.0,0.0
611.0,304.0,910.0,606.0,303.0,1.993421052631579,279.60299935647095,559.2059987129418,0.5436279308513872,0.0,0.0,1.0,inf,304.0,inf,217.0,0.0,217.0,0.0,0.0,0.0,0.0,0.0,0.0
612.0,305.0,913.0,608.0,304.0,1.9934426229508198,280.50713361622024,561.0142672324404,0.5436581880610746,0.0,0.0,1.0,inf,305.0,inf,214.0,1.0,213.0,0.0,0.0,0.0,0.0,0.0,0.0
613.0,305.0,913.0,608.0,304.0,1.9934426229508198,280.50713361622024,561.0142672324404,0.5436581880610746,0.0,0.0,1.0,inf,305.0,inf,212.0,0.0,212.0,0.0,0.0,0.0,0.0,0.0,0.0
614.0,306.0,916.0,610.0,305.0,1.9934640522875817,281.37860839245354,562.757216784907,0.5437513564876364,0.0,0.0,1.0,inf,306.0,inf,218.0,1.0,217.0,0.0,0.0,0.0,0.0,0.0,0.0
615.0,306.0,916.0,610.0,305.0,1.9934640522875817,281.37860839245354,562.757216784907,0.5437513564876364,0.0,0.0,1.0,inf,306.0,inf,215.0,0.0,215.0,0.0,0.0,0.0,0.0,0.0,0.0
616.0,307.0,919.0,612.0,306.0,1.993485342019544,282.2296728717013,564.4593457434025,0.5438832793098248,0.0,0.0,1.0,inf,307.0,inf,213.0,1.0,212.0,0.0,0.0,0.0,0.0,0.0,0.0
617.0,307.0,919.0,612.0,306.0,1.993485342019544,282.2296728717013,564.4593457434025,0.5438832793098248,0.0,0.0,1.0,inf,307.0,inf,215.0,0.0,215.0,0.0,0.0,0.0,0.0,0.0,0.0
618.0,308.0,922.0,614.0,307.0,1.9935064935064934,283.19674437708943,566.3934887541787,0.5437915620772179,0.0,0.0,1.0,inf,308.0,inf,216.0,1.0,215.0,0.0,0.0,0.0,0.0,0.0,0.0
619.0,308.0,922.0,614.0,307.0,1.9935064935064934,283.19674437708943,566.3934887541787,0.5437915620772179,0.0,0.0,1.0,inf,308.0,inf,217.0,0.0,217.0,0.0,0.0,0.0,0.0,0.0,0.0
620.0,309.0,925.0,616.0,308.0,1.993527508090615,284.11087296235496,568.2217459247098,0.5438017855109384,0.0,0.0,1.0,inf,309.0,inf,216.0,1.0,215.0,0.0,0.0,0.0,0.0,0.0,0.0
621.0,309.0,925.0,616.0,308.0,1.993527508090615,284.11087296235496,568.2217459247098,0.5438017855109384,0.0,0.0,1.0,inf,309.0,inf,217.0,0.0,217.0,0.0,0.0,0.0,0.0,0.0,0.0
622.0,310.0,928.0,618.0,309.0,1.9935483870967743,285.01452556963835,570.0290511392766,0.5438319316891393,0.0,0.0,1.0,inf,310.0,inf,216.0,1.0,215.0,0.0,0.0,0.0,0.0,0.0,0.0
623.0,310.0,928.0,618.0,309.0,1.9935483870967743,285.01452556963835,570.0290511392766,0.5438319316891393,0.0,0.0,1.0,inf,310.0,inf,216.0,0.0,216.0,0.0,0.0,0.0,0.0,0.0,0.0
624.0,311.0,931.0,620.0,310.0,1.9935691318327975,285.9834736090773,571.9669472181545,0.543737713363673,0.0,0.0,1.0,inf,311.0,inf,219.0,1.0,218.0,0.0,0.0,0.0,0.0,0.0,0.0
625.0,311.0,931.0,620.0,310.0,1.9935691318327975,285.9834736090773,571.9669472181545,0.543737713363673,0.0,0.0,1.0,inf,311.0,inf,218.0,0.0,218.0,0.0,0.0,0.0,0.0,0.0,0.0
626.0,312.0,934.0,622.0,311.0,1.9935897435897436,286.8450940845405,573.6901881690809,0.5438475442568416,0.0,0.0,1.0,inf,312.0,inf,214.0,1.0,213.0,0.0,0.0,0.0,0.0,0.0,0.0
627.0,312.0,934.0,622.0,311.0,1.9935897435897436,286.8450940845405,573.6901881690809,0.5438475442568416,0.0,0.0,1.0,inf,312.0,inf,217.0,0.0,217.0,0.0,0.0,0.0,0.0,0.0,0.0
628.0,313.0,937.0,624.0,312.0,1.9936102236421724,287.82776248512823,575.6555249702564,0.5437279526087627,0.0,0.0,1.0,inf,313.0,inf,219.0,1.0,218.0,0.0,0.0,0.0,0.0,0.0,0.0
629.0,313.0,937.0,624.0,312.0,1.9936102236421724,287.82776248512823,575.6555249702564,0.5437279526087627,0.0,0.0,1.0,inf,313.0,inf,217.0,0.0,217.0,0.0,0.0,0.0,0.0,0.0,0.0
630.0,314.0,940.0,626.0,313.0,1.9936305732484076,288.80108077261843,577.6021615452368,0.5436267744566051,0.0,0.0,1.0,inf,314.0,inf,218.0,1.0,217.0,0.0,0.0,0.0,0.0,0.0,0.0
631.0,314.0,940.0,626.0,313.0,1.9936305732484076,288.80108077261843,577.6021615452368,0.5436267744566051,0.0,0.0,1.0,inf,314.0,inf,216.0,0.0,216.0,0.0,0.0,0.0,0.0,0.0,0.0
632.0,315.0,943.0,628.0,314.0,1.9936507936507937,289.66843209308865,579.3368641861772,0.54372510964324,0.0,0.0,1.0,inf,315.0,inf,216.0,1.0,215.0,0.0,0.0,0.0,0.0,0.0,0.0
633.0,315.0,943.0,628.0,314.0,1.9936507936507937,289.66843209308865,579.3368641861772,0.54372510964324,0.0,0.0,1.0,inf,315.0,inf,219.0,0.0,219.0,0.0,0.0,0.0,0.0,0.0,0.0
634.0,316.0,946.0,630.0,315.0,1.9936708860759493,290.5558970810855,581.1117941621709,0.5437852116830619,0.0,0.0,1.0,inf,316.0,inf,217.0,1.0,216.0,0.0,0.0,0.0,0.0,0.0,0.0
635.0,316.0,946.0,630.0,315.0,1.9936708860759493,290.5558970810855,581.1117941621709,0.5437852116830619,0.0,0.0,1.0,inf,316.0,inf,215.0,0.0,215.0,0.0,0.0,0.0,0.0,0.0,0.0
636.0,316.0,946.0,630.0,315.0,1.9936708860759493,290.5558970810855,581.1117941621709,0.5437852116830619,0.0,0.0,1.0,inf,316.0,inf,220.0,0.0,220.0,0.0,0.0,0.0,0.0,0.0,0.0
637.0,317.0,949.0,632.0,316.0,1.9936908517350158,291.51669552486715,583.0333910497342,0.5437081389613911,0.0,0.0,1.0,inf,317.0,inf,215.0,1.0,214.0,0.0,0.0,0.0,0.0,0.0,0.0
638.0,317.0,949.0,632.0,316.0,1.9936908517350158,291.51669552486715,583.0333910497342,0.5437081389613911,0.0,0.0,1.0,inf,317.0,inf,214.0,0.0,214.0,0.0,0.0,0.0,0.0,0.0,0.0
639.0,318.0,952.0,634.0,317.0,1.9937106918238994,292.4620346653616,584.9240693307231,0.543660308531771,0.0,0.0,1.0,inf,318.0,inf,214.0,1.0,213.0,0.0,0.0,0.0,0.0,0.0,0.0
640.0,318.0,952.0,634.0,317.0,1.9937106918238994,292.4620346653616,584.9240693307231,0.543660308531771,0.0,0.0,1.0,inf,318.0,inf,214.0,0.0,214.0,0.0,0.0,0.0,0.0,0.0,0.0
641.0,319.0,955.0,636.0,318.0,1.993730407523511,293.40809500982914,586.8161900196582,0.5436114501021412,0.0,0.0,1.0,inf,319.0,inf,217.0,1.0,216.0,0.0,0.0,0.0,0.0,0.0,0.0
642.0,319.0,955.0,636.0,318.0,1.993730407523511,293.40809500982914,586.8161900196582,0.5436114501021412,0.0,0.0,1.0,inf,319.0,inf,215.0,0.0,215.0,0.0,0.0,0.0,0.0,0.0,0.0
643.0,320.0,958.0,638.0,319.0,1.99375,294.40082610805786,588.8016522161156,0.5434767358338631,0.0,0.0,1.0,inf,320.0,inf,219.0,1.0,218.0,0.0,0.0,0.0,0.0,0.0,0.0
644.0,320.0,958.0,638.0,319.0,1.99375,294.40082610805786,588.8016522161156,0.5434767358338631,0.0,0.0,1.0,inf,320.0,inf,217.0,0.0,217.0,0.0,0.0,0.0,0.0,0.0,0.0
645.0,321.0,961.0,640.0,320.0,1.9937694704049844,295.34741648948614,590.6948329789722,0.5434278109072729,0.0,0.0,1.0,inf,321.0,inf,217.0,1.0,216.0,0.0,0.0,0.0,0.0,0.0,0.0
646.0,321.0,961.0,640.0,320.0,1.9937694704049844,295.34741648948614,590.6948329789722,0.5434278109072729,0.0,0.0,1.0,inf,321.0,inf,216.0,0.0,216.0,0.0,0.0,0.0,0.0,0.0,0.0
647.0,322.0,964.0,642.0,321.0,1.9937888198757765,296.2020492165427,592.4040984330853,0.5435478938307368,0.0,0.0,1.0,inf,322.0,inf,219.0,1.0,218.0,0.0,0.0,0.0,0.0,0.0,0.0
648.0,322.0,964.0,642.0,321.0,1.9937888198757765,296.2020492165427,592.4040984330853,0.5435478938307368,0.0,0.0,1.0,inf,322.0,inf,216.0,0.0,216.0,0.0,0.0,0.0,0.0,0.0,0.0
649.0,323.0,967.0,644.0,322.0,1.9938080495356036,297.0816190490489,594.1632380980977,0.543621650228505,0.0,0.0,1.0,inf,323.0,inf,214.0,1.0,213.0,0.0,0.0,0.0,0.0,0.0,0.0
650.0,323.0,967.0,644.0,322.0,1.9938080495356036,297.0816190490489,594.1632380980977,0.543621650228505,0.0,0.0,1.0,inf,323.0,inf,218.0,0.0,218.0,0.0,0.0,0.0,0.0,0.0,0.0
651.0,324.0,970.0,646.0,323.0,1.9938271604938271,298.0385235980387,596.0770471960773,0.543553893786186,0.0,0.0,1.0,inf,324.0,inf,217.0,1.0,216.0,0.0,0.0,0.0,0.0,0.0,0.0
652.0,324.0,970.0,646.0,323.0,1.9938271604938271,298.0385235980387,596.0770471960773,0.543553893786186,0.0,0.0,1.0,inf,324.0,inf,215.0,0.0,215.0,0.0,0.0,0.0,0.0,0.0,0.0
653.0,325.0,973.0,648.0,324.0,1.9938461538461538,299.02589950177276,598.0517990035454,0.543431188638684,0.0,0.0,1.0,inf,325.0,inf,215.0,1.0,214.0,0.0,0.0,0.0,0.0,0.0,0.0
654.0,325.0,973.0,648.0,324.0,1.9938461538461538,299.02589950177276,598.0517990035454,0.543431188638684,0.0,0.0,1.0,inf,325.0,inf,217.0,0.0,217.0,0.0,0.0,0.0,0.0,0.0,0.0
655.0,326.0,976.0,650.0,325.0,1.9938650306748467,299.93627260232853,599.872545204657,0.5434487752540491,0.0,0.0,1.0,inf,326.0,inf,217.0,1.0,216.0,0.0,0.0,0.0,0.0,0.0,0.0
656.0,326.0,976.0,650.0,325.0,1.9938650306748467,299.93627260232853,599.872545204657,0.5434487752540491,0.0,0.0,1.0,inf,326.0,inf,216.0,0.0,216.0,0.0,0.0,0.0,0.0,0.0,0.0
657.0,327.0,979.0,652.0,326.0,1.9938837920489296,300.9222085066686,601.8444170133371,0.5433297888227375,0.0,0.0,1.0,inf,327.0,inf,218.0,1.0,217.0,0.0,0.0,0.0,0.0,0.0,0.0
658.0,327.0,979.0,652.0,326.0,1.9938837920489296,300.9222085066686,601.8444170133371,0.5433297888227375,0.0,0.0,1.0,inf,327.0,inf,214.0,0.0,214.0,0.0,0.0,0.0,0.0,0.0,0.0
659.0,328.0,982.0,654.0,327.0,1.9939024390243902,301.8397164978569,603.6794329957137,0.5433347271288086,0.0,0.0,1.0,inf,328.0,inf,219.0,1.0,218.0,0.0,0.0,0.0,0.0,0.0,0.0
660.0,328.0,982.0,654.0,327.0,1.9939024390243902,301.8397164978569,603.6794329957137,0.5433347271288086,0.0,0.0,1.0,inf,328.0,inf,215.0,0.0,215.0,0.0,0.0,0.0,0.0,0.0,0.0
661.0,329.0,985.0,656.0,328.0,1.993920972644377,302.7593312700503,605.5186625401005,0.5433358546206856,0.0,0.0,1.0,inf,329.0,inf,216.0,1.0,215.0,0.0,0.0,0.0,0.0,0.0,0.0
662.0,329.0,985.0,656.0,328.0,1.993920972644377,302.7593312700503,605.5186625401005,0.5433358546206856,0.0,0.0,1.0,inf,329.0,inf,214.0,0.0,214.0,0.0,0.0,0.0,0.0,0.0,0.0
663.0,330.0,988.0,658.0,329.0,1.993939393939394,303.68348575136145,607.3669715027228,0.5433288530384314,0.0,0.0,1.0,inf,330.0,inf,219.0,1.0,218.0,0.0,0.0,0.0,0.0,0.0,0.0
664.0,330.0,988.0,658.0,329.0,1.993939393939394,303.68348575136145,607.3669715027228,0.5433288530384314,0.0,0.0,1.0,inf,330.0,inf,214.0,0.0,214.0,0.0,0.0,0.0,0.0,0.0,0.0
665.0,331.0,991.0,660.0,330.0,1.9939577039274925,304.59213021270017,609.1842604254002,0.5433495602280646,0.0,0.0,1.0,inf,331.0,inf,219.0,1.0,218.0,0.0,0.0,0.0,0.0,0.0,0.0
666.0,331.0,991.0,660.0,330.0,1.9939577039274925,304.59213021270017,609.1842604254002,0.5433495602280646,0.0,0.0,1.0,inf,331.0,inf,220.0,0.0,220.0,0.0,0.0,0.0,0.0,0.0,0.0
667.0,332.0,994.0,662.0,331.0,1.9939759036144578,305.5712366351798,611.1424732703595,0.5432448480031081,0.0,0.0,1.0,inf,332.0,inf,219.0,1.0,218.0,0.0,0.0,0.0,0.0,0.0,0.0
668.0,332.0,994.0,662.0,331.0,1.9939759036144578,305.5712366351798,611.1424732703595,0.5432448480031081,0.0,0.0,1.0,inf,332.0,inf,215.0,0.0,215.0,0.0,0.0,0.0,0.0,0.0,0.0
669.0,332.0,994.0,662.0,331.0,1.9939759036144578,305.5712366351798,611.1424732703595,0.5432448480031081,0.0,0.0,1.0,inf,332.0,inf,220.0,0.0,220.0,0.0,0.0,0.0,0.0,0.0,0.0
670.0,333.0,997.0,664.0,332.0,1.993993993993994,306.54089013730277,613.0817802746054,0.543157553713056,0.0,0.0,1.0,inf,333.0,inf,218.0,1.0,217.0,0.0,0.0,0.0,0.0,0.0,0.0
671.0,333.0,997.0,664.0,332.0,1.993993993993994,306.54089013730277,613.0817802746054,0.543157553713056,0.0,0.0,1.0,inf,333.0,inf,212.0,0.0,212.0,0.0,0.0,0.0,0.0,0.0,0.0
672.0,334.0,1000.0,666.0,333.0,1.9940119760479043,307.5185519167729,615.0371038335456,0.5430566675053707,0.0,0.0,1.0,inf,334.0,inf,218.0,1.0,217.0,0.0,0.0,0.0,0.0,0.0,0.0
673.0,334.0,1000.0,666.0,333.0,1.9940119760479043,307.5185519167729,615.0371038335456,0.5430566675053707,0.0,0.0,1.0,inf,334.0,inf,214.0,0.0,214.0,0.0,0.0,0.0,0.0,0.0,0.0
674.0,334.0,1000.0,666.0,333.0,1.9940119760479043,307.5185519167729,615.0371038335456,0.5430566675053707,0.0,0.0,1.0,inf,334.0,inf,220.0,0.0,220.0,0.0,0.0,0.0,0.0,0.0,0.0
675.0,335.0,1003.0,668.0,334.0,1.9940298507462686,308.4453122672286,616.8906245344571,0.5430460225470459,0.0,0.0,1.0,inf,335.0,inf,216.0,1.0,215.0,0.0,0.0,0.0,0.0,0.0,0.0
676.0,335.0,1003.0,668.0,334.0,1.9940298507462686,308.4453122672286,616.8906245344571,0.5430460225470459,0.0,0.0,1.0,inf,335.0,inf,214.0,0.0,214.0,0.0,0.0,0.0,0.0,0.0,0.0
677.0,335.0,1003.0,668.0,334.0,1.9940298507462686,308.4453122672286,616.8906245344571,0.5430460225470459,0.0,0.0,1.0,inf,335.0,inf,220.0,0.0,220.0,0.0,0.0,0.0,0.0,0.0,0.0
678.0,336.0,1006.0,670.0,335.0,1.994047619047619,309.31155382566675,618.6231076513334,0.5431416897368395,0.0,0.0,1.0,inf,336.0,inf,219.0,1.0,218.0,0.0,0.0,0.0,0.0,0.0,0.0
679.0,336.0,1006.0,670.0,335.0,1.994047619047619,309.31155382566675,618.6231076513334,0.5431416897368395,0.0,0.0,1.0,inf,336.0,inf,217.0,0.0,217.0,0.0,0.0,0.0,0.0,0.0,0.0
680.0,337.0,1009.0,672.0,336.0,1.9940652818991098,310.2327529816872,620.4655059633743,0.5431405884147457,0.0,0.0,1.0,inf,337.0,inf,220.0,1.0,219.0,0.0,0.0,0.0,0.0,0.0,0.0
681.0,337.0,1009.0,672.0,336.0,1.9940652818991098,310.2327529816872,620.4655059633743,0.5431405884147457,0.0,0.0,1.0,inf,337.0,inf,216.0,0.0,216.0,0.0,0.0,0.0,0.0,0.0,0.0
682.0,338.0,1012.0,674.0,337.0,1.9940828402366864,311.1077327444581,622.215465488916,0.5432201845616469,0.0,0.0,1.0,inf,338.0,inf,219.0,1.0,218.0,0.0,0.0,0.0,0.0,0.0,0.0
683.0,338.0,1012.0,674.0,337.0,1.9940828402366864,311.1077327444581,622.215465488916,0.5432201845616469,0.0,0.0,1.0,inf,338.0,inf,216.0,0.0,216.0,0.0,0.0,0.0,0.0,0.0,0.0
684.0,339.0,1015.0,676.0,338.0,1.9941002949852507,312.03693553932595,624.0738710786518,0.5432049244652256,0.0,0.0,1.0,inf,339.0,inf,219.0,1.0,218.0,0.0,0.0,0.0,0.0,0.0,0.0
685.0,339.0,1015.0,676.0,338.0,1.9941002949852507,312.03693553932595,624.0738710786518,0.5432049244652256,0.0,0.0,1.0,inf,339.0,inf,215.0,0.0,215.0,0.0,0.0,0.0,0.0,0.0,0.0
686.0,340.0,1018.0,678.0,339.0,1.9941176470588236,312.94078195284203,625.881563905684,0.543233767549088,0.0,0.0,1.0,inf,340.0,inf,217.0,1.0,216.0,0.0,0.0,0.0,0.0,0.0,0.0
687.0,340.0,1018.0,678.0,339.0,1.9941176470588236,312.94078195284203,625.881563905684,0.543233767549088,0.0,0.0,1.0,inf,340.0,inf,215.0,0.0,215.0,0.0,0.0,0.0,0.0,0.0,0.0
688.0,340.0,1018.0,678.0,339.0,1.9941176470588236,312.94078195284203,625.881563905684,0.543233767549088,0.0,0.0,1.0,inf,340.0,inf,220.0,0.0,220.0,0.0,0.0,0.0,0.0,0.0,0.0
689.0,341.0,1021.0,680.0,340.0,1.9941348973607038,313.88352140894324,627.7670428178864,0.5431951293099712,0.0,0.0,1.0,inf,341.0,inf,220.0,1.0,219.0,0.0,0.0,0.0,0.0,0.0,0.0
690.0,341.0,1021.0,680.0,340.0,1.9941348973607038,313.88352140894324,627.7670428178864,0.5431951293099712,0.0,0.0,1.0,inf,341.0,inf,215.0,0.0,215.0,0.0,0.0,0.0,0.0,0.0,0.0
691.0,342.0,1024.0,682.0,341.0,1.9941520467836258,314.81397203626545,629.6279440725308,0.5431779247088228,0.0,0.0,1.0,inf,342.0,inf,216.0,1.0,215.0,0.0,0.0,0.0,0.0,0.0,0.0
692.0,342.0,1024.0,682.0,341.0,1.9941520467836258,314.81397203626545,629.6279440725308,0.5431779247088228,0.0,0.0,1.0,inf,342.0,inf,214.0,0.0,214.0,0.0,0.0,0.0,0.0,0.0,0.0
693.0,343.0,1027.0,684.0,342.0,1.9941690962099126,315.7914790743777,631.5829581487553,0.5430798845576419,0.0,0.0,1.0,inf,343.0,inf,218.0,1.0,217.0,0.0,0.0,0.0,0.0,0.0,0.0
694.0,343.0,1027.0,684.0,342.0,1.9941690962099126,315.7914790743777,631.5829581487553,0.5430798845576419,0.0,0.0,1.0,inf,343.0,inf,218.0,0.0,218.0,0.0,0.0,0.0,0.0,0.0,0.0
695.0,343.0,1027.0,684.0,342.0,1.9941690962099126,315.7914790743777,631.5829581487553,0.5430798845576419,0.0,0.0,1.0,inf,343.0,inf,220.0,0.0,220.0,0.0,0.0,0.0,0.0,0.0,0.0
696.0,344.0,1030.0,686.0,343.0,1.994186046511628,316.70503552742747,633.4100710548548,0.5430920910795066,0.0,0.0,1.0,inf,344.0,inf,218.0,1.0,217.0,0.0,0.0,0.0,0.0,0.0,0.0
697.0,344.0,1030.0,686.0,343.0,1.994186046511628,316.70503552742747,633.4100710548548,0.5430920910795066,0.0,0.0,1.0,inf,344.0,inf,213.0,0.0,213.0,0.0,0.0,0.0,0.0,0.0,0.0
698.0,345.0,1033.0,688.0,344.0,1.9942028985507247,317.603803860331,635.2076077206619,0.5431295151485603,0.0,0.0,1.0,inf,345.0,inf,218.0,1.0,217.0,0.0,0.0,0.0,0.0,0.0,0.0
699.0,345.0,1033.0,688.0,344.0,1.9942028985507247,317.603803860331,635.2076077206619,0.5431295151485603,0.0,0.0,1.0,inf,345.0,inf,216.0,0.0,216.0,0.0,0.0,0.0,0.0,0.0,0.0
700.0,346.0,1036.0,690.0,345.0,1.9942196531791907,318.5184908397491,637.0369816794981,0.5431395820817154,0.0,0.0,1.0,inf,346.0,inf,218.0,1.0,217.0,0.0,0.0,0.0,0.0,0.0,0.0
