t,site_subsystems,total_subsystems,interface_subsystems,n_links,mean_degree,frontier_radius,volume_proxy,density,energy_remaining,energy_density,creation_rate_modifier,memory_total,memory_bound,memory_free,birth_attempts,births_accepted,births_reject_exclusion,births_reject_memory,births_reject_energy,deaths_attempted,deaths_executed,links_attempted_random,links_added_random
0.0,2.0,4.0,2.0,1.0,1.0,0.1324358995628145,0.26487179912562897,7.550822724813365,0.0,0.0,1.0,inf,2.0,inf,0.0,0.0,0.0,0.0,0.0,0.0,0.0,0.0,0.0
1.0,2.0,4.0,2.0,1.0,1.0,0.1324358995628145,0.26487179912562897,7.550822724813365,0.0,0.0,1.0,inf,2.0,inf,0.0,0.0,0.0,0.0,0.0,0.0,0.0,0.0,0.0
2.0,3.0,7.0,4.0,2.0,1.3333333333333333,1.0384351324454046,2.076870264890809,1.4444811747341977,0.0,0.0,1.0,inf,3.0,inf,1.0,1.0,0.0,0.0,0.0,0.0,0.0,0.0,0.0
3.0,3.0,7.0,4.0,2.0,1.3333333333333333,1.0384351324454046,2.076870264890809,1.4444811747341977,0.0,0.0,1.0,inf,3.0,inf,0.0,0.0,0.0,0.0,0.0,0.0,0.0,0.0,0.0
4.0,4.0,10.0,6.0,3.0,1.5,1.9143953193205019,3.8287906386410033,1.0447163027487358,0.0,0.0,1.0,inf,4.0,inf,1.0,1.0,0.0,0.0,0.0,0.0,0.0,0.0,0.0
5.0,4.0,10.0,6.0,3.0,1.5,1.9143953193205019,3.8287906386410033,1.0447163027487358,0.0,0.0,1.0,inf,4.0,inf,0.0,0.0,0.0,0.0,0.0,0.0,0.0,0.0,0.0
6.0,5.0,13.0,8.0,4.0,1.6,2.8649046236148674,5.729809247229734,0.8726293990358258,0.0,0.0,1.0,inf,5.0,inf,1.0,1.0,0.0,0.0,0.0,0.0,0.0,0.0,0.0
7.0,5.0,13.0,8.0,4.0,1.6,2.8649046236148674,5.729809247229734,0.8726293990358258,0.0,0.0,1.0,inf,5.0,inf,0.0,0.0,0.0,0.0,0.0,0.0,0.0,0.0,0.0
8.0,6.0,16.0,10.0,5.0,1.6666666666666667,3.807480199677332,7.614960399354663,0.7879226792181974,0.0,0.0,1.0,inf,6.0,inf,8.0,1.0,7.0,0.0,0.0,0.0,0.0,0.0,0.0
9.0,6.0,16.0,10.0,5.0,1.6666666666666667,3.807480199677332,7.614960399354663,0.7879226792181974,0.0,0.0,1.0,inf,6.0,inf,0.0,0.0,0.0,0.0,0.0,0.0,0.0,0.0,0.0
10.0,7.0,19.0,12.0,6.0,1.7142857142857142,4.8038878755382255,9.60777575107645,0.7285765385620834,0.0,0.0,1.0,inf,7.0,inf,1.0,1.0,0.0,0.0,0.0,0.0,0.0,0.0,0.0
11.0,7.0,19.0,12.0,6.0,1.7142857142857142,4.8038878755382255,9.60777575107645,0.7285765385620834,0.0,0.0,1.0,inf,7.0,inf,0.0,0.0,0.0,0.0,0.0,0.0,0.0,0.0,0.0
12.0,8.0,22.0,14.0,7.0,1.75,5.745783519033049,11.491567038066096,0.6961626707219133,0.0,0.0,1.0,inf,8.0,inf,1.0,1.0,0.0,0.0,0.0,0.0,0.0,0.0,0.0
13.0,8.0,22.0,14.0,7.0,1.75,5.745783519033049,11.491567038066096,0.6961626707219133,0.0,0.0,1.0,inf,8.0,inf,0.0,0.0,0.0,0.0,0.0,0.0,0.0,0.0,0.0
14.0,9.0,25.0,16.0,8.0,1.7777777777777777,6.673088925793327,13.346177851586653,0.674350372075256,0.0,0.0,1.0,inf,9.0,inf,105.0,1.0,104.0,0.0,0.0,0.0,0.0,0.0,0.0
15.0,9.0,25.0,16.0,8.0,1.7777777777777777,6.673088925793327,13.346177851586653,0.674350372075256,0.0,0.0,1.0,inf,9.0,inf,107.0,0.0,107.0,0.0,0.0,0.0,0.0,0.0,0.0
16.0,10.0,28.0,18.0,9.0,1.8,7.5401398410558675,15.080279682111733,0.6631176749236306,0.0,0.0,1.0,inf,10.0,inf,108.0,1.0,107.0,0.0,0.0,0.0,0.0,0.0,0.0
17.0,10.0,28.0,18.0,9.0,1.8,7.5401398410558675,15.080279682111733,0.6631176749236306,0.0,0.0,1.0,inf,10.0,inf,112.0,0.0,112.0,0.0,0.0,0.0,0.0,0.0,0.0
18.0,11.0,31.0,20.0,10.0,1.8181818181818181,8.481052754746344,16.962105509492684,0.6485043966884861,0.0,0.0,1.0,inf,11.0,inf,111.0,1.0,110.0,0.0,0.0,0.0,0.0,0.0,0.0
19.0,11.0,31.0,20.0,10.0,1.8181818181818181,8.481052754746344,16.962105509492684,0.6485043966884861,0.0,0.0,1.0,inf,11.0,inf,117.0,0.0,117.0,0.0,0.0,0.0,0.0,0.0,0.0
20.0,12.0,34.0,22.0,11.0,1.8333333333333333,9.445537948232781,18.89107589646556,0.6352205700600223,0.0,0.0,1.0,inf,12.0,inf,114.0,1.0,113.0,0.0,0.0,0.0,0.0,0.0,0.0
21.0,12.0,34.0,22.0,11.0,1.8333333333333333,9.445537948232781,18.89107589646556,0.6352205700600223,0.0,0.0,1.0,inf,12.0,inf,121.0,0.0,121.0,0.0,0.0,0.0,0.0,0.0,0.0
22.0,13.0,37.0,24.0,12.0,1.8461538461538463,10.383842819771425,20.767685639542847,0.6259724952330395,0.0,0.0,1.0,inf,13.0,inf,101.0,1.0,100.0,0.0,0.0,0.0,0.0,0.0,0.0
23.0,13.0,37.0,24.0,12.0,1.8461538461538463,10.383842819771425,20.767685639542847,0.6259724952330395,0.0,0.0,1.0,inf,13.0,inf,135.0,0.0,135.0,0.0,0.0,0.0,0.0,0.0,0.0
24.0,14.0,40.0,26.0,13.0,1.8571428571428572,11.263733267810021,22.52746653562004,0.621463579930901,0.0,0.0,1.0,inf,14.0,inf,124.0,1.0,123.0,0.0,0.0,0.0,0.0,0.0,0.0
25.0,14.0,40.0,26.0,13.0,1.8571428571428572,11.263733267810021,22.52746653562004,0.621463579930901,0.0,0.0,1.0,inf,14.0,inf,117.0,0.0,117.0,0.0,0.0,0.0,0.0,0.0,0.0
26.0,15.0,43.0,28.0,14.0,1.8666666666666667,12.1931530328919,24.386306065783796,0.615099308584762,0.0,0.0,1.0,inf,15.0,inf,149.0,1.0,148.0,0.0,0.0,0.0,0.0,0.0,0.0
27.0,15.0,43.0,28.0,14.0,1.8666666666666667,12.1931530328919,24.386306065783796,0.615099308584762,0.0,0.0,1.0,inf,15.0,inf,152.0,0.0,152.0,0.0,0.0,0.0,0.0,0.0,0.0
28.0,16.0,46.0,30.0,15.0,1.875,13.183300163861432,26.36660032772286,0.6068283283065881,0.0,0.0,1.0,inf,16.0,inf,144.0,1.0,143.0,0.0,0.0,0.0,0.0,0.0,0.0
29.0,16.0,46.0,30.0,15.0,1.875,13.183300163861432,26.36660032772286,0.6068283283065881,0.0,0.0,1.0,inf,16.0,inf,140.0,0.0,140.0,0.0,0.0,0.0,0.0,0.0,0.0
30.0,17.0,49.0,32.0,16.0,1.8823529411764706,14.064069765845387,28.12813953169077,0.6043769791758473,0.0,0.0,1.0,inf,17.0,inf,140.0,1.0,139.0,0.0,0.0,0.0,0.0,0.0,0.0
31.0,17.0,49.0,32.0,16.0,1.8823529411764706,14.064069765845387,28.12813953169077,0.6043769791758473,0.0,0.0,1.0,inf,17.0,inf,140.0,0.0,140.0,0.0,0.0,0.0,0.0,0.0,0.0
32.0,18.0,52.0,34.0,17.0,1.8888888888888888,15.049982074203625,30.099964148407246,0.5980073567945589,0.0,0.0,1.0,inf,18.0,inf,143.0,1.0,142.0,0.0,0.0,0.0,0.0,0.0,0.0
33.0,18.0,52.0,34.0,17.0,1.8888888888888888,15.049982074203625,30.099964148407246,0.5980073567945589,0.0,0.0,1.0,inf,18.0,inf,149.0,0.0,149.0,0.0,0.0,0.0,0.0,0.0,0.0
34.0,19.0,55.0,36.0,18.0,1.894736842105263,16.02052242021957,32.041044840439135,0.5929894013949265,0.0,0.0,1.0,inf,19.0,inf,148.0,1.0,147.0,0.0,0.0,0.0,0.0,0.0,0.0
35.0,19.0,55.0,36.0,18.0,1.894736842105263,16.02052242021957,32.041044840439135,0.5929894013949265,0.0,0.0,1.0,inf,19.0,inf,140.0,0.0,140.0,0.0,0.0,0.0,0.0,0.0,0.0
36.0,20.0,58.0,38.0,19.0,1.9,17.006763134775948,34.01352626955189,0.5880013686761885,0.0,0.0,1.0,inf,20.0,inf,150.0,1.0,149.0,0.0,0.0,0.0,0.0,0.0,0.0
37.0,20.0,58.0,38.0,19.0,1.9,17.006763134775948,34.01352626955189,0.5880013686761885,0.0,0.0,1.0,inf,20.0,inf,144.0,0.0,144.0,0.0,0.0,0.0,0.0,0.0,0.0
38.0,21.0,61.0,40.0,20.0,1.9047619047619047,17.953247799286324,35.90649559857264,0.5848523964793377,0.0,0.0,1.0,inf,21.0,inf,160.0,1.0,159.0,0.0,0.0,0.0,0.0,0.0,0.0
39.0,21.0,61.0,40.0,20.0,1.9047619047619047,17.953247799286324,35.90649559857264,0.5848523964793377,0.0,0.0,1.0,inf,21.0,inf,152.0,0.0,152.0,0.0,0.0,0.0,0.0,0.0,0.0
40.0,22.0,64.0,42.0,21.0,1.9090909090909092,18.902342583370615,37.80468516674122,0.5819384529448366,0.0,0.0,1.0,inf,22.0,inf,154.0,1.0,153.0,0.0,0.0,0.0,0.0,0.0,0.0
41.0,22.0,64.0,42.0,21.0,1.9090909090909092,18.902342583370615,37.80468516674122,0.5819384529448366,0.0,0.0,1.0,inf,22.0,inf,159.0,0.0,159.0,0.0,0.0,0.0,0.0,0.0,0.0
42.0,23.0,67.0,44.0,22.0,1.9130434782608696,19.794469893850884,39.58893978770176,0.580970344832142,0.0,0.0,1.0,inf,23.0,inf,163.0,1.0,162.0,0.0,0.0,0.0,0.0,0.0,0.0
43.0,23.0,67.0,44.0,22.0,1.9130434782608696,19.794469893850884,39.58893978770176,0.580970344832142,0.0,0.0,1.0,inf,23.0,inf,164.0,0.0,164.0,0.0,0.0,0.0,0.0,0.0,0.0
44.0,24.0,70.0,46.0,23.0,1.9166666666666667,20.71046500772354,41.42093001544707,0.5794172171182468,0.0,0.0,1.0,inf,24.0,inf,161.0,1.0,160.0,0.0,0.0,0.0,0.0,0.0,0.0
45.0,24.0,70.0,46.0,23.0,1.9166666666666667,20.71046500772354,41.42093001544707,0.5794172171182468,0.0,0.0,1.0,inf,24.0,inf,168.0,0.0,168.0,0.0,0.0,0.0,0.0,0.0,0.0
46.0,25.0,73.0,48.0,24.0,1.92,21.609366625112337,43.218733250224666,0.5784528633742416,0.0,0.0,1.0,inf,25.0,inf,158.0,1.0,157.0,0.0,0.0,0.0,0.0,0.0,0.0
47.0,25.0,73.0,48.0,24.0,1.92,21.609366625112337,43.218733250224666,0.5784528633742416,0.0,0.0,1.0,inf,25.0,inf,164.0,0.0,164.0,0.0,0.0,0.0,0.0,0.0,0.0
48.0,26.0,76.0,50.0,25.0,1.9230769230769231,22.60772049793275,45.21544099586549,0.5750248018675179,0.0,0.0,1.0,inf,26.0,inf,171.0,1.0,170.0,0.0,0.0,0.0,0.0,0.0,0.0
49.0,26.0,76.0,50.0,25.0,1.9230769230769231,22.60772049793275,45.21544099586549,0.5750248018675179,0.0,0.0,1.0,inf,26.0,inf,162.0,0.0,162.0,0.0,0.0,0.0,0.0,0.0,0.0
50.0,27.0,79.0,52.0,26.0,1.9259259259259258,23.523822013824734,47.04764402764946,0.5738863349699797,0.0,0.0,1.0,inf,27.0,inf,168.0,1.0,167.0,0.0,0.0,0.0,0.0,0.0,0.0
51.0,27.0,79.0,52.0,26.0,1.9259259259259258,23.523822013824734,47.04764402764946,0.5738863349699797,0.0,0.0,1.0,inf,27.0,inf,161.0,0.0,161.0,0.0,0.0,0.0,0.0,0.0,0.0
52.0,28.0,82.0,54.0,27.0,1.9285714285714286,24.463925033302775,48.927850066605544,0.5722712108110936,0.0,0.0,1.0,inf,28.0,inf,167.0,1.0,166.0,0.0,0.0,0.0,0.0,0.0,0.0
53.0,28.0,82.0,54.0,27.0,1.9285714285714286,24.463925033302775,48.927850066605544,0.5722712108110936,0.0,0.0,1.0,inf,28.0,inf,172.0,0.0,172.0,0.0,0.0,0.0,0.0,0.0,0.0
54.0,29.0,85.0,56.0,28.0,1.9310344827586208,25.383726486130843,50.76745297226168,0.5712321241691014,0.0,0.0,1.0,inf,29.0,inf,167.0,1.0,166.0,0.0,0.0,0.0,0.0,0.0,0.0
55.0,29.0,85.0,56.0,28.0,1.9310344827586208,25.383726486130843,50.76745297226168,0.5712321241691014,0.0,0.0,1.0,inf,29.0,inf,177.0,0.0,177.0,0.0,0.0,0.0,0.0,0.0,0.0
56.0,30.0,88.0,58.0,29.0,1.9333333333333333,26.32227808520265,52.644556170405295,0.5698594913193479,0.0,0.0,1.0,inf,30.0,inf,184.0,1.0,183.0,0.0,0.0,0.0,0.0,0.0,0.0
57.0,30.0,88.0,58.0,29.0,1.9333333333333333,26.32227808520265,52.644556170405295,0.5698594913193479,0.0,0.0,1.0,inf,30.0,inf,174.0,0.0,174.0,0.0,0.0,0.0,0.0,0.0,0.0
58.0,31.0,91.0,60.0,30.0,1.935483870967742,27.31646410072682,54.63292820145363,0.5674233657344981,0.0,0.0,1.0,inf,31.0,inf,185.0,1.0,184.0,0.0,0.0,0.0,0.0,0.0,0.0
59.0,31.0,91.0,60.0,30.0,1.935483870967742,27.31646410072682,54.63292820145363,0.5674233657344981,0.0,0.0,1.0,inf,31.0,inf,169.0,0.0,169.0,0.0,0.0,0.0,0.0,0.0,0.0
60.0,32.0,94.0,62.0,31.0,1.9375,28.307512335760396,56.615024671520786,0.5652209848121297,0.0,0.0,1.0,inf,32.0,inf,180.0,1.0,179.0,0.0,0.0,0.0,0.0,0.0,0.0
61.0,32.0,94.0,62.0,31.0,1.9375,28.307512335760396,56.615024671520786,0.5652209848121297,0.0,0.0,1.0,inf,32.0,inf,191.0,0.0,191.0,0.0,0.0,0.0,0.0,0.0,0.0
62.0,33.0,97.0,64.0,32.0,1.9393939393939394,29.29345374922203,58.586907498444056,0.5632657774414259,0.0,0.0,1.0,inf,33.0,inf,187.0,1.0,186.0,0.0,0.0,0.0,0.0,0.0,0.0
63.0,33.0,97.0,64.0,32.0,1.9393939393939394,29.29345374922203,58.586907498444056,0.5632657774414259,0.0,0.0,1.0,inf,33.0,inf,179.0,0.0,179.0,0.0,0.0,0.0,0.0,0.0,0.0
64.0,34.0,100.0,66.0,33.0,1.9411764705882353,30.28648369775045,60.572967395500896,0.5613064946612699,0.0,0.0,1.0,inf,34.0,inf,170.0,1.0,169.0,0.0,0.0,0.0,0.0,0.0,0.0
65.0,34.0,100.0,66.0,33.0,1.9411764705882353,30.28648369775045,60.572967395500896,0.5613064946612699,0.0,0.0,1.0,inf,34.0,inf,171.0,0.0,171.0,0.0,0.0,0.0,0.0,0.0,0.0
66.0,35.0,103.0,68.0,34.0,1.9428571428571428,31.20489363293452,62.409787265869035,0.5608094744963338,0.0,0.0,1.0,inf,35.0,inf,173.0,1.0,172.0,0.0,0.0,0.0,0.0,0.0,0.0
67.0,35.0,103.0,68.0,34.0,1.9428571428571428,31.20489363293452,62.409787265869035,0.5608094744963338,0.0,0.0,1.0,inf,35.0,inf,183.0,0.0,183.0,0.0,0.0,0.0,0.0,0.0,0.0
68.0,36.0,106.0,70.0,35.0,1.9444444444444444,32.12235938918846,64.2447187783769,0.560357344300753,0.0,0.0,1.0,inf,36.0,inf,175.0,1.0,174.0,0.0,0.0,0.0,0.0,0.0,0.0
69.0,36.0,106.0,70.0,35.0,1.9444444444444444,32.12235938918846,64.2447187783769,0.560357344300753,0.0,0.0,1.0,inf,36.0,inf,183.0,0.0,183.0,0.0,0.0,0.0,0.0,0.0,0.0
70.0,37.0,109.0,72.0,36.0,1.945945945945946,33.028752089763444,66.05750417952687,0.5601180435071201,0.0,0.0,1.0,inf,37.0,inf,193.0,1.0,192.0,0.0,0.0,0.0,0.0,0.0,0.0
71.0,37.0,109.0,72.0,36.0,1.945945945945946,33.028752089763444,66.05750417952687,0.5601180435071201,0.0,0.0,1.0,inf,37.0,inf,195.0,0.0,195.0,0.0,0.0,0.0,0.0,0.0,0.0
72.0,38.0,112.0,74.0,37.0,1.9473684210526316,33.89602686621576,67.79205373243151,0.5605376723056985,0.0,0.0,1.0,inf,38.0,inf,193.0,1.0,192.0,0.0,0.0,0.0,0.0,0.0,0.0
73.0,38.0,112.0,74.0,37.0,1.9473684210526316,33.89602686621576,67.79205373243151,0.5605376723056985,0.0,0.0,1.0,inf,38.0,inf,194.0,0.0,194.0,0.0,0.0,0.0,0.0,0.0,0.0
74.0,39.0,115.0,76.0,38.0,1.9487179487179487,34.87823515455881,69.7564703091176,0.559087921553027,0.0,0.0,1.0,inf,39.0,inf,185.0,1.0,184.0,0.0,0.0,0.0,0.0,0.0,0.0
75.0,39.0,115.0,76.0,38.0,1.9487179487179487,34.87823515455881,69.7564703091176,0.559087921553027,0.0,0.0,1.0,inf,39.0,inf,180.0,0.0,180.0,0.0,0.0,0.0,0.0,0.0,0.0
76.0,40.0,118.0,78.0,39.0,1.95,35.869388792781585,71.73877758556316,0.5575785000279915,0.0,0.0,1.0,inf,40.0,inf,181.0,1.0,180.0,0.0,0.0,0.0,0.0,0.0,0.0
77.0,40.0,118.0,78.0,39.0,1.95,35.869388792781585,71.73877758556316,0.5575785000279915,0.0,0.0,1.0,inf,40.0,inf,179.0,0.0,179.0,0.0,0.0,0.0,0.0,0.0,0.0
78.0,41.0,121.0,80.0,40.0,1.951219512195122,36.72289216187673,73.44578432375344,0.5582348990824243,0.0,0.0,1.0,inf,41.0,inf,184.0,1.0,183.0,0.0,0.0,0.0,0.0,0.0,0.0
79.0,41.0,121.0,80.0,40.0,1.951219512195122,36.72289216187673,73.44578432375344,0.5582348990824243,0.0,0.0,1.0,inf,41.0,inf,186.0,0.0,186.0,0.0,0.0,0.0,0.0,0.0,0.0
80.0,42.0,124.0,82.0,41.0,1.9523809523809523,37.68059159411378,75.36118318822754,0.5573160906337917,0.0,0.0,1.0,inf,42.0,inf,191.0,1.0,190.0,0.0,0.0,0.0,0.0,0.0,0.0
81.0,42.0,124.0,82.0,41.0,1.9523809523809523,37.68059159411378,75.36118318822754,0.5573160906337917,0.0,0.0,1.0,inf,42.0,inf,189.0,0.0,189.0,0.0,0.0,0.0,0.0,0.0,0.0
82.0,43.0,127.0,84.0,42.0,1.9534883720930232,38.62302914156529,77.24605828313057,0.5566627081784778,0.0,0.0,1.0,inf,43.0,inf,195.0,1.0,194.0,0.0,0.0,0.0,0.0,0.0,0.0
83.0,43.0,127.0,84.0,42.0,1.9534883720930232,38.62302914156529,77.24605828313057,0.5566627081784778,0.0,0.0,1.0,inf,43.0,inf,189.0,0.0,189.0,0.0,0.0,0.0,0.0,0.0,0.0
84.0,44.0,130.0,86.0,43.0,1.9545454545454546,39.51324691289933,79.02649382579865,0.5567753024320047,0.0,0.0,1.0,inf,44.0,inf,180.0,1.0,179.0,0.0,0.0,0.0,0.0,0.0,0.0
85.0,44.0,130.0,86.0,43.0,1.9545454545454546,39.51324691289933,79.02649382579865,0.5567753024320047,0.0,0.0,1.0,inf,44.0,inf,192.0,0.0,192.0,0.0,0.0,0.0,0.0,0.0,0.0
86.0,45.0,133.0,88.0,44.0,1.9555555555555555,40.46649472928107,80.93298945856212,0.5560155420063917,0.0,0.0,1.0,inf,45.0,inf,184.0,1.0,183.0,0.0,0.0,0.0,0.0,0.0,0.0
87.0,45.0,133.0,88.0,44.0,1.9555555555555555,40.46649472928107,80.93298945856212,0.5560155420063917,0.0,0.0,1.0,inf,45.0,inf,193.0,0.0,193.0,0.0,0.0,0.0,0.0,0.0,0.0
88.0,46.0,136.0,90.0,45.0,1.9565217391304348,41.40138434650998,82.80276869301994,0.5555369793314373,0.0,0.0,1.0,inf,46.0,inf,178.0,1.0,177.0,0.0,0.0,0.0,0.0,0.0,0.0
89.0,46.0,136.0,90.0,45.0,1.9565217391304348,41.40138434650998,82.80276869301994,0.5555369793314373,0.0,0.0,1.0,inf,46.0,inf,185.0,0.0,185.0,0.0,0.0,0.0,0.0,0.0,0.0
90.0,47.0,139.0,92.0,46.0,1.9574468085106382,42.28426378396665,84.56852756793329,0.5557623072276532,0.0,0.0,1.0,inf,47.0,inf,189.0,1.0,188.0,0.0,0.0,0.0,0.0,0.0,0.0
91.0,47.0,139.0,92.0,46.0,1.9574468085106382,42.28426378396665,84.56852756793329,0.5557623072276532,0.0,0.0,1.0,inf,47.0,inf,187.0,0.0,187.0,0.0,0.0,0.0,0.0,0.0,0.0
92.0,48.0,142.0,94.0,47.0,1.9583333333333333,43.23995902149294,86.47991804298587,0.5550421541350332,0.0,0.0,1.0,inf,48.0,inf,192.0,1.0,191.0,0.0,0.0,0.0,0.0,0.0,0.0
93.0,48.0,142.0,94.0,47.0,1.9583333333333333,43.23995902149294,86.47991804298587,0.5550421541350332,0.0,0.0,1.0,inf,48.0,inf,182.0,0.0,182.0,0.0,0.0,0.0,0.0,0.0,0.0
94.0,49.0,145.0,96.0,48.0,1.9591836734693877,44.138909197330186,88.27781839466036,0.5550658239076267,0.0,0.0,1.0,inf,49.0,inf,194.0,1.0,193.0,0.0,0.0,0.0,0.0,0.0,0.0
95.0,49.0,145.0,96.0,48.0,1.9591836734693877,44.138909197330186,88.27781839466036,0.5550658239076267,0.0,0.0,1.0,inf,49.0,inf,194.0,0.0,194.0,0.0,0.0,0.0,0.0,0.0,0.0
96.0,50.0,148.0,98.0,49.0,1.96,45.046684119729676,90.09336823945934,0.5549798056956301,0.0,0.0,1.0,inf,50.0,inf,201.0,1.0,200.0,0.0,0.0,0.0,0.0,0.0,0.0
97.0,50.0,148.0,98.0,49.0,1.96,45.046684119729676,90.09336823945934,0.5549798056956301,0.0,0.0,1.0,inf,50.0,inf,196.0,0.0,196.0,0.0,0.0,0.0,0.0,0.0,0.0
98.0,51.0,151.0,100.0,50.0,1.9607843137254901,46.0023303475475,92.00466069509498,0.5543197443987633,0.0,0.0,1.0,inf,51.0,inf,205.0,1.0,204.0,0.0,0.0,0.0,0.0,0.0,0.0
99.0,51.0,151.0,100.0,50.0,1.9607843137254901,46.0023303475475,92.00466069509498,0.5543197443987633,0.0,0.0,1.0,inf,51.0,inf,184.0,0.0,184.0,0.0,0.0,0.0,0.0,0.0,0.0
100.0,52.0,154.0,102.0,51.0,1.9615384615384615,46.88495323610031,93.7699064722006,0.5545489161324494,0.0,0.0,1.0,inf,52.0,inf,184.0,1.0,183.0,0.0,0.0,0.0,0.0,0.0,0.0
101.0,52.0,154.0,102.0,51.0,1.9615384615384615,46.88495323610031,93.7699064722006,0.5545489161324494,0.0,0.0,1.0,inf,52.0,inf,188.0,0.0,188.0,0.0,0.0,0.0,0.0,0.0,0.0
102.0,53.0,157.0,104.0,52.0,1.9622641509433962,47.752240041162,95.50448008232398,0.5549477883583523,0.0,0.0,1.0,inf,53.0,inf,205.0,1.0,204.0,0.0,0.0,0.0,0.0,0.0,0.0
103.0,53.0,157.0,104.0,52.0,1.9622641509433962,47.752240041162,95.50448008232398,0.5549477883583523,0.0,0.0,1.0,inf,53.0,inf,193.0,0.0,193.0,0.0,0.0,0.0,0.0,0.0,0.0
104.0,54.0,160.0,106.0,53.0,1.962962962962963,48.609395135736214,97.21879027147241,0.5554481787853063,0.0,0.0,1.0,inf,54.0,inf,195.0,1.0,194.0,0.0,0.0,0.0,0.0,0.0,0.0
105.0,54.0,160.0,106.0,53.0,1.962962962962963,48.609395135736214,97.21879027147241,0.5554481787853063,0.0,0.0,1.0,inf,54.0,inf,200.0,0.0,200.0,0.0,0.0,0.0,0.0,0.0,0.0
106.0,55.0,163.0,108.0,54.0,1.9636363636363636,49.592231233454854,99.1844624669097,0.5545223377940806,0.0,0.0,1.0,inf,55.0,inf,194.0,1.0,193.0,0.0,0.0,0.0,0.0,0.0,0.0
107.0,55.0,163.0,108.0,54.0,1.9636363636363636,49.592231233454854,99.1844624669097,0.5545223377940806,0.0,0.0,1.0,inf,55.0,inf,204.0,0.0,204.0,0.0,0.0,0.0,0.0,0.0,0.0
108.0,56.0,166.0,110.0,55.0,1.9642857142857142,50.49838003825718,100.99676007651435,0.5544732321866052,0.0,0.0,1.0,inf,56.0,inf,189.0,1.0,188.0,0.0,0.0,0.0,0.0,0.0,0.0
109.0,56.0,166.0,110.0,55.0,1.9642857142857142,50.49838003825718,100.99676007651435,0.5544732321866052,0.0,0.0,1.0,inf,56.0,inf,201.0,0.0,201.0,0.0,0.0,0.0,0.0,0.0,0.0
110.0,57.0,169.0,112.0,56.0,1.9649122807017543,51.358224816468145,102.71644963293627,0.5549257222547421,0.0,0.0,1.0,inf,57.0,inf,200.0,1.0,199.0,0.0,0.0,0.0,0.0,0.0,0.0
111.0,57.0,169.0,112.0,56.0,1.9649122807017543,51.358224816468145,102.71644963293627,0.5549257222547421,0.0,0.0,1.0,inf,57.0,inf,199.0,0.0,199.0,0.0,0.0,0.0,0.0,0.0,0.0
112.0,58.0,172.0,114.0,57.0,1.9655172413793103,52.24929395185942,104.49858790371883,0.5550314235197041,0.0,0.0,1.0,inf,58.0,inf,200.0,1.0,199.0,0.0,0.0,0.0,0.0,0.0,0.0
113.0,58.0,172.0,114.0,57.0,1.9655172413793103,52.24929395185942,104.49858790371883,0.5550314235197041,0.0,0.0,1.0,inf,58.0,inf,203.0,0.0,203.0,0.0,0.0,0.0,0.0,0.0,0.0
114.0,59.0,175.0,116.0,58.0,1.9661016949152543,53.17929302876313,106.35858605752624,0.5547271939859056,0.0,0.0,1.0,inf,59.0,inf,188.0,1.0,187.0,0.0,0.0,0.0,0.0,0.0,0.0
115.0,59.0,175.0,116.0,58.0,1.9661016949152543,53.17929302876313,106.35858605752624,0.5547271939859056,0.0,0.0,1.0,inf,59.0,inf,190.0,0.0,190.0,0.0,0.0,0.0,0.0,0.0,0.0
116.0,60.0,178.0,118.0,59.0,1.9666666666666666,54.06463900325409,108.12927800650817,0.5548913403119983,0.0,0.0,1.0,inf,60.0,inf,196.0,1.0,195.0,0.0,0.0,0.0,0.0,0.0,0.0
117.0,60.0,178.0,118.0,59.0,1.9666666666666666,54.06463900325409,108.12927800650817,0.5548913403119983,0.0,0.0,1.0,inf,60.0,inf,195.0,0.0,195.0,0.0,0.0,0.0,0.0,0.0,0.0
118.0,61.0,181.0,120.0,60.0,1.9672131147540983,54.94213462461492,109.88426924922983,0.5551295050399359,0.0,0.0,1.0,inf,61.0,inf,201.0,1.0,200.0,0.0,0.0,0.0,0.0,0.0,0.0
119.0,61.0,181.0,120.0,60.0,1.9672131147540983,54.94213462461492,109.88426924922983,0.5551295050399359,0.0,0.0,1.0,inf,61.0,inf,200.0,0.0,200.0,0.0,0.0,0.0,0.0,0.0,0.0
120.0,62.0,184.0,122.0,61.0,1.967741935483871,55.894620377530536,111.78924075506106,0.5546150915887051,0.0,0.0,1.0,inf,62.0,inf,199.0,1.0,198.0,0.0,0.0,0.0,0.0,0.0,0.0
121.0,62.0,184.0,122.0,61.0,1.967741935483871,55.894620377530536,111.78924075506106,0.5546150915887051,0.0,0.0,1.0,inf,62.0,inf,191.0,0.0,191.0,0.0,0.0,0.0,0.0,0.0,0.0
122.0,63.0,187.0,124.0,62.0,1.9682539682539681,56.79176243212551,113.583524864251,0.5546579054954868,0.0,0.0,1.0,inf,63.0,inf,193.0,1.0,192.0,0.0,0.0,0.0,0.0,0.0,0.0
123.0,63.0,187.0,124.0,62.0,1.9682539682539681,56.79176243212551,113.583524864251,0.5546579054954868,0.0,0.0,1.0,inf,63.0,inf,194.0,0.0,194.0,0.0,0.0,0.0,0.0,0.0,0.0
124.0,64.0,190.0,126.0,63.0,1.96875,57.69686978646346,115.3937395729269,0.5546228091477448,0.0,0.0,1.0,inf,64.0,inf,205.0,1.0,204.0,0.0,0.0,0.0,0.0,0.0,0.0
125.0,64.0,190.0,126.0,63.0,1.96875,57.69686978646346,115.3937395729269,0.5546228091477448,0.0,0.0,1.0,inf,64.0,inf,196.0,0.0,196.0,0.0,0.0,0.0,0.0,0.0,0.0
126.0,65.0,193.0,128.0,64.0,1.9692307692307693,58.67980679004874,117.35961358009746,0.553853221028525,0.0,0.0,1.0,inf,65.0,inf,200.0,1.0,199.0,0.0,0.0,0.0,0.0,0.0,0.0
127.0,65.0,193.0,128.0,64.0,1.9692307692307693,58.67980679004874,117.35961358009746,0.553853221028525,0.0,0.0,1.0,inf,65.0,inf,197.0,0.0,197.0,0.0,0.0,0.0,0.0,0.0,0.0
128.0,66.0,196.0,130.0,65.0,1.9696969696969697,59.59779182266703,119.19558364533404,0.553711790164833,0.0,0.0,1.0,inf,66.0,inf,192.0,1.0,191.0,0.0,0.0,0.0,0.0,0.0,0.0
129.0,66.0,196.0,130.0,65.0,1.9696969696969697,59.59779182266703,119.19558364533404,0.553711790164833,0.0,0.0,1.0,inf,66.0,inf,196.0,0.0,196.0,0.0,0.0,0.0,0.0,0.0,0.0
130.0,67.0,199.0,132.0,66.0,1.9701492537313432,60.53264655136558,121.06529310273115,0.5534203757566298,0.0,0.0,1.0,inf,67.0,inf,207.0,1.0,206.0,0.0,0.0,0.0,0.0,0.0,0.0
131.0,67.0,199.0,132.0,66.0,1.9701492537313432,60.53264655136558,121.06529310273115,0.5534203757566298,0.0,0.0,1.0,inf,67.0,inf,200.0,0.0,200.0,0.0,0.0,0.0,0.0,0.0,0.0
132.0,68.0,202.0,134.0,67.0,1.9705882352941178,61.38716705242452,122.77433410484903,0.5538616885669942,0.0,0.0,1.0,inf,68.0,inf,204.0,1.0,203.0,0.0,0.0,0.0,0.0,0.0,0.0
133.0,68.0,202.0,134.0,67.0,1.9705882352941178,61.38716705242452,122.77433410484903,0.5538616885669942,0.0,0.0,1.0,inf,68.0,inf,202.0,0.0,202.0,0.0,0.0,0.0,0.0,0.0,0.0
134.0,69.0,205.0,136.0,68.0,1.9710144927536233,62.23892259478614,124.47784518957226,0.554315508072277,0.0,0.0,1.0,inf,69.0,inf,196.0,1.0,195.0,0.0,0.0,0.0,0.0,0.0,0.0
135.0,69.0,205.0,136.0,68.0,1.9710144927536233,62.23892259478614,124.47784518957226,0.554315508072277,0.0,0.0,1.0,inf,69.0,inf,200.0,0.0,200.0,0.0,0.0,0.0,0.0,0.0,0.0
136.0,70.0,208.0,138.0,69.0,1.9714285714285715,63.15440537817744,126.30881075635486,0.5541972850573937,0.0,0.0,1.0,inf,70.0,inf,207.0,1.0,206.0,0.0,0.0,0.0,0.0,0.0,0.0
137.0,70.0,208.0,138.0,69.0,1.9714285714285715,63.15440537817744,126.30881075635486,0.5541972850573937,0.0,0.0,1.0,inf,70.0,inf,195.0,0.0,195.0,0.0,0.0,0.0,0.0,0.0,0.0
138.0,71.0,211.0,140.0,70.0,1.971830985915493,64.0131760655324,128.02635213106478,0.5545733266485244,0.0,0.0,1.0,inf,71.0,inf,205.0,1.0,204.0,0.0,0.0,0.0,0.0,0.0,0.0
139.0,71.0,211.0,140.0,70.0,1.971830985915493,64.0131760655324,128.02635213106478,0.5545733266485244,0.0,0.0,1.0,inf,71.0,inf,192.0,0.0,192.0,0.0,0.0,0.0,0.0,0.0,0.0
140.0,72.0,214.0,142.0,71.0,1.9722222222222223,64.98506332415512,129.9701266483102,0.5539734541832586,0.0,0.0,1.0,inf,72.0,inf,205.0,1.0,204.0,0.0,0.0,0.0,0.0,0.0,0.0
141.0,72.0,214.0,142.0,71.0,1.9722222222222223,64.98506332415512,129.9701266483102,0.5539734541832586,0.0,0.0,1.0,inf,72.0,inf,196.0,0.0,196.0,0.0,0.0,0.0,0.0,0.0,0.0
142.0,73.0,217.0,144.0,72.0,1.9726027397260273,65.92401262032881,131.8480252406576,0.5536677539671576,0.0,0.0,1.0,inf,73.0,inf,199.0,1.0,198.0,0.0,0.0,0.0,0.0,0.0,0.0
143.0,73.0,217.0,144.0,72.0,1.9726027397260273,65.92401262032881,131.8480252406576,0.5536677539671576,0.0,0.0,1.0,inf,73.0,inf,196.0,0.0,196.0,0.0,0.0,0.0,0.0,0.0,0.0
144.0,74.0,220.0,146.0,73.0,1.972972972972973,66.82234897131426,133.64469794262848,0.5537069643553462,0.0,0.0,1.0,inf,74.0,inf,201.0,1.0,200.0,0.0,0.0,0.0,0.0,0.0,0.0
145.0,74.0,220.0,146.0,73.0,1.972972972972973,66.82234897131426,133.64469794262848,0.5537069643553462,0.0,0.0,1.0,inf,74.0,inf,192.0,0.0,192.0,0.0,0.0,0.0,0.0,0.0,0.0
146.0,75.0,223.0,148.0,74.0,1.9733333333333334,67.73013823096909,135.46027646193815,0.5536678497852736,0.0,0.0,1.0,inf,75.0,inf,199.0,1.0,198.0,0.0,0.0,0.0,0.0,0.0,0.0
147.0,75.0,223.0,148.0,74.0,1.9733333333333334,67.73013823096909,135.46027646193815,0.5536678497852736,0.0,0.0,1.0,inf,75.0,inf,195.0,0.0,195.0,0.0,0.0,0.0,0.0,0.0,0.0
148.0,76.0,226.0,150.0,75.0,1.9736842105263157,68.63317964103823,137.26635928207642,0.5536680683999442,0.0,0.0,1.0,inf,76.0,inf,203.0,1.0,202.0,0.0,0.0,0.0,0.0,0.0,0.0
149.0,76.0,226.0,150.0,75.0,1.9736842105263157,68.63317964103823,137.26635928207642,0.5536680683999442,0.0,0.0,1.0,inf,76.0,inf,205.0,0.0,205.0,0.0,0.0,0.0,0.0,0.0,0.0
150.0,77.0,229.0,152.0,76.0,1.974025974025974,69.55589595411979,139.11179190823955,0.5535116681610318,0.0,0.0,1.0,inf,77.0,inf,205.0,1.0,204.0,0.0,0.0,0.0,0.0,0.0,0.0
151.0,77.0,229.0,152.0,76.0,1.974025974025974,69.55589595411979,139.11179190823955,0.5535116681610318,0.0,0.0,1.0,inf,77.0,inf,205.0,0.0,205.0,0.0,0.0,0.0,0.0,0.0,0.0
152.0,78.0,232.0,154.0,77.0,1.9743589743589745,70.52926807816303,141.05853615632603,0.5529619271928191,0.0,0.0,1.0,inf,78.0,inf,199.0,1.0,198.0,0.0,0.0,0.0,0.0,0.0,0.0
153.0,78.0,232.0,154.0,77.0,1.9743589743589745,70.52926807816303,141.05853615632603,0.5529619271928191,0.0,0.0,1.0,inf,78.0,inf,194.0,0.0,194.0,0.0,0.0,0.0,0.0,0.0,0.0
154.0,79.0,235.0,156.0,78.0,1.9746835443037976,71.46501648796881,142.9300329759376,0.5527179862422597,0.0,0.0,1.0,inf,79.0,inf,206.0,1.0,205.0,0.0,0.0,0.0,0.0,0.0,0.0
155.0,79.0,235.0,156.0,78.0,1.9746835443037976,71.46501648796881,142.9300329759376,0.5527179862422597,0.0,0.0,1.0,inf,79.0,inf,204.0,0.0,204.0,0.0,0.0,0.0,0.0,0.0,0.0
156.0,80.0,238.0,158.0,79.0,1.975,72.35330884951024,144.70661769902046,0.5528427190966093,0.0,0.0,1.0,inf,80.0,inf,205.0,1.0,204.0,0.0,0.0,0.0,0.0,0.0,0.0
157.0,80.0,238.0,158.0,79.0,1.975,72.35330884951024,144.70661769902046,0.5528427190966093,0.0,0.0,1.0,inf,80.0,inf,202.0,0.0,202.0,0.0,0.0,0.0,0.0,0.0,0.0
158.0,81.0,241.0,160.0,80.0,1.9753086419753085,73.22486721301917,146.4497344260383,0.5530907947184263,0.0,0.0,1.0,inf,81.0,inf,200.0,1.0,199.0,0.0,0.0,0.0,0.0,0.0,0.0
159.0,81.0,241.0,160.0,80.0,1.9753086419753085,73.22486721301917,146.4497344260383,0.5530907947184263,0.0,0.0,1.0,inf,81.0,inf,192.0,0.0,192.0,0.0,0.0,0.0,0.0,0.0,0.0
160.0,82.0,244.0,162.0,81.0,1.975609756097561,74.10642584439455,148.21285168878907,0.5532583650180354,0.0,0.0,1.0,inf,82.0,inf,197.0,1.0,196.0,0.0,0.0,0.0,0.0,0.0,0.0
161.0,82.0,244.0,162.0,81.0,1.975609756097561,74.10642584439455,148.21285168878907,0.5532583650180354,0.0,0.0,1.0,inf,82.0,inf,199.0,0.0,199.0,0.0,0.0,0.0,0.0,0.0,0.0
162.0,83.0,247.0,164.0,82.0,1.9759036144578312,74.99263404429503,149.98526808859003,0.5533876830554809,0.0,0.0,1.0,inf,83.0,inf,205.0,1.0,204.0,0.0,0.0,0.0,0.0,0.0,0.0
163.0,83.0,247.0,164.0,82.0,1.9759036144578312,74.99263404429503,149.98526808859003,0.5533876830554809,0.0,0.0,1.0,inf,83.0,inf,201.0,0.0,201.0,0.0,0.0,0.0,0.0,0.0,0.0
164.0,84.0,250.0,166.0,83.0,1.9761904761904763,75.92690151089774,151.85380302179544,0.5531636240150242,0.0,0.0,1.0,inf,84.0,inf,209.0,1.0,208.0,0.0,0.0,0.0,0.0,0.0,0.0
165.0,84.0,250.0,166.0,83.0,1.9761904761904763,75.92690151089774,151.85380302179544,0.5531636240150242,0.0,0.0,1.0,inf,84.0,inf,201.0,0.0,201.0,0.0,0.0,0.0,0.0,0.0,0.0
166.0,85.0,253.0,168.0,84.0,1.9764705882352942,76.81814744406165,153.63629488812327,0.5532546854367734,0.0,0.0,1.0,inf,85.0,inf,204.0,1.0,203.0,0.0,0.0,0.0,0.0,0.0,0.0
167.0,85.0,253.0,168.0,84.0,1.9764705882352942,76.81814744406165,153.63629488812327,0.5532546854367734,0.0,0.0,1.0,inf,85.0,inf,204.0,0.0,204.0,0.0,0.0,0.0,0.0,0.0,0.0
168.0,86.0,256.0,170.0,85.0,1.9767441860465116,77.69097861072815,155.38195722145628,0.5534748148231234,0.0,0.0,1.0,inf,86.0,inf,202.0,1.0,201.0,0.0,0.0,0.0,0.0,0.0,0.0
169.0,86.0,256.0,170.0,85.0,1.9767441860465116,77.69097861072815,155.38195722145628,0.5534748148231234,0.0,0.0,1.0,inf,86.0,inf,206.0,0.0,206.0,0.0,0.0,0.0,0.0,0.0,0.0
170.0,87.0,259.0,172.0,86.0,1.9770114942528736,78.648676142242,157.29735228448396,0.5530925901578688,0.0,0.0,1.0,inf,87.0,inf,204.0,1.0,203.0,0.0,0.0,0.0,0.0,0.0,0.0
171.0,87.0,259.0,172.0,86.0,1.9770114942528736,78.648676142242,157.29735228448396,0.5530925901578688,0.0,0.0,1.0,inf,87.0,inf,202.0,0.0,202.0,0.0,0.0,0.0,0.0,0.0,0.0
172.0,88.0,262.0,174.0,87.0,1.9772727272727273,79.63371176098143,159.26742352196283,0.5525298146602144,0.0,0.0,1.0,inf,88.0,inf,212.0,1.0,211.0,0.0,0.0,0.0,0.0,0.0,0.0
173.0,88.0,262.0,174.0,87.0,1.9772727272727273,79.63371176098143,159.26742352196283,0.5525298146602144,0.0,0.0,1.0,inf,88.0,inf,204.0,0.0,204.0,0.0,0.0,0.0,0.0,0.0,0.0
174.0,89.0,265.0,176.0,88.0,1.9775280898876404,80.6164846093853,161.23296921877056,0.5519962848245973,0.0,0.0,1.0,inf,89.0,inf,198.0,1.0,197.0,0.0,0.0,0.0,0.0,0.0,0.0
175.0,89.0,265.0,176.0,88.0,1.9775280898876404,80.6164846093853,161.23296921877056,0.5519962848245973,0.0,0.0,1.0,inf,89.0,inf,198.0,0.0,198.0,0.0,0.0,0.0,0.0,0.0,0.0
176.0,90.0,268.0,178.0,89.0,1.9777777777777779,81.61074146119499,163.22148292238995,0.5513980046535543,0.0,0.0,1.0,inf,90.0,inf,212.0,1.0,211.0,0.0,0.0,0.0,0.0,0.0,0.0
177.0,90.0,268.0,178.0,89.0,1.9777777777777779,81.61074146119499,163.22148292238995,0.5513980046535543,0.0,0.0,1.0,inf,90.0,inf,206.0,0.0,206.0,0.0,0.0,0.0,0.0,0.0,0.0
178.0,91.0,271.0,180.0,90.0,1.978021978021978,82.56662419152899,165.13324838305795,0.5510701260409303,0.0,0.0,1.0,inf,91.0,inf,202.0,1.0,201.0,0.0,0.0,0.0,0.0,0.0,0.0
179.0,91.0,271.0,180.0,90.0,1.978021978021978,82.56662419152899,165.13324838305795,0.5510701260409303,0.0,0.0,1.0,inf,91.0,inf,206.0,0.0,206.0,0.0,0.0,0.0,0.0,0.0,0.0
180.0,92.0,274.0,182.0,91.0,1.9782608695652173,83.44581079467855,166.89162158935707,0.5512559535575091,0.0,0.0,1.0,inf,92.0,inf,204.0,1.0,203.0,0.0,0.0,0.0,0.0,0.0,0.0
181.0,92.0,274.0,182.0,91.0,1.9782608695652173,83.44581079467855,166.89162158935707,0.5512559535575091,0.0,0.0,1.0,inf,92.0,inf,198.0,0.0,198.0,0.0,0.0,0.0,0.0,0.0,0.0
182.0,93.0,277.0,184.0,92.0,1.978494623655914,84.30795207395036,168.6159041479007,0.551549395473546,0.0,0.0,1.0,inf,93.0,inf,199.0,1.0,198.0,0.0,0.0,0.0,0.0,0.0,0.0
183.0,93.0,277.0,184.0,92.0,1.978494623655914,84.30795207395036,168.6159041479007,0.551549395473546,0.0,0.0,1.0,inf,93.0,inf,203.0,0.0,203.0,0.0,0.0,0.0,0.0,0.0,0.0
184.0,94.0,280.0,186.0,93.0,1.9787234042553192,85.27193970777105,170.54387941554208,0.5511777984770854,0.0,0.0,1.0,inf,94.0,inf,208.0,1.0,207.0,0.0,0.0,0.0,0.0,0.0,0.0
185.0,94.0,280.0,186.0,93.0,1.9787234042553192,85.27193970777105,170.54387941554208,0.5511777984770854,0.0,0.0,1.0,inf,94.0,inf,211.0,0.0,211.0,0.0,0.0,0.0,0.0,0.0,0.0
186.0,95.0,283.0,188.0,94.0,1.9789473684210526,86.1311333523121,172.26226670462418,0.5514846740226357,0.0,0.0,1.0,inf,95.0,inf,209.0,1.0,208.0,0.0,0.0,0.0,0.0,0.0,0.0
187.0,95.0,283.0,188.0,94.0,1.9789473684210526,86.1311333523121,172.26226670462418,0.5514846740226357,0.0,0.0,1.0,inf,95.0,inf,205.0,0.0,205.0,0.0,0.0,0.0,0.0,0.0,0.0
188.0,96.0,286.0,190.0,95.0,1.9791666666666667,87.06210525085694,174.12421050171386,0.551330568697999,0.0,0.0,1.0,inf,96.0,inf,200.0,1.0,199.0,0.0,0.0,0.0,0.0,0.0,0.0
189.0,96.0,286.0,190.0,95.0,1.9791666666666667,87.06210525085694,174.12421050171386,0.551330568697999,0.0,0.0,1.0,inf,96.0,inf,199.0,0.0,199.0,0.0,0.0,0.0,0.0,0.0,0.0
190.0,97.0,289.0,192.0,96.0,1.9793814432989691,88.01219240814287,176.0243848162857,0.5510600142204025,0.0,0.0,1.0,inf,97.0,inf,209.0,1.0,208.0,0.0,0.0,0.0,0.0,0.0,0.0
191.0,97.0,289.0,192.0,96.0,1.9793814432989691,88.01219240814287,176.0243848162857,0.5510600142204025,0.0,0.0,1.0,inf,97.0,inf,203.0,0.0,203.0,0.0,0.0,0.0,0.0,0.0,0.0
192.0,98.0,292.0,194.0,97.0,1.9795918367346939,88.94971994049219,177.89943988098435,0.5508730104241054,0.0,0.0,1.0,inf,98.0,inf,209.0,1.0,208.0,0.0,0.0,0.0,0.0,0.0,0.0
193.0,98.0,292.0,194.0,97.0,1.9795918367346939,88.94971994049219,177.89943988098435,0.5508730104241054,0.0,0.0,1.0,inf,98.0,inf,206.0,0.0,206.0,0.0,0.0,0.0,0.0,0.0,0.0
194.0,99.0,295.0,196.0,98.0,1.97979797979798,89.83054448217828,179.66108896435654,0.5510375149715412,0.0,0.0,1.0,inf,99.0,inf,213.0,1.0,212.0,0.0,0.0,0.0,0.0,0.0,0.0
195.0,99.0,295.0,196.0,98.0,1.97979797979798,89.83054448217828,179.66108896435654,0.5510375149715412,0.0,0.0,1.0,inf,99.0,inf,203.0,0.0,203.0,0.0,0.0,0.0,0.0,0.0,0.0
196.0,100.0,298.0,198.0,99.0,1.98,90.75194349468869,181.50388698937735,0.5509523881758663,0.0,0.0,1.0,inf,100.0,inf,205.0,1.0,204.0,0.0,0.0,0.0,0.0,0.0,0.0
197.0,100.0,298.0,198.0,99.0,1.98,90.75194349468869,181.50388698937735,0.5509523881758663,0.0,0.0,1.0,inf,100.0,inf,210.0,0.0,210.0,0.0,0.0,0.0,0.0,0.0,0.0
198.0,101.0,301.0,200.0,100.0,1.9801980198019802,91.62006087281036,183.24012174562068,0.5511893303597079,0.0,0.0,1.0,inf,101.0,inf,206.0,1.0,205.0,0.0,0.0,0.0,0.0,0.0,0.0
199.0,101.0,301.0,200.0,100.0,1.9801980198019802,91.62006087281036,183.24012174562068,0.5511893303597079,0.0,0.0,1.0,inf,101.0,inf,203.0,0.0,203.0,0.0,0.0,0.0,0.0,0.0,0.0
200.0,102.0,304.0,202.0,101.0,1.9803921568627452,92.4738593598346,184.94771871966918,0.5515072081240671,0.0,0.0,1.0,inf,102.0,inf,206.0,1.0,205.0,0.0,0.0,0.0,0.0,0.0,0.0
201.0,102.0,304.0,202.0,101.0,1.9803921568627452,92.4738593598346,184.94771871966918,0.5515072081240671,0.0,0.0,1.0,inf,102.0,inf,209.0,0.0,209.0,0.0,0.0,0.0,0.0,0.0,0.0
202.0,103.0,307.0,204.0,102.0,1.9805825242718447,93.46362944371961,186.9272588874392,0.5510164788861686,0.0,0.0,1.0,inf,103.0,inf,204.0,1.0,203.0,0.0,0.0,0.0,0.0,0.0,0.0
203.0,103.0,307.0,204.0,102.0,1.9805825242718447,93.46362944371961,186.9272588874392,0.5510164788861686,0.0,0.0,1.0,inf,103.0,inf,203.0,0.0,203.0,0.0,0.0,0.0,0.0,0.0,0.0
204.0,104.0,310.0,206.0,103.0,1.9807692307692308,94.45692843321281,188.9138568664256,0.5505154662822578,0.0,0.0,1.0,inf,104.0,inf,207.0,1.0,206.0,0.0,0.0,0.0,0.0,0.0,0.0
205.0,104.0,310.0,206.0,103.0,1.9807692307692308,94.45692843321281,188.9138568664256,0.5505154662822578,0.0,0.0,1.0,inf,104.0,inf,202.0,0.0,202.0,0.0,0.0,0.0,0.0,0.0,0.0
206.0,105.0,313.0,208.0,104.0,1.980952380952381,95.37962887586596,190.7592577517319,0.5504320012434454,0.0,0.0,1.0,inf,105.0,inf,209.0,1.0,208.0,0.0,0.0,0.0,0.0,0.0,0.0
207.0,105.0,313.0,208.0,104.0,1.980952380952381,95.37962887586596,190.7592577517319,0.5504320012434454,0.0,0.0,1.0,inf,105.0,inf,204.0,0.0,204.0,0.0,0.0,0.0,0.0,0.0,0.0
208.0,106.0,316.0,210.0,105.0,1.9811320754716981,96.26846370660503,192.53692741321004,0.5505437394485361,0.0,0.0,1.0,inf,106.0,inf,209.0,1.0,208.0,0.0,0.0,0.0,0.0,0.0,0.0
209.0,106.0,316.0,210.0,105.0,1.9811320754716981,96.26846370660503,192.53692741321004,0.5505437394485361,0.0,0.0,1.0,inf,106.0,inf,198.0,0.0,198.0,0.0,0.0,0.0,0.0,0.0,0.0
210.0,107.0,319.0,212.0,106.0,1.9813084112149533,97.26828193911446,194.5365638782289,0.5500251359789472,0.0,0.0,1.0,inf,107.0,inf,211.0,1.0,210.0,0.0,0.0,0.0,0.0,0.0,0.0
211.0,107.0,319.0,212.0,106.0,1.9813084112149533,97.26828193911446,194.5365638782289,0.5500251359789472,0.0,0.0,1.0,inf,107.0,inf,204.0,0.0,204.0,0.0,0.0,0.0,0.0,0.0,0.0
212.0,108.0,322.0,214.0,107.0,1.9814814814814814,98.2355090361944,196.47101807238877,0.5496993961735768,0.0,0.0,1.0,inf,108.0,inf,212.0,1.0,211.0,0.0,0.0,0.0,0.0,0.0,0.0
213.0,108.0,322.0,214.0,107.0,1.9814814814814814,98.2355090361944,196.47101807238877,0.5496993961735768,0.0,0.0,1.0,inf,108.0,inf,205.0,0.0,205.0,0.0,0.0,0.0,0.0,0.0,0.0
214.0,109.0,325.0,216.0,108.0,1.981651376146789,99.16467104531858,198.32934209063714,0.5495908918519311,0.0,0.0,1.0,inf,109.0,inf,206.0,1.0,205.0,0.0,0.0,0.0,0.0,0.0,0.0
215.0,109.0,325.0,216.0,108.0,1.981651376146789,99.16467104531858,198.32934209063714,0.5495908918519311,0.0,0.0,1.0,inf,109.0,inf,204.0,0.0,204.0,0.0,0.0,0.0,0.0,0.0,0.0
216.0,110.0,328.0,218.0,109.0,1.981818181818182,100.11005606767483,200.22011213534964,0.5493953570740163,0.0,0.0,1.0,inf,110.0,inf,206.0,1.0,205.0,0.0,0.0,0.0,0.0,0.0,0.0
217.0,110.0,328.0,218.0,109.0,1.981818181818182,100.11005606767483,200.22011213534964,0.5493953570740163,0.0,0.0,1.0,inf,110.0,inf,204.0,0.0,204.0,0.0,0.0,0.0,0.0,0.0,0.0
218.0,111.0,331.0,220.0,110.0,1.981981981981982,101.05615343135054,202.11230686270105,0.5491996094795184,0.0,0.0,1.0,inf,111.0,inf,207.0,1.0,206.0,0.0,0.0,0.0,0.0,0.0,0.0
219.0,111.0,331.0,220.0,110.0,1.981981981981982,101.05615343135054,202.11230686270105,0.5491996094795184,0.0,0.0,1.0,inf,111.0,inf,210.0,0.0,210.0,0.0,0.0,0.0,0.0,0.0,0.0
220.0,112.0,334.0,222.0,111.0,1.9821428571428572,101.97743365045189,203.95486730090374,0.5491410991175876,0.0,0.0,1.0,inf,112.0,inf,212.0,1.0,211.0,0.0,0.0,0.0,0.0,0.0,0.0
221.0,112.0,334.0,222.0,111.0,1.9821428571428572,101.97743365045189,203.95486730090374,0.5491410991175876,0.0,0.0,1.0,inf,112.0,inf,206.0,0.0,206.0,0.0,0.0,0.0,0.0,0.0,0.0
222.0,113.0,337.0,224.0,112.0,1.9823008849557522,102.83550373582952,205.671007471659,0.5494211429657685,0.0,0.0,1.0,inf,113.0,inf,204.0,1.0,203.0,0.0,0.0,0.0,0.0,0.0,0.0
223.0,113.0,337.0,224.0,112.0,1.9823008849557522,102.83550373582952,205.671007471659,0.5494211429657685,0.0,0.0,1.0,inf,113.0,inf,207.0,0.0,207.0,0.0,0.0,0.0,0.0,0.0,0.0
224.0,114.0,340.0,226.0,113.0,1.9824561403508771,103.79625939080486,207.5925187816097,0.5491527376279375,0.0,0.0,1.0,inf,114.0,inf,215.0,1.0,214.0,0.0,0.0,0.0,0.0,0.0,0.0
225.0,114.0,340.0,226.0,113.0,1.9824561403508771,103.79625939080486,207.5925187816097,0.5491527376279375,0.0,0.0,1.0,inf,114.0,inf,205.0,0.0,205.0,0.0,0.0,0.0,0.0,0.0,0.0
226.0,115.0,343.0,228.0,114.0,1.982608695652174,104.77877582379928,209.55755164759853,0.5487752605231293,0.0,0.0,1.0,inf,115.0,inf,211.0,1.0,210.0,0.0,0.0,0.0,0.0,0.0,0.0
227.0,115.0,343.0,228.0,114.0,1.982608695652174,104.77877582379928,209.55755164759853,0.5487752605231293,0.0,0.0,1.0,inf,115.0,inf,207.0,0.0,207.0,0.0,0.0,0.0,0.0,0.0,0.0
228.0,116.0,346.0,230.0,115.0,1.9827586206896552,105.71636379978206,211.4327275995641,0.5486378637639028,0.0,0.0,1.0,inf,116.0,inf,215.0,1.0,214.0,0.0,0.0,0.0,0.0,0.0,0.0
229.0,116.0,346.0,230.0,115.0,1.9827586206896552,105.71636379978206,211.4327275995641,0.5486378637639028,0.0,0.0,1.0,inf,116.0,inf,202.0,0.0,202.0,0.0,0.0,0.0,0.0,0.0,0.0
230.0,117.0,349.0,232.0,116.0,1.982905982905983,106.61321846938145,213.22643693876287,0.5487124471043033,0.0,0.0,1.0,inf,117.0,inf,207.0,1.0,206.0,0.0,0.0,0.0,0.0,0.0,0.0
231.0,117.0,349.0,232.0,116.0,1.982905982905983,106.61321846938145,213.22643693876287,0.5487124471043033,0.0,0.0,1.0,inf,117.0,inf,210.0,0.0,210.0,0.0,0.0,0.0,0.0,0.0,0.0
232.0,118.0,352.0,234.0,117.0,1.9830508474576272,107.53698359255009,215.07396718510014,0.5486484558981752,0.0,0.0,1.0,inf,118.0,inf,215.0,1.0,214.0,0.0,0.0,0.0,0.0,0.0,0.0
233.0,118.0,352.0,234.0,117.0,1.9830508474576272,107.53698359255009,215.07396718510014,0.5486484558981752,0.0,0.0,1.0,inf,118.0,inf,210.0,0.0,210.0,0.0,0.0,0.0,0.0,0.0,0.0
234.0,119.0,355.0,236.0,118.0,1.9831932773109244,108.49521366140013,216.99042732280023,0.5484112892361501,0.0,0.0,1.0,inf,119.0,inf,212.0,1.0,211.0,0.0,0.0,0.0,0.0,0.0,0.0
235.0,119.0,355.0,236.0,118.0,1.9831932773109244,108.49521366140013,216.99042732280023,0.5484112892361501,0.0,0.0,1.0,inf,119.0,inf,207.0,0.0,207.0,0.0,0.0,0.0,0.0,0.0,0.0
236.0,120.0,358.0,238.0,119.0,1.9833333333333334,109.42189241296828,218.84378482593652,0.5483363399853706,0.0,0.0,1.0,inf,120.0,inf,207.0,1.0,206.0,0.0,0.0,0.0,0.0,0.0,0.0
237.0,120.0,358.0,238.0,119.0,1.9833333333333334,109.42189241296828,218.84378482593652,0.5483363399853706,0.0,0.0,1.0,inf,120.0,inf,215.0,0.0,215.0,0.0,0.0,0.0,0.0,0.0,0.0
238.0,121.0,361.0,240.0,120.0,1.9834710743801653,110.35943689530127,220.71887379060252,0.5482086688916034,0.0,0.0,1.0,inf,121.0,inf,208.0,1.0,207.0,0.0,0.0,0.0,0.0,0.0,0.0
239.0,121.0,361.0,240.0,120.0,1.9834710743801653,110.35943689530127,220.71887379060252,0.5482086688916034,0.0,0.0,1.0,inf,121.0,inf,207.0,0.0,207.0,0.0,0.0,0.0,0.0,0.0,0.0
240.0,122.0,364.0,242.0,121.0,1.9836065573770492,111.22531398457224,222.45062796914445,0.5484363029845989,0.0,0.0,1.0,inf,122.0,inf,209.0,1.0,208.0,0.0,0.0,0.0,0.0,0.0,0.0
241.0,122.0,364.0,242.0,121.0,1.9836065573770492,111.22531398457224,222.45062796914445,0.5484363029845989,0.0,0.0,1.0,inf,122.0,inf,210.0,0.0,210.0,0.0,0.0,0.0,0.0,0.0,0.0
242.0,123.0,367.0,244.0,122.0,1.983739837398374,112.12331864140447,224.2466372828089,0.5485032082995225,0.0,0.0,1.0,inf,123.0,inf,211.0,1.0,210.0,0.0,0.0,0.0,0.0,0.0,0.0
243.0,123.0,367.0,244.0,122.0,1.983739837398374,112.12331864140447,224.2466372828089,0.5485032082995225,0.0,0.0,1.0,inf,123.0,inf,210.0,0.0,210.0,0.0,0.0,0.0,0.0,0.0,0.0
244.0,124.0,370.0,246.0,123.0,1.9838709677419355,113.11822131756573,226.23644263513143,0.5480991415692659,0.0,0.0,1.0,inf,124.0,inf,216.0,1.0,215.0,0.0,0.0,0.0,0.0,0.0,0.0
245.0,124.0,370.0,246.0,123.0,1.9838709677419355,113.11822131756573,226.23644263513143,0.5480991415692659,0.0,0.0,1.0,inf,124.0,inf,209.0,0.0,209.0,0.0,0.0,0.0,0.0,0.0,0.0
246.0,125.0,373.0,248.0,124.0,1.984,113.97117576888309,227.94235153776614,0.5483842697801143,0.0,0.0,1.0,inf,125.0,inf,206.0,1.0,205.0,0.0,0.0,0.0,0.0,0.0,0.0
247.0,125.0,373.0,248.0,124.0,1.984,113.97117576888309,227.94235153776614,0.5483842697801143,0.0,0.0,1.0,inf,125.0,inf,215.0,0.0,215.0,0.0,0.0,0.0,0.0,0.0,0.0
248.0,126.0,376.0,250.0,125.0,1.9841269841269842,114.94014276874839,229.88028553749675,0.5481113776476827,0.0,0.0,1.0,inf,126.0,inf,213.0,1.0,212.0,0.0,0.0,0.0,0.0,0.0,0.0
249.0,126.0,376.0,250.0,125.0,1.9841269841269842,114.94014276874839,229.88028553749675,0.5481113776476827,0.0,0.0,1.0,inf,126.0,inf,208.0,0.0,208.0,0.0,0.0,0.0,0.0,0.0,0.0
250.0,127.0,379.0,252.0,126.0,1.984251968503937,115.83154357639143,231.66308715278282,0.5482099093164676,0.0,0.0,1.0,inf,127.0,inf,206.0,1.0,205.0,0.0,0.0,0.0,0.0,0.0,0.0
251.0,127.0,379.0,252.0,126.0,1.984251968503937,115.83154357639143,231.66308715278282,0.5482099093164676,0.0,0.0,1.0,inf,127.0,inf,211.0,0.0,211.0,0.0,0.0,0.0,0.0,0.0,0.0
252.0,128.0,382.0,254.0,127.0,1.984375,116.71537485409934,233.43074970819865,0.5483424962649825,0.0,0.0,1.0,inf,128.0,inf,212.0,1.0,211.0,0.0,0.0,0.0,0.0,0.0,0.0
253.0,128.0,382.0,254.0,127.0,1.984375,116.71537485409934,233.43074970819865,0.5483424962649825,0.0,0.0,1.0,inf,128.0,inf,211.0,0.0,211.0,0.0,0.0,0.0,0.0,0.0,0.0
254.0,129.0,385.0,256.0,128.0,1.9844961240310077,117.57579006545821,235.1515801309164,0.5485823226370904,0.0,0.0,1.0,inf,129.0,inf,217.0,1.0,216.0,0.0,0.0,0.0,0.0,0.0,0.0
255.0,129.0,385.0,256.0,128.0,1.9844961240310077,117.57579006545821,235.1515801309164,0.5485823226370904,0.0,0.0,1.0,inf,129.0,inf,212.0,0.0,212.0,0.0,0.0,0.0,0.0,0.0,0.0
256.0,130.0,388.0,258.0,129.0,1.9846153846153847,118.4936839297874,236.98736785957476,0.5485524446899238,0.0,0.0,1.0,inf,130.0,inf,211.0,1.0,210.0,0.0,0.0,0.0,0.0,0.0,0.0
257.0,130.0,388.0,258.0,129.0,1.9846153846153847,118.4936839297874,236.98736785957476,0.5485524446899238,0.0,0.0,1.0,inf,130.0,inf,207.0,0.0,207.0,0.0,0.0,0.0,0.0,0.0,0.0
258.0,131.0,391.0,260.0,130.0,1.984732824427481,119.46110519268792,238.92221038537582,0.5482956138263585,0.0,0.0,1.0,inf,131.0,inf,215.0,1.0,214.0,0.0,0.0,0.0,0.0,0.0,0.0
259.0,131.0,391.0,260.0,130.0,1.984732824427481,119.46110519268792,238.92221038537582,0.5482956138263585,0.0,0.0,1.0,inf,131.0,inf,217.0,0.0,217.0,0.0,0.0,0.0,0.0,0.0,0.0
260.0,132.0,394.0,262.0,131.0,1.9848484848484849,120.3853901984129,240.77078039682578,0.5482392829497189,0.0,0.0,1.0,inf,132.0,inf,215.0,1.0,214.0,0.0,0.0,0.0,0.0,0.0,0.0
261.0,132.0,394.0,262.0,131.0,1.9848484848484849,120.3853901984129,240.77078039682578,0.5482392829497189,0.0,0.0,1.0,inf,132.0,inf,214.0,0.0,214.0,0.0,0.0,0.0,0.0,0.0,0.0
262.0,133.0,397.0,264.0,132.0,1.9849624060150375,121.34499130227377,242.6899826045475,0.5480242677206729,0.0,0.0,1.0,inf,133.0,inf,210.0,1.0,209.0,0.0,0.0,0.0,0.0,0.0,0.0
263.0,133.0,397.0,264.0,132.0,1.9849624060150375,121.34499130227377,242.6899826045475,0.5480242677206729,0.0,0.0,1.0,inf,133.0,inf,207.0,0.0,207.0,0.0,0.0,0.0,0.0,0.0,0.0
264.0,134.0,400.0,266.0,133.0,1.9850746268656716,122.27669295982122,244.5533859196424,0.5479376190032836,0.0,0.0,1.0,inf,134.0,inf,212.0,1.0,211.0,0.0,0.0,0.0,0.0,0.0,0.0
265.0,134.0,400.0,266.0,133.0,1.9850746268656716,122.27669295982122,244.5533859196424,0.5479376190032836,0.0,0.0,1.0,inf,134.0,inf,208.0,0.0,208.0,0.0,0.0,0.0,0.0,0.0,0.0
266.0,135.0,403.0,268.0,134.0,1.9851851851851852,123.13881204496622,246.2776240899324,0.5481618579798483,0.0,0.0,1.0,inf,135.0,inf,209.0,1.0,208.0,0.0,0.0,0.0,0.0,0.0,0.0
267.0,135.0,403.0,268.0,134.0,1.9851851851851852,123.13881204496622,246.2776240899324,0.5481618579798483,0.0,0.0,1.0,inf,135.0,inf,213.0,0.0,213.0,0.0,0.0,0.0,0.0,0.0,0.0
268.0,136.0,406.0,270.0,135.0,1.9852941176470589,124.10101779712011,248.2020355942402,0.5479407115835759,0.0,0.0,1.0,inf,136.0,inf,205.0,1.0,204.0,0.0,0.0,0.0,0.0,0.0,0.0
269.0,136.0,406.0,270.0,135.0,1.9852941176470589,124.10101779712011,248.2020355942402,0.5479407115835759,0.0,0.0,1.0,inf,136.0,inf,210.0,0.0,210.0,0.0,0.0,0.0,0.0,0.0,0.0
270.0,137.0,409.0,272.0,136.0,1.9854014598540146,125.03671766427985,250.07343532855967,0.5478390770295221,0.0,0.0,1.0,inf,137.0,inf,216.0,1.0,215.0,0.0,0.0,0.0,0.0,0.0,0.0
271.0,137.0,409.0,272.0,136.0,1.9854014598540146,125.03671766427985,250.07343532855967,0.5478390770295221,0.0,0.0,1.0,inf,137.0,inf,213.0,0.0,213.0,0.0,0.0,0.0,0.0,0.0,0.0
272.0,138.0,412.0,274.0,137.0,1.9855072463768115,126.01301019588887,252.0260203917777,0.5475625087658695,0.0,0.0,1.0,inf,138.0,inf,212.0,1.0,211.0,0.0,0.0,0.0,0.0,0.0,0.0
273.0,138.0,412.0,274.0,137.0,1.9855072463768115,126.01301019588887,252.0260203917777,0.5475625087658695,0.0,0.0,1.0,inf,138.0,inf,205.0,0.0,205.0,0.0,0.0,0.0,0.0,0.0,0.0
274.0,139.0,415.0,276.0,138.0,1.985611510791367,126.93168093387187,253.86336186774372,0.5475386403825198,0.0,0.0,1.0,inf,139.0,inf,205.0,1.0,204.0,0.0,0.0,0.0,0.0,0.0,0.0
275.0,139.0,415.0,276.0,138.0,1.985611510791367,126.93168093387187,253.86336186774372,0.5475386403825198,0.0,0.0,1.0,inf,139.0,inf,211.0,0.0,211.0,0.0,0.0,0.0,0.0,0.0,0.0
276.0,140.0,418.0,278.0,139.0,1.9857142857142858,127.7979195623084,255.59583912461676,0.5477397459969701,0.0,0.0,1.0,inf,140.0,inf,212.0,1.0,211.0,0.0,0.0,0.0,0.0,0.0,0.0
277.0,140.0,418.0,278.0,139.0,1.9857142857142858,127.7979195623084,255.59583912461676,0.5477397459969701,0.0,0.0,1.0,inf,140.0,inf,207.0,0.0,207.0,0.0,0.0,0.0,0.0,0.0,0.0
278.0,141.0,421.0,280.0,140.0,1.9858156028368794,128.7621733087775,257.52434661755495,0.547521047434776,0.0,0.0,1.0,inf,141.0,inf,210.0,1.0,209.0,0.0,0.0,0.0,0.0,0.0,0.0
279.0,141.0,421.0,280.0,140.0,1.9858156028368794,128.7621733087775,257.52434661755495,0.547521047434776,0.0,0.0,1.0,inf,141.0,inf,206.0,0.0,206.0,0.0,0.0,0.0,0.0,0.0,0.0
280.0,142.0,424.0,282.0,141.0,1.9859154929577465,129.6923932257793,259.38478645155857,0.5474492237674827,0.0,0.0,1.0,inf,142.0,inf,209.0,1.0,208.0,0.0,0.0,0.0,0.0,0.0,0.0
281.0,142.0,424.0,282.0,141.0,1.9859154929577465,129.6923932257793,259.38478645155857,0.5474492237674827,0.0,0.0,1.0,inf,142.0,inf,210.0,0.0,210.0,0.0,0.0,0.0,0.0,0.0,0.0
282.0,143.0,427.0,284.0,142.0,1.986013986013986,130.6302225148723,261.2604450297445,0.5473465376043413,0.0,0.0,1.0,inf,143.0,inf,209.0,1.0,208.0,0.0,0.0,0.0,0.0,0.0,0.0
283.0,143.0,427.0,284.0,142.0,1.986013986013986,130.6302225148723,261.2604450297445,0.5473465376043413,0.0,0.0,1.0,inf,143.0,inf,211.0,0.0,211.0,0.0,0.0,0.0,0.0,0.0,0.0
284.0,144.0,430.0,286.0,143.0,1.9861111111111112,131.61506715358755,263.23013430717504,0.5470498291504876,0.0,0.0,1.0,inf,144.0,inf,218.0,1.0,217.0,0.0,0.0,0.0,0.0,0.0,0.0
285.0,144.0,430.0,286.0,143.0,1.9861111111111112,131.61506715358755,263.23013430717504,0.5470498291504876,0.0,0.0,1.0,inf,144.0,inf,213.0,0.0,213.0,0.0,0.0,0.0,0.0,0.0,0.0
286.0,145.0,433.0,288.0,144.0,1.986206896551724,132.47579285437052,264.951585708741,0.5472697950160497,0.0,0.0,1.0,inf,145.0,inf,217.0,1.0,216.0,0.0,0.0,0.0,0.0,0.0,0.0
287.0,145.0,433.0,288.0,144.0,1.986206896551724,132.47579285437052,264.951585708741,0.5472697950160497,0.0,0.0,1.0,inf,145.0,inf,202.0,0.0,202.0,0.0,0.0,0.0,0.0,0.0,0.0
288.0,146.0,436.0,290.0,145.0,1.9863013698630136,133.3958792852899,266.79175857057976,0.5472432911055448,0.0,0.0,1.0,inf,146.0,inf,210.0,1.0,209.0,0.0,0.0,0.0,0.0,0.0,0.0
289.0,146.0,436.0,290.0,145.0,1.9863013698630136,133.3958792852899,266.79175857057976,0.5472432911055448,0.0,0.0,1.0,inf,146.0,inf,210.0,0.0,210.0,0.0,0.0,0.0,0.0,0.0,0.0
290.0,147.0,439.0,292.0,146.0,1.9863945578231292,134.2620276354095,268.52405527081896,0.5474369879143367,0.0,0.0,1.0,inf,147.0,inf,211.0,1.0,210.0,0.0,0.0,0.0,0.0,0.0,0.0
291.0,147.0,439.0,292.0,146.0,1.9863945578231292,134.2620276354095,268.52405527081896,0.5474369879143367,0.0,0.0,1.0,inf,147.0,inf,211.0,0.0,211.0,0.0,0.0,0.0,0.0,0.0,0.0
292.0,148.0,442.0,294.0,147.0,1.9864864864864864,135.1447977216029,270.28959544320577,0.5475608476801257,0.0,0.0,1.0,inf,148.0,inf,213.0,1.0,212.0,0.0,0.0,0.0,0.0,0.0,0.0
293.0,148.0,442.0,294.0,147.0,1.9864864864864864,135.1447977216029,270.28959544320577,0.5475608476801257,0.0,0.0,1.0,inf,148.0,inf,212.0,0.0,212.0,0.0,0.0,0.0,0.0,0.0,0.0
294.0,149.0,445.0,296.0,148.0,1.9865771812080537,136.02714174566842,272.0542834913368,0.5476848152796856,0.0,0.0,1.0,inf,149.0,inf,210.0,1.0,209.0,0.0,0.0,0.0,0.0,0.0,0.0
295.0,149.0,445.0,296.0,148.0,1.9865771812080537,136.02714174566842,272.0542834913368,0.5476848152796856,0.0,0.0,1.0,inf,149.0,inf,208.0,0.0,208.0,0.0,0.0,0.0,0.0,0.0,0.0
296.0,150.0,448.0,298.0,149.0,1.9866666666666666,136.95289694321596,273.90579388643187,0.547633541706656,0.0,0.0,1.0,inf,150.0,inf,208.0,1.0,207.0,0.0,0.0,0.0,0.0,0.0,0.0
297.0,150.0,448.0,298.0,149.0,1.9866666666666666,136.95289694321596,273.90579388643187,0.547633541706656,0.0,0.0,1.0,inf,150.0,inf,211.0,0.0,211.0,0.0,0.0,0.0,0.0,0.0,0.0
298.0,151.0,451.0,300.0,150.0,1.9867549668874172,137.94764546268266,275.89529092536526,0.5473090877830469,0.0,0.0,1.0,inf,151.0,inf,212.0,1.0,211.0,0.0,0.0,0.0,0.0,0.0,0.0
299.0,151.0,451.0,300.0,150.0,1.9867549668874172,137.94764546268266,275.89529092536526,0.5473090877830469,0.0,0.0,1.0,inf,151.0,inf,210.0,0.0,210.0,0.0,0.0,0.0,0.0,0.0,0.0
300.0,152.0,454.0,302.0,151.0,1.986842105263158,138.8100697411159,277.62013948223176,0.5475107111590811,0.0,0.0,1.0,inf,152.0,inf,213.0,1.0,212.0,0.0,0.0,0.0,0.0,0.0,0.0
301.0,152.0,454.0,302.0,151.0,1.986842105263158,138.8100697411159,277.62013948223176,0.5475107111590811,0.0,0.0,1.0,inf,152.0,inf,214.0,0.0,214.0,0.0,0.0,0.0,0.0,0.0,0.0
302.0,153.0,457.0,304.0,152.0,1.9869281045751634,139.73453107078888,279.4690621415777,0.547466681383469,0.0,0.0,1.0,inf,153.0,inf,207.0,1.0,206.0,0.0,0.0,0.0,0.0,0.0,0.0
303.0,153.0,457.0,304.0,152.0,1.9869281045751634,139.73453107078888,279.4690621415777,0.547466681383469,0.0,0.0,1.0,inf,153.0,inf,211.0,0.0,211.0,0.0,0.0,0.0,0.0,0.0,0.0
304.0,154.0,460.0,306.0,153.0,1.9870129870129871,140.63476406907614,281.2695281381522,0.5475175395621215,0.0,0.0,1.0,inf,154.0,inf,218.0,1.0,217.0,0.0,0.0,0.0,0.0,0.0,0.0
305.0,154.0,460.0,306.0,153.0,1.9870129870129871,140.63476406907614,281.2695281381522,0.5475175395621215,0.0,0.0,1.0,inf,154.0,inf,215.0,0.0,215.0,0.0,0.0,0.0,0.0,0.0,0.0
306.0,155.0,463.0,308.0,154.0,1.9870967741935484,141.5397401304684,283.07948026093675,0.5475494015218774,0.0,0.0,1.0,inf,155.0,inf,213.0,1.0,212.0,0.0,0.0,0.0,0.0,0.0,0.0
307.0,155.0,463.0,308.0,154.0,1.9870967741935484,141.5397401304684,283.07948026093675,0.5475494015218774,0.0,0.0,1.0,inf,155.0,inf,209.0,0.0,209.0,0.0,0.0,0.0,0.0,0.0,0.0
308.0,156.0,466.0,310.0,155.0,1.9871794871794872,142.41415628437355,284.82831256874704,0.5476983611393876,0.0,0.0,1.0,inf,156.0,inf,216.0,1.0,215.0,0.0,0.0,0.0,0.0,0.0,0.0
309.0,156.0,466.0,310.0,155.0,1.9871794871794872,142.41415628437355,284.82831256874704,0.5476983611393876,0.0,0.0,1.0,inf,156.0,inf,209.0,0.0,209.0,0.0,0.0,0.0,0.0,0.0,0.0
310.0,157.0,469.0,312.0,156.0,1.9872611464968153,143.32145443670316,286.64290887340627,0.5477198114443428,0.0,0.0,1.0,inf,157.0,inf,212.0,1.0,211.0,0.0,0.0,0.0,0.0,0.0,0.0
311.0,157.0,469.0,312.0,156.0,1.9872611464968153,143.32145443670316,286.64290887340627,0.5477198114443428,0.0,0.0,1.0,inf,157.0,inf,212.0,0.0,212.0,0.0,0.0,0.0,0.0,0.0,0.0
312.0,158.0,472.0,314.0,157.0,1.9873417721518987,144.254943501654,288.50988700330794,0.5476415440770959,0.0,0.0,1.0,inf,158.0,inf,210.0,1.0,209.0,0.0,0.0,0.0,0.0,0.0,0.0
313.0,158.0,472.0,314.0,157.0,1.9873417721518987,144.254943501654,288.50988700330794,0.5476415440770959,0.0,0.0,1.0,inf,158.0,inf,209.0,0.0,209.0,0.0,0.0,0.0,0.0,0.0,0.0
314.0,159.0,475.0,316.0,158.0,1.9874213836477987,145.17664803317805,290.35329606635605,0.5476087309980557,0.0,0.0,1.0,inf,159.0,inf,219.0,1.0,218.0,0.0,0.0,0.0,0.0,0.0,0.0
315.0,159.0,475.0,316.0,158.0,1.9874213836477987,145.17664803317805,290.35329606635605,0.5476087309980557,0.0,0.0,1.0,inf,159.0,inf,213.0,0.0,213.0,0.0,0.0,0.0,0.0,0.0,0.0
316.0,160.0,478.0,318.0,159.0,1.9875,146.0927989192908,292.18559783858154,0.5475971477841023,0.0,0.0,1.0,inf,160.0,inf,212.0,1.0,211.0,0.0,0.0,0.0,0.0,0.0,0.0
317.0,160.0,478.0,318.0,159.0,1.9875,146.0927989192908,292.18559783858154,0.5475971477841023,0.0,0.0,1.0,inf,160.0,inf,213.0,0.0,213.0,0.0,0.0,0.0,0.0,0.0,0.0
318.0,161.0,481.0,320.0,160.0,1.9875776397515528,147.0905146895151,294.1810293790301,0.5472820607768137,0.0,0.0,1.0,inf,161.0,inf,210.0,1.0,209.0,0.0,0.0,0.0,0.0,0.0,0.0
319.0,161.0,481.0,320.0,160.0,1.9875776397515528,147.0905146895151,294.1810293790301,0.5472820607768137,0.0,0.0,1.0,inf,161.0,inf,208.0,0.0,208.0,0.0,0.0,0.0,0.0,0.0,0.0
320.0,162.0,484.0,322.0,161.0,1.9876543209876543,147.98951351216547,295.9790270243309,0.5473360786022275,0.0,0.0,1.0,inf,162.0,inf,213.0,1.0,212.0,0.0,0.0,0.0,0.0,0.0,0.0
321.0,162.0,484.0,322.0,161.0,1.9876543209876543,147.98951351216547,295.9790270243309,0.5473360786022275,0.0,0.0,1.0,inf,162.0,inf,207.0,0.0,207.0,0.0,0.0,0.0,0.0,0.0,0.0
322.0,163.0,487.0,324.0,162.0,1.9877300613496933,148.93868568227145,297.87737136454285,0.5472050436503963,0.0,0.0,1.0,inf,163.0,inf,209.0,1.0,208.0,0.0,0.0,0.0,0.0,0.0,0.0
323.0,163.0,487.0,324.0,162.0,1.9877300613496933,148.93868568227145,297.87737136454285,0.5472050436503963,0.0,0.0,1.0,inf,163.0,inf,217.0,0.0,217.0,0.0,0.0,0.0,0.0,0.0,0.0
324.0,164.0,490.0,326.0,163.0,1.9878048780487805,149.78938701956335,299.57877403912664,0.5474353132194228,0.0,0.0,1.0,inf,164.0,inf,212.0,1.0,211.0,0.0,0.0,0.0,0.0,0.0,0.0
325.0,164.0,490.0,326.0,163.0,1.9878048780487805,149.78938701956335,299.57877403912664,0.5474353132194228,0.0,0.0,1.0,inf,164.0,inf,211.0,0.0,211.0,0.0,0.0,0.0,0.0,0.0,0.0
326.0,165.0,493.0,328.0,164.0,1.9878787878787878,150.68656677332302,301.373133546646,0.5474940584724073,0.0,0.0,1.0,inf,165.0,inf,217.0,1.0,216.0,0.0,0.0,0.0,0.0,0.0,0.0
327.0,165.0,493.0,328.0,164.0,1.9878787878787878,150.68656677332302,301.373133546646,0.5474940584724073,0.0,0.0,1.0,inf,165.0,inf,214.0,0.0,214.0,0.0,0.0,0.0,0.0,0.0,0.0
328.0,165.0,493.0,328.0,164.0,1.9878787878787878,150.68656677332302,301.373133546646,0.5474940584724073,0.0,0.0,1.0,inf,165.0,inf,220.0,0.0,220.0,0.0,0.0,0.0,0.0,0.0,0.0
329.0,166.0,496.0,330.0,165.0,1.9879518072289157,151.65327226550406,303.30654453100806,0.5473010820016423,0.0,0.0,1.0,inf,166.0,inf,218.0,1.0,217.0,0.0,0.0,0.0,0.0,0.0,0.0
330.0,166.0,496.0,330.0,165.0,1.9879518072289157,151.65327226550406,303.30654453100806,0.5473010820016423,0.0,0.0,1.0,inf,166.0,inf,214.0,0.0,214.0,0.0,0.0,0.0,0.0,0.0,0.0
331.0,167.0,499.0,332.0,166.0,1.9880239520958083,152.63313390072364,305.2662678014472,0.5470633922403145,0.0,0.0,1.0,inf,167.0,inf,212.0,1.0,211.0,0.0,0.0,0.0,0.0,0.0,0.0
332.0,167.0,499.0,332.0,166.0,1.9880239520958083,152.63313390072364,305.2662678014472,0.5470633922403145,0.0,0.0,1.0,inf,167.0,inf,213.0,0.0,213.0,0.0,0.0,0.0,0.0,0.0,0.0
333.0,168.0,502.0,334.0,167.0,1.9880952380952381,153.49519934298687,306.9903986859737,0.54724838535374,0.0,0.0,1.0,inf,168.0,inf,218.0,1.0,217.0,0.0,0.0,0.0,0.0,0.0,0.0
334.0,168.0,502.0,334.0,167.0,1.9880952380952381,153.49519934298687,306.9903986859737,0.54724838535374,0.0,0.0,1.0,inf,168.0,inf,211.0,0.0,211.0,0.0,0.0,0.0,0.0,0.0,0.0
335.0,169.0,505.0,336.0,168.0,1.9881656804733727,154.45707416270614,308.9141483254122,0.5470775648060453,0.0,0.0,1.0,inf,169.0,inf,215.0,1.0,214.0,0.0,0.0,0.0,0.0,0.0,0.0
336.0,169.0,505.0,336.0,168.0,1.9881656804733727,154.45707416270614,308.9141483254122,0.5470775648060453,0.0,0.0,1.0,inf,169.0,inf,212.0,0.0,212.0,0.0,0.0,0.0,0.0,0.0,0.0
337.0,170.0,508.0,338.0,169.0,1.988235294117647,155.4184179637162,310.83683592743233,0.5469107272720021,0.0,0.0,1.0,inf,170.0,inf,212.0,1.0,211.0,0.0,0.0,0.0,0.0,0.0,0.0
338.0,170.0,508.0,338.0,169.0,1.988235294117647,155.4184179637162,310.83683592743233,0.5469107272720021,0.0,0.0,1.0,inf,170.0,inf,206.0,0.0,206.0,0.0,0.0,0.0,0.0,0.0,0.0
339.0,171.0,511.0,340.0,170.0,1.9883040935672514,156.27526782615462,312.5505356523092,0.547111524359138,0.0,0.0,1.0,inf,171.0,inf,214.0,1.0,213.0,0.0,0.0,0.0,0.0,0.0,0.0
340.0,171.0,511.0,340.0,170.0,1.9883040935672514,156.27526782615462,312.5505356523092,0.547111524359138,0.0,0.0,1.0,inf,171.0,inf,210.0,0.0,210.0,0.0,0.0,0.0,0.0,0.0,0.0
341.0,172.0,514.0,342.0,171.0,1.9883720930232558,157.21486621920155,314.42973243840305,0.5470220601154342,0.0,0.0,1.0,inf,172.0,inf,218.0,1.0,217.0,0.0,0.0,0.0,0.0,0.0,0.0
342.0,172.0,514.0,342.0,171.0,1.9883720930232558,157.21486621920155,314.42973243840305,0.5470220601154342,0.0,0.0,1.0,inf,172.0,inf,211.0,0.0,211.0,0.0,0.0,0.0,0.0,0.0,0.0
343.0,173.0,517.0,344.0,172.0,1.9884393063583814,158.18374783988173,316.3674956797634,0.546832409657899,0.0,0.0,1.0,inf,173.0,inf,212.0,1.0,211.0,0.0,0.0,0.0,0.0,0.0,0.0
344.0,173.0,517.0,344.0,172.0,1.9884393063583814,158.18374783988173,316.3674956797634,0.546832409657899,0.0,0.0,1.0,inf,173.0,inf,209.0,0.0,209.0,0.0,0.0,0.0,0.0,0.0,0.0
345.0,174.0,520.0,346.0,173.0,1.9885057471264367,159.03919839899615,318.07839679799224,0.5470349503506373,0.0,0.0,1.0,inf,174.0,inf,216.0,1.0,215.0,0.0,0.0,0.0,0.0,0.0,0.0
346.0,174.0,520.0,346.0,173.0,1.9885057471264367,159.03919839899615,318.07839679799224,0.5470349503506373,0.0,0.0,1.0,inf,174.0,inf,211.0,0.0,211.0,0.0,0.0,0.0,0.0,0.0,0.0
347.0,175.0,523.0,348.0,174.0,1.9885714285714287,159.93919974720984,319.8783994944196,0.5470828923634555,0.0,0.0,1.0,inf,175.0,inf,211.0,1.0,210.0,0.0,0.0,0.0,0.0,0.0,0.0
348.0,175.0,523.0,348.0,174.0,1.9885714285714287,159.93919974720984,319.8783994944196,0.5470828923634555,0.0,0.0,1.0,inf,175.0,inf,215.0,0.0,215.0,0.0,0.0,0.0,0.0,0.0,0.0
349.0,176.0,526.0,350.0,175.0,1.9886363636363635,160.90816827872843,321.8163365574568,0.5468957911916853,0.0,0.0,1.0,inf,176.0,inf,215.0,1.0,214.0,0.0,0.0,0.0,0.0,0.0,0.0
350.0,176.0,526.0,350.0,175.0,1.9886363636363635,160.90816827872843,321.8163365574568,0.5468957911916853,0.0,0.0,1.0,inf,176.0,inf,210.0,0.0,210.0,0.0,0.0,0.0,0.0,0.0,0.0
351.0,177.0,529.0,352.0,176.0,1.9887005649717515,161.85108831370206,323.70217662740407,0.5467989182035531,0.0,0.0,1.0,inf,177.0,inf,214.0,1.0,213.0,0.0,0.0,0.0,0.0,0.0,0.0
352.0,177.0,529.0,352.0,176.0,1.9887005649717515,161.85108831370206,323.70217662740407,0.5467989182035531,0.0,0.0,1.0,inf,177.0,inf,210.0,0.0,210.0,0.0,0.0,0.0,0.0,0.0,0.0
353.0,178.0,532.0,354.0,177.0,1.9887640449438202,162.73944098923315,325.47888197846623,0.5468864797556252,0.0,0.0,1.0,inf,178.0,inf,214.0,1.0,213.0,0.0,0.0,0.0,0.0,0.0,0.0
354.0,178.0,532.0,354.0,177.0,1.9887640449438202,162.73944098923315,325.47888197846623,0.5468864797556252,0.0,0.0,1.0,inf,178.0,inf,209.0,0.0,209.0,0.0,0.0,0.0,0.0,0.0,0.0
355.0,179.0,535.0,356.0,178.0,1.988826815642458,163.6575230332072,327.31504606641437,0.5468737296105836,0.0,0.0,1.0,inf,179.0,inf,215.0,1.0,214.0,0.0,0.0,0.0,0.0,0.0,0.0
356.0,179.0,535.0,356.0,178.0,1.988826815642458,163.6575230332072,327.31504606641437,0.5468737296105836,0.0,0.0,1.0,inf,179.0,inf,208.0,0.0,208.0,0.0,0.0,0.0,0.0,0.0,0.0
357.0,180.0,538.0,358.0,179.0,1.988888888888889,164.58845389951915,329.17690779903825,0.5468184302584481,0.0,0.0,1.0,inf,180.0,inf,217.0,1.0,216.0,0.0,0.0,0.0,0.0,0.0,0.0
358.0,180.0,538.0,358.0,179.0,1.988888888888889,164.58845389951915,329.17690779903825,0.5468184302584481,0.0,0.0,1.0,inf,180.0,inf,209.0,0.0,209.0,0.0,0.0,0.0,0.0,0.0,0.0
359.0,181.0,541.0,360.0,180.0,1.988950276243094,165.4908801605534,330.9817603211067,0.5468579290423745,0.0,0.0,1.0,inf,181.0,inf,209.0,1.0,208.0,0.0,0.0,0.0,0.0,0.0,0.0
360.0,181.0,541.0,360.0,180.0,1.988950276243094,165.4908801605534,330.9817603211067,0.5468579290423745,0.0,0.0,1.0,inf,181.0,inf,212.0,0.0,212.0,0.0,0.0,0.0,0.0,0.0,0.0
361.0,182.0,544.0,362.0,181.0,1.989010989010989,166.41418976362422,332.8283795272484,0.5468283691989066,0.0,0.0,1.0,inf,182.0,inf,217.0,1.0,216.0,0.0,0.0,0.0,0.0,0.0,0.0
362.0,182.0,544.0,362.0,181.0,1.989010989010989,166.41418976362422,332.8283795272484,0.5468283691989066,0.0,0.0,1.0,inf,182.0,inf,210.0,0.0,210.0,0.0,0.0,0.0,0.0,0.0,0.0
363.0,183.0,547.0,364.0,182.0,1.989071038251366,167.30840239383733,334.6168047876746,0.5468942305994451,0.0,0.0,1.0,inf,183.0,inf,215.0,1.0,214.0,0.0,0.0,0.0,0.0,0.0,0.0
364.0,183.0,547.0,364.0,182.0,1.989071038251366,167.30840239383733,334.6168047876746,0.5468942305994451,0.0,0.0,1.0,inf,183.0,inf,214.0,0.0,214.0,0.0,0.0,0.0,0.0,0.0,0.0
365.0,184.0,550.0,366.0,183.0,1.9891304347826086,168.2611714442681,336.5223428885361,0.5467690448742211,0.0,0.0,1.0,inf,184.0,inf,208.0,1.0,207.0,0.0,0.0,0.0,0.0,0.0,0.0
366.0,184.0,550.0,366.0,183.0,1.9891304347826086,168.2611714442681,336.5223428885361,0.5467690448742211,0.0,0.0,1.0,inf,184.0,inf,210.0,0.0,210.0,0.0,0.0,0.0,0.0,0.0,0.0
367.0,185.0,553.0,368.0,184.0,1.9891891891891893,169.2171487201849,338.43429744036973,0.5466349049111844,0.0,0.0,1.0,inf,185.0,inf,213.0,1.0,212.0,0.0,0.0,0.0,0.0,0.0,0.0
368.0,185.0,553.0,368.0,184.0,1.9891891891891893,169.2171487201849,338.43429744036973,0.5466349049111844,0.0,0.0,1.0,inf,185.0,inf,213.0,0.0,213.0,0.0,0.0,0.0,0.0,0.0,0.0
369.0,186.0,556.0,370.0,185.0,1.989247311827957,170.1177588356622,340.2355176713243,0.5466801387257884,0.0,0.0,1.0,inf,186.0,inf,218.0,1.0,217.0,0.0,0.0,0.0,0.0,0.0,0.0
370.0,186.0,556.0,370.0,185.0,1.989247311827957,170.1177588356622,340.2355176713243,0.5466801387257884,0.0,0.0,1.0,inf,186.0,inf,209.0,0.0,209.0,0.0,0.0,0.0,0.0,0.0,0.0
371.0,187.0,559.0,372.0,186.0,1.9893048128342246,171.03190285240606,342.06380570481207,0.5466816333130955,0.0,0.0,1.0,inf,187.0,inf,215.0,1.0,214.0,0.0,0.0,0.0,0.0,0.0,0.0
372.0,187.0,559.0,372.0,186.0,1.9893048128342246,171.03190285240606,342.06380570481207,0.5466816333130955,0.0,0.0,1.0,inf,187.0,inf,211.0,0.0,211.0,0.0,0.0,0.0,0.0,0.0,0.0
373.0,188.0,562.0,374.0,187.0,1.9893617021276595,171.93236094604518,343.8647218920903,0.5467266283250688,0.0,0.0,1.0,inf,188.0,inf,209.0,1.0,208.0,0.0,0.0,0.0,0.0,0.0,0.0
374.0,188.0,562.0,374.0,187.0,1.9893617021276595,171.93236094604518,343.8647218920903,0.5467266283250688,0.0,0.0,1.0,inf,188.0,inf,209.0,0.0,209.0,0.0,0.0,0.0,0.0,0.0,0.0
375.0,189.0,565.0,376.0,188.0,1.9894179894179893,172.9077927586502,345.81558551730035,0.5465340716708235,0.0,0.0,1.0,inf,189.0,inf,214.0,1.0,213.0,0.0,0.0,0.0,0.0,0.0,0.0
376.0,189.0,565.0,376.0,188.0,1.9894179894179893,172.9077927586502,345.81558551730035,0.5465340716708235,0.0,0.0,1.0,inf,189.0,inf,210.0,0.0,210.0,0.0,0.0,0.0,0.0,0.0,0.0
377.0,190.0,568.0,378.0,189.0,1.9894736842105263,173.83300121695146,347.66600243390286,0.5465015235020634,0.0,0.0,1.0,inf,190.0,inf,215.0,1.0,214.0,0.0,0.0,0.0,0.0,0.0,0.0
378.0,190.0,568.0,378.0,189.0,1.9894736842105263,173.83300121695146,347.66600243390286,0.5465015235020634,0.0,0.0,1.0,inf,190.0,inf,214.0,0.0,214.0,0.0,0.0,0.0,0.0,0.0,0.0
379.0,191.0,571.0,380.0,190.0,1.9895287958115184,174.7558295777457,349.5116591554913,0.5464767626393476,0.0,0.0,1.0,inf,191.0,inf,213.0,1.0,212.0,0.0,0.0,0.0,0.0,0.0,0.0
380.0,191.0,571.0,380.0,190.0,1.9895287958115184,174.7558295777457,349.5116591554913,0.5464767626393476,0.0,0.0,1.0,inf,191.0,inf,213.0,0.0,213.0,0.0,0.0,0.0,0.0,0.0,0.0
381.0,192.0,574.0,382.0,191.0,1.9895833333333333,175.74900615141166,351.49801230282327,0.5462335298630019,0.0,0.0,1.0,inf,192.0,inf,216.0,1.0,215.0,0.0,0.0,0.0,0.0,0.0,0.0
382.0,192.0,574.0,382.0,191.0,1.9895833333333333,175.74900615141166,351.49801230282327,0.5462335298630019,0.0,0.0,1.0,inf,192.0,inf,208.0,0.0,208.0,0.0,0.0,0.0,0.0,0.0,0.0
383.0,193.0,577.0,384.0,192.0,1.9896373056994818,176.71607838367126,353.43215676734246,0.5460736843112104,0.0,0.0,1.0,inf,193.0,inf,215.0,1.0,214.0,0.0,0.0,0.0,0.0,0.0,0.0
384.0,193.0,577.0,384.0,192.0,1.9896373056994818,176.71607838367126,353.43215676734246,0.5460736843112104,0.0,0.0,1.0,inf,193.0,inf,215.0,0.0,215.0,0.0,0.0,0.0,0.0,0.0,0.0
385.0,194.0,580.0,386.0,193.0,1.9896907216494846,177.6691974136254,355.33839482725074,0.5459584520673988,0.0,0.0,1.0,inf,194.0,inf,212.0,1.0,211.0,0.0,0.0,0.0,0.0,0.0,0.0
386.0,194.0,580.0,386.0,193.0,1.9896907216494846,177.6691974136254,355.33839482725074,0.5459584520673988,0.0,0.0,1.0,inf,194.0,inf,215.0,0.0,215.0,0.0,0.0,0.0,0.0,0.0,0.0
387.0,195.0,583.0,388.0,194.0,1.9897435897435898,178.5227893255614,357.04557865112275,0.5461487598773457,0.0,0.0,1.0,inf,195.0,inf,211.0,1.0,210.0,0.0,0.0,0.0,0.0,0.0,0.0
388.0,195.0,583.0,388.0,194.0,1.9897435897435898,178.5227893255614,357.04557865112275,0.5461487598773457,0.0,0.0,1.0,inf,195.0,inf,209.0,0.0,209.0,0.0,0.0,0.0,0.0,0.0,0.0
389.0,196.0,586.0,390.0,195.0,1.989795918367347,179.48944733399364,358.9788946679872,0.5459931012971576,0.0,0.0,1.0,inf,196.0,inf,216.0,1.0,215.0,0.0,0.0,0.0,0.0,0.0,0.0
390.0,196.0,586.0,390.0,195.0,1.989795918367347,179.48944733399364,358.9788946679872,0.5459931012971576,0.0,0.0,1.0,inf,196.0,inf,213.0,0.0,213.0,0.0,0.0,0.0,0.0,0.0,0.0
391.0,197.0,589.0,392.0,196.0,1.9898477157360406,180.33970364503054,360.679407290061,0.5461914265639545,0.0,0.0,1.0,inf,197.0,inf,216.0,1.0,215.0,0.0,0.0,0.0,0.0,0.0,0.0
392.0,197.0,589.0,392.0,196.0,1.9898477157360406,180.33970364503054,360.679407290061,0.5461914265639545,0.0,0.0,1.0,inf,197.0,inf,211.0,0.0,211.0,0.0,0.0,0.0,0.0,0.0,0.0
393.0,198.0,592.0,394.0,197.0,1.9898989898989898,181.2187355472575,362.43747109451493,0.5463011299633707,0.0,0.0,1.0,inf,198.0,inf,219.0,1.0,218.0,0.0,0.0,0.0,0.0,0.0,0.0
394.0,198.0,592.0,394.0,197.0,1.9898989898989898,181.2187355472575,362.43747109451493,0.5463011299633707,0.0,0.0,1.0,inf,198.0,inf,211.0,0.0,211.0,0.0,0.0,0.0,0.0,0.0,0.0
395.0,199.0,595.0,396.0,198.0,1.9899497487437185,182.07317476991156,364.14634953982306,0.5464835779666036,0.0,0.0,1.0,inf,199.0,inf,216.0,1.0,215.0,0.0,0.0,0.0,0.0,0.0,0.0
396.0,199.0,595.0,396.0,198.0,1.9899497487437185,182.07317476991156,364.14634953982306,0.5464835779666036,0.0,0.0,1.0,inf,199.0,inf,211.0,0.0,211.0,0.0,0.0,0.0,0.0,0.0,0.0
397.0,200.0,598.0,398.0,199.0,1.99,182.94344583292502,365.88689166585,0.5466170134967614,0.0,0.0,1.0,inf,200.0,inf,218.0,1.0,217.0,0.0,0.0,0.0,0.0,0.0,0.0
398.0,200.0,598.0,398.0,199.0,1.99,182.94344583292502,365.88689166585,0.5466170134967614,0.0,0.0,1.0,inf,200.0,inf,214.0,0.0,214.0,0.0,0.0,0.0,0.0,0.0,0.0
399.0,201.0,601.0,400.0,200.0,1.9900497512437811,183.83319994350416,367.66639988700825,0.5466912398352735,0.0,0.0,1.0,inf,201.0,inf,217.0,1.0,216.0,0.0,0.0,0.0,0.0,0.0,0.0
400.0,201.0,601.0,400.0,200.0,1.9900497512437811,183.83319994350416,367.66639988700825,0.5466912398352735,0.0,0.0,1.0,inf,201.0,inf,211.0,0.0,211.0,0.0,0.0,0.0,0.0,0.0,0.0
401.0,202.0,604.0,402.0,201.0,1.99009900990099,184.8315333731903,369.66306674638054,0.5464435540664622,0.0,0.0,1.0,inf,202.0,inf,216.0,1.0,215.0,0.0,0.0,0.0,0.0,0.0,0.0
402.0,202.0,604.0,402.0,201.0,1.99009900990099,184.8315333731903,369.66306674638054,0.5464435540664622,0.0,0.0,1.0,inf,202.0,inf,209.0,0.0,209.0,0.0,0.0,0.0,0.0,0.0,0.0
403.0,203.0,607.0,404.0,202.0,1.9901477832512315,185.69846763578528,371.3969352715705,0.546585016517607,0.0,0.0,1.0,inf,203.0,inf,219.0,1.0,218.0,0.0,0.0,0.0,0.0,0.0,0.0
404.0,203.0,607.0,404.0,202.0,1.9901477832512315,185.69846763578528,371.3969352715705,0.546585016517607,0.0,0.0,1.0,inf,203.0,inf,215.0,0.0,215.0,0.0,0.0,0.0,0.0,0.0,0.0
405.0,204.0,610.0,406.0,203.0,1.9901960784313726,186.6554342885038,373.31086857700757,0.5464614539019732,0.0,0.0,1.0,inf,204.0,inf,214.0,1.0,213.0,0.0,0.0,0.0,0.0,0.0,0.0
406.0,204.0,610.0,406.0,203.0,1.9901960784313726,186.6554342885038,373.31086857700757,0.5464614539019732,0.0,0.0,1.0,inf,204.0,inf,212.0,0.0,212.0,0.0,0.0,0.0,0.0,0.0,0.0
407.0,205.0,613.0,408.0,204.0,1.9902439024390244,187.63219112462815,375.26438224925624,0.5462815276293286,0.0,0.0,1.0,inf,205.0,inf,212.0,1.0,211.0,0.0,0.0,0.0,0.0,0.0,0.0
408.0,205.0,613.0,408.0,204.0,1.9902439024390244,187.63219112462815,375.26438224925624,0.5462815276293286,0.0,0.0,1.0,inf,205.0,inf,214.0,0.0,214.0,0.0,0.0,0.0,0.0,0.0,0.0
409.0,206.0,616.0,410.0,205.0,1.9902912621359223,188.50851776136554,377.017035522731,0.5463944081847195,0.0,0.0,1.0,inf,206.0,inf,216.0,1.0,215.0,0.0,0.0,0.0,0.0,0.0,0.0
410.0,206.0,616.0,410.0,205.0,1.9902912621359223,188.50851776136554,377.017035522731,0.5463944081847195,0.0,0.0,1.0,inf,206.0,inf,211.0,0.0,211.0,0.0,0.0,0.0,0.0,0.0,0.0
411.0,207.0,619.0,412.0,206.0,1.9903381642512077,189.4461992856184,378.89239857123675,0.5463292501527482,0.0,0.0,1.0,inf,207.0,inf,214.0,1.0,213.0,0.0,0.0,0.0,0.0,0.0,0.0
412.0,207.0,619.0,412.0,206.0,1.9903381642512077,189.4461992856184,378.89239857123675,0.5463292501527482,0.0,0.0,1.0,inf,207.0,inf,212.0,0.0,212.0,0.0,0.0,0.0,0.0,0.0,0.0
413.0,208.0,622.0,414.0,207.0,1.9903846153846154,190.3894659358331,380.77893187166615,0.546248709133157,0.0,0.0,1.0,inf,208.0,inf,218.0,1.0,217.0,0.0,0.0,0.0,0.0,0.0,0.0
414.0,208.0,622.0,414.0,207.0,1.9903846153846154,190.3894659358331,380.77893187166615,0.546248709133157,0.0,0.0,1.0,inf,208.0,inf,214.0,0.0,214.0,0.0,0.0,0.0,0.0,0.0,0.0
415.0,209.0,625.0,416.0,208.0,1.9904306220095693,191.316008012064,382.63201602412795,0.5462167075606682,0.0,0.0,1.0,inf,209.0,inf,219.0,1.0,218.0,0.0,0.0,0.0,0.0,0.0,0.0
416.0,209.0,625.0,416.0,208.0,1.9904306220095693,191.316008012064,382.63201602412795,0.5462167075606682,0.0,0.0,1.0,inf,209.0,inf,211.0,0.0,211.0,0.0,0.0,0.0,0.0,0.0,0.0
417.0,210.0,628.0,418.0,209.0,1.9904761904761905,192.18492551953403,384.369851039068,0.5463487821230163,0.0,0.0,1.0,inf,210.0,inf,211.0,1.0,210.0,0.0,0.0,0.0,0.0,0.0,0.0
418.0,210.0,628.0,418.0,209.0,1.9904761904761905,192.18492551953403,384.369851039068,0.5463487821230163,0.0,0.0,1.0,inf,210.0,inf,215.0,0.0,215.0,0.0,0.0,0.0,0.0,0.0,0.0
419.0,211.0,631.0,420.0,210.0,1.990521327014218,193.082633306491,386.16526661298195,0.5463981829610428,0.0,0.0,1.0,inf,211.0,inf,215.0,1.0,214.0,0.0,0.0,0.0,0.0,0.0,0.0
420.0,211.0,631.0,420.0,210.0,1.990521327014218,193.082633306491,386.16526661298195,0.5463981829610428,0.0,0.0,1.0,inf,211.0,inf,216.0,0.0,216.0,0.0,0.0,0.0,0.0,0.0,0.0
421.0,212.0,634.0,422.0,211.0,1.990566037735849,194.05171580581296,388.10343161162587,0.5462461362932443,0.0,0.0,1.0,inf,212.0,inf,218.0,1.0,217.0,0.0,0.0,0.0,0.0,0.0,0.0
422.0,212.0,634.0,422.0,211.0,1.990566037735849,194.05171580581296,388.10343161162587,0.5462461362932443,0.0,0.0,1.0,inf,212.0,inf,206.0,0.0,206.0,0.0,0.0,0.0,0.0,0.0,0.0
423.0,213.0,637.0,424.0,212.0,1.9906103286384977,194.93104280541849,389.8620856108369,0.5463470490244545,0.0,0.0,1.0,inf,213.0,inf,217.0,1.0,216.0,0.0,0.0,0.0,0.0,0.0,0.0
424.0,213.0,637.0,424.0,212.0,1.9906103286384977,194.93104280541849,389.8620856108369,0.5463470490244545,0.0,0.0,1.0,inf,213.0,inf,212.0,0.0,212.0,0.0,0.0,0.0,0.0,0.0,0.0
425.0,214.0,640.0,426.0,213.0,1.9906542056074767,195.78792449304802,391.575848986096,0.5465097006214974,0.0,0.0,1.0,inf,214.0,inf,218.0,1.0,217.0,0.0,0.0,0.0,0.0,0.0,0.0
426.0,214.0,640.0,426.0,213.0,1.9906542056074767,195.78792449304802,391.575848986096,0.5465097006214974,0.0,0.0,1.0,inf,214.0,inf,216.0,0.0,216.0,0.0,0.0,0.0,0.0,0.0,0.0
427.0,215.0,643.0,428.0,214.0,1.9906976744186047,196.71066957845156,393.42133915690306,0.546487896311731,0.0,0.0,1.0,inf,215.0,inf,212.0,1.0,211.0,0.0,0.0,0.0,0.0,0.0,0.0
428.0,215.0,643.0,428.0,214.0,1.9906976744186047,196.71066957845156,393.42133915690306,0.546487896311731,0.0,0.0,1.0,inf,215.0,inf,208.0,0.0,208.0,0.0,0.0,0.0,0.0,0.0,0.0
429.0,216.0,646.0,430.0,215.0,1.9907407407407407,197.64038294814168,395.2807658962833,0.5464470286335047,0.0,0.0,1.0,inf,216.0,inf,216.0,1.0,215.0,0.0,0.0,0.0,0.0,0.0,0.0
430.0,216.0,646.0,430.0,215.0,1.9907407407407407,197.64038294814168,395.2807658962833,0.5464470286335047,0.0,0.0,1.0,inf,216.0,inf,213.0,0.0,213.0,0.0,0.0,0.0,0.0,0.0,0.0
431.0,217.0,649.0,432.0,216.0,1.9907834101382489,198.56726146229136,397.13452292458265,0.5464143444442102,0.0,0.0,1.0,inf,217.0,inf,214.0,1.0,213.0,0.0,0.0,0.0,0.0,0.0,0.0
432.0,217.0,649.0,432.0,216.0,1.9907834101382489,198.56726146229136,397.13452292458265,0.5464143444442102,0.0,0.0,1.0,inf,217.0,inf,213.0,0.0,213.0,0.0,0.0,0.0,0.0,0.0,0.0
433.0,218.0,652.0,434.0,217.0,1.9908256880733946,199.455282223186,398.91056444637195,0.5464884097580903,0.0,0.0,1.0,inf,218.0,inf,213.0,1.0,212.0,0.0,0.0,0.0,0.0,0.0,0.0
434.0,218.0,652.0,434.0,217.0,1.9908256880733946,199.455282223186,398.91056444637195,0.5464884097580903,0.0,0.0,1.0,inf,218.0,inf,214.0,0.0,214.0,0.0,0.0,0.0,0.0,0.0,0.0
435.0,219.0,655.0,436.0,218.0,1.9908675799086757,200.4439129799796,400.8878259599591,0.5462874794852809,0.0,0.0,1.0,inf,219.0,inf,209.0,1.0,208.0,0.0,0.0,0.0,0.0,0.0,0.0
436.0,219.0,655.0,436.0,218.0,1.9908675799086757,200.4439129799796,400.8878259599591,0.5462874794852809,0.0,0.0,1.0,inf,219.0,inf,217.0,0.0,217.0,0.0,0.0,0.0,0.0,0.0,0.0
437.0,220.0,658.0,438.0,219.0,1.990909090909091,201.3830979344734,402.76619586894674,0.5462226032285595,0.0,0.0,1.0,inf,220.0,inf,209.0,1.0,208.0,0.0,0.0,0.0,0.0,0.0,0.0
438.0,220.0,658.0,438.0,219.0,1.990909090909091,201.3830979344734,402.76619586894674,0.5462226032285595,0.0,0.0,1.0,inf,220.0,inf,210.0,0.0,210.0,0.0,0.0,0.0,0.0,0.0,0.0
439.0,221.0,661.0,440.0,220.0,1.990950226244344,202.2559336208647,404.51186724172936,0.5463374943903294,0.0,0.0,1.0,inf,221.0,inf,210.0,1.0,209.0,0.0,0.0,0.0,0.0,0.0,0.0
440.0,221.0,661.0,440.0,220.0,1.990950226244344,202.2559336208647,404.51186724172936,0.5463374943903294,0.0,0.0,1.0,inf,221.0,inf,216.0,0.0,216.0,0.0,0.0,0.0,0.0,0.0,0.0
441.0,222.0,664.0,442.0,221.0,1.990990990990991,203.20988129896028,406.4197625979205,0.5462332800475286,0.0,0.0,1.0,inf,222.0,inf,217.0,1.0,216.0,0.0,0.0,0.0,0.0,0.0,0.0
442.0,222.0,664.0,442.0,221.0,1.990990990990991,203.20988129896028,406.4197625979205,0.5462332800475286,0.0,0.0,1.0,inf,222.0,inf,213.0,0.0,213.0,0.0,0.0,0.0,0.0,0.0,0.0
443.0,223.0,667.0,444.0,222.0,1.9910313901345291,204.2087111888633,408.41742237772655,0.5460100078535767,0.0,0.0,1.0,inf,223.0,inf,209.0,1.0,208.0,0.0,0.0,0.0,0.0,0.0,0.0
444.0,223.0,667.0,444.0,222.0,1.9910313901345291,204.2087111888633,408.41742237772655,0.5460100078535767,0.0,0.0,1.0,inf,223.0,inf,214.0,0.0,214.0,0.0,0.0,0.0,0.0,0.0,0.0
445.0,224.0,670.0,446.0,223.0,1.9910714285714286,205.07987028377624,410.15974056755243,0.5461286855946499,0.0,0.0,1.0,inf,224.0,inf,217.0,1.0,216.0,0.0,0.0,0.0,0.0,0.0,0.0
446.0,224.0,670.0,446.0,223.0,1.9910714285714286,205.07987028377624,410.15974056755243,0.5461286855946499,0.0,0.0,1.0,inf,224.0,inf,214.0,0.0,214.0,0.0,0.0,0.0,0.0,0.0,0.0
447.0,225.0,673.0,448.0,224.0,1.991111111111111,205.97149592490672,411.9429918498134,0.5461920810684182,0.0,0.0,1.0,inf,225.0,inf,213.0,1.0,212.0,0.0,0.0,0.0,0.0,0.0,0.0
448.0,225.0,673.0,448.0,224.0,1.991111111111111,205.97149592490672,411.9429918498134,0.5461920810684182,0.0,0.0,1.0,inf,225.0,inf,216.0,0.0,216.0,0.0,0.0,0.0,0.0,0.0,0.0
449.0,226.0,676.0,450.0,225.0,1.991150442477876,206.94727435398272,413.8945487079654,0.5460328016048853,0.0,0.0,1.0,inf,226.0,inf,215.0,1.0,214.0,0.0,0.0,0.0,0.0,0.0,0.0
450.0,226.0,676.0,450.0,225.0,1.991150442477876,206.94727435398272,413.8945487079654,0.5460328016048853,0.0,0.0,1.0,inf,226.0,inf,215.0,0.0,215.0,0.0,0.0,0.0,0.0,0.0,0.0
451.0,227.0,679.0,452.0,226.0,1.9911894273127753,207.92682938967423,415.8536587793484,0.5458651023206363,0.0,0.0,1.0,inf,227.0,inf,216.0,1.0,215.0,0.0,0.0,0.0,0.0,0.0,0.0
452.0,227.0,679.0,452.0,226.0,1.9911894273127753,207.92682938967423,415.8536587793484,0.5458651023206363,0.0,0.0,1.0,inf,227.0,inf,214.0,0.0,214.0,0.0,0.0,0.0,0.0,0.0,0.0
453.0,228.0,682.0,454.0,227.0,1.9912280701754386,208.8833342220785,417.76666844415695,0.5457591934012248,0.0,0.0,1.0,inf,228.0,inf,211.0,1.0,210.0,0.0,0.0,0.0,0.0,0.0,0.0
454.0,228.0,682.0,454.0,227.0,1.9912280701754386,208.8833342220785,417.76666844415695,0.5457591934012248,0.0,0.0,1.0,inf,228.0,inf,211.0,0.0,211.0,0.0,0.0,0.0,0.0,0.0,0.0
455.0,229.0,685.0,456.0,228.0,1.9912663755458515,209.80407938659192,419.6081587731838,0.5457472530313319,0.0,0.0,1.0,inf,229.0,inf,219.0,1.0,218.0,0.0,0.0,0.0,0.0,0.0,0.0
456.0,229.0,685.0,456.0,228.0,1.9912663755458515,209.80407938659192,419.6081587731838,0.5457472530313319,0.0,0.0,1.0,inf,229.0,inf,216.0,0.0,216.0,0.0,0.0,0.0,0.0,0.0,0.0
457.0,230.0,688.0,458.0,229.0,1.991304347826087,210.75861227392798,421.5172245478559,0.5456479275472349,0.0,0.0,1.0,inf,230.0,inf,218.0,1.0,217.0,0.0,0.0,0.0,0.0,0.0,0.0
458.0,230.0,688.0,458.0,229.0,1.991304347826087,210.75861227392798,421.5172245478559,0.5456479275472349,0.0,0.0,1.0,inf,230.0,inf,214.0,0.0,214.0,0.0,0.0,0.0,0.0,0.0,0.0
459.0,231.0,691.0,460.0,230.0,1.9913419913419914,211.69469490816348,423.3893898163269,0.5455970450752474,0.0,0.0,1.0,inf,231.0,inf,216.0,1.0,215.0,0.0,0.0,0.0,0.0,0.0,0.0
460.0,231.0,691.0,460.0,230.0,1.9913419913419914,211.69469490816348,423.3893898163269,0.5455970450752474,0.0,0.0,1.0,inf,231.0,inf,215.0,0.0,215.0,0.0,0.0,0.0,0.0,0.0,0.0
461.0,231.0,691.0,460.0,230.0,1.9913419913419914,211.69469490816348,423.3893898163269,0.5455970450752474,0.0,0.0,1.0,inf,231.0,inf,220.0,0.0,220.0,0.0,0.0,0.0,0.0,0.0,0.0
462.0,232.0,694.0,462.0,231.0,1.9913793103448276,212.6250331270687,425.2500662541373,0.5455613494516248,0.0,0.0,1.0,inf,232.0,inf,217.0,1.0,216.0,0.0,0.0,0.0,0.0,0.0,0.0
463.0,232.0,694.0,462.0,231.0,1.9913793103448276,212.6250331270687,425.2500662541373,0.5455613494516248,0.0,0.0,1.0,inf,232.0,inf,215.0,0.0,215.0,0.0,0.0,0.0,0.0,0.0,0.0
464.0,233.0,697.0,464.0,232.0,1.9914163090128756,213.62337113693883,427.2467422738776,0.5453523150578881,0.0,0.0,1.0,inf,233.0,inf,216.0,1.0,215.0,0.0,0.0,0.0,0.0,0.0,0.0
465.0,233.0,697.0,464.0,232.0,1.9914163090128756,213.62337113693883,427.2467422738776,0.5453523150578881,0.0,0.0,1.0,inf,233.0,inf,214.0,0.0,214.0,0.0,0.0,0.0,0.0,0.0,0.0
466.0,234.0,700.0,466.0,233.0,1.9914529914529915,214.53855752360997,429.0771150472199,0.5453565147007393,0.0,0.0,1.0,inf,234.0,inf,213.0,1.0,212.0,0.0,0.0,0.0,0.0,0.0,0.0
467.0,234.0,700.0,466.0,233.0,1.9914529914529915,214.53855752360997,429.0771150472199,0.5453565147007393,0.0,0.0,1.0,inf,234.0,inf,213.0,0.0,213.0,0.0,0.0,0.0,0.0,0.0,0.0
468.0,235.0,703.0,468.0,234.0,1.9914893617021276,215.51431199917826,431.02862399835647,0.5452074106356706,0.0,0.0,1.0,inf,235.0,inf,211.0,1.0,210.0,0.0,0.0,0.0,0.0,0.0,0.0
469.0,235.0,703.0,468.0,234.0,1.9914893617021276,215.51431199917826,431.02862399835647,0.5452074106356706,0.0,0.0,1.0,inf,235.0,inf,211.0,0.0,211.0,0.0,0.0,0.0,0.0,0.0,0.0
470.0,236.0,706.0,470.0,235.0,1.9915254237288136,216.398577016804,432.79715403360797,0.5452900921378838,0.0,0.0,1.0,inf,236.0,inf,216.0,1.0,215.0,0.0,0.0,0.0,0.0,0.0,0.0
471.0,236.0,706.0,470.0,235.0,1.9915254237288136,216.398577016804,432.79715403360797,0.5452900921378838,0.0,0.0,1.0,inf,236.0,inf,213.0,0.0,213.0,0.0,0.0,0.0,0.0,0.0,0.0
472.0,237.0,709.0,472.0,236.0,1.9915611814345993,217.38686703255516,434.77373406511026,0.5451111266176619,0.0,0.0,1.0,inf,237.0,inf,216.0,1.0,215.0,0.0,0.0,0.0,0.0,0.0,0.0
473.0,237.0,709.0,472.0,236.0,1.9915611814345993,217.38686703255516,434.77373406511026,0.5451111266176619,0.0,0.0,1.0,inf,237.0,inf,212.0,0.0,212.0,0.0,0.0,0.0,0.0,0.0,0.0
474.0,238.0,712.0,474.0,237.0,1.9915966386554622,218.31986169994832,436.6397233998966,0.5450718000341614,0.0,0.0,1.0,inf,238.0,inf,218.0,1.0,217.0,0.0,0.0,0.0,0.0,0.0,0.0
475.0,238.0,712.0,474.0,237.0,1.9915966386554622,218.31986169994832,436.6397233998966,0.5450718000341614,0.0,0.0,1.0,inf,238.0,inf,212.0,0.0,212.0,0.0,0.0,0.0,0.0,0.0,0.0
476.0,239.0,715.0,476.0,238.0,1.99163179916318,219.23571315251488,438.4714263050297,0.5450754271812819,0.0,0.0,1.0,inf,239.0,inf,218.0,1.0,217.0,0.0,0.0,0.0,0.0,0.0,0.0
477.0,239.0,715.0,476.0,238.0,1.99163179916318,219.23571315251488,438.4714263050297,0.5450754271812819,0.0,0.0,1.0,inf,239.0,inf,216.0,0.0,216.0,0.0,0.0,0.0,0.0,0.0,0.0
478.0,240.0,718.0,478.0,239.0,1.9916666666666667,220.15318096089987,440.3063619217997,0.5450750222015303,0.0,0.0,1.0,inf,240.0,inf,214.0,1.0,213.0,0.0,0.0,0.0,0.0,0.0,0.0
479.0,240.0,718.0,478.0,239.0,1.9916666666666667,220.15318096089987,440.3063619217997,0.5450750222015303,0.0,0.0,1.0,inf,240.0,inf,214.0,0.0,214.0,0.0,0.0,0.0,0.0,0.0,0.0
480.0,241.0,721.0,480.0,240.0,1.991701244813278,221.02012803731708,442.0402560746341,0.5451992136193803,0.0,0.0,1.0,inf,241.0,inf,216.0,1.0,215.0,0.0,0.0,0.0,0.0,0.0,0.0
481.0,241.0,721.0,480.0,240.0,1.991701244813278,221.02012803731708,442.0402560746341,0.5451992136193803,0.0,0.0,1.0,inf,241.0,inf,214.0,0.0,214.0,0.0,0.0,0.0,0.0,0.0,0.0
482.0,242.0,724.0,482.0,241.0,1.9917355371900827,221.96559793801111,443.9311958760222,0.5451295206286516,0.0,0.0,1.0,inf,242.0,inf,215.0,1.0,214.0,0.0,0.0,0.0,0.0,0.0,0.0
483.0,242.0,724.0,482.0,241.0,1.9917355371900827,221.96559793801111,443.9311958760222,0.5451295206286516,0.0,0.0,1.0,inf,242.0,inf,216.0,0.0,216.0,0.0,0.0,0.0,0.0,0.0,0.0
484.0,243.0,727.0,484.0,242.0,1.991769547325103,222.84187912155096,445.68375824310186,0.5452296510824468,0.0,0.0,1.0,inf,243.0,inf,214.0,1.0,213.0,0.0,0.0,0.0,0.0,0.0,0.0
485.0,243.0,727.0,484.0,242.0,1.991769547325103,222.84187912155096,445.68375824310186,0.5452296510824468,0.0,0.0,1.0,inf,243.0,inf,212.0,0.0,212.0,0.0,0.0,0.0,0.0,0.0,0.0
486.0,244.0,730.0,486.0,243.0,1.9918032786885247,223.79545361033905,447.59090722067805,0.5451406542530576,0.0,0.0,1.0,inf,244.0,inf,220.0,1.0,219.0,0.0,0.0,0.0,0.0,0.0,0.0
487.0,244.0,730.0,486.0,243.0,1.9918032786885247,223.79545361033905,447.59090722067805,0.5451406542530576,0.0,0.0,1.0,inf,244.0,inf,211.0,0.0,211.0,0.0,0.0,0.0,0.0,0.0,0.0
488.0,245.0,733.0,488.0,244.0,1.9918367346938775,224.73815688400518,449.4763137680103,0.5450787783368105,0.0,0.0,1.0,inf,245.0,inf,220.0,1.0,219.0,0.0,0.0,0.0,0.0,0.0,0.0
489.0,245.0,733.0,488.0,244.0,1.9918367346938775,224.73815688400518,449.4763137680103,0.5450787783368105,0.0,0.0,1.0,inf,245.0,inf,218.0,0.0,218.0,0.0,0.0,0.0,0.0,0.0,0.0
490.0,246.0,736.0,490.0,245.0,1.991869918699187,225.6935849590701,451.38716991814016,0.5449866907927678,0.0,0.0,1.0,inf,246.0,inf,217.0,1.0,216.0,0.0,0.0,0.0,0.0,0.0,0.0
491.0,246.0,736.0,490.0,245.0,1.991869918699187,225.6935849590701,451.38716991814016,0.5449866907927678,0.0,0.0,1.0,inf,246.0,inf,214.0,0.0,214.0,0.0,0.0,0.0,0.0,0.0,0.0
492.0,247.0,739.0,492.0,246.0,1.991902834008097,226.63335252355347,453.2667050471069,0.5449330322515745,0.0,0.0,1.0,inf,247.0,inf,216.0,1.0,215.0,0.0,0.0,0.0,0.0,0.0,0.0
493.0,247.0,739.0,492.0,246.0,1.991902834008097,226.63335252355347,453.2667050471069,0.5449330322515745,0.0,0.0,1.0,inf,247.0,inf,217.0,0.0,217.0,0.0,0.0,0.0,0.0,0.0,0.0
494.0,248.0,742.0,494.0,247.0,1.9919354838709677,227.59813931704804,455.196278634096,0.5448199197589482,0.0,0.0,1.0,inf,248.0,inf,220.0,1.0,219.0,0.0,0.0,0.0,0.0,0.0,0.0
495.0,248.0,742.0,494.0,247.0,1.9919354838709677,227.59813931704804,455.196278634096,0.5448199197589482,0.0,0.0,1.0,inf,248.0,inf,213.0,0.0,213.0,0.0,0.0,0.0,0.0,0.0,0.0
496.0,249.0,745.0,496.0,248.0,1.9919678714859437,228.55171912645633,457.1034382529126,0.5447344718116729,0.0,0.0,1.0,inf,249.0,inf,213.0,1.0,212.0,0.0,0.0,0.0,0.0,0.0,0.0
497.0,249.0,745.0,496.0,248.0,1.9919678714859437,228.55171912645633,457.1034382529126,0.5447344718116729,0.0,0.0,1.0,inf,249.0,inf,216.0,0.0,216.0,0.0,0.0,0.0,0.0,0.0,0.0
498.0,250.0,748.0,498.0,249.0,1.992,229.43939980701896,458.87879961403786,0.5448061671410285,0.0,0.0,1.0,inf,250.0,inf,219.0,1.0,218.0,0.0,0.0,0.0,0.0,0.0,0.0
499.0,250.0,748.0,498.0,249.0,1.992,229.43939980701896,458.87879961403786,0.5448061671410285,0.0,0.0,1.0,inf,250.0,inf,216.0,0.0,216.0,0.0,0.0,0.0,0.0,0.0,0.0
500.0,251.0,751.0,500.0,250.0,1.9920318725099602,230.39962298952912,460.7992459790582,0.544705752429567,0.0,0.0,1.0,inf,251.0,inf,215.0,1.0,214.0,0.0,0.0,0.0,0.0,0.0,0.0
501.0,251.0,751.0,500.0,250.0,1.9920318725099602,230.39962298952912,460.7992459790582,0.544705752429567,0.0,0.0,1.0,inf,251.0,inf,213.0,0.0,213.0,0.0,0.0,0.0,0.0,0.0,0.0
502.0,252.0,754.0,502.0,251.0,1.992063492063492,231.27279740735648,462.5455948147129,0.544811155537967,0.0,0.0,1.0,inf,252.0,inf,218.0,1.0,217.0,0.0,0.0,0.0,0.0,0.0,0.0
503.0,252.0,754.0,502.0,251.0,1.992063492063492,231.27279740735648,462.5455948147129,0.544811155537967,0.0,0.0,1.0,inf,252.0,inf,210.0,0.0,210.0,0.0,0.0,0.0,0.0,0.0,0.0
504.0,253.0,757.0,504.0,252.0,1.992094861660079,232.17002309207362,464.3400461841472,0.5448593160962595,0.0,0.0,1.0,inf,253.0,inf,210.0,1.0,209.0,0.0,0.0,0.0,0.0,0.0,0.0
505.0,253.0,757.0,504.0,252.0,1.992094861660079,232.17002309207362,464.3400461841472,0.5448593160962595,0.0,0.0,1.0,inf,253.0,inf,218.0,0.0,218.0,0.0,0.0,0.0,0.0,0.0,0.0
506.0,254.0,760.0,506.0,253.0,1.9921259842519685,233.10792239106715,466.21584478213424,0.5448120282542004,0.0,0.0,1.0,inf,254.0,inf,218.0,1.0,217.0,0.0,0.0,0.0,0.0,0.0,0.0
507.0,254.0,760.0,506.0,253.0,1.9921259842519685,233.10792239106715,466.21584478213424,0.5448120282542004,0.0,0.0,1.0,inf,254.0,inf,213.0,0.0,213.0,0.0,0.0,0.0,0.0,0.0,0.0
508.0,255.0,763.0,508.0,254.0,1.992156862745098,234.0870602594067,468.17412051881337,0.5446691494126552,0.0,0.0,1.0,inf,255.0,inf,217.0,1.0,216.0,0.0,0.0,0.0,0.0,0.0,0.0
509.0,255.0,763.0,508.0,254.0,1.992156862745098,234.0870602594067,468.17412051881337,0.5446691494126552,0.0,0.0,1.0,inf,255.0,inf,216.0,0.0,216.0,0.0,0.0,0.0,0.0,0.0,0.0
510.0,256.0,766.0,510.0,255.0,1.9921875,235.07435258472458,470.1487051694491,0.5445085718309775,0.0,0.0,1.0,inf,256.0,inf,214.0,1.0,213.0,0.0,0.0,0.0,0.0,0.0,0.0
511.0,256.0,766.0,510.0,255.0,1.9921875,235.07435258472458,470.1487051694491,0.5445085718309775,0.0,0.0,1.0,inf,256.0,inf,216.0,0.0,216.0,0.0,0.0,0.0,0.0,0.0,0.0
512.0,257.0,769.0,512.0,256.0,1.9922178988326849,235.95528310057767,471.9105662011553,0.5445947143519815,0.0,0.0,1.0,inf,257.0,inf,218.0,1.0,217.0,0.0,0.0,0.0,0.0,0.0,0.0
513.0,257.0,769.0,512.0,256.0,1.9922178988326849,235.95528310057767,471.9105662011553,0.5445947143519815,0.0,0.0,1.0,inf,257.0,inf,215.0,0.0,215.0,0.0,0.0,0.0,0.0,0.0,0.0
514.0,258.0,772.0,514.0,257.0,1.9922480620155039,236.87399567645488,473.7479913529097,0.5445933380386783,0.0,0.0,1.0,inf,258.0,inf,219.0,1.0,218.0,0.0,0.0,0.0,0.0,0.0,0.0
515.0,258.0,772.0,514.0,257.0,1.9922480620155039,236.87399567645488,473.7479913529097,0.5445933380386783,0.0,0.0,1.0,inf,258.0,inf,214.0,0.0,214.0,0.0,0.0,0.0,0.0,0.0,0.0
516.0,259.0,775.0,516.0,258.0,1.9922779922779923,237.82121585890755,475.64243171781504,0.5445266921721089,0.0,0.0,1.0,inf,259.0,inf,219.0,1.0,218.0,0.0,0.0,0.0,0.0,0.0,0.0
517.0,259.0,775.0,516.0,258.0,1.9922779922779923,237.82121585890755,475.64243171781504,0.5445266921721089,0.0,0.0,1.0,inf,259.0,inf,215.0,0.0,215.0,0.0,0.0,0.0,0.0,0.0,0.0
518.0,260.0,778.0,518.0,259.0,1.9923076923076923,238.82121478482142,477.6424295696428,0.5443402509996039,0.0,0.0,1.0,inf,260.0,inf,216.0,1.0,215.0,0.0,0.0,0.0,0.0,0.0,0.0
519.0,260.0,778.0,518.0,259.0,1.9923076923076923,238.82121478482142,477.6424295696428,0.5443402509996039,0.0,0.0,1.0,inf,260.0,inf,215.0,0.0,215.0,0.0,0.0,0.0,0.0,0.0,0.0
520.0,261.0,781.0,520.0,260.0,1.9923371647509578,239.77269562329872,479.5453912465974,0.5442654746853475,0.0,0.0,1.0,inf,261.0,inf,209.0,1.0,208.0,0.0,0.0,0.0,0.0,0.0,0.0
521.0,261.0,781.0,520.0,260.0,1.9923371647509578,239.77269562329872,479.5453912465974,0.5442654746853475,0.0,0.0,1.0,inf,261.0,inf,215.0,0.0,215.0,0.0,0.0,0.0,0.0,0.0,0.0
522.0,262.0,784.0,522.0,261.0,1.9923664122137406,240.68927332254881,481.3785466450976,0.544270204449229,0.0,0.0,1.0,inf,262.0,inf,216.0,1.0,215.0,0.0,0.0,0.0,0.0,0.0,0.0
523.0,262.0,784.0,522.0,261.0,1.9923664122137406,240.68927332254881,481.3785466450976,0.544270204449229,0.0,0.0,1.0,inf,262.0,inf,218.0,0.0,218.0,0.0,0.0,0.0,0.0,0.0,0.0
524.0,263.0,787.0,524.0,262.0,1.9923954372623573,241.5583575415878,483.11671508317556,0.5443819097725086,0.0,0.0,1.0,inf,263.0,inf,219.0,1.0,218.0,0.0,0.0,0.0,0.0,0.0,0.0
525.0,263.0,787.0,524.0,262.0,1.9923954372623573,241.5583575415878,483.11671508317556,0.5443819097725086,0.0,0.0,1.0,inf,263.0,inf,216.0,0.0,216.0,0.0,0.0,0.0,0.0,0.0,0.0
526.0,264.0,790.0,526.0,263.0,1.9924242424242424,242.46438012663225,484.92876025326444,0.5444098631356085,0.0,0.0,1.0,inf,264.0,inf,216.0,1.0,215.0,0.0,0.0,0.0,0.0,0.0,0.0
527.0,264.0,790.0,526.0,263.0,1.9924242424242424,242.46438012663225,484.92876025326444,0.5444098631356085,0.0,0.0,1.0,inf,264.0,inf,216.0,0.0,216.0,0.0,0.0,0.0,0.0,0.0,0.0
528.0,265.0,793.0,528.0,264.0,1.9924528301886792,243.45572115564147,486.9114423112829,0.5442468115805447,0.0,0.0,1.0,inf,265.0,inf,216.0,1.0,215.0,0.0,0.0,0.0,0.0,0.0,0.0
529.0,265.0,793.0,528.0,264.0,1.9924528301886792,243.45572115564147,486.9114423112829,0.5442468115805447,0.0,0.0,1.0,inf,265.0,inf,212.0,0.0,212.0,0.0,0.0,0.0,0.0,0.0,0.0
530.0,266.0,796.0,530.0,265.0,1.9924812030075187,244.40492013022416,488.80984026044825,0.5441788975816639,0.0,0.0,1.0,inf,266.0,inf,218.0,1.0,217.0,0.0,0.0,0.0,0.0,0.0,0.0
531.0,266.0,796.0,530.0,265.0,1.9924812030075187,244.40492013022416,488.80984026044825,0.5441788975816639,0.0,0.0,1.0,inf,266.0,inf,215.0,0.0,215.0,0.0,0.0,0.0,0.0,0.0,0.0
532.0,267.0,799.0,532.0,266.0,1.9925093632958801,245.26211017175405,490.52422034350803,0.544315629945904,0.0,0.0,1.0,inf,267.0,inf,220.0,1.0,219.0,0.0,0.0,0.0,0.0,0.0,0.0
533.0,267.0,799.0,532.0,266.0,1.9925093632958801,245.26211017175405,490.52422034350803,0.544315629945904,0.0,0.0,1.0,inf,267.0,inf,215.0,0.0,215.0,0.0,0.0,0.0,0.0,0.0,0.0
534.0,268.0,802.0,534.0,267.0,1.992537313432836,246.12405143135834,492.2481028627166,0.5444408997036657,0.0,0.0,1.0,inf,268.0,inf,215.0,1.0,214.0,0.0,0.0,0.0,0.0,0.0,0.0
535.0,268.0,802.0,534.0,267.0,1.992537313432836,246.12405143135834,492.2481028627166,0.5444408997036657,0.0,0.0,1.0,inf,268.0,inf,214.0,0.0,214.0,0.0,0.0,0.0,0.0,0.0,0.0
536.0,269.0,805.0,536.0,268.0,1.9925650557620818,247.06121981565732,494.1224396313146,0.5443994816359932,0.0,0.0,1.0,inf,269.0,inf,218.0,1.0,217.0,0.0,0.0,0.0,0.0,0.0,0.0
537.0,269.0,805.0,536.0,268.0,1.9925650557620818,247.06121981565732,494.1224396313146,0.5443994816359932,0.0,0.0,1.0,inf,269.0,inf,214.0,0.0,214.0,0.0,0.0,0.0,0.0,0.0,0.0
538.0,270.0,808.0,538.0,269.0,1.9925925925925927,247.9754695092692,495.95093901853835,0.5444086879527161,0.0,0.0,1.0,inf,270.0,inf,216.0,1.0,215.0,0.0,0.0,0.0,0.0,0.0,0.0
539.0,270.0,808.0,538.0,269.0,1.9925925925925927,247.9754695092692,495.95093901853835,0.5444086879527161,0.0,0.0,1.0,inf,270.0,inf,219.0,0.0,219.0,0.0,0.0,0.0,0.0,0.0,0.0
540.0,271.0,811.0,540.0,270.0,1.992619926199262,248.9653699706196,497.93073994123915,0.5442523995043582,0.0,0.0,1.0,inf,271.0,inf,215.0,1.0,214.0,0.0,0.0,0.0,0.0,0.0,0.0
541.0,271.0,811.0,540.0,270.0,1.992619926199262,248.9653699706196,497.93073994123915,0.5442523995043582,0.0,0.0,1.0,inf,271.0,inf,217.0,0.0,217.0,0.0,0.0,0.0,0.0,0.0,0.0
542.0,272.0,814.0,542.0,271.0,1.9926470588235294,249.87434466297057,499.7486893259411,0.5442735635122374,0.0,0.0,1.0,inf,272.0,inf,215.0,1.0,214.0,0.0,0.0,0.0,0.0,0.0,0.0
543.0,272.0,814.0,542.0,271.0,1.9926470588235294,249.87434466297057,499.7486893259411,0.5442735635122374,0.0,0.0,1.0,inf,272.0,inf,215.0,0.0,215.0,0.0,0.0,0.0,0.0,0.0,0.0
544.0,273.0,817.0,544.0,272.0,1.9926739926739927,250.8335195052067,501.66703901041336,0.5441856426097255,0.0,0.0,1.0,inf,273.0,inf,215.0,1.0,214.0,0.0,0.0,0.0,0.0,0.0,0.0
545.0,273.0,817.0,544.0,272.0,1.9926739926739927,250.8335195052067,501.66703901041336,0.5441856426097255,0.0,0.0,1.0,inf,273.0,inf,213.0,0.0,213.0,0.0,0.0,0.0,0.0,0.0,0.0
546.0,274.0,820.0,546.0,273.0,1.9927007299270072,251.82420402502046,503.64840805004087,0.5440303108687207,0.0,0.0,1.0,inf,274.0,inf,216.0,1.0,215.0,0.0,0.0,0.0,0.0,0.0,0.0
547.0,274.0,820.0,546.0,273.0,1.9927007299270072,251.82420402502046,503.64840805004087,0.5440303108687207,0.0,0.0,1.0,inf,274.0,inf,211.0,0.0,211.0,0.0,0.0,0.0,0.0,0.0,0.0
548.0,275.0,823.0,548.0,274.0,1.9927272727272727,252.76457527221282,505.5291505444256,0.5439844560968263,0.0,0.0,1.0,inf,275.0,inf,218.0,1.0,217.0,0.0,0.0,0.0,0.0,0.0,0.0
549.0,275.0,823.0,548.0,274.0,1.9927272727272727,252.76457527221282,505.5291505444256,0.5439844560968263,0.0,0.0,1.0,inf,275.0,inf,213.0,0.0,213.0,0.0,0.0,0.0,0.0,0.0,0.0
550.0,276.0,826.0,550.0,275.0,1.9927536231884058,253.66232501792828,507.3246500358565,0.5440303363546262,0.0,0.0,1.0,inf,276.0,inf,215.0,1.0,214.0,0.0,0.0,0.0,0.0,0.0,0.0
551.0,276.0,826.0,550.0,275.0,1.9927536231884058,253.66232501792828,507.3246500358565,0.5440303363546262,0.0,0.0,1.0,inf,276.0,inf,214.0,0.0,214.0,0.0,0.0,0.0,0.0,0.0,0.0
552.0,276.0,826.0,550.0,275.0,1.9927536231884058,253.66232501792828,507.3246500358565,0.5440303363546262,0.0,0.0,1.0,inf,276.0,inf,220.0,0.0,220.0,0.0,0.0,0.0,0.0,0.0,0.0
553.0,277.0,829.0,552.0,276.0,1.9927797833935017,254.64831573765238,509.2966314753047,0.5438873593127848,0.0,0.0,1.0,inf,277.0,inf,215.0,1.0,214.0,0.0,0.0,0.0,0.0,0.0,0.0
554.0,277.0,829.0,552.0,276.0,1.9927797833935017,254.64831573765238,509.2966314753047,0.5438873593127848,0.0,0.0,1.0,inf,277.0,inf,216.0,0.0,216.0,0.0,0.0,0.0,0.0,0.0,0.0
555.0,278.0,832.0,554.0,277.0,1.9928057553956835,255.60173386609532,511.2034677321906,0.5438147773786987,0.0,0.0,1.0,inf,278.0,inf,215.0,1.0,214.0,0.0,0.0,0.0,0.0,0.0,0.0
556.0,278.0,832.0,554.0,277.0,1.9928057553956835,255.60173386609532,511.2034677321906,0.5438147773786987,0.0,0.0,1.0,inf,278.0,inf,217.0,0.0,217.0,0.0,0.0,0.0,0.0,0.0,0.0
557.0,279.0,835.0,556.0,278.0,1.992831541218638,256.45925341206896,512.9185068241378,0.5439460582685888,0.0,0.0,1.0,inf,279.0,inf,216.0,1.0,215.0,0.0,0.0,0.0,0.0,0.0,0.0
558.0,279.0,835.0,556.0,278.0,1.992831541218638,256.45925341206896,512.9185068241378,0.5439460582685888,0.0,0.0,1.0,inf,279.0,inf,215.0,0.0,215.0,0.0,0.0,0.0,0.0,0.0,0.0
559.0,280.0,838.0,558.0,279.0,1.9928571428571429,257.34447790046505,514.68895580093,0.5440178905029733,0.0,0.0,1.0,inf,280.0,inf,215.0,1.0,214.0,0.0,0.0,0.0,0.0,0.0,0.0
560.0,280.0,838.0,558.0,279.0,1.9928571428571429,257.34447790046505,514.68895580093,0.5440178905029733,0.0,0.0,1.0,inf,280.0,inf,213.0,0.0,213.0,0.0,0.0,0.0,0.0,0.0,0.0
561.0,281.0,841.0,560.0,280.0,1.99288256227758,258.26094625007454,516.521892500149,0.5440234074878423,0.0,0.0,1.0,inf,281.0,inf,220.0,1.0,219.0,0.0,0.0,0.0,0.0,0.0,0.0
562.0,281.0,841.0,560.0,280.0,1.99288256227758,258.26094625007454,516.521892500149,0.5440234074878423,0.0,0.0,1.0,inf,281.0,inf,208.0,0.0,208.0,0.0,0.0,0.0,0.0,0.0,0.0
563.0,282.0,844.0,562.0,281.0,1.9929078014184398,259.1787748182549,518.3575496365097,0.5440260302907678,0.0,0.0,1.0,inf,282.0,inf,217.0,1.0,216.0,0.0,0.0,0.0,0.0,0.0,0.0
564.0,282.0,844.0,562.0,281.0,1.9929078014184398,259.1787748182549,518.3575496365097,0.5440260302907678,0.0,0.0,1.0,inf,282.0,inf,209.0,0.0,209.0,0.0,0.0,0.0,0.0,0.0,0.0
565.0,283.0,847.0,564.0,282.0,1.9929328621908127,260.1312726576191,520.2625453152381,0.5439561285898917,0.0,0.0,1.0,inf,283.0,inf,215.0,1.0,214.0,0.0,0.0,0.0,0.0,0.0,0.0
566.0,283.0,847.0,564.0,282.0,1.9929328621908127,260.1312726576191,520.2625453152381,0.5439561285898917,0.0,0.0,1.0,inf,283.0,inf,216.0,0.0,216.0,0.0,0.0,0.0,0.0,0.0,0.0
567.0,284.0,850.0,566.0,283.0,1.9929577464788732,260.99813542975363,521.9962708595071,0.5440651894550359,0.0,0.0,1.0,inf,284.0,inf,219.0,1.0,218.0,0.0,0.0,0.0,0.0,0.0,0.0
568.0,284.0,850.0,566.0,283.0,1.9929577464788732,260.99813542975363,521.9962708595071,0.5440651894550359,0.0,0.0,1.0,inf,284.0,inf,213.0,0.0,213.0,0.0,0.0,0.0,0.0,0.0,0.0
569.0,285.0,853.0,568.0,284.0,1.9929824561403509,261.88931295493086,523.7786259098616,0.5441230052198548,0.0,0.0,1.0,inf,285.0,inf,216.0,1.0,215.0,0.0,0.0,0.0,0.0,0.0,0.0
570.0,285.0,853.0,568.0,284.0,1.9929824561403509,261.88931295493086,523.7786259098616,0.5441230052198548,0.0,0.0,1.0,inf,285.0,inf,219.0,0.0,219.0,0.0,0.0,0.0,0.0,0.0,0.0
571.0,286.0,856.0,570.0,285.0,1.993006993006993,262.7493403682211,525.4986807364421,0.544244943867785,0.0,0.0,1.0,inf,286.0,inf,216.0,1.0,215.0,0.0,0.0,0.0,0.0,0.0,0.0
572.0,286.0,856.0,570.0,285.0,1.993006993006993,262.7493403682211,525.4986807364421,0.544244943867785,0.0,0.0,1.0,inf,286.0,inf,218.0,0.0,218.0,0.0,0.0,0.0,0.0,0.0,0.0
573.0,287.0,859.0,572.0,286.0,1.9930313588850175,263.7353056219032,527.4706112438063,0.5441061433228239,0.0,0.0,1.0,inf,287.0,inf,218.0,1.0,217.0,0.0,0.0,0.0,0.0,0.0,0.0
574.0,287.0,859.0,572.0,286.0,1.9930313588850175,263.7353056219032,527.4706112438063,0.5441061433228239,0.0,0.0,1.0,inf,287.0,inf,214.0,0.0,214.0,0.0,0.0,0.0,0.0,0.0,0.0
575.0,288.0,862.0,574.0,287.0,1.9930555555555556,264.7210013210327,529.4420026420653,0.5439689306152489,0.0,0.0,1.0,inf,288.0,inf,219.0,1.0,218.0,0.0,0.0,0.0,0.0,0.0,0.0
576.0,288.0,862.0,574.0,287.0,1.9930555555555556,264.7210013210327,529.4420026420653,0.5439689306152489,0.0,0.0,1.0,inf,288.0,inf,216.0,0.0,216.0,0.0,0.0,0.0,0.0,0.0,0.0
577.0,289.0,865.0,576.0,288.0,1.9930795847750864,265.6618306037895,531.3236612075789,0.5439245813807128,0.0,0.0,1.0,inf,289.0,inf,211.0,1.0,210.0,0.0,0.0,0.0,0.0,0.0,0.0
578.0,289.0,865.0,576.0,288.0,1.9930795847750864,265.6618306037895,531.3236612075789,0.5439245813807128,0.0,0.0,1.0,inf,289.0,inf,213.0,0.0,213.0,0.0,0.0,0.0,0.0,0.0,0.0
579.0,289.0,865.0,576.0,288.0,1.9930795847750864,265.6618306037895,531.3236612075789,0.5439245813807128,0.0,0.0,1.0,inf,289.0,inf,220.0,0.0,220.0,0.0,0.0,0.0,0.0,0.0,0.0
580.0,290.0,868.0,578.0,289.0,1.993103448275862,266.5152561078302,533.0305122156603,0.5440589109890731,0.0,0.0,1.0,inf,290.0,inf,217.0,1.0,216.0,0.0,0.0,0.0,0.0,0.0,0.0
581.0,290.0,868.0,578.0,289.0,1.993103448275862,266.5152561078302,533.0305122156603,0.5440589109890731,0.0,0.0,1.0,inf,290.0,inf,216.0,0.0,216.0,0.0,0.0,0.0,0.0,0.0,0.0
582.0,291.0,871.0,580.0,290.0,1.993127147766323,267.3799006441833,534.7598012883665,0.5441695492049144,0.0,0.0,1.0,inf,291.0,inf,212.0,1.0,211.0,0.0,0.0,0.0,0.0,0.0,0.0
583.0,291.0,871.0,580.0,290.0,1.993127147766323,267.3799006441833,534.7598012883665,0.5441695492049144,0.0,0.0,1.0,inf,291.0,inf,218.0,0.0,218.0,0.0,0.0,0.0,0.0,0.0,0.0
584.0,292.0,874.0,582.0,291.0,1.9931506849315068,268.29938901411225,536.5987780282244,0.5441682164707449,0.0,0.0,1.0,inf,292.0,inf,215.0,1.0,214.0,0.0,0.0,0.0,0.0,0.0,0.0
585.0,292.0,874.0,582.0,291.0,1.9931506849315068,268.29938901411225,536.5987780282244,0.5441682164707449,0.0,0.0,1.0,inf,292.0,inf,213.0,0.0,213.0,0.0,0.0,0.0,0.0,0.0,0.0
586.0,293.0,877.0,584.0,292.0,1.993174061433447,269.23048650277156,538.460973005543,0.5441434285655904,0.0,0.0,1.0,inf,293.0,inf,219.0,1.0,218.0,0.0,0.0,0.0,0.0,0.0,0.0
587.0,293.0,877.0,584.0,292.0,1.993174061433447,269.23048650277156,538.460973005543,0.5441434285655904,0.0,0.0,1.0,inf,293.0,inf,217.0,0.0,217.0,0.0,0.0,0.0,0.0,0.0,0.0
588.0,294.0,880.0,586.0,293.0,1.9931972789115646,270.1562111355317,540.3124222710633,0.5441296329339369,0.0,0.0,1.0,inf,294.0,inf,218.0,1.0,217.0,0.0,0.0,0.0,0.0,0.0,0.0
589.0,294.0,880.0,586.0,293.0,1.9931972789115646,270.1562111355317,540.3124222710633,0.5441296329339369,0.0,0.0,1.0,inf,294.0,inf,216.0,0.0,216.0,0.0,0.0,0.0,0.0,0.0,0.0
590.0,295.0,883.0,588.0,294.0,1.993220338983051,271.01515729755226,542.0303145951044,0.54425000236447,0.0,0.0,1.0,inf,295.0,inf,214.0,1.0,213.0,0.0,0.0,0.0,0.0,0.0,0.0
591.0,295.0,883.0,588.0,294.0,1.993220338983051,271.01515729755226,542.0303145951044,0.54425000236447,0.0,0.0,1.0,inf,295.0,inf,217.0,0.0,217.0,0.0,0.0,0.0,0.0,0.0,0.0
592.0,296.0,886.0,590.0,295.0,1.9932432432432432,272.00179615826306,544.003592316526,0.5441140539891394,0.0,0.0,1.0,inf,296.0,inf,216.0,1.0,215.0,0.0,0.0,0.0,0.0,0.0,0.0
593.0,296.0,886.0,590.0,295.0,1.9932432432432432,272.00179615826306,544.003592316526,0.5441140539891394,0.0,0.0,1.0,inf,296.0,inf,218.0,0.0,218.0,0.0,0.0,0.0,0.0,0.0,0.0
594.0,297.0,889.0,592.0,296.0,1.9932659932659933,272.8538054315276,545.707610863055,0.5442474946066529,0.0,0.0,1.0,inf,297.0,inf,214.0,1.0,213.0,0.0,0.0,0.0,0.0,0.0,0.0
595.0,297.0,889.0,592.0,296.0,1.9932659932659933,272.8538054315276,545.707610863055,0.5442474946066529,0.0,0.0,1.0,inf,297.0,inf,215.0,0.0,215.0,0.0,0.0,0.0,0.0,0.0,0.0
596.0,298.0,892.0,594.0,297.0,1.9932885906040267,273.74365575017026,547.4873115003404,0.5443048518939324,0.0,0.0,1.0,inf,298.0,inf,215.0,1.0,214.0,0.0,0.0,0.0,0.0,0.0,0.0
597.0,298.0,892.0,594.0,297.0,1.9932885906040267,273.74365575017026,547.4873115003404,0.5443048518939324,0.0,0.0,1.0,inf,298.0,inf,216.0,0.0,216.0,0.0,0.0,0.0,0.0,0.0,0.0
598.0,298.0,892.0,594.0,297.0,1.9932885906040267,273.74365575017026,547.4873115003404,0.5443048518939324,0.0,0.0,1.0,inf,298.0,inf,220.0,0.0,220.0,0.0,0.0,0.0,0.0,0.0,0.0
599.0,299.0,895.0,596.0,298.0,1.9933110367892977,274.6949057515932,549.3898115031863,0.544240161975166,0.0,0.0,1.0,inf,299.0,inf,215.0,1.0,214.0,0.0,0.0,0.0,0.0,0.0,0.0
600.0,299.0,895.0,596.0,298.0,1.9933110367892977,274.6949057515932,549.3898115031863,0.544240161975166,0.0,0.0,1.0,inf,299.0,inf,218.0,0.0,218.0,0.0,0.0,0.0,0.0,0.0,0.0
601.0,300.0,898.0,598.0,299.0,1.9933333333333334,275.5672500412339,551.1345000824676,0.544331737452673,0.0,0.0,1.0,inf,300.0,inf,215.0,1.0,214.0,0.0,0.0,0.0,0.0,0.0,0.0
602.0,300.0,898.0,598.0,299.0,1.9933333333333334,275.5672500412339,551.1345000824676,0.544331737452673,0.0,0.0,1.0,inf,300.0,inf,216.0,0.0,216.0,0.0,0.0,0.0,0.0,0.0,0.0
603.0,300.0,898.0,598.0,299.0,1.9933333333333334,275.5672500412339,551.1345000824676,0.544331737452673,0.0,0.0,1.0,inf,300.0,inf,220.0,0.0,220.0,0.0,0.0,0.0,0.0,0.0,0.0
604.0,301.0,901.0,600.0,300.0,1.9933554817275747,276.508884405456,553.0177688109119,0.5442863086428568,0.0,0.0,1.0,inf,301.0,inf,218.0,1.0,217.0,0.0,0.0,0.0,0.0,0.0,0.0
605.0,301.0,901.0,600.0,300.0,1.9933554817275747,276.508884405456,553.0177688109119,0.5442863086428568,0.0,0.0,1.0,inf,301.0,inf,217.0,0.0,217.0,0.0,0.0,0.0,0.0,0.0,0.0
606.0,302.0,904.0,602.0,301.0,1.9933774834437086,277.4493537842409,554.8987075684817,0.5442434734139822,0.0,0.0,1.0,inf,302.0,inf,214.0,1.0,213.0,0.0,0.0,0.0,0.0,0.0,0.0
607.0,302.0,904.0,602.0,301.0,1.9933774834437086,277.4493537842409,554.8987075684817,0.5442434734139822,0.0,0.0,1.0,inf,302.0,inf,216.0,0.0,216.0,0.0,0.0,0.0,0.0,0.0,0.0
608.0,302.0,904.0,602.0,301.0,1.9933774834437086,277.4493537842409,554.8987075684817,0.5442434734139822,0.0,0.0,1.0,inf,302.0,inf,220.0,0.0,220.0,0.0,0.0,0.0,0.0,0.0,0.0
609.0,303.0,907.0,604.0,302.0,1.9933993399339933,278.3506363828856,556.7012727657711,0.544277541336762,0.0,0.0,1.0,inf,303.0,inf,218.0,1.0,217.0,0.0,0.0,0.0,0.0,0.0,0.0
610.0,303.0,907.0,604.0,302.0,1.9933993399339933,278.3506363828856,556.7012727657711,0.544277541336762,0.0,0.0,1.0,inf,303.0,inf,216.0,0.0,216.0,0.0,0.0,0.0,0.0,0.0,0.0
611.0,304.0,910.0,606.0,303.0,1.993421052631579,279.32885728592555,558.657714571851,0.5441614642930013,0.0,0.0,1.0,inf,304.0,inf,220.0,1.0,219.0,0.0,0.0,0.0,0.0,0.0,0.0
612.0,304.0,910.0,606.0,303.0,1.993421052631579,279.32885728592555,558.657714571851,0.5441614642930013,0.0,0.0,1.0,inf,304.0,inf,217.0,0.0,217.0,0.0,0.0,0.0,0.0,0.0,0.0
613.0,305.0,913.0,608.0,304.0,1.9934426229508198,280.1954960650408,560.3909921300815,0.5442628526926812,0.0,0.0,1.0,inf,305.0,inf,216.0,1.0,215.0,0.0,0.0,0.0,0.0,0.0,0.0
614.0,305.0,913.0,608.0,304.0,1.9934426229508198,280.1954960650408,560.3909921300815,0.5442628526926812,0.0,0.0,1.0,inf,305.0,inf,215.0,0.0,215.0,0.0,0.0,0.0,0.0,0.0,0.0
615.0,306.0,916.0,610.0,305.0,1.9934640522875817,281.13954675594834,562.2790935118966,0.5442137250538299,0.0,0.0,1.0,inf,306.0,inf,220.0,1.0,219.0,0.0,0.0,0.0,0.0,0.0,0.0
616.0,306.0,916.0,610.0,305.0,1.9934640522875817,281.13954675594834,562.2790935118966,0.5442137250538299,0.0,0.0,1.0,inf,306.0,inf,213.0,0.0,213.0,0.0,0.0,0.0,0.0,0.0,0.0
617.0,307.0,919.0,612.0,306.0,1.993485342019544,282.1268733103009,564.2537466206016,0.5440814559737848,0.0,0.0,1.0,inf,307.0,inf,218.0,1.0,217.0,0.0,0.0,0.0,0.0,0.0,0.0
618.0,307.0,919.0,612.0,306.0,1.993485342019544,282.1268733103009,564.2537466206016,0.5440814559737848,0.0,0.0,1.0,inf,307.0,inf,216.0,0.0,216.0,0.0,0.0,0.0,0.0,0.0,0.0
619.0,308.0,922.0,614.0,307.0,1.9935064935064934,283.04863936362665,566.0972787272532,0.5440761006526496,0.0,0.0,1.0,inf,308.0,inf,218.0,1.0,217.0,0.0,0.0,0.0,0.0,0.0,0.0
620.0,308.0,922.0,614.0,307.0,1.9935064935064934,283.04863936362665,566.0972787272532,0.5440761006526496,0.0,0.0,1.0,inf,308.0,inf,219.0,0.0,219.0,0.0,0.0,0.0,0.0,0.0,0.0
621.0,309.0,925.0,616.0,308.0,1.993527508090615,283.99916109718845,567.9983221943768,0.5440156914658208,0.0,0.0,1.0,inf,309.0,inf,217.0,1.0,216.0,0.0,0.0,0.0,0.0,0.0,0.0
622.0,309.0,925.0,616.0,308.0,1.993527508090615,283.99916109718845,567.9983221943768,0.5440156914658208,0.0,0.0,1.0,inf,309.0,inf,217.0,0.0,217.0,0.0,0.0,0.0,0.0,0.0,0.0
623.0,310.0,928.0,618.0,309.0,1.9935483870967743,284.9068950381953,569.8137900763904,0.544037377471052,0.0,0.0,1.0,inf,310.0,inf,212.0,1.0,211.0,0.0,0.0,0.0,0.0,0.0,0.0
624.0,310.0,928.0,618.0,309.0,1.9935483870967743,284.9068950381953,569.8137900763904,0.544037377471052,0.0,0.0,1.0,inf,310.0,inf,217.0,0.0,217.0,0.0,0.0,0.0,0.0,0.0,0.0
625.0,311.0,931.0,620.0,310.0,1.9935691318327975,285.8115988764787,571.6231977529573,0.5440646937047633,0.0,0.0,1.0,inf,311.0,inf,211.0,1.0,210.0,0.0,0.0,0.0,0.0,0.0,0.0
626.0,311.0,931.0,620.0,310.0,1.9935691318327975,285.8115988764787,571.6231977529573,0.5440646937047633,0.0,0.0,1.0,inf,311.0,inf,217.0,0.0,217.0,0.0,0.0,0.0,0.0,0.0,0.0
627.0,312.0,934.0,622.0,311.0,1.9935897435897436,286.7501607961668,573.5003215923335,0.5440275938010403,0.0,0.0,1.0,inf,312.0,inf,217.0,1.0,216.0,0.0,0.0,0.0,0.0,0.0,0.0
628.0,312.0,934.0,622.0,311.0,1.9935897435897436,286.7501607961668,573.5003215923335,0.5440275938010403,0.0,0.0,1.0,inf,312.0,inf,213.0,0.0,213.0,0.0,0.0,0.0,0.0,0.0,0.0
629.0,313.0,937.0,624.0,312.0,1.9936102236421724,287.6050592352085,575.2101184704169,0.5441489813015131,0.0,0.0,1.0,inf,313.0,inf,217.0,1.0,216.0,0.0,0.0,0.0,0.0,0.0,0.0
630.0,313.0,937.0,624.0,312.0,1.9936102236421724,287.6050592352085,575.2101184704169,0.5441489813015131,0.0,0.0,1.0,inf,313.0,inf,214.0,0.0,214.0,0.0,0.0,0.0,0.0,0.0,0.0
631.0,314.0,940.0,626.0,313.0,1.9936305732484076,288.5813433893019,577.1626867786036,0.5440407136375547,0.0,0.0,1.0,inf,314.0,inf,215.0,1.0,214.0,0.0,0.0,0.0,0.0,0.0,0.0
632.0,314.0,940.0,626.0,313.0,1.9936305732484076,288.5813433893019,577.1626867786036,0.5440407136375547,0.0,0.0,1.0,inf,314.0,inf,216.0,0.0,216.0,0.0,0.0,0.0,0.0,0.0,0.0
633.0,315.0,943.0,628.0,314.0,1.9936507936507937,289.4473813508336,578.8947627016671,0.5441403520907909,0.0,0.0,1.0,inf,315.0,inf,219.0,1.0,218.0,0.0,0.0,0.0,0.0,0.0,0.0
634.0,315.0,943.0,628.0,314.0,1.9936507936507937,289.4473813508336,578.8947627016671,0.5441403520907909,0.0,0.0,1.0,inf,315.0,inf,217.0,0.0,217.0,0.0,0.0,0.0,0.0,0.0,0.0
635.0,316.0,946.0,630.0,315.0,1.9936708860759493,290.29952702649086,580.5990540529816,0.5442654406584064,0.0,0.0,1.0,inf,316.0,inf,213.0,1.0,212.0,0.0,0.0,0.0,0.0,0.0,0.0
636.0,316.0,946.0,630.0,315.0,1.9936708860759493,290.29952702649086,580.5990540529816,0.5442654406584064,0.0,0.0,1.0,inf,316.0,inf,214.0,0.0,214.0,0.0,0.0,0.0,0.0,0.0,0.0
637.0,317.0,949.0,632.0,316.0,1.9936908517350158,291.1919751597905,582.3839503195809,0.544314450674761,0.0,0.0,1.0,inf,317.0,inf,215.0,1.0,214.0,0.0,0.0,0.0,0.0,0.0,0.0
638.0,317.0,949.0,632.0,316.0,1.9936908517350158,291.1919751597905,582.3839503195809,0.544314450674761,0.0,0.0,1.0,inf,317.0,inf,215.0,0.0,215.0,0.0,0.0,0.0,0.0,0.0,0.0
639.0,318.0,952.0,634.0,317.0,1.9937106918238994,292.0815669976274,584.1631339952547,0.5443684845791436,0.0,0.0,1.0,inf,318.0,inf,216.0,1.0,215.0,0.0,0.0,0.0,0.0,0.0,0.0
640.0,318.0,952.0,634.0,317.0,1.9937106918238994,292.0815669976274,584.1631339952547,0.5443684845791436,0.0,0.0,1.0,inf,318.0,inf,214.0,0.0,214.0,0.0,0.0,0.0,0.0,0.0,0.0
641.0,319.0,955.0,636.0,318.0,1.993730407523511,293.04575181992834,586.0915036398566,0.5442836110383544,0.0,0.0,1.0,inf,319.0,inf,218.0,1.0,217.0,0.0,0.0,0.0,0.0,0.0,0.0
642.0,319.0,955.0,636.0,318.0,1.993730407523511,293.04575181992834,586.0915036398566,0.5442836110383544,0.0,0.0,1.0,inf,319.0,inf,214.0,0.0,214.0,0.0,0.0,0.0,0.0,0.0,0.0
643.0,320.0,958.0,638.0,319.0,1.99375,293.94407637981067,587.8881527596212,0.5443212258962519,0.0,0.0,1.0,inf,320.0,inf,216.0,1.0,215.0,0.0,0.0,0.0,0.0,0.0,0.0
644.0,320.0,958.0,638.0,319.0,1.99375,293.94407637981067,587.8881527596212,0.5443212258962519,0.0,0.0,1.0,inf,320.0,inf,209.0,0.0,209.0,0.0,0.0,0.0,0.0,0.0,0.0
645.0,321.0,961.0,640.0,320.0,1.9937694704049844,294.8413415343932,589.6826830687863,0.5443605674995808,0.0,0.0,1.0,inf,321.0,inf,218.0,1.0,217.0,0.0,0.0,0.0,0.0,0.0,0.0
646.0,321.0,961.0,640.0,320.0,1.9937694704049844,294.8413415343932,589.6826830687863,0.5443605674995808,0.0,0.0,1.0,inf,321.0,inf,212.0,0.0,212.0,0.0,0.0,0.0,0.0,0.0,0.0
647.0,322.0,964.0,642.0,321.0,1.9937888198757765,295.82254917635845,591.6450983527168,0.5442451917484417,0.0,0.0,1.0,inf,322.0,inf,218.0,1.0,217.0,0.0,0.0,0.0,0.0,0.0,0.0
648.0,322.0,964.0,642.0,321.0,1.9937888198757765,295.82254917635845,591.6450983527168,0.5442451917484417,0.0,0.0,1.0,inf,322.0,inf,217.0,0.0,217.0,0.0,0.0,0.0,0.0,0.0,0.0
649.0,322.0,964.0,642.0,321.0,1.9937888198757765,295.82254917635845,591.6450983527168,0.5442451917484417,0.0,0.0,1.0,inf,322.0,inf,220.0,0.0,220.0,0.0,0.0,0.0,0.0,0.0,0.0
650.0,323.0,967.0,644.0,322.0,1.9938080495356036,296.7272777857015,593.4545555714029,0.5442708240549304,0.0,0.0,1.0,inf,323.0,inf,218.0,1.0,217.0,0.0,0.0,0.0,0.0,0.0,0.0
651.0,323.0,967.0,644.0,322.0,1.9938080495356036,296.7272777857015,593.4545555714029,0.5442708240549304,0.0,0.0,1.0,inf,323.0,inf,212.0,0.0,212.0,0.0,0.0,0.0,0.0,0.0,0.0
652.0,324.0,970.0,646.0,323.0,1.9938271604938271,297.6904313357324,595.3808626714647,0.5441894765414814,0.0,0.0,1.0,inf,324.0,inf,212.0,1.0,211.0,0.0,0.0,0.0,0.0,0.0,0.0
653.0,324.0,970.0,646.0,323.0,1.9938271604938271,297.6904313357324,595.3808626714647,0.5441894765414814,0.0,0.0,1.0,inf,324.0,inf,217.0,0.0,217.0,0.0,0.0,0.0,0.0,0.0,0.0
654.0,325.0,973.0,648.0,324.0,1.9938461538461538,298.62971501912494,597.2594300382498,0.5441521450388591,0.0,0.0,1.0,inf,325.0,inf,215.0,1.0,214.0,0.0,0.0,0.0,0.0,0.0,0.0
655.0,325.0,973.0,648.0,324.0,1.9938461538461538,298.62971501912494,597.2594300382498,0.5441521450388591,0.0,0.0,1.0,inf,325.0,inf,218.0,0.0,218.0,0.0,0.0,0.0,0.0,0.0,0.0
656.0,326.0,976.0,650.0,325.0,1.9938650306748467,299.5975234791728,599.1950469583455,0.5440632422695287,0.0,0.0,1.0,inf,326.0,inf,218.0,1.0,217.0,0.0,0.0,0.0,0.0,0.0,0.0
657.0,326.0,976.0,650.0,325.0,1.9938650306748467,299.5975234791728,599.1950469583455,0.5440632422695287,0.0,0.0,1.0,inf,326.0,inf,215.0,0.0,215.0,0.0,0.0,0.0,0.0,0.0,0.0
658.0,327.0,979.0,652.0,326.0,1.9938837920489296,300.5793230229409,601.1586460458817,0.543949591594234,0.0,0.0,1.0,inf,327.0,inf,216.0,1.0,215.0,0.0,0.0,0.0,0.0,0.0,0.0
659.0,327.0,979.0,652.0,326.0,1.9938837920489296,300.5793230229409,601.1586460458817,0.543949591594234,0.0,0.0,1.0,inf,327.0,inf,216.0,0.0,216.0,0.0,0.0,0.0,0.0,0.0,0.0
660.0,328.0,982.0,654.0,327.0,1.9939024390243902,301.4945534621233,602.9891069242465,0.543956758477905,0.0,0.0,1.0,inf,328.0,inf,219.0,1.0,218.0,0.0,0.0,0.0,0.0,0.0,0.0
661.0,328.0,982.0,654.0,327.0,1.9939024390243902,301.4945534621233,602.9891069242465,0.543956758477905,0.0,0.0,1.0,inf,328.0,inf,215.0,0.0,215.0,0.0,0.0,0.0,0.0,0.0,0.0
662.0,329.0,985.0,656.0,328.0,1.993920972644377,302.40255684644575,604.8051136928914,0.5439768820590032,0.0,0.0,1.0,inf,329.0,inf,218.0,1.0,217.0,0.0,0.0,0.0,0.0,0.0,0.0
663.0,329.0,985.0,656.0,328.0,1.993920972644377,302.40255684644575,604.8051136928914,0.5439768820590032,0.0,0.0,1.0,inf,329.0,inf,214.0,0.0,214.0,0.0,0.0,0.0,0.0,0.0,0.0
664.0,330.0,988.0,658.0,329.0,1.993939393939394,303.26250137092205,606.525002741844,0.5440830938678687,0.0,0.0,1.0,inf,330.0,inf,217.0,1.0,216.0,0.0,0.0,0.0,0.0,0.0,0.0
665.0,330.0,988.0,658.0,329.0,1.993939393939394,303.26250137092205,606.525002741844,0.5440830938678687,0.0,0.0,1.0,inf,330.0,inf,217.0,0.0,217.0,0.0,0.0,0.0,0.0,0.0,0.0
666.0,330.0,988.0,658.0,329.0,1.993939393939394,303.26250137092205,606.525002741844,0.5440830938678687,0.0,0.0,1.0,inf,330.0,inf,220.0,0.0,220.0,0.0,0.0,0.0,0.0,0.0,0.0
667.0,331.0,991.0,660.0,330.0,1.9939577039274925,304.25392623825957,608.507852476519,0.5439535392236743,0.0,0.0,1.0,inf,331.0,inf,216.0,1.0,215.0,0.0,0.0,0.0,0.0,0.0,0.0
668.0,331.0,991.0,660.0,330.0,1.9939577039274925,304.25392623825957,608.507852476519,0.5439535392236743,0.0,0.0,1.0,inf,331.0,inf,214.0,0.0,214.0,0.0,0.0,0.0,0.0,0.0,0.0
669.0,331.0,991.0,660.0,330.0,1.9939577039274925,304.25392623825957,608.507852476519,0.5439535392236743,0.0,0.0,1.0,inf,331.0,inf,220.0,0.0,220.0,0.0,0.0,0.0,0.0,0.0,0.0
670.0,332.0,994.0,662.0,331.0,1.9939759036144578,305.1932221091417,610.3864442182833,0.5439177149898694,0.0,0.0,1.0,inf,332.0,inf,218.0,1.0,217.0,0.0,0.0,0.0,0.0,0.0,0.0
671.0,332.0,994.0,662.0,331.0,1.9939759036144578,305.1932221091417,610.3864442182833,0.5439177149898694,0.0,0.0,1.0,inf,332.0,inf,218.0,0.0,218.0,0.0,0.0,0.0,0.0,0.0,0.0
672.0,333.0,997.0,664.0,332.0,1.993993993993994,306.07619514813086,612.1523902962616,0.5439821934515995,0.0,0.0,1.0,inf,333.0,inf,218.0,1.0,217.0,0.0,0.0,0.0,0.0,0.0,0.0
673.0,333.0,997.0,664.0,332.0,1.993993993993994,306.07619514813086,612.1523902962616,0.5439821934515995,0.0,0.0,1.0,inf,333.0,inf,216.0,0.0,216.0,0.0,0.0,0.0,0.0,0.0,0.0
674.0,334.0,1000.0,666.0,333.0,1.9940119760479043,306.940677762454,613.8813555249079,0.5440790748798823,0.0,0.0,1.0,inf,334.0,inf,215.0,1.0,214.0,0.0,0.0,0.0,0.0,0.0,0.0
675.0,334.0,1000.0,666.0,333.0,1.9940119760479043,306.940677762454,613.8813555249079,0.5440790748798823,0.0,0.0,1.0,inf,334.0,inf,218.0,0.0,218.0,0.0,0.0,0.0,0.0,0.0,0.0
676.0,335.0,1003.0,668.0,334.0,1.9940298507462686,307.89607216353346,615.7921443270668,0.5440147346570742,0.0,0.0,1.0,inf,335.0,inf,218.0,1.0,217.0,0.0,0.0,0.0,0.0,0.0,0.0
677.0,335.0,1003.0,668.0,334.0,1.9940298507462686,307.89607216353346,615.7921443270668,0.5440147346570742,0.0,0.0,1.0,inf,335.0,inf,216.0,0.0,216.0,0.0,0.0,0.0,0.0,0.0,0.0
678.0,336.0,1006.0,670.0,335.0,1.994047619047619,308.8501483581191,617.7002967162381,0.5439531141335248,0.0,0.0,1.0,inf,336.0,inf,214.0,1.0,213.0,0.0,0.0,0.0,0.0,0.0,0.0
679.0,336.0,1006.0,670.0,335.0,1.994047619047619,308.8501483581191,617.7002967162381,0.5439531141335248,0.0,0.0,1.0,inf,336.0,inf,216.0,0.0,216.0,0.0,0.0,0.0,0.0,0.0,0.0
680.0,337.0,1009.0,672.0,336.0,1.9940652818991098,309.82838514211477,619.6567702842294,0.5438494601542431,0.0,0.0,1.0,inf,337.0,inf,216.0,1.0,215.0,0.0,0.0,0.0,0.0,0.0,0.0
681.0,337.0,1009.0,672.0,336.0,1.9940652818991098,309.82838514211477,619.6567702842294,0.5438494601542431,0.0,0.0,1.0,inf,337.0,inf,215.0,0.0,215.0,0.0,0.0,0.0,0.0,0.0,0.0
682.0,338.0,1012.0,674.0,337.0,1.9940828402366864,310.6795628313526,621.3591256627051,0.5439688354774046,0.0,0.0,1.0,inf,338.0,inf,219.0,1.0,218.0,0.0,0.0,0.0,0.0,0.0,0.0
683.0,338.0,1012.0,674.0,337.0,1.9940828402366864,310.6795628313526,621.3591256627051,0.5439688354774046,0.0,0.0,1.0,inf,338.0,inf,216.0,0.0,216.0,0.0,0.0,0.0,0.0,0.0,0.0
684.0,339.0,1015.0,676.0,338.0,1.9941002949852507,311.677225067832,623.3544501356639,0.5438318438670353,0.0,0.0,1.0,inf,339.0,inf,215.0,1.0,214.0,0.0,0.0,0.0,0.0,0.0,0.0
685.0,339.0,1015.0,676.0,338.0,1.9941002949852507,311.677225067832,623.3544501356639,0.5438318438670353,0.0,0.0,1.0,inf,339.0,inf,212.0,0.0,212.0,0.0,0.0,0.0,0.0,0.0,0.0
686.0,340.0,1018.0,678.0,339.0,1.9941176470588236,312.6053506457036,625.2107012914071,0.5438166674014238,0.0,0.0,1.0,inf,340.0,inf,219.0,1.0,218.0,0.0,0.0,0.0,0.0,0.0,0.0
687.0,340.0,1018.0,678.0,339.0,1.9941176470588236,312.6053506457036,625.2107012914071,0.5438166674014238,0.0,0.0,1.0,inf,340.0,inf,217.0,0.0,217.0,0.0,0.0,0.0,0.0,0.0,0.0
688.0,341.0,1021.0,680.0,340.0,1.9941348973607038,313.49614030054965,626.9922806010992,0.5438663450099934,0.0,0.0,1.0,inf,341.0,inf,219.0,1.0,218.0,0.0,0.0,0.0,0.0,0.0,0.0
689.0,341.0,1021.0,680.0,340.0,1.9941348973607038,313.49614030054965,626.9922806010992,0.5438663450099934,0.0,0.0,1.0,inf,341.0,inf,217.0,0.0,217.0,0.0,0.0,0.0,0.0,0.0,0.0
690.0,342.0,1024.0,682.0,341.0,1.9941520467836258,314.3867787940153,628.7735575880305,0.5439160026256651,0.0,0.0,1.0,inf,342.0,inf,220.0,1.0,219.0,0.0,0.0,0.0,0.0,0.0,0.0
691.0,342.0,1024.0,682.0,341.0,1.9941520467836258,314.3867787940153,628.7735575880305,0.5439160026256651,0.0,0.0,1.0,inf,342.0,inf,216.0,0.0,216.0,0.0,0.0,0.0,0.0,0.0,0.0
692.0,343.0,1027.0,684.0,342.0,1.9941690962099126,315.31847787399363,630.6369557479871,0.543894544830748,0.0,0.0,1.0,inf,343.0,inf,219.0,1.0,218.0,0.0,0.0,0.0,0.0,0.0,0.0
693.0,343.0,1027.0,684.0,342.0,1.9941690962099126,315.31847787399363,630.6369557479871,0.543894544830748,0.0,0.0,1.0,inf,343.0,inf,215.0,0.0,215.0,0.0,0.0,0.0,0.0,0.0,0.0
694.0,344.0,1030.0,686.0,343.0,1.994186046511628,316.2132957215212,632.4265914430423,0.543936647595852,0.0,0.0,1.0,inf,344.0,inf,216.0,1.0,215.0,0.0,0.0,0.0,0.0,0.0,0.0
695.0,344.0,1030.0,686.0,343.0,1.994186046511628,316.2132957215212,632.4265914430423,0.543936647595852,0.0,0.0,1.0,inf,344.0,inf,217.0,0.0,217.0,0.0,0.0,0.0,0.0,0.0,0.0
696.0,344.0,1030.0,686.0,343.0,1.994186046511628,316.2132957215212,632.4265914430423,0.543936647595852,0.0,0.0,1.0,inf,344.0,inf,220.0,0.0,220.0,0.0,0.0,0.0,0.0,0.0,0.0
697.0,345.0,1033.0,688.0,344.0,1.9942028985507247,317.1663090506807,634.3326181013613,0.5438787004720476,0.0,0.0,1.0,inf,345.0,inf,218.0,1.0,217.0,0.0,0.0,0.0,0.0,0.0,0.0
698.0,345.0,1033.0,688.0,344.0,1.9942028985507247,317.1663090506807,634.3326181013613,0.5438787004720476,0.0,0.0,1.0,inf,345.0,inf,215.0,0.0,215.0,0.0,0.0,0.0,0.0,0.0,0.0
699.0,345.0,1033.0,688.0,344.0,1.9942028985507247,317.1663090506807,634.3326181013613,0.5438787004720476,0.0,0.0,1.0,inf,345.0,inf,220.0,0.0,220.0,0.0,0.0,0.0,0.0,0.0,0.0
700.0,346.0,1036.0,690.0,345.0,1.9942196531791907,318.1203951092595,636.2407902185189,0.5438192667294488,0.0,0.0,1.0,inf,346.0,inf,218.0,1.0,217.0,0.0,0.0,0.0,0.0,0.0,0.0
