t,site_subsystems,total_subsystems,interface_subsystems,n_links,mean_degree,frontier_radius,volume_proxy,density,energy_remaining,energy_density,creation_rate_modifier,memory_total,memory_bound,memory_free,birth_attempts,births_accepted,births_reject_exclusion,births_reject_memory,births_reject_energy,deaths_attempted,deaths_executed,links_attempted_random,links_added_random
0.0,2.0,4.0,2.0,1.0,1.0,0.08028369359828767,0.19999999999999998,10.0,0.0,0.0,1.0,inf,2.0,inf,0.0,0.0,0.0,0.0,0.0,0.0,0.0,0.0,0.0
1.0,2.0,4.0,2.0,1.0,1.0,0.08028369359828767,0.19999999999999998,10.0,0.0,0.0,1.0,inf,2.0,inf,0.0,0.0,0.0,0.0,0.0,0.0,0.0,0.0,0.0
2.0,3.0,7.0,4.0,2.0,1.3333333333333333,0.8352293281069428,1.6704586562138855,1.7959139478492308,0.0,0.0,1.0,inf,3.0,inf,1.0,1.0,0.0,0.0,0.0,0.0,0.0,0.0,0.0
3.0,3.0,7.0,4.0,2.0,1.3333333333333333,0.8352293281069428,1.6704586562138855,1.7959139478492308,0.0,0.0,1.0,inf,3.0,inf,0.0,0.0,0.0,0.0,0.0,0.0,0.0,0.0,0.0
4.0,4.0,10.0,6.0,3.0,1.5,1.7568064670138113,3.513612934027622,1.1384293247733572,0.0,0.0,1.0,inf,4.0,inf,1.0,1.0,0.0,0.0,0.0,0.0,0.0,0.0,0.0
5.0,4.0,10.0,6.0,3.0,1.5,1.7568064670138113,3.513612934027622,1.1384293247733572,0.0,0.0,1.0,inf,4.0,inf,0.0,0.0,0.0,0.0,0.0,0.0,0.0,0.0,0.0
6.0,5.0,13.0,8.0,4.0,1.6,2.6170720151693687,5.2341440303387365,0.9552660322334341,0.0,0.0,1.0,inf,5.0,inf,2.0,1.0,1.0,0.0,0.0,0.0,0.0,0.0,0.0
7.0,5.0,13.0,8.0,4.0,1.6,2.6170720151693687,5.2341440303387365,0.9552660322334341,0.0,0.0,1.0,inf,5.0,inf,0.0,0.0,0.0,0.0,0.0,0.0,0.0,0.0,0.0
8.0,6.0,16.0,10.0,5.0,1.6666666666666667,3.539969425689481,7.079938851378961,0.8474649465131155,0.0,0.0,1.0,inf,6.0,inf,4.0,1.0,3.0,0.0,0.0,0.0,0.0,0.0,0.0
9.0,6.0,16.0,10.0,5.0,1.6666666666666667,3.539969425689481,7.079938851378961,0.8474649465131155,0.0,0.0,1.0,inf,6.0,inf,0.0,0.0,0.0,0.0,0.0,0.0,0.0,0.0,0.0
10.0,7.0,19.0,12.0,6.0,1.7142857142857142,4.4028949780289,8.805789956057799,0.794931520616667,0.0,0.0,1.0,inf,7.0,inf,2.0,1.0,1.0,0.0,0.0,0.0,0.0,0.0,0.0
11.0,7.0,19.0,12.0,6.0,1.7142857142857142,4.4028949780289,8.805789956057799,0.794931520616667,0.0,0.0,1.0,inf,7.0,inf,0.0,0.0,0.0,0.0,0.0,0.0,0.0,0.0,0.0
12.0,8.0,22.0,14.0,7.0,1.75,5.370629936761619,10.741259873523235,0.7447915881562154,0.0,0.0,1.0,inf,8.0,inf,3.0,1.0,2.0,0.0,0.0,0.0,0.0,0.0,0.0
13.0,8.0,22.0,14.0,7.0,1.75,5.370629936761619,10.741259873523235,0.7447915881562154,0.0,0.0,1.0,inf,8.0,inf,0.0,0.0,0.0,0.0,0.0,0.0,0.0,0.0,0.0
14.0,9.0,25.0,16.0,8.0,1.7777777777777777,6.325046255605089,12.650092511210175,0.7114572476070384,0.0,0.0,1.0,inf,9.0,inf,7.0,1.0,6.0,0.0,0.0,0.0,0.0,0.0,0.0
15.0,9.0,25.0,16.0,8.0,1.7777777777777777,6.325046255605089,12.650092511210175,0.7114572476070384,0.0,0.0,1.0,inf,9.0,inf,0.0,0.0,0.0,0.0,0.0,0.0,0.0,0.0,0.0
16.0,10.0,28.0,18.0,9.0,1.8,7.227134896464281,14.45426979292856,0.6918370933474816,0.0,0.0,1.0,inf,10.0,inf,127.0,1.0,126.0,0.0,0.0,0.0,0.0,0.0,0.0
17.0,10.0,28.0,18.0,9.0,1.8,7.227134896464281,14.45426979292856,0.6918370933474816,0.0,0.0,1.0,inf,10.0,inf,120.0,0.0,120.0,0.0,0.0,0.0,0.0,0.0,0.0
18.0,11.0,31.0,20.0,10.0,1.8181818181818181,8.192938169213653,16.385876338427302,0.6713098385957774,0.0,0.0,1.0,inf,11.0,inf,110.0,1.0,109.0,0.0,0.0,0.0,0.0,0.0,0.0
19.0,11.0,31.0,20.0,10.0,1.8181818181818181,8.192938169213653,16.385876338427302,0.6713098385957774,0.0,0.0,1.0,inf,11.0,inf,109.0,0.0,109.0,0.0,0.0,0.0,0.0,0.0,0.0
20.0,12.0,34.0,22.0,11.0,1.8333333333333333,9.100743713971456,18.201487427942908,0.6592867779353906,0.0,0.0,1.0,inf,12.0,inf,117.0,1.0,116.0,0.0,0.0,0.0,0.0,0.0,0.0
21.0,12.0,34.0,22.0,11.0,1.8333333333333333,9.100743713971456,18.201487427942908,0.6592867779353906,0.0,0.0,1.0,inf,12.0,inf,120.0,0.0,120.0,0.0,0.0,0.0,0.0,0.0,0.0
22.0,13.0,37.0,24.0,12.0,1.8461538461538463,10.094691578112453,20.189383156224903,0.6439027829333046,0.0,0.0,1.0,inf,13.0,inf,116.0,1.0,115.0,0.0,0.0,0.0,0.0,0.0,0.0
23.0,13.0,37.0,24.0,12.0,1.8461538461538463,10.094691578112453,20.189383156224903,0.6439027829333046,0.0,0.0,1.0,inf,13.0,inf,112.0,0.0,112.0,0.0,0.0,0.0,0.0,0.0,0.0
24.0,14.0,40.0,26.0,13.0,1.8571428571428572,11.052457251989468,22.104914503978932,0.6333433227022873,0.0,0.0,1.0,inf,14.0,inf,107.0,1.0,106.0,0.0,0.0,0.0,0.0,0.0,0.0
25.0,14.0,40.0,26.0,13.0,1.8571428571428572,11.052457251989468,22.104914503978932,0.6333433227022873,0.0,0.0,1.0,inf,14.0,inf,106.0,0.0,106.0,0.0,0.0,0.0,0.0,0.0,0.0
26.0,15.0,43.0,28.0,14.0,1.8666666666666667,11.96628555004071,23.932571100081418,0.6267609082732014,0.0,0.0,1.0,inf,15.0,inf,114.0,1.0,113.0,0.0,0.0,0.0,0.0,0.0,0.0
27.0,15.0,43.0,28.0,14.0,1.8666666666666667,11.96628555004071,23.932571100081418,0.6267609082732014,0.0,0.0,1.0,inf,15.0,inf,104.0,0.0,104.0,0.0,0.0,0.0,0.0,0.0,0.0
28.0,16.0,46.0,30.0,15.0,1.875,12.819251932155575,25.638503864311147,0.6240613759944095,0.0,0.0,1.0,inf,16.0,inf,151.0,1.0,150.0,0.0,0.0,0.0,0.0,0.0,0.0
29.0,16.0,46.0,30.0,15.0,1.875,12.819251932155575,25.638503864311147,0.6240613759944095,0.0,0.0,1.0,inf,16.0,inf,133.0,0.0,133.0,0.0,0.0,0.0,0.0,0.0,0.0
30.0,17.0,49.0,32.0,16.0,1.8823529411764706,13.790778583126693,27.581557166253383,0.6163538881263694,0.0,0.0,1.0,inf,17.0,inf,142.0,1.0,141.0,0.0,0.0,0.0,0.0,0.0,0.0
31.0,17.0,49.0,32.0,16.0,1.8823529411764706,13.790778583126693,27.581557166253383,0.6163538881263694,0.0,0.0,1.0,inf,17.0,inf,130.0,0.0,130.0,0.0,0.0,0.0,0.0,0.0,0.0
32.0,18.0,52.0,34.0,17.0,1.8888888888888888,14.69883302716897,29.397666054337936,0.612293505434385,0.0,0.0,1.0,inf,18.0,inf,148.0,1.0,147.0,0.0,0.0,0.0,0.0,0.0,0.0
33.0,18.0,52.0,34.0,17.0,1.8888888888888888,14.69883302716897,29.397666054337936,0.612293505434385,0.0,0.0,1.0,inf,18.0,inf,154.0,0.0,154.0,0.0,0.0,0.0,0.0,0.0,0.0
34.0,19.0,55.0,36.0,18.0,1.894736842105263,15.636017228350276,31.27203445670055,0.6075715996766221,0.0,0.0,1.0,inf,19.0,inf,153.0,1.0,152.0,0.0,0.0,0.0,0.0,0.0,0.0
35.0,19.0,55.0,36.0,18.0,1.894736842105263,15.636017228350276,31.27203445670055,0.6075715996766221,0.0,0.0,1.0,inf,19.0,inf,141.0,0.0,141.0,0.0,0.0,0.0,0.0,0.0,0.0
36.0,20.0,58.0,38.0,19.0,1.9,16.54907306784181,33.09814613568361,0.6042634508292807,0.0,0.0,1.0,inf,20.0,inf,144.0,1.0,143.0,0.0,0.0,0.0,0.0,0.0,0.0
37.0,20.0,58.0,38.0,19.0,1.9,16.54907306784181,33.09814613568361,0.6042634508292807,0.0,0.0,1.0,inf,20.0,inf,131.0,0.0,131.0,0.0,0.0,0.0,0.0,0.0,0.0
38.0,21.0,61.0,40.0,20.0,1.9047619047619047,17.484437179375742,34.96887435875148,0.6005340573607695,0.0,0.0,1.0,inf,21.0,inf,154.0,1.0,153.0,0.0,0.0,0.0,0.0,0.0,0.0
39.0,21.0,61.0,40.0,20.0,1.9047619047619047,17.484437179375742,34.96887435875148,0.6005340573607695,0.0,0.0,1.0,inf,21.0,inf,140.0,0.0,140.0,0.0,0.0,0.0,0.0,0.0,0.0
40.0,22.0,64.0,42.0,21.0,1.9090909090909092,18.402537262565634,36.80507452513126,0.5977436612708921,0.0,0.0,1.0,inf,22.0,inf,150.0,1.0,149.0,0.0,0.0,0.0,0.0,0.0,0.0
41.0,22.0,64.0,42.0,21.0,1.9090909090909092,18.402537262565634,36.80507452513126,0.5977436612708921,0.0,0.0,1.0,inf,22.0,inf,147.0,0.0,147.0,0.0,0.0,0.0,0.0,0.0,0.0
42.0,23.0,67.0,44.0,22.0,1.9130434782608696,19.25719159241858,38.51438318483715,0.5971794975819564,0.0,0.0,1.0,inf,23.0,inf,168.0,1.0,167.0,0.0,0.0,0.0,0.0,0.0,0.0
43.0,23.0,67.0,44.0,22.0,1.9130434782608696,19.25719159241858,38.51438318483715,0.5971794975819564,0.0,0.0,1.0,inf,23.0,inf,155.0,0.0,155.0,0.0,0.0,0.0,0.0,0.0,0.0
44.0,24.0,70.0,46.0,23.0,1.9166666666666667,20.241075340161384,40.48215068032276,0.5928538774908945,0.0,0.0,1.0,inf,24.0,inf,172.0,1.0,171.0,0.0,0.0,0.0,0.0,0.0,0.0
45.0,24.0,70.0,46.0,23.0,1.9166666666666667,20.241075340161384,40.48215068032276,0.5928538774908945,0.0,0.0,1.0,inf,24.0,inf,175.0,0.0,175.0,0.0,0.0,0.0,0.0,0.0,0.0
46.0,25.0,73.0,48.0,24.0,1.92,21.20789911602259,42.41579823204517,0.5894030300510171,0.0,0.0,1.0,inf,25.0,inf,175.0,1.0,174.0,0.0,0.0,0.0,0.0,0.0,0.0
47.0,25.0,73.0,48.0,24.0,1.92,21.20789911602259,42.41579823204517,0.5894030300510171,0.0,0.0,1.0,inf,25.0,inf,162.0,0.0,162.0,0.0,0.0,0.0,0.0,0.0,0.0
48.0,26.0,76.0,50.0,25.0,1.9230769230769231,22.185445828066545,44.37089165613308,0.5859697434411643,0.0,0.0,1.0,inf,26.0,inf,173.0,1.0,172.0,0.0,0.0,0.0,0.0,0.0,0.0
49.0,26.0,76.0,50.0,25.0,1.9230769230769231,22.185445828066545,44.37089165613308,0.5859697434411643,0.0,0.0,1.0,inf,26.0,inf,153.0,0.0,153.0,0.0,0.0,0.0,0.0,0.0,0.0
50.0,27.0,79.0,52.0,26.0,1.9259259259259258,23.145592238938164,46.29118447787632,0.5832644013009421,0.0,0.0,1.0,inf,27.0,inf,169.0,1.0,168.0,0.0,0.0,0.0,0.0,0.0,0.0
51.0,27.0,79.0,52.0,26.0,1.9259259259259258,23.145592238938164,46.29118447787632,0.5832644013009421,0.0,0.0,1.0,inf,27.0,inf,159.0,0.0,159.0,0.0,0.0,0.0,0.0,0.0,0.0
52.0,28.0,82.0,54.0,27.0,1.9285714285714286,24.0043701402522,48.00874028050439,0.5832271339844001,0.0,0.0,1.0,inf,28.0,inf,157.0,1.0,156.0,0.0,0.0,0.0,0.0,0.0,0.0
53.0,28.0,82.0,54.0,27.0,1.9285714285714286,24.0043701402522,48.00874028050439,0.5832271339844001,0.0,0.0,1.0,inf,28.0,inf,183.0,0.0,183.0,0.0,0.0,0.0,0.0,0.0,0.0
54.0,29.0,85.0,56.0,28.0,1.9310344827586208,24.962907635861452,49.9258152717229,0.5808618215279319,0.0,0.0,1.0,inf,29.0,inf,166.0,1.0,165.0,0.0,0.0,0.0,0.0,0.0,0.0
55.0,29.0,85.0,56.0,28.0,1.9310344827586208,24.962907635861452,49.9258152717229,0.5808618215279319,0.0,0.0,1.0,inf,29.0,inf,169.0,0.0,169.0,0.0,0.0,0.0,0.0,0.0,0.0
56.0,30.0,88.0,58.0,29.0,1.9333333333333333,25.95683683962291,51.91367367924581,0.577882432003526,0.0,0.0,1.0,inf,30.0,inf,176.0,1.0,175.0,0.0,0.0,0.0,0.0,0.0,0.0
57.0,30.0,88.0,58.0,29.0,1.9333333333333333,25.95683683962291,51.91367367924581,0.577882432003526,0.0,0.0,1.0,inf,30.0,inf,182.0,0.0,182.0,0.0,0.0,0.0,0.0,0.0,0.0
58.0,31.0,91.0,60.0,30.0,1.935483870967742,26.839697490130405,53.6793949802608,0.577502783170329,0.0,0.0,1.0,inf,31.0,inf,183.0,1.0,182.0,0.0,0.0,0.0,0.0,0.0,0.0
59.0,31.0,91.0,60.0,30.0,1.935483870967742,26.839697490130405,53.6793949802608,0.577502783170329,0.0,0.0,1.0,inf,31.0,inf,173.0,0.0,173.0,0.0,0.0,0.0,0.0,0.0,0.0
60.0,32.0,94.0,62.0,31.0,1.9375,27.768209206269926,55.536418412539845,0.5761984822696914,0.0,0.0,1.0,inf,32.0,inf,180.0,1.0,179.0,0.0,0.0,0.0,0.0,0.0,0.0
61.0,32.0,94.0,62.0,31.0,1.9375,27.768209206269926,55.536418412539845,0.5761984822696914,0.0,0.0,1.0,inf,32.0,inf,184.0,0.0,184.0,0.0,0.0,0.0,0.0,0.0,0.0
62.0,33.0,97.0,64.0,32.0,1.9393939393939394,28.767158446033218,57.53431689206643,0.5735707275695571,0.0,0.0,1.0,inf,33.0,inf,189.0,1.0,188.0,0.0,0.0,0.0,0.0,0.0,0.0
63.0,33.0,97.0,64.0,32.0,1.9393939393939394,28.767158446033218,57.53431689206643,0.5735707275695571,0.0,0.0,1.0,inf,33.0,inf,169.0,0.0,169.0,0.0,0.0,0.0,0.0,0.0,0.0
64.0,34.0,100.0,66.0,33.0,1.9411764705882353,29.62885690840833,59.257713816816654,0.5737649634122604,0.0,0.0,1.0,inf,34.0,inf,176.0,1.0,175.0,0.0,0.0,0.0,0.0,0.0,0.0
65.0,34.0,100.0,66.0,33.0,1.9411764705882353,29.62885690840833,59.257713816816654,0.5737649634122604,0.0,0.0,1.0,inf,34.0,inf,170.0,0.0,170.0,0.0,0.0,0.0,0.0,0.0,0.0
66.0,35.0,103.0,68.0,34.0,1.9428571428571428,30.588518283373855,61.1770365667477,0.5721100916977724,0.0,0.0,1.0,inf,35.0,inf,184.0,1.0,183.0,0.0,0.0,0.0,0.0,0.0,0.0
67.0,35.0,103.0,68.0,34.0,1.9428571428571428,30.588518283373855,61.1770365667477,0.5721100916977724,0.0,0.0,1.0,inf,35.0,inf,172.0,0.0,172.0,0.0,0.0,0.0,0.0,0.0,0.0
68.0,36.0,106.0,70.0,35.0,1.9444444444444444,31.458625055262555,62.9172501105251,0.5721801244771463,0.0,0.0,1.0,inf,36.0,inf,190.0,1.0,189.0,0.0,0.0,0.0,0.0,0.0,0.0
69.0,36.0,106.0,70.0,35.0,1.9444444444444444,31.458625055262555,62.9172501105251,0.5721801244771463,0.0,0.0,1.0,inf,36.0,inf,190.0,0.0,190.0,0.0,0.0,0.0,0.0,0.0,0.0
70.0,37.0,109.0,72.0,36.0,1.945945945945946,32.43413540912155,64.86827081824309,0.5703867165454699,0.0,0.0,1.0,inf,37.0,inf,182.0,1.0,181.0,0.0,0.0,0.0,0.0,0.0,0.0
71.0,37.0,109.0,72.0,36.0,1.945945945945946,32.43413540912155,64.86827081824309,0.5703867165454699,0.0,0.0,1.0,inf,37.0,inf,180.0,0.0,180.0,0.0,0.0,0.0,0.0,0.0,0.0
72.0,38.0,112.0,74.0,37.0,1.9473684210526316,33.38688459326453,66.77376918652905,0.5690857422448173,0.0,0.0,1.0,inf,38.0,inf,182.0,1.0,181.0,0.0,0.0,0.0,0.0,0.0,0.0
73.0,38.0,112.0,74.0,37.0,1.9473684210526316,33.38688459326453,66.77376918652905,0.5690857422448173,0.0,0.0,1.0,inf,38.0,inf,182.0,0.0,182.0,0.0,0.0,0.0,0.0,0.0,0.0
74.0,39.0,115.0,76.0,38.0,1.9487179487179487,34.325583152960924,68.65116630592183,0.5680894018057763,0.0,0.0,1.0,inf,39.0,inf,191.0,1.0,190.0,0.0,0.0,0.0,0.0,0.0,0.0
75.0,39.0,115.0,76.0,38.0,1.9487179487179487,34.325583152960924,68.65116630592183,0.5680894018057763,0.0,0.0,1.0,inf,39.0,inf,172.0,0.0,172.0,0.0,0.0,0.0,0.0,0.0,0.0
76.0,40.0,118.0,78.0,39.0,1.95,35.25037984692859,70.50075969385716,0.5673697726619712,0.0,0.0,1.0,inf,40.0,inf,173.0,1.0,172.0,0.0,0.0,0.0,0.0,0.0,0.0
77.0,40.0,118.0,78.0,39.0,1.95,35.25037984692859,70.50075969385716,0.5673697726619712,0.0,0.0,1.0,inf,40.0,inf,187.0,0.0,187.0,0.0,0.0,0.0,0.0,0.0,0.0
78.0,41.0,121.0,80.0,40.0,1.951219512195122,36.214518151284096,72.42903630256818,0.5660713174302753,0.0,0.0,1.0,inf,41.0,inf,187.0,1.0,186.0,0.0,0.0,0.0,0.0,0.0,0.0
79.0,41.0,121.0,80.0,40.0,1.951219512195122,36.214518151284096,72.42903630256818,0.5660713174302753,0.0,0.0,1.0,inf,41.0,inf,175.0,0.0,175.0,0.0,0.0,0.0,0.0,0.0,0.0
80.0,42.0,124.0,82.0,41.0,1.9523809523809523,37.13786771504971,74.2757354300994,0.5654605741268767,0.0,0.0,1.0,inf,42.0,inf,197.0,1.0,196.0,0.0,0.0,0.0,0.0,0.0,0.0
81.0,42.0,124.0,82.0,41.0,1.9523809523809523,37.13786771504971,74.2757354300994,0.5654605741268767,0.0,0.0,1.0,inf,42.0,inf,179.0,0.0,179.0,0.0,0.0,0.0,0.0,0.0,0.0
82.0,43.0,127.0,84.0,42.0,1.9534883720930232,38.06610255053336,76.1322051010667,0.5648069689156753,0.0,0.0,1.0,inf,43.0,inf,193.0,1.0,192.0,0.0,0.0,0.0,0.0,0.0,0.0
83.0,43.0,127.0,84.0,42.0,1.9534883720930232,38.06610255053336,76.1322051010667,0.5648069689156753,0.0,0.0,1.0,inf,43.0,inf,201.0,0.0,201.0,0.0,0.0,0.0,0.0,0.0,0.0
84.0,44.0,130.0,86.0,43.0,1.9545454545454546,38.96322015306202,77.92644030612402,0.5646350561780012,0.0,0.0,1.0,inf,44.0,inf,188.0,1.0,187.0,0.0,0.0,0.0,0.0,0.0,0.0
85.0,44.0,130.0,86.0,43.0,1.9545454545454546,38.96322015306202,77.92644030612402,0.5646350561780012,0.0,0.0,1.0,inf,44.0,inf,185.0,0.0,185.0,0.0,0.0,0.0,0.0,0.0,0.0
86.0,45.0,133.0,88.0,44.0,1.9555555555555555,39.93503951016843,79.87007902033685,0.5634149928478462,0.0,0.0,1.0,inf,45.0,inf,191.0,1.0,190.0,0.0,0.0,0.0,0.0,0.0,0.0
87.0,45.0,133.0,88.0,44.0,1.9555555555555555,39.93503951016843,79.87007902033685,0.5634149928478462,0.0,0.0,1.0,inf,45.0,inf,195.0,0.0,195.0,0.0,0.0,0.0,0.0,0.0,0.0
88.0,46.0,136.0,90.0,45.0,1.9565217391304348,40.87775201994481,81.7555040398896,0.5626532493464413,0.0,0.0,1.0,inf,46.0,inf,188.0,1.0,187.0,0.0,0.0,0.0,0.0,0.0,0.0
89.0,46.0,136.0,90.0,45.0,1.9565217391304348,40.87775201994481,81.7555040398896,0.5626532493464413,0.0,0.0,1.0,inf,46.0,inf,174.0,0.0,174.0,0.0,0.0,0.0,0.0,0.0,0.0
90.0,47.0,139.0,92.0,46.0,1.9574468085106382,41.75038428014808,83.50076856029615,0.5628690706728185,0.0,0.0,1.0,inf,47.0,inf,190.0,1.0,189.0,0.0,0.0,0.0,0.0,0.0,0.0
91.0,47.0,139.0,92.0,46.0,1.9574468085106382,41.75038428014808,83.50076856029615,0.5628690706728185,0.0,0.0,1.0,inf,47.0,inf,189.0,0.0,189.0,0.0,0.0,0.0,0.0,0.0,0.0
92.0,48.0,142.0,94.0,47.0,1.9583333333333333,42.643176874968894,85.28635374993777,0.5628098504567036,0.0,0.0,1.0,inf,48.0,inf,189.0,1.0,188.0,0.0,0.0,0.0,0.0,0.0,0.0
93.0,48.0,142.0,94.0,47.0,1.9583333333333333,42.643176874968894,85.28635374993777,0.5628098504567036,0.0,0.0,1.0,inf,48.0,inf,193.0,0.0,193.0,0.0,0.0,0.0,0.0,0.0,0.0
94.0,49.0,145.0,96.0,48.0,1.9591836734693877,43.531917201178175,87.06383440235633,0.562805444262329,0.0,0.0,1.0,inf,49.0,inf,193.0,1.0,192.0,0.0,0.0,0.0,0.0,0.0,0.0
95.0,49.0,145.0,96.0,48.0,1.9591836734693877,43.531917201178175,87.06383440235633,0.562805444262329,0.0,0.0,1.0,inf,49.0,inf,196.0,0.0,196.0,0.0,0.0,0.0,0.0,0.0,0.0
96.0,50.0,148.0,98.0,49.0,1.96,44.41792025889975,88.83584051779948,0.5628358971847833,0.0,0.0,1.0,inf,50.0,inf,199.0,1.0,198.0,0.0,0.0,0.0,0.0,0.0,0.0
97.0,50.0,148.0,98.0,49.0,1.96,44.41792025889975,88.83584051779948,0.5628358971847833,0.0,0.0,1.0,inf,50.0,inf,193.0,0.0,193.0,0.0,0.0,0.0,0.0,0.0,0.0
98.0,51.0,151.0,100.0,50.0,1.9607843137254901,45.33721637866117,90.67443275732232,0.5624518229575751,0.0,0.0,1.0,inf,51.0,inf,184.0,1.0,183.0,0.0,0.0,0.0,0.0,0.0,0.0
99.0,51.0,151.0,100.0,50.0,1.9607843137254901,45.33721637866117,90.67443275732232,0.5624518229575751,0.0,0.0,1.0,inf,51.0,inf,187.0,0.0,187.0,0.0,0.0,0.0,0.0,0.0,0.0
100.0,52.0,154.0,102.0,51.0,1.9615384615384615,46.23878722706646,92.4775744541329,0.5622984848698751,0.0,0.0,1.0,inf,52.0,inf,192.0,1.0,191.0,0.0,0.0,0.0,0.0,0.0,0.0
101.0,52.0,154.0,102.0,51.0,1.9615384615384615,46.23878722706646,92.4775744541329,0.5622984848698751,0.0,0.0,1.0,inf,52.0,inf,196.0,0.0,196.0,0.0,0.0,0.0,0.0,0.0,0.0
102.0,53.0,157.0,104.0,52.0,1.9622641509433962,47.151398445637874,94.30279689127573,0.5620193859266459,0.0,0.0,1.0,inf,53.0,inf,201.0,1.0,200.0,0.0,0.0,0.0,0.0,0.0,0.0
103.0,53.0,157.0,104.0,52.0,1.9622641509433962,47.151398445637874,94.30279689127573,0.5620193859266459,0.0,0.0,1.0,inf,53.0,inf,198.0,0.0,198.0,0.0,0.0,0.0,0.0,0.0,0.0
104.0,54.0,160.0,106.0,53.0,1.962962962962963,48.06949563389838,96.13899126779674,0.5616867754476653,0.0,0.0,1.0,inf,54.0,inf,203.0,1.0,202.0,0.0,0.0,0.0,0.0,0.0,0.0
105.0,54.0,160.0,106.0,53.0,1.962962962962963,48.06949563389838,96.13899126779674,0.5616867754476653,0.0,0.0,1.0,inf,54.0,inf,197.0,0.0,197.0,0.0,0.0,0.0,0.0,0.0,0.0
106.0,55.0,163.0,108.0,54.0,1.9636363636363636,48.93712499625264,97.87424999250527,0.5619455577356826,0.0,0.0,1.0,inf,55.0,inf,202.0,1.0,201.0,0.0,0.0,0.0,0.0,0.0,0.0
107.0,55.0,163.0,108.0,54.0,1.9636363636363636,48.93712499625264,97.87424999250527,0.5619455577356826,0.0,0.0,1.0,inf,55.0,inf,193.0,0.0,193.0,0.0,0.0,0.0,0.0,0.0,0.0
108.0,56.0,166.0,110.0,55.0,1.9642857142857142,49.81980261430076,99.63960522860151,0.5620255105539621,0.0,0.0,1.0,inf,56.0,inf,201.0,1.0,200.0,0.0,0.0,0.0,0.0,0.0,0.0
109.0,56.0,166.0,110.0,55.0,1.9642857142857142,49.81980261430076,99.63960522860151,0.5620255105539621,0.0,0.0,1.0,inf,56.0,inf,194.0,0.0,194.0,0.0,0.0,0.0,0.0,0.0,0.0
110.0,57.0,169.0,112.0,56.0,1.9649122807017543,50.70136768197141,101.40273536394281,0.5621150139137991,0.0,0.0,1.0,inf,57.0,inf,198.0,1.0,197.0,0.0,0.0,0.0,0.0,0.0,0.0
111.0,57.0,169.0,112.0,56.0,1.9649122807017543,50.70136768197141,101.40273536394281,0.5621150139137991,0.0,0.0,1.0,inf,57.0,inf,201.0,0.0,201.0,0.0,0.0,0.0,0.0,0.0,0.0
112.0,58.0,172.0,114.0,57.0,1.9655172413793103,51.56836869774611,103.1367373954922,0.5623602361745351,0.0,0.0,1.0,inf,58.0,inf,210.0,1.0,209.0,0.0,0.0,0.0,0.0,0.0,0.0
113.0,58.0,172.0,114.0,57.0,1.9655172413793103,51.56836869774611,103.1367373954922,0.5623602361745351,0.0,0.0,1.0,inf,58.0,inf,191.0,0.0,191.0,0.0,0.0,0.0,0.0,0.0,0.0
114.0,59.0,175.0,116.0,58.0,1.9661016949152543,52.47602478754593,104.95204957509185,0.5621614845909823,0.0,0.0,1.0,inf,59.0,inf,202.0,1.0,201.0,0.0,0.0,0.0,0.0,0.0,0.0
115.0,59.0,175.0,116.0,58.0,1.9661016949152543,52.47602478754593,104.95204957509185,0.5621614845909823,0.0,0.0,1.0,inf,59.0,inf,205.0,0.0,205.0,0.0,0.0,0.0,0.0,0.0,0.0
116.0,60.0,178.0,118.0,59.0,1.9666666666666666,53.43905426463914,106.87810852927826,0.5613871804586021,0.0,0.0,1.0,inf,60.0,inf,209.0,1.0,208.0,0.0,0.0,0.0,0.0,0.0,0.0
117.0,60.0,178.0,118.0,59.0,1.9666666666666666,53.43905426463914,106.87810852927826,0.5613871804586021,0.0,0.0,1.0,inf,60.0,inf,206.0,0.0,206.0,0.0,0.0,0.0,0.0,0.0,0.0
118.0,61.0,181.0,120.0,60.0,1.9672131147540983,54.33185960710782,108.66371921421563,0.5613649195988484,0.0,0.0,1.0,inf,61.0,inf,192.0,1.0,191.0,0.0,0.0,0.0,0.0,0.0,0.0
119.0,61.0,181.0,120.0,60.0,1.9672131147540983,54.33185960710782,108.66371921421563,0.5613649195988484,0.0,0.0,1.0,inf,61.0,inf,201.0,0.0,201.0,0.0,0.0,0.0,0.0,0.0,0.0
120.0,62.0,184.0,122.0,61.0,1.967741935483871,55.2761528527345,110.55230570546898,0.5608205057719831,0.0,0.0,1.0,inf,62.0,inf,197.0,1.0,196.0,0.0,0.0,0.0,0.0,0.0,0.0
121.0,62.0,184.0,122.0,61.0,1.967741935483871,55.2761528527345,110.55230570546898,0.5608205057719831,0.0,0.0,1.0,inf,62.0,inf,200.0,0.0,200.0,0.0,0.0,0.0,0.0,0.0,0.0
122.0,63.0,187.0,124.0,62.0,1.9682539682539681,56.17572012055857,112.35144024111713,0.5607404752871513,0.0,0.0,1.0,inf,63.0,inf,191.0,1.0,190.0,0.0,0.0,0.0,0.0,0.0,0.0
123.0,63.0,187.0,124.0,62.0,1.9682539682539681,56.17572012055857,112.35144024111713,0.5607404752871513,0.0,0.0,1.0,inf,63.0,inf,204.0,0.0,204.0,0.0,0.0,0.0,0.0,0.0,0.0
124.0,64.0,190.0,126.0,63.0,1.96875,57.05458885423684,114.10917770847367,0.5608663675020717,0.0,0.0,1.0,inf,64.0,inf,195.0,1.0,194.0,0.0,0.0,0.0,0.0,0.0,0.0
125.0,64.0,190.0,126.0,63.0,1.96875,57.05458885423684,114.10917770847367,0.5608663675020717,0.0,0.0,1.0,inf,64.0,inf,207.0,0.0,207.0,0.0,0.0,0.0,0.0,0.0,0.0
126.0,65.0,193.0,128.0,64.0,1.9692307692307693,57.906564178317154,115.8131283566343,0.5612489786118148,0.0,0.0,1.0,inf,65.0,inf,203.0,1.0,202.0,0.0,0.0,0.0,0.0,0.0,0.0
127.0,65.0,193.0,128.0,64.0,1.9692307692307693,57.906564178317154,115.8131283566343,0.5612489786118148,0.0,0.0,1.0,inf,65.0,inf,196.0,0.0,196.0,0.0,0.0,0.0,0.0,0.0,0.0
128.0,66.0,196.0,130.0,65.0,1.9696969696969697,58.82878260356154,117.65756520712307,0.5609499047835499,0.0,0.0,1.0,inf,66.0,inf,198.0,1.0,197.0,0.0,0.0,0.0,0.0,0.0,0.0
129.0,66.0,196.0,130.0,65.0,1.9696969696969697,58.82878260356154,117.65756520712307,0.5609499047835499,0.0,0.0,1.0,inf,66.0,inf,198.0,0.0,198.0,0.0,0.0,0.0,0.0,0.0,0.0
130.0,67.0,199.0,132.0,66.0,1.9701492537313432,59.738765833438734,119.47753166687745,0.5607748926953626,0.0,0.0,1.0,inf,67.0,inf,203.0,1.0,202.0,0.0,0.0,0.0,0.0,0.0,0.0
131.0,67.0,199.0,132.0,66.0,1.9701492537313432,59.738765833438734,119.47753166687745,0.5607748926953626,0.0,0.0,1.0,inf,67.0,inf,204.0,0.0,204.0,0.0,0.0,0.0,0.0,0.0,0.0
132.0,68.0,202.0,134.0,67.0,1.9705882352941178,60.6846340390664,121.36926807813279,0.560273626732463,0.0,0.0,1.0,inf,68.0,inf,202.0,1.0,201.0,0.0,0.0,0.0,0.0,0.0,0.0
133.0,68.0,202.0,134.0,67.0,1.9705882352941178,60.6846340390664,121.36926807813279,0.560273626732463,0.0,0.0,1.0,inf,68.0,inf,196.0,0.0,196.0,0.0,0.0,0.0,0.0,0.0,0.0
134.0,69.0,205.0,136.0,68.0,1.9710144927536233,61.59023188304888,123.18046376609774,0.5601537605104429,0.0,0.0,1.0,inf,69.0,inf,196.0,1.0,195.0,0.0,0.0,0.0,0.0,0.0,0.0
135.0,69.0,205.0,136.0,68.0,1.9710144927536233,61.59023188304888,123.18046376609774,0.5601537605104429,0.0,0.0,1.0,inf,69.0,inf,195.0,0.0,195.0,0.0,0.0,0.0,0.0,0.0,0.0
136.0,70.0,208.0,138.0,69.0,1.9714285714285715,62.51672986629773,125.03345973259545,0.5598501405120395,0.0,0.0,1.0,inf,70.0,inf,196.0,1.0,195.0,0.0,0.0,0.0,0.0,0.0,0.0
137.0,70.0,208.0,138.0,69.0,1.9714285714285715,62.51672986629773,125.03345973259545,0.5598501405120395,0.0,0.0,1.0,inf,70.0,inf,208.0,0.0,208.0,0.0,0.0,0.0,0.0,0.0,0.0
138.0,71.0,211.0,140.0,70.0,1.971830985915493,63.497034686619905,126.9940693732398,0.5590812260006303,0.0,0.0,1.0,inf,71.0,inf,202.0,1.0,201.0,0.0,0.0,0.0,0.0,0.0,0.0
139.0,71.0,211.0,140.0,70.0,1.971830985915493,63.497034686619905,126.9940693732398,0.5590812260006303,0.0,0.0,1.0,inf,71.0,inf,201.0,0.0,201.0,0.0,0.0,0.0,0.0,0.0,0.0
140.0,72.0,214.0,142.0,71.0,1.9722222222222223,64.36098577648625,128.72197155297246,0.559345068532998,0.0,0.0,1.0,inf,72.0,inf,202.0,1.0,201.0,0.0,0.0,0.0,0.0,0.0,0.0
141.0,72.0,214.0,142.0,71.0,1.9722222222222223,64.36098577648625,128.72197155297246,0.559345068532998,0.0,0.0,1.0,inf,72.0,inf,200.0,0.0,200.0,0.0,0.0,0.0,0.0,0.0,0.0
142.0,73.0,217.0,144.0,72.0,1.9726027397260273,65.33060197327302,130.661203946546,0.5586968265642537,0.0,0.0,1.0,inf,73.0,inf,198.0,1.0,197.0,0.0,0.0,0.0,0.0,0.0,0.0
143.0,73.0,217.0,144.0,72.0,1.9726027397260273,65.33060197327302,130.661203946546,0.5586968265642537,0.0,0.0,1.0,inf,73.0,inf,204.0,0.0,204.0,0.0,0.0,0.0,0.0,0.0,0.0
144.0,74.0,220.0,146.0,73.0,1.972972972972973,66.2789743760945,132.55794875218896,0.5582464174844741,0.0,0.0,1.0,inf,74.0,inf,198.0,1.0,197.0,0.0,0.0,0.0,0.0,0.0,0.0
145.0,74.0,220.0,146.0,73.0,1.972972972972973,66.2789743760945,132.55794875218896,0.5582464174844741,0.0,0.0,1.0,inf,74.0,inf,202.0,0.0,202.0,0.0,0.0,0.0,0.0,0.0,0.0
146.0,75.0,223.0,148.0,74.0,1.9733333333333334,67.24653626826597,134.4930725365319,0.5576495397532687,0.0,0.0,1.0,inf,75.0,inf,211.0,1.0,210.0,0.0,0.0,0.0,0.0,0.0,0.0
147.0,75.0,223.0,148.0,74.0,1.9733333333333334,67.24653626826597,134.4930725365319,0.5576495397532687,0.0,0.0,1.0,inf,75.0,inf,195.0,0.0,195.0,0.0,0.0,0.0,0.0,0.0,0.0
148.0,76.0,226.0,150.0,75.0,1.9736842105263157,68.24540383759538,136.49080767519072,0.5568140543270751,0.0,0.0,1.0,inf,76.0,inf,194.0,1.0,193.0,0.0,0.0,0.0,0.0,0.0,0.0
149.0,76.0,226.0,150.0,75.0,1.9736842105263157,68.24540383759538,136.49080767519072,0.5568140543270751,0.0,0.0,1.0,inf,76.0,inf,193.0,0.0,193.0,0.0,0.0,0.0,0.0,0.0,0.0
150.0,77.0,229.0,152.0,76.0,1.974025974025974,69.16490417919373,138.32980835838742,0.5566406902011096,0.0,0.0,1.0,inf,77.0,inf,211.0,1.0,210.0,0.0,0.0,0.0,0.0,0.0,0.0
151.0,77.0,229.0,152.0,76.0,1.974025974025974,69.16490417919373,138.32980835838742,0.5566406902011096,0.0,0.0,1.0,inf,77.0,inf,204.0,0.0,204.0,0.0,0.0,0.0,0.0,0.0,0.0
152.0,78.0,232.0,154.0,77.0,1.9743589743589745,70.14561329767334,140.29122659534664,0.5559863000198988,0.0,0.0,1.0,inf,78.0,inf,207.0,1.0,206.0,0.0,0.0,0.0,0.0,0.0,0.0
153.0,78.0,232.0,154.0,77.0,1.9743589743589745,70.14561329767334,140.29122659534664,0.5559863000198988,0.0,0.0,1.0,inf,78.0,inf,201.0,0.0,201.0,0.0,0.0,0.0,0.0,0.0,0.0
154.0,79.0,235.0,156.0,78.0,1.9746835443037976,71.01841416977281,142.0368283395456,0.5561937768079899,0.0,0.0,1.0,inf,79.0,inf,210.0,1.0,209.0,0.0,0.0,0.0,0.0,0.0,0.0
155.0,79.0,235.0,156.0,78.0,1.9746835443037976,71.01841416977281,142.0368283395456,0.5561937768079899,0.0,0.0,1.0,inf,79.0,inf,208.0,0.0,208.0,0.0,0.0,0.0,0.0,0.0,0.0
156.0,80.0,238.0,158.0,79.0,1.975,71.88747846745727,143.7749569349145,0.5564251362371487,0.0,0.0,1.0,inf,80.0,inf,204.0,1.0,203.0,0.0,0.0,0.0,0.0,0.0,0.0
157.0,80.0,238.0,158.0,79.0,1.975,71.88747846745727,143.7749569349145,0.5564251362371487,0.0,0.0,1.0,inf,80.0,inf,205.0,0.0,205.0,0.0,0.0,0.0,0.0,0.0,0.0
158.0,81.0,241.0,160.0,80.0,1.9753086419753085,72.74702836307864,145.49405672615725,0.5567237715589631,0.0,0.0,1.0,inf,81.0,inf,204.0,1.0,203.0,0.0,0.0,0.0,0.0,0.0,0.0
159.0,81.0,241.0,160.0,80.0,1.9753086419753085,72.74702836307864,145.49405672615725,0.5567237715589631,0.0,0.0,1.0,inf,81.0,inf,195.0,0.0,195.0,0.0,0.0,0.0,0.0,0.0,0.0
160.0,82.0,244.0,162.0,81.0,1.975609756097561,73.63303431518304,147.26606863036605,0.5568152987489456,0.0,0.0,1.0,inf,82.0,inf,201.0,1.0,200.0,0.0,0.0,0.0,0.0,0.0,0.0
161.0,82.0,244.0,162.0,81.0,1.975609756097561,73.63303431518304,147.26606863036605,0.5568152987489456,0.0,0.0,1.0,inf,82.0,inf,204.0,0.0,204.0,0.0,0.0,0.0,0.0,0.0,0.0
162.0,83.0,247.0,164.0,82.0,1.9759036144578312,74.60079275273432,149.2015855054686,0.5562943565164583,0.0,0.0,1.0,inf,83.0,inf,206.0,1.0,205.0,0.0,0.0,0.0,0.0,0.0,0.0
163.0,83.0,247.0,164.0,82.0,1.9759036144578312,74.60079275273432,149.2015855054686,0.5562943565164583,0.0,0.0,1.0,inf,83.0,inf,199.0,0.0,199.0,0.0,0.0,0.0,0.0,0.0,0.0
164.0,84.0,250.0,166.0,83.0,1.9761904761904763,75.51924459890253,151.03848919780503,0.5561496307738539,0.0,0.0,1.0,inf,84.0,inf,203.0,1.0,202.0,0.0,0.0,0.0,0.0,0.0,0.0
165.0,84.0,250.0,166.0,83.0,1.9761904761904763,75.51924459890253,151.03848919780503,0.5561496307738539,0.0,0.0,1.0,inf,84.0,inf,209.0,0.0,209.0,0.0,0.0,0.0,0.0,0.0,0.0
166.0,85.0,253.0,168.0,84.0,1.9764705882352942,76.42057784968155,152.84115569936307,0.5561329316770811,0.0,0.0,1.0,inf,85.0,inf,208.0,1.0,207.0,0.0,0.0,0.0,0.0,0.0,0.0
167.0,85.0,253.0,168.0,84.0,1.9764705882352942,76.42057784968155,152.84115569936307,0.5561329316770811,0.0,0.0,1.0,inf,85.0,inf,206.0,0.0,206.0,0.0,0.0,0.0,0.0,0.0,0.0
168.0,86.0,256.0,170.0,85.0,1.9767441860465116,77.36916738671343,154.73833477342683,0.555776951625621,0.0,0.0,1.0,inf,86.0,inf,202.0,1.0,201.0,0.0,0.0,0.0,0.0,0.0,0.0
169.0,86.0,256.0,170.0,85.0,1.9767441860465116,77.36916738671343,154.73833477342683,0.555776951625621,0.0,0.0,1.0,inf,86.0,inf,201.0,0.0,201.0,0.0,0.0,0.0,0.0,0.0,0.0
170.0,87.0,259.0,172.0,86.0,1.9770114942528736,78.32369718348129,156.64739436696254,0.555387469747461,0.0,0.0,1.0,inf,87.0,inf,209.0,1.0,208.0,0.0,0.0,0.0,0.0,0.0,0.0
171.0,87.0,259.0,172.0,86.0,1.9770114942528736,78.32369718348129,156.64739436696254,0.555387469747461,0.0,0.0,1.0,inf,87.0,inf,207.0,0.0,207.0,0.0,0.0,0.0,0.0,0.0,0.0
172.0,88.0,262.0,174.0,87.0,1.9772727272727273,79.223305478321,158.44661095664196,0.5553921252634474,0.0,0.0,1.0,inf,88.0,inf,205.0,1.0,204.0,0.0,0.0,0.0,0.0,0.0,0.0
173.0,88.0,262.0,174.0,87.0,1.9772727272727273,79.223305478321,158.44661095664196,0.5553921252634474,0.0,0.0,1.0,inf,88.0,inf,208.0,0.0,208.0,0.0,0.0,0.0,0.0,0.0,0.0
174.0,89.0,265.0,176.0,88.0,1.9775280898876404,80.19604047993028,160.39208095986052,0.5548902381425739,0.0,0.0,1.0,inf,89.0,inf,206.0,1.0,205.0,0.0,0.0,0.0,0.0,0.0,0.0
175.0,89.0,265.0,176.0,88.0,1.9775280898876404,80.19604047993028,160.39208095986052,0.5548902381425739,0.0,0.0,1.0,inf,89.0,inf,207.0,0.0,207.0,0.0,0.0,0.0,0.0,0.0,0.0
176.0,90.0,268.0,178.0,89.0,1.9777777777777779,81.07775210951407,162.1555042190281,0.55502278774598,0.0,0.0,1.0,inf,90.0,inf,207.0,1.0,206.0,0.0,0.0,0.0,0.0,0.0,0.0
177.0,90.0,268.0,178.0,89.0,1.9777777777777779,81.07775210951407,162.1555042190281,0.55502278774598,0.0,0.0,1.0,inf,90.0,inf,213.0,0.0,213.0,0.0,0.0,0.0,0.0,0.0,0.0
178.0,91.0,271.0,180.0,90.0,1.978021978021978,82.07677614645792,164.1535522929158,0.5543590055097893,0.0,0.0,1.0,inf,91.0,inf,206.0,1.0,205.0,0.0,0.0,0.0,0.0,0.0,0.0
179.0,91.0,271.0,180.0,90.0,1.978021978021978,82.07677614645792,164.1535522929158,0.5543590055097893,0.0,0.0,1.0,inf,91.0,inf,204.0,0.0,204.0,0.0,0.0,0.0,0.0,0.0,0.0
180.0,92.0,274.0,182.0,91.0,1.9782608695652173,82.94646359287783,165.89292718575564,0.5545745774742081,0.0,0.0,1.0,inf,92.0,inf,199.0,1.0,198.0,0.0,0.0,0.0,0.0,0.0,0.0
181.0,92.0,274.0,182.0,91.0,1.9782608695652173,82.94646359287783,165.89292718575564,0.5545745774742081,0.0,0.0,1.0,inf,92.0,inf,213.0,0.0,213.0,0.0,0.0,0.0,0.0,0.0,0.0
182.0,93.0,277.0,184.0,92.0,1.978494623655914,83.81540848750262,167.63081697500522,0.5547905908844128,0.0,0.0,1.0,inf,93.0,inf,208.0,1.0,207.0,0.0,0.0,0.0,0.0,0.0,0.0
183.0,93.0,277.0,184.0,92.0,1.978494623655914,83.81540848750262,167.63081697500522,0.5547905908844128,0.0,0.0,1.0,inf,93.0,inf,202.0,0.0,202.0,0.0,0.0,0.0,0.0,0.0,0.0
184.0,94.0,280.0,186.0,93.0,1.9787234042553192,84.70564392936183,169.41128785872363,0.554862672895734,0.0,0.0,1.0,inf,94.0,inf,205.0,1.0,204.0,0.0,0.0,0.0,0.0,0.0,0.0
185.0,94.0,280.0,186.0,93.0,1.9787234042553192,84.70564392936183,169.41128785872363,0.554862672895734,0.0,0.0,1.0,inf,94.0,inf,210.0,0.0,210.0,0.0,0.0,0.0,0.0,0.0,0.0
186.0,95.0,283.0,188.0,94.0,1.9789473684210526,85.6877610372292,171.37552207445836,0.5543382091564096,0.0,0.0,1.0,inf,95.0,inf,212.0,1.0,211.0,0.0,0.0,0.0,0.0,0.0,0.0
187.0,95.0,283.0,188.0,94.0,1.9789473684210526,85.6877610372292,171.37552207445836,0.5543382091564096,0.0,0.0,1.0,inf,95.0,inf,206.0,0.0,206.0,0.0,0.0,0.0,0.0,0.0,0.0
188.0,96.0,286.0,190.0,95.0,1.9791666666666667,86.60375902385958,173.20751804771913,0.5542484592011285,0.0,0.0,1.0,inf,96.0,inf,212.0,1.0,211.0,0.0,0.0,0.0,0.0,0.0,0.0
189.0,96.0,286.0,190.0,95.0,1.9791666666666667,86.60375902385958,173.20751804771913,0.5542484592011285,0.0,0.0,1.0,inf,96.0,inf,202.0,0.0,202.0,0.0,0.0,0.0,0.0,0.0,0.0
190.0,97.0,289.0,192.0,96.0,1.9793814432989691,87.47276873342716,174.9455374668543,0.5544582697251018,0.0,0.0,1.0,inf,97.0,inf,206.0,1.0,205.0,0.0,0.0,0.0,0.0,0.0,0.0
191.0,97.0,289.0,192.0,96.0,1.9793814432989691,87.47276873342716,174.9455374668543,0.5544582697251018,0.0,0.0,1.0,inf,97.0,inf,204.0,0.0,204.0,0.0,0.0,0.0,0.0,0.0,0.0
192.0,98.0,292.0,194.0,97.0,1.9795918367346939,88.33938175979213,176.67876351958424,0.5546790007342169,0.0,0.0,1.0,inf,98.0,inf,200.0,1.0,199.0,0.0,0.0,0.0,0.0,0.0,0.0
193.0,98.0,292.0,194.0,97.0,1.9795918367346939,88.33938175979213,176.67876351958424,0.5546790007342169,0.0,0.0,1.0,inf,98.0,inf,202.0,0.0,202.0,0.0,0.0,0.0,0.0,0.0,0.0
194.0,99.0,295.0,196.0,98.0,1.97979797979798,89.23932488107339,178.47864976214674,0.5546881945371863,0.0,0.0,1.0,inf,99.0,inf,217.0,1.0,216.0,0.0,0.0,0.0,0.0,0.0,0.0
195.0,99.0,295.0,196.0,98.0,1.97979797979798,89.23932488107339,178.47864976214674,0.5546881945371863,0.0,0.0,1.0,inf,99.0,inf,210.0,0.0,210.0,0.0,0.0,0.0,0.0,0.0,0.0
196.0,100.0,298.0,198.0,99.0,1.98,90.14082984803206,180.28165969606408,0.5546875936719768,0.0,0.0,1.0,inf,100.0,inf,207.0,1.0,206.0,0.0,0.0,0.0,0.0,0.0,0.0
197.0,100.0,298.0,198.0,99.0,1.98,90.14082984803206,180.28165969606408,0.5546875936719768,0.0,0.0,1.0,inf,100.0,inf,204.0,0.0,204.0,0.0,0.0,0.0,0.0,0.0,0.0
198.0,101.0,301.0,200.0,100.0,1.9801980198019802,91.00759563045561,182.0151912609112,0.5548987383982731,0.0,0.0,1.0,inf,101.0,inf,203.0,1.0,202.0,0.0,0.0,0.0,0.0,0.0,0.0
199.0,101.0,301.0,200.0,100.0,1.9801980198019802,91.00759563045561,182.0151912609112,0.5548987383982731,0.0,0.0,1.0,inf,101.0,inf,202.0,0.0,202.0,0.0,0.0,0.0,0.0,0.0,0.0
200.0,102.0,304.0,202.0,101.0,1.9803921568627452,91.90434495051682,183.8086899010336,0.5549247973799221,0.0,0.0,1.0,inf,102.0,inf,205.0,1.0,204.0,0.0,0.0,0.0,0.0,0.0,0.0
201.0,102.0,304.0,202.0,101.0,1.9803921568627452,91.90434495051682,183.8086899010336,0.5549247973799221,0.0,0.0,1.0,inf,102.0,inf,211.0,0.0,211.0,0.0,0.0,0.0,0.0,0.0,0.0
202.0,103.0,307.0,204.0,102.0,1.9805825242718447,92.81646909866812,185.63293819733622,0.5548584265283046,0.0,0.0,1.0,inf,103.0,inf,201.0,1.0,200.0,0.0,0.0,0.0,0.0,0.0,0.0
203.0,103.0,307.0,204.0,102.0,1.9805825242718447,92.81646909866812,185.63293819733622,0.5548584265283046,0.0,0.0,1.0,inf,103.0,inf,204.0,0.0,204.0,0.0,0.0,0.0,0.0,0.0,0.0
204.0,104.0,310.0,206.0,103.0,1.9807692307692308,93.77054014210626,187.54108028421248,0.5545451686765979,0.0,0.0,1.0,inf,104.0,inf,206.0,1.0,205.0,0.0,0.0,0.0,0.0,0.0,0.0
205.0,104.0,310.0,206.0,103.0,1.9807692307692308,93.77054014210626,187.54108028421248,0.5545451686765979,0.0,0.0,1.0,inf,104.0,inf,209.0,0.0,209.0,0.0,0.0,0.0,0.0,0.0,0.0
206.0,105.0,313.0,208.0,104.0,1.980952380952381,94.64279813481853,189.28559626963704,0.5547173269878796,0.0,0.0,1.0,inf,105.0,inf,213.0,1.0,212.0,0.0,0.0,0.0,0.0,0.0,0.0
207.0,105.0,313.0,208.0,104.0,1.980952380952381,94.64279813481853,189.28559626963704,0.5547173269878796,0.0,0.0,1.0,inf,105.0,inf,210.0,0.0,210.0,0.0,0.0,0.0,0.0,0.0,0.0
208.0,106.0,316.0,210.0,105.0,1.9811320754716981,95.57651604876965,191.15303209753927,0.5545295245220677,0.0,0.0,1.0,inf,106.0,inf,213.0,1.0,212.0,0.0,0.0,0.0,0.0,0.0,0.0
209.0,106.0,316.0,210.0,105.0,1.9811320754716981,95.57651604876965,191.15303209753927,0.5545295245220677,0.0,0.0,1.0,inf,106.0,inf,202.0,0.0,202.0,0.0,0.0,0.0,0.0,0.0,0.0
210.0,107.0,319.0,212.0,106.0,1.9813084112149533,96.48570196275014,192.97140392550025,0.5544863011998871,0.0,0.0,1.0,inf,107.0,inf,202.0,1.0,201.0,0.0,0.0,0.0,0.0,0.0,0.0
211.0,107.0,319.0,212.0,106.0,1.9813084112149533,96.48570196275014,192.97140392550025,0.5544863011998871,0.0,0.0,1.0,inf,107.0,inf,205.0,0.0,205.0,0.0,0.0,0.0,0.0,0.0,0.0
212.0,108.0,322.0,214.0,107.0,1.9814814814814814,97.35843412807137,194.7168682561427,0.554651484317887,0.0,0.0,1.0,inf,108.0,inf,208.0,1.0,207.0,0.0,0.0,0.0,0.0,0.0,0.0
213.0,108.0,322.0,214.0,107.0,1.9814814814814814,97.35843412807137,194.7168682561427,0.554651484317887,0.0,0.0,1.0,inf,108.0,inf,210.0,0.0,210.0,0.0,0.0,0.0,0.0,0.0,0.0
214.0,109.0,325.0,216.0,108.0,1.981651376146789,98.21279798227468,196.42559596454933,0.5549174966976921,0.0,0.0,1.0,inf,109.0,inf,206.0,1.0,205.0,0.0,0.0,0.0,0.0,0.0,0.0
215.0,109.0,325.0,216.0,108.0,1.981651376146789,98.21279798227468,196.42559596454933,0.5549174966976921,0.0,0.0,1.0,inf,109.0,inf,202.0,0.0,202.0,0.0,0.0,0.0,0.0,0.0,0.0
216.0,110.0,328.0,218.0,109.0,1.981818181818182,99.10360296104542,198.20720592209082,0.5549747774722057,0.0,0.0,1.0,inf,110.0,inf,207.0,1.0,206.0,0.0,0.0,0.0,0.0,0.0,0.0
217.0,110.0,328.0,218.0,109.0,1.981818181818182,99.10360296104542,198.20720592209082,0.5549747774722057,0.0,0.0,1.0,inf,110.0,inf,206.0,0.0,206.0,0.0,0.0,0.0,0.0,0.0,0.0
218.0,111.0,331.0,220.0,110.0,1.981981981981982,100.06029740994933,200.12059481989863,0.5546655510388425,0.0,0.0,1.0,inf,111.0,inf,213.0,1.0,212.0,0.0,0.0,0.0,0.0,0.0,0.0
219.0,111.0,331.0,220.0,110.0,1.981981981981982,100.06029740994933,200.12059481989863,0.5546655510388425,0.0,0.0,1.0,inf,111.0,inf,203.0,0.0,203.0,0.0,0.0,0.0,0.0,0.0,0.0
220.0,112.0,334.0,222.0,111.0,1.9821428571428572,100.9122342137805,201.82446842756096,0.5549376687207733,0.0,0.0,1.0,inf,112.0,inf,209.0,1.0,208.0,0.0,0.0,0.0,0.0,0.0,0.0
221.0,112.0,334.0,222.0,111.0,1.9821428571428572,100.9122342137805,201.82446842756096,0.5549376687207733,0.0,0.0,1.0,inf,112.0,inf,207.0,0.0,207.0,0.0,0.0,0.0,0.0,0.0,0.0
222.0,113.0,337.0,224.0,112.0,1.9823008849557522,101.77645725352366,203.5529145070473,0.5551382070537132,0.0,0.0,1.0,inf,113.0,inf,206.0,1.0,205.0,0.0,0.0,0.0,0.0,0.0,0.0
223.0,113.0,337.0,224.0,112.0,1.9823008849557522,101.77645725352366,203.5529145070473,0.5551382070537132,0.0,0.0,1.0,inf,113.0,inf,206.0,0.0,206.0,0.0,0.0,0.0,0.0,0.0,0.0
224.0,114.0,340.0,226.0,113.0,1.9824561403508771,102.69816694381771,205.3963338876354,0.5550245120848414,0.0,0.0,1.0,inf,114.0,inf,200.0,1.0,199.0,0.0,0.0,0.0,0.0,0.0,0.0
225.0,114.0,340.0,226.0,113.0,1.9824561403508771,102.69816694381771,205.3963338876354,0.5550245120848414,0.0,0.0,1.0,inf,114.0,inf,204.0,0.0,204.0,0.0,0.0,0.0,0.0,0.0,0.0
226.0,115.0,343.0,228.0,114.0,1.982608695652174,103.55153416460286,207.10306832920568,0.5552790739787542,0.0,0.0,1.0,inf,115.0,inf,202.0,1.0,201.0,0.0,0.0,0.0,0.0,0.0,0.0
227.0,115.0,343.0,228.0,114.0,1.982608695652174,103.55153416460286,207.10306832920568,0.5552790739787542,0.0,0.0,1.0,inf,115.0,inf,207.0,0.0,207.0,0.0,0.0,0.0,0.0,0.0,0.0
228.0,116.0,346.0,230.0,115.0,1.9827586206896552,104.53107293462259,209.06214586924514,0.5548589368854489,0.0,0.0,1.0,inf,116.0,inf,210.0,1.0,209.0,0.0,0.0,0.0,0.0,0.0,0.0
229.0,116.0,346.0,230.0,115.0,1.9827586206896552,104.53107293462259,209.06214586924514,0.5548589368854489,0.0,0.0,1.0,inf,116.0,inf,207.0,0.0,207.0,0.0,0.0,0.0,0.0,0.0,0.0
230.0,117.0,349.0,232.0,116.0,1.982905982905983,105.41029674430287,210.8205934886057,0.5549742464145161,0.0,0.0,1.0,inf,117.0,inf,208.0,1.0,207.0,0.0,0.0,0.0,0.0,0.0,0.0
231.0,117.0,349.0,232.0,116.0,1.982905982905983,105.41029674430287,210.8205934886057,0.5549742464145161,0.0,0.0,1.0,inf,117.0,inf,208.0,0.0,208.0,0.0,0.0,0.0,0.0,0.0,0.0
232.0,118.0,352.0,234.0,117.0,1.9830508474576272,106.4017350746478,212.80347014929558,0.5545022358762066,0.0,0.0,1.0,inf,118.0,inf,210.0,1.0,209.0,0.0,0.0,0.0,0.0,0.0,0.0
233.0,118.0,352.0,234.0,117.0,1.9830508474576272,106.4017350746478,212.80347014929558,0.5545022358762066,0.0,0.0,1.0,inf,118.0,inf,213.0,0.0,213.0,0.0,0.0,0.0,0.0,0.0,0.0
234.0,119.0,355.0,236.0,118.0,1.9831932773109244,107.35165643961133,214.70331287922264,0.5542532083188733,0.0,0.0,1.0,inf,119.0,inf,215.0,1.0,214.0,0.0,0.0,0.0,0.0,0.0,0.0
235.0,119.0,355.0,236.0,118.0,1.9831932773109244,107.35165643961133,214.70331287922264,0.5542532083188733,0.0,0.0,1.0,inf,119.0,inf,208.0,0.0,208.0,0.0,0.0,0.0,0.0,0.0,0.0
236.0,120.0,358.0,238.0,119.0,1.9833333333333334,108.25118076814933,216.50236153629862,0.5542664714993462,0.0,0.0,1.0,inf,120.0,inf,209.0,1.0,208.0,0.0,0.0,0.0,0.0,0.0,0.0
237.0,120.0,358.0,238.0,119.0,1.9833333333333334,108.25118076814933,216.50236153629862,0.5542664714993462,0.0,0.0,1.0,inf,120.0,inf,210.0,0.0,210.0,0.0,0.0,0.0,0.0,0.0,0.0
238.0,121.0,361.0,240.0,120.0,1.9834710743801653,109.22795896909382,218.4559179381876,0.5538874897142274,0.0,0.0,1.0,inf,121.0,inf,209.0,1.0,208.0,0.0,0.0,0.0,0.0,0.0,0.0
239.0,121.0,361.0,240.0,120.0,1.9834710743801653,109.22795896909382,218.4559179381876,0.5538874897142274,0.0,0.0,1.0,inf,121.0,inf,210.0,0.0,210.0,0.0,0.0,0.0,0.0,0.0,0.0
240.0,122.0,364.0,242.0,121.0,1.9836065573770492,110.16164325166602,220.323286503332,0.5537317545331504,0.0,0.0,1.0,inf,122.0,inf,213.0,1.0,212.0,0.0,0.0,0.0,0.0,0.0,0.0
241.0,122.0,364.0,242.0,121.0,1.9836065573770492,110.16164325166602,220.323286503332,0.5537317545331504,0.0,0.0,1.0,inf,122.0,inf,201.0,0.0,201.0,0.0,0.0,0.0,0.0,0.0,0.0
242.0,123.0,367.0,244.0,122.0,1.983739837398374,111.08096169885036,222.1619233977007,0.5536502300613094,0.0,0.0,1.0,inf,123.0,inf,209.0,1.0,208.0,0.0,0.0,0.0,0.0,0.0,0.0
243.0,123.0,367.0,244.0,122.0,1.983739837398374,111.08096169885036,222.1619233977007,0.5536502300613094,0.0,0.0,1.0,inf,123.0,inf,212.0,0.0,212.0,0.0,0.0,0.0,0.0,0.0,0.0
244.0,124.0,370.0,246.0,123.0,1.9838709677419355,111.99523346431002,223.99046692862,0.5535949886631363,0.0,0.0,1.0,inf,124.0,inf,212.0,1.0,211.0,0.0,0.0,0.0,0.0,0.0,0.0
245.0,124.0,370.0,246.0,123.0,1.9838709677419355,111.99523346431002,223.99046692862,0.5535949886631363,0.0,0.0,1.0,inf,124.0,inf,213.0,0.0,213.0,0.0,0.0,0.0,0.0,0.0,0.0
246.0,125.0,373.0,248.0,124.0,1.984,112.9636629803887,225.92732596077738,0.5532752599466472,0.0,0.0,1.0,inf,125.0,inf,212.0,1.0,211.0,0.0,0.0,0.0,0.0,0.0,0.0
247.0,125.0,373.0,248.0,124.0,1.984,112.9636629803887,225.92732596077738,0.5532752599466472,0.0,0.0,1.0,inf,125.0,inf,210.0,0.0,210.0,0.0,0.0,0.0,0.0,0.0,0.0
248.0,126.0,376.0,250.0,125.0,1.9841269841269842,113.92389024599525,227.84778049199048,0.5530007785370078,0.0,0.0,1.0,inf,126.0,inf,214.0,1.0,213.0,0.0,0.0,0.0,0.0,0.0,0.0
249.0,126.0,376.0,250.0,125.0,1.9841269841269842,113.92389024599525,227.84778049199048,0.5530007785370078,0.0,0.0,1.0,inf,126.0,inf,211.0,0.0,211.0,0.0,0.0,0.0,0.0,0.0,0.0
250.0,127.0,379.0,252.0,126.0,1.984251968503937,114.90122177884392,229.8024435576878,0.5526486056190213,0.0,0.0,1.0,inf,127.0,inf,210.0,1.0,209.0,0.0,0.0,0.0,0.0,0.0,0.0
251.0,127.0,379.0,252.0,126.0,1.984251968503937,114.90122177884392,229.8024435576878,0.5526486056190213,0.0,0.0,1.0,inf,127.0,inf,210.0,0.0,210.0,0.0,0.0,0.0,0.0,0.0,0.0
252.0,128.0,382.0,254.0,127.0,1.984375,115.83435024469573,231.66870048939143,0.5525131350484758,0.0,0.0,1.0,inf,128.0,inf,214.0,1.0,213.0,0.0,0.0,0.0,0.0,0.0,0.0
253.0,128.0,382.0,254.0,127.0,1.984375,115.83435024469573,231.66870048939143,0.5525131350484758,0.0,0.0,1.0,inf,128.0,inf,213.0,0.0,213.0,0.0,0.0,0.0,0.0,0.0,0.0
254.0,129.0,385.0,256.0,128.0,1.9844961240310077,116.75369316582088,233.50738633164173,0.5524450512104409,0.0,0.0,1.0,inf,129.0,inf,212.0,1.0,211.0,0.0,0.0,0.0,0.0,0.0,0.0
255.0,129.0,385.0,256.0,128.0,1.9844961240310077,116.75369316582088,233.50738633164173,0.5524450512104409,0.0,0.0,1.0,inf,129.0,inf,210.0,0.0,210.0,0.0,0.0,0.0,0.0,0.0,0.0
256.0,130.0,388.0,258.0,129.0,1.9846153846153847,117.60807039750978,235.21614079501953,0.5526831600952473,0.0,0.0,1.0,inf,130.0,inf,213.0,1.0,212.0,0.0,0.0,0.0,0.0,0.0,0.0
257.0,130.0,388.0,258.0,129.0,1.9846153846153847,117.60807039750978,235.21614079501953,0.5526831600952473,0.0,0.0,1.0,inf,130.0,inf,211.0,0.0,211.0,0.0,0.0,0.0,0.0,0.0,0.0
258.0,131.0,391.0,260.0,130.0,1.984732824427481,118.52440254645146,237.04880509290288,0.5526288139215011,0.0,0.0,1.0,inf,131.0,inf,211.0,1.0,210.0,0.0,0.0,0.0,0.0,0.0,0.0
259.0,131.0,391.0,260.0,130.0,1.984732824427481,118.52440254645146,237.04880509290288,0.5526288139215011,0.0,0.0,1.0,inf,131.0,inf,206.0,0.0,206.0,0.0,0.0,0.0,0.0,0.0,0.0
260.0,132.0,394.0,262.0,131.0,1.9848484848484849,119.45982044375032,238.9196408875006,0.5524870182696886,0.0,0.0,1.0,inf,132.0,inf,210.0,1.0,209.0,0.0,0.0,0.0,0.0,0.0,0.0
261.0,132.0,394.0,262.0,131.0,1.9848484848484849,119.45982044375032,238.9196408875006,0.5524870182696886,0.0,0.0,1.0,inf,132.0,inf,206.0,0.0,206.0,0.0,0.0,0.0,0.0,0.0,0.0
262.0,133.0,397.0,264.0,132.0,1.9849624060150375,120.45732078592845,240.91464157185686,0.5520627519034808,0.0,0.0,1.0,inf,133.0,inf,210.0,1.0,209.0,0.0,0.0,0.0,0.0,0.0,0.0
263.0,133.0,397.0,264.0,132.0,1.9849624060150375,120.45732078592845,240.91464157185686,0.5520627519034808,0.0,0.0,1.0,inf,133.0,inf,209.0,0.0,209.0,0.0,0.0,0.0,0.0,0.0,0.0
264.0,134.0,400.0,266.0,133.0,1.9850746268656716,121.42298860433651,242.845977208673,0.5517900750929726,0.0,0.0,1.0,inf,134.0,inf,210.0,1.0,209.0,0.0,0.0,0.0,0.0,0.0,0.0
265.0,134.0,400.0,266.0,133.0,1.9850746268656716,121.42298860433651,242.845977208673,0.5517900750929726,0.0,0.0,1.0,inf,134.0,inf,217.0,0.0,217.0,0.0,0.0,0.0,0.0,0.0,0.0
266.0,135.0,403.0,268.0,134.0,1.9851851851851852,122.36611340986332,244.7322268197266,0.5516233058241365,0.0,0.0,1.0,inf,135.0,inf,212.0,1.0,211.0,0.0,0.0,0.0,0.0,0.0,0.0
267.0,135.0,403.0,268.0,134.0,1.9851851851851852,122.36611340986332,244.7322268197266,0.5516233058241365,0.0,0.0,1.0,inf,135.0,inf,215.0,0.0,215.0,0.0,0.0,0.0,0.0,0.0,0.0
268.0,136.0,406.0,270.0,135.0,1.9852941176470589,123.29729977901309,246.59459955802615,0.5515124834191588,0.0,0.0,1.0,inf,136.0,inf,215.0,1.0,214.0,0.0,0.0,0.0,0.0,0.0,0.0
269.0,136.0,406.0,270.0,135.0,1.9852941176470589,123.29729977901309,246.59459955802615,0.5515124834191588,0.0,0.0,1.0,inf,136.0,inf,206.0,0.0,206.0,0.0,0.0,0.0,0.0,0.0,0.0
270.0,137.0,409.0,272.0,136.0,1.9854014598540146,124.24820572979513,248.49641145959023,0.5513158085273941,0.0,0.0,1.0,inf,137.0,inf,212.0,1.0,211.0,0.0,0.0,0.0,0.0,0.0,0.0
271.0,137.0,409.0,272.0,136.0,1.9854014598540146,124.24820572979513,248.49641145959023,0.5513158085273941,0.0,0.0,1.0,inf,137.0,inf,210.0,0.0,210.0,0.0,0.0,0.0,0.0,0.0,0.0
272.0,138.0,412.0,274.0,137.0,1.9855072463768115,125.17304431305199,250.34608862610395,0.5512368927245566,0.0,0.0,1.0,inf,138.0,inf,208.0,1.0,207.0,0.0,0.0,0.0,0.0,0.0,0.0
273.0,138.0,412.0,274.0,137.0,1.9855072463768115,125.17304431305199,250.34608862610395,0.5512368927245566,0.0,0.0,1.0,inf,138.0,inf,214.0,0.0,214.0,0.0,0.0,0.0,0.0,0.0,0.0
274.0,139.0,415.0,276.0,138.0,1.985611510791367,126.1322753103745,252.26455062074896,0.5510088502643825,0.0,0.0,1.0,inf,139.0,inf,212.0,1.0,211.0,0.0,0.0,0.0,0.0,0.0,0.0
275.0,139.0,415.0,276.0,138.0,1.985611510791367,126.1322753103745,252.26455062074896,0.5510088502643825,0.0,0.0,1.0,inf,139.0,inf,208.0,0.0,208.0,0.0,0.0,0.0,0.0,0.0,0.0
276.0,140.0,418.0,278.0,139.0,1.9857142857142858,127.07381188517665,254.14762377035328,0.5508609442144673,0.0,0.0,1.0,inf,140.0,inf,216.0,1.0,215.0,0.0,0.0,0.0,0.0,0.0,0.0
277.0,140.0,418.0,278.0,139.0,1.9857142857142858,127.07381188517665,254.14762377035328,0.5508609442144673,0.0,0.0,1.0,inf,140.0,inf,212.0,0.0,212.0,0.0,0.0,0.0,0.0,0.0,0.0
278.0,141.0,421.0,280.0,140.0,1.9858156028368794,127.96086907560289,255.92173815120574,0.5509496810180824,0.0,0.0,1.0,inf,141.0,inf,209.0,1.0,208.0,0.0,0.0,0.0,0.0,0.0,0.0
279.0,141.0,421.0,280.0,140.0,1.9858156028368794,127.96086907560289,255.92173815120574,0.5509496810180824,0.0,0.0,1.0,inf,141.0,inf,202.0,0.0,202.0,0.0,0.0,0.0,0.0,0.0,0.0
280.0,142.0,424.0,282.0,141.0,1.9859154929577465,128.8431740061895,257.68634801237897,0.5510575204906799,0.0,0.0,1.0,inf,142.0,inf,214.0,1.0,213.0,0.0,0.0,0.0,0.0,0.0,0.0
281.0,142.0,424.0,282.0,141.0,1.9859154929577465,128.8431740061895,257.68634801237897,0.5510575204906799,0.0,0.0,1.0,inf,142.0,inf,205.0,0.0,205.0,0.0,0.0,0.0,0.0,0.0,0.0
282.0,143.0,427.0,284.0,142.0,1.986013986013986,129.73465336856952,259.469306737139,0.5511249164621589,0.0,0.0,1.0,inf,143.0,inf,207.0,1.0,206.0,0.0,0.0,0.0,0.0,0.0,0.0
283.0,143.0,427.0,284.0,142.0,1.986013986013986,129.73465336856952,259.469306737139,0.5511249164621589,0.0,0.0,1.0,inf,143.0,inf,209.0,0.0,209.0,0.0,0.0,0.0,0.0,0.0,0.0
284.0,144.0,430.0,286.0,143.0,1.9861111111111112,130.72351083471446,261.44702166942886,0.550780800945869,0.0,0.0,1.0,inf,144.0,inf,213.0,1.0,212.0,0.0,0.0,0.0,0.0,0.0,0.0
285.0,144.0,430.0,286.0,143.0,1.9861111111111112,130.72351083471446,261.44702166942886,0.550780800945869,0.0,0.0,1.0,inf,144.0,inf,209.0,0.0,209.0,0.0,0.0,0.0,0.0,0.0,0.0
286.0,145.0,433.0,288.0,144.0,1.986206896551724,131.61128390626095,263.22256781252185,0.5508646207846247,0.0,0.0,1.0,inf,145.0,inf,208.0,1.0,207.0,0.0,0.0,0.0,0.0,0.0,0.0
287.0,145.0,433.0,288.0,144.0,1.986206896551724,131.61128390626095,263.22256781252185,0.5508646207846247,0.0,0.0,1.0,inf,145.0,inf,214.0,0.0,214.0,0.0,0.0,0.0,0.0,0.0,0.0
288.0,146.0,436.0,290.0,145.0,1.9863013698630136,132.5106926740582,265.0213853481163,0.5508989389977834,0.0,0.0,1.0,inf,146.0,inf,209.0,1.0,208.0,0.0,0.0,0.0,0.0,0.0,0.0
289.0,146.0,436.0,290.0,145.0,1.9863013698630136,132.5106926740582,265.0213853481163,0.5508989389977834,0.0,0.0,1.0,inf,146.0,inf,207.0,0.0,207.0,0.0,0.0,0.0,0.0,0.0,0.0
290.0,147.0,439.0,292.0,146.0,1.9863945578231292,133.50831044478508,267.0166208895701,0.5505275271264657,0.0,0.0,1.0,inf,147.0,inf,215.0,1.0,214.0,0.0,0.0,0.0,0.0,0.0,0.0
291.0,147.0,439.0,292.0,146.0,1.9863945578231292,133.50831044478508,267.0166208895701,0.5505275271264657,0.0,0.0,1.0,inf,147.0,inf,208.0,0.0,208.0,0.0,0.0,0.0,0.0,0.0,0.0
292.0,148.0,442.0,294.0,147.0,1.9864864864864864,134.39132495397652,268.782649907953,0.550630779370186,0.0,0.0,1.0,inf,148.0,inf,211.0,1.0,210.0,0.0,0.0,0.0,0.0,0.0,0.0
293.0,148.0,442.0,294.0,147.0,1.9864864864864864,134.39132495397652,268.782649907953,0.550630779370186,0.0,0.0,1.0,inf,148.0,inf,210.0,0.0,210.0,0.0,0.0,0.0,0.0,0.0,0.0
294.0,149.0,445.0,296.0,148.0,1.9865771812080537,135.32902888745704,270.658057774914,0.5505101205001335,0.0,0.0,1.0,inf,149.0,inf,208.0,1.0,207.0,0.0,0.0,0.0,0.0,0.0,0.0
295.0,149.0,445.0,296.0,148.0,1.9865771812080537,135.32902888745704,270.658057774914,0.5505101205001335,0.0,0.0,1.0,inf,149.0,inf,213.0,0.0,213.0,0.0,0.0,0.0,0.0,0.0,0.0
296.0,150.0,448.0,298.0,149.0,1.9866666666666666,136.19930906966985,272.39861813933965,0.5506635864183083,0.0,0.0,1.0,inf,150.0,inf,209.0,1.0,208.0,0.0,0.0,0.0,0.0,0.0,0.0
297.0,150.0,448.0,298.0,149.0,1.9866666666666666,136.19930906966985,272.39861813933965,0.5506635864183083,0.0,0.0,1.0,inf,150.0,inf,210.0,0.0,210.0,0.0,0.0,0.0,0.0,0.0,0.0
298.0,151.0,451.0,300.0,150.0,1.9867549668874172,137.1927403591719,274.38548071834373,0.5503206642154701,0.0,0.0,1.0,inf,151.0,inf,213.0,1.0,212.0,0.0,0.0,0.0,0.0,0.0,0.0
299.0,151.0,451.0,300.0,150.0,1.9867549668874172,137.1927403591719,274.38548071834373,0.5503206642154701,0.0,0.0,1.0,inf,151.0,inf,209.0,0.0,209.0,0.0,0.0,0.0,0.0,0.0,0.0
300.0,152.0,454.0,302.0,151.0,1.986842105263158,138.12894072662695,276.25788145325384,0.5502105467558225,0.0,0.0,1.0,inf,152.0,inf,215.0,1.0,214.0,0.0,0.0,0.0,0.0,0.0,0.0
301.0,152.0,454.0,302.0,151.0,1.986842105263158,138.12894072662695,276.25788145325384,0.5502105467558225,0.0,0.0,1.0,inf,152.0,inf,212.0,0.0,212.0,0.0,0.0,0.0,0.0,0.0,0.0
302.0,153.0,457.0,304.0,152.0,1.9869281045751634,138.98479868302383,277.9695973660476,0.5504199072480582,0.0,0.0,1.0,inf,153.0,inf,207.0,1.0,206.0,0.0,0.0,0.0,0.0,0.0,0.0
303.0,153.0,457.0,304.0,152.0,1.9869281045751634,138.98479868302383,277.9695973660476,0.5504199072480582,0.0,0.0,1.0,inf,153.0,inf,209.0,0.0,209.0,0.0,0.0,0.0,0.0,0.0,0.0
304.0,154.0,460.0,306.0,153.0,1.9870129870129871,139.84978001479195,279.69956002958384,0.5505907838529006,0.0,0.0,1.0,inf,154.0,inf,208.0,1.0,207.0,0.0,0.0,0.0,0.0,0.0,0.0
305.0,154.0,460.0,306.0,153.0,1.9870129870129871,139.84978001479195,279.69956002958384,0.5505907838529006,0.0,0.0,1.0,inf,154.0,inf,207.0,0.0,207.0,0.0,0.0,0.0,0.0,0.0,0.0
306.0,155.0,463.0,308.0,154.0,1.9870967741935484,140.79286688665874,281.58573377331743,0.5504540230890331,0.0,0.0,1.0,inf,155.0,inf,214.0,1.0,213.0,0.0,0.0,0.0,0.0,0.0,0.0
307.0,155.0,463.0,308.0,154.0,1.9870967741935484,140.79286688665874,281.58573377331743,0.5504540230890331,0.0,0.0,1.0,inf,155.0,inf,207.0,0.0,207.0,0.0,0.0,0.0,0.0,0.0,0.0
308.0,156.0,466.0,310.0,155.0,1.9871794871794872,141.72262942011207,283.4452588402241,0.5503708216475619,0.0,0.0,1.0,inf,156.0,inf,207.0,1.0,206.0,0.0,0.0,0.0,0.0,0.0,0.0
309.0,156.0,466.0,310.0,155.0,1.9871794871794872,141.72262942011207,283.4452588402241,0.5503708216475619,0.0,0.0,1.0,inf,156.0,inf,210.0,0.0,210.0,0.0,0.0,0.0,0.0,0.0,0.0
310.0,157.0,469.0,312.0,156.0,1.9872611464968153,142.7165512448331,285.43310248966617,0.550041318370507,0.0,0.0,1.0,inf,157.0,inf,214.0,1.0,213.0,0.0,0.0,0.0,0.0,0.0,0.0
311.0,157.0,469.0,312.0,156.0,1.9872611464968153,142.7165512448331,285.43310248966617,0.550041318370507,0.0,0.0,1.0,inf,157.0,inf,208.0,0.0,208.0,0.0,0.0,0.0,0.0,0.0,0.0
312.0,158.0,472.0,314.0,157.0,1.9873417721518987,143.63474037924553,287.269480758491,0.5500062157066781,0.0,0.0,1.0,inf,158.0,inf,216.0,1.0,215.0,0.0,0.0,0.0,0.0,0.0,0.0
313.0,158.0,472.0,314.0,157.0,1.9873417721518987,143.63474037924553,287.269480758491,0.5500062157066781,0.0,0.0,1.0,inf,158.0,inf,209.0,0.0,209.0,0.0,0.0,0.0,0.0,0.0,0.0
314.0,159.0,475.0,316.0,158.0,1.9874213836477987,144.55798943598245,289.11597887196484,0.5499523084831407,0.0,0.0,1.0,inf,159.0,inf,210.0,1.0,209.0,0.0,0.0,0.0,0.0,0.0,0.0
315.0,159.0,475.0,316.0,158.0,1.9874213836477987,144.55798943598245,289.11597887196484,0.5499523084831407,0.0,0.0,1.0,inf,159.0,inf,215.0,0.0,215.0,0.0,0.0,0.0,0.0,0.0,0.0
316.0,160.0,478.0,318.0,159.0,1.9875,145.4265171548531,290.8530343097061,0.5501060024343043,0.0,0.0,1.0,inf,160.0,inf,209.0,1.0,208.0,0.0,0.0,0.0,0.0,0.0,0.0
317.0,160.0,478.0,318.0,159.0,1.9875,145.4265171548531,290.8530343097061,0.5501060024343043,0.0,0.0,1.0,inf,160.0,inf,210.0,0.0,210.0,0.0,0.0,0.0,0.0,0.0,0.0
318.0,161.0,481.0,320.0,160.0,1.9875776397515528,146.36503839059023,292.7300767811804,0.5499947315640874,0.0,0.0,1.0,inf,161.0,inf,213.0,1.0,212.0,0.0,0.0,0.0,0.0,0.0,0.0
319.0,161.0,481.0,320.0,160.0,1.9875776397515528,146.36503839059023,292.7300767811804,0.5499947315640874,0.0,0.0,1.0,inf,161.0,inf,212.0,0.0,212.0,0.0,0.0,0.0,0.0,0.0,0.0
320.0,162.0,484.0,322.0,161.0,1.9876543209876543,147.3154661937851,294.63093238757017,0.5498404349034821,0.0,0.0,1.0,inf,162.0,inf,212.0,1.0,211.0,0.0,0.0,0.0,0.0,0.0,0.0
321.0,162.0,484.0,322.0,161.0,1.9876543209876543,147.3154661937851,294.63093238757017,0.5498404349034821,0.0,0.0,1.0,inf,162.0,inf,211.0,0.0,211.0,0.0,0.0,0.0,0.0,0.0,0.0
322.0,163.0,487.0,324.0,162.0,1.9877300613496933,148.21756553660478,296.4351310732095,0.5498673501007696,0.0,0.0,1.0,inf,163.0,inf,209.0,1.0,208.0,0.0,0.0,0.0,0.0,0.0,0.0
323.0,163.0,487.0,324.0,162.0,1.9877300613496933,148.21756553660478,296.4351310732095,0.5498673501007696,0.0,0.0,1.0,inf,163.0,inf,212.0,0.0,212.0,0.0,0.0,0.0,0.0,0.0,0.0
324.0,164.0,490.0,326.0,163.0,1.9878048780487805,149.1661087070437,298.3322174140873,0.5497227266352088,0.0,0.0,1.0,inf,164.0,inf,212.0,1.0,211.0,0.0,0.0,0.0,0.0,0.0,0.0
325.0,164.0,490.0,326.0,163.0,1.9878048780487805,149.1661087070437,298.3322174140873,0.5497227266352088,0.0,0.0,1.0,inf,164.0,inf,211.0,0.0,211.0,0.0,0.0,0.0,0.0,0.0,0.0
326.0,165.0,493.0,328.0,164.0,1.9878787878787878,150.1331263189609,300.26625263792175,0.5495123029991867,0.0,0.0,1.0,inf,165.0,inf,211.0,1.0,210.0,0.0,0.0,0.0,0.0,0.0,0.0
327.0,165.0,493.0,328.0,164.0,1.9878787878787878,150.1331263189609,300.26625263792175,0.5495123029991867,0.0,0.0,1.0,inf,165.0,inf,213.0,0.0,213.0,0.0,0.0,0.0,0.0,0.0,0.0
328.0,166.0,496.0,330.0,165.0,1.9879518072289157,151.07309272776885,302.14618545553765,0.5494029313980128,0.0,0.0,1.0,inf,166.0,inf,207.0,1.0,206.0,0.0,0.0,0.0,0.0,0.0,0.0
329.0,166.0,496.0,330.0,165.0,1.9879518072289157,151.07309272776885,302.14618545553765,0.5494029313980128,0.0,0.0,1.0,inf,166.0,inf,214.0,0.0,214.0,0.0,0.0,0.0,0.0,0.0,0.0
330.0,167.0,499.0,332.0,166.0,1.9880239520958083,151.9981536921624,303.9963073843247,0.5493487780720694,0.0,0.0,1.0,inf,167.0,inf,209.0,1.0,208.0,0.0,0.0,0.0,0.0,0.0,0.0
331.0,167.0,499.0,332.0,166.0,1.9880239520958083,151.9981536921624,303.9963073843247,0.5493487780720694,0.0,0.0,1.0,inf,167.0,inf,213.0,0.0,213.0,0.0,0.0,0.0,0.0,0.0,0.0
332.0,168.0,502.0,334.0,167.0,1.9880952380952381,152.89497184932432,305.7899436986486,0.5493967459098703,0.0,0.0,1.0,inf,168.0,inf,215.0,1.0,214.0,0.0,0.0,0.0,0.0,0.0,0.0
333.0,168.0,502.0,334.0,167.0,1.9880952380952381,152.89497184932432,305.7899436986486,0.5493967459098703,0.0,0.0,1.0,inf,168.0,inf,207.0,0.0,207.0,0.0,0.0,0.0,0.0,0.0,0.0
334.0,169.0,505.0,336.0,168.0,1.9881656804733727,153.796262404979,307.5925248099579,0.5494281764630479,0.0,0.0,1.0,inf,169.0,inf,216.0,1.0,215.0,0.0,0.0,0.0,0.0,0.0,0.0
335.0,169.0,505.0,336.0,168.0,1.9881656804733727,153.796262404979,307.5925248099579,0.5494281764630479,0.0,0.0,1.0,inf,169.0,inf,208.0,0.0,208.0,0.0,0.0,0.0,0.0,0.0,0.0
336.0,170.0,508.0,338.0,169.0,1.988235294117647,154.67651862929682,309.3530372585936,0.5495339612841559,0.0,0.0,1.0,inf,170.0,inf,211.0,1.0,210.0,0.0,0.0,0.0,0.0,0.0,0.0
337.0,170.0,508.0,338.0,169.0,1.988235294117647,154.67651862929682,309.3530372585936,0.5495339612841559,0.0,0.0,1.0,inf,170.0,inf,214.0,0.0,214.0,0.0,0.0,0.0,0.0,0.0,0.0
338.0,171.0,511.0,340.0,170.0,1.9883040935672514,155.60204442617723,311.2040888523544,0.5494786415904969,0.0,0.0,1.0,inf,171.0,inf,219.0,1.0,218.0,0.0,0.0,0.0,0.0,0.0,0.0
339.0,171.0,511.0,340.0,170.0,1.9883040935672514,155.60204442617723,311.2040888523544,0.5494786415904969,0.0,0.0,1.0,inf,171.0,inf,207.0,0.0,207.0,0.0,0.0,0.0,0.0,0.0,0.0
340.0,172.0,514.0,342.0,171.0,1.9883720930232558,156.56866215515515,313.13732431031025,0.5492797780616943,0.0,0.0,1.0,inf,172.0,inf,213.0,1.0,212.0,0.0,0.0,0.0,0.0,0.0,0.0
341.0,172.0,514.0,342.0,171.0,1.9883720930232558,156.56866215515515,313.13732431031025,0.5492797780616943,0.0,0.0,1.0,inf,172.0,inf,215.0,0.0,215.0,0.0,0.0,0.0,0.0,0.0,0.0
342.0,173.0,517.0,344.0,172.0,1.9884393063583814,157.4406901915837,314.88138038316737,0.5494132418674066,0.0,0.0,1.0,inf,173.0,inf,217.0,1.0,216.0,0.0,0.0,0.0,0.0,0.0,0.0
343.0,173.0,517.0,344.0,172.0,1.9884393063583814,157.4406901915837,314.88138038316737,0.5494132418674066,0.0,0.0,1.0,inf,173.0,inf,215.0,0.0,215.0,0.0,0.0,0.0,0.0,0.0,0.0
344.0,174.0,520.0,346.0,173.0,1.9885057471264367,158.4217200946882,316.84344018937634,0.549167121452793,0.0,0.0,1.0,inf,174.0,inf,218.0,1.0,217.0,0.0,0.0,0.0,0.0,0.0,0.0
345.0,174.0,520.0,346.0,173.0,1.9885057471264367,158.4217200946882,316.84344018937634,0.549167121452793,0.0,0.0,1.0,inf,174.0,inf,214.0,0.0,214.0,0.0,0.0,0.0,0.0,0.0,0.0
346.0,175.0,523.0,348.0,174.0,1.9885714285714287,159.38188559274698,318.7637711854939,0.5489958891789011,0.0,0.0,1.0,inf,175.0,inf,209.0,1.0,208.0,0.0,0.0,0.0,0.0,0.0,0.0
347.0,175.0,523.0,348.0,174.0,1.9885714285714287,159.38188559274698,318.7637711854939,0.5489958891789011,0.0,0.0,1.0,inf,175.0,inf,212.0,0.0,212.0,0.0,0.0,0.0,0.0,0.0,0.0
348.0,176.0,526.0,350.0,175.0,1.9886363636363635,160.24128684231258,320.4825736846251,0.5491718254022604,0.0,0.0,1.0,inf,176.0,inf,215.0,1.0,214.0,0.0,0.0,0.0,0.0,0.0,0.0
349.0,176.0,526.0,350.0,175.0,1.9886363636363635,160.24128684231258,320.4825736846251,0.5491718254022604,0.0,0.0,1.0,inf,176.0,inf,214.0,0.0,214.0,0.0,0.0,0.0,0.0,0.0,0.0
350.0,177.0,529.0,352.0,176.0,1.9887005649717515,161.208772070879,322.41754414175796,0.5489775702843828,0.0,0.0,1.0,inf,177.0,inf,213.0,1.0,212.0,0.0,0.0,0.0,0.0,0.0,0.0
351.0,177.0,529.0,352.0,176.0,1.9887005649717515,161.208772070879,322.41754414175796,0.5489775702843828,0.0,0.0,1.0,inf,177.0,inf,211.0,0.0,211.0,0.0,0.0,0.0,0.0,0.0,0.0
352.0,178.0,532.0,354.0,177.0,1.9887640449438202,162.08711927644086,324.17423855288166,0.5490874314831261,0.0,0.0,1.0,inf,178.0,inf,214.0,1.0,213.0,0.0,0.0,0.0,0.0,0.0,0.0
353.0,178.0,532.0,354.0,177.0,1.9887640449438202,162.08711927644086,324.17423855288166,0.5490874314831261,0.0,0.0,1.0,inf,178.0,inf,213.0,0.0,213.0,0.0,0.0,0.0,0.0,0.0,0.0
354.0,178.0,532.0,354.0,177.0,1.9887640449438202,162.08711927644086,324.17423855288166,0.5490874314831261,0.0,0.0,1.0,inf,178.0,inf,220.0,0.0,220.0,0.0,0.0,0.0,0.0,0.0,0.0
355.0,179.0,535.0,356.0,178.0,1.988826815642458,163.05660252835557,326.1132050567111,0.5488891502227636,0.0,0.0,1.0,inf,179.0,inf,214.0,1.0,213.0,0.0,0.0,0.0,0.0,0.0,0.0
356.0,179.0,535.0,356.0,178.0,1.988826815642458,163.05660252835557,326.1132050567111,0.5488891502227636,0.0,0.0,1.0,inf,179.0,inf,213.0,0.0,213.0,0.0,0.0,0.0,0.0,0.0,0.0
357.0,180.0,538.0,358.0,179.0,1.988888888888889,163.91611565124532,327.8322313024906,0.5490613271454512,0.0,0.0,1.0,inf,180.0,inf,217.0,1.0,216.0,0.0,0.0,0.0,0.0,0.0,0.0
358.0,180.0,538.0,358.0,179.0,1.988888888888889,163.91611565124532,327.8322313024906,0.5490613271454512,0.0,0.0,1.0,inf,180.0,inf,211.0,0.0,211.0,0.0,0.0,0.0,0.0,0.0,0.0
359.0,181.0,541.0,360.0,180.0,1.988950276243094,164.89328544951897,329.7865708990379,0.5488398132967398,0.0,0.0,1.0,inf,181.0,inf,214.0,1.0,213.0,0.0,0.0,0.0,0.0,0.0,0.0
360.0,181.0,541.0,360.0,180.0,1.988950276243094,164.89328544951897,329.7865708990379,0.5488398132967398,0.0,0.0,1.0,inf,181.0,inf,212.0,0.0,212.0,0.0,0.0,0.0,0.0,0.0,0.0
361.0,182.0,544.0,362.0,181.0,1.989010989010989,165.76645343712914,331.53290687425823,0.5489651139487878,0.0,0.0,1.0,inf,182.0,inf,217.0,1.0,216.0,0.0,0.0,0.0,0.0,0.0,0.0
362.0,182.0,544.0,362.0,181.0,1.989010989010989,165.76645343712914,331.53290687425823,0.5489651139487878,0.0,0.0,1.0,inf,182.0,inf,209.0,0.0,209.0,0.0,0.0,0.0,0.0,0.0,0.0
363.0,183.0,547.0,364.0,182.0,1.989071038251366,166.76424577021646,333.52849154043287,0.5486787625093053,0.0,0.0,1.0,inf,183.0,inf,213.0,1.0,212.0,0.0,0.0,0.0,0.0,0.0,0.0
364.0,183.0,547.0,364.0,182.0,1.989071038251366,166.76424577021646,333.52849154043287,0.5486787625093053,0.0,0.0,1.0,inf,183.0,inf,208.0,0.0,208.0,0.0,0.0,0.0,0.0,0.0,0.0
365.0,184.0,550.0,366.0,183.0,1.9891304347826086,167.66021648106562,335.3204329621312,0.5487288632386434,0.0,0.0,1.0,inf,184.0,inf,217.0,1.0,216.0,0.0,0.0,0.0,0.0,0.0,0.0
366.0,184.0,550.0,366.0,183.0,1.9891304347826086,167.66021648106562,335.3204329621312,0.5487288632386434,0.0,0.0,1.0,inf,184.0,inf,212.0,0.0,212.0,0.0,0.0,0.0,0.0,0.0,0.0
367.0,185.0,553.0,368.0,184.0,1.9891891891891893,168.62666228301927,337.2533245660385,0.5485490772790726,0.0,0.0,1.0,inf,185.0,inf,213.0,1.0,212.0,0.0,0.0,0.0,0.0,0.0,0.0
368.0,185.0,553.0,368.0,184.0,1.9891891891891893,168.62666228301927,337.2533245660385,0.5485490772790726,0.0,0.0,1.0,inf,185.0,inf,213.0,0.0,213.0,0.0,0.0,0.0,0.0,0.0,0.0
369.0,186.0,556.0,370.0,185.0,1.989247311827957,169.5342276503149,339.06845530062975,0.5485617936209548,0.0,0.0,1.0,inf,186.0,inf,216.0,1.0,215.0,0.0,0.0,0.0,0.0,0.0,0.0
370.0,186.0,556.0,370.0,185.0,1.989247311827957,169.5342276503149,339.06845530062975,0.5485617936209548,0.0,0.0,1.0,inf,186.0,inf,213.0,0.0,213.0,0.0,0.0,0.0,0.0,0.0,0.0
371.0,187.0,559.0,372.0,186.0,1.9893048128342246,170.4103839290035,340.82076785800695,0.5486754846990666,0.0,0.0,1.0,inf,187.0,inf,211.0,1.0,210.0,0.0,0.0,0.0,0.0,0.0,0.0
372.0,187.0,559.0,372.0,186.0,1.9893048128342246,170.4103839290035,340.82076785800695,0.5486754846990666,0.0,0.0,1.0,inf,187.0,inf,211.0,0.0,211.0,0.0,0.0,0.0,0.0,0.0,0.0
373.0,188.0,562.0,374.0,187.0,1.9893617021276595,171.3734638382523,342.7469276765045,0.5485096577654531,0.0,0.0,1.0,inf,188.0,inf,210.0,1.0,209.0,0.0,0.0,0.0,0.0,0.0,0.0
374.0,188.0,562.0,374.0,187.0,1.9893617021276595,171.3734638382523,342.7469276765045,0.5485096577654531,0.0,0.0,1.0,inf,188.0,inf,217.0,0.0,217.0,0.0,0.0,0.0,0.0,0.0,0.0
375.0,189.0,565.0,376.0,188.0,1.9894179894179893,172.29141379003974,344.5828275800794,0.5484893177274694,0.0,0.0,1.0,inf,189.0,inf,211.0,1.0,210.0,0.0,0.0,0.0,0.0,0.0,0.0
376.0,189.0,565.0,376.0,188.0,1.9894179894179893,172.29141379003974,344.5828275800794,0.5484893177274694,0.0,0.0,1.0,inf,189.0,inf,208.0,0.0,208.0,0.0,0.0,0.0,0.0,0.0,0.0
377.0,190.0,568.0,378.0,189.0,1.9894736842105263,173.26761907838704,346.535238156774,0.5482847891908851,0.0,0.0,1.0,inf,190.0,inf,215.0,1.0,214.0,0.0,0.0,0.0,0.0,0.0,0.0
378.0,190.0,568.0,378.0,189.0,1.9894736842105263,173.26761907838704,346.535238156774,0.5482847891908851,0.0,0.0,1.0,inf,190.0,inf,211.0,0.0,211.0,0.0,0.0,0.0,0.0,0.0,0.0
379.0,191.0,571.0,380.0,190.0,1.9895287958115184,174.17146237574502,348.34292475149,0.5483102610344693,0.0,0.0,1.0,inf,191.0,inf,214.0,1.0,213.0,0.0,0.0,0.0,0.0,0.0,0.0
380.0,191.0,571.0,380.0,190.0,1.9895287958115184,174.17146237574502,348.34292475149,0.5483102610344693,0.0,0.0,1.0,inf,191.0,inf,213.0,0.0,213.0,0.0,0.0,0.0,0.0,0.0,0.0
381.0,192.0,574.0,382.0,191.0,1.9895833333333333,175.07494442853329,350.1498888570665,0.54833660129584,0.0,0.0,1.0,inf,192.0,inf,219.0,1.0,218.0,0.0,0.0,0.0,0.0,0.0,0.0
382.0,192.0,574.0,382.0,191.0,1.9895833333333333,175.07494442853329,350.1498888570665,0.54833660129584,0.0,0.0,1.0,inf,192.0,inf,212.0,0.0,212.0,0.0,0.0,0.0,0.0,0.0,0.0
383.0,193.0,577.0,384.0,192.0,1.9896373056994818,176.0740205250227,352.1480410500453,0.5480649542292126,0.0,0.0,1.0,inf,193.0,inf,210.0,1.0,209.0,0.0,0.0,0.0,0.0,0.0,0.0
384.0,193.0,577.0,384.0,192.0,1.9896373056994818,176.0740205250227,352.1480410500453,0.5480649542292126,0.0,0.0,1.0,inf,193.0,inf,213.0,0.0,213.0,0.0,0.0,0.0,0.0,0.0,0.0
385.0,194.0,580.0,386.0,193.0,1.9896907216494846,176.99861414090122,353.9972282818024,0.5480268897630032,0.0,0.0,1.0,inf,194.0,inf,216.0,1.0,215.0,0.0,0.0,0.0,0.0,0.0,0.0
386.0,194.0,580.0,386.0,193.0,1.9896907216494846,176.99861414090122,353.9972282818024,0.5480268897630032,0.0,0.0,1.0,inf,194.0,inf,217.0,0.0,217.0,0.0,0.0,0.0,0.0,0.0,0.0
387.0,195.0,583.0,388.0,194.0,1.9897435897435898,177.95086514550863,355.9017302910172,0.5479040516059039,0.0,0.0,1.0,inf,195.0,inf,210.0,1.0,209.0,0.0,0.0,0.0,0.0,0.0,0.0
388.0,195.0,583.0,388.0,194.0,1.9897435897435898,177.95086514550863,355.9017302910172,0.5479040516059039,0.0,0.0,1.0,inf,195.0,inf,213.0,0.0,213.0,0.0,0.0,0.0,0.0,0.0,0.0
389.0,196.0,586.0,390.0,195.0,1.989795918367347,178.83764184178187,357.6752836835637,0.5479830699551544,0.0,0.0,1.0,inf,196.0,inf,214.0,1.0,213.0,0.0,0.0,0.0,0.0,0.0,0.0
390.0,196.0,586.0,390.0,195.0,1.989795918367347,178.83764184178187,357.6752836835637,0.5479830699551544,0.0,0.0,1.0,inf,196.0,inf,214.0,0.0,214.0,0.0,0.0,0.0,0.0,0.0,0.0
391.0,197.0,589.0,392.0,196.0,1.9898477157360406,179.790568335413,359.58113667082597,0.5478596620054104,0.0,0.0,1.0,inf,197.0,inf,213.0,1.0,212.0,0.0,0.0,0.0,0.0,0.0,0.0
392.0,197.0,589.0,392.0,196.0,1.9898477157360406,179.790568335413,359.58113667082597,0.5478596620054104,0.0,0.0,1.0,inf,197.0,inf,209.0,0.0,209.0,0.0,0.0,0.0,0.0,0.0,0.0
393.0,198.0,592.0,394.0,197.0,1.9898989898989898,180.77151553263454,361.543031065269,0.5476526526222967,0.0,0.0,1.0,inf,198.0,inf,214.0,1.0,213.0,0.0,0.0,0.0,0.0,0.0,0.0
394.0,198.0,592.0,394.0,197.0,1.9898989898989898,180.77151553263454,361.543031065269,0.5476526526222967,0.0,0.0,1.0,inf,198.0,inf,213.0,0.0,213.0,0.0,0.0,0.0,0.0,0.0,0.0
395.0,199.0,595.0,396.0,198.0,1.9899497487437185,181.7616641101596,363.5233282203191,0.5474201641315104,0.0,0.0,1.0,inf,199.0,inf,213.0,1.0,212.0,0.0,0.0,0.0,0.0,0.0,0.0
396.0,199.0,595.0,396.0,198.0,1.9899497487437185,181.7616641101596,363.5233282203191,0.5474201641315104,0.0,0.0,1.0,inf,199.0,inf,211.0,0.0,211.0,0.0,0.0,0.0,0.0,0.0,0.0
397.0,200.0,598.0,398.0,199.0,1.99,182.64016363478802,365.280327269576,0.547524695608369,0.0,0.0,1.0,inf,200.0,inf,215.0,1.0,214.0,0.0,0.0,0.0,0.0,0.0,0.0
398.0,200.0,598.0,398.0,199.0,1.99,182.64016363478802,365.280327269576,0.547524695608369,0.0,0.0,1.0,inf,200.0,inf,211.0,0.0,211.0,0.0,0.0,0.0,0.0,0.0,0.0
399.0,201.0,601.0,400.0,200.0,1.9900497512437811,183.63892408120407,367.2778481624081,0.5472695971337727,0.0,0.0,1.0,inf,201.0,inf,213.0,1.0,212.0,0.0,0.0,0.0,0.0,0.0,0.0
400.0,201.0,601.0,400.0,200.0,1.9900497512437811,183.63892408120407,367.2778481624081,0.5472695971337727,0.0,0.0,1.0,inf,201.0,inf,212.0,0.0,212.0,0.0,0.0,0.0,0.0,0.0,0.0
401.0,202.0,604.0,402.0,201.0,1.99009900990099,184.52088260068612,369.0417652013722,0.5473635210090008,0.0,0.0,1.0,inf,202.0,inf,214.0,1.0,213.0,0.0,0.0,0.0,0.0,0.0,0.0
402.0,202.0,604.0,402.0,201.0,1.99009900990099,184.52088260068612,369.0417652013722,0.5473635210090008,0.0,0.0,1.0,inf,202.0,inf,213.0,0.0,213.0,0.0,0.0,0.0,0.0,0.0,0.0
403.0,203.0,607.0,404.0,202.0,1.9901477832512315,185.45698155045014,370.9139631009002,0.5472967323820528,0.0,0.0,1.0,inf,203.0,inf,218.0,1.0,217.0,0.0,0.0,0.0,0.0,0.0,0.0
404.0,203.0,607.0,404.0,202.0,1.9901477832512315,185.45698155045014,370.9139631009002,0.5472967323820528,0.0,0.0,1.0,inf,203.0,inf,208.0,0.0,208.0,0.0,0.0,0.0,0.0,0.0,0.0
405.0,204.0,610.0,406.0,203.0,1.9901960784313726,186.4297288941191,372.85945778823816,0.5471230398984804,0.0,0.0,1.0,inf,204.0,inf,214.0,1.0,213.0,0.0,0.0,0.0,0.0,0.0,0.0
406.0,204.0,610.0,406.0,203.0,1.9901960784313726,186.4297288941191,372.85945778823816,0.5471230398984804,0.0,0.0,1.0,inf,204.0,inf,211.0,0.0,211.0,0.0,0.0,0.0,0.0,0.0,0.0
407.0,205.0,613.0,408.0,204.0,1.9902439024390244,187.31092610675478,374.6218522135095,0.5472184785503748,0.0,0.0,1.0,inf,205.0,inf,215.0,1.0,214.0,0.0,0.0,0.0,0.0,0.0,0.0
408.0,205.0,613.0,408.0,204.0,1.9902439024390244,187.31092610675478,374.6218522135095,0.5472184785503748,0.0,0.0,1.0,inf,205.0,inf,213.0,0.0,213.0,0.0,0.0,0.0,0.0,0.0,0.0
409.0,206.0,616.0,410.0,205.0,1.9902912621359223,188.17586487627517,376.3517297525503,0.5473603114178435,0.0,0.0,1.0,inf,206.0,inf,220.0,1.0,219.0,0.0,0.0,0.0,0.0,0.0,0.0
410.0,206.0,616.0,410.0,205.0,1.9902912621359223,188.17586487627517,376.3517297525503,0.5473603114178435,0.0,0.0,1.0,inf,206.0,inf,212.0,0.0,212.0,0.0,0.0,0.0,0.0,0.0,0.0
411.0,207.0,619.0,412.0,206.0,1.9903381642512077,189.17215036024734,378.34430072049463,0.5471207035649869,0.0,0.0,1.0,inf,207.0,inf,216.0,1.0,215.0,0.0,0.0,0.0,0.0,0.0,0.0
412.0,207.0,619.0,412.0,206.0,1.9903381642512077,189.17215036024734,378.34430072049463,0.5471207035649869,0.0,0.0,1.0,inf,207.0,inf,212.0,0.0,212.0,0.0,0.0,0.0,0.0,0.0,0.0
413.0,208.0,622.0,414.0,207.0,1.9903846153846154,190.02287643734803,380.045752874696,0.5473025245688753,0.0,0.0,1.0,inf,208.0,inf,216.0,1.0,215.0,0.0,0.0,0.0,0.0,0.0,0.0
414.0,208.0,622.0,414.0,207.0,1.9903846153846154,190.02287643734803,380.045752874696,0.5473025245688753,0.0,0.0,1.0,inf,208.0,inf,213.0,0.0,213.0,0.0,0.0,0.0,0.0,0.0,0.0
415.0,209.0,625.0,416.0,208.0,1.9904306220095693,190.8794269409661,381.75885388193217,0.5474660191237847,0.0,0.0,1.0,inf,209.0,inf,214.0,1.0,213.0,0.0,0.0,0.0,0.0,0.0,0.0
416.0,209.0,625.0,416.0,208.0,1.9904306220095693,190.8794269409661,381.75885388193217,0.5474660191237847,0.0,0.0,1.0,inf,209.0,inf,213.0,0.0,213.0,0.0,0.0,0.0,0.0,0.0,0.0
417.0,210.0,628.0,418.0,209.0,1.9904761904761905,191.76083348486196,383.52166696972387,0.547557069354775,0.0,0.0,1.0,inf,210.0,inf,217.0,1.0,216.0,0.0,0.0,0.0,0.0,0.0,0.0
418.0,210.0,628.0,418.0,209.0,1.9904761904761905,191.76083348486196,383.52166696972387,0.547557069354775,0.0,0.0,1.0,inf,210.0,inf,212.0,0.0,212.0,0.0,0.0,0.0,0.0,0.0,0.0
419.0,211.0,631.0,420.0,210.0,1.990521327014218,192.74866252743067,385.4973250548613,0.5473449134049684,0.0,0.0,1.0,inf,211.0,inf,215.0,1.0,214.0,0.0,0.0,0.0,0.0,0.0,0.0
420.0,211.0,631.0,420.0,210.0,1.990521327014218,192.74866252743067,385.4973250548613,0.5473449134049684,0.0,0.0,1.0,inf,211.0,inf,213.0,0.0,213.0,0.0,0.0,0.0,0.0,0.0,0.0
421.0,212.0,634.0,422.0,211.0,1.990566037735849,193.6867708607864,387.37354172157274,0.5472753741977979,0.0,0.0,1.0,inf,212.0,inf,216.0,1.0,215.0,0.0,0.0,0.0,0.0,0.0,0.0
422.0,212.0,634.0,422.0,211.0,1.990566037735849,193.6867708607864,387.37354172157274,0.5472753741977979,0.0,0.0,1.0,inf,212.0,inf,214.0,0.0,214.0,0.0,0.0,0.0,0.0,0.0,0.0
423.0,213.0,637.0,424.0,212.0,1.9906103286384977,194.5653505996652,389.13070119933036,0.5473739269184308,0.0,0.0,1.0,inf,213.0,inf,215.0,1.0,214.0,0.0,0.0,0.0,0.0,0.0,0.0
424.0,213.0,637.0,424.0,212.0,1.9906103286384977,194.5653505996652,389.13070119933036,0.5473739269184308,0.0,0.0,1.0,inf,213.0,inf,207.0,0.0,207.0,0.0,0.0,0.0,0.0,0.0,0.0
425.0,214.0,640.0,426.0,213.0,1.9906542056074767,195.52985765087305,391.05971530174605,0.5472310023927554,0.0,0.0,1.0,inf,214.0,inf,212.0,1.0,211.0,0.0,0.0,0.0,0.0,0.0,0.0
426.0,214.0,640.0,426.0,213.0,1.9906542056074767,195.52985765087305,391.05971530174605,0.5472310023927554,0.0,0.0,1.0,inf,214.0,inf,211.0,0.0,211.0,0.0,0.0,0.0,0.0,0.0,0.0
427.0,215.0,643.0,428.0,214.0,1.9906976744186047,196.46820466610882,392.9364093322176,0.5471623267627079,0.0,0.0,1.0,inf,215.0,inf,216.0,1.0,215.0,0.0,0.0,0.0,0.0,0.0,0.0
428.0,215.0,643.0,428.0,214.0,1.9906976744186047,196.46820466610882,392.9364093322176,0.5471623267627079,0.0,0.0,1.0,inf,215.0,inf,216.0,0.0,216.0,0.0,0.0,0.0,0.0,0.0,0.0
429.0,216.0,646.0,430.0,215.0,1.9907407407407407,197.45828928478426,394.91657856956846,0.5469509555217354,0.0,0.0,1.0,inf,216.0,inf,212.0,1.0,211.0,0.0,0.0,0.0,0.0,0.0,0.0
430.0,216.0,646.0,430.0,215.0,1.9907407407407407,197.45828928478426,394.91657856956846,0.5469509555217354,0.0,0.0,1.0,inf,216.0,inf,216.0,0.0,216.0,0.0,0.0,0.0,0.0,0.0,0.0
431.0,217.0,649.0,432.0,216.0,1.9907834101382489,198.3648814959975,396.72976299199496,0.5469718187097007,0.0,0.0,1.0,inf,217.0,inf,216.0,1.0,215.0,0.0,0.0,0.0,0.0,0.0,0.0
432.0,217.0,649.0,432.0,216.0,1.9907834101382489,198.3648814959975,396.72976299199496,0.5469718187097007,0.0,0.0,1.0,inf,217.0,inf,213.0,0.0,213.0,0.0,0.0,0.0,0.0,0.0,0.0
433.0,218.0,652.0,434.0,217.0,1.9908256880733946,199.30215258681162,398.6043051736232,0.5469082926865129,0.0,0.0,1.0,inf,218.0,inf,213.0,1.0,212.0,0.0,0.0,0.0,0.0,0.0,0.0
434.0,218.0,652.0,434.0,217.0,1.9908256880733946,199.30215258681162,398.6043051736232,0.5469082926865129,0.0,0.0,1.0,inf,218.0,inf,212.0,0.0,212.0,0.0,0.0,0.0,0.0,0.0,0.0
435.0,219.0,655.0,436.0,218.0,1.9908675799086757,200.25522515901955,400.51045031803903,0.5468022115929698,0.0,0.0,1.0,inf,219.0,inf,215.0,1.0,214.0,0.0,0.0,0.0,0.0,0.0,0.0
436.0,219.0,655.0,436.0,218.0,1.9908675799086757,200.25522515901955,400.51045031803903,0.5468022115929698,0.0,0.0,1.0,inf,219.0,inf,215.0,0.0,215.0,0.0,0.0,0.0,0.0,0.0,0.0
437.0,220.0,658.0,438.0,219.0,1.990909090909091,201.20733585542928,402.4146717108585,0.5466997489546643,0.0,0.0,1.0,inf,220.0,inf,216.0,1.0,215.0,0.0,0.0,0.0,0.0,0.0,0.0
438.0,220.0,658.0,438.0,219.0,1.990909090909091,201.20733585542928,402.4146717108585,0.5466997489546643,0.0,0.0,1.0,inf,220.0,inf,214.0,0.0,214.0,0.0,0.0,0.0,0.0,0.0,0.0
439.0,221.0,661.0,440.0,220.0,1.990950226244344,202.18720118190657,404.3744023638131,0.5465232188489708,0.0,0.0,1.0,inf,221.0,inf,211.0,1.0,210.0,0.0,0.0,0.0,0.0,0.0,0.0
440.0,221.0,661.0,440.0,220.0,1.990950226244344,202.18720118190657,404.3744023638131,0.5465232188489708,0.0,0.0,1.0,inf,221.0,inf,212.0,0.0,212.0,0.0,0.0,0.0,0.0,0.0,0.0
441.0,222.0,664.0,442.0,221.0,1.990990990990991,203.18548356813506,406.37096713627005,0.5462988696373967,0.0,0.0,1.0,inf,222.0,inf,214.0,1.0,213.0,0.0,0.0,0.0,0.0,0.0,0.0
442.0,222.0,664.0,442.0,221.0,1.990990990990991,203.18548356813506,406.37096713627005,0.5462988696373967,0.0,0.0,1.0,inf,222.0,inf,208.0,0.0,208.0,0.0,0.0,0.0,0.0,0.0,0.0
443.0,223.0,667.0,444.0,222.0,1.9910313901345291,204.06679082430344,408.1335816486068,0.5463897361722065,0.0,0.0,1.0,inf,223.0,inf,214.0,1.0,213.0,0.0,0.0,0.0,0.0,0.0,0.0
444.0,223.0,667.0,444.0,222.0,1.9910313901345291,204.06679082430344,408.1335816486068,0.5463897361722065,0.0,0.0,1.0,inf,223.0,inf,215.0,0.0,215.0,0.0,0.0,0.0,0.0,0.0,0.0
445.0,224.0,670.0,446.0,223.0,1.9910714285714286,204.97947351861367,409.9589470372273,0.5463961736140842,0.0,0.0,1.0,inf,224.0,inf,217.0,1.0,216.0,0.0,0.0,0.0,0.0,0.0,0.0
446.0,224.0,670.0,446.0,223.0,1.9910714285714286,204.97947351861367,409.9589470372273,0.5463961736140842,0.0,0.0,1.0,inf,224.0,inf,214.0,0.0,214.0,0.0,0.0,0.0,0.0,0.0,0.0
447.0,225.0,673.0,448.0,224.0,1.991111111111111,205.95211536129355,411.90423072258704,0.5462434789885298,0.0,0.0,1.0,inf,225.0,inf,210.0,1.0,209.0,0.0,0.0,0.0,0.0,0.0,0.0
448.0,225.0,673.0,448.0,224.0,1.991111111111111,205.95211536129355,411.90423072258704,0.5462434789885298,0.0,0.0,1.0,inf,225.0,inf,212.0,0.0,212.0,0.0,0.0,0.0,0.0,0.0,0.0
449.0,226.0,676.0,450.0,225.0,1.991150442477876,206.883048784141,413.76609756828196,0.5462023141291904,0.0,0.0,1.0,inf,226.0,inf,219.0,1.0,218.0,0.0,0.0,0.0,0.0,0.0,0.0
450.0,226.0,676.0,450.0,225.0,1.991150442477876,206.883048784141,413.76609756828196,0.5462023141291904,0.0,0.0,1.0,inf,226.0,inf,216.0,0.0,216.0,0.0,0.0,0.0,0.0,0.0,0.0
451.0,227.0,679.0,452.0,226.0,1.9911894273127753,207.8625531616474,415.72510632329477,0.5460338972731421,0.0,0.0,1.0,inf,227.0,inf,219.0,1.0,218.0,0.0,0.0,0.0,0.0,0.0,0.0
452.0,227.0,679.0,452.0,226.0,1.9911894273127753,207.8625531616474,415.72510632329477,0.5460338972731421,0.0,0.0,1.0,inf,227.0,inf,215.0,0.0,215.0,0.0,0.0,0.0,0.0,0.0,0.0
453.0,228.0,682.0,454.0,227.0,1.9912280701754386,208.80483987964993,417.6096797592998,0.5459643563133252,0.0,0.0,1.0,inf,228.0,inf,215.0,1.0,214.0,0.0,0.0,0.0,0.0,0.0,0.0
454.0,228.0,682.0,454.0,227.0,1.9912280701754386,208.80483987964993,417.6096797592998,0.5459643563133252,0.0,0.0,1.0,inf,228.0,inf,216.0,0.0,216.0,0.0,0.0,0.0,0.0,0.0,0.0
455.0,229.0,685.0,456.0,228.0,1.9912663755458515,209.79168872887263,419.5833774577452,0.5457794858021081,0.0,0.0,1.0,inf,229.0,inf,215.0,1.0,214.0,0.0,0.0,0.0,0.0,0.0,0.0
456.0,229.0,685.0,456.0,228.0,1.9912663755458515,209.79168872887263,419.5833774577452,0.5457794858021081,0.0,0.0,1.0,inf,229.0,inf,212.0,0.0,212.0,0.0,0.0,0.0,0.0,0.0,0.0
457.0,230.0,688.0,458.0,229.0,1.991304347826087,210.7586531711936,421.51730634238714,0.5456478216654223,0.0,0.0,1.0,inf,230.0,inf,219.0,1.0,218.0,0.0,0.0,0.0,0.0,0.0,0.0
458.0,230.0,688.0,458.0,229.0,1.991304347826087,210.7586531711936,421.51730634238714,0.5456478216654223,0.0,0.0,1.0,inf,230.0,inf,213.0,0.0,213.0,0.0,0.0,0.0,0.0,0.0,0.0
459.0,231.0,691.0,460.0,230.0,1.9913419913419914,211.69641039847122,423.3928207969424,0.5455926238078249,0.0,0.0,1.0,inf,231.0,inf,216.0,1.0,215.0,0.0,0.0,0.0,0.0,0.0,0.0
460.0,231.0,691.0,460.0,230.0,1.9913419913419914,211.69641039847122,423.3928207969424,0.5455926238078249,0.0,0.0,1.0,inf,231.0,inf,216.0,0.0,216.0,0.0,0.0,0.0,0.0,0.0,0.0
461.0,232.0,694.0,462.0,231.0,1.9913793103448276,212.59049660403153,425.180993208063,0.5456499789643006,0.0,0.0,1.0,inf,232.0,inf,213.0,1.0,212.0,0.0,0.0,0.0,0.0,0.0,0.0
462.0,232.0,694.0,462.0,231.0,1.9913793103448276,212.59049660403153,425.180993208063,0.5456499789643006,0.0,0.0,1.0,inf,232.0,inf,214.0,0.0,214.0,0.0,0.0,0.0,0.0,0.0,0.0
463.0,233.0,697.0,464.0,232.0,1.9914163090128756,213.4829699741203,426.96593994824053,0.5457109764498913,0.0,0.0,1.0,inf,233.0,inf,214.0,1.0,213.0,0.0,0.0,0.0,0.0,0.0,0.0
464.0,233.0,697.0,464.0,232.0,1.9914163090128756,213.4829699741203,426.96593994824053,0.5457109764498913,0.0,0.0,1.0,inf,233.0,inf,214.0,0.0,214.0,0.0,0.0,0.0,0.0,0.0,0.0
465.0,234.0,700.0,466.0,233.0,1.9914529914529915,214.353688442966,428.7073768859319,0.5458268567705599,0.0,0.0,1.0,inf,234.0,inf,214.0,1.0,213.0,0.0,0.0,0.0,0.0,0.0,0.0
466.0,234.0,700.0,466.0,233.0,1.9914529914529915,214.353688442966,428.7073768859319,0.5458268567705599,0.0,0.0,1.0,inf,234.0,inf,214.0,0.0,214.0,0.0,0.0,0.0,0.0,0.0,0.0
467.0,235.0,703.0,468.0,234.0,1.9914893617021276,215.21965709457794,430.4393141891558,0.5459538482043247,0.0,0.0,1.0,inf,235.0,inf,213.0,1.0,212.0,0.0,0.0,0.0,0.0,0.0,0.0
468.0,235.0,703.0,468.0,234.0,1.9914893617021276,215.21965709457794,430.4393141891558,0.5459538482043247,0.0,0.0,1.0,inf,235.0,inf,212.0,0.0,212.0,0.0,0.0,0.0,0.0,0.0,0.0
469.0,236.0,706.0,470.0,235.0,1.9915254237288136,216.09564620457613,432.1912924091522,0.5460544998129685,0.0,0.0,1.0,inf,236.0,inf,213.0,1.0,212.0,0.0,0.0,0.0,0.0,0.0,0.0
470.0,236.0,706.0,470.0,235.0,1.9915254237288136,216.09564620457613,432.1912924091522,0.5460544998129685,0.0,0.0,1.0,inf,236.0,inf,212.0,0.0,212.0,0.0,0.0,0.0,0.0,0.0,0.0
471.0,237.0,709.0,472.0,236.0,1.9915611814345993,217.09246616421265,434.18493232842525,0.5458503562733701,0.0,0.0,1.0,inf,237.0,inf,216.0,1.0,215.0,0.0,0.0,0.0,0.0,0.0,0.0
472.0,237.0,709.0,472.0,236.0,1.9915611814345993,217.09246616421265,434.18493232842525,0.5458503562733701,0.0,0.0,1.0,inf,237.0,inf,214.0,0.0,214.0,0.0,0.0,0.0,0.0,0.0,0.0
473.0,238.0,712.0,474.0,237.0,1.9915966386554622,217.99795071752192,435.9959014350438,0.5458766910804507,0.0,0.0,1.0,inf,238.0,inf,216.0,1.0,215.0,0.0,0.0,0.0,0.0,0.0,0.0
474.0,238.0,712.0,474.0,237.0,1.9915966386554622,217.99795071752192,435.9959014350438,0.5458766910804507,0.0,0.0,1.0,inf,238.0,inf,211.0,0.0,211.0,0.0,0.0,0.0,0.0,0.0,0.0
475.0,239.0,715.0,476.0,238.0,1.99163179916318,218.91376312086174,437.82752624172343,0.545877053577597,0.0,0.0,1.0,inf,239.0,inf,212.0,1.0,211.0,0.0,0.0,0.0,0.0,0.0,0.0
476.0,239.0,715.0,476.0,238.0,1.99163179916318,218.91376312086174,437.82752624172343,0.545877053577597,0.0,0.0,1.0,inf,239.0,inf,217.0,0.0,217.0,0.0,0.0,0.0,0.0,0.0,0.0
477.0,240.0,718.0,478.0,239.0,1.9916666666666667,219.81373877645103,439.627477552902,0.5459167414555427,0.0,0.0,1.0,inf,240.0,inf,219.0,1.0,218.0,0.0,0.0,0.0,0.0,0.0,0.0
478.0,240.0,718.0,478.0,239.0,1.9916666666666667,219.81373877645103,439.627477552902,0.5459167414555427,0.0,0.0,1.0,inf,240.0,inf,209.0,0.0,209.0,0.0,0.0,0.0,0.0,0.0,0.0
479.0,240.0,718.0,478.0,239.0,1.9916666666666667,219.81373877645103,439.627477552902,0.5459167414555427,0.0,0.0,1.0,inf,240.0,inf,220.0,0.0,220.0,0.0,0.0,0.0,0.0,0.0,0.0
480.0,241.0,721.0,480.0,240.0,1.991701244813278,220.69164574473,441.38329148945996,0.5460107001031664,0.0,0.0,1.0,inf,241.0,inf,215.0,1.0,214.0,0.0,0.0,0.0,0.0,0.0,0.0
481.0,241.0,721.0,480.0,240.0,1.991701244813278,220.69164574473,441.38329148945996,0.5460107001031664,0.0,0.0,1.0,inf,241.0,inf,213.0,0.0,213.0,0.0,0.0,0.0,0.0,0.0,0.0
482.0,242.0,724.0,482.0,241.0,1.9917355371900827,221.58983389490723,443.1796677898144,0.5460539315959158,0.0,0.0,1.0,inf,242.0,inf,216.0,1.0,215.0,0.0,0.0,0.0,0.0,0.0,0.0
483.0,242.0,724.0,482.0,241.0,1.9917355371900827,221.58983389490723,443.1796677898144,0.5460539315959158,0.0,0.0,1.0,inf,242.0,inf,210.0,0.0,210.0,0.0,0.0,0.0,0.0,0.0,0.0
484.0,243.0,727.0,484.0,242.0,1.991769547325103,222.5411681403406,445.08233628068115,0.5459663981065237,0.0,0.0,1.0,inf,243.0,inf,217.0,1.0,216.0,0.0,0.0,0.0,0.0,0.0,0.0
485.0,243.0,727.0,484.0,242.0,1.991769547325103,222.5411681403406,445.08233628068115,0.5459663981065237,0.0,0.0,1.0,inf,243.0,inf,216.0,0.0,216.0,0.0,0.0,0.0,0.0,0.0,0.0
486.0,244.0,730.0,486.0,243.0,1.9918032786885247,223.43731696256467,446.8746339251293,0.5460144333027426,0.0,0.0,1.0,inf,244.0,inf,220.0,1.0,219.0,0.0,0.0,0.0,0.0,0.0,0.0
487.0,244.0,730.0,486.0,243.0,1.9918032786885247,223.43731696256467,446.8746339251293,0.5460144333027426,0.0,0.0,1.0,inf,244.0,inf,215.0,0.0,215.0,0.0,0.0,0.0,0.0,0.0,0.0
488.0,245.0,733.0,488.0,244.0,1.9918367346938775,224.43151503448945,448.86303006897884,0.5458235220716434,0.0,0.0,1.0,inf,245.0,inf,219.0,1.0,218.0,0.0,0.0,0.0,0.0,0.0,0.0
489.0,245.0,733.0,488.0,244.0,1.9918367346938775,224.43151503448945,448.86303006897884,0.5458235220716434,0.0,0.0,1.0,inf,245.0,inf,216.0,0.0,216.0,0.0,0.0,0.0,0.0,0.0,0.0
490.0,246.0,736.0,490.0,245.0,1.991869918699187,225.29843784208506,450.5968756841701,0.5459425337259217,0.0,0.0,1.0,inf,246.0,inf,213.0,1.0,212.0,0.0,0.0,0.0,0.0,0.0,0.0
491.0,246.0,736.0,490.0,245.0,1.991869918699187,225.29843784208506,450.5968756841701,0.5459425337259217,0.0,0.0,1.0,inf,246.0,inf,212.0,0.0,212.0,0.0,0.0,0.0,0.0,0.0,0.0
492.0,247.0,739.0,492.0,246.0,1.991902834008097,226.25980405954982,452.5196081190996,0.5458327010992009,0.0,0.0,1.0,inf,247.0,inf,217.0,1.0,216.0,0.0,0.0,0.0,0.0,0.0,0.0
493.0,247.0,739.0,492.0,246.0,1.991902834008097,226.25980405954982,452.5196081190996,0.5458327010992009,0.0,0.0,1.0,inf,247.0,inf,212.0,0.0,212.0,0.0,0.0,0.0,0.0,0.0,0.0
494.0,248.0,742.0,494.0,247.0,1.9919354838709677,227.22088966371015,454.44177932742025,0.5457244718279275,0.0,0.0,1.0,inf,248.0,inf,215.0,1.0,214.0,0.0,0.0,0.0,0.0,0.0,0.0
495.0,248.0,742.0,494.0,247.0,1.9919354838709677,227.22088966371015,454.44177932742025,0.5457244718279275,0.0,0.0,1.0,inf,248.0,inf,210.0,0.0,210.0,0.0,0.0,0.0,0.0,0.0,0.0
496.0,249.0,745.0,496.0,248.0,1.9919678714859437,228.16725013319208,456.3345002663841,0.5456523665307946,0.0,0.0,1.0,inf,249.0,inf,216.0,1.0,215.0,0.0,0.0,0.0,0.0,0.0,0.0
497.0,249.0,745.0,496.0,248.0,1.9919678714859437,228.16725013319208,456.3345002663841,0.5456523665307946,0.0,0.0,1.0,inf,249.0,inf,216.0,0.0,216.0,0.0,0.0,0.0,0.0,0.0,0.0
498.0,250.0,748.0,498.0,249.0,1.992,229.01798745643083,458.0359749128616,0.5458086562907224,0.0,0.0,1.0,inf,250.0,inf,212.0,1.0,211.0,0.0,0.0,0.0,0.0,0.0,0.0
499.0,250.0,748.0,498.0,249.0,1.992,229.01798745643083,458.0359749128616,0.5458086562907224,0.0,0.0,1.0,inf,250.0,inf,215.0,0.0,215.0,0.0,0.0,0.0,0.0,0.0,0.0
500.0,251.0,751.0,500.0,250.0,1.9920318725099602,230.01388306577147,460.0277661315429,0.5456192397052566,0.0,0.0,1.0,inf,251.0,inf,218.0,1.0,217.0,0.0,0.0,0.0,0.0,0.0,0.0
501.0,251.0,751.0,500.0,250.0,1.9920318725099602,230.01388306577147,460.0277661315429,0.5456192397052566,0.0,0.0,1.0,inf,251.0,inf,216.0,0.0,216.0,0.0,0.0,0.0,0.0,0.0,0.0
502.0,252.0,754.0,502.0,251.0,1.992063492063492,230.87085089957287,461.7417017991457,0.5457596726007178,0.0,0.0,1.0,inf,252.0,inf,215.0,1.0,214.0,0.0,0.0,0.0,0.0,0.0,0.0
503.0,252.0,754.0,502.0,251.0,1.992063492063492,230.87085089957287,461.7417017991457,0.5457596726007178,0.0,0.0,1.0,inf,252.0,inf,214.0,0.0,214.0,0.0,0.0,0.0,0.0,0.0,0.0
504.0,253.0,757.0,504.0,252.0,1.992094861660079,231.72792390396947,463.4558478079389,0.5458988190496324,0.0,0.0,1.0,inf,253.0,inf,215.0,1.0,214.0,0.0,0.0,0.0,0.0,0.0,0.0
505.0,253.0,757.0,504.0,252.0,1.992094861660079,231.72792390396947,463.4558478079389,0.5458988190496324,0.0,0.0,1.0,inf,253.0,inf,213.0,0.0,213.0,0.0,0.0,0.0,0.0,0.0,0.0
506.0,254.0,760.0,506.0,253.0,1.9921259842519685,232.68528836670575,465.37057673341144,0.5458015884521734,0.0,0.0,1.0,inf,254.0,inf,217.0,1.0,216.0,0.0,0.0,0.0,0.0,0.0,0.0
507.0,254.0,760.0,506.0,253.0,1.9921259842519685,232.68528836670575,465.37057673341144,0.5458015884521734,0.0,0.0,1.0,inf,254.0,inf,211.0,0.0,211.0,0.0,0.0,0.0,0.0,0.0,0.0
508.0,255.0,763.0,508.0,254.0,1.992156862745098,233.68002402801957,467.3600480560391,0.5456178829591015,0.0,0.0,1.0,inf,255.0,inf,214.0,1.0,213.0,0.0,0.0,0.0,0.0,0.0,0.0
509.0,255.0,763.0,508.0,254.0,1.992156862745098,233.68002402801957,467.3600480560391,0.5456178829591015,0.0,0.0,1.0,inf,255.0,inf,219.0,0.0,219.0,0.0,0.0,0.0,0.0,0.0,0.0
510.0,256.0,766.0,510.0,255.0,1.9921875,234.6480995120039,469.29619902400776,0.5454977059954919,0.0,0.0,1.0,inf,256.0,inf,210.0,1.0,209.0,0.0,0.0,0.0,0.0,0.0,0.0
511.0,256.0,766.0,510.0,255.0,1.9921875,234.6480995120039,469.29619902400776,0.5454977059954919,0.0,0.0,1.0,inf,256.0,inf,219.0,0.0,219.0,0.0,0.0,0.0,0.0,0.0,0.0
512.0,257.0,769.0,512.0,256.0,1.9922178988326849,235.55288950816197,471.1057790163239,0.545525042245544,0.0,0.0,1.0,inf,257.0,inf,214.0,1.0,213.0,0.0,0.0,0.0,0.0,0.0,0.0
513.0,257.0,769.0,512.0,256.0,1.9922178988326849,235.55288950816197,471.1057790163239,0.545525042245544,0.0,0.0,1.0,inf,257.0,inf,216.0,0.0,216.0,0.0,0.0,0.0,0.0,0.0,0.0
514.0,258.0,772.0,514.0,257.0,1.9922480620155039,236.4049800372604,472.80996007452075,0.5456737839434177,0.0,0.0,1.0,inf,258.0,inf,212.0,1.0,211.0,0.0,0.0,0.0,0.0,0.0,0.0
515.0,258.0,772.0,514.0,257.0,1.9922480620155039,236.4049800372604,472.80996007452075,0.5456737839434177,0.0,0.0,1.0,inf,258.0,inf,213.0,0.0,213.0,0.0,0.0,0.0,0.0,0.0,0.0
516.0,259.0,775.0,516.0,258.0,1.9922779922779923,237.37798404285434,474.7559680857086,0.5455434315956661,0.0,0.0,1.0,inf,259.0,inf,217.0,1.0,216.0,0.0,0.0,0.0,0.0,0.0,0.0
517.0,259.0,775.0,516.0,258.0,1.9922779922779923,237.37798404285434,474.7559680857086,0.5455434315956661,0.0,0.0,1.0,inf,259.0,inf,213.0,0.0,213.0,0.0,0.0,0.0,0.0,0.0,0.0
518.0,260.0,778.0,518.0,259.0,1.9923076923076923,238.35952616124274,476.7190523224854,0.5453946065996922,0.0,0.0,1.0,inf,260.0,inf,218.0,1.0,217.0,0.0,0.0,0.0,0.0,0.0,0.0
519.0,260.0,778.0,518.0,259.0,1.9923076923076923,238.35952616124274,476.7190523224854,0.5453946065996922,0.0,0.0,1.0,inf,260.0,inf,216.0,0.0,216.0,0.0,0.0,0.0,0.0,0.0,0.0
520.0,261.0,781.0,520.0,260.0,1.9923371647509578,239.2149204112376,478.42984082247517,0.545534533446558,0.0,0.0,1.0,inf,261.0,inf,219.0,1.0,218.0,0.0,0.0,0.0,0.0,0.0,0.0
521.0,261.0,781.0,520.0,260.0,1.9923371647509578,239.2149204112376,478.42984082247517,0.545534533446558,0.0,0.0,1.0,inf,261.0,inf,216.0,0.0,216.0,0.0,0.0,0.0,0.0,0.0,0.0
522.0,262.0,784.0,522.0,261.0,1.9923664122137406,240.16748666183668,480.3349733236733,0.5454526831288038,0.0,0.0,1.0,inf,262.0,inf,216.0,1.0,215.0,0.0,0.0,0.0,0.0,0.0,0.0
523.0,262.0,784.0,522.0,261.0,1.9923664122137406,240.16748666183668,480.3349733236733,0.5454526831288038,0.0,0.0,1.0,inf,262.0,inf,215.0,0.0,215.0,0.0,0.0,0.0,0.0,0.0,0.0
524.0,263.0,787.0,524.0,262.0,1.9923954372623573,241.0247994126629,482.04959882532575,0.5455870114629013,0.0,0.0,1.0,inf,263.0,inf,215.0,1.0,214.0,0.0,0.0,0.0,0.0,0.0,0.0
525.0,263.0,787.0,524.0,262.0,1.9923954372623573,241.0247994126629,482.04959882532575,0.5455870114629013,0.0,0.0,1.0,inf,263.0,inf,213.0,0.0,213.0,0.0,0.0,0.0,0.0,0.0,0.0
526.0,264.0,790.0,526.0,263.0,1.9924242424242424,241.93817174440915,483.87634348881824,0.5455939385185106,0.0,0.0,1.0,inf,264.0,inf,219.0,1.0,218.0,0.0,0.0,0.0,0.0,0.0,0.0
527.0,264.0,790.0,526.0,263.0,1.9924242424242424,241.93817174440915,483.87634348881824,0.5455939385185106,0.0,0.0,1.0,inf,264.0,inf,213.0,0.0,213.0,0.0,0.0,0.0,0.0,0.0,0.0
528.0,264.0,790.0,526.0,263.0,1.9924242424242424,241.93817174440915,483.87634348881824,0.5455939385185106,0.0,0.0,1.0,inf,264.0,inf,220.0,0.0,220.0,0.0,0.0,0.0,0.0,0.0,0.0
529.0,265.0,793.0,528.0,264.0,1.9924528301886792,242.8281459306391,485.65629186127813,0.5456533858222804,0.0,0.0,1.0,inf,265.0,inf,215.0,1.0,214.0,0.0,0.0,0.0,0.0,0.0,0.0
530.0,265.0,793.0,528.0,264.0,1.9924528301886792,242.8281459306391,485.65629186127813,0.5456533858222804,0.0,0.0,1.0,inf,265.0,inf,216.0,0.0,216.0,0.0,0.0,0.0,0.0,0.0,0.0
531.0,266.0,796.0,530.0,265.0,1.9924812030075187,243.70861966134288,487.4172393226857,0.5457336723863793,0.0,0.0,1.0,inf,266.0,inf,214.0,1.0,213.0,0.0,0.0,0.0,0.0,0.0,0.0
532.0,266.0,796.0,530.0,265.0,1.9924812030075187,243.70861966134288,487.4172393226857,0.5457336723863793,0.0,0.0,1.0,inf,266.0,inf,218.0,0.0,218.0,0.0,0.0,0.0,0.0,0.0,0.0
533.0,267.0,799.0,532.0,266.0,1.9925093632958801,244.6458303990011,489.29166079800217,0.5456867986765619,0.0,0.0,1.0,inf,267.0,inf,215.0,1.0,214.0,0.0,0.0,0.0,0.0,0.0,0.0
534.0,267.0,799.0,532.0,266.0,1.9925093632958801,244.6458303990011,489.29166079800217,0.5456867986765619,0.0,0.0,1.0,inf,267.0,inf,212.0,0.0,212.0,0.0,0.0,0.0,0.0,0.0,0.0
535.0,268.0,802.0,534.0,267.0,1.992537313432836,245.5554562970473,491.11091259409454,0.5457015780496477,0.0,0.0,1.0,inf,268.0,inf,219.0,1.0,218.0,0.0,0.0,0.0,0.0,0.0,0.0
536.0,268.0,802.0,534.0,267.0,1.992537313432836,245.5554562970473,491.11091259409454,0.5457015780496477,0.0,0.0,1.0,inf,268.0,inf,215.0,0.0,215.0,0.0,0.0,0.0,0.0,0.0,0.0
537.0,269.0,805.0,536.0,268.0,1.9925650557620818,246.51944960129757,493.0388992025951,0.545595896054167,0.0,0.0,1.0,inf,269.0,inf,219.0,1.0,218.0,0.0,0.0,0.0,0.0,0.0,0.0
538.0,269.0,805.0,536.0,268.0,1.9925650557620818,246.51944960129757,493.0388992025951,0.545595896054167,0.0,0.0,1.0,inf,269.0,inf,208.0,0.0,208.0,0.0,0.0,0.0,0.0,0.0,0.0
539.0,270.0,808.0,538.0,269.0,1.9925925925925927,247.4661352783845,494.93227055676897,0.5455291886630594,0.0,0.0,1.0,inf,270.0,inf,218.0,1.0,217.0,0.0,0.0,0.0,0.0,0.0,0.0
540.0,270.0,808.0,538.0,269.0,1.9925925925925927,247.4661352783845,494.93227055676897,0.5455291886630594,0.0,0.0,1.0,inf,270.0,inf,215.0,0.0,215.0,0.0,0.0,0.0,0.0,0.0,0.0
541.0,271.0,811.0,540.0,270.0,1.992619926199262,248.42957947963367,496.8591589592673,0.5454261939492931,0.0,0.0,1.0,inf,271.0,inf,219.0,1.0,218.0,0.0,0.0,0.0,0.0,0.0,0.0
542.0,271.0,811.0,540.0,270.0,1.992619926199262,248.42957947963367,496.8591589592673,0.5454261939492931,0.0,0.0,1.0,inf,271.0,inf,214.0,0.0,214.0,0.0,0.0,0.0,0.0,0.0,0.0
543.0,272.0,814.0,542.0,271.0,1.9926470588235294,249.38902202675087,498.7780440535017,0.5453327451815898,0.0,0.0,1.0,inf,272.0,inf,217.0,1.0,216.0,0.0,0.0,0.0,0.0,0.0,0.0
544.0,272.0,814.0,542.0,271.0,1.9926470588235294,249.38902202675087,498.7780440535017,0.5453327451815898,0.0,0.0,1.0,inf,272.0,inf,209.0,0.0,209.0,0.0,0.0,0.0,0.0,0.0,0.0
545.0,273.0,817.0,544.0,272.0,1.9926739926739927,250.31526427328149,500.6305285465629,0.5453123300182615,0.0,0.0,1.0,inf,273.0,inf,219.0,1.0,218.0,0.0,0.0,0.0,0.0,0.0,0.0
546.0,273.0,817.0,544.0,272.0,1.9926739926739927,250.31526427328149,500.6305285465629,0.5453123300182615,0.0,0.0,1.0,inf,273.0,inf,216.0,0.0,216.0,0.0,0.0,0.0,0.0,0.0,0.0
547.0,274.0,820.0,546.0,273.0,1.9927007299270072,251.31165395855683,502.6233079171136,0.5451398605756355,0.0,0.0,1.0,inf,274.0,inf,216.0,1.0,215.0,0.0,0.0,0.0,0.0,0.0,0.0
548.0,274.0,820.0,546.0,273.0,1.9927007299270072,251.31165395855683,502.6233079171136,0.5451398605756355,0.0,0.0,1.0,inf,274.0,inf,217.0,0.0,217.0,0.0,0.0,0.0,0.0,0.0,0.0
549.0,274.0,820.0,546.0,273.0,1.9927007299270072,251.31165395855683,502.6233079171136,0.5451398605756355,0.0,0.0,1.0,inf,274.0,inf,220.0,0.0,220.0,0.0,0.0,0.0,0.0,0.0,0.0
550.0,274.0,820.0,546.0,273.0,1.9927007299270072,251.31165395855683,502.6233079171136,0.5451398605756355,0.0,0.0,1.0,inf,274.0,inf,220.0,0.0,220.0,0.0,0.0,0.0,0.0,0.0,0.0
551.0,275.0,823.0,548.0,274.0,1.9927272727272727,252.1673782679778,504.33475653595553,0.5452727507595333,0.0,0.0,1.0,inf,275.0,inf,211.0,1.0,210.0,0.0,0.0,0.0,0.0,0.0,0.0
552.0,275.0,823.0,548.0,274.0,1.9927272727272727,252.1673782679778,504.33475653595553,0.5452727507595333,0.0,0.0,1.0,inf,275.0,inf,218.0,0.0,218.0,0.0,0.0,0.0,0.0,0.0,0.0
553.0,276.0,826.0,550.0,275.0,1.9927536231884058,253.03419270457601,506.068385409152,0.5453808377633713,0.0,0.0,1.0,inf,276.0,inf,216.0,1.0,215.0,0.0,0.0,0.0,0.0,0.0,0.0
554.0,276.0,826.0,550.0,275.0,1.9927536231884058,253.03419270457601,506.068385409152,0.5453808377633713,0.0,0.0,1.0,inf,276.0,inf,218.0,0.0,218.0,0.0,0.0,0.0,0.0,0.0,0.0
555.0,277.0,829.0,552.0,276.0,1.9927797833935017,254.02062662909205,508.04125325818404,0.5452313138422048,0.0,0.0,1.0,inf,277.0,inf,219.0,1.0,218.0,0.0,0.0,0.0,0.0,0.0,0.0
556.0,277.0,829.0,552.0,276.0,1.9927797833935017,254.02062662909205,508.04125325818404,0.5452313138422048,0.0,0.0,1.0,inf,277.0,inf,218.0,0.0,218.0,0.0,0.0,0.0,0.0,0.0,0.0
557.0,278.0,832.0,554.0,277.0,1.9928057553956835,254.99876486374322,509.9975297274864,0.5451006795043641,0.0,0.0,1.0,inf,278.0,inf,213.0,1.0,212.0,0.0,0.0,0.0,0.0,0.0,0.0
558.0,278.0,832.0,554.0,277.0,1.9928057553956835,254.99876486374322,509.9975297274864,0.5451006795043641,0.0,0.0,1.0,inf,278.0,inf,213.0,0.0,213.0,0.0,0.0,0.0,0.0,0.0,0.0
559.0,279.0,835.0,556.0,278.0,1.992831541218638,255.88967591033781,511.7793518206756,0.5451568122227798,0.0,0.0,1.0,inf,279.0,inf,216.0,1.0,215.0,0.0,0.0,0.0,0.0,0.0,0.0
560.0,279.0,835.0,556.0,278.0,1.992831541218638,255.88967591033781,511.7793518206756,0.5451568122227798,0.0,0.0,1.0,inf,279.0,inf,211.0,0.0,211.0,0.0,0.0,0.0,0.0,0.0,0.0
561.0,280.0,838.0,558.0,279.0,1.9928571428571429,256.7754648966326,513.5509297932651,0.545223431126328,0.0,0.0,1.0,inf,280.0,inf,218.0,1.0,217.0,0.0,0.0,0.0,0.0,0.0,0.0
562.0,280.0,838.0,558.0,279.0,1.9928571428571429,256.7754648966326,513.5509297932651,0.545223431126328,0.0,0.0,1.0,inf,280.0,inf,215.0,0.0,215.0,0.0,0.0,0.0,0.0,0.0,0.0
563.0,281.0,841.0,560.0,280.0,1.99288256227758,257.75335819921617,515.5067163984322,0.5450947408856196,0.0,0.0,1.0,inf,281.0,inf,216.0,1.0,215.0,0.0,0.0,0.0,0.0,0.0,0.0
564.0,281.0,841.0,560.0,280.0,1.99288256227758,257.75335819921617,515.5067163984322,0.5450947408856196,0.0,0.0,1.0,inf,281.0,inf,215.0,0.0,215.0,0.0,0.0,0.0,0.0,0.0,0.0
565.0,282.0,844.0,562.0,281.0,1.9929078014184398,258.6912795580999,517.3825591161997,0.5450512295615771,0.0,0.0,1.0,inf,282.0,inf,214.0,1.0,213.0,0.0,0.0,0.0,0.0,0.0,0.0
566.0,282.0,844.0,562.0,281.0,1.9929078014184398,258.6912795580999,517.3825591161997,0.5450512295615771,0.0,0.0,1.0,inf,282.0,inf,214.0,0.0,214.0,0.0,0.0,0.0,0.0,0.0,0.0
567.0,283.0,847.0,564.0,282.0,1.9929328621908127,259.61756735149606,519.235134702992,0.5450324546351799,0.0,0.0,1.0,inf,283.0,inf,218.0,1.0,217.0,0.0,0.0,0.0,0.0,0.0,0.0
568.0,283.0,847.0,564.0,282.0,1.9929328621908127,259.61756735149606,519.235134702992,0.5450324546351799,0.0,0.0,1.0,inf,283.0,inf,216.0,0.0,216.0,0.0,0.0,0.0,0.0,0.0,0.0
569.0,284.0,850.0,566.0,283.0,1.9929577464788732,260.51627248004104,521.032544960082,0.5450715175992666,0.0,0.0,1.0,inf,284.0,inf,215.0,1.0,214.0,0.0,0.0,0.0,0.0,0.0,0.0
570.0,284.0,850.0,566.0,283.0,1.9929577464788732,260.51627248004104,521.032544960082,0.5450715175992666,0.0,0.0,1.0,inf,284.0,inf,216.0,0.0,216.0,0.0,0.0,0.0,0.0,0.0,0.0
571.0,285.0,853.0,568.0,284.0,1.9929824561403509,261.3684661625711,522.7369323251421,0.5452073162925671,0.0,0.0,1.0,inf,285.0,inf,219.0,1.0,218.0,0.0,0.0,0.0,0.0,0.0,0.0
572.0,285.0,853.0,568.0,284.0,1.9929824561403509,261.3684661625711,522.7369323251421,0.5452073162925671,0.0,0.0,1.0,inf,285.0,inf,214.0,0.0,214.0,0.0,0.0,0.0,0.0,0.0,0.0
573.0,286.0,856.0,570.0,285.0,1.993006993006993,262.291154531699,524.5823090633979,0.5451956634043404,0.0,0.0,1.0,inf,286.0,inf,218.0,1.0,217.0,0.0,0.0,0.0,0.0,0.0,0.0
574.0,286.0,856.0,570.0,285.0,1.993006993006993,262.291154531699,524.5823090633979,0.5451956634043404,0.0,0.0,1.0,inf,286.0,inf,213.0,0.0,213.0,0.0,0.0,0.0,0.0,0.0,0.0
575.0,287.0,859.0,572.0,286.0,1.9930313588850175,263.27340211115023,526.5468042223004,0.5450607575596125,0.0,0.0,1.0,inf,287.0,inf,217.0,1.0,216.0,0.0,0.0,0.0,0.0,0.0,0.0
576.0,287.0,859.0,572.0,286.0,1.9930313588850175,263.27340211115023,526.5468042223004,0.5450607575596125,0.0,0.0,1.0,inf,287.0,inf,216.0,0.0,216.0,0.0,0.0,0.0,0.0,0.0,0.0
577.0,288.0,862.0,574.0,287.0,1.9930555555555556,264.2587894040466,528.517578808093,0.544920380225563,0.0,0.0,1.0,inf,288.0,inf,218.0,1.0,217.0,0.0,0.0,0.0,0.0,0.0,0.0
578.0,288.0,862.0,574.0,287.0,1.9930555555555556,264.2587894040466,528.517578808093,0.544920380225563,0.0,0.0,1.0,inf,288.0,inf,213.0,0.0,213.0,0.0,0.0,0.0,0.0,0.0,0.0
579.0,289.0,865.0,576.0,288.0,1.9930795847750864,265.22580704933364,530.4516140986672,0.5448187776580962,0.0,0.0,1.0,inf,289.0,inf,217.0,1.0,216.0,0.0,0.0,0.0,0.0,0.0,0.0
580.0,289.0,865.0,576.0,288.0,1.9930795847750864,265.22580704933364,530.4516140986672,0.5448187776580962,0.0,0.0,1.0,inf,289.0,inf,216.0,0.0,216.0,0.0,0.0,0.0,0.0,0.0,0.0
581.0,290.0,868.0,578.0,289.0,1.993103448275862,266.08998172590776,532.1799634518154,0.5449284451053129,0.0,0.0,1.0,inf,290.0,inf,218.0,1.0,217.0,0.0,0.0,0.0,0.0,0.0,0.0
582.0,290.0,868.0,578.0,289.0,1.993103448275862,266.08998172590776,532.1799634518154,0.5449284451053129,0.0,0.0,1.0,inf,290.0,inf,218.0,0.0,218.0,0.0,0.0,0.0,0.0,0.0,0.0
583.0,291.0,871.0,580.0,290.0,1.993127147766323,267.04358309679196,534.0871661935838,0.5448548821607987,0.0,0.0,1.0,inf,291.0,inf,218.0,1.0,217.0,0.0,0.0,0.0,0.0,0.0,0.0
584.0,291.0,871.0,580.0,290.0,1.993127147766323,267.04358309679196,534.0871661935838,0.5448548821607987,0.0,0.0,1.0,inf,291.0,inf,217.0,0.0,217.0,0.0,0.0,0.0,0.0,0.0,0.0
585.0,292.0,874.0,582.0,291.0,1.9931506849315068,268.02505672445926,536.0501134489184,0.5447251901903113,0.0,0.0,1.0,inf,292.0,inf,217.0,1.0,216.0,0.0,0.0,0.0,0.0,0.0,0.0
586.0,292.0,874.0,582.0,291.0,1.9931506849315068,268.02505672445926,536.0501134489184,0.5447251901903113,0.0,0.0,1.0,inf,292.0,inf,216.0,0.0,216.0,0.0,0.0,0.0,0.0,0.0,0.0
587.0,293.0,877.0,584.0,292.0,1.993174061433447,268.89978367324613,537.7995673464922,0.544812636138152,0.0,0.0,1.0,inf,293.0,inf,218.0,1.0,217.0,0.0,0.0,0.0,0.0,0.0,0.0
588.0,293.0,877.0,584.0,292.0,1.993174061433447,268.89978367324613,537.7995673464922,0.544812636138152,0.0,0.0,1.0,inf,293.0,inf,215.0,0.0,215.0,0.0,0.0,0.0,0.0,0.0,0.0
589.0,294.0,880.0,586.0,293.0,1.9931972789115646,269.84638696888703,539.692773937774,0.5447543754474984,0.0,0.0,1.0,inf,294.0,inf,220.0,1.0,219.0,0.0,0.0,0.0,0.0,0.0,0.0
590.0,294.0,880.0,586.0,293.0,1.9931972789115646,269.84638696888703,539.692773937774,0.5447543754474984,0.0,0.0,1.0,inf,294.0,inf,217.0,0.0,217.0,0.0,0.0,0.0,0.0,0.0,0.0
591.0,294.0,880.0,586.0,293.0,1.9931972789115646,269.84638696888703,539.692773937774,0.5447543754474984,0.0,0.0,1.0,inf,294.0,inf,220.0,0.0,220.0,0.0,0.0,0.0,0.0,0.0,0.0
592.0,295.0,883.0,588.0,294.0,1.993220338983051,270.69834428781,541.3966885756199,0.5448869677724224,0.0,0.0,1.0,inf,295.0,inf,218.0,1.0,217.0,0.0,0.0,0.0,0.0,0.0,0.0
593.0,295.0,883.0,588.0,294.0,1.993220338983051,270.69834428781,541.3966885756199,0.5448869677724224,0.0,0.0,1.0,inf,295.0,inf,216.0,0.0,216.0,0.0,0.0,0.0,0.0,0.0,0.0
594.0,296.0,886.0,590.0,295.0,1.9932432432432432,271.65930360597423,543.3186072119483,0.5448000419476349,0.0,0.0,1.0,inf,296.0,inf,216.0,1.0,215.0,0.0,0.0,0.0,0.0,0.0,0.0
595.0,296.0,886.0,590.0,295.0,1.9932432432432432,271.65930360597423,543.3186072119483,0.5448000419476349,0.0,0.0,1.0,inf,296.0,inf,214.0,0.0,214.0,0.0,0.0,0.0,0.0,0.0,0.0
596.0,297.0,889.0,592.0,296.0,1.9932659932659933,272.5208288631425,545.0416577262849,0.5449124774039763,0.0,0.0,1.0,inf,297.0,inf,219.0,1.0,218.0,0.0,0.0,0.0,0.0,0.0,0.0
597.0,297.0,889.0,592.0,296.0,1.9932659932659933,272.5208288631425,545.0416577262849,0.5449124774039763,0.0,0.0,1.0,inf,297.0,inf,213.0,0.0,213.0,0.0,0.0,0.0,0.0,0.0,0.0
598.0,298.0,892.0,594.0,297.0,1.9932885906040267,273.41104237076115,546.8220847415222,0.5449670163575451,0.0,0.0,1.0,inf,298.0,inf,214.0,1.0,213.0,0.0,0.0,0.0,0.0,0.0,0.0
599.0,298.0,892.0,594.0,297.0,1.9932885906040267,273.41104237076115,546.8220847415222,0.5449670163575451,0.0,0.0,1.0,inf,298.0,inf,213.0,0.0,213.0,0.0,0.0,0.0,0.0,0.0,0.0
600.0,299.0,895.0,596.0,298.0,1.9933110367892977,274.30692712306217,548.6138542461242,0.5450099330992466,0.0,0.0,1.0,inf,299.0,inf,214.0,1.0,213.0,0.0,0.0,0.0,0.0,0.0,0.0
601.0,299.0,895.0,596.0,298.0,1.9933110367892977,274.30692712306217,548.6138542461242,0.5450099330992466,0.0,0.0,1.0,inf,299.0,inf,218.0,0.0,218.0,0.0,0.0,0.0,0.0,0.0,0.0
602.0,300.0,898.0,598.0,299.0,1.9933333333333334,275.21122346215117,550.4224469243022,0.5450359113738289,0.0,0.0,1.0,inf,300.0,inf,218.0,1.0,217.0,0.0,0.0,0.0,0.0,0.0,0.0
603.0,300.0,898.0,598.0,299.0,1.9933333333333334,275.21122346215117,550.4224469243022,0.5450359113738289,0.0,0.0,1.0,inf,300.0,inf,218.0,0.0,218.0,0.0,0.0,0.0,0.0,0.0,0.0
604.0,301.0,901.0,600.0,300.0,1.9933554817275747,276.10772725825814,552.2154545165162,0.5450771026746001,0.0,0.0,1.0,inf,301.0,inf,220.0,1.0,219.0,0.0,0.0,0.0,0.0,0.0,0.0
605.0,301.0,901.0,600.0,300.0,1.9933554817275747,276.10772725825814,552.2154545165162,0.5450771026746001,0.0,0.0,1.0,inf,301.0,inf,215.0,0.0,215.0,0.0,0.0,0.0,0.0,0.0,0.0
606.0,302.0,904.0,602.0,301.0,1.9933774834437086,276.9801056340507,553.9602112681013,0.5451655080220923,0.0,0.0,1.0,inf,302.0,inf,217.0,1.0,216.0,0.0,0.0,0.0,0.0,0.0,0.0
607.0,302.0,904.0,602.0,301.0,1.9933774834437086,276.9801056340507,553.9602112681013,0.5451655080220923,0.0,0.0,1.0,inf,302.0,inf,214.0,0.0,214.0,0.0,0.0,0.0,0.0,0.0,0.0
608.0,303.0,907.0,604.0,302.0,1.9933993399339933,277.91604222103115,555.8320844420622,0.5451286611210072,0.0,0.0,1.0,inf,303.0,inf,219.0,1.0,218.0,0.0,0.0,0.0,0.0,0.0,0.0
609.0,303.0,907.0,604.0,302.0,1.9933993399339933,277.91604222103115,555.8320844420622,0.5451286611210072,0.0,0.0,1.0,inf,303.0,inf,212.0,0.0,212.0,0.0,0.0,0.0,0.0,0.0,0.0
610.0,303.0,907.0,604.0,302.0,1.9933993399339933,277.91604222103115,555.8320844420622,0.5451286611210072,0.0,0.0,1.0,inf,303.0,inf,220.0,0.0,220.0,0.0,0.0,0.0,0.0,0.0,0.0
611.0,304.0,910.0,606.0,303.0,1.993421052631579,278.81529686496384,557.6305937299276,0.5451637758369364,0.0,0.0,1.0,inf,304.0,inf,217.0,1.0,216.0,0.0,0.0,0.0,0.0,0.0,0.0
612.0,304.0,910.0,606.0,303.0,1.993421052631579,278.81529686496384,557.6305937299276,0.5451637758369364,0.0,0.0,1.0,inf,304.0,inf,216.0,0.0,216.0,0.0,0.0,0.0,0.0,0.0,0.0
613.0,305.0,913.0,608.0,304.0,1.9934426229508198,279.8124699679304,559.6249399358607,0.5450078762303847,0.0,0.0,1.0,inf,305.0,inf,216.0,1.0,215.0,0.0,0.0,0.0,0.0,0.0,0.0
614.0,305.0,913.0,608.0,304.0,1.9934426229508198,279.8124699679304,559.6249399358607,0.5450078762303847,0.0,0.0,1.0,inf,305.0,inf,218.0,0.0,218.0,0.0,0.0,0.0,0.0,0.0,0.0
615.0,306.0,916.0,610.0,305.0,1.9934640522875817,280.70417437548474,561.4083487509694,0.5450578009407838,0.0,0.0,1.0,inf,306.0,inf,220.0,1.0,219.0,0.0,0.0,0.0,0.0,0.0,0.0
616.0,306.0,916.0,610.0,305.0,1.9934640522875817,280.70417437548474,561.4083487509694,0.5450578009407838,0.0,0.0,1.0,inf,306.0,inf,215.0,0.0,215.0,0.0,0.0,0.0,0.0,0.0,0.0
617.0,307.0,919.0,612.0,306.0,1.993485342019544,281.5816478067373,563.1632956134745,0.5451349588853684,0.0,0.0,1.0,inf,307.0,inf,214.0,1.0,213.0,0.0,0.0,0.0,0.0,0.0,0.0
618.0,307.0,919.0,612.0,306.0,1.993485342019544,281.5816478067373,563.1632956134745,0.5451349588853684,0.0,0.0,1.0,inf,307.0,inf,214.0,0.0,214.0,0.0,0.0,0.0,0.0,0.0,0.0
619.0,308.0,922.0,614.0,307.0,1.9935064935064934,282.5330982228552,565.0661964457103,0.5450688820837855,0.0,0.0,1.0,inf,308.0,inf,218.0,1.0,217.0,0.0,0.0,0.0,0.0,0.0,0.0
620.0,308.0,922.0,614.0,307.0,1.9935064935064934,282.5330982228552,565.0661964457103,0.5450688820837855,0.0,0.0,1.0,inf,308.0,inf,218.0,0.0,218.0,0.0,0.0,0.0,0.0,0.0,0.0
621.0,309.0,925.0,616.0,308.0,1.993527508090615,283.45057362704034,566.9011472540806,0.545068574118635,0.0,0.0,1.0,inf,309.0,inf,220.0,1.0,219.0,0.0,0.0,0.0,0.0,0.0,0.0
622.0,309.0,925.0,616.0,308.0,1.993527508090615,283.45057362704034,566.9011472540806,0.545068574118635,0.0,0.0,1.0,inf,309.0,inf,215.0,0.0,215.0,0.0,0.0,0.0,0.0,0.0,0.0
623.0,310.0,928.0,618.0,309.0,1.9935483870967743,284.4346881162759,568.8693762325516,0.5449405662386599,0.0,0.0,1.0,inf,310.0,inf,220.0,1.0,219.0,0.0,0.0,0.0,0.0,0.0,0.0
624.0,310.0,928.0,618.0,309.0,1.9935483870967743,284.4346881162759,568.8693762325516,0.5449405662386599,0.0,0.0,1.0,inf,310.0,inf,215.0,0.0,215.0,0.0,0.0,0.0,0.0,0.0,0.0
625.0,310.0,928.0,618.0,309.0,1.9935483870967743,284.4346881162759,568.8693762325516,0.5449405662386599,0.0,0.0,1.0,inf,310.0,inf,220.0,0.0,220.0,0.0,0.0,0.0,0.0,0.0,0.0
626.0,311.0,931.0,620.0,310.0,1.9935691318327975,285.2967601165847,570.5935202331693,0.5450464980270225,0.0,0.0,1.0,inf,311.0,inf,217.0,1.0,216.0,0.0,0.0,0.0,0.0,0.0,0.0
627.0,311.0,931.0,620.0,310.0,1.9935691318327975,285.2967601165847,570.5935202331693,0.5450464980270225,0.0,0.0,1.0,inf,311.0,inf,215.0,0.0,215.0,0.0,0.0,0.0,0.0,0.0,0.0
628.0,312.0,934.0,622.0,311.0,1.9935897435897436,286.2132832202823,572.4265664405644,0.5450480782889996,0.0,0.0,1.0,inf,312.0,inf,218.0,1.0,217.0,0.0,0.0,0.0,0.0,0.0,0.0
629.0,312.0,934.0,622.0,311.0,1.9935897435897436,286.2132832202823,572.4265664405644,0.5450480782889996,0.0,0.0,1.0,inf,312.0,inf,216.0,0.0,216.0,0.0,0.0,0.0,0.0,0.0,0.0
630.0,313.0,937.0,624.0,312.0,1.9936102236421724,287.206486216865,574.4129724337299,0.5449041282508829,0.0,0.0,1.0,inf,313.0,inf,218.0,1.0,217.0,0.0,0.0,0.0,0.0,0.0,0.0
631.0,313.0,937.0,624.0,312.0,1.9936102236421724,287.206486216865,574.4129724337299,0.5449041282508829,0.0,0.0,1.0,inf,313.0,inf,215.0,0.0,215.0,0.0,0.0,0.0,0.0,0.0,0.0
632.0,314.0,940.0,626.0,313.0,1.9936305732484076,288.1164032380414,576.2328064760827,0.5449186448099826,0.0,0.0,1.0,inf,314.0,inf,218.0,1.0,217.0,0.0,0.0,0.0,0.0,0.0,0.0
633.0,314.0,940.0,626.0,313.0,1.9936305732484076,288.1164032380414,576.2328064760827,0.5449186448099826,0.0,0.0,1.0,inf,314.0,inf,214.0,0.0,214.0,0.0,0.0,0.0,0.0,0.0,0.0
634.0,315.0,943.0,628.0,314.0,1.9936507936507937,289.0250653239112,578.0501306478222,0.5449354360442384,0.0,0.0,1.0,inf,315.0,inf,217.0,1.0,216.0,0.0,0.0,0.0,0.0,0.0,0.0
635.0,315.0,943.0,628.0,314.0,1.9936507936507937,289.0250653239112,578.0501306478222,0.5449354360442384,0.0,0.0,1.0,inf,315.0,inf,217.0,0.0,217.0,0.0,0.0,0.0,0.0,0.0,0.0
636.0,316.0,946.0,630.0,315.0,1.9936708860759493,289.9568991690618,579.9137983381235,0.544908572456063,0.0,0.0,1.0,inf,316.0,inf,218.0,1.0,217.0,0.0,0.0,0.0,0.0,0.0,0.0
637.0,316.0,946.0,630.0,315.0,1.9936708860759493,289.9568991690618,579.9137983381235,0.544908572456063,0.0,0.0,1.0,inf,316.0,inf,216.0,0.0,216.0,0.0,0.0,0.0,0.0,0.0,0.0
638.0,317.0,949.0,632.0,316.0,1.9936908517350158,290.87664726019335,581.7532945203866,0.5449045205001263,0.0,0.0,1.0,inf,317.0,inf,217.0,1.0,216.0,0.0,0.0,0.0,0.0,0.0,0.0
639.0,317.0,949.0,632.0,316.0,1.9936908517350158,290.87664726019335,581.7532945203866,0.5449045205001263,0.0,0.0,1.0,inf,317.0,inf,215.0,0.0,215.0,0.0,0.0,0.0,0.0,0.0,0.0
640.0,318.0,952.0,634.0,317.0,1.9937106918238994,291.8491527971763,583.6983055943525,0.544801992659882,0.0,0.0,1.0,inf,318.0,inf,218.0,1.0,217.0,0.0,0.0,0.0,0.0,0.0,0.0
641.0,318.0,952.0,634.0,317.0,1.9937106918238994,291.8491527971763,583.6983055943525,0.544801992659882,0.0,0.0,1.0,inf,318.0,inf,216.0,0.0,216.0,0.0,0.0,0.0,0.0,0.0,0.0
642.0,319.0,955.0,636.0,318.0,1.993730407523511,292.7004181843225,585.4008363686448,0.5449257674089074,0.0,0.0,1.0,inf,319.0,inf,216.0,1.0,215.0,0.0,0.0,0.0,0.0,0.0,0.0
643.0,319.0,955.0,636.0,318.0,1.993730407523511,292.7004181843225,585.4008363686448,0.5449257674089074,0.0,0.0,1.0,inf,319.0,inf,218.0,0.0,218.0,0.0,0.0,0.0,0.0,0.0,0.0
644.0,320.0,958.0,638.0,319.0,1.99375,293.6456157258704,587.2912314517407,0.5448744726002184,0.0,0.0,1.0,inf,320.0,inf,219.0,1.0,218.0,0.0,0.0,0.0,0.0,0.0,0.0
645.0,320.0,958.0,638.0,319.0,1.99375,293.6456157258704,587.2912314517407,0.5448744726002184,0.0,0.0,1.0,inf,320.0,inf,216.0,0.0,216.0,0.0,0.0,0.0,0.0,0.0,0.0
646.0,320.0,958.0,638.0,319.0,1.99375,293.6456157258704,587.2912314517407,0.5448744726002184,0.0,0.0,1.0,inf,320.0,inf,220.0,0.0,220.0,0.0,0.0,0.0,0.0,0.0,0.0
647.0,321.0,961.0,640.0,320.0,1.9937694704049844,294.6364237050283,589.2728474100564,0.5447391669425186,0.0,0.0,1.0,inf,321.0,inf,220.0,1.0,219.0,0.0,0.0,0.0,0.0,0.0,0.0
648.0,321.0,961.0,640.0,320.0,1.9937694704049844,294.6364237050283,589.2728474100564,0.5447391669425186,0.0,0.0,1.0,inf,321.0,inf,215.0,0.0,215.0,0.0,0.0,0.0,0.0,0.0,0.0
649.0,322.0,964.0,642.0,321.0,1.9937888198757765,295.54442893797903,591.088857875958,0.5447573502858564,0.0,0.0,1.0,inf,322.0,inf,213.0,1.0,212.0,0.0,0.0,0.0,0.0,0.0,0.0
650.0,322.0,964.0,642.0,321.0,1.9937888198757765,295.54442893797903,591.088857875958,0.5447573502858564,0.0,0.0,1.0,inf,322.0,inf,216.0,0.0,216.0,0.0,0.0,0.0,0.0,0.0,0.0
651.0,323.0,967.0,644.0,322.0,1.9938080495356036,296.4351634023079,592.8703268046157,0.5448071616956582,0.0,0.0,1.0,inf,323.0,inf,220.0,1.0,219.0,0.0,0.0,0.0,0.0,0.0,0.0
652.0,323.0,967.0,644.0,322.0,1.9938080495356036,296.4351634023079,592.8703268046157,0.5448071616956582,0.0,0.0,1.0,inf,323.0,inf,216.0,0.0,216.0,0.0,0.0,0.0,0.0,0.0,0.0
653.0,324.0,970.0,646.0,323.0,1.9938271604938271,297.36600035943485,594.7320007188696,0.5447831958064673,0.0,0.0,1.0,inf,324.0,inf,220.0,1.0,219.0,0.0,0.0,0.0,0.0,0.0,0.0
654.0,324.0,970.0,646.0,323.0,1.9938271604938271,297.36600035943485,594.7320007188696,0.5447831958064673,0.0,0.0,1.0,inf,324.0,inf,217.0,0.0,217.0,0.0,0.0,0.0,0.0,0.0,0.0
655.0,325.0,973.0,648.0,324.0,1.9938461538461538,298.3197769596155,596.6395539192309,0.544717489588356,0.0,0.0,1.0,inf,325.0,inf,218.0,1.0,217.0,0.0,0.0,0.0,0.0,0.0,0.0
656.0,325.0,973.0,648.0,324.0,1.9938461538461538,298.3197769596155,596.6395539192309,0.544717489588356,0.0,0.0,1.0,inf,325.0,inf,215.0,0.0,215.0,0.0,0.0,0.0,0.0,0.0,0.0
657.0,326.0,976.0,650.0,325.0,1.9938650306748467,299.18407732727024,598.3681546545404,0.544815089947779,0.0,0.0,1.0,inf,326.0,inf,216.0,1.0,215.0,0.0,0.0,0.0,0.0,0.0,0.0
658.0,326.0,976.0,650.0,325.0,1.9938650306748467,299.18407732727024,598.3681546545404,0.544815089947779,0.0,0.0,1.0,inf,326.0,inf,218.0,0.0,218.0,0.0,0.0,0.0,0.0,0.0,0.0
659.0,327.0,979.0,652.0,326.0,1.9938837920489296,300.0734742874939,600.1469485749877,0.544866554393789,0.0,0.0,1.0,inf,327.0,inf,212.0,1.0,211.0,0.0,0.0,0.0,0.0,0.0,0.0
660.0,327.0,979.0,652.0,326.0,1.9938837920489296,300.0734742874939,600.1469485749877,0.544866554393789,0.0,0.0,1.0,inf,327.0,inf,214.0,0.0,214.0,0.0,0.0,0.0,0.0,0.0,0.0
661.0,328.0,982.0,654.0,327.0,1.9939024390243902,300.966187617629,601.9323752352578,0.5449117101764218,0.0,0.0,1.0,inf,328.0,inf,217.0,1.0,216.0,0.0,0.0,0.0,0.0,0.0,0.0
662.0,328.0,982.0,654.0,327.0,1.9939024390243902,300.966187617629,601.9323752352578,0.5449117101764218,0.0,0.0,1.0,inf,328.0,inf,218.0,0.0,218.0,0.0,0.0,0.0,0.0,0.0,0.0
663.0,329.0,985.0,656.0,328.0,1.993920972644377,301.9178772207839,603.8357544415677,0.5448501477098883,0.0,0.0,1.0,inf,329.0,inf,212.0,1.0,211.0,0.0,0.0,0.0,0.0,0.0,0.0
664.0,329.0,985.0,656.0,328.0,1.993920972644377,301.9178772207839,603.8357544415677,0.5448501477098883,0.0,0.0,1.0,inf,329.0,inf,217.0,0.0,217.0,0.0,0.0,0.0,0.0,0.0,0.0
665.0,330.0,988.0,658.0,329.0,1.993939393939394,302.8397062752329,605.6794125504657,0.544842689320407,0.0,0.0,1.0,inf,330.0,inf,219.0,1.0,218.0,0.0,0.0,0.0,0.0,0.0,0.0
666.0,330.0,988.0,658.0,329.0,1.993939393939394,302.8397062752329,605.6794125504657,0.544842689320407,0.0,0.0,1.0,inf,330.0,inf,218.0,0.0,218.0,0.0,0.0,0.0,0.0,0.0,0.0
667.0,331.0,991.0,660.0,330.0,1.9939577039274925,303.6948293540924,607.3896587081847,0.5449549482024129,0.0,0.0,1.0,inf,331.0,inf,215.0,1.0,214.0,0.0,0.0,0.0,0.0,0.0,0.0
668.0,331.0,991.0,660.0,330.0,1.9939577039274925,303.6948293540924,607.3896587081847,0.5449549482024129,0.0,0.0,1.0,inf,331.0,inf,214.0,0.0,214.0,0.0,0.0,0.0,0.0,0.0,0.0
669.0,332.0,994.0,662.0,331.0,1.9939759036144578,304.6678919032256,609.3357838064511,0.5448555768808355,0.0,0.0,1.0,inf,332.0,inf,214.0,1.0,213.0,0.0,0.0,0.0,0.0,0.0,0.0
670.0,332.0,994.0,662.0,331.0,1.9939759036144578,304.6678919032256,609.3357838064511,0.5448555768808355,0.0,0.0,1.0,inf,332.0,inf,214.0,0.0,214.0,0.0,0.0,0.0,0.0,0.0,0.0
671.0,333.0,997.0,664.0,332.0,1.993993993993994,305.64874127621107,611.297482552422,0.5447429598590625,0.0,0.0,1.0,inf,333.0,inf,217.0,1.0,216.0,0.0,0.0,0.0,0.0,0.0,0.0
672.0,333.0,997.0,664.0,332.0,1.993993993993994,305.64874127621107,611.297482552422,0.5447429598590625,0.0,0.0,1.0,inf,333.0,inf,215.0,0.0,215.0,0.0,0.0,0.0,0.0,0.0,0.0
673.0,334.0,1000.0,666.0,333.0,1.9940119760479043,306.64158170065224,613.2831634013044,0.5446097658178262,0.0,0.0,1.0,inf,334.0,inf,216.0,1.0,215.0,0.0,0.0,0.0,0.0,0.0,0.0
674.0,334.0,1000.0,666.0,333.0,1.9940119760479043,306.64158170065224,613.2831634013044,0.5446097658178262,0.0,0.0,1.0,inf,334.0,inf,217.0,0.0,217.0,0.0,0.0,0.0,0.0,0.0,0.0
675.0,335.0,1003.0,668.0,334.0,1.9940298507462686,307.59709591672794,615.1941918334558,0.5445435025997296,0.0,0.0,1.0,inf,335.0,inf,216.0,1.0,215.0,0.0,0.0,0.0,0.0,0.0,0.0
676.0,335.0,1003.0,668.0,334.0,1.9940298507462686,307.59709591672794,615.1941918334558,0.5445435025997296,0.0,0.0,1.0,inf,335.0,inf,216.0,0.0,216.0,0.0,0.0,0.0,0.0,0.0,0.0
677.0,336.0,1006.0,670.0,335.0,1.994047619047619,308.5395529471477,617.0791058942953,0.5445006917112444,0.0,0.0,1.0,inf,336.0,inf,217.0,1.0,216.0,0.0,0.0,0.0,0.0,0.0,0.0
678.0,336.0,1006.0,670.0,335.0,1.994047619047619,308.5395529471477,617.0791058942953,0.5445006917112444,0.0,0.0,1.0,inf,336.0,inf,216.0,0.0,216.0,0.0,0.0,0.0,0.0,0.0,0.0
679.0,337.0,1009.0,672.0,336.0,1.9940652818991098,309.4489634257604,618.8979268515207,0.5445162851237817,0.0,0.0,1.0,inf,337.0,inf,217.0,1.0,216.0,0.0,0.0,0.0,0.0,0.0,0.0
680.0,337.0,1009.0,672.0,336.0,1.9940652818991098,309.4489634257604,618.8979268515207,0.5445162851237817,0.0,0.0,1.0,inf,337.0,inf,211.0,0.0,211.0,0.0,0.0,0.0,0.0,0.0,0.0
681.0,338.0,1012.0,674.0,337.0,1.9940828402366864,310.400072516805,620.8001450336099,0.5444586356881421,0.0,0.0,1.0,inf,338.0,inf,217.0,1.0,216.0,0.0,0.0,0.0,0.0,0.0,0.0
682.0,338.0,1012.0,674.0,337.0,1.9940828402366864,310.400072516805,620.8001450336099,0.5444586356881421,0.0,0.0,1.0,inf,338.0,inf,217.0,0.0,217.0,0.0,0.0,0.0,0.0,0.0,0.0
683.0,339.0,1015.0,676.0,338.0,1.9941002949852507,311.29577920053026,622.5915584010604,0.5444982274906196,0.0,0.0,1.0,inf,339.0,inf,218.0,1.0,217.0,0.0,0.0,0.0,0.0,0.0,0.0
684.0,339.0,1015.0,676.0,338.0,1.9941002949852507,311.29577920053026,622.5915584010604,0.5444982274906196,0.0,0.0,1.0,inf,339.0,inf,219.0,0.0,219.0,0.0,0.0,0.0,0.0,0.0,0.0
685.0,340.0,1018.0,678.0,339.0,1.9941176470588236,312.28068733683807,624.561374673676,0.5443820476052412,0.0,0.0,1.0,inf,340.0,inf,215.0,1.0,214.0,0.0,0.0,0.0,0.0,0.0,0.0
686.0,340.0,1018.0,678.0,339.0,1.9941176470588236,312.28068733683807,624.561374673676,0.5443820476052412,0.0,0.0,1.0,inf,340.0,inf,215.0,0.0,215.0,0.0,0.0,0.0,0.0,0.0,0.0
687.0,341.0,1021.0,680.0,340.0,1.9941348973607038,313.2764499598444,626.5528999196887,0.544247740364316,0.0,0.0,1.0,inf,341.0,inf,218.0,1.0,217.0,0.0,0.0,0.0,0.0,0.0,0.0
688.0,341.0,1021.0,680.0,340.0,1.9941348973607038,313.2764499598444,626.5528999196887,0.544247740364316,0.0,0.0,1.0,inf,341.0,inf,214.0,0.0,214.0,0.0,0.0,0.0,0.0,0.0,0.0
689.0,342.0,1024.0,682.0,341.0,1.9941520467836258,314.16731418922706,628.334628378454,0.5442959603907251,0.0,0.0,1.0,inf,342.0,inf,217.0,1.0,216.0,0.0,0.0,0.0,0.0,0.0,0.0
690.0,342.0,1024.0,682.0,341.0,1.9941520467836258,314.16731418922706,628.334628378454,0.5442959603907251,0.0,0.0,1.0,inf,342.0,inf,214.0,0.0,214.0,0.0,0.0,0.0,0.0,0.0,0.0
691.0,343.0,1027.0,684.0,342.0,1.9941690962099126,315.04583705478694,630.0916741095738,0.5443652314319454,0.0,0.0,1.0,inf,343.0,inf,217.0,1.0,216.0,0.0,0.0,0.0,0.0,0.0,0.0
692.0,343.0,1027.0,684.0,342.0,1.9941690962099126,315.04583705478694,630.0916741095738,0.5443652314319454,0.0,0.0,1.0,inf,343.0,inf,213.0,0.0,213.0,0.0,0.0,0.0,0.0,0.0,0.0
693.0,344.0,1030.0,686.0,343.0,1.994186046511628,315.9507201680049,631.9014403360097,0.5443886942512429,0.0,0.0,1.0,inf,344.0,inf,219.0,1.0,218.0,0.0,0.0,0.0,0.0,0.0,0.0
694.0,344.0,1030.0,686.0,343.0,1.994186046511628,315.9507201680049,631.9014403360097,0.5443886942512429,0.0,0.0,1.0,inf,344.0,inf,216.0,0.0,216.0,0.0,0.0,0.0,0.0,0.0,0.0
695.0,345.0,1033.0,688.0,344.0,1.9942028985507247,316.88708299287833,633.7741659857566,0.5443579409132204,0.0,0.0,1.0,inf,345.0,inf,219.0,1.0,218.0,0.0,0.0,0.0,0.0,0.0,0.0
696.0,345.0,1033.0,688.0,344.0,1.9942028985507247,316.88708299287833,633.7741659857566,0.5443579409132204,0.0,0.0,1.0,inf,345.0,inf,220.0,0.0,220.0,0.0,0.0,0.0,0.0,0.0,0.0
697.0,345.0,1033.0,688.0,344.0,1.9942028985507247,316.88708299287833,633.7741659857566,0.5443579409132204,0.0,0.0,1.0,inf,345.0,inf,220.0,0.0,220.0,0.0,0.0,0.0,0.0,0.0,0.0
698.0,346.0,1036.0,690.0,345.0,1.9942196531791907,317.8308816881343,635.6617633762685,0.5443146338742284,0.0,0.0,1.0,inf,346.0,inf,217.0,1.0,216.0,0.0,0.0,0.0,0.0,0.0,0.0
699.0,346.0,1036.0,690.0,345.0,1.9942196531791907,317.8308816881343,635.6617633762685,0.5443146338742284,0.0,0.0,1.0,inf,346.0,inf,215.0,0.0,215.0,0.0,0.0,0.0,0.0,0.0,0.0
700.0,347.0,1039.0,692.0,346.0,1.994236311239193,318.72749475184514,637.4549895036902,0.5443521593111497,0.0,0.0,1.0,inf,347.0,inf,217.0,1.0,216.0,0.0,0.0,0.0,0.0,0.0,0.0
