t,site_subsystems,total_subsystems,interface_subsystems,n_links,mean_degree,frontier_radius,volume_proxy,density,energy_remaining,energy_density,creation_rate_modifier,memory_total,memory_bound,memory_free,birth_attempts,births_accepted,births_reject_exclusion,births_reject_memory,births_reject_energy,deaths_attempted,deaths_executed,links_attempted_random,links_added_random
0.0,2.0,4.0,2.0,1.0,1.0,0.05227484414807474,0.19999999999999998,10.0,0.0,0.0,1.0,inf,2.0,inf,0.0,0.0,0.0,0.0,0.0,0.0,0.0,0.0,0.0
1.0,2.0,4.0,2.0,1.0,1.0,0.05227484414807474,0.19999999999999998,10.0,0.0,0.0,1.0,inf,2.0,inf,0.0,0.0,0.0,0.0,0.0,0.0,0.0,0.0,0.0
2.0,38.0,112.0,74.0,37.0,1.9473684210526316,33.07261671657252,66.14523343314502,0.574493399262212,0.0,0.0,1.0,inf,38.0,inf,220.0,36.0,184.0,0.0,0.0,0.0,0.0,0.0,0.0
3.0,38.0,112.0,74.0,37.0,1.9473684210526316,33.07261671657252,66.14523343314502,0.574493399262212,0.0,0.0,1.0,inf,38.0,inf,0.0,0.0,0.0,0.0,0.0,0.0,0.0,0.0,0.0
4.0,57.0,169.0,112.0,56.0,1.9649122807017543,50.91422816656623,101.82845633313245,0.559764942458954,0.0,0.0,1.0,inf,57.0,inf,220.0,19.0,201.0,0.0,0.0,0.0,0.0,0.0,0.0
5.0,57.0,169.0,112.0,56.0,1.9649122807017543,50.91422816656623,101.82845633313245,0.559764942458954,0.0,0.0,1.0,inf,57.0,inf,0.0,0.0,0.0,0.0,0.0,0.0,0.0,0.0,0.0
6.0,70.0,208.0,138.0,69.0,1.9714285714285715,62.991032266950036,125.98206453390006,0.5556346473522344,0.0,0.0,1.0,inf,70.0,inf,220.0,13.0,207.0,0.0,0.0,0.0,0.0,0.0,0.0
7.0,70.0,208.0,138.0,69.0,1.9714285714285715,62.991032266950036,125.98206453390006,0.5556346473522344,0.0,0.0,1.0,inf,70.0,inf,0.0,0.0,0.0,0.0,0.0,0.0,0.0,0.0,0.0
8.0,85.0,253.0,168.0,84.0,1.9764705882352942,76.77841778556093,153.55683557112184,0.5535409718744246,0.0,0.0,1.0,inf,85.0,inf,220.0,15.0,205.0,0.0,0.0,0.0,0.0,0.0,0.0
9.0,85.0,253.0,168.0,84.0,1.9764705882352942,76.77841778556093,153.55683557112184,0.5535409718744246,0.0,0.0,1.0,inf,85.0,inf,0.0,0.0,0.0,0.0,0.0,0.0,0.0,0.0,0.0
10.0,89.0,265.0,176.0,88.0,1.9775280898876404,80.46342871155665,160.92685742311326,0.5530462809324536,0.0,0.0,1.0,inf,89.0,inf,220.0,4.0,216.0,0.0,0.0,0.0,0.0,0.0,0.0
11.0,89.0,265.0,176.0,88.0,1.9775280898876404,80.46342871155665,160.92685742311326,0.5530462809324536,0.0,0.0,1.0,inf,89.0,inf,149.0,0.0,149.0,0.0,0.0,0.0,0.0,0.0,0.0
12.0,94.0,280.0,186.0,93.0,1.9787234042553192,85.00446649138757,170.00893298277512,0.5529121226207793,0.0,0.0,1.0,inf,94.0,inf,220.0,5.0,215.0,0.0,0.0,0.0,0.0,0.0,0.0
13.0,94.0,280.0,186.0,93.0,1.9787234042553192,85.00446649138757,170.00893298277512,0.5529121226207793,0.0,0.0,1.0,inf,94.0,inf,137.0,0.0,137.0,0.0,0.0,0.0,0.0,0.0,0.0
14.0,100.0,298.0,198.0,99.0,1.98,90.50221627854003,181.00443255708004,0.552472658195621,0.0,0.0,1.0,inf,100.0,inf,220.0,6.0,214.0,0.0,0.0,0.0,0.0,0.0,0.0
15.0,100.0,298.0,198.0,99.0,1.98,90.50221627854003,181.00443255708004,0.552472658195621,0.0,0.0,1.0,inf,100.0,inf,126.0,0.0,126.0,0.0,0.0,0.0,0.0,0.0,0.0
16.0,109.0,325.0,216.0,108.0,1.981651376146789,98.76476324357239,197.52952648714475,0.5518162369872017,0.0,0.0,1.0,inf,109.0,inf,220.0,9.0,211.0,0.0,0.0,0.0,0.0,0.0,0.0
17.0,109.0,325.0,216.0,108.0,1.981651376146789,98.76476324357239,197.52952648714475,0.5518162369872017,0.0,0.0,1.0,inf,109.0,inf,102.0,0.0,102.0,0.0,0.0,0.0,0.0,0.0,0.0
18.0,111.0,331.0,220.0,110.0,1.981981981981982,100.5963749851711,201.19274997034216,0.5517097411132484,0.0,0.0,1.0,inf,111.0,inf,220.0,2.0,218.0,0.0,0.0,0.0,0.0,0.0,0.0
19.0,111.0,331.0,220.0,110.0,1.981981981981982,100.5963749851711,201.19274997034216,0.5517097411132484,0.0,0.0,1.0,inf,111.0,inf,205.0,0.0,205.0,0.0,0.0,0.0,0.0,0.0,0.0
20.0,116.0,346.0,230.0,115.0,1.9827586206896552,105.18030206252385,210.36060412504767,0.5514340505080716,0.0,0.0,1.0,inf,116.0,inf,220.0,5.0,215.0,0.0,0.0,0.0,0.0,0.0,0.0
21.0,116.0,346.0,230.0,115.0,1.9827586206896552,105.18030206252385,210.36060412504767,0.5514340505080716,0.0,0.0,1.0,inf,116.0,inf,153.0,0.0,153.0,0.0,0.0,0.0,0.0,0.0,0.0
22.0,124.0,370.0,246.0,123.0,1.9838709677419355,112.69366379663776,225.3873275932755,0.5501640279606367,0.0,0.0,1.0,inf,124.0,inf,220.0,8.0,212.0,0.0,0.0,0.0,0.0,0.0,0.0
23.0,124.0,370.0,246.0,123.0,1.9838709677419355,112.69366379663776,225.3873275932755,0.5501640279606367,0.0,0.0,1.0,inf,124.0,inf,126.0,0.0,126.0,0.0,0.0,0.0,0.0,0.0,0.0
24.0,126.0,376.0,250.0,125.0,1.9841269841269842,114.62750969761427,229.25501939522852,0.5496062870613966,0.0,0.0,1.0,inf,126.0,inf,220.0,2.0,218.0,0.0,0.0,0.0,0.0,0.0,0.0
25.0,126.0,376.0,250.0,125.0,1.9841269841269842,114.62750969761427,229.25501939522852,0.5496062870613966,0.0,0.0,1.0,inf,126.0,inf,195.0,0.0,195.0,0.0,0.0,0.0,0.0,0.0,0.0
26.0,130.0,388.0,258.0,129.0,1.9846153846153847,118.23820442199238,236.47640884398473,0.5497377122542803,0.0,0.0,1.0,inf,130.0,inf,220.0,4.0,216.0,0.0,0.0,0.0,0.0,0.0,0.0
27.0,130.0,388.0,258.0,129.0,1.9846153846153847,118.23820442199238,236.47640884398473,0.5497377122542803,0.0,0.0,1.0,inf,130.0,inf,174.0,0.0,174.0,0.0,0.0,0.0,0.0,0.0,0.0
28.0,133.0,397.0,264.0,132.0,1.9849624060150375,121.00159373831704,242.00318747663405,0.5495795381324944,0.0,0.0,1.0,inf,133.0,inf,220.0,3.0,217.0,0.0,0.0,0.0,0.0,0.0,0.0
29.0,133.0,397.0,264.0,132.0,1.9849624060150375,121.00159373831704,242.00318747663405,0.5495795381324944,0.0,0.0,1.0,inf,133.0,inf,191.0,0.0,191.0,0.0,0.0,0.0,0.0,0.0,0.0
30.0,138.0,412.0,274.0,137.0,1.9855072463768115,125.52326641799011,251.0465328359802,0.5496988882541608,0.0,0.0,1.0,inf,138.0,inf,220.0,5.0,215.0,0.0,0.0,0.0,0.0,0.0,0.0
31.0,138.0,412.0,274.0,137.0,1.9855072463768115,125.52326641799011,251.0465328359802,0.5496988882541608,0.0,0.0,1.0,inf,138.0,inf,159.0,0.0,159.0,0.0,0.0,0.0,0.0,0.0,0.0
32.0,140.0,418.0,278.0,139.0,1.9857142857142858,127.46567962812149,254.93135925624296,0.5491674323961051,0.0,0.0,1.0,inf,140.0,inf,220.0,2.0,218.0,0.0,0.0,0.0,0.0,0.0,0.0
33.0,140.0,418.0,278.0,139.0,1.9857142857142858,127.46567962812149,254.93135925624296,0.5491674323961051,0.0,0.0,1.0,inf,140.0,inf,200.0,0.0,200.0,0.0,0.0,0.0,0.0,0.0,0.0
34.0,143.0,427.0,284.0,142.0,1.986013986013986,130.14468154944706,260.28936309889406,0.5493885662383704,0.0,0.0,1.0,inf,143.0,inf,220.0,3.0,217.0,0.0,0.0,0.0,0.0,0.0,0.0
35.0,143.0,427.0,284.0,142.0,1.986013986013986,130.14468154944706,260.28936309889406,0.5493885662383704,0.0,0.0,1.0,inf,143.0,inf,191.0,0.0,191.0,0.0,0.0,0.0,0.0,0.0,0.0
36.0,147.0,439.0,292.0,146.0,1.9863945578231292,133.6783550699469,267.3567101398937,0.5498272324007976,0.0,0.0,1.0,inf,147.0,inf,220.0,4.0,216.0,0.0,0.0,0.0,0.0,0.0,0.0
37.0,147.0,439.0,292.0,146.0,1.9863945578231292,133.6783550699469,267.3567101398937,0.5498272324007976,0.0,0.0,1.0,inf,147.0,inf,183.0,0.0,183.0,0.0,0.0,0.0,0.0,0.0,0.0
38.0,154.0,460.0,306.0,153.0,1.9870129870129871,140.23222343441455,280.46444686882904,0.5490892044224933,0.0,0.0,1.0,inf,154.0,inf,220.0,7.0,213.0,0.0,0.0,0.0,0.0,0.0,0.0
39.0,154.0,460.0,306.0,153.0,1.9870129870129871,140.23222343441455,280.46444686882904,0.5490892044224933,0.0,0.0,1.0,inf,154.0,inf,155.0,0.0,155.0,0.0,0.0,0.0,0.0,0.0,0.0
40.0,158.0,472.0,314.0,157.0,1.9873417721518987,143.9580847080215,287.9161694160429,0.5487708464601297,0.0,0.0,1.0,inf,158.0,inf,220.0,4.0,216.0,0.0,0.0,0.0,0.0,0.0,0.0
41.0,158.0,472.0,314.0,157.0,1.9873417721518987,143.9580847080215,287.9161694160429,0.5487708464601297,0.0,0.0,1.0,inf,158.0,inf,182.0,0.0,182.0,0.0,0.0,0.0,0.0,0.0,0.0
42.0,162.0,484.0,322.0,161.0,1.9876543209876543,147.57235056228185,295.14470112456365,0.5488833083661872,0.0,0.0,1.0,inf,162.0,inf,220.0,4.0,216.0,0.0,0.0,0.0,0.0,0.0,0.0
43.0,162.0,484.0,322.0,161.0,1.9876543209876543,147.57235056228185,295.14470112456365,0.5488833083661872,0.0,0.0,1.0,inf,162.0,inf,185.0,0.0,185.0,0.0,0.0,0.0,0.0,0.0,0.0
44.0,166.0,496.0,330.0,165.0,1.9879518072289157,151.3113554019777,302.62271080395533,0.5485378131700694,0.0,0.0,1.0,inf,166.0,inf,220.0,4.0,216.0,0.0,0.0,0.0,0.0,0.0,0.0
45.0,166.0,496.0,330.0,165.0,1.9879518072289157,151.3113554019777,302.62271080395533,0.5485378131700694,0.0,0.0,1.0,inf,166.0,inf,186.0,0.0,186.0,0.0,0.0,0.0,0.0,0.0,0.0
46.0,172.0,514.0,342.0,171.0,1.9883720930232558,156.9465538128043,313.89310762560854,0.547957237102353,0.0,0.0,1.0,inf,172.0,inf,220.0,6.0,214.0,0.0,0.0,0.0,0.0,0.0,0.0
47.0,172.0,514.0,342.0,171.0,1.9883720930232558,156.9465538128043,313.89310762560854,0.547957237102353,0.0,0.0,1.0,inf,172.0,inf,165.0,0.0,165.0,0.0,0.0,0.0,0.0,0.0,0.0
48.0,179.0,535.0,356.0,178.0,1.988826815642458,163.4078885269773,326.81577705395455,0.5477091761406874,0.0,0.0,1.0,inf,179.0,inf,220.0,7.0,213.0,0.0,0.0,0.0,0.0,0.0,0.0
49.0,179.0,535.0,356.0,178.0,1.988826815642458,163.4078885269773,326.81577705395455,0.5477091761406874,0.0,0.0,1.0,inf,179.0,inf,160.0,0.0,160.0,0.0,0.0,0.0,0.0,0.0,0.0
50.0,183.0,547.0,364.0,182.0,1.989071038251366,167.12816065143068,334.2563213028613,0.5474840364625095,0.0,0.0,1.0,inf,183.0,inf,220.0,4.0,216.0,0.0,0.0,0.0,0.0,0.0,0.0
51.0,183.0,547.0,364.0,182.0,1.989071038251366,167.12816065143068,334.2563213028613,0.5474840364625095,0.0,0.0,1.0,inf,183.0,inf,181.0,0.0,181.0,0.0,0.0,0.0,0.0,0.0,0.0
52.0,187.0,559.0,372.0,186.0,1.9893048128342246,170.9710748037171,341.94214960743415,0.5468761315757209,0.0,0.0,1.0,inf,187.0,inf,220.0,4.0,216.0,0.0,0.0,0.0,0.0,0.0,0.0
53.0,187.0,559.0,372.0,186.0,1.9893048128342246,170.9710748037171,341.94214960743415,0.5468761315757209,0.0,0.0,1.0,inf,187.0,inf,188.0,0.0,188.0,0.0,0.0,0.0,0.0,0.0,0.0
54.0,190.0,568.0,378.0,189.0,1.9894736842105263,173.7685026215187,347.53700524303736,0.5467043714298292,0.0,0.0,1.0,inf,190.0,inf,220.0,3.0,217.0,0.0,0.0,0.0,0.0,0.0,0.0
55.0,190.0,568.0,378.0,189.0,1.9894736842105263,173.7685026215187,347.53700524303736,0.5467043714298292,0.0,0.0,1.0,inf,190.0,inf,201.0,0.0,201.0,0.0,0.0,0.0,0.0,0.0,0.0
56.0,194.0,580.0,386.0,193.0,1.9896907216494846,177.53544609540273,355.0708921908054,0.5463697652122655,0.0,0.0,1.0,inf,194.0,inf,220.0,4.0,216.0,0.0,0.0,0.0,0.0,0.0,0.0
57.0,194.0,580.0,386.0,193.0,1.9896907216494846,177.53544609540273,355.0708921908054,0.5463697652122655,0.0,0.0,1.0,inf,194.0,inf,182.0,0.0,182.0,0.0,0.0,0.0,0.0,0.0,0.0
58.0,195.0,583.0,388.0,194.0,1.9897435897435898,178.43245585466642,356.8649117093328,0.5464252539314594,0.0,0.0,1.0,inf,195.0,inf,220.0,1.0,219.0,0.0,0.0,0.0,0.0,0.0,0.0
59.0,195.0,583.0,388.0,194.0,1.9897435897435898,178.43245585466642,356.8649117093328,0.5464252539314594,0.0,0.0,1.0,inf,195.0,inf,211.0,0.0,211.0,0.0,0.0,0.0,0.0,0.0,0.0
60.0,196.0,586.0,390.0,195.0,1.989795918367347,179.34617389157023,358.6923477831404,0.546429276262393,0.0,0.0,1.0,inf,196.0,inf,220.0,1.0,219.0,0.0,0.0,0.0,0.0,0.0,0.0
61.0,196.0,586.0,390.0,195.0,1.989795918367347,179.34617389157023,358.6923477831404,0.546429276262393,0.0,0.0,1.0,inf,196.0,inf,209.0,0.0,209.0,0.0,0.0,0.0,0.0,0.0,0.0
62.0,203.0,607.0,404.0,202.0,1.9901477832512315,185.59668932983325,371.19337865966645,0.5468847551457087,0.0,0.0,1.0,inf,203.0,inf,220.0,7.0,213.0,0.0,0.0,0.0,0.0,0.0,0.0
63.0,203.0,607.0,404.0,202.0,1.9901477832512315,185.59668932983325,371.19337865966645,0.5468847551457087,0.0,0.0,1.0,inf,203.0,inf,163.0,0.0,163.0,0.0,0.0,0.0,0.0,0.0,0.0
64.0,206.0,616.0,410.0,205.0,1.9902912621359223,188.362883326767,376.7257666535339,0.5468168578695959,0.0,0.0,1.0,inf,206.0,inf,220.0,3.0,217.0,0.0,0.0,0.0,0.0,0.0,0.0
65.0,206.0,616.0,410.0,205.0,1.9902912621359223,188.362883326767,376.7257666535339,0.5468168578695959,0.0,0.0,1.0,inf,206.0,inf,201.0,0.0,201.0,0.0,0.0,0.0,0.0,0.0,0.0
66.0,208.0,622.0,414.0,207.0,1.9903846153846154,190.14074880978703,380.281497619574,0.5469632398683751,0.0,0.0,1.0,inf,208.0,inf,220.0,2.0,218.0,0.0,0.0,0.0,0.0,0.0,0.0
67.0,208.0,622.0,414.0,207.0,1.9903846153846154,190.14074880978703,380.281497619574,0.5469632398683751,0.0,0.0,1.0,inf,208.0,inf,209.0,0.0,209.0,0.0,0.0,0.0,0.0,0.0,0.0
68.0,214.0,640.0,426.0,213.0,1.9906542056074767,195.5942892798878,391.1885785597755,0.5470507364705683,0.0,0.0,1.0,inf,214.0,inf,220.0,6.0,214.0,0.0,0.0,0.0,0.0,0.0,0.0
69.0,214.0,640.0,426.0,213.0,1.9906542056074767,195.5942892798878,391.1885785597755,0.5470507364705683,0.0,0.0,1.0,inf,214.0,inf,185.0,0.0,185.0,0.0,0.0,0.0,0.0,0.0,0.0
70.0,220.0,658.0,438.0,219.0,1.990909090909091,201.22098103751134,402.4419620750226,0.5466626761922703,0.0,0.0,1.0,inf,220.0,inf,220.0,6.0,214.0,0.0,0.0,0.0,0.0,0.0,0.0
71.0,220.0,658.0,438.0,219.0,1.990909090909091,201.22098103751134,402.4419620750226,0.5466626761922703,0.0,0.0,1.0,inf,220.0,inf,187.0,0.0,187.0,0.0,0.0,0.0,0.0,0.0,0.0
72.0,221.0,661.0,440.0,220.0,1.990950226244344,202.12008895937194,404.2401779187438,0.5467046871437483,0.0,0.0,1.0,inf,221.0,inf,220.0,1.0,219.0,0.0,0.0,0.0,0.0,0.0,0.0
73.0,221.0,661.0,440.0,220.0,1.990950226244344,202.12008895937194,404.2401779187438,0.5467046871437483,0.0,0.0,1.0,inf,221.0,inf,212.0,0.0,212.0,0.0,0.0,0.0,0.0,0.0,0.0
74.0,225.0,673.0,448.0,224.0,1.991111111111111,205.79834657486322,411.5966931497264,0.546651622194039,0.0,0.0,1.0,inf,225.0,inf,220.0,4.0,216.0,0.0,0.0,0.0,0.0,0.0,0.0
75.0,225.0,673.0,448.0,224.0,1.991111111111111,205.79834657486322,411.5966931497264,0.546651622194039,0.0,0.0,1.0,inf,225.0,inf,187.0,0.0,187.0,0.0,0.0,0.0,0.0,0.0,0.0
76.0,226.0,676.0,450.0,225.0,1.991150442477876,206.69719118334265,413.39438236668525,0.5466934473229865,0.0,0.0,1.0,inf,226.0,inf,220.0,1.0,219.0,0.0,0.0,0.0,0.0,0.0,0.0
77.0,226.0,676.0,450.0,225.0,1.991150442477876,206.69719118334265,413.39438236668525,0.5466934473229865,0.0,0.0,1.0,inf,226.0,inf,214.0,0.0,214.0,0.0,0.0,0.0,0.0,0.0,0.0
78.0,229.0,685.0,456.0,228.0,1.9912663755458515,209.4889968796363,418.9779937592725,0.5465680857013554,0.0,0.0,1.0,inf,229.0,inf,220.0,3.0,217.0,0.0,0.0,0.0,0.0,0.0,0.0
79.0,229.0,685.0,456.0,228.0,1.9912663755458515,209.4889968796363,418.9779937592725,0.5465680857013554,0.0,0.0,1.0,inf,229.0,inf,200.0,0.0,200.0,0.0,0.0,0.0,0.0,0.0,0.0
80.0,237.0,709.0,472.0,236.0,1.9915611814345993,217.0382173021395,434.0764346042789,0.5459867919714612,0.0,0.0,1.0,inf,237.0,inf,220.0,8.0,212.0,0.0,0.0,0.0,0.0,0.0,0.0
81.0,237.0,709.0,472.0,236.0,1.9915611814345993,217.0382173021395,434.0764346042789,0.5459867919714612,0.0,0.0,1.0,inf,237.0,inf,164.0,0.0,164.0,0.0,0.0,0.0,0.0,0.0,0.0
82.0,241.0,721.0,480.0,240.0,1.991701244813278,220.77780179972814,441.5556035994562,0.5457976255661243,0.0,0.0,1.0,inf,241.0,inf,220.0,4.0,216.0,0.0,0.0,0.0,0.0,0.0,0.0
83.0,241.0,721.0,480.0,240.0,1.991701244813278,220.77780179972814,441.5556035994562,0.5457976255661243,0.0,0.0,1.0,inf,241.0,inf,204.0,0.0,204.0,0.0,0.0,0.0,0.0,0.0,0.0
84.0,246.0,736.0,490.0,245.0,1.991869918699187,225.38303172392784,450.76606344785563,0.5457376230108706,0.0,0.0,1.0,inf,246.0,inf,220.0,5.0,215.0,0.0,0.0,0.0,0.0,0.0,0.0
85.0,246.0,736.0,490.0,245.0,1.991869918699187,225.38303172392784,450.76606344785563,0.5457376230108706,0.0,0.0,1.0,inf,246.0,inf,179.0,0.0,179.0,0.0,0.0,0.0,0.0,0.0,0.0
86.0,252.0,754.0,502.0,251.0,1.992063492063492,230.77462847879173,461.5492569575834,0.545987229317886,0.0,0.0,1.0,inf,252.0,inf,220.0,6.0,214.0,0.0,0.0,0.0,0.0,0.0,0.0
87.0,252.0,754.0,502.0,251.0,1.992063492063492,230.77462847879173,461.5492569575834,0.545987229317886,0.0,0.0,1.0,inf,252.0,inf,188.0,0.0,188.0,0.0,0.0,0.0,0.0,0.0,0.0
88.0,256.0,766.0,510.0,255.0,1.9921875,234.4315166323219,468.8630332646437,0.5460016717835464,0.0,0.0,1.0,inf,256.0,inf,220.0,4.0,216.0,0.0,0.0,0.0,0.0,0.0,0.0
89.0,256.0,766.0,510.0,255.0,1.9921875,234.4315166323219,468.8630332646437,0.5460016717835464,0.0,0.0,1.0,inf,256.0,inf,193.0,0.0,193.0,0.0,0.0,0.0,0.0,0.0,0.0
90.0,261.0,781.0,520.0,260.0,1.9923371647509578,239.02976866726118,478.0595373345223,0.5459571028647111,0.0,0.0,1.0,inf,261.0,inf,220.0,5.0,215.0,0.0,0.0,0.0,0.0,0.0,0.0
91.0,261.0,781.0,520.0,260.0,1.9923371647509578,239.02976866726118,478.0595373345223,0.5459571028647111,0.0,0.0,1.0,inf,261.0,inf,198.0,0.0,198.0,0.0,0.0,0.0,0.0,0.0,0.0
92.0,262.0,784.0,522.0,261.0,1.9923664122137406,239.9202045588602,479.84040911772036,0.5460148729068854,0.0,0.0,1.0,inf,262.0,inf,220.0,1.0,219.0,0.0,0.0,0.0,0.0,0.0,0.0
93.0,262.0,784.0,522.0,261.0,1.9923664122137406,239.9202045588602,479.84040911772036,0.5460148729068854,0.0,0.0,1.0,inf,262.0,inf,214.0,0.0,214.0,0.0,0.0,0.0,0.0,0.0,0.0
94.0,266.0,796.0,530.0,265.0,1.9924812030075187,243.5873567063981,487.17471341279617,0.5460053501886316,0.0,0.0,1.0,inf,266.0,inf,220.0,4.0,216.0,0.0,0.0,0.0,0.0,0.0,0.0
95.0,266.0,796.0,530.0,265.0,1.9924812030075187,243.5873567063981,487.17471341279617,0.5460053501886316,0.0,0.0,1.0,inf,266.0,inf,205.0,0.0,205.0,0.0,0.0,0.0,0.0,0.0,0.0
96.0,272.0,814.0,542.0,271.0,1.9926470588235294,249.33432314212337,498.6686462842467,0.5454523801060414,0.0,0.0,1.0,inf,272.0,inf,220.0,6.0,214.0,0.0,0.0,0.0,0.0,0.0,0.0
97.0,272.0,814.0,542.0,271.0,1.9926470588235294,249.33432314212337,498.6686462842467,0.5454523801060414,0.0,0.0,1.0,inf,272.0,inf,188.0,0.0,188.0,0.0,0.0,0.0,0.0,0.0,0.0
98.0,273.0,817.0,544.0,272.0,1.9926739926739927,250.25289818338192,500.5057963667638,0.545448228535498,0.0,0.0,1.0,inf,273.0,inf,220.0,1.0,219.0,0.0,0.0,0.0,0.0,0.0,0.0
99.0,273.0,817.0,544.0,272.0,1.9926739926739927,250.25289818338192,500.5057963667638,0.545448228535498,0.0,0.0,1.0,inf,273.0,inf,219.0,0.0,219.0,0.0,0.0,0.0,0.0,0.0,0.0
100.0,277.0,829.0,552.0,276.0,1.9927797833935017,253.9825957134121,507.96519142682416,0.5453129558384391,0.0,0.0,1.0,inf,277.0,inf,220.0,4.0,216.0,0.0,0.0,0.0,0.0,0.0,0.0
101.0,277.0,829.0,552.0,276.0,1.9927797833935017,253.9825957134121,507.96519142682416,0.5453129558384391,0.0,0.0,1.0,inf,277.0,inf,200.0,0.0,200.0,0.0,0.0,0.0,0.0,0.0,0.0
102.0,278.0,832.0,554.0,277.0,1.9928057553956835,254.91252774825514,509.82505549651023,0.545285087507636,0.0,0.0,1.0,inf,278.0,inf,220.0,1.0,219.0,0.0,0.0,0.0,0.0,0.0,0.0
103.0,278.0,832.0,554.0,277.0,1.9928057553956835,254.91252774825514,509.82505549651023,0.545285087507636,0.0,0.0,1.0,inf,278.0,inf,216.0,0.0,216.0,0.0,0.0,0.0,0.0,0.0,0.0
104.0,281.0,841.0,560.0,280.0,1.99288256227758,257.6692485026743,515.3384970053485,0.5452726734620092,0.0,0.0,1.0,inf,281.0,inf,220.0,3.0,217.0,0.0,0.0,0.0,0.0,0.0,0.0
105.0,281.0,841.0,560.0,280.0,1.99288256227758,257.6692485026743,515.3384970053485,0.5452726734620092,0.0,0.0,1.0,inf,281.0,inf,208.0,0.0,208.0,0.0,0.0,0.0,0.0,0.0,0.0
106.0,282.0,844.0,562.0,281.0,1.9929078014184398,258.5491784891699,517.0983569783397,0.5453507948620546,0.0,0.0,1.0,inf,282.0,inf,220.0,1.0,219.0,0.0,0.0,0.0,0.0,0.0,0.0
107.0,282.0,844.0,562.0,281.0,1.9929078014184398,258.5491784891699,517.0983569783397,0.5453507948620546,0.0,0.0,1.0,inf,282.0,inf,217.0,0.0,217.0,0.0,0.0,0.0,0.0,0.0,0.0
108.0,283.0,847.0,564.0,282.0,1.9929328621908127,259.46145529032776,518.9229105806554,0.5453603882768128,0.0,0.0,1.0,inf,283.0,inf,220.0,1.0,219.0,0.0,0.0,0.0,0.0,0.0,0.0
109.0,283.0,847.0,564.0,282.0,1.9929328621908127,259.46145529032776,518.9229105806554,0.5453603882768128,0.0,0.0,1.0,inf,283.0,inf,217.0,0.0,217.0,0.0,0.0,0.0,0.0,0.0,0.0
110.0,285.0,853.0,568.0,284.0,1.9929824561403509,261.30416711472515,522.6083342294502,0.5453414753138462,0.0,0.0,1.0,inf,285.0,inf,220.0,2.0,218.0,0.0,0.0,0.0,0.0,0.0,0.0
111.0,285.0,853.0,568.0,284.0,1.9929824561403509,261.30416711472515,522.6083342294502,0.5453414753138462,0.0,0.0,1.0,inf,285.0,inf,212.0,0.0,212.0,0.0,0.0,0.0,0.0,0.0,0.0
112.0,288.0,862.0,574.0,287.0,1.9930555555555556,264.1531125974088,528.3062251948174,0.545138380479612,0.0,0.0,1.0,inf,288.0,inf,220.0,3.0,217.0,0.0,0.0,0.0,0.0,0.0,0.0
113.0,288.0,862.0,574.0,287.0,1.9930555555555556,264.1531125974088,528.3062251948174,0.545138380479612,0.0,0.0,1.0,inf,288.0,inf,196.0,0.0,196.0,0.0,0.0,0.0,0.0,0.0,0.0
114.0,290.0,868.0,578.0,289.0,1.993103448275862,266.0084816225644,532.0169632451286,0.5450954011524282,0.0,0.0,1.0,inf,290.0,inf,220.0,2.0,218.0,0.0,0.0,0.0,0.0,0.0,0.0
115.0,290.0,868.0,578.0,289.0,1.993103448275862,266.0084816225644,532.0169632451286,0.5450954011524282,0.0,0.0,1.0,inf,290.0,inf,207.0,0.0,207.0,0.0,0.0,0.0,0.0,0.0,0.0
116.0,291.0,871.0,580.0,290.0,1.993127147766323,266.9534373390858,533.9068746781714,0.5450388706371482,0.0,0.0,1.0,inf,291.0,inf,220.0,1.0,219.0,0.0,0.0,0.0,0.0,0.0,0.0
117.0,291.0,871.0,580.0,290.0,1.993127147766323,266.9534373390858,533.9068746781714,0.5450388706371482,0.0,0.0,1.0,inf,291.0,inf,213.0,0.0,213.0,0.0,0.0,0.0,0.0,0.0,0.0
118.0,295.0,883.0,588.0,294.0,1.993220338983051,270.55813164077387,541.1162632815476,0.545169347176891,0.0,0.0,1.0,inf,295.0,inf,220.0,4.0,216.0,0.0,0.0,0.0,0.0,0.0,0.0
119.0,295.0,883.0,588.0,294.0,1.993220338983051,270.55813164077387,541.1162632815476,0.545169347176891,0.0,0.0,1.0,inf,295.0,inf,197.0,0.0,197.0,0.0,0.0,0.0,0.0,0.0,0.0
120.0,296.0,886.0,590.0,295.0,1.9932432432432432,271.5362769542856,543.0725539085711,0.5450468779349013,0.0,0.0,1.0,inf,296.0,inf,220.0,1.0,219.0,0.0,0.0,0.0,0.0,0.0,0.0
121.0,296.0,886.0,590.0,295.0,1.9932432432432432,271.5362769542856,543.0725539085711,0.5450468779349013,0.0,0.0,1.0,inf,296.0,inf,216.0,0.0,216.0,0.0,0.0,0.0,0.0,0.0,0.0
122.0,300.0,898.0,598.0,299.0,1.9933333333333334,275.2718660501888,550.5437321003775,0.5449158395745802,0.0,0.0,1.0,inf,300.0,inf,220.0,4.0,216.0,0.0,0.0,0.0,0.0,0.0,0.0
123.0,300.0,898.0,598.0,299.0,1.9933333333333334,275.2718660501888,550.5437321003775,0.5449158395745802,0.0,0.0,1.0,inf,300.0,inf,200.0,0.0,200.0,0.0,0.0,0.0,0.0,0.0,0.0
124.0,302.0,904.0,602.0,301.0,1.9933774834437086,277.12697902382547,554.2539580476508,0.544876577992856,0.0,0.0,1.0,inf,302.0,inf,220.0,2.0,218.0,0.0,0.0,0.0,0.0,0.0,0.0
125.0,302.0,904.0,602.0,301.0,1.9933774834437086,277.12697902382547,554.2539580476508,0.544876577992856,0.0,0.0,1.0,inf,302.0,inf,216.0,0.0,216.0,0.0,0.0,0.0,0.0,0.0,0.0
126.0,302.0,904.0,602.0,301.0,1.9933774834437086,277.12697902382547,554.2539580476508,0.544876577992856,0.0,0.0,1.0,inf,302.0,inf,220.0,0.0,220.0,0.0,0.0,0.0,0.0,0.0,0.0
127.0,305.0,913.0,608.0,304.0,1.9934426229508198,279.8013016134546,559.6026032269091,0.5450296303863472,0.0,0.0,1.0,inf,305.0,inf,220.0,3.0,217.0,0.0,0.0,0.0,0.0,0.0,0.0
128.0,305.0,913.0,608.0,304.0,1.9934426229508198,279.8013016134546,559.6026032269091,0.5450296303863472,0.0,0.0,1.0,inf,305.0,inf,213.0,0.0,213.0,0.0,0.0,0.0,0.0,0.0,0.0
129.0,310.0,928.0,618.0,309.0,1.9935483870967743,284.5706671101119,569.1413342202237,0.5446801723243817,0.0,0.0,1.0,inf,310.0,inf,220.0,5.0,215.0,0.0,0.0,0.0,0.0,0.0,0.0
130.0,310.0,928.0,618.0,309.0,1.9935483870967743,284.5706671101119,569.1413342202237,0.5446801723243817,0.0,0.0,1.0,inf,310.0,inf,204.0,0.0,204.0,0.0,0.0,0.0,0.0,0.0,0.0
131.0,313.0,937.0,624.0,312.0,1.9936102236421724,287.33933496487936,574.6786699297586,0.5446521967454563,0.0,0.0,1.0,inf,313.0,inf,220.0,3.0,217.0,0.0,0.0,0.0,0.0,0.0,0.0
132.0,313.0,937.0,624.0,312.0,1.9936102236421724,287.33933496487936,574.6786699297586,0.5446521967454563,0.0,0.0,1.0,inf,313.0,inf,206.0,0.0,206.0,0.0,0.0,0.0,0.0,0.0,0.0
133.0,314.0,940.0,626.0,313.0,1.9936305732484076,288.31424379351836,576.6284875870366,0.544544722918506,0.0,0.0,1.0,inf,314.0,inf,220.0,1.0,219.0,0.0,0.0,0.0,0.0,0.0,0.0
134.0,314.0,940.0,626.0,313.0,1.9936305732484076,288.31424379351836,576.6284875870366,0.544544722918506,0.0,0.0,1.0,inf,314.0,inf,214.0,0.0,214.0,0.0,0.0,0.0,0.0,0.0,0.0
135.0,319.0,955.0,636.0,318.0,1.993730407523511,292.9488913365803,585.8977826731605,0.5444635727149564,0.0,0.0,1.0,inf,319.0,inf,220.0,5.0,215.0,0.0,0.0,0.0,0.0,0.0,0.0
136.0,319.0,955.0,636.0,318.0,1.993730407523511,292.9488913365803,585.8977826731605,0.5444635727149564,0.0,0.0,1.0,inf,319.0,inf,195.0,0.0,195.0,0.0,0.0,0.0,0.0,0.0,0.0
137.0,322.0,964.0,642.0,321.0,1.9937888198757765,295.6696228620873,591.3392457241745,0.544526686378929,0.0,0.0,1.0,inf,322.0,inf,220.0,3.0,217.0,0.0,0.0,0.0,0.0,0.0,0.0
138.0,322.0,964.0,642.0,321.0,1.9937888198757765,295.6696228620873,591.3392457241745,0.544526686378929,0.0,0.0,1.0,inf,322.0,inf,206.0,0.0,206.0,0.0,0.0,0.0,0.0,0.0,0.0
139.0,323.0,967.0,644.0,322.0,1.9938080495356036,296.6293591828407,593.2587183656813,0.5444504901500742,0.0,0.0,1.0,inf,323.0,inf,220.0,1.0,219.0,0.0,0.0,0.0,0.0,0.0,0.0
140.0,323.0,967.0,644.0,322.0,1.9938080495356036,296.6293591828407,593.2587183656813,0.5444504901500742,0.0,0.0,1.0,inf,323.0,inf,214.0,0.0,214.0,0.0,0.0,0.0,0.0,0.0,0.0
141.0,324.0,970.0,646.0,323.0,1.9938271604938271,297.5889340613009,595.1778681226017,0.5443750807166416,0.0,0.0,1.0,inf,324.0,inf,220.0,1.0,219.0,0.0,0.0,0.0,0.0,0.0,0.0
142.0,324.0,970.0,646.0,323.0,1.9938271604938271,297.5889340613009,595.1778681226017,0.5443750807166416,0.0,0.0,1.0,inf,324.0,inf,216.0,0.0,216.0,0.0,0.0,0.0,0.0,0.0,0.0
143.0,329.0,985.0,656.0,328.0,1.993920972644377,302.06391407331176,604.1278281466234,0.5445867325948621,0.0,0.0,1.0,inf,329.0,inf,220.0,5.0,215.0,0.0,0.0,0.0,0.0,0.0,0.0
144.0,329.0,985.0,656.0,328.0,1.993920972644377,302.06391407331176,604.1278281466234,0.5445867325948621,0.0,0.0,1.0,inf,329.0,inf,198.0,0.0,198.0,0.0,0.0,0.0,0.0,0.0,0.0
145.0,332.0,994.0,662.0,331.0,1.9939759036144578,304.84349502800717,609.6869900560142,0.5445417163477573,0.0,0.0,1.0,inf,332.0,inf,220.0,3.0,217.0,0.0,0.0,0.0,0.0,0.0,0.0
146.0,332.0,994.0,662.0,331.0,1.9939759036144578,304.84349502800717,609.6869900560142,0.5445417163477573,0.0,0.0,1.0,inf,332.0,inf,206.0,0.0,206.0,0.0,0.0,0.0,0.0,0.0,0.0
147.0,337.0,1009.0,672.0,336.0,1.9940652818991098,309.55013752240563,619.1002750448112,0.5443383141375726,0.0,0.0,1.0,inf,337.0,inf,220.0,5.0,215.0,0.0,0.0,0.0,0.0,0.0,0.0
148.0,337.0,1009.0,672.0,336.0,1.9940652818991098,309.55013752240563,619.1002750448112,0.5443383141375726,0.0,0.0,1.0,inf,337.0,inf,191.0,0.0,191.0,0.0,0.0,0.0,0.0,0.0,0.0
149.0,338.0,1012.0,674.0,337.0,1.9940828402366864,310.50272760830325,621.0054552166064,0.5442786325960789,0.0,0.0,1.0,inf,338.0,inf,220.0,1.0,219.0,0.0,0.0,0.0,0.0,0.0,0.0
150.0,338.0,1012.0,674.0,337.0,1.9940828402366864,310.50272760830325,621.0054552166064,0.5442786325960789,0.0,0.0,1.0,inf,338.0,inf,209.0,0.0,209.0,0.0,0.0,0.0,0.0,0.0,0.0
151.0,338.0,1012.0,674.0,337.0,1.9940828402366864,310.50272760830325,621.0054552166064,0.5442786325960789,0.0,0.0,1.0,inf,338.0,inf,220.0,0.0,220.0,0.0,0.0,0.0,0.0,0.0,0.0
152.0,346.0,1036.0,690.0,345.0,1.9942196531791907,317.9403357530528,635.8806715061055,0.5441272482468872,0.0,0.0,1.0,inf,346.0,inf,220.0,8.0,212.0,0.0,0.0,0.0,0.0,0.0,0.0
153.0,346.0,1036.0,690.0,345.0,1.9942196531791907,317.9403357530528,635.8806715061055,0.5441272482468872,0.0,0.0,1.0,inf,346.0,inf,178.0,0.0,178.0,0.0,0.0,0.0,0.0,0.0,0.0
154.0,349.0,1045.0,696.0,348.0,1.994269340974212,320.7744148307187,641.5488296614373,0.5439960044571771,0.0,0.0,1.0,inf,349.0,inf,220.0,3.0,217.0,0.0,0.0,0.0,0.0,0.0,0.0
155.0,349.0,1045.0,696.0,348.0,1.994269340974212,320.7744148307187,641.5488296614373,0.5439960044571771,0.0,0.0,1.0,inf,349.0,inf,207.0,0.0,207.0,0.0,0.0,0.0,0.0,0.0,0.0
156.0,353.0,1057.0,704.0,352.0,1.9943342776203965,324.48358459426436,648.9671691885286,0.5439412296332228,0.0,0.0,1.0,inf,353.0,inf,220.0,4.0,216.0,0.0,0.0,0.0,0.0,0.0,0.0
157.0,353.0,1057.0,704.0,352.0,1.9943342776203965,324.48358459426436,648.9671691885286,0.5439412296332228,0.0,0.0,1.0,inf,353.0,inf,206.0,0.0,206.0,0.0,0.0,0.0,0.0,0.0,0.0
158.0,353.0,1057.0,704.0,352.0,1.9943342776203965,324.48358459426436,648.9671691885286,0.5439412296332228,0.0,0.0,1.0,inf,353.0,inf,220.0,0.0,220.0,0.0,0.0,0.0,0.0,0.0,0.0
159.0,354.0,1060.0,706.0,353.0,1.9943502824858756,325.4459208490434,650.8918416980866,0.5438691612364707,0.0,0.0,1.0,inf,354.0,inf,220.0,1.0,219.0,0.0,0.0,0.0,0.0,0.0,0.0
160.0,354.0,1060.0,706.0,353.0,1.9943502824858756,325.4459208490434,650.8918416980866,0.5438691612364707,0.0,0.0,1.0,inf,354.0,inf,216.0,0.0,216.0,0.0,0.0,0.0,0.0,0.0,0.0
161.0,357.0,1069.0,712.0,356.0,1.9943977591036415,328.23074384009027,656.4614876801804,0.5438247432634248,0.0,0.0,1.0,inf,357.0,inf,220.0,3.0,217.0,0.0,0.0,0.0,0.0,0.0,0.0
162.0,357.0,1069.0,712.0,356.0,1.9943977591036415,328.23074384009027,656.4614876801804,0.5438247432634248,0.0,0.0,1.0,inf,357.0,inf,206.0,0.0,206.0,0.0,0.0,0.0,0.0,0.0,0.0
163.0,359.0,1075.0,716.0,358.0,1.9944289693593316,330.14538582352714,660.2907716470542,0.5436998598428037,0.0,0.0,1.0,inf,359.0,inf,220.0,2.0,218.0,0.0,0.0,0.0,0.0,0.0,0.0
164.0,359.0,1075.0,716.0,358.0,1.9944289693593316,330.14538582352714,660.2907716470542,0.5436998598428037,0.0,0.0,1.0,inf,359.0,inf,211.0,0.0,211.0,0.0,0.0,0.0,0.0,0.0,0.0
165.0,361.0,1081.0,720.0,360.0,1.994459833795014,332.0539837373898,664.1079674747795,0.5435863107811751,0.0,0.0,1.0,inf,361.0,inf,220.0,2.0,218.0,0.0,0.0,0.0,0.0,0.0,0.0
166.0,361.0,1081.0,720.0,360.0,1.994459833795014,332.0539837373898,664.1079674747795,0.5435863107811751,0.0,0.0,1.0,inf,361.0,inf,208.0,0.0,208.0,0.0,0.0,0.0,0.0,0.0,0.0
167.0,367.0,1099.0,732.0,366.0,1.994550408719346,337.7223594342805,675.4447188685609,0.5433457243025936,0.0,0.0,1.0,inf,367.0,inf,220.0,6.0,214.0,0.0,0.0,0.0,0.0,0.0,0.0
168.0,367.0,1099.0,732.0,366.0,1.994550408719346,337.7223594342805,675.4447188685609,0.5433457243025936,0.0,0.0,1.0,inf,367.0,inf,193.0,0.0,193.0,0.0,0.0,0.0,0.0,0.0,0.0
169.0,369.0,1105.0,736.0,368.0,1.994579945799458,339.5568317691485,679.1136635382969,0.5433552876516247,0.0,0.0,1.0,inf,369.0,inf,220.0,2.0,218.0,0.0,0.0,0.0,0.0,0.0,0.0
170.0,369.0,1105.0,736.0,368.0,1.994579945799458,339.5568317691485,679.1136635382969,0.5433552876516247,0.0,0.0,1.0,inf,369.0,inf,213.0,0.0,213.0,0.0,0.0,0.0,0.0,0.0,0.0
171.0,372.0,1114.0,742.0,371.0,1.9946236559139785,342.4777336635704,684.9554673271407,0.5431010010791396,0.0,0.0,1.0,inf,372.0,inf,220.0,3.0,217.0,0.0,0.0,0.0,0.0,0.0,0.0
172.0,372.0,1114.0,742.0,371.0,1.9946236559139785,342.4777336635704,684.9554673271407,0.5431010010791396,0.0,0.0,1.0,inf,372.0,inf,208.0,0.0,208.0,0.0,0.0,0.0,0.0,0.0,0.0
173.0,373.0,1117.0,744.0,372.0,1.9946380697050938,343.46734823465505,686.93469646931,0.54299193492065,0.0,0.0,1.0,inf,373.0,inf,220.0,1.0,219.0,0.0,0.0,0.0,0.0,0.0,0.0
174.0,373.0,1117.0,744.0,372.0,1.9946380697050938,343.46734823465505,686.93469646931,0.54299193492065,0.0,0.0,1.0,inf,373.0,inf,212.0,0.0,212.0,0.0,0.0,0.0,0.0,0.0,0.0
175.0,374.0,1120.0,746.0,373.0,1.9946524064171123,344.33675258795796,688.6735051759158,0.5430730196371717,0.0,0.0,1.0,inf,374.0,inf,220.0,1.0,219.0,0.0,0.0,0.0,0.0,0.0,0.0
176.0,374.0,1120.0,746.0,373.0,1.9946524064171123,344.33675258795796,688.6735051759158,0.5430730196371717,0.0,0.0,1.0,inf,374.0,inf,217.0,0.0,217.0,0.0,0.0,0.0,0.0,0.0,0.0
177.0,375.0,1123.0,748.0,374.0,1.9946666666666666,345.20897771510795,690.4179554302158,0.543149257707715,0.0,0.0,1.0,inf,375.0,inf,220.0,1.0,219.0,0.0,0.0,0.0,0.0,0.0,0.0
178.0,375.0,1123.0,748.0,374.0,1.9946666666666666,345.20897771510795,690.4179554302158,0.543149257707715,0.0,0.0,1.0,inf,375.0,inf,218.0,0.0,218.0,0.0,0.0,0.0,0.0,0.0,0.0
179.0,376.0,1126.0,750.0,375.0,1.9946808510638299,346.1983078487622,692.3966156975243,0.5430413602198437,0.0,0.0,1.0,inf,376.0,inf,220.0,1.0,219.0,0.0,0.0,0.0,0.0,0.0,0.0
180.0,376.0,1126.0,750.0,375.0,1.9946808510638299,346.1983078487622,692.3966156975243,0.5430413602198437,0.0,0.0,1.0,inf,376.0,inf,217.0,0.0,217.0,0.0,0.0,0.0,0.0,0.0,0.0
181.0,377.0,1129.0,752.0,376.0,1.9946949602122015,347.0956389966842,694.1912779933683,0.5430779843413728,0.0,0.0,1.0,inf,377.0,inf,220.0,1.0,219.0,0.0,0.0,0.0,0.0,0.0,0.0
182.0,377.0,1129.0,752.0,376.0,1.9946949602122015,347.0956389966842,694.1912779933683,0.5430779843413728,0.0,0.0,1.0,inf,377.0,inf,214.0,0.0,214.0,0.0,0.0,0.0,0.0,0.0,0.0
183.0,380.0,1138.0,758.0,379.0,1.9947368421052631,349.9630719744384,699.9261439488766,0.5429144250221858,0.0,0.0,1.0,inf,380.0,inf,220.0,3.0,217.0,0.0,0.0,0.0,0.0,0.0,0.0
184.0,380.0,1138.0,758.0,379.0,1.9947368421052631,349.9630719744384,699.9261439488766,0.5429144250221858,0.0,0.0,1.0,inf,380.0,inf,208.0,0.0,208.0,0.0,0.0,0.0,0.0,0.0,0.0
185.0,382.0,1144.0,762.0,381.0,1.9947643979057592,351.73530008185134,703.4706001637026,0.5430219825975754,0.0,0.0,1.0,inf,382.0,inf,220.0,2.0,218.0,0.0,0.0,0.0,0.0,0.0,0.0
186.0,382.0,1144.0,762.0,381.0,1.9947643979057592,351.73530008185134,703.4706001637026,0.5430219825975754,0.0,0.0,1.0,inf,382.0,inf,214.0,0.0,214.0,0.0,0.0,0.0,0.0,0.0,0.0
187.0,385.0,1153.0,768.0,384.0,1.9948051948051948,354.5201745150838,709.0403490301675,0.5429874343915785,0.0,0.0,1.0,inf,385.0,inf,220.0,3.0,217.0,0.0,0.0,0.0,0.0,0.0,0.0
188.0,385.0,1153.0,768.0,384.0,1.9948051948051948,354.5201745150838,709.0403490301675,0.5429874343915785,0.0,0.0,1.0,inf,385.0,inf,208.0,0.0,208.0,0.0,0.0,0.0,0.0,0.0,0.0
189.0,388.0,1162.0,774.0,387.0,1.9948453608247423,357.31996657316023,714.6399331463203,0.5429307571601351,0.0,0.0,1.0,inf,388.0,inf,220.0,3.0,217.0,0.0,0.0,0.0,0.0,0.0,0.0
190.0,388.0,1162.0,774.0,387.0,1.9948453608247423,357.31996657316023,714.6399331463203,0.5429307571601351,0.0,0.0,1.0,inf,388.0,inf,212.0,0.0,212.0,0.0,0.0,0.0,0.0,0.0,0.0
191.0,391.0,1171.0,780.0,390.0,1.9948849104859334,360.0946141355091,720.1892282710181,0.5429128688007269,0.0,0.0,1.0,inf,391.0,inf,220.0,3.0,217.0,0.0,0.0,0.0,0.0,0.0,0.0
192.0,391.0,1171.0,780.0,390.0,1.9948849104859334,360.0946141355091,720.1892282710181,0.5429128688007269,0.0,0.0,1.0,inf,391.0,inf,213.0,0.0,213.0,0.0,0.0,0.0,0.0,0.0,0.0
193.0,394.0,1180.0,786.0,393.0,1.9949238578680204,362.9124734572784,725.8249469145567,0.5428306118091877,0.0,0.0,1.0,inf,394.0,inf,220.0,3.0,217.0,0.0,0.0,0.0,0.0,0.0,0.0
194.0,394.0,1180.0,786.0,393.0,1.9949238578680204,362.9124734572784,725.8249469145567,0.5428306118091877,0.0,0.0,1.0,inf,394.0,inf,212.0,0.0,212.0,0.0,0.0,0.0,0.0,0.0,0.0
195.0,394.0,1180.0,786.0,393.0,1.9949238578680204,362.9124734572784,725.8249469145567,0.5428306118091877,0.0,0.0,1.0,inf,394.0,inf,220.0,0.0,220.0,0.0,0.0,0.0,0.0,0.0,0.0
196.0,395.0,1183.0,788.0,394.0,1.9949367088607595,363.8187796191884,727.6375592383766,0.5428526812352146,0.0,0.0,1.0,inf,395.0,inf,220.0,1.0,219.0,0.0,0.0,0.0,0.0,0.0,0.0
197.0,395.0,1183.0,788.0,394.0,1.9949367088607595,363.8187796191884,727.6375592383766,0.5428526812352146,0.0,0.0,1.0,inf,395.0,inf,218.0,0.0,218.0,0.0,0.0,0.0,0.0,0.0,0.0
198.0,397.0,1189.0,792.0,396.0,1.9949622166246852,365.6958923987751,731.39178479755,0.5428007372408346,0.0,0.0,1.0,inf,397.0,inf,220.0,2.0,218.0,0.0,0.0,0.0,0.0,0.0,0.0
199.0,397.0,1189.0,792.0,396.0,1.9949622166246852,365.6958923987751,731.39178479755,0.5428007372408346,0.0,0.0,1.0,inf,397.0,inf,213.0,0.0,213.0,0.0,0.0,0.0,0.0,0.0,0.0
200.0,398.0,1192.0,794.0,397.0,1.9949748743718594,366.6338401623381,733.2676803246761,0.5427758657299251,0.0,0.0,1.0,inf,398.0,inf,220.0,1.0,219.0,0.0,0.0,0.0,0.0,0.0,0.0
201.0,398.0,1192.0,794.0,397.0,1.9949748743718594,366.6338401623381,733.2676803246761,0.5427758657299251,0.0,0.0,1.0,inf,398.0,inf,215.0,0.0,215.0,0.0,0.0,0.0,0.0,0.0,0.0
202.0,398.0,1192.0,794.0,397.0,1.9949748743718594,366.6338401623381,733.2676803246761,0.5427758657299251,0.0,0.0,1.0,inf,398.0,inf,220.0,0.0,220.0,0.0,0.0,0.0,0.0,0.0,0.0
203.0,399.0,1195.0,796.0,398.0,1.994987468671679,367.5785350765344,735.1570701530687,0.5427411585893112,0.0,0.0,1.0,inf,399.0,inf,220.0,1.0,219.0,0.0,0.0,0.0,0.0,0.0,0.0
204.0,399.0,1195.0,796.0,398.0,1.994987468671679,367.5785350765344,735.1570701530687,0.5427411585893112,0.0,0.0,1.0,inf,399.0,inf,216.0,0.0,216.0,0.0,0.0,0.0,0.0,0.0,0.0
205.0,403.0,1207.0,804.0,402.0,1.9950372208436724,371.3855846296529,742.7711692593057,0.5425627927937391,0.0,0.0,1.0,inf,403.0,inf,220.0,4.0,216.0,0.0,0.0,0.0,0.0,0.0,0.0
206.0,403.0,1207.0,804.0,402.0,1.9950372208436724,371.3855846296529,742.7711692593057,0.5425627927937391,0.0,0.0,1.0,inf,403.0,inf,200.0,0.0,200.0,0.0,0.0,0.0,0.0,0.0,0.0
207.0,405.0,1213.0,808.0,404.0,1.9950617283950618,373.2212709403253,746.4425418806505,0.5425735770359614,0.0,0.0,1.0,inf,405.0,inf,220.0,2.0,218.0,0.0,0.0,0.0,0.0,0.0,0.0
208.0,405.0,1213.0,808.0,404.0,1.9950617283950618,373.2212709403253,746.4425418806505,0.5425735770359614,0.0,0.0,1.0,inf,405.0,inf,214.0,0.0,214.0,0.0,0.0,0.0,0.0,0.0,0.0
209.0,405.0,1213.0,808.0,404.0,1.9950617283950618,373.2212709403253,746.4425418806505,0.5425735770359614,0.0,0.0,1.0,inf,405.0,inf,220.0,0.0,220.0,0.0,0.0,0.0,0.0,0.0,0.0
210.0,405.0,1213.0,808.0,404.0,1.9950617283950618,373.2212709403253,746.4425418806505,0.5425735770359614,0.0,0.0,1.0,inf,405.0,inf,220.0,0.0,220.0,0.0,0.0,0.0,0.0,0.0,0.0
211.0,408.0,1222.0,814.0,407.0,1.9950980392156863,375.93049667338835,751.8609933467766,0.5426535005943851,0.0,0.0,1.0,inf,408.0,inf,220.0,3.0,217.0,0.0,0.0,0.0,0.0,0.0,0.0
212.0,408.0,1222.0,814.0,407.0,1.9950980392156863,375.93049667338835,751.8609933467766,0.5426535005943851,0.0,0.0,1.0,inf,408.0,inf,210.0,0.0,210.0,0.0,0.0,0.0,0.0,0.0,0.0
213.0,413.0,1237.0,824.0,412.0,1.9951573849878934,380.7158386445196,761.431677289039,0.5423992884961436,0.0,0.0,1.0,inf,413.0,inf,220.0,5.0,215.0,0.0,0.0,0.0,0.0,0.0,0.0
214.0,413.0,1237.0,824.0,412.0,1.9951573849878934,380.7158386445196,761.431677289039,0.5423992884961436,0.0,0.0,1.0,inf,413.0,inf,198.0,0.0,198.0,0.0,0.0,0.0,0.0,0.0,0.0
215.0,415.0,1243.0,828.0,414.0,1.9951807228915663,382.51993558095836,765.0398711619166,0.5424553878083662,0.0,0.0,1.0,inf,415.0,inf,220.0,2.0,218.0,0.0,0.0,0.0,0.0,0.0,0.0
216.0,415.0,1243.0,828.0,414.0,1.9951807228915663,382.51993558095836,765.0398711619166,0.5424553878083662,0.0,0.0,1.0,inf,415.0,inf,213.0,0.0,213.0,0.0,0.0,0.0,0.0,0.0,0.0
217.0,418.0,1252.0,834.0,417.0,1.9952153110047848,385.17948133176714,770.3589626635342,0.5426041887729264,0.0,0.0,1.0,inf,418.0,inf,220.0,3.0,217.0,0.0,0.0,0.0,0.0,0.0,0.0
218.0,418.0,1252.0,834.0,417.0,1.9952153110047848,385.17948133176714,770.3589626635342,0.5426041887729264,0.0,0.0,1.0,inf,418.0,inf,208.0,0.0,208.0,0.0,0.0,0.0,0.0,0.0,0.0
219.0,420.0,1258.0,838.0,419.0,1.9952380952380953,386.97966594138296,773.9593318827658,0.5426641720027982,0.0,0.0,1.0,inf,420.0,inf,220.0,2.0,218.0,0.0,0.0,0.0,0.0,0.0,0.0
220.0,420.0,1258.0,838.0,419.0,1.9952380952380953,386.97966594138296,773.9593318827658,0.5426641720027982,0.0,0.0,1.0,inf,420.0,inf,212.0,0.0,212.0,0.0,0.0,0.0,0.0,0.0,0.0
221.0,420.0,1258.0,838.0,419.0,1.9952380952380953,386.97966594138296,773.9593318827658,0.5426641720027982,0.0,0.0,1.0,inf,420.0,inf,220.0,0.0,220.0,0.0,0.0,0.0,0.0,0.0,0.0
222.0,422.0,1264.0,842.0,421.0,1.995260663507109,388.85732004104165,777.7146400820832,0.5426154764882147,0.0,0.0,1.0,inf,422.0,inf,220.0,2.0,218.0,0.0,0.0,0.0,0.0,0.0,0.0
223.0,422.0,1264.0,842.0,421.0,1.995260663507109,388.85732004104165,777.7146400820832,0.5426154764882147,0.0,0.0,1.0,inf,422.0,inf,216.0,0.0,216.0,0.0,0.0,0.0,0.0,0.0,0.0
224.0,425.0,1273.0,848.0,424.0,1.9952941176470589,391.5253620463298,783.0507240926595,0.5427490032557701,0.0,0.0,1.0,inf,425.0,inf,220.0,3.0,217.0,0.0,0.0,0.0,0.0,0.0,0.0
225.0,425.0,1273.0,848.0,424.0,1.9952941176470589,391.5253620463298,783.0507240926595,0.5427490032557701,0.0,0.0,1.0,inf,425.0,inf,207.0,0.0,207.0,0.0,0.0,0.0,0.0,0.0,0.0
226.0,425.0,1273.0,848.0,424.0,1.9952941176470589,391.5253620463298,783.0507240926595,0.5427490032557701,0.0,0.0,1.0,inf,425.0,inf,220.0,0.0,220.0,0.0,0.0,0.0,0.0,0.0,0.0
227.0,427.0,1279.0,852.0,426.0,1.9953161592505855,393.479394138118,786.9587882762359,0.5425951223383705,0.0,0.0,1.0,inf,427.0,inf,220.0,2.0,218.0,0.0,0.0,0.0,0.0,0.0,0.0
228.0,427.0,1279.0,852.0,426.0,1.9953161592505855,393.479394138118,786.9587882762359,0.5425951223383705,0.0,0.0,1.0,inf,427.0,inf,215.0,0.0,215.0,0.0,0.0,0.0,0.0,0.0,0.0
229.0,427.0,1279.0,852.0,426.0,1.9953161592505855,393.479394138118,786.9587882762359,0.5425951223383705,0.0,0.0,1.0,inf,427.0,inf,220.0,0.0,220.0,0.0,0.0,0.0,0.0,0.0,0.0
230.0,433.0,1297.0,864.0,432.0,1.9953810623556583,399.0118556678505,798.0237113357009,0.5425903940564141,0.0,0.0,1.0,inf,433.0,inf,220.0,6.0,214.0,0.0,0.0,0.0,0.0,0.0,0.0
231.0,433.0,1297.0,864.0,432.0,1.9953810623556583,399.0118556678505,798.0237113357009,0.5425903940564141,0.0,0.0,1.0,inf,433.0,inf,197.0,0.0,197.0,0.0,0.0,0.0,0.0,0.0,0.0
232.0,433.0,1297.0,864.0,432.0,1.9953810623556583,399.0118556678505,798.0237113357009,0.5425903940564141,0.0,0.0,1.0,inf,433.0,inf,220.0,0.0,220.0,0.0,0.0,0.0,0.0,0.0,0.0
233.0,434.0,1300.0,866.0,433.0,1.9953917050691243,399.9247562560874,799.8495125121747,0.542602068527727,0.0,0.0,1.0,inf,434.0,inf,220.0,1.0,219.0,0.0,0.0,0.0,0.0,0.0,0.0
234.0,434.0,1300.0,866.0,433.0,1.9953917050691243,399.9247562560874,799.8495125121747,0.542602068527727,0.0,0.0,1.0,inf,434.0,inf,215.0,0.0,215.0,0.0,0.0,0.0,0.0,0.0,0.0
235.0,434.0,1300.0,866.0,433.0,1.9953917050691243,399.9247562560874,799.8495125121747,0.542602068527727,0.0,0.0,1.0,inf,434.0,inf,220.0,0.0,220.0,0.0,0.0,0.0,0.0,0.0,0.0
236.0,435.0,1303.0,868.0,434.0,1.9954022988505746,400.8814634253222,801.7629268506442,0.5425543953606047,0.0,0.0,1.0,inf,435.0,inf,220.0,1.0,219.0,0.0,0.0,0.0,0.0,0.0,0.0
237.0,435.0,1303.0,868.0,434.0,1.9954022988505746,400.8814634253222,801.7629268506442,0.5425543953606047,0.0,0.0,1.0,inf,435.0,inf,216.0,0.0,216.0,0.0,0.0,0.0,0.0,0.0,0.0
238.0,438.0,1312.0,874.0,437.0,1.995433789954338,403.72617258204735,807.4523451640946,0.5424468733334193,0.0,0.0,1.0,inf,438.0,inf,220.0,3.0,217.0,0.0,0.0,0.0,0.0,0.0,0.0
239.0,438.0,1312.0,874.0,437.0,1.995433789954338,403.72617258204735,807.4523451640946,0.5424468733334193,0.0,0.0,1.0,inf,438.0,inf,212.0,0.0,212.0,0.0,0.0,0.0,0.0,0.0,0.0
240.0,438.0,1312.0,874.0,437.0,1.995433789954338,403.72617258204735,807.4523451640946,0.5424468733334193,0.0,0.0,1.0,inf,438.0,inf,220.0,0.0,220.0,0.0,0.0,0.0,0.0,0.0,0.0
241.0,440.0,1318.0,878.0,439.0,1.9954545454545454,405.5139923797516,811.027984759503,0.5425213534776789,0.0,0.0,1.0,inf,440.0,inf,220.0,2.0,218.0,0.0,0.0,0.0,0.0,0.0,0.0
242.0,440.0,1318.0,878.0,439.0,1.9954545454545454,405.5139923797516,811.027984759503,0.5425213534776789,0.0,0.0,1.0,inf,440.0,inf,213.0,0.0,213.0,0.0,0.0,0.0,0.0,0.0,0.0
243.0,441.0,1321.0,880.0,440.0,1.9954648526077097,406.3999758620434,812.7999517240867,0.5425689298634481,0.0,0.0,1.0,inf,441.0,inf,220.0,1.0,219.0,0.0,0.0,0.0,0.0,0.0,0.0
244.0,441.0,1321.0,880.0,440.0,1.9954648526077097,406.3999758620434,812.7999517240867,0.5425689298634481,0.0,0.0,1.0,inf,441.0,inf,213.0,0.0,213.0,0.0,0.0,0.0,0.0,0.0,0.0
245.0,442.0,1324.0,882.0,441.0,1.995475113122172,407.3601173349739,814.7202346699477,0.5425175185185613,0.0,0.0,1.0,inf,442.0,inf,220.0,1.0,219.0,0.0,0.0,0.0,0.0,0.0,0.0
246.0,442.0,1324.0,882.0,441.0,1.995475113122172,407.3601173349739,814.7202346699477,0.5425175185185613,0.0,0.0,1.0,inf,442.0,inf,217.0,0.0,217.0,0.0,0.0,0.0,0.0,0.0,0.0
247.0,445.0,1333.0,888.0,444.0,1.9955056179775281,410.10283957556516,820.2056791511302,0.5425468407638333,0.0,0.0,1.0,inf,445.0,inf,220.0,3.0,217.0,0.0,0.0,0.0,0.0,0.0,0.0
248.0,445.0,1333.0,888.0,444.0,1.9955056179775281,410.10283957556516,820.2056791511302,0.5425468407638333,0.0,0.0,1.0,inf,445.0,inf,208.0,0.0,208.0,0.0,0.0,0.0,0.0,0.0,0.0
249.0,446.0,1336.0,890.0,445.0,1.9955156950672646,410.964925500416,821.9298510008318,0.5426253827585447,0.0,0.0,1.0,inf,446.0,inf,220.0,1.0,219.0,0.0,0.0,0.0,0.0,0.0,0.0
250.0,446.0,1336.0,890.0,445.0,1.9955156950672646,410.964925500416,821.9298510008318,0.5426253827585447,0.0,0.0,1.0,inf,446.0,inf,216.0,0.0,216.0,0.0,0.0,0.0,0.0,0.0,0.0
251.0,450.0,1348.0,898.0,449.0,1.9955555555555555,414.7459354589222,829.4918709178443,0.5425007957004675,0.0,0.0,1.0,inf,450.0,inf,220.0,4.0,216.0,0.0,0.0,0.0,0.0,0.0,0.0
252.0,450.0,1348.0,898.0,449.0,1.9955555555555555,414.7459354589222,829.4918709178443,0.5425007957004675,0.0,0.0,1.0,inf,450.0,inf,202.0,0.0,202.0,0.0,0.0,0.0,0.0,0.0,0.0
253.0,451.0,1351.0,900.0,450.0,1.9955654101995566,415.7111649096259,831.4223298192517,0.5424439347185273,0.0,0.0,1.0,inf,451.0,inf,220.0,1.0,219.0,0.0,0.0,0.0,0.0,0.0,0.0
254.0,451.0,1351.0,900.0,450.0,1.9955654101995566,415.7111649096259,831.4223298192517,0.5424439347185273,0.0,0.0,1.0,inf,451.0,inf,215.0,0.0,215.0,0.0,0.0,0.0,0.0,0.0,0.0
255.0,452.0,1354.0,902.0,451.0,1.9955752212389382,416.7058100135396,833.411620027079,0.5423490495432661,0.0,0.0,1.0,inf,452.0,inf,220.0,1.0,219.0,0.0,0.0,0.0,0.0,0.0,0.0
256.0,452.0,1354.0,902.0,451.0,1.9955752212389382,416.7058100135396,833.411620027079,0.5423490495432661,0.0,0.0,1.0,inf,452.0,inf,219.0,0.0,219.0,0.0,0.0,0.0,0.0,0.0,0.0
257.0,453.0,1357.0,904.0,452.0,1.9955849889624724,417.69139478015524,835.3827895603104,0.5422663785525542,0.0,0.0,1.0,inf,453.0,inf,220.0,1.0,219.0,0.0,0.0,0.0,0.0,0.0,0.0
258.0,453.0,1357.0,904.0,452.0,1.9955849889624724,417.69139478015524,835.3827895603104,0.5422663785525542,0.0,0.0,1.0,inf,453.0,inf,213.0,0.0,213.0,0.0,0.0,0.0,0.0,0.0,0.0
259.0,455.0,1363.0,908.0,454.0,1.9956043956043956,419.49739782033356,838.994795640667,0.5423156405309478,0.0,0.0,1.0,inf,455.0,inf,220.0,2.0,218.0,0.0,0.0,0.0,0.0,0.0,0.0
260.0,455.0,1363.0,908.0,454.0,1.9956043956043956,419.49739782033356,838.994795640667,0.5423156405309478,0.0,0.0,1.0,inf,455.0,inf,216.0,0.0,216.0,0.0,0.0,0.0,0.0,0.0,0.0
261.0,456.0,1366.0,910.0,455.0,1.9956140350877194,420.4727844662725,840.9455689325449,0.5422467480015669,0.0,0.0,1.0,inf,456.0,inf,220.0,1.0,219.0,0.0,0.0,0.0,0.0,0.0,0.0
262.0,456.0,1366.0,910.0,455.0,1.9956140350877194,420.4727844662725,840.9455689325449,0.5422467480015669,0.0,0.0,1.0,inf,456.0,inf,217.0,0.0,217.0,0.0,0.0,0.0,0.0,0.0,0.0
263.0,459.0,1375.0,916.0,458.0,1.9956427015250544,423.2529594268332,846.5059188536662,0.542228931631778,0.0,0.0,1.0,inf,459.0,inf,220.0,3.0,217.0,0.0,0.0,0.0,0.0,0.0,0.0
264.0,459.0,1375.0,916.0,458.0,1.9956427015250544,423.2529594268332,846.5059188536662,0.542228931631778,0.0,0.0,1.0,inf,459.0,inf,211.0,0.0,211.0,0.0,0.0,0.0,0.0,0.0,0.0
265.0,461.0,1381.0,920.0,460.0,1.9956616052060738,425.15427720471837,850.3085544094366,0.542156135686742,0.0,0.0,1.0,inf,461.0,inf,220.0,2.0,218.0,0.0,0.0,0.0,0.0,0.0,0.0
266.0,461.0,1381.0,920.0,460.0,1.9956616052060738,425.15427720471837,850.3085544094366,0.542156135686742,0.0,0.0,1.0,inf,461.0,inf,214.0,0.0,214.0,0.0,0.0,0.0,0.0,0.0,0.0
267.0,462.0,1384.0,922.0,461.0,1.9956709956709957,426.06435159579553,852.128703191591,0.5421716206361903,0.0,0.0,1.0,inf,462.0,inf,220.0,1.0,219.0,0.0,0.0,0.0,0.0,0.0,0.0
268.0,462.0,1384.0,922.0,461.0,1.9956709956709957,426.06435159579553,852.128703191591,0.5421716206361903,0.0,0.0,1.0,inf,462.0,inf,217.0,0.0,217.0,0.0,0.0,0.0,0.0,0.0,0.0
269.0,465.0,1393.0,928.0,464.0,1.9956989247311827,428.79541009225244,857.5908201845048,0.5422166248234309,0.0,0.0,1.0,inf,465.0,inf,220.0,3.0,217.0,0.0,0.0,0.0,0.0,0.0,0.0
270.0,465.0,1393.0,928.0,464.0,1.9956989247311827,428.79541009225244,857.5908201845048,0.5422166248234309,0.0,0.0,1.0,inf,465.0,inf,212.0,0.0,212.0,0.0,0.0,0.0,0.0,0.0,0.0
271.0,466.0,1396.0,930.0,465.0,1.9957081545064377,429.73046227649985,859.4609245529996,0.54220033358976,0.0,0.0,1.0,inf,466.0,inf,220.0,1.0,219.0,0.0,0.0,0.0,0.0,0.0,0.0
272.0,466.0,1396.0,930.0,465.0,1.9957081545064377,429.73046227649985,859.4609245529996,0.54220033358976,0.0,0.0,1.0,inf,466.0,inf,218.0,0.0,218.0,0.0,0.0,0.0,0.0,0.0,0.0
273.0,467.0,1399.0,932.0,466.0,1.9957173447537473,430.6955606539667,861.3911213079333,0.5421462892383994,0.0,0.0,1.0,inf,467.0,inf,220.0,1.0,219.0,0.0,0.0,0.0,0.0,0.0,0.0
274.0,467.0,1399.0,932.0,466.0,1.9957173447537473,430.6955606539667,861.3911213079333,0.5421462892383994,0.0,0.0,1.0,inf,467.0,inf,220.0,0.0,220.0,0.0,0.0,0.0,0.0,0.0,0.0
275.0,469.0,1405.0,936.0,468.0,1.995735607675906,432.5065619799791,865.0131239599581,0.5421883055981359,0.0,0.0,1.0,inf,469.0,inf,220.0,2.0,218.0,0.0,0.0,0.0,0.0,0.0,0.0
276.0,469.0,1405.0,936.0,468.0,1.995735607675906,432.5065619799791,865.0131239599581,0.5421883055981359,0.0,0.0,1.0,inf,469.0,inf,217.0,0.0,217.0,0.0,0.0,0.0,0.0,0.0,0.0
277.0,471.0,1411.0,940.0,470.0,1.9957537154989384,434.3738455396999,868.7476910793997,0.5421597143064553,0.0,0.0,1.0,inf,471.0,inf,220.0,2.0,218.0,0.0,0.0,0.0,0.0,0.0,0.0
278.0,471.0,1411.0,940.0,470.0,1.9957537154989384,434.3738455396999,868.7476910793997,0.5421597143064553,0.0,0.0,1.0,inf,471.0,inf,214.0,0.0,214.0,0.0,0.0,0.0,0.0,0.0,0.0
279.0,471.0,1411.0,940.0,470.0,1.9957537154989384,434.3738455396999,868.7476910793997,0.5421597143064553,0.0,0.0,1.0,inf,471.0,inf,220.0,0.0,220.0,0.0,0.0,0.0,0.0,0.0,0.0
280.0,471.0,1411.0,940.0,470.0,1.9957537154989384,434.3738455396999,868.7476910793997,0.5421597143064553,0.0,0.0,1.0,inf,471.0,inf,220.0,0.0,220.0,0.0,0.0,0.0,0.0,0.0,0.0
281.0,472.0,1414.0,942.0,471.0,1.9957627118644068,435.3457283704821,870.6914567409641,0.5420978882309428,0.0,0.0,1.0,inf,472.0,inf,220.0,1.0,219.0,0.0,0.0,0.0,0.0,0.0,0.0
282.0,472.0,1414.0,942.0,471.0,1.9957627118644068,435.3457283704821,870.6914567409641,0.5420978882309428,0.0,0.0,1.0,inf,472.0,inf,215.0,0.0,215.0,0.0,0.0,0.0,0.0,0.0,0.0
283.0,473.0,1417.0,944.0,472.0,1.9957716701902748,436.3404086387187,872.6808172774373,0.5420080178634507,0.0,0.0,1.0,inf,473.0,inf,220.0,1.0,219.0,0.0,0.0,0.0,0.0,0.0,0.0
284.0,473.0,1417.0,944.0,472.0,1.9957716701902748,436.3404086387187,872.6808172774373,0.5420080178634507,0.0,0.0,1.0,inf,473.0,inf,219.0,0.0,219.0,0.0,0.0,0.0,0.0,0.0,0.0
285.0,473.0,1417.0,944.0,472.0,1.9957716701902748,436.3404086387187,872.6808172774373,0.5420080178634507,0.0,0.0,1.0,inf,473.0,inf,220.0,0.0,220.0,0.0,0.0,0.0,0.0,0.0,0.0
286.0,475.0,1423.0,948.0,474.0,1.9957894736842106,438.2060199753017,876.4120399506032,0.5419825131872585,0.0,0.0,1.0,inf,475.0,inf,220.0,2.0,218.0,0.0,0.0,0.0,0.0,0.0,0.0
287.0,475.0,1423.0,948.0,474.0,1.9957894736842106,438.2060199753017,876.4120399506032,0.5419825131872585,0.0,0.0,1.0,inf,475.0,inf,216.0,0.0,216.0,0.0,0.0,0.0,0.0,0.0,0.0
288.0,480.0,1438.0,958.0,479.0,1.9958333333333333,442.7802356566287,885.5604713132573,0.5420296135036106,0.0,0.0,1.0,inf,480.0,inf,220.0,5.0,215.0,0.0,0.0,0.0,0.0,0.0,0.0
289.0,480.0,1438.0,958.0,479.0,1.9958333333333333,442.7802356566287,885.5604713132573,0.5420296135036106,0.0,0.0,1.0,inf,480.0,inf,205.0,0.0,205.0,0.0,0.0,0.0,0.0,0.0,0.0
290.0,482.0,1444.0,962.0,481.0,1.995850622406639,444.6481798625743,889.2963597251485,0.5420015439498369,0.0,0.0,1.0,inf,482.0,inf,220.0,2.0,218.0,0.0,0.0,0.0,0.0,0.0,0.0
291.0,482.0,1444.0,962.0,481.0,1.995850622406639,444.6481798625743,889.2963597251485,0.5420015439498369,0.0,0.0,1.0,inf,482.0,inf,216.0,0.0,216.0,0.0,0.0,0.0,0.0,0.0,0.0
292.0,484.0,1450.0,966.0,483.0,1.9958677685950412,446.51366452296384,893.0273290459276,0.5419766946181648,0.0,0.0,1.0,inf,484.0,inf,220.0,2.0,218.0,0.0,0.0,0.0,0.0,0.0,0.0
293.0,484.0,1450.0,966.0,483.0,1.9958677685950412,446.51366452296384,893.0273290459276,0.5419766946181648,0.0,0.0,1.0,inf,484.0,inf,214.0,0.0,214.0,0.0,0.0,0.0,0.0,0.0,0.0
294.0,486.0,1456.0,970.0,485.0,1.9958847736625513,448.4333567221841,896.8667134443681,0.5418865397886641,0.0,0.0,1.0,inf,486.0,inf,220.0,2.0,218.0,0.0,0.0,0.0,0.0,0.0,0.0
295.0,486.0,1456.0,970.0,485.0,1.9958847736625513,448.4333567221841,896.8667134443681,0.5418865397886641,0.0,0.0,1.0,inf,486.0,inf,217.0,0.0,217.0,0.0,0.0,0.0,0.0,0.0,0.0
296.0,488.0,1462.0,974.0,487.0,1.9959016393442623,450.27653480722887,900.5530696144576,0.5418892194869995,0.0,0.0,1.0,inf,488.0,inf,220.0,2.0,218.0,0.0,0.0,0.0,0.0,0.0,0.0
297.0,488.0,1462.0,974.0,487.0,1.9959016393442623,450.27653480722887,900.5530696144576,0.5418892194869995,0.0,0.0,1.0,inf,488.0,inf,212.0,0.0,212.0,0.0,0.0,0.0,0.0,0.0,0.0
298.0,490.0,1468.0,978.0,489.0,1.9959183673469387,452.0289249854535,904.0578499709069,0.5420007137991982,0.0,0.0,1.0,inf,490.0,inf,220.0,2.0,218.0,0.0,0.0,0.0,0.0,0.0,0.0
299.0,490.0,1468.0,978.0,489.0,1.9959183673469387,452.0289249854535,904.0578499709069,0.5420007137991982,0.0,0.0,1.0,inf,490.0,inf,216.0,0.0,216.0,0.0,0.0,0.0,0.0,0.0,0.0
300.0,493.0,1477.0,984.0,492.0,1.9959432048681542,454.7889252905298,909.5778505810595,0.5420096802984595,0.0,0.0,1.0,inf,493.0,inf,220.0,3.0,217.0,0.0,0.0,0.0,0.0,0.0,0.0
301.0,493.0,1477.0,984.0,492.0,1.9959432048681542,454.7889252905298,909.5778505810595,0.5420096802984595,0.0,0.0,1.0,inf,493.0,inf,210.0,0.0,210.0,0.0,0.0,0.0,0.0,0.0,0.0
302.0,494.0,1480.0,986.0,493.0,1.9959514170040487,455.66341505613633,911.3268301122725,0.5420667796416581,0.0,0.0,1.0,inf,494.0,inf,220.0,1.0,219.0,0.0,0.0,0.0,0.0,0.0,0.0
303.0,494.0,1480.0,986.0,493.0,1.9959514170040487,455.66341505613633,911.3268301122725,0.5420667796416581,0.0,0.0,1.0,inf,494.0,inf,220.0,0.0,220.0,0.0,0.0,0.0,0.0,0.0,0.0
304.0,496.0,1486.0,990.0,495.0,1.9959677419354838,457.5015089540649,915.0030179081297,0.5420747148287555,0.0,0.0,1.0,inf,496.0,inf,220.0,2.0,218.0,0.0,0.0,0.0,0.0,0.0,0.0
305.0,496.0,1486.0,990.0,495.0,1.9959677419354838,457.5015089540649,915.0030179081297,0.5420747148287555,0.0,0.0,1.0,inf,496.0,inf,214.0,0.0,214.0,0.0,0.0,0.0,0.0,0.0,0.0
306.0,499.0,1495.0,996.0,498.0,1.9959919839679359,460.27512513337336,920.5502502667466,0.5420670950395217,0.0,0.0,1.0,inf,499.0,inf,220.0,3.0,217.0,0.0,0.0,0.0,0.0,0.0,0.0
307.0,499.0,1495.0,996.0,498.0,1.9959919839679359,460.27512513337336,920.5502502667466,0.5420670950395217,0.0,0.0,1.0,inf,499.0,inf,207.0,0.0,207.0,0.0,0.0,0.0,0.0,0.0,0.0
308.0,500.0,1498.0,998.0,499.0,1.996,461.2341085761961,922.4682171523921,0.5420240943839476,0.0,0.0,1.0,inf,500.0,inf,220.0,1.0,219.0,0.0,0.0,0.0,0.0,0.0,0.0
309.0,500.0,1498.0,998.0,499.0,1.996,461.2341085761961,922.4682171523921,0.5420240943839476,0.0,0.0,1.0,inf,500.0,inf,219.0,0.0,219.0,0.0,0.0,0.0,0.0,0.0,0.0
310.0,502.0,1504.0,1002.0,501.0,1.99601593625498,463.12545521425784,926.2509104285156,0.5419697776790929,0.0,0.0,1.0,inf,502.0,inf,220.0,2.0,218.0,0.0,0.0,0.0,0.0,0.0,0.0
311.0,502.0,1504.0,1002.0,501.0,1.99601593625498,463.12545521425784,926.2509104285156,0.5419697776790929,0.0,0.0,1.0,inf,502.0,inf,216.0,0.0,216.0,0.0,0.0,0.0,0.0,0.0,0.0
312.0,505.0,1513.0,1008.0,504.0,1.996039603960396,465.9877440971614,931.9754881943227,0.5418597445930943,0.0,0.0,1.0,inf,505.0,inf,220.0,3.0,217.0,0.0,0.0,0.0,0.0,0.0,0.0
313.0,505.0,1513.0,1008.0,504.0,1.996039603960396,465.9877440971614,931.9754881943227,0.5418597445930943,0.0,0.0,1.0,inf,505.0,inf,210.0,0.0,210.0,0.0,0.0,0.0,0.0,0.0,0.0
314.0,505.0,1513.0,1008.0,504.0,1.996039603960396,465.9877440971614,931.9754881943227,0.5418597445930943,0.0,0.0,1.0,inf,505.0,inf,220.0,0.0,220.0,0.0,0.0,0.0,0.0,0.0,0.0
315.0,507.0,1519.0,1012.0,506.0,1.9960552268244576,467.8414251614078,935.6828503228155,0.5418502645689,0.0,0.0,1.0,inf,507.0,inf,220.0,2.0,218.0,0.0,0.0,0.0,0.0,0.0,0.0
316.0,507.0,1519.0,1012.0,506.0,1.9960552268244576,467.8414251614078,935.6828503228155,0.5418502645689,0.0,0.0,1.0,inf,507.0,inf,214.0,0.0,214.0,0.0,0.0,0.0,0.0,0.0,0.0
317.0,510.0,1528.0,1018.0,509.0,1.996078431372549,470.59957718819373,941.1991543763874,0.5418619403009473,0.0,0.0,1.0,inf,510.0,inf,220.0,3.0,217.0,0.0,0.0,0.0,0.0,0.0,0.0
318.0,510.0,1528.0,1018.0,509.0,1.996078431372549,470.59957718819373,941.1991543763874,0.5418619403009473,0.0,0.0,1.0,inf,510.0,inf,216.0,0.0,216.0,0.0,0.0,0.0,0.0,0.0,0.0
319.0,511.0,1531.0,1020.0,510.0,1.9960861056751467,471.46588183101636,942.9317636620326,0.5419268071057934,0.0,0.0,1.0,inf,511.0,inf,220.0,1.0,219.0,0.0,0.0,0.0,0.0,0.0,0.0
320.0,511.0,1531.0,1020.0,510.0,1.9960861056751467,471.46588183101636,942.9317636620326,0.5419268071057934,0.0,0.0,1.0,inf,511.0,inf,217.0,0.0,217.0,0.0,0.0,0.0,0.0,0.0,0.0
321.0,511.0,1531.0,1020.0,510.0,1.9960861056751467,471.46588183101636,942.9317636620326,0.5419268071057934,0.0,0.0,1.0,inf,511.0,inf,220.0,0.0,220.0,0.0,0.0,0.0,0.0,0.0,0.0
322.0,513.0,1537.0,1024.0,512.0,1.996101364522417,473.31258321094214,946.6251664218842,0.5419251655215032,0.0,0.0,1.0,inf,513.0,inf,220.0,2.0,218.0,0.0,0.0,0.0,0.0,0.0,0.0
323.0,513.0,1537.0,1024.0,512.0,1.996101364522417,473.31258321094214,946.6251664218842,0.5419251655215032,0.0,0.0,1.0,inf,513.0,inf,215.0,0.0,215.0,0.0,0.0,0.0,0.0,0.0,0.0
324.0,513.0,1537.0,1024.0,512.0,1.996101364522417,473.31258321094214,946.6251664218842,0.5419251655215032,0.0,0.0,1.0,inf,513.0,inf,220.0,0.0,220.0,0.0,0.0,0.0,0.0,0.0,0.0
325.0,513.0,1537.0,1024.0,512.0,1.996101364522417,473.31258321094214,946.6251664218842,0.5419251655215032,0.0,0.0,1.0,inf,513.0,inf,220.0,0.0,220.0,0.0,0.0,0.0,0.0,0.0,0.0
326.0,513.0,1537.0,1024.0,512.0,1.996101364522417,473.31258321094214,946.6251664218842,0.5419251655215032,0.0,0.0,1.0,inf,513.0,inf,220.0,0.0,220.0,0.0,0.0,0.0,0.0,0.0,0.0
327.0,515.0,1543.0,1028.0,514.0,1.996116504854369,475.2762179846559,950.5524359693117,0.5417902058973069,0.0,0.0,1.0,inf,515.0,inf,220.0,2.0,218.0,0.0,0.0,0.0,0.0,0.0,0.0
328.0,515.0,1543.0,1028.0,514.0,1.996116504854369,475.2762179846559,950.5524359693117,0.5417902058973069,0.0,0.0,1.0,inf,515.0,inf,217.0,0.0,217.0,0.0,0.0,0.0,0.0,0.0,0.0
329.0,516.0,1546.0,1030.0,515.0,1.996124031007752,476.2171533303985,952.4343066607969,0.5417696489840637,0.0,0.0,1.0,inf,516.0,inf,220.0,1.0,219.0,0.0,0.0,0.0,0.0,0.0,0.0
330.0,516.0,1546.0,1030.0,515.0,1.996124031007752,476.2171533303985,952.4343066607969,0.5417696489840637,0.0,0.0,1.0,inf,516.0,inf,218.0,0.0,218.0,0.0,0.0,0.0,0.0,0.0,0.0
331.0,519.0,1555.0,1036.0,518.0,1.9961464354527938,478.9144252065522,957.8288504131043,0.5418504566616043,0.0,0.0,1.0,inf,519.0,inf,220.0,3.0,217.0,0.0,0.0,0.0,0.0,0.0,0.0
332.0,519.0,1555.0,1036.0,518.0,1.9961464354527938,478.9144252065522,957.8288504131043,0.5418504566616043,0.0,0.0,1.0,inf,519.0,inf,214.0,0.0,214.0,0.0,0.0,0.0,0.0,0.0,0.0
333.0,521.0,1561.0,1040.0,520.0,1.9961612284069097,480.73516444366464,961.4703288873292,0.5418783963962074,0.0,0.0,1.0,inf,521.0,inf,220.0,2.0,218.0,0.0,0.0,0.0,0.0,0.0,0.0
334.0,521.0,1561.0,1040.0,520.0,1.9961612284069097,480.73516444366464,961.4703288873292,0.5418783963962074,0.0,0.0,1.0,inf,521.0,inf,215.0,0.0,215.0,0.0,0.0,0.0,0.0,0.0,0.0
335.0,523.0,1567.0,1044.0,522.0,1.9961759082217974,482.57110687087754,965.142213741755,0.5418890527773974,0.0,0.0,1.0,inf,523.0,inf,220.0,2.0,218.0,0.0,0.0,0.0,0.0,0.0,0.0
336.0,523.0,1567.0,1044.0,522.0,1.9961759082217974,482.57110687087754,965.142213741755,0.5418890527773974,0.0,0.0,1.0,inf,523.0,inf,212.0,0.0,212.0,0.0,0.0,0.0,0.0,0.0,0.0
337.0,523.0,1567.0,1044.0,522.0,1.9961759082217974,482.57110687087754,965.142213741755,0.5418890527773974,0.0,0.0,1.0,inf,523.0,inf,220.0,0.0,220.0,0.0,0.0,0.0,0.0,0.0,0.0
338.0,524.0,1570.0,1046.0,523.0,1.9961832061068703,483.4301508365527,966.8603016731053,0.5419604043037481,0.0,0.0,1.0,inf,524.0,inf,220.0,1.0,219.0,0.0,0.0,0.0,0.0,0.0,0.0
339.0,524.0,1570.0,1046.0,523.0,1.9961832061068703,483.4301508365527,966.8603016731053,0.5419604043037481,0.0,0.0,1.0,inf,524.0,inf,218.0,0.0,218.0,0.0,0.0,0.0,0.0,0.0,0.0
340.0,525.0,1573.0,1048.0,524.0,1.9961904761904763,484.34484322916114,968.6896864583222,0.5419692264088001,0.0,0.0,1.0,inf,525.0,inf,220.0,1.0,219.0,0.0,0.0,0.0,0.0,0.0,0.0
341.0,525.0,1573.0,1048.0,524.0,1.9961904761904763,484.34484322916114,968.6896864583222,0.5419692264088001,0.0,0.0,1.0,inf,525.0,inf,217.0,0.0,217.0,0.0,0.0,0.0,0.0,0.0,0.0
342.0,526.0,1576.0,1050.0,525.0,1.9961977186311788,485.2564696684294,970.5129393368587,0.5419814395874106,0.0,0.0,1.0,inf,526.0,inf,220.0,1.0,219.0,0.0,0.0,0.0,0.0,0.0,0.0
343.0,526.0,1576.0,1050.0,525.0,1.9961977186311788,485.2564696684294,970.5129393368587,0.5419814395874106,0.0,0.0,1.0,inf,526.0,inf,215.0,0.0,215.0,0.0,0.0,0.0,0.0,0.0,0.0
344.0,527.0,1579.0,1052.0,526.0,1.9962049335863377,486.17696799630784,972.3539359926156,0.5419837165178115,0.0,0.0,1.0,inf,527.0,inf,220.0,1.0,219.0,0.0,0.0,0.0,0.0,0.0,0.0
345.0,527.0,1579.0,1052.0,526.0,1.9962049335863377,486.17696799630784,972.3539359926156,0.5419837165178115,0.0,0.0,1.0,inf,527.0,inf,218.0,0.0,218.0,0.0,0.0,0.0,0.0,0.0,0.0
346.0,530.0,1588.0,1058.0,529.0,1.9962264150943396,488.99169788596396,977.9833957719278,0.5419314911595897,0.0,0.0,1.0,inf,530.0,inf,220.0,3.0,217.0,0.0,0.0,0.0,0.0,0.0,0.0
347.0,530.0,1588.0,1058.0,529.0,1.9962264150943396,488.99169788596396,977.9833957719278,0.5419314911595897,0.0,0.0,1.0,inf,530.0,inf,205.0,0.0,205.0,0.0,0.0,0.0,0.0,0.0,0.0
348.0,532.0,1594.0,1062.0,531.0,1.9962406015037595,490.854480830614,981.7089616612279,0.5419121356494092,0.0,0.0,1.0,inf,532.0,inf,220.0,2.0,218.0,0.0,0.0,0.0,0.0,0.0,0.0
349.0,532.0,1594.0,1062.0,531.0,1.9962406015037595,490.854480830614,981.7089616612279,0.5419121356494092,0.0,0.0,1.0,inf,532.0,inf,215.0,0.0,215.0,0.0,0.0,0.0,0.0,0.0,0.0
350.0,537.0,1609.0,1072.0,536.0,1.9962756052141526,495.4467110999784,990.8934221999567,0.5419351748321893,0.0,0.0,1.0,inf,537.0,inf,220.0,5.0,215.0,0.0,0.0,0.0,0.0,0.0,0.0
351.0,537.0,1609.0,1072.0,536.0,1.9962756052141526,495.4467110999784,990.8934221999567,0.5419351748321893,0.0,0.0,1.0,inf,537.0,inf,209.0,0.0,209.0,0.0,0.0,0.0,0.0,0.0,0.0
352.0,540.0,1618.0,1078.0,539.0,1.9962962962962962,498.0443539330658,996.0887078661315,0.5421203912217956,0.0,0.0,1.0,inf,540.0,inf,220.0,3.0,217.0,0.0,0.0,0.0,0.0,0.0,0.0
353.0,540.0,1618.0,1078.0,539.0,1.9962962962962962,498.0443539330658,996.0887078661315,0.5421203912217956,0.0,0.0,1.0,inf,540.0,inf,212.0,0.0,212.0,0.0,0.0,0.0,0.0,0.0,0.0
354.0,540.0,1618.0,1078.0,539.0,1.9962962962962962,498.0443539330658,996.0887078661315,0.5421203912217956,0.0,0.0,1.0,inf,540.0,inf,220.0,0.0,220.0,0.0,0.0,0.0,0.0,0.0,0.0
355.0,541.0,1621.0,1080.0,540.0,1.9963031423290203,498.90173450862596,997.8034690172518,0.5421909391965105,0.0,0.0,1.0,inf,541.0,inf,220.0,1.0,219.0,0.0,0.0,0.0,0.0,0.0,0.0
356.0,541.0,1621.0,1080.0,540.0,1.9963031423290203,498.90173450862596,997.8034690172518,0.5421909391965105,0.0,0.0,1.0,inf,541.0,inf,218.0,0.0,218.0,0.0,0.0,0.0,0.0,0.0,0.0
357.0,542.0,1624.0,1082.0,541.0,1.996309963099631,499.8160478960096,999.6320957920191,0.5421994774693261,0.0,0.0,1.0,inf,542.0,inf,220.0,1.0,219.0,0.0,0.0,0.0,0.0,0.0,0.0
358.0,542.0,1624.0,1082.0,541.0,1.996309963099631,499.8160478960096,999.6320957920191,0.5421994774693261,0.0,0.0,1.0,inf,542.0,inf,218.0,0.0,218.0,0.0,0.0,0.0,0.0,0.0,0.0
359.0,545.0,1633.0,1088.0,544.0,1.996330275229358,502.58539674169856,1005.170793483397,0.5421964143141432,0.0,0.0,1.0,inf,545.0,inf,220.0,3.0,217.0,0.0,0.0,0.0,0.0,0.0,0.0
360.0,545.0,1633.0,1088.0,544.0,1.996330275229358,502.58539674169856,1005.170793483397,0.5421964143141432,0.0,0.0,1.0,inf,545.0,inf,211.0,0.0,211.0,0.0,0.0,0.0,0.0,0.0,0.0
361.0,547.0,1639.0,1092.0,546.0,1.9963436928702012,504.39001885506246,1008.7800377101248,0.5422391200778119,0.0,0.0,1.0,inf,547.0,inf,220.0,2.0,218.0,0.0,0.0,0.0,0.0,0.0,0.0
362.0,547.0,1639.0,1092.0,546.0,1.9963436928702012,504.39001885506246,1008.7800377101248,0.5422391200778119,0.0,0.0,1.0,inf,547.0,inf,215.0,0.0,215.0,0.0,0.0,0.0,0.0,0.0,0.0
363.0,547.0,1639.0,1092.0,546.0,1.9963436928702012,504.39001885506246,1008.7800377101248,0.5422391200778119,0.0,0.0,1.0,inf,547.0,inf,220.0,0.0,220.0,0.0,0.0,0.0,0.0,0.0,0.0
364.0,550.0,1648.0,1098.0,549.0,1.9963636363636363,507.1664984568818,1014.3329969137635,0.542228244248629,0.0,0.0,1.0,inf,550.0,inf,220.0,3.0,217.0,0.0,0.0,0.0,0.0,0.0,0.0
365.0,550.0,1648.0,1098.0,549.0,1.9963636363636363,507.1664984568818,1014.3329969137635,0.542228244248629,0.0,0.0,1.0,inf,550.0,inf,208.0,0.0,208.0,0.0,0.0,0.0,0.0,0.0,0.0
366.0,551.0,1651.0,1100.0,550.0,1.9963702359346642,508.1569851099191,1016.3139702198381,0.5421552946682545,0.0,0.0,1.0,inf,551.0,inf,220.0,1.0,219.0,0.0,0.0,0.0,0.0,0.0,0.0
367.0,551.0,1651.0,1100.0,550.0,1.9963702359346642,508.1569851099191,1016.3139702198381,0.5421552946682545,0.0,0.0,1.0,inf,551.0,inf,219.0,0.0,219.0,0.0,0.0,0.0,0.0,0.0,0.0
368.0,552.0,1654.0,1102.0,551.0,1.9963768115942029,509.1215687721111,1018.2431375442221,0.5421102088950015,0.0,0.0,1.0,inf,552.0,inf,220.0,1.0,219.0,0.0,0.0,0.0,0.0,0.0,0.0
369.0,552.0,1654.0,1102.0,551.0,1.9963768115942029,509.1215687721111,1018.2431375442221,0.5421102088950015,0.0,0.0,1.0,inf,552.0,inf,218.0,0.0,218.0,0.0,0.0,0.0,0.0,0.0,0.0
370.0,552.0,1654.0,1102.0,551.0,1.9963768115942029,509.1215687721111,1018.2431375442221,0.5421102088950015,0.0,0.0,1.0,inf,552.0,inf,220.0,0.0,220.0,0.0,0.0,0.0,0.0,0.0,0.0
371.0,553.0,1657.0,1104.0,552.0,1.996383363471971,510.06448993050594,1020.1289798610118,0.5420883152200459,0.0,0.0,1.0,inf,553.0,inf,220.0,1.0,219.0,0.0,0.0,0.0,0.0,0.0,0.0
372.0,553.0,1657.0,1104.0,552.0,1.996383363471971,510.06448993050594,1020.1289798610118,0.5420883152200459,0.0,0.0,1.0,inf,553.0,inf,217.0,0.0,217.0,0.0,0.0,0.0,0.0,0.0,0.0
373.0,554.0,1660.0,1106.0,553.0,1.9963898916967509,510.9270197349991,1021.854039469998,0.5421517933102672,0.0,0.0,1.0,inf,554.0,inf,220.0,1.0,219.0,0.0,0.0,0.0,0.0,0.0,0.0
374.0,554.0,1660.0,1106.0,553.0,1.9963898916967509,510.9270197349991,1021.854039469998,0.5421517933102672,0.0,0.0,1.0,inf,554.0,inf,216.0,0.0,216.0,0.0,0.0,0.0,0.0,0.0,0.0
375.0,556.0,1666.0,1110.0,555.0,1.9964028776978417,512.8746594704969,1025.7493189409936,0.5420427678899429,0.0,0.0,1.0,inf,556.0,inf,220.0,2.0,218.0,0.0,0.0,0.0,0.0,0.0,0.0
376.0,556.0,1666.0,1110.0,555.0,1.9964028776978417,512.8746594704969,1025.7493189409936,0.5420427678899429,0.0,0.0,1.0,inf,556.0,inf,217.0,0.0,217.0,0.0,0.0,0.0,0.0,0.0,0.0
377.0,556.0,1666.0,1110.0,555.0,1.9964028776978417,512.8746594704969,1025.7493189409936,0.5420427678899429,0.0,0.0,1.0,inf,556.0,inf,220.0,0.0,220.0,0.0,0.0,0.0,0.0,0.0,0.0
378.0,556.0,1666.0,1110.0,555.0,1.9964028776978417,512.8746594704969,1025.7493189409936,0.5420427678899429,0.0,0.0,1.0,inf,556.0,inf,220.0,0.0,220.0,0.0,0.0,0.0,0.0,0.0,0.0
379.0,558.0,1672.0,1114.0,557.0,1.996415770609319,514.7408478559555,1029.4816957119108,0.5420203218029339,0.0,0.0,1.0,inf,558.0,inf,220.0,2.0,218.0,0.0,0.0,0.0,0.0,0.0,0.0
380.0,558.0,1672.0,1114.0,557.0,1.996415770609319,514.7408478559555,1029.4816957119108,0.5420203218029339,0.0,0.0,1.0,inf,558.0,inf,213.0,0.0,213.0,0.0,0.0,0.0,0.0,0.0,0.0
381.0,559.0,1675.0,1116.0,558.0,1.996422182468694,515.625783562568,1031.2515671251358,0.5420597823267782,0.0,0.0,1.0,inf,559.0,inf,220.0,1.0,219.0,0.0,0.0,0.0,0.0,0.0,0.0
382.0,559.0,1675.0,1116.0,558.0,1.996422182468694,515.625783562568,1031.2515671251358,0.5420597823267782,0.0,0.0,1.0,inf,559.0,inf,219.0,0.0,219.0,0.0,0.0,0.0,0.0,0.0,0.0
383.0,560.0,1678.0,1118.0,559.0,1.9964285714285714,516.6126708550578,1033.2253417101153,0.5419921263962912,0.0,0.0,1.0,inf,560.0,inf,220.0,1.0,219.0,0.0,0.0,0.0,0.0,0.0,0.0
384.0,560.0,1678.0,1118.0,559.0,1.9964285714285714,516.6126708550578,1033.2253417101153,0.5419921263962912,0.0,0.0,1.0,inf,560.0,inf,219.0,0.0,219.0,0.0,0.0,0.0,0.0,0.0,0.0
385.0,562.0,1684.0,1122.0,561.0,1.99644128113879,518.508364307923,1037.0167286158458,0.5419391842888855,0.0,0.0,1.0,inf,562.0,inf,220.0,2.0,218.0,0.0,0.0,0.0,0.0,0.0,0.0
386.0,562.0,1684.0,1122.0,561.0,1.99644128113879,518.508364307923,1037.0167286158458,0.5419391842888855,0.0,0.0,1.0,inf,562.0,inf,210.0,0.0,210.0,0.0,0.0,0.0,0.0,0.0,0.0
387.0,568.0,1702.0,1134.0,567.0,1.9964788732394365,524.1968841298695,1048.3937682597389,0.5417811677217814,0.0,0.0,1.0,inf,568.0,inf,220.0,6.0,214.0,0.0,0.0,0.0,0.0,0.0,0.0
388.0,568.0,1702.0,1134.0,567.0,1.9964788732394365,524.1968841298695,1048.3937682597389,0.5417811677217814,0.0,0.0,1.0,inf,568.0,inf,205.0,0.0,205.0,0.0,0.0,0.0,0.0,0.0,0.0
389.0,568.0,1702.0,1134.0,567.0,1.9964788732394365,524.1968841298695,1048.3937682597389,0.5417811677217814,0.0,0.0,1.0,inf,568.0,inf,220.0,0.0,220.0,0.0,0.0,0.0,0.0,0.0,0.0
390.0,568.0,1702.0,1134.0,567.0,1.9964788732394365,524.1968841298695,1048.3937682597389,0.5417811677217814,0.0,0.0,1.0,inf,568.0,inf,220.0,0.0,220.0,0.0,0.0,0.0,0.0,0.0,0.0
391.0,569.0,1705.0,1136.0,568.0,1.9964850615114236,525.1376762473292,1050.2753524946581,0.5417626898017622,0.0,0.0,1.0,inf,569.0,inf,220.0,1.0,219.0,0.0,0.0,0.0,0.0,0.0,0.0
392.0,569.0,1705.0,1136.0,568.0,1.9964850615114236,525.1376762473292,1050.2753524946581,0.5417626898017622,0.0,0.0,1.0,inf,569.0,inf,219.0,0.0,219.0,0.0,0.0,0.0,0.0,0.0,0.0
393.0,571.0,1711.0,1140.0,570.0,1.9964973730297724,526.9353646237104,1053.8707292474205,0.5418121826077822,0.0,0.0,1.0,inf,571.0,inf,220.0,2.0,218.0,0.0,0.0,0.0,0.0,0.0,0.0
394.0,571.0,1711.0,1140.0,570.0,1.9964973730297724,526.9353646237104,1053.8707292474205,0.5418121826077822,0.0,0.0,1.0,inf,571.0,inf,216.0,0.0,216.0,0.0,0.0,0.0,0.0,0.0,0.0
395.0,572.0,1714.0,1142.0,571.0,1.9965034965034965,527.8883170205106,1055.776634041021,0.5417812646702083,0.0,0.0,1.0,inf,572.0,inf,220.0,1.0,219.0,0.0,0.0,0.0,0.0,0.0,0.0
396.0,572.0,1714.0,1142.0,571.0,1.9965034965034965,527.8883170205106,1055.776634041021,0.5417812646702083,0.0,0.0,1.0,inf,572.0,inf,217.0,0.0,217.0,0.0,0.0,0.0,0.0,0.0,0.0
397.0,572.0,1714.0,1142.0,571.0,1.9965034965034965,527.8883170205106,1055.776634041021,0.5417812646702083,0.0,0.0,1.0,inf,572.0,inf,220.0,0.0,220.0,0.0,0.0,0.0,0.0,0.0,0.0
398.0,574.0,1720.0,1146.0,573.0,1.9965156794425087,529.7276614355848,1059.4553228711693,0.5417878296599006,0.0,0.0,1.0,inf,574.0,inf,220.0,2.0,218.0,0.0,0.0,0.0,0.0,0.0,0.0
399.0,574.0,1720.0,1146.0,573.0,1.9965156794425087,529.7276614355848,1059.4553228711693,0.5417878296599006,0.0,0.0,1.0,inf,574.0,inf,219.0,0.0,219.0,0.0,0.0,0.0,0.0,0.0,0.0
400.0,574.0,1720.0,1146.0,573.0,1.9965156794425087,529.7276614355848,1059.4553228711693,0.5417878296599006,0.0,0.0,1.0,inf,574.0,inf,220.0,0.0,220.0,0.0,0.0,0.0,0.0,0.0,0.0
401.0,575.0,1723.0,1148.0,574.0,1.9965217391304348,530.638083520329,1061.2761670406578,0.5418005396308608,0.0,0.0,1.0,inf,575.0,inf,220.0,1.0,219.0,0.0,0.0,0.0,0.0,0.0,0.0
402.0,575.0,1723.0,1148.0,574.0,1.9965217391304348,530.638083520329,1061.2761670406578,0.5418005396308608,0.0,0.0,1.0,inf,575.0,inf,217.0,0.0,217.0,0.0,0.0,0.0,0.0,0.0,0.0
403.0,575.0,1723.0,1148.0,574.0,1.9965217391304348,530.638083520329,1061.2761670406578,0.5418005396308608,0.0,0.0,1.0,inf,575.0,inf,220.0,0.0,220.0,0.0,0.0,0.0,0.0,0.0,0.0
404.0,576.0,1726.0,1150.0,575.0,1.9965277777777777,531.5062224994823,1063.0124449989644,0.5418563091239832,0.0,0.0,1.0,inf,576.0,inf,220.0,1.0,219.0,0.0,0.0,0.0,0.0,0.0,0.0
405.0,576.0,1726.0,1150.0,575.0,1.9965277777777777,531.5062224994823,1063.0124449989644,0.5418563091239832,0.0,0.0,1.0,inf,576.0,inf,216.0,0.0,216.0,0.0,0.0,0.0,0.0,0.0,0.0
406.0,576.0,1726.0,1150.0,575.0,1.9965277777777777,531.5062224994823,1063.0124449989644,0.5418563091239832,0.0,0.0,1.0,inf,576.0,inf,220.0,0.0,220.0,0.0,0.0,0.0,0.0,0.0,0.0
407.0,578.0,1732.0,1154.0,577.0,1.9965397923875432,533.3038636159075,1066.6077272318148,0.5419049433479103,0.0,0.0,1.0,inf,578.0,inf,220.0,2.0,218.0,0.0,0.0,0.0,0.0,0.0,0.0
408.0,578.0,1732.0,1154.0,577.0,1.9965397923875432,533.3038636159075,1066.6077272318148,0.5419049433479103,0.0,0.0,1.0,inf,578.0,inf,214.0,0.0,214.0,0.0,0.0,0.0,0.0,0.0,0.0
409.0,580.0,1738.0,1158.0,579.0,1.9965517241379311,535.200645277353,1070.4012905547058,0.5418528594069904,0.0,0.0,1.0,inf,580.0,inf,220.0,2.0,218.0,0.0,0.0,0.0,0.0,0.0,0.0
410.0,580.0,1738.0,1158.0,579.0,1.9965517241379311,535.200645277353,1070.4012905547058,0.5418528594069904,0.0,0.0,1.0,inf,580.0,inf,212.0,0.0,212.0,0.0,0.0,0.0,0.0,0.0,0.0
411.0,583.0,1747.0,1164.0,582.0,1.9965694682675814,538.0165293699832,1076.0330587399662,0.5418049150671007,0.0,0.0,1.0,inf,583.0,inf,220.0,3.0,217.0,0.0,0.0,0.0,0.0,0.0,0.0
412.0,583.0,1747.0,1164.0,582.0,1.9965694682675814,538.0165293699832,1076.0330587399662,0.5418049150671007,0.0,0.0,1.0,inf,583.0,inf,215.0,0.0,215.0,0.0,0.0,0.0,0.0,0.0,0.0
413.0,586.0,1756.0,1170.0,585.0,1.9965870307167235,540.8400993590902,1081.6801987181802,0.5417497710454768,0.0,0.0,1.0,inf,586.0,inf,220.0,3.0,217.0,0.0,0.0,0.0,0.0,0.0,0.0
414.0,586.0,1756.0,1170.0,585.0,1.9965870307167235,540.8400993590902,1081.6801987181802,0.5417497710454768,0.0,0.0,1.0,inf,586.0,inf,212.0,0.0,212.0,0.0,0.0,0.0,0.0,0.0,0.0
415.0,588.0,1762.0,1174.0,587.0,1.9965986394557824,542.7396929357637,1085.4793858715273,0.54169614610221,0.0,0.0,1.0,inf,588.0,inf,220.0,2.0,218.0,0.0,0.0,0.0,0.0,0.0,0.0
416.0,588.0,1762.0,1174.0,587.0,1.9965986394557824,542.7396929357637,1085.4793858715273,0.54169614610221,0.0,0.0,1.0,inf,588.0,inf,217.0,0.0,217.0,0.0,0.0,0.0,0.0,0.0,0.0
417.0,590.0,1768.0,1178.0,589.0,1.9966101694915255,544.6532281685019,1089.3064563370035,0.5416290306255829,0.0,0.0,1.0,inf,590.0,inf,220.0,2.0,218.0,0.0,0.0,0.0,0.0,0.0,0.0
418.0,590.0,1768.0,1178.0,589.0,1.9966101694915255,544.6532281685019,1089.3064563370035,0.5416290306255829,0.0,0.0,1.0,inf,590.0,inf,217.0,0.0,217.0,0.0,0.0,0.0,0.0,0.0,0.0
419.0,592.0,1774.0,1182.0,591.0,1.9966216216216217,546.510910989119,1093.0218219782378,0.5416177317746057,0.0,0.0,1.0,inf,592.0,inf,220.0,2.0,218.0,0.0,0.0,0.0,0.0,0.0,0.0
420.0,592.0,1774.0,1182.0,591.0,1.9966216216216217,546.510910989119,1093.0218219782378,0.5416177317746057,0.0,0.0,1.0,inf,592.0,inf,218.0,0.0,218.0,0.0,0.0,0.0,0.0,0.0,0.0
421.0,593.0,1777.0,1184.0,592.0,1.9966273187183812,547.4425691262207,1094.8851382524413,0.5416093243776183,0.0,0.0,1.0,inf,593.0,inf,220.0,1.0,219.0,0.0,0.0,0.0,0.0,0.0,0.0
422.0,593.0,1777.0,1184.0,592.0,1.9966273187183812,547.4425691262207,1094.8851382524413,0.5416093243776183,0.0,0.0,1.0,inf,593.0,inf,218.0,0.0,218.0,0.0,0.0,0.0,0.0,0.0,0.0
423.0,597.0,1789.0,1192.0,596.0,1.996649916247906,551.1348372460819,1102.2696744921636,0.5416097474286854,0.0,0.0,1.0,inf,597.0,inf,220.0,4.0,216.0,0.0,0.0,0.0,0.0,0.0,0.0
424.0,597.0,1789.0,1192.0,596.0,1.996649916247906,551.1348372460819,1102.2696744921636,0.5416097474286854,0.0,0.0,1.0,inf,597.0,inf,213.0,0.0,213.0,0.0,0.0,0.0,0.0,0.0,0.0
425.0,598.0,1792.0,1194.0,597.0,1.9966555183946488,552.0336898433005,1104.0673796866008,0.541633609508278,0.0,0.0,1.0,inf,598.0,inf,220.0,1.0,219.0,0.0,0.0,0.0,0.0,0.0,0.0
426.0,598.0,1792.0,1194.0,597.0,1.9966555183946488,552.0336898433005,1104.0673796866008,0.541633609508278,0.0,0.0,1.0,inf,598.0,inf,219.0,0.0,219.0,0.0,0.0,0.0,0.0,0.0,0.0
427.0,601.0,1801.0,1200.0,600.0,1.9966722129783694,554.7350141950045,1109.4700283900088,0.5417000771730016,0.0,0.0,1.0,inf,601.0,inf,220.0,3.0,217.0,0.0,0.0,0.0,0.0,0.0,0.0
428.0,601.0,1801.0,1200.0,600.0,1.9966722129783694,554.7350141950045,1109.4700283900088,0.5417000771730016,0.0,0.0,1.0,inf,601.0,inf,208.0,0.0,208.0,0.0,0.0,0.0,0.0,0.0,0.0
429.0,605.0,1813.0,1208.0,604.0,1.9966942148760332,558.4959316083825,1116.9918632167648,0.5416333098951079,0.0,0.0,1.0,inf,605.0,inf,220.0,4.0,216.0,0.0,0.0,0.0,0.0,0.0,0.0
430.0,605.0,1813.0,1208.0,604.0,1.9966942148760332,558.4959316083825,1116.9918632167648,0.5416333098951079,0.0,0.0,1.0,inf,605.0,inf,207.0,0.0,207.0,0.0,0.0,0.0,0.0,0.0,0.0
431.0,606.0,1816.0,1210.0,605.0,1.9966996699669968,559.4513100510841,1118.902620102168,0.5416020921862401,0.0,0.0,1.0,inf,606.0,inf,220.0,1.0,219.0,0.0,0.0,0.0,0.0,0.0,0.0
432.0,606.0,1816.0,1210.0,605.0,1.9966996699669968,559.4513100510841,1118.902620102168,0.5416020921862401,0.0,0.0,1.0,inf,606.0,inf,219.0,0.0,219.0,0.0,0.0,0.0,0.0,0.0,0.0
433.0,610.0,1828.0,1218.0,609.0,1.9967213114754099,563.2158204684358,1126.4316409368714,0.5415330836167325,0.0,0.0,1.0,inf,610.0,inf,220.0,4.0,216.0,0.0,0.0,0.0,0.0,0.0,0.0
434.0,610.0,1828.0,1218.0,609.0,1.9967213114754099,563.2158204684358,1126.4316409368714,0.5415330836167325,0.0,0.0,1.0,inf,610.0,inf,208.0,0.0,208.0,0.0,0.0,0.0,0.0,0.0,0.0
435.0,611.0,1831.0,1220.0,610.0,1.9967266775777415,564.1988263647701,1128.39765272954,0.5414757807427375,0.0,0.0,1.0,inf,611.0,inf,220.0,1.0,219.0,0.0,0.0,0.0,0.0,0.0,0.0
436.0,611.0,1831.0,1220.0,610.0,1.9967266775777415,564.1988263647701,1128.39765272954,0.5414757807427375,0.0,0.0,1.0,inf,611.0,inf,216.0,0.0,216.0,0.0,0.0,0.0,0.0,0.0,0.0
437.0,613.0,1837.0,1224.0,612.0,1.99673735725938,566.1544577958647,1132.3089155917291,0.5413716977399711,0.0,0.0,1.0,inf,613.0,inf,220.0,2.0,218.0,0.0,0.0,0.0,0.0,0.0,0.0
438.0,613.0,1837.0,1224.0,612.0,1.99673735725938,566.1544577958647,1132.3089155917291,0.5413716977399711,0.0,0.0,1.0,inf,613.0,inf,215.0,0.0,215.0,0.0,0.0,0.0,0.0,0.0,0.0
439.0,614.0,1840.0,1226.0,613.0,1.996742671009772,567.1519394072594,1134.3038788145186,0.5413011552439567,0.0,0.0,1.0,inf,614.0,inf,220.0,1.0,219.0,0.0,0.0,0.0,0.0,0.0,0.0
440.0,614.0,1840.0,1226.0,613.0,1.996742671009772,567.1519394072594,1134.3038788145186,0.5413011552439567,0.0,0.0,1.0,inf,614.0,inf,216.0,0.0,216.0,0.0,0.0,0.0,0.0,0.0,0.0
441.0,614.0,1840.0,1226.0,613.0,1.996742671009772,567.1519394072594,1134.3038788145186,0.5413011552439567,0.0,0.0,1.0,inf,614.0,inf,220.0,0.0,220.0,0.0,0.0,0.0,0.0,0.0,0.0
442.0,617.0,1849.0,1232.0,616.0,1.9967585089141004,569.9092175287501,1139.8184350575,0.5413142839445955,0.0,0.0,1.0,inf,617.0,inf,220.0,3.0,217.0,0.0,0.0,0.0,0.0,0.0,0.0
443.0,617.0,1849.0,1232.0,616.0,1.9967585089141004,569.9092175287501,1139.8184350575,0.5413142839445955,0.0,0.0,1.0,inf,617.0,inf,210.0,0.0,210.0,0.0,0.0,0.0,0.0,0.0,0.0
444.0,617.0,1849.0,1232.0,616.0,1.9967585089141004,569.9092175287501,1139.8184350575,0.5413142839445955,0.0,0.0,1.0,inf,617.0,inf,220.0,0.0,220.0,0.0,0.0,0.0,0.0,0.0,0.0
445.0,618.0,1852.0,1234.0,617.0,1.9967637540453074,570.8633236929253,1141.7266473858504,0.5412854306370103,0.0,0.0,1.0,inf,618.0,inf,220.0,1.0,219.0,0.0,0.0,0.0,0.0,0.0,0.0
446.0,618.0,1852.0,1234.0,617.0,1.9967637540453074,570.8633236929253,1141.7266473858504,0.5412854306370103,0.0,0.0,1.0,inf,618.0,inf,217.0,0.0,217.0,0.0,0.0,0.0,0.0,0.0,0.0
447.0,619.0,1855.0,1236.0,618.0,1.9967689822294024,571.7984432587378,1143.5968865174755,0.5412746460730601,0.0,0.0,1.0,inf,619.0,inf,220.0,1.0,219.0,0.0,0.0,0.0,0.0,0.0,0.0
448.0,619.0,1855.0,1236.0,618.0,1.9967689822294024,571.7984432587378,1143.5968865174755,0.5412746460730601,0.0,0.0,1.0,inf,619.0,inf,218.0,0.0,218.0,0.0,0.0,0.0,0.0,0.0,0.0
449.0,621.0,1861.0,1240.0,620.0,1.996779388083736,573.6842331436778,1147.3684662873554,0.5412385107718937,0.0,0.0,1.0,inf,621.0,inf,220.0,2.0,218.0,0.0,0.0,0.0,0.0,0.0,0.0
450.0,621.0,1861.0,1240.0,620.0,1.996779388083736,573.6842331436778,1147.3684662873554,0.5412385107718937,0.0,0.0,1.0,inf,621.0,inf,214.0,0.0,214.0,0.0,0.0,0.0,0.0,0.0,0.0
451.0,623.0,1867.0,1244.0,622.0,1.9967897271268058,575.44695510286,1150.8939102057197,0.5413183565187517,0.0,0.0,1.0,inf,623.0,inf,220.0,2.0,218.0,0.0,0.0,0.0,0.0,0.0,0.0
452.0,623.0,1867.0,1244.0,622.0,1.9967897271268058,575.44695510286,1150.8939102057197,0.5413183565187517,0.0,0.0,1.0,inf,623.0,inf,215.0,0.0,215.0,0.0,0.0,0.0,0.0,0.0,0.0
453.0,623.0,1867.0,1244.0,622.0,1.9967897271268058,575.44695510286,1150.8939102057197,0.5413183565187517,0.0,0.0,1.0,inf,623.0,inf,220.0,0.0,220.0,0.0,0.0,0.0,0.0,0.0,0.0
454.0,623.0,1867.0,1244.0,622.0,1.9967897271268058,575.44695510286,1150.8939102057197,0.5413183565187517,0.0,0.0,1.0,inf,623.0,inf,220.0,0.0,220.0,0.0,0.0,0.0,0.0,0.0,0.0
455.0,623.0,1867.0,1244.0,622.0,1.9967897271268058,575.44695510286,1150.8939102057197,0.5413183565187517,0.0,0.0,1.0,inf,623.0,inf,220.0,0.0,220.0,0.0,0.0,0.0,0.0,0.0,0.0
456.0,625.0,1873.0,1248.0,624.0,1.9968,577.2667047159637,1154.533409431927,0.5413442303999872,0.0,0.0,1.0,inf,625.0,inf,220.0,2.0,218.0,0.0,0.0,0.0,0.0,0.0,0.0
457.0,625.0,1873.0,1248.0,624.0,1.9968,577.2667047159637,1154.533409431927,0.5413442303999872,0.0,0.0,1.0,inf,625.0,inf,215.0,0.0,215.0,0.0,0.0,0.0,0.0,0.0,0.0
458.0,625.0,1873.0,1248.0,624.0,1.9968,577.2667047159637,1154.533409431927,0.5413442303999872,0.0,0.0,1.0,inf,625.0,inf,220.0,0.0,220.0,0.0,0.0,0.0,0.0,0.0,0.0
459.0,626.0,1876.0,1250.0,625.0,1.9968051118210863,578.1696386826552,1156.3392773653102,0.5413636051750531,0.0,0.0,1.0,inf,626.0,inf,220.0,1.0,219.0,0.0,0.0,0.0,0.0,0.0,0.0
460.0,626.0,1876.0,1250.0,625.0,1.9968051118210863,578.1696386826552,1156.3392773653102,0.5413636051750531,0.0,0.0,1.0,inf,626.0,inf,215.0,0.0,215.0,0.0,0.0,0.0,0.0,0.0,0.0
461.0,626.0,1876.0,1250.0,625.0,1.9968051118210863,578.1696386826552,1156.3392773653102,0.5413636051750531,0.0,0.0,1.0,inf,626.0,inf,220.0,0.0,220.0,0.0,0.0,0.0,0.0,0.0,0.0
462.0,628.0,1882.0,1254.0,627.0,1.9968152866242037,580.1043025269378,1160.2086050538753,0.5412819705563537,0.0,0.0,1.0,inf,628.0,inf,220.0,2.0,218.0,0.0,0.0,0.0,0.0,0.0,0.0
463.0,628.0,1882.0,1254.0,627.0,1.9968152866242037,580.1043025269378,1160.2086050538753,0.5412819705563537,0.0,0.0,1.0,inf,628.0,inf,213.0,0.0,213.0,0.0,0.0,0.0,0.0,0.0,0.0
464.0,629.0,1885.0,1256.0,628.0,1.9968203497615262,581.0556924688211,1162.111384937642,0.5412562067221738,0.0,0.0,1.0,inf,629.0,inf,220.0,1.0,219.0,0.0,0.0,0.0,0.0,0.0,0.0
465.0,629.0,1885.0,1256.0,628.0,1.9968203497615262,581.0556924688211,1162.111384937642,0.5412562067221738,0.0,0.0,1.0,inf,629.0,inf,220.0,0.0,220.0,0.0,0.0,0.0,0.0,0.0,0.0
466.0,629.0,1885.0,1256.0,628.0,1.9968203497615262,581.0556924688211,1162.111384937642,0.5412562067221738,0.0,0.0,1.0,inf,629.0,inf,220.0,0.0,220.0,0.0,0.0,0.0,0.0,0.0,0.0
467.0,630.0,1888.0,1258.0,629.0,1.9968253968253968,581.9442733613554,1163.8885467227105,0.5412889419471998,0.0,0.0,1.0,inf,630.0,inf,220.0,1.0,219.0,0.0,0.0,0.0,0.0,0.0,0.0
468.0,630.0,1888.0,1258.0,629.0,1.9968253968253968,581.9442733613554,1163.8885467227105,0.5412889419471998,0.0,0.0,1.0,inf,630.0,inf,219.0,0.0,219.0,0.0,0.0,0.0,0.0,0.0,0.0
469.0,631.0,1891.0,1260.0,630.0,1.9968304278922346,582.9121711626923,1165.8243423253844,0.5412479196835009,0.0,0.0,1.0,inf,631.0,inf,220.0,1.0,219.0,0.0,0.0,0.0,0.0,0.0,0.0
470.0,631.0,1891.0,1260.0,630.0,1.9968304278922346,582.9121711626923,1165.8243423253844,0.5412479196835009,0.0,0.0,1.0,inf,631.0,inf,217.0,0.0,217.0,0.0,0.0,0.0,0.0,0.0,0.0
471.0,631.0,1891.0,1260.0,630.0,1.9968304278922346,582.9121711626923,1165.8243423253844,0.5412479196835009,0.0,0.0,1.0,inf,631.0,inf,220.0,0.0,220.0,0.0,0.0,0.0,0.0,0.0,0.0
472.0,631.0,1891.0,1260.0,630.0,1.9968304278922346,582.9121711626923,1165.8243423253844,0.5412479196835009,0.0,0.0,1.0,inf,631.0,inf,220.0,0.0,220.0,0.0,0.0,0.0,0.0,0.0,0.0
473.0,632.0,1894.0,1262.0,631.0,1.9968354430379747,583.8949882287995,1167.7899764575989,0.5411932048921361,0.0,0.0,1.0,inf,632.0,inf,220.0,1.0,219.0,0.0,0.0,0.0,0.0,0.0,0.0
474.0,632.0,1894.0,1262.0,631.0,1.9968354430379747,583.8949882287995,1167.7899764575989,0.5411932048921361,0.0,0.0,1.0,inf,632.0,inf,219.0,0.0,219.0,0.0,0.0,0.0,0.0,0.0,0.0
475.0,633.0,1897.0,1264.0,632.0,1.9968404423380726,584.7560733327666,1169.512146665533,0.5412513258667596,0.0,0.0,1.0,inf,633.0,inf,220.0,1.0,219.0,0.0,0.0,0.0,0.0,0.0,0.0
476.0,633.0,1897.0,1264.0,632.0,1.9968404423380726,584.7560733327666,1169.512146665533,0.5412513258667596,0.0,0.0,1.0,inf,633.0,inf,220.0,0.0,220.0,0.0,0.0,0.0,0.0,0.0,0.0
477.0,638.0,1912.0,1274.0,637.0,1.9968652037617556,589.3450989507419,1178.6901979014835,0.5412787865173414,0.0,0.0,1.0,inf,638.0,inf,220.0,5.0,215.0,0.0,0.0,0.0,0.0,0.0,0.0
478.0,638.0,1912.0,1274.0,637.0,1.9968652037617556,589.3450989507419,1178.6901979014835,0.5412787865173414,0.0,0.0,1.0,inf,638.0,inf,211.0,0.0,211.0,0.0,0.0,0.0,0.0,0.0,0.0
479.0,640.0,1918.0,1278.0,639.0,1.996875,591.2859510880419,1182.5719021760835,0.5411933082650773,0.0,0.0,1.0,inf,640.0,inf,220.0,2.0,218.0,0.0,0.0,0.0,0.0,0.0,0.0
480.0,640.0,1918.0,1278.0,639.0,1.996875,591.2859510880419,1182.5719021760835,0.5411933082650773,0.0,0.0,1.0,inf,640.0,inf,213.0,0.0,213.0,0.0,0.0,0.0,0.0,0.0,0.0
481.0,640.0,1918.0,1278.0,639.0,1.996875,591.2859510880419,1182.5719021760835,0.5411933082650773,0.0,0.0,1.0,inf,640.0,inf,220.0,0.0,220.0,0.0,0.0,0.0,0.0,0.0,0.0
482.0,643.0,1927.0,1284.0,642.0,1.9968895800933126,594.0839267198427,1188.1678534396851,0.5411693290123512,0.0,0.0,1.0,inf,643.0,inf,220.0,3.0,217.0,0.0,0.0,0.0,0.0,0.0,0.0
483.0,643.0,1927.0,1284.0,642.0,1.9968895800933126,594.0839267198427,1188.1678534396851,0.5411693290123512,0.0,0.0,1.0,inf,643.0,inf,213.0,0.0,213.0,0.0,0.0,0.0,0.0,0.0,0.0
484.0,644.0,1930.0,1286.0,643.0,1.9968944099378882,595.0780267367526,1190.156053473505,0.5411055114331161,0.0,0.0,1.0,inf,644.0,inf,220.0,1.0,219.0,0.0,0.0,0.0,0.0,0.0,0.0
485.0,644.0,1930.0,1286.0,643.0,1.9968944099378882,595.0780267367526,1190.156053473505,0.5411055114331161,0.0,0.0,1.0,inf,644.0,inf,217.0,0.0,217.0,0.0,0.0,0.0,0.0,0.0,0.0
486.0,644.0,1930.0,1286.0,643.0,1.9968944099378882,595.0780267367526,1190.156053473505,0.5411055114331161,0.0,0.0,1.0,inf,644.0,inf,220.0,0.0,220.0,0.0,0.0,0.0,0.0,0.0,0.0
487.0,645.0,1933.0,1288.0,644.0,1.9968992248062016,596.02262522039,1192.0452504407797,0.5410868419311263,0.0,0.0,1.0,inf,645.0,inf,220.0,1.0,219.0,0.0,0.0,0.0,0.0,0.0,0.0
488.0,645.0,1933.0,1288.0,644.0,1.9968992248062016,596.02262522039,1192.0452504407797,0.5410868419311263,0.0,0.0,1.0,inf,645.0,inf,215.0,0.0,215.0,0.0,0.0,0.0,0.0,0.0,0.0
489.0,647.0,1939.0,1292.0,646.0,1.9969088098918084,597.8726872954346,1195.745374590869,0.5410850953292415,0.0,0.0,1.0,inf,647.0,inf,220.0,2.0,218.0,0.0,0.0,0.0,0.0,0.0,0.0
490.0,647.0,1939.0,1292.0,646.0,1.9969088098918084,597.8726872954346,1195.745374590869,0.5410850953292415,0.0,0.0,1.0,inf,647.0,inf,216.0,0.0,216.0,0.0,0.0,0.0,0.0,0.0,0.0
491.0,647.0,1939.0,1292.0,646.0,1.9969088098918084,597.8726872954346,1195.745374590869,0.5410850953292415,0.0,0.0,1.0,inf,647.0,inf,220.0,0.0,220.0,0.0,0.0,0.0,0.0,0.0,0.0
492.0,648.0,1942.0,1294.0,647.0,1.9969135802469136,598.8501952448589,1197.7003904897176,0.5410368111636373,0.0,0.0,1.0,inf,648.0,inf,220.0,1.0,219.0,0.0,0.0,0.0,0.0,0.0,0.0
493.0,648.0,1942.0,1294.0,647.0,1.9969135802469136,598.8501952448589,1197.7003904897176,0.5410368111636373,0.0,0.0,1.0,inf,648.0,inf,219.0,0.0,219.0,0.0,0.0,0.0,0.0,0.0,0.0
494.0,648.0,1942.0,1294.0,647.0,1.9969135802469136,598.8501952448589,1197.7003904897176,0.5410368111636373,0.0,0.0,1.0,inf,648.0,inf,220.0,0.0,220.0,0.0,0.0,0.0,0.0,0.0,0.0
495.0,650.0,1948.0,1298.0,649.0,1.996923076923077,600.7413784385138,1201.4827568770274,0.5409981926744605,0.0,0.0,1.0,inf,650.0,inf,220.0,2.0,218.0,0.0,0.0,0.0,0.0,0.0,0.0
496.0,650.0,1948.0,1298.0,649.0,1.996923076923077,600.7413784385138,1201.4827568770274,0.5409981926744605,0.0,0.0,1.0,inf,650.0,inf,216.0,0.0,216.0,0.0,0.0,0.0,0.0,0.0,0.0
497.0,651.0,1951.0,1300.0,650.0,1.9969278033794162,601.6859045541481,1203.371809108296,0.540979932446975,0.0,0.0,1.0,inf,651.0,inf,220.0,1.0,219.0,0.0,0.0,0.0,0.0,0.0,0.0
498.0,651.0,1951.0,1300.0,650.0,1.9969278033794162,601.6859045541481,1203.371809108296,0.540979932446975,0.0,0.0,1.0,inf,651.0,inf,219.0,0.0,219.0,0.0,0.0,0.0,0.0,0.0,0.0
499.0,652.0,1954.0,1302.0,651.0,1.9969325153374233,602.6040669162169,1205.2081338324335,0.540985396378557,0.0,0.0,1.0,inf,652.0,inf,220.0,1.0,219.0,0.0,0.0,0.0,0.0,0.0,0.0
500.0,652.0,1954.0,1302.0,651.0,1.9969325153374233,602.6040669162169,1205.2081338324335,0.540985396378557,0.0,0.0,1.0,inf,652.0,inf,216.0,0.0,216.0,0.0,0.0,0.0,0.0,0.0,0.0
501.0,655.0,1963.0,1308.0,654.0,1.9969465648854963,605.366529597764,1210.7330591955279,0.540994561125815,0.0,0.0,1.0,inf,655.0,inf,220.0,3.0,217.0,0.0,0.0,0.0,0.0,0.0,0.0
502.0,655.0,1963.0,1308.0,654.0,1.9969465648854963,605.366529597764,1210.7330591955279,0.540994561125815,0.0,0.0,1.0,inf,655.0,inf,215.0,0.0,215.0,0.0,0.0,0.0,0.0,0.0,0.0
503.0,657.0,1969.0,1312.0,656.0,1.9969558599695585,607.2332405295394,1214.4664810590787,0.5409782898471281,0.0,0.0,1.0,inf,657.0,inf,220.0,2.0,218.0,0.0,0.0,0.0,0.0,0.0,0.0
504.0,657.0,1969.0,1312.0,656.0,1.9969558599695585,607.2332405295394,1214.4664810590787,0.5409782898471281,0.0,0.0,1.0,inf,657.0,inf,214.0,0.0,214.0,0.0,0.0,0.0,0.0,0.0,0.0
505.0,658.0,1972.0,1314.0,657.0,1.9969604863221884,608.2155886297068,1216.4311772594133,0.5409266157436513,0.0,0.0,1.0,inf,658.0,inf,220.0,1.0,219.0,0.0,0.0,0.0,0.0,0.0,0.0
506.0,658.0,1972.0,1314.0,657.0,1.9969604863221884,608.2155886297068,1216.4311772594133,0.5409266157436513,0.0,0.0,1.0,inf,658.0,inf,220.0,0.0,220.0,0.0,0.0,0.0,0.0,0.0,0.0
507.0,658.0,1972.0,1314.0,657.0,1.9969604863221884,608.2155886297068,1216.4311772594133,0.5409266157436513,0.0,0.0,1.0,inf,658.0,inf,220.0,0.0,220.0,0.0,0.0,0.0,0.0,0.0,0.0
508.0,659.0,1975.0,1316.0,658.0,1.9969650986342944,609.1667207428518,1218.3334414857034,0.5409028247606655,0.0,0.0,1.0,inf,659.0,inf,220.0,1.0,219.0,0.0,0.0,0.0,0.0,0.0,0.0
509.0,659.0,1975.0,1316.0,658.0,1.9969650986342944,609.1667207428518,1218.3334414857034,0.5409028247606655,0.0,0.0,1.0,inf,659.0,inf,219.0,0.0,219.0,0.0,0.0,0.0,0.0,0.0,0.0
510.0,660.0,1978.0,1318.0,659.0,1.996969696969697,610.036272617983,1220.0725452359657,0.5409514397952083,0.0,0.0,1.0,inf,660.0,inf,220.0,1.0,219.0,0.0,0.0,0.0,0.0,0.0,0.0
511.0,660.0,1978.0,1318.0,659.0,1.996969696969697,610.036272617983,1220.0725452359657,0.5409514397952083,0.0,0.0,1.0,inf,660.0,inf,218.0,0.0,218.0,0.0,0.0,0.0,0.0,0.0,0.0
512.0,660.0,1978.0,1318.0,659.0,1.996969696969697,610.036272617983,1220.0725452359657,0.5409514397952083,0.0,0.0,1.0,inf,660.0,inf,220.0,0.0,220.0,0.0,0.0,0.0,0.0,0.0,0.0
513.0,660.0,1978.0,1318.0,659.0,1.996969696969697,610.036272617983,1220.0725452359657,0.5409514397952083,0.0,0.0,1.0,inf,660.0,inf,220.0,0.0,220.0,0.0,0.0,0.0,0.0,0.0,0.0
514.0,660.0,1978.0,1318.0,659.0,1.996969696969697,610.036272617983,1220.0725452359657,0.5409514397952083,0.0,0.0,1.0,inf,660.0,inf,220.0,0.0,220.0,0.0,0.0,0.0,0.0,0.0,0.0
515.0,662.0,1984.0,1322.0,661.0,1.9969788519637461,611.8139477686436,1223.627895537287,0.54101414524333,0.0,0.0,1.0,inf,662.0,inf,220.0,2.0,218.0,0.0,0.0,0.0,0.0,0.0,0.0
516.0,662.0,1984.0,1322.0,661.0,1.9969788519637461,611.8139477686436,1223.627895537287,0.54101414524333,0.0,0.0,1.0,inf,662.0,inf,212.0,0.0,212.0,0.0,0.0,0.0,0.0,0.0,0.0
517.0,663.0,1987.0,1324.0,662.0,1.9969834087481146,612.7425143542008,1225.4850287084014,0.5410102812098554,0.0,0.0,1.0,inf,663.0,inf,220.0,1.0,219.0,0.0,0.0,0.0,0.0,0.0,0.0
518.0,663.0,1987.0,1324.0,662.0,1.9969834087481146,612.7425143542008,1225.4850287084014,0.5410102812098554,0.0,0.0,1.0,inf,663.0,inf,217.0,0.0,217.0,0.0,0.0,0.0,0.0,0.0,0.0
519.0,665.0,1993.0,1328.0,664.0,1.9969924812030075,614.5530140933952,1229.1060281867901,0.5410436404587696,0.0,0.0,1.0,inf,665.0,inf,220.0,2.0,218.0,0.0,0.0,0.0,0.0,0.0,0.0
520.0,665.0,1993.0,1328.0,664.0,1.9969924812030075,614.5530140933952,1229.1060281867901,0.5410436404587696,0.0,0.0,1.0,inf,665.0,inf,217.0,0.0,217.0,0.0,0.0,0.0,0.0,0.0,0.0
521.0,667.0,1999.0,1332.0,666.0,1.9970014992503748,616.4225578325878,1232.8451156651754,0.5410249767182826,0.0,0.0,1.0,inf,667.0,inf,220.0,2.0,218.0,0.0,0.0,0.0,0.0,0.0,0.0
522.0,667.0,1999.0,1332.0,666.0,1.9970014992503748,616.4225578325878,1232.8451156651754,0.5410249767182826,0.0,0.0,1.0,inf,667.0,inf,216.0,0.0,216.0,0.0,0.0,0.0,0.0,0.0,0.0
523.0,668.0,2002.0,1334.0,667.0,1.9970059880239521,617.34384790594,1234.6876958118798,0.5410275021496433,0.0,0.0,1.0,inf,668.0,inf,220.0,1.0,219.0,0.0,0.0,0.0,0.0,0.0,0.0
524.0,668.0,2002.0,1334.0,667.0,1.9970059880239521,617.34384790594,1234.6876958118798,0.5410275021496433,0.0,0.0,1.0,inf,668.0,inf,218.0,0.0,218.0,0.0,0.0,0.0,0.0,0.0,0.0
525.0,668.0,2002.0,1334.0,667.0,1.9970059880239521,617.34384790594,1234.6876958118798,0.5410275021496433,0.0,0.0,1.0,inf,668.0,inf,220.0,0.0,220.0,0.0,0.0,0.0,0.0,0.0,0.0
526.0,671.0,2011.0,1340.0,670.0,1.9970193740685545,620.1420861918579,1240.2841723837155,0.5410050494399182,0.0,0.0,1.0,inf,671.0,inf,220.0,3.0,217.0,0.0,0.0,0.0,0.0,0.0,0.0
527.0,671.0,2011.0,1340.0,670.0,1.9970193740685545,620.1420861918579,1240.2841723837155,0.5410050494399182,0.0,0.0,1.0,inf,671.0,inf,216.0,0.0,216.0,0.0,0.0,0.0,0.0,0.0,0.0
528.0,673.0,2017.0,1344.0,672.0,1.9970282317979198,622.0243921898085,1244.0487843796168,0.5409755698090346,0.0,0.0,1.0,inf,673.0,inf,220.0,2.0,218.0,0.0,0.0,0.0,0.0,0.0,0.0
529.0,673.0,2017.0,1344.0,672.0,1.9970282317979198,622.0243921898085,1244.0487843796168,0.5409755698090346,0.0,0.0,1.0,inf,673.0,inf,216.0,0.0,216.0,0.0,0.0,0.0,0.0,0.0,0.0
530.0,674.0,2020.0,1346.0,673.0,1.997032640949555,622.9936253744244,1245.9872507488485,0.5409365140734149,0.0,0.0,1.0,inf,674.0,inf,220.0,1.0,219.0,0.0,0.0,0.0,0.0,0.0,0.0
531.0,674.0,2020.0,1346.0,673.0,1.997032640949555,622.9936253744244,1245.9872507488485,0.5409365140734149,0.0,0.0,1.0,inf,674.0,inf,218.0,0.0,218.0,0.0,0.0,0.0,0.0,0.0,0.0
532.0,677.0,2029.0,1352.0,676.0,1.9970457902511078,625.7074710047445,1251.4149420094889,0.5409876271038376,0.0,0.0,1.0,inf,677.0,inf,220.0,3.0,217.0,0.0,0.0,0.0,0.0,0.0,0.0
533.0,677.0,2029.0,1352.0,676.0,1.9970457902511078,625.7074710047445,1251.4149420094889,0.5409876271038376,0.0,0.0,1.0,inf,677.0,inf,215.0,0.0,215.0,0.0,0.0,0.0,0.0,0.0,0.0
534.0,677.0,2029.0,1352.0,676.0,1.9970457902511078,625.7074710047445,1251.4149420094889,0.5409876271038376,0.0,0.0,1.0,inf,677.0,inf,220.0,0.0,220.0,0.0,0.0,0.0,0.0,0.0,0.0
535.0,677.0,2029.0,1352.0,676.0,1.9970457902511078,625.7074710047445,1251.4149420094889,0.5409876271038376,0.0,0.0,1.0,inf,677.0,inf,220.0,0.0,220.0,0.0,0.0,0.0,0.0,0.0,0.0
536.0,678.0,2032.0,1354.0,677.0,1.9970501474926254,626.6270553587339,1253.2541107174675,0.5409916426381048,0.0,0.0,1.0,inf,678.0,inf,220.0,1.0,219.0,0.0,0.0,0.0,0.0,0.0,0.0
537.0,678.0,2032.0,1354.0,677.0,1.9970501474926254,626.6270553587339,1253.2541107174675,0.5409916426381048,0.0,0.0,1.0,inf,678.0,inf,217.0,0.0,217.0,0.0,0.0,0.0,0.0,0.0,0.0
538.0,679.0,2035.0,1356.0,678.0,1.9970544918998527,627.5708854744697,1255.1417709489392,0.5409747454159285,0.0,0.0,1.0,inf,679.0,inf,220.0,1.0,219.0,0.0,0.0,0.0,0.0,0.0,0.0
539.0,679.0,2035.0,1356.0,678.0,1.9970544918998527,627.5708854744697,1255.1417709489392,0.5409747454159285,0.0,0.0,1.0,inf,679.0,inf,218.0,0.0,218.0,0.0,0.0,0.0,0.0,0.0,0.0
540.0,679.0,2035.0,1356.0,678.0,1.9970544918998527,627.5708854744697,1255.1417709489392,0.5409747454159285,0.0,0.0,1.0,inf,679.0,inf,220.0,0.0,220.0,0.0,0.0,0.0,0.0,0.0,0.0
541.0,680.0,2038.0,1358.0,679.0,1.9970588235294118,628.5150263936923,1257.0300527873844,0.540957631436212,0.0,0.0,1.0,inf,680.0,inf,220.0,1.0,219.0,0.0,0.0,0.0,0.0,0.0,0.0
542.0,680.0,2038.0,1358.0,679.0,1.9970588235294118,628.5150263936923,1257.0300527873844,0.540957631436212,0.0,0.0,1.0,inf,680.0,inf,216.0,0.0,216.0,0.0,0.0,0.0,0.0,0.0,0.0
543.0,683.0,2047.0,1364.0,682.0,1.9970717423133235,631.2873662445784,1262.5747324891565,0.5409580775099709,0.0,0.0,1.0,inf,683.0,inf,220.0,3.0,217.0,0.0,0.0,0.0,0.0,0.0,0.0
544.0,683.0,2047.0,1364.0,682.0,1.9970717423133235,631.2873662445784,1262.5747324891565,0.5409580775099709,0.0,0.0,1.0,inf,683.0,inf,212.0,0.0,212.0,0.0,0.0,0.0,0.0,0.0,0.0
545.0,683.0,2047.0,1364.0,682.0,1.9970717423133235,631.2873662445784,1262.5747324891565,0.5409580775099709,0.0,0.0,1.0,inf,683.0,inf,220.0,0.0,220.0,0.0,0.0,0.0,0.0,0.0,0.0
546.0,684.0,2050.0,1366.0,683.0,1.9970760233918128,632.1564580720186,1264.312916144037,0.5410053091018768,0.0,0.0,1.0,inf,684.0,inf,220.0,1.0,219.0,0.0,0.0,0.0,0.0,0.0,0.0
547.0,684.0,2050.0,1366.0,683.0,1.9970760233918128,632.1564580720186,1264.312916144037,0.5410053091018768,0.0,0.0,1.0,inf,684.0,inf,216.0,0.0,216.0,0.0,0.0,0.0,0.0,0.0,0.0
548.0,684.0,2050.0,1366.0,683.0,1.9970760233918128,632.1564580720186,1264.312916144037,0.5410053091018768,0.0,0.0,1.0,inf,684.0,inf,220.0,0.0,220.0,0.0,0.0,0.0,0.0,0.0,0.0
549.0,686.0,2056.0,1370.0,685.0,1.9970845481049562,633.8971392777851,1267.79427855557,0.5410972518203641,0.0,0.0,1.0,inf,686.0,inf,220.0,2.0,218.0,0.0,0.0,0.0,0.0,0.0,0.0
550.0,686.0,2056.0,1370.0,685.0,1.9970845481049562,633.8971392777851,1267.79427855557,0.5410972518203641,0.0,0.0,1.0,inf,686.0,inf,211.0,0.0,211.0,0.0,0.0,0.0,0.0,0.0,0.0
551.0,686.0,2056.0,1370.0,685.0,1.9970845481049562,633.8971392777851,1267.79427855557,0.5410972518203641,0.0,0.0,1.0,inf,686.0,inf,220.0,0.0,220.0,0.0,0.0,0.0,0.0,0.0,0.0
552.0,687.0,2059.0,1372.0,686.0,1.997088791848617,634.8206568664249,1269.6413137328495,0.5410977041855732,0.0,0.0,1.0,inf,687.0,inf,220.0,1.0,219.0,0.0,0.0,0.0,0.0,0.0,0.0
553.0,687.0,2059.0,1372.0,686.0,1.997088791848617,634.8206568664249,1269.6413137328495,0.5410977041855732,0.0,0.0,1.0,inf,687.0,inf,218.0,0.0,218.0,0.0,0.0,0.0,0.0,0.0,0.0
554.0,687.0,2059.0,1372.0,686.0,1.997088791848617,634.8206568664249,1269.6413137328495,0.5410977041855732,0.0,0.0,1.0,inf,687.0,inf,220.0,0.0,220.0,0.0,0.0,0.0,0.0,0.0,0.0
555.0,688.0,2062.0,1374.0,687.0,1.997093023255814,635.7329703001396,1271.465940600279,0.5411076915479028,0.0,0.0,1.0,inf,688.0,inf,220.0,1.0,219.0,0.0,0.0,0.0,0.0,0.0,0.0
556.0,688.0,2062.0,1374.0,687.0,1.997093023255814,635.7329703001396,1271.465940600279,0.5411076915479028,0.0,0.0,1.0,inf,688.0,inf,216.0,0.0,216.0,0.0,0.0,0.0,0.0,0.0,0.0
557.0,690.0,2068.0,1378.0,689.0,1.9971014492753623,637.6324372449885,1275.2648744899768,0.5410640673969439,0.0,0.0,1.0,inf,690.0,inf,220.0,2.0,218.0,0.0,0.0,0.0,0.0,0.0,0.0
558.0,690.0,2068.0,1378.0,689.0,1.9971014492753623,637.6324372449885,1275.2648744899768,0.5410640673969439,0.0,0.0,1.0,inf,690.0,inf,217.0,0.0,217.0,0.0,0.0,0.0,0.0,0.0,0.0
559.0,690.0,2068.0,1378.0,689.0,1.9971014492753623,637.6324372449885,1275.2648744899768,0.5410640673969439,0.0,0.0,1.0,inf,690.0,inf,220.0,0.0,220.0,0.0,0.0,0.0,0.0,0.0,0.0
560.0,691.0,2071.0,1380.0,690.0,1.9971056439942112,638.6283473368746,1277.256694673749,0.5410032320687916,0.0,0.0,1.0,inf,691.0,inf,220.0,1.0,219.0,0.0,0.0,0.0,0.0,0.0,0.0
561.0,691.0,2071.0,1380.0,690.0,1.9971056439942112,638.6283473368746,1277.256694673749,0.5410032320687916,0.0,0.0,1.0,inf,691.0,inf,219.0,0.0,219.0,0.0,0.0,0.0,0.0,0.0,0.0
562.0,691.0,2071.0,1380.0,690.0,1.9971056439942112,638.6283473368746,1277.256694673749,0.5410032320687916,0.0,0.0,1.0,inf,691.0,inf,220.0,0.0,220.0,0.0,0.0,0.0,0.0,0.0,0.0
563.0,691.0,2071.0,1380.0,690.0,1.9971056439942112,638.6283473368746,1277.256694673749,0.5410032320687916,0.0,0.0,1.0,inf,691.0,inf,220.0,0.0,220.0,0.0,0.0,0.0,0.0,0.0,0.0
564.0,691.0,2071.0,1380.0,690.0,1.9971056439942112,638.6283473368746,1277.256694673749,0.5410032320687916,0.0,0.0,1.0,inf,691.0,inf,220.0,0.0,220.0,0.0,0.0,0.0,0.0,0.0,0.0
565.0,691.0,2071.0,1380.0,690.0,1.9971056439942112,638.6283473368746,1277.256694673749,0.5410032320687916,0.0,0.0,1.0,inf,691.0,inf,220.0,0.0,220.0,0.0,0.0,0.0,0.0,0.0,0.0
566.0,693.0,2077.0,1384.0,692.0,1.997113997113997,640.4519942505593,1280.9039885011184,0.5410241565497279,0.0,0.0,1.0,inf,693.0,inf,220.0,2.0,218.0,0.0,0.0,0.0,0.0,0.0,0.0
567.0,693.0,2077.0,1384.0,692.0,1.997113997113997,640.4519942505593,1280.9039885011184,0.5410241565497279,0.0,0.0,1.0,inf,693.0,inf,218.0,0.0,218.0,0.0,0.0,0.0,0.0,0.0,0.0
568.0,696.0,2086.0,1390.0,695.0,1.9971264367816093,643.3842781704808,1286.7685563409614,0.5408898100363415,0.0,0.0,1.0,inf,696.0,inf,220.0,3.0,217.0,0.0,0.0,0.0,0.0,0.0,0.0
569.0,696.0,2086.0,1390.0,695.0,1.9971264367816093,643.3842781704808,1286.7685563409614,0.5408898100363415,0.0,0.0,1.0,inf,696.0,inf,218.0,0.0,218.0,0.0,0.0,0.0,0.0,0.0,0.0
570.0,697.0,2089.0,1392.0,696.0,1.9971305595408895,644.3442432105905,1288.6884864211809,0.5408599575027165,0.0,0.0,1.0,inf,697.0,inf,220.0,1.0,219.0,0.0,0.0,0.0,0.0,0.0,0.0
571.0,697.0,2089.0,1392.0,696.0,1.9971305595408895,644.3442432105905,1288.6884864211809,0.5408599575027165,0.0,0.0,1.0,inf,697.0,inf,216.0,0.0,216.0,0.0,0.0,0.0,0.0,0.0,0.0
572.0,698.0,2092.0,1394.0,697.0,1.997134670487106,645.2464559297318,1290.4929118594634,0.5408786004056823,0.0,0.0,1.0,inf,698.0,inf,220.0,1.0,219.0,0.0,0.0,0.0,0.0,0.0,0.0
573.0,698.0,2092.0,1394.0,697.0,1.997134670487106,645.2464559297318,1290.4929118594634,0.5408786004056823,0.0,0.0,1.0,inf,698.0,inf,219.0,0.0,219.0,0.0,0.0,0.0,0.0,0.0,0.0
574.0,698.0,2092.0,1394.0,697.0,1.997134670487106,645.2464559297318,1290.4929118594634,0.5408786004056823,0.0,0.0,1.0,inf,698.0,inf,220.0,0.0,220.0,0.0,0.0,0.0,0.0,0.0,0.0
575.0,699.0,2095.0,1396.0,698.0,1.9971387696709586,646.1423053599634,1292.2846107199266,0.5409025180688253,0.0,0.0,1.0,inf,699.0,inf,220.0,1.0,219.0,0.0,0.0,0.0,0.0,0.0,0.0
576.0,699.0,2095.0,1396.0,698.0,1.9971387696709586,646.1423053599634,1292.2846107199266,0.5409025180688253,0.0,0.0,1.0,inf,699.0,inf,219.0,0.0,219.0,0.0,0.0,0.0,0.0,0.0,0.0
577.0,701.0,2101.0,1400.0,700.0,1.9971469329529243,648.0187744216223,1296.0375488432444,0.5408793908985625,0.0,0.0,1.0,inf,701.0,inf,220.0,2.0,218.0,0.0,0.0,0.0,0.0,0.0,0.0
578.0,701.0,2101.0,1400.0,700.0,1.9971469329529243,648.0187744216223,1296.0375488432444,0.5408793908985625,0.0,0.0,1.0,inf,701.0,inf,218.0,0.0,218.0,0.0,0.0,0.0,0.0,0.0,0.0
579.0,701.0,2101.0,1400.0,700.0,1.9971469329529243,648.0187744216223,1296.0375488432444,0.5408793908985625,0.0,0.0,1.0,inf,701.0,inf,220.0,0.0,220.0,0.0,0.0,0.0,0.0,0.0,0.0
580.0,703.0,2107.0,1404.0,702.0,1.9971550497866288,649.8566641028739,1299.7133282057475,0.540888505752642,0.0,0.0,1.0,inf,703.0,inf,220.0,2.0,218.0,0.0,0.0,0.0,0.0,0.0,0.0
581.0,703.0,2107.0,1404.0,702.0,1.9971550497866288,649.8566641028739,1299.7133282057475,0.540888505752642,0.0,0.0,1.0,inf,703.0,inf,213.0,0.0,213.0,0.0,0.0,0.0,0.0,0.0,0.0
582.0,704.0,2110.0,1406.0,703.0,1.9971590909090908,650.7712687610311,1301.542537522062,0.5408966512460732,0.0,0.0,1.0,inf,704.0,inf,220.0,1.0,219.0,0.0,0.0,0.0,0.0,0.0,0.0
583.0,704.0,2110.0,1406.0,703.0,1.9971590909090908,650.7712687610311,1301.542537522062,0.5408966512460732,0.0,0.0,1.0,inf,704.0,inf,215.0,0.0,215.0,0.0,0.0,0.0,0.0,0.0,0.0
584.0,707.0,2119.0,1412.0,706.0,1.997171145685997,653.5196609182303,1307.0393218364604,0.5409171615484583,0.0,0.0,1.0,inf,707.0,inf,220.0,3.0,217.0,0.0,0.0,0.0,0.0,0.0,0.0
585.0,707.0,2119.0,1412.0,706.0,1.997171145685997,653.5196609182303,1307.0393218364604,0.5409171615484583,0.0,0.0,1.0,inf,707.0,inf,212.0,0.0,212.0,0.0,0.0,0.0,0.0,0.0,0.0
586.0,708.0,2122.0,1414.0,707.0,1.997175141242938,654.4385396043556,1308.877079208711,0.5409216887104673,0.0,0.0,1.0,inf,708.0,inf,220.0,1.0,219.0,0.0,0.0,0.0,0.0,0.0,0.0
587.0,708.0,2122.0,1414.0,707.0,1.997175141242938,654.4385396043556,1308.877079208711,0.5409216887104673,0.0,0.0,1.0,inf,708.0,inf,220.0,0.0,220.0,0.0,0.0,0.0,0.0,0.0,0.0
588.0,709.0,2125.0,1416.0,708.0,1.997179125528914,655.4230669728678,1310.8461339457353,0.5408720227643058,0.0,0.0,1.0,inf,709.0,inf,220.0,1.0,219.0,0.0,0.0,0.0,0.0,0.0,0.0
589.0,709.0,2125.0,1416.0,708.0,1.997179125528914,655.4230669728678,1310.8461339457353,0.5408720227643058,0.0,0.0,1.0,inf,709.0,inf,218.0,0.0,218.0,0.0,0.0,0.0,0.0,0.0,0.0
590.0,712.0,2134.0,1422.0,711.0,1.997191011235955,658.1880978725637,1316.3761957451272,0.5408788173938199,0.0,0.0,1.0,inf,712.0,inf,220.0,3.0,217.0,0.0,0.0,0.0,0.0,0.0,0.0
591.0,712.0,2134.0,1422.0,711.0,1.997191011235955,658.1880978725637,1316.3761957451272,0.5408788173938199,0.0,0.0,1.0,inf,712.0,inf,212.0,0.0,212.0,0.0,0.0,0.0,0.0,0.0,0.0
592.0,713.0,2137.0,1424.0,712.0,1.997194950911641,659.0868834639464,1318.1737669278925,0.5408998554581331,0.0,0.0,1.0,inf,713.0,inf,220.0,1.0,219.0,0.0,0.0,0.0,0.0,0.0,0.0
593.0,713.0,2137.0,1424.0,712.0,1.997194950911641,659.0868834639464,1318.1737669278925,0.5408998554581331,0.0,0.0,1.0,inf,713.0,inf,217.0,0.0,217.0,0.0,0.0,0.0,0.0,0.0,0.0
594.0,714.0,2140.0,1426.0,713.0,1.9971988795518207,660.0484597648414,1320.0969195296825,0.5408693781774602,0.0,0.0,1.0,inf,714.0,inf,220.0,1.0,219.0,0.0,0.0,0.0,0.0,0.0,0.0
595.0,714.0,2140.0,1426.0,713.0,1.9971988795518207,660.0484597648414,1320.0969195296825,0.5408693781774602,0.0,0.0,1.0,inf,714.0,inf,220.0,0.0,220.0,0.0,0.0,0.0,0.0,0.0,0.0
596.0,714.0,2140.0,1426.0,713.0,1.9971988795518207,660.0484597648414,1320.0969195296825,0.5408693781774602,0.0,0.0,1.0,inf,714.0,inf,220.0,0.0,220.0,0.0,0.0,0.0,0.0,0.0,0.0
597.0,714.0,2140.0,1426.0,713.0,1.9971988795518207,660.0484597648414,1320.0969195296825,0.5408693781774602,0.0,0.0,1.0,inf,714.0,inf,220.0,0.0,220.0,0.0,0.0,0.0,0.0,0.0,0.0
598.0,715.0,2143.0,1428.0,714.0,1.9972027972027973,660.9951682535881,1321.990336507176,0.5408511546983754,0.0,0.0,1.0,inf,715.0,inf,220.0,1.0,219.0,0.0,0.0,0.0,0.0,0.0,0.0
599.0,715.0,2143.0,1428.0,714.0,1.9972027972027973,660.9951682535881,1321.990336507176,0.5408511546983754,0.0,0.0,1.0,inf,715.0,inf,217.0,0.0,217.0,0.0,0.0,0.0,0.0,0.0,0.0
600.0,715.0,2143.0,1428.0,714.0,1.9972027972027973,660.9951682535881,1321.990336507176,0.5408511546983754,0.0,0.0,1.0,inf,715.0,inf,220.0,0.0,220.0,0.0,0.0,0.0,0.0,0.0,0.0
601.0,715.0,2143.0,1428.0,714.0,1.9972027972027973,660.9951682535881,1321.990336507176,0.5408511546983754,0.0,0.0,1.0,inf,715.0,inf,220.0,0.0,220.0,0.0,0.0,0.0,0.0,0.0,0.0
602.0,716.0,2146.0,1430.0,715.0,1.9972067039106145,661.9416656446085,1323.8833312892168,0.540833155821026,0.0,0.0,1.0,inf,716.0,inf,220.0,1.0,219.0,0.0,0.0,0.0,0.0,0.0,0.0
603.0,716.0,2146.0,1430.0,715.0,1.9972067039106145,661.9416656446085,1323.8833312892168,0.540833155821026,0.0,0.0,1.0,inf,716.0,inf,218.0,0.0,218.0,0.0,0.0,0.0,0.0,0.0,0.0
604.0,718.0,2152.0,1434.0,717.0,1.9972144846796658,663.8334839198316,1327.666967839663,0.5407982704942238,0.0,0.0,1.0,inf,718.0,inf,220.0,2.0,218.0,0.0,0.0,0.0,0.0,0.0,0.0
605.0,718.0,2152.0,1434.0,717.0,1.9972144846796658,663.8334839198316,1327.666967839663,0.5407982704942238,0.0,0.0,1.0,inf,718.0,inf,216.0,0.0,216.0,0.0,0.0,0.0,0.0,0.0,0.0
606.0,720.0,2158.0,1438.0,719.0,1.9972222222222222,665.8244989840157,1331.6489979680312,0.5406830186472945,0.0,0.0,1.0,inf,720.0,inf,220.0,2.0,218.0,0.0,0.0,0.0,0.0,0.0,0.0
607.0,720.0,2158.0,1438.0,719.0,1.9972222222222222,665.8244989840157,1331.6489979680312,0.5406830186472945,0.0,0.0,1.0,inf,720.0,inf,216.0,0.0,216.0,0.0,0.0,0.0,0.0,0.0,0.0
608.0,721.0,2161.0,1440.0,720.0,1.9972260748959778,666.8086795486182,1333.6173590972362,0.5406348343336395,0.0,0.0,1.0,inf,721.0,inf,220.0,1.0,219.0,0.0,0.0,0.0,0.0,0.0,0.0
609.0,721.0,2161.0,1440.0,720.0,1.9972260748959778,666.8086795486182,1333.6173590972362,0.5406348343336395,0.0,0.0,1.0,inf,721.0,inf,219.0,0.0,219.0,0.0,0.0,0.0,0.0,0.0,0.0
610.0,724.0,2170.0,1446.0,723.0,1.9972375690607735,669.5843993325641,1339.168798665128,0.5406338623791691,0.0,0.0,1.0,inf,724.0,inf,220.0,3.0,217.0,0.0,0.0,0.0,0.0,0.0,0.0
611.0,724.0,2170.0,1446.0,723.0,1.9972375690607735,669.5843993325641,1339.168798665128,0.5406338623791691,0.0,0.0,1.0,inf,724.0,inf,215.0,0.0,215.0,0.0,0.0,0.0,0.0,0.0,0.0
612.0,724.0,2170.0,1446.0,723.0,1.9972375690607735,669.5843993325641,1339.168798665128,0.5406338623791691,0.0,0.0,1.0,inf,724.0,inf,220.0,0.0,220.0,0.0,0.0,0.0,0.0,0.0,0.0
613.0,724.0,2170.0,1446.0,723.0,1.9972375690607735,669.5843993325641,1339.168798665128,0.5406338623791691,0.0,0.0,1.0,inf,724.0,inf,220.0,0.0,220.0,0.0,0.0,0.0,0.0,0.0,0.0
614.0,724.0,2170.0,1446.0,723.0,1.9972375690607735,669.5843993325641,1339.168798665128,0.5406338623791691,0.0,0.0,1.0,inf,724.0,inf,220.0,0.0,220.0,0.0,0.0,0.0,0.0,0.0,0.0
615.0,726.0,2176.0,1450.0,725.0,1.997245179063361,671.3923532974547,1342.7847065949093,0.5406674625011345,0.0,0.0,1.0,inf,726.0,inf,220.0,2.0,218.0,0.0,0.0,0.0,0.0,0.0,0.0
616.0,726.0,2176.0,1450.0,725.0,1.997245179063361,671.3923532974547,1342.7847065949093,0.5406674625011345,0.0,0.0,1.0,inf,726.0,inf,215.0,0.0,215.0,0.0,0.0,0.0,0.0,0.0,0.0
617.0,728.0,2182.0,1454.0,727.0,1.9972527472527473,673.2500086901093,1346.5000173802184,0.540660965913995,0.0,0.0,1.0,inf,728.0,inf,220.0,2.0,218.0,0.0,0.0,0.0,0.0,0.0,0.0
618.0,728.0,2182.0,1454.0,727.0,1.9972527472527473,673.2500086901093,1346.5000173802184,0.540660965913995,0.0,0.0,1.0,inf,728.0,inf,216.0,0.0,216.0,0.0,0.0,0.0,0.0,0.0,0.0
619.0,729.0,2185.0,1456.0,728.0,1.9972565157750344,674.2046763872803,1348.4093527745604,0.5406370094511507,0.0,0.0,1.0,inf,729.0,inf,220.0,1.0,219.0,0.0,0.0,0.0,0.0,0.0,0.0
620.0,729.0,2185.0,1456.0,728.0,1.9972565157750344,674.2046763872803,1348.4093527745604,0.5406370094511507,0.0,0.0,1.0,inf,729.0,inf,219.0,0.0,219.0,0.0,0.0,0.0,0.0,0.0,0.0
621.0,729.0,2185.0,1456.0,728.0,1.9972565157750344,674.2046763872803,1348.4093527745604,0.5406370094511507,0.0,0.0,1.0,inf,729.0,inf,220.0,0.0,220.0,0.0,0.0,0.0,0.0,0.0,0.0
622.0,730.0,2188.0,1458.0,729.0,1.9972602739726026,675.1226177234273,1350.2452354468544,0.5406425298426708,0.0,0.0,1.0,inf,730.0,inf,220.0,1.0,219.0,0.0,0.0,0.0,0.0,0.0,0.0
623.0,730.0,2188.0,1458.0,729.0,1.9972602739726026,675.1226177234273,1350.2452354468544,0.5406425298426708,0.0,0.0,1.0,inf,730.0,inf,216.0,0.0,216.0,0.0,0.0,0.0,0.0,0.0,0.0
624.0,730.0,2188.0,1458.0,729.0,1.9972602739726026,675.1226177234273,1350.2452354468544,0.5406425298426708,0.0,0.0,1.0,inf,730.0,inf,220.0,0.0,220.0,0.0,0.0,0.0,0.0,0.0,0.0
625.0,730.0,2188.0,1458.0,729.0,1.9972602739726026,675.1226177234273,1350.2452354468544,0.5406425298426708,0.0,0.0,1.0,inf,730.0,inf,220.0,0.0,220.0,0.0,0.0,0.0,0.0,0.0,0.0
626.0,730.0,2188.0,1458.0,729.0,1.9972602739726026,675.1226177234273,1350.2452354468544,0.5406425298426708,0.0,0.0,1.0,inf,730.0,inf,220.0,0.0,220.0,0.0,0.0,0.0,0.0,0.0,0.0
627.0,730.0,2188.0,1458.0,729.0,1.9972602739726026,675.1226177234273,1350.2452354468544,0.5406425298426708,0.0,0.0,1.0,inf,730.0,inf,220.0,0.0,220.0,0.0,0.0,0.0,0.0,0.0,0.0
628.0,732.0,2194.0,1462.0,731.0,1.9972677595628416,676.9425958808827,1353.885191761765,0.5406662281662695,0.0,0.0,1.0,inf,732.0,inf,220.0,2.0,218.0,0.0,0.0,0.0,0.0,0.0,0.0
629.0,732.0,2194.0,1462.0,731.0,1.9972677595628416,676.9425958808827,1353.885191761765,0.5406662281662695,0.0,0.0,1.0,inf,732.0,inf,216.0,0.0,216.0,0.0,0.0,0.0,0.0,0.0,0.0
630.0,733.0,2197.0,1464.0,732.0,1.9972714870395634,677.8734218532346,1355.746843706469,0.5406614099104633,0.0,0.0,1.0,inf,733.0,inf,220.0,1.0,219.0,0.0,0.0,0.0,0.0,0.0,0.0
631.0,733.0,2197.0,1464.0,732.0,1.9972714870395634,677.8734218532346,1355.746843706469,0.5406614099104633,0.0,0.0,1.0,inf,733.0,inf,220.0,0.0,220.0,0.0,0.0,0.0,0.0,0.0,0.0
632.0,735.0,2203.0,1468.0,734.0,1.997278911564626,679.6513107327628,1359.3026214655254,0.540718445174161,0.0,0.0,1.0,inf,735.0,inf,220.0,2.0,218.0,0.0,0.0,0.0,0.0,0.0,0.0
633.0,735.0,2203.0,1468.0,734.0,1.997278911564626,679.6513107327628,1359.3026214655254,0.540718445174161,0.0,0.0,1.0,inf,735.0,inf,217.0,0.0,217.0,0.0,0.0,0.0,0.0,0.0,0.0
634.0,735.0,2203.0,1468.0,734.0,1.997278911564626,679.6513107327628,1359.3026214655254,0.540718445174161,0.0,0.0,1.0,inf,735.0,inf,220.0,0.0,220.0,0.0,0.0,0.0,0.0,0.0,0.0
635.0,735.0,2203.0,1468.0,734.0,1.997278911564626,679.6513107327628,1359.3026214655254,0.540718445174161,0.0,0.0,1.0,inf,735.0,inf,220.0,0.0,220.0,0.0,0.0,0.0,0.0,0.0,0.0
636.0,736.0,2206.0,1470.0,735.0,1.997282608695652,680.6181537327626,1361.236307465525,0.5406849611368011,0.0,0.0,1.0,inf,736.0,inf,220.0,1.0,219.0,0.0,0.0,0.0,0.0,0.0,0.0
637.0,736.0,2206.0,1470.0,735.0,1.997282608695652,680.6181537327626,1361.236307465525,0.5406849611368011,0.0,0.0,1.0,inf,736.0,inf,218.0,0.0,218.0,0.0,0.0,0.0,0.0,0.0,0.0
638.0,738.0,2212.0,1474.0,737.0,1.997289972899729,682.4173556418392,1364.8347112836782,0.5407248173706568,0.0,0.0,1.0,inf,738.0,inf,220.0,2.0,218.0,0.0,0.0,0.0,0.0,0.0,0.0
639.0,738.0,2212.0,1474.0,737.0,1.997289972899729,682.4173556418392,1364.8347112836782,0.5407248173706568,0.0,0.0,1.0,inf,738.0,inf,219.0,0.0,219.0,0.0,0.0,0.0,0.0,0.0,0.0
640.0,739.0,2215.0,1476.0,738.0,1.9972936400541272,683.38971279767,1366.7794255953397,0.5406870970991589,0.0,0.0,1.0,inf,739.0,inf,220.0,1.0,219.0,0.0,0.0,0.0,0.0,0.0,0.0
641.0,739.0,2215.0,1476.0,738.0,1.9972936400541272,683.38971279767,1366.7794255953397,0.5406870970991589,0.0,0.0,1.0,inf,739.0,inf,215.0,0.0,215.0,0.0,0.0,0.0,0.0,0.0,0.0
642.0,742.0,2224.0,1482.0,741.0,1.9973045822102427,686.1266705678314,1372.2533411356626,0.5407164827056851,0.0,0.0,1.0,inf,742.0,inf,220.0,3.0,217.0,0.0,0.0,0.0,0.0,0.0,0.0
643.0,742.0,2224.0,1482.0,741.0,1.9973045822102427,686.1266705678314,1372.2533411356626,0.5407164827056851,0.0,0.0,1.0,inf,742.0,inf,213.0,0.0,213.0,0.0,0.0,0.0,0.0,0.0,0.0
644.0,744.0,2230.0,1486.0,743.0,1.9973118279569892,687.8821318567016,1375.764263713403,0.5407903226035452,0.0,0.0,1.0,inf,744.0,inf,220.0,2.0,218.0,0.0,0.0,0.0,0.0,0.0,0.0
645.0,744.0,2230.0,1486.0,743.0,1.9973118279569892,687.8821318567016,1375.764263713403,0.5407903226035452,0.0,0.0,1.0,inf,744.0,inf,217.0,0.0,217.0,0.0,0.0,0.0,0.0,0.0,0.0
646.0,745.0,2233.0,1488.0,744.0,1.9973154362416108,688.7660797631935,1377.5321595263867,0.5408222195379747,0.0,0.0,1.0,inf,745.0,inf,220.0,1.0,219.0,0.0,0.0,0.0,0.0,0.0,0.0
647.0,745.0,2233.0,1488.0,744.0,1.9973154362416108,688.7660797631935,1377.5321595263867,0.5408222195379747,0.0,0.0,1.0,inf,745.0,inf,218.0,0.0,218.0,0.0,0.0,0.0,0.0,0.0,0.0
648.0,745.0,2233.0,1488.0,744.0,1.9973154362416108,688.7660797631935,1377.5321595263867,0.5408222195379747,0.0,0.0,1.0,inf,745.0,inf,220.0,0.0,220.0,0.0,0.0,0.0,0.0,0.0,0.0
649.0,745.0,2233.0,1488.0,744.0,1.9973154362416108,688.7660797631935,1377.5321595263867,0.5408222195379747,0.0,0.0,1.0,inf,745.0,inf,220.0,0.0,220.0,0.0,0.0,0.0,0.0,0.0,0.0
650.0,746.0,2236.0,1490.0,745.0,1.997319034852547,689.7530275713303,1379.5060551426604,0.5407732696924284,0.0,0.0,1.0,inf,746.0,inf,220.0,1.0,219.0,0.0,0.0,0.0,0.0,0.0,0.0
651.0,746.0,2236.0,1490.0,745.0,1.997319034852547,689.7530275713303,1379.5060551426604,0.5407732696924284,0.0,0.0,1.0,inf,746.0,inf,216.0,0.0,216.0,0.0,0.0,0.0,0.0,0.0,0.0
652.0,746.0,2236.0,1490.0,745.0,1.997319034852547,689.7530275713303,1379.5060551426604,0.5407732696924284,0.0,0.0,1.0,inf,746.0,inf,220.0,0.0,220.0,0.0,0.0,0.0,0.0,0.0,0.0
653.0,747.0,2239.0,1492.0,746.0,1.997322623828648,690.674348547111,1381.3486970942217,0.5407758385492198,0.0,0.0,1.0,inf,747.0,inf,220.0,1.0,219.0,0.0,0.0,0.0,0.0,0.0,0.0
654.0,747.0,2239.0,1492.0,746.0,1.997322623828648,690.674348547111,1381.3486970942217,0.5407758385492198,0.0,0.0,1.0,inf,747.0,inf,220.0,0.0,220.0,0.0,0.0,0.0,0.0,0.0,0.0
655.0,749.0,2245.0,1496.0,748.0,1.9973297730307076,692.6447342220004,1385.2894684440005,0.5406812201072313,0.0,0.0,1.0,inf,749.0,inf,220.0,2.0,218.0,0.0,0.0,0.0,0.0,0.0,0.0
656.0,749.0,2245.0,1496.0,748.0,1.9973297730307076,692.6447342220004,1385.2894684440005,0.5406812201072313,0.0,0.0,1.0,inf,749.0,inf,218.0,0.0,218.0,0.0,0.0,0.0,0.0,0.0,0.0
657.0,751.0,2251.0,1500.0,750.0,1.9973368841544608,694.5894574768377,1389.178914953675,0.5406071110898222,0.0,0.0,1.0,inf,751.0,inf,220.0,2.0,218.0,0.0,0.0,0.0,0.0,0.0,0.0
658.0,751.0,2251.0,1500.0,750.0,1.9973368841544608,694.5894574768377,1389.178914953675,0.5406071110898222,0.0,0.0,1.0,inf,751.0,inf,216.0,0.0,216.0,0.0,0.0,0.0,0.0,0.0,0.0
659.0,751.0,2251.0,1500.0,750.0,1.9973368841544608,694.5894574768377,1389.178914953675,0.5406071110898222,0.0,0.0,1.0,inf,751.0,inf,220.0,0.0,220.0,0.0,0.0,0.0,0.0,0.0,0.0
660.0,752.0,2254.0,1502.0,751.0,1.997340425531915,695.5405213559552,1391.0810427119102,0.5405867644734611,0.0,0.0,1.0,inf,752.0,inf,220.0,1.0,219.0,0.0,0.0,0.0,0.0,0.0,0.0
661.0,752.0,2254.0,1502.0,751.0,1.997340425531915,695.5405213559552,1391.0810427119102,0.5405867644734611,0.0,0.0,1.0,inf,752.0,inf,217.0,0.0,217.0,0.0,0.0,0.0,0.0,0.0,0.0
662.0,754.0,2260.0,1506.0,753.0,1.9973474801061009,697.3403776174476,1394.680755234895,0.5406255138818559,0.0,0.0,1.0,inf,754.0,inf,220.0,2.0,218.0,0.0,0.0,0.0,0.0,0.0,0.0
663.0,754.0,2260.0,1506.0,753.0,1.9973474801061009,697.3403776174476,1394.680755234895,0.5406255138818559,0.0,0.0,1.0,inf,754.0,inf,214.0,0.0,214.0,0.0,0.0,0.0,0.0,0.0,0.0
664.0,756.0,2266.0,1510.0,755.0,1.9973544973544974,699.2707392605479,1398.5414785210955,0.5405631592703574,0.0,0.0,1.0,inf,756.0,inf,220.0,2.0,218.0,0.0,0.0,0.0,0.0,0.0,0.0
665.0,756.0,2266.0,1510.0,755.0,1.9973544973544974,699.2707392605479,1398.5414785210955,0.5405631592703574,0.0,0.0,1.0,inf,756.0,inf,217.0,0.0,217.0,0.0,0.0,0.0,0.0,0.0,0.0
666.0,757.0,2269.0,1512.0,756.0,1.9973579920739761,700.239340574937,1400.4786811498739,0.5405294705225069,0.0,0.0,1.0,inf,757.0,inf,220.0,1.0,219.0,0.0,0.0,0.0,0.0,0.0,0.0
667.0,757.0,2269.0,1512.0,756.0,1.9973579920739761,700.239340574937,1400.4786811498739,0.5405294705225069,0.0,0.0,1.0,inf,757.0,inf,217.0,0.0,217.0,0.0,0.0,0.0,0.0,0.0,0.0
668.0,757.0,2269.0,1512.0,756.0,1.9973579920739761,700.239340574937,1400.4786811498739,0.5405294705225069,0.0,0.0,1.0,inf,757.0,inf,220.0,0.0,220.0,0.0,0.0,0.0,0.0,0.0,0.0
669.0,758.0,2272.0,1514.0,757.0,1.9973614775725594,701.1817195965021,1402.363439193004,0.5405160879238226,0.0,0.0,1.0,inf,758.0,inf,220.0,1.0,219.0,0.0,0.0,0.0,0.0,0.0,0.0
670.0,758.0,2272.0,1514.0,757.0,1.9973614775725594,701.1817195965021,1402.363439193004,0.5405160879238226,0.0,0.0,1.0,inf,758.0,inf,219.0,0.0,219.0,0.0,0.0,0.0,0.0,0.0,0.0
671.0,761.0,2281.0,1520.0,760.0,1.997371879106439,703.8743235713944,1407.7486471427885,0.5405794575221577,0.0,0.0,1.0,inf,761.0,inf,220.0,3.0,217.0,0.0,0.0,0.0,0.0,0.0,0.0
672.0,761.0,2281.0,1520.0,760.0,1.997371879106439,703.8743235713944,1407.7486471427885,0.5405794575221577,0.0,0.0,1.0,inf,761.0,inf,215.0,0.0,215.0,0.0,0.0,0.0,0.0,0.0,0.0
673.0,762.0,2284.0,1522.0,761.0,1.9973753280839894,704.8036503741455,1409.6073007482908,0.5405760878192756,0.0,0.0,1.0,inf,762.0,inf,220.0,1.0,219.0,0.0,0.0,0.0,0.0,0.0,0.0
674.0,762.0,2284.0,1522.0,761.0,1.9973753280839894,704.8036503741455,1409.6073007482908,0.5405760878192756,0.0,0.0,1.0,inf,762.0,inf,218.0,0.0,218.0,0.0,0.0,0.0,0.0,0.0,0.0
675.0,762.0,2284.0,1522.0,761.0,1.9973753280839894,704.8036503741455,1409.6073007482908,0.5405760878192756,0.0,0.0,1.0,inf,762.0,inf,220.0,0.0,220.0,0.0,0.0,0.0,0.0,0.0,0.0
676.0,764.0,2290.0,1526.0,763.0,1.9973821989528795,706.6655999593798,1413.3311999187595,0.5405668537168895,0.0,0.0,1.0,inf,764.0,inf,220.0,2.0,218.0,0.0,0.0,0.0,0.0,0.0,0.0
677.0,764.0,2290.0,1526.0,763.0,1.9973821989528795,706.6655999593798,1413.3311999187595,0.5405668537168895,0.0,0.0,1.0,inf,764.0,inf,217.0,0.0,217.0,0.0,0.0,0.0,0.0,0.0,0.0
678.0,767.0,2299.0,1532.0,766.0,1.9973924380704042,709.4874149248137,1418.9748298496272,0.5405310819229128,0.0,0.0,1.0,inf,767.0,inf,220.0,3.0,217.0,0.0,0.0,0.0,0.0,0.0,0.0
679.0,767.0,2299.0,1532.0,766.0,1.9973924380704042,709.4874149248137,1418.9748298496272,0.5405310819229128,0.0,0.0,1.0,inf,767.0,inf,211.0,0.0,211.0,0.0,0.0,0.0,0.0,0.0,0.0
680.0,767.0,2299.0,1532.0,766.0,1.9973924380704042,709.4874149248137,1418.9748298496272,0.5405310819229128,0.0,0.0,1.0,inf,767.0,inf,220.0,0.0,220.0,0.0,0.0,0.0,0.0,0.0,0.0
681.0,769.0,2305.0,1536.0,768.0,1.9973992197659298,711.2413896358689,1422.4827792717376,0.5406040840745373,0.0,0.0,1.0,inf,769.0,inf,220.0,2.0,218.0,0.0,0.0,0.0,0.0,0.0,0.0
682.0,769.0,2305.0,1536.0,768.0,1.9973992197659298,711.2413896358689,1422.4827792717376,0.5406040840745373,0.0,0.0,1.0,inf,769.0,inf,218.0,0.0,218.0,0.0,0.0,0.0,0.0,0.0,0.0
683.0,770.0,2308.0,1538.0,769.0,1.9974025974025975,712.217882344321,1424.4357646886417,0.5405649163606261,0.0,0.0,1.0,inf,770.0,inf,220.0,1.0,219.0,0.0,0.0,0.0,0.0,0.0,0.0
684.0,770.0,2308.0,1538.0,769.0,1.9974025974025975,712.217882344321,1424.4357646886417,0.5405649163606261,0.0,0.0,1.0,inf,770.0,inf,219.0,0.0,219.0,0.0,0.0,0.0,0.0,0.0,0.0
685.0,771.0,2311.0,1540.0,770.0,1.9974059662775616,713.165905560955,1426.3318111219098,0.5405474336252478,0.0,0.0,1.0,inf,771.0,inf,220.0,1.0,219.0,0.0,0.0,0.0,0.0,0.0,0.0
686.0,771.0,2311.0,1540.0,770.0,1.9974059662775616,713.165905560955,1426.3318111219098,0.5405474336252478,0.0,0.0,1.0,inf,771.0,inf,215.0,0.0,215.0,0.0,0.0,0.0,0.0,0.0,0.0
687.0,772.0,2314.0,1542.0,771.0,1.9974093264248705,714.0509590135708,1428.1019180271414,0.5405776648395538,0.0,0.0,1.0,inf,772.0,inf,220.0,1.0,219.0,0.0,0.0,0.0,0.0,0.0,0.0
688.0,772.0,2314.0,1542.0,771.0,1.9974093264248705,714.0509590135708,1428.1019180271414,0.5405776648395538,0.0,0.0,1.0,inf,772.0,inf,218.0,0.0,218.0,0.0,0.0,0.0,0.0,0.0,0.0
689.0,772.0,2314.0,1542.0,771.0,1.9974093264248705,714.0509590135708,1428.1019180271414,0.5405776648395538,0.0,0.0,1.0,inf,772.0,inf,220.0,0.0,220.0,0.0,0.0,0.0,0.0,0.0,0.0
690.0,774.0,2320.0,1546.0,773.0,1.9974160206718345,715.8549303374401,1431.70986067488,0.5406123274412258,0.0,0.0,1.0,inf,774.0,inf,220.0,2.0,218.0,0.0,0.0,0.0,0.0,0.0,0.0
691.0,774.0,2320.0,1546.0,773.0,1.9974160206718345,715.8549303374401,1431.70986067488,0.5406123274412258,0.0,0.0,1.0,inf,774.0,inf,215.0,0.0,215.0,0.0,0.0,0.0,0.0,0.0,0.0
692.0,774.0,2320.0,1546.0,773.0,1.9974160206718345,715.8549303374401,1431.70986067488,0.5406123274412258,0.0,0.0,1.0,inf,774.0,inf,220.0,0.0,220.0,0.0,0.0,0.0,0.0,0.0,0.0
693.0,775.0,2323.0,1548.0,774.0,1.9974193548387096,716.8547072406996,1433.7094144813989,0.5405558421894948,0.0,0.0,1.0,inf,775.0,inf,220.0,1.0,219.0,0.0,0.0,0.0,0.0,0.0,0.0
694.0,775.0,2323.0,1548.0,774.0,1.9974193548387096,716.8547072406996,1433.7094144813989,0.5405558421894948,0.0,0.0,1.0,inf,775.0,inf,220.0,0.0,220.0,0.0,0.0,0.0,0.0,0.0,0.0
695.0,776.0,2326.0,1550.0,775.0,1.9974226804123711,717.7586479667459,1435.5172959334916,0.5405716825552985,0.0,0.0,1.0,inf,776.0,inf,220.0,1.0,219.0,0.0,0.0,0.0,0.0,0.0,0.0
696.0,776.0,2326.0,1550.0,775.0,1.9974226804123711,717.7586479667459,1435.5172959334916,0.5405716825552985,0.0,0.0,1.0,inf,776.0,inf,218.0,0.0,218.0,0.0,0.0,0.0,0.0,0.0,0.0
697.0,777.0,2329.0,1552.0,776.0,1.9974259974259974,718.672439382114,1437.3448787642278,0.540580073355835,0.0,0.0,1.0,inf,777.0,inf,220.0,1.0,219.0,0.0,0.0,0.0,0.0,0.0,0.0
698.0,777.0,2329.0,1552.0,776.0,1.9974259974259974,718.672439382114,1437.3448787642278,0.540580073355835,0.0,0.0,1.0,inf,777.0,inf,219.0,0.0,219.0,0.0,0.0,0.0,0.0,0.0,0.0
699.0,778.0,2332.0,1554.0,777.0,1.9974293059125965,719.55562749358,1439.1112549871598,0.5406114345252213,0.0,0.0,1.0,inf,778.0,inf,220.0,1.0,219.0,0.0,0.0,0.0,0.0,0.0,0.0
700.0,778.0,2332.0,1554.0,777.0,1.9974293059125965,719.55562749358,1439.1112549871598,0.5406114345252213,0.0,0.0,1.0,inf,778.0,inf,220.0,0.0,220.0,0.0,0.0,0.0,0.0,0.0,0.0
