t,site_subsystems,total_subsystems,interface_subsystems,n_links,mean_degree,frontier_radius,volume_proxy,density,energy_remaining,energy_density,creation_rate_modifier,memory_total,memory_bound,memory_free,birth_attempts,births_accepted,births_reject_exclusion,births_reject_memory,births_reject_energy,deaths_attempted,deaths_executed,links_attempted_random,links_added_random
0.0,2.0,4.0,2.0,1.0,1.0,0.13597475403099618,0.2719495080619923,7.35430637199053,0.0,0.0,1.0,inf,2.0,inf,0.0,0.0,0.0,0.0,0.0,0.0,0.0,0.0,0.0
1.0,2.0,4.0,2.0,1.0,1.0,0.13597475403099618,0.2719495080619923,7.35430637199053,0.0,0.0,1.0,inf,2.0,inf,0.0,0.0,0.0,0.0,0.0,0.0,0.0,0.0,0.0
2.0,32.0,94.0,62.0,31.0,1.9375,27.81480242226191,55.62960484452381,0.5752332789246855,0.0,0.0,1.0,inf,32.0,inf,220.0,30.0,190.0,0.0,0.0,0.0,0.0,0.0,0.0
3.0,32.0,94.0,62.0,31.0,1.9375,27.81480242226191,55.62960484452381,0.5752332789246855,0.0,0.0,1.0,inf,32.0,inf,0.0,0.0,0.0,0.0,0.0,0.0,0.0,0.0,0.0
4.0,40.0,118.0,78.0,39.0,1.95,35.331908329989474,70.66381665997893,0.566060565232027,0.0,0.0,1.0,inf,40.0,inf,220.0,8.0,212.0,0.0,0.0,0.0,0.0,0.0,0.0
5.0,40.0,118.0,78.0,39.0,1.95,35.331908329989474,70.66381665997893,0.566060565232027,0.0,0.0,1.0,inf,40.0,inf,0.0,0.0,0.0,0.0,0.0,0.0,0.0,0.0,0.0
6.0,54.0,160.0,106.0,53.0,1.962962962962963,48.41181646948056,96.82363293896111,0.5577150780330904,0.0,0.0,1.0,inf,54.0,inf,220.0,14.0,206.0,0.0,0.0,0.0,0.0,0.0,0.0
7.0,54.0,160.0,106.0,53.0,1.962962962962963,48.41181646948056,96.82363293896111,0.5577150780330904,0.0,0.0,1.0,inf,54.0,inf,0.0,0.0,0.0,0.0,0.0,0.0,0.0,0.0,0.0
8.0,63.0,187.0,124.0,62.0,1.9682539682539681,56.604343125509295,113.20868625101858,0.5564944006178958,0.0,0.0,1.0,inf,63.0,inf,220.0,9.0,211.0,0.0,0.0,0.0,0.0,0.0,0.0
9.0,63.0,187.0,124.0,62.0,1.9682539682539681,56.604343125509295,113.20868625101858,0.5564944006178958,0.0,0.0,1.0,inf,63.0,inf,22.0,0.0,22.0,0.0,0.0,0.0,0.0,0.0,0.0
10.0,69.0,205.0,136.0,68.0,1.9710144927536233,62.01871406304108,124.03742812608215,0.556283704382056,0.0,0.0,1.0,inf,69.0,inf,220.0,6.0,214.0,0.0,0.0,0.0,0.0,0.0,0.0
11.0,69.0,205.0,136.0,68.0,1.9710144927536233,62.01871406304108,124.03742812608215,0.556283704382056,0.0,0.0,1.0,inf,69.0,inf,101.0,0.0,101.0,0.0,0.0,0.0,0.0,0.0,0.0
12.0,82.0,244.0,162.0,81.0,1.975609756097561,74.11291455379735,148.22582910759468,0.5532099263244974,0.0,0.0,1.0,inf,82.0,inf,220.0,13.0,207.0,0.0,0.0,0.0,0.0,0.0,0.0
13.0,82.0,244.0,162.0,81.0,1.975609756097561,74.11291455379735,148.22582910759468,0.5532099263244974,0.0,0.0,1.0,inf,82.0,inf,0.0,0.0,0.0,0.0,0.0,0.0,0.0,0.0,0.0
14.0,91.0,271.0,180.0,90.0,1.978021978021978,82.43217416744089,164.86434833488175,0.5519689424614451,0.0,0.0,1.0,inf,91.0,inf,220.0,9.0,211.0,0.0,0.0,0.0,0.0,0.0,0.0
15.0,91.0,271.0,180.0,90.0,1.978021978021978,82.43217416744089,164.86434833488175,0.5519689424614451,0.0,0.0,1.0,inf,91.0,inf,87.0,0.0,87.0,0.0,0.0,0.0,0.0,0.0,0.0
16.0,101.0,301.0,200.0,100.0,1.9801980198019802,91.6721322309268,183.34426446185358,0.5508762452779861,0.0,0.0,1.0,inf,101.0,inf,220.0,10.0,210.0,0.0,0.0,0.0,0.0,0.0,0.0
17.0,101.0,301.0,200.0,100.0,1.9801980198019802,91.6721322309268,183.34426446185358,0.5508762452779861,0.0,0.0,1.0,inf,101.0,inf,90.0,0.0,90.0,0.0,0.0,0.0,0.0,0.0,0.0
18.0,104.0,310.0,206.0,103.0,1.9807692307692308,94.44020985679926,188.88041971359849,0.5506129230213295,0.0,0.0,1.0,inf,104.0,inf,220.0,3.0,217.0,0.0,0.0,0.0,0.0,0.0,0.0
19.0,104.0,310.0,206.0,103.0,1.9807692307692308,94.44020985679926,188.88041971359849,0.5506129230213295,0.0,0.0,1.0,inf,104.0,inf,179.0,0.0,179.0,0.0,0.0,0.0,0.0,0.0,0.0
20.0,108.0,322.0,214.0,107.0,1.9814814814814814,98.09151538505813,196.18303077011623,0.5505063285853324,0.0,0.0,1.0,inf,108.0,inf,220.0,4.0,216.0,0.0,0.0,0.0,0.0,0.0,0.0
21.0,108.0,322.0,214.0,107.0,1.9814814814814814,98.09151538505813,196.18303077011623,0.5505063285853324,0.0,0.0,1.0,inf,108.0,inf,173.0,0.0,173.0,0.0,0.0,0.0,0.0,0.0,0.0
22.0,114.0,340.0,226.0,113.0,1.9824561403508771,103.7191569558218,207.43831391164358,0.5495609651385676,0.0,0.0,1.0,inf,114.0,inf,220.0,6.0,214.0,0.0,0.0,0.0,0.0,0.0,0.0
23.0,114.0,340.0,226.0,113.0,1.9824561403508771,103.7191569558218,207.43831391164358,0.5495609651385676,0.0,0.0,1.0,inf,114.0,inf,139.0,0.0,139.0,0.0,0.0,0.0,0.0,0.0,0.0
24.0,119.0,355.0,236.0,118.0,1.9831932773109244,108.30466497661146,216.6093299532229,0.549376151182861,0.0,0.0,1.0,inf,119.0,inf,220.0,5.0,215.0,0.0,0.0,0.0,0.0,0.0,0.0
25.0,119.0,355.0,236.0,118.0,1.9831932773109244,108.30466497661146,216.6093299532229,0.549376151182861,0.0,0.0,1.0,inf,119.0,inf,148.0,0.0,148.0,0.0,0.0,0.0,0.0,0.0,0.0
26.0,122.0,364.0,242.0,121.0,1.9836065573770492,111.18577607470468,222.37155214940933,0.5486313281567121,0.0,0.0,1.0,inf,122.0,inf,220.0,3.0,217.0,0.0,0.0,0.0,0.0,0.0,0.0
27.0,122.0,364.0,242.0,121.0,1.9836065573770492,111.18577607470468,222.37155214940933,0.5486313281567121,0.0,0.0,1.0,inf,122.0,inf,183.0,0.0,183.0,0.0,0.0,0.0,0.0,0.0,0.0
28.0,126.0,376.0,250.0,125.0,1.9841269841269842,114.87040092965495,229.74080185930987,0.5484441552404813,0.0,0.0,1.0,inf,126.0,inf,220.0,4.0,216.0,0.0,0.0,0.0,0.0,0.0,0.0
29.0,126.0,376.0,250.0,125.0,1.9841269841269842,114.87040092965495,229.74080185930987,0.5484441552404813,0.0,0.0,1.0,inf,126.0,inf,170.0,0.0,170.0,0.0,0.0,0.0,0.0,0.0,0.0
30.0,130.0,388.0,258.0,129.0,1.9846153846153847,118.48271866006243,236.96543732012483,0.5486032118024811,0.0,0.0,1.0,inf,130.0,inf,220.0,4.0,216.0,0.0,0.0,0.0,0.0,0.0,0.0
31.0,130.0,388.0,258.0,129.0,1.9846153846153847,118.48271866006243,236.96543732012483,0.5486032118024811,0.0,0.0,1.0,inf,130.0,inf,170.0,0.0,170.0,0.0,0.0,0.0,0.0,0.0,0.0
32.0,141.0,421.0,280.0,140.0,1.9858156028368794,128.59004401596926,257.18008803193845,0.5482539534028373,0.0,0.0,1.0,inf,141.0,inf,220.0,11.0,209.0,0.0,0.0,0.0,0.0,0.0,0.0
33.0,141.0,421.0,280.0,140.0,1.9858156028368794,128.59004401596926,257.18008803193845,0.5482539534028373,0.0,0.0,1.0,inf,141.0,inf,106.0,0.0,106.0,0.0,0.0,0.0,0.0,0.0,0.0
34.0,149.0,445.0,296.0,148.0,1.9865771812080537,135.80703237585942,271.6140647517188,0.5485724759363998,0.0,0.0,1.0,inf,149.0,inf,220.0,8.0,212.0,0.0,0.0,0.0,0.0,0.0,0.0
35.0,149.0,445.0,296.0,148.0,1.9865771812080537,135.80703237585942,271.6140647517188,0.5485724759363998,0.0,0.0,1.0,inf,149.0,inf,154.0,0.0,154.0,0.0,0.0,0.0,0.0,0.0,0.0
36.0,155.0,463.0,308.0,154.0,1.9870967741935484,141.45265249305237,282.9053049861047,0.547886509260097,0.0,0.0,1.0,inf,155.0,inf,220.0,6.0,214.0,0.0,0.0,0.0,0.0,0.0,0.0
37.0,155.0,463.0,308.0,154.0,1.9870967741935484,141.45265249305237,282.9053049861047,0.547886509260097,0.0,0.0,1.0,inf,155.0,inf,172.0,0.0,172.0,0.0,0.0,0.0,0.0,0.0,0.0
38.0,156.0,466.0,310.0,155.0,1.9871794871794872,142.35748401267156,284.71496802534307,0.5479163989232703,0.0,0.0,1.0,inf,156.0,inf,220.0,1.0,219.0,0.0,0.0,0.0,0.0,0.0,0.0
39.0,156.0,466.0,310.0,155.0,1.9871794871794872,142.35748401267156,284.71496802534307,0.5479163989232703,0.0,0.0,1.0,inf,156.0,inf,208.0,0.0,208.0,0.0,0.0,0.0,0.0,0.0,0.0
40.0,156.0,466.0,310.0,155.0,1.9871794871794872,142.35748401267156,284.71496802534307,0.5479163989232703,0.0,0.0,1.0,inf,156.0,inf,220.0,0.0,220.0,0.0,0.0,0.0,0.0,0.0,0.0
41.0,160.0,478.0,318.0,159.0,1.9875,146.00208644586326,292.00417289172645,0.5479373750570582,0.0,0.0,1.0,inf,160.0,inf,220.0,4.0,216.0,0.0,0.0,0.0,0.0,0.0,0.0
42.0,160.0,478.0,318.0,159.0,1.9875,146.00208644586326,292.00417289172645,0.5479373750570582,0.0,0.0,1.0,inf,160.0,inf,180.0,0.0,180.0,0.0,0.0,0.0,0.0,0.0,0.0
43.0,164.0,490.0,326.0,163.0,1.9878048780487805,149.9029168406117,299.80583368122336,0.5470207099918457,0.0,0.0,1.0,inf,164.0,inf,220.0,4.0,216.0,0.0,0.0,0.0,0.0,0.0,0.0
44.0,164.0,490.0,326.0,163.0,1.9878048780487805,149.9029168406117,299.80583368122336,0.5470207099918457,0.0,0.0,1.0,inf,164.0,inf,192.0,0.0,192.0,0.0,0.0,0.0,0.0,0.0,0.0
45.0,167.0,499.0,332.0,166.0,1.9880239520958083,152.76622709294205,305.53245418588403,0.5465867789560523,0.0,0.0,1.0,inf,167.0,inf,220.0,3.0,217.0,0.0,0.0,0.0,0.0,0.0,0.0
46.0,167.0,499.0,332.0,166.0,1.9880239520958083,152.76622709294205,305.53245418588403,0.5465867789560523,0.0,0.0,1.0,inf,167.0,inf,194.0,0.0,194.0,0.0,0.0,0.0,0.0,0.0,0.0
47.0,173.0,517.0,344.0,172.0,1.9884393063583814,158.33568351171547,316.6713670234309,0.5463076805021009,0.0,0.0,1.0,inf,173.0,inf,220.0,6.0,214.0,0.0,0.0,0.0,0.0,0.0,0.0
48.0,173.0,517.0,344.0,172.0,1.9884393063583814,158.33568351171547,316.6713670234309,0.5463076805021009,0.0,0.0,1.0,inf,173.0,inf,168.0,0.0,168.0,0.0,0.0,0.0,0.0,0.0,0.0
49.0,177.0,529.0,352.0,176.0,1.9887005649717515,162.00479898803135,324.00959797606265,0.5462801136313143,0.0,0.0,1.0,inf,177.0,inf,220.0,4.0,216.0,0.0,0.0,0.0,0.0,0.0,0.0
50.0,177.0,529.0,352.0,176.0,1.9887005649717515,162.00479898803135,324.00959797606265,0.5462801136313143,0.0,0.0,1.0,inf,177.0,inf,182.0,0.0,182.0,0.0,0.0,0.0,0.0,0.0,0.0
51.0,182.0,544.0,362.0,181.0,1.989010989010989,166.70701270877223,333.4140254175444,0.5458678583544166,0.0,0.0,1.0,inf,182.0,inf,220.0,5.0,215.0,0.0,0.0,0.0,0.0,0.0,0.0
52.0,182.0,544.0,362.0,181.0,1.989010989010989,166.70701270877223,333.4140254175444,0.5458678583544166,0.0,0.0,1.0,inf,182.0,inf,179.0,0.0,179.0,0.0,0.0,0.0,0.0,0.0,0.0
53.0,186.0,556.0,370.0,185.0,1.989247311827957,170.43619392788156,340.87238785576307,0.5456587468701165,0.0,0.0,1.0,inf,186.0,inf,220.0,4.0,216.0,0.0,0.0,0.0,0.0,0.0,0.0
54.0,186.0,556.0,370.0,185.0,1.989247311827957,170.43619392788156,340.87238785576307,0.5456587468701165,0.0,0.0,1.0,inf,186.0,inf,188.0,0.0,188.0,0.0,0.0,0.0,0.0,0.0,0.0
55.0,190.0,568.0,378.0,189.0,1.9894736842105263,174.25233889777908,348.5046777955581,0.5451863693819884,0.0,0.0,1.0,inf,190.0,inf,220.0,4.0,216.0,0.0,0.0,0.0,0.0,0.0,0.0
56.0,190.0,568.0,378.0,189.0,1.9894736842105263,174.25233889777908,348.5046777955581,0.5451863693819884,0.0,0.0,1.0,inf,190.0,inf,191.0,0.0,191.0,0.0,0.0,0.0,0.0,0.0,0.0
57.0,193.0,577.0,384.0,192.0,1.9896373056994818,176.90830230732786,353.81660461465566,0.5454803349610959,0.0,0.0,1.0,inf,193.0,inf,220.0,3.0,217.0,0.0,0.0,0.0,0.0,0.0,0.0
58.0,193.0,577.0,384.0,192.0,1.9896373056994818,176.90830230732786,353.81660461465566,0.5454803349610959,0.0,0.0,1.0,inf,193.0,inf,197.0,0.0,197.0,0.0,0.0,0.0,0.0,0.0,0.0
59.0,196.0,586.0,390.0,195.0,1.989795918367347,179.63159147232764,359.2631829446552,0.5455610519104985,0.0,0.0,1.0,inf,196.0,inf,220.0,3.0,217.0,0.0,0.0,0.0,0.0,0.0,0.0
60.0,196.0,586.0,390.0,195.0,1.989795918367347,179.63159147232764,359.2631829446552,0.5455610519104985,0.0,0.0,1.0,inf,196.0,inf,198.0,0.0,198.0,0.0,0.0,0.0,0.0,0.0,0.0
61.0,199.0,595.0,396.0,198.0,1.9899497487437185,182.49144539087138,364.9828907817427,0.5452310369227709,0.0,0.0,1.0,inf,199.0,inf,220.0,3.0,217.0,0.0,0.0,0.0,0.0,0.0,0.0
62.0,199.0,595.0,396.0,198.0,1.9899497487437185,182.49144539087138,364.9828907817427,0.5452310369227709,0.0,0.0,1.0,inf,199.0,inf,186.0,0.0,186.0,0.0,0.0,0.0,0.0,0.0,0.0
63.0,209.0,625.0,416.0,208.0,1.9904306220095693,191.6157961727158,383.2315923454315,0.545362136563143,0.0,0.0,1.0,inf,209.0,inf,220.0,10.0,210.0,0.0,0.0,0.0,0.0,0.0,0.0
64.0,209.0,625.0,416.0,208.0,1.9904306220095693,191.6157961727158,383.2315923454315,0.545362136563143,0.0,0.0,1.0,inf,209.0,inf,158.0,0.0,158.0,0.0,0.0,0.0,0.0,0.0,0.0
65.0,214.0,640.0,426.0,213.0,1.9906542056074767,196.22245877551634,392.44491755103263,0.5452994558712101,0.0,0.0,1.0,inf,214.0,inf,220.0,5.0,215.0,0.0,0.0,0.0,0.0,0.0,0.0
66.0,214.0,640.0,426.0,213.0,1.9906542056074767,196.22245877551634,392.44491755103263,0.5452994558712101,0.0,0.0,1.0,inf,214.0,inf,192.0,0.0,192.0,0.0,0.0,0.0,0.0,0.0,0.0
67.0,219.0,655.0,436.0,218.0,1.9908675799086757,200.80669747085636,401.61339494171267,0.5453005371790055,0.0,0.0,1.0,inf,219.0,inf,220.0,5.0,215.0,0.0,0.0,0.0,0.0,0.0,0.0
68.0,219.0,655.0,436.0,218.0,1.9908675799086757,200.80669747085636,401.61339494171267,0.5453005371790055,0.0,0.0,1.0,inf,219.0,inf,183.0,0.0,183.0,0.0,0.0,0.0,0.0,0.0,0.0
69.0,223.0,667.0,444.0,222.0,1.9910313901345291,204.5365097347492,409.0730194694983,0.5451349499636886,0.0,0.0,1.0,inf,223.0,inf,220.0,4.0,216.0,0.0,0.0,0.0,0.0,0.0,0.0
70.0,223.0,667.0,444.0,222.0,1.9910313901345291,204.5365097347492,409.0730194694983,0.5451349499636886,0.0,0.0,1.0,inf,223.0,inf,196.0,0.0,196.0,0.0,0.0,0.0,0.0,0.0,0.0
71.0,226.0,676.0,450.0,225.0,1.991150442477876,207.2889094365274,414.57781887305475,0.5451328790679996,0.0,0.0,1.0,inf,226.0,inf,220.0,3.0,217.0,0.0,0.0,0.0,0.0,0.0,0.0
72.0,226.0,676.0,450.0,225.0,1.991150442477876,207.2889094365274,414.57781887305475,0.5451328790679996,0.0,0.0,1.0,inf,226.0,inf,198.0,0.0,198.0,0.0,0.0,0.0,0.0,0.0,0.0
73.0,231.0,691.0,460.0,230.0,1.9913419913419914,212.12661555133423,424.2532311026684,0.5444861301341474,0.0,0.0,1.0,inf,231.0,inf,220.0,5.0,215.0,0.0,0.0,0.0,0.0,0.0,0.0
74.0,231.0,691.0,460.0,230.0,1.9913419913419914,212.12661555133423,424.2532311026684,0.5444861301341474,0.0,0.0,1.0,inf,231.0,inf,185.0,0.0,185.0,0.0,0.0,0.0,0.0,0.0,0.0
75.0,232.0,694.0,462.0,231.0,1.9913793103448276,213.05309810277393,426.1061962055478,0.5444652109402474,0.0,0.0,1.0,inf,232.0,inf,220.0,1.0,219.0,0.0,0.0,0.0,0.0,0.0,0.0
76.0,232.0,694.0,462.0,231.0,1.9913793103448276,213.05309810277393,426.1061962055478,0.5444652109402474,0.0,0.0,1.0,inf,232.0,inf,214.0,0.0,214.0,0.0,0.0,0.0,0.0,0.0,0.0
77.0,235.0,703.0,468.0,234.0,1.9914893617021276,215.65847713509453,431.316954270189,0.5448429459436214,0.0,0.0,1.0,inf,235.0,inf,220.0,3.0,217.0,0.0,0.0,0.0,0.0,0.0,0.0
78.0,235.0,703.0,468.0,234.0,1.9914893617021276,215.65847713509453,431.316954270189,0.5448429459436214,0.0,0.0,1.0,inf,235.0,inf,204.0,0.0,204.0,0.0,0.0,0.0,0.0,0.0,0.0
79.0,241.0,721.0,480.0,240.0,1.991701244813278,221.27188956778207,442.5437791355641,0.5445788899592117,0.0,0.0,1.0,inf,241.0,inf,220.0,6.0,214.0,0.0,0.0,0.0,0.0,0.0,0.0
80.0,241.0,721.0,480.0,240.0,1.991701244813278,221.27188956778207,442.5437791355641,0.5445788899592117,0.0,0.0,1.0,inf,241.0,inf,188.0,0.0,188.0,0.0,0.0,0.0,0.0,0.0,0.0
81.0,243.0,727.0,484.0,242.0,1.991769547325103,223.08854752204851,446.177095044097,0.5446267921395284,0.0,0.0,1.0,inf,243.0,inf,220.0,2.0,218.0,0.0,0.0,0.0,0.0,0.0,0.0
82.0,243.0,727.0,484.0,242.0,1.991769547325103,223.08854752204851,446.177095044097,0.5446267921395284,0.0,0.0,1.0,inf,243.0,inf,201.0,0.0,201.0,0.0,0.0,0.0,0.0,0.0,0.0
83.0,246.0,736.0,490.0,245.0,1.991869918699187,225.80136882910097,451.6027376582019,0.5447265472207711,0.0,0.0,1.0,inf,246.0,inf,220.0,3.0,217.0,0.0,0.0,0.0,0.0,0.0,0.0
84.0,246.0,736.0,490.0,245.0,1.991869918699187,225.80136882910097,451.6027376582019,0.5447265472207711,0.0,0.0,1.0,inf,246.0,inf,198.0,0.0,198.0,0.0,0.0,0.0,0.0,0.0,0.0
85.0,248.0,742.0,494.0,247.0,1.9919354838709677,227.58549291328166,455.17098582656325,0.5448501941520874,0.0,0.0,1.0,inf,248.0,inf,220.0,2.0,218.0,0.0,0.0,0.0,0.0,0.0,0.0
86.0,248.0,742.0,494.0,247.0,1.9919354838709677,227.58549291328166,455.17098582656325,0.5448501941520874,0.0,0.0,1.0,inf,248.0,inf,210.0,0.0,210.0,0.0,0.0,0.0,0.0,0.0,0.0
87.0,249.0,745.0,496.0,248.0,1.9919678714859437,228.4632529755669,456.9265059511337,0.5449454053484686,0.0,0.0,1.0,inf,249.0,inf,220.0,1.0,219.0,0.0,0.0,0.0,0.0,0.0,0.0
88.0,249.0,745.0,496.0,248.0,1.9919678714859437,228.4632529755669,456.9265059511337,0.5449454053484686,0.0,0.0,1.0,inf,249.0,inf,212.0,0.0,212.0,0.0,0.0,0.0,0.0,0.0,0.0
89.0,255.0,763.0,508.0,254.0,1.992156862745098,234.18952979556641,468.3790595911328,0.5444308296417008,0.0,0.0,1.0,inf,255.0,inf,220.0,6.0,214.0,0.0,0.0,0.0,0.0,0.0,0.0
90.0,255.0,763.0,508.0,254.0,1.992156862745098,234.18952979556641,468.3790595911328,0.5444308296417008,0.0,0.0,1.0,inf,255.0,inf,191.0,0.0,191.0,0.0,0.0,0.0,0.0,0.0,0.0
91.0,259.0,775.0,516.0,258.0,1.9922779922779923,237.7201666203471,475.44033324069414,0.5447581576316957,0.0,0.0,1.0,inf,259.0,inf,220.0,4.0,216.0,0.0,0.0,0.0,0.0,0.0,0.0
92.0,259.0,775.0,516.0,258.0,1.9922779922779923,237.7201666203471,475.44033324069414,0.5447581576316957,0.0,0.0,1.0,inf,259.0,inf,204.0,0.0,204.0,0.0,0.0,0.0,0.0,0.0,0.0
93.0,262.0,784.0,522.0,261.0,1.9923664122137406,240.5346210820655,481.06924216413097,0.5446201441218123,0.0,0.0,1.0,inf,262.0,inf,220.0,3.0,217.0,0.0,0.0,0.0,0.0,0.0,0.0
94.0,262.0,784.0,522.0,261.0,1.9923664122137406,240.5346210820655,481.06924216413097,0.5446201441218123,0.0,0.0,1.0,inf,262.0,inf,212.0,0.0,212.0,0.0,0.0,0.0,0.0,0.0,0.0
95.0,265.0,793.0,528.0,264.0,1.9924528301886792,243.34623184778474,486.6924636955694,0.5444916857511891,0.0,0.0,1.0,inf,265.0,inf,220.0,3.0,217.0,0.0,0.0,0.0,0.0,0.0,0.0
96.0,265.0,793.0,528.0,264.0,1.9924528301886792,243.34623184778474,486.6924636955694,0.5444916857511891,0.0,0.0,1.0,inf,265.0,inf,204.0,0.0,204.0,0.0,0.0,0.0,0.0,0.0,0.0
97.0,266.0,796.0,530.0,265.0,1.9924812030075187,244.19626659600323,488.3925331920064,0.5446438713169779,0.0,0.0,1.0,inf,266.0,inf,220.0,1.0,219.0,0.0,0.0,0.0,0.0,0.0,0.0
98.0,266.0,796.0,530.0,265.0,1.9924812030075187,244.19626659600323,488.3925331920064,0.5446438713169779,0.0,0.0,1.0,inf,266.0,inf,214.0,0.0,214.0,0.0,0.0,0.0,0.0,0.0,0.0
99.0,268.0,802.0,534.0,267.0,1.992537313432836,246.0749163451176,492.14983269023514,0.5445496111113834,0.0,0.0,1.0,inf,268.0,inf,220.0,2.0,218.0,0.0,0.0,0.0,0.0,0.0,0.0
100.0,268.0,802.0,534.0,267.0,1.992537313432836,246.0749163451176,492.14983269023514,0.5445496111113834,0.0,0.0,1.0,inf,268.0,inf,206.0,0.0,206.0,0.0,0.0,0.0,0.0,0.0,0.0
101.0,271.0,811.0,540.0,270.0,1.992619926199262,248.87744581508647,497.7548916301729,0.5444446745916671,0.0,0.0,1.0,inf,271.0,inf,220.0,3.0,217.0,0.0,0.0,0.0,0.0,0.0,0.0
102.0,271.0,811.0,540.0,270.0,1.992619926199262,248.87744581508647,497.7548916301729,0.5444446745916671,0.0,0.0,1.0,inf,271.0,inf,200.0,0.0,200.0,0.0,0.0,0.0,0.0,0.0,0.0
103.0,274.0,820.0,546.0,273.0,1.9927007299270072,251.6367854625031,503.27357092500614,0.5444355035302049,0.0,0.0,1.0,inf,274.0,inf,220.0,3.0,217.0,0.0,0.0,0.0,0.0,0.0,0.0
104.0,274.0,820.0,546.0,273.0,1.9927007299270072,251.6367854625031,503.27357092500614,0.5444355035302049,0.0,0.0,1.0,inf,274.0,inf,205.0,0.0,205.0,0.0,0.0,0.0,0.0,0.0,0.0
105.0,275.0,823.0,548.0,274.0,1.9927272727272727,252.5779363574608,505.15587271492154,0.5443864257620793,0.0,0.0,1.0,inf,275.0,inf,220.0,1.0,219.0,0.0,0.0,0.0,0.0,0.0,0.0
106.0,275.0,823.0,548.0,274.0,1.9927272727272727,252.5779363574608,505.15587271492154,0.5443864257620793,0.0,0.0,1.0,inf,275.0,inf,216.0,0.0,216.0,0.0,0.0,0.0,0.0,0.0,0.0
107.0,279.0,835.0,556.0,278.0,1.992831541218638,256.46443516023606,512.928870320472,0.5439350680839704,0.0,0.0,1.0,inf,279.0,inf,220.0,4.0,216.0,0.0,0.0,0.0,0.0,0.0,0.0
108.0,279.0,835.0,556.0,278.0,1.992831541218638,256.46443516023606,512.928870320472,0.5439350680839704,0.0,0.0,1.0,inf,279.0,inf,200.0,0.0,200.0,0.0,0.0,0.0,0.0,0.0,0.0
109.0,286.0,856.0,570.0,285.0,1.993006993006993,262.8543262838379,525.7086525676757,0.5440275685079818,0.0,0.0,1.0,inf,286.0,inf,220.0,7.0,213.0,0.0,0.0,0.0,0.0,0.0,0.0
110.0,286.0,856.0,570.0,285.0,1.993006993006993,262.8543262838379,525.7086525676757,0.5440275685079818,0.0,0.0,1.0,inf,286.0,inf,180.0,0.0,180.0,0.0,0.0,0.0,0.0,0.0,0.0
111.0,288.0,862.0,574.0,287.0,1.9930555555555556,264.83369633402424,529.6673926680484,0.5437374548379922,0.0,0.0,1.0,inf,288.0,inf,220.0,2.0,218.0,0.0,0.0,0.0,0.0,0.0,0.0
112.0,288.0,862.0,574.0,287.0,1.9930555555555556,264.83369633402424,529.6673926680484,0.5437374548379922,0.0,0.0,1.0,inf,288.0,inf,213.0,0.0,213.0,0.0,0.0,0.0,0.0,0.0,0.0
113.0,289.0,865.0,576.0,288.0,1.9930795847750864,265.7776101421198,531.5552202842395,0.5436876338933564,0.0,0.0,1.0,inf,289.0,inf,220.0,1.0,219.0,0.0,0.0,0.0,0.0,0.0,0.0
114.0,289.0,865.0,576.0,288.0,1.9930795847750864,265.7776101421198,531.5552202842395,0.5436876338933564,0.0,0.0,1.0,inf,289.0,inf,216.0,0.0,216.0,0.0,0.0,0.0,0.0,0.0,0.0
115.0,289.0,865.0,576.0,288.0,1.9930795847750864,265.7776101421198,531.5552202842395,0.5436876338933564,0.0,0.0,1.0,inf,289.0,inf,220.0,0.0,220.0,0.0,0.0,0.0,0.0,0.0,0.0
116.0,291.0,871.0,580.0,290.0,1.993127147766323,267.6341964714051,535.2683929428101,0.5436525000105721,0.0,0.0,1.0,inf,291.0,inf,220.0,2.0,218.0,0.0,0.0,0.0,0.0,0.0,0.0
117.0,291.0,871.0,580.0,290.0,1.993127147766323,267.6341964714051,535.2683929428101,0.5436525000105721,0.0,0.0,1.0,inf,291.0,inf,205.0,0.0,205.0,0.0,0.0,0.0,0.0,0.0,0.0
118.0,296.0,886.0,590.0,295.0,1.9932432432432432,272.2906551314104,544.5813102628207,0.5435368317306873,0.0,0.0,1.0,inf,296.0,inf,220.0,5.0,215.0,0.0,0.0,0.0,0.0,0.0,0.0
119.0,296.0,886.0,590.0,295.0,1.9932432432432432,272.2906551314104,544.5813102628207,0.5435368317306873,0.0,0.0,1.0,inf,296.0,inf,191.0,0.0,191.0,0.0,0.0,0.0,0.0,0.0,0.0
120.0,297.0,889.0,592.0,296.0,1.9932659932659933,273.1457467251634,546.2914934503267,0.5436657966686894,0.0,0.0,1.0,inf,297.0,inf,220.0,1.0,219.0,0.0,0.0,0.0,0.0,0.0,0.0
121.0,297.0,889.0,592.0,296.0,1.9932659932659933,273.1457467251634,546.2914934503267,0.5436657966686894,0.0,0.0,1.0,inf,297.0,inf,214.0,0.0,214.0,0.0,0.0,0.0,0.0,0.0,0.0
122.0,298.0,892.0,594.0,297.0,1.9932885906040267,274.14236197391824,548.2847239478364,0.54351322767904,0.0,0.0,1.0,inf,298.0,inf,220.0,1.0,219.0,0.0,0.0,0.0,0.0,0.0,0.0
123.0,298.0,892.0,594.0,297.0,1.9932885906040267,274.14236197391824,548.2847239478364,0.54351322767904,0.0,0.0,1.0,inf,298.0,inf,217.0,0.0,217.0,0.0,0.0,0.0,0.0,0.0,0.0
124.0,299.0,895.0,596.0,298.0,1.9933110367892977,275.13045982948194,550.2609196589638,0.5433785851724884,0.0,0.0,1.0,inf,299.0,inf,220.0,1.0,219.0,0.0,0.0,0.0,0.0,0.0,0.0
125.0,299.0,895.0,596.0,298.0,1.9933110367892977,275.13045982948194,550.2609196589638,0.5433785851724884,0.0,0.0,1.0,inf,299.0,inf,214.0,0.0,214.0,0.0,0.0,0.0,0.0,0.0,0.0
126.0,302.0,904.0,602.0,301.0,1.9933774834437086,277.91243080796016,555.8248616159202,0.5433366170811637,0.0,0.0,1.0,inf,302.0,inf,220.0,3.0,217.0,0.0,0.0,0.0,0.0,0.0,0.0
127.0,302.0,904.0,602.0,301.0,1.9933774834437086,277.91243080796016,555.8248616159202,0.5433366170811637,0.0,0.0,1.0,inf,302.0,inf,207.0,0.0,207.0,0.0,0.0,0.0,0.0,0.0,0.0
128.0,303.0,907.0,604.0,302.0,1.9933993399339933,278.77882783450355,557.557655669007,0.5434415560780594,0.0,0.0,1.0,inf,303.0,inf,220.0,1.0,219.0,0.0,0.0,0.0,0.0,0.0,0.0
129.0,303.0,907.0,604.0,302.0,1.9933993399339933,278.77882783450355,557.557655669007,0.5434415560780594,0.0,0.0,1.0,inf,303.0,inf,216.0,0.0,216.0,0.0,0.0,0.0,0.0,0.0,0.0
130.0,305.0,913.0,608.0,304.0,1.9934426229508198,280.58649659244253,561.172993184885,0.5435044161141843,0.0,0.0,1.0,inf,305.0,inf,220.0,2.0,218.0,0.0,0.0,0.0,0.0,0.0,0.0
131.0,305.0,913.0,608.0,304.0,1.9934426229508198,280.58649659244253,561.172993184885,0.5435044161141843,0.0,0.0,1.0,inf,305.0,inf,212.0,0.0,212.0,0.0,0.0,0.0,0.0,0.0,0.0
132.0,307.0,919.0,612.0,306.0,1.993485342019544,282.4676845849733,564.9353691699465,0.5434249947052736,0.0,0.0,1.0,inf,307.0,inf,220.0,2.0,218.0,0.0,0.0,0.0,0.0,0.0,0.0
133.0,307.0,919.0,612.0,306.0,1.993485342019544,282.4676845849733,564.9353691699465,0.5434249947052736,0.0,0.0,1.0,inf,307.0,inf,210.0,0.0,210.0,0.0,0.0,0.0,0.0,0.0,0.0
134.0,310.0,928.0,618.0,309.0,1.9935483870967743,285.2340749149952,570.4681498299902,0.5434133353323679,0.0,0.0,1.0,inf,310.0,inf,220.0,3.0,217.0,0.0,0.0,0.0,0.0,0.0,0.0
135.0,310.0,928.0,618.0,309.0,1.9935483870967743,285.2340749149952,570.4681498299902,0.5434133353323679,0.0,0.0,1.0,inf,310.0,inf,204.0,0.0,204.0,0.0,0.0,0.0,0.0,0.0,0.0
136.0,314.0,940.0,626.0,313.0,1.9936305732484076,288.95761960941024,577.9152392188204,0.5433322720896582,0.0,0.0,1.0,inf,314.0,inf,220.0,4.0,216.0,0.0,0.0,0.0,0.0,0.0,0.0
137.0,314.0,940.0,626.0,313.0,1.9936305732484076,288.95761960941024,577.9152392188204,0.5433322720896582,0.0,0.0,1.0,inf,314.0,inf,195.0,0.0,195.0,0.0,0.0,0.0,0.0,0.0,0.0
138.0,316.0,946.0,630.0,315.0,1.9936708860759493,290.7837653727261,581.5675307454521,0.5433590826416183,0.0,0.0,1.0,inf,316.0,inf,220.0,2.0,218.0,0.0,0.0,0.0,0.0,0.0,0.0
139.0,316.0,946.0,630.0,315.0,1.9936708860759493,290.7837653727261,581.5675307454521,0.5433590826416183,0.0,0.0,1.0,inf,316.0,inf,214.0,0.0,214.0,0.0,0.0,0.0,0.0,0.0,0.0
140.0,319.0,955.0,636.0,318.0,1.993730407523511,293.65022233735345,587.3004446747068,0.5431632189154689,0.0,0.0,1.0,inf,319.0,inf,220.0,3.0,217.0,0.0,0.0,0.0,0.0,0.0,0.0
141.0,319.0,955.0,636.0,318.0,1.993730407523511,293.65022233735345,587.3004446747068,0.5431632189154689,0.0,0.0,1.0,inf,319.0,inf,207.0,0.0,207.0,0.0,0.0,0.0,0.0,0.0,0.0
142.0,321.0,961.0,640.0,320.0,1.9937694704049844,295.48570366907353,590.971407338147,0.5431734869303542,0.0,0.0,1.0,inf,321.0,inf,220.0,2.0,218.0,0.0,0.0,0.0,0.0,0.0,0.0
143.0,321.0,961.0,640.0,320.0,1.9937694704049844,295.48570366907353,590.971407338147,0.5431734869303542,0.0,0.0,1.0,inf,321.0,inf,211.0,0.0,211.0,0.0,0.0,0.0,0.0,0.0,0.0
144.0,325.0,973.0,648.0,324.0,1.9938461538461538,299.13240090878503,598.26480181757,0.5432377084739525,0.0,0.0,1.0,inf,325.0,inf,220.0,4.0,216.0,0.0,0.0,0.0,0.0,0.0,0.0
145.0,325.0,973.0,648.0,324.0,1.9938461538461538,299.13240090878503,598.26480181757,0.5432377084739525,0.0,0.0,1.0,inf,325.0,inf,203.0,0.0,203.0,0.0,0.0,0.0,0.0,0.0,0.0
146.0,327.0,979.0,652.0,326.0,1.9938837920489296,301.0805124024573,602.1610248049145,0.5430441136670047,0.0,0.0,1.0,inf,327.0,inf,220.0,2.0,218.0,0.0,0.0,0.0,0.0,0.0,0.0
147.0,327.0,979.0,652.0,326.0,1.9938837920489296,301.0805124024573,602.1610248049145,0.5430441136670047,0.0,0.0,1.0,inf,327.0,inf,213.0,0.0,213.0,0.0,0.0,0.0,0.0,0.0,0.0
148.0,327.0,979.0,652.0,326.0,1.9938837920489296,301.0805124024573,602.1610248049145,0.5430441136670047,0.0,0.0,1.0,inf,327.0,inf,220.0,0.0,220.0,0.0,0.0,0.0,0.0,0.0,0.0
149.0,332.0,994.0,662.0,331.0,1.9939759036144578,305.77799183464936,611.5559836692986,0.5428775269404124,0.0,0.0,1.0,inf,332.0,inf,220.0,5.0,215.0,0.0,0.0,0.0,0.0,0.0,0.0
150.0,332.0,994.0,662.0,331.0,1.9939759036144578,305.77799183464936,611.5559836692986,0.5428775269404124,0.0,0.0,1.0,inf,332.0,inf,192.0,0.0,192.0,0.0,0.0,0.0,0.0,0.0,0.0
151.0,334.0,1000.0,666.0,333.0,1.9940119760479043,307.69645886345404,615.392917726908,0.5427426776923336,0.0,0.0,1.0,inf,334.0,inf,220.0,2.0,218.0,0.0,0.0,0.0,0.0,0.0,0.0
152.0,334.0,1000.0,666.0,333.0,1.9940119760479043,307.69645886345404,615.392917726908,0.5427426776923336,0.0,0.0,1.0,inf,334.0,inf,209.0,0.0,209.0,0.0,0.0,0.0,0.0,0.0,0.0
153.0,335.0,1003.0,668.0,334.0,1.9940298507462686,308.57684242842583,617.1536848568516,0.5428145504433034,0.0,0.0,1.0,inf,335.0,inf,220.0,1.0,219.0,0.0,0.0,0.0,0.0,0.0,0.0
154.0,335.0,1003.0,668.0,334.0,1.9940298507462686,308.57684242842583,617.1536848568516,0.5428145504433034,0.0,0.0,1.0,inf,335.0,inf,217.0,0.0,217.0,0.0,0.0,0.0,0.0,0.0,0.0
155.0,337.0,1009.0,672.0,336.0,1.9940652818991098,310.49230118578754,620.984602371575,0.5426865637456679,0.0,0.0,1.0,inf,337.0,inf,220.0,2.0,218.0,0.0,0.0,0.0,0.0,0.0,0.0
156.0,337.0,1009.0,672.0,336.0,1.9940652818991098,310.49230118578754,620.984602371575,0.5426865637456679,0.0,0.0,1.0,inf,337.0,inf,213.0,0.0,213.0,0.0,0.0,0.0,0.0,0.0,0.0
157.0,340.0,1018.0,678.0,339.0,1.9941176470588236,313.30903711868524,626.6180742373704,0.5425952649287993,0.0,0.0,1.0,inf,340.0,inf,220.0,3.0,217.0,0.0,0.0,0.0,0.0,0.0,0.0
158.0,340.0,1018.0,678.0,339.0,1.9941176470588236,313.30903711868524,626.6180742373704,0.5425952649287993,0.0,0.0,1.0,inf,340.0,inf,209.0,0.0,209.0,0.0,0.0,0.0,0.0,0.0,0.0
159.0,342.0,1024.0,682.0,341.0,1.9941520467836258,315.15076447683214,630.3015289536642,0.5425974462853345,0.0,0.0,1.0,inf,342.0,inf,220.0,2.0,218.0,0.0,0.0,0.0,0.0,0.0,0.0
160.0,342.0,1024.0,682.0,341.0,1.9941520467836258,315.15076447683214,630.3015289536642,0.5425974462853345,0.0,0.0,1.0,inf,342.0,inf,211.0,0.0,211.0,0.0,0.0,0.0,0.0,0.0,0.0
161.0,345.0,1033.0,688.0,344.0,1.9942028985507247,317.94276741840196,635.8855348368038,0.5425504766176859,0.0,0.0,1.0,inf,345.0,inf,220.0,3.0,217.0,0.0,0.0,0.0,0.0,0.0,0.0
162.0,345.0,1033.0,688.0,344.0,1.9942028985507247,317.94276741840196,635.8855348368038,0.5425504766176859,0.0,0.0,1.0,inf,345.0,inf,206.0,0.0,206.0,0.0,0.0,0.0,0.0,0.0,0.0
163.0,346.0,1036.0,690.0,345.0,1.9942196531791907,318.91189679224533,637.8237935844905,0.5424695715026919,0.0,0.0,1.0,inf,346.0,inf,220.0,1.0,219.0,0.0,0.0,0.0,0.0,0.0,0.0
164.0,346.0,1036.0,690.0,345.0,1.9942196531791907,318.91189679224533,637.8237935844905,0.5424695715026919,0.0,0.0,1.0,inf,346.0,inf,212.0,0.0,212.0,0.0,0.0,0.0,0.0,0.0,0.0
165.0,349.0,1045.0,696.0,348.0,1.994269340974212,321.8242688837033,643.6485377674065,0.5422213825118906,0.0,0.0,1.0,inf,349.0,inf,220.0,3.0,217.0,0.0,0.0,0.0,0.0,0.0,0.0
166.0,349.0,1045.0,696.0,348.0,1.994269340974212,321.8242688837033,643.6485377674065,0.5422213825118906,0.0,0.0,1.0,inf,349.0,inf,204.0,0.0,204.0,0.0,0.0,0.0,0.0,0.0,0.0
167.0,353.0,1057.0,704.0,352.0,1.9943342776203965,325.58484037518843,651.1696807503768,0.5421014067995606,0.0,0.0,1.0,inf,353.0,inf,220.0,4.0,216.0,0.0,0.0,0.0,0.0,0.0,0.0
168.0,353.0,1057.0,704.0,352.0,1.9943342776203965,325.58484037518843,651.1696807503768,0.5421014067995606,0.0,0.0,1.0,inf,353.0,inf,202.0,0.0,202.0,0.0,0.0,0.0,0.0,0.0,0.0
169.0,355.0,1063.0,708.0,354.0,1.9943661971830986,327.35826960186847,654.7165392037368,0.542219386166339,0.0,0.0,1.0,inf,355.0,inf,220.0,2.0,218.0,0.0,0.0,0.0,0.0,0.0,0.0
170.0,355.0,1063.0,708.0,354.0,1.9943661971830986,327.35826960186847,654.7165392037368,0.542219386166339,0.0,0.0,1.0,inf,355.0,inf,215.0,0.0,215.0,0.0,0.0,0.0,0.0,0.0,0.0
171.0,360.0,1078.0,718.0,359.0,1.9944444444444445,331.96407211928096,663.9281442385618,0.542227352649544,0.0,0.0,1.0,inf,360.0,inf,220.0,5.0,215.0,0.0,0.0,0.0,0.0,0.0,0.0
172.0,360.0,1078.0,718.0,359.0,1.9944444444444445,331.96407211928096,663.9281442385618,0.542227352649544,0.0,0.0,1.0,inf,360.0,inf,202.0,0.0,202.0,0.0,0.0,0.0,0.0,0.0,0.0
173.0,361.0,1081.0,720.0,360.0,1.994459833795014,332.91239130347043,665.8247826069407,0.5421846849655501,0.0,0.0,1.0,inf,361.0,inf,220.0,1.0,219.0,0.0,0.0,0.0,0.0,0.0,0.0
174.0,361.0,1081.0,720.0,360.0,1.994459833795014,332.91239130347043,665.8247826069407,0.5421846849655501,0.0,0.0,1.0,inf,361.0,inf,216.0,0.0,216.0,0.0,0.0,0.0,0.0,0.0,0.0
175.0,364.0,1090.0,726.0,363.0,1.9945054945054945,335.7262723580641,671.452544716128,0.5421083036536697,0.0,0.0,1.0,inf,364.0,inf,220.0,3.0,217.0,0.0,0.0,0.0,0.0,0.0,0.0
176.0,364.0,1090.0,726.0,363.0,1.9945054945054945,335.7262723580641,671.452544716128,0.5421083036536697,0.0,0.0,1.0,inf,364.0,inf,209.0,0.0,209.0,0.0,0.0,0.0,0.0,0.0,0.0
177.0,365.0,1093.0,728.0,364.0,1.9945205479452055,336.69592820526447,673.3918564105288,0.5420320969511104,0.0,0.0,1.0,inf,365.0,inf,220.0,1.0,219.0,0.0,0.0,0.0,0.0,0.0,0.0
178.0,365.0,1093.0,728.0,364.0,1.9945205479452055,336.69592820526447,673.3918564105288,0.5420320969511104,0.0,0.0,1.0,inf,365.0,inf,217.0,0.0,217.0,0.0,0.0,0.0,0.0,0.0,0.0
179.0,366.0,1096.0,730.0,365.0,1.994535519125683,337.6571551014357,675.3143102028713,0.5419698568064548,0.0,0.0,1.0,inf,366.0,inf,220.0,1.0,219.0,0.0,0.0,0.0,0.0,0.0,0.0
180.0,366.0,1096.0,730.0,365.0,1.994535519125683,337.6571551014357,675.3143102028713,0.5419698568064548,0.0,0.0,1.0,inf,366.0,inf,217.0,0.0,217.0,0.0,0.0,0.0,0.0,0.0,0.0
181.0,366.0,1096.0,730.0,365.0,1.994535519125683,337.6571551014357,675.3143102028713,0.5419698568064548,0.0,0.0,1.0,inf,366.0,inf,220.0,0.0,220.0,0.0,0.0,0.0,0.0,0.0,0.0
182.0,367.0,1099.0,732.0,366.0,1.994550408719346,338.6207391781679,677.2414783563357,0.5419041977327033,0.0,0.0,1.0,inf,367.0,inf,220.0,1.0,219.0,0.0,0.0,0.0,0.0,0.0,0.0
183.0,367.0,1099.0,732.0,366.0,1.994550408719346,338.6207391781679,677.2414783563357,0.5419041977327033,0.0,0.0,1.0,inf,367.0,inf,217.0,0.0,217.0,0.0,0.0,0.0,0.0,0.0,0.0
184.0,369.0,1105.0,736.0,368.0,1.994579945799458,340.5833174761003,681.1666349522005,0.5417176665235428,0.0,0.0,1.0,inf,369.0,inf,220.0,2.0,218.0,0.0,0.0,0.0,0.0,0.0,0.0
185.0,369.0,1105.0,736.0,368.0,1.994579945799458,340.5833174761003,681.1666349522005,0.5417176665235428,0.0,0.0,1.0,inf,369.0,inf,212.0,0.0,212.0,0.0,0.0,0.0,0.0,0.0,0.0
186.0,371.0,1111.0,740.0,370.0,1.994609164420485,342.5039529816887,685.0079059633773,0.541599588516041,0.0,0.0,1.0,inf,371.0,inf,220.0,2.0,218.0,0.0,0.0,0.0,0.0,0.0,0.0
187.0,371.0,1111.0,740.0,370.0,1.994609164420485,342.5039529816887,685.0079059633773,0.541599588516041,0.0,0.0,1.0,inf,371.0,inf,211.0,0.0,211.0,0.0,0.0,0.0,0.0,0.0,0.0
188.0,373.0,1117.0,744.0,372.0,1.9946380697050938,344.2872174948596,688.5744349897191,0.5416988796651581,0.0,0.0,1.0,inf,373.0,inf,220.0,2.0,218.0,0.0,0.0,0.0,0.0,0.0,0.0
189.0,373.0,1117.0,744.0,372.0,1.9946380697050938,344.2872174948596,688.5744349897191,0.5416988796651581,0.0,0.0,1.0,inf,373.0,inf,209.0,0.0,209.0,0.0,0.0,0.0,0.0,0.0,0.0
190.0,376.0,1126.0,750.0,375.0,1.9946808510638299,347.08810068785897,694.1762013757178,0.5416492228555855,0.0,0.0,1.0,inf,376.0,inf,220.0,3.0,217.0,0.0,0.0,0.0,0.0,0.0,0.0
191.0,376.0,1126.0,750.0,375.0,1.9946808510638299,347.08810068785897,694.1762013757178,0.5416492228555855,0.0,0.0,1.0,inf,376.0,inf,206.0,0.0,206.0,0.0,0.0,0.0,0.0,0.0,0.0
192.0,376.0,1126.0,750.0,375.0,1.9946808510638299,347.08810068785897,694.1762013757178,0.5416492228555855,0.0,0.0,1.0,inf,376.0,inf,220.0,0.0,220.0,0.0,0.0,0.0,0.0,0.0,0.0
193.0,376.0,1126.0,750.0,375.0,1.9946808510638299,347.08810068785897,694.1762013757178,0.5416492228555855,0.0,0.0,1.0,inf,376.0,inf,220.0,0.0,220.0,0.0,0.0,0.0,0.0,0.0,0.0
194.0,378.0,1132.0,754.0,377.0,1.9947089947089947,348.93757708840957,697.875154176819,0.5416441576084925,0.0,0.0,1.0,inf,378.0,inf,220.0,2.0,218.0,0.0,0.0,0.0,0.0,0.0,0.0
195.0,378.0,1132.0,754.0,377.0,1.9947089947089947,348.93757708840957,697.875154176819,0.5416441576084925,0.0,0.0,1.0,inf,378.0,inf,212.0,0.0,212.0,0.0,0.0,0.0,0.0,0.0,0.0
196.0,378.0,1132.0,754.0,377.0,1.9947089947089947,348.93757708840957,697.875154176819,0.5416441576084925,0.0,0.0,1.0,inf,378.0,inf,220.0,0.0,220.0,0.0,0.0,0.0,0.0,0.0,0.0
197.0,381.0,1141.0,760.0,380.0,1.994750656167979,351.75680002271696,703.5136000454338,0.5415673555925493,0.0,0.0,1.0,inf,381.0,inf,220.0,3.0,217.0,0.0,0.0,0.0,0.0,0.0,0.0
198.0,381.0,1141.0,760.0,380.0,1.994750656167979,351.75680002271696,703.5136000454338,0.5415673555925493,0.0,0.0,1.0,inf,381.0,inf,206.0,0.0,206.0,0.0,0.0,0.0,0.0,0.0,0.0
199.0,382.0,1144.0,762.0,381.0,1.9947643979057592,352.66606370823826,705.3321274164764,0.5415888276622356,0.0,0.0,1.0,inf,382.0,inf,220.0,1.0,219.0,0.0,0.0,0.0,0.0,0.0,0.0
200.0,382.0,1144.0,762.0,381.0,1.9947643979057592,352.66606370823826,705.3321274164764,0.5415888276622356,0.0,0.0,1.0,inf,382.0,inf,214.0,0.0,214.0,0.0,0.0,0.0,0.0,0.0,0.0
201.0,382.0,1144.0,762.0,381.0,1.9947643979057592,352.66606370823826,705.3321274164764,0.5415888276622356,0.0,0.0,1.0,inf,382.0,inf,220.0,0.0,220.0,0.0,0.0,0.0,0.0,0.0,0.0
202.0,384.0,1150.0,766.0,383.0,1.9947916666666667,354.4769602950022,708.9539205900043,0.5416431009795788,0.0,0.0,1.0,inf,384.0,inf,220.0,2.0,218.0,0.0,0.0,0.0,0.0,0.0,0.0
203.0,384.0,1150.0,766.0,383.0,1.9947916666666667,354.4769602950022,708.9539205900043,0.5416431009795788,0.0,0.0,1.0,inf,384.0,inf,214.0,0.0,214.0,0.0,0.0,0.0,0.0,0.0,0.0
204.0,386.0,1156.0,770.0,385.0,1.994818652849741,356.3415586450437,712.6831172900872,0.5416151872205559,0.0,0.0,1.0,inf,386.0,inf,220.0,2.0,218.0,0.0,0.0,0.0,0.0,0.0,0.0
205.0,386.0,1156.0,770.0,385.0,1.994818652849741,356.3415586450437,712.6831172900872,0.5416151872205559,0.0,0.0,1.0,inf,386.0,inf,214.0,0.0,214.0,0.0,0.0,0.0,0.0,0.0,0.0
206.0,388.0,1162.0,774.0,387.0,1.9948453608247423,358.2025496613685,716.4050993227369,0.5415930182054831,0.0,0.0,1.0,inf,388.0,inf,220.0,2.0,218.0,0.0,0.0,0.0,0.0,0.0,0.0
207.0,388.0,1162.0,774.0,387.0,1.9948453608247423,358.2025496613685,716.4050993227369,0.5415930182054831,0.0,0.0,1.0,inf,388.0,inf,217.0,0.0,217.0,0.0,0.0,0.0,0.0,0.0,0.0
208.0,391.0,1171.0,780.0,390.0,1.9948849104859334,361.0098306023495,722.0196612046989,0.5415364996399289,0.0,0.0,1.0,inf,391.0,inf,220.0,3.0,217.0,0.0,0.0,0.0,0.0,0.0,0.0
209.0,391.0,1171.0,780.0,390.0,1.9948849104859334,361.0098306023495,722.0196612046989,0.5415364996399289,0.0,0.0,1.0,inf,391.0,inf,210.0,0.0,210.0,0.0,0.0,0.0,0.0,0.0,0.0
210.0,394.0,1180.0,786.0,393.0,1.9949238578680204,363.7385469060808,727.4770938121615,0.5415978088538042,0.0,0.0,1.0,inf,394.0,inf,220.0,3.0,217.0,0.0,0.0,0.0,0.0,0.0,0.0
211.0,394.0,1180.0,786.0,393.0,1.9949238578680204,363.7385469060808,727.4770938121615,0.5415978088538042,0.0,0.0,1.0,inf,394.0,inf,201.0,0.0,201.0,0.0,0.0,0.0,0.0,0.0,0.0
212.0,395.0,1183.0,788.0,394.0,1.9949367088607595,364.6011837402998,729.2023674805995,0.5416877640766972,0.0,0.0,1.0,inf,395.0,inf,220.0,1.0,219.0,0.0,0.0,0.0,0.0,0.0,0.0
213.0,395.0,1183.0,788.0,394.0,1.9949367088607595,364.6011837402998,729.2023674805995,0.5416877640766972,0.0,0.0,1.0,inf,395.0,inf,217.0,0.0,217.0,0.0,0.0,0.0,0.0,0.0,0.0
214.0,396.0,1186.0,790.0,395.0,1.994949494949495,365.5471491013852,731.0942982027702,0.5416537934620422,0.0,0.0,1.0,inf,396.0,inf,220.0,1.0,219.0,0.0,0.0,0.0,0.0,0.0,0.0
215.0,396.0,1186.0,790.0,395.0,1.994949494949495,365.5471491013852,731.0942982027702,0.5416537934620422,0.0,0.0,1.0,inf,396.0,inf,215.0,0.0,215.0,0.0,0.0,0.0,0.0,0.0,0.0
216.0,399.0,1195.0,796.0,398.0,1.994987468671679,368.2823278614096,736.5646557228191,0.5417039724889406,0.0,0.0,1.0,inf,399.0,inf,220.0,3.0,217.0,0.0,0.0,0.0,0.0,0.0,0.0
217.0,399.0,1195.0,796.0,398.0,1.994987468671679,368.2823278614096,736.5646557228191,0.5417039724889406,0.0,0.0,1.0,inf,399.0,inf,212.0,0.0,212.0,0.0,0.0,0.0,0.0,0.0,0.0
218.0,401.0,1201.0,800.0,400.0,1.9950124688279303,370.11063437328085,740.2212687465616,0.5417299082462533,0.0,0.0,1.0,inf,401.0,inf,220.0,2.0,218.0,0.0,0.0,0.0,0.0,0.0,0.0
219.0,401.0,1201.0,800.0,400.0,1.9950124688279303,370.11063437328085,740.2212687465616,0.5417299082462533,0.0,0.0,1.0,inf,401.0,inf,215.0,0.0,215.0,0.0,0.0,0.0,0.0,0.0,0.0
220.0,402.0,1204.0,802.0,401.0,1.9950248756218905,370.9899704386747,741.9799408773492,0.541793622513107,0.0,0.0,1.0,inf,402.0,inf,220.0,1.0,219.0,0.0,0.0,0.0,0.0,0.0,0.0
221.0,402.0,1204.0,802.0,401.0,1.9950248756218905,370.9899704386747,741.9799408773492,0.541793622513107,0.0,0.0,1.0,inf,402.0,inf,215.0,0.0,215.0,0.0,0.0,0.0,0.0,0.0,0.0
222.0,404.0,1210.0,806.0,403.0,1.995049504950495,372.7410160669157,745.4820321338312,0.5419312372205809,0.0,0.0,1.0,inf,404.0,inf,220.0,2.0,218.0,0.0,0.0,0.0,0.0,0.0,0.0
223.0,404.0,1210.0,806.0,403.0,1.995049504950495,372.7410160669157,745.4820321338312,0.5419312372205809,0.0,0.0,1.0,inf,404.0,inf,211.0,0.0,211.0,0.0,0.0,0.0,0.0,0.0,0.0
224.0,405.0,1213.0,808.0,404.0,1.9950617283950618,373.63428093528466,747.2685618705692,0.5419738239572135,0.0,0.0,1.0,inf,405.0,inf,220.0,1.0,219.0,0.0,0.0,0.0,0.0,0.0,0.0
225.0,405.0,1213.0,808.0,404.0,1.9950617283950618,373.63428093528466,747.2685618705692,0.5419738239572135,0.0,0.0,1.0,inf,405.0,inf,219.0,0.0,219.0,0.0,0.0,0.0,0.0,0.0,0.0
226.0,406.0,1216.0,810.0,405.0,1.9950738916256157,374.5926228162229,749.1852456324457,0.5419220444701414,0.0,0.0,1.0,inf,406.0,inf,220.0,1.0,219.0,0.0,0.0,0.0,0.0,0.0,0.0
227.0,406.0,1216.0,810.0,405.0,1.9950738916256157,374.5926228162229,749.1852456324457,0.5419220444701414,0.0,0.0,1.0,inf,406.0,inf,217.0,0.0,217.0,0.0,0.0,0.0,0.0,0.0,0.0
228.0,408.0,1222.0,814.0,407.0,1.9950980392156863,376.34293637380506,752.68587274761,0.542058798726531,0.0,0.0,1.0,inf,408.0,inf,220.0,2.0,218.0,0.0,0.0,0.0,0.0,0.0,0.0
229.0,408.0,1222.0,814.0,407.0,1.9950980392156863,376.34293637380506,752.68587274761,0.542058798726531,0.0,0.0,1.0,inf,408.0,inf,214.0,0.0,214.0,0.0,0.0,0.0,0.0,0.0,0.0
230.0,410.0,1228.0,818.0,409.0,1.9951219512195122,378.0821739654931,756.1643479309861,0.5422101704766171,0.0,0.0,1.0,inf,410.0,inf,220.0,2.0,218.0,0.0,0.0,0.0,0.0,0.0,0.0
231.0,410.0,1228.0,818.0,409.0,1.9951219512195122,378.0821739654931,756.1643479309861,0.5422101704766171,0.0,0.0,1.0,inf,410.0,inf,214.0,0.0,214.0,0.0,0.0,0.0,0.0,0.0,0.0
232.0,410.0,1228.0,818.0,409.0,1.9951219512195122,378.0821739654931,756.1643479309861,0.5422101704766171,0.0,0.0,1.0,inf,410.0,inf,220.0,0.0,220.0,0.0,0.0,0.0,0.0,0.0,0.0
233.0,413.0,1237.0,824.0,412.0,1.9951573849878934,380.93765365722584,761.8753073144516,0.5420834564855388,0.0,0.0,1.0,inf,413.0,inf,220.0,3.0,217.0,0.0,0.0,0.0,0.0,0.0,0.0
234.0,413.0,1237.0,824.0,412.0,1.9951573849878934,380.93765365722584,761.8753073144516,0.5420834564855388,0.0,0.0,1.0,inf,413.0,inf,208.0,0.0,208.0,0.0,0.0,0.0,0.0,0.0,0.0
235.0,413.0,1237.0,824.0,412.0,1.9951573849878934,380.93765365722584,761.8753073144516,0.5420834564855388,0.0,0.0,1.0,inf,413.0,inf,220.0,0.0,220.0,0.0,0.0,0.0,0.0,0.0,0.0
236.0,417.0,1249.0,832.0,416.0,1.9952038369304557,384.55540049783866,769.1108009956772,0.5421845584019354,0.0,0.0,1.0,inf,417.0,inf,220.0,4.0,216.0,0.0,0.0,0.0,0.0,0.0,0.0
237.0,417.0,1249.0,832.0,416.0,1.9952038369304557,384.55540049783866,769.1108009956772,0.5421845584019354,0.0,0.0,1.0,inf,417.0,inf,208.0,0.0,208.0,0.0,0.0,0.0,0.0,0.0,0.0
238.0,419.0,1255.0,836.0,418.0,1.9952267303102624,386.42452972036335,772.8490594407266,0.5421498478670725,0.0,0.0,1.0,inf,419.0,inf,220.0,2.0,218.0,0.0,0.0,0.0,0.0,0.0,0.0
239.0,419.0,1255.0,836.0,418.0,1.9952267303102624,386.42452972036335,772.8490594407266,0.5421498478670725,0.0,0.0,1.0,inf,419.0,inf,210.0,0.0,210.0,0.0,0.0,0.0,0.0,0.0,0.0
240.0,419.0,1255.0,836.0,418.0,1.9952267303102624,386.42452972036335,772.8490594407266,0.5421498478670725,0.0,0.0,1.0,inf,419.0,inf,220.0,0.0,220.0,0.0,0.0,0.0,0.0,0.0,0.0
241.0,419.0,1255.0,836.0,418.0,1.9952267303102624,386.42452972036335,772.8490594407266,0.5421498478670725,0.0,0.0,1.0,inf,419.0,inf,220.0,0.0,220.0,0.0,0.0,0.0,0.0,0.0,0.0
242.0,420.0,1258.0,838.0,419.0,1.9952380952380953,387.2903507017855,774.5807014035709,0.542228846185999,0.0,0.0,1.0,inf,420.0,inf,220.0,1.0,219.0,0.0,0.0,0.0,0.0,0.0,0.0
243.0,420.0,1258.0,838.0,419.0,1.9952380952380953,387.2903507017855,774.5807014035709,0.542228846185999,0.0,0.0,1.0,inf,420.0,inf,218.0,0.0,218.0,0.0,0.0,0.0,0.0,0.0,0.0
244.0,421.0,1261.0,840.0,420.0,1.995249406175772,388.14919539774775,776.2983907954954,0.5423172390819838,0.0,0.0,1.0,inf,421.0,inf,220.0,1.0,219.0,0.0,0.0,0.0,0.0,0.0,0.0
245.0,421.0,1261.0,840.0,420.0,1.995249406175772,388.14919539774775,776.2983907954954,0.5423172390819838,0.0,0.0,1.0,inf,421.0,inf,210.0,0.0,210.0,0.0,0.0,0.0,0.0,0.0,0.0
246.0,421.0,1261.0,840.0,420.0,1.995249406175772,388.14919539774775,776.2983907954954,0.5423172390819838,0.0,0.0,1.0,inf,421.0,inf,220.0,0.0,220.0,0.0,0.0,0.0,0.0,0.0,0.0
247.0,422.0,1264.0,842.0,421.0,1.995260663507109,389.10316262021774,778.2063252404354,0.5422726419881237,0.0,0.0,1.0,inf,422.0,inf,220.0,1.0,219.0,0.0,0.0,0.0,0.0,0.0,0.0
248.0,422.0,1264.0,842.0,421.0,1.995260663507109,389.10316262021774,778.2063252404354,0.5422726419881237,0.0,0.0,1.0,inf,422.0,inf,215.0,0.0,215.0,0.0,0.0,0.0,0.0,0.0,0.0
249.0,423.0,1267.0,844.0,422.0,1.9952718676122931,389.9775760690303,779.9551521380605,0.5423388753064156,0.0,0.0,1.0,inf,423.0,inf,220.0,1.0,219.0,0.0,0.0,0.0,0.0,0.0,0.0
250.0,423.0,1267.0,844.0,422.0,1.9952718676122931,389.9775760690303,779.9551521380605,0.5423388753064156,0.0,0.0,1.0,inf,423.0,inf,217.0,0.0,217.0,0.0,0.0,0.0,0.0,0.0,0.0
251.0,426.0,1276.0,850.0,425.0,1.9953051643192488,392.55059844587703,785.101196891754,0.5426052102411135,0.0,0.0,1.0,inf,426.0,inf,220.0,3.0,217.0,0.0,0.0,0.0,0.0,0.0,0.0
252.0,426.0,1276.0,850.0,425.0,1.9953051643192488,392.55059844587703,785.101196891754,0.5426052102411135,0.0,0.0,1.0,inf,426.0,inf,209.0,0.0,209.0,0.0,0.0,0.0,0.0,0.0,0.0
253.0,428.0,1282.0,854.0,427.0,1.9953271028037383,394.4690673955153,788.9381347910305,0.5425013459558096,0.0,0.0,1.0,inf,428.0,inf,220.0,2.0,218.0,0.0,0.0,0.0,0.0,0.0,0.0
254.0,428.0,1282.0,854.0,427.0,1.9953271028037383,394.4690673955153,788.9381347910305,0.5425013459558096,0.0,0.0,1.0,inf,428.0,inf,211.0,0.0,211.0,0.0,0.0,0.0,0.0,0.0,0.0
255.0,432.0,1294.0,862.0,431.0,1.9953703703703705,398.17783594211693,796.3556718842337,0.5424711787107104,0.0,0.0,1.0,inf,432.0,inf,220.0,4.0,216.0,0.0,0.0,0.0,0.0,0.0,0.0
256.0,432.0,1294.0,862.0,431.0,1.9953703703703705,398.17783594211693,796.3556718842337,0.5424711787107104,0.0,0.0,1.0,inf,432.0,inf,208.0,0.0,208.0,0.0,0.0,0.0,0.0,0.0,0.0
257.0,433.0,1297.0,864.0,432.0,1.9953810623556583,399.11793819217326,798.2358763843464,0.5424461776402453,0.0,0.0,1.0,inf,433.0,inf,220.0,1.0,219.0,0.0,0.0,0.0,0.0,0.0,0.0
258.0,433.0,1297.0,864.0,432.0,1.9953810623556583,399.11793819217326,798.2358763843464,0.5424461776402453,0.0,0.0,1.0,inf,433.0,inf,217.0,0.0,217.0,0.0,0.0,0.0,0.0,0.0,0.0
259.0,437.0,1309.0,872.0,436.0,1.9954233409610984,402.7597028905014,805.5194057810027,0.5425071039428286,0.0,0.0,1.0,inf,437.0,inf,220.0,4.0,216.0,0.0,0.0,0.0,0.0,0.0,0.0
260.0,437.0,1309.0,872.0,436.0,1.9954233409610984,402.7597028905014,805.5194057810027,0.5425071039428286,0.0,0.0,1.0,inf,437.0,inf,211.0,0.0,211.0,0.0,0.0,0.0,0.0,0.0,0.0
261.0,439.0,1315.0,876.0,438.0,1.9954441913439636,404.6572378916241,809.3144757832481,0.5424343850703267,0.0,0.0,1.0,inf,439.0,inf,220.0,2.0,218.0,0.0,0.0,0.0,0.0,0.0,0.0
262.0,439.0,1315.0,876.0,438.0,1.9954441913439636,404.6572378916241,809.3144757832481,0.5424343850703267,0.0,0.0,1.0,inf,439.0,inf,211.0,0.0,211.0,0.0,0.0,0.0,0.0,0.0,0.0
263.0,440.0,1318.0,878.0,439.0,1.9954545454545454,405.5508407512445,811.1016815024889,0.5424720599579349,0.0,0.0,1.0,inf,440.0,inf,220.0,1.0,219.0,0.0,0.0,0.0,0.0,0.0,0.0
264.0,440.0,1318.0,878.0,439.0,1.9954545454545454,405.5508407512445,811.1016815024889,0.5424720599579349,0.0,0.0,1.0,inf,440.0,inf,218.0,0.0,218.0,0.0,0.0,0.0,0.0,0.0,0.0
265.0,441.0,1321.0,880.0,440.0,1.9954648526077097,406.4455985615632,812.8911971231263,0.542508027594255,0.0,0.0,1.0,inf,441.0,inf,220.0,1.0,219.0,0.0,0.0,0.0,0.0,0.0,0.0
266.0,441.0,1321.0,880.0,440.0,1.9954648526077097,406.4455985615632,812.8911971231263,0.542508027594255,0.0,0.0,1.0,inf,441.0,inf,214.0,0.0,214.0,0.0,0.0,0.0,0.0,0.0,0.0
267.0,442.0,1324.0,882.0,441.0,1.995475113122172,407.3576695440339,814.7153390880677,0.5425207784779678,0.0,0.0,1.0,inf,442.0,inf,220.0,1.0,219.0,0.0,0.0,0.0,0.0,0.0,0.0
268.0,442.0,1324.0,882.0,441.0,1.995475113122172,407.3576695440339,814.7153390880677,0.5425207784779678,0.0,0.0,1.0,inf,442.0,inf,215.0,0.0,215.0,0.0,0.0,0.0,0.0,0.0,0.0
269.0,445.0,1333.0,888.0,444.0,1.9955056179775281,410.0796780855484,820.1593561710966,0.5425774840605083,0.0,0.0,1.0,inf,445.0,inf,220.0,3.0,217.0,0.0,0.0,0.0,0.0,0.0,0.0
270.0,445.0,1333.0,888.0,444.0,1.9955056179775281,410.0796780855484,820.1593561710966,0.5425774840605083,0.0,0.0,1.0,inf,445.0,inf,213.0,0.0,213.0,0.0,0.0,0.0,0.0,0.0,0.0
271.0,446.0,1336.0,890.0,445.0,1.9955156950672646,410.9852449089417,821.9704898178833,0.5425985549661476,0.0,0.0,1.0,inf,446.0,inf,220.0,1.0,219.0,0.0,0.0,0.0,0.0,0.0,0.0
272.0,446.0,1336.0,890.0,445.0,1.9955156950672646,410.9852449089417,821.9704898178833,0.5425985549661476,0.0,0.0,1.0,inf,446.0,inf,218.0,0.0,218.0,0.0,0.0,0.0,0.0,0.0,0.0
273.0,449.0,1345.0,896.0,448.0,1.9955456570155903,413.8453526003772,827.6907052007543,0.5424731692391014,0.0,0.0,1.0,inf,449.0,inf,220.0,3.0,217.0,0.0,0.0,0.0,0.0,0.0,0.0
274.0,449.0,1345.0,896.0,448.0,1.9955456570155903,413.8453526003772,827.6907052007543,0.5424731692391014,0.0,0.0,1.0,inf,449.0,inf,211.0,0.0,211.0,0.0,0.0,0.0,0.0,0.0,0.0
275.0,452.0,1354.0,902.0,451.0,1.9955752212389382,416.5443454930066,833.088690986013,0.5425592795708576,0.0,0.0,1.0,inf,452.0,inf,220.0,3.0,217.0,0.0,0.0,0.0,0.0,0.0,0.0
276.0,452.0,1354.0,902.0,451.0,1.9955752212389382,416.5443454930066,833.088690986013,0.5425592795708576,0.0,0.0,1.0,inf,452.0,inf,214.0,0.0,214.0,0.0,0.0,0.0,0.0,0.0,0.0
277.0,454.0,1360.0,906.0,453.0,1.9955947136563876,418.4435814421178,836.8871628842355,0.5424865144726813,0.0,0.0,1.0,inf,454.0,inf,220.0,2.0,218.0,0.0,0.0,0.0,0.0,0.0,0.0
278.0,454.0,1360.0,906.0,453.0,1.9955947136563876,418.4435814421178,836.8871628842355,0.5424865144726813,0.0,0.0,1.0,inf,454.0,inf,213.0,0.0,213.0,0.0,0.0,0.0,0.0,0.0,0.0
279.0,454.0,1360.0,906.0,453.0,1.9955947136563876,418.4435814421178,836.8871628842355,0.5424865144726813,0.0,0.0,1.0,inf,454.0,inf,220.0,0.0,220.0,0.0,0.0,0.0,0.0,0.0,0.0
280.0,454.0,1360.0,906.0,453.0,1.9955947136563876,418.4435814421178,836.8871628842355,0.5424865144726813,0.0,0.0,1.0,inf,454.0,inf,220.0,0.0,220.0,0.0,0.0,0.0,0.0,0.0,0.0
281.0,457.0,1369.0,912.0,456.0,1.9956236323851204,421.32095054159686,842.6419010831936,0.5423418885442781,0.0,0.0,1.0,inf,457.0,inf,220.0,3.0,217.0,0.0,0.0,0.0,0.0,0.0,0.0
282.0,457.0,1369.0,912.0,456.0,1.9956236323851204,421.32095054159686,842.6419010831936,0.5423418885442781,0.0,0.0,1.0,inf,457.0,inf,214.0,0.0,214.0,0.0,0.0,0.0,0.0,0.0,0.0
283.0,458.0,1372.0,914.0,457.0,1.9956331877729259,422.28406405266884,844.5681281053376,0.5422889933432068,0.0,0.0,1.0,inf,458.0,inf,220.0,1.0,219.0,0.0,0.0,0.0,0.0,0.0,0.0
284.0,458.0,1372.0,914.0,457.0,1.9956331877729259,422.28406405266884,844.5681281053376,0.5422889933432068,0.0,0.0,1.0,inf,458.0,inf,217.0,0.0,217.0,0.0,0.0,0.0,0.0,0.0,0.0
285.0,459.0,1375.0,916.0,458.0,1.9956427015250544,423.17858366290983,846.3571673258195,0.5423242310929709,0.0,0.0,1.0,inf,459.0,inf,220.0,1.0,219.0,0.0,0.0,0.0,0.0,0.0,0.0
286.0,459.0,1375.0,916.0,458.0,1.9956427015250544,423.17858366290983,846.3571673258195,0.5423242310929709,0.0,0.0,1.0,inf,459.0,inf,216.0,0.0,216.0,0.0,0.0,0.0,0.0,0.0,0.0
287.0,460.0,1378.0,918.0,459.0,1.9956521739130435,424.07269772594015,848.1453954518802,0.5423598388515902,0.0,0.0,1.0,inf,460.0,inf,220.0,1.0,219.0,0.0,0.0,0.0,0.0,0.0,0.0
288.0,460.0,1378.0,918.0,459.0,1.9956521739130435,424.07269772594015,848.1453954518802,0.5423598388515902,0.0,0.0,1.0,inf,460.0,inf,218.0,0.0,218.0,0.0,0.0,0.0,0.0,0.0,0.0
289.0,464.0,1390.0,926.0,463.0,1.9956896551724137,427.60276459765697,855.2055291953138,0.5425596352687175,0.0,0.0,1.0,inf,464.0,inf,220.0,4.0,216.0,0.0,0.0,0.0,0.0,0.0,0.0
290.0,464.0,1390.0,926.0,463.0,1.9956896551724137,427.60276459765697,855.2055291953138,0.5425596352687175,0.0,0.0,1.0,inf,464.0,inf,208.0,0.0,208.0,0.0,0.0,0.0,0.0,0.0,0.0
291.0,465.0,1393.0,928.0,464.0,1.9956989247311827,428.47386955566304,856.947739111326,0.5426235215722903,0.0,0.0,1.0,inf,465.0,inf,220.0,1.0,219.0,0.0,0.0,0.0,0.0,0.0,0.0
292.0,465.0,1393.0,928.0,464.0,1.9956989247311827,428.47386955566304,856.947739111326,0.5426235215722903,0.0,0.0,1.0,inf,465.0,inf,218.0,0.0,218.0,0.0,0.0,0.0,0.0,0.0,0.0
293.0,467.0,1399.0,932.0,466.0,1.9957173447537473,430.4105462665639,860.8210925331277,0.5425052941323322,0.0,0.0,1.0,inf,467.0,inf,220.0,2.0,218.0,0.0,0.0,0.0,0.0,0.0,0.0
294.0,467.0,1399.0,932.0,466.0,1.9957173447537473,430.4105462665639,860.8210925331277,0.5425052941323322,0.0,0.0,1.0,inf,467.0,inf,212.0,0.0,212.0,0.0,0.0,0.0,0.0,0.0,0.0
295.0,469.0,1405.0,936.0,468.0,1.995735607675906,432.21529654981106,864.430593099622,0.5425536807047616,0.0,0.0,1.0,inf,469.0,inf,220.0,2.0,218.0,0.0,0.0,0.0,0.0,0.0,0.0
296.0,469.0,1405.0,936.0,468.0,1.995735607675906,432.21529654981106,864.430593099622,0.5425536807047616,0.0,0.0,1.0,inf,469.0,inf,216.0,0.0,216.0,0.0,0.0,0.0,0.0,0.0,0.0
297.0,470.0,1408.0,938.0,469.0,1.995744680851064,433.12370615763035,866.2474123152606,0.5425701633483772,0.0,0.0,1.0,inf,470.0,inf,220.0,1.0,219.0,0.0,0.0,0.0,0.0,0.0,0.0
298.0,470.0,1408.0,938.0,469.0,1.995744680851064,433.12370615763035,866.2474123152606,0.5425701633483772,0.0,0.0,1.0,inf,470.0,inf,218.0,0.0,218.0,0.0,0.0,0.0,0.0,0.0,0.0
299.0,474.0,1420.0,946.0,473.0,1.9957805907172996,436.84004447548875,873.6800889509774,0.5425326798612625,0.0,0.0,1.0,inf,474.0,inf,220.0,4.0,216.0,0.0,0.0,0.0,0.0,0.0,0.0
300.0,474.0,1420.0,946.0,473.0,1.9957805907172996,436.84004447548875,873.6800889509774,0.5425326798612625,0.0,0.0,1.0,inf,474.0,inf,208.0,0.0,208.0,0.0,0.0,0.0,0.0,0.0,0.0
301.0,475.0,1423.0,948.0,474.0,1.9957894736842106,437.7957592256404,875.5915184512806,0.5424904079018095,0.0,0.0,1.0,inf,475.0,inf,220.0,1.0,219.0,0.0,0.0,0.0,0.0,0.0,0.0
302.0,475.0,1423.0,948.0,474.0,1.9957894736842106,437.7957592256404,875.5915184512806,0.5424904079018095,0.0,0.0,1.0,inf,475.0,inf,216.0,0.0,216.0,0.0,0.0,0.0,0.0,0.0,0.0
303.0,479.0,1435.0,956.0,478.0,1.9958246346555324,441.4333180676365,882.8666361352729,0.5425508003075196,0.0,0.0,1.0,inf,479.0,inf,220.0,4.0,216.0,0.0,0.0,0.0,0.0,0.0,0.0
304.0,479.0,1435.0,956.0,478.0,1.9958246346555324,441.4333180676365,882.8666361352729,0.5425508003075196,0.0,0.0,1.0,inf,479.0,inf,208.0,0.0,208.0,0.0,0.0,0.0,0.0,0.0,0.0
305.0,479.0,1435.0,956.0,478.0,1.9958246346555324,441.4333180676365,882.8666361352729,0.5425508003075196,0.0,0.0,1.0,inf,479.0,inf,220.0,0.0,220.0,0.0,0.0,0.0,0.0,0.0,0.0
306.0,479.0,1435.0,956.0,478.0,1.9958246346555324,441.4333180676365,882.8666361352729,0.5425508003075196,0.0,0.0,1.0,inf,479.0,inf,220.0,0.0,220.0,0.0,0.0,0.0,0.0,0.0,0.0
307.0,483.0,1447.0,964.0,482.0,1.9958592132505175,445.1413246376766,890.282649275353,0.5425243324613128,0.0,0.0,1.0,inf,483.0,inf,220.0,4.0,216.0,0.0,0.0,0.0,0.0,0.0,0.0
308.0,483.0,1447.0,964.0,482.0,1.9958592132505175,445.1413246376766,890.282649275353,0.5425243324613128,0.0,0.0,1.0,inf,483.0,inf,211.0,0.0,211.0,0.0,0.0,0.0,0.0,0.0,0.0
309.0,484.0,1450.0,966.0,483.0,1.9958677685950412,446.0404730394302,892.0809460788603,0.5425516620744125,0.0,0.0,1.0,inf,484.0,inf,220.0,1.0,219.0,0.0,0.0,0.0,0.0,0.0,0.0
310.0,484.0,1450.0,966.0,483.0,1.9958677685950412,446.0404730394302,892.0809460788603,0.5425516620744125,0.0,0.0,1.0,inf,484.0,inf,219.0,0.0,219.0,0.0,0.0,0.0,0.0,0.0,0.0
311.0,486.0,1456.0,970.0,485.0,1.9958847736625513,447.9414475697729,895.8828951395457,0.5424816152163493,0.0,0.0,1.0,inf,486.0,inf,220.0,2.0,218.0,0.0,0.0,0.0,0.0,0.0,0.0
312.0,486.0,1456.0,970.0,485.0,1.9958847736625513,447.9414475697729,895.8828951395457,0.5424816152163493,0.0,0.0,1.0,inf,486.0,inf,216.0,0.0,216.0,0.0,0.0,0.0,0.0,0.0,0.0
313.0,487.0,1459.0,972.0,486.0,1.995893223819302,448.9188697540541,897.8377395081081,0.5424142677125704,0.0,0.0,1.0,inf,487.0,inf,220.0,1.0,219.0,0.0,0.0,0.0,0.0,0.0,0.0
314.0,487.0,1459.0,972.0,486.0,1.995893223819302,448.9188697540541,897.8377395081081,0.5424142677125704,0.0,0.0,1.0,inf,487.0,inf,216.0,0.0,216.0,0.0,0.0,0.0,0.0,0.0,0.0
315.0,489.0,1465.0,976.0,488.0,1.9959100204498978,450.83198759499095,901.6639751899818,0.5423306391906886,0.0,0.0,1.0,inf,489.0,inf,220.0,2.0,218.0,0.0,0.0,0.0,0.0,0.0,0.0
316.0,489.0,1465.0,976.0,488.0,1.9959100204498978,450.83198759499095,901.6639751899818,0.5423306391906886,0.0,0.0,1.0,inf,489.0,inf,210.0,0.0,210.0,0.0,0.0,0.0,0.0,0.0,0.0
317.0,492.0,1474.0,982.0,491.0,1.9959349593495934,453.6523771796048,907.3047543592095,0.5422654269540101,0.0,0.0,1.0,inf,492.0,inf,220.0,3.0,217.0,0.0,0.0,0.0,0.0,0.0,0.0
318.0,492.0,1474.0,982.0,491.0,1.9959349593495934,453.6523771796048,907.3047543592095,0.5422654269540101,0.0,0.0,1.0,inf,492.0,inf,210.0,0.0,210.0,0.0,0.0,0.0,0.0,0.0,0.0
319.0,497.0,1489.0,992.0,496.0,1.9959758551307847,458.24361724430736,916.4872344886146,0.5422879679031407,0.0,0.0,1.0,inf,497.0,inf,220.0,5.0,215.0,0.0,0.0,0.0,0.0,0.0,0.0
320.0,497.0,1489.0,992.0,496.0,1.9959758551307847,458.24361724430736,916.4872344886146,0.5422879679031407,0.0,0.0,1.0,inf,497.0,inf,200.0,0.0,200.0,0.0,0.0,0.0,0.0,0.0,0.0
321.0,501.0,1501.0,1000.0,500.0,1.996007984031936,461.9421129974081,923.8842259948161,0.5422757374827298,0.0,0.0,1.0,inf,501.0,inf,220.0,4.0,216.0,0.0,0.0,0.0,0.0,0.0,0.0
322.0,501.0,1501.0,1000.0,500.0,1.996007984031936,461.9421129974081,923.8842259948161,0.5422757374827298,0.0,0.0,1.0,inf,501.0,inf,208.0,0.0,208.0,0.0,0.0,0.0,0.0,0.0,0.0
323.0,501.0,1501.0,1000.0,500.0,1.996007984031936,461.9421129974081,923.8842259948161,0.5422757374827298,0.0,0.0,1.0,inf,501.0,inf,220.0,0.0,220.0,0.0,0.0,0.0,0.0,0.0,0.0
324.0,502.0,1504.0,1002.0,501.0,1.99601593625498,462.8445994459656,925.6891988919311,0.5422986468902351,0.0,0.0,1.0,inf,502.0,inf,220.0,1.0,219.0,0.0,0.0,0.0,0.0,0.0,0.0
325.0,502.0,1504.0,1002.0,501.0,1.99601593625498,462.8445994459656,925.6891988919311,0.5422986468902351,0.0,0.0,1.0,inf,502.0,inf,217.0,0.0,217.0,0.0,0.0,0.0,0.0,0.0,0.0
326.0,505.0,1513.0,1008.0,504.0,1.996039603960396,465.4675852821182,930.9351705642363,0.5424652714473355,0.0,0.0,1.0,inf,505.0,inf,220.0,3.0,217.0,0.0,0.0,0.0,0.0,0.0,0.0
327.0,505.0,1513.0,1008.0,504.0,1.996039603960396,465.4675852821182,930.9351705642363,0.5424652714473355,0.0,0.0,1.0,inf,505.0,inf,211.0,0.0,211.0,0.0,0.0,0.0,0.0,0.0,0.0
328.0,505.0,1513.0,1008.0,504.0,1.996039603960396,465.4675852821182,930.9351705642363,0.5424652714473355,0.0,0.0,1.0,inf,505.0,inf,220.0,0.0,220.0,0.0,0.0,0.0,0.0,0.0,0.0
329.0,505.0,1513.0,1008.0,504.0,1.996039603960396,465.4675852821182,930.9351705642363,0.5424652714473355,0.0,0.0,1.0,inf,505.0,inf,220.0,0.0,220.0,0.0,0.0,0.0,0.0,0.0,0.0
330.0,506.0,1516.0,1010.0,505.0,1.9960474308300395,466.3451492258958,932.6902984517915,0.542516632627067,0.0,0.0,1.0,inf,506.0,inf,220.0,1.0,219.0,0.0,0.0,0.0,0.0,0.0,0.0
331.0,506.0,1516.0,1010.0,505.0,1.9960474308300395,466.3451492258958,932.6902984517915,0.542516632627067,0.0,0.0,1.0,inf,506.0,inf,215.0,0.0,215.0,0.0,0.0,0.0,0.0,0.0,0.0
332.0,509.0,1525.0,1016.0,508.0,1.9960707269155207,469.2494043367582,938.4988086735162,0.5423555099866624,0.0,0.0,1.0,inf,509.0,inf,220.0,3.0,217.0,0.0,0.0,0.0,0.0,0.0,0.0
333.0,509.0,1525.0,1016.0,508.0,1.9960707269155207,469.2494043367582,938.4988086735162,0.5423555099866624,0.0,0.0,1.0,inf,509.0,inf,213.0,0.0,213.0,0.0,0.0,0.0,0.0,0.0,0.0
334.0,511.0,1531.0,1020.0,510.0,1.9960861056751467,471.0404747659439,942.0809495318877,0.5424162331845387,0.0,0.0,1.0,inf,511.0,inf,220.0,2.0,218.0,0.0,0.0,0.0,0.0,0.0,0.0
335.0,511.0,1531.0,1020.0,510.0,1.9960861056751467,471.0404747659439,942.0809495318877,0.5424162331845387,0.0,0.0,1.0,inf,511.0,inf,209.0,0.0,209.0,0.0,0.0,0.0,0.0,0.0,0.0
336.0,514.0,1540.0,1026.0,513.0,1.9961089494163424,473.83794576050894,947.6758915210178,0.5423795251085591,0.0,0.0,1.0,inf,514.0,inf,220.0,3.0,217.0,0.0,0.0,0.0,0.0,0.0,0.0
337.0,514.0,1540.0,1026.0,513.0,1.9961089494163424,473.83794576050894,947.6758915210178,0.5423795251085591,0.0,0.0,1.0,inf,514.0,inf,211.0,0.0,211.0,0.0,0.0,0.0,0.0,0.0,0.0
338.0,517.0,1549.0,1032.0,516.0,1.9961315280464216,476.6497541463014,953.2995082926027,0.5423269345076738,0.0,0.0,1.0,inf,517.0,inf,220.0,3.0,217.0,0.0,0.0,0.0,0.0,0.0,0.0
339.0,517.0,1549.0,1032.0,516.0,1.9961315280464216,476.6497541463014,953.2995082926027,0.5423269345076738,0.0,0.0,1.0,inf,517.0,inf,216.0,0.0,216.0,0.0,0.0,0.0,0.0,0.0,0.0
340.0,518.0,1552.0,1034.0,517.0,1.9961389961389961,477.5835534040753,955.1671068081505,0.5423134824344852,0.0,0.0,1.0,inf,518.0,inf,220.0,1.0,219.0,0.0,0.0,0.0,0.0,0.0,0.0
341.0,518.0,1552.0,1034.0,517.0,1.9961389961389961,477.5835534040753,955.1671068081505,0.5423134824344852,0.0,0.0,1.0,inf,518.0,inf,217.0,0.0,217.0,0.0,0.0,0.0,0.0,0.0,0.0
342.0,520.0,1558.0,1038.0,519.0,1.9961538461538462,479.4252112593564,958.8504225187127,0.5423160774483069,0.0,0.0,1.0,inf,520.0,inf,220.0,2.0,218.0,0.0,0.0,0.0,0.0,0.0,0.0
343.0,520.0,1558.0,1038.0,519.0,1.9961538461538462,479.4252112593564,958.8504225187127,0.5423160774483069,0.0,0.0,1.0,inf,520.0,inf,215.0,0.0,215.0,0.0,0.0,0.0,0.0,0.0,0.0
344.0,521.0,1561.0,1040.0,520.0,1.9961612284069097,480.3779817480826,960.7559634961651,0.5422813074238905,0.0,0.0,1.0,inf,521.0,inf,220.0,1.0,219.0,0.0,0.0,0.0,0.0,0.0,0.0
345.0,521.0,1561.0,1040.0,520.0,1.9961612284069097,480.3779817480826,960.7559634961651,0.5422813074238905,0.0,0.0,1.0,inf,521.0,inf,215.0,0.0,215.0,0.0,0.0,0.0,0.0,0.0,0.0
346.0,522.0,1564.0,1042.0,521.0,1.996168582375479,481.3404413947766,962.680882789553,0.5422357598786055,0.0,0.0,1.0,inf,522.0,inf,220.0,1.0,219.0,0.0,0.0,0.0,0.0,0.0,0.0
347.0,522.0,1564.0,1042.0,521.0,1.996168582375479,481.3404413947766,962.680882789553,0.5422357598786055,0.0,0.0,1.0,inf,522.0,inf,218.0,0.0,218.0,0.0,0.0,0.0,0.0,0.0,0.0
348.0,524.0,1570.0,1046.0,523.0,1.9961832061068703,483.1219994262579,966.2439988525157,0.5423060848215231,0.0,0.0,1.0,inf,524.0,inf,220.0,2.0,218.0,0.0,0.0,0.0,0.0,0.0,0.0
349.0,524.0,1570.0,1046.0,523.0,1.9961832061068703,483.1219994262579,966.2439988525157,0.5423060848215231,0.0,0.0,1.0,inf,524.0,inf,216.0,0.0,216.0,0.0,0.0,0.0,0.0,0.0,0.0
350.0,526.0,1576.0,1050.0,525.0,1.9961977186311788,485.0109686221659,970.0219372443316,0.5422557777345501,0.0,0.0,1.0,inf,526.0,inf,220.0,2.0,218.0,0.0,0.0,0.0,0.0,0.0,0.0
351.0,526.0,1576.0,1050.0,525.0,1.9961977186311788,485.0109686221659,970.0219372443316,0.5422557777345501,0.0,0.0,1.0,inf,526.0,inf,216.0,0.0,216.0,0.0,0.0,0.0,0.0,0.0,0.0
352.0,527.0,1579.0,1052.0,526.0,1.9962049335863377,485.9035966097426,971.807193219485,0.5422886388133328,0.0,0.0,1.0,inf,527.0,inf,220.0,1.0,219.0,0.0,0.0,0.0,0.0,0.0,0.0
353.0,527.0,1579.0,1052.0,526.0,1.9962049335863377,485.9035966097426,971.807193219485,0.5422886388133328,0.0,0.0,1.0,inf,527.0,inf,217.0,0.0,217.0,0.0,0.0,0.0,0.0,0.0,0.0
354.0,527.0,1579.0,1052.0,526.0,1.9962049335863377,485.9035966097426,971.807193219485,0.5422886388133328,0.0,0.0,1.0,inf,527.0,inf,220.0,0.0,220.0,0.0,0.0,0.0,0.0,0.0,0.0
355.0,529.0,1585.0,1056.0,528.0,1.996219281663516,487.7229964574633,975.4459929149265,0.5423160316843258,0.0,0.0,1.0,inf,529.0,inf,220.0,2.0,218.0,0.0,0.0,0.0,0.0,0.0,0.0
356.0,529.0,1585.0,1056.0,528.0,1.996219281663516,487.7229964574633,975.4459929149265,0.5423160316843258,0.0,0.0,1.0,inf,529.0,inf,213.0,0.0,213.0,0.0,0.0,0.0,0.0,0.0,0.0
357.0,529.0,1585.0,1056.0,528.0,1.996219281663516,487.7229964574633,975.4459929149265,0.5423160316843258,0.0,0.0,1.0,inf,529.0,inf,220.0,0.0,220.0,0.0,0.0,0.0,0.0,0.0,0.0
358.0,532.0,1594.0,1062.0,531.0,1.9962406015037595,490.4895920182446,980.9791840364891,0.5423152791183095,0.0,0.0,1.0,inf,532.0,inf,220.0,3.0,217.0,0.0,0.0,0.0,0.0,0.0,0.0
359.0,532.0,1594.0,1062.0,531.0,1.9962406015037595,490.4895920182446,980.9791840364891,0.5423152791183095,0.0,0.0,1.0,inf,532.0,inf,215.0,0.0,215.0,0.0,0.0,0.0,0.0,0.0,0.0
360.0,534.0,1600.0,1066.0,533.0,1.99625468164794,492.226296828257,984.4525936565138,0.542433432997098,0.0,0.0,1.0,inf,534.0,inf,220.0,2.0,218.0,0.0,0.0,0.0,0.0,0.0,0.0
361.0,534.0,1600.0,1066.0,533.0,1.99625468164794,492.226296828257,984.4525936565138,0.542433432997098,0.0,0.0,1.0,inf,534.0,inf,211.0,0.0,211.0,0.0,0.0,0.0,0.0,0.0,0.0
362.0,535.0,1603.0,1068.0,534.0,1.9962616822429906,493.15424580832746,986.3084916166548,0.5424266388734861,0.0,0.0,1.0,inf,535.0,inf,220.0,1.0,219.0,0.0,0.0,0.0,0.0,0.0,0.0
363.0,535.0,1603.0,1068.0,534.0,1.9962616822429906,493.15424580832746,986.3084916166548,0.5424266388734861,0.0,0.0,1.0,inf,535.0,inf,216.0,0.0,216.0,0.0,0.0,0.0,0.0,0.0,0.0
364.0,538.0,1612.0,1074.0,537.0,1.996282527881041,495.9798183820192,991.9596367640382,0.5423607776573034,0.0,0.0,1.0,inf,538.0,inf,220.0,3.0,217.0,0.0,0.0,0.0,0.0,0.0,0.0
365.0,538.0,1612.0,1074.0,537.0,1.996282527881041,495.9798183820192,991.9596367640382,0.5423607776573034,0.0,0.0,1.0,inf,538.0,inf,209.0,0.0,209.0,0.0,0.0,0.0,0.0,0.0,0.0
366.0,538.0,1612.0,1074.0,537.0,1.996282527881041,495.9798183820192,991.9596367640382,0.5423607776573034,0.0,0.0,1.0,inf,538.0,inf,220.0,0.0,220.0,0.0,0.0,0.0,0.0,0.0,0.0
367.0,538.0,1612.0,1074.0,537.0,1.996282527881041,495.9798183820192,991.9596367640382,0.5423607776573034,0.0,0.0,1.0,inf,538.0,inf,220.0,0.0,220.0,0.0,0.0,0.0,0.0,0.0,0.0
368.0,538.0,1612.0,1074.0,537.0,1.996282527881041,495.9798183820192,991.9596367640382,0.5423607776573034,0.0,0.0,1.0,inf,538.0,inf,220.0,0.0,220.0,0.0,0.0,0.0,0.0,0.0,0.0
369.0,539.0,1615.0,1076.0,538.0,1.9962894248608534,496.8742858851463,993.7485717702925,0.542390716637519,0.0,0.0,1.0,inf,539.0,inf,220.0,1.0,219.0,0.0,0.0,0.0,0.0,0.0,0.0
370.0,539.0,1615.0,1076.0,538.0,1.9962894248608534,496.8742858851463,993.7485717702925,0.542390716637519,0.0,0.0,1.0,inf,539.0,inf,218.0,0.0,218.0,0.0,0.0,0.0,0.0,0.0,0.0
371.0,540.0,1618.0,1078.0,539.0,1.9962962962962962,497.86868457723693,995.7373691544738,0.5423116744714912,0.0,0.0,1.0,inf,540.0,inf,220.0,1.0,219.0,0.0,0.0,0.0,0.0,0.0,0.0
372.0,540.0,1618.0,1078.0,539.0,1.9962962962962962,497.86868457723693,995.7373691544738,0.5423116744714912,0.0,0.0,1.0,inf,540.0,inf,218.0,0.0,218.0,0.0,0.0,0.0,0.0,0.0,0.0
373.0,542.0,1624.0,1082.0,541.0,1.996309963099631,499.7757724422212,999.5515448844423,0.542243171724236,0.0,0.0,1.0,inf,542.0,inf,220.0,2.0,218.0,0.0,0.0,0.0,0.0,0.0,0.0
374.0,542.0,1624.0,1082.0,541.0,1.996309963099631,499.7757724422212,999.5515448844423,0.542243171724236,0.0,0.0,1.0,inf,542.0,inf,216.0,0.0,216.0,0.0,0.0,0.0,0.0,0.0,0.0
375.0,544.0,1630.0,1086.0,543.0,1.9963235294117647,501.5661709829949,1003.1323419659897,0.5423013267958654,0.0,0.0,1.0,inf,544.0,inf,220.0,2.0,218.0,0.0,0.0,0.0,0.0,0.0,0.0
376.0,544.0,1630.0,1086.0,543.0,1.9963235294117647,501.5661709829949,1003.1323419659897,0.5423013267958654,0.0,0.0,1.0,inf,544.0,inf,214.0,0.0,214.0,0.0,0.0,0.0,0.0,0.0,0.0
377.0,545.0,1633.0,1088.0,544.0,1.996330275229358,502.50836189014063,1005.0167237802812,0.5422795333693861,0.0,0.0,1.0,inf,545.0,inf,220.0,1.0,219.0,0.0,0.0,0.0,0.0,0.0,0.0
378.0,545.0,1633.0,1088.0,544.0,1.996330275229358,502.50836189014063,1005.0167237802812,0.5422795333693861,0.0,0.0,1.0,inf,545.0,inf,219.0,0.0,219.0,0.0,0.0,0.0,0.0,0.0,0.0
379.0,546.0,1636.0,1090.0,545.0,1.9963369963369964,503.5016780702932,1007.0033561405863,0.542202760964556,0.0,0.0,1.0,inf,546.0,inf,220.0,1.0,219.0,0.0,0.0,0.0,0.0,0.0,0.0
380.0,546.0,1636.0,1090.0,545.0,1.9963369963369964,503.5016780702932,1007.0033561405863,0.542202760964556,0.0,0.0,1.0,inf,546.0,inf,218.0,0.0,218.0,0.0,0.0,0.0,0.0,0.0,0.0
381.0,547.0,1639.0,1092.0,546.0,1.9963436928702012,504.453418781537,1008.9068375630739,0.5421709712278595,0.0,0.0,1.0,inf,547.0,inf,220.0,1.0,219.0,0.0,0.0,0.0,0.0,0.0,0.0
382.0,547.0,1639.0,1092.0,546.0,1.9963436928702012,504.453418781537,1008.9068375630739,0.5421709712278595,0.0,0.0,1.0,inf,547.0,inf,215.0,0.0,215.0,0.0,0.0,0.0,0.0,0.0,0.0
383.0,549.0,1645.0,1096.0,548.0,1.9963570127504553,506.21560309268506,1012.43120618537,0.5422590657478029,0.0,0.0,1.0,inf,549.0,inf,220.0,2.0,218.0,0.0,0.0,0.0,0.0,0.0,0.0
384.0,549.0,1645.0,1096.0,548.0,1.9963570127504553,506.21560309268506,1012.43120618537,0.5422590657478029,0.0,0.0,1.0,inf,549.0,inf,216.0,0.0,216.0,0.0,0.0,0.0,0.0,0.0,0.0
385.0,550.0,1648.0,1098.0,549.0,1.9963636363636363,507.18650638576037,1014.3730127715206,0.5422068539631811,0.0,0.0,1.0,inf,550.0,inf,220.0,1.0,219.0,0.0,0.0,0.0,0.0,0.0,0.0
386.0,550.0,1648.0,1098.0,549.0,1.9963636363636363,507.18650638576037,1014.3730127715206,0.5422068539631811,0.0,0.0,1.0,inf,550.0,inf,219.0,0.0,219.0,0.0,0.0,0.0,0.0,0.0,0.0
387.0,550.0,1648.0,1098.0,549.0,1.9963636363636363,507.18650638576037,1014.3730127715206,0.5422068539631811,0.0,0.0,1.0,inf,550.0,inf,220.0,0.0,220.0,0.0,0.0,0.0,0.0,0.0,0.0
388.0,552.0,1654.0,1102.0,551.0,1.9963768115942029,508.99181122556803,1017.983622451136,0.542248409331847,0.0,0.0,1.0,inf,552.0,inf,220.0,2.0,218.0,0.0,0.0,0.0,0.0,0.0,0.0
389.0,552.0,1654.0,1102.0,551.0,1.9963768115942029,508.99181122556803,1017.983622451136,0.542248409331847,0.0,0.0,1.0,inf,552.0,inf,213.0,0.0,213.0,0.0,0.0,0.0,0.0,0.0,0.0
390.0,552.0,1654.0,1102.0,551.0,1.9963768115942029,508.99181122556803,1017.983622451136,0.542248409331847,0.0,0.0,1.0,inf,552.0,inf,220.0,0.0,220.0,0.0,0.0,0.0,0.0,0.0,0.0
391.0,552.0,1654.0,1102.0,551.0,1.9963768115942029,508.99181122556803,1017.983622451136,0.542248409331847,0.0,0.0,1.0,inf,552.0,inf,220.0,0.0,220.0,0.0,0.0,0.0,0.0,0.0,0.0
392.0,552.0,1654.0,1102.0,551.0,1.9963768115942029,508.99181122556803,1017.983622451136,0.542248409331847,0.0,0.0,1.0,inf,552.0,inf,220.0,0.0,220.0,0.0,0.0,0.0,0.0,0.0,0.0
393.0,552.0,1654.0,1102.0,551.0,1.9963768115942029,508.99181122556803,1017.983622451136,0.542248409331847,0.0,0.0,1.0,inf,552.0,inf,220.0,0.0,220.0,0.0,0.0,0.0,0.0,0.0,0.0
394.0,556.0,1666.0,1110.0,555.0,1.9964028776978417,512.7292451265121,1025.458490253024,0.5421964957965401,0.0,0.0,1.0,inf,556.0,inf,220.0,4.0,216.0,0.0,0.0,0.0,0.0,0.0,0.0
395.0,556.0,1666.0,1110.0,555.0,1.9964028776978417,512.7292451265121,1025.458490253024,0.5421964957965401,0.0,0.0,1.0,inf,556.0,inf,211.0,0.0,211.0,0.0,0.0,0.0,0.0,0.0,0.0
396.0,557.0,1669.0,1112.0,556.0,1.9964093357271095,513.5803254351051,1027.16065087021,0.5422715517072328,0.0,0.0,1.0,inf,557.0,inf,220.0,1.0,219.0,0.0,0.0,0.0,0.0,0.0,0.0
397.0,557.0,1669.0,1112.0,556.0,1.9964093357271095,513.5803254351051,1027.16065087021,0.5422715517072328,0.0,0.0,1.0,inf,557.0,inf,218.0,0.0,218.0,0.0,0.0,0.0,0.0,0.0,0.0
398.0,559.0,1675.0,1116.0,558.0,1.996422182468694,515.4739375920552,1030.9478751841102,0.5422194598346418,0.0,0.0,1.0,inf,559.0,inf,220.0,2.0,218.0,0.0,0.0,0.0,0.0,0.0,0.0
399.0,559.0,1675.0,1116.0,558.0,1.996422182468694,515.4739375920552,1030.9478751841102,0.5422194598346418,0.0,0.0,1.0,inf,559.0,inf,214.0,0.0,214.0,0.0,0.0,0.0,0.0,0.0,0.0
400.0,561.0,1681.0,1120.0,560.0,1.9964349376114081,517.4095236336,1034.8190472671997,0.5421237669344374,0.0,0.0,1.0,inf,561.0,inf,220.0,2.0,218.0,0.0,0.0,0.0,0.0,0.0,0.0
401.0,561.0,1681.0,1120.0,560.0,1.9964349376114081,517.4095236336,1034.8190472671997,0.5421237669344374,0.0,0.0,1.0,inf,561.0,inf,215.0,0.0,215.0,0.0,0.0,0.0,0.0,0.0,0.0
402.0,562.0,1684.0,1122.0,561.0,1.99644128113879,518.2698076822593,1036.5396153645183,0.5421886357931069,0.0,0.0,1.0,inf,562.0,inf,220.0,1.0,219.0,0.0,0.0,0.0,0.0,0.0,0.0
403.0,562.0,1684.0,1122.0,561.0,1.99644128113879,518.2698076822593,1036.5396153645183,0.5421886357931069,0.0,0.0,1.0,inf,562.0,inf,215.0,0.0,215.0,0.0,0.0,0.0,0.0,0.0,0.0
404.0,563.0,1687.0,1124.0,562.0,1.9964476021314388,519.2256122552167,1038.4512245104331,0.5421535327915092,0.0,0.0,1.0,inf,563.0,inf,220.0,1.0,219.0,0.0,0.0,0.0,0.0,0.0,0.0
405.0,563.0,1687.0,1124.0,562.0,1.9964476021314388,519.2256122552167,1038.4512245104331,0.5421535327915092,0.0,0.0,1.0,inf,563.0,inf,217.0,0.0,217.0,0.0,0.0,0.0,0.0,0.0,0.0
406.0,563.0,1687.0,1124.0,562.0,1.9964476021314388,519.2256122552167,1038.4512245104331,0.5421535327915092,0.0,0.0,1.0,inf,563.0,inf,220.0,0.0,220.0,0.0,0.0,0.0,0.0,0.0,0.0
407.0,565.0,1693.0,1128.0,564.0,1.9964601769911505,521.0802924476845,1042.1605848953689,0.5421429366921654,0.0,0.0,1.0,inf,565.0,inf,220.0,2.0,218.0,0.0,0.0,0.0,0.0,0.0,0.0
408.0,565.0,1693.0,1128.0,564.0,1.9964601769911505,521.0802924476845,1042.1605848953689,0.5421429366921654,0.0,0.0,1.0,inf,565.0,inf,213.0,0.0,213.0,0.0,0.0,0.0,0.0,0.0,0.0
409.0,566.0,1696.0,1130.0,565.0,1.9964664310954063,521.9365538939613,1043.8731077879224,0.5422114965672541,0.0,0.0,1.0,inf,566.0,inf,220.0,1.0,219.0,0.0,0.0,0.0,0.0,0.0,0.0
410.0,566.0,1696.0,1130.0,565.0,1.9964664310954063,521.9365538939613,1043.8731077879224,0.5422114965672541,0.0,0.0,1.0,inf,566.0,inf,219.0,0.0,219.0,0.0,0.0,0.0,0.0,0.0,0.0
411.0,566.0,1696.0,1130.0,565.0,1.9964664310954063,521.9365538939613,1043.8731077879224,0.5422114965672541,0.0,0.0,1.0,inf,566.0,inf,220.0,0.0,220.0,0.0,0.0,0.0,0.0,0.0,0.0
412.0,568.0,1702.0,1134.0,567.0,1.9964788732394365,523.867499379117,1047.7349987582338,0.5421218157961589,0.0,0.0,1.0,inf,568.0,inf,220.0,2.0,218.0,0.0,0.0,0.0,0.0,0.0,0.0
413.0,568.0,1702.0,1134.0,567.0,1.9964788732394365,523.867499379117,1047.7349987582338,0.5421218157961589,0.0,0.0,1.0,inf,568.0,inf,213.0,0.0,213.0,0.0,0.0,0.0,0.0,0.0,0.0
414.0,569.0,1705.0,1136.0,568.0,1.9964850615114236,524.8021243273139,1049.6042486546276,0.5421090860953913,0.0,0.0,1.0,inf,569.0,inf,220.0,1.0,219.0,0.0,0.0,0.0,0.0,0.0,0.0
415.0,569.0,1705.0,1136.0,568.0,1.9964850615114236,524.8021243273139,1049.6042486546276,0.5421090860953913,0.0,0.0,1.0,inf,569.0,inf,216.0,0.0,216.0,0.0,0.0,0.0,0.0,0.0,0.0
416.0,572.0,1714.0,1142.0,571.0,1.9965034965034965,527.5827964351024,1055.1655928702046,0.5420950075182763,0.0,0.0,1.0,inf,572.0,inf,220.0,3.0,217.0,0.0,0.0,0.0,0.0,0.0,0.0
417.0,572.0,1714.0,1142.0,571.0,1.9965034965034965,527.5827964351024,1055.1655928702046,0.5420950075182763,0.0,0.0,1.0,inf,572.0,inf,209.0,0.0,209.0,0.0,0.0,0.0,0.0,0.0,0.0
418.0,573.0,1717.0,1144.0,572.0,1.9965095986038395,528.4464880669268,1056.8929761338534,0.5421551783758195,0.0,0.0,1.0,inf,573.0,inf,220.0,1.0,219.0,0.0,0.0,0.0,0.0,0.0,0.0
419.0,573.0,1717.0,1144.0,572.0,1.9965095986038395,528.4464880669268,1056.8929761338534,0.5421551783758195,0.0,0.0,1.0,inf,573.0,inf,220.0,0.0,220.0,0.0,0.0,0.0,0.0,0.0,0.0
420.0,574.0,1720.0,1146.0,573.0,1.9965156794425087,529.4173784715161,1058.834756943032,0.5421053627453624,0.0,0.0,1.0,inf,574.0,inf,220.0,1.0,219.0,0.0,0.0,0.0,0.0,0.0,0.0
421.0,574.0,1720.0,1146.0,573.0,1.9965156794425087,529.4173784715161,1058.834756943032,0.5421053627453624,0.0,0.0,1.0,inf,574.0,inf,218.0,0.0,218.0,0.0,0.0,0.0,0.0,0.0,0.0
422.0,574.0,1720.0,1146.0,573.0,1.9965156794425087,529.4173784715161,1058.834756943032,0.5421053627453624,0.0,0.0,1.0,inf,574.0,inf,220.0,0.0,220.0,0.0,0.0,0.0,0.0,0.0,0.0
423.0,574.0,1720.0,1146.0,573.0,1.9965156794425087,529.4173784715161,1058.834756943032,0.5421053627453624,0.0,0.0,1.0,inf,574.0,inf,220.0,0.0,220.0,0.0,0.0,0.0,0.0,0.0,0.0
424.0,576.0,1726.0,1150.0,575.0,1.9965277777777777,531.2886711635455,1062.5773423270907,0.5420781876814114,0.0,0.0,1.0,inf,576.0,inf,220.0,2.0,218.0,0.0,0.0,0.0,0.0,0.0,0.0
425.0,576.0,1726.0,1150.0,575.0,1.9965277777777777,531.2886711635455,1062.5773423270907,0.5420781876814114,0.0,0.0,1.0,inf,576.0,inf,211.0,0.0,211.0,0.0,0.0,0.0,0.0,0.0,0.0
426.0,576.0,1726.0,1150.0,575.0,1.9965277777777777,531.2886711635455,1062.5773423270907,0.5420781876814114,0.0,0.0,1.0,inf,576.0,inf,220.0,0.0,220.0,0.0,0.0,0.0,0.0,0.0,0.0
427.0,576.0,1726.0,1150.0,575.0,1.9965277777777777,531.2886711635455,1062.5773423270907,0.5420781876814114,0.0,0.0,1.0,inf,576.0,inf,220.0,0.0,220.0,0.0,0.0,0.0,0.0,0.0,0.0
428.0,577.0,1729.0,1152.0,576.0,1.9965337954939342,532.2267695791205,1064.4535391582408,0.542062174415133,0.0,0.0,1.0,inf,577.0,inf,220.0,1.0,219.0,0.0,0.0,0.0,0.0,0.0,0.0
429.0,577.0,1729.0,1152.0,576.0,1.9965337954939342,532.2267695791205,1064.4535391582408,0.542062174415133,0.0,0.0,1.0,inf,577.0,inf,219.0,0.0,219.0,0.0,0.0,0.0,0.0,0.0,0.0
430.0,580.0,1738.0,1158.0,579.0,1.9965517241379311,535.0539718481439,1070.1079436962875,0.5420013966036052,0.0,0.0,1.0,inf,580.0,inf,220.0,3.0,217.0,0.0,0.0,0.0,0.0,0.0,0.0
431.0,580.0,1738.0,1158.0,579.0,1.9965517241379311,535.0539718481439,1070.1079436962875,0.5420013966036052,0.0,0.0,1.0,inf,580.0,inf,213.0,0.0,213.0,0.0,0.0,0.0,0.0,0.0,0.0
432.0,581.0,1741.0,1160.0,580.0,1.9965576592082617,536.0168437333847,1072.0336874667692,0.5419605808964001,0.0,0.0,1.0,inf,581.0,inf,220.0,1.0,219.0,0.0,0.0,0.0,0.0,0.0,0.0
433.0,581.0,1741.0,1160.0,580.0,1.9965576592082617,536.0168437333847,1072.0336874667692,0.5419605808964001,0.0,0.0,1.0,inf,581.0,inf,220.0,0.0,220.0,0.0,0.0,0.0,0.0,0.0,0.0
434.0,582.0,1744.0,1162.0,581.0,1.9965635738831615,536.8904003634602,1073.7808007269202,0.5420100635120333,0.0,0.0,1.0,inf,582.0,inf,220.0,1.0,219.0,0.0,0.0,0.0,0.0,0.0,0.0
435.0,582.0,1744.0,1162.0,581.0,1.9965635738831615,536.8904003634602,1073.7808007269202,0.5420100635120333,0.0,0.0,1.0,inf,582.0,inf,218.0,0.0,218.0,0.0,0.0,0.0,0.0,0.0,0.0
436.0,583.0,1747.0,1164.0,582.0,1.9965694682675814,537.7798028686668,1075.5596057373334,0.5420434133916114,0.0,0.0,1.0,inf,583.0,inf,220.0,1.0,219.0,0.0,0.0,0.0,0.0,0.0,0.0
437.0,583.0,1747.0,1164.0,582.0,1.9965694682675814,537.7798028686668,1075.5596057373334,0.5420434133916114,0.0,0.0,1.0,inf,583.0,inf,219.0,0.0,219.0,0.0,0.0,0.0,0.0,0.0,0.0
438.0,584.0,1750.0,1166.0,583.0,1.9965753424657535,538.6872350888519,1077.3744701777036,0.5420585099846242,0.0,0.0,1.0,inf,584.0,inf,220.0,1.0,219.0,0.0,0.0,0.0,0.0,0.0,0.0
439.0,584.0,1750.0,1166.0,583.0,1.9965753424657535,538.6872350888519,1077.3744701777036,0.5420585099846242,0.0,0.0,1.0,inf,584.0,inf,219.0,0.0,219.0,0.0,0.0,0.0,0.0,0.0,0.0
440.0,585.0,1753.0,1168.0,584.0,1.9965811965811966,539.6776747301165,1079.3553494602327,0.5419901798722252,0.0,0.0,1.0,inf,585.0,inf,220.0,1.0,219.0,0.0,0.0,0.0,0.0,0.0,0.0
441.0,585.0,1753.0,1168.0,584.0,1.9965811965811966,539.6776747301165,1079.3553494602327,0.5419901798722252,0.0,0.0,1.0,inf,585.0,inf,218.0,0.0,218.0,0.0,0.0,0.0,0.0,0.0,0.0
442.0,585.0,1753.0,1168.0,584.0,1.9965811965811966,539.6776747301165,1079.3553494602327,0.5419901798722252,0.0,0.0,1.0,inf,585.0,inf,220.0,0.0,220.0,0.0,0.0,0.0,0.0,0.0,0.0
443.0,587.0,1759.0,1172.0,586.0,1.9965928449744463,541.5247152126108,1083.0494304252213,0.541988189559857,0.0,0.0,1.0,inf,587.0,inf,220.0,2.0,218.0,0.0,0.0,0.0,0.0,0.0,0.0
444.0,587.0,1759.0,1172.0,586.0,1.9965928449744463,541.5247152126108,1083.0494304252213,0.541988189559857,0.0,0.0,1.0,inf,587.0,inf,212.0,0.0,212.0,0.0,0.0,0.0,0.0,0.0,0.0
445.0,587.0,1759.0,1172.0,586.0,1.9965928449744463,541.5247152126108,1083.0494304252213,0.541988189559857,0.0,0.0,1.0,inf,587.0,inf,220.0,0.0,220.0,0.0,0.0,0.0,0.0,0.0,0.0
446.0,588.0,1762.0,1174.0,587.0,1.9965986394557824,542.3958312750538,1084.7916625501073,0.5420395641848325,0.0,0.0,1.0,inf,588.0,inf,220.0,1.0,219.0,0.0,0.0,0.0,0.0,0.0,0.0
447.0,588.0,1762.0,1174.0,587.0,1.9965986394557824,542.3958312750538,1084.7916625501073,0.5420395641848325,0.0,0.0,1.0,inf,588.0,inf,218.0,0.0,218.0,0.0,0.0,0.0,0.0,0.0,0.0
448.0,590.0,1768.0,1178.0,589.0,1.9966101694915255,544.2721155609959,1088.5442311219915,0.5420082924805649,0.0,0.0,1.0,inf,590.0,inf,220.0,2.0,218.0,0.0,0.0,0.0,0.0,0.0,0.0
449.0,590.0,1768.0,1178.0,589.0,1.9966101694915255,544.2721155609959,1088.5442311219915,0.5420082924805649,0.0,0.0,1.0,inf,590.0,inf,213.0,0.0,213.0,0.0,0.0,0.0,0.0,0.0,0.0
450.0,590.0,1768.0,1178.0,589.0,1.9966101694915255,544.2721155609959,1088.5442311219915,0.5420082924805649,0.0,0.0,1.0,inf,590.0,inf,220.0,0.0,220.0,0.0,0.0,0.0,0.0,0.0,0.0
451.0,590.0,1768.0,1178.0,589.0,1.9966101694915255,544.2721155609959,1088.5442311219915,0.5420082924805649,0.0,0.0,1.0,inf,590.0,inf,220.0,0.0,220.0,0.0,0.0,0.0,0.0,0.0,0.0
452.0,593.0,1777.0,1184.0,592.0,1.9966273187183812,547.0095320217102,1094.0190640434203,0.5420380864372804,0.0,0.0,1.0,inf,593.0,inf,220.0,3.0,217.0,0.0,0.0,0.0,0.0,0.0,0.0
453.0,593.0,1777.0,1184.0,592.0,1.9966273187183812,547.0095320217102,1094.0190640434203,0.5420380864372804,0.0,0.0,1.0,inf,593.0,inf,213.0,0.0,213.0,0.0,0.0,0.0,0.0,0.0,0.0
454.0,595.0,1783.0,1188.0,594.0,1.9966386554621849,548.7471594761671,1097.494318952334,0.5421440363973692,0.0,0.0,1.0,inf,595.0,inf,220.0,2.0,218.0,0.0,0.0,0.0,0.0,0.0,0.0
455.0,595.0,1783.0,1188.0,594.0,1.9966386554621849,548.7471594761671,1097.494318952334,0.5421440363973692,0.0,0.0,1.0,inf,595.0,inf,214.0,0.0,214.0,0.0,0.0,0.0,0.0,0.0,0.0
456.0,596.0,1786.0,1190.0,595.0,1.9966442953020134,549.7441610973193,1099.4883221946384,0.542070332143548,0.0,0.0,1.0,inf,596.0,inf,220.0,1.0,219.0,0.0,0.0,0.0,0.0,0.0,0.0
457.0,596.0,1786.0,1190.0,595.0,1.9966442953020134,549.7441610973193,1099.4883221946384,0.542070332143548,0.0,0.0,1.0,inf,596.0,inf,215.0,0.0,215.0,0.0,0.0,0.0,0.0,0.0,0.0
458.0,599.0,1795.0,1196.0,598.0,1.996661101836394,552.6248222460002,1105.2496444920002,0.5419590071664896,0.0,0.0,1.0,inf,599.0,inf,220.0,3.0,217.0,0.0,0.0,0.0,0.0,0.0,0.0
459.0,599.0,1795.0,1196.0,598.0,1.996661101836394,552.6248222460002,1105.2496444920002,0.5419590071664896,0.0,0.0,1.0,inf,599.0,inf,211.0,0.0,211.0,0.0,0.0,0.0,0.0,0.0,0.0
460.0,599.0,1795.0,1196.0,598.0,1.996661101836394,552.6248222460002,1105.2496444920002,0.5419590071664896,0.0,0.0,1.0,inf,599.0,inf,220.0,0.0,220.0,0.0,0.0,0.0,0.0,0.0,0.0
461.0,600.0,1798.0,1198.0,599.0,1.9966666666666666,553.5843740882157,1107.168748176431,0.5419228107623464,0.0,0.0,1.0,inf,600.0,inf,220.0,1.0,219.0,0.0,0.0,0.0,0.0,0.0,0.0
462.0,600.0,1798.0,1198.0,599.0,1.9966666666666666,553.5843740882157,1107.168748176431,0.5419228107623464,0.0,0.0,1.0,inf,600.0,inf,219.0,0.0,219.0,0.0,0.0,0.0,0.0,0.0,0.0
463.0,600.0,1798.0,1198.0,599.0,1.9966666666666666,553.5843740882157,1107.168748176431,0.5419228107623464,0.0,0.0,1.0,inf,600.0,inf,220.0,0.0,220.0,0.0,0.0,0.0,0.0,0.0,0.0
464.0,601.0,1801.0,1200.0,600.0,1.9966722129783694,554.4794700931485,1108.9589401862968,0.5419497316095729,0.0,0.0,1.0,inf,601.0,inf,220.0,1.0,219.0,0.0,0.0,0.0,0.0,0.0,0.0
465.0,601.0,1801.0,1200.0,600.0,1.9966722129783694,554.4794700931485,1108.9589401862968,0.5419497316095729,0.0,0.0,1.0,inf,601.0,inf,217.0,0.0,217.0,0.0,0.0,0.0,0.0,0.0,0.0
466.0,603.0,1807.0,1204.0,602.0,1.9966832504145937,556.3569989712377,1112.713997942475,0.5419182297652498,0.0,0.0,1.0,inf,603.0,inf,220.0,2.0,218.0,0.0,0.0,0.0,0.0,0.0,0.0
467.0,603.0,1807.0,1204.0,602.0,1.9966832504145937,556.3569989712377,1112.713997942475,0.5419182297652498,0.0,0.0,1.0,inf,603.0,inf,214.0,0.0,214.0,0.0,0.0,0.0,0.0,0.0,0.0
468.0,604.0,1810.0,1206.0,603.0,1.9966887417218544,557.3534354776199,1114.7068709552395,0.541846485150313,0.0,0.0,1.0,inf,604.0,inf,220.0,1.0,219.0,0.0,0.0,0.0,0.0,0.0,0.0
469.0,604.0,1810.0,1206.0,603.0,1.9966887417218544,557.3534354776199,1114.7068709552395,0.541846485150313,0.0,0.0,1.0,inf,604.0,inf,220.0,0.0,220.0,0.0,0.0,0.0,0.0,0.0,0.0
470.0,607.0,1819.0,1212.0,606.0,1.9967051070840198,560.1455458256723,1120.2910916513445,0.54182346402957,0.0,0.0,1.0,inf,607.0,inf,220.0,3.0,217.0,0.0,0.0,0.0,0.0,0.0,0.0
471.0,607.0,1819.0,1212.0,606.0,1.9967051070840198,560.1455458256723,1120.2910916513445,0.54182346402957,0.0,0.0,1.0,inf,607.0,inf,216.0,0.0,216.0,0.0,0.0,0.0,0.0,0.0,0.0
472.0,608.0,1822.0,1214.0,607.0,1.9967105263157894,561.0127435887431,1122.025487177486,0.5418771738683548,0.0,0.0,1.0,inf,608.0,inf,220.0,1.0,219.0,0.0,0.0,0.0,0.0,0.0,0.0
473.0,608.0,1822.0,1214.0,607.0,1.9967105263157894,561.0127435887431,1122.025487177486,0.5418771738683548,0.0,0.0,1.0,inf,608.0,inf,219.0,0.0,219.0,0.0,0.0,0.0,0.0,0.0,0.0
474.0,609.0,1825.0,1216.0,608.0,1.9967159277504105,561.9778244839082,1123.9556489678162,0.5418363265127718,0.0,0.0,1.0,inf,609.0,inf,220.0,1.0,219.0,0.0,0.0,0.0,0.0,0.0,0.0
475.0,609.0,1825.0,1216.0,608.0,1.9967159277504105,561.9778244839082,1123.9556489678162,0.5418363265127718,0.0,0.0,1.0,inf,609.0,inf,218.0,0.0,218.0,0.0,0.0,0.0,0.0,0.0,0.0
476.0,612.0,1834.0,1222.0,611.0,1.9967320261437909,564.7551346881476,1129.510269376295,0.5418277430429568,0.0,0.0,1.0,inf,612.0,inf,220.0,3.0,217.0,0.0,0.0,0.0,0.0,0.0,0.0
477.0,612.0,1834.0,1222.0,611.0,1.9967320261437909,564.7551346881476,1129.510269376295,0.5418277430429568,0.0,0.0,1.0,inf,612.0,inf,212.0,0.0,212.0,0.0,0.0,0.0,0.0,0.0,0.0
478.0,613.0,1837.0,1224.0,612.0,1.99673735725938,565.7202103515677,1131.4404207031353,0.5417872552396973,0.0,0.0,1.0,inf,613.0,inf,220.0,1.0,219.0,0.0,0.0,0.0,0.0,0.0,0.0
479.0,613.0,1837.0,1224.0,612.0,1.99673735725938,565.7202103515677,1131.4404207031353,0.5417872552396973,0.0,0.0,1.0,inf,613.0,inf,217.0,0.0,217.0,0.0,0.0,0.0,0.0,0.0,0.0
480.0,614.0,1840.0,1226.0,613.0,1.996742671009772,566.6754152760756,1133.350830552151,0.541756341856536,0.0,0.0,1.0,inf,614.0,inf,220.0,1.0,219.0,0.0,0.0,0.0,0.0,0.0,0.0
481.0,614.0,1840.0,1226.0,613.0,1.996742671009772,566.6754152760756,1133.350830552151,0.541756341856536,0.0,0.0,1.0,inf,614.0,inf,218.0,0.0,218.0,0.0,0.0,0.0,0.0,0.0,0.0
482.0,615.0,1843.0,1228.0,614.0,1.9967479674796749,567.6050360019785,1135.2100720039568,0.5417499502223024,0.0,0.0,1.0,inf,615.0,inf,220.0,1.0,219.0,0.0,0.0,0.0,0.0,0.0,0.0
483.0,615.0,1843.0,1228.0,614.0,1.9967479674796749,567.6050360019785,1135.2100720039568,0.5417499502223024,0.0,0.0,1.0,inf,615.0,inf,217.0,0.0,217.0,0.0,0.0,0.0,0.0,0.0,0.0
484.0,618.0,1852.0,1234.0,617.0,1.9967637540453074,570.3172517471013,1140.6345034942024,0.5418037049614299,0.0,0.0,1.0,inf,618.0,inf,220.0,3.0,217.0,0.0,0.0,0.0,0.0,0.0,0.0
485.0,618.0,1852.0,1234.0,617.0,1.9967637540453074,570.3172517471013,1140.6345034942024,0.5418037049614299,0.0,0.0,1.0,inf,618.0,inf,215.0,0.0,215.0,0.0,0.0,0.0,0.0,0.0,0.0
486.0,619.0,1855.0,1236.0,618.0,1.9967689822294024,571.2160198535269,1142.4320397070535,0.5418265406480776,0.0,0.0,1.0,inf,619.0,inf,220.0,1.0,219.0,0.0,0.0,0.0,0.0,0.0,0.0
487.0,619.0,1855.0,1236.0,618.0,1.9967689822294024,571.2160198535269,1142.4320397070535,0.5418265406480776,0.0,0.0,1.0,inf,619.0,inf,218.0,0.0,218.0,0.0,0.0,0.0,0.0,0.0,0.0
488.0,620.0,1858.0,1238.0,619.0,1.9967741935483871,572.0690656527547,1144.1381313055092,0.5418926115962539,0.0,0.0,1.0,inf,620.0,inf,220.0,1.0,219.0,0.0,0.0,0.0,0.0,0.0,0.0
489.0,620.0,1858.0,1238.0,619.0,1.9967741935483871,572.0690656527547,1144.1381313055092,0.5418926115962539,0.0,0.0,1.0,inf,620.0,inf,217.0,0.0,217.0,0.0,0.0,0.0,0.0,0.0,0.0
490.0,620.0,1858.0,1238.0,619.0,1.9967741935483871,572.0690656527547,1144.1381313055092,0.5418926115962539,0.0,0.0,1.0,inf,620.0,inf,220.0,0.0,220.0,0.0,0.0,0.0,0.0,0.0,0.0
491.0,621.0,1861.0,1240.0,620.0,1.996779388083736,573.0569270015952,1146.1138540031902,0.5418309863640052,0.0,0.0,1.0,inf,621.0,inf,220.0,1.0,219.0,0.0,0.0,0.0,0.0,0.0,0.0
492.0,621.0,1861.0,1240.0,620.0,1.996779388083736,573.0569270015952,1146.1138540031902,0.5418309863640052,0.0,0.0,1.0,inf,621.0,inf,217.0,0.0,217.0,0.0,0.0,0.0,0.0,0.0,0.0
493.0,623.0,1867.0,1244.0,622.0,1.9967897271268058,575.0038378193588,1150.0076756387173,0.541735514638182,0.0,0.0,1.0,inf,623.0,inf,220.0,2.0,218.0,0.0,0.0,0.0,0.0,0.0,0.0
494.0,623.0,1867.0,1244.0,622.0,1.9967897271268058,575.0038378193588,1150.0076756387173,0.541735514638182,0.0,0.0,1.0,inf,623.0,inf,215.0,0.0,215.0,0.0,0.0,0.0,0.0,0.0,0.0
495.0,624.0,1870.0,1246.0,623.0,1.9967948717948718,575.9737653519556,1151.947530703911,0.5416913386833665,0.0,0.0,1.0,inf,624.0,inf,220.0,1.0,219.0,0.0,0.0,0.0,0.0,0.0,0.0
496.0,624.0,1870.0,1246.0,623.0,1.9967948717948718,575.9737653519556,1151.947530703911,0.5416913386833665,0.0,0.0,1.0,inf,624.0,inf,217.0,0.0,217.0,0.0,0.0,0.0,0.0,0.0,0.0
497.0,625.0,1873.0,1248.0,624.0,1.9968,576.8399462775382,1153.679892555076,0.5417447283542413,0.0,0.0,1.0,inf,625.0,inf,220.0,1.0,219.0,0.0,0.0,0.0,0.0,0.0,0.0
498.0,625.0,1873.0,1248.0,624.0,1.9968,576.8399462775382,1153.679892555076,0.5417447283542413,0.0,0.0,1.0,inf,625.0,inf,218.0,0.0,218.0,0.0,0.0,0.0,0.0,0.0,0.0
499.0,627.0,1879.0,1252.0,626.0,1.996810207336523,578.7875164866533,1157.5750329733064,0.5416495537136023,0.0,0.0,1.0,inf,627.0,inf,220.0,2.0,218.0,0.0,0.0,0.0,0.0,0.0,0.0
500.0,627.0,1879.0,1252.0,626.0,1.996810207336523,578.7875164866533,1157.5750329733064,0.5416495537136023,0.0,0.0,1.0,inf,627.0,inf,214.0,0.0,214.0,0.0,0.0,0.0,0.0,0.0,0.0
501.0,627.0,1879.0,1252.0,626.0,1.996810207336523,578.7875164866533,1157.5750329733064,0.5416495537136023,0.0,0.0,1.0,inf,627.0,inf,220.0,0.0,220.0,0.0,0.0,0.0,0.0,0.0,0.0
502.0,627.0,1879.0,1252.0,626.0,1.996810207336523,578.7875164866533,1157.5750329733064,0.5416495537136023,0.0,0.0,1.0,inf,627.0,inf,220.0,0.0,220.0,0.0,0.0,0.0,0.0,0.0,0.0
503.0,627.0,1879.0,1252.0,626.0,1.996810207336523,578.7875164866533,1157.5750329733064,0.5416495537136023,0.0,0.0,1.0,inf,627.0,inf,220.0,0.0,220.0,0.0,0.0,0.0,0.0,0.0,0.0
504.0,629.0,1885.0,1256.0,628.0,1.9968203497615262,580.6378273676747,1161.2756547353492,0.541645730223585,0.0,0.0,1.0,inf,629.0,inf,220.0,2.0,218.0,0.0,0.0,0.0,0.0,0.0,0.0
505.0,629.0,1885.0,1256.0,628.0,1.9968203497615262,580.6378273676747,1161.2756547353492,0.541645730223585,0.0,0.0,1.0,inf,629.0,inf,218.0,0.0,218.0,0.0,0.0,0.0,0.0,0.0,0.0
506.0,632.0,1894.0,1262.0,631.0,1.9968354430379747,583.3370641678433,1166.6741283356864,0.541710821085556,0.0,0.0,1.0,inf,632.0,inf,220.0,3.0,217.0,0.0,0.0,0.0,0.0,0.0,0.0
507.0,632.0,1894.0,1262.0,631.0,1.9968354430379747,583.3370641678433,1166.6741283356864,0.541710821085556,0.0,0.0,1.0,inf,632.0,inf,211.0,0.0,211.0,0.0,0.0,0.0,0.0,0.0,0.0
508.0,632.0,1894.0,1262.0,631.0,1.9968354430379747,583.3370641678433,1166.6741283356864,0.541710821085556,0.0,0.0,1.0,inf,632.0,inf,220.0,0.0,220.0,0.0,0.0,0.0,0.0,0.0,0.0
509.0,632.0,1894.0,1262.0,631.0,1.9968354430379747,583.3370641678433,1166.6741283356864,0.541710821085556,0.0,0.0,1.0,inf,632.0,inf,220.0,0.0,220.0,0.0,0.0,0.0,0.0,0.0,0.0
510.0,632.0,1894.0,1262.0,631.0,1.9968354430379747,583.3370641678433,1166.6741283356864,0.541710821085556,0.0,0.0,1.0,inf,632.0,inf,220.0,0.0,220.0,0.0,0.0,0.0,0.0,0.0,0.0
511.0,633.0,1897.0,1264.0,632.0,1.9968404423380726,584.3213056506937,1168.6426113013872,0.5416540470786859,0.0,0.0,1.0,inf,633.0,inf,220.0,1.0,219.0,0.0,0.0,0.0,0.0,0.0,0.0
512.0,633.0,1897.0,1264.0,632.0,1.9968404423380726,584.3213056506937,1168.6426113013872,0.5416540470786859,0.0,0.0,1.0,inf,633.0,inf,219.0,0.0,219.0,0.0,0.0,0.0,0.0,0.0,0.0
513.0,633.0,1897.0,1264.0,632.0,1.9968404423380726,584.3213056506937,1168.6426113013872,0.5416540470786859,0.0,0.0,1.0,inf,633.0,inf,220.0,0.0,220.0,0.0,0.0,0.0,0.0,0.0,0.0
514.0,633.0,1897.0,1264.0,632.0,1.9968404423380726,584.3213056506937,1168.6426113013872,0.5416540470786859,0.0,0.0,1.0,inf,633.0,inf,220.0,0.0,220.0,0.0,0.0,0.0,0.0,0.0,0.0
515.0,634.0,1900.0,1266.0,633.0,1.996845425867508,585.2086094889008,1170.4172189778014,0.5416871776320172,0.0,0.0,1.0,inf,634.0,inf,220.0,1.0,219.0,0.0,0.0,0.0,0.0,0.0,0.0
516.0,634.0,1900.0,1266.0,633.0,1.996845425867508,585.2086094889008,1170.4172189778014,0.5416871776320172,0.0,0.0,1.0,inf,634.0,inf,218.0,0.0,218.0,0.0,0.0,0.0,0.0,0.0,0.0
517.0,634.0,1900.0,1266.0,633.0,1.996845425867508,585.2086094889008,1170.4172189778014,0.5416871776320172,0.0,0.0,1.0,inf,634.0,inf,220.0,0.0,220.0,0.0,0.0,0.0,0.0,0.0,0.0
518.0,636.0,1906.0,1270.0,635.0,1.9968553459119496,587.0192641044429,1174.0385282088855,0.5417198709571162,0.0,0.0,1.0,inf,636.0,inf,220.0,2.0,218.0,0.0,0.0,0.0,0.0,0.0,0.0
519.0,636.0,1906.0,1270.0,635.0,1.9968553459119496,587.0192641044429,1174.0385282088855,0.5417198709571162,0.0,0.0,1.0,inf,636.0,inf,212.0,0.0,212.0,0.0,0.0,0.0,0.0,0.0,0.0
520.0,637.0,1909.0,1272.0,636.0,1.9968602825745683,587.9690641269608,1175.9381282539214,0.541695166348456,0.0,0.0,1.0,inf,637.0,inf,220.0,1.0,219.0,0.0,0.0,0.0,0.0,0.0,0.0
521.0,637.0,1909.0,1272.0,636.0,1.9968602825745683,587.9690641269608,1175.9381282539214,0.541695166348456,0.0,0.0,1.0,inf,637.0,inf,220.0,0.0,220.0,0.0,0.0,0.0,0.0,0.0,0.0
522.0,638.0,1912.0,1274.0,637.0,1.9968652037617556,588.8462345884958,1177.6924691769914,0.5417373522358129,0.0,0.0,1.0,inf,638.0,inf,220.0,1.0,219.0,0.0,0.0,0.0,0.0,0.0,0.0
523.0,638.0,1912.0,1274.0,637.0,1.9968652037617556,588.8462345884958,1177.6924691769914,0.5417373522358129,0.0,0.0,1.0,inf,638.0,inf,218.0,0.0,218.0,0.0,0.0,0.0,0.0,0.0,0.0
524.0,639.0,1915.0,1276.0,638.0,1.9968701095461658,589.7142503916917,1179.4285007833832,0.5417878231495784,0.0,0.0,1.0,inf,639.0,inf,220.0,1.0,219.0,0.0,0.0,0.0,0.0,0.0,0.0
525.0,639.0,1915.0,1276.0,638.0,1.9968701095461658,589.7142503916917,1179.4285007833832,0.5417878231495784,0.0,0.0,1.0,inf,639.0,inf,216.0,0.0,216.0,0.0,0.0,0.0,0.0,0.0,0.0
526.0,640.0,1918.0,1278.0,639.0,1.996875,590.6514720429282,1181.302944085856,0.5417746592473449,0.0,0.0,1.0,inf,640.0,inf,220.0,1.0,219.0,0.0,0.0,0.0,0.0,0.0,0.0
527.0,640.0,1918.0,1278.0,639.0,1.996875,590.6514720429282,1181.302944085856,0.5417746592473449,0.0,0.0,1.0,inf,640.0,inf,220.0,0.0,220.0,0.0,0.0,0.0,0.0,0.0,0.0
528.0,642.0,1924.0,1282.0,641.0,1.9968847352024923,592.4696825428714,1184.9393650857426,0.5417998750961782,0.0,0.0,1.0,inf,642.0,inf,220.0,2.0,218.0,0.0,0.0,0.0,0.0,0.0,0.0
529.0,642.0,1924.0,1282.0,641.0,1.9968847352024923,592.4696825428714,1184.9393650857426,0.5417998750961782,0.0,0.0,1.0,inf,642.0,inf,214.0,0.0,214.0,0.0,0.0,0.0,0.0,0.0,0.0
530.0,644.0,1930.0,1286.0,643.0,1.9968944099378882,594.3586749614182,1188.717349922836,0.5417604109520269,0.0,0.0,1.0,inf,644.0,inf,220.0,2.0,218.0,0.0,0.0,0.0,0.0,0.0,0.0
531.0,644.0,1930.0,1286.0,643.0,1.9968944099378882,594.3586749614182,1188.717349922836,0.5417604109520269,0.0,0.0,1.0,inf,644.0,inf,215.0,0.0,215.0,0.0,0.0,0.0,0.0,0.0,0.0
532.0,646.0,1936.0,1290.0,645.0,1.9969040247678018,596.2382552948309,1192.4765105896615,0.5417297483541733,0.0,0.0,1.0,inf,646.0,inf,220.0,2.0,218.0,0.0,0.0,0.0,0.0,0.0,0.0
533.0,646.0,1936.0,1290.0,645.0,1.9969040247678018,596.2382552948309,1192.4765105896615,0.5417297483541733,0.0,0.0,1.0,inf,646.0,inf,215.0,0.0,215.0,0.0,0.0,0.0,0.0,0.0,0.0
534.0,648.0,1942.0,1294.0,647.0,1.9969135802469136,598.0942133788589,1196.1884267577175,0.5417206733527856,0.0,0.0,1.0,inf,648.0,inf,220.0,2.0,218.0,0.0,0.0,0.0,0.0,0.0,0.0
535.0,648.0,1942.0,1294.0,647.0,1.9969135802469136,598.0942133788589,1196.1884267577175,0.5417206733527856,0.0,0.0,1.0,inf,648.0,inf,212.0,0.0,212.0,0.0,0.0,0.0,0.0,0.0,0.0
536.0,649.0,1945.0,1296.0,648.0,1.9969183359013867,599.0191527907227,1198.0383055814452,0.5417189057949363,0.0,0.0,1.0,inf,649.0,inf,220.0,1.0,219.0,0.0,0.0,0.0,0.0,0.0,0.0
537.0,649.0,1945.0,1296.0,648.0,1.9969183359013867,599.0191527907227,1198.0383055814452,0.5417189057949363,0.0,0.0,1.0,inf,649.0,inf,217.0,0.0,217.0,0.0,0.0,0.0,0.0,0.0,0.0
538.0,650.0,1948.0,1298.0,649.0,1.996923076923077,599.9096106618283,1199.8192213236564,0.5417482804475423,0.0,0.0,1.0,inf,650.0,inf,220.0,1.0,219.0,0.0,0.0,0.0,0.0,0.0,0.0
539.0,650.0,1948.0,1298.0,649.0,1.996923076923077,599.9096106618283,1199.8192213236564,0.5417482804475423,0.0,0.0,1.0,inf,650.0,inf,215.0,0.0,215.0,0.0,0.0,0.0,0.0,0.0,0.0
540.0,650.0,1948.0,1298.0,649.0,1.996923076923077,599.9096106618283,1199.8192213236564,0.5417482804475423,0.0,0.0,1.0,inf,650.0,inf,220.0,0.0,220.0,0.0,0.0,0.0,0.0,0.0,0.0
541.0,650.0,1948.0,1298.0,649.0,1.996923076923077,599.9096106618283,1199.8192213236564,0.5417482804475423,0.0,0.0,1.0,inf,650.0,inf,220.0,0.0,220.0,0.0,0.0,0.0,0.0,0.0,0.0
542.0,652.0,1954.0,1302.0,651.0,1.9969325153374233,601.7456308757764,1203.4912617515527,0.5417571533100156,0.0,0.0,1.0,inf,652.0,inf,220.0,2.0,218.0,0.0,0.0,0.0,0.0,0.0,0.0
543.0,652.0,1954.0,1302.0,651.0,1.9969325153374233,601.7456308757764,1203.4912617515527,0.5417571533100156,0.0,0.0,1.0,inf,652.0,inf,216.0,0.0,216.0,0.0,0.0,0.0,0.0,0.0,0.0
544.0,652.0,1954.0,1302.0,651.0,1.9969325153374233,601.7456308757764,1203.4912617515527,0.5417571533100156,0.0,0.0,1.0,inf,652.0,inf,220.0,0.0,220.0,0.0,0.0,0.0,0.0,0.0,0.0
545.0,652.0,1954.0,1302.0,651.0,1.9969325153374233,601.7456308757764,1203.4912617515527,0.5417571533100156,0.0,0.0,1.0,inf,652.0,inf,220.0,0.0,220.0,0.0,0.0,0.0,0.0,0.0,0.0
546.0,655.0,1963.0,1308.0,654.0,1.9969465648854963,604.5741501253567,1209.1483002507132,0.5417036106027587,0.0,0.0,1.0,inf,655.0,inf,220.0,3.0,217.0,0.0,0.0,0.0,0.0,0.0,0.0
547.0,655.0,1963.0,1308.0,654.0,1.9969465648854963,604.5741501253567,1209.1483002507132,0.5417036106027587,0.0,0.0,1.0,inf,655.0,inf,214.0,0.0,214.0,0.0,0.0,0.0,0.0,0.0,0.0
548.0,656.0,1966.0,1310.0,655.0,1.9969512195121952,605.4864820848424,1210.9729641696845,0.5417131673536517,0.0,0.0,1.0,inf,656.0,inf,220.0,1.0,219.0,0.0,0.0,0.0,0.0,0.0,0.0
549.0,656.0,1966.0,1310.0,655.0,1.9969512195121952,605.4864820848424,1210.9729641696845,0.5417131673536517,0.0,0.0,1.0,inf,656.0,inf,218.0,0.0,218.0,0.0,0.0,0.0,0.0,0.0,0.0
550.0,658.0,1972.0,1314.0,657.0,1.9969604863221884,607.3131866223425,1214.6263732446848,0.5417303744543729,0.0,0.0,1.0,inf,658.0,inf,220.0,2.0,218.0,0.0,0.0,0.0,0.0,0.0,0.0
551.0,658.0,1972.0,1314.0,657.0,1.9969604863221884,607.3131866223425,1214.6263732446848,0.5417303744543729,0.0,0.0,1.0,inf,658.0,inf,217.0,0.0,217.0,0.0,0.0,0.0,0.0,0.0,0.0
552.0,659.0,1975.0,1316.0,658.0,1.9969650986342944,608.1880454450916,1216.376090890183,0.5417732269940646,0.0,0.0,1.0,inf,659.0,inf,220.0,1.0,219.0,0.0,0.0,0.0,0.0,0.0,0.0
553.0,659.0,1975.0,1316.0,658.0,1.9969650986342944,608.1880454450916,1216.376090890183,0.5417732269940646,0.0,0.0,1.0,inf,659.0,inf,219.0,0.0,219.0,0.0,0.0,0.0,0.0,0.0,0.0
554.0,661.0,1981.0,1320.0,660.0,1.9969742813918305,609.9070049889091,1219.814009977818,0.5418858896464225,0.0,0.0,1.0,inf,661.0,inf,220.0,2.0,218.0,0.0,0.0,0.0,0.0,0.0,0.0
555.0,661.0,1981.0,1320.0,660.0,1.9969742813918305,609.9070049889091,1219.814009977818,0.5418858896464225,0.0,0.0,1.0,inf,661.0,inf,216.0,0.0,216.0,0.0,0.0,0.0,0.0,0.0,0.0
556.0,662.0,1984.0,1322.0,661.0,1.9969788519637461,610.7585150141279,1221.5170300282555,0.5419490549261413,0.0,0.0,1.0,inf,662.0,inf,220.0,1.0,219.0,0.0,0.0,0.0,0.0,0.0,0.0
557.0,662.0,1984.0,1322.0,661.0,1.9969788519637461,610.7585150141279,1221.5170300282555,0.5419490549261413,0.0,0.0,1.0,inf,662.0,inf,216.0,0.0,216.0,0.0,0.0,0.0,0.0,0.0,0.0
558.0,664.0,1990.0,1326.0,663.0,1.9969879518072289,612.5849004424228,1225.1698008848455,0.5419656928537123,0.0,0.0,1.0,inf,664.0,inf,220.0,2.0,218.0,0.0,0.0,0.0,0.0,0.0,0.0
559.0,664.0,1990.0,1326.0,663.0,1.9969879518072289,612.5849004424228,1225.1698008848455,0.5419656928537123,0.0,0.0,1.0,inf,664.0,inf,217.0,0.0,217.0,0.0,0.0,0.0,0.0,0.0,0.0
560.0,666.0,1996.0,1330.0,665.0,1.996996996996997,614.5433651752421,1229.086730350484,0.5418657475946264,0.0,0.0,1.0,inf,666.0,inf,220.0,2.0,218.0,0.0,0.0,0.0,0.0,0.0,0.0
561.0,666.0,1996.0,1330.0,665.0,1.996996996996997,614.5433651752421,1229.086730350484,0.5418657475946264,0.0,0.0,1.0,inf,666.0,inf,218.0,0.0,218.0,0.0,0.0,0.0,0.0,0.0,0.0
562.0,667.0,1999.0,1332.0,666.0,1.9970014992503748,615.4515406750779,1230.9030813501556,0.5418785687565097,0.0,0.0,1.0,inf,667.0,inf,220.0,1.0,219.0,0.0,0.0,0.0,0.0,0.0,0.0
563.0,667.0,1999.0,1332.0,666.0,1.9970014992503748,615.4515406750779,1230.9030813501556,0.5418785687565097,0.0,0.0,1.0,inf,667.0,inf,216.0,0.0,216.0,0.0,0.0,0.0,0.0,0.0,0.0
564.0,667.0,1999.0,1332.0,666.0,1.9970014992503748,615.4515406750779,1230.9030813501556,0.5418785687565097,0.0,0.0,1.0,inf,667.0,inf,220.0,0.0,220.0,0.0,0.0,0.0,0.0,0.0,0.0
565.0,667.0,1999.0,1332.0,666.0,1.9970014992503748,615.4515406750779,1230.9030813501556,0.5418785687565097,0.0,0.0,1.0,inf,667.0,inf,220.0,0.0,220.0,0.0,0.0,0.0,0.0,0.0,0.0
566.0,667.0,1999.0,1332.0,666.0,1.9970014992503748,615.4515406750779,1230.9030813501556,0.5418785687565097,0.0,0.0,1.0,inf,667.0,inf,220.0,0.0,220.0,0.0,0.0,0.0,0.0,0.0,0.0
567.0,669.0,2005.0,1336.0,668.0,1.9970104633781764,617.4073744734252,1234.8147489468502,0.5417816725711911,0.0,0.0,1.0,inf,669.0,inf,220.0,2.0,218.0,0.0,0.0,0.0,0.0,0.0,0.0
568.0,669.0,2005.0,1336.0,668.0,1.9970104633781764,617.4073744734252,1234.8147489468502,0.5417816725711911,0.0,0.0,1.0,inf,669.0,inf,217.0,0.0,217.0,0.0,0.0,0.0,0.0,0.0,0.0
569.0,670.0,2008.0,1338.0,669.0,1.9970149253731344,618.3233769752626,1236.646753950525,0.541787699567119,0.0,0.0,1.0,inf,670.0,inf,220.0,1.0,219.0,0.0,0.0,0.0,0.0,0.0,0.0
570.0,670.0,2008.0,1338.0,669.0,1.9970149253731344,618.3233769752626,1236.646753950525,0.541787699567119,0.0,0.0,1.0,inf,670.0,inf,217.0,0.0,217.0,0.0,0.0,0.0,0.0,0.0,0.0
571.0,671.0,2011.0,1340.0,670.0,1.9970193740685545,619.1800497027193,1238.3600994054384,0.5418456233547582,0.0,0.0,1.0,inf,671.0,inf,220.0,1.0,219.0,0.0,0.0,0.0,0.0,0.0,0.0
572.0,671.0,2011.0,1340.0,670.0,1.9970193740685545,619.1800497027193,1238.3600994054384,0.5418456233547582,0.0,0.0,1.0,inf,671.0,inf,219.0,0.0,219.0,0.0,0.0,0.0,0.0,0.0,0.0
573.0,672.0,2014.0,1342.0,671.0,1.9970238095238095,620.0847933718085,1240.1695867436167,0.5418613770109525,0.0,0.0,1.0,inf,672.0,inf,220.0,1.0,219.0,0.0,0.0,0.0,0.0,0.0,0.0
574.0,672.0,2014.0,1342.0,671.0,1.9970238095238095,620.0847933718085,1240.1695867436167,0.5418613770109525,0.0,0.0,1.0,inf,672.0,inf,217.0,0.0,217.0,0.0,0.0,0.0,0.0,0.0,0.0
575.0,673.0,2017.0,1344.0,672.0,1.9970282317979198,620.9882695368781,1241.976539073756,0.5418781907924859,0.0,0.0,1.0,inf,673.0,inf,220.0,1.0,219.0,0.0,0.0,0.0,0.0,0.0,0.0
576.0,673.0,2017.0,1344.0,672.0,1.9970282317979198,620.9882695368781,1241.976539073756,0.5418781907924859,0.0,0.0,1.0,inf,673.0,inf,220.0,0.0,220.0,0.0,0.0,0.0,0.0,0.0,0.0
577.0,673.0,2017.0,1344.0,672.0,1.9970282317979198,620.9882695368781,1241.976539073756,0.5418781907924859,0.0,0.0,1.0,inf,673.0,inf,220.0,0.0,220.0,0.0,0.0,0.0,0.0,0.0,0.0
578.0,676.0,2026.0,1350.0,675.0,1.9970414201183433,623.7427819238178,1247.4855638476354,0.5418900383223713,0.0,0.0,1.0,inf,676.0,inf,220.0,3.0,217.0,0.0,0.0,0.0,0.0,0.0,0.0
579.0,676.0,2026.0,1350.0,675.0,1.9970414201183433,623.7427819238178,1247.4855638476354,0.5418900383223713,0.0,0.0,1.0,inf,676.0,inf,212.0,0.0,212.0,0.0,0.0,0.0,0.0,0.0,0.0
580.0,679.0,2035.0,1356.0,678.0,1.9970544918998527,626.4507898221086,1252.901579644217,0.5419420096770999,0.0,0.0,1.0,inf,679.0,inf,220.0,3.0,217.0,0.0,0.0,0.0,0.0,0.0,0.0
581.0,679.0,2035.0,1356.0,678.0,1.9970544918998527,626.4507898221086,1252.901579644217,0.5419420096770999,0.0,0.0,1.0,inf,679.0,inf,213.0,0.0,213.0,0.0,0.0,0.0,0.0,0.0,0.0
582.0,679.0,2035.0,1356.0,678.0,1.9970544918998527,626.4507898221086,1252.901579644217,0.5419420096770999,0.0,0.0,1.0,inf,679.0,inf,220.0,0.0,220.0,0.0,0.0,0.0,0.0,0.0,0.0
583.0,679.0,2035.0,1356.0,678.0,1.9970544918998527,626.4507898221086,1252.901579644217,0.5419420096770999,0.0,0.0,1.0,inf,679.0,inf,220.0,0.0,220.0,0.0,0.0,0.0,0.0,0.0,0.0
584.0,681.0,2041.0,1360.0,680.0,1.9970631424375918,628.2640400847465,1256.5280801694928,0.5419695832886918,0.0,0.0,1.0,inf,681.0,inf,220.0,2.0,218.0,0.0,0.0,0.0,0.0,0.0,0.0
585.0,681.0,2041.0,1360.0,680.0,1.9970631424375918,628.2640400847465,1256.5280801694928,0.5419695832886918,0.0,0.0,1.0,inf,681.0,inf,216.0,0.0,216.0,0.0,0.0,0.0,0.0,0.0,0.0
586.0,684.0,2050.0,1366.0,683.0,1.9970760233918128,631.0258762508087,1262.051752501617,0.541974604959097,0.0,0.0,1.0,inf,684.0,inf,220.0,3.0,217.0,0.0,0.0,0.0,0.0,0.0,0.0
587.0,684.0,2050.0,1366.0,683.0,1.9970760233918128,631.0258762508087,1262.051752501617,0.541974604959097,0.0,0.0,1.0,inf,684.0,inf,209.0,0.0,209.0,0.0,0.0,0.0,0.0,0.0,0.0
588.0,686.0,2056.0,1370.0,685.0,1.9970845481049562,632.867263993482,1265.7345279869637,0.541977788257875,0.0,0.0,1.0,inf,686.0,inf,220.0,2.0,218.0,0.0,0.0,0.0,0.0,0.0,0.0
589.0,686.0,2056.0,1370.0,685.0,1.9970845481049562,632.867263993482,1265.7345279869637,0.541977788257875,0.0,0.0,1.0,inf,686.0,inf,216.0,0.0,216.0,0.0,0.0,0.0,0.0,0.0,0.0
590.0,686.0,2056.0,1370.0,685.0,1.9970845481049562,632.867263993482,1265.7345279869637,0.541977788257875,0.0,0.0,1.0,inf,686.0,inf,220.0,0.0,220.0,0.0,0.0,0.0,0.0,0.0,0.0
591.0,688.0,2062.0,1374.0,687.0,1.997093023255814,634.7553864275573,1269.5107728551143,0.5419410490331613,0.0,0.0,1.0,inf,688.0,inf,220.0,2.0,218.0,0.0,0.0,0.0,0.0,0.0,0.0
592.0,688.0,2062.0,1374.0,687.0,1.997093023255814,634.7553864275573,1269.5107728551143,0.5419410490331613,0.0,0.0,1.0,inf,688.0,inf,220.0,0.0,220.0,0.0,0.0,0.0,0.0,0.0,0.0
593.0,693.0,2077.0,1384.0,692.0,1.997113997113997,639.4143245965357,1278.8286491930712,0.541902154316981,0.0,0.0,1.0,inf,693.0,inf,220.0,5.0,215.0,0.0,0.0,0.0,0.0,0.0,0.0
594.0,693.0,2077.0,1384.0,692.0,1.997113997113997,639.4143245965357,1278.8286491930712,0.541902154316981,0.0,0.0,1.0,inf,693.0,inf,215.0,0.0,215.0,0.0,0.0,0.0,0.0,0.0,0.0
595.0,694.0,2080.0,1386.0,693.0,1.9971181556195965,640.3958424844923,1280.7916849689843,0.5418523622104916,0.0,0.0,1.0,inf,694.0,inf,220.0,1.0,219.0,0.0,0.0,0.0,0.0,0.0,0.0
596.0,694.0,2080.0,1386.0,693.0,1.9971181556195965,640.3958424844923,1280.7916849689843,0.5418523622104916,0.0,0.0,1.0,inf,694.0,inf,218.0,0.0,218.0,0.0,0.0,0.0,0.0,0.0,0.0
597.0,694.0,2080.0,1386.0,693.0,1.9971181556195965,640.3958424844923,1280.7916849689843,0.5418523622104916,0.0,0.0,1.0,inf,694.0,inf,220.0,0.0,220.0,0.0,0.0,0.0,0.0,0.0,0.0
598.0,694.0,2080.0,1386.0,693.0,1.9971181556195965,640.3958424844923,1280.7916849689843,0.5418523622104916,0.0,0.0,1.0,inf,694.0,inf,220.0,0.0,220.0,0.0,0.0,0.0,0.0,0.0,0.0
599.0,696.0,2086.0,1390.0,695.0,1.9971264367816093,642.1523756002241,1284.304751200448,0.541927450902478,0.0,0.0,1.0,inf,696.0,inf,220.0,2.0,218.0,0.0,0.0,0.0,0.0,0.0,0.0
600.0,696.0,2086.0,1390.0,695.0,1.9971264367816093,642.1523756002241,1284.304751200448,0.541927450902478,0.0,0.0,1.0,inf,696.0,inf,212.0,0.0,212.0,0.0,0.0,0.0,0.0,0.0,0.0
601.0,697.0,2089.0,1392.0,696.0,1.9971305595408895,643.1352843039955,1286.2705686079908,0.5418766603315018,0.0,0.0,1.0,inf,697.0,inf,220.0,1.0,219.0,0.0,0.0,0.0,0.0,0.0,0.0
602.0,697.0,2089.0,1392.0,696.0,1.9971305595408895,643.1352843039955,1286.2705686079908,0.5418766603315018,0.0,0.0,1.0,inf,697.0,inf,216.0,0.0,216.0,0.0,0.0,0.0,0.0,0.0,0.0
603.0,698.0,2092.0,1394.0,697.0,1.997134670487106,644.081722871607,1288.1634457432137,0.5418567048355302,0.0,0.0,1.0,inf,698.0,inf,220.0,1.0,219.0,0.0,0.0,0.0,0.0,0.0,0.0
604.0,698.0,2092.0,1394.0,697.0,1.997134670487106,644.081722871607,1288.1634457432137,0.5418567048355302,0.0,0.0,1.0,inf,698.0,inf,216.0,0.0,216.0,0.0,0.0,0.0,0.0,0.0,0.0
605.0,700.0,2098.0,1398.0,699.0,1.997142857142857,645.9316515052442,1291.8633030104882,0.5418529951030872,0.0,0.0,1.0,inf,700.0,inf,220.0,2.0,218.0,0.0,0.0,0.0,0.0,0.0,0.0
606.0,700.0,2098.0,1398.0,699.0,1.997142857142857,645.9316515052442,1291.8633030104882,0.5418529951030872,0.0,0.0,1.0,inf,700.0,inf,215.0,0.0,215.0,0.0,0.0,0.0,0.0,0.0,0.0
607.0,701.0,2101.0,1400.0,700.0,1.9971469329529243,646.8844243980337,1293.7688487960672,0.5418278548384623,0.0,0.0,1.0,inf,701.0,inf,220.0,1.0,219.0,0.0,0.0,0.0,0.0,0.0,0.0
608.0,701.0,2101.0,1400.0,700.0,1.9971469329529243,646.8844243980337,1293.7688487960672,0.5418278548384623,0.0,0.0,1.0,inf,701.0,inf,220.0,0.0,220.0,0.0,0.0,0.0,0.0,0.0,0.0
609.0,701.0,2101.0,1400.0,700.0,1.9971469329529243,646.8844243980337,1293.7688487960672,0.5418278548384623,0.0,0.0,1.0,inf,701.0,inf,220.0,0.0,220.0,0.0,0.0,0.0,0.0,0.0,0.0
610.0,701.0,2101.0,1400.0,700.0,1.9971469329529243,646.8844243980337,1293.7688487960672,0.5418278548384623,0.0,0.0,1.0,inf,701.0,inf,220.0,0.0,220.0,0.0,0.0,0.0,0.0,0.0,0.0
611.0,701.0,2101.0,1400.0,700.0,1.9971469329529243,646.8844243980337,1293.7688487960672,0.5418278548384623,0.0,0.0,1.0,inf,701.0,inf,220.0,0.0,220.0,0.0,0.0,0.0,0.0,0.0,0.0
612.0,703.0,2107.0,1404.0,702.0,1.9971550497866288,648.7583969965559,1297.5167939931116,0.5418041625777463,0.0,0.0,1.0,inf,703.0,inf,220.0,2.0,218.0,0.0,0.0,0.0,0.0,0.0,0.0
613.0,703.0,2107.0,1404.0,702.0,1.9971550497866288,648.7583969965559,1297.5167939931116,0.5418041625777463,0.0,0.0,1.0,inf,703.0,inf,219.0,0.0,219.0,0.0,0.0,0.0,0.0,0.0,0.0
614.0,703.0,2107.0,1404.0,702.0,1.9971550497866288,648.7583969965559,1297.5167939931116,0.5418041625777463,0.0,0.0,1.0,inf,703.0,inf,220.0,0.0,220.0,0.0,0.0,0.0,0.0,0.0,0.0
615.0,703.0,2107.0,1404.0,702.0,1.9971550497866288,648.7583969965559,1297.5167939931116,0.5418041625777463,0.0,0.0,1.0,inf,703.0,inf,220.0,0.0,220.0,0.0,0.0,0.0,0.0,0.0,0.0
616.0,703.0,2107.0,1404.0,702.0,1.9971550497866288,648.7583969965559,1297.5167939931116,0.5418041625777463,0.0,0.0,1.0,inf,703.0,inf,220.0,0.0,220.0,0.0,0.0,0.0,0.0,0.0,0.0
617.0,703.0,2107.0,1404.0,702.0,1.9971550497866288,648.7583969965559,1297.5167939931116,0.5418041625777463,0.0,0.0,1.0,inf,703.0,inf,220.0,0.0,220.0,0.0,0.0,0.0,0.0,0.0,0.0
618.0,704.0,2110.0,1406.0,703.0,1.9971590909090908,649.6683523958992,1299.3367047917982,0.5418149101797343,0.0,0.0,1.0,inf,704.0,inf,220.0,1.0,219.0,0.0,0.0,0.0,0.0,0.0,0.0
619.0,704.0,2110.0,1406.0,703.0,1.9971590909090908,649.6683523958992,1299.3367047917982,0.5418149101797343,0.0,0.0,1.0,inf,704.0,inf,217.0,0.0,217.0,0.0,0.0,0.0,0.0,0.0,0.0
620.0,704.0,2110.0,1406.0,703.0,1.9971590909090908,649.6683523958992,1299.3367047917982,0.5418149101797343,0.0,0.0,1.0,inf,704.0,inf,220.0,0.0,220.0,0.0,0.0,0.0,0.0,0.0,0.0
621.0,706.0,2116.0,1410.0,705.0,1.9971671388101984,651.6097176798836,1303.219435359767,0.541735321653718,0.0,0.0,1.0,inf,706.0,inf,220.0,2.0,218.0,0.0,0.0,0.0,0.0,0.0,0.0
622.0,706.0,2116.0,1410.0,705.0,1.9971671388101984,651.6097176798836,1303.219435359767,0.541735321653718,0.0,0.0,1.0,inf,706.0,inf,218.0,0.0,218.0,0.0,0.0,0.0,0.0,0.0,0.0
623.0,706.0,2116.0,1410.0,705.0,1.9971671388101984,651.6097176798836,1303.219435359767,0.541735321653718,0.0,0.0,1.0,inf,706.0,inf,220.0,0.0,220.0,0.0,0.0,0.0,0.0,0.0,0.0
624.0,706.0,2116.0,1410.0,705.0,1.9971671388101984,651.6097176798836,1303.219435359767,0.541735321653718,0.0,0.0,1.0,inf,706.0,inf,220.0,0.0,220.0,0.0,0.0,0.0,0.0,0.0,0.0
625.0,708.0,2122.0,1414.0,707.0,1.997175141242938,653.4304985556876,1306.860997111375,0.5417561634825206,0.0,0.0,1.0,inf,708.0,inf,220.0,2.0,218.0,0.0,0.0,0.0,0.0,0.0,0.0
626.0,708.0,2122.0,1414.0,707.0,1.997175141242938,653.4304985556876,1306.860997111375,0.5417561634825206,0.0,0.0,1.0,inf,708.0,inf,216.0,0.0,216.0,0.0,0.0,0.0,0.0,0.0,0.0
627.0,709.0,2125.0,1416.0,708.0,1.997179125528914,654.2818702653947,1308.5637405307891,0.5418154103157484,0.0,0.0,1.0,inf,709.0,inf,220.0,1.0,219.0,0.0,0.0,0.0,0.0,0.0,0.0
628.0,709.0,2125.0,1416.0,708.0,1.997179125528914,654.2818702653947,1308.5637405307891,0.5418154103157484,0.0,0.0,1.0,inf,709.0,inf,218.0,0.0,218.0,0.0,0.0,0.0,0.0,0.0,0.0
629.0,710.0,2128.0,1418.0,709.0,1.9971830985915493,655.1954375601754,1310.3908751203505,0.5418230647666799,0.0,0.0,1.0,inf,710.0,inf,220.0,1.0,219.0,0.0,0.0,0.0,0.0,0.0,0.0
630.0,710.0,2128.0,1418.0,709.0,1.9971830985915493,655.1954375601754,1310.3908751203505,0.5418230647666799,0.0,0.0,1.0,inf,710.0,inf,219.0,0.0,219.0,0.0,0.0,0.0,0.0,0.0,0.0
631.0,711.0,2131.0,1420.0,710.0,1.9971870604781998,656.0941645035651,1312.18832900713,0.5418429537000833,0.0,0.0,1.0,inf,711.0,inf,220.0,1.0,219.0,0.0,0.0,0.0,0.0,0.0,0.0
632.0,711.0,2131.0,1420.0,710.0,1.9971870604781998,656.0941645035651,1312.18832900713,0.5418429537000833,0.0,0.0,1.0,inf,711.0,inf,218.0,0.0,218.0,0.0,0.0,0.0,0.0,0.0,0.0
633.0,712.0,2134.0,1422.0,711.0,1.997191011235955,657.0376024430981,1314.075204886196,0.5418259147973665,0.0,0.0,1.0,inf,712.0,inf,220.0,1.0,219.0,0.0,0.0,0.0,0.0,0.0,0.0
634.0,712.0,2134.0,1422.0,711.0,1.997191011235955,657.0376024430981,1314.075204886196,0.5418259147973665,0.0,0.0,1.0,inf,712.0,inf,219.0,0.0,219.0,0.0,0.0,0.0,0.0,0.0,0.0
635.0,713.0,2137.0,1424.0,712.0,1.997194950911641,657.9576451657647,1315.9152903315291,0.5418281900352173,0.0,0.0,1.0,inf,713.0,inf,220.0,1.0,219.0,0.0,0.0,0.0,0.0,0.0,0.0
636.0,713.0,2137.0,1424.0,712.0,1.997194950911641,657.9576451657647,1315.9152903315291,0.5418281900352173,0.0,0.0,1.0,inf,713.0,inf,217.0,0.0,217.0,0.0,0.0,0.0,0.0,0.0,0.0
637.0,713.0,2137.0,1424.0,712.0,1.997194950911641,657.9576451657647,1315.9152903315291,0.5418281900352173,0.0,0.0,1.0,inf,713.0,inf,220.0,0.0,220.0,0.0,0.0,0.0,0.0,0.0,0.0
638.0,714.0,2140.0,1426.0,713.0,1.9971988795518207,658.9085655910894,1317.8171311821786,0.5418050677179235,0.0,0.0,1.0,inf,714.0,inf,220.0,1.0,219.0,0.0,0.0,0.0,0.0,0.0,0.0
639.0,714.0,2140.0,1426.0,713.0,1.9971988795518207,658.9085655910894,1317.8171311821786,0.5418050677179235,0.0,0.0,1.0,inf,714.0,inf,219.0,0.0,219.0,0.0,0.0,0.0,0.0,0.0,0.0
640.0,716.0,2146.0,1430.0,715.0,1.9972067039106145,660.7569026187434,1321.5138052374866,0.5418028908682714,0.0,0.0,1.0,inf,716.0,inf,220.0,2.0,218.0,0.0,0.0,0.0,0.0,0.0,0.0
641.0,716.0,2146.0,1430.0,715.0,1.9972067039106145,660.7569026187434,1321.5138052374866,0.5418028908682714,0.0,0.0,1.0,inf,716.0,inf,219.0,0.0,219.0,0.0,0.0,0.0,0.0,0.0,0.0
642.0,716.0,2146.0,1430.0,715.0,1.9972067039106145,660.7569026187434,1321.5138052374866,0.5418028908682714,0.0,0.0,1.0,inf,716.0,inf,220.0,0.0,220.0,0.0,0.0,0.0,0.0,0.0,0.0
643.0,718.0,2152.0,1434.0,717.0,1.9972144846796658,662.5405372292503,1325.0810744585003,0.5418536373658597,0.0,0.0,1.0,inf,718.0,inf,220.0,2.0,218.0,0.0,0.0,0.0,0.0,0.0,0.0
644.0,718.0,2152.0,1434.0,717.0,1.9972144846796658,662.5405372292503,1325.0810744585003,0.5418536373658597,0.0,0.0,1.0,inf,718.0,inf,216.0,0.0,216.0,0.0,0.0,0.0,0.0,0.0,0.0
645.0,719.0,2155.0,1436.0,718.0,1.9972183588317107,663.4706418842119,1326.9412837684235,0.5418476377176906,0.0,0.0,1.0,inf,719.0,inf,220.0,1.0,219.0,0.0,0.0,0.0,0.0,0.0,0.0
646.0,719.0,2155.0,1436.0,718.0,1.9972183588317107,663.4706418842119,1326.9412837684235,0.5418476377176906,0.0,0.0,1.0,inf,719.0,inf,216.0,0.0,216.0,0.0,0.0,0.0,0.0,0.0,0.0
647.0,721.0,2161.0,1440.0,720.0,1.9972260748959778,665.3007366967569,1330.6014733935135,0.541860214660059,0.0,0.0,1.0,inf,721.0,inf,220.0,2.0,218.0,0.0,0.0,0.0,0.0,0.0,0.0
648.0,721.0,2161.0,1440.0,720.0,1.9972260748959778,665.3007366967569,1330.6014733935135,0.541860214660059,0.0,0.0,1.0,inf,721.0,inf,214.0,0.0,214.0,0.0,0.0,0.0,0.0,0.0,0.0
649.0,722.0,2164.0,1442.0,721.0,1.997229916897507,666.2260110649653,1332.4520221299304,0.5418581592498016,0.0,0.0,1.0,inf,722.0,inf,220.0,1.0,219.0,0.0,0.0,0.0,0.0,0.0,0.0
650.0,722.0,2164.0,1442.0,721.0,1.997229916897507,666.2260110649653,1332.4520221299304,0.5418581592498016,0.0,0.0,1.0,inf,722.0,inf,219.0,0.0,219.0,0.0,0.0,0.0,0.0,0.0,0.0
651.0,723.0,2167.0,1444.0,722.0,1.9972337482710927,667.0916482081637,1334.1832964163273,0.5419045508529514,0.0,0.0,1.0,inf,723.0,inf,220.0,1.0,219.0,0.0,0.0,0.0,0.0,0.0,0.0
652.0,723.0,2167.0,1444.0,722.0,1.9972337482710927,667.0916482081637,1334.1832964163273,0.5419045508529514,0.0,0.0,1.0,inf,723.0,inf,217.0,0.0,217.0,0.0,0.0,0.0,0.0,0.0,0.0
653.0,725.0,2173.0,1448.0,724.0,1.9972413793103447,668.9233044987906,1337.846608997581,0.5419156390008169,0.0,0.0,1.0,inf,725.0,inf,220.0,2.0,218.0,0.0,0.0,0.0,0.0,0.0,0.0
654.0,725.0,2173.0,1448.0,724.0,1.9972413793103447,668.9233044987906,1337.846608997581,0.5419156390008169,0.0,0.0,1.0,inf,725.0,inf,217.0,0.0,217.0,0.0,0.0,0.0,0.0,0.0,0.0
655.0,726.0,2176.0,1450.0,725.0,1.997245179063361,669.9203969443466,1339.840793888693,0.5418554229065459,0.0,0.0,1.0,inf,726.0,inf,220.0,1.0,219.0,0.0,0.0,0.0,0.0,0.0,0.0
656.0,726.0,2176.0,1450.0,725.0,1.997245179063361,669.9203969443466,1339.840793888693,0.5418554229065459,0.0,0.0,1.0,inf,726.0,inf,219.0,0.0,219.0,0.0,0.0,0.0,0.0,0.0,0.0
657.0,726.0,2176.0,1450.0,725.0,1.997245179063361,669.9203969443466,1339.840793888693,0.5418554229065459,0.0,0.0,1.0,inf,726.0,inf,220.0,0.0,220.0,0.0,0.0,0.0,0.0,0.0,0.0
658.0,726.0,2176.0,1450.0,725.0,1.997245179063361,669.9203969443466,1339.840793888693,0.5418554229065459,0.0,0.0,1.0,inf,726.0,inf,220.0,0.0,220.0,0.0,0.0,0.0,0.0,0.0,0.0
659.0,729.0,2185.0,1456.0,728.0,1.9972565157750344,672.7439409457913,1345.4878818915824,0.5418108998314575,0.0,0.0,1.0,inf,729.0,inf,220.0,3.0,217.0,0.0,0.0,0.0,0.0,0.0,0.0
660.0,729.0,2185.0,1456.0,728.0,1.9972565157750344,672.7439409457913,1345.4878818915824,0.5418108998314575,0.0,0.0,1.0,inf,729.0,inf,215.0,0.0,215.0,0.0,0.0,0.0,0.0,0.0,0.0
661.0,730.0,2188.0,1458.0,729.0,1.9972602739726026,673.6876650728715,1347.3753301457427,0.5417940967651809,0.0,0.0,1.0,inf,730.0,inf,220.0,1.0,219.0,0.0,0.0,0.0,0.0,0.0,0.0
662.0,730.0,2188.0,1458.0,729.0,1.9972602739726026,673.6876650728715,1347.3753301457427,0.5417940967651809,0.0,0.0,1.0,inf,730.0,inf,217.0,0.0,217.0,0.0,0.0,0.0,0.0,0.0,0.0
663.0,733.0,2197.0,1464.0,732.0,1.9972714870395634,676.4060090930236,1352.812018186047,0.5418343348123578,0.0,0.0,1.0,inf,733.0,inf,220.0,3.0,217.0,0.0,0.0,0.0,0.0,0.0,0.0
664.0,733.0,2197.0,1464.0,732.0,1.9972714870395634,676.4060090930236,1352.812018186047,0.5418343348123578,0.0,0.0,1.0,inf,733.0,inf,212.0,0.0,212.0,0.0,0.0,0.0,0.0,0.0,0.0
665.0,734.0,2200.0,1466.0,733.0,1.997275204359673,677.3884327322343,1354.7768654644683,0.5417866356526226,0.0,0.0,1.0,inf,734.0,inf,220.0,1.0,219.0,0.0,0.0,0.0,0.0,0.0,0.0
666.0,734.0,2200.0,1466.0,733.0,1.997275204359673,677.3884327322343,1354.7768654644683,0.5417866356526226,0.0,0.0,1.0,inf,734.0,inf,217.0,0.0,217.0,0.0,0.0,0.0,0.0,0.0,0.0
667.0,734.0,2200.0,1466.0,733.0,1.997275204359673,677.3884327322343,1354.7768654644683,0.5417866356526226,0.0,0.0,1.0,inf,734.0,inf,220.0,0.0,220.0,0.0,0.0,0.0,0.0,0.0,0.0
668.0,734.0,2200.0,1466.0,733.0,1.997275204359673,677.3884327322343,1354.7768654644683,0.5417866356526226,0.0,0.0,1.0,inf,734.0,inf,220.0,0.0,220.0,0.0,0.0,0.0,0.0,0.0,0.0
669.0,735.0,2203.0,1468.0,734.0,1.997278911564626,678.244458752034,1356.4889175040678,0.5418400331293498,0.0,0.0,1.0,inf,735.0,inf,220.0,1.0,219.0,0.0,0.0,0.0,0.0,0.0,0.0
670.0,735.0,2203.0,1468.0,734.0,1.997278911564626,678.244458752034,1356.4889175040678,0.5418400331293498,0.0,0.0,1.0,inf,735.0,inf,219.0,0.0,219.0,0.0,0.0,0.0,0.0,0.0,0.0
671.0,737.0,2209.0,1472.0,736.0,1.9972862957937585,680.1476747189859,1360.2953494379715,0.5417941039822739,0.0,0.0,1.0,inf,737.0,inf,220.0,2.0,218.0,0.0,0.0,0.0,0.0,0.0,0.0
672.0,737.0,2209.0,1472.0,736.0,1.9972862957937585,680.1476747189859,1360.2953494379715,0.5417941039822739,0.0,0.0,1.0,inf,737.0,inf,219.0,0.0,219.0,0.0,0.0,0.0,0.0,0.0,0.0
673.0,738.0,2212.0,1474.0,737.0,1.997289972899729,681.1091449005501,1362.2182898011,0.5417633910257927,0.0,0.0,1.0,inf,738.0,inf,220.0,1.0,219.0,0.0,0.0,0.0,0.0,0.0,0.0
674.0,738.0,2212.0,1474.0,737.0,1.997289972899729,681.1091449005501,1362.2182898011,0.5417633910257927,0.0,0.0,1.0,inf,738.0,inf,217.0,0.0,217.0,0.0,0.0,0.0,0.0,0.0,0.0
675.0,740.0,2218.0,1478.0,739.0,1.9972972972972973,682.9376283398677,1365.8752566797352,0.5417771472036499,0.0,0.0,1.0,inf,740.0,inf,220.0,2.0,218.0,0.0,0.0,0.0,0.0,0.0,0.0
676.0,740.0,2218.0,1478.0,739.0,1.9972972972972973,682.9376283398677,1365.8752566797352,0.5417771472036499,0.0,0.0,1.0,inf,740.0,inf,216.0,0.0,216.0,0.0,0.0,0.0,0.0,0.0,0.0
677.0,741.0,2221.0,1480.0,740.0,1.9973009446693657,683.9094152584107,1367.8188305168212,0.5417384111607954,0.0,0.0,1.0,inf,741.0,inf,220.0,1.0,219.0,0.0,0.0,0.0,0.0,0.0,0.0
678.0,741.0,2221.0,1480.0,740.0,1.9973009446693657,683.9094152584107,1367.8188305168212,0.5417384111607954,0.0,0.0,1.0,inf,741.0,inf,219.0,0.0,219.0,0.0,0.0,0.0,0.0,0.0,0.0
679.0,743.0,2227.0,1484.0,742.0,1.997308209959623,685.6672030214734,1371.3344060429465,0.5418080350976997,0.0,0.0,1.0,inf,743.0,inf,220.0,2.0,218.0,0.0,0.0,0.0,0.0,0.0,0.0
680.0,743.0,2227.0,1484.0,742.0,1.997308209959623,685.6672030214734,1371.3344060429465,0.5418080350976997,0.0,0.0,1.0,inf,743.0,inf,219.0,0.0,219.0,0.0,0.0,0.0,0.0,0.0,0.0
681.0,743.0,2227.0,1484.0,742.0,1.997308209959623,685.6672030214734,1371.3344060429465,0.5418080350976997,0.0,0.0,1.0,inf,743.0,inf,220.0,0.0,220.0,0.0,0.0,0.0,0.0,0.0,0.0
682.0,746.0,2236.0,1490.0,745.0,1.997319034852547,688.3832145622702,1376.76642912454,0.5418493538329282,0.0,0.0,1.0,inf,746.0,inf,220.0,3.0,217.0,0.0,0.0,0.0,0.0,0.0,0.0
683.0,746.0,2236.0,1490.0,745.0,1.997319034852547,688.3832145622702,1376.76642912454,0.5418493538329282,0.0,0.0,1.0,inf,746.0,inf,213.0,0.0,213.0,0.0,0.0,0.0,0.0,0.0,0.0
684.0,746.0,2236.0,1490.0,745.0,1.997319034852547,688.3832145622702,1376.76642912454,0.5418493538329282,0.0,0.0,1.0,inf,746.0,inf,220.0,0.0,220.0,0.0,0.0,0.0,0.0,0.0,0.0
685.0,746.0,2236.0,1490.0,745.0,1.997319034852547,688.3832145622702,1376.76642912454,0.5418493538329282,0.0,0.0,1.0,inf,746.0,inf,220.0,0.0,220.0,0.0,0.0,0.0,0.0,0.0,0.0
686.0,746.0,2236.0,1490.0,745.0,1.997319034852547,688.3832145622702,1376.76642912454,0.5418493538329282,0.0,0.0,1.0,inf,746.0,inf,220.0,0.0,220.0,0.0,0.0,0.0,0.0,0.0,0.0
687.0,747.0,2239.0,1492.0,746.0,1.997322623828648,689.2816169132852,1378.5632338265702,0.5418685060434276,0.0,0.0,1.0,inf,747.0,inf,220.0,1.0,219.0,0.0,0.0,0.0,0.0,0.0,0.0
688.0,747.0,2239.0,1492.0,746.0,1.997322623828648,689.2816169132852,1378.5632338265702,0.5418685060434276,0.0,0.0,1.0,inf,747.0,inf,219.0,0.0,219.0,0.0,0.0,0.0,0.0,0.0,0.0
689.0,747.0,2239.0,1492.0,746.0,1.997322623828648,689.2816169132852,1378.5632338265702,0.5418685060434276,0.0,0.0,1.0,inf,747.0,inf,220.0,0.0,220.0,0.0,0.0,0.0,0.0,0.0,0.0
690.0,749.0,2245.0,1496.0,748.0,1.9973297730307076,691.1542748636737,1382.308549727347,0.5418471875528341,0.0,0.0,1.0,inf,749.0,inf,220.0,2.0,218.0,0.0,0.0,0.0,0.0,0.0,0.0
691.0,749.0,2245.0,1496.0,748.0,1.9973297730307076,691.1542748636737,1382.308549727347,0.5418471875528341,0.0,0.0,1.0,inf,749.0,inf,218.0,0.0,218.0,0.0,0.0,0.0,0.0,0.0,0.0
692.0,750.0,2248.0,1498.0,749.0,1.9973333333333334,692.0613818194769,1384.1227636389535,0.5418594504061176,0.0,0.0,1.0,inf,750.0,inf,220.0,1.0,219.0,0.0,0.0,0.0,0.0,0.0,0.0
693.0,750.0,2248.0,1498.0,749.0,1.9973333333333334,692.0613818194769,1384.1227636389535,0.5418594504061176,0.0,0.0,1.0,inf,750.0,inf,219.0,0.0,219.0,0.0,0.0,0.0,0.0,0.0,0.0
694.0,752.0,2254.0,1502.0,751.0,1.997340425531915,693.9166793738478,1387.8333587476955,0.541851797451074,0.0,0.0,1.0,inf,752.0,inf,220.0,2.0,218.0,0.0,0.0,0.0,0.0,0.0,0.0
695.0,752.0,2254.0,1502.0,751.0,1.997340425531915,693.9166793738478,1387.8333587476955,0.541851797451074,0.0,0.0,1.0,inf,752.0,inf,218.0,0.0,218.0,0.0,0.0,0.0,0.0,0.0,0.0
696.0,752.0,2254.0,1502.0,751.0,1.997340425531915,693.9166793738478,1387.8333587476955,0.541851797451074,0.0,0.0,1.0,inf,752.0,inf,220.0,0.0,220.0,0.0,0.0,0.0,0.0,0.0,0.0
697.0,753.0,2257.0,1504.0,752.0,1.99734395750332,694.9165248285681,1389.833049657136,0.5417916923084833,0.0,0.0,1.0,inf,753.0,inf,220.0,1.0,219.0,0.0,0.0,0.0,0.0,0.0,0.0
698.0,753.0,2257.0,1504.0,752.0,1.99734395750332,694.9165248285681,1389.833049657136,0.5417916923084833,0.0,0.0,1.0,inf,753.0,inf,220.0,0.0,220.0,0.0,0.0,0.0,0.0,0.0,0.0
699.0,753.0,2257.0,1504.0,752.0,1.99734395750332,694.9165248285681,1389.833049657136,0.5417916923084833,0.0,0.0,1.0,inf,753.0,inf,220.0,0.0,220.0,0.0,0.0,0.0,0.0,0.0,0.0
700.0,753.0,2257.0,1504.0,752.0,1.99734395750332,694.9165248285681,1389.833049657136,0.5417916923084833,0.0,0.0,1.0,inf,753.0,inf,220.0,0.0,220.0,0.0,0.0,0.0,0.0,0.0,0.0
