t,site_subsystems,total_subsystems,interface_subsystems,n_links,mean_degree,frontier_radius,volume_proxy,density,energy_remaining,energy_density,creation_rate_modifier,memory_total,memory_bound,memory_free,birth_attempts,births_accepted,births_reject_exclusion,births_reject_memory,births_reject_energy,deaths_attempted,deaths_executed,links_attempted_random,links_added_random
0.0,2.0,4.0,2.0,1.0,1.0,0.1430873022859087,0.28617460457181737,6.988740328627193,0.0,0.0,1.0,inf,2.0,inf,0.0,0.0,0.0,0.0,0.0,0.0,0.0,0.0,0.0
1.0,2.0,4.0,2.0,1.0,1.0,0.1430873022859087,0.28617460457181737,6.988740328627193,0.0,0.0,1.0,inf,2.0,inf,0.0,0.0,0.0,0.0,0.0,0.0,0.0,0.0,0.0
2.0,34.0,100.0,66.0,33.0,1.9411764705882353,30.099638734654068,60.19927746930813,0.5647908318722676,0.0,0.0,1.0,inf,34.0,inf,220.0,32.0,188.0,0.0,0.0,0.0,0.0,0.0,0.0
3.0,34.0,100.0,66.0,33.0,1.9411764705882353,30.099638734654068,60.19927746930813,0.5647908318722676,0.0,0.0,1.0,inf,34.0,inf,0.0,0.0,0.0,0.0,0.0,0.0,0.0,0.0,0.0
4.0,54.0,160.0,106.0,53.0,1.962962962962963,48.7027064148709,97.40541282974179,0.5543839755023514,0.0,0.0,1.0,inf,54.0,inf,220.0,20.0,200.0,0.0,0.0,0.0,0.0,0.0,0.0
5.0,54.0,160.0,106.0,53.0,1.962962962962963,48.7027064148709,97.40541282974179,0.5543839755023514,0.0,0.0,1.0,inf,54.0,inf,0.0,0.0,0.0,0.0,0.0,0.0,0.0,0.0,0.0
6.0,69.0,205.0,136.0,68.0,1.9710144927536233,62.55066951384538,125.10133902769074,0.551552849364203,0.0,0.0,1.0,inf,69.0,inf,220.0,15.0,205.0,0.0,0.0,0.0,0.0,0.0,0.0
7.0,69.0,205.0,136.0,68.0,1.9710144927536233,62.55066951384538,125.10133902769074,0.551552849364203,0.0,0.0,1.0,inf,69.0,inf,0.0,0.0,0.0,0.0,0.0,0.0,0.0,0.0,0.0
8.0,79.0,235.0,156.0,78.0,1.9746835443037976,71.80014058017342,143.6002811603468,0.5501381986278083,0.0,0.0,1.0,inf,79.0,inf,220.0,10.0,210.0,0.0,0.0,0.0,0.0,0.0,0.0
9.0,79.0,235.0,156.0,78.0,1.9746835443037976,71.80014058017342,143.6002811603468,0.5501381986278083,0.0,0.0,1.0,inf,79.0,inf,38.0,0.0,38.0,0.0,0.0,0.0,0.0,0.0,0.0
10.0,87.0,259.0,172.0,86.0,1.9770114942528736,79.26556716056018,158.53113432112033,0.5487881000319659,0.0,0.0,1.0,inf,87.0,inf,220.0,8.0,212.0,0.0,0.0,0.0,0.0,0.0,0.0
11.0,87.0,259.0,172.0,86.0,1.9770114942528736,79.26556716056018,158.53113432112033,0.5487881000319659,0.0,0.0,1.0,inf,87.0,inf,83.0,0.0,83.0,0.0,0.0,0.0,0.0,0.0,0.0
12.0,97.0,289.0,192.0,96.0,1.9793814432989691,88.58288282046361,177.1657656409272,0.5475098400025877,0.0,0.0,1.0,inf,97.0,inf,220.0,10.0,210.0,0.0,0.0,0.0,0.0,0.0,0.0
13.0,97.0,289.0,192.0,96.0,1.9793814432989691,88.58288282046361,177.1657656409272,0.5475098400025877,0.0,0.0,1.0,inf,97.0,inf,73.0,0.0,73.0,0.0,0.0,0.0,0.0,0.0,0.0
14.0,106.0,316.0,210.0,105.0,1.9811320754716981,97.0095899099443,194.01917981988856,0.5463377388689183,0.0,0.0,1.0,inf,106.0,inf,220.0,9.0,211.0,0.0,0.0,0.0,0.0,0.0,0.0
15.0,106.0,316.0,210.0,105.0,1.9811320754716981,97.0095899099443,194.01917981988856,0.5463377388689183,0.0,0.0,1.0,inf,106.0,inf,100.0,0.0,100.0,0.0,0.0,0.0,0.0,0.0,0.0
16.0,115.0,343.0,228.0,114.0,1.982608695652174,105.44560995699571,210.8912199139914,0.5453048260942344,0.0,0.0,1.0,inf,115.0,inf,220.0,9.0,211.0,0.0,0.0,0.0,0.0,0.0,0.0
17.0,115.0,343.0,228.0,114.0,1.982608695652174,105.44560995699571,210.8912199139914,0.5453048260942344,0.0,0.0,1.0,inf,115.0,inf,102.0,0.0,102.0,0.0,0.0,0.0,0.0,0.0,0.0
18.0,121.0,361.0,240.0,120.0,1.9834710743801653,111.09979135551575,222.19958271103147,0.5445554781142834,0.0,0.0,1.0,inf,121.0,inf,220.0,6.0,214.0,0.0,0.0,0.0,0.0,0.0,0.0
19.0,121.0,361.0,240.0,120.0,1.9834710743801653,111.09979135551575,222.19958271103147,0.5445554781142834,0.0,0.0,1.0,inf,121.0,inf,150.0,0.0,150.0,0.0,0.0,0.0,0.0,0.0,0.0
20.0,124.0,370.0,246.0,123.0,1.9838709677419355,113.92190352610982,227.8438070522196,0.5442324792772638,0.0,0.0,1.0,inf,124.0,inf,220.0,3.0,217.0,0.0,0.0,0.0,0.0,0.0,0.0
21.0,124.0,370.0,246.0,123.0,1.9838709677419355,113.92190352610982,227.8438070522196,0.5442324792772638,0.0,0.0,1.0,inf,124.0,inf,176.0,0.0,176.0,0.0,0.0,0.0,0.0,0.0,0.0
22.0,130.0,388.0,258.0,129.0,1.9846153846153847,119.47904787459102,238.958095749182,0.5440284397664942,0.0,0.0,1.0,inf,130.0,inf,220.0,6.0,214.0,0.0,0.0,0.0,0.0,0.0,0.0
23.0,130.0,388.0,258.0,129.0,1.9846153846153847,119.47904787459102,238.958095749182,0.5440284397664942,0.0,0.0,1.0,inf,130.0,inf,143.0,0.0,143.0,0.0,0.0,0.0,0.0,0.0,0.0
24.0,131.0,391.0,260.0,130.0,1.984732824427481,120.44453368986572,240.88906737973142,0.5438187852398254,0.0,0.0,1.0,inf,131.0,inf,220.0,1.0,219.0,0.0,0.0,0.0,0.0,0.0,0.0
25.0,131.0,391.0,260.0,130.0,1.984732824427481,120.44453368986572,240.88906737973142,0.5438187852398254,0.0,0.0,1.0,inf,131.0,inf,211.0,0.0,211.0,0.0,0.0,0.0,0.0,0.0,0.0
26.0,135.0,403.0,268.0,134.0,1.9851851851851852,124.0308596345854,248.06171926917077,0.544219399904715,0.0,0.0,1.0,inf,135.0,inf,220.0,4.0,216.0,0.0,0.0,0.0,0.0,0.0,0.0
27.0,135.0,403.0,268.0,134.0,1.9851851851851852,124.0308596345854,248.06171926917077,0.544219399904715,0.0,0.0,1.0,inf,135.0,inf,171.0,0.0,171.0,0.0,0.0,0.0,0.0,0.0,0.0
28.0,143.0,427.0,284.0,142.0,1.986013986013986,131.507700195684,263.01540039136796,0.5436943988344995,0.0,0.0,1.0,inf,143.0,inf,220.0,8.0,212.0,0.0,0.0,0.0,0.0,0.0,0.0
29.0,143.0,427.0,284.0,142.0,1.986013986013986,131.507700195684,263.01540039136796,0.5436943988344995,0.0,0.0,1.0,inf,143.0,inf,138.0,0.0,138.0,0.0,0.0,0.0,0.0,0.0,0.0
30.0,147.0,439.0,292.0,146.0,1.9863945578231292,135.20230319478895,270.40460638957785,0.5436297922684566,0.0,0.0,1.0,inf,147.0,inf,220.0,4.0,216.0,0.0,0.0,0.0,0.0,0.0,0.0
31.0,147.0,439.0,292.0,146.0,1.9863945578231292,135.20230319478895,270.40460638957785,0.5436297922684566,0.0,0.0,1.0,inf,147.0,inf,170.0,0.0,170.0,0.0,0.0,0.0,0.0,0.0,0.0
32.0,153.0,457.0,304.0,152.0,1.9869281045751634,140.72979138694117,281.4595827738823,0.5435949221985327,0.0,0.0,1.0,inf,153.0,inf,220.0,6.0,214.0,0.0,0.0,0.0,0.0,0.0,0.0
33.0,153.0,457.0,304.0,152.0,1.9869281045751634,140.72979138694117,281.4595827738823,0.5435949221985327,0.0,0.0,1.0,inf,153.0,inf,161.0,0.0,161.0,0.0,0.0,0.0,0.0,0.0,0.0
34.0,156.0,466.0,310.0,155.0,1.9871794871794872,143.5001077712541,287.00021554250816,0.5435535987494565,0.0,0.0,1.0,inf,156.0,inf,220.0,3.0,217.0,0.0,0.0,0.0,0.0,0.0,0.0
35.0,156.0,466.0,310.0,155.0,1.9871794871794872,143.5001077712541,287.00021554250816,0.5435535987494565,0.0,0.0,1.0,inf,156.0,inf,184.0,0.0,184.0,0.0,0.0,0.0,0.0,0.0,0.0
36.0,164.0,490.0,326.0,163.0,1.9878048780487805,150.85810459625654,301.716209192513,0.5435571407943753,0.0,0.0,1.0,inf,164.0,inf,220.0,8.0,212.0,0.0,0.0,0.0,0.0,0.0,0.0
37.0,164.0,490.0,326.0,163.0,1.9878048780487805,150.85810459625654,301.716209192513,0.5435571407943753,0.0,0.0,1.0,inf,164.0,inf,149.0,0.0,149.0,0.0,0.0,0.0,0.0,0.0,0.0
38.0,168.0,502.0,334.0,167.0,1.9880952380952381,154.56972785648435,309.13945571296864,0.5434440570277301,0.0,0.0,1.0,inf,168.0,inf,220.0,4.0,216.0,0.0,0.0,0.0,0.0,0.0,0.0
39.0,168.0,502.0,334.0,167.0,1.9880952380952381,154.56972785648435,309.13945571296864,0.5434440570277301,0.0,0.0,1.0,inf,168.0,inf,189.0,0.0,189.0,0.0,0.0,0.0,0.0,0.0,0.0
40.0,173.0,517.0,344.0,172.0,1.9884393063583814,159.1461585597249,318.29231711944976,0.5435255288775193,0.0,0.0,1.0,inf,173.0,inf,220.0,5.0,215.0,0.0,0.0,0.0,0.0,0.0,0.0
41.0,173.0,517.0,344.0,172.0,1.9884393063583814,159.1461585597249,318.29231711944976,0.5435255288775193,0.0,0.0,1.0,inf,173.0,inf,184.0,0.0,184.0,0.0,0.0,0.0,0.0,0.0,0.0
42.0,180.0,538.0,358.0,179.0,1.988888888888889,165.64721576385125,331.29443152770244,0.5433233488711645,0.0,0.0,1.0,inf,180.0,inf,220.0,7.0,213.0,0.0,0.0,0.0,0.0,0.0,0.0
43.0,180.0,538.0,358.0,179.0,1.988888888888889,165.64721576385125,331.29443152770244,0.5433233488711645,0.0,0.0,1.0,inf,180.0,inf,170.0,0.0,170.0,0.0,0.0,0.0,0.0,0.0,0.0
44.0,184.0,550.0,366.0,183.0,1.9891304347826086,169.263858579517,338.52771715903395,0.5435300883016331,0.0,0.0,1.0,inf,184.0,inf,220.0,4.0,216.0,0.0,0.0,0.0,0.0,0.0,0.0
45.0,184.0,550.0,366.0,183.0,1.9891304347826086,169.263858579517,338.52771715903395,0.5435300883016331,0.0,0.0,1.0,inf,184.0,inf,192.0,0.0,192.0,0.0,0.0,0.0,0.0,0.0,0.0
46.0,188.0,562.0,374.0,187.0,1.9893617021276595,172.84757497476323,345.6951499495264,0.5438317547337564,0.0,0.0,1.0,inf,188.0,inf,220.0,4.0,216.0,0.0,0.0,0.0,0.0,0.0,0.0
47.0,188.0,562.0,374.0,187.0,1.9893617021276595,172.84757497476323,345.6951499495264,0.5438317547337564,0.0,0.0,1.0,inf,188.0,inf,190.0,0.0,190.0,0.0,0.0,0.0,0.0,0.0,0.0
48.0,191.0,571.0,380.0,190.0,1.9895287958115184,175.5826821410411,351.1653642820821,0.5439032986367488,0.0,0.0,1.0,inf,191.0,inf,220.0,3.0,217.0,0.0,0.0,0.0,0.0,0.0,0.0
49.0,191.0,571.0,380.0,190.0,1.9895287958115184,175.5826821410411,351.1653642820821,0.5439032986367488,0.0,0.0,1.0,inf,191.0,inf,195.0,0.0,195.0,0.0,0.0,0.0,0.0,0.0,0.0
50.0,193.0,577.0,384.0,192.0,1.9896373056994818,177.4338224201407,354.86764484028134,0.543864741703531,0.0,0.0,1.0,inf,193.0,inf,220.0,2.0,218.0,0.0,0.0,0.0,0.0,0.0,0.0
51.0,193.0,577.0,384.0,192.0,1.9896373056994818,177.4338224201407,354.86764484028134,0.543864741703531,0.0,0.0,1.0,inf,193.0,inf,205.0,0.0,205.0,0.0,0.0,0.0,0.0,0.0,0.0
52.0,195.0,583.0,388.0,194.0,1.9897435897435898,179.39165781016624,358.7833156203324,0.5435035340560559,0.0,0.0,1.0,inf,195.0,inf,220.0,2.0,218.0,0.0,0.0,0.0,0.0,0.0,0.0
53.0,195.0,583.0,388.0,194.0,1.9897435897435898,179.39165781016624,358.7833156203324,0.5435035340560559,0.0,0.0,1.0,inf,195.0,inf,203.0,0.0,203.0,0.0,0.0,0.0,0.0,0.0,0.0
54.0,200.0,598.0,398.0,199.0,1.99,183.97949275518795,367.95898551037584,0.5435388395872189,0.0,0.0,1.0,inf,200.0,inf,220.0,5.0,215.0,0.0,0.0,0.0,0.0,0.0,0.0
55.0,200.0,598.0,398.0,199.0,1.99,183.97949275518795,367.95898551037584,0.5435388395872189,0.0,0.0,1.0,inf,200.0,inf,181.0,0.0,181.0,0.0,0.0,0.0,0.0,0.0,0.0
56.0,205.0,613.0,408.0,204.0,1.9902439024390244,188.5259788426243,377.05195768524857,0.543691647322324,0.0,0.0,1.0,inf,205.0,inf,220.0,5.0,215.0,0.0,0.0,0.0,0.0,0.0,0.0
57.0,205.0,613.0,408.0,204.0,1.9902439024390244,188.5259788426243,377.05195768524857,0.543691647322324,0.0,0.0,1.0,inf,205.0,inf,177.0,0.0,177.0,0.0,0.0,0.0,0.0,0.0,0.0
58.0,209.0,625.0,416.0,208.0,1.9904306220095693,192.18141886649963,384.3628377329992,0.5437570427794155,0.0,0.0,1.0,inf,209.0,inf,220.0,4.0,216.0,0.0,0.0,0.0,0.0,0.0,0.0
59.0,209.0,625.0,416.0,208.0,1.9904306220095693,192.18141886649963,384.3628377329992,0.5437570427794155,0.0,0.0,1.0,inf,209.0,inf,187.0,0.0,187.0,0.0,0.0,0.0,0.0,0.0,0.0
60.0,211.0,631.0,420.0,210.0,1.990521327014218,194.0055744653743,388.01114893074856,0.5437988072803002,0.0,0.0,1.0,inf,211.0,inf,220.0,2.0,218.0,0.0,0.0,0.0,0.0,0.0,0.0
61.0,211.0,631.0,420.0,210.0,1.990521327014218,194.0055744653743,388.01114893074856,0.5437988072803002,0.0,0.0,1.0,inf,211.0,inf,209.0,0.0,209.0,0.0,0.0,0.0,0.0,0.0,0.0
62.0,215.0,643.0,428.0,214.0,1.9906976744186047,197.7727434862656,395.54548697253114,0.5435531615986577,0.0,0.0,1.0,inf,215.0,inf,220.0,4.0,216.0,0.0,0.0,0.0,0.0,0.0,0.0
63.0,215.0,643.0,428.0,214.0,1.9906976744186047,197.7727434862656,395.54548697253114,0.5435531615986577,0.0,0.0,1.0,inf,215.0,inf,196.0,0.0,196.0,0.0,0.0,0.0,0.0,0.0,0.0
64.0,218.0,652.0,434.0,217.0,1.9908256880733946,200.49658689749734,400.9931737949946,0.5436501522877574,0.0,0.0,1.0,inf,218.0,inf,220.0,3.0,217.0,0.0,0.0,0.0,0.0,0.0,0.0
65.0,218.0,652.0,434.0,217.0,1.9908256880733946,200.49658689749734,400.9931737949946,0.5436501522877574,0.0,0.0,1.0,inf,218.0,inf,201.0,0.0,201.0,0.0,0.0,0.0,0.0,0.0,0.0
66.0,218.0,652.0,434.0,217.0,1.9908256880733946,200.49658689749734,400.9931737949946,0.5436501522877574,0.0,0.0,1.0,inf,218.0,inf,220.0,0.0,220.0,0.0,0.0,0.0,0.0,0.0,0.0
67.0,220.0,658.0,438.0,219.0,1.990909090909091,202.31581654246125,404.63163308492244,0.5437044017609649,0.0,0.0,1.0,inf,220.0,inf,220.0,2.0,218.0,0.0,0.0,0.0,0.0,0.0,0.0
68.0,220.0,658.0,438.0,219.0,1.990909090909091,202.31581654246125,404.63163308492244,0.5437044017609649,0.0,0.0,1.0,inf,220.0,inf,212.0,0.0,212.0,0.0,0.0,0.0,0.0,0.0,0.0
69.0,225.0,673.0,448.0,224.0,1.991111111111111,207.01861937336042,414.0372387467208,0.5434293801230747,0.0,0.0,1.0,inf,225.0,inf,220.0,5.0,215.0,0.0,0.0,0.0,0.0,0.0,0.0
70.0,225.0,673.0,448.0,224.0,1.991111111111111,207.01861937336042,414.0372387467208,0.5434293801230747,0.0,0.0,1.0,inf,225.0,inf,186.0,0.0,186.0,0.0,0.0,0.0,0.0,0.0,0.0
71.0,229.0,685.0,456.0,228.0,1.9912663755458515,210.70982833570147,421.4196566714029,0.5434013254359421,0.0,0.0,1.0,inf,229.0,inf,220.0,4.0,216.0,0.0,0.0,0.0,0.0,0.0,0.0
72.0,229.0,685.0,456.0,228.0,1.9912663755458515,210.70982833570147,421.4196566714029,0.5434013254359421,0.0,0.0,1.0,inf,229.0,inf,198.0,0.0,198.0,0.0,0.0,0.0,0.0,0.0,0.0
73.0,230.0,688.0,458.0,229.0,1.991304347826087,211.60775444686865,423.21550889373725,0.5434583449014138,0.0,0.0,1.0,inf,230.0,inf,220.0,1.0,219.0,0.0,0.0,0.0,0.0,0.0,0.0
74.0,230.0,688.0,458.0,229.0,1.991304347826087,211.60775444686865,423.21550889373725,0.5434583449014138,0.0,0.0,1.0,inf,230.0,inf,213.0,0.0,213.0,0.0,0.0,0.0,0.0,0.0,0.0
75.0,233.0,697.0,464.0,232.0,1.9914163090128756,214.42947162213406,428.85894324426806,0.5433021828515038,0.0,0.0,1.0,inf,233.0,inf,220.0,3.0,217.0,0.0,0.0,0.0,0.0,0.0,0.0
76.0,233.0,697.0,464.0,232.0,1.9914163090128756,214.42947162213406,428.85894324426806,0.5433021828515038,0.0,0.0,1.0,inf,233.0,inf,206.0,0.0,206.0,0.0,0.0,0.0,0.0,0.0,0.0
77.0,236.0,706.0,470.0,235.0,1.9915254237288136,217.18663956595736,434.37327913191467,0.5433115049609882,0.0,0.0,1.0,inf,236.0,inf,220.0,3.0,217.0,0.0,0.0,0.0,0.0,0.0,0.0
78.0,236.0,706.0,470.0,235.0,1.9915254237288136,217.18663956595736,434.37327913191467,0.5433115049609882,0.0,0.0,1.0,inf,236.0,inf,204.0,0.0,204.0,0.0,0.0,0.0,0.0,0.0,0.0
79.0,239.0,715.0,476.0,238.0,1.99163179916318,220.09935486108864,440.1987097221772,0.5429366209429377,0.0,0.0,1.0,inf,239.0,inf,220.0,3.0,217.0,0.0,0.0,0.0,0.0,0.0,0.0
80.0,239.0,715.0,476.0,238.0,1.99163179916318,220.09935486108864,440.1987097221772,0.5429366209429377,0.0,0.0,1.0,inf,239.0,inf,198.0,0.0,198.0,0.0,0.0,0.0,0.0,0.0,0.0
81.0,243.0,727.0,484.0,242.0,1.991769547325103,223.84486581371573,447.6897316274314,0.5427866284014422,0.0,0.0,1.0,inf,243.0,inf,220.0,4.0,216.0,0.0,0.0,0.0,0.0,0.0,0.0
82.0,243.0,727.0,484.0,242.0,1.991769547325103,223.84486581371573,447.6897316274314,0.5427866284014422,0.0,0.0,1.0,inf,243.0,inf,196.0,0.0,196.0,0.0,0.0,0.0,0.0,0.0,0.0
83.0,246.0,736.0,490.0,245.0,1.991869918699187,226.6884640650334,453.37692813006674,0.5425948801907856,0.0,0.0,1.0,inf,246.0,inf,220.0,3.0,217.0,0.0,0.0,0.0,0.0,0.0,0.0
84.0,246.0,736.0,490.0,245.0,1.991869918699187,226.6884640650334,453.37692813006674,0.5425948801907856,0.0,0.0,1.0,inf,246.0,inf,201.0,0.0,201.0,0.0,0.0,0.0,0.0,0.0,0.0
85.0,253.0,757.0,504.0,252.0,1.992094861660079,233.20253754780768,466.4050750956153,0.5424469275942887,0.0,0.0,1.0,inf,253.0,inf,220.0,7.0,213.0,0.0,0.0,0.0,0.0,0.0,0.0
86.0,253.0,757.0,504.0,252.0,1.992094861660079,233.20253754780768,466.4050750956153,0.5424469275942887,0.0,0.0,1.0,inf,253.0,inf,171.0,0.0,171.0,0.0,0.0,0.0,0.0,0.0,0.0
87.0,256.0,766.0,510.0,255.0,1.9921875,235.93325784128075,471.86651568256144,0.542526310920139,0.0,0.0,1.0,inf,256.0,inf,220.0,3.0,217.0,0.0,0.0,0.0,0.0,0.0,0.0
88.0,256.0,766.0,510.0,255.0,1.9921875,235.93325784128075,471.86651568256144,0.542526310920139,0.0,0.0,1.0,inf,256.0,inf,206.0,0.0,206.0,0.0,0.0,0.0,0.0,0.0,0.0
89.0,258.0,772.0,514.0,257.0,1.9922480620155039,237.82912410981638,475.6582482196327,0.5424062359176621,0.0,0.0,1.0,inf,258.0,inf,220.0,2.0,218.0,0.0,0.0,0.0,0.0,0.0,0.0
90.0,258.0,772.0,514.0,257.0,1.9922480620155039,237.82912410981638,475.6582482196327,0.5424062359176621,0.0,0.0,1.0,inf,258.0,inf,214.0,0.0,214.0,0.0,0.0,0.0,0.0,0.0,0.0
91.0,262.0,784.0,522.0,261.0,1.9923664122137406,241.68835483677904,483.376709673558,0.5420203223629417,0.0,0.0,1.0,inf,262.0,inf,220.0,4.0,216.0,0.0,0.0,0.0,0.0,0.0,0.0
92.0,262.0,784.0,522.0,261.0,1.9923664122137406,241.68835483677904,483.376709673558,0.5420203223629417,0.0,0.0,1.0,inf,262.0,inf,201.0,0.0,201.0,0.0,0.0,0.0,0.0,0.0,0.0
93.0,265.0,793.0,528.0,264.0,1.9924528301886792,244.4102569936121,488.82051398722416,0.5421212744089665,0.0,0.0,1.0,inf,265.0,inf,220.0,3.0,217.0,0.0,0.0,0.0,0.0,0.0,0.0
94.0,265.0,793.0,528.0,264.0,1.9924528301886792,244.4102569936121,488.82051398722416,0.5421212744089665,0.0,0.0,1.0,inf,265.0,inf,210.0,0.0,210.0,0.0,0.0,0.0,0.0,0.0,0.0
95.0,268.0,802.0,534.0,267.0,1.992537313432836,247.12475980108115,494.24951960216225,0.5422362377119193,0.0,0.0,1.0,inf,268.0,inf,220.0,3.0,217.0,0.0,0.0,0.0,0.0,0.0,0.0
96.0,268.0,802.0,534.0,267.0,1.992537313432836,247.12475980108115,494.24951960216225,0.5422362377119193,0.0,0.0,1.0,inf,268.0,inf,201.0,0.0,201.0,0.0,0.0,0.0,0.0,0.0,0.0
97.0,270.0,808.0,538.0,269.0,1.9925925925925927,249.05983388599785,498.11966777199564,0.5420384246373245,0.0,0.0,1.0,inf,270.0,inf,220.0,2.0,218.0,0.0,0.0,0.0,0.0,0.0,0.0
98.0,270.0,808.0,538.0,269.0,1.9925925925925927,249.05983388599785,498.11966777199564,0.5420384246373245,0.0,0.0,1.0,inf,270.0,inf,210.0,0.0,210.0,0.0,0.0,0.0,0.0,0.0,0.0
99.0,273.0,817.0,544.0,272.0,1.9926739926739927,251.88492473384912,503.7698494676982,0.5419141306063907,0.0,0.0,1.0,inf,273.0,inf,220.0,3.0,217.0,0.0,0.0,0.0,0.0,0.0,0.0
100.0,273.0,817.0,544.0,272.0,1.9926739926739927,251.88492473384912,503.7698494676982,0.5419141306063907,0.0,0.0,1.0,inf,273.0,inf,206.0,0.0,206.0,0.0,0.0,0.0,0.0,0.0,0.0
101.0,277.0,829.0,552.0,276.0,1.9927797833935017,255.54471074370008,511.0894214874001,0.5419795213014967,0.0,0.0,1.0,inf,277.0,inf,220.0,4.0,216.0,0.0,0.0,0.0,0.0,0.0,0.0
102.0,277.0,829.0,552.0,276.0,1.9927797833935017,255.54471074370008,511.0894214874001,0.5419795213014967,0.0,0.0,1.0,inf,277.0,inf,204.0,0.0,204.0,0.0,0.0,0.0,0.0,0.0,0.0
103.0,282.0,844.0,562.0,281.0,1.9929078014184398,260.1655042258419,520.3310084516837,0.5419627033936142,0.0,0.0,1.0,inf,282.0,inf,220.0,5.0,215.0,0.0,0.0,0.0,0.0,0.0,0.0
104.0,282.0,844.0,562.0,281.0,1.9929078014184398,260.1655042258419,520.3310084516837,0.5419627033936142,0.0,0.0,1.0,inf,282.0,inf,194.0,0.0,194.0,0.0,0.0,0.0,0.0,0.0,0.0
105.0,283.0,847.0,564.0,282.0,1.9929328621908127,261.06484773767465,522.1296954753492,0.542010926504296,0.0,0.0,1.0,inf,283.0,inf,220.0,1.0,219.0,0.0,0.0,0.0,0.0,0.0,0.0
106.0,283.0,847.0,564.0,282.0,1.9929328621908127,261.06484773767465,522.1296954753492,0.542010926504296,0.0,0.0,1.0,inf,283.0,inf,215.0,0.0,215.0,0.0,0.0,0.0,0.0,0.0,0.0
107.0,285.0,853.0,568.0,284.0,1.9929824561403509,262.97246973367,525.9449394673399,0.541881818063767,0.0,0.0,1.0,inf,285.0,inf,220.0,2.0,218.0,0.0,0.0,0.0,0.0,0.0,0.0
108.0,285.0,853.0,568.0,284.0,1.9929824561403509,262.97246973367,525.9449394673399,0.541881818063767,0.0,0.0,1.0,inf,285.0,inf,209.0,0.0,209.0,0.0,0.0,0.0,0.0,0.0,0.0
109.0,290.0,868.0,578.0,289.0,1.993103448275862,267.5672902291983,535.1345804583965,0.5419197536283039,0.0,0.0,1.0,inf,290.0,inf,220.0,5.0,215.0,0.0,0.0,0.0,0.0,0.0,0.0
110.0,290.0,868.0,578.0,289.0,1.993103448275862,267.5672902291983,535.1345804583965,0.5419197536283039,0.0,0.0,1.0,inf,290.0,inf,199.0,0.0,199.0,0.0,0.0,0.0,0.0,0.0,0.0
111.0,291.0,871.0,580.0,290.0,1.993127147766323,268.5360421153852,537.0720842307703,0.5418267091963813,0.0,0.0,1.0,inf,291.0,inf,220.0,1.0,219.0,0.0,0.0,0.0,0.0,0.0,0.0
112.0,291.0,871.0,580.0,290.0,1.993127147766323,268.5360421153852,537.0720842307703,0.5418267091963813,0.0,0.0,1.0,inf,291.0,inf,214.0,0.0,214.0,0.0,0.0,0.0,0.0,0.0,0.0
113.0,292.0,874.0,582.0,291.0,1.9931506849315068,269.462334326435,538.9246686528699,0.5418196957469059,0.0,0.0,1.0,inf,292.0,inf,220.0,1.0,219.0,0.0,0.0,0.0,0.0,0.0,0.0
114.0,292.0,874.0,582.0,291.0,1.9931506849315068,269.462334326435,538.9246686528699,0.5418196957469059,0.0,0.0,1.0,inf,292.0,inf,215.0,0.0,215.0,0.0,0.0,0.0,0.0,0.0,0.0
115.0,295.0,883.0,588.0,294.0,1.993220338983051,272.3053526800155,544.6107053600309,0.5416713206270553,0.0,0.0,1.0,inf,295.0,inf,220.0,3.0,217.0,0.0,0.0,0.0,0.0,0.0,0.0
116.0,295.0,883.0,588.0,294.0,1.993220338983051,272.3053526800155,544.6107053600309,0.5416713206270553,0.0,0.0,1.0,inf,295.0,inf,204.0,0.0,204.0,0.0,0.0,0.0,0.0,0.0,0.0
117.0,297.0,889.0,592.0,296.0,1.9932659932659933,274.123067251481,548.2461345029619,0.5417274857200027,0.0,0.0,1.0,inf,297.0,inf,220.0,2.0,218.0,0.0,0.0,0.0,0.0,0.0,0.0
118.0,297.0,889.0,592.0,296.0,1.9932659932659933,274.123067251481,548.2461345029619,0.5417274857200027,0.0,0.0,1.0,inf,297.0,inf,206.0,0.0,206.0,0.0,0.0,0.0,0.0,0.0,0.0
119.0,297.0,889.0,592.0,296.0,1.9932659932659933,274.123067251481,548.2461345029619,0.5417274857200027,0.0,0.0,1.0,inf,297.0,inf,220.0,0.0,220.0,0.0,0.0,0.0,0.0,0.0,0.0
120.0,300.0,898.0,598.0,299.0,1.9933333333333334,276.99756657556134,553.9951331511226,0.5415210027091771,0.0,0.0,1.0,inf,300.0,inf,220.0,3.0,217.0,0.0,0.0,0.0,0.0,0.0,0.0
121.0,300.0,898.0,598.0,299.0,1.9933333333333334,276.99756657556134,553.9951331511226,0.5415210027091771,0.0,0.0,1.0,inf,300.0,inf,208.0,0.0,208.0,0.0,0.0,0.0,0.0,0.0,0.0
122.0,301.0,901.0,600.0,300.0,1.9933554817275747,277.91338113111215,555.8267622622242,0.5415356374258141,0.0,0.0,1.0,inf,301.0,inf,220.0,1.0,219.0,0.0,0.0,0.0,0.0,0.0,0.0
123.0,301.0,901.0,600.0,300.0,1.9933554817275747,277.91338113111215,555.8267622622242,0.5415356374258141,0.0,0.0,1.0,inf,301.0,inf,217.0,0.0,217.0,0.0,0.0,0.0,0.0,0.0,0.0
124.0,303.0,907.0,604.0,302.0,1.9933993399339933,279.7581724713623,559.5163449427245,0.5415391395420575,0.0,0.0,1.0,inf,303.0,inf,220.0,2.0,218.0,0.0,0.0,0.0,0.0,0.0,0.0
125.0,303.0,907.0,604.0,302.0,1.9933993399339933,279.7581724713623,559.5163449427245,0.5415391395420575,0.0,0.0,1.0,inf,303.0,inf,211.0,0.0,211.0,0.0,0.0,0.0,0.0,0.0,0.0
126.0,303.0,907.0,604.0,302.0,1.9933993399339933,279.7581724713623,559.5163449427245,0.5415391395420575,0.0,0.0,1.0,inf,303.0,inf,220.0,0.0,220.0,0.0,0.0,0.0,0.0,0.0,0.0
127.0,304.0,910.0,606.0,303.0,1.993421052631579,280.6317865158559,561.2635730317116,0.541635008233153,0.0,0.0,1.0,inf,304.0,inf,220.0,1.0,219.0,0.0,0.0,0.0,0.0,0.0,0.0
128.0,304.0,910.0,606.0,303.0,1.993421052631579,280.6317865158559,561.2635730317116,0.541635008233153,0.0,0.0,1.0,inf,304.0,inf,213.0,0.0,213.0,0.0,0.0,0.0,0.0,0.0,0.0
129.0,306.0,916.0,610.0,305.0,1.9934640522875817,282.6112372613819,565.2224745227637,0.5413797465473503,0.0,0.0,1.0,inf,306.0,inf,220.0,2.0,218.0,0.0,0.0,0.0,0.0,0.0,0.0
130.0,306.0,916.0,610.0,305.0,1.9934640522875817,282.6112372613819,565.2224745227637,0.5413797465473503,0.0,0.0,1.0,inf,306.0,inf,209.0,0.0,209.0,0.0,0.0,0.0,0.0,0.0,0.0
131.0,309.0,925.0,616.0,308.0,1.993527508090615,285.34478943527694,570.6895788705538,0.5414502234499163,0.0,0.0,1.0,inf,309.0,inf,220.0,3.0,217.0,0.0,0.0,0.0,0.0,0.0,0.0
132.0,309.0,925.0,616.0,308.0,1.993527508090615,285.34478943527694,570.6895788705538,0.5414502234499163,0.0,0.0,1.0,inf,309.0,inf,203.0,0.0,203.0,0.0,0.0,0.0,0.0,0.0,0.0
133.0,311.0,931.0,620.0,310.0,1.9935691318327975,287.2134272839763,574.4268545679524,0.541409228219169,0.0,0.0,1.0,inf,311.0,inf,220.0,2.0,218.0,0.0,0.0,0.0,0.0,0.0,0.0
134.0,311.0,931.0,620.0,310.0,1.9935691318327975,287.2134272839763,574.4268545679524,0.541409228219169,0.0,0.0,1.0,inf,311.0,inf,211.0,0.0,211.0,0.0,0.0,0.0,0.0,0.0,0.0
135.0,313.0,937.0,624.0,312.0,1.9936102236421724,289.00859262773326,578.0171852554664,0.5415063911320618,0.0,0.0,1.0,inf,313.0,inf,220.0,2.0,218.0,0.0,0.0,0.0,0.0,0.0,0.0
136.0,313.0,937.0,624.0,312.0,1.9936102236421724,289.00859262773326,578.0171852554664,0.5415063911320618,0.0,0.0,1.0,inf,313.0,inf,210.0,0.0,210.0,0.0,0.0,0.0,0.0,0.0,0.0
137.0,315.0,943.0,628.0,314.0,1.9936507936507937,290.82970037556584,581.6594007511316,0.5415540427838382,0.0,0.0,1.0,inf,315.0,inf,220.0,2.0,218.0,0.0,0.0,0.0,0.0,0.0,0.0
138.0,315.0,943.0,628.0,314.0,1.9936507936507937,290.82970037556584,581.6594007511316,0.5415540427838382,0.0,0.0,1.0,inf,315.0,inf,212.0,0.0,212.0,0.0,0.0,0.0,0.0,0.0,0.0
139.0,318.0,952.0,634.0,317.0,1.9937106918238994,293.7431944583454,587.4863889166907,0.5412891362238768,0.0,0.0,1.0,inf,318.0,inf,220.0,3.0,217.0,0.0,0.0,0.0,0.0,0.0,0.0
140.0,318.0,952.0,634.0,317.0,1.9937106918238994,293.7431944583454,587.4863889166907,0.5412891362238768,0.0,0.0,1.0,inf,318.0,inf,201.0,0.0,201.0,0.0,0.0,0.0,0.0,0.0,0.0
141.0,318.0,952.0,634.0,317.0,1.9937106918238994,293.7431944583454,587.4863889166907,0.5412891362238768,0.0,0.0,1.0,inf,318.0,inf,220.0,0.0,220.0,0.0,0.0,0.0,0.0,0.0,0.0
142.0,320.0,958.0,638.0,319.0,1.99375,295.56128774308263,591.1225754861651,0.541342884319412,0.0,0.0,1.0,inf,320.0,inf,220.0,2.0,218.0,0.0,0.0,0.0,0.0,0.0,0.0
143.0,320.0,958.0,638.0,319.0,1.99375,295.56128774308263,591.1225754861651,0.541342884319412,0.0,0.0,1.0,inf,320.0,inf,209.0,0.0,209.0,0.0,0.0,0.0,0.0,0.0,0.0
144.0,321.0,961.0,640.0,320.0,1.9937694704049844,296.491539680377,592.9830793607539,0.5413307920118793,0.0,0.0,1.0,inf,321.0,inf,220.0,1.0,219.0,0.0,0.0,0.0,0.0,0.0,0.0
145.0,321.0,961.0,640.0,320.0,1.9937694704049844,296.491539680377,592.9830793607539,0.5413307920118793,0.0,0.0,1.0,inf,321.0,inf,216.0,0.0,216.0,0.0,0.0,0.0,0.0,0.0,0.0
146.0,323.0,967.0,644.0,322.0,1.9938080495356036,298.3072108639204,596.6144217278406,0.5413881868034089,0.0,0.0,1.0,inf,323.0,inf,220.0,2.0,218.0,0.0,0.0,0.0,0.0,0.0,0.0
147.0,323.0,967.0,644.0,322.0,1.9938080495356036,298.3072108639204,596.6144217278406,0.5413881868034089,0.0,0.0,1.0,inf,323.0,inf,211.0,0.0,211.0,0.0,0.0,0.0,0.0,0.0,0.0
148.0,324.0,970.0,646.0,323.0,1.9938271604938271,299.24813647322594,598.4962729464518,0.5413567546626789,0.0,0.0,1.0,inf,324.0,inf,220.0,1.0,219.0,0.0,0.0,0.0,0.0,0.0,0.0
149.0,324.0,970.0,646.0,323.0,1.9938271604938271,299.24813647322594,598.4962729464518,0.5413567546626789,0.0,0.0,1.0,inf,324.0,inf,212.0,0.0,212.0,0.0,0.0,0.0,0.0,0.0,0.0
150.0,328.0,982.0,654.0,327.0,1.9939024390243902,302.9751580241208,605.9503160482415,0.5412985047009811,0.0,0.0,1.0,inf,328.0,inf,220.0,4.0,216.0,0.0,0.0,0.0,0.0,0.0,0.0
151.0,328.0,982.0,654.0,327.0,1.9939024390243902,302.9751580241208,605.9503160482415,0.5412985047009811,0.0,0.0,1.0,inf,328.0,inf,204.0,0.0,204.0,0.0,0.0,0.0,0.0,0.0,0.0
152.0,332.0,994.0,662.0,331.0,1.9939759036144578,306.4928580523496,612.9857161046991,0.541611315365942,0.0,0.0,1.0,inf,332.0,inf,220.0,4.0,216.0,0.0,0.0,0.0,0.0,0.0,0.0
153.0,332.0,994.0,662.0,331.0,1.9939759036144578,306.4928580523496,612.9857161046991,0.541611315365942,0.0,0.0,1.0,inf,332.0,inf,206.0,0.0,206.0,0.0,0.0,0.0,0.0,0.0,0.0
154.0,332.0,994.0,662.0,331.0,1.9939759036144578,306.4928580523496,612.9857161046991,0.541611315365942,0.0,0.0,1.0,inf,332.0,inf,220.0,0.0,220.0,0.0,0.0,0.0,0.0,0.0,0.0
155.0,333.0,997.0,664.0,332.0,1.993993993993994,307.4484676116329,614.8969352232657,0.5415541709914191,0.0,0.0,1.0,inf,333.0,inf,220.0,1.0,219.0,0.0,0.0,0.0,0.0,0.0,0.0
156.0,333.0,997.0,664.0,332.0,1.993993993993994,307.4484676116329,614.8969352232657,0.5415541709914191,0.0,0.0,1.0,inf,333.0,inf,217.0,0.0,217.0,0.0,0.0,0.0,0.0,0.0,0.0
157.0,335.0,1003.0,668.0,334.0,1.9940298507462686,309.2561841926019,618.5123683852037,0.5416221519944855,0.0,0.0,1.0,inf,335.0,inf,220.0,2.0,218.0,0.0,0.0,0.0,0.0,0.0,0.0
158.0,335.0,1003.0,668.0,334.0,1.9940298507462686,309.2561841926019,618.5123683852037,0.5416221519944855,0.0,0.0,1.0,inf,335.0,inf,212.0,0.0,212.0,0.0,0.0,0.0,0.0,0.0,0.0
159.0,336.0,1006.0,670.0,335.0,1.994047619047619,310.17565884493786,620.3513176898756,0.5416285746780218,0.0,0.0,1.0,inf,336.0,inf,220.0,1.0,219.0,0.0,0.0,0.0,0.0,0.0,0.0
160.0,336.0,1006.0,670.0,335.0,1.994047619047619,310.17565884493786,620.3513176898756,0.5416285746780218,0.0,0.0,1.0,inf,336.0,inf,215.0,0.0,215.0,0.0,0.0,0.0,0.0,0.0,0.0
161.0,338.0,1012.0,674.0,337.0,1.9940828402366864,311.9727090475504,623.9454180951006,0.5417140509371969,0.0,0.0,1.0,inf,338.0,inf,220.0,2.0,218.0,0.0,0.0,0.0,0.0,0.0,0.0
162.0,338.0,1012.0,674.0,337.0,1.9940828402366864,311.9727090475504,623.9454180951006,0.5417140509371969,0.0,0.0,1.0,inf,338.0,inf,213.0,0.0,213.0,0.0,0.0,0.0,0.0,0.0,0.0
163.0,341.0,1021.0,680.0,340.0,1.9941348973607038,314.8764176935371,629.7528353870741,0.5414822781868163,0.0,0.0,1.0,inf,341.0,inf,220.0,3.0,217.0,0.0,0.0,0.0,0.0,0.0,0.0
164.0,341.0,1021.0,680.0,340.0,1.9941348973607038,314.8764176935371,629.7528353870741,0.5414822781868163,0.0,0.0,1.0,inf,341.0,inf,205.0,0.0,205.0,0.0,0.0,0.0,0.0,0.0,0.0
165.0,341.0,1021.0,680.0,340.0,1.9941348973607038,314.8764176935371,629.7528353870741,0.5414822781868163,0.0,0.0,1.0,inf,341.0,inf,220.0,0.0,220.0,0.0,0.0,0.0,0.0,0.0,0.0
166.0,345.0,1033.0,688.0,344.0,1.9942028985507247,318.6740520896944,637.3481041793887,0.5413054463293672,0.0,0.0,1.0,inf,345.0,inf,220.0,4.0,216.0,0.0,0.0,0.0,0.0,0.0,0.0
167.0,345.0,1033.0,688.0,344.0,1.9942028985507247,318.6740520896944,637.3481041793887,0.5413054463293672,0.0,0.0,1.0,inf,345.0,inf,206.0,0.0,206.0,0.0,0.0,0.0,0.0,0.0,0.0
168.0,348.0,1042.0,694.0,347.0,1.9942528735632183,321.5794956287687,643.1589912575373,0.5410792739126178,0.0,0.0,1.0,inf,348.0,inf,220.0,3.0,217.0,0.0,0.0,0.0,0.0,0.0,0.0
169.0,348.0,1042.0,694.0,347.0,1.9942528735632183,321.5794956287687,643.1589912575373,0.5410792739126178,0.0,0.0,1.0,inf,348.0,inf,209.0,0.0,209.0,0.0,0.0,0.0,0.0,0.0,0.0
170.0,350.0,1048.0,698.0,349.0,1.9942857142857142,323.44048322737336,646.8809664547466,0.5410578114829797,0.0,0.0,1.0,inf,350.0,inf,220.0,2.0,218.0,0.0,0.0,0.0,0.0,0.0,0.0
171.0,350.0,1048.0,698.0,349.0,1.9942857142857142,323.44048322737336,646.8809664547466,0.5410578114829797,0.0,0.0,1.0,inf,350.0,inf,211.0,0.0,211.0,0.0,0.0,0.0,0.0,0.0,0.0
172.0,352.0,1054.0,702.0,351.0,1.9943181818181819,325.293298129261,650.5865962585219,0.5410501876680636,0.0,0.0,1.0,inf,352.0,inf,220.0,2.0,218.0,0.0,0.0,0.0,0.0,0.0,0.0
173.0,352.0,1054.0,702.0,351.0,1.9943181818181819,325.293298129261,650.5865962585219,0.5410501876680636,0.0,0.0,1.0,inf,352.0,inf,208.0,0.0,208.0,0.0,0.0,0.0,0.0,0.0,0.0
174.0,355.0,1063.0,708.0,354.0,1.9943661971830986,328.0893929383436,656.1787858766871,0.5410110897226014,0.0,0.0,1.0,inf,355.0,inf,220.0,3.0,217.0,0.0,0.0,0.0,0.0,0.0,0.0
175.0,355.0,1063.0,708.0,354.0,1.9943661971830986,328.0893929383436,656.1787858766871,0.5410110897226014,0.0,0.0,1.0,inf,355.0,inf,207.0,0.0,207.0,0.0,0.0,0.0,0.0,0.0,0.0
176.0,358.0,1072.0,714.0,357.0,1.994413407821229,330.72890611947065,661.4578122389412,0.5412287728346886,0.0,0.0,1.0,inf,358.0,inf,220.0,3.0,217.0,0.0,0.0,0.0,0.0,0.0,0.0
177.0,358.0,1072.0,714.0,357.0,1.994413407821229,330.72890611947065,661.4578122389412,0.5412287728346886,0.0,0.0,1.0,inf,358.0,inf,208.0,0.0,208.0,0.0,0.0,0.0,0.0,0.0,0.0
178.0,361.0,1081.0,720.0,360.0,1.994459833795014,333.5616805365532,667.1233610731063,0.5411293039106152,0.0,0.0,1.0,inf,361.0,inf,220.0,3.0,217.0,0.0,0.0,0.0,0.0,0.0,0.0
179.0,361.0,1081.0,720.0,360.0,1.994459833795014,333.5616805365532,667.1233610731063,0.5411293039106152,0.0,0.0,1.0,inf,361.0,inf,207.0,0.0,207.0,0.0,0.0,0.0,0.0,0.0,0.0
180.0,363.0,1087.0,724.0,362.0,1.9944903581267217,335.4469466083217,670.8938932166433,0.5410691670773354,0.0,0.0,1.0,inf,363.0,inf,220.0,2.0,218.0,0.0,0.0,0.0,0.0,0.0,0.0
181.0,363.0,1087.0,724.0,362.0,1.9944903581267217,335.4469466083217,670.8938932166433,0.5410691670773354,0.0,0.0,1.0,inf,363.0,inf,214.0,0.0,214.0,0.0,0.0,0.0,0.0,0.0,0.0
182.0,367.0,1099.0,732.0,366.0,1.994550408719346,339.07448385443223,678.1489677088643,0.5411790292034426,0.0,0.0,1.0,inf,367.0,inf,220.0,4.0,216.0,0.0,0.0,0.0,0.0,0.0,0.0
183.0,367.0,1099.0,732.0,366.0,1.994550408719346,339.07448385443223,678.1489677088643,0.5411790292034426,0.0,0.0,1.0,inf,367.0,inf,199.0,0.0,199.0,0.0,0.0,0.0,0.0,0.0,0.0
184.0,369.0,1105.0,736.0,368.0,1.994579945799458,340.87812361708126,681.7562472341624,0.5412491656614916,0.0,0.0,1.0,inf,369.0,inf,220.0,2.0,218.0,0.0,0.0,0.0,0.0,0.0,0.0
185.0,369.0,1105.0,736.0,368.0,1.994579945799458,340.87812361708126,681.7562472341624,0.5412491656614916,0.0,0.0,1.0,inf,369.0,inf,211.0,0.0,211.0,0.0,0.0,0.0,0.0,0.0,0.0
186.0,369.0,1105.0,736.0,368.0,1.994579945799458,340.87812361708126,681.7562472341624,0.5412491656614916,0.0,0.0,1.0,inf,369.0,inf,220.0,0.0,220.0,0.0,0.0,0.0,0.0,0.0,0.0
187.0,370.0,1108.0,738.0,369.0,1.9945945945945946,341.7805909282068,683.5611818564134,0.5412829309516305,0.0,0.0,1.0,inf,370.0,inf,220.0,1.0,219.0,0.0,0.0,0.0,0.0,0.0,0.0
188.0,370.0,1108.0,738.0,369.0,1.9945945945945946,341.7805909282068,683.5611818564134,0.5412829309516305,0.0,0.0,1.0,inf,370.0,inf,219.0,0.0,219.0,0.0,0.0,0.0,0.0,0.0,0.0
189.0,370.0,1108.0,738.0,369.0,1.9945945945945946,341.7805909282068,683.5611818564134,0.5412829309516305,0.0,0.0,1.0,inf,370.0,inf,220.0,0.0,220.0,0.0,0.0,0.0,0.0,0.0,0.0
190.0,372.0,1114.0,742.0,371.0,1.9946236559139785,343.6337537481661,687.2675074963321,0.541273952198279,0.0,0.0,1.0,inf,372.0,inf,220.0,2.0,218.0,0.0,0.0,0.0,0.0,0.0,0.0
191.0,372.0,1114.0,742.0,371.0,1.9946236559139785,343.6337537481661,687.2675074963321,0.541273952198279,0.0,0.0,1.0,inf,372.0,inf,213.0,0.0,213.0,0.0,0.0,0.0,0.0,0.0,0.0
192.0,373.0,1117.0,744.0,372.0,1.9946380697050938,344.59503951063834,689.1900790212766,0.5412149874961923,0.0,0.0,1.0,inf,373.0,inf,220.0,1.0,219.0,0.0,0.0,0.0,0.0,0.0,0.0
193.0,373.0,1117.0,744.0,372.0,1.9946380697050938,344.59503951063834,689.1900790212766,0.5412149874961923,0.0,0.0,1.0,inf,373.0,inf,216.0,0.0,216.0,0.0,0.0,0.0,0.0,0.0,0.0
194.0,374.0,1120.0,746.0,373.0,1.9946524064171123,345.49373509928665,690.9874701985732,0.5412543875687376,0.0,0.0,1.0,inf,374.0,inf,220.0,1.0,219.0,0.0,0.0,0.0,0.0,0.0,0.0
195.0,374.0,1120.0,746.0,373.0,1.9946524064171123,345.49373509928665,690.9874701985732,0.5412543875687376,0.0,0.0,1.0,inf,374.0,inf,214.0,0.0,214.0,0.0,0.0,0.0,0.0,0.0,0.0
196.0,375.0,1123.0,748.0,374.0,1.9946666666666666,346.4168839798649,692.8337679597297,0.5412553737158442,0.0,0.0,1.0,inf,375.0,inf,220.0,1.0,219.0,0.0,0.0,0.0,0.0,0.0,0.0
197.0,375.0,1123.0,748.0,374.0,1.9946666666666666,346.4168839798649,692.8337679597297,0.5412553737158442,0.0,0.0,1.0,inf,375.0,inf,216.0,0.0,216.0,0.0,0.0,0.0,0.0,0.0,0.0
198.0,377.0,1129.0,752.0,376.0,1.9946949602122015,348.2929679465428,696.5859358930854,0.541211041702489,0.0,0.0,1.0,inf,377.0,inf,220.0,2.0,218.0,0.0,0.0,0.0,0.0,0.0,0.0
199.0,377.0,1129.0,752.0,376.0,1.9946949602122015,348.2929679465428,696.5859358930854,0.541211041702489,0.0,0.0,1.0,inf,377.0,inf,215.0,0.0,215.0,0.0,0.0,0.0,0.0,0.0,0.0
200.0,380.0,1138.0,758.0,379.0,1.9947368421052631,351.0098635581128,702.0197271162255,0.5412953302052831,0.0,0.0,1.0,inf,380.0,inf,220.0,3.0,217.0,0.0,0.0,0.0,0.0,0.0,0.0
201.0,380.0,1138.0,758.0,379.0,1.9947368421052631,351.0098635581128,702.0197271162255,0.5412953302052831,0.0,0.0,1.0,inf,380.0,inf,208.0,0.0,208.0,0.0,0.0,0.0,0.0,0.0,0.0
202.0,381.0,1141.0,760.0,380.0,1.994750656167979,351.9655950527039,703.9311901054077,0.541246083928954,0.0,0.0,1.0,inf,381.0,inf,220.0,1.0,219.0,0.0,0.0,0.0,0.0,0.0,0.0
203.0,381.0,1141.0,760.0,380.0,1.994750656167979,351.9655950527039,703.9311901054077,0.541246083928954,0.0,0.0,1.0,inf,381.0,inf,213.0,0.0,213.0,0.0,0.0,0.0,0.0,0.0,0.0
204.0,384.0,1150.0,766.0,383.0,1.9947916666666667,354.817582421918,709.6351648438359,0.5411231278039949,0.0,0.0,1.0,inf,384.0,inf,220.0,3.0,217.0,0.0,0.0,0.0,0.0,0.0,0.0
205.0,384.0,1150.0,766.0,383.0,1.9947916666666667,354.817582421918,709.6351648438359,0.5411231278039949,0.0,0.0,1.0,inf,384.0,inf,210.0,0.0,210.0,0.0,0.0,0.0,0.0,0.0,0.0
206.0,385.0,1153.0,768.0,384.0,1.9948051948051948,355.7421433790011,711.4842867580021,0.5411222807945869,0.0,0.0,1.0,inf,385.0,inf,220.0,1.0,219.0,0.0,0.0,0.0,0.0,0.0,0.0
207.0,385.0,1153.0,768.0,384.0,1.9948051948051948,355.7421433790011,711.4842867580021,0.5411222807945869,0.0,0.0,1.0,inf,385.0,inf,219.0,0.0,219.0,0.0,0.0,0.0,0.0,0.0,0.0
208.0,386.0,1156.0,770.0,385.0,1.994818652849741,356.61328566080215,713.2265713216042,0.5412024951408422,0.0,0.0,1.0,inf,386.0,inf,220.0,1.0,219.0,0.0,0.0,0.0,0.0,0.0,0.0
209.0,386.0,1156.0,770.0,385.0,1.994818652849741,356.61328566080215,713.2265713216042,0.5412024951408422,0.0,0.0,1.0,inf,386.0,inf,216.0,0.0,216.0,0.0,0.0,0.0,0.0,0.0,0.0
210.0,389.0,1165.0,776.0,388.0,1.9948586118251928,359.2792658221317,718.5585316442633,0.5413616050314773,0.0,0.0,1.0,inf,389.0,inf,220.0,3.0,217.0,0.0,0.0,0.0,0.0,0.0,0.0
211.0,389.0,1165.0,776.0,388.0,1.9948586118251928,359.2792658221317,718.5585316442633,0.5413616050314773,0.0,0.0,1.0,inf,389.0,inf,207.0,0.0,207.0,0.0,0.0,0.0,0.0,0.0,0.0
212.0,390.0,1168.0,778.0,389.0,1.994871794871795,360.2784406769078,720.5568813538155,0.5412480403590763,0.0,0.0,1.0,inf,390.0,inf,220.0,1.0,219.0,0.0,0.0,0.0,0.0,0.0,0.0
213.0,390.0,1168.0,778.0,389.0,1.994871794871795,360.2784406769078,720.5568813538155,0.5412480403590763,0.0,0.0,1.0,inf,390.0,inf,217.0,0.0,217.0,0.0,0.0,0.0,0.0,0.0,0.0
214.0,391.0,1171.0,780.0,390.0,1.9948849104859334,361.1557298973862,722.3114597947723,0.5413177303196787,0.0,0.0,1.0,inf,391.0,inf,220.0,1.0,219.0,0.0,0.0,0.0,0.0,0.0,0.0
215.0,391.0,1171.0,780.0,390.0,1.9948849104859334,361.1557298973862,722.3114597947723,0.5413177303196787,0.0,0.0,1.0,inf,391.0,inf,216.0,0.0,216.0,0.0,0.0,0.0,0.0,0.0,0.0
216.0,393.0,1177.0,784.0,392.0,1.994910941475827,362.99576144523354,725.991522890467,0.5413286348514201,0.0,0.0,1.0,inf,393.0,inf,220.0,2.0,218.0,0.0,0.0,0.0,0.0,0.0,0.0
217.0,393.0,1177.0,784.0,392.0,1.994910941475827,362.99576144523354,725.991522890467,0.5413286348514201,0.0,0.0,1.0,inf,393.0,inf,207.0,0.0,207.0,0.0,0.0,0.0,0.0,0.0,0.0
218.0,398.0,1192.0,794.0,397.0,1.9949748743718594,367.769895916516,735.5397918330319,0.5410992096133207,0.0,0.0,1.0,inf,398.0,inf,220.0,5.0,215.0,0.0,0.0,0.0,0.0,0.0,0.0
219.0,398.0,1192.0,794.0,397.0,1.9949748743718594,367.769895916516,735.5397918330319,0.5410992096133207,0.0,0.0,1.0,inf,398.0,inf,203.0,0.0,203.0,0.0,0.0,0.0,0.0,0.0,0.0
220.0,400.0,1198.0,798.0,399.0,1.995,369.673825535684,739.3476510713679,0.5410174759064579,0.0,0.0,1.0,inf,400.0,inf,220.0,2.0,218.0,0.0,0.0,0.0,0.0,0.0,0.0
221.0,400.0,1198.0,798.0,399.0,1.995,369.673825535684,739.3476510713679,0.5410174759064579,0.0,0.0,1.0,inf,400.0,inf,210.0,0.0,210.0,0.0,0.0,0.0,0.0,0.0,0.0
222.0,400.0,1198.0,798.0,399.0,1.995,369.673825535684,739.3476510713679,0.5410174759064579,0.0,0.0,1.0,inf,400.0,inf,220.0,0.0,220.0,0.0,0.0,0.0,0.0,0.0,0.0
223.0,402.0,1204.0,802.0,401.0,1.9950248756218905,371.5427934759696,743.085586951939,0.5409874811984482,0.0,0.0,1.0,inf,402.0,inf,220.0,2.0,218.0,0.0,0.0,0.0,0.0,0.0,0.0
224.0,402.0,1204.0,802.0,401.0,1.9950248756218905,371.5427934759696,743.085586951939,0.5409874811984482,0.0,0.0,1.0,inf,402.0,inf,211.0,0.0,211.0,0.0,0.0,0.0,0.0,0.0,0.0
225.0,404.0,1210.0,806.0,403.0,1.995049504950495,373.4767120576065,746.9534241152129,0.5408637097802306,0.0,0.0,1.0,inf,404.0,inf,220.0,2.0,218.0,0.0,0.0,0.0,0.0,0.0,0.0
226.0,404.0,1210.0,806.0,403.0,1.995049504950495,373.4767120576065,746.9534241152129,0.5408637097802306,0.0,0.0,1.0,inf,404.0,inf,208.0,0.0,208.0,0.0,0.0,0.0,0.0,0.0,0.0
227.0,405.0,1213.0,808.0,404.0,1.9950617283950618,374.38446932514984,748.7689386502996,0.5408878214553565,0.0,0.0,1.0,inf,405.0,inf,220.0,1.0,219.0,0.0,0.0,0.0,0.0,0.0,0.0
228.0,405.0,1213.0,808.0,404.0,1.9950617283950618,374.38446932514984,748.7689386502996,0.5408878214553565,0.0,0.0,1.0,inf,405.0,inf,218.0,0.0,218.0,0.0,0.0,0.0,0.0,0.0,0.0
229.0,408.0,1222.0,814.0,407.0,1.9950980392156863,377.08218868941293,754.1643773788257,0.5409961173425415,0.0,0.0,1.0,inf,408.0,inf,220.0,3.0,217.0,0.0,0.0,0.0,0.0,0.0,0.0
230.0,408.0,1222.0,814.0,407.0,1.9950980392156863,377.08218868941293,754.1643773788257,0.5409961173425415,0.0,0.0,1.0,inf,408.0,inf,212.0,0.0,212.0,0.0,0.0,0.0,0.0,0.0,0.0
231.0,409.0,1225.0,816.0,408.0,1.9951100244498778,377.95635521102867,755.9127104220572,0.5410677639904196,0.0,0.0,1.0,inf,409.0,inf,220.0,1.0,219.0,0.0,0.0,0.0,0.0,0.0,0.0
232.0,409.0,1225.0,816.0,408.0,1.9951100244498778,377.95635521102867,755.9127104220572,0.5410677639904196,0.0,0.0,1.0,inf,409.0,inf,217.0,0.0,217.0,0.0,0.0,0.0,0.0,0.0,0.0
233.0,411.0,1231.0,820.0,410.0,1.9951338199513382,379.80549281162246,759.6109856232448,0.5410664244972486,0.0,0.0,1.0,inf,411.0,inf,220.0,2.0,218.0,0.0,0.0,0.0,0.0,0.0,0.0
234.0,411.0,1231.0,820.0,410.0,1.9951338199513382,379.80549281162246,759.6109856232448,0.5410664244972486,0.0,0.0,1.0,inf,411.0,inf,211.0,0.0,211.0,0.0,0.0,0.0,0.0,0.0,0.0
235.0,413.0,1237.0,824.0,412.0,1.9951573849878934,381.6608619667095,763.3217239334189,0.5410562637622824,0.0,0.0,1.0,inf,413.0,inf,220.0,2.0,218.0,0.0,0.0,0.0,0.0,0.0,0.0
236.0,413.0,1237.0,824.0,412.0,1.9951573849878934,381.6608619667095,763.3217239334189,0.5410562637622824,0.0,0.0,1.0,inf,413.0,inf,211.0,0.0,211.0,0.0,0.0,0.0,0.0,0.0,0.0
237.0,414.0,1240.0,826.0,413.0,1.9951690821256038,382.6459032118097,765.2918064236193,0.5409701195348152,0.0,0.0,1.0,inf,414.0,inf,220.0,1.0,219.0,0.0,0.0,0.0,0.0,0.0,0.0
238.0,414.0,1240.0,826.0,413.0,1.9951690821256038,382.6459032118097,765.2918064236193,0.5409701195348152,0.0,0.0,1.0,inf,414.0,inf,218.0,0.0,218.0,0.0,0.0,0.0,0.0,0.0,0.0
239.0,417.0,1249.0,832.0,416.0,1.9952038369304557,385.5547785834115,771.1095571668229,0.5407791877617536,0.0,0.0,1.0,inf,417.0,inf,220.0,3.0,217.0,0.0,0.0,0.0,0.0,0.0,0.0
240.0,417.0,1249.0,832.0,416.0,1.9952038369304557,385.5547785834115,771.1095571668229,0.5407791877617536,0.0,0.0,1.0,inf,417.0,inf,213.0,0.0,213.0,0.0,0.0,0.0,0.0,0.0,0.0
241.0,419.0,1255.0,836.0,418.0,1.9952267303102624,387.3331388611248,774.6662777222494,0.5408780684657983,0.0,0.0,1.0,inf,419.0,inf,220.0,2.0,218.0,0.0,0.0,0.0,0.0,0.0,0.0
242.0,419.0,1255.0,836.0,418.0,1.9952267303102624,387.3331388611248,774.6662777222494,0.5408780684657983,0.0,0.0,1.0,inf,419.0,inf,218.0,0.0,218.0,0.0,0.0,0.0,0.0,0.0,0.0
243.0,420.0,1258.0,838.0,419.0,1.9952380952380953,388.18582331591364,776.3716466318272,0.5409780249215791,0.0,0.0,1.0,inf,420.0,inf,220.0,1.0,219.0,0.0,0.0,0.0,0.0,0.0,0.0
244.0,420.0,1258.0,838.0,419.0,1.9952380952380953,388.18582331591364,776.3716466318272,0.5409780249215791,0.0,0.0,1.0,inf,420.0,inf,216.0,0.0,216.0,0.0,0.0,0.0,0.0,0.0,0.0
245.0,422.0,1264.0,842.0,421.0,1.995260663507109,390.08379309428284,780.1675861885656,0.5409094244246173,0.0,0.0,1.0,inf,422.0,inf,220.0,2.0,218.0,0.0,0.0,0.0,0.0,0.0,0.0
246.0,422.0,1264.0,842.0,421.0,1.995260663507109,390.08379309428284,780.1675861885656,0.5409094244246173,0.0,0.0,1.0,inf,422.0,inf,211.0,0.0,211.0,0.0,0.0,0.0,0.0,0.0,0.0
247.0,424.0,1270.0,846.0,423.0,1.9952830188679245,391.9278060503761,783.8556121007521,0.5409159460677582,0.0,0.0,1.0,inf,424.0,inf,220.0,2.0,218.0,0.0,0.0,0.0,0.0,0.0,0.0
248.0,424.0,1270.0,846.0,423.0,1.9952830188679245,391.9278060503761,783.8556121007521,0.5409159460677582,0.0,0.0,1.0,inf,424.0,inf,209.0,0.0,209.0,0.0,0.0,0.0,0.0,0.0,0.0
249.0,426.0,1276.0,850.0,425.0,1.9953051643192488,393.8089077043503,787.6178154087005,0.5408714628667275,0.0,0.0,1.0,inf,426.0,inf,220.0,2.0,218.0,0.0,0.0,0.0,0.0,0.0,0.0
250.0,426.0,1276.0,850.0,425.0,1.9953051643192488,393.8089077043503,787.6178154087005,0.5408714628667275,0.0,0.0,1.0,inf,426.0,inf,213.0,0.0,213.0,0.0,0.0,0.0,0.0,0.0,0.0
251.0,428.0,1282.0,854.0,427.0,1.9953271028037383,395.58842075522136,791.1768415104426,0.540966289133162,0.0,0.0,1.0,inf,428.0,inf,220.0,2.0,218.0,0.0,0.0,0.0,0.0,0.0,0.0
252.0,428.0,1282.0,854.0,427.0,1.9953271028037383,395.58842075522136,791.1768415104426,0.540966289133162,0.0,0.0,1.0,inf,428.0,inf,213.0,0.0,213.0,0.0,0.0,0.0,0.0,0.0,0.0
253.0,430.0,1288.0,858.0,429.0,1.9953488372093022,397.4562640793008,794.9125281586015,0.5409400214085016,0.0,0.0,1.0,inf,430.0,inf,220.0,2.0,218.0,0.0,0.0,0.0,0.0,0.0,0.0
254.0,430.0,1288.0,858.0,429.0,1.9953488372093022,397.4562640793008,794.9125281586015,0.5409400214085016,0.0,0.0,1.0,inf,430.0,inf,212.0,0.0,212.0,0.0,0.0,0.0,0.0,0.0,0.0
255.0,433.0,1297.0,864.0,432.0,1.9953810623556583,400.18093362850334,800.3618672570066,0.5410052848769195,0.0,0.0,1.0,inf,433.0,inf,220.0,3.0,217.0,0.0,0.0,0.0,0.0,0.0,0.0
256.0,433.0,1297.0,864.0,432.0,1.9953810623556583,400.18093362850334,800.3618672570066,0.5410052848769195,0.0,0.0,1.0,inf,433.0,inf,213.0,0.0,213.0,0.0,0.0,0.0,0.0,0.0,0.0
257.0,434.0,1300.0,866.0,433.0,1.9953917050691243,401.10268993301844,802.2053798660368,0.5410085881903152,0.0,0.0,1.0,inf,434.0,inf,220.0,1.0,219.0,0.0,0.0,0.0,0.0,0.0,0.0
258.0,434.0,1300.0,866.0,433.0,1.9953917050691243,401.10268993301844,802.2053798660368,0.5410085881903152,0.0,0.0,1.0,inf,434.0,inf,215.0,0.0,215.0,0.0,0.0,0.0,0.0,0.0,0.0
259.0,437.0,1309.0,872.0,436.0,1.9954233409610984,403.9935016510679,807.9870033021357,0.5408502837471877,0.0,0.0,1.0,inf,437.0,inf,220.0,3.0,217.0,0.0,0.0,0.0,0.0,0.0,0.0
260.0,437.0,1309.0,872.0,436.0,1.9954233409610984,403.9935016510679,807.9870033021357,0.5408502837471877,0.0,0.0,1.0,inf,437.0,inf,210.0,0.0,210.0,0.0,0.0,0.0,0.0,0.0,0.0
261.0,437.0,1309.0,872.0,436.0,1.9954233409610984,403.9935016510679,807.9870033021357,0.5408502837471877,0.0,0.0,1.0,inf,437.0,inf,220.0,0.0,220.0,0.0,0.0,0.0,0.0,0.0,0.0
262.0,440.0,1318.0,878.0,439.0,1.9954545454545454,406.75436142354044,813.5087228470808,0.5408669724647919,0.0,0.0,1.0,inf,440.0,inf,220.0,3.0,217.0,0.0,0.0,0.0,0.0,0.0,0.0
263.0,440.0,1318.0,878.0,439.0,1.9954545454545454,406.75436142354044,813.5087228470808,0.5408669724647919,0.0,0.0,1.0,inf,440.0,inf,208.0,0.0,208.0,0.0,0.0,0.0,0.0,0.0,0.0
264.0,444.0,1330.0,886.0,443.0,1.9954954954954955,410.4353007105472,820.8706014210943,0.5408891477308915,0.0,0.0,1.0,inf,444.0,inf,220.0,4.0,216.0,0.0,0.0,0.0,0.0,0.0,0.0
265.0,444.0,1330.0,886.0,443.0,1.9954954954954955,410.4353007105472,820.8706014210943,0.5408891477308915,0.0,0.0,1.0,inf,444.0,inf,211.0,0.0,211.0,0.0,0.0,0.0,0.0,0.0,0.0
266.0,445.0,1333.0,888.0,444.0,1.9955056179775281,411.3636644488566,822.727328897713,0.5408839409725326,0.0,0.0,1.0,inf,445.0,inf,220.0,1.0,219.0,0.0,0.0,0.0,0.0,0.0,0.0
267.0,445.0,1333.0,888.0,444.0,1.9955056179775281,411.3636644488566,822.727328897713,0.5408839409725326,0.0,0.0,1.0,inf,445.0,inf,215.0,0.0,215.0,0.0,0.0,0.0,0.0,0.0,0.0
268.0,445.0,1333.0,888.0,444.0,1.9955056179775281,411.3636644488566,822.727328897713,0.5408839409725326,0.0,0.0,1.0,inf,445.0,inf,220.0,0.0,220.0,0.0,0.0,0.0,0.0,0.0,0.0
269.0,449.0,1345.0,896.0,448.0,1.9955456570155903,415.113231679051,830.2264633581019,0.5408162950912017,0.0,0.0,1.0,inf,449.0,inf,220.0,4.0,216.0,0.0,0.0,0.0,0.0,0.0,0.0
270.0,449.0,1345.0,896.0,448.0,1.9955456570155903,415.113231679051,830.2264633581019,0.5408162950912017,0.0,0.0,1.0,inf,449.0,inf,207.0,0.0,207.0,0.0,0.0,0.0,0.0,0.0,0.0
271.0,449.0,1345.0,896.0,448.0,1.9955456570155903,415.113231679051,830.2264633581019,0.5408162950912017,0.0,0.0,1.0,inf,449.0,inf,220.0,0.0,220.0,0.0,0.0,0.0,0.0,0.0,0.0
272.0,449.0,1345.0,896.0,448.0,1.9955456570155903,415.113231679051,830.2264633581019,0.5408162950912017,0.0,0.0,1.0,inf,449.0,inf,220.0,0.0,220.0,0.0,0.0,0.0,0.0,0.0,0.0
273.0,449.0,1345.0,896.0,448.0,1.9955456570155903,415.113231679051,830.2264633581019,0.5408162950912017,0.0,0.0,1.0,inf,449.0,inf,220.0,0.0,220.0,0.0,0.0,0.0,0.0,0.0,0.0
274.0,450.0,1348.0,898.0,449.0,1.9955555555555555,416.0005767805851,832.0011535611701,0.5408646347110085,0.0,0.0,1.0,inf,450.0,inf,220.0,1.0,219.0,0.0,0.0,0.0,0.0,0.0,0.0
275.0,450.0,1348.0,898.0,449.0,1.9955555555555555,416.0005767805851,832.0011535611701,0.5408646347110085,0.0,0.0,1.0,inf,450.0,inf,220.0,0.0,220.0,0.0,0.0,0.0,0.0,0.0,0.0
276.0,450.0,1348.0,898.0,449.0,1.9955555555555555,416.0005767805851,832.0011535611701,0.5408646347110085,0.0,0.0,1.0,inf,450.0,inf,220.0,0.0,220.0,0.0,0.0,0.0,0.0,0.0,0.0
277.0,451.0,1351.0,900.0,450.0,1.9955654101995566,416.86485366282994,833.7297073256598,0.5409427012582589,0.0,0.0,1.0,inf,451.0,inf,220.0,1.0,219.0,0.0,0.0,0.0,0.0,0.0,0.0
278.0,451.0,1351.0,900.0,450.0,1.9955654101995566,416.86485366282994,833.7297073256598,0.5409427012582589,0.0,0.0,1.0,inf,451.0,inf,215.0,0.0,215.0,0.0,0.0,0.0,0.0,0.0,0.0
279.0,454.0,1360.0,906.0,453.0,1.9955947136563876,419.69930861205586,839.3986172241116,0.5408634118333152,0.0,0.0,1.0,inf,454.0,inf,220.0,3.0,217.0,0.0,0.0,0.0,0.0,0.0,0.0
280.0,454.0,1360.0,906.0,453.0,1.9955947136563876,419.69930861205586,839.3986172241116,0.5408634118333152,0.0,0.0,1.0,inf,454.0,inf,213.0,0.0,213.0,0.0,0.0,0.0,0.0,0.0,0.0
281.0,457.0,1369.0,912.0,456.0,1.9956236323851204,422.47609496489196,844.9521899297838,0.540859004150255,0.0,0.0,1.0,inf,457.0,inf,220.0,3.0,217.0,0.0,0.0,0.0,0.0,0.0,0.0
282.0,457.0,1369.0,912.0,456.0,1.9956236323851204,422.47609496489196,844.9521899297838,0.540859004150255,0.0,0.0,1.0,inf,457.0,inf,211.0,0.0,211.0,0.0,0.0,0.0,0.0,0.0,0.0
283.0,457.0,1369.0,912.0,456.0,1.9956236323851204,422.47609496489196,844.9521899297838,0.540859004150255,0.0,0.0,1.0,inf,457.0,inf,220.0,0.0,220.0,0.0,0.0,0.0,0.0,0.0,0.0
284.0,460.0,1378.0,918.0,459.0,1.9956521739130435,425.16388826573836,850.3277765314766,0.5409678628591432,0.0,0.0,1.0,inf,460.0,inf,220.0,3.0,217.0,0.0,0.0,0.0,0.0,0.0,0.0
285.0,460.0,1378.0,918.0,459.0,1.9956521739130435,425.16388826573836,850.3277765314766,0.5409678628591432,0.0,0.0,1.0,inf,460.0,inf,209.0,0.0,209.0,0.0,0.0,0.0,0.0,0.0,0.0
286.0,460.0,1378.0,918.0,459.0,1.9956521739130435,425.16388826573836,850.3277765314766,0.5409678628591432,0.0,0.0,1.0,inf,460.0,inf,220.0,0.0,220.0,0.0,0.0,0.0,0.0,0.0,0.0
287.0,462.0,1384.0,922.0,461.0,1.9956709956709957,426.9657153831103,853.9314307662205,0.5410270466159725,0.0,0.0,1.0,inf,462.0,inf,220.0,2.0,218.0,0.0,0.0,0.0,0.0,0.0,0.0
288.0,462.0,1384.0,922.0,461.0,1.9956709956709957,426.9657153831103,853.9314307662205,0.5410270466159725,0.0,0.0,1.0,inf,462.0,inf,215.0,0.0,215.0,0.0,0.0,0.0,0.0,0.0,0.0
289.0,464.0,1390.0,926.0,463.0,1.9956896551724137,428.8422749824949,857.6845499649897,0.540991440289953,0.0,0.0,1.0,inf,464.0,inf,220.0,2.0,218.0,0.0,0.0,0.0,0.0,0.0,0.0
290.0,464.0,1390.0,926.0,463.0,1.9956896551724137,428.8422749824949,857.6845499649897,0.540991440289953,0.0,0.0,1.0,inf,464.0,inf,212.0,0.0,212.0,0.0,0.0,0.0,0.0,0.0,0.0
291.0,467.0,1399.0,932.0,466.0,1.9957173447537473,431.61647828343587,863.2329565668716,0.5409895399004303,0.0,0.0,1.0,inf,467.0,inf,220.0,3.0,217.0,0.0,0.0,0.0,0.0,0.0,0.0
292.0,467.0,1399.0,932.0,466.0,1.9957173447537473,431.61647828343587,863.2329565668716,0.5409895399004303,0.0,0.0,1.0,inf,467.0,inf,212.0,0.0,212.0,0.0,0.0,0.0,0.0,0.0,0.0
293.0,468.0,1402.0,934.0,467.0,1.9957264957264957,432.4896860157088,864.9793720314175,0.5410533651234881,0.0,0.0,1.0,inf,468.0,inf,220.0,1.0,219.0,0.0,0.0,0.0,0.0,0.0,0.0
294.0,468.0,1402.0,934.0,467.0,1.9957264957264957,432.4896860157088,864.9793720314175,0.5410533651234881,0.0,0.0,1.0,inf,468.0,inf,216.0,0.0,216.0,0.0,0.0,0.0,0.0,0.0,0.0
295.0,468.0,1402.0,934.0,467.0,1.9957264957264957,432.4896860157088,864.9793720314175,0.5410533651234881,0.0,0.0,1.0,inf,468.0,inf,220.0,0.0,220.0,0.0,0.0,0.0,0.0,0.0,0.0
296.0,469.0,1405.0,936.0,468.0,1.995735607675906,433.4468960192983,866.8937920385965,0.5410120643465386,0.0,0.0,1.0,inf,469.0,inf,220.0,1.0,219.0,0.0,0.0,0.0,0.0,0.0,0.0
297.0,469.0,1405.0,936.0,468.0,1.995735607675906,433.4468960192983,866.8937920385965,0.5410120643465386,0.0,0.0,1.0,inf,469.0,inf,216.0,0.0,216.0,0.0,0.0,0.0,0.0,0.0,0.0
298.0,470.0,1408.0,938.0,469.0,1.995744680851064,434.3060845504168,868.6121691008335,0.5410930409673316,0.0,0.0,1.0,inf,470.0,inf,220.0,1.0,219.0,0.0,0.0,0.0,0.0,0.0,0.0
299.0,470.0,1408.0,938.0,469.0,1.995744680851064,434.3060845504168,868.6121691008335,0.5410930409673316,0.0,0.0,1.0,inf,470.0,inf,219.0,0.0,219.0,0.0,0.0,0.0,0.0,0.0,0.0
300.0,470.0,1408.0,938.0,469.0,1.995744680851064,434.3060845504168,868.6121691008335,0.5410930409673316,0.0,0.0,1.0,inf,470.0,inf,220.0,0.0,220.0,0.0,0.0,0.0,0.0,0.0,0.0
301.0,472.0,1414.0,942.0,471.0,1.9957627118644068,436.1964207278593,872.3928414557184,0.5410406614666818,0.0,0.0,1.0,inf,472.0,inf,220.0,2.0,218.0,0.0,0.0,0.0,0.0,0.0,0.0
302.0,472.0,1414.0,942.0,471.0,1.9957627118644068,436.1964207278593,872.3928414557184,0.5410406614666818,0.0,0.0,1.0,inf,472.0,inf,213.0,0.0,213.0,0.0,0.0,0.0,0.0,0.0,0.0
303.0,475.0,1423.0,948.0,474.0,1.9957894736842106,438.97433210554254,877.948664211085,0.5410339116203676,0.0,0.0,1.0,inf,475.0,inf,220.0,3.0,217.0,0.0,0.0,0.0,0.0,0.0,0.0
304.0,475.0,1423.0,948.0,474.0,1.9957894736842106,438.97433210554254,877.948664211085,0.5410339116203676,0.0,0.0,1.0,inf,475.0,inf,212.0,0.0,212.0,0.0,0.0,0.0,0.0,0.0,0.0
305.0,476.0,1426.0,950.0,475.0,1.995798319327731,439.87603495143077,879.7520699028614,0.5410615289061587,0.0,0.0,1.0,inf,476.0,inf,220.0,1.0,219.0,0.0,0.0,0.0,0.0,0.0,0.0
306.0,476.0,1426.0,950.0,475.0,1.995798319327731,439.87603495143077,879.7520699028614,0.5410615289061587,0.0,0.0,1.0,inf,476.0,inf,219.0,0.0,219.0,0.0,0.0,0.0,0.0,0.0,0.0
307.0,476.0,1426.0,950.0,475.0,1.995798319327731,439.87603495143077,879.7520699028614,0.5410615289061587,0.0,0.0,1.0,inf,476.0,inf,220.0,0.0,220.0,0.0,0.0,0.0,0.0,0.0,0.0
308.0,477.0,1429.0,952.0,476.0,1.9958071278825995,440.83584258527776,881.6716851705554,0.5410177144429068,0.0,0.0,1.0,inf,477.0,inf,220.0,1.0,219.0,0.0,0.0,0.0,0.0,0.0,0.0
309.0,477.0,1429.0,952.0,476.0,1.9958071278825995,440.83584258527776,881.6716851705554,0.5410177144429068,0.0,0.0,1.0,inf,477.0,inf,218.0,0.0,218.0,0.0,0.0,0.0,0.0,0.0,0.0
310.0,478.0,1432.0,954.0,477.0,1.99581589958159,441.8028142665717,883.6056285331433,0.5409653181968959,0.0,0.0,1.0,inf,478.0,inf,220.0,1.0,219.0,0.0,0.0,0.0,0.0,0.0,0.0
311.0,478.0,1432.0,954.0,477.0,1.99581589958159,441.8028142665717,883.6056285331433,0.5409653181968959,0.0,0.0,1.0,inf,478.0,inf,208.0,0.0,208.0,0.0,0.0,0.0,0.0,0.0,0.0
312.0,479.0,1435.0,956.0,478.0,1.9958246346555324,442.7824310340164,885.5648620680327,0.5408977032821807,0.0,0.0,1.0,inf,479.0,inf,220.0,1.0,219.0,0.0,0.0,0.0,0.0,0.0,0.0
313.0,479.0,1435.0,956.0,478.0,1.9958246346555324,442.7824310340164,885.5648620680327,0.5408977032821807,0.0,0.0,1.0,inf,479.0,inf,217.0,0.0,217.0,0.0,0.0,0.0,0.0,0.0,0.0
314.0,482.0,1444.0,962.0,481.0,1.995850622406639,445.58154962375704,891.163099247514,0.5408662010433267,0.0,0.0,1.0,inf,482.0,inf,220.0,3.0,217.0,0.0,0.0,0.0,0.0,0.0,0.0
315.0,482.0,1444.0,962.0,481.0,1.995850622406639,445.58154962375704,891.163099247514,0.5408662010433267,0.0,0.0,1.0,inf,482.0,inf,218.0,0.0,218.0,0.0,0.0,0.0,0.0,0.0,0.0
316.0,483.0,1447.0,964.0,482.0,1.9958592132505175,446.46028528236354,892.920570564727,0.5409215734547665,0.0,0.0,1.0,inf,483.0,inf,220.0,1.0,219.0,0.0,0.0,0.0,0.0,0.0,0.0
317.0,483.0,1447.0,964.0,482.0,1.9958592132505175,446.46028528236354,892.920570564727,0.5409215734547665,0.0,0.0,1.0,inf,483.0,inf,218.0,0.0,218.0,0.0,0.0,0.0,0.0,0.0,0.0
318.0,485.0,1453.0,968.0,484.0,1.9958762886597938,448.2664442042675,896.5328884085349,0.5409729038060606,0.0,0.0,1.0,inf,485.0,inf,220.0,2.0,218.0,0.0,0.0,0.0,0.0,0.0,0.0
319.0,485.0,1453.0,968.0,484.0,1.9958762886597938,448.2664442042675,896.5328884085349,0.5409729038060606,0.0,0.0,1.0,inf,485.0,inf,214.0,0.0,214.0,0.0,0.0,0.0,0.0,0.0,0.0
320.0,486.0,1456.0,970.0,485.0,1.9958847736625513,449.1479620453715,898.2959240907429,0.5410243851344759,0.0,0.0,1.0,inf,486.0,inf,220.0,1.0,219.0,0.0,0.0,0.0,0.0,0.0,0.0
321.0,486.0,1456.0,970.0,485.0,1.9958847736625513,449.1479620453715,898.2959240907429,0.5410243851344759,0.0,0.0,1.0,inf,486.0,inf,218.0,0.0,218.0,0.0,0.0,0.0,0.0,0.0,0.0
322.0,486.0,1456.0,970.0,485.0,1.9958847736625513,449.1479620453715,898.2959240907429,0.5410243851344759,0.0,0.0,1.0,inf,486.0,inf,220.0,0.0,220.0,0.0,0.0,0.0,0.0,0.0,0.0
323.0,487.0,1459.0,972.0,486.0,1.995893223819302,450.02056350814644,900.0411270162928,0.5410863852571308,0.0,0.0,1.0,inf,487.0,inf,220.0,1.0,219.0,0.0,0.0,0.0,0.0,0.0,0.0
324.0,487.0,1459.0,972.0,486.0,1.995893223819302,450.02056350814644,900.0411270162928,0.5410863852571308,0.0,0.0,1.0,inf,487.0,inf,218.0,0.0,218.0,0.0,0.0,0.0,0.0,0.0,0.0
325.0,487.0,1459.0,972.0,486.0,1.995893223819302,450.02056350814644,900.0411270162928,0.5410863852571308,0.0,0.0,1.0,inf,487.0,inf,220.0,0.0,220.0,0.0,0.0,0.0,0.0,0.0,0.0
326.0,487.0,1459.0,972.0,486.0,1.995893223819302,450.02056350814644,900.0411270162928,0.5410863852571308,0.0,0.0,1.0,inf,487.0,inf,220.0,0.0,220.0,0.0,0.0,0.0,0.0,0.0,0.0
327.0,490.0,1468.0,978.0,489.0,1.9959183673469387,452.85966235776107,905.719324715522,0.5410064537972671,0.0,0.0,1.0,inf,490.0,inf,220.0,3.0,217.0,0.0,0.0,0.0,0.0,0.0,0.0
328.0,490.0,1468.0,978.0,489.0,1.9959183673469387,452.85966235776107,905.719324715522,0.5410064537972671,0.0,0.0,1.0,inf,490.0,inf,207.0,0.0,207.0,0.0,0.0,0.0,0.0,0.0,0.0
329.0,493.0,1477.0,984.0,492.0,1.9959432048681542,455.6054076227677,911.2108152455353,0.5410383544088598,0.0,0.0,1.0,inf,493.0,inf,220.0,3.0,217.0,0.0,0.0,0.0,0.0,0.0,0.0
330.0,493.0,1477.0,984.0,492.0,1.9959432048681542,455.6054076227677,911.2108152455353,0.5410383544088598,0.0,0.0,1.0,inf,493.0,inf,206.0,0.0,206.0,0.0,0.0,0.0,0.0,0.0,0.0
331.0,493.0,1477.0,984.0,492.0,1.9959432048681542,455.6054076227677,911.2108152455353,0.5410383544088598,0.0,0.0,1.0,inf,493.0,inf,220.0,0.0,220.0,0.0,0.0,0.0,0.0,0.0,0.0
332.0,495.0,1483.0,988.0,494.0,1.995959595959596,457.4592304089828,914.9184608179655,0.5410318199913188,0.0,0.0,1.0,inf,495.0,inf,220.0,2.0,218.0,0.0,0.0,0.0,0.0,0.0,0.0
333.0,495.0,1483.0,988.0,494.0,1.995959595959596,457.4592304089828,914.9184608179655,0.5410318199913188,0.0,0.0,1.0,inf,495.0,inf,216.0,0.0,216.0,0.0,0.0,0.0,0.0,0.0,0.0
334.0,497.0,1489.0,992.0,496.0,1.9959758551307847,459.21164458869623,918.4232891773923,0.5411448140052609,0.0,0.0,1.0,inf,497.0,inf,220.0,2.0,218.0,0.0,0.0,0.0,0.0,0.0,0.0
335.0,497.0,1489.0,992.0,496.0,1.9959758551307847,459.21164458869623,918.4232891773923,0.5411448140052609,0.0,0.0,1.0,inf,497.0,inf,217.0,0.0,217.0,0.0,0.0,0.0,0.0,0.0,0.0
336.0,498.0,1492.0,994.0,497.0,1.9959839357429718,460.06194581310933,920.1238916262186,0.5412314629933577,0.0,0.0,1.0,inf,498.0,inf,220.0,1.0,219.0,0.0,0.0,0.0,0.0,0.0,0.0
337.0,498.0,1492.0,994.0,497.0,1.9959839357429718,460.06194581310933,920.1238916262186,0.5412314629933577,0.0,0.0,1.0,inf,498.0,inf,218.0,0.0,218.0,0.0,0.0,0.0,0.0,0.0,0.0
338.0,499.0,1495.0,996.0,498.0,1.9959919839679359,461.01879962563316,922.0375992512662,0.5411926806512113,0.0,0.0,1.0,inf,499.0,inf,220.0,1.0,219.0,0.0,0.0,0.0,0.0,0.0,0.0
339.0,499.0,1495.0,996.0,498.0,1.9959919839679359,461.01879962563316,922.0375992512662,0.5411926806512113,0.0,0.0,1.0,inf,499.0,inf,218.0,0.0,218.0,0.0,0.0,0.0,0.0,0.0,0.0
340.0,501.0,1501.0,1000.0,500.0,1.996007984031936,462.82575338800996,925.6515067760198,0.5412404088715291,0.0,0.0,1.0,inf,501.0,inf,220.0,2.0,218.0,0.0,0.0,0.0,0.0,0.0,0.0
341.0,501.0,1501.0,1000.0,500.0,1.996007984031936,462.82575338800996,925.6515067760198,0.5412404088715291,0.0,0.0,1.0,inf,501.0,inf,215.0,0.0,215.0,0.0,0.0,0.0,0.0,0.0,0.0
342.0,503.0,1507.0,1004.0,502.0,1.9960238568588469,464.6577919783231,929.315583956646,0.5412585441195675,0.0,0.0,1.0,inf,503.0,inf,220.0,2.0,218.0,0.0,0.0,0.0,0.0,0.0,0.0
343.0,503.0,1507.0,1004.0,502.0,1.9960238568588469,464.6577919783231,929.315583956646,0.5412585441195675,0.0,0.0,1.0,inf,503.0,inf,214.0,0.0,214.0,0.0,0.0,0.0,0.0,0.0,0.0
344.0,506.0,1516.0,1010.0,505.0,1.9960474308300395,467.3505885868746,934.7011771737491,0.5413494840457883,0.0,0.0,1.0,inf,506.0,inf,220.0,3.0,217.0,0.0,0.0,0.0,0.0,0.0,0.0
345.0,506.0,1516.0,1010.0,505.0,1.9960474308300395,467.3505885868746,934.7011771737491,0.5413494840457883,0.0,0.0,1.0,inf,506.0,inf,208.0,0.0,208.0,0.0,0.0,0.0,0.0,0.0,0.0
346.0,510.0,1528.0,1018.0,509.0,1.996078431372549,471.12512096913923,942.2502419382784,0.5412574890412257,0.0,0.0,1.0,inf,510.0,inf,220.0,4.0,216.0,0.0,0.0,0.0,0.0,0.0,0.0
347.0,510.0,1528.0,1018.0,509.0,1.996078431372549,471.12512096913923,942.2502419382784,0.5412574890412257,0.0,0.0,1.0,inf,510.0,inf,203.0,0.0,203.0,0.0,0.0,0.0,0.0,0.0,0.0
348.0,512.0,1534.0,1022.0,511.0,1.99609375,473.0470177977038,946.0940355954075,0.5411724212781681,0.0,0.0,1.0,inf,512.0,inf,220.0,2.0,218.0,0.0,0.0,0.0,0.0,0.0,0.0
349.0,512.0,1534.0,1022.0,511.0,1.99609375,473.0470177977038,946.0940355954075,0.5411724212781681,0.0,0.0,1.0,inf,512.0,inf,216.0,0.0,216.0,0.0,0.0,0.0,0.0,0.0,0.0
350.0,515.0,1543.0,1028.0,514.0,1.996116504854369,475.84790432820483,951.6958086564096,0.5411392961024696,0.0,0.0,1.0,inf,515.0,inf,220.0,3.0,217.0,0.0,0.0,0.0,0.0,0.0,0.0
351.0,515.0,1543.0,1028.0,514.0,1.996116504854369,475.84790432820483,951.6958086564096,0.5411392961024696,0.0,0.0,1.0,inf,515.0,inf,210.0,0.0,210.0,0.0,0.0,0.0,0.0,0.0,0.0
352.0,516.0,1546.0,1030.0,515.0,1.996124031007752,476.73764664387886,953.4752932877576,0.5411781549375416,0.0,0.0,1.0,inf,516.0,inf,220.0,1.0,219.0,0.0,0.0,0.0,0.0,0.0,0.0
353.0,516.0,1546.0,1030.0,515.0,1.996124031007752,476.73764664387886,953.4752932877576,0.5411781549375416,0.0,0.0,1.0,inf,516.0,inf,218.0,0.0,218.0,0.0,0.0,0.0,0.0,0.0,0.0
354.0,517.0,1549.0,1032.0,516.0,1.9961315280464216,477.6961300266851,955.3922600533701,0.5411389872167474,0.0,0.0,1.0,inf,517.0,inf,220.0,1.0,219.0,0.0,0.0,0.0,0.0,0.0,0.0
355.0,517.0,1549.0,1032.0,516.0,1.9961315280464216,477.6961300266851,955.3922600533701,0.5411389872167474,0.0,0.0,1.0,inf,517.0,inf,216.0,0.0,216.0,0.0,0.0,0.0,0.0,0.0,0.0
356.0,517.0,1549.0,1032.0,516.0,1.9961315280464216,477.6961300266851,955.3922600533701,0.5411389872167474,0.0,0.0,1.0,inf,517.0,inf,220.0,0.0,220.0,0.0,0.0,0.0,0.0,0.0,0.0
357.0,518.0,1552.0,1034.0,517.0,1.9961389961389961,478.62004140093654,957.240082801873,0.5411390614607331,0.0,0.0,1.0,inf,518.0,inf,220.0,1.0,219.0,0.0,0.0,0.0,0.0,0.0,0.0
358.0,518.0,1552.0,1034.0,517.0,1.9961389961389961,478.62004140093654,957.240082801873,0.5411390614607331,0.0,0.0,1.0,inf,518.0,inf,217.0,0.0,217.0,0.0,0.0,0.0,0.0,0.0,0.0
359.0,520.0,1558.0,1038.0,519.0,1.9961538461538462,480.457503793263,960.9150075865259,0.5411508779595956,0.0,0.0,1.0,inf,520.0,inf,220.0,2.0,218.0,0.0,0.0,0.0,0.0,0.0,0.0
360.0,520.0,1558.0,1038.0,519.0,1.9961538461538462,480.457503793263,960.9150075865259,0.5411508779595956,0.0,0.0,1.0,inf,520.0,inf,214.0,0.0,214.0,0.0,0.0,0.0,0.0,0.0,0.0
361.0,522.0,1564.0,1042.0,521.0,1.996168582375479,482.2383200532467,964.4766401064933,0.5412261720951199,0.0,0.0,1.0,inf,522.0,inf,220.0,2.0,218.0,0.0,0.0,0.0,0.0,0.0,0.0
362.0,522.0,1564.0,1042.0,521.0,1.996168582375479,482.2383200532467,964.4766401064933,0.5412261720951199,0.0,0.0,1.0,inf,522.0,inf,211.0,0.0,211.0,0.0,0.0,0.0,0.0,0.0,0.0
363.0,523.0,1567.0,1044.0,522.0,1.9961759082217974,483.1776490177278,966.3552980354555,0.5412088090821552,0.0,0.0,1.0,inf,523.0,inf,220.0,1.0,219.0,0.0,0.0,0.0,0.0,0.0,0.0
364.0,523.0,1567.0,1044.0,522.0,1.9961759082217974,483.1776490177278,966.3552980354555,0.5412088090821552,0.0,0.0,1.0,inf,523.0,inf,219.0,0.0,219.0,0.0,0.0,0.0,0.0,0.0,0.0
365.0,525.0,1573.0,1048.0,524.0,1.9961904761904763,485.0569645835816,970.1139291671631,0.5411735510804482,0.0,0.0,1.0,inf,525.0,inf,220.0,2.0,218.0,0.0,0.0,0.0,0.0,0.0,0.0
366.0,525.0,1573.0,1048.0,524.0,1.9961904761904763,485.0569645835816,970.1139291671631,0.5411735510804482,0.0,0.0,1.0,inf,525.0,inf,214.0,0.0,214.0,0.0,0.0,0.0,0.0,0.0,0.0
367.0,525.0,1573.0,1048.0,524.0,1.9961904761904763,485.0569645835816,970.1139291671631,0.5411735510804482,0.0,0.0,1.0,inf,525.0,inf,220.0,0.0,220.0,0.0,0.0,0.0,0.0,0.0,0.0
368.0,525.0,1573.0,1048.0,524.0,1.9961904761904763,485.0569645835816,970.1139291671631,0.5411735510804482,0.0,0.0,1.0,inf,525.0,inf,220.0,0.0,220.0,0.0,0.0,0.0,0.0,0.0,0.0
369.0,526.0,1576.0,1050.0,525.0,1.9961977186311788,485.91527806884477,971.8305561376894,0.5412466161698625,0.0,0.0,1.0,inf,526.0,inf,220.0,1.0,219.0,0.0,0.0,0.0,0.0,0.0,0.0
370.0,526.0,1576.0,1050.0,525.0,1.9961977186311788,485.91527806884477,971.8305561376894,0.5412466161698625,0.0,0.0,1.0,inf,526.0,inf,217.0,0.0,217.0,0.0,0.0,0.0,0.0,0.0,0.0
371.0,527.0,1579.0,1052.0,526.0,1.9962049335863377,486.8545843438148,973.7091686876295,0.5412293700698059,0.0,0.0,1.0,inf,527.0,inf,220.0,1.0,219.0,0.0,0.0,0.0,0.0,0.0,0.0
372.0,527.0,1579.0,1052.0,526.0,1.9962049335863377,486.8545843438148,973.7091686876295,0.5412293700698059,0.0,0.0,1.0,inf,527.0,inf,214.0,0.0,214.0,0.0,0.0,0.0,0.0,0.0,0.0
373.0,532.0,1594.0,1062.0,531.0,1.9962406015037595,491.3916097945506,982.7832195891011,0.5413197838506316,0.0,0.0,1.0,inf,532.0,inf,220.0,5.0,215.0,0.0,0.0,0.0,0.0,0.0,0.0
374.0,532.0,1594.0,1062.0,531.0,1.9962406015037595,491.3916097945506,982.7832195891011,0.5413197838506316,0.0,0.0,1.0,inf,532.0,inf,202.0,0.0,202.0,0.0,0.0,0.0,0.0,0.0,0.0
375.0,534.0,1600.0,1066.0,533.0,1.99625468164794,493.2352024228958,986.4704048457914,0.5413238931212303,0.0,0.0,1.0,inf,534.0,inf,220.0,2.0,218.0,0.0,0.0,0.0,0.0,0.0,0.0
376.0,534.0,1600.0,1066.0,533.0,1.99625468164794,493.2352024228958,986.4704048457914,0.5413238931212303,0.0,0.0,1.0,inf,534.0,inf,212.0,0.0,212.0,0.0,0.0,0.0,0.0,0.0,0.0
377.0,536.0,1606.0,1070.0,535.0,1.9962686567164178,495.06578653386634,990.1315730677326,0.5413421959056481,0.0,0.0,1.0,inf,536.0,inf,220.0,2.0,218.0,0.0,0.0,0.0,0.0,0.0,0.0
378.0,536.0,1606.0,1070.0,535.0,1.9962686567164178,495.06578653386634,990.1315730677326,0.5413421959056481,0.0,0.0,1.0,inf,536.0,inf,211.0,0.0,211.0,0.0,0.0,0.0,0.0,0.0,0.0
379.0,537.0,1609.0,1072.0,536.0,1.9962756052141526,496.0200481453624,992.0400962907247,0.5413087656515732,0.0,0.0,1.0,inf,537.0,inf,220.0,1.0,219.0,0.0,0.0,0.0,0.0,0.0,0.0
380.0,537.0,1609.0,1072.0,536.0,1.9962756052141526,496.0200481453624,992.0400962907247,0.5413087656515732,0.0,0.0,1.0,inf,537.0,inf,215.0,0.0,215.0,0.0,0.0,0.0,0.0,0.0,0.0
381.0,538.0,1612.0,1074.0,537.0,1.996282527881041,496.9023210781767,993.8046421563533,0.5413538810129219,0.0,0.0,1.0,inf,538.0,inf,220.0,1.0,219.0,0.0,0.0,0.0,0.0,0.0,0.0
382.0,538.0,1612.0,1074.0,537.0,1.996282527881041,496.9023210781767,993.8046421563533,0.5413538810129219,0.0,0.0,1.0,inf,538.0,inf,220.0,0.0,220.0,0.0,0.0,0.0,0.0,0.0,0.0
383.0,538.0,1612.0,1074.0,537.0,1.996282527881041,496.9023210781767,993.8046421563533,0.5413538810129219,0.0,0.0,1.0,inf,538.0,inf,220.0,0.0,220.0,0.0,0.0,0.0,0.0,0.0,0.0
384.0,540.0,1618.0,1078.0,539.0,1.9962962962962962,498.85115713268436,997.7023142653686,0.5412436077164104,0.0,0.0,1.0,inf,540.0,inf,220.0,2.0,218.0,0.0,0.0,0.0,0.0,0.0,0.0
385.0,540.0,1618.0,1078.0,539.0,1.9962962962962962,498.85115713268436,997.7023142653686,0.5412436077164104,0.0,0.0,1.0,inf,540.0,inf,215.0,0.0,215.0,0.0,0.0,0.0,0.0,0.0,0.0
386.0,542.0,1624.0,1082.0,541.0,1.996309963099631,500.787626760384,1001.5752535207679,0.5411475554080885,0.0,0.0,1.0,inf,542.0,inf,220.0,2.0,218.0,0.0,0.0,0.0,0.0,0.0,0.0
387.0,542.0,1624.0,1082.0,541.0,1.996309963099631,500.787626760384,1001.5752535207679,0.5411475554080885,0.0,0.0,1.0,inf,542.0,inf,213.0,0.0,213.0,0.0,0.0,0.0,0.0,0.0,0.0
388.0,546.0,1636.0,1090.0,545.0,1.9963369963369964,504.4019492917384,1008.8038985834767,0.5412350217586114,0.0,0.0,1.0,inf,546.0,inf,220.0,4.0,216.0,0.0,0.0,0.0,0.0,0.0,0.0
389.0,546.0,1636.0,1090.0,545.0,1.9963369963369964,504.4019492917384,1008.8038985834767,0.5412350217586114,0.0,0.0,1.0,inf,546.0,inf,202.0,0.0,202.0,0.0,0.0,0.0,0.0,0.0,0.0
390.0,548.0,1642.0,1094.0,547.0,1.9963503649635037,506.3095376769202,1012.6190753538402,0.5411709233390769,0.0,0.0,1.0,inf,548.0,inf,220.0,2.0,218.0,0.0,0.0,0.0,0.0,0.0,0.0
391.0,548.0,1642.0,1094.0,547.0,1.9963503649635037,506.3095376769202,1012.6190753538402,0.5411709233390769,0.0,0.0,1.0,inf,548.0,inf,217.0,0.0,217.0,0.0,0.0,0.0,0.0,0.0,0.0
392.0,554.0,1660.0,1106.0,553.0,1.9963898916967509,511.885290580918,1023.7705811618359,0.5411368622951519,0.0,0.0,1.0,inf,554.0,inf,220.0,6.0,214.0,0.0,0.0,0.0,0.0,0.0,0.0
393.0,554.0,1660.0,1106.0,553.0,1.9963898916967509,511.885290580918,1023.7705811618359,0.5411368622951519,0.0,0.0,1.0,inf,554.0,inf,203.0,0.0,203.0,0.0,0.0,0.0,0.0,0.0,0.0
394.0,555.0,1663.0,1108.0,554.0,1.9963963963963964,512.8544620586481,1025.708924117296,0.541089179347466,0.0,0.0,1.0,inf,555.0,inf,220.0,1.0,219.0,0.0,0.0,0.0,0.0,0.0,0.0
395.0,555.0,1663.0,1108.0,554.0,1.9963963963963964,512.8544620586481,1025.708924117296,0.541089179347466,0.0,0.0,1.0,inf,555.0,inf,220.0,0.0,220.0,0.0,0.0,0.0,0.0,0.0,0.0
396.0,555.0,1663.0,1108.0,554.0,1.9963963963963964,512.8544620586481,1025.708924117296,0.541089179347466,0.0,0.0,1.0,inf,555.0,inf,220.0,0.0,220.0,0.0,0.0,0.0,0.0,0.0,0.0
397.0,556.0,1666.0,1110.0,555.0,1.9964028776978417,513.8442340934619,1027.6884681869235,0.5410199853472236,0.0,0.0,1.0,inf,556.0,inf,220.0,1.0,219.0,0.0,0.0,0.0,0.0,0.0,0.0
398.0,556.0,1666.0,1110.0,555.0,1.9964028776978417,513.8442340934619,1027.6884681869235,0.5410199853472236,0.0,0.0,1.0,inf,556.0,inf,216.0,0.0,216.0,0.0,0.0,0.0,0.0,0.0,0.0
399.0,560.0,1678.0,1118.0,559.0,1.9964285714285714,517.4139814836157,1034.827962967231,0.5411527519939399,0.0,0.0,1.0,inf,560.0,inf,220.0,4.0,216.0,0.0,0.0,0.0,0.0,0.0,0.0
400.0,560.0,1678.0,1118.0,559.0,1.9964285714285714,517.4139814836157,1034.827962967231,0.5411527519939399,0.0,0.0,1.0,inf,560.0,inf,207.0,0.0,207.0,0.0,0.0,0.0,0.0,0.0,0.0
401.0,560.0,1678.0,1118.0,559.0,1.9964285714285714,517.4139814836157,1034.827962967231,0.5411527519939399,0.0,0.0,1.0,inf,560.0,inf,220.0,0.0,220.0,0.0,0.0,0.0,0.0,0.0,0.0
402.0,561.0,1681.0,1120.0,560.0,1.9964349376114081,518.2645456633808,1036.5290913267613,0.5412293824594134,0.0,0.0,1.0,inf,561.0,inf,220.0,1.0,219.0,0.0,0.0,0.0,0.0,0.0,0.0
403.0,561.0,1681.0,1120.0,560.0,1.9964349376114081,518.2645456633808,1036.5290913267613,0.5412293824594134,0.0,0.0,1.0,inf,561.0,inf,215.0,0.0,215.0,0.0,0.0,0.0,0.0,0.0,0.0
404.0,562.0,1684.0,1122.0,561.0,1.99644128113879,519.1997977563663,1038.3995955127323,0.5412174681390359,0.0,0.0,1.0,inf,562.0,inf,220.0,1.0,219.0,0.0,0.0,0.0,0.0,0.0,0.0
405.0,562.0,1684.0,1122.0,561.0,1.99644128113879,519.1997977563663,1038.3995955127323,0.5412174681390359,0.0,0.0,1.0,inf,562.0,inf,217.0,0.0,217.0,0.0,0.0,0.0,0.0,0.0,0.0
406.0,563.0,1687.0,1124.0,562.0,1.9964476021314388,520.0742192441038,1040.1484384882074,0.541268898906666,0.0,0.0,1.0,inf,563.0,inf,220.0,1.0,219.0,0.0,0.0,0.0,0.0,0.0,0.0
407.0,563.0,1687.0,1124.0,562.0,1.9964476021314388,520.0742192441038,1040.1484384882074,0.541268898906666,0.0,0.0,1.0,inf,563.0,inf,216.0,0.0,216.0,0.0,0.0,0.0,0.0,0.0,0.0
408.0,563.0,1687.0,1124.0,562.0,1.9964476021314388,520.0742192441038,1040.1484384882074,0.541268898906666,0.0,0.0,1.0,inf,563.0,inf,220.0,0.0,220.0,0.0,0.0,0.0,0.0,0.0,0.0
409.0,563.0,1687.0,1124.0,562.0,1.9964476021314388,520.0742192441038,1040.1484384882074,0.541268898906666,0.0,0.0,1.0,inf,563.0,inf,220.0,0.0,220.0,0.0,0.0,0.0,0.0,0.0,0.0
410.0,565.0,1693.0,1128.0,564.0,1.9964601769911505,522.014067694666,1044.0281353893317,0.5411731550599488,0.0,0.0,1.0,inf,565.0,inf,220.0,2.0,218.0,0.0,0.0,0.0,0.0,0.0,0.0
411.0,565.0,1693.0,1128.0,564.0,1.9964601769911505,522.014067694666,1044.0281353893317,0.5411731550599488,0.0,0.0,1.0,inf,565.0,inf,209.0,0.0,209.0,0.0,0.0,0.0,0.0,0.0,0.0
412.0,566.0,1696.0,1130.0,565.0,1.9964664310954063,522.8933151838315,1045.7866303676628,0.5412193879367283,0.0,0.0,1.0,inf,566.0,inf,220.0,1.0,219.0,0.0,0.0,0.0,0.0,0.0,0.0
413.0,566.0,1696.0,1130.0,565.0,1.9964664310954063,522.8933151838315,1045.7866303676628,0.5412193879367283,0.0,0.0,1.0,inf,566.0,inf,220.0,0.0,220.0,0.0,0.0,0.0,0.0,0.0,0.0
414.0,567.0,1699.0,1132.0,566.0,1.9964726631393297,523.7468793524137,1047.493758704827,0.5412920079839585,0.0,0.0,1.0,inf,567.0,inf,220.0,1.0,219.0,0.0,0.0,0.0,0.0,0.0,0.0
415.0,567.0,1699.0,1132.0,566.0,1.9964726631393297,523.7468793524137,1047.493758704827,0.5412920079839585,0.0,0.0,1.0,inf,567.0,inf,217.0,0.0,217.0,0.0,0.0,0.0,0.0,0.0,0.0
416.0,567.0,1699.0,1132.0,566.0,1.9964726631393297,523.7468793524137,1047.493758704827,0.5412920079839585,0.0,0.0,1.0,inf,567.0,inf,220.0,0.0,220.0,0.0,0.0,0.0,0.0,0.0,0.0
417.0,569.0,1705.0,1136.0,568.0,1.9964850615114236,525.6586390645964,1051.3172781291926,0.5412257667947104,0.0,0.0,1.0,inf,569.0,inf,220.0,2.0,218.0,0.0,0.0,0.0,0.0,0.0,0.0
418.0,569.0,1705.0,1136.0,568.0,1.9964850615114236,525.6586390645964,1051.3172781291926,0.5412257667947104,0.0,0.0,1.0,inf,569.0,inf,219.0,0.0,219.0,0.0,0.0,0.0,0.0,0.0,0.0
419.0,572.0,1714.0,1142.0,571.0,1.9965034965034965,528.5651646787331,1057.130329357466,0.5410874932967509,0.0,0.0,1.0,inf,572.0,inf,220.0,3.0,217.0,0.0,0.0,0.0,0.0,0.0,0.0
420.0,572.0,1714.0,1142.0,571.0,1.9965034965034965,528.5651646787331,1057.130329357466,0.5410874932967509,0.0,0.0,1.0,inf,572.0,inf,215.0,0.0,215.0,0.0,0.0,0.0,0.0,0.0,0.0
421.0,573.0,1717.0,1144.0,572.0,1.9965095986038395,529.5179682465248,1059.0359364930493,0.5410581267879012,0.0,0.0,1.0,inf,573.0,inf,220.0,1.0,219.0,0.0,0.0,0.0,0.0,0.0,0.0
422.0,573.0,1717.0,1144.0,572.0,1.9965095986038395,529.5179682465248,1059.0359364930493,0.5410581267879012,0.0,0.0,1.0,inf,573.0,inf,217.0,0.0,217.0,0.0,0.0,0.0,0.0,0.0,0.0
423.0,576.0,1726.0,1150.0,575.0,1.9965277777777777,532.2065589489667,1064.4131178979333,0.541143274462381,0.0,0.0,1.0,inf,576.0,inf,220.0,3.0,217.0,0.0,0.0,0.0,0.0,0.0,0.0
424.0,576.0,1726.0,1150.0,575.0,1.9965277777777777,532.2065589489667,1064.4131178979333,0.541143274462381,0.0,0.0,1.0,inf,576.0,inf,215.0,0.0,215.0,0.0,0.0,0.0,0.0,0.0,0.0
425.0,576.0,1726.0,1150.0,575.0,1.9965277777777777,532.2065589489667,1064.4131178979333,0.541143274462381,0.0,0.0,1.0,inf,576.0,inf,220.0,0.0,220.0,0.0,0.0,0.0,0.0,0.0,0.0
426.0,577.0,1729.0,1152.0,576.0,1.9965337954939342,533.1535461257901,1066.30709225158,0.5411199120711326,0.0,0.0,1.0,inf,577.0,inf,220.0,1.0,219.0,0.0,0.0,0.0,0.0,0.0,0.0
427.0,577.0,1729.0,1152.0,576.0,1.9965337954939342,533.1535461257901,1066.30709225158,0.5411199120711326,0.0,0.0,1.0,inf,577.0,inf,219.0,0.0,219.0,0.0,0.0,0.0,0.0,0.0,0.0
428.0,580.0,1738.0,1158.0,579.0,1.9965517241379311,536.0278266329186,1072.055653265837,0.5410166890432672,0.0,0.0,1.0,inf,580.0,inf,220.0,3.0,217.0,0.0,0.0,0.0,0.0,0.0,0.0
429.0,580.0,1738.0,1158.0,579.0,1.9965517241379311,536.0278266329186,1072.055653265837,0.5410166890432672,0.0,0.0,1.0,inf,580.0,inf,215.0,0.0,215.0,0.0,0.0,0.0,0.0,0.0,0.0
430.0,582.0,1744.0,1162.0,581.0,1.9965635738831615,537.8290066173715,1075.6580132347428,0.5410641605781344,0.0,0.0,1.0,inf,582.0,inf,220.0,2.0,218.0,0.0,0.0,0.0,0.0,0.0,0.0
431.0,582.0,1744.0,1162.0,581.0,1.9965635738831615,537.8290066173715,1075.6580132347428,0.5410641605781344,0.0,0.0,1.0,inf,582.0,inf,214.0,0.0,214.0,0.0,0.0,0.0,0.0,0.0,0.0
432.0,582.0,1744.0,1162.0,581.0,1.9965635738831615,537.8290066173715,1075.6580132347428,0.5410641605781344,0.0,0.0,1.0,inf,582.0,inf,220.0,0.0,220.0,0.0,0.0,0.0,0.0,0.0,0.0
433.0,582.0,1744.0,1162.0,581.0,1.9965635738831615,537.8290066173715,1075.6580132347428,0.5410641605781344,0.0,0.0,1.0,inf,582.0,inf,220.0,0.0,220.0,0.0,0.0,0.0,0.0,0.0,0.0
434.0,582.0,1744.0,1162.0,581.0,1.9965635738831615,537.8290066173715,1075.6580132347428,0.5410641605781344,0.0,0.0,1.0,inf,582.0,inf,220.0,0.0,220.0,0.0,0.0,0.0,0.0,0.0,0.0
435.0,583.0,1747.0,1164.0,582.0,1.9965694682675814,538.7402482076658,1077.4804964153313,0.5410770792971029,0.0,0.0,1.0,inf,583.0,inf,220.0,1.0,219.0,0.0,0.0,0.0,0.0,0.0,0.0
436.0,583.0,1747.0,1164.0,582.0,1.9965694682675814,538.7402482076658,1077.4804964153313,0.5410770792971029,0.0,0.0,1.0,inf,583.0,inf,216.0,0.0,216.0,0.0,0.0,0.0,0.0,0.0,0.0
437.0,584.0,1750.0,1166.0,583.0,1.9965753424657535,539.7274543404826,1079.454908680965,0.5410137980785285,0.0,0.0,1.0,inf,584.0,inf,220.0,1.0,219.0,0.0,0.0,0.0,0.0,0.0,0.0
438.0,584.0,1750.0,1166.0,583.0,1.9965753424657535,539.7274543404826,1079.454908680965,0.5410137980785285,0.0,0.0,1.0,inf,584.0,inf,216.0,0.0,216.0,0.0,0.0,0.0,0.0,0.0,0.0
439.0,585.0,1753.0,1168.0,584.0,1.9965811965811966,540.6861484981163,1081.3722969962323,0.540979273858759,0.0,0.0,1.0,inf,585.0,inf,220.0,1.0,219.0,0.0,0.0,0.0,0.0,0.0,0.0
440.0,585.0,1753.0,1168.0,584.0,1.9965811965811966,540.6861484981163,1081.3722969962323,0.540979273858759,0.0,0.0,1.0,inf,585.0,inf,216.0,0.0,216.0,0.0,0.0,0.0,0.0,0.0,0.0
441.0,586.0,1756.0,1170.0,585.0,1.9965870307167235,541.659152007835,1083.3183040156698,0.5409305813700381,0.0,0.0,1.0,inf,586.0,inf,220.0,1.0,219.0,0.0,0.0,0.0,0.0,0.0,0.0
442.0,586.0,1756.0,1170.0,585.0,1.9965870307167235,541.659152007835,1083.3183040156698,0.5409305813700381,0.0,0.0,1.0,inf,586.0,inf,217.0,0.0,217.0,0.0,0.0,0.0,0.0,0.0,0.0
443.0,587.0,1759.0,1172.0,586.0,1.9965928449744463,542.6045733695104,1085.2091467390205,0.540909558092,0.0,0.0,1.0,inf,587.0,inf,220.0,1.0,219.0,0.0,0.0,0.0,0.0,0.0,0.0
444.0,587.0,1759.0,1172.0,586.0,1.9965928449744463,542.6045733695104,1085.2091467390205,0.540909558092,0.0,0.0,1.0,inf,587.0,inf,218.0,0.0,218.0,0.0,0.0,0.0,0.0,0.0,0.0
445.0,588.0,1762.0,1174.0,587.0,1.9965986394557824,543.5980016350076,1087.196003270015,0.5408408403189879,0.0,0.0,1.0,inf,588.0,inf,220.0,1.0,219.0,0.0,0.0,0.0,0.0,0.0,0.0
446.0,588.0,1762.0,1174.0,587.0,1.9965986394557824,543.5980016350076,1087.196003270015,0.5408408403189879,0.0,0.0,1.0,inf,588.0,inf,217.0,0.0,217.0,0.0,0.0,0.0,0.0,0.0,0.0
447.0,588.0,1762.0,1174.0,587.0,1.9965986394557824,543.5980016350076,1087.196003270015,0.5408408403189879,0.0,0.0,1.0,inf,588.0,inf,220.0,0.0,220.0,0.0,0.0,0.0,0.0,0.0,0.0
448.0,588.0,1762.0,1174.0,587.0,1.9965986394557824,543.5980016350076,1087.196003270015,0.5408408403189879,0.0,0.0,1.0,inf,588.0,inf,220.0,0.0,220.0,0.0,0.0,0.0,0.0,0.0,0.0
449.0,588.0,1762.0,1174.0,587.0,1.9965986394557824,543.5980016350076,1087.196003270015,0.5408408403189879,0.0,0.0,1.0,inf,588.0,inf,220.0,0.0,220.0,0.0,0.0,0.0,0.0,0.0,0.0
450.0,588.0,1762.0,1174.0,587.0,1.9965986394557824,543.5980016350076,1087.196003270015,0.5408408403189879,0.0,0.0,1.0,inf,588.0,inf,220.0,0.0,220.0,0.0,0.0,0.0,0.0,0.0,0.0
451.0,589.0,1765.0,1176.0,588.0,1.99660441426146,544.5267601496797,1089.0535202993592,0.5408365971197592,0.0,0.0,1.0,inf,589.0,inf,220.0,1.0,219.0,0.0,0.0,0.0,0.0,0.0,0.0
452.0,589.0,1765.0,1176.0,588.0,1.99660441426146,544.5267601496797,1089.0535202993592,0.5408365971197592,0.0,0.0,1.0,inf,589.0,inf,217.0,0.0,217.0,0.0,0.0,0.0,0.0,0.0,0.0
453.0,590.0,1768.0,1178.0,589.0,1.9966101694915255,545.5194217708033,1091.0388435416064,0.5407690143137425,0.0,0.0,1.0,inf,590.0,inf,220.0,1.0,219.0,0.0,0.0,0.0,0.0,0.0,0.0
454.0,590.0,1768.0,1178.0,589.0,1.9966101694915255,545.5194217708033,1091.0388435416064,0.5407690143137425,0.0,0.0,1.0,inf,590.0,inf,217.0,0.0,217.0,0.0,0.0,0.0,0.0,0.0,0.0
455.0,590.0,1768.0,1178.0,589.0,1.9966101694915255,545.5194217708033,1091.0388435416064,0.5407690143137425,0.0,0.0,1.0,inf,590.0,inf,220.0,0.0,220.0,0.0,0.0,0.0,0.0,0.0,0.0
456.0,591.0,1771.0,1180.0,590.0,1.996615905245347,546.3887941245604,1092.7775882491205,0.5408236830212789,0.0,0.0,1.0,inf,591.0,inf,220.0,1.0,219.0,0.0,0.0,0.0,0.0,0.0,0.0
457.0,591.0,1771.0,1180.0,590.0,1.996615905245347,546.3887941245604,1092.7775882491205,0.5408236830212789,0.0,0.0,1.0,inf,591.0,inf,218.0,0.0,218.0,0.0,0.0,0.0,0.0,0.0,0.0
458.0,591.0,1771.0,1180.0,590.0,1.996615905245347,546.3887941245604,1092.7775882491205,0.5408236830212789,0.0,0.0,1.0,inf,591.0,inf,220.0,0.0,220.0,0.0,0.0,0.0,0.0,0.0,0.0
459.0,595.0,1783.0,1188.0,594.0,1.9966386554621849,550.0881352334509,1100.1762704669015,0.5408224263439978,0.0,0.0,1.0,inf,595.0,inf,220.0,4.0,216.0,0.0,0.0,0.0,0.0,0.0,0.0
460.0,595.0,1783.0,1188.0,594.0,1.9966386554621849,550.0881352334509,1100.1762704669015,0.5408224263439978,0.0,0.0,1.0,inf,595.0,inf,212.0,0.0,212.0,0.0,0.0,0.0,0.0,0.0,0.0
461.0,599.0,1795.0,1196.0,598.0,1.996661101836394,553.8743708945229,1107.7487417890457,0.5407363397520976,0.0,0.0,1.0,inf,599.0,inf,220.0,4.0,216.0,0.0,0.0,0.0,0.0,0.0,0.0
462.0,599.0,1795.0,1196.0,598.0,1.996661101836394,553.8743708945229,1107.7487417890457,0.5407363397520976,0.0,0.0,1.0,inf,599.0,inf,207.0,0.0,207.0,0.0,0.0,0.0,0.0,0.0,0.0
463.0,601.0,1801.0,1200.0,600.0,1.9966722129783694,555.7943431006552,1111.58868620131,0.5406676115549796,0.0,0.0,1.0,inf,601.0,inf,220.0,2.0,218.0,0.0,0.0,0.0,0.0,0.0,0.0
464.0,601.0,1801.0,1200.0,600.0,1.9966722129783694,555.7943431006552,1111.58868620131,0.5406676115549796,0.0,0.0,1.0,inf,601.0,inf,215.0,0.0,215.0,0.0,0.0,0.0,0.0,0.0,0.0
465.0,605.0,1813.0,1208.0,604.0,1.9966942148760332,559.4489654160024,1118.8979308320045,0.5407106254545724,0.0,0.0,1.0,inf,605.0,inf,220.0,4.0,216.0,0.0,0.0,0.0,0.0,0.0,0.0
466.0,605.0,1813.0,1208.0,604.0,1.9966942148760332,559.4489654160024,1118.8979308320045,0.5407106254545724,0.0,0.0,1.0,inf,605.0,inf,207.0,0.0,207.0,0.0,0.0,0.0,0.0,0.0,0.0
467.0,605.0,1813.0,1208.0,604.0,1.9966942148760332,559.4489654160024,1118.8979308320045,0.5407106254545724,0.0,0.0,1.0,inf,605.0,inf,220.0,0.0,220.0,0.0,0.0,0.0,0.0,0.0,0.0
468.0,606.0,1816.0,1210.0,605.0,1.9966996699669968,560.3395760544801,1120.67915210896,0.5407435293675211,0.0,0.0,1.0,inf,606.0,inf,220.0,1.0,219.0,0.0,0.0,0.0,0.0,0.0,0.0
469.0,606.0,1816.0,1210.0,605.0,1.9966996699669968,560.3395760544801,1120.67915210896,0.5407435293675211,0.0,0.0,1.0,inf,606.0,inf,218.0,0.0,218.0,0.0,0.0,0.0,0.0,0.0,0.0
470.0,608.0,1822.0,1214.0,607.0,1.9967105263157894,562.1243453902098,1124.2486907804193,0.5408056108812943,0.0,0.0,1.0,inf,608.0,inf,220.0,2.0,218.0,0.0,0.0,0.0,0.0,0.0,0.0
471.0,608.0,1822.0,1214.0,607.0,1.9967105263157894,562.1243453902098,1124.2486907804193,0.5408056108812943,0.0,0.0,1.0,inf,608.0,inf,218.0,0.0,218.0,0.0,0.0,0.0,0.0,0.0,0.0
472.0,608.0,1822.0,1214.0,607.0,1.9967105263157894,562.1243453902098,1124.2486907804193,0.5408056108812943,0.0,0.0,1.0,inf,608.0,inf,220.0,0.0,220.0,0.0,0.0,0.0,0.0,0.0,0.0
473.0,608.0,1822.0,1214.0,607.0,1.9967105263157894,562.1243453902098,1124.2486907804193,0.5408056108812943,0.0,0.0,1.0,inf,608.0,inf,220.0,0.0,220.0,0.0,0.0,0.0,0.0,0.0,0.0
474.0,609.0,1825.0,1216.0,608.0,1.9967159277504105,563.0975518778813,1126.1951037557624,0.5407588773641779,0.0,0.0,1.0,inf,609.0,inf,220.0,1.0,219.0,0.0,0.0,0.0,0.0,0.0,0.0
475.0,609.0,1825.0,1216.0,608.0,1.9967159277504105,563.0975518778813,1126.1951037557624,0.5407588773641779,0.0,0.0,1.0,inf,609.0,inf,218.0,0.0,218.0,0.0,0.0,0.0,0.0,0.0,0.0
476.0,609.0,1825.0,1216.0,608.0,1.9967159277504105,563.0975518778813,1126.1951037557624,0.5407588773641779,0.0,0.0,1.0,inf,609.0,inf,220.0,0.0,220.0,0.0,0.0,0.0,0.0,0.0,0.0
477.0,611.0,1831.0,1220.0,610.0,1.9967266775777415,564.9624162561482,1129.9248325122962,0.5407439348345775,0.0,0.0,1.0,inf,611.0,inf,220.0,2.0,218.0,0.0,0.0,0.0,0.0,0.0,0.0
478.0,611.0,1831.0,1220.0,610.0,1.9967266775777415,564.9624162561482,1129.9248325122962,0.5407439348345775,0.0,0.0,1.0,inf,611.0,inf,212.0,0.0,212.0,0.0,0.0,0.0,0.0,0.0,0.0
479.0,611.0,1831.0,1220.0,610.0,1.9967266775777415,564.9624162561482,1129.9248325122962,0.5407439348345775,0.0,0.0,1.0,inf,611.0,inf,220.0,0.0,220.0,0.0,0.0,0.0,0.0,0.0,0.0
480.0,612.0,1834.0,1222.0,611.0,1.9967320261437909,565.9533179281257,1131.9066358562511,0.5406806362055132,0.0,0.0,1.0,inf,612.0,inf,220.0,1.0,219.0,0.0,0.0,0.0,0.0,0.0,0.0
481.0,612.0,1834.0,1222.0,611.0,1.9967320261437909,565.9533179281257,1131.9066358562511,0.5406806362055132,0.0,0.0,1.0,inf,612.0,inf,214.0,0.0,214.0,0.0,0.0,0.0,0.0,0.0,0.0
482.0,615.0,1843.0,1228.0,614.0,1.9967479674796749,568.6966845742687,1137.3933691485372,0.5407100275785803,0.0,0.0,1.0,inf,615.0,inf,220.0,3.0,217.0,0.0,0.0,0.0,0.0,0.0,0.0
483.0,615.0,1843.0,1228.0,614.0,1.9967479674796749,568.6966845742687,1137.3933691485372,0.5407100275785803,0.0,0.0,1.0,inf,615.0,inf,208.0,0.0,208.0,0.0,0.0,0.0,0.0,0.0,0.0
484.0,618.0,1852.0,1234.0,617.0,1.9967637540453074,571.4703322189355,1142.9406644378707,0.5407104841299432,0.0,0.0,1.0,inf,618.0,inf,220.0,3.0,217.0,0.0,0.0,0.0,0.0,0.0,0.0
485.0,618.0,1852.0,1234.0,617.0,1.9967637540453074,571.4703322189355,1142.9406644378707,0.5407104841299432,0.0,0.0,1.0,inf,618.0,inf,214.0,0.0,214.0,0.0,0.0,0.0,0.0,0.0,0.0
486.0,619.0,1855.0,1236.0,618.0,1.9967689822294024,572.4385023656969,1144.8770047313935,0.540669432124045,0.0,0.0,1.0,inf,619.0,inf,220.0,1.0,219.0,0.0,0.0,0.0,0.0,0.0,0.0
487.0,619.0,1855.0,1236.0,618.0,1.9967689822294024,572.4385023656969,1144.8770047313935,0.540669432124045,0.0,0.0,1.0,inf,619.0,inf,220.0,0.0,220.0,0.0,0.0,0.0,0.0,0.0,0.0
488.0,619.0,1855.0,1236.0,618.0,1.9967689822294024,572.4385023656969,1144.8770047313935,0.540669432124045,0.0,0.0,1.0,inf,619.0,inf,220.0,0.0,220.0,0.0,0.0,0.0,0.0,0.0,0.0
489.0,622.0,1864.0,1242.0,621.0,1.9967845659163987,575.31558576673,1150.6311715334598,0.5405728745998192,0.0,0.0,1.0,inf,622.0,inf,220.0,3.0,217.0,0.0,0.0,0.0,0.0,0.0,0.0
490.0,622.0,1864.0,1242.0,621.0,1.9967845659163987,575.31558576673,1150.6311715334598,0.5405728745998192,0.0,0.0,1.0,inf,622.0,inf,215.0,0.0,215.0,0.0,0.0,0.0,0.0,0.0,0.0
491.0,623.0,1867.0,1244.0,622.0,1.9967897271268058,576.2736899607651,1152.54737992153,0.5405417693478392,0.0,0.0,1.0,inf,623.0,inf,220.0,1.0,219.0,0.0,0.0,0.0,0.0,0.0,0.0
492.0,623.0,1867.0,1244.0,622.0,1.9967897271268058,576.2736899607651,1152.54737992153,0.5405417693478392,0.0,0.0,1.0,inf,623.0,inf,217.0,0.0,217.0,0.0,0.0,0.0,0.0,0.0,0.0
493.0,624.0,1870.0,1246.0,623.0,1.9967948717948718,577.1545600821635,1154.3091201643267,0.5405830978024048,0.0,0.0,1.0,inf,624.0,inf,220.0,1.0,219.0,0.0,0.0,0.0,0.0,0.0,0.0
494.0,624.0,1870.0,1246.0,623.0,1.9967948717948718,577.1545600821635,1154.3091201643267,0.5405830978024048,0.0,0.0,1.0,inf,624.0,inf,217.0,0.0,217.0,0.0,0.0,0.0,0.0,0.0,0.0
495.0,625.0,1873.0,1248.0,624.0,1.9968,578.0105489528991,1156.021097905798,0.5406475722045431,0.0,0.0,1.0,inf,625.0,inf,220.0,1.0,219.0,0.0,0.0,0.0,0.0,0.0,0.0
496.0,625.0,1873.0,1248.0,624.0,1.9968,578.0105489528991,1156.021097905798,0.5406475722045431,0.0,0.0,1.0,inf,625.0,inf,215.0,0.0,215.0,0.0,0.0,0.0,0.0,0.0,0.0
497.0,625.0,1873.0,1248.0,624.0,1.9968,578.0105489528991,1156.021097905798,0.5406475722045431,0.0,0.0,1.0,inf,625.0,inf,220.0,0.0,220.0,0.0,0.0,0.0,0.0,0.0,0.0
498.0,626.0,1876.0,1250.0,625.0,1.9968051118210863,578.9005662695683,1157.8011325391365,0.540680072256571,0.0,0.0,1.0,inf,626.0,inf,220.0,1.0,219.0,0.0,0.0,0.0,0.0,0.0,0.0
499.0,626.0,1876.0,1250.0,625.0,1.9968051118210863,578.9005662695683,1157.8011325391365,0.540680072256571,0.0,0.0,1.0,inf,626.0,inf,220.0,0.0,220.0,0.0,0.0,0.0,0.0,0.0,0.0
500.0,626.0,1876.0,1250.0,625.0,1.9968051118210863,578.9005662695683,1157.8011325391365,0.540680072256571,0.0,0.0,1.0,inf,626.0,inf,220.0,0.0,220.0,0.0,0.0,0.0,0.0,0.0,0.0
501.0,626.0,1876.0,1250.0,625.0,1.9968051118210863,578.9005662695683,1157.8011325391365,0.540680072256571,0.0,0.0,1.0,inf,626.0,inf,220.0,0.0,220.0,0.0,0.0,0.0,0.0,0.0,0.0
502.0,626.0,1876.0,1250.0,625.0,1.9968051118210863,578.9005662695683,1157.8011325391365,0.540680072256571,0.0,0.0,1.0,inf,626.0,inf,220.0,0.0,220.0,0.0,0.0,0.0,0.0,0.0,0.0
503.0,627.0,1879.0,1252.0,626.0,1.996810207336523,579.8974516184041,1159.794903236808,0.5406128258109603,0.0,0.0,1.0,inf,627.0,inf,220.0,1.0,219.0,0.0,0.0,0.0,0.0,0.0,0.0
504.0,627.0,1879.0,1252.0,626.0,1.996810207336523,579.8974516184041,1159.794903236808,0.5406128258109603,0.0,0.0,1.0,inf,627.0,inf,219.0,0.0,219.0,0.0,0.0,0.0,0.0,0.0,0.0
505.0,628.0,1882.0,1254.0,627.0,1.9968152866242037,580.846446644884,1161.6928932897679,0.5405903777388043,0.0,0.0,1.0,inf,628.0,inf,220.0,1.0,219.0,0.0,0.0,0.0,0.0,0.0,0.0
506.0,628.0,1882.0,1254.0,627.0,1.9968152866242037,580.846446644884,1161.6928932897679,0.5405903777388043,0.0,0.0,1.0,inf,628.0,inf,217.0,0.0,217.0,0.0,0.0,0.0,0.0,0.0,0.0
507.0,628.0,1882.0,1254.0,627.0,1.9968152866242037,580.846446644884,1161.6928932897679,0.5405903777388043,0.0,0.0,1.0,inf,628.0,inf,220.0,0.0,220.0,0.0,0.0,0.0,0.0,0.0,0.0
508.0,629.0,1885.0,1256.0,628.0,1.9968203497615262,581.7516060062562,1163.5032120125122,0.5406087353313089,0.0,0.0,1.0,inf,629.0,inf,220.0,1.0,219.0,0.0,0.0,0.0,0.0,0.0,0.0
509.0,629.0,1885.0,1256.0,628.0,1.9968203497615262,581.7516060062562,1163.5032120125122,0.5406087353313089,0.0,0.0,1.0,inf,629.0,inf,218.0,0.0,218.0,0.0,0.0,0.0,0.0,0.0,0.0
510.0,632.0,1894.0,1262.0,631.0,1.9968354430379747,584.446474342246,1168.8929486844918,0.5406825327428593,0.0,0.0,1.0,inf,632.0,inf,220.0,3.0,217.0,0.0,0.0,0.0,0.0,0.0,0.0
511.0,632.0,1894.0,1262.0,631.0,1.9968354430379747,584.446474342246,1168.8929486844918,0.5406825327428593,0.0,0.0,1.0,inf,632.0,inf,212.0,0.0,212.0,0.0,0.0,0.0,0.0,0.0,0.0
512.0,634.0,1900.0,1266.0,633.0,1.996845425867508,586.4225098746974,1172.8450197493946,0.5405658798256813,0.0,0.0,1.0,inf,634.0,inf,220.0,2.0,218.0,0.0,0.0,0.0,0.0,0.0,0.0
513.0,634.0,1900.0,1266.0,633.0,1.996845425867508,586.4225098746974,1172.8450197493946,0.5405658798256813,0.0,0.0,1.0,inf,634.0,inf,216.0,0.0,216.0,0.0,0.0,0.0,0.0,0.0,0.0
514.0,634.0,1900.0,1266.0,633.0,1.996845425867508,586.4225098746974,1172.8450197493946,0.5405658798256813,0.0,0.0,1.0,inf,634.0,inf,220.0,0.0,220.0,0.0,0.0,0.0,0.0,0.0,0.0
515.0,637.0,1909.0,1272.0,636.0,1.9968602825745683,589.1895605347268,1178.3791210694533,0.5405730537909416,0.0,0.0,1.0,inf,637.0,inf,220.0,3.0,217.0,0.0,0.0,0.0,0.0,0.0,0.0
516.0,637.0,1909.0,1272.0,636.0,1.9968602825745683,589.1895605347268,1178.3791210694533,0.5405730537909416,0.0,0.0,1.0,inf,637.0,inf,217.0,0.0,217.0,0.0,0.0,0.0,0.0,0.0,0.0
517.0,637.0,1909.0,1272.0,636.0,1.9968602825745683,589.1895605347268,1178.3791210694533,0.5405730537909416,0.0,0.0,1.0,inf,637.0,inf,220.0,0.0,220.0,0.0,0.0,0.0,0.0,0.0,0.0
518.0,639.0,1915.0,1276.0,638.0,1.9968701095461658,591.0230209031212,1182.046041806242,0.5405880798209578,0.0,0.0,1.0,inf,639.0,inf,220.0,2.0,218.0,0.0,0.0,0.0,0.0,0.0,0.0
519.0,639.0,1915.0,1276.0,638.0,1.9968701095461658,591.0230209031212,1182.046041806242,0.5405880798209578,0.0,0.0,1.0,inf,639.0,inf,214.0,0.0,214.0,0.0,0.0,0.0,0.0,0.0,0.0
520.0,639.0,1915.0,1276.0,638.0,1.9968701095461658,591.0230209031212,1182.046041806242,0.5405880798209578,0.0,0.0,1.0,inf,639.0,inf,220.0,0.0,220.0,0.0,0.0,0.0,0.0,0.0,0.0
521.0,639.0,1915.0,1276.0,638.0,1.9968701095461658,591.0230209031212,1182.046041806242,0.5405880798209578,0.0,0.0,1.0,inf,639.0,inf,220.0,0.0,220.0,0.0,0.0,0.0,0.0,0.0,0.0
522.0,643.0,1927.0,1284.0,642.0,1.9968895800933126,594.7313695733166,1189.4627391466329,0.5405801954429555,0.0,0.0,1.0,inf,643.0,inf,220.0,4.0,216.0,0.0,0.0,0.0,0.0,0.0,0.0
523.0,643.0,1927.0,1284.0,642.0,1.9968895800933126,594.7313695733166,1189.4627391466329,0.5405801954429555,0.0,0.0,1.0,inf,643.0,inf,204.0,0.0,204.0,0.0,0.0,0.0,0.0,0.0,0.0
524.0,645.0,1933.0,1288.0,644.0,1.9968992248062016,596.4690895682011,1192.938179136402,0.5406818318673745,0.0,0.0,1.0,inf,645.0,inf,220.0,2.0,218.0,0.0,0.0,0.0,0.0,0.0,0.0
525.0,645.0,1933.0,1288.0,644.0,1.9968992248062016,596.4690895682011,1192.938179136402,0.5406818318673745,0.0,0.0,1.0,inf,645.0,inf,217.0,0.0,217.0,0.0,0.0,0.0,0.0,0.0,0.0
526.0,645.0,1933.0,1288.0,644.0,1.9968992248062016,596.4690895682011,1192.938179136402,0.5406818318673745,0.0,0.0,1.0,inf,645.0,inf,220.0,0.0,220.0,0.0,0.0,0.0,0.0,0.0,0.0
527.0,647.0,1939.0,1292.0,646.0,1.9969088098918084,598.1963437520461,1196.392687504092,0.5407923391355458,0.0,0.0,1.0,inf,647.0,inf,220.0,2.0,218.0,0.0,0.0,0.0,0.0,0.0,0.0
528.0,647.0,1939.0,1292.0,646.0,1.9969088098918084,598.1963437520461,1196.392687504092,0.5407923391355458,0.0,0.0,1.0,inf,647.0,inf,214.0,0.0,214.0,0.0,0.0,0.0,0.0,0.0,0.0
529.0,648.0,1942.0,1294.0,647.0,1.9969135802469136,599.123094630579,1198.2461892611577,0.5407903699652563,0.0,0.0,1.0,inf,648.0,inf,220.0,1.0,219.0,0.0,0.0,0.0,0.0,0.0,0.0
530.0,648.0,1942.0,1294.0,647.0,1.9969135802469136,599.123094630579,1198.2461892611577,0.5407903699652563,0.0,0.0,1.0,inf,648.0,inf,218.0,0.0,218.0,0.0,0.0,0.0,0.0,0.0,0.0
531.0,649.0,1945.0,1296.0,648.0,1.9969183359013867,600.0188268957121,1200.037653791424,0.5408163635112081,0.0,0.0,1.0,inf,649.0,inf,220.0,1.0,219.0,0.0,0.0,0.0,0.0,0.0,0.0
532.0,649.0,1945.0,1296.0,648.0,1.9969183359013867,600.0188268957121,1200.037653791424,0.5408163635112081,0.0,0.0,1.0,inf,649.0,inf,216.0,0.0,216.0,0.0,0.0,0.0,0.0,0.0,0.0
533.0,651.0,1951.0,1300.0,650.0,1.9969278033794162,601.890364856932,1203.7807297138638,0.5407961632304426,0.0,0.0,1.0,inf,651.0,inf,220.0,2.0,218.0,0.0,0.0,0.0,0.0,0.0,0.0
534.0,651.0,1951.0,1300.0,650.0,1.9969278033794162,601.890364856932,1203.7807297138638,0.5407961632304426,0.0,0.0,1.0,inf,651.0,inf,212.0,0.0,212.0,0.0,0.0,0.0,0.0,0.0,0.0
535.0,652.0,1954.0,1302.0,651.0,1.9969325153374233,602.8701329880691,1205.740265976138,0.5407466420408185,0.0,0.0,1.0,inf,652.0,inf,220.0,1.0,219.0,0.0,0.0,0.0,0.0,0.0,0.0
536.0,652.0,1954.0,1302.0,651.0,1.9969325153374233,602.8701329880691,1205.740265976138,0.5407466420408185,0.0,0.0,1.0,inf,652.0,inf,217.0,0.0,217.0,0.0,0.0,0.0,0.0,0.0,0.0
537.0,653.0,1957.0,1304.0,652.0,1.996937212863706,603.7298629891274,1207.4597259782545,0.5408047870672914,0.0,0.0,1.0,inf,653.0,inf,220.0,1.0,219.0,0.0,0.0,0.0,0.0,0.0,0.0
538.0,653.0,1957.0,1304.0,652.0,1.996937212863706,603.7298629891274,1207.4597259782545,0.5408047870672914,0.0,0.0,1.0,inf,653.0,inf,216.0,0.0,216.0,0.0,0.0,0.0,0.0,0.0,0.0
539.0,654.0,1960.0,1306.0,653.0,1.996941896024465,604.6172127228778,1209.2344254457553,0.5408380593853161,0.0,0.0,1.0,inf,654.0,inf,220.0,1.0,219.0,0.0,0.0,0.0,0.0,0.0,0.0
540.0,654.0,1960.0,1306.0,653.0,1.996941896024465,604.6172127228778,1209.2344254457553,0.5408380593853161,0.0,0.0,1.0,inf,654.0,inf,218.0,0.0,218.0,0.0,0.0,0.0,0.0,0.0,0.0
541.0,655.0,1963.0,1308.0,654.0,1.9969465648854963,605.4894992424181,1210.978998484836,0.5408846898414663,0.0,0.0,1.0,inf,655.0,inf,220.0,1.0,219.0,0.0,0.0,0.0,0.0,0.0,0.0
542.0,655.0,1963.0,1308.0,654.0,1.9969465648854963,605.4894992424181,1210.978998484836,0.5408846898414663,0.0,0.0,1.0,inf,655.0,inf,219.0,0.0,219.0,0.0,0.0,0.0,0.0,0.0,0.0
543.0,656.0,1966.0,1310.0,655.0,1.9969512195121952,606.4641108312748,1212.9282216625493,0.5408399180462855,0.0,0.0,1.0,inf,656.0,inf,220.0,1.0,219.0,0.0,0.0,0.0,0.0,0.0,0.0
544.0,656.0,1966.0,1310.0,655.0,1.9969512195121952,606.4641108312748,1212.9282216625493,0.5408399180462855,0.0,0.0,1.0,inf,656.0,inf,218.0,0.0,218.0,0.0,0.0,0.0,0.0,0.0,0.0
545.0,657.0,1969.0,1312.0,656.0,1.9969558599695585,607.4178992821004,1214.8357985642006,0.5408138291417657,0.0,0.0,1.0,inf,657.0,inf,220.0,1.0,219.0,0.0,0.0,0.0,0.0,0.0,0.0
546.0,657.0,1969.0,1312.0,656.0,1.9969558599695585,607.4178992821004,1214.8357985642006,0.5408138291417657,0.0,0.0,1.0,inf,657.0,inf,219.0,0.0,219.0,0.0,0.0,0.0,0.0,0.0,0.0
547.0,659.0,1975.0,1316.0,658.0,1.9969650986342944,609.246489961751,1218.4929799235017,0.5408320038424618,0.0,0.0,1.0,inf,659.0,inf,220.0,2.0,218.0,0.0,0.0,0.0,0.0,0.0,0.0
548.0,659.0,1975.0,1316.0,658.0,1.9969650986342944,609.246489961751,1218.4929799235017,0.5408320038424618,0.0,0.0,1.0,inf,659.0,inf,217.0,0.0,217.0,0.0,0.0,0.0,0.0,0.0,0.0
549.0,660.0,1978.0,1318.0,659.0,1.996969696969697,610.176778375851,1220.3535567517017,0.5408268745958893,0.0,0.0,1.0,inf,660.0,inf,220.0,1.0,219.0,0.0,0.0,0.0,0.0,0.0,0.0
550.0,660.0,1978.0,1318.0,659.0,1.996969696969697,610.176778375851,1220.3535567517017,0.5408268745958893,0.0,0.0,1.0,inf,660.0,inf,218.0,0.0,218.0,0.0,0.0,0.0,0.0,0.0,0.0
551.0,661.0,1981.0,1320.0,660.0,1.9969742813918305,611.0647639817475,1222.1295279634949,0.5408592009894913,0.0,0.0,1.0,inf,661.0,inf,220.0,1.0,219.0,0.0,0.0,0.0,0.0,0.0,0.0
552.0,661.0,1981.0,1320.0,660.0,1.9969742813918305,611.0647639817475,1222.1295279634949,0.5408592009894913,0.0,0.0,1.0,inf,661.0,inf,219.0,0.0,219.0,0.0,0.0,0.0,0.0,0.0,0.0
553.0,662.0,1984.0,1322.0,661.0,1.9969788519637461,612.0540208656431,1224.108041731286,0.5408019369464456,0.0,0.0,1.0,inf,662.0,inf,220.0,1.0,219.0,0.0,0.0,0.0,0.0,0.0,0.0
554.0,662.0,1984.0,1322.0,661.0,1.9969788519637461,612.0540208656431,1224.108041731286,0.5408019369464456,0.0,0.0,1.0,inf,662.0,inf,217.0,0.0,217.0,0.0,0.0,0.0,0.0,0.0,0.0
555.0,663.0,1987.0,1324.0,662.0,1.9969834087481146,613.0469035663126,1226.093807132625,0.5407416595231886,0.0,0.0,1.0,inf,663.0,inf,220.0,1.0,219.0,0.0,0.0,0.0,0.0,0.0,0.0
556.0,663.0,1987.0,1324.0,662.0,1.9969834087481146,613.0469035663126,1226.093807132625,0.5407416595231886,0.0,0.0,1.0,inf,663.0,inf,219.0,0.0,219.0,0.0,0.0,0.0,0.0,0.0,0.0
557.0,665.0,1993.0,1328.0,664.0,1.9969924812030075,614.8736157490447,1229.7472314980891,0.5407615345390052,0.0,0.0,1.0,inf,665.0,inf,220.0,2.0,218.0,0.0,0.0,0.0,0.0,0.0,0.0
558.0,665.0,1993.0,1328.0,664.0,1.9969924812030075,614.8736157490447,1229.7472314980891,0.5407615345390052,0.0,0.0,1.0,inf,665.0,inf,215.0,0.0,215.0,0.0,0.0,0.0,0.0,0.0,0.0
559.0,666.0,1996.0,1330.0,665.0,1.996996996996997,615.8473245644542,1231.6946491289082,0.5407184325035554,0.0,0.0,1.0,inf,666.0,inf,220.0,1.0,219.0,0.0,0.0,0.0,0.0,0.0,0.0
560.0,666.0,1996.0,1330.0,665.0,1.996996996996997,615.8473245644542,1231.6946491289082,0.5407184325035554,0.0,0.0,1.0,inf,666.0,inf,217.0,0.0,217.0,0.0,0.0,0.0,0.0,0.0,0.0
561.0,667.0,1999.0,1332.0,666.0,1.9970014992503748,616.7687765928098,1233.5375531856193,0.5407212762006862,0.0,0.0,1.0,inf,667.0,inf,220.0,1.0,219.0,0.0,0.0,0.0,0.0,0.0,0.0
562.0,667.0,1999.0,1332.0,666.0,1.9970014992503748,616.7687765928098,1233.5375531856193,0.5407212762006862,0.0,0.0,1.0,inf,667.0,inf,218.0,0.0,218.0,0.0,0.0,0.0,0.0,0.0,0.0
563.0,668.0,2002.0,1334.0,667.0,1.9970059880239521,617.7661737295481,1235.532347459096,0.5406576374740485,0.0,0.0,1.0,inf,668.0,inf,220.0,1.0,219.0,0.0,0.0,0.0,0.0,0.0,0.0
564.0,668.0,2002.0,1334.0,667.0,1.9970059880239521,617.7661737295481,1235.532347459096,0.5406576374740485,0.0,0.0,1.0,inf,668.0,inf,219.0,0.0,219.0,0.0,0.0,0.0,0.0,0.0,0.0
565.0,668.0,2002.0,1334.0,667.0,1.9970059880239521,617.7661737295481,1235.532347459096,0.5406576374740485,0.0,0.0,1.0,inf,668.0,inf,220.0,0.0,220.0,0.0,0.0,0.0,0.0,0.0,0.0
566.0,668.0,2002.0,1334.0,667.0,1.9970059880239521,617.7661737295481,1235.532347459096,0.5406576374740485,0.0,0.0,1.0,inf,668.0,inf,220.0,0.0,220.0,0.0,0.0,0.0,0.0,0.0,0.0
567.0,669.0,2005.0,1336.0,668.0,1.9970104633781764,618.6755516955732,1237.3511033911461,0.5406711144205596,0.0,0.0,1.0,inf,669.0,inf,220.0,1.0,219.0,0.0,0.0,0.0,0.0,0.0,0.0
568.0,669.0,2005.0,1336.0,668.0,1.9970104633781764,618.6755516955732,1237.3511033911461,0.5406711144205596,0.0,0.0,1.0,inf,669.0,inf,218.0,0.0,218.0,0.0,0.0,0.0,0.0,0.0,0.0
569.0,670.0,2008.0,1338.0,669.0,1.9970149253731344,619.5671107036508,1239.1342214073013,0.5407001020753603,0.0,0.0,1.0,inf,670.0,inf,220.0,1.0,219.0,0.0,0.0,0.0,0.0,0.0,0.0
570.0,670.0,2008.0,1338.0,669.0,1.9970149253731344,619.5671107036508,1239.1342214073013,0.5407001020753603,0.0,0.0,1.0,inf,670.0,inf,219.0,0.0,219.0,0.0,0.0,0.0,0.0,0.0,0.0
571.0,672.0,2014.0,1342.0,671.0,1.9970238095238095,621.4018181525588,1242.8036363051174,0.5407129335394213,0.0,0.0,1.0,inf,672.0,inf,220.0,2.0,218.0,0.0,0.0,0.0,0.0,0.0,0.0
572.0,672.0,2014.0,1342.0,671.0,1.9970238095238095,621.4018181525588,1242.8036363051174,0.5407129335394213,0.0,0.0,1.0,inf,672.0,inf,216.0,0.0,216.0,0.0,0.0,0.0,0.0,0.0,0.0
573.0,673.0,2017.0,1344.0,672.0,1.9970282317979198,622.3132150922156,1244.626430184431,0.5407244966670631,0.0,0.0,1.0,inf,673.0,inf,220.0,1.0,219.0,0.0,0.0,0.0,0.0,0.0,0.0
574.0,673.0,2017.0,1344.0,672.0,1.9970282317979198,622.3132150922156,1244.626430184431,0.5407244966670631,0.0,0.0,1.0,inf,673.0,inf,216.0,0.0,216.0,0.0,0.0,0.0,0.0,0.0,0.0
575.0,674.0,2020.0,1346.0,673.0,1.997032640949555,623.2023069839312,1246.4046139678621,0.5407553794705213,0.0,0.0,1.0,inf,674.0,inf,220.0,1.0,219.0,0.0,0.0,0.0,0.0,0.0,0.0
576.0,674.0,2020.0,1346.0,673.0,1.997032640949555,623.2023069839312,1246.4046139678621,0.5407553794705213,0.0,0.0,1.0,inf,674.0,inf,218.0,0.0,218.0,0.0,0.0,0.0,0.0,0.0,0.0
577.0,675.0,2023.0,1348.0,674.0,1.997037037037037,624.1707368547671,1248.341473709534,0.5407174352656812,0.0,0.0,1.0,inf,675.0,inf,220.0,1.0,219.0,0.0,0.0,0.0,0.0,0.0,0.0
578.0,675.0,2023.0,1348.0,674.0,1.997037037037037,624.1707368547671,1248.341473709534,0.5407174352656812,0.0,0.0,1.0,inf,675.0,inf,215.0,0.0,215.0,0.0,0.0,0.0,0.0,0.0,0.0
579.0,676.0,2026.0,1350.0,675.0,1.9970414201183433,625.1161511760968,1250.2323023521933,0.5406995153845972,0.0,0.0,1.0,inf,676.0,inf,220.0,1.0,219.0,0.0,0.0,0.0,0.0,0.0,0.0
580.0,676.0,2026.0,1350.0,675.0,1.9970414201183433,625.1161511760968,1250.2323023521933,0.5406995153845972,0.0,0.0,1.0,inf,676.0,inf,217.0,0.0,217.0,0.0,0.0,0.0,0.0,0.0,0.0
581.0,678.0,2032.0,1354.0,677.0,1.9970501474926254,626.913221243519,1253.8264424870379,0.5407446972127558,0.0,0.0,1.0,inf,678.0,inf,220.0,2.0,218.0,0.0,0.0,0.0,0.0,0.0,0.0
582.0,678.0,2032.0,1354.0,677.0,1.9970501474926254,626.913221243519,1253.8264424870379,0.5407446972127558,0.0,0.0,1.0,inf,678.0,inf,216.0,0.0,216.0,0.0,0.0,0.0,0.0,0.0,0.0
583.0,680.0,2038.0,1358.0,679.0,1.9970588235294118,628.6951402251739,1257.3902804503475,0.5408026533785921,0.0,0.0,1.0,inf,680.0,inf,220.0,2.0,218.0,0.0,0.0,0.0,0.0,0.0,0.0
584.0,680.0,2038.0,1358.0,679.0,1.9970588235294118,628.6951402251739,1257.3902804503475,0.5408026533785921,0.0,0.0,1.0,inf,680.0,inf,214.0,0.0,214.0,0.0,0.0,0.0,0.0,0.0,0.0
585.0,680.0,2038.0,1358.0,679.0,1.9970588235294118,628.6951402251739,1257.3902804503475,0.5408026533785921,0.0,0.0,1.0,inf,680.0,inf,220.0,0.0,220.0,0.0,0.0,0.0,0.0,0.0,0.0
586.0,681.0,2041.0,1360.0,680.0,1.9970631424375918,629.5515174141636,1259.103034828327,0.540861217202015,0.0,0.0,1.0,inf,681.0,inf,220.0,1.0,219.0,0.0,0.0,0.0,0.0,0.0,0.0
587.0,681.0,2041.0,1360.0,680.0,1.9970631424375918,629.5515174141636,1259.103034828327,0.540861217202015,0.0,0.0,1.0,inf,681.0,inf,218.0,0.0,218.0,0.0,0.0,0.0,0.0,0.0,0.0
588.0,683.0,2047.0,1364.0,682.0,1.9970717423133235,631.3311632579555,1262.6623265159108,0.540920549902376,0.0,0.0,1.0,inf,683.0,inf,220.0,2.0,218.0,0.0,0.0,0.0,0.0,0.0,0.0
589.0,683.0,2047.0,1364.0,682.0,1.9970717423133235,631.3311632579555,1262.6623265159108,0.540920549902376,0.0,0.0,1.0,inf,683.0,inf,215.0,0.0,215.0,0.0,0.0,0.0,0.0,0.0,0.0
590.0,684.0,2050.0,1366.0,683.0,1.9970760233918128,632.2987907554268,1264.5975815108534,0.5408835269025299,0.0,0.0,1.0,inf,684.0,inf,220.0,1.0,219.0,0.0,0.0,0.0,0.0,0.0,0.0
591.0,684.0,2050.0,1366.0,683.0,1.9970760233918128,632.2987907554268,1264.5975815108534,0.5408835269025299,0.0,0.0,1.0,inf,684.0,inf,219.0,0.0,219.0,0.0,0.0,0.0,0.0,0.0,0.0
592.0,685.0,2053.0,1368.0,684.0,1.9970802919708028,633.2602946013633,1266.5205892027263,0.5408518470522512,0.0,0.0,1.0,inf,685.0,inf,220.0,1.0,219.0,0.0,0.0,0.0,0.0,0.0,0.0
593.0,685.0,2053.0,1368.0,684.0,1.9970802919708028,633.2602946013633,1266.5205892027263,0.5408518470522512,0.0,0.0,1.0,inf,685.0,inf,214.0,0.0,214.0,0.0,0.0,0.0,0.0,0.0,0.0
594.0,686.0,2056.0,1370.0,685.0,1.9970845481049562,634.1966034069086,1268.393206813817,0.5408417486902353,0.0,0.0,1.0,inf,686.0,inf,220.0,1.0,219.0,0.0,0.0,0.0,0.0,0.0,0.0
595.0,686.0,2056.0,1370.0,685.0,1.9970845481049562,634.1966034069086,1268.393206813817,0.5408417486902353,0.0,0.0,1.0,inf,686.0,inf,219.0,0.0,219.0,0.0,0.0,0.0,0.0,0.0,0.0
596.0,688.0,2062.0,1374.0,687.0,1.997093023255814,635.943669455731,1271.8873389114617,0.5409284131948521,0.0,0.0,1.0,inf,688.0,inf,220.0,2.0,218.0,0.0,0.0,0.0,0.0,0.0,0.0
597.0,688.0,2062.0,1374.0,687.0,1.997093023255814,635.943669455731,1271.8873389114617,0.5409284131948521,0.0,0.0,1.0,inf,688.0,inf,212.0,0.0,212.0,0.0,0.0,0.0,0.0,0.0,0.0
598.0,690.0,2068.0,1378.0,689.0,1.9971014492753623,637.8206769613604,1275.6413539227206,0.5409043834132401,0.0,0.0,1.0,inf,690.0,inf,220.0,2.0,218.0,0.0,0.0,0.0,0.0,0.0,0.0
599.0,690.0,2068.0,1378.0,689.0,1.9971014492753623,637.8206769613604,1275.6413539227206,0.5409043834132401,0.0,0.0,1.0,inf,690.0,inf,214.0,0.0,214.0,0.0,0.0,0.0,0.0,0.0,0.0
600.0,694.0,2080.0,1386.0,693.0,1.9971181556195965,641.3944535718392,1282.7889071436782,0.5410087319396104,0.0,0.0,1.0,inf,694.0,inf,220.0,4.0,216.0,0.0,0.0,0.0,0.0,0.0,0.0
601.0,694.0,2080.0,1386.0,693.0,1.9971181556195965,641.3944535718392,1282.7889071436782,0.5410087319396104,0.0,0.0,1.0,inf,694.0,inf,211.0,0.0,211.0,0.0,0.0,0.0,0.0,0.0,0.0
602.0,695.0,2083.0,1388.0,694.0,1.9971223021582734,642.3832311326166,1284.766462265233,0.5409543449434479,0.0,0.0,1.0,inf,695.0,inf,220.0,1.0,219.0,0.0,0.0,0.0,0.0,0.0,0.0
603.0,695.0,2083.0,1388.0,694.0,1.9971223021582734,642.3832311326166,1284.766462265233,0.5409543449434479,0.0,0.0,1.0,inf,695.0,inf,216.0,0.0,216.0,0.0,0.0,0.0,0.0,0.0,0.0
604.0,696.0,2086.0,1390.0,695.0,1.9971264367816093,643.3809835854332,1286.7619671708662,0.5408925797910064,0.0,0.0,1.0,inf,696.0,inf,220.0,1.0,219.0,0.0,0.0,0.0,0.0,0.0,0.0
605.0,696.0,2086.0,1390.0,695.0,1.9971264367816093,643.3809835854332,1286.7619671708662,0.5408925797910064,0.0,0.0,1.0,inf,696.0,inf,218.0,0.0,218.0,0.0,0.0,0.0,0.0,0.0,0.0
606.0,696.0,2086.0,1390.0,695.0,1.9971264367816093,643.3809835854332,1286.7619671708662,0.5408925797910064,0.0,0.0,1.0,inf,696.0,inf,220.0,0.0,220.0,0.0,0.0,0.0,0.0,0.0,0.0
607.0,696.0,2086.0,1390.0,695.0,1.9971264367816093,643.3809835854332,1286.7619671708662,0.5408925797910064,0.0,0.0,1.0,inf,696.0,inf,220.0,0.0,220.0,0.0,0.0,0.0,0.0,0.0,0.0
608.0,696.0,2086.0,1390.0,695.0,1.9971264367816093,643.3809835854332,1286.7619671708662,0.5408925797910064,0.0,0.0,1.0,inf,696.0,inf,220.0,0.0,220.0,0.0,0.0,0.0,0.0,0.0,0.0
609.0,698.0,2092.0,1394.0,697.0,1.997134670487106,645.366427775669,1290.7328555513377,0.5407780525597984,0.0,0.0,1.0,inf,698.0,inf,220.0,2.0,218.0,0.0,0.0,0.0,0.0,0.0,0.0
610.0,698.0,2092.0,1394.0,697.0,1.997134670487106,645.366427775669,1290.7328555513377,0.5407780525597984,0.0,0.0,1.0,inf,698.0,inf,218.0,0.0,218.0,0.0,0.0,0.0,0.0,0.0,0.0
611.0,698.0,2092.0,1394.0,697.0,1.997134670487106,645.366427775669,1290.7328555513377,0.5407780525597984,0.0,0.0,1.0,inf,698.0,inf,220.0,0.0,220.0,0.0,0.0,0.0,0.0,0.0,0.0
612.0,698.0,2092.0,1394.0,697.0,1.997134670487106,645.366427775669,1290.7328555513377,0.5407780525597984,0.0,0.0,1.0,inf,698.0,inf,220.0,0.0,220.0,0.0,0.0,0.0,0.0,0.0,0.0
613.0,699.0,2095.0,1396.0,698.0,1.9971387696709586,646.3502090205852,1292.7004180411702,0.5407285324926212,0.0,0.0,1.0,inf,699.0,inf,220.0,1.0,219.0,0.0,0.0,0.0,0.0,0.0,0.0
614.0,699.0,2095.0,1396.0,698.0,1.9971387696709586,646.3502090205852,1292.7004180411702,0.5407285324926212,0.0,0.0,1.0,inf,699.0,inf,220.0,0.0,220.0,0.0,0.0,0.0,0.0,0.0,0.0
615.0,701.0,2101.0,1400.0,700.0,1.9971469329529243,648.0717055508804,1296.1434111017606,0.5408352146805492,0.0,0.0,1.0,inf,701.0,inf,220.0,2.0,218.0,0.0,0.0,0.0,0.0,0.0,0.0
616.0,701.0,2101.0,1400.0,700.0,1.9971469329529243,648.0717055508804,1296.1434111017606,0.5408352146805492,0.0,0.0,1.0,inf,701.0,inf,216.0,0.0,216.0,0.0,0.0,0.0,0.0,0.0,0.0
617.0,703.0,2107.0,1404.0,702.0,1.9971550497866288,649.8580963837742,1299.7161927675481,0.5408873136396557,0.0,0.0,1.0,inf,703.0,inf,220.0,2.0,218.0,0.0,0.0,0.0,0.0,0.0,0.0
618.0,703.0,2107.0,1404.0,702.0,1.9971550497866288,649.8580963837742,1299.7161927675481,0.5408873136396557,0.0,0.0,1.0,inf,703.0,inf,215.0,0.0,215.0,0.0,0.0,0.0,0.0,0.0,0.0
619.0,705.0,2113.0,1408.0,704.0,1.9971631205673759,651.6796057817579,1303.3592115635156,0.5409099761180026,0.0,0.0,1.0,inf,705.0,inf,220.0,2.0,218.0,0.0,0.0,0.0,0.0,0.0,0.0
620.0,705.0,2113.0,1408.0,704.0,1.9971631205673759,651.6796057817579,1303.3592115635156,0.5409099761180026,0.0,0.0,1.0,inf,705.0,inf,217.0,0.0,217.0,0.0,0.0,0.0,0.0,0.0,0.0
621.0,706.0,2116.0,1410.0,705.0,1.9971671388101984,652.6454986806207,1305.2909973612411,0.5408755606429833,0.0,0.0,1.0,inf,706.0,inf,220.0,1.0,219.0,0.0,0.0,0.0,0.0,0.0,0.0
622.0,706.0,2116.0,1410.0,705.0,1.9971671388101984,652.6454986806207,1305.2909973612411,0.5408755606429833,0.0,0.0,1.0,inf,706.0,inf,218.0,0.0,218.0,0.0,0.0,0.0,0.0,0.0,0.0
623.0,706.0,2116.0,1410.0,705.0,1.9971671388101984,652.6454986806207,1305.2909973612411,0.5408755606429833,0.0,0.0,1.0,inf,706.0,inf,220.0,0.0,220.0,0.0,0.0,0.0,0.0,0.0,0.0
624.0,707.0,2119.0,1412.0,706.0,1.997171145685997,653.5606588315363,1307.1213176630724,0.5408832297709022,0.0,0.0,1.0,inf,707.0,inf,220.0,1.0,219.0,0.0,0.0,0.0,0.0,0.0,0.0
625.0,707.0,2119.0,1412.0,706.0,1.997171145685997,653.5606588315363,1307.1213176630724,0.5408832297709022,0.0,0.0,1.0,inf,707.0,inf,217.0,0.0,217.0,0.0,0.0,0.0,0.0,0.0,0.0
626.0,709.0,2125.0,1416.0,708.0,1.997179125528914,655.4452818089994,1310.8905636179986,0.5408536911297859,0.0,0.0,1.0,inf,709.0,inf,220.0,2.0,218.0,0.0,0.0,0.0,0.0,0.0,0.0
627.0,709.0,2125.0,1416.0,708.0,1.997179125528914,655.4452818089994,1310.8905636179986,0.5408536911297859,0.0,0.0,1.0,inf,709.0,inf,218.0,0.0,218.0,0.0,0.0,0.0,0.0,0.0,0.0
628.0,710.0,2128.0,1418.0,709.0,1.9971830985915493,656.3805254947533,1312.7610509895064,0.5408448090875568,0.0,0.0,1.0,inf,710.0,inf,220.0,1.0,219.0,0.0,0.0,0.0,0.0,0.0,0.0
629.0,710.0,2128.0,1418.0,709.0,1.9971830985915493,656.3805254947533,1312.7610509895064,0.5408448090875568,0.0,0.0,1.0,inf,710.0,inf,216.0,0.0,216.0,0.0,0.0,0.0,0.0,0.0,0.0
630.0,711.0,2131.0,1420.0,710.0,1.9971870604781998,657.377583055221,1314.7551661104417,0.5407850969724007,0.0,0.0,1.0,inf,711.0,inf,220.0,1.0,219.0,0.0,0.0,0.0,0.0,0.0,0.0
631.0,711.0,2131.0,1420.0,710.0,1.9971870604781998,657.377583055221,1314.7551661104417,0.5407850969724007,0.0,0.0,1.0,inf,711.0,inf,219.0,0.0,219.0,0.0,0.0,0.0,0.0,0.0,0.0
632.0,713.0,2137.0,1424.0,712.0,1.997194950911641,659.1091338578776,1318.218267715755,0.5408815956067018,0.0,0.0,1.0,inf,713.0,inf,220.0,2.0,218.0,0.0,0.0,0.0,0.0,0.0,0.0
633.0,713.0,2137.0,1424.0,712.0,1.997194950911641,659.1091338578776,1318.218267715755,0.5408815956067018,0.0,0.0,1.0,inf,713.0,inf,214.0,0.0,214.0,0.0,0.0,0.0,0.0,0.0,0.0
634.0,714.0,2140.0,1426.0,713.0,1.9971988795518207,660.0985963397156,1320.197192679431,0.5408282974385726,0.0,0.0,1.0,inf,714.0,inf,220.0,1.0,219.0,0.0,0.0,0.0,0.0,0.0,0.0
635.0,714.0,2140.0,1426.0,713.0,1.9971988795518207,660.0985963397156,1320.197192679431,0.5408282974385726,0.0,0.0,1.0,inf,714.0,inf,217.0,0.0,217.0,0.0,0.0,0.0,0.0,0.0,0.0
636.0,715.0,2143.0,1428.0,714.0,1.9972027972027973,661.0565868266538,1322.1131736533073,0.5408009043766564,0.0,0.0,1.0,inf,715.0,inf,220.0,1.0,219.0,0.0,0.0,0.0,0.0,0.0,0.0
637.0,715.0,2143.0,1428.0,714.0,1.9972027972027973,661.0565868266538,1322.1131736533073,0.5408009043766564,0.0,0.0,1.0,inf,715.0,inf,218.0,0.0,218.0,0.0,0.0,0.0,0.0,0.0,0.0
638.0,715.0,2143.0,1428.0,714.0,1.9972027972027973,661.0565868266538,1322.1131736533073,0.5408009043766564,0.0,0.0,1.0,inf,715.0,inf,220.0,0.0,220.0,0.0,0.0,0.0,0.0,0.0,0.0
639.0,715.0,2143.0,1428.0,714.0,1.9972027972027973,661.0565868266538,1322.1131736533073,0.5408009043766564,0.0,0.0,1.0,inf,715.0,inf,220.0,0.0,220.0,0.0,0.0,0.0,0.0,0.0,0.0
640.0,716.0,2146.0,1430.0,715.0,1.9972067039106145,661.952381704769,1323.9047634095377,0.5408244005075099,0.0,0.0,1.0,inf,716.0,inf,220.0,1.0,219.0,0.0,0.0,0.0,0.0,0.0,0.0
641.0,716.0,2146.0,1430.0,715.0,1.9972067039106145,661.952381704769,1323.9047634095377,0.5408244005075099,0.0,0.0,1.0,inf,716.0,inf,218.0,0.0,218.0,0.0,0.0,0.0,0.0,0.0,0.0
642.0,717.0,2149.0,1432.0,716.0,1.99721059972106,662.8074955981658,1325.6149911963314,0.5408810286257604,0.0,0.0,1.0,inf,717.0,inf,220.0,1.0,219.0,0.0,0.0,0.0,0.0,0.0,0.0
643.0,717.0,2149.0,1432.0,716.0,1.99721059972106,662.8074955981658,1325.6149911963314,0.5408810286257604,0.0,0.0,1.0,inf,717.0,inf,218.0,0.0,218.0,0.0,0.0,0.0,0.0,0.0,0.0
644.0,718.0,2152.0,1434.0,717.0,1.9972144846796658,663.7535761176628,1327.5071522353253,0.5408633759833191,0.0,0.0,1.0,inf,718.0,inf,220.0,1.0,219.0,0.0,0.0,0.0,0.0,0.0,0.0
645.0,718.0,2152.0,1434.0,717.0,1.9972144846796658,663.7535761176628,1327.5071522353253,0.5408633759833191,0.0,0.0,1.0,inf,718.0,inf,218.0,0.0,218.0,0.0,0.0,0.0,0.0,0.0,0.0
646.0,718.0,2152.0,1434.0,717.0,1.9972144846796658,663.7535761176628,1327.5071522353253,0.5408633759833191,0.0,0.0,1.0,inf,718.0,inf,220.0,0.0,220.0,0.0,0.0,0.0,0.0,0.0,0.0
647.0,719.0,2155.0,1436.0,718.0,1.9972183588317107,664.7254399472374,1329.4508798944746,0.5408247953147924,0.0,0.0,1.0,inf,719.0,inf,220.0,1.0,219.0,0.0,0.0,0.0,0.0,0.0,0.0
648.0,719.0,2155.0,1436.0,718.0,1.9972183588317107,664.7254399472374,1329.4508798944746,0.5408247953147924,0.0,0.0,1.0,inf,719.0,inf,220.0,0.0,220.0,0.0,0.0,0.0,0.0,0.0,0.0
649.0,720.0,2158.0,1438.0,719.0,1.9972222222222222,665.7030194956368,1331.4060389912734,0.5407816841100562,0.0,0.0,1.0,inf,720.0,inf,220.0,1.0,219.0,0.0,0.0,0.0,0.0,0.0,0.0
650.0,720.0,2158.0,1438.0,719.0,1.9972222222222222,665.7030194956368,1331.4060389912734,0.5407816841100562,0.0,0.0,1.0,inf,720.0,inf,216.0,0.0,216.0,0.0,0.0,0.0,0.0,0.0,0.0
651.0,720.0,2158.0,1438.0,719.0,1.9972222222222222,665.7030194956368,1331.4060389912734,0.5407816841100562,0.0,0.0,1.0,inf,720.0,inf,220.0,0.0,220.0,0.0,0.0,0.0,0.0,0.0,0.0
652.0,720.0,2158.0,1438.0,719.0,1.9972222222222222,665.7030194956368,1331.4060389912734,0.5407816841100562,0.0,0.0,1.0,inf,720.0,inf,220.0,0.0,220.0,0.0,0.0,0.0,0.0,0.0,0.0
653.0,720.0,2158.0,1438.0,719.0,1.9972222222222222,665.7030194956368,1331.4060389912734,0.5407816841100562,0.0,0.0,1.0,inf,720.0,inf,220.0,0.0,220.0,0.0,0.0,0.0,0.0,0.0,0.0
654.0,721.0,2161.0,1440.0,720.0,1.9972260748959778,666.6134780672262,1333.2269561344522,0.5407931460450378,0.0,0.0,1.0,inf,721.0,inf,220.0,1.0,219.0,0.0,0.0,0.0,0.0,0.0,0.0
655.0,721.0,2161.0,1440.0,720.0,1.9972260748959778,666.6134780672262,1333.2269561344522,0.5407931460450378,0.0,0.0,1.0,inf,721.0,inf,218.0,0.0,218.0,0.0,0.0,0.0,0.0,0.0,0.0
656.0,721.0,2161.0,1440.0,720.0,1.9972260748959778,666.6134780672262,1333.2269561344522,0.5407931460450378,0.0,0.0,1.0,inf,721.0,inf,220.0,0.0,220.0,0.0,0.0,0.0,0.0,0.0,0.0
657.0,724.0,2170.0,1446.0,723.0,1.9972375690607735,669.3894160598096,1338.778832119619,0.5407913410564823,0.0,0.0,1.0,inf,724.0,inf,220.0,3.0,217.0,0.0,0.0,0.0,0.0,0.0,0.0
658.0,724.0,2170.0,1446.0,723.0,1.9972375690607735,669.3894160598096,1338.778832119619,0.5407913410564823,0.0,0.0,1.0,inf,724.0,inf,214.0,0.0,214.0,0.0,0.0,0.0,0.0,0.0,0.0
659.0,727.0,2179.0,1452.0,726.0,1.9972489683631363,672.0911965927129,1344.1823931854256,0.5408492208242403,0.0,0.0,1.0,inf,727.0,inf,220.0,3.0,217.0,0.0,0.0,0.0,0.0,0.0,0.0
660.0,727.0,2179.0,1452.0,726.0,1.9972489683631363,672.0911965927129,1344.1823931854256,0.5408492208242403,0.0,0.0,1.0,inf,727.0,inf,216.0,0.0,216.0,0.0,0.0,0.0,0.0,0.0,0.0
661.0,728.0,2182.0,1454.0,727.0,1.9972527472527473,673.0339475811531,1346.067895162306,0.5408345319106056,0.0,0.0,1.0,inf,728.0,inf,220.0,1.0,219.0,0.0,0.0,0.0,0.0,0.0,0.0
662.0,728.0,2182.0,1454.0,727.0,1.9972527472527473,673.0339475811531,1346.067895162306,0.5408345319106056,0.0,0.0,1.0,inf,728.0,inf,217.0,0.0,217.0,0.0,0.0,0.0,0.0,0.0,0.0
663.0,730.0,2188.0,1458.0,729.0,1.9972602739726026,674.8411722256762,1349.6823444513523,0.5408680072026474,0.0,0.0,1.0,inf,730.0,inf,220.0,2.0,218.0,0.0,0.0,0.0,0.0,0.0,0.0
664.0,730.0,2188.0,1458.0,729.0,1.9972602739726026,674.8411722256762,1349.6823444513523,0.5408680072026474,0.0,0.0,1.0,inf,730.0,inf,216.0,0.0,216.0,0.0,0.0,0.0,0.0,0.0,0.0
665.0,733.0,2197.0,1464.0,732.0,1.9972714870395634,677.8090388203805,1355.6180776407607,0.5407127657043869,0.0,0.0,1.0,inf,733.0,inf,220.0,3.0,217.0,0.0,0.0,0.0,0.0,0.0,0.0
666.0,733.0,2197.0,1464.0,732.0,1.9972714870395634,677.8090388203805,1355.6180776407607,0.5407127657043869,0.0,0.0,1.0,inf,733.0,inf,216.0,0.0,216.0,0.0,0.0,0.0,0.0,0.0,0.0
667.0,733.0,2197.0,1464.0,732.0,1.9972714870395634,677.8090388203805,1355.6180776407607,0.5407127657043869,0.0,0.0,1.0,inf,733.0,inf,220.0,0.0,220.0,0.0,0.0,0.0,0.0,0.0,0.0
668.0,734.0,2200.0,1466.0,733.0,1.997275204359673,678.7518926909048,1357.5037853818094,0.5406983081034697,0.0,0.0,1.0,inf,734.0,inf,220.0,1.0,219.0,0.0,0.0,0.0,0.0,0.0,0.0
669.0,734.0,2200.0,1466.0,733.0,1.997275204359673,678.7518926909048,1357.5037853818094,0.5406983081034697,0.0,0.0,1.0,inf,734.0,inf,220.0,0.0,220.0,0.0,0.0,0.0,0.0,0.0,0.0
670.0,734.0,2200.0,1466.0,733.0,1.997275204359673,678.7518926909048,1357.5037853818094,0.5406983081034697,0.0,0.0,1.0,inf,734.0,inf,220.0,0.0,220.0,0.0,0.0,0.0,0.0,0.0,0.0
671.0,735.0,2203.0,1468.0,734.0,1.997278911564626,679.6971341410385,1359.3942682820768,0.5406819913466681,0.0,0.0,1.0,inf,735.0,inf,220.0,1.0,219.0,0.0,0.0,0.0,0.0,0.0,0.0
672.0,735.0,2203.0,1468.0,734.0,1.997278911564626,679.6971341410385,1359.3942682820768,0.5406819913466681,0.0,0.0,1.0,inf,735.0,inf,219.0,0.0,219.0,0.0,0.0,0.0,0.0,0.0,0.0
673.0,735.0,2203.0,1468.0,734.0,1.997278911564626,679.6971341410385,1359.3942682820768,0.5406819913466681,0.0,0.0,1.0,inf,735.0,inf,220.0,0.0,220.0,0.0,0.0,0.0,0.0,0.0,0.0
674.0,737.0,2209.0,1472.0,736.0,1.9972862957937585,681.5739621006378,1363.1479242012754,0.5406603252041328,0.0,0.0,1.0,inf,737.0,inf,220.0,2.0,218.0,0.0,0.0,0.0,0.0,0.0,0.0
675.0,737.0,2209.0,1472.0,736.0,1.9972862957937585,681.5739621006378,1363.1479242012754,0.5406603252041328,0.0,0.0,1.0,inf,737.0,inf,216.0,0.0,216.0,0.0,0.0,0.0,0.0,0.0,0.0
676.0,737.0,2209.0,1472.0,736.0,1.9972862957937585,681.5739621006378,1363.1479242012754,0.5406603252041328,0.0,0.0,1.0,inf,737.0,inf,220.0,0.0,220.0,0.0,0.0,0.0,0.0,0.0,0.0
677.0,738.0,2212.0,1474.0,737.0,1.997289972899729,682.4743580343932,1364.948716068786,0.5406796543430051,0.0,0.0,1.0,inf,738.0,inf,220.0,1.0,219.0,0.0,0.0,0.0,0.0,0.0,0.0
678.0,738.0,2212.0,1474.0,737.0,1.997289972899729,682.4743580343932,1364.948716068786,0.5406796543430051,0.0,0.0,1.0,inf,738.0,inf,217.0,0.0,217.0,0.0,0.0,0.0,0.0,0.0,0.0
679.0,739.0,2215.0,1476.0,738.0,1.9972936400541272,683.4298510331123,1366.8597020662244,0.5406553422292608,0.0,0.0,1.0,inf,739.0,inf,220.0,1.0,219.0,0.0,0.0,0.0,0.0,0.0,0.0
680.0,739.0,2215.0,1476.0,738.0,1.9972936400541272,683.4298510331123,1366.8597020662244,0.5406553422292608,0.0,0.0,1.0,inf,739.0,inf,219.0,0.0,219.0,0.0,0.0,0.0,0.0,0.0,0.0
681.0,741.0,2221.0,1480.0,740.0,1.9973009446693657,685.3788959421897,1370.7577918843792,0.5405769016139227,0.0,0.0,1.0,inf,741.0,inf,220.0,2.0,218.0,0.0,0.0,0.0,0.0,0.0,0.0
682.0,741.0,2221.0,1480.0,740.0,1.9973009446693657,685.3788959421897,1370.7577918843792,0.5405769016139227,0.0,0.0,1.0,inf,741.0,inf,218.0,0.0,218.0,0.0,0.0,0.0,0.0,0.0,0.0
683.0,743.0,2227.0,1484.0,742.0,1.997308209959623,687.3063920769025,1374.6127841538048,0.5405158518566971,0.0,0.0,1.0,inf,743.0,inf,220.0,2.0,218.0,0.0,0.0,0.0,0.0,0.0,0.0
684.0,743.0,2227.0,1484.0,742.0,1.997308209959623,687.3063920769025,1374.6127841538048,0.5405158518566971,0.0,0.0,1.0,inf,743.0,inf,214.0,0.0,214.0,0.0,0.0,0.0,0.0,0.0,0.0
685.0,744.0,2230.0,1486.0,743.0,1.9973118279569892,688.2848407415449,1376.5696814830897,0.5404739113521873,0.0,0.0,1.0,inf,744.0,inf,220.0,1.0,219.0,0.0,0.0,0.0,0.0,0.0,0.0
686.0,744.0,2230.0,1486.0,743.0,1.9973118279569892,688.2848407415449,1376.5696814830897,0.5404739113521873,0.0,0.0,1.0,inf,744.0,inf,214.0,0.0,214.0,0.0,0.0,0.0,0.0,0.0,0.0
687.0,745.0,2233.0,1488.0,744.0,1.9973154362416108,689.1684589382136,1378.336917876427,0.5405064540735113,0.0,0.0,1.0,inf,745.0,inf,220.0,1.0,219.0,0.0,0.0,0.0,0.0,0.0,0.0
688.0,745.0,2233.0,1488.0,744.0,1.9973154362416108,689.1684589382136,1378.336917876427,0.5405064540735113,0.0,0.0,1.0,inf,745.0,inf,217.0,0.0,217.0,0.0,0.0,0.0,0.0,0.0,0.0
689.0,746.0,2236.0,1490.0,745.0,1.997319034852547,690.1274544648991,1380.254908929798,0.5404798745315984,0.0,0.0,1.0,inf,746.0,inf,220.0,1.0,219.0,0.0,0.0,0.0,0.0,0.0,0.0
690.0,746.0,2236.0,1490.0,745.0,1.997319034852547,690.1274544648991,1380.254908929798,0.5404798745315984,0.0,0.0,1.0,inf,746.0,inf,218.0,0.0,218.0,0.0,0.0,0.0,0.0,0.0,0.0
691.0,746.0,2236.0,1490.0,745.0,1.997319034852547,690.1274544648991,1380.254908929798,0.5404798745315984,0.0,0.0,1.0,inf,746.0,inf,220.0,0.0,220.0,0.0,0.0,0.0,0.0,0.0,0.0
692.0,747.0,2239.0,1492.0,746.0,1.997322623828648,691.0537505707955,1382.1075011415908,0.5404789420381513,0.0,0.0,1.0,inf,747.0,inf,220.0,1.0,219.0,0.0,0.0,0.0,0.0,0.0,0.0
693.0,747.0,2239.0,1492.0,746.0,1.997322623828648,691.0537505707955,1382.1075011415908,0.5404789420381513,0.0,0.0,1.0,inf,747.0,inf,216.0,0.0,216.0,0.0,0.0,0.0,0.0,0.0,0.0
694.0,748.0,2242.0,1494.0,747.0,1.9973262032085561,691.9386112386193,1383.8772224772383,0.540510377547097,0.0,0.0,1.0,inf,748.0,inf,220.0,1.0,219.0,0.0,0.0,0.0,0.0,0.0,0.0
695.0,748.0,2242.0,1494.0,747.0,1.9973262032085561,691.9386112386193,1383.8772224772383,0.540510377547097,0.0,0.0,1.0,inf,748.0,inf,219.0,0.0,219.0,0.0,0.0,0.0,0.0,0.0,0.0
696.0,750.0,2248.0,1498.0,749.0,1.9973333333333334,693.7494522324445,1387.4989044648887,0.5405409673380964,0.0,0.0,1.0,inf,750.0,inf,220.0,2.0,218.0,0.0,0.0,0.0,0.0,0.0,0.0
697.0,750.0,2248.0,1498.0,749.0,1.9973333333333334,693.7494522324445,1387.4989044648887,0.5405409673380964,0.0,0.0,1.0,inf,750.0,inf,214.0,0.0,214.0,0.0,0.0,0.0,0.0,0.0,0.0
698.0,750.0,2248.0,1498.0,749.0,1.9973333333333334,693.7494522324445,1387.4989044648887,0.5405409673380964,0.0,0.0,1.0,inf,750.0,inf,220.0,0.0,220.0,0.0,0.0,0.0,0.0,0.0,0.0
699.0,751.0,2251.0,1500.0,750.0,1.9973368841544608,694.7466581129045,1389.4933162258087,0.5404847876777795,0.0,0.0,1.0,inf,751.0,inf,220.0,1.0,219.0,0.0,0.0,0.0,0.0,0.0,0.0
700.0,751.0,2251.0,1500.0,750.0,1.9973368841544608,694.7466581129045,1389.4933162258087,0.5404847876777795,0.0,0.0,1.0,inf,751.0,inf,217.0,0.0,217.0,0.0,0.0,0.0,0.0,0.0,0.0
