t,site_subsystems,total_subsystems,interface_subsystems,n_links,mean_degree,frontier_radius,volume_proxy,density,energy_remaining,energy_density,creation_rate_modifier,memory_total,memory_bound,memory_free,birth_attempts,births_accepted,births_reject_exclusion,births_reject_memory,births_reject_energy,deaths_attempted,deaths_executed,links_attempted_random,links_added_random
0.0,2.0,4.0,2.0,1.0,1.0,0.12544482530485257,0.2508896506097051,7.971632130459169,0.0,0.0,1.0,inf,2.0,inf,0.0,0.0,0.0,0.0,0.0,0.0,0.0,0.0,0.0
1.0,2.0,4.0,2.0,1.0,1.0,0.12544482530485257,0.2508896506097051,7.971632130459169,0.0,0.0,1.0,inf,2.0,inf,0.0,0.0,0.0,0.0,0.0,0.0,0.0,0.0,0.0
2.0,37.0,109.0,72.0,36.0,1.945945945945946,32.491966861647164,64.98393372329431,0.5693715027709515,0.0,0.0,1.0,inf,37.0,inf,220.0,35.0,185.0,0.0,0.0,0.0,0.0,0.0,0.0
3.0,37.0,109.0,72.0,36.0,1.945945945945946,32.491966861647164,64.98393372329431,0.5693715027709515,0.0,0.0,1.0,inf,37.0,inf,0.0,0.0,0.0,0.0,0.0,0.0,0.0,0.0,0.0
4.0,59.0,175.0,116.0,58.0,1.9661016949152543,52.8834585189973,105.76691703799459,0.5578303845124413,0.0,0.0,1.0,inf,59.0,inf,220.0,22.0,198.0,0.0,0.0,0.0,0.0,0.0,0.0
5.0,59.0,175.0,116.0,58.0,1.9661016949152543,52.8834585189973,105.76691703799459,0.5578303845124413,0.0,0.0,1.0,inf,59.0,inf,0.0,0.0,0.0,0.0,0.0,0.0,0.0,0.0,0.0
6.0,71.0,211.0,140.0,70.0,1.971830985915493,64.01494966802282,128.02989933604562,0.5545579616027286,0.0,0.0,1.0,inf,71.0,inf,220.0,12.0,208.0,0.0,0.0,0.0,0.0,0.0,0.0
7.0,71.0,211.0,140.0,70.0,1.971830985915493,64.01494966802282,128.02989933604562,0.5545579616027286,0.0,0.0,1.0,inf,71.0,inf,0.0,0.0,0.0,0.0,0.0,0.0,0.0,0.0,0.0
8.0,81.0,241.0,160.0,80.0,1.9753086419753085,73.29410806182351,146.588216123647,0.5525682905621595,0.0,0.0,1.0,inf,81.0,inf,220.0,10.0,210.0,0.0,0.0,0.0,0.0,0.0,0.0
9.0,81.0,241.0,160.0,80.0,1.9753086419753085,73.29410806182351,146.588216123647,0.5525682905621595,0.0,0.0,1.0,inf,81.0,inf,38.0,0.0,38.0,0.0,0.0,0.0,0.0,0.0,0.0
10.0,90.0,268.0,178.0,89.0,1.9777777777777779,81.66930630451195,163.33861260902387,0.5510025986043414,0.0,0.0,1.0,inf,90.0,inf,220.0,9.0,211.0,0.0,0.0,0.0,0.0,0.0,0.0
11.0,90.0,268.0,178.0,89.0,1.9777777777777779,81.66930630451195,163.33861260902387,0.5510025986043414,0.0,0.0,1.0,inf,90.0,inf,77.0,0.0,77.0,0.0,0.0,0.0,0.0,0.0,0.0
12.0,99.0,295.0,196.0,98.0,1.97979797979798,90.04643831543993,180.09287663087983,0.5497163566491938,0.0,0.0,1.0,inf,99.0,inf,220.0,9.0,211.0,0.0,0.0,0.0,0.0,0.0,0.0
13.0,99.0,295.0,196.0,98.0,1.97979797979798,90.04643831543993,180.09287663087983,0.5497163566491938,0.0,0.0,1.0,inf,99.0,inf,98.0,0.0,98.0,0.0,0.0,0.0,0.0,0.0,0.0
14.0,107.0,319.0,212.0,106.0,1.9813084112149533,97.26127163575539,194.52254327151076,0.550064780155848,0.0,0.0,1.0,inf,107.0,inf,220.0,8.0,212.0,0.0,0.0,0.0,0.0,0.0,0.0
15.0,107.0,319.0,212.0,106.0,1.9813084112149533,97.26127163575539,194.52254327151076,0.550064780155848,0.0,0.0,1.0,inf,107.0,inf,126.0,0.0,126.0,0.0,0.0,0.0,0.0,0.0,0.0
16.0,116.0,346.0,230.0,115.0,1.9827586206896552,105.788681693765,211.57736338752997,0.5482628110245032,0.0,0.0,1.0,inf,116.0,inf,220.0,9.0,211.0,0.0,0.0,0.0,0.0,0.0,0.0
17.0,116.0,346.0,230.0,115.0,1.9827586206896552,105.788681693765,211.57736338752997,0.5482628110245032,0.0,0.0,1.0,inf,116.0,inf,113.0,0.0,113.0,0.0,0.0,0.0,0.0,0.0,0.0
18.0,117.0,349.0,232.0,116.0,1.982905982905983,106.70866066191444,213.41732132382884,0.5482216685798901,0.0,0.0,1.0,inf,117.0,inf,220.0,1.0,219.0,0.0,0.0,0.0,0.0,0.0,0.0
19.0,117.0,349.0,232.0,116.0,1.982905982905983,106.70866066191444,213.41732132382884,0.5482216685798901,0.0,0.0,1.0,inf,117.0,inf,207.0,0.0,207.0,0.0,0.0,0.0,0.0,0.0,0.0
20.0,121.0,361.0,240.0,120.0,1.9834710743801653,110.39327634825456,220.7865526965091,0.5480406234990468,0.0,0.0,1.0,inf,121.0,inf,220.0,4.0,216.0,0.0,0.0,0.0,0.0,0.0,0.0
21.0,121.0,361.0,240.0,120.0,1.9834710743801653,110.39327634825456,220.7865526965091,0.5480406234990468,0.0,0.0,1.0,inf,121.0,inf,165.0,0.0,165.0,0.0,0.0,0.0,0.0,0.0,0.0
22.0,126.0,376.0,250.0,125.0,1.9841269841269842,115.0079243432094,230.01584868641876,0.5477883403233494,0.0,0.0,1.0,inf,126.0,inf,220.0,5.0,215.0,0.0,0.0,0.0,0.0,0.0,0.0
23.0,126.0,376.0,250.0,125.0,1.9841269841269842,115.0079243432094,230.01584868641876,0.5477883403233494,0.0,0.0,1.0,inf,126.0,inf,163.0,0.0,163.0,0.0,0.0,0.0,0.0,0.0,0.0
24.0,132.0,394.0,262.0,131.0,1.9848484848484849,120.69469645499323,241.38939290998644,0.5468343012454673,0.0,0.0,1.0,inf,132.0,inf,220.0,6.0,214.0,0.0,0.0,0.0,0.0,0.0,0.0
25.0,132.0,394.0,262.0,131.0,1.9848484848484849,120.69469645499323,241.38939290998644,0.5468343012454673,0.0,0.0,1.0,inf,132.0,inf,159.0,0.0,159.0,0.0,0.0,0.0,0.0,0.0,0.0
26.0,135.0,403.0,268.0,134.0,1.9851851851851852,123.4735156992159,246.94703139843176,0.5466759378944991,0.0,0.0,1.0,inf,135.0,inf,220.0,3.0,217.0,0.0,0.0,0.0,0.0,0.0,0.0
27.0,135.0,403.0,268.0,134.0,1.9851851851851852,123.4735156992159,246.94703139843176,0.5466759378944991,0.0,0.0,1.0,inf,135.0,inf,195.0,0.0,195.0,0.0,0.0,0.0,0.0,0.0,0.0
28.0,142.0,424.0,282.0,141.0,1.9859154929577465,129.80423784760956,259.60847569521906,0.5469775192036038,0.0,0.0,1.0,inf,142.0,inf,220.0,7.0,213.0,0.0,0.0,0.0,0.0,0.0,0.0
29.0,142.0,424.0,282.0,141.0,1.9859154929577465,129.80423784760956,259.60847569521906,0.5469775192036038,0.0,0.0,1.0,inf,142.0,inf,153.0,0.0,153.0,0.0,0.0,0.0,0.0,0.0,0.0
30.0,145.0,433.0,288.0,144.0,1.986206896551724,132.7097558502888,265.4195117005775,0.5463049761148532,0.0,0.0,1.0,inf,145.0,inf,220.0,3.0,217.0,0.0,0.0,0.0,0.0,0.0,0.0
31.0,145.0,433.0,288.0,144.0,1.986206896551724,132.7097558502888,265.4195117005775,0.5463049761148532,0.0,0.0,1.0,inf,145.0,inf,193.0,0.0,193.0,0.0,0.0,0.0,0.0,0.0,0.0
32.0,147.0,439.0,292.0,146.0,1.9863945578231292,134.62501948981435,269.25003897962864,0.5459609237461316,0.0,0.0,1.0,inf,147.0,inf,220.0,2.0,218.0,0.0,0.0,0.0,0.0,0.0,0.0
33.0,147.0,439.0,292.0,146.0,1.9863945578231292,134.62501948981435,269.25003897962864,0.5459609237461316,0.0,0.0,1.0,inf,147.0,inf,195.0,0.0,195.0,0.0,0.0,0.0,0.0,0.0,0.0
34.0,151.0,451.0,300.0,150.0,1.9867549668874172,138.25511011196733,276.5102202239346,0.5460919306263295,0.0,0.0,1.0,inf,151.0,inf,220.0,4.0,216.0,0.0,0.0,0.0,0.0,0.0,0.0
35.0,151.0,451.0,300.0,150.0,1.9867549668874172,138.25511011196733,276.5102202239346,0.5460919306263295,0.0,0.0,1.0,inf,151.0,inf,181.0,0.0,181.0,0.0,0.0,0.0,0.0,0.0,0.0
36.0,153.0,457.0,304.0,152.0,1.9869281045751634,140.11786314085717,280.2357262817143,0.5459689313353029,0.0,0.0,1.0,inf,153.0,inf,220.0,2.0,218.0,0.0,0.0,0.0,0.0,0.0,0.0
37.0,153.0,457.0,304.0,152.0,1.9869281045751634,140.11786314085717,280.2357262817143,0.5459689313353029,0.0,0.0,1.0,inf,153.0,inf,202.0,0.0,202.0,0.0,0.0,0.0,0.0,0.0,0.0
38.0,163.0,487.0,324.0,162.0,1.9877300613496933,149.43231120557104,298.864622411142,0.5453974401017067,0.0,0.0,1.0,inf,163.0,inf,220.0,10.0,210.0,0.0,0.0,0.0,0.0,0.0,0.0
39.0,163.0,487.0,324.0,162.0,1.9877300613496933,149.43231120557104,298.864622411142,0.5453974401017067,0.0,0.0,1.0,inf,163.0,inf,129.0,0.0,129.0,0.0,0.0,0.0,0.0,0.0,0.0
40.0,168.0,502.0,334.0,167.0,1.9880952380952381,153.97473005704975,307.94946011409945,0.5455440640738701,0.0,0.0,1.0,inf,168.0,inf,220.0,5.0,215.0,0.0,0.0,0.0,0.0,0.0,0.0
41.0,168.0,502.0,334.0,167.0,1.9880952380952381,153.97473005704975,307.94946011409945,0.5455440640738701,0.0,0.0,1.0,inf,168.0,inf,171.0,0.0,171.0,0.0,0.0,0.0,0.0,0.0,0.0
42.0,173.0,517.0,344.0,172.0,1.9884393063583814,158.66112353796964,317.32224707593923,0.5451871137121972,0.0,0.0,1.0,inf,173.0,inf,220.0,5.0,215.0,0.0,0.0,0.0,0.0,0.0,0.0
43.0,173.0,517.0,344.0,172.0,1.9884393063583814,158.66112353796964,317.32224707593923,0.5451871137121972,0.0,0.0,1.0,inf,173.0,inf,168.0,0.0,168.0,0.0,0.0,0.0,0.0,0.0,0.0
44.0,177.0,529.0,352.0,176.0,1.9887005649717515,162.3027550527217,324.60551010544333,0.5452772503538346,0.0,0.0,1.0,inf,177.0,inf,220.0,4.0,216.0,0.0,0.0,0.0,0.0,0.0,0.0
45.0,177.0,529.0,352.0,176.0,1.9887005649717515,162.3027550527217,324.60551010544333,0.5452772503538346,0.0,0.0,1.0,inf,177.0,inf,199.0,0.0,199.0,0.0,0.0,0.0,0.0,0.0,0.0
46.0,181.0,541.0,360.0,180.0,1.988950276243094,165.91140570996768,331.8228114199353,0.5454718415092238,0.0,0.0,1.0,inf,181.0,inf,220.0,4.0,216.0,0.0,0.0,0.0,0.0,0.0,0.0
47.0,181.0,541.0,360.0,180.0,1.988950276243094,165.91140570996768,331.8228114199353,0.5454718415092238,0.0,0.0,1.0,inf,181.0,inf,194.0,0.0,194.0,0.0,0.0,0.0,0.0,0.0,0.0
48.0,182.0,544.0,362.0,181.0,1.989010989010989,166.88159745307732,333.7631949061546,0.5452967935879617,0.0,0.0,1.0,inf,182.0,inf,220.0,1.0,219.0,0.0,0.0,0.0,0.0,0.0,0.0
49.0,182.0,544.0,362.0,181.0,1.989010989010989,166.88159745307732,333.7631949061546,0.5452967935879617,0.0,0.0,1.0,inf,182.0,inf,216.0,0.0,216.0,0.0,0.0,0.0,0.0,0.0,0.0
50.0,187.0,559.0,372.0,186.0,1.9893048128342246,171.58143100671134,343.1628620134226,0.5449307623290705,0.0,0.0,1.0,inf,187.0,inf,220.0,5.0,215.0,0.0,0.0,0.0,0.0,0.0,0.0
51.0,187.0,559.0,372.0,186.0,1.9893048128342246,171.58143100671134,343.1628620134226,0.5449307623290705,0.0,0.0,1.0,inf,187.0,inf,193.0,0.0,193.0,0.0,0.0,0.0,0.0,0.0,0.0
52.0,189.0,565.0,376.0,188.0,1.9894179894179893,173.39964789524637,346.7992957904927,0.5449838056020104,0.0,0.0,1.0,inf,189.0,inf,220.0,2.0,218.0,0.0,0.0,0.0,0.0,0.0,0.0
53.0,189.0,565.0,376.0,188.0,1.9894179894179893,173.39964789524637,346.7992957904927,0.5449838056020104,0.0,0.0,1.0,inf,189.0,inf,203.0,0.0,203.0,0.0,0.0,0.0,0.0,0.0,0.0
54.0,192.0,574.0,382.0,191.0,1.9895833333333333,176.23692674399382,352.4738534879876,0.5447212554917734,0.0,0.0,1.0,inf,192.0,inf,220.0,3.0,217.0,0.0,0.0,0.0,0.0,0.0,0.0
55.0,192.0,574.0,382.0,191.0,1.9895833333333333,176.23692674399382,352.4738534879876,0.5447212554917734,0.0,0.0,1.0,inf,192.0,inf,197.0,0.0,197.0,0.0,0.0,0.0,0.0,0.0,0.0
56.0,196.0,586.0,390.0,195.0,1.989795918367347,180.07225437110708,360.1445087422141,0.5442259849650902,0.0,0.0,1.0,inf,196.0,inf,220.0,4.0,216.0,0.0,0.0,0.0,0.0,0.0,0.0
57.0,196.0,586.0,390.0,195.0,1.989795918367347,180.07225437110708,360.1445087422141,0.5442259849650902,0.0,0.0,1.0,inf,196.0,inf,186.0,0.0,186.0,0.0,0.0,0.0,0.0,0.0,0.0
58.0,199.0,595.0,396.0,198.0,1.9899497487437185,182.8750641310404,365.75012826208075,0.5440873006540826,0.0,0.0,1.0,inf,199.0,inf,220.0,3.0,217.0,0.0,0.0,0.0,0.0,0.0,0.0
59.0,199.0,595.0,396.0,198.0,1.9899497487437185,182.8750641310404,365.75012826208075,0.5440873006540826,0.0,0.0,1.0,inf,199.0,inf,192.0,0.0,192.0,0.0,0.0,0.0,0.0,0.0,0.0
60.0,208.0,622.0,414.0,207.0,1.9903846153846154,191.5157932583339,383.03158651666774,0.5430361550376964,0.0,0.0,1.0,inf,208.0,inf,220.0,9.0,211.0,0.0,0.0,0.0,0.0,0.0,0.0
61.0,208.0,622.0,414.0,207.0,1.9903846153846154,191.5157932583339,383.03158651666774,0.5430361550376964,0.0,0.0,1.0,inf,208.0,inf,147.0,0.0,147.0,0.0,0.0,0.0,0.0,0.0,0.0
62.0,211.0,631.0,420.0,210.0,1.990521327014218,194.3825126840393,388.76502536807857,0.5427442959927464,0.0,0.0,1.0,inf,211.0,inf,220.0,3.0,217.0,0.0,0.0,0.0,0.0,0.0,0.0
63.0,211.0,631.0,420.0,210.0,1.990521327014218,194.3825126840393,388.76502536807857,0.5427442959927464,0.0,0.0,1.0,inf,211.0,inf,200.0,0.0,200.0,0.0,0.0,0.0,0.0,0.0,0.0
64.0,213.0,637.0,424.0,212.0,1.9906103286384977,196.2545101746323,392.5090203492645,0.5426626878803121,0.0,0.0,1.0,inf,213.0,inf,220.0,2.0,218.0,0.0,0.0,0.0,0.0,0.0,0.0
65.0,213.0,637.0,424.0,212.0,1.9906103286384977,196.2545101746323,392.5090203492645,0.5426626878803121,0.0,0.0,1.0,inf,213.0,inf,208.0,0.0,208.0,0.0,0.0,0.0,0.0,0.0,0.0
66.0,218.0,652.0,434.0,217.0,1.9908256880733946,200.95293676633426,401.90587353266847,0.5424155613448135,0.0,0.0,1.0,inf,218.0,inf,220.0,5.0,215.0,0.0,0.0,0.0,0.0,0.0,0.0
67.0,218.0,652.0,434.0,217.0,1.9908256880733946,200.95293676633426,401.90587353266847,0.5424155613448135,0.0,0.0,1.0,inf,218.0,inf,191.0,0.0,191.0,0.0,0.0,0.0,0.0,0.0,0.0
68.0,220.0,658.0,438.0,219.0,1.990909090909091,202.79632411227823,405.5926482245564,0.5424161432980338,0.0,0.0,1.0,inf,220.0,inf,220.0,2.0,218.0,0.0,0.0,0.0,0.0,0.0,0.0
69.0,220.0,658.0,438.0,219.0,1.990909090909091,202.79632411227823,405.5926482245564,0.5424161432980338,0.0,0.0,1.0,inf,220.0,inf,203.0,0.0,203.0,0.0,0.0,0.0,0.0,0.0,0.0
70.0,223.0,667.0,444.0,222.0,1.9910313901345291,205.64339293367493,411.2867858673498,0.5422007408522068,0.0,0.0,1.0,inf,223.0,inf,220.0,3.0,217.0,0.0,0.0,0.0,0.0,0.0,0.0
71.0,223.0,667.0,444.0,222.0,1.9910313901345291,205.64339293367493,411.2867858673498,0.5422007408522068,0.0,0.0,1.0,inf,223.0,inf,204.0,0.0,204.0,0.0,0.0,0.0,0.0,0.0,0.0
72.0,223.0,667.0,444.0,222.0,1.9910313901345291,205.64339293367493,411.2867858673498,0.5422007408522068,0.0,0.0,1.0,inf,223.0,inf,220.0,0.0,220.0,0.0,0.0,0.0,0.0,0.0,0.0
73.0,225.0,673.0,448.0,224.0,1.991111111111111,207.3943982240538,414.7887964481075,0.5424447379647314,0.0,0.0,1.0,inf,225.0,inf,220.0,2.0,218.0,0.0,0.0,0.0,0.0,0.0,0.0
74.0,225.0,673.0,448.0,224.0,1.991111111111111,207.3943982240538,414.7887964481075,0.5424447379647314,0.0,0.0,1.0,inf,225.0,inf,208.0,0.0,208.0,0.0,0.0,0.0,0.0,0.0,0.0
75.0,226.0,676.0,450.0,225.0,1.991150442477876,208.33379563271288,416.6675912654257,0.5423987963969903,0.0,0.0,1.0,inf,226.0,inf,220.0,1.0,219.0,0.0,0.0,0.0,0.0,0.0,0.0
76.0,226.0,676.0,450.0,225.0,1.991150442477876,208.33379563271288,416.6675912654257,0.5423987963969903,0.0,0.0,1.0,inf,226.0,inf,212.0,0.0,212.0,0.0,0.0,0.0,0.0,0.0,0.0
77.0,228.0,682.0,454.0,227.0,1.9912280701754386,210.17614762227313,420.3522952445462,0.5424021768867887,0.0,0.0,1.0,inf,228.0,inf,220.0,2.0,218.0,0.0,0.0,0.0,0.0,0.0,0.0
78.0,228.0,682.0,454.0,227.0,1.9912280701754386,210.17614762227313,420.3522952445462,0.5424021768867887,0.0,0.0,1.0,inf,228.0,inf,206.0,0.0,206.0,0.0,0.0,0.0,0.0,0.0,0.0
79.0,230.0,688.0,458.0,229.0,1.991304347826087,211.95674053644075,423.91348107288144,0.5425635424895987,0.0,0.0,1.0,inf,230.0,inf,220.0,2.0,218.0,0.0,0.0,0.0,0.0,0.0,0.0
80.0,230.0,688.0,458.0,229.0,1.991304347826087,211.95674053644075,423.91348107288144,0.5425635424895987,0.0,0.0,1.0,inf,230.0,inf,206.0,0.0,206.0,0.0,0.0,0.0,0.0,0.0,0.0
81.0,231.0,691.0,460.0,230.0,1.9913419913419914,212.8493636983803,425.69872739676055,0.5426372810945778,0.0,0.0,1.0,inf,231.0,inf,220.0,1.0,219.0,0.0,0.0,0.0,0.0,0.0,0.0
82.0,231.0,691.0,460.0,230.0,1.9913419913419914,212.8493636983803,425.69872739676055,0.5426372810945778,0.0,0.0,1.0,inf,231.0,inf,210.0,0.0,210.0,0.0,0.0,0.0,0.0,0.0,0.0
83.0,231.0,691.0,460.0,230.0,1.9913419913419914,212.8493636983803,425.69872739676055,0.5426372810945778,0.0,0.0,1.0,inf,231.0,inf,220.0,0.0,220.0,0.0,0.0,0.0,0.0,0.0,0.0
84.0,232.0,694.0,462.0,231.0,1.9913793103448276,213.73246790552872,427.4649358110574,0.5427345743804953,0.0,0.0,1.0,inf,232.0,inf,220.0,1.0,219.0,0.0,0.0,0.0,0.0,0.0,0.0
85.0,232.0,694.0,462.0,231.0,1.9913793103448276,213.73246790552872,427.4649358110574,0.5427345743804953,0.0,0.0,1.0,inf,232.0,inf,214.0,0.0,214.0,0.0,0.0,0.0,0.0,0.0,0.0
86.0,234.0,700.0,466.0,233.0,1.9914529914529915,215.63324868002135,431.26649736004265,0.542587939087337,0.0,0.0,1.0,inf,234.0,inf,220.0,2.0,218.0,0.0,0.0,0.0,0.0,0.0,0.0
87.0,234.0,700.0,466.0,233.0,1.9914529914529915,215.63324868002135,431.26649736004265,0.542587939087337,0.0,0.0,1.0,inf,234.0,inf,208.0,0.0,208.0,0.0,0.0,0.0,0.0,0.0,0.0
88.0,240.0,718.0,478.0,239.0,1.9916666666666667,221.17974956715568,442.3594991343113,0.5425451481649545,0.0,0.0,1.0,inf,240.0,inf,220.0,6.0,214.0,0.0,0.0,0.0,0.0,0.0,0.0
89.0,240.0,718.0,478.0,239.0,1.9916666666666667,221.17974956715568,442.3594991343113,0.5425451481649545,0.0,0.0,1.0,inf,240.0,inf,182.0,0.0,182.0,0.0,0.0,0.0,0.0,0.0,0.0
90.0,241.0,721.0,480.0,240.0,1.991701244813278,222.17345396515435,444.34690793030865,0.5423690267645531,0.0,0.0,1.0,inf,241.0,inf,220.0,1.0,219.0,0.0,0.0,0.0,0.0,0.0,0.0
91.0,241.0,721.0,480.0,240.0,1.991701244813278,222.17345396515435,444.34690793030865,0.5423690267645531,0.0,0.0,1.0,inf,241.0,inf,216.0,0.0,216.0,0.0,0.0,0.0,0.0,0.0,0.0
92.0,246.0,736.0,490.0,245.0,1.991869918699187,226.79060497534,453.5812099506799,0.5423505088024894,0.0,0.0,1.0,inf,246.0,inf,220.0,5.0,215.0,0.0,0.0,0.0,0.0,0.0,0.0
93.0,246.0,736.0,490.0,245.0,1.991869918699187,226.79060497534,453.5812099506799,0.5423505088024894,0.0,0.0,1.0,inf,246.0,inf,177.0,0.0,177.0,0.0,0.0,0.0,0.0,0.0,0.0
94.0,251.0,751.0,500.0,250.0,1.9920318725099602,231.4931245242799,462.9862490485597,0.5421327318377315,0.0,0.0,1.0,inf,251.0,inf,220.0,5.0,215.0,0.0,0.0,0.0,0.0,0.0,0.0
95.0,251.0,751.0,500.0,250.0,1.9920318725099602,231.4931245242799,462.9862490485597,0.5421327318377315,0.0,0.0,1.0,inf,251.0,inf,188.0,0.0,188.0,0.0,0.0,0.0,0.0,0.0,0.0
96.0,253.0,757.0,504.0,252.0,1.992094861660079,233.22421646304053,466.448432926081,0.5423965054677189,0.0,0.0,1.0,inf,253.0,inf,220.0,2.0,218.0,0.0,0.0,0.0,0.0,0.0,0.0
97.0,253.0,757.0,504.0,252.0,1.992094861660079,233.22421646304053,466.448432926081,0.5423965054677189,0.0,0.0,1.0,inf,253.0,inf,213.0,0.0,213.0,0.0,0.0,0.0,0.0,0.0,0.0
98.0,257.0,769.0,512.0,256.0,1.9922178988326849,236.8776350109079,473.75527002181576,0.5424741765683483,0.0,0.0,1.0,inf,257.0,inf,220.0,4.0,216.0,0.0,0.0,0.0,0.0,0.0,0.0
99.0,257.0,769.0,512.0,256.0,1.9922178988326849,236.8776350109079,473.75527002181576,0.5424741765683483,0.0,0.0,1.0,inf,257.0,inf,198.0,0.0,198.0,0.0,0.0,0.0,0.0,0.0,0.0
100.0,258.0,772.0,514.0,257.0,1.9922480620155039,237.8139850697083,475.62797013941656,0.5424407650466283,0.0,0.0,1.0,inf,258.0,inf,220.0,1.0,219.0,0.0,0.0,0.0,0.0,0.0,0.0
101.0,258.0,772.0,514.0,257.0,1.9922480620155039,237.8139850697083,475.62797013941656,0.5424407650466283,0.0,0.0,1.0,inf,258.0,inf,210.0,0.0,210.0,0.0,0.0,0.0,0.0,0.0,0.0
102.0,262.0,784.0,522.0,261.0,1.9923664122137406,241.38854433348035,482.77708866696065,0.5426935249214743,0.0,0.0,1.0,inf,262.0,inf,220.0,4.0,216.0,0.0,0.0,0.0,0.0,0.0,0.0
103.0,262.0,784.0,522.0,261.0,1.9923664122137406,241.38854433348035,482.77708866696065,0.5426935249214743,0.0,0.0,1.0,inf,262.0,inf,194.0,0.0,194.0,0.0,0.0,0.0,0.0,0.0,0.0
104.0,266.0,796.0,530.0,265.0,1.9924812030075187,245.13177649232279,490.2635529846455,0.5425653169211434,0.0,0.0,1.0,inf,266.0,inf,220.0,4.0,216.0,0.0,0.0,0.0,0.0,0.0,0.0
105.0,266.0,796.0,530.0,265.0,1.9924812030075187,245.13177649232279,490.2635529846455,0.5425653169211434,0.0,0.0,1.0,inf,266.0,inf,201.0,0.0,201.0,0.0,0.0,0.0,0.0,0.0,0.0
106.0,271.0,811.0,540.0,270.0,1.992619926199262,249.69958852296136,499.39917704592267,0.542652075646252,0.0,0.0,1.0,inf,271.0,inf,220.0,5.0,215.0,0.0,0.0,0.0,0.0,0.0,0.0
107.0,271.0,811.0,540.0,270.0,1.992619926199262,249.69958852296136,499.39917704592267,0.542652075646252,0.0,0.0,1.0,inf,271.0,inf,191.0,0.0,191.0,0.0,0.0,0.0,0.0,0.0,0.0
108.0,274.0,820.0,546.0,273.0,1.9927007299270072,252.38507619168226,504.77015238336446,0.5428213191811342,0.0,0.0,1.0,inf,274.0,inf,220.0,3.0,217.0,0.0,0.0,0.0,0.0,0.0,0.0
109.0,274.0,820.0,546.0,273.0,1.9927007299270072,252.38507619168226,504.77015238336446,0.5428213191811342,0.0,0.0,1.0,inf,274.0,inf,205.0,0.0,205.0,0.0,0.0,0.0,0.0,0.0,0.0
110.0,276.0,826.0,550.0,275.0,1.9927536231884058,254.31102784088716,508.62205568177427,0.5426426103957294,0.0,0.0,1.0,inf,276.0,inf,220.0,2.0,218.0,0.0,0.0,0.0,0.0,0.0,0.0
111.0,276.0,826.0,550.0,275.0,1.9927536231884058,254.31102784088716,508.62205568177427,0.5426426103957294,0.0,0.0,1.0,inf,276.0,inf,215.0,0.0,215.0,0.0,0.0,0.0,0.0,0.0,0.0
112.0,280.0,838.0,558.0,279.0,1.9928571428571429,258.16027844102325,516.3205568820464,0.5422987643390811,0.0,0.0,1.0,inf,280.0,inf,220.0,4.0,216.0,0.0,0.0,0.0,0.0,0.0,0.0
113.0,280.0,838.0,558.0,279.0,1.9928571428571429,258.16027844102325,516.3205568820464,0.5422987643390811,0.0,0.0,1.0,inf,280.0,inf,191.0,0.0,191.0,0.0,0.0,0.0,0.0,0.0,0.0
114.0,281.0,841.0,560.0,280.0,1.99288256227758,259.0627038780735,518.1254077561468,0.5423397420654021,0.0,0.0,1.0,inf,281.0,inf,220.0,1.0,219.0,0.0,0.0,0.0,0.0,0.0,0.0
115.0,281.0,841.0,560.0,280.0,1.99288256227758,259.0627038780735,518.1254077561468,0.5423397420654021,0.0,0.0,1.0,inf,281.0,inf,217.0,0.0,217.0,0.0,0.0,0.0,0.0,0.0,0.0
116.0,284.0,850.0,566.0,283.0,1.9929577464788732,261.83601895347687,523.6720379069536,0.5423241636790646,0.0,0.0,1.0,inf,284.0,inf,220.0,3.0,217.0,0.0,0.0,0.0,0.0,0.0,0.0
117.0,284.0,850.0,566.0,283.0,1.9929577464788732,261.83601895347687,523.6720379069536,0.5423241636790646,0.0,0.0,1.0,inf,284.0,inf,200.0,0.0,200.0,0.0,0.0,0.0,0.0,0.0,0.0
118.0,285.0,853.0,568.0,284.0,1.9929824561403509,262.79410351230257,525.588207024605,0.5422496094678508,0.0,0.0,1.0,inf,285.0,inf,220.0,1.0,219.0,0.0,0.0,0.0,0.0,0.0,0.0
119.0,285.0,853.0,568.0,284.0,1.9929824561403509,262.79410351230257,525.588207024605,0.5422496094678508,0.0,0.0,1.0,inf,285.0,inf,214.0,0.0,214.0,0.0,0.0,0.0,0.0,0.0,0.0
120.0,285.0,853.0,568.0,284.0,1.9929824561403509,262.79410351230257,525.588207024605,0.5422496094678508,0.0,0.0,1.0,inf,285.0,inf,220.0,0.0,220.0,0.0,0.0,0.0,0.0,0.0,0.0
121.0,287.0,859.0,572.0,286.0,1.9930313588850175,264.6836220908211,529.367244181642,0.5421567034123508,0.0,0.0,1.0,inf,287.0,inf,220.0,2.0,218.0,0.0,0.0,0.0,0.0,0.0,0.0
122.0,287.0,859.0,572.0,286.0,1.9930313588850175,264.6836220908211,529.367244181642,0.5421567034123508,0.0,0.0,1.0,inf,287.0,inf,207.0,0.0,207.0,0.0,0.0,0.0,0.0,0.0,0.0
123.0,292.0,874.0,582.0,291.0,1.9931506849315068,269.34381477208166,538.6876295441632,0.5420581130609775,0.0,0.0,1.0,inf,292.0,inf,220.0,5.0,215.0,0.0,0.0,0.0,0.0,0.0,0.0
124.0,292.0,874.0,582.0,291.0,1.9931506849315068,269.34381477208166,538.6876295441632,0.5420581130609775,0.0,0.0,1.0,inf,292.0,inf,196.0,0.0,196.0,0.0,0.0,0.0,0.0,0.0,0.0
125.0,294.0,880.0,586.0,293.0,1.9931972789115646,271.09403238967934,542.1880647793586,0.5422472737750917,0.0,0.0,1.0,inf,294.0,inf,220.0,2.0,218.0,0.0,0.0,0.0,0.0,0.0,0.0
126.0,294.0,880.0,586.0,293.0,1.9931972789115646,271.09403238967934,542.1880647793586,0.5422472737750917,0.0,0.0,1.0,inf,294.0,inf,206.0,0.0,206.0,0.0,0.0,0.0,0.0,0.0,0.0
127.0,297.0,889.0,592.0,296.0,1.9932659932659933,273.95951588674103,547.919031773482,0.5420508921522265,0.0,0.0,1.0,inf,297.0,inf,220.0,3.0,217.0,0.0,0.0,0.0,0.0,0.0,0.0
128.0,297.0,889.0,592.0,296.0,1.9932659932659933,273.95951588674103,547.919031773482,0.5420508921522265,0.0,0.0,1.0,inf,297.0,inf,208.0,0.0,208.0,0.0,0.0,0.0,0.0,0.0,0.0
129.0,299.0,895.0,596.0,298.0,1.9933110367892977,275.8281993578586,551.656398715717,0.542004045808381,0.0,0.0,1.0,inf,299.0,inf,220.0,2.0,218.0,0.0,0.0,0.0,0.0,0.0,0.0
130.0,299.0,895.0,596.0,298.0,1.9933110367892977,275.8281993578586,551.656398715717,0.542004045808381,0.0,0.0,1.0,inf,299.0,inf,211.0,0.0,211.0,0.0,0.0,0.0,0.0,0.0,0.0
131.0,301.0,901.0,600.0,300.0,1.9933554817275747,277.6405391827932,555.2810783655863,0.5420678134503756,0.0,0.0,1.0,inf,301.0,inf,220.0,2.0,218.0,0.0,0.0,0.0,0.0,0.0,0.0
132.0,301.0,901.0,600.0,300.0,1.9933554817275747,277.6405391827932,555.2810783655863,0.5420678134503756,0.0,0.0,1.0,inf,301.0,inf,214.0,0.0,214.0,0.0,0.0,0.0,0.0,0.0,0.0
133.0,306.0,916.0,610.0,305.0,1.9934640522875817,282.1710286659055,564.3420573318109,0.5422243407602068,0.0,0.0,1.0,inf,306.0,inf,220.0,5.0,215.0,0.0,0.0,0.0,0.0,0.0,0.0
134.0,306.0,916.0,610.0,305.0,1.9934640522875817,282.1710286659055,564.3420573318109,0.5422243407602068,0.0,0.0,1.0,inf,306.0,inf,195.0,0.0,195.0,0.0,0.0,0.0,0.0,0.0,0.0
135.0,307.0,919.0,612.0,306.0,1.993485342019544,283.1182034411383,566.2364068822765,0.5421763706264597,0.0,0.0,1.0,inf,307.0,inf,220.0,1.0,219.0,0.0,0.0,0.0,0.0,0.0,0.0
136.0,307.0,919.0,612.0,306.0,1.993485342019544,283.1182034411383,566.2364068822765,0.5421763706264597,0.0,0.0,1.0,inf,307.0,inf,217.0,0.0,217.0,0.0,0.0,0.0,0.0,0.0,0.0
137.0,308.0,922.0,614.0,307.0,1.9935064935064934,284.0258851498367,568.0517702996733,0.5422041019914715,0.0,0.0,1.0,inf,308.0,inf,220.0,1.0,219.0,0.0,0.0,0.0,0.0,0.0,0.0
138.0,308.0,922.0,614.0,307.0,1.9935064935064934,284.0258851498367,568.0517702996733,0.5422041019914715,0.0,0.0,1.0,inf,308.0,inf,214.0,0.0,214.0,0.0,0.0,0.0,0.0,0.0,0.0
139.0,308.0,922.0,614.0,307.0,1.9935064935064934,284.0258851498367,568.0517702996733,0.5422041019914715,0.0,0.0,1.0,inf,308.0,inf,220.0,0.0,220.0,0.0,0.0,0.0,0.0,0.0,0.0
140.0,310.0,928.0,618.0,309.0,1.9935483870967743,285.9052010423163,571.8104020846325,0.5421377415832976,0.0,0.0,1.0,inf,310.0,inf,220.0,2.0,218.0,0.0,0.0,0.0,0.0,0.0,0.0
141.0,310.0,928.0,618.0,309.0,1.9935483870967743,285.9052010423163,571.8104020846325,0.5421377415832976,0.0,0.0,1.0,inf,310.0,inf,215.0,0.0,215.0,0.0,0.0,0.0,0.0,0.0,0.0
142.0,313.0,937.0,624.0,312.0,1.9936102236421724,288.64432614259727,577.2886522851944,0.5421897672178224,0.0,0.0,1.0,inf,313.0,inf,220.0,3.0,217.0,0.0,0.0,0.0,0.0,0.0,0.0
143.0,313.0,937.0,624.0,312.0,1.9936102236421724,288.64432614259727,577.2886522851944,0.5421897672178224,0.0,0.0,1.0,inf,313.0,inf,207.0,0.0,207.0,0.0,0.0,0.0,0.0,0.0,0.0
144.0,315.0,943.0,628.0,314.0,1.9936507936507937,290.52713545746576,581.0542709149314,0.5421180357283997,0.0,0.0,1.0,inf,315.0,inf,220.0,2.0,218.0,0.0,0.0,0.0,0.0,0.0,0.0
145.0,315.0,943.0,628.0,314.0,1.9936507936507937,290.52713545746576,581.0542709149314,0.5421180357283997,0.0,0.0,1.0,inf,315.0,inf,210.0,0.0,210.0,0.0,0.0,0.0,0.0,0.0,0.0
146.0,316.0,946.0,630.0,315.0,1.9936708860759493,291.3925637974837,582.7851275949673,0.5422238575374532,0.0,0.0,1.0,inf,316.0,inf,220.0,1.0,219.0,0.0,0.0,0.0,0.0,0.0,0.0
147.0,316.0,946.0,630.0,315.0,1.9936708860759493,291.3925637974837,582.7851275949673,0.5422238575374532,0.0,0.0,1.0,inf,316.0,inf,214.0,0.0,214.0,0.0,0.0,0.0,0.0,0.0,0.0
148.0,319.0,955.0,636.0,318.0,1.993730407523511,294.0865210963905,588.1730421927809,0.5423573967462518,0.0,0.0,1.0,inf,319.0,inf,220.0,3.0,217.0,0.0,0.0,0.0,0.0,0.0,0.0
149.0,319.0,955.0,636.0,318.0,1.993730407523511,294.0865210963905,588.1730421927809,0.5423573967462518,0.0,0.0,1.0,inf,319.0,inf,212.0,0.0,212.0,0.0,0.0,0.0,0.0,0.0,0.0
150.0,320.0,958.0,638.0,319.0,1.99375,294.9660083383718,589.9320166767435,0.5424353840000953,0.0,0.0,1.0,inf,320.0,inf,220.0,1.0,219.0,0.0,0.0,0.0,0.0,0.0,0.0
151.0,320.0,958.0,638.0,319.0,1.99375,294.9660083383718,589.9320166767435,0.5424353840000953,0.0,0.0,1.0,inf,320.0,inf,216.0,0.0,216.0,0.0,0.0,0.0,0.0,0.0,0.0
152.0,320.0,958.0,638.0,319.0,1.99375,294.9660083383718,589.9320166767435,0.5424353840000953,0.0,0.0,1.0,inf,320.0,inf,220.0,0.0,220.0,0.0,0.0,0.0,0.0,0.0,0.0
153.0,320.0,958.0,638.0,319.0,1.99375,294.9660083383718,589.9320166767435,0.5424353840000953,0.0,0.0,1.0,inf,320.0,inf,220.0,0.0,220.0,0.0,0.0,0.0,0.0,0.0,0.0
154.0,322.0,964.0,642.0,321.0,1.9937888198757765,296.9043773352294,593.8087546704587,0.5422621297974931,0.0,0.0,1.0,inf,322.0,inf,220.0,2.0,218.0,0.0,0.0,0.0,0.0,0.0,0.0
155.0,322.0,964.0,642.0,321.0,1.9937888198757765,296.9043773352294,593.8087546704587,0.5422621297974931,0.0,0.0,1.0,inf,322.0,inf,210.0,0.0,210.0,0.0,0.0,0.0,0.0,0.0,0.0
156.0,323.0,967.0,644.0,322.0,1.9938080495356036,297.7796100787942,595.5592201575882,0.5423474090696344,0.0,0.0,1.0,inf,323.0,inf,220.0,1.0,219.0,0.0,0.0,0.0,0.0,0.0,0.0
157.0,323.0,967.0,644.0,322.0,1.9938080495356036,297.7796100787942,595.5592201575882,0.5423474090696344,0.0,0.0,1.0,inf,323.0,inf,215.0,0.0,215.0,0.0,0.0,0.0,0.0,0.0,0.0
158.0,326.0,976.0,650.0,325.0,1.9938650306748467,300.56376453589013,601.1275290717801,0.5423142082735536,0.0,0.0,1.0,inf,326.0,inf,220.0,3.0,217.0,0.0,0.0,0.0,0.0,0.0,0.0
159.0,326.0,976.0,650.0,325.0,1.9938650306748467,300.56376453589013,601.1275290717801,0.5423142082735536,0.0,0.0,1.0,inf,326.0,inf,213.0,0.0,213.0,0.0,0.0,0.0,0.0,0.0,0.0
160.0,330.0,988.0,658.0,329.0,1.993939393939394,304.1534331944318,608.3068663888635,0.5424893556750446,0.0,0.0,1.0,inf,330.0,inf,220.0,4.0,216.0,0.0,0.0,0.0,0.0,0.0,0.0
161.0,330.0,988.0,658.0,329.0,1.993939393939394,304.1534331944318,608.3068663888635,0.5424893556750446,0.0,0.0,1.0,inf,330.0,inf,202.0,0.0,202.0,0.0,0.0,0.0,0.0,0.0,0.0
162.0,334.0,1000.0,666.0,333.0,1.9940119760479043,307.86671176403587,615.7334235280716,0.5424425363921677,0.0,0.0,1.0,inf,334.0,inf,220.0,4.0,216.0,0.0,0.0,0.0,0.0,0.0,0.0
163.0,334.0,1000.0,666.0,333.0,1.9940119760479043,307.86671176403587,615.7334235280716,0.5424425363921677,0.0,0.0,1.0,inf,334.0,inf,202.0,0.0,202.0,0.0,0.0,0.0,0.0,0.0,0.0
164.0,336.0,1006.0,670.0,335.0,1.994047619047619,309.6315626286663,619.2631252573325,0.542580344761165,0.0,0.0,1.0,inf,336.0,inf,220.0,2.0,218.0,0.0,0.0,0.0,0.0,0.0,0.0
165.0,336.0,1006.0,670.0,335.0,1.994047619047619,309.6315626286663,619.2631252573325,0.542580344761165,0.0,0.0,1.0,inf,336.0,inf,216.0,0.0,216.0,0.0,0.0,0.0,0.0,0.0,0.0
166.0,337.0,1009.0,672.0,336.0,1.9940652818991098,310.61411077461395,621.2282215492278,0.5424737452519214,0.0,0.0,1.0,inf,337.0,inf,220.0,1.0,219.0,0.0,0.0,0.0,0.0,0.0,0.0
167.0,337.0,1009.0,672.0,336.0,1.9940652818991098,310.61411077461395,621.2282215492278,0.5424737452519214,0.0,0.0,1.0,inf,337.0,inf,212.0,0.0,212.0,0.0,0.0,0.0,0.0,0.0,0.0
168.0,340.0,1018.0,678.0,339.0,1.9941176470588236,313.35931320846925,626.7186264169384,0.5425082096950594,0.0,0.0,1.0,inf,340.0,inf,220.0,3.0,217.0,0.0,0.0,0.0,0.0,0.0,0.0
169.0,340.0,1018.0,678.0,339.0,1.9941176470588236,313.35931320846925,626.7186264169384,0.5425082096950594,0.0,0.0,1.0,inf,340.0,inf,204.0,0.0,204.0,0.0,0.0,0.0,0.0,0.0,0.0
170.0,341.0,1021.0,680.0,340.0,1.9941348973607038,314.2840822641698,628.5681645283395,0.542502817106363,0.0,0.0,1.0,inf,341.0,inf,220.0,1.0,219.0,0.0,0.0,0.0,0.0,0.0,0.0
171.0,341.0,1021.0,680.0,340.0,1.9941348973607038,314.2840822641698,628.5681645283395,0.542502817106363,0.0,0.0,1.0,inf,341.0,inf,216.0,0.0,216.0,0.0,0.0,0.0,0.0,0.0,0.0
172.0,341.0,1021.0,680.0,340.0,1.9941348973607038,314.2840822641698,628.5681645283395,0.542502817106363,0.0,0.0,1.0,inf,341.0,inf,220.0,0.0,220.0,0.0,0.0,0.0,0.0,0.0,0.0
173.0,345.0,1033.0,688.0,344.0,1.9942028985507247,317.92225514166444,635.8445102833288,0.5425854818598181,0.0,0.0,1.0,inf,345.0,inf,220.0,4.0,216.0,0.0,0.0,0.0,0.0,0.0,0.0
174.0,345.0,1033.0,688.0,344.0,1.9942028985507247,317.92225514166444,635.8445102833288,0.5425854818598181,0.0,0.0,1.0,inf,345.0,inf,207.0,0.0,207.0,0.0,0.0,0.0,0.0,0.0,0.0
175.0,346.0,1036.0,690.0,345.0,1.9942196531791907,318.83968615953086,637.6793723190616,0.5425924297060053,0.0,0.0,1.0,inf,346.0,inf,220.0,1.0,219.0,0.0,0.0,0.0,0.0,0.0,0.0
176.0,346.0,1036.0,690.0,345.0,1.9942196531791907,318.83968615953086,637.6793723190616,0.5425924297060053,0.0,0.0,1.0,inf,346.0,inf,220.0,0.0,220.0,0.0,0.0,0.0,0.0,0.0,0.0
177.0,349.0,1045.0,696.0,348.0,1.994269340974212,321.77085688652,643.5417137730399,0.5423113879500329,0.0,0.0,1.0,inf,349.0,inf,220.0,3.0,217.0,0.0,0.0,0.0,0.0,0.0,0.0
178.0,349.0,1045.0,696.0,348.0,1.994269340974212,321.77085688652,643.5417137730399,0.5423113879500329,0.0,0.0,1.0,inf,349.0,inf,206.0,0.0,206.0,0.0,0.0,0.0,0.0,0.0,0.0
179.0,350.0,1048.0,698.0,349.0,1.9942857142857142,322.7470321084502,645.4940642169003,0.5422203230088763,0.0,0.0,1.0,inf,350.0,inf,220.0,1.0,219.0,0.0,0.0,0.0,0.0,0.0,0.0
180.0,350.0,1048.0,698.0,349.0,1.9942857142857142,322.7470321084502,645.4940642169003,0.5422203230088763,0.0,0.0,1.0,inf,350.0,inf,215.0,0.0,215.0,0.0,0.0,0.0,0.0,0.0,0.0
181.0,353.0,1057.0,704.0,352.0,1.9943342776203965,325.51811947784137,651.0362389556826,0.5422125204063017,0.0,0.0,1.0,inf,353.0,inf,220.0,3.0,217.0,0.0,0.0,0.0,0.0,0.0,0.0
182.0,353.0,1057.0,704.0,352.0,1.9943342776203965,325.51811947784137,651.0362389556826,0.5422125204063017,0.0,0.0,1.0,inf,353.0,inf,213.0,0.0,213.0,0.0,0.0,0.0,0.0,0.0,0.0
183.0,354.0,1060.0,706.0,353.0,1.9943502824858756,326.45010432284676,652.9002086456934,0.5421961814567342,0.0,0.0,1.0,inf,354.0,inf,220.0,1.0,219.0,0.0,0.0,0.0,0.0,0.0,0.0
184.0,354.0,1060.0,706.0,353.0,1.9943502824858756,326.45010432284676,652.9002086456934,0.5421961814567342,0.0,0.0,1.0,inf,354.0,inf,219.0,0.0,219.0,0.0,0.0,0.0,0.0,0.0,0.0
185.0,355.0,1063.0,708.0,354.0,1.9943661971830986,327.3509158713863,654.7018317427725,0.5422315667805813,0.0,0.0,1.0,inf,355.0,inf,220.0,1.0,219.0,0.0,0.0,0.0,0.0,0.0,0.0
186.0,355.0,1063.0,708.0,354.0,1.9943661971830986,327.3509158713863,654.7018317427725,0.5422315667805813,0.0,0.0,1.0,inf,355.0,inf,216.0,0.0,216.0,0.0,0.0,0.0,0.0,0.0,0.0
187.0,359.0,1075.0,716.0,358.0,1.9944289693593316,330.98059633962816,661.9611926792562,0.5423278644884977,0.0,0.0,1.0,inf,359.0,inf,220.0,4.0,216.0,0.0,0.0,0.0,0.0,0.0,0.0
188.0,359.0,1075.0,716.0,358.0,1.9944289693593316,330.98059633962816,661.9611926792562,0.5423278644884977,0.0,0.0,1.0,inf,359.0,inf,206.0,0.0,206.0,0.0,0.0,0.0,0.0,0.0,0.0
189.0,361.0,1081.0,720.0,360.0,1.994459833795014,332.8954281804183,665.7908563608365,0.5422123126971122,0.0,0.0,1.0,inf,361.0,inf,220.0,2.0,218.0,0.0,0.0,0.0,0.0,0.0,0.0
190.0,361.0,1081.0,720.0,360.0,1.994459833795014,332.8954281804183,665.7908563608365,0.5422123126971122,0.0,0.0,1.0,inf,361.0,inf,213.0,0.0,213.0,0.0,0.0,0.0,0.0,0.0,0.0
191.0,362.0,1084.0,722.0,361.0,1.9944751381215469,333.74810794758184,667.4962158951636,0.542325171858136,0.0,0.0,1.0,inf,362.0,inf,220.0,1.0,219.0,0.0,0.0,0.0,0.0,0.0,0.0
192.0,362.0,1084.0,722.0,361.0,1.9944751381215469,333.74810794758184,667.4962158951636,0.542325171858136,0.0,0.0,1.0,inf,362.0,inf,216.0,0.0,216.0,0.0,0.0,0.0,0.0,0.0,0.0
193.0,364.0,1090.0,726.0,363.0,1.9945054945054945,335.62520212862563,671.2504042572511,0.5422715542387965,0.0,0.0,1.0,inf,364.0,inf,220.0,2.0,218.0,0.0,0.0,0.0,0.0,0.0,0.0
194.0,364.0,1090.0,726.0,363.0,1.9945054945054945,335.62520212862563,671.2504042572511,0.5422715542387965,0.0,0.0,1.0,inf,364.0,inf,216.0,0.0,216.0,0.0,0.0,0.0,0.0,0.0,0.0
195.0,367.0,1099.0,732.0,366.0,1.994550408719346,338.36947181974546,676.7389436394908,0.5423066064829668,0.0,0.0,1.0,inf,367.0,inf,220.0,3.0,217.0,0.0,0.0,0.0,0.0,0.0,0.0
196.0,367.0,1099.0,732.0,366.0,1.994550408719346,338.36947181974546,676.7389436394908,0.5423066064829668,0.0,0.0,1.0,inf,367.0,inf,210.0,0.0,210.0,0.0,0.0,0.0,0.0,0.0,0.0
197.0,371.0,1111.0,740.0,370.0,1.994609164420485,342.09682524661304,684.193650493226,0.5422441435002373,0.0,0.0,1.0,inf,371.0,inf,220.0,4.0,216.0,0.0,0.0,0.0,0.0,0.0,0.0
198.0,371.0,1111.0,740.0,370.0,1.994609164420485,342.09682524661304,684.193650493226,0.5422441435002373,0.0,0.0,1.0,inf,371.0,inf,202.0,0.0,202.0,0.0,0.0,0.0,0.0,0.0,0.0
199.0,373.0,1117.0,744.0,372.0,1.9946380697050938,343.91896014975714,687.8379202995142,0.5422789133777035,0.0,0.0,1.0,inf,373.0,inf,220.0,2.0,218.0,0.0,0.0,0.0,0.0,0.0,0.0
200.0,373.0,1117.0,744.0,372.0,1.9946380697050938,343.91896014975714,687.8379202995142,0.5422789133777035,0.0,0.0,1.0,inf,373.0,inf,208.0,0.0,208.0,0.0,0.0,0.0,0.0,0.0,0.0
201.0,374.0,1120.0,746.0,373.0,1.9946524064171123,344.8199469609458,689.6398939218915,0.5423120142790916,0.0,0.0,1.0,inf,374.0,inf,220.0,1.0,219.0,0.0,0.0,0.0,0.0,0.0,0.0
202.0,374.0,1120.0,746.0,373.0,1.9946524064171123,344.8199469609458,689.6398939218915,0.5423120142790916,0.0,0.0,1.0,inf,374.0,inf,219.0,0.0,219.0,0.0,0.0,0.0,0.0,0.0,0.0
203.0,375.0,1123.0,748.0,374.0,1.9946666666666666,345.77450934395864,691.5490186879172,0.5422609097349184,0.0,0.0,1.0,inf,375.0,inf,220.0,1.0,219.0,0.0,0.0,0.0,0.0,0.0,0.0
204.0,375.0,1123.0,748.0,374.0,1.9946666666666666,345.77450934395864,691.5490186879172,0.5422609097349184,0.0,0.0,1.0,inf,375.0,inf,217.0,0.0,217.0,0.0,0.0,0.0,0.0,0.0,0.0
205.0,376.0,1126.0,750.0,375.0,1.9946808510638299,346.72182197689784,693.4436439537956,0.5422214238725549,0.0,0.0,1.0,inf,376.0,inf,220.0,1.0,219.0,0.0,0.0,0.0,0.0,0.0,0.0
206.0,376.0,1126.0,750.0,375.0,1.9946808510638299,346.72182197689784,693.4436439537956,0.5422214238725549,0.0,0.0,1.0,inf,376.0,inf,215.0,0.0,215.0,0.0,0.0,0.0,0.0,0.0,0.0
207.0,380.0,1138.0,758.0,379.0,1.9947368421052631,350.5680744531794,701.1361489063587,0.5419774755484066,0.0,0.0,1.0,inf,380.0,inf,220.0,4.0,216.0,0.0,0.0,0.0,0.0,0.0,0.0
208.0,380.0,1138.0,758.0,379.0,1.9947368421052631,350.5680744531794,701.1361489063587,0.5419774755484066,0.0,0.0,1.0,inf,380.0,inf,206.0,0.0,206.0,0.0,0.0,0.0,0.0,0.0,0.0
209.0,381.0,1141.0,760.0,380.0,1.994750656167979,351.49125562244484,702.9825112448896,0.5419764985693586,0.0,0.0,1.0,inf,381.0,inf,220.0,1.0,219.0,0.0,0.0,0.0,0.0,0.0,0.0
210.0,381.0,1141.0,760.0,380.0,1.994750656167979,351.49125562244484,702.9825112448896,0.5419764985693586,0.0,0.0,1.0,inf,381.0,inf,217.0,0.0,217.0,0.0,0.0,0.0,0.0,0.0,0.0
211.0,384.0,1150.0,766.0,383.0,1.9947916666666667,354.26706030322106,708.534120606442,0.5419640195610202,0.0,0.0,1.0,inf,384.0,inf,220.0,3.0,217.0,0.0,0.0,0.0,0.0,0.0,0.0
212.0,384.0,1150.0,766.0,383.0,1.9947916666666667,354.26706030322106,708.534120606442,0.5419640195610202,0.0,0.0,1.0,inf,384.0,inf,208.0,0.0,208.0,0.0,0.0,0.0,0.0,0.0,0.0
213.0,384.0,1150.0,766.0,383.0,1.9947916666666667,354.26706030322106,708.534120606442,0.5419640195610202,0.0,0.0,1.0,inf,384.0,inf,220.0,0.0,220.0,0.0,0.0,0.0,0.0,0.0,0.0
214.0,387.0,1159.0,772.0,386.0,1.9948320413436693,357.1490885346481,714.2981770692961,0.5417905468943344,0.0,0.0,1.0,inf,387.0,inf,220.0,3.0,217.0,0.0,0.0,0.0,0.0,0.0,0.0
215.0,387.0,1159.0,772.0,386.0,1.9948320413436693,357.1490885346481,714.2981770692961,0.5417905468943344,0.0,0.0,1.0,inf,387.0,inf,205.0,0.0,205.0,0.0,0.0,0.0,0.0,0.0,0.0
216.0,389.0,1165.0,776.0,388.0,1.9948586118251928,358.8937261499386,717.787452299877,0.5419431598498934,0.0,0.0,1.0,inf,389.0,inf,220.0,2.0,218.0,0.0,0.0,0.0,0.0,0.0,0.0
217.0,389.0,1165.0,776.0,388.0,1.9948586118251928,358.8937261499386,717.787452299877,0.5419431598498934,0.0,0.0,1.0,inf,389.0,inf,211.0,0.0,211.0,0.0,0.0,0.0,0.0,0.0,0.0
218.0,389.0,1165.0,776.0,388.0,1.9948586118251928,358.8937261499386,717.787452299877,0.5419431598498934,0.0,0.0,1.0,inf,389.0,inf,220.0,0.0,220.0,0.0,0.0,0.0,0.0,0.0,0.0
219.0,391.0,1171.0,780.0,390.0,1.9948849104859334,360.7443371031761,721.4886742063521,0.541935048987575,0.0,0.0,1.0,inf,391.0,inf,220.0,2.0,218.0,0.0,0.0,0.0,0.0,0.0,0.0
220.0,391.0,1171.0,780.0,390.0,1.9948849104859334,360.7443371031761,721.4886742063521,0.541935048987575,0.0,0.0,1.0,inf,391.0,inf,217.0,0.0,217.0,0.0,0.0,0.0,0.0,0.0,0.0
221.0,393.0,1177.0,784.0,392.0,1.994910941475827,362.60393325605145,725.2078665121028,0.5419135921541212,0.0,0.0,1.0,inf,393.0,inf,220.0,2.0,218.0,0.0,0.0,0.0,0.0,0.0,0.0
222.0,393.0,1177.0,784.0,392.0,1.994910941475827,362.60393325605145,725.2078665121028,0.5419135921541212,0.0,0.0,1.0,inf,393.0,inf,214.0,0.0,214.0,0.0,0.0,0.0,0.0,0.0,0.0
223.0,394.0,1180.0,786.0,393.0,1.9949238578680204,363.5089144835496,727.017828967099,0.5419399419128005,0.0,0.0,1.0,inf,394.0,inf,220.0,1.0,219.0,0.0,0.0,0.0,0.0,0.0,0.0
224.0,394.0,1180.0,786.0,393.0,1.9949238578680204,363.5089144835496,727.017828967099,0.5419399419128005,0.0,0.0,1.0,inf,394.0,inf,216.0,0.0,216.0,0.0,0.0,0.0,0.0,0.0,0.0
225.0,396.0,1186.0,790.0,395.0,1.994949494949495,365.3090432554417,730.6180865108832,0.542006839566654,0.0,0.0,1.0,inf,396.0,inf,220.0,2.0,218.0,0.0,0.0,0.0,0.0,0.0,0.0
226.0,396.0,1186.0,790.0,395.0,1.994949494949495,365.3090432554417,730.6180865108832,0.542006839566654,0.0,0.0,1.0,inf,396.0,inf,217.0,0.0,217.0,0.0,0.0,0.0,0.0,0.0,0.0
227.0,398.0,1192.0,794.0,397.0,1.9949748743718594,367.1954733099249,734.3909466198497,0.5419456787040443,0.0,0.0,1.0,inf,398.0,inf,220.0,2.0,218.0,0.0,0.0,0.0,0.0,0.0,0.0
228.0,398.0,1192.0,794.0,397.0,1.9949748743718594,367.1954733099249,734.3909466198497,0.5419456787040443,0.0,0.0,1.0,inf,398.0,inf,212.0,0.0,212.0,0.0,0.0,0.0,0.0,0.0,0.0
229.0,398.0,1192.0,794.0,397.0,1.9949748743718594,367.1954733099249,734.3909466198497,0.5419456787040443,0.0,0.0,1.0,inf,398.0,inf,220.0,0.0,220.0,0.0,0.0,0.0,0.0,0.0,0.0
230.0,401.0,1201.0,800.0,400.0,1.9950124688279303,369.9872514959852,739.9745029919703,0.541910563645936,0.0,0.0,1.0,inf,401.0,inf,220.0,3.0,217.0,0.0,0.0,0.0,0.0,0.0,0.0
231.0,401.0,1201.0,800.0,400.0,1.9950124688279303,369.9872514959852,739.9745029919703,0.541910563645936,0.0,0.0,1.0,inf,401.0,inf,202.0,0.0,202.0,0.0,0.0,0.0,0.0,0.0,0.0
232.0,402.0,1204.0,802.0,401.0,1.9950248756218905,370.97437548185354,741.948750963707,0.5418163983399766,0.0,0.0,1.0,inf,402.0,inf,220.0,1.0,219.0,0.0,0.0,0.0,0.0,0.0,0.0
233.0,402.0,1204.0,802.0,401.0,1.9950248756218905,370.97437548185354,741.948750963707,0.5418163983399766,0.0,0.0,1.0,inf,402.0,inf,218.0,0.0,218.0,0.0,0.0,0.0,0.0,0.0,0.0
234.0,404.0,1210.0,806.0,403.0,1.995049504950495,372.78222868688056,745.564457373761,0.5418713244768717,0.0,0.0,1.0,inf,404.0,inf,220.0,2.0,218.0,0.0,0.0,0.0,0.0,0.0,0.0
235.0,404.0,1210.0,806.0,403.0,1.995049504950495,372.78222868688056,745.564457373761,0.5418713244768717,0.0,0.0,1.0,inf,404.0,inf,214.0,0.0,214.0,0.0,0.0,0.0,0.0,0.0,0.0
236.0,407.0,1219.0,812.0,406.0,1.9950859950859952,375.55741160375356,751.114823207507,0.5418612273713043,0.0,0.0,1.0,inf,407.0,inf,220.0,3.0,217.0,0.0,0.0,0.0,0.0,0.0,0.0
237.0,407.0,1219.0,812.0,406.0,1.9950859950859952,375.55741160375356,751.114823207507,0.5418612273713043,0.0,0.0,1.0,inf,407.0,inf,210.0,0.0,210.0,0.0,0.0,0.0,0.0,0.0,0.0
238.0,408.0,1222.0,814.0,407.0,1.9950980392156863,376.4396947275632,752.8793894551263,0.5419194703885807,0.0,0.0,1.0,inf,408.0,inf,220.0,1.0,219.0,0.0,0.0,0.0,0.0,0.0,0.0
239.0,408.0,1222.0,814.0,407.0,1.9950980392156863,376.4396947275632,752.8793894551263,0.5419194703885807,0.0,0.0,1.0,inf,408.0,inf,217.0,0.0,217.0,0.0,0.0,0.0,0.0,0.0,0.0
240.0,408.0,1222.0,814.0,407.0,1.9950980392156863,376.4396947275632,752.8793894551263,0.5419194703885807,0.0,0.0,1.0,inf,408.0,inf,220.0,0.0,220.0,0.0,0.0,0.0,0.0,0.0,0.0
241.0,409.0,1225.0,816.0,408.0,1.9951100244498778,377.41624029331274,754.8324805866254,0.541842078234553,0.0,0.0,1.0,inf,409.0,inf,220.0,1.0,219.0,0.0,0.0,0.0,0.0,0.0,0.0
242.0,409.0,1225.0,816.0,408.0,1.9951100244498778,377.41624029331274,754.8324805866254,0.541842078234553,0.0,0.0,1.0,inf,409.0,inf,218.0,0.0,218.0,0.0,0.0,0.0,0.0,0.0,0.0
243.0,411.0,1231.0,820.0,410.0,1.9951338199513382,379.30064924037856,758.601298480757,0.5417865759300774,0.0,0.0,1.0,inf,411.0,inf,220.0,2.0,218.0,0.0,0.0,0.0,0.0,0.0,0.0
244.0,411.0,1231.0,820.0,410.0,1.9951338199513382,379.30064924037856,758.601298480757,0.5417865759300774,0.0,0.0,1.0,inf,411.0,inf,215.0,0.0,215.0,0.0,0.0,0.0,0.0,0.0,0.0
245.0,414.0,1240.0,826.0,413.0,1.9951690821256038,382.08146459753516,764.1629291950702,0.5417692800618924,0.0,0.0,1.0,inf,414.0,inf,220.0,3.0,217.0,0.0,0.0,0.0,0.0,0.0,0.0
246.0,414.0,1240.0,826.0,413.0,1.9951690821256038,382.08146459753516,764.1629291950702,0.5417692800618924,0.0,0.0,1.0,inf,414.0,inf,214.0,0.0,214.0,0.0,0.0,0.0,0.0,0.0,0.0
247.0,415.0,1243.0,828.0,414.0,1.9951807228915663,383.0756210817278,766.1512421634554,0.5416685076801864,0.0,0.0,1.0,inf,415.0,inf,220.0,1.0,219.0,0.0,0.0,0.0,0.0,0.0,0.0
248.0,415.0,1243.0,828.0,414.0,1.9951807228915663,383.0756210817278,766.1512421634554,0.5416685076801864,0.0,0.0,1.0,inf,415.0,inf,219.0,0.0,219.0,0.0,0.0,0.0,0.0,0.0,0.0
249.0,417.0,1249.0,832.0,416.0,1.9952038369304557,384.95184382281536,769.9036876456306,0.5416261886927547,0.0,0.0,1.0,inf,417.0,inf,220.0,2.0,218.0,0.0,0.0,0.0,0.0,0.0,0.0
250.0,417.0,1249.0,832.0,416.0,1.9952038369304557,384.95184382281536,769.9036876456306,0.5416261886927547,0.0,0.0,1.0,inf,417.0,inf,215.0,0.0,215.0,0.0,0.0,0.0,0.0,0.0,0.0
251.0,418.0,1252.0,834.0,417.0,1.9952153110047848,385.9121989460734,771.8243978921466,0.5415739657123544,0.0,0.0,1.0,inf,418.0,inf,220.0,1.0,219.0,0.0,0.0,0.0,0.0,0.0,0.0
252.0,418.0,1252.0,834.0,417.0,1.9952153110047848,385.9121989460734,771.8243978921466,0.5415739657123544,0.0,0.0,1.0,inf,418.0,inf,216.0,0.0,216.0,0.0,0.0,0.0,0.0,0.0,0.0
253.0,419.0,1255.0,836.0,418.0,1.9952267303102624,386.88405359455743,773.7681071891147,0.5415059061068193,0.0,0.0,1.0,inf,419.0,inf,220.0,1.0,219.0,0.0,0.0,0.0,0.0,0.0,0.0
254.0,419.0,1255.0,836.0,418.0,1.9952267303102624,386.88405359455743,773.7681071891147,0.5415059061068193,0.0,0.0,1.0,inf,419.0,inf,215.0,0.0,215.0,0.0,0.0,0.0,0.0,0.0,0.0
255.0,419.0,1255.0,836.0,418.0,1.9952267303102624,386.88405359455743,773.7681071891147,0.5415059061068193,0.0,0.0,1.0,inf,419.0,inf,220.0,0.0,220.0,0.0,0.0,0.0,0.0,0.0,0.0
256.0,420.0,1258.0,838.0,419.0,1.9952380952380953,387.7760962230322,775.5521924460643,0.541549626306045,0.0,0.0,1.0,inf,420.0,inf,220.0,1.0,219.0,0.0,0.0,0.0,0.0,0.0,0.0
257.0,420.0,1258.0,838.0,419.0,1.9952380952380953,387.7760962230322,775.5521924460643,0.541549626306045,0.0,0.0,1.0,inf,420.0,inf,217.0,0.0,217.0,0.0,0.0,0.0,0.0,0.0,0.0
258.0,421.0,1261.0,840.0,420.0,1.995249406175772,388.69743821490994,777.3948764298198,0.5415523214321136,0.0,0.0,1.0,inf,421.0,inf,220.0,1.0,219.0,0.0,0.0,0.0,0.0,0.0,0.0
259.0,421.0,1261.0,840.0,420.0,1.995249406175772,388.69743821490994,777.3948764298198,0.5415523214321136,0.0,0.0,1.0,inf,421.0,inf,217.0,0.0,217.0,0.0,0.0,0.0,0.0,0.0,0.0
260.0,422.0,1264.0,842.0,421.0,1.995260663507109,389.67826586403993,779.3565317280797,0.5414723336754395,0.0,0.0,1.0,inf,422.0,inf,220.0,1.0,219.0,0.0,0.0,0.0,0.0,0.0,0.0
261.0,422.0,1264.0,842.0,421.0,1.995260663507109,389.67826586403993,779.3565317280797,0.5414723336754395,0.0,0.0,1.0,inf,422.0,inf,213.0,0.0,213.0,0.0,0.0,0.0,0.0,0.0,0.0
262.0,423.0,1267.0,844.0,422.0,1.9952718676122931,390.65683576510685,781.3136715302136,0.5413958764749996,0.0,0.0,1.0,inf,423.0,inf,220.0,1.0,219.0,0.0,0.0,0.0,0.0,0.0,0.0
263.0,423.0,1267.0,844.0,422.0,1.9952718676122931,390.65683576510685,781.3136715302136,0.5413958764749996,0.0,0.0,1.0,inf,423.0,inf,219.0,0.0,219.0,0.0,0.0,0.0,0.0,0.0,0.0
264.0,424.0,1270.0,846.0,423.0,1.9952830188679245,391.5641950707205,783.1283901414408,0.5414182467876325,0.0,0.0,1.0,inf,424.0,inf,220.0,1.0,219.0,0.0,0.0,0.0,0.0,0.0,0.0
265.0,424.0,1270.0,846.0,423.0,1.9952830188679245,391.5641950707205,783.1283901414408,0.5414182467876325,0.0,0.0,1.0,inf,424.0,inf,217.0,0.0,217.0,0.0,0.0,0.0,0.0,0.0,0.0
266.0,426.0,1276.0,850.0,425.0,1.9953051643192488,393.39161023938806,786.783220478776,0.5414452023274836,0.0,0.0,1.0,inf,426.0,inf,220.0,2.0,218.0,0.0,0.0,0.0,0.0,0.0,0.0
267.0,426.0,1276.0,850.0,425.0,1.9953051643192488,393.39161023938806,786.783220478776,0.5414452023274836,0.0,0.0,1.0,inf,426.0,inf,216.0,0.0,216.0,0.0,0.0,0.0,0.0,0.0,0.0
268.0,426.0,1276.0,850.0,425.0,1.9953051643192488,393.39161023938806,786.783220478776,0.5414452023274836,0.0,0.0,1.0,inf,426.0,inf,220.0,0.0,220.0,0.0,0.0,0.0,0.0,0.0,0.0
269.0,429.0,1285.0,856.0,428.0,1.9953379953379953,396.1932509042501,792.3865018085,0.5414024582963916,0.0,0.0,1.0,inf,429.0,inf,220.0,3.0,217.0,0.0,0.0,0.0,0.0,0.0,0.0
270.0,429.0,1285.0,856.0,428.0,1.9953379953379953,396.1932509042501,792.3865018085,0.5414024582963916,0.0,0.0,1.0,inf,429.0,inf,211.0,0.0,211.0,0.0,0.0,0.0,0.0,0.0,0.0
271.0,432.0,1294.0,862.0,431.0,1.9953703703703705,398.9987063023513,797.9974126047025,0.541355138721479,0.0,0.0,1.0,inf,432.0,inf,220.0,3.0,217.0,0.0,0.0,0.0,0.0,0.0,0.0
272.0,432.0,1294.0,862.0,431.0,1.9953703703703705,398.9987063023513,797.9974126047025,0.541355138721479,0.0,0.0,1.0,inf,432.0,inf,213.0,0.0,213.0,0.0,0.0,0.0,0.0,0.0,0.0
273.0,434.0,1300.0,866.0,433.0,1.9953917050691243,400.8873625463044,801.7747250926087,0.5412991784567305,0.0,0.0,1.0,inf,434.0,inf,220.0,2.0,218.0,0.0,0.0,0.0,0.0,0.0,0.0
274.0,434.0,1300.0,866.0,433.0,1.9953917050691243,400.8873625463044,801.7747250926087,0.5412991784567305,0.0,0.0,1.0,inf,434.0,inf,217.0,0.0,217.0,0.0,0.0,0.0,0.0,0.0,0.0
275.0,437.0,1309.0,872.0,436.0,1.9954233409610984,403.5632031718372,807.1264063436743,0.5414269643086432,0.0,0.0,1.0,inf,437.0,inf,220.0,3.0,217.0,0.0,0.0,0.0,0.0,0.0,0.0
276.0,437.0,1309.0,872.0,436.0,1.9954233409610984,403.5632031718372,807.1264063436743,0.5414269643086432,0.0,0.0,1.0,inf,437.0,inf,213.0,0.0,213.0,0.0,0.0,0.0,0.0,0.0,0.0
277.0,439.0,1315.0,876.0,438.0,1.9954441913439636,405.4266997072187,810.8533994144373,0.5414048955298535,0.0,0.0,1.0,inf,439.0,inf,220.0,2.0,218.0,0.0,0.0,0.0,0.0,0.0,0.0
278.0,439.0,1315.0,876.0,438.0,1.9954441913439636,405.4266997072187,810.8533994144373,0.5414048955298535,0.0,0.0,1.0,inf,439.0,inf,212.0,0.0,212.0,0.0,0.0,0.0,0.0,0.0,0.0
279.0,441.0,1321.0,880.0,440.0,1.9954648526077097,407.3634514105761,814.7269028211521,0.5412856731169068,0.0,0.0,1.0,inf,441.0,inf,220.0,2.0,218.0,0.0,0.0,0.0,0.0,0.0,0.0
280.0,441.0,1321.0,880.0,440.0,1.9954648526077097,407.3634514105761,814.7269028211521,0.5412856731169068,0.0,0.0,1.0,inf,441.0,inf,217.0,0.0,217.0,0.0,0.0,0.0,0.0,0.0,0.0
281.0,443.0,1327.0,884.0,442.0,1.9954853273137698,409.27791405571804,818.555828111436,0.5411970506911975,0.0,0.0,1.0,inf,443.0,inf,220.0,2.0,218.0,0.0,0.0,0.0,0.0,0.0,0.0
282.0,443.0,1327.0,884.0,442.0,1.9954853273137698,409.27791405571804,818.555828111436,0.5411970506911975,0.0,0.0,1.0,inf,443.0,inf,209.0,0.0,209.0,0.0,0.0,0.0,0.0,0.0,0.0
283.0,443.0,1327.0,884.0,442.0,1.9954853273137698,409.27791405571804,818.555828111436,0.5411970506911975,0.0,0.0,1.0,inf,443.0,inf,220.0,0.0,220.0,0.0,0.0,0.0,0.0,0.0,0.0
284.0,445.0,1333.0,888.0,444.0,1.9955056179775281,411.20793202691897,822.4158640538378,0.5410887842149759,0.0,0.0,1.0,inf,445.0,inf,220.0,2.0,218.0,0.0,0.0,0.0,0.0,0.0,0.0
285.0,445.0,1333.0,888.0,444.0,1.9955056179775281,411.20793202691897,822.4158640538378,0.5410887842149759,0.0,0.0,1.0,inf,445.0,inf,209.0,0.0,209.0,0.0,0.0,0.0,0.0,0.0,0.0
286.0,447.0,1339.0,892.0,446.0,1.9955257270693512,413.045528921417,826.0910578428338,0.5411025767150273,0.0,0.0,1.0,inf,447.0,inf,220.0,2.0,218.0,0.0,0.0,0.0,0.0,0.0,0.0
287.0,447.0,1339.0,892.0,446.0,1.9955257270693512,413.045528921417,826.0910578428338,0.5411025767150273,0.0,0.0,1.0,inf,447.0,inf,214.0,0.0,214.0,0.0,0.0,0.0,0.0,0.0,0.0
288.0,449.0,1345.0,896.0,448.0,1.9955456570155903,414.9471031698207,829.8942063396413,0.5410328166771692,0.0,0.0,1.0,inf,449.0,inf,220.0,2.0,218.0,0.0,0.0,0.0,0.0,0.0,0.0
289.0,449.0,1345.0,896.0,448.0,1.9955456570155903,414.9471031698207,829.8942063396413,0.5410328166771692,0.0,0.0,1.0,inf,449.0,inf,214.0,0.0,214.0,0.0,0.0,0.0,0.0,0.0,0.0
290.0,450.0,1348.0,898.0,449.0,1.9955555555555555,415.92650309346357,831.853006186927,0.5409609590313601,0.0,0.0,1.0,inf,450.0,inf,220.0,1.0,219.0,0.0,0.0,0.0,0.0,0.0,0.0
291.0,450.0,1348.0,898.0,449.0,1.9955555555555555,415.92650309346357,831.853006186927,0.5409609590313601,0.0,0.0,1.0,inf,450.0,inf,217.0,0.0,217.0,0.0,0.0,0.0,0.0,0.0,0.0
292.0,451.0,1351.0,900.0,450.0,1.9955654101995566,416.8061390428259,833.6122780856517,0.541018902739411,0.0,0.0,1.0,inf,451.0,inf,220.0,1.0,219.0,0.0,0.0,0.0,0.0,0.0,0.0
293.0,451.0,1351.0,900.0,450.0,1.9955654101995566,416.8061390428259,833.6122780856517,0.541018902739411,0.0,0.0,1.0,inf,451.0,inf,212.0,0.0,212.0,0.0,0.0,0.0,0.0,0.0,0.0
294.0,454.0,1360.0,906.0,453.0,1.9955947136563876,419.50112768452266,839.0022553690452,0.5411189267903728,0.0,0.0,1.0,inf,454.0,inf,220.0,3.0,217.0,0.0,0.0,0.0,0.0,0.0,0.0
295.0,454.0,1360.0,906.0,453.0,1.9955947136563876,419.50112768452266,839.0022553690452,0.5411189267903728,0.0,0.0,1.0,inf,454.0,inf,213.0,0.0,213.0,0.0,0.0,0.0,0.0,0.0,0.0
296.0,457.0,1369.0,912.0,456.0,1.9956236323851204,422.3648875946766,844.7297751893531,0.5410014106553303,0.0,0.0,1.0,inf,457.0,inf,220.0,3.0,217.0,0.0,0.0,0.0,0.0,0.0,0.0
297.0,457.0,1369.0,912.0,456.0,1.9956236323851204,422.3648875946766,844.7297751893531,0.5410014106553303,0.0,0.0,1.0,inf,457.0,inf,213.0,0.0,213.0,0.0,0.0,0.0,0.0,0.0,0.0
298.0,459.0,1375.0,916.0,458.0,1.9956427015250544,424.1883841468564,848.3767682937126,0.5410332026455158,0.0,0.0,1.0,inf,459.0,inf,220.0,2.0,218.0,0.0,0.0,0.0,0.0,0.0,0.0
299.0,459.0,1375.0,916.0,458.0,1.9956427015250544,424.1883841468564,848.3767682937126,0.5410332026455158,0.0,0.0,1.0,inf,459.0,inf,214.0,0.0,214.0,0.0,0.0,0.0,0.0,0.0,0.0
300.0,461.0,1381.0,920.0,460.0,1.9956616052060738,425.9458777640931,851.8917555281861,0.5411485637798817,0.0,0.0,1.0,inf,461.0,inf,220.0,2.0,218.0,0.0,0.0,0.0,0.0,0.0,0.0
301.0,461.0,1381.0,920.0,460.0,1.9956616052060738,425.9458777640931,851.8917555281861,0.5411485637798817,0.0,0.0,1.0,inf,461.0,inf,213.0,0.0,213.0,0.0,0.0,0.0,0.0,0.0,0.0
302.0,463.0,1387.0,924.0,462.0,1.9956803455723542,427.84483841643396,855.6896768328678,0.5410840080643308,0.0,0.0,1.0,inf,463.0,inf,220.0,2.0,218.0,0.0,0.0,0.0,0.0,0.0,0.0
303.0,463.0,1387.0,924.0,462.0,1.9956803455723542,427.84483841643396,855.6896768328678,0.5410840080643308,0.0,0.0,1.0,inf,463.0,inf,214.0,0.0,214.0,0.0,0.0,0.0,0.0,0.0,0.0
304.0,464.0,1390.0,926.0,463.0,1.9956896551724137,428.7449080944029,857.4898161888057,0.5411142980826195,0.0,0.0,1.0,inf,464.0,inf,220.0,1.0,219.0,0.0,0.0,0.0,0.0,0.0,0.0
305.0,464.0,1390.0,926.0,463.0,1.9956896551724137,428.7449080944029,857.4898161888057,0.5411142980826195,0.0,0.0,1.0,inf,464.0,inf,220.0,0.0,220.0,0.0,0.0,0.0,0.0,0.0,0.0
306.0,466.0,1396.0,930.0,465.0,1.9957081545064377,430.68495076791066,861.3699015358212,0.5409987035408629,0.0,0.0,1.0,inf,466.0,inf,220.0,2.0,218.0,0.0,0.0,0.0,0.0,0.0,0.0
307.0,466.0,1396.0,930.0,465.0,1.9957081545064377,430.68495076791066,861.3699015358212,0.5409987035408629,0.0,0.0,1.0,inf,466.0,inf,211.0,0.0,211.0,0.0,0.0,0.0,0.0,0.0,0.0
308.0,468.0,1402.0,934.0,467.0,1.9957264957264957,432.61905410422725,865.2381082084544,0.5408915714184526,0.0,0.0,1.0,inf,468.0,inf,220.0,2.0,218.0,0.0,0.0,0.0,0.0,0.0,0.0
309.0,468.0,1402.0,934.0,467.0,1.9957264957264957,432.61905410422725,865.2381082084544,0.5408915714184526,0.0,0.0,1.0,inf,468.0,inf,219.0,0.0,219.0,0.0,0.0,0.0,0.0,0.0,0.0
310.0,469.0,1405.0,936.0,468.0,1.995735607675906,433.56011424462827,867.1202284892564,0.540870786531087,0.0,0.0,1.0,inf,469.0,inf,220.0,1.0,219.0,0.0,0.0,0.0,0.0,0.0,0.0
311.0,469.0,1405.0,936.0,468.0,1.995735607675906,433.56011424462827,867.1202284892564,0.540870786531087,0.0,0.0,1.0,inf,469.0,inf,214.0,0.0,214.0,0.0,0.0,0.0,0.0,0.0,0.0
312.0,470.0,1408.0,938.0,469.0,1.995744680851064,434.54244013778987,869.0848802755796,0.5407987305577873,0.0,0.0,1.0,inf,470.0,inf,220.0,1.0,219.0,0.0,0.0,0.0,0.0,0.0,0.0
313.0,470.0,1408.0,938.0,469.0,1.995744680851064,434.54244013778987,869.0848802755796,0.5407987305577873,0.0,0.0,1.0,inf,470.0,inf,215.0,0.0,215.0,0.0,0.0,0.0,0.0,0.0,0.0
314.0,470.0,1408.0,938.0,469.0,1.995744680851064,434.54244013778987,869.0848802755796,0.5407987305577873,0.0,0.0,1.0,inf,470.0,inf,220.0,0.0,220.0,0.0,0.0,0.0,0.0,0.0,0.0
315.0,471.0,1411.0,940.0,470.0,1.9957537154989384,435.52611329859286,871.0522265971856,0.540725326930152,0.0,0.0,1.0,inf,471.0,inf,220.0,1.0,219.0,0.0,0.0,0.0,0.0,0.0,0.0
316.0,471.0,1411.0,940.0,470.0,1.9957537154989384,435.52611329859286,871.0522265971856,0.540725326930152,0.0,0.0,1.0,inf,471.0,inf,216.0,0.0,216.0,0.0,0.0,0.0,0.0,0.0,0.0
317.0,472.0,1414.0,942.0,471.0,1.9957627118644068,436.42489734074906,872.849794681498,0.5407574165406458,0.0,0.0,1.0,inf,472.0,inf,220.0,1.0,219.0,0.0,0.0,0.0,0.0,0.0,0.0
318.0,472.0,1414.0,942.0,471.0,1.9957627118644068,436.42489734074906,872.849794681498,0.5407574165406458,0.0,0.0,1.0,inf,472.0,inf,217.0,0.0,217.0,0.0,0.0,0.0,0.0,0.0,0.0
319.0,474.0,1420.0,946.0,473.0,1.9957805907172996,438.3121948702911,876.624389740582,0.5407104862098008,0.0,0.0,1.0,inf,474.0,inf,220.0,2.0,218.0,0.0,0.0,0.0,0.0,0.0,0.0
320.0,474.0,1420.0,946.0,473.0,1.9957805907172996,438.3121948702911,876.624389740582,0.5407104862098008,0.0,0.0,1.0,inf,474.0,inf,210.0,0.0,210.0,0.0,0.0,0.0,0.0,0.0,0.0
321.0,476.0,1426.0,950.0,475.0,1.995798319327731,440.1811097587902,880.3622195175803,0.5406865372537656,0.0,0.0,1.0,inf,476.0,inf,220.0,2.0,218.0,0.0,0.0,0.0,0.0,0.0,0.0
322.0,476.0,1426.0,950.0,475.0,1.995798319327731,440.1811097587902,880.3622195175803,0.5406865372537656,0.0,0.0,1.0,inf,476.0,inf,216.0,0.0,216.0,0.0,0.0,0.0,0.0,0.0,0.0
323.0,476.0,1426.0,950.0,475.0,1.995798319327731,440.1811097587902,880.3622195175803,0.5406865372537656,0.0,0.0,1.0,inf,476.0,inf,220.0,0.0,220.0,0.0,0.0,0.0,0.0,0.0,0.0
324.0,477.0,1429.0,952.0,476.0,1.9958071278825995,441.1563785087018,882.3127570174034,0.5406246211518749,0.0,0.0,1.0,inf,477.0,inf,220.0,1.0,219.0,0.0,0.0,0.0,0.0,0.0,0.0
325.0,477.0,1429.0,952.0,476.0,1.9958071278825995,441.1563785087018,882.3127570174034,0.5406246211518749,0.0,0.0,1.0,inf,477.0,inf,218.0,0.0,218.0,0.0,0.0,0.0,0.0,0.0,0.0
326.0,478.0,1432.0,954.0,477.0,1.99581589958159,442.024667409462,884.0493348189239,0.5406938065259749,0.0,0.0,1.0,inf,478.0,inf,220.0,1.0,219.0,0.0,0.0,0.0,0.0,0.0,0.0
327.0,478.0,1432.0,954.0,477.0,1.99581589958159,442.024667409462,884.0493348189239,0.5406938065259749,0.0,0.0,1.0,inf,478.0,inf,218.0,0.0,218.0,0.0,0.0,0.0,0.0,0.0,0.0
328.0,479.0,1435.0,956.0,478.0,1.9958246346555324,442.96739328449235,885.9347865689846,0.5406718499620649,0.0,0.0,1.0,inf,479.0,inf,220.0,1.0,219.0,0.0,0.0,0.0,0.0,0.0,0.0
329.0,479.0,1435.0,956.0,478.0,1.9958246346555324,442.96739328449235,885.9347865689846,0.5406718499620649,0.0,0.0,1.0,inf,479.0,inf,219.0,0.0,219.0,0.0,0.0,0.0,0.0,0.0,0.0
330.0,480.0,1438.0,958.0,479.0,1.9958333333333333,443.9416581785147,887.8833163570292,0.54061157717146,0.0,0.0,1.0,inf,480.0,inf,220.0,1.0,219.0,0.0,0.0,0.0,0.0,0.0,0.0
331.0,480.0,1438.0,958.0,479.0,1.9958333333333333,443.9416581785147,887.8833163570292,0.54061157717146,0.0,0.0,1.0,inf,480.0,inf,219.0,0.0,219.0,0.0,0.0,0.0,0.0,0.0,0.0
332.0,482.0,1444.0,962.0,481.0,1.995850622406639,445.7407207383445,891.4814414766889,0.5406730612379256,0.0,0.0,1.0,inf,482.0,inf,220.0,2.0,218.0,0.0,0.0,0.0,0.0,0.0,0.0
333.0,482.0,1444.0,962.0,481.0,1.995850622406639,445.7407207383445,891.4814414766889,0.5406730612379256,0.0,0.0,1.0,inf,482.0,inf,212.0,0.0,212.0,0.0,0.0,0.0,0.0,0.0,0.0
334.0,484.0,1450.0,966.0,483.0,1.9958677685950412,447.6216431464519,895.2432862929037,0.5406351629892547,0.0,0.0,1.0,inf,484.0,inf,220.0,2.0,218.0,0.0,0.0,0.0,0.0,0.0,0.0
335.0,484.0,1450.0,966.0,483.0,1.9958677685950412,447.6216431464519,895.2432862929037,0.5406351629892547,0.0,0.0,1.0,inf,484.0,inf,211.0,0.0,211.0,0.0,0.0,0.0,0.0,0.0,0.0
336.0,484.0,1450.0,966.0,483.0,1.9958677685950412,447.6216431464519,895.2432862929037,0.5406351629892547,0.0,0.0,1.0,inf,484.0,inf,220.0,0.0,220.0,0.0,0.0,0.0,0.0,0.0,0.0
337.0,484.0,1450.0,966.0,483.0,1.9958677685950412,447.6216431464519,895.2432862929037,0.5406351629892547,0.0,0.0,1.0,inf,484.0,inf,220.0,0.0,220.0,0.0,0.0,0.0,0.0,0.0,0.0
338.0,486.0,1456.0,970.0,485.0,1.9958847736625513,449.482340243103,898.9646804862059,0.5406219071222536,0.0,0.0,1.0,inf,486.0,inf,220.0,2.0,218.0,0.0,0.0,0.0,0.0,0.0,0.0
339.0,486.0,1456.0,970.0,485.0,1.9958847736625513,449.482340243103,898.9646804862059,0.5406219071222536,0.0,0.0,1.0,inf,486.0,inf,216.0,0.0,216.0,0.0,0.0,0.0,0.0,0.0,0.0
340.0,486.0,1456.0,970.0,485.0,1.9958847736625513,449.482340243103,898.9646804862059,0.5406219071222536,0.0,0.0,1.0,inf,486.0,inf,220.0,0.0,220.0,0.0,0.0,0.0,0.0,0.0,0.0
341.0,488.0,1462.0,974.0,487.0,1.9959016393442623,451.3789500338568,902.7579000677135,0.5405657485394438,0.0,0.0,1.0,inf,488.0,inf,220.0,2.0,218.0,0.0,0.0,0.0,0.0,0.0,0.0
342.0,488.0,1462.0,974.0,487.0,1.9959016393442623,451.3789500338568,902.7579000677135,0.5405657485394438,0.0,0.0,1.0,inf,488.0,inf,211.0,0.0,211.0,0.0,0.0,0.0,0.0,0.0,0.0
343.0,492.0,1474.0,982.0,491.0,1.9959349593495934,455.0478623288467,910.0957246576933,0.5406024736409479,0.0,0.0,1.0,inf,492.0,inf,220.0,4.0,216.0,0.0,0.0,0.0,0.0,0.0,0.0
344.0,492.0,1474.0,982.0,491.0,1.9959349593495934,455.0478623288467,910.0957246576933,0.5406024736409479,0.0,0.0,1.0,inf,492.0,inf,208.0,0.0,208.0,0.0,0.0,0.0,0.0,0.0,0.0
345.0,495.0,1483.0,988.0,494.0,1.995959595959596,457.840693558786,915.6813871175718,0.5405810437604133,0.0,0.0,1.0,inf,495.0,inf,220.0,3.0,217.0,0.0,0.0,0.0,0.0,0.0,0.0
346.0,495.0,1483.0,988.0,494.0,1.995959595959596,457.840693558786,915.6813871175718,0.5405810437604133,0.0,0.0,1.0,inf,495.0,inf,215.0,0.0,215.0,0.0,0.0,0.0,0.0,0.0,0.0
347.0,496.0,1486.0,990.0,495.0,1.9959677419354838,458.77946803873976,917.5589360774794,0.5405647315913856,0.0,0.0,1.0,inf,496.0,inf,220.0,1.0,219.0,0.0,0.0,0.0,0.0,0.0,0.0
348.0,496.0,1486.0,990.0,495.0,1.9959677419354838,458.77946803873976,917.5589360774794,0.5405647315913856,0.0,0.0,1.0,inf,496.0,inf,213.0,0.0,213.0,0.0,0.0,0.0,0.0,0.0,0.0
349.0,497.0,1489.0,992.0,496.0,1.9959758551307847,459.76800940079545,919.5360188015908,0.5404899752026333,0.0,0.0,1.0,inf,497.0,inf,220.0,1.0,219.0,0.0,0.0,0.0,0.0,0.0,0.0
350.0,497.0,1489.0,992.0,496.0,1.9959758551307847,459.76800940079545,919.5360188015908,0.5404899752026333,0.0,0.0,1.0,inf,497.0,inf,217.0,0.0,217.0,0.0,0.0,0.0,0.0,0.0,0.0
351.0,498.0,1492.0,994.0,497.0,1.9959839357429718,460.7127754163501,921.4255508327001,0.5404668880192797,0.0,0.0,1.0,inf,498.0,inf,220.0,1.0,219.0,0.0,0.0,0.0,0.0,0.0,0.0
352.0,498.0,1492.0,994.0,497.0,1.9959839357429718,460.7127754163501,921.4255508327001,0.5404668880192797,0.0,0.0,1.0,inf,498.0,inf,217.0,0.0,217.0,0.0,0.0,0.0,0.0,0.0,0.0
353.0,499.0,1495.0,996.0,498.0,1.9959919839679359,461.5958107225028,923.1916214450055,0.5405161706504129,0.0,0.0,1.0,inf,499.0,inf,220.0,1.0,219.0,0.0,0.0,0.0,0.0,0.0,0.0
354.0,499.0,1495.0,996.0,498.0,1.9959919839679359,461.5958107225028,923.1916214450055,0.5405161706504129,0.0,0.0,1.0,inf,499.0,inf,220.0,0.0,220.0,0.0,0.0,0.0,0.0,0.0,0.0
355.0,501.0,1501.0,1000.0,500.0,1.996007984031936,463.4660948505966,926.9321897011931,0.5404926116132648,0.0,0.0,1.0,inf,501.0,inf,220.0,2.0,218.0,0.0,0.0,0.0,0.0,0.0,0.0
356.0,501.0,1501.0,1000.0,500.0,1.996007984031936,463.4660948505966,926.9321897011931,0.5404926116132648,0.0,0.0,1.0,inf,501.0,inf,214.0,0.0,214.0,0.0,0.0,0.0,0.0,0.0,0.0
357.0,501.0,1501.0,1000.0,500.0,1.996007984031936,463.4660948505966,926.9321897011931,0.5404926116132648,0.0,0.0,1.0,inf,501.0,inf,220.0,0.0,220.0,0.0,0.0,0.0,0.0,0.0,0.0
358.0,503.0,1507.0,1004.0,502.0,1.9960238568588469,465.2437533325116,930.487506665023,0.5405768442854341,0.0,0.0,1.0,inf,503.0,inf,220.0,2.0,218.0,0.0,0.0,0.0,0.0,0.0,0.0
359.0,503.0,1507.0,1004.0,502.0,1.9960238568588469,465.2437533325116,930.487506665023,0.5405768442854341,0.0,0.0,1.0,inf,503.0,inf,213.0,0.0,213.0,0.0,0.0,0.0,0.0,0.0,0.0
360.0,503.0,1507.0,1004.0,502.0,1.9960238568588469,465.2437533325116,930.487506665023,0.5405768442854341,0.0,0.0,1.0,inf,503.0,inf,220.0,0.0,220.0,0.0,0.0,0.0,0.0,0.0,0.0
361.0,504.0,1510.0,1006.0,503.0,1.996031746031746,466.10505541137377,932.2101108227474,0.5406506474760084,0.0,0.0,1.0,inf,504.0,inf,220.0,1.0,219.0,0.0,0.0,0.0,0.0,0.0,0.0
362.0,504.0,1510.0,1006.0,503.0,1.996031746031746,466.10505541137377,932.2101108227474,0.5406506474760084,0.0,0.0,1.0,inf,504.0,inf,219.0,0.0,219.0,0.0,0.0,0.0,0.0,0.0,0.0
363.0,504.0,1510.0,1006.0,503.0,1.996031746031746,466.10505541137377,932.2101108227474,0.5406506474760084,0.0,0.0,1.0,inf,504.0,inf,220.0,0.0,220.0,0.0,0.0,0.0,0.0,0.0,0.0
364.0,506.0,1516.0,1010.0,505.0,1.9960474308300395,467.88872864668775,935.7774572933754,0.5407268534375091,0.0,0.0,1.0,inf,506.0,inf,220.0,2.0,218.0,0.0,0.0,0.0,0.0,0.0,0.0
365.0,506.0,1516.0,1010.0,505.0,1.9960474308300395,467.88872864668775,935.7774572933754,0.5407268534375091,0.0,0.0,1.0,inf,506.0,inf,212.0,0.0,212.0,0.0,0.0,0.0,0.0,0.0,0.0
366.0,508.0,1522.0,1014.0,507.0,1.9960629921259843,469.86229440670206,939.724588813404,0.5405839179343542,0.0,0.0,1.0,inf,508.0,inf,220.0,2.0,218.0,0.0,0.0,0.0,0.0,0.0,0.0
367.0,508.0,1522.0,1014.0,507.0,1.9960629921259843,469.86229440670206,939.724588813404,0.5405839179343542,0.0,0.0,1.0,inf,508.0,inf,214.0,0.0,214.0,0.0,0.0,0.0,0.0,0.0,0.0
368.0,510.0,1528.0,1018.0,509.0,1.996078431372549,471.72173470532266,943.4434694106452,0.5405729294184306,0.0,0.0,1.0,inf,510.0,inf,220.0,2.0,218.0,0.0,0.0,0.0,0.0,0.0,0.0
369.0,510.0,1528.0,1018.0,509.0,1.996078431372549,471.72173470532266,943.4434694106452,0.5405729294184306,0.0,0.0,1.0,inf,510.0,inf,218.0,0.0,218.0,0.0,0.0,0.0,0.0,0.0,0.0
370.0,513.0,1537.0,1024.0,512.0,1.996101364522417,474.4455465501522,948.8910931003043,0.540631062647958,0.0,0.0,1.0,inf,513.0,inf,220.0,3.0,217.0,0.0,0.0,0.0,0.0,0.0,0.0
371.0,513.0,1537.0,1024.0,512.0,1.996101364522417,474.4455465501522,948.8910931003043,0.540631062647958,0.0,0.0,1.0,inf,513.0,inf,216.0,0.0,216.0,0.0,0.0,0.0,0.0,0.0,0.0
372.0,515.0,1543.0,1028.0,514.0,1.996116504854369,476.31947574028663,952.6389514805732,0.5406035510091173,0.0,0.0,1.0,inf,515.0,inf,220.0,2.0,218.0,0.0,0.0,0.0,0.0,0.0,0.0
373.0,515.0,1543.0,1028.0,514.0,1.996116504854369,476.31947574028663,952.6389514805732,0.5406035510091173,0.0,0.0,1.0,inf,515.0,inf,217.0,0.0,217.0,0.0,0.0,0.0,0.0,0.0,0.0
374.0,517.0,1549.0,1032.0,516.0,1.9961315280464216,478.1729751324767,956.3459502649533,0.540599350953247,0.0,0.0,1.0,inf,517.0,inf,220.0,2.0,218.0,0.0,0.0,0.0,0.0,0.0,0.0
375.0,517.0,1549.0,1032.0,516.0,1.9961315280464216,478.1729751324767,956.3459502649533,0.540599350953247,0.0,0.0,1.0,inf,517.0,inf,215.0,0.0,215.0,0.0,0.0,0.0,0.0,0.0,0.0
376.0,518.0,1552.0,1034.0,517.0,1.9961389961389961,479.0781421957696,958.1562843915391,0.5406216172019861,0.0,0.0,1.0,inf,518.0,inf,220.0,1.0,219.0,0.0,0.0,0.0,0.0,0.0,0.0
377.0,518.0,1552.0,1034.0,517.0,1.9961389961389961,479.0781421957696,958.1562843915391,0.5406216172019861,0.0,0.0,1.0,inf,518.0,inf,217.0,0.0,217.0,0.0,0.0,0.0,0.0,0.0,0.0
378.0,518.0,1552.0,1034.0,517.0,1.9961389961389961,479.0781421957696,958.1562843915391,0.5406216172019861,0.0,0.0,1.0,inf,518.0,inf,220.0,0.0,220.0,0.0,0.0,0.0,0.0,0.0,0.0
379.0,520.0,1558.0,1038.0,519.0,1.9961538461538462,480.8715721563816,961.7431443127631,0.5406849043583031,0.0,0.0,1.0,inf,520.0,inf,220.0,2.0,218.0,0.0,0.0,0.0,0.0,0.0,0.0
380.0,520.0,1558.0,1038.0,519.0,1.9961538461538462,480.8715721563816,961.7431443127631,0.5406849043583031,0.0,0.0,1.0,inf,520.0,inf,215.0,0.0,215.0,0.0,0.0,0.0,0.0,0.0,0.0
381.0,522.0,1564.0,1042.0,521.0,1.996168582375479,482.7868409387491,965.5736818774981,0.5406112550468478,0.0,0.0,1.0,inf,522.0,inf,220.0,2.0,218.0,0.0,0.0,0.0,0.0,0.0,0.0
382.0,522.0,1564.0,1042.0,521.0,1.996168582375479,482.7868409387491,965.5736818774981,0.5406112550468478,0.0,0.0,1.0,inf,522.0,inf,212.0,0.0,212.0,0.0,0.0,0.0,0.0,0.0,0.0
383.0,524.0,1570.0,1046.0,523.0,1.9961832061068703,484.6054522660301,969.2109045320601,0.5406460013499227,0.0,0.0,1.0,inf,524.0,inf,220.0,2.0,218.0,0.0,0.0,0.0,0.0,0.0,0.0
384.0,524.0,1570.0,1046.0,523.0,1.9961832061068703,484.6054522660301,969.2109045320601,0.5406460013499227,0.0,0.0,1.0,inf,524.0,inf,213.0,0.0,213.0,0.0,0.0,0.0,0.0,0.0,0.0
385.0,527.0,1579.0,1052.0,526.0,1.9962049335863377,487.34527457058863,974.6905491411771,0.5406844259076403,0.0,0.0,1.0,inf,527.0,inf,220.0,3.0,217.0,0.0,0.0,0.0,0.0,0.0,0.0
386.0,527.0,1579.0,1052.0,526.0,1.9962049335863377,487.34527457058863,974.6905491411771,0.5406844259076403,0.0,0.0,1.0,inf,527.0,inf,210.0,0.0,210.0,0.0,0.0,0.0,0.0,0.0,0.0
387.0,529.0,1585.0,1056.0,528.0,1.996219281663516,489.2043559420419,978.4087118840837,0.5406738447589303,0.0,0.0,1.0,inf,529.0,inf,220.0,2.0,218.0,0.0,0.0,0.0,0.0,0.0,0.0
388.0,529.0,1585.0,1056.0,528.0,1.996219281663516,489.2043559420419,978.4087118840837,0.5406738447589303,0.0,0.0,1.0,inf,529.0,inf,214.0,0.0,214.0,0.0,0.0,0.0,0.0,0.0,0.0
389.0,531.0,1591.0,1060.0,530.0,1.9962335216572504,490.9895876495762,981.9791752991523,0.5407446648125048,0.0,0.0,1.0,inf,531.0,inf,220.0,2.0,218.0,0.0,0.0,0.0,0.0,0.0,0.0
390.0,531.0,1591.0,1060.0,530.0,1.9962335216572504,490.9895876495762,981.9791752991523,0.5407446648125048,0.0,0.0,1.0,inf,531.0,inf,216.0,0.0,216.0,0.0,0.0,0.0,0.0,0.0,0.0
391.0,535.0,1603.0,1068.0,534.0,1.9962616822429906,494.69143417542574,989.3828683508514,0.5407411196554903,0.0,0.0,1.0,inf,535.0,inf,220.0,4.0,216.0,0.0,0.0,0.0,0.0,0.0,0.0
392.0,535.0,1603.0,1068.0,534.0,1.9962616822429906,494.69143417542574,989.3828683508514,0.5407411196554903,0.0,0.0,1.0,inf,535.0,inf,208.0,0.0,208.0,0.0,0.0,0.0,0.0,0.0,0.0
393.0,536.0,1606.0,1070.0,535.0,1.9962686567164178,495.6626237970329,991.3252475940657,0.5406903549575334,0.0,0.0,1.0,inf,536.0,inf,220.0,1.0,219.0,0.0,0.0,0.0,0.0,0.0,0.0
394.0,536.0,1606.0,1070.0,535.0,1.9962686567164178,495.6626237970329,991.3252475940657,0.5406903549575334,0.0,0.0,1.0,inf,536.0,inf,216.0,0.0,216.0,0.0,0.0,0.0,0.0,0.0,0.0
395.0,537.0,1609.0,1072.0,536.0,1.9962756052141526,496.65329198150135,993.3065839630026,0.5406185851074571,0.0,0.0,1.0,inf,537.0,inf,220.0,1.0,219.0,0.0,0.0,0.0,0.0,0.0,0.0
396.0,537.0,1609.0,1072.0,536.0,1.9962756052141526,496.65329198150135,993.3065839630026,0.5406185851074571,0.0,0.0,1.0,inf,537.0,inf,220.0,0.0,220.0,0.0,0.0,0.0,0.0,0.0,0.0
397.0,537.0,1609.0,1072.0,536.0,1.9962756052141526,496.65329198150135,993.3065839630026,0.5406185851074571,0.0,0.0,1.0,inf,537.0,inf,220.0,0.0,220.0,0.0,0.0,0.0,0.0,0.0,0.0
398.0,538.0,1612.0,1074.0,537.0,1.996282527881041,497.5487704636811,995.097540927362,0.5406505170323517,0.0,0.0,1.0,inf,538.0,inf,220.0,1.0,219.0,0.0,0.0,0.0,0.0,0.0,0.0
399.0,538.0,1612.0,1074.0,537.0,1.996282527881041,497.5487704636811,995.097540927362,0.5406505170323517,0.0,0.0,1.0,inf,538.0,inf,220.0,0.0,220.0,0.0,0.0,0.0,0.0,0.0,0.0
400.0,539.0,1615.0,1076.0,538.0,1.9962894248608534,498.4382466525312,996.8764933050622,0.5406888452279477,0.0,0.0,1.0,inf,539.0,inf,220.0,1.0,219.0,0.0,0.0,0.0,0.0,0.0,0.0
401.0,539.0,1615.0,1076.0,538.0,1.9962894248608534,498.4382466525312,996.8764933050622,0.5406888452279477,0.0,0.0,1.0,inf,539.0,inf,217.0,0.0,217.0,0.0,0.0,0.0,0.0,0.0,0.0
402.0,542.0,1624.0,1082.0,541.0,1.996309963099631,501.11219789621924,1002.2243957924384,0.540797053310054,0.0,0.0,1.0,inf,542.0,inf,220.0,3.0,217.0,0.0,0.0,0.0,0.0,0.0,0.0
403.0,542.0,1624.0,1082.0,541.0,1.996309963099631,501.11219789621924,1002.2243957924384,0.540797053310054,0.0,0.0,1.0,inf,542.0,inf,216.0,0.0,216.0,0.0,0.0,0.0,0.0,0.0,0.0
404.0,546.0,1636.0,1090.0,545.0,1.9963369963369964,504.879647095499,1009.7592941909979,0.5407229258904183,0.0,0.0,1.0,inf,546.0,inf,220.0,4.0,216.0,0.0,0.0,0.0,0.0,0.0,0.0
405.0,546.0,1636.0,1090.0,545.0,1.9963369963369964,504.879647095499,1009.7592941909979,0.5407229258904183,0.0,0.0,1.0,inf,546.0,inf,210.0,0.0,210.0,0.0,0.0,0.0,0.0,0.0,0.0
406.0,548.0,1642.0,1094.0,547.0,1.9963503649635037,506.6668082876022,1013.3336165752042,0.5407893225254807,0.0,0.0,1.0,inf,548.0,inf,220.0,2.0,218.0,0.0,0.0,0.0,0.0,0.0,0.0
407.0,548.0,1642.0,1094.0,547.0,1.9963503649635037,506.6668082876022,1013.3336165752042,0.5407893225254807,0.0,0.0,1.0,inf,548.0,inf,215.0,0.0,215.0,0.0,0.0,0.0,0.0,0.0,0.0
408.0,550.0,1648.0,1098.0,549.0,1.9963636363636363,508.5022860954599,1017.0045721909197,0.540803861692718,0.0,0.0,1.0,inf,550.0,inf,220.0,2.0,218.0,0.0,0.0,0.0,0.0,0.0,0.0
409.0,550.0,1648.0,1098.0,549.0,1.9963636363636363,508.5022860954599,1017.0045721909197,0.540803861692718,0.0,0.0,1.0,inf,550.0,inf,219.0,0.0,219.0,0.0,0.0,0.0,0.0,0.0,0.0
410.0,552.0,1654.0,1102.0,551.0,1.9963768115942029,510.323483383494,1020.6469667669879,0.5408334301413945,0.0,0.0,1.0,inf,552.0,inf,220.0,2.0,218.0,0.0,0.0,0.0,0.0,0.0,0.0
411.0,552.0,1654.0,1102.0,551.0,1.9963768115942029,510.323483383494,1020.6469667669879,0.5408334301413945,0.0,0.0,1.0,inf,552.0,inf,217.0,0.0,217.0,0.0,0.0,0.0,0.0,0.0,0.0
412.0,553.0,1657.0,1104.0,552.0,1.996383363471971,511.2815398499462,1022.5630796998923,0.540797933133179,0.0,0.0,1.0,inf,553.0,inf,220.0,1.0,219.0,0.0,0.0,0.0,0.0,0.0,0.0
413.0,553.0,1657.0,1104.0,552.0,1.996383363471971,511.2815398499462,1022.5630796998923,0.540797933133179,0.0,0.0,1.0,inf,553.0,inf,217.0,0.0,217.0,0.0,0.0,0.0,0.0,0.0,0.0
414.0,553.0,1657.0,1104.0,552.0,1.996383363471971,511.2815398499462,1022.5630796998923,0.540797933133179,0.0,0.0,1.0,inf,553.0,inf,220.0,0.0,220.0,0.0,0.0,0.0,0.0,0.0,0.0
415.0,556.0,1666.0,1110.0,555.0,1.9964028776978417,514.1031960239906,1028.206392047981,0.5407474650031688,0.0,0.0,1.0,inf,556.0,inf,220.0,3.0,217.0,0.0,0.0,0.0,0.0,0.0,0.0
416.0,556.0,1666.0,1110.0,555.0,1.9964028776978417,514.1031960239906,1028.206392047981,0.5407474650031688,0.0,0.0,1.0,inf,556.0,inf,210.0,0.0,210.0,0.0,0.0,0.0,0.0,0.0,0.0
417.0,557.0,1669.0,1112.0,556.0,1.9964093357271095,515.0649268707883,1030.1298537415764,0.5407085310428561,0.0,0.0,1.0,inf,557.0,inf,220.0,1.0,219.0,0.0,0.0,0.0,0.0,0.0,0.0
418.0,557.0,1669.0,1112.0,556.0,1.9964093357271095,515.0649268707883,1030.1298537415764,0.5407085310428561,0.0,0.0,1.0,inf,557.0,inf,216.0,0.0,216.0,0.0,0.0,0.0,0.0,0.0,0.0
419.0,558.0,1672.0,1114.0,557.0,1.996415770609319,515.9461815899015,1031.8923631798027,0.5407540746599856,0.0,0.0,1.0,inf,558.0,inf,220.0,1.0,219.0,0.0,0.0,0.0,0.0,0.0,0.0
420.0,558.0,1672.0,1114.0,557.0,1.996415770609319,515.9461815899015,1031.8923631798027,0.5407540746599856,0.0,0.0,1.0,inf,558.0,inf,217.0,0.0,217.0,0.0,0.0,0.0,0.0,0.0,0.0
421.0,558.0,1672.0,1114.0,557.0,1.996415770609319,515.9461815899015,1031.8923631798027,0.5407540746599856,0.0,0.0,1.0,inf,558.0,inf,220.0,0.0,220.0,0.0,0.0,0.0,0.0,0.0,0.0
422.0,558.0,1672.0,1114.0,557.0,1.996415770609319,515.9461815899015,1031.8923631798027,0.5407540746599856,0.0,0.0,1.0,inf,558.0,inf,220.0,0.0,220.0,0.0,0.0,0.0,0.0,0.0,0.0
423.0,559.0,1675.0,1116.0,558.0,1.996422182468694,516.8610487472396,1033.722097494479,0.5407642937641522,0.0,0.0,1.0,inf,559.0,inf,220.0,1.0,219.0,0.0,0.0,0.0,0.0,0.0,0.0
424.0,559.0,1675.0,1116.0,558.0,1.996422182468694,516.8610487472396,1033.722097494479,0.5407642937641522,0.0,0.0,1.0,inf,559.0,inf,219.0,0.0,219.0,0.0,0.0,0.0,0.0,0.0,0.0
425.0,560.0,1678.0,1118.0,559.0,1.9964285714285714,517.8469064330803,1035.6938128661604,0.5407003431354543,0.0,0.0,1.0,inf,560.0,inf,220.0,1.0,219.0,0.0,0.0,0.0,0.0,0.0,0.0
426.0,560.0,1678.0,1118.0,559.0,1.9964285714285714,517.8469064330803,1035.6938128661604,0.5407003431354543,0.0,0.0,1.0,inf,560.0,inf,217.0,0.0,217.0,0.0,0.0,0.0,0.0,0.0,0.0
427.0,562.0,1684.0,1122.0,561.0,1.99644128113879,519.7690721709045,1039.5381443418087,0.5406247024786517,0.0,0.0,1.0,inf,562.0,inf,220.0,2.0,218.0,0.0,0.0,0.0,0.0,0.0,0.0
428.0,562.0,1684.0,1122.0,561.0,1.99644128113879,519.7690721709045,1039.5381443418087,0.5406247024786517,0.0,0.0,1.0,inf,562.0,inf,214.0,0.0,214.0,0.0,0.0,0.0,0.0,0.0,0.0
429.0,565.0,1693.0,1128.0,564.0,1.9964601769911505,522.5806303133262,1045.1612606266522,0.540586435112645,0.0,0.0,1.0,inf,565.0,inf,220.0,3.0,217.0,0.0,0.0,0.0,0.0,0.0,0.0
430.0,565.0,1693.0,1128.0,564.0,1.9964601769911505,522.5806303133262,1045.1612606266522,0.540586435112645,0.0,0.0,1.0,inf,565.0,inf,208.0,0.0,208.0,0.0,0.0,0.0,0.0,0.0,0.0
431.0,565.0,1693.0,1128.0,564.0,1.9964601769911505,522.5806303133262,1045.1612606266522,0.540586435112645,0.0,0.0,1.0,inf,565.0,inf,220.0,0.0,220.0,0.0,0.0,0.0,0.0,0.0,0.0
432.0,566.0,1696.0,1130.0,565.0,1.9964664310954063,523.5370931050466,1047.0741862100929,0.5405538666258681,0.0,0.0,1.0,inf,566.0,inf,220.0,1.0,219.0,0.0,0.0,0.0,0.0,0.0,0.0
433.0,566.0,1696.0,1130.0,565.0,1.9964664310954063,523.5370931050466,1047.0741862100929,0.5405538666258681,0.0,0.0,1.0,inf,566.0,inf,217.0,0.0,217.0,0.0,0.0,0.0,0.0,0.0,0.0
434.0,568.0,1702.0,1134.0,567.0,1.9964788732394365,525.3188490769949,1050.6376981539895,0.5406240429007998,0.0,0.0,1.0,inf,568.0,inf,220.0,2.0,218.0,0.0,0.0,0.0,0.0,0.0,0.0
435.0,568.0,1702.0,1134.0,567.0,1.9964788732394365,525.3188490769949,1050.6376981539895,0.5406240429007998,0.0,0.0,1.0,inf,568.0,inf,207.0,0.0,207.0,0.0,0.0,0.0,0.0,0.0,0.0
436.0,568.0,1702.0,1134.0,567.0,1.9964788732394365,525.3188490769949,1050.6376981539895,0.5406240429007998,0.0,0.0,1.0,inf,568.0,inf,220.0,0.0,220.0,0.0,0.0,0.0,0.0,0.0,0.0
437.0,572.0,1714.0,1142.0,571.0,1.9965034965034965,528.809087123432,1057.6181742468639,0.5408379072223533,0.0,0.0,1.0,inf,572.0,inf,220.0,4.0,216.0,0.0,0.0,0.0,0.0,0.0,0.0
438.0,572.0,1714.0,1142.0,571.0,1.9965034965034965,528.809087123432,1057.6181742468639,0.5408379072223533,0.0,0.0,1.0,inf,572.0,inf,208.0,0.0,208.0,0.0,0.0,0.0,0.0,0.0,0.0
439.0,572.0,1714.0,1142.0,571.0,1.9965034965034965,528.809087123432,1057.6181742468639,0.5408379072223533,0.0,0.0,1.0,inf,572.0,inf,220.0,0.0,220.0,0.0,0.0,0.0,0.0,0.0,0.0
440.0,573.0,1717.0,1144.0,572.0,1.9965095986038395,529.7086939418235,1059.4173878836468,0.540863314641888,0.0,0.0,1.0,inf,573.0,inf,220.0,1.0,219.0,0.0,0.0,0.0,0.0,0.0,0.0
441.0,573.0,1717.0,1144.0,572.0,1.9965095986038395,529.7086939418235,1059.4173878836468,0.540863314641888,0.0,0.0,1.0,inf,573.0,inf,214.0,0.0,214.0,0.0,0.0,0.0,0.0,0.0,0.0
442.0,573.0,1717.0,1144.0,572.0,1.9965095986038395,529.7086939418235,1059.4173878836468,0.540863314641888,0.0,0.0,1.0,inf,573.0,inf,220.0,0.0,220.0,0.0,0.0,0.0,0.0,0.0,0.0
443.0,576.0,1726.0,1150.0,575.0,1.9965277777777777,532.4298071457332,1064.8596142914662,0.5409163727025722,0.0,0.0,1.0,inf,576.0,inf,220.0,3.0,217.0,0.0,0.0,0.0,0.0,0.0,0.0
444.0,576.0,1726.0,1150.0,575.0,1.9965277777777777,532.4298071457332,1064.8596142914662,0.5409163727025722,0.0,0.0,1.0,inf,576.0,inf,213.0,0.0,213.0,0.0,0.0,0.0,0.0,0.0,0.0
445.0,577.0,1729.0,1152.0,576.0,1.9965337954939342,533.3844557481406,1066.768911496281,0.5408856536610943,0.0,0.0,1.0,inf,577.0,inf,220.0,1.0,219.0,0.0,0.0,0.0,0.0,0.0,0.0
446.0,577.0,1729.0,1152.0,576.0,1.9965337954939342,533.3844557481406,1066.768911496281,0.5408856536610943,0.0,0.0,1.0,inf,577.0,inf,219.0,0.0,219.0,0.0,0.0,0.0,0.0,0.0,0.0
447.0,578.0,1732.0,1154.0,577.0,1.9965397923875432,534.3032506886759,1068.6065013773516,0.5408913376954028,0.0,0.0,1.0,inf,578.0,inf,220.0,1.0,219.0,0.0,0.0,0.0,0.0,0.0,0.0
448.0,578.0,1732.0,1154.0,577.0,1.9965397923875432,534.3032506886759,1068.6065013773516,0.5408913376954028,0.0,0.0,1.0,inf,578.0,inf,218.0,0.0,218.0,0.0,0.0,0.0,0.0,0.0,0.0
449.0,579.0,1735.0,1156.0,578.0,1.996545768566494,535.266439825055,1070.5328796501099,0.5408521410283436,0.0,0.0,1.0,inf,579.0,inf,220.0,1.0,219.0,0.0,0.0,0.0,0.0,0.0,0.0
450.0,579.0,1735.0,1156.0,578.0,1.996545768566494,535.266439825055,1070.5328796501099,0.5408521410283436,0.0,0.0,1.0,inf,579.0,inf,218.0,0.0,218.0,0.0,0.0,0.0,0.0,0.0,0.0
451.0,580.0,1738.0,1158.0,579.0,1.9965517241379311,536.1725943058178,1072.3451886116354,0.5408706134550998,0.0,0.0,1.0,inf,580.0,inf,220.0,1.0,219.0,0.0,0.0,0.0,0.0,0.0,0.0
452.0,580.0,1738.0,1158.0,579.0,1.9965517241379311,536.1725943058178,1072.3451886116354,0.5408706134550998,0.0,0.0,1.0,inf,580.0,inf,217.0,0.0,217.0,0.0,0.0,0.0,0.0,0.0,0.0
453.0,580.0,1738.0,1158.0,579.0,1.9965517241379311,536.1725943058178,1072.3451886116354,0.5408706134550998,0.0,0.0,1.0,inf,580.0,inf,220.0,0.0,220.0,0.0,0.0,0.0,0.0,0.0,0.0
454.0,582.0,1744.0,1162.0,581.0,1.9965635738831615,537.8994565146561,1075.798913029312,0.5409932961924664,0.0,0.0,1.0,inf,582.0,inf,220.0,2.0,218.0,0.0,0.0,0.0,0.0,0.0,0.0
455.0,582.0,1744.0,1162.0,581.0,1.9965635738831615,537.8994565146561,1075.798913029312,0.5409932961924664,0.0,0.0,1.0,inf,582.0,inf,218.0,0.0,218.0,0.0,0.0,0.0,0.0,0.0,0.0
456.0,584.0,1750.0,1166.0,583.0,1.9965753424657535,539.7386054445398,1079.4772108890793,0.5410026206287447,0.0,0.0,1.0,inf,584.0,inf,220.0,2.0,218.0,0.0,0.0,0.0,0.0,0.0,0.0
457.0,584.0,1750.0,1166.0,583.0,1.9965753424657535,539.7386054445398,1079.4772108890793,0.5410026206287447,0.0,0.0,1.0,inf,584.0,inf,217.0,0.0,217.0,0.0,0.0,0.0,0.0,0.0,0.0
458.0,585.0,1753.0,1168.0,584.0,1.9965811965811966,540.6960342575612,1081.3920685151222,0.5409693829207324,0.0,0.0,1.0,inf,585.0,inf,220.0,1.0,219.0,0.0,0.0,0.0,0.0,0.0,0.0
459.0,585.0,1753.0,1168.0,584.0,1.9965811965811966,540.6960342575612,1081.3920685151222,0.5409693829207324,0.0,0.0,1.0,inf,585.0,inf,219.0,0.0,219.0,0.0,0.0,0.0,0.0,0.0,0.0
460.0,586.0,1756.0,1170.0,585.0,1.9965870307167235,541.5860865081247,1083.1721730162492,0.541003558435404,0.0,0.0,1.0,inf,586.0,inf,220.0,1.0,219.0,0.0,0.0,0.0,0.0,0.0,0.0
461.0,586.0,1756.0,1170.0,585.0,1.9965870307167235,541.5860865081247,1083.1721730162492,0.541003558435404,0.0,0.0,1.0,inf,586.0,inf,217.0,0.0,217.0,0.0,0.0,0.0,0.0,0.0,0.0
462.0,587.0,1759.0,1172.0,586.0,1.9965928449744463,542.5434276306794,1085.0868552613586,0.5409705196904379,0.0,0.0,1.0,inf,587.0,inf,220.0,1.0,219.0,0.0,0.0,0.0,0.0,0.0,0.0
463.0,587.0,1759.0,1172.0,586.0,1.9965928449744463,542.5434276306794,1085.0868552613586,0.5409705196904379,0.0,0.0,1.0,inf,587.0,inf,219.0,0.0,219.0,0.0,0.0,0.0,0.0,0.0,0.0
464.0,587.0,1759.0,1172.0,586.0,1.9965928449744463,542.5434276306794,1085.0868552613586,0.5409705196904379,0.0,0.0,1.0,inf,587.0,inf,220.0,0.0,220.0,0.0,0.0,0.0,0.0,0.0,0.0
465.0,589.0,1765.0,1176.0,588.0,1.99660441426146,544.341202827356,1088.6824056547118,0.5410209597773257,0.0,0.0,1.0,inf,589.0,inf,220.0,2.0,218.0,0.0,0.0,0.0,0.0,0.0,0.0
466.0,589.0,1765.0,1176.0,588.0,1.99660441426146,544.341202827356,1088.6824056547118,0.5410209597773257,0.0,0.0,1.0,inf,589.0,inf,214.0,0.0,214.0,0.0,0.0,0.0,0.0,0.0,0.0
467.0,590.0,1768.0,1178.0,589.0,1.9966101694915255,545.2711997475449,1090.5423994950895,0.5410151868218642,0.0,0.0,1.0,inf,590.0,inf,220.0,1.0,219.0,0.0,0.0,0.0,0.0,0.0,0.0
468.0,590.0,1768.0,1178.0,589.0,1.9966101694915255,545.2711997475449,1090.5423994950895,0.5410151868218642,0.0,0.0,1.0,inf,590.0,inf,215.0,0.0,215.0,0.0,0.0,0.0,0.0,0.0,0.0
469.0,593.0,1777.0,1184.0,592.0,1.9966273187183812,548.0884079998665,1096.1768159997328,0.5409711201191328,0.0,0.0,1.0,inf,593.0,inf,220.0,3.0,217.0,0.0,0.0,0.0,0.0,0.0,0.0
470.0,593.0,1777.0,1184.0,592.0,1.9966273187183812,548.0884079998665,1096.1768159997328,0.5409711201191328,0.0,0.0,1.0,inf,593.0,inf,214.0,0.0,214.0,0.0,0.0,0.0,0.0,0.0,0.0
471.0,598.0,1792.0,1194.0,597.0,1.9966555183946488,552.8343002947742,1105.668600589548,0.5408492198124677,0.0,0.0,1.0,inf,598.0,inf,220.0,5.0,215.0,0.0,0.0,0.0,0.0,0.0,0.0
472.0,598.0,1792.0,1194.0,597.0,1.9966555183946488,552.8343002947742,1105.668600589548,0.5408492198124677,0.0,0.0,1.0,inf,598.0,inf,207.0,0.0,207.0,0.0,0.0,0.0,0.0,0.0,0.0
473.0,598.0,1792.0,1194.0,597.0,1.9966555183946488,552.8343002947742,1105.668600589548,0.5408492198124677,0.0,0.0,1.0,inf,598.0,inf,220.0,0.0,220.0,0.0,0.0,0.0,0.0,0.0,0.0
474.0,600.0,1798.0,1198.0,599.0,1.9966666666666666,554.6453140034467,1109.2906280068933,0.5408862067806738,0.0,0.0,1.0,inf,600.0,inf,220.0,2.0,218.0,0.0,0.0,0.0,0.0,0.0,0.0
475.0,600.0,1798.0,1198.0,599.0,1.9966666666666666,554.6453140034467,1109.2906280068933,0.5408862067806738,0.0,0.0,1.0,inf,600.0,inf,214.0,0.0,214.0,0.0,0.0,0.0,0.0,0.0,0.0
476.0,603.0,1807.0,1204.0,602.0,1.9966832504145937,557.4391842821583,1114.8783685643164,0.5408661760802774,0.0,0.0,1.0,inf,603.0,inf,220.0,3.0,217.0,0.0,0.0,0.0,0.0,0.0,0.0
477.0,603.0,1807.0,1204.0,602.0,1.9966832504145937,557.4391842821583,1114.8783685643164,0.5408661760802774,0.0,0.0,1.0,inf,603.0,inf,212.0,0.0,212.0,0.0,0.0,0.0,0.0,0.0,0.0
478.0,605.0,1813.0,1208.0,604.0,1.9966942148760332,559.3765983184978,1118.7531966369954,0.5407805777169152,0.0,0.0,1.0,inf,605.0,inf,220.0,2.0,218.0,0.0,0.0,0.0,0.0,0.0,0.0
479.0,605.0,1813.0,1208.0,604.0,1.9966942148760332,559.3765983184978,1118.7531966369954,0.5407805777169152,0.0,0.0,1.0,inf,605.0,inf,217.0,0.0,217.0,0.0,0.0,0.0,0.0,0.0,0.0
480.0,605.0,1813.0,1208.0,604.0,1.9966942148760332,559.3765983184978,1118.7531966369954,0.5407805777169152,0.0,0.0,1.0,inf,605.0,inf,220.0,0.0,220.0,0.0,0.0,0.0,0.0,0.0,0.0
481.0,605.0,1813.0,1208.0,604.0,1.9966942148760332,559.3765983184978,1118.7531966369954,0.5407805777169152,0.0,0.0,1.0,inf,605.0,inf,220.0,0.0,220.0,0.0,0.0,0.0,0.0,0.0,0.0
482.0,608.0,1822.0,1214.0,607.0,1.9967105263157894,562.1578700390182,1124.3157400780362,0.5407733595882951,0.0,0.0,1.0,inf,608.0,inf,220.0,3.0,217.0,0.0,0.0,0.0,0.0,0.0,0.0
483.0,608.0,1822.0,1214.0,607.0,1.9967105263157894,562.1578700390182,1124.3157400780362,0.5407733595882951,0.0,0.0,1.0,inf,608.0,inf,210.0,0.0,210.0,0.0,0.0,0.0,0.0,0.0,0.0
484.0,610.0,1828.0,1218.0,609.0,1.9967213114754099,564.0709335527903,1128.1418671055803,0.540712137175662,0.0,0.0,1.0,inf,610.0,inf,220.0,2.0,218.0,0.0,0.0,0.0,0.0,0.0,0.0
485.0,610.0,1828.0,1218.0,609.0,1.9967213114754099,564.0709335527903,1128.1418671055803,0.540712137175662,0.0,0.0,1.0,inf,610.0,inf,216.0,0.0,216.0,0.0,0.0,0.0,0.0,0.0,0.0
486.0,610.0,1828.0,1218.0,609.0,1.9967213114754099,564.0709335527903,1128.1418671055803,0.540712137175662,0.0,0.0,1.0,inf,610.0,inf,220.0,0.0,220.0,0.0,0.0,0.0,0.0,0.0,0.0
487.0,610.0,1828.0,1218.0,609.0,1.9967213114754099,564.0709335527903,1128.1418671055803,0.540712137175662,0.0,0.0,1.0,inf,610.0,inf,220.0,0.0,220.0,0.0,0.0,0.0,0.0,0.0,0.0
488.0,610.0,1828.0,1218.0,609.0,1.9967213114754099,564.0709335527903,1128.1418671055803,0.540712137175662,0.0,0.0,1.0,inf,610.0,inf,220.0,0.0,220.0,0.0,0.0,0.0,0.0,0.0,0.0
489.0,610.0,1828.0,1218.0,609.0,1.9967213114754099,564.0709335527903,1128.1418671055803,0.540712137175662,0.0,0.0,1.0,inf,610.0,inf,220.0,0.0,220.0,0.0,0.0,0.0,0.0,0.0,0.0
490.0,610.0,1828.0,1218.0,609.0,1.9967213114754099,564.0709335527903,1128.1418671055803,0.540712137175662,0.0,0.0,1.0,inf,610.0,inf,220.0,0.0,220.0,0.0,0.0,0.0,0.0,0.0,0.0
491.0,612.0,1834.0,1222.0,611.0,1.9967320261437909,565.9025082822375,1131.8050165644747,0.5407291813016422,0.0,0.0,1.0,inf,612.0,inf,220.0,2.0,218.0,0.0,0.0,0.0,0.0,0.0,0.0
492.0,612.0,1834.0,1222.0,611.0,1.9967320261437909,565.9025082822375,1131.8050165644747,0.5407291813016422,0.0,0.0,1.0,inf,612.0,inf,215.0,0.0,215.0,0.0,0.0,0.0,0.0,0.0,0.0
493.0,616.0,1846.0,1230.0,615.0,1.9967532467532467,569.6597558631192,1139.3195117262383,0.5406736158381669,0.0,0.0,1.0,inf,616.0,inf,220.0,4.0,216.0,0.0,0.0,0.0,0.0,0.0,0.0
494.0,616.0,1846.0,1230.0,615.0,1.9967532467532467,569.6597558631192,1139.3195117262383,0.5406736158381669,0.0,0.0,1.0,inf,616.0,inf,212.0,0.0,212.0,0.0,0.0,0.0,0.0,0.0,0.0
495.0,616.0,1846.0,1230.0,615.0,1.9967532467532467,569.6597558631192,1139.3195117262383,0.5406736158381669,0.0,0.0,1.0,inf,616.0,inf,220.0,0.0,220.0,0.0,0.0,0.0,0.0,0.0,0.0
496.0,617.0,1849.0,1232.0,616.0,1.9967585089141004,570.645098269032,1141.2901965380638,0.5406162270311082,0.0,0.0,1.0,inf,617.0,inf,220.0,1.0,219.0,0.0,0.0,0.0,0.0,0.0,0.0
497.0,617.0,1849.0,1232.0,616.0,1.9967585089141004,570.645098269032,1141.2901965380638,0.5406162270311082,0.0,0.0,1.0,inf,617.0,inf,219.0,0.0,219.0,0.0,0.0,0.0,0.0,0.0,0.0
498.0,617.0,1849.0,1232.0,616.0,1.9967585089141004,570.645098269032,1141.2901965380638,0.5406162270311082,0.0,0.0,1.0,inf,617.0,inf,220.0,0.0,220.0,0.0,0.0,0.0,0.0,0.0,0.0
499.0,617.0,1849.0,1232.0,616.0,1.9967585089141004,570.645098269032,1141.2901965380638,0.5406162270311082,0.0,0.0,1.0,inf,617.0,inf,220.0,0.0,220.0,0.0,0.0,0.0,0.0,0.0,0.0
500.0,619.0,1855.0,1236.0,618.0,1.9967689822294024,572.5138292709429,1145.0276585418856,0.5405982950562558,0.0,0.0,1.0,inf,619.0,inf,220.0,2.0,218.0,0.0,0.0,0.0,0.0,0.0,0.0
501.0,619.0,1855.0,1236.0,618.0,1.9967689822294024,572.5138292709429,1145.0276585418856,0.5405982950562558,0.0,0.0,1.0,inf,619.0,inf,218.0,0.0,218.0,0.0,0.0,0.0,0.0,0.0,0.0
502.0,620.0,1858.0,1238.0,619.0,1.9967741935483871,573.419992987734,1146.8399859754677,0.5406159600135032,0.0,0.0,1.0,inf,620.0,inf,220.0,1.0,219.0,0.0,0.0,0.0,0.0,0.0,0.0
503.0,620.0,1858.0,1238.0,619.0,1.9967741935483871,573.419992987734,1146.8399859754677,0.5406159600135032,0.0,0.0,1.0,inf,620.0,inf,218.0,0.0,218.0,0.0,0.0,0.0,0.0,0.0,0.0
504.0,621.0,1861.0,1240.0,620.0,1.996779388083736,574.3987938148447,1148.7975876296891,0.5405652019876779,0.0,0.0,1.0,inf,621.0,inf,220.0,1.0,219.0,0.0,0.0,0.0,0.0,0.0,0.0
505.0,621.0,1861.0,1240.0,620.0,1.996779388083736,574.3987938148447,1148.7975876296891,0.5405652019876779,0.0,0.0,1.0,inf,621.0,inf,218.0,0.0,218.0,0.0,0.0,0.0,0.0,0.0,0.0
506.0,622.0,1864.0,1242.0,621.0,1.9967845659163987,575.2490961820747,1150.4981923641492,0.5406353561684937,0.0,0.0,1.0,inf,622.0,inf,220.0,1.0,219.0,0.0,0.0,0.0,0.0,0.0,0.0
507.0,622.0,1864.0,1242.0,621.0,1.9967845659163987,575.2490961820747,1150.4981923641492,0.5406353561684937,0.0,0.0,1.0,inf,622.0,inf,219.0,0.0,219.0,0.0,0.0,0.0,0.0,0.0,0.0
508.0,623.0,1867.0,1244.0,622.0,1.9967897271268058,576.2047840311216,1152.409568062243,0.5406064104861295,0.0,0.0,1.0,inf,623.0,inf,220.0,1.0,219.0,0.0,0.0,0.0,0.0,0.0,0.0
509.0,623.0,1867.0,1244.0,622.0,1.9967897271268058,576.2047840311216,1152.409568062243,0.5406064104861295,0.0,0.0,1.0,inf,623.0,inf,216.0,0.0,216.0,0.0,0.0,0.0,0.0,0.0,0.0
510.0,624.0,1870.0,1246.0,623.0,1.9967948717948718,577.1808580991026,1154.361716198205,0.5405584672844943,0.0,0.0,1.0,inf,624.0,inf,220.0,1.0,219.0,0.0,0.0,0.0,0.0,0.0,0.0
511.0,624.0,1870.0,1246.0,623.0,1.9967948717948718,577.1808580991026,1154.361716198205,0.5405584672844943,0.0,0.0,1.0,inf,624.0,inf,219.0,0.0,219.0,0.0,0.0,0.0,0.0,0.0,0.0
512.0,625.0,1873.0,1248.0,624.0,1.9968,578.0713066632841,1156.142613326568,0.5405907478850626,0.0,0.0,1.0,inf,625.0,inf,220.0,1.0,219.0,0.0,0.0,0.0,0.0,0.0,0.0
513.0,625.0,1873.0,1248.0,624.0,1.9968,578.0713066632841,1156.142613326568,0.5405907478850626,0.0,0.0,1.0,inf,625.0,inf,219.0,0.0,219.0,0.0,0.0,0.0,0.0,0.0,0.0
514.0,625.0,1873.0,1248.0,624.0,1.9968,578.0713066632841,1156.142613326568,0.5405907478850626,0.0,0.0,1.0,inf,625.0,inf,220.0,0.0,220.0,0.0,0.0,0.0,0.0,0.0,0.0
515.0,628.0,1882.0,1254.0,627.0,1.9968152866242037,580.8156200906303,1161.6312401812604,0.5406190693545804,0.0,0.0,1.0,inf,628.0,inf,220.0,3.0,217.0,0.0,0.0,0.0,0.0,0.0,0.0
516.0,628.0,1882.0,1254.0,627.0,1.9968152866242037,580.8156200906303,1161.6312401812604,0.5406190693545804,0.0,0.0,1.0,inf,628.0,inf,215.0,0.0,215.0,0.0,0.0,0.0,0.0,0.0,0.0
517.0,629.0,1885.0,1256.0,628.0,1.9968203497615262,581.7257070515873,1163.4514141031743,0.5406328037212051,0.0,0.0,1.0,inf,629.0,inf,220.0,1.0,219.0,0.0,0.0,0.0,0.0,0.0,0.0
518.0,629.0,1885.0,1256.0,628.0,1.9968203497615262,581.7257070515873,1163.4514141031743,0.5406328037212051,0.0,0.0,1.0,inf,629.0,inf,216.0,0.0,216.0,0.0,0.0,0.0,0.0,0.0,0.0
519.0,629.0,1885.0,1256.0,628.0,1.9968203497615262,581.7257070515873,1163.4514141031743,0.5406328037212051,0.0,0.0,1.0,inf,629.0,inf,220.0,0.0,220.0,0.0,0.0,0.0,0.0,0.0,0.0
520.0,629.0,1885.0,1256.0,628.0,1.9968203497615262,581.7257070515873,1163.4514141031743,0.5406328037212051,0.0,0.0,1.0,inf,629.0,inf,220.0,0.0,220.0,0.0,0.0,0.0,0.0,0.0,0.0
521.0,631.0,1891.0,1260.0,630.0,1.9968304278922346,583.6038265540745,1167.2076531081489,0.540606462200376,0.0,0.0,1.0,inf,631.0,inf,220.0,2.0,218.0,0.0,0.0,0.0,0.0,0.0,0.0
522.0,631.0,1891.0,1260.0,630.0,1.9968304278922346,583.6038265540745,1167.2076531081489,0.540606462200376,0.0,0.0,1.0,inf,631.0,inf,214.0,0.0,214.0,0.0,0.0,0.0,0.0,0.0,0.0
523.0,631.0,1891.0,1260.0,630.0,1.9968304278922346,583.6038265540745,1167.2076531081489,0.540606462200376,0.0,0.0,1.0,inf,631.0,inf,220.0,0.0,220.0,0.0,0.0,0.0,0.0,0.0,0.0
524.0,632.0,1894.0,1262.0,631.0,1.9968354430379747,584.5663838800499,1169.1327677600996,0.5405716249069185,0.0,0.0,1.0,inf,632.0,inf,220.0,1.0,219.0,0.0,0.0,0.0,0.0,0.0,0.0
525.0,632.0,1894.0,1262.0,631.0,1.9968354430379747,584.5663838800499,1169.1327677600996,0.5405716249069185,0.0,0.0,1.0,inf,632.0,inf,217.0,0.0,217.0,0.0,0.0,0.0,0.0,0.0,0.0
526.0,635.0,1903.0,1268.0,634.0,1.9968503937007873,587.3544761287827,1174.7089522575652,0.5405594285968893,0.0,0.0,1.0,inf,635.0,inf,220.0,3.0,217.0,0.0,0.0,0.0,0.0,0.0,0.0
527.0,635.0,1903.0,1268.0,634.0,1.9968503937007873,587.3544761287827,1174.7089522575652,0.5405594285968893,0.0,0.0,1.0,inf,635.0,inf,219.0,0.0,219.0,0.0,0.0,0.0,0.0,0.0,0.0
528.0,635.0,1903.0,1268.0,634.0,1.9968503937007873,587.3544761287827,1174.7089522575652,0.5405594285968893,0.0,0.0,1.0,inf,635.0,inf,220.0,0.0,220.0,0.0,0.0,0.0,0.0,0.0,0.0
529.0,638.0,1912.0,1274.0,637.0,1.9968652037617556,590.205915829889,1180.4118316597778,0.5404893299848645,0.0,0.0,1.0,inf,638.0,inf,220.0,3.0,217.0,0.0,0.0,0.0,0.0,0.0,0.0
530.0,638.0,1912.0,1274.0,637.0,1.9968652037617556,590.205915829889,1180.4118316597778,0.5404893299848645,0.0,0.0,1.0,inf,638.0,inf,216.0,0.0,216.0,0.0,0.0,0.0,0.0,0.0,0.0
531.0,639.0,1915.0,1276.0,638.0,1.9968701095461658,591.1680688353719,1182.3361376707435,0.5404554421036807,0.0,0.0,1.0,inf,639.0,inf,220.0,1.0,219.0,0.0,0.0,0.0,0.0,0.0,0.0
532.0,639.0,1915.0,1276.0,638.0,1.9968701095461658,591.1680688353719,1182.3361376707435,0.5404554421036807,0.0,0.0,1.0,inf,639.0,inf,218.0,0.0,218.0,0.0,0.0,0.0,0.0,0.0,0.0
533.0,641.0,1921.0,1280.0,640.0,1.9968798751950079,593.0733008382376,1186.146601676475,0.5404053757722898,0.0,0.0,1.0,inf,641.0,inf,220.0,2.0,218.0,0.0,0.0,0.0,0.0,0.0,0.0
534.0,641.0,1921.0,1280.0,640.0,1.9968798751950079,593.0733008382376,1186.146601676475,0.5404053757722898,0.0,0.0,1.0,inf,641.0,inf,218.0,0.0,218.0,0.0,0.0,0.0,0.0,0.0,0.0
535.0,642.0,1924.0,1282.0,641.0,1.9968847352024923,594.0451142709729,1188.0902285419456,0.5403629998606071,0.0,0.0,1.0,inf,642.0,inf,220.0,1.0,219.0,0.0,0.0,0.0,0.0,0.0,0.0
536.0,642.0,1924.0,1282.0,641.0,1.9968847352024923,594.0451142709729,1188.0902285419456,0.5403629998606071,0.0,0.0,1.0,inf,642.0,inf,218.0,0.0,218.0,0.0,0.0,0.0,0.0,0.0,0.0
537.0,644.0,1930.0,1286.0,643.0,1.9968944099378882,595.8346726996222,1191.669345399244,0.5404183656199038,0.0,0.0,1.0,inf,644.0,inf,220.0,2.0,218.0,0.0,0.0,0.0,0.0,0.0,0.0
538.0,644.0,1930.0,1286.0,643.0,1.9968944099378882,595.8346726996222,1191.669345399244,0.5404183656199038,0.0,0.0,1.0,inf,644.0,inf,211.0,0.0,211.0,0.0,0.0,0.0,0.0,0.0,0.0
539.0,644.0,1930.0,1286.0,643.0,1.9968944099378882,595.8346726996222,1191.669345399244,0.5404183656199038,0.0,0.0,1.0,inf,644.0,inf,220.0,0.0,220.0,0.0,0.0,0.0,0.0,0.0,0.0
540.0,644.0,1930.0,1286.0,643.0,1.9968944099378882,595.8346726996222,1191.669345399244,0.5404183656199038,0.0,0.0,1.0,inf,644.0,inf,220.0,0.0,220.0,0.0,0.0,0.0,0.0,0.0,0.0
541.0,645.0,1933.0,1288.0,644.0,1.9968992248062016,596.7926788863772,1193.5853577727542,0.5403886666334266,0.0,0.0,1.0,inf,645.0,inf,220.0,1.0,219.0,0.0,0.0,0.0,0.0,0.0,0.0
542.0,645.0,1933.0,1288.0,644.0,1.9968992248062016,596.7926788863772,1193.5853577727542,0.5403886666334266,0.0,0.0,1.0,inf,645.0,inf,217.0,0.0,217.0,0.0,0.0,0.0,0.0,0.0,0.0
543.0,647.0,1939.0,1292.0,646.0,1.9969088098918084,598.5146942362353,1197.0293884724704,0.5405046912220233,0.0,0.0,1.0,inf,647.0,inf,220.0,2.0,218.0,0.0,0.0,0.0,0.0,0.0,0.0
544.0,647.0,1939.0,1292.0,646.0,1.9969088098918084,598.5146942362353,1197.0293884724704,0.5405046912220233,0.0,0.0,1.0,inf,647.0,inf,215.0,0.0,215.0,0.0,0.0,0.0,0.0,0.0,0.0
545.0,647.0,1939.0,1292.0,646.0,1.9969088098918084,598.5146942362353,1197.0293884724704,0.5405046912220233,0.0,0.0,1.0,inf,647.0,inf,220.0,0.0,220.0,0.0,0.0,0.0,0.0,0.0,0.0
546.0,648.0,1942.0,1294.0,647.0,1.9969135802469136,599.4584653650038,1198.9169307300074,0.5404878214585225,0.0,0.0,1.0,inf,648.0,inf,220.0,1.0,219.0,0.0,0.0,0.0,0.0,0.0,0.0
547.0,648.0,1942.0,1294.0,647.0,1.9969135802469136,599.4584653650038,1198.9169307300074,0.5404878214585225,0.0,0.0,1.0,inf,648.0,inf,220.0,0.0,220.0,0.0,0.0,0.0,0.0,0.0,0.0
548.0,650.0,1948.0,1298.0,649.0,1.996923076923077,601.3084552434576,1202.616910486915,0.540487992753094,0.0,0.0,1.0,inf,650.0,inf,220.0,2.0,218.0,0.0,0.0,0.0,0.0,0.0,0.0
549.0,650.0,1948.0,1298.0,649.0,1.996923076923077,601.3084552434576,1202.616910486915,0.540487992753094,0.0,0.0,1.0,inf,650.0,inf,208.0,0.0,208.0,0.0,0.0,0.0,0.0,0.0,0.0
550.0,651.0,1951.0,1300.0,650.0,1.9969278033794162,602.2221548375858,1204.4443096751713,0.5404982154596831,0.0,0.0,1.0,inf,651.0,inf,220.0,1.0,219.0,0.0,0.0,0.0,0.0,0.0,0.0
551.0,651.0,1951.0,1300.0,650.0,1.9969278033794162,602.2221548375858,1204.4443096751713,0.5404982154596831,0.0,0.0,1.0,inf,651.0,inf,216.0,0.0,216.0,0.0,0.0,0.0,0.0,0.0,0.0
552.0,651.0,1951.0,1300.0,650.0,1.9969278033794162,602.2221548375858,1204.4443096751713,0.5404982154596831,0.0,0.0,1.0,inf,651.0,inf,220.0,0.0,220.0,0.0,0.0,0.0,0.0,0.0,0.0
553.0,654.0,1960.0,1306.0,653.0,1.996941896024465,604.846094744121,1209.6921894882419,0.5406333988786631,0.0,0.0,1.0,inf,654.0,inf,220.0,3.0,217.0,0.0,0.0,0.0,0.0,0.0,0.0
554.0,654.0,1960.0,1306.0,653.0,1.996941896024465,604.846094744121,1209.6921894882419,0.5406333988786631,0.0,0.0,1.0,inf,654.0,inf,216.0,0.0,216.0,0.0,0.0,0.0,0.0,0.0,0.0
555.0,655.0,1963.0,1308.0,654.0,1.9969465648854963,605.7306885611978,1211.4613771223953,0.5406693208460616,0.0,0.0,1.0,inf,655.0,inf,220.0,1.0,219.0,0.0,0.0,0.0,0.0,0.0,0.0
556.0,655.0,1963.0,1308.0,654.0,1.9969465648854963,605.7306885611978,1211.4613771223953,0.5406693208460616,0.0,0.0,1.0,inf,655.0,inf,217.0,0.0,217.0,0.0,0.0,0.0,0.0,0.0,0.0
557.0,655.0,1963.0,1308.0,654.0,1.9969465648854963,605.7306885611978,1211.4613771223953,0.5406693208460616,0.0,0.0,1.0,inf,655.0,inf,220.0,0.0,220.0,0.0,0.0,0.0,0.0,0.0,0.0
558.0,656.0,1966.0,1310.0,655.0,1.9969512195121952,606.7165926372775,1213.4331852745547,0.5406148504596664,0.0,0.0,1.0,inf,656.0,inf,220.0,1.0,219.0,0.0,0.0,0.0,0.0,0.0,0.0
559.0,656.0,1966.0,1310.0,655.0,1.9969512195121952,606.7165926372775,1213.4331852745547,0.5406148504596664,0.0,0.0,1.0,inf,656.0,inf,218.0,0.0,218.0,0.0,0.0,0.0,0.0,0.0,0.0
560.0,658.0,1972.0,1314.0,657.0,1.9969604863221884,608.6247349295733,1217.2494698591463,0.5405629793177402,0.0,0.0,1.0,inf,658.0,inf,220.0,2.0,218.0,0.0,0.0,0.0,0.0,0.0,0.0
561.0,658.0,1972.0,1314.0,657.0,1.9969604863221884,608.6247349295733,1217.2494698591463,0.5405629793177402,0.0,0.0,1.0,inf,658.0,inf,214.0,0.0,214.0,0.0,0.0,0.0,0.0,0.0,0.0
562.0,659.0,1975.0,1316.0,658.0,1.9969650986342944,609.49949022456,1218.9989804491197,0.5406075071180145,0.0,0.0,1.0,inf,659.0,inf,220.0,1.0,219.0,0.0,0.0,0.0,0.0,0.0,0.0
563.0,659.0,1975.0,1316.0,658.0,1.9969650986342944,609.49949022456,1218.9989804491197,0.5406075071180145,0.0,0.0,1.0,inf,659.0,inf,220.0,0.0,220.0,0.0,0.0,0.0,0.0,0.0,0.0
564.0,662.0,1984.0,1322.0,661.0,1.9969788519637461,612.3456399754031,1224.691279950806,0.5405443892983313,0.0,0.0,1.0,inf,662.0,inf,220.0,3.0,217.0,0.0,0.0,0.0,0.0,0.0,0.0
565.0,662.0,1984.0,1322.0,661.0,1.9969788519637461,612.3456399754031,1224.691279950806,0.5405443892983313,0.0,0.0,1.0,inf,662.0,inf,210.0,0.0,210.0,0.0,0.0,0.0,0.0,0.0,0.0
566.0,664.0,1990.0,1326.0,663.0,1.9969879518072289,614.154992330446,1228.3099846608918,0.5405801534563892,0.0,0.0,1.0,inf,664.0,inf,220.0,2.0,218.0,0.0,0.0,0.0,0.0,0.0,0.0
567.0,664.0,1990.0,1326.0,663.0,1.9969879518072289,614.154992330446,1228.3099846608918,0.5405801534563892,0.0,0.0,1.0,inf,664.0,inf,215.0,0.0,215.0,0.0,0.0,0.0,0.0,0.0,0.0
568.0,665.0,1993.0,1328.0,664.0,1.9969924812030075,615.0732211693942,1230.1464423387881,0.5405860449717546,0.0,0.0,1.0,inf,665.0,inf,220.0,1.0,219.0,0.0,0.0,0.0,0.0,0.0,0.0
569.0,665.0,1993.0,1328.0,664.0,1.9969924812030075,615.0732211693942,1230.1464423387881,0.5405860449717546,0.0,0.0,1.0,inf,665.0,inf,213.0,0.0,213.0,0.0,0.0,0.0,0.0,0.0,0.0
570.0,666.0,1996.0,1330.0,665.0,1.996996996996997,616.0713099861997,1232.1426199723992,0.5405218431734136,0.0,0.0,1.0,inf,666.0,inf,220.0,1.0,219.0,0.0,0.0,0.0,0.0,0.0,0.0
571.0,666.0,1996.0,1330.0,665.0,1.996996996996997,616.0713099861997,1232.1426199723992,0.5405218431734136,0.0,0.0,1.0,inf,666.0,inf,218.0,0.0,218.0,0.0,0.0,0.0,0.0,0.0,0.0
572.0,666.0,1996.0,1330.0,665.0,1.996996996996997,616.0713099861997,1232.1426199723992,0.5405218431734136,0.0,0.0,1.0,inf,666.0,inf,220.0,0.0,220.0,0.0,0.0,0.0,0.0,0.0,0.0
573.0,667.0,1999.0,1332.0,666.0,1.9970014992503748,617.0299875778076,1234.059975155615,0.5404923694376291,0.0,0.0,1.0,inf,667.0,inf,220.0,1.0,219.0,0.0,0.0,0.0,0.0,0.0,0.0
574.0,667.0,1999.0,1332.0,666.0,1.9970014992503748,617.0299875778076,1234.059975155615,0.5404923694376291,0.0,0.0,1.0,inf,667.0,inf,219.0,0.0,219.0,0.0,0.0,0.0,0.0,0.0,0.0
575.0,669.0,2005.0,1336.0,668.0,1.9970104633781764,618.7498221640534,1237.4996443281066,0.5406062159825749,0.0,0.0,1.0,inf,669.0,inf,220.0,2.0,218.0,0.0,0.0,0.0,0.0,0.0,0.0
576.0,669.0,2005.0,1336.0,668.0,1.9970104633781764,618.7498221640534,1237.4996443281066,0.5406062159825749,0.0,0.0,1.0,inf,669.0,inf,215.0,0.0,215.0,0.0,0.0,0.0,0.0,0.0,0.0
577.0,672.0,2014.0,1342.0,671.0,1.9970238095238095,621.5447322342457,1243.089464468491,0.5405886054125055,0.0,0.0,1.0,inf,672.0,inf,220.0,3.0,217.0,0.0,0.0,0.0,0.0,0.0,0.0
578.0,672.0,2014.0,1342.0,671.0,1.9970238095238095,621.5447322342457,1243.089464468491,0.5405886054125055,0.0,0.0,1.0,inf,672.0,inf,213.0,0.0,213.0,0.0,0.0,0.0,0.0,0.0,0.0
579.0,675.0,2023.0,1348.0,674.0,1.997037037037037,624.383697522389,1248.7673950447777,0.5405330109341909,0.0,0.0,1.0,inf,675.0,inf,220.0,3.0,217.0,0.0,0.0,0.0,0.0,0.0,0.0
580.0,675.0,2023.0,1348.0,674.0,1.997037037037037,624.383697522389,1248.7673950447777,0.5405330109341909,0.0,0.0,1.0,inf,675.0,inf,214.0,0.0,214.0,0.0,0.0,0.0,0.0,0.0,0.0
581.0,675.0,2023.0,1348.0,674.0,1.997037037037037,624.383697522389,1248.7673950447777,0.5405330109341909,0.0,0.0,1.0,inf,675.0,inf,220.0,0.0,220.0,0.0,0.0,0.0,0.0,0.0,0.0
582.0,676.0,2026.0,1350.0,675.0,1.9970414201183433,625.241587774615,1250.4831755492298,0.5405910397019866,0.0,0.0,1.0,inf,676.0,inf,220.0,1.0,219.0,0.0,0.0,0.0,0.0,0.0,0.0
583.0,676.0,2026.0,1350.0,675.0,1.9970414201183433,625.241587774615,1250.4831755492298,0.5405910397019866,0.0,0.0,1.0,inf,676.0,inf,219.0,0.0,219.0,0.0,0.0,0.0,0.0,0.0,0.0
584.0,677.0,2029.0,1352.0,676.0,1.9970457902511078,626.1398635036066,1252.279727007213,0.540614038061562,0.0,0.0,1.0,inf,677.0,inf,220.0,1.0,219.0,0.0,0.0,0.0,0.0,0.0,0.0
585.0,677.0,2029.0,1352.0,676.0,1.9970457902511078,626.1398635036066,1252.279727007213,0.540614038061562,0.0,0.0,1.0,inf,677.0,inf,218.0,0.0,218.0,0.0,0.0,0.0,0.0,0.0,0.0
586.0,678.0,2032.0,1354.0,677.0,1.9970501474926254,627.0143588722001,1254.0287177444,0.5406574749097509,0.0,0.0,1.0,inf,678.0,inf,220.0,1.0,219.0,0.0,0.0,0.0,0.0,0.0,0.0
587.0,678.0,2032.0,1354.0,677.0,1.9970501474926254,627.0143588722001,1254.0287177444,0.5406574749097509,0.0,0.0,1.0,inf,678.0,inf,220.0,0.0,220.0,0.0,0.0,0.0,0.0,0.0,0.0
588.0,678.0,2032.0,1354.0,677.0,1.9970501474926254,627.0143588722001,1254.0287177444,0.5406574749097509,0.0,0.0,1.0,inf,678.0,inf,220.0,0.0,220.0,0.0,0.0,0.0,0.0,0.0,0.0
589.0,679.0,2035.0,1356.0,678.0,1.9970544918998527,627.9710870096953,1255.9421740193904,0.5406299860343068,0.0,0.0,1.0,inf,679.0,inf,220.0,1.0,219.0,0.0,0.0,0.0,0.0,0.0,0.0
590.0,679.0,2035.0,1356.0,678.0,1.9970544918998527,627.9710870096953,1255.9421740193904,0.5406299860343068,0.0,0.0,1.0,inf,679.0,inf,217.0,0.0,217.0,0.0,0.0,0.0,0.0,0.0,0.0
591.0,683.0,2047.0,1364.0,682.0,1.9970717423133235,631.8075940374544,1263.6151880749085,0.5405126548380099,0.0,0.0,1.0,inf,683.0,inf,220.0,4.0,216.0,0.0,0.0,0.0,0.0,0.0,0.0
592.0,683.0,2047.0,1364.0,682.0,1.9970717423133235,631.8075940374544,1263.6151880749085,0.5405126548380099,0.0,0.0,1.0,inf,683.0,inf,216.0,0.0,216.0,0.0,0.0,0.0,0.0,0.0,0.0
593.0,684.0,2050.0,1366.0,683.0,1.9970760233918128,632.7853528442258,1265.5707056884514,0.5404676300783323,0.0,0.0,1.0,inf,684.0,inf,220.0,1.0,219.0,0.0,0.0,0.0,0.0,0.0,0.0
594.0,684.0,2050.0,1366.0,683.0,1.9970760233918128,632.7853528442258,1265.5707056884514,0.5404676300783323,0.0,0.0,1.0,inf,684.0,inf,219.0,0.0,219.0,0.0,0.0,0.0,0.0,0.0,0.0
595.0,685.0,2053.0,1368.0,684.0,1.9970802919708028,633.6774763351003,1267.3549526702004,0.540495777096044,0.0,0.0,1.0,inf,685.0,inf,220.0,1.0,219.0,0.0,0.0,0.0,0.0,0.0,0.0
596.0,685.0,2053.0,1368.0,684.0,1.9970802919708028,633.6774763351003,1267.3549526702004,0.540495777096044,0.0,0.0,1.0,inf,685.0,inf,219.0,0.0,219.0,0.0,0.0,0.0,0.0,0.0,0.0
597.0,685.0,2053.0,1368.0,684.0,1.9970802919708028,633.6774763351003,1267.3549526702004,0.540495777096044,0.0,0.0,1.0,inf,685.0,inf,220.0,0.0,220.0,0.0,0.0,0.0,0.0,0.0,0.0
598.0,688.0,2062.0,1374.0,687.0,1.997093023255814,636.3758749646739,1272.7517499293476,0.5405610324544373,0.0,0.0,1.0,inf,688.0,inf,220.0,3.0,217.0,0.0,0.0,0.0,0.0,0.0,0.0
599.0,688.0,2062.0,1374.0,687.0,1.997093023255814,636.3758749646739,1272.7517499293476,0.5405610324544373,0.0,0.0,1.0,inf,688.0,inf,219.0,0.0,219.0,0.0,0.0,0.0,0.0,0.0,0.0
600.0,688.0,2062.0,1374.0,687.0,1.997093023255814,636.3758749646739,1272.7517499293476,0.5405610324544373,0.0,0.0,1.0,inf,688.0,inf,220.0,0.0,220.0,0.0,0.0,0.0,0.0,0.0,0.0
601.0,688.0,2062.0,1374.0,687.0,1.997093023255814,636.3758749646739,1272.7517499293476,0.5405610324544373,0.0,0.0,1.0,inf,688.0,inf,220.0,0.0,220.0,0.0,0.0,0.0,0.0,0.0,0.0
602.0,688.0,2062.0,1374.0,687.0,1.997093023255814,636.3758749646739,1272.7517499293476,0.5405610324544373,0.0,0.0,1.0,inf,688.0,inf,220.0,0.0,220.0,0.0,0.0,0.0,0.0,0.0,0.0
603.0,688.0,2062.0,1374.0,687.0,1.997093023255814,636.3758749646739,1272.7517499293476,0.5405610324544373,0.0,0.0,1.0,inf,688.0,inf,220.0,0.0,220.0,0.0,0.0,0.0,0.0,0.0,0.0
604.0,690.0,2068.0,1378.0,689.0,1.9971014492753623,638.2575311156791,1276.515062231358,0.5405341624358704,0.0,0.0,1.0,inf,690.0,inf,220.0,2.0,218.0,0.0,0.0,0.0,0.0,0.0,0.0
605.0,690.0,2068.0,1378.0,689.0,1.9971014492753623,638.2575311156791,1276.515062231358,0.5405341624358704,0.0,0.0,1.0,inf,690.0,inf,214.0,0.0,214.0,0.0,0.0,0.0,0.0,0.0,0.0
606.0,691.0,2071.0,1380.0,690.0,1.9971056439942112,639.1127606436002,1278.2255212872,0.5405931805399633,0.0,0.0,1.0,inf,691.0,inf,220.0,1.0,219.0,0.0,0.0,0.0,0.0,0.0,0.0
607.0,691.0,2071.0,1380.0,690.0,1.9971056439942112,639.1127606436002,1278.2255212872,0.5405931805399633,0.0,0.0,1.0,inf,691.0,inf,218.0,0.0,218.0,0.0,0.0,0.0,0.0,0.0,0.0
608.0,691.0,2071.0,1380.0,690.0,1.9971056439942112,639.1127606436002,1278.2255212872,0.5405931805399633,0.0,0.0,1.0,inf,691.0,inf,220.0,0.0,220.0,0.0,0.0,0.0,0.0,0.0,0.0
609.0,692.0,2074.0,1382.0,691.0,1.9971098265895955,640.0426386348269,1280.0852772696535,0.5405889844120348,0.0,0.0,1.0,inf,692.0,inf,220.0,1.0,219.0,0.0,0.0,0.0,0.0,0.0,0.0
610.0,692.0,2074.0,1382.0,691.0,1.9971098265895955,640.0426386348269,1280.0852772696535,0.5405889844120348,0.0,0.0,1.0,inf,692.0,inf,215.0,0.0,215.0,0.0,0.0,0.0,0.0,0.0,0.0
611.0,695.0,2083.0,1388.0,694.0,1.9971223021582734,642.9256499722998,1285.8512999445993,0.5404979565132796,0.0,0.0,1.0,inf,695.0,inf,220.0,3.0,217.0,0.0,0.0,0.0,0.0,0.0,0.0
612.0,695.0,2083.0,1388.0,694.0,1.9971223021582734,642.9256499722998,1285.8512999445993,0.5404979565132796,0.0,0.0,1.0,inf,695.0,inf,214.0,0.0,214.0,0.0,0.0,0.0,0.0,0.0,0.0
613.0,698.0,2092.0,1394.0,697.0,1.997134670487106,645.5704815329221,1291.140963065844,0.5406071218920844,0.0,0.0,1.0,inf,698.0,inf,220.0,3.0,217.0,0.0,0.0,0.0,0.0,0.0,0.0
614.0,698.0,2092.0,1394.0,697.0,1.997134670487106,645.5704815329221,1291.140963065844,0.5406071218920844,0.0,0.0,1.0,inf,698.0,inf,208.0,0.0,208.0,0.0,0.0,0.0,0.0,0.0,0.0
615.0,699.0,2095.0,1396.0,698.0,1.9971387696709586,646.5362879672565,1293.0725759345128,0.5405729059676544,0.0,0.0,1.0,inf,699.0,inf,220.0,1.0,219.0,0.0,0.0,0.0,0.0,0.0,0.0
616.0,699.0,2095.0,1396.0,698.0,1.9971387696709586,646.5362879672565,1293.0725759345128,0.5405729059676544,0.0,0.0,1.0,inf,699.0,inf,219.0,0.0,219.0,0.0,0.0,0.0,0.0,0.0,0.0
617.0,699.0,2095.0,1396.0,698.0,1.9971387696709586,646.5362879672565,1293.0725759345128,0.5405729059676544,0.0,0.0,1.0,inf,699.0,inf,220.0,0.0,220.0,0.0,0.0,0.0,0.0,0.0,0.0
618.0,699.0,2095.0,1396.0,698.0,1.9971387696709586,646.5362879672565,1293.0725759345128,0.5405729059676544,0.0,0.0,1.0,inf,699.0,inf,220.0,0.0,220.0,0.0,0.0,0.0,0.0,0.0,0.0
619.0,699.0,2095.0,1396.0,698.0,1.9971387696709586,646.5362879672565,1293.0725759345128,0.5405729059676544,0.0,0.0,1.0,inf,699.0,inf,220.0,0.0,220.0,0.0,0.0,0.0,0.0,0.0,0.0
620.0,700.0,2098.0,1398.0,699.0,1.997142857142857,647.4759377281084,1294.9518754562166,0.5405606287518502,0.0,0.0,1.0,inf,700.0,inf,220.0,1.0,219.0,0.0,0.0,0.0,0.0,0.0,0.0
621.0,700.0,2098.0,1398.0,699.0,1.997142857142857,647.4759377281084,1294.9518754562166,0.5405606287518502,0.0,0.0,1.0,inf,700.0,inf,219.0,0.0,219.0,0.0,0.0,0.0,0.0,0.0,0.0
622.0,700.0,2098.0,1398.0,699.0,1.997142857142857,647.4759377281084,1294.9518754562166,0.5405606287518502,0.0,0.0,1.0,inf,700.0,inf,220.0,0.0,220.0,0.0,0.0,0.0,0.0,0.0,0.0
623.0,701.0,2101.0,1400.0,700.0,1.9971469329529243,648.4317986454056,1296.863597290811,0.5405348731080208,0.0,0.0,1.0,inf,701.0,inf,220.0,1.0,219.0,0.0,0.0,0.0,0.0,0.0,0.0
624.0,701.0,2101.0,1400.0,700.0,1.9971469329529243,648.4317986454056,1296.863597290811,0.5405348731080208,0.0,0.0,1.0,inf,701.0,inf,219.0,0.0,219.0,0.0,0.0,0.0,0.0,0.0,0.0
625.0,705.0,2113.0,1408.0,704.0,1.9971631205673759,652.0664153730538,1304.1328307461074,0.5405891051731766,0.0,0.0,1.0,inf,705.0,inf,220.0,4.0,216.0,0.0,0.0,0.0,0.0,0.0,0.0
626.0,705.0,2113.0,1408.0,704.0,1.9971631205673759,652.0664153730538,1304.1328307461074,0.5405891051731766,0.0,0.0,1.0,inf,705.0,inf,212.0,0.0,212.0,0.0,0.0,0.0,0.0,0.0,0.0
627.0,705.0,2113.0,1408.0,704.0,1.9971631205673759,652.0664153730538,1304.1328307461074,0.5405891051731766,0.0,0.0,1.0,inf,705.0,inf,220.0,0.0,220.0,0.0,0.0,0.0,0.0,0.0,0.0
628.0,706.0,2116.0,1410.0,705.0,1.9971671388101984,653.0180888583161,1306.036177716632,0.5405669552234864,0.0,0.0,1.0,inf,706.0,inf,220.0,1.0,219.0,0.0,0.0,0.0,0.0,0.0,0.0
629.0,706.0,2116.0,1410.0,705.0,1.9971671388101984,653.0180888583161,1306.036177716632,0.5405669552234864,0.0,0.0,1.0,inf,706.0,inf,220.0,0.0,220.0,0.0,0.0,0.0,0.0,0.0,0.0
630.0,708.0,2122.0,1414.0,707.0,1.997175141242938,654.8205240416647,1309.6410480833292,0.5406061462689826,0.0,0.0,1.0,inf,708.0,inf,220.0,2.0,218.0,0.0,0.0,0.0,0.0,0.0,0.0
631.0,708.0,2122.0,1414.0,707.0,1.997175141242938,654.8205240416647,1309.6410480833292,0.5406061462689826,0.0,0.0,1.0,inf,708.0,inf,216.0,0.0,216.0,0.0,0.0,0.0,0.0,0.0,0.0
632.0,708.0,2122.0,1414.0,707.0,1.997175141242938,654.8205240416647,1309.6410480833292,0.5406061462689826,0.0,0.0,1.0,inf,708.0,inf,220.0,0.0,220.0,0.0,0.0,0.0,0.0,0.0,0.0
633.0,709.0,2125.0,1416.0,708.0,1.997179125528914,655.7613693997986,1311.522738799597,0.5405929908992119,0.0,0.0,1.0,inf,709.0,inf,220.0,1.0,219.0,0.0,0.0,0.0,0.0,0.0,0.0
634.0,709.0,2125.0,1416.0,708.0,1.997179125528914,655.7613693997986,1311.522738799597,0.5405929908992119,0.0,0.0,1.0,inf,709.0,inf,219.0,0.0,219.0,0.0,0.0,0.0,0.0,0.0,0.0
635.0,710.0,2128.0,1418.0,709.0,1.9971830985915493,656.7190718835844,1313.4381437671686,0.5405659972411009,0.0,0.0,1.0,inf,710.0,inf,220.0,1.0,219.0,0.0,0.0,0.0,0.0,0.0,0.0
636.0,710.0,2128.0,1418.0,709.0,1.9971830985915493,656.7190718835844,1313.4381437671686,0.5405659972411009,0.0,0.0,1.0,inf,710.0,inf,219.0,0.0,219.0,0.0,0.0,0.0,0.0,0.0,0.0
637.0,710.0,2128.0,1418.0,709.0,1.9971830985915493,656.7190718835844,1313.4381437671686,0.5405659972411009,0.0,0.0,1.0,inf,710.0,inf,220.0,0.0,220.0,0.0,0.0,0.0,0.0,0.0,0.0
638.0,711.0,2131.0,1420.0,710.0,1.9971870604781998,657.571222103447,1315.1424442068937,0.5406258486538116,0.0,0.0,1.0,inf,711.0,inf,220.0,1.0,219.0,0.0,0.0,0.0,0.0,0.0,0.0
639.0,711.0,2131.0,1420.0,710.0,1.9971870604781998,657.571222103447,1315.1424442068937,0.5406258486538116,0.0,0.0,1.0,inf,711.0,inf,219.0,0.0,219.0,0.0,0.0,0.0,0.0,0.0,0.0
640.0,712.0,2134.0,1422.0,711.0,1.997191011235955,658.4743886953063,1316.9487773906123,0.5406436546535613,0.0,0.0,1.0,inf,712.0,inf,220.0,1.0,219.0,0.0,0.0,0.0,0.0,0.0,0.0
641.0,712.0,2134.0,1422.0,711.0,1.997191011235955,658.4743886953063,1316.9487773906123,0.5406436546535613,0.0,0.0,1.0,inf,712.0,inf,214.0,0.0,214.0,0.0,0.0,0.0,0.0,0.0,0.0
642.0,713.0,2137.0,1424.0,712.0,1.997194950911641,659.3263053624589,1318.6526107249176,0.5407034378887966,0.0,0.0,1.0,inf,713.0,inf,220.0,1.0,219.0,0.0,0.0,0.0,0.0,0.0,0.0
643.0,713.0,2137.0,1424.0,712.0,1.997194950911641,659.3263053624589,1318.6526107249176,0.5407034378887966,0.0,0.0,1.0,inf,713.0,inf,218.0,0.0,218.0,0.0,0.0,0.0,0.0,0.0,0.0
644.0,715.0,2143.0,1428.0,714.0,1.9972027972027973,661.2128001758651,1322.42560035173,0.540673138670205,0.0,0.0,1.0,inf,715.0,inf,220.0,2.0,218.0,0.0,0.0,0.0,0.0,0.0,0.0
645.0,715.0,2143.0,1428.0,714.0,1.9972027972027973,661.2128001758651,1322.42560035173,0.540673138670205,0.0,0.0,1.0,inf,715.0,inf,214.0,0.0,214.0,0.0,0.0,0.0,0.0,0.0,0.0
646.0,718.0,2152.0,1434.0,717.0,1.9972144846796658,664.0688571220749,1328.1377142441495,0.5406065894368626,0.0,0.0,1.0,inf,718.0,inf,220.0,3.0,217.0,0.0,0.0,0.0,0.0,0.0,0.0
647.0,718.0,2152.0,1434.0,717.0,1.9972144846796658,664.0688571220749,1328.1377142441495,0.5406065894368626,0.0,0.0,1.0,inf,718.0,inf,213.0,0.0,213.0,0.0,0.0,0.0,0.0,0.0,0.0
648.0,719.0,2155.0,1436.0,718.0,1.9972183588317107,664.9835406689086,1329.967081337817,0.5406148844501897,0.0,0.0,1.0,inf,719.0,inf,220.0,1.0,219.0,0.0,0.0,0.0,0.0,0.0,0.0
649.0,719.0,2155.0,1436.0,718.0,1.9972183588317107,664.9835406689086,1329.967081337817,0.5406148844501897,0.0,0.0,1.0,inf,719.0,inf,218.0,0.0,218.0,0.0,0.0,0.0,0.0,0.0,0.0
650.0,719.0,2155.0,1436.0,718.0,1.9972183588317107,664.9835406689086,1329.967081337817,0.5406148844501897,0.0,0.0,1.0,inf,719.0,inf,220.0,0.0,220.0,0.0,0.0,0.0,0.0,0.0,0.0
651.0,719.0,2155.0,1436.0,718.0,1.9972183588317107,664.9835406689086,1329.967081337817,0.5406148844501897,0.0,0.0,1.0,inf,719.0,inf,220.0,0.0,220.0,0.0,0.0,0.0,0.0,0.0,0.0
652.0,721.0,2161.0,1440.0,720.0,1.9972260748959778,666.7236856697659,1333.4473713395316,0.5407037544164268,0.0,0.0,1.0,inf,721.0,inf,220.0,2.0,218.0,0.0,0.0,0.0,0.0,0.0,0.0
653.0,721.0,2161.0,1440.0,720.0,1.9972260748959778,666.7236856697659,1333.4473713395316,0.5407037544164268,0.0,0.0,1.0,inf,721.0,inf,217.0,0.0,217.0,0.0,0.0,0.0,0.0,0.0,0.0
654.0,723.0,2167.0,1444.0,722.0,1.9972337482710927,668.5132590196556,1337.026518039311,0.5407521767483316,0.0,0.0,1.0,inf,723.0,inf,220.0,2.0,218.0,0.0,0.0,0.0,0.0,0.0,0.0
655.0,723.0,2167.0,1444.0,722.0,1.9972337482710927,668.5132590196556,1337.026518039311,0.5407521767483316,0.0,0.0,1.0,inf,723.0,inf,219.0,0.0,219.0,0.0,0.0,0.0,0.0,0.0,0.0
656.0,723.0,2167.0,1444.0,722.0,1.9972337482710927,668.5132590196556,1337.026518039311,0.5407521767483316,0.0,0.0,1.0,inf,723.0,inf,220.0,0.0,220.0,0.0,0.0,0.0,0.0,0.0,0.0
657.0,723.0,2167.0,1444.0,722.0,1.9972337482710927,668.5132590196556,1337.026518039311,0.5407521767483316,0.0,0.0,1.0,inf,723.0,inf,220.0,0.0,220.0,0.0,0.0,0.0,0.0,0.0,0.0
658.0,726.0,2176.0,1450.0,725.0,1.997245179063361,671.3354770742596,1342.670954148519,0.5407132683974735,0.0,0.0,1.0,inf,726.0,inf,220.0,3.0,217.0,0.0,0.0,0.0,0.0,0.0,0.0
659.0,726.0,2176.0,1450.0,725.0,1.997245179063361,671.3354770742596,1342.670954148519,0.5407132683974735,0.0,0.0,1.0,inf,726.0,inf,213.0,0.0,213.0,0.0,0.0,0.0,0.0,0.0,0.0
660.0,726.0,2176.0,1450.0,725.0,1.997245179063361,671.3354770742596,1342.670954148519,0.5407132683974735,0.0,0.0,1.0,inf,726.0,inf,220.0,0.0,220.0,0.0,0.0,0.0,0.0,0.0,0.0
661.0,726.0,2176.0,1450.0,725.0,1.997245179063361,671.3354770742596,1342.670954148519,0.5407132683974735,0.0,0.0,1.0,inf,726.0,inf,220.0,0.0,220.0,0.0,0.0,0.0,0.0,0.0,0.0
662.0,727.0,2179.0,1452.0,726.0,1.9972489683631363,672.2266520892731,1344.453304178546,0.5407402382369786,0.0,0.0,1.0,inf,727.0,inf,220.0,1.0,219.0,0.0,0.0,0.0,0.0,0.0,0.0
663.0,727.0,2179.0,1452.0,726.0,1.9972489683631363,672.2266520892731,1344.453304178546,0.5407402382369786,0.0,0.0,1.0,inf,727.0,inf,218.0,0.0,218.0,0.0,0.0,0.0,0.0,0.0,0.0
664.0,728.0,2182.0,1454.0,727.0,1.9972527472527473,673.0773187473012,1346.1546374946022,0.5407996820892126,0.0,0.0,1.0,inf,728.0,inf,220.0,1.0,219.0,0.0,0.0,0.0,0.0,0.0,0.0
665.0,728.0,2182.0,1454.0,727.0,1.9972527472527473,673.0773187473012,1346.1546374946022,0.5407996820892126,0.0,0.0,1.0,inf,728.0,inf,220.0,0.0,220.0,0.0,0.0,0.0,0.0,0.0,0.0
666.0,728.0,2182.0,1454.0,727.0,1.9972527472527473,673.0773187473012,1346.1546374946022,0.5407996820892126,0.0,0.0,1.0,inf,728.0,inf,220.0,0.0,220.0,0.0,0.0,0.0,0.0,0.0,0.0
667.0,729.0,2185.0,1456.0,728.0,1.9972565157750344,674.000609556621,1348.0012191132419,0.5408006978506736,0.0,0.0,1.0,inf,729.0,inf,220.0,1.0,219.0,0.0,0.0,0.0,0.0,0.0,0.0
668.0,729.0,2185.0,1456.0,728.0,1.9972565157750344,674.000609556621,1348.0012191132419,0.5408006978506736,0.0,0.0,1.0,inf,729.0,inf,219.0,0.0,219.0,0.0,0.0,0.0,0.0,0.0,0.0
669.0,733.0,2197.0,1464.0,732.0,1.9972714870395634,677.72755854911,1355.4551170982197,0.5407777732760479,0.0,0.0,1.0,inf,733.0,inf,220.0,4.0,216.0,0.0,0.0,0.0,0.0,0.0,0.0
670.0,733.0,2197.0,1464.0,732.0,1.9972714870395634,677.72755854911,1355.4551170982197,0.5407777732760479,0.0,0.0,1.0,inf,733.0,inf,217.0,0.0,217.0,0.0,0.0,0.0,0.0,0.0,0.0
671.0,734.0,2200.0,1466.0,733.0,1.997275204359673,678.6540374634852,1357.3080749269702,0.5407762714735878,0.0,0.0,1.0,inf,734.0,inf,220.0,1.0,219.0,0.0,0.0,0.0,0.0,0.0,0.0
672.0,734.0,2200.0,1466.0,733.0,1.997275204359673,678.6540374634852,1357.3080749269702,0.5407762714735878,0.0,0.0,1.0,inf,734.0,inf,216.0,0.0,216.0,0.0,0.0,0.0,0.0,0.0,0.0
673.0,735.0,2203.0,1468.0,734.0,1.997278911564626,679.6123770166172,1359.2247540332341,0.5407494219179212,0.0,0.0,1.0,inf,735.0,inf,220.0,1.0,219.0,0.0,0.0,0.0,0.0,0.0,0.0
674.0,735.0,2203.0,1468.0,734.0,1.997278911564626,679.6123770166172,1359.2247540332341,0.5407494219179212,0.0,0.0,1.0,inf,735.0,inf,218.0,0.0,218.0,0.0,0.0,0.0,0.0,0.0,0.0
675.0,737.0,2209.0,1472.0,736.0,1.9972862957937585,681.3303181480608,1362.6606362961213,0.5408536655195797,0.0,0.0,1.0,inf,737.0,inf,220.0,2.0,218.0,0.0,0.0,0.0,0.0,0.0,0.0
676.0,737.0,2209.0,1472.0,736.0,1.9972862957937585,681.3303181480608,1362.6606362961213,0.5408536655195797,0.0,0.0,1.0,inf,737.0,inf,216.0,0.0,216.0,0.0,0.0,0.0,0.0,0.0,0.0
677.0,740.0,2218.0,1478.0,739.0,1.9972972972972973,684.2807500708687,1368.5615001417373,0.5407137347670241,0.0,0.0,1.0,inf,740.0,inf,220.0,3.0,217.0,0.0,0.0,0.0,0.0,0.0,0.0
678.0,740.0,2218.0,1478.0,739.0,1.9972972972972973,684.2807500708687,1368.5615001417373,0.5407137347670241,0.0,0.0,1.0,inf,740.0,inf,213.0,0.0,213.0,0.0,0.0,0.0,0.0,0.0,0.0
679.0,740.0,2218.0,1478.0,739.0,1.9972972972972973,684.2807500708687,1368.5615001417373,0.5407137347670241,0.0,0.0,1.0,inf,740.0,inf,220.0,0.0,220.0,0.0,0.0,0.0,0.0,0.0,0.0
680.0,741.0,2221.0,1480.0,740.0,1.9973009446693657,685.1880610810153,1370.3761221620305,0.5407274601595734,0.0,0.0,1.0,inf,741.0,inf,220.0,1.0,219.0,0.0,0.0,0.0,0.0,0.0,0.0
681.0,741.0,2221.0,1480.0,740.0,1.9973009446693657,685.1880610810153,1370.3761221620305,0.5407274601595734,0.0,0.0,1.0,inf,741.0,inf,218.0,0.0,218.0,0.0,0.0,0.0,0.0,0.0,0.0
682.0,742.0,2224.0,1482.0,741.0,1.9973045822102427,686.0388865176459,1372.0777730352916,0.540785671615799,0.0,0.0,1.0,inf,742.0,inf,220.0,1.0,219.0,0.0,0.0,0.0,0.0,0.0,0.0
683.0,742.0,2224.0,1482.0,741.0,1.9973045822102427,686.0388865176459,1372.0777730352916,0.540785671615799,0.0,0.0,1.0,inf,742.0,inf,217.0,0.0,217.0,0.0,0.0,0.0,0.0,0.0,0.0
684.0,743.0,2227.0,1484.0,742.0,1.997308209959623,686.9343724552772,1373.8687449105541,0.5408085763304653,0.0,0.0,1.0,inf,743.0,inf,220.0,1.0,219.0,0.0,0.0,0.0,0.0,0.0,0.0
685.0,743.0,2227.0,1484.0,742.0,1.997308209959623,686.9343724552772,1373.8687449105541,0.5408085763304653,0.0,0.0,1.0,inf,743.0,inf,217.0,0.0,217.0,0.0,0.0,0.0,0.0,0.0,0.0
686.0,745.0,2233.0,1488.0,744.0,1.9973154362416108,688.7511711016556,1377.502342203311,0.5408339261393739,0.0,0.0,1.0,inf,745.0,inf,220.0,2.0,218.0,0.0,0.0,0.0,0.0,0.0,0.0
687.0,745.0,2233.0,1488.0,744.0,1.9973154362416108,688.7511711016556,1377.502342203311,0.5408339261393739,0.0,0.0,1.0,inf,745.0,inf,215.0,0.0,215.0,0.0,0.0,0.0,0.0,0.0,0.0
688.0,746.0,2236.0,1490.0,745.0,1.997319034852547,689.7034850777846,1379.406970155569,0.5408121142927576,0.0,0.0,1.0,inf,746.0,inf,220.0,1.0,219.0,0.0,0.0,0.0,0.0,0.0,0.0
689.0,746.0,2236.0,1490.0,745.0,1.997319034852547,689.7034850777846,1379.406970155569,0.5408121142927576,0.0,0.0,1.0,inf,746.0,inf,219.0,0.0,219.0,0.0,0.0,0.0,0.0,0.0,0.0
690.0,748.0,2242.0,1494.0,747.0,1.9973262032085561,691.5892888746647,1383.1785777493292,0.5407833898187792,0.0,0.0,1.0,inf,748.0,inf,220.0,2.0,218.0,0.0,0.0,0.0,0.0,0.0,0.0
691.0,748.0,2242.0,1494.0,747.0,1.9973262032085561,691.5892888746647,1383.1785777493292,0.5407833898187792,0.0,0.0,1.0,inf,748.0,inf,216.0,0.0,216.0,0.0,0.0,0.0,0.0,0.0,0.0
692.0,751.0,2251.0,1500.0,750.0,1.9973368841544608,694.3890211836919,1388.7780423673835,0.540763158034819,0.0,0.0,1.0,inf,751.0,inf,220.0,3.0,217.0,0.0,0.0,0.0,0.0,0.0,0.0
693.0,751.0,2251.0,1500.0,750.0,1.9973368841544608,694.3890211836919,1388.7780423673835,0.540763158034819,0.0,0.0,1.0,inf,751.0,inf,218.0,0.0,218.0,0.0,0.0,0.0,0.0,0.0,0.0
694.0,752.0,2254.0,1502.0,751.0,1.997340425531915,695.3536667256349,1390.7073334512695,0.540732030321425,0.0,0.0,1.0,inf,752.0,inf,220.0,1.0,219.0,0.0,0.0,0.0,0.0,0.0,0.0
695.0,752.0,2254.0,1502.0,751.0,1.997340425531915,695.3536667256349,1390.7073334512695,0.540732030321425,0.0,0.0,1.0,inf,752.0,inf,213.0,0.0,213.0,0.0,0.0,0.0,0.0,0.0,0.0
696.0,754.0,2260.0,1506.0,753.0,1.9973474801061009,697.1721307287421,1394.344261457484,0.5407559817486227,0.0,0.0,1.0,inf,754.0,inf,220.0,2.0,218.0,0.0,0.0,0.0,0.0,0.0,0.0
697.0,754.0,2260.0,1506.0,753.0,1.9973474801061009,697.1721307287421,1394.344261457484,0.5407559817486227,0.0,0.0,1.0,inf,754.0,inf,215.0,0.0,215.0,0.0,0.0,0.0,0.0,0.0,0.0
698.0,755.0,2263.0,1508.0,754.0,1.9973509933774833,698.1152238005245,1396.2304476010488,0.5407416815019418,0.0,0.0,1.0,inf,755.0,inf,220.0,1.0,219.0,0.0,0.0,0.0,0.0,0.0,0.0
699.0,755.0,2263.0,1508.0,754.0,1.9973509933774833,698.1152238005245,1396.2304476010488,0.5407416815019418,0.0,0.0,1.0,inf,755.0,inf,218.0,0.0,218.0,0.0,0.0,0.0,0.0,0.0,0.0
700.0,755.0,2263.0,1508.0,754.0,1.9973509933774833,698.1152238005245,1396.2304476010488,0.5407416815019418,0.0,0.0,1.0,inf,755.0,inf,220.0,0.0,220.0,0.0,0.0,0.0,0.0,0.0,0.0
