t,site_subsystems,total_subsystems,interface_subsystems,n_links,mean_degree,frontier_radius,volume_proxy,density,energy_remaining,energy_density,creation_rate_modifier,memory_total,memory_bound,memory_free,birth_attempts,births_accepted,births_reject_exclusion,births_reject_memory,births_reject_energy,deaths_attempted,deaths_executed,links_attempted_random,links_added_random
0.0,2.0,4.0,2.0,1.0,1.0,0.03918698419272179,0.19999999999999998,10.0,0.0,0.0,1.0,inf,2.0,inf,0.0,0.0,0.0,0.0,0.0,0.0,0.0,0.0,0.0
1.0,2.0,4.0,2.0,1.0,1.0,0.03918698419272179,0.19999999999999998,10.0,0.0,0.0,1.0,inf,2.0,inf,0.0,0.0,0.0,0.0,0.0,0.0,0.0,0.0,0.0
2.0,40.0,118.0,78.0,39.0,1.95,35.183205258675706,70.3664105173514,0.5684530403911472,0.0,0.0,1.0,inf,40.0,inf,220.0,38.0,182.0,0.0,0.0,0.0,0.0,0.0,0.0
3.0,40.0,118.0,78.0,39.0,1.95,35.183205258675706,70.3664105173514,0.5684530403911472,0.0,0.0,1.0,inf,40.0,inf,0.0,0.0,0.0,0.0,0.0,0.0,0.0,0.0,0.0
4.0,54.0,160.0,106.0,53.0,1.962962962962963,48.201553734352174,96.40310746870433,0.5601479186501348,0.0,0.0,1.0,inf,54.0,inf,220.0,14.0,206.0,0.0,0.0,0.0,0.0,0.0,0.0
5.0,54.0,160.0,106.0,53.0,1.962962962962963,48.201553734352174,96.40310746870433,0.5601479186501348,0.0,0.0,1.0,inf,54.0,inf,0.0,0.0,0.0,0.0,0.0,0.0,0.0,0.0,0.0
6.0,69.0,205.0,136.0,68.0,1.9710144927536233,62.12041204764226,124.24082409528451,0.5553730064369305,0.0,0.0,1.0,inf,69.0,inf,220.0,15.0,205.0,0.0,0.0,0.0,0.0,0.0,0.0
7.0,69.0,205.0,136.0,68.0,1.9710144927536233,62.12041204764226,124.24082409528451,0.5553730064369305,0.0,0.0,1.0,inf,69.0,inf,0.0,0.0,0.0,0.0,0.0,0.0,0.0,0.0,0.0
8.0,78.0,232.0,154.0,77.0,1.9743589743589745,70.56929053891864,141.13858107783724,0.5526483219849248,0.0,0.0,1.0,inf,78.0,inf,220.0,9.0,211.0,0.0,0.0,0.0,0.0,0.0,0.0
9.0,78.0,232.0,154.0,77.0,1.9743589743589745,70.56929053891864,141.13858107783724,0.5526483219849248,0.0,0.0,1.0,inf,78.0,inf,48.0,0.0,48.0,0.0,0.0,0.0,0.0,0.0,0.0
10.0,84.0,250.0,166.0,83.0,1.9761904761904763,76.03340052708258,152.06680105416513,0.5523888147688448,0.0,0.0,1.0,inf,84.0,inf,220.0,6.0,214.0,0.0,0.0,0.0,0.0,0.0,0.0
11.0,84.0,250.0,166.0,83.0,1.9761904761904763,76.03340052708258,152.06680105416513,0.5523888147688448,0.0,0.0,1.0,inf,84.0,inf,131.0,0.0,131.0,0.0,0.0,0.0,0.0,0.0,0.0
12.0,90.0,268.0,178.0,89.0,1.9777777777777779,81.55596296058897,163.1119259211779,0.5517683608462298,0.0,0.0,1.0,inf,90.0,inf,220.0,6.0,214.0,0.0,0.0,0.0,0.0,0.0,0.0
13.0,90.0,268.0,178.0,89.0,1.9777777777777779,81.55596296058897,163.1119259211779,0.5517683608462298,0.0,0.0,1.0,inf,90.0,inf,116.0,0.0,116.0,0.0,0.0,0.0,0.0,0.0,0.0
14.0,104.0,310.0,206.0,103.0,1.9807692307692308,94.542478660269,189.08495732053797,0.5500173121846946,0.0,0.0,1.0,inf,104.0,inf,220.0,14.0,206.0,0.0,0.0,0.0,0.0,0.0,0.0
15.0,104.0,310.0,206.0,103.0,1.9807692307692308,94.542478660269,189.08495732053797,0.5500173121846946,0.0,0.0,1.0,inf,104.0,inf,27.0,0.0,27.0,0.0,0.0,0.0,0.0,0.0,0.0
16.0,111.0,331.0,220.0,110.0,1.981981981981982,100.83085980437237,201.6617196087447,0.5504267255845947,0.0,0.0,1.0,inf,111.0,inf,220.0,7.0,213.0,0.0,0.0,0.0,0.0,0.0,0.0
17.0,111.0,331.0,220.0,110.0,1.981981981981982,100.83085980437237,201.6617196087447,0.5504267255845947,0.0,0.0,1.0,inf,111.0,inf,125.0,0.0,125.0,0.0,0.0,0.0,0.0,0.0,0.0
18.0,112.0,334.0,222.0,111.0,1.9821428571428572,101.701643264431,203.40328652886197,0.5506302376491233,0.0,0.0,1.0,inf,112.0,inf,220.0,1.0,219.0,0.0,0.0,0.0,0.0,0.0,0.0
19.0,112.0,334.0,222.0,111.0,1.9821428571428572,101.701643264431,203.40328652886197,0.5506302376491233,0.0,0.0,1.0,inf,112.0,inf,203.0,0.0,203.0,0.0,0.0,0.0,0.0,0.0,0.0
20.0,119.0,355.0,236.0,118.0,1.9831932773109244,108.2120667443271,216.42413348865418,0.5498462582789477,0.0,0.0,1.0,inf,119.0,inf,220.0,7.0,213.0,0.0,0.0,0.0,0.0,0.0,0.0
21.0,119.0,355.0,236.0,118.0,1.9831932773109244,108.2120667443271,216.42413348865418,0.5498462582789477,0.0,0.0,1.0,inf,119.0,inf,125.0,0.0,125.0,0.0,0.0,0.0,0.0,0.0,0.0
22.0,124.0,370.0,246.0,123.0,1.9838709677419355,112.93195739178398,225.86391478356794,0.5490031469560859,0.0,0.0,1.0,inf,124.0,inf,220.0,5.0,215.0,0.0,0.0,0.0,0.0,0.0,0.0
23.0,124.0,370.0,246.0,123.0,1.9838709677419355,112.93195739178398,225.86391478356794,0.5490031469560859,0.0,0.0,1.0,inf,124.0,inf,173.0,0.0,173.0,0.0,0.0,0.0,0.0,0.0,0.0
24.0,127.0,379.0,252.0,126.0,1.984251968503937,115.61001587354588,231.22003174709172,0.5492603691833781,0.0,0.0,1.0,inf,127.0,inf,220.0,3.0,217.0,0.0,0.0,0.0,0.0,0.0,0.0
25.0,127.0,379.0,252.0,126.0,1.984251968503937,115.61001587354588,231.22003174709172,0.5492603691833781,0.0,0.0,1.0,inf,127.0,inf,190.0,0.0,190.0,0.0,0.0,0.0,0.0,0.0,0.0
26.0,132.0,394.0,262.0,131.0,1.9848484848484849,120.18228662812122,240.3645732562424,0.549165786836983,0.0,0.0,1.0,inf,132.0,inf,220.0,5.0,215.0,0.0,0.0,0.0,0.0,0.0,0.0
27.0,132.0,394.0,262.0,131.0,1.9848484848484849,120.18228662812122,240.3645732562424,0.549165786836983,0.0,0.0,1.0,inf,132.0,inf,163.0,0.0,163.0,0.0,0.0,0.0,0.0,0.0,0.0
28.0,141.0,421.0,280.0,140.0,1.9858156028368794,128.53376118375724,257.0675223675144,0.5484940248438718,0.0,0.0,1.0,inf,141.0,inf,220.0,9.0,211.0,0.0,0.0,0.0,0.0,0.0,0.0
29.0,141.0,421.0,280.0,140.0,1.9858156028368794,128.53376118375724,257.0675223675144,0.5484940248438718,0.0,0.0,1.0,inf,141.0,inf,118.0,0.0,118.0,0.0,0.0,0.0,0.0,0.0,0.0
30.0,143.0,427.0,284.0,142.0,1.986013986013986,130.43350581788573,260.8670116357714,0.5481720325744366,0.0,0.0,1.0,inf,143.0,inf,220.0,2.0,218.0,0.0,0.0,0.0,0.0,0.0,0.0
31.0,143.0,427.0,284.0,142.0,1.986013986013986,130.43350581788573,260.8670116357714,0.5481720325744366,0.0,0.0,1.0,inf,143.0,inf,204.0,0.0,204.0,0.0,0.0,0.0,0.0,0.0,0.0
32.0,148.0,442.0,294.0,147.0,1.9864864864864864,135.06349258849752,270.126985176995,0.5478904667855606,0.0,0.0,1.0,inf,148.0,inf,220.0,5.0,215.0,0.0,0.0,0.0,0.0,0.0,0.0
33.0,148.0,442.0,294.0,147.0,1.9864864864864864,135.06349258849752,270.126985176995,0.5478904667855606,0.0,0.0,1.0,inf,148.0,inf,160.0,0.0,160.0,0.0,0.0,0.0,0.0,0.0,0.0
34.0,152.0,454.0,302.0,151.0,1.986842105263158,138.6347131751787,277.2694263503573,0.5482032476524583,0.0,0.0,1.0,inf,152.0,inf,220.0,4.0,216.0,0.0,0.0,0.0,0.0,0.0,0.0
35.0,152.0,454.0,302.0,151.0,1.986842105263158,138.6347131751787,277.2694263503573,0.5482032476524583,0.0,0.0,1.0,inf,152.0,inf,177.0,0.0,177.0,0.0,0.0,0.0,0.0,0.0,0.0
36.0,158.0,472.0,314.0,157.0,1.9873417721518987,144.39416377115597,288.7883275423119,0.5471135254829529,0.0,0.0,1.0,inf,158.0,inf,220.0,6.0,214.0,0.0,0.0,0.0,0.0,0.0,0.0
37.0,158.0,472.0,314.0,157.0,1.9873417721518987,144.39416377115597,288.7883275423119,0.5471135254829529,0.0,0.0,1.0,inf,158.0,inf,167.0,0.0,167.0,0.0,0.0,0.0,0.0,0.0,0.0
38.0,163.0,487.0,324.0,162.0,1.9877300613496933,148.83047294708516,297.66094589417025,0.5476029094456775,0.0,0.0,1.0,inf,163.0,inf,220.0,5.0,215.0,0.0,0.0,0.0,0.0,0.0,0.0
39.0,163.0,487.0,324.0,162.0,1.9877300613496933,148.83047294708516,297.66094589417025,0.5476029094456775,0.0,0.0,1.0,inf,163.0,inf,182.0,0.0,182.0,0.0,0.0,0.0,0.0,0.0,0.0
40.0,166.0,496.0,330.0,165.0,1.9879518072289157,151.45287194930424,302.9057438986084,0.5480252631180383,0.0,0.0,1.0,inf,166.0,inf,220.0,3.0,217.0,0.0,0.0,0.0,0.0,0.0,0.0
41.0,166.0,496.0,330.0,165.0,1.9879518072289157,151.45287194930424,302.9057438986084,0.5480252631180383,0.0,0.0,1.0,inf,166.0,inf,193.0,0.0,193.0,0.0,0.0,0.0,0.0,0.0,0.0
42.0,173.0,517.0,344.0,172.0,1.9884393063583814,157.840697112725,315.68139422544994,0.5480208943719018,0.0,0.0,1.0,inf,173.0,inf,220.0,7.0,213.0,0.0,0.0,0.0,0.0,0.0,0.0
43.0,173.0,517.0,344.0,172.0,1.9884393063583814,157.840697112725,315.68139422544994,0.5480208943719018,0.0,0.0,1.0,inf,173.0,inf,170.0,0.0,170.0,0.0,0.0,0.0,0.0,0.0,0.0
44.0,176.0,526.0,350.0,175.0,1.9886363636363635,160.63863884090955,321.27727768181904,0.5478134067554687,0.0,0.0,1.0,inf,176.0,inf,220.0,3.0,217.0,0.0,0.0,0.0,0.0,0.0,0.0
45.0,176.0,526.0,350.0,175.0,1.9886363636363635,160.63863884090955,321.27727768181904,0.5478134067554687,0.0,0.0,1.0,inf,176.0,inf,201.0,0.0,201.0,0.0,0.0,0.0,0.0,0.0,0.0
46.0,180.0,538.0,358.0,179.0,1.988888888888889,164.32738965937878,328.6547793187575,0.547687151767906,0.0,0.0,1.0,inf,180.0,inf,220.0,4.0,216.0,0.0,0.0,0.0,0.0,0.0,0.0
47.0,180.0,538.0,358.0,179.0,1.988888888888889,164.32738965937878,328.6547793187575,0.547687151767906,0.0,0.0,1.0,inf,180.0,inf,186.0,0.0,186.0,0.0,0.0,0.0,0.0,0.0,0.0
48.0,182.0,544.0,362.0,181.0,1.989010989010989,166.27577785465945,332.55155570931885,0.5472835621285892,0.0,0.0,1.0,inf,182.0,inf,220.0,2.0,218.0,0.0,0.0,0.0,0.0,0.0,0.0
49.0,182.0,544.0,362.0,181.0,1.989010989010989,166.27577785465945,332.55155570931885,0.5472835621285892,0.0,0.0,1.0,inf,182.0,inf,207.0,0.0,207.0,0.0,0.0,0.0,0.0,0.0,0.0
50.0,189.0,565.0,376.0,188.0,1.9894179894179893,172.85189313561273,345.7037862712254,0.5467108186420561,0.0,0.0,1.0,inf,189.0,inf,220.0,7.0,213.0,0.0,0.0,0.0,0.0,0.0,0.0
51.0,189.0,565.0,376.0,188.0,1.9894179894179893,172.85189313561273,345.7037862712254,0.5467108186420561,0.0,0.0,1.0,inf,189.0,inf,163.0,0.0,163.0,0.0,0.0,0.0,0.0,0.0,0.0
52.0,192.0,574.0,382.0,191.0,1.9895833333333333,175.5873788276081,351.1747576552161,0.5467363351568277,0.0,0.0,1.0,inf,192.0,inf,220.0,3.0,217.0,0.0,0.0,0.0,0.0,0.0,0.0
53.0,192.0,574.0,382.0,191.0,1.9895833333333333,175.5873788276081,351.1747576552161,0.5467363351568277,0.0,0.0,1.0,inf,192.0,inf,201.0,0.0,201.0,0.0,0.0,0.0,0.0,0.0,0.0
54.0,196.0,586.0,390.0,195.0,1.989795918367347,179.3604156323013,358.72083126460257,0.5463858881822921,0.0,0.0,1.0,inf,196.0,inf,220.0,4.0,216.0,0.0,0.0,0.0,0.0,0.0,0.0
55.0,196.0,586.0,390.0,195.0,1.989795918367347,179.3604156323013,358.72083126460257,0.5463858881822921,0.0,0.0,1.0,inf,196.0,inf,194.0,0.0,194.0,0.0,0.0,0.0,0.0,0.0,0.0
56.0,203.0,607.0,404.0,202.0,1.9901477832512315,185.81430158279161,371.6286031655832,0.5462442833270053,0.0,0.0,1.0,inf,203.0,inf,220.0,7.0,213.0,0.0,0.0,0.0,0.0,0.0,0.0
57.0,203.0,607.0,404.0,202.0,1.9901477832512315,185.81430158279161,371.6286031655832,0.5462442833270053,0.0,0.0,1.0,inf,203.0,inf,171.0,0.0,171.0,0.0,0.0,0.0,0.0,0.0,0.0
58.0,209.0,625.0,416.0,208.0,1.9904306220095693,191.24012490185146,382.48024980370286,0.5464334435758796,0.0,0.0,1.0,inf,209.0,inf,220.0,6.0,214.0,0.0,0.0,0.0,0.0,0.0,0.0
59.0,209.0,625.0,416.0,208.0,1.9904306220095693,191.24012490185146,382.48024980370286,0.5464334435758796,0.0,0.0,1.0,inf,209.0,inf,183.0,0.0,183.0,0.0,0.0,0.0,0.0,0.0,0.0
60.0,212.0,634.0,422.0,211.0,1.990566037735849,194.06439077691283,388.1287815538256,0.5462104591967754,0.0,0.0,1.0,inf,212.0,inf,220.0,3.0,217.0,0.0,0.0,0.0,0.0,0.0,0.0
61.0,212.0,634.0,422.0,211.0,1.990566037735849,194.06439077691283,388.1287815538256,0.5462104591967754,0.0,0.0,1.0,inf,212.0,inf,205.0,0.0,205.0,0.0,0.0,0.0,0.0,0.0,0.0
62.0,212.0,634.0,422.0,211.0,1.990566037735849,194.06439077691283,388.1287815538256,0.5462104591967754,0.0,0.0,1.0,inf,212.0,inf,220.0,0.0,220.0,0.0,0.0,0.0,0.0,0.0,0.0
63.0,215.0,643.0,428.0,214.0,1.9906976744186047,196.9249642890404,393.8499285780807,0.5458932055065138,0.0,0.0,1.0,inf,215.0,inf,220.0,3.0,217.0,0.0,0.0,0.0,0.0,0.0,0.0
64.0,215.0,643.0,428.0,214.0,1.9906976744186047,196.9249642890404,393.8499285780807,0.5458932055065138,0.0,0.0,1.0,inf,215.0,inf,202.0,0.0,202.0,0.0,0.0,0.0,0.0,0.0,0.0
65.0,217.0,649.0,432.0,216.0,1.9907834101382489,198.65997213254767,397.3199442650953,0.5461593437031587,0.0,0.0,1.0,inf,217.0,inf,220.0,2.0,218.0,0.0,0.0,0.0,0.0,0.0,0.0
66.0,217.0,649.0,432.0,216.0,1.9907834101382489,198.65997213254767,397.3199442650953,0.5461593437031587,0.0,0.0,1.0,inf,217.0,inf,209.0,0.0,209.0,0.0,0.0,0.0,0.0,0.0,0.0
67.0,222.0,664.0,442.0,221.0,1.990990990990991,203.39546637249478,406.7909327449895,0.5457348778694832,0.0,0.0,1.0,inf,222.0,inf,220.0,5.0,215.0,0.0,0.0,0.0,0.0,0.0,0.0
68.0,222.0,664.0,442.0,221.0,1.990990990990991,203.39546637249478,406.7909327449895,0.5457348778694832,0.0,0.0,1.0,inf,222.0,inf,179.0,0.0,179.0,0.0,0.0,0.0,0.0,0.0,0.0
69.0,225.0,673.0,448.0,224.0,1.991111111111111,206.15860652204262,412.3172130440852,0.5456963543647713,0.0,0.0,1.0,inf,225.0,inf,220.0,3.0,217.0,0.0,0.0,0.0,0.0,0.0,0.0
70.0,225.0,673.0,448.0,224.0,1.991111111111111,206.15860652204262,412.3172130440852,0.5456963543647713,0.0,0.0,1.0,inf,225.0,inf,198.0,0.0,198.0,0.0,0.0,0.0,0.0,0.0,0.0
71.0,227.0,679.0,452.0,226.0,1.9911894273127753,207.99088712857858,415.9817742571571,0.545696984934898,0.0,0.0,1.0,inf,227.0,inf,220.0,2.0,218.0,0.0,0.0,0.0,0.0,0.0,0.0
72.0,227.0,679.0,452.0,226.0,1.9911894273127753,207.99088712857858,415.9817742571571,0.545696984934898,0.0,0.0,1.0,inf,227.0,inf,209.0,0.0,209.0,0.0,0.0,0.0,0.0,0.0,0.0
73.0,231.0,691.0,460.0,230.0,1.9913419913419914,211.6002695927341,423.20053918546813,0.5458405143920764,0.0,0.0,1.0,inf,231.0,inf,220.0,4.0,216.0,0.0,0.0,0.0,0.0,0.0,0.0
74.0,231.0,691.0,460.0,230.0,1.9913419913419914,211.6002695927341,423.20053918546813,0.5458405143920764,0.0,0.0,1.0,inf,231.0,inf,203.0,0.0,203.0,0.0,0.0,0.0,0.0,0.0,0.0
75.0,234.0,700.0,466.0,233.0,1.9914529914529915,214.2287431794642,428.45748635892835,0.5461452009826081,0.0,0.0,1.0,inf,234.0,inf,220.0,3.0,217.0,0.0,0.0,0.0,0.0,0.0,0.0
76.0,234.0,700.0,466.0,233.0,1.9914529914529915,214.2287431794642,428.45748635892835,0.5461452009826081,0.0,0.0,1.0,inf,234.0,inf,204.0,0.0,204.0,0.0,0.0,0.0,0.0,0.0,0.0
77.0,239.0,715.0,476.0,238.0,1.99163179916318,218.88259025041907,437.7651805008381,0.5459547964197724,0.0,0.0,1.0,inf,239.0,inf,220.0,5.0,215.0,0.0,0.0,0.0,0.0,0.0,0.0
78.0,239.0,715.0,476.0,238.0,1.99163179916318,218.88259025041907,437.7651805008381,0.5459547964197724,0.0,0.0,1.0,inf,239.0,inf,197.0,0.0,197.0,0.0,0.0,0.0,0.0,0.0,0.0
79.0,243.0,727.0,484.0,242.0,1.991769547325103,222.56394813302006,445.12789626604007,0.5459105170410752,0.0,0.0,1.0,inf,243.0,inf,220.0,4.0,216.0,0.0,0.0,0.0,0.0,0.0,0.0
80.0,243.0,727.0,484.0,242.0,1.991769547325103,222.56394813302006,445.12789626604007,0.5459105170410752,0.0,0.0,1.0,inf,243.0,inf,192.0,0.0,192.0,0.0,0.0,0.0,0.0,0.0,0.0
81.0,248.0,742.0,494.0,247.0,1.9919354838709677,227.2009418951479,454.40188379029576,0.5457723852977044,0.0,0.0,1.0,inf,248.0,inf,220.0,5.0,215.0,0.0,0.0,0.0,0.0,0.0,0.0
82.0,248.0,742.0,494.0,247.0,1.9919354838709677,227.2009418951479,454.40188379029576,0.5457723852977044,0.0,0.0,1.0,inf,248.0,inf,183.0,0.0,183.0,0.0,0.0,0.0,0.0,0.0,0.0
83.0,251.0,751.0,500.0,250.0,1.9920318725099602,229.93520465482763,459.8704093096552,0.5458059377571048,0.0,0.0,1.0,inf,251.0,inf,220.0,3.0,217.0,0.0,0.0,0.0,0.0,0.0,0.0
84.0,251.0,751.0,500.0,250.0,1.9920318725099602,229.93520465482763,459.8704093096552,0.5458059377571048,0.0,0.0,1.0,inf,251.0,inf,204.0,0.0,204.0,0.0,0.0,0.0,0.0,0.0,0.0
85.0,253.0,757.0,504.0,252.0,1.992094861660079,231.74988417060072,463.4997683412014,0.5458470905076186,0.0,0.0,1.0,inf,253.0,inf,220.0,2.0,218.0,0.0,0.0,0.0,0.0,0.0,0.0
86.0,253.0,757.0,504.0,252.0,1.992094861660079,231.74988417060072,463.4997683412014,0.5458470905076186,0.0,0.0,1.0,inf,253.0,inf,207.0,0.0,207.0,0.0,0.0,0.0,0.0,0.0,0.0
87.0,254.0,760.0,506.0,253.0,1.9921259842519685,232.72875026969209,465.4575005393841,0.545699660453765,0.0,0.0,1.0,inf,254.0,inf,220.0,1.0,219.0,0.0,0.0,0.0,0.0,0.0,0.0
88.0,254.0,760.0,506.0,253.0,1.9921259842519685,232.72875026969209,465.4575005393841,0.545699660453765,0.0,0.0,1.0,inf,254.0,inf,215.0,0.0,215.0,0.0,0.0,0.0,0.0,0.0,0.0
89.0,256.0,766.0,510.0,255.0,1.9921875,234.62978460110105,469.25956920220204,0.5455402868719991,0.0,0.0,1.0,inf,256.0,inf,220.0,2.0,218.0,0.0,0.0,0.0,0.0,0.0,0.0
90.0,256.0,766.0,510.0,255.0,1.9921875,234.62978460110105,469.25956920220204,0.5455402868719991,0.0,0.0,1.0,inf,256.0,inf,207.0,0.0,207.0,0.0,0.0,0.0,0.0,0.0,0.0
91.0,258.0,772.0,514.0,257.0,1.9922480620155039,236.4903100014976,472.9806200029951,0.5454768950118215,0.0,0.0,1.0,inf,258.0,inf,220.0,2.0,218.0,0.0,0.0,0.0,0.0,0.0,0.0
92.0,258.0,772.0,514.0,257.0,1.9922480620155039,236.4903100014976,472.9806200029951,0.5454768950118215,0.0,0.0,1.0,inf,258.0,inf,211.0,0.0,211.0,0.0,0.0,0.0,0.0,0.0,0.0
93.0,260.0,778.0,518.0,259.0,1.9923076923076923,238.41575928780867,476.8315185756173,0.5452659689457346,0.0,0.0,1.0,inf,260.0,inf,220.0,2.0,218.0,0.0,0.0,0.0,0.0,0.0,0.0
94.0,260.0,778.0,518.0,259.0,1.9923076923076923,238.41575928780867,476.8315185756173,0.5452659689457346,0.0,0.0,1.0,inf,260.0,inf,204.0,0.0,204.0,0.0,0.0,0.0,0.0,0.0,0.0
95.0,261.0,781.0,520.0,260.0,1.9923371647509578,239.27190595645155,478.54381191290304,0.5454046076924365,0.0,0.0,1.0,inf,261.0,inf,220.0,1.0,219.0,0.0,0.0,0.0,0.0,0.0,0.0
96.0,261.0,781.0,520.0,260.0,1.9923371647509578,239.27190595645155,478.54381191290304,0.5454046076924365,0.0,0.0,1.0,inf,261.0,inf,214.0,0.0,214.0,0.0,0.0,0.0,0.0,0.0,0.0
97.0,264.0,790.0,526.0,263.0,1.9924242424242424,242.14857336337536,484.29714672675067,0.5451198748213019,0.0,0.0,1.0,inf,264.0,inf,220.0,3.0,217.0,0.0,0.0,0.0,0.0,0.0,0.0
98.0,264.0,790.0,526.0,263.0,1.9924242424242424,242.14857336337536,484.29714672675067,0.5451198748213019,0.0,0.0,1.0,inf,264.0,inf,211.0,0.0,211.0,0.0,0.0,0.0,0.0,0.0,0.0
99.0,266.0,796.0,530.0,265.0,1.9924812030075187,244.01956121919582,488.0391224383916,0.5450382720774172,0.0,0.0,1.0,inf,266.0,inf,220.0,2.0,218.0,0.0,0.0,0.0,0.0,0.0,0.0
100.0,266.0,796.0,530.0,265.0,1.9924812030075187,244.01956121919582,488.0391224383916,0.5450382720774172,0.0,0.0,1.0,inf,266.0,inf,208.0,0.0,208.0,0.0,0.0,0.0,0.0,0.0,0.0
101.0,268.0,802.0,534.0,267.0,1.992537313432836,245.83890579606455,491.67781159212905,0.5450723902552658,0.0,0.0,1.0,inf,268.0,inf,220.0,2.0,218.0,0.0,0.0,0.0,0.0,0.0,0.0
102.0,268.0,802.0,534.0,267.0,1.992537313432836,245.83890579606455,491.67781159212905,0.5450723902552658,0.0,0.0,1.0,inf,268.0,inf,211.0,0.0,211.0,0.0,0.0,0.0,0.0,0.0,0.0
103.0,271.0,811.0,540.0,270.0,1.992619926199262,248.4875502958678,496.97510059173555,0.545298948935927,0.0,0.0,1.0,inf,271.0,inf,220.0,3.0,217.0,0.0,0.0,0.0,0.0,0.0,0.0
104.0,271.0,811.0,540.0,270.0,1.992619926199262,248.4875502958678,496.97510059173555,0.545298948935927,0.0,0.0,1.0,inf,271.0,inf,202.0,0.0,202.0,0.0,0.0,0.0,0.0,0.0,0.0
105.0,272.0,814.0,542.0,271.0,1.9926470588235294,249.39301916976146,498.78603833952286,0.5453240048688974,0.0,0.0,1.0,inf,272.0,inf,220.0,1.0,219.0,0.0,0.0,0.0,0.0,0.0,0.0
106.0,272.0,814.0,542.0,271.0,1.9926470588235294,249.39301916976146,498.78603833952286,0.5453240048688974,0.0,0.0,1.0,inf,272.0,inf,215.0,0.0,215.0,0.0,0.0,0.0,0.0,0.0,0.0
107.0,277.0,829.0,552.0,276.0,1.9927797833935017,254.0448159243743,508.0896318487485,0.5451793987452576,0.0,0.0,1.0,inf,277.0,inf,220.0,5.0,215.0,0.0,0.0,0.0,0.0,0.0,0.0
108.0,277.0,829.0,552.0,276.0,1.9927797833935017,254.0448159243743,508.0896318487485,0.5451793987452576,0.0,0.0,1.0,inf,277.0,inf,180.0,0.0,180.0,0.0,0.0,0.0,0.0,0.0,0.0
109.0,283.0,847.0,564.0,282.0,1.9929328621908127,259.54540182178226,519.0908036435644,0.5451839986637925,0.0,0.0,1.0,inf,283.0,inf,220.0,6.0,214.0,0.0,0.0,0.0,0.0,0.0,0.0
110.0,283.0,847.0,564.0,282.0,1.9929328621908127,259.54540182178226,519.0908036435644,0.5451839986637925,0.0,0.0,1.0,inf,283.0,inf,183.0,0.0,183.0,0.0,0.0,0.0,0.0,0.0,0.0
111.0,285.0,853.0,568.0,284.0,1.9929824561403509,261.3052335194766,522.6104670389531,0.5453392497375246,0.0,0.0,1.0,inf,285.0,inf,220.0,2.0,218.0,0.0,0.0,0.0,0.0,0.0,0.0
112.0,285.0,853.0,568.0,284.0,1.9929824561403509,261.3052335194766,522.6104670389531,0.5453392497375246,0.0,0.0,1.0,inf,285.0,inf,206.0,0.0,206.0,0.0,0.0,0.0,0.0,0.0,0.0
113.0,289.0,865.0,576.0,288.0,1.9930795847750864,265.0213401102944,530.0426802205886,0.5452391114612251,0.0,0.0,1.0,inf,289.0,inf,220.0,4.0,216.0,0.0,0.0,0.0,0.0,0.0,0.0
114.0,289.0,865.0,576.0,288.0,1.9930795847750864,265.0213401102944,530.0426802205886,0.5452391114612251,0.0,0.0,1.0,inf,289.0,inf,197.0,0.0,197.0,0.0,0.0,0.0,0.0,0.0,0.0
115.0,290.0,868.0,578.0,289.0,1.993103448275862,265.88738521240407,531.774770424808,0.5453436607538444,0.0,0.0,1.0,inf,290.0,inf,220.0,1.0,219.0,0.0,0.0,0.0,0.0,0.0,0.0
116.0,290.0,868.0,578.0,289.0,1.993103448275862,265.88738521240407,531.774770424808,0.5453436607538444,0.0,0.0,1.0,inf,290.0,inf,213.0,0.0,213.0,0.0,0.0,0.0,0.0,0.0,0.0
117.0,292.0,874.0,582.0,291.0,1.9931506849315068,267.73134533372445,535.4626906674488,0.5453227742833492,0.0,0.0,1.0,inf,292.0,inf,220.0,2.0,218.0,0.0,0.0,0.0,0.0,0.0,0.0
118.0,292.0,874.0,582.0,291.0,1.9931506849315068,267.73134533372445,535.4626906674488,0.5453227742833492,0.0,0.0,1.0,inf,292.0,inf,210.0,0.0,210.0,0.0,0.0,0.0,0.0,0.0,0.0
119.0,295.0,883.0,588.0,294.0,1.993220338983051,270.71291457404266,541.4258291480852,0.5448576409148642,0.0,0.0,1.0,inf,295.0,inf,220.0,3.0,217.0,0.0,0.0,0.0,0.0,0.0,0.0
120.0,295.0,883.0,588.0,294.0,1.993220338983051,270.71291457404266,541.4258291480852,0.5448576409148642,0.0,0.0,1.0,inf,295.0,inf,204.0,0.0,204.0,0.0,0.0,0.0,0.0,0.0,0.0
121.0,296.0,886.0,590.0,295.0,1.9932432432432432,271.5751826782686,543.1503653565371,0.5449687947934977,0.0,0.0,1.0,inf,296.0,inf,220.0,1.0,219.0,0.0,0.0,0.0,0.0,0.0,0.0
122.0,296.0,886.0,590.0,295.0,1.9932432432432432,271.5751826782686,543.1503653565371,0.5449687947934977,0.0,0.0,1.0,inf,296.0,inf,215.0,0.0,215.0,0.0,0.0,0.0,0.0,0.0,0.0
123.0,297.0,889.0,592.0,296.0,1.9932659932659933,272.46027774402774,544.9205554880554,0.5450335778469458,0.0,0.0,1.0,inf,297.0,inf,220.0,1.0,219.0,0.0,0.0,0.0,0.0,0.0,0.0
124.0,297.0,889.0,592.0,296.0,1.9932659932659933,272.46027774402774,544.9205554880554,0.5450335778469458,0.0,0.0,1.0,inf,297.0,inf,217.0,0.0,217.0,0.0,0.0,0.0,0.0,0.0,0.0
125.0,298.0,892.0,594.0,297.0,1.9932885906040267,273.4159853858449,546.8319707716897,0.5449571640433937,0.0,0.0,1.0,inf,298.0,inf,220.0,1.0,219.0,0.0,0.0,0.0,0.0,0.0,0.0
126.0,298.0,892.0,594.0,297.0,1.9932885906040267,273.4159853858449,546.8319707716897,0.5449571640433937,0.0,0.0,1.0,inf,298.0,inf,217.0,0.0,217.0,0.0,0.0,0.0,0.0,0.0,0.0
127.0,301.0,901.0,600.0,300.0,1.9933554817275747,276.0862416342255,552.1724832684508,0.545119521744915,0.0,0.0,1.0,inf,301.0,inf,220.0,3.0,217.0,0.0,0.0,0.0,0.0,0.0,0.0
128.0,301.0,901.0,600.0,300.0,1.9933554817275747,276.0862416342255,552.1724832684508,0.545119521744915,0.0,0.0,1.0,inf,301.0,inf,202.0,0.0,202.0,0.0,0.0,0.0,0.0,0.0,0.0
129.0,304.0,910.0,606.0,303.0,1.993421052631579,278.9218604042783,557.8437208085564,0.544955493196863,0.0,0.0,1.0,inf,304.0,inf,220.0,3.0,217.0,0.0,0.0,0.0,0.0,0.0,0.0
130.0,304.0,910.0,606.0,303.0,1.993421052631579,278.9218604042783,557.8437208085564,0.544955493196863,0.0,0.0,1.0,inf,304.0,inf,208.0,0.0,208.0,0.0,0.0,0.0,0.0,0.0,0.0
131.0,309.0,925.0,616.0,308.0,1.993527508090615,283.4537914822608,566.9075829645215,0.5450623863313856,0.0,0.0,1.0,inf,309.0,inf,220.0,5.0,215.0,0.0,0.0,0.0,0.0,0.0,0.0
132.0,309.0,925.0,616.0,308.0,1.993527508090615,283.4537914822608,566.9075829645215,0.5450623863313856,0.0,0.0,1.0,inf,309.0,inf,195.0,0.0,195.0,0.0,0.0,0.0,0.0,0.0,0.0
133.0,312.0,934.0,622.0,311.0,1.9935897435897436,286.2764587736928,572.5529175473855,0.544927796956302,0.0,0.0,1.0,inf,312.0,inf,220.0,3.0,217.0,0.0,0.0,0.0,0.0,0.0,0.0
134.0,312.0,934.0,622.0,311.0,1.9935897435897436,286.2764587736928,572.5529175473855,0.544927796956302,0.0,0.0,1.0,inf,312.0,inf,204.0,0.0,204.0,0.0,0.0,0.0,0.0,0.0,0.0
135.0,313.0,937.0,624.0,312.0,1.9936102236421724,287.1434377016864,574.2868754033727,0.5450237736673893,0.0,0.0,1.0,inf,313.0,inf,220.0,1.0,219.0,0.0,0.0,0.0,0.0,0.0,0.0
136.0,313.0,937.0,624.0,312.0,1.9936102236421724,287.1434377016864,574.2868754033727,0.5450237736673893,0.0,0.0,1.0,inf,313.0,inf,214.0,0.0,214.0,0.0,0.0,0.0,0.0,0.0,0.0
137.0,314.0,940.0,626.0,313.0,1.9936305732484076,288.097289001549,576.1945780030978,0.5449547982353833,0.0,0.0,1.0,inf,314.0,inf,220.0,1.0,219.0,0.0,0.0,0.0,0.0,0.0,0.0
138.0,314.0,940.0,626.0,313.0,1.9936305732484076,288.097289001549,576.1945780030978,0.5449547982353833,0.0,0.0,1.0,inf,314.0,inf,214.0,0.0,214.0,0.0,0.0,0.0,0.0,0.0,0.0
139.0,316.0,946.0,630.0,315.0,1.9936708860759493,289.9886790859439,579.9773581718877,0.5448488558174839,0.0,0.0,1.0,inf,316.0,inf,220.0,2.0,218.0,0.0,0.0,0.0,0.0,0.0,0.0
140.0,316.0,946.0,630.0,315.0,1.9936708860759493,289.9886790859439,579.9773581718877,0.5448488558174839,0.0,0.0,1.0,inf,316.0,inf,211.0,0.0,211.0,0.0,0.0,0.0,0.0,0.0,0.0
141.0,316.0,946.0,630.0,315.0,1.9936708860759493,289.9886790859439,579.9773581718877,0.5448488558174839,0.0,0.0,1.0,inf,316.0,inf,220.0,0.0,220.0,0.0,0.0,0.0,0.0,0.0,0.0
142.0,317.0,949.0,632.0,316.0,1.9936908517350158,290.8716076596115,581.7432153192229,0.5449139614392425,0.0,0.0,1.0,inf,317.0,inf,220.0,1.0,219.0,0.0,0.0,0.0,0.0,0.0,0.0
143.0,317.0,949.0,632.0,316.0,1.9936908517350158,290.8716076596115,581.7432153192229,0.5449139614392425,0.0,0.0,1.0,inf,317.0,inf,209.0,0.0,209.0,0.0,0.0,0.0,0.0,0.0,0.0
144.0,319.0,955.0,636.0,318.0,1.993730407523511,292.5871489517682,585.1742979035363,0.54513672446459,0.0,0.0,1.0,inf,319.0,inf,220.0,2.0,218.0,0.0,0.0,0.0,0.0,0.0,0.0
145.0,319.0,955.0,636.0,318.0,1.993730407523511,292.5871489517682,585.1742979035363,0.54513672446459,0.0,0.0,1.0,inf,319.0,inf,209.0,0.0,209.0,0.0,0.0,0.0,0.0,0.0,0.0
146.0,321.0,961.0,640.0,320.0,1.9937694704049844,294.5629832460242,589.1259664920483,0.5448749813412488,0.0,0.0,1.0,inf,321.0,inf,220.0,2.0,218.0,0.0,0.0,0.0,0.0,0.0,0.0
147.0,321.0,961.0,640.0,320.0,1.9937694704049844,294.5629832460242,589.1259664920483,0.5448749813412488,0.0,0.0,1.0,inf,321.0,inf,212.0,0.0,212.0,0.0,0.0,0.0,0.0,0.0,0.0
148.0,322.0,964.0,642.0,321.0,1.9937888198757765,295.53494562478727,591.0698912495744,0.5447748308059869,0.0,0.0,1.0,inf,322.0,inf,220.0,1.0,219.0,0.0,0.0,0.0,0.0,0.0,0.0
149.0,322.0,964.0,642.0,321.0,1.9937888198757765,295.53494562478727,591.0698912495744,0.5447748308059869,0.0,0.0,1.0,inf,322.0,inf,216.0,0.0,216.0,0.0,0.0,0.0,0.0,0.0,0.0
150.0,324.0,970.0,646.0,323.0,1.9938271604938271,297.2984903500926,594.5969807001851,0.5449069041999915,0.0,0.0,1.0,inf,324.0,inf,220.0,2.0,218.0,0.0,0.0,0.0,0.0,0.0,0.0
151.0,324.0,970.0,646.0,323.0,1.9938271604938271,297.2984903500926,594.5969807001851,0.5449069041999915,0.0,0.0,1.0,inf,324.0,inf,201.0,0.0,201.0,0.0,0.0,0.0,0.0,0.0,0.0
152.0,326.0,976.0,650.0,325.0,1.9938650306748467,299.194276057495,598.3885521149899,0.5447965186629338,0.0,0.0,1.0,inf,326.0,inf,220.0,2.0,218.0,0.0,0.0,0.0,0.0,0.0,0.0
153.0,326.0,976.0,650.0,325.0,1.9938650306748467,299.194276057495,598.3885521149899,0.5447965186629338,0.0,0.0,1.0,inf,326.0,inf,212.0,0.0,212.0,0.0,0.0,0.0,0.0,0.0,0.0
154.0,328.0,982.0,654.0,327.0,1.9939024390243902,301.0477278165149,602.0954556330297,0.5447641182661778,0.0,0.0,1.0,inf,328.0,inf,220.0,2.0,218.0,0.0,0.0,0.0,0.0,0.0,0.0
155.0,328.0,982.0,654.0,327.0,1.9939024390243902,301.0477278165149,602.0954556330297,0.5447641182661778,0.0,0.0,1.0,inf,328.0,inf,211.0,0.0,211.0,0.0,0.0,0.0,0.0,0.0,0.0
156.0,328.0,982.0,654.0,327.0,1.9939024390243902,301.0477278165149,602.0954556330297,0.5447641182661778,0.0,0.0,1.0,inf,328.0,inf,220.0,0.0,220.0,0.0,0.0,0.0,0.0,0.0,0.0
157.0,331.0,991.0,660.0,330.0,1.9939577039274925,303.9436101512389,607.8872203024777,0.5445088972841019,0.0,0.0,1.0,inf,331.0,inf,220.0,3.0,217.0,0.0,0.0,0.0,0.0,0.0,0.0
158.0,331.0,991.0,660.0,330.0,1.9939577039274925,303.9436101512389,607.8872203024777,0.5445088972841019,0.0,0.0,1.0,inf,331.0,inf,207.0,0.0,207.0,0.0,0.0,0.0,0.0,0.0,0.0
159.0,334.0,1000.0,666.0,333.0,1.9940119760479043,306.66690031552844,613.3338006310568,0.5445648024882188,0.0,0.0,1.0,inf,334.0,inf,220.0,3.0,217.0,0.0,0.0,0.0,0.0,0.0,0.0
160.0,334.0,1000.0,666.0,333.0,1.9940119760479043,306.66690031552844,613.3338006310568,0.5445648024882188,0.0,0.0,1.0,inf,334.0,inf,206.0,0.0,206.0,0.0,0.0,0.0,0.0,0.0,0.0
161.0,336.0,1006.0,670.0,335.0,1.994047619047619,308.41512412974964,616.8302482594992,0.5447203682829859,0.0,0.0,1.0,inf,336.0,inf,220.0,2.0,218.0,0.0,0.0,0.0,0.0,0.0,0.0
162.0,336.0,1006.0,670.0,335.0,1.994047619047619,308.41512412974964,616.8302482594992,0.5447203682829859,0.0,0.0,1.0,inf,336.0,inf,214.0,0.0,214.0,0.0,0.0,0.0,0.0,0.0,0.0
163.0,340.0,1018.0,678.0,339.0,1.9941176470588236,312.06170274201054,624.123405484021,0.5447640594992953,0.0,0.0,1.0,inf,340.0,inf,220.0,4.0,216.0,0.0,0.0,0.0,0.0,0.0,0.0
164.0,340.0,1018.0,678.0,339.0,1.9941176470588236,312.06170274201054,624.123405484021,0.5447640594992953,0.0,0.0,1.0,inf,340.0,inf,204.0,0.0,204.0,0.0,0.0,0.0,0.0,0.0,0.0
165.0,341.0,1021.0,680.0,340.0,1.9941348973607038,312.96016797514443,625.9203359502887,0.5447977648501943,0.0,0.0,1.0,inf,341.0,inf,220.0,1.0,219.0,0.0,0.0,0.0,0.0,0.0,0.0
166.0,341.0,1021.0,680.0,340.0,1.9941348973607038,312.96016797514443,625.9203359502887,0.5447977648501943,0.0,0.0,1.0,inf,341.0,inf,216.0,0.0,216.0,0.0,0.0,0.0,0.0,0.0,0.0
167.0,343.0,1027.0,684.0,342.0,1.9941690962099126,314.8202992164603,629.6405984329205,0.5447552156796667,0.0,0.0,1.0,inf,343.0,inf,220.0,2.0,218.0,0.0,0.0,0.0,0.0,0.0,0.0
168.0,343.0,1027.0,684.0,342.0,1.9941690962099126,314.8202992164603,629.6405984329205,0.5447552156796667,0.0,0.0,1.0,inf,343.0,inf,213.0,0.0,213.0,0.0,0.0,0.0,0.0,0.0,0.0
169.0,344.0,1030.0,686.0,343.0,1.994186046511628,315.6860030450816,631.372006090163,0.5448451890197917,0.0,0.0,1.0,inf,344.0,inf,220.0,1.0,219.0,0.0,0.0,0.0,0.0,0.0,0.0
170.0,344.0,1030.0,686.0,343.0,1.994186046511628,315.6860030450816,631.372006090163,0.5448451890197917,0.0,0.0,1.0,inf,344.0,inf,215.0,0.0,215.0,0.0,0.0,0.0,0.0,0.0,0.0
171.0,345.0,1033.0,688.0,344.0,1.9942028985507247,316.6473022352371,633.294604470474,0.5447701552557359,0.0,0.0,1.0,inf,345.0,inf,220.0,1.0,219.0,0.0,0.0,0.0,0.0,0.0,0.0
172.0,345.0,1033.0,688.0,344.0,1.9942028985507247,316.6473022352371,633.294604470474,0.5447701552557359,0.0,0.0,1.0,inf,345.0,inf,216.0,0.0,216.0,0.0,0.0,0.0,0.0,0.0,0.0
173.0,347.0,1039.0,692.0,346.0,1.994236311239193,318.54098801812,637.0819760362399,0.5446708791840961,0.0,0.0,1.0,inf,347.0,inf,220.0,2.0,218.0,0.0,0.0,0.0,0.0,0.0,0.0
174.0,347.0,1039.0,692.0,346.0,1.994236311239193,318.54098801812,637.0819760362399,0.5446708791840961,0.0,0.0,1.0,inf,347.0,inf,211.0,0.0,211.0,0.0,0.0,0.0,0.0,0.0,0.0
175.0,348.0,1042.0,694.0,347.0,1.9942528735632183,319.4384089111629,638.8768178223257,0.5447059437626679,0.0,0.0,1.0,inf,348.0,inf,220.0,1.0,219.0,0.0,0.0,0.0,0.0,0.0,0.0
176.0,348.0,1042.0,694.0,347.0,1.9942528735632183,319.4384089111629,638.8768178223257,0.5447059437626679,0.0,0.0,1.0,inf,348.0,inf,217.0,0.0,217.0,0.0,0.0,0.0,0.0,0.0,0.0
177.0,349.0,1045.0,696.0,348.0,1.994269340974212,320.40487358201756,640.809747164035,0.5446234261331588,0.0,0.0,1.0,inf,349.0,inf,220.0,1.0,219.0,0.0,0.0,0.0,0.0,0.0,0.0
178.0,349.0,1045.0,696.0,348.0,1.994269340974212,320.40487358201756,640.809747164035,0.5446234261331588,0.0,0.0,1.0,inf,349.0,inf,216.0,0.0,216.0,0.0,0.0,0.0,0.0,0.0,0.0
179.0,353.0,1057.0,704.0,352.0,1.9943342776203965,324.0676906185057,648.1353812370113,0.5446392994720872,0.0,0.0,1.0,inf,353.0,inf,220.0,4.0,216.0,0.0,0.0,0.0,0.0,0.0,0.0
180.0,353.0,1057.0,704.0,352.0,1.9943342776203965,324.0676906185057,648.1353812370113,0.5446392994720872,0.0,0.0,1.0,inf,353.0,inf,205.0,0.0,205.0,0.0,0.0,0.0,0.0,0.0,0.0
181.0,358.0,1072.0,714.0,357.0,1.994413407821229,328.70070573886665,657.4014114777332,0.5445683470549193,0.0,0.0,1.0,inf,358.0,inf,220.0,5.0,215.0,0.0,0.0,0.0,0.0,0.0,0.0
182.0,358.0,1072.0,714.0,357.0,1.994413407821229,328.70070573886665,657.4014114777332,0.5445683470549193,0.0,0.0,1.0,inf,358.0,inf,203.0,0.0,203.0,0.0,0.0,0.0,0.0,0.0,0.0
183.0,360.0,1078.0,718.0,359.0,1.9944444444444445,330.53622992056114,661.0724598411222,0.544569652903889,0.0,0.0,1.0,inf,360.0,inf,220.0,2.0,218.0,0.0,0.0,0.0,0.0,0.0,0.0
184.0,360.0,1078.0,718.0,359.0,1.9944444444444445,330.53622992056114,661.0724598411222,0.544569652903889,0.0,0.0,1.0,inf,360.0,inf,206.0,0.0,206.0,0.0,0.0,0.0,0.0,0.0,0.0
185.0,363.0,1087.0,724.0,362.0,1.9944903581267217,333.3930668274513,666.7861336549025,0.5444024428196521,0.0,0.0,1.0,inf,363.0,inf,220.0,3.0,217.0,0.0,0.0,0.0,0.0,0.0,0.0
186.0,363.0,1087.0,724.0,362.0,1.9944903581267217,333.3930668274513,666.7861336549025,0.5444024428196521,0.0,0.0,1.0,inf,363.0,inf,206.0,0.0,206.0,0.0,0.0,0.0,0.0,0.0,0.0
187.0,365.0,1093.0,728.0,364.0,1.9945205479452055,335.3474522742666,670.694904548533,0.544211678849258,0.0,0.0,1.0,inf,365.0,inf,220.0,2.0,218.0,0.0,0.0,0.0,0.0,0.0,0.0
188.0,365.0,1093.0,728.0,364.0,1.9945205479452055,335.3474522742666,670.694904548533,0.544211678849258,0.0,0.0,1.0,inf,365.0,inf,209.0,0.0,209.0,0.0,0.0,0.0,0.0,0.0,0.0
189.0,367.0,1099.0,732.0,366.0,1.994550408719346,337.20040285475216,674.4008057095042,0.5441867757169969,0.0,0.0,1.0,inf,367.0,inf,220.0,2.0,218.0,0.0,0.0,0.0,0.0,0.0,0.0
190.0,367.0,1099.0,732.0,366.0,1.994550408719346,337.20040285475216,674.4008057095042,0.5441867757169969,0.0,0.0,1.0,inf,367.0,inf,211.0,0.0,211.0,0.0,0.0,0.0,0.0,0.0,0.0
191.0,372.0,1114.0,742.0,371.0,1.9946236559139785,341.82956329446324,683.6591265889264,0.5441308183159498,0.0,0.0,1.0,inf,372.0,inf,220.0,5.0,215.0,0.0,0.0,0.0,0.0,0.0,0.0
192.0,372.0,1114.0,742.0,371.0,1.9946236559139785,341.82956329446324,683.6591265889264,0.5441308183159498,0.0,0.0,1.0,inf,372.0,inf,201.0,0.0,201.0,0.0,0.0,0.0,0.0,0.0,0.0
193.0,375.0,1123.0,748.0,374.0,1.9946666666666666,344.6927382476038,689.3854764952075,0.5439627215625088,0.0,0.0,1.0,inf,375.0,inf,220.0,3.0,217.0,0.0,0.0,0.0,0.0,0.0,0.0
194.0,375.0,1123.0,748.0,374.0,1.9946666666666666,344.6927382476038,689.3854764952075,0.5439627215625088,0.0,0.0,1.0,inf,375.0,inf,211.0,0.0,211.0,0.0,0.0,0.0,0.0,0.0,0.0
195.0,377.0,1129.0,752.0,376.0,1.9946949602122015,346.51014008372925,693.0202801674584,0.543995624354461,0.0,0.0,1.0,inf,377.0,inf,220.0,2.0,218.0,0.0,0.0,0.0,0.0,0.0,0.0
196.0,377.0,1129.0,752.0,376.0,1.9946949602122015,346.51014008372925,693.0202801674584,0.543995624354461,0.0,0.0,1.0,inf,377.0,inf,214.0,0.0,214.0,0.0,0.0,0.0,0.0,0.0,0.0
197.0,378.0,1132.0,754.0,377.0,1.9947089947089947,347.4135713212938,694.8271426425874,0.5440201984084546,0.0,0.0,1.0,inf,378.0,inf,220.0,1.0,219.0,0.0,0.0,0.0,0.0,0.0,0.0
198.0,378.0,1132.0,754.0,377.0,1.9947089947089947,347.4135713212938,694.8271426425874,0.5440201984084546,0.0,0.0,1.0,inf,378.0,inf,218.0,0.0,218.0,0.0,0.0,0.0,0.0,0.0,0.0
199.0,378.0,1132.0,754.0,377.0,1.9947089947089947,347.4135713212938,694.8271426425874,0.5440201984084546,0.0,0.0,1.0,inf,378.0,inf,220.0,0.0,220.0,0.0,0.0,0.0,0.0,0.0,0.0
200.0,379.0,1135.0,756.0,378.0,1.9947229551451187,348.39206696954824,696.7841339390964,0.5439274253525513,0.0,0.0,1.0,inf,379.0,inf,220.0,1.0,219.0,0.0,0.0,0.0,0.0,0.0,0.0
201.0,379.0,1135.0,756.0,378.0,1.9947229551451187,348.39206696954824,696.7841339390964,0.5439274253525513,0.0,0.0,1.0,inf,379.0,inf,216.0,0.0,216.0,0.0,0.0,0.0,0.0,0.0,0.0
202.0,380.0,1138.0,758.0,379.0,1.9947368421052631,349.25462789921056,698.509255798421,0.5440156974951555,0.0,0.0,1.0,inf,380.0,inf,220.0,1.0,219.0,0.0,0.0,0.0,0.0,0.0,0.0
203.0,380.0,1138.0,758.0,379.0,1.9947368421052631,349.25462789921056,698.509255798421,0.5440156974951555,0.0,0.0,1.0,inf,380.0,inf,218.0,0.0,218.0,0.0,0.0,0.0,0.0,0.0,0.0
204.0,382.0,1144.0,762.0,381.0,1.9947643979057592,351.18998622909663,702.3799724581932,0.543865165550029,0.0,0.0,1.0,inf,382.0,inf,220.0,2.0,218.0,0.0,0.0,0.0,0.0,0.0,0.0
205.0,382.0,1144.0,762.0,381.0,1.9947643979057592,351.18998622909663,702.3799724581932,0.543865165550029,0.0,0.0,1.0,inf,382.0,inf,212.0,0.0,212.0,0.0,0.0,0.0,0.0,0.0,0.0
206.0,383.0,1147.0,764.0,382.0,1.9947780678851175,352.18867923780067,704.3773584756012,0.5437426336770401,0.0,0.0,1.0,inf,383.0,inf,220.0,1.0,219.0,0.0,0.0,0.0,0.0,0.0,0.0
207.0,383.0,1147.0,764.0,382.0,1.9947780678851175,352.18867923780067,704.3773584756012,0.5437426336770401,0.0,0.0,1.0,inf,383.0,inf,218.0,0.0,218.0,0.0,0.0,0.0,0.0,0.0,0.0
208.0,384.0,1150.0,766.0,383.0,1.9947916666666667,353.1020910846575,706.2041821693149,0.5437520899698307,0.0,0.0,1.0,inf,384.0,inf,220.0,1.0,219.0,0.0,0.0,0.0,0.0,0.0,0.0
209.0,384.0,1150.0,766.0,383.0,1.9947916666666667,353.1020910846575,706.2041821693149,0.5437520899698307,0.0,0.0,1.0,inf,384.0,inf,216.0,0.0,216.0,0.0,0.0,0.0,0.0,0.0,0.0
210.0,385.0,1153.0,768.0,384.0,1.9948051948051948,354.0702650666383,708.1405301332765,0.5436773968120997,0.0,0.0,1.0,inf,385.0,inf,220.0,1.0,219.0,0.0,0.0,0.0,0.0,0.0,0.0
211.0,385.0,1153.0,768.0,384.0,1.9948051948051948,354.0702650666383,708.1405301332765,0.5436773968120997,0.0,0.0,1.0,inf,385.0,inf,215.0,0.0,215.0,0.0,0.0,0.0,0.0,0.0,0.0
212.0,386.0,1156.0,770.0,385.0,1.994818652849741,355.00124273397853,710.002485467957,0.5436600686624223,0.0,0.0,1.0,inf,386.0,inf,220.0,1.0,219.0,0.0,0.0,0.0,0.0,0.0,0.0
213.0,386.0,1156.0,770.0,385.0,1.994818652849741,355.00124273397853,710.002485467957,0.5436600686624223,0.0,0.0,1.0,inf,386.0,inf,218.0,0.0,218.0,0.0,0.0,0.0,0.0,0.0,0.0
214.0,390.0,1168.0,778.0,389.0,1.994871794871795,358.7677985403634,717.5355970807267,0.5435270411484866,0.0,0.0,1.0,inf,390.0,inf,220.0,4.0,216.0,0.0,0.0,0.0,0.0,0.0,0.0
215.0,390.0,1168.0,778.0,389.0,1.994871794871795,358.7677985403634,717.5355970807267,0.5435270411484866,0.0,0.0,1.0,inf,390.0,inf,204.0,0.0,204.0,0.0,0.0,0.0,0.0,0.0,0.0
216.0,391.0,1171.0,780.0,390.0,1.9948849104859334,359.70458010314195,719.4091602062838,0.5435015588179117,0.0,0.0,1.0,inf,391.0,inf,220.0,1.0,219.0,0.0,0.0,0.0,0.0,0.0,0.0
217.0,391.0,1171.0,780.0,390.0,1.9948849104859334,359.70458010314195,719.4091602062838,0.5435015588179117,0.0,0.0,1.0,inf,391.0,inf,218.0,0.0,218.0,0.0,0.0,0.0,0.0,0.0,0.0
218.0,393.0,1177.0,784.0,392.0,1.994910941475827,361.5612284463392,723.1224568926783,0.5434764143389434,0.0,0.0,1.0,inf,393.0,inf,220.0,2.0,218.0,0.0,0.0,0.0,0.0,0.0,0.0
219.0,393.0,1177.0,784.0,392.0,1.994910941475827,361.5612284463392,723.1224568926783,0.5434764143389434,0.0,0.0,1.0,inf,393.0,inf,212.0,0.0,212.0,0.0,0.0,0.0,0.0,0.0,0.0
220.0,395.0,1183.0,788.0,394.0,1.9949367088607595,363.42424509808046,726.8484901961608,0.5434420038396145,0.0,0.0,1.0,inf,395.0,inf,220.0,2.0,218.0,0.0,0.0,0.0,0.0,0.0,0.0
221.0,395.0,1183.0,788.0,394.0,1.9949367088607595,363.42424509808046,726.8484901961608,0.5434420038396145,0.0,0.0,1.0,inf,395.0,inf,218.0,0.0,218.0,0.0,0.0,0.0,0.0,0.0,0.0
222.0,398.0,1192.0,794.0,397.0,1.9949748743718594,366.14576456218896,732.2915291243778,0.5434993908449277,0.0,0.0,1.0,inf,398.0,inf,220.0,3.0,217.0,0.0,0.0,0.0,0.0,0.0,0.0
223.0,398.0,1192.0,794.0,397.0,1.9949748743718594,366.14576456218896,732.2915291243778,0.5434993908449277,0.0,0.0,1.0,inf,398.0,inf,210.0,0.0,210.0,0.0,0.0,0.0,0.0,0.0,0.0
224.0,400.0,1198.0,798.0,399.0,1.995,368.07333169314614,736.1466633862922,0.5433699830411381,0.0,0.0,1.0,inf,400.0,inf,220.0,2.0,218.0,0.0,0.0,0.0,0.0,0.0,0.0
225.0,400.0,1198.0,798.0,399.0,1.995,368.07333169314614,736.1466633862922,0.5433699830411381,0.0,0.0,1.0,inf,400.0,inf,216.0,0.0,216.0,0.0,0.0,0.0,0.0,0.0,0.0
226.0,400.0,1198.0,798.0,399.0,1.995,368.07333169314614,736.1466633862922,0.5433699830411381,0.0,0.0,1.0,inf,400.0,inf,220.0,0.0,220.0,0.0,0.0,0.0,0.0,0.0,0.0
227.0,400.0,1198.0,798.0,399.0,1.995,368.07333169314614,736.1466633862922,0.5433699830411381,0.0,0.0,1.0,inf,400.0,inf,220.0,0.0,220.0,0.0,0.0,0.0,0.0,0.0,0.0
228.0,401.0,1201.0,800.0,400.0,1.9950124688279303,368.94317752146776,737.8863550429354,0.5434441188123976,0.0,0.0,1.0,inf,401.0,inf,220.0,1.0,219.0,0.0,0.0,0.0,0.0,0.0,0.0
229.0,401.0,1201.0,800.0,400.0,1.9950124688279303,368.94317752146776,737.8863550429354,0.5434441188123976,0.0,0.0,1.0,inf,401.0,inf,217.0,0.0,217.0,0.0,0.0,0.0,0.0,0.0,0.0
230.0,403.0,1207.0,804.0,402.0,1.9950372208436724,370.88312191036675,741.7662438207334,0.5432978426251965,0.0,0.0,1.0,inf,403.0,inf,220.0,2.0,218.0,0.0,0.0,0.0,0.0,0.0,0.0
231.0,403.0,1207.0,804.0,402.0,1.9950372208436724,370.88312191036675,741.7662438207334,0.5432978426251965,0.0,0.0,1.0,inf,403.0,inf,214.0,0.0,214.0,0.0,0.0,0.0,0.0,0.0,0.0
232.0,404.0,1210.0,806.0,403.0,1.995049504950495,371.87828454314985,743.7565690862996,0.5431884796611767,0.0,0.0,1.0,inf,404.0,inf,220.0,1.0,219.0,0.0,0.0,0.0,0.0,0.0,0.0
233.0,404.0,1210.0,806.0,403.0,1.995049504950495,371.87828454314985,743.7565690862996,0.5431884796611767,0.0,0.0,1.0,inf,404.0,inf,217.0,0.0,217.0,0.0,0.0,0.0,0.0,0.0,0.0
234.0,407.0,1219.0,812.0,406.0,1.9950859950859952,374.64258587757865,749.2851717551572,0.5431843780474476,0.0,0.0,1.0,inf,407.0,inf,220.0,3.0,217.0,0.0,0.0,0.0,0.0,0.0,0.0
235.0,407.0,1219.0,812.0,406.0,1.9950859950859952,374.64258587757865,749.2851717551572,0.5431843780474476,0.0,0.0,1.0,inf,407.0,inf,204.0,0.0,204.0,0.0,0.0,0.0,0.0,0.0,0.0
236.0,408.0,1222.0,814.0,407.0,1.9950980392156863,375.53824757287856,751.076495145757,0.543220301310084,0.0,0.0,1.0,inf,408.0,inf,220.0,1.0,219.0,0.0,0.0,0.0,0.0,0.0,0.0
237.0,408.0,1222.0,814.0,407.0,1.9950980392156863,375.53824757287856,751.076495145757,0.543220301310084,0.0,0.0,1.0,inf,408.0,inf,218.0,0.0,218.0,0.0,0.0,0.0,0.0,0.0,0.0
238.0,409.0,1225.0,816.0,408.0,1.9951100244498778,376.4668253485887,752.9336506971773,0.5432085544606584,0.0,0.0,1.0,inf,409.0,inf,220.0,1.0,219.0,0.0,0.0,0.0,0.0,0.0,0.0
239.0,409.0,1225.0,816.0,408.0,1.9951100244498778,376.4668253485887,752.9336506971773,0.5432085544606584,0.0,0.0,1.0,inf,409.0,inf,215.0,0.0,215.0,0.0,0.0,0.0,0.0,0.0,0.0
240.0,410.0,1228.0,818.0,409.0,1.9951219512195122,377.37428625273606,754.748572505472,0.5432272612837933,0.0,0.0,1.0,inf,410.0,inf,220.0,1.0,219.0,0.0,0.0,0.0,0.0,0.0,0.0
241.0,410.0,1228.0,818.0,409.0,1.9951219512195122,377.37428625273606,754.748572505472,0.5432272612837933,0.0,0.0,1.0,inf,410.0,inf,218.0,0.0,218.0,0.0,0.0,0.0,0.0,0.0,0.0
242.0,412.0,1234.0,822.0,411.0,1.9951456310679612,379.18220996647335,758.3644199329466,0.5432744326750303,0.0,0.0,1.0,inf,412.0,inf,220.0,2.0,218.0,0.0,0.0,0.0,0.0,0.0,0.0
243.0,412.0,1234.0,822.0,411.0,1.9951456310679612,379.18220996647335,758.3644199329466,0.5432744326750303,0.0,0.0,1.0,inf,412.0,inf,217.0,0.0,217.0,0.0,0.0,0.0,0.0,0.0,0.0
244.0,415.0,1243.0,828.0,414.0,1.9951807228915663,381.93982831554536,763.8796566310906,0.5432792932727895,0.0,0.0,1.0,inf,415.0,inf,220.0,3.0,217.0,0.0,0.0,0.0,0.0,0.0,0.0
245.0,415.0,1243.0,828.0,414.0,1.9951807228915663,381.93982831554536,763.8796566310906,0.5432792932727895,0.0,0.0,1.0,inf,415.0,inf,210.0,0.0,210.0,0.0,0.0,0.0,0.0,0.0,0.0
246.0,416.0,1246.0,830.0,415.0,1.9951923076923077,382.9396607179805,765.8793214359608,0.5431665124735764,0.0,0.0,1.0,inf,416.0,inf,220.0,1.0,219.0,0.0,0.0,0.0,0.0,0.0,0.0
247.0,416.0,1246.0,830.0,415.0,1.9951923076923077,382.9396607179805,765.8793214359608,0.5431665124735764,0.0,0.0,1.0,inf,416.0,inf,217.0,0.0,217.0,0.0,0.0,0.0,0.0,0.0,0.0
248.0,416.0,1246.0,830.0,415.0,1.9951923076923077,382.9396607179805,765.8793214359608,0.5431665124735764,0.0,0.0,1.0,inf,416.0,inf,220.0,0.0,220.0,0.0,0.0,0.0,0.0,0.0,0.0
249.0,418.0,1252.0,834.0,417.0,1.9952153110047848,384.7078908012849,769.4157816025697,0.5432693349873498,0.0,0.0,1.0,inf,418.0,inf,220.0,2.0,218.0,0.0,0.0,0.0,0.0,0.0,0.0
250.0,418.0,1252.0,834.0,417.0,1.9952153110047848,384.7078908012849,769.4157816025697,0.5432693349873498,0.0,0.0,1.0,inf,418.0,inf,215.0,0.0,215.0,0.0,0.0,0.0,0.0,0.0,0.0
251.0,420.0,1258.0,838.0,419.0,1.9952380952380953,386.4973461512611,772.9946923025221,0.543341376315204,0.0,0.0,1.0,inf,420.0,inf,220.0,2.0,218.0,0.0,0.0,0.0,0.0,0.0,0.0
252.0,420.0,1258.0,838.0,419.0,1.9952380952380953,386.4973461512611,772.9946923025221,0.543341376315204,0.0,0.0,1.0,inf,420.0,inf,211.0,0.0,211.0,0.0,0.0,0.0,0.0,0.0,0.0
253.0,420.0,1258.0,838.0,419.0,1.9952380952380953,386.4973461512611,772.9946923025221,0.543341376315204,0.0,0.0,1.0,inf,420.0,inf,220.0,0.0,220.0,0.0,0.0,0.0,0.0,0.0,0.0
254.0,420.0,1258.0,838.0,419.0,1.9952380952380953,386.4973461512611,772.9946923025221,0.543341376315204,0.0,0.0,1.0,inf,420.0,inf,220.0,0.0,220.0,0.0,0.0,0.0,0.0,0.0,0.0
255.0,421.0,1261.0,840.0,420.0,1.995249406175772,387.3852748611634,774.7705497223267,0.5433866841620193,0.0,0.0,1.0,inf,421.0,inf,220.0,1.0,219.0,0.0,0.0,0.0,0.0,0.0,0.0
256.0,421.0,1261.0,840.0,420.0,1.995249406175772,387.3852748611634,774.7705497223267,0.5433866841620193,0.0,0.0,1.0,inf,421.0,inf,216.0,0.0,216.0,0.0,0.0,0.0,0.0,0.0,0.0
257.0,424.0,1270.0,846.0,423.0,1.9952830188679245,390.2270781706969,780.4541563413937,0.5432734217056688,0.0,0.0,1.0,inf,424.0,inf,220.0,3.0,217.0,0.0,0.0,0.0,0.0,0.0,0.0
258.0,424.0,1270.0,846.0,423.0,1.9952830188679245,390.2270781706969,780.4541563413937,0.5432734217056688,0.0,0.0,1.0,inf,424.0,inf,212.0,0.0,212.0,0.0,0.0,0.0,0.0,0.0,0.0
259.0,426.0,1276.0,850.0,425.0,1.9953051643192488,392.1492639620405,784.2985279240809,0.5431605247654325,0.0,0.0,1.0,inf,426.0,inf,220.0,2.0,218.0,0.0,0.0,0.0,0.0,0.0,0.0
260.0,426.0,1276.0,850.0,425.0,1.9953051643192488,392.1492639620405,784.2985279240809,0.5431605247654325,0.0,0.0,1.0,inf,426.0,inf,213.0,0.0,213.0,0.0,0.0,0.0,0.0,0.0,0.0
261.0,427.0,1279.0,852.0,426.0,1.9953161592505855,393.1406644811467,786.2813289622933,0.5430626218271515,0.0,0.0,1.0,inf,427.0,inf,220.0,1.0,219.0,0.0,0.0,0.0,0.0,0.0,0.0
262.0,427.0,1279.0,852.0,426.0,1.9953161592505855,393.1406644811467,786.2813289622933,0.5430626218271515,0.0,0.0,1.0,inf,427.0,inf,214.0,0.0,214.0,0.0,0.0,0.0,0.0,0.0,0.0
263.0,432.0,1294.0,862.0,431.0,1.9953703703703705,397.7656354071515,795.5312708143028,0.5430333361475613,0.0,0.0,1.0,inf,432.0,inf,220.0,5.0,215.0,0.0,0.0,0.0,0.0,0.0,0.0
264.0,432.0,1294.0,862.0,431.0,1.9953703703703705,397.7656354071515,795.5312708143028,0.5430333361475613,0.0,0.0,1.0,inf,432.0,inf,200.0,0.0,200.0,0.0,0.0,0.0,0.0,0.0,0.0
265.0,434.0,1300.0,866.0,433.0,1.9953917050691243,399.5674434880114,799.1348869760227,0.5430872898595175,0.0,0.0,1.0,inf,434.0,inf,220.0,2.0,218.0,0.0,0.0,0.0,0.0,0.0,0.0
266.0,434.0,1300.0,866.0,433.0,1.9953917050691243,399.5674434880114,799.1348869760227,0.5430872898595175,0.0,0.0,1.0,inf,434.0,inf,215.0,0.0,215.0,0.0,0.0,0.0,0.0,0.0,0.0
267.0,436.0,1306.0,870.0,435.0,1.9954128440366972,401.45979830835915,802.9195966167182,0.543018257166949,0.0,0.0,1.0,inf,436.0,inf,220.0,2.0,218.0,0.0,0.0,0.0,0.0,0.0,0.0
268.0,436.0,1306.0,870.0,435.0,1.9954128440366972,401.45979830835915,802.9195966167182,0.543018257166949,0.0,0.0,1.0,inf,436.0,inf,215.0,0.0,215.0,0.0,0.0,0.0,0.0,0.0,0.0
269.0,436.0,1306.0,870.0,435.0,1.9954128440366972,401.45979830835915,802.9195966167182,0.543018257166949,0.0,0.0,1.0,inf,436.0,inf,220.0,0.0,220.0,0.0,0.0,0.0,0.0,0.0,0.0
270.0,436.0,1306.0,870.0,435.0,1.9954128440366972,401.45979830835915,802.9195966167182,0.543018257166949,0.0,0.0,1.0,inf,436.0,inf,220.0,0.0,220.0,0.0,0.0,0.0,0.0,0.0,0.0
271.0,440.0,1318.0,878.0,439.0,1.9954545454545454,405.20079679028123,810.4015935805623,0.5429406895116864,0.0,0.0,1.0,inf,440.0,inf,220.0,4.0,216.0,0.0,0.0,0.0,0.0,0.0,0.0
272.0,440.0,1318.0,878.0,439.0,1.9954545454545454,405.20079679028123,810.4015935805623,0.5429406895116864,0.0,0.0,1.0,inf,440.0,inf,199.0,0.0,199.0,0.0,0.0,0.0,0.0,0.0,0.0
273.0,443.0,1327.0,884.0,442.0,1.9954853273137698,407.9458867631929,815.8917735263857,0.5429641704625834,0.0,0.0,1.0,inf,443.0,inf,220.0,3.0,217.0,0.0,0.0,0.0,0.0,0.0,0.0
274.0,443.0,1327.0,884.0,442.0,1.9954853273137698,407.9458867631929,815.8917735263857,0.5429641704625834,0.0,0.0,1.0,inf,443.0,inf,211.0,0.0,211.0,0.0,0.0,0.0,0.0,0.0,0.0
275.0,445.0,1333.0,888.0,444.0,1.9955056179775281,409.85403419671786,819.7080683934356,0.5428761984399709,0.0,0.0,1.0,inf,445.0,inf,220.0,2.0,218.0,0.0,0.0,0.0,0.0,0.0,0.0
276.0,445.0,1333.0,888.0,444.0,1.9955056179775281,409.85403419671786,819.7080683934356,0.5428761984399709,0.0,0.0,1.0,inf,445.0,inf,211.0,0.0,211.0,0.0,0.0,0.0,0.0,0.0,0.0
277.0,447.0,1339.0,892.0,446.0,1.9955257270693512,411.653773608338,823.3075472166759,0.5429319839362042,0.0,0.0,1.0,inf,447.0,inf,220.0,2.0,218.0,0.0,0.0,0.0,0.0,0.0,0.0
278.0,447.0,1339.0,892.0,446.0,1.9955257270693512,411.653773608338,823.3075472166759,0.5429319839362042,0.0,0.0,1.0,inf,447.0,inf,215.0,0.0,215.0,0.0,0.0,0.0,0.0,0.0,0.0
279.0,450.0,1348.0,898.0,449.0,1.9955555555555555,414.3992809085978,828.7985618171955,0.542954610120637,0.0,0.0,1.0,inf,450.0,inf,220.0,3.0,217.0,0.0,0.0,0.0,0.0,0.0,0.0
280.0,450.0,1348.0,898.0,449.0,1.9955555555555555,414.3992809085978,828.7985618171955,0.542954610120637,0.0,0.0,1.0,inf,450.0,inf,210.0,0.0,210.0,0.0,0.0,0.0,0.0,0.0,0.0
281.0,450.0,1348.0,898.0,449.0,1.9955555555555555,414.3992809085978,828.7985618171955,0.542954610120637,0.0,0.0,1.0,inf,450.0,inf,220.0,0.0,220.0,0.0,0.0,0.0,0.0,0.0,0.0
282.0,450.0,1348.0,898.0,449.0,1.9955555555555555,414.3992809085978,828.7985618171955,0.542954610120637,0.0,0.0,1.0,inf,450.0,inf,220.0,0.0,220.0,0.0,0.0,0.0,0.0,0.0,0.0
283.0,450.0,1348.0,898.0,449.0,1.9955555555555555,414.3992809085978,828.7985618171955,0.542954610120637,0.0,0.0,1.0,inf,450.0,inf,220.0,0.0,220.0,0.0,0.0,0.0,0.0,0.0,0.0
284.0,452.0,1354.0,902.0,451.0,1.9955752212389382,416.3715531840763,832.7431063681524,0.5427844392147662,0.0,0.0,1.0,inf,452.0,inf,220.0,2.0,218.0,0.0,0.0,0.0,0.0,0.0,0.0
285.0,452.0,1354.0,902.0,451.0,1.9955752212389382,416.3715531840763,832.7431063681524,0.5427844392147662,0.0,0.0,1.0,inf,452.0,inf,214.0,0.0,214.0,0.0,0.0,0.0,0.0,0.0,0.0
286.0,454.0,1360.0,906.0,453.0,1.9955947136563876,418.17828459756265,836.3565691951252,0.5428306738080754,0.0,0.0,1.0,inf,454.0,inf,220.0,2.0,218.0,0.0,0.0,0.0,0.0,0.0,0.0
287.0,454.0,1360.0,906.0,453.0,1.9955947136563876,418.17828459756265,836.3565691951252,0.5428306738080754,0.0,0.0,1.0,inf,454.0,inf,209.0,0.0,209.0,0.0,0.0,0.0,0.0,0.0,0.0
288.0,455.0,1363.0,908.0,454.0,1.9956043956043956,419.0854362709548,838.1708725419095,0.542848737537404,0.0,0.0,1.0,inf,455.0,inf,220.0,1.0,219.0,0.0,0.0,0.0,0.0,0.0,0.0
289.0,455.0,1363.0,908.0,454.0,1.9956043956043956,419.0854362709548,838.1708725419095,0.542848737537404,0.0,0.0,1.0,inf,455.0,inf,214.0,0.0,214.0,0.0,0.0,0.0,0.0,0.0,0.0
290.0,457.0,1369.0,912.0,456.0,1.9956236323851204,420.9281649873371,841.856329974674,0.5428479702869825,0.0,0.0,1.0,inf,457.0,inf,220.0,2.0,218.0,0.0,0.0,0.0,0.0,0.0,0.0
291.0,457.0,1369.0,912.0,456.0,1.9956236323851204,420.9281649873371,841.856329974674,0.5428479702869825,0.0,0.0,1.0,inf,457.0,inf,215.0,0.0,215.0,0.0,0.0,0.0,0.0,0.0,0.0
292.0,459.0,1375.0,916.0,458.0,1.9956427015250544,422.69211804841456,845.384236096829,0.5429483782655096,0.0,0.0,1.0,inf,459.0,inf,220.0,2.0,218.0,0.0,0.0,0.0,0.0,0.0,0.0
293.0,459.0,1375.0,916.0,458.0,1.9956427015250544,422.69211804841456,845.384236096829,0.5429483782655096,0.0,0.0,1.0,inf,459.0,inf,214.0,0.0,214.0,0.0,0.0,0.0,0.0,0.0,0.0
294.0,462.0,1384.0,922.0,461.0,1.9956709956709957,425.3970152404746,850.7940304809491,0.5430221457229008,0.0,0.0,1.0,inf,462.0,inf,220.0,3.0,217.0,0.0,0.0,0.0,0.0,0.0,0.0
295.0,462.0,1384.0,922.0,461.0,1.9956709956709957,425.3970152404746,850.7940304809491,0.5430221457229008,0.0,0.0,1.0,inf,462.0,inf,211.0,0.0,211.0,0.0,0.0,0.0,0.0,0.0,0.0
296.0,463.0,1387.0,924.0,462.0,1.9956803455723542,426.2762502857175,852.5525005714348,0.5430750595296688,0.0,0.0,1.0,inf,463.0,inf,220.0,1.0,219.0,0.0,0.0,0.0,0.0,0.0,0.0
297.0,463.0,1387.0,924.0,462.0,1.9956803455723542,426.2762502857175,852.5525005714348,0.5430750595296688,0.0,0.0,1.0,inf,463.0,inf,216.0,0.0,216.0,0.0,0.0,0.0,0.0,0.0,0.0
298.0,466.0,1396.0,930.0,465.0,1.9957081545064377,429.0292918837408,858.0585837674815,0.5430864614790424,0.0,0.0,1.0,inf,466.0,inf,220.0,3.0,217.0,0.0,0.0,0.0,0.0,0.0,0.0
299.0,466.0,1396.0,930.0,465.0,1.9957081545064377,429.0292918837408,858.0585837674815,0.5430864614790424,0.0,0.0,1.0,inf,466.0,inf,202.0,0.0,202.0,0.0,0.0,0.0,0.0,0.0,0.0
300.0,466.0,1396.0,930.0,465.0,1.9957081545064377,429.0292918837408,858.0585837674815,0.5430864614790424,0.0,0.0,1.0,inf,466.0,inf,220.0,0.0,220.0,0.0,0.0,0.0,0.0,0.0,0.0
301.0,466.0,1396.0,930.0,465.0,1.9957081545064377,429.0292918837408,858.0585837674815,0.5430864614790424,0.0,0.0,1.0,inf,466.0,inf,220.0,0.0,220.0,0.0,0.0,0.0,0.0,0.0,0.0
302.0,467.0,1399.0,932.0,466.0,1.9957173447537473,429.9009352591426,859.8018705182851,0.5431483880332736,0.0,0.0,1.0,inf,467.0,inf,220.0,1.0,219.0,0.0,0.0,0.0,0.0,0.0,0.0
303.0,467.0,1399.0,932.0,466.0,1.9957173447537473,429.9009352591426,859.8018705182851,0.5431483880332736,0.0,0.0,1.0,inf,467.0,inf,217.0,0.0,217.0,0.0,0.0,0.0,0.0,0.0,0.0
304.0,470.0,1408.0,938.0,469.0,1.995744680851064,432.6354921813484,865.2709843626967,0.5431824347446158,0.0,0.0,1.0,inf,470.0,inf,220.0,3.0,217.0,0.0,0.0,0.0,0.0,0.0,0.0
305.0,470.0,1408.0,938.0,469.0,1.995744680851064,432.6354921813484,865.2709843626967,0.5431824347446158,0.0,0.0,1.0,inf,470.0,inf,213.0,0.0,213.0,0.0,0.0,0.0,0.0,0.0,0.0
306.0,473.0,1417.0,944.0,472.0,1.9957716701902748,435.3859098006322,870.7718196012643,0.5431962649142593,0.0,0.0,1.0,inf,473.0,inf,220.0,3.0,217.0,0.0,0.0,0.0,0.0,0.0,0.0
307.0,473.0,1417.0,944.0,472.0,1.9957716701902748,435.3859098006322,870.7718196012643,0.5431962649142593,0.0,0.0,1.0,inf,473.0,inf,213.0,0.0,213.0,0.0,0.0,0.0,0.0,0.0,0.0
308.0,474.0,1420.0,946.0,473.0,1.9957805907172996,436.3186306922802,872.6372613845602,0.5431810226026026,0.0,0.0,1.0,inf,474.0,inf,220.0,1.0,219.0,0.0,0.0,0.0,0.0,0.0,0.0
309.0,474.0,1420.0,946.0,473.0,1.9957805907172996,436.3186306922802,872.6372613845602,0.5431810226026026,0.0,0.0,1.0,inf,474.0,inf,215.0,0.0,215.0,0.0,0.0,0.0,0.0,0.0,0.0
310.0,477.0,1429.0,952.0,476.0,1.9958071278825995,439.09848635952443,878.1969727190487,0.5431583287324779,0.0,0.0,1.0,inf,477.0,inf,220.0,3.0,217.0,0.0,0.0,0.0,0.0,0.0,0.0
311.0,477.0,1429.0,952.0,476.0,1.9958071278825995,439.09848635952443,878.1969727190487,0.5431583287324779,0.0,0.0,1.0,inf,477.0,inf,212.0,0.0,212.0,0.0,0.0,0.0,0.0,0.0,0.0
312.0,480.0,1438.0,958.0,479.0,1.9958333333333333,441.945732095275,883.8914641905499,0.5430531003482134,0.0,0.0,1.0,inf,480.0,inf,220.0,3.0,217.0,0.0,0.0,0.0,0.0,0.0,0.0
313.0,480.0,1438.0,958.0,479.0,1.9958333333333333,441.945732095275,883.8914641905499,0.5430531003482134,0.0,0.0,1.0,inf,480.0,inf,212.0,0.0,212.0,0.0,0.0,0.0,0.0,0.0,0.0
314.0,481.0,1441.0,960.0,480.0,1.995841995841996,442.89293958081197,885.7858791616238,0.543020623059893,0.0,0.0,1.0,inf,481.0,inf,220.0,1.0,219.0,0.0,0.0,0.0,0.0,0.0,0.0
315.0,481.0,1441.0,960.0,480.0,1.995841995841996,442.89293958081197,885.7858791616238,0.543020623059893,0.0,0.0,1.0,inf,481.0,inf,219.0,0.0,219.0,0.0,0.0,0.0,0.0,0.0,0.0
316.0,482.0,1444.0,962.0,481.0,1.995850622406639,443.7569913814002,887.5139827628003,0.5430900350432234,0.0,0.0,1.0,inf,482.0,inf,220.0,1.0,219.0,0.0,0.0,0.0,0.0,0.0,0.0
317.0,482.0,1444.0,962.0,481.0,1.995850622406639,443.7569913814002,887.5139827628003,0.5430900350432234,0.0,0.0,1.0,inf,482.0,inf,218.0,0.0,218.0,0.0,0.0,0.0,0.0,0.0,0.0
318.0,483.0,1447.0,964.0,482.0,1.9958592132505175,444.65895305212075,889.3179061042414,0.5431128696326791,0.0,0.0,1.0,inf,483.0,inf,220.0,1.0,219.0,0.0,0.0,0.0,0.0,0.0,0.0
319.0,483.0,1447.0,964.0,482.0,1.9958592132505175,444.65895305212075,889.3179061042414,0.5431128696326791,0.0,0.0,1.0,inf,483.0,inf,219.0,0.0,219.0,0.0,0.0,0.0,0.0,0.0,0.0
320.0,483.0,1447.0,964.0,482.0,1.9958592132505175,444.65895305212075,889.3179061042414,0.5431128696326791,0.0,0.0,1.0,inf,483.0,inf,220.0,0.0,220.0,0.0,0.0,0.0,0.0,0.0,0.0
321.0,485.0,1453.0,968.0,484.0,1.9958762886597938,446.54210604684584,893.0842120936916,0.5430618898334301,0.0,0.0,1.0,inf,485.0,inf,220.0,2.0,218.0,0.0,0.0,0.0,0.0,0.0,0.0
322.0,485.0,1453.0,968.0,484.0,1.9958762886597938,446.54210604684584,893.0842120936916,0.5430618898334301,0.0,0.0,1.0,inf,485.0,inf,216.0,0.0,216.0,0.0,0.0,0.0,0.0,0.0,0.0
323.0,487.0,1459.0,972.0,486.0,1.995893223819302,448.4609853564565,896.9219707129129,0.542968079612222,0.0,0.0,1.0,inf,487.0,inf,220.0,2.0,218.0,0.0,0.0,0.0,0.0,0.0,0.0
324.0,487.0,1459.0,972.0,486.0,1.995893223819302,448.4609853564565,896.9219707129129,0.542968079612222,0.0,0.0,1.0,inf,487.0,inf,215.0,0.0,215.0,0.0,0.0,0.0,0.0,0.0,0.0
325.0,488.0,1462.0,974.0,487.0,1.9959016393442623,449.3385852989388,898.6771705978775,0.5430203592190289,0.0,0.0,1.0,inf,488.0,inf,220.0,1.0,219.0,0.0,0.0,0.0,0.0,0.0,0.0
326.0,488.0,1462.0,974.0,487.0,1.9959016393442623,449.3385852989388,898.6771705978775,0.5430203592190289,0.0,0.0,1.0,inf,488.0,inf,217.0,0.0,217.0,0.0,0.0,0.0,0.0,0.0,0.0
327.0,489.0,1465.0,976.0,488.0,1.9959100204498978,450.3325578194487,900.6651156388973,0.5429320970793036,0.0,0.0,1.0,inf,489.0,inf,220.0,1.0,219.0,0.0,0.0,0.0,0.0,0.0,0.0
328.0,489.0,1465.0,976.0,488.0,1.9959100204498978,450.3325578194487,900.6651156388973,0.5429320970793036,0.0,0.0,1.0,inf,489.0,inf,216.0,0.0,216.0,0.0,0.0,0.0,0.0,0.0,0.0
329.0,489.0,1465.0,976.0,488.0,1.9959100204498978,450.3325578194487,900.6651156388973,0.5429320970793036,0.0,0.0,1.0,inf,489.0,inf,220.0,0.0,220.0,0.0,0.0,0.0,0.0,0.0,0.0
330.0,489.0,1465.0,976.0,488.0,1.9959100204498978,450.3325578194487,900.6651156388973,0.5429320970793036,0.0,0.0,1.0,inf,489.0,inf,220.0,0.0,220.0,0.0,0.0,0.0,0.0,0.0,0.0
331.0,490.0,1468.0,978.0,489.0,1.9959183673469387,451.3235384101453,902.6470768202905,0.5428478223472438,0.0,0.0,1.0,inf,490.0,inf,220.0,1.0,219.0,0.0,0.0,0.0,0.0,0.0,0.0
332.0,490.0,1468.0,978.0,489.0,1.9959183673469387,451.3235384101453,902.6470768202905,0.5428478223472438,0.0,0.0,1.0,inf,490.0,inf,219.0,0.0,219.0,0.0,0.0,0.0,0.0,0.0,0.0
333.0,492.0,1474.0,982.0,491.0,1.9959349593495934,453.17963102947556,906.359262058951,0.5428311052753378,0.0,0.0,1.0,inf,492.0,inf,220.0,2.0,218.0,0.0,0.0,0.0,0.0,0.0,0.0
334.0,492.0,1474.0,982.0,491.0,1.9959349593495934,453.17963102947556,906.359262058951,0.5428311052753378,0.0,0.0,1.0,inf,492.0,inf,215.0,0.0,215.0,0.0,0.0,0.0,0.0,0.0,0.0
335.0,494.0,1480.0,986.0,493.0,1.9959514170040487,454.9689868169807,909.9379736339613,0.5428941469792097,0.0,0.0,1.0,inf,494.0,inf,220.0,2.0,218.0,0.0,0.0,0.0,0.0,0.0,0.0
336.0,494.0,1480.0,986.0,493.0,1.9959514170040487,454.9689868169807,909.9379736339613,0.5428941469792097,0.0,0.0,1.0,inf,494.0,inf,211.0,0.0,211.0,0.0,0.0,0.0,0.0,0.0,0.0
337.0,496.0,1486.0,990.0,495.0,1.9959677419354838,456.8670909819184,913.7341819638367,0.5428274544068993,0.0,0.0,1.0,inf,496.0,inf,220.0,2.0,218.0,0.0,0.0,0.0,0.0,0.0,0.0
338.0,496.0,1486.0,990.0,495.0,1.9959677419354838,456.8670909819184,913.7341819638367,0.5428274544068993,0.0,0.0,1.0,inf,496.0,inf,215.0,0.0,215.0,0.0,0.0,0.0,0.0,0.0,0.0
339.0,497.0,1489.0,992.0,496.0,1.9959758551307847,457.77774505136614,915.5554901027322,0.542839844632719,0.0,0.0,1.0,inf,497.0,inf,220.0,1.0,219.0,0.0,0.0,0.0,0.0,0.0,0.0
340.0,497.0,1489.0,992.0,496.0,1.9959758551307847,457.77774505136614,915.5554901027322,0.542839844632719,0.0,0.0,1.0,inf,497.0,inf,216.0,0.0,216.0,0.0,0.0,0.0,0.0,0.0,0.0
341.0,500.0,1498.0,998.0,499.0,1.996,460.56344767521125,921.1268953504224,0.5428133762284577,0.0,0.0,1.0,inf,500.0,inf,220.0,3.0,217.0,0.0,0.0,0.0,0.0,0.0,0.0
342.0,500.0,1498.0,998.0,499.0,1.996,460.56344767521125,921.1268953504224,0.5428133762284577,0.0,0.0,1.0,inf,500.0,inf,214.0,0.0,214.0,0.0,0.0,0.0,0.0,0.0,0.0
343.0,500.0,1498.0,998.0,499.0,1.996,460.56344767521125,921.1268953504224,0.5428133762284577,0.0,0.0,1.0,inf,500.0,inf,220.0,0.0,220.0,0.0,0.0,0.0,0.0,0.0,0.0
344.0,501.0,1501.0,1000.0,500.0,1.996007984031936,461.5360777207113,923.0721554414225,0.5427528032848273,0.0,0.0,1.0,inf,501.0,inf,220.0,1.0,219.0,0.0,0.0,0.0,0.0,0.0,0.0
345.0,501.0,1501.0,1000.0,500.0,1.996007984031936,461.5360777207113,923.0721554414225,0.5427528032848273,0.0,0.0,1.0,inf,501.0,inf,216.0,0.0,216.0,0.0,0.0,0.0,0.0,0.0,0.0
346.0,503.0,1507.0,1004.0,502.0,1.9960238568588469,463.32620825064464,926.6524165012892,0.5428141027238127,0.0,0.0,1.0,inf,503.0,inf,220.0,2.0,218.0,0.0,0.0,0.0,0.0,0.0,0.0
347.0,503.0,1507.0,1004.0,502.0,1.9960238568588469,463.32620825064464,926.6524165012892,0.5428141027238127,0.0,0.0,1.0,inf,503.0,inf,213.0,0.0,213.0,0.0,0.0,0.0,0.0,0.0,0.0
348.0,506.0,1516.0,1010.0,505.0,1.9960474308300395,466.12440144363734,932.2488028872746,0.542773558338572,0.0,0.0,1.0,inf,506.0,inf,220.0,3.0,217.0,0.0,0.0,0.0,0.0,0.0,0.0
349.0,506.0,1516.0,1010.0,505.0,1.9960474308300395,466.12440144363734,932.2488028872746,0.542773558338572,0.0,0.0,1.0,inf,506.0,inf,210.0,0.0,210.0,0.0,0.0,0.0,0.0,0.0,0.0
350.0,506.0,1516.0,1010.0,505.0,1.9960474308300395,466.12440144363734,932.2488028872746,0.542773558338572,0.0,0.0,1.0,inf,506.0,inf,220.0,0.0,220.0,0.0,0.0,0.0,0.0,0.0,0.0
351.0,507.0,1519.0,1012.0,506.0,1.9960552268244576,466.9854545982548,933.9709091965095,0.5428434601203688,0.0,0.0,1.0,inf,507.0,inf,220.0,1.0,219.0,0.0,0.0,0.0,0.0,0.0,0.0
352.0,507.0,1519.0,1012.0,506.0,1.9960552268244576,466.9854545982548,933.9709091965095,0.5428434601203688,0.0,0.0,1.0,inf,507.0,inf,219.0,0.0,219.0,0.0,0.0,0.0,0.0,0.0,0.0
353.0,508.0,1522.0,1014.0,507.0,1.9960629921259843,467.9025747398499,935.8051494796997,0.5428480493855414,0.0,0.0,1.0,inf,508.0,inf,220.0,1.0,219.0,0.0,0.0,0.0,0.0,0.0,0.0
354.0,508.0,1522.0,1014.0,507.0,1.9960629921259843,467.9025747398499,935.8051494796997,0.5428480493855414,0.0,0.0,1.0,inf,508.0,inf,216.0,0.0,216.0,0.0,0.0,0.0,0.0,0.0,0.0
355.0,509.0,1525.0,1016.0,508.0,1.9960707269155207,468.7991700892685,937.5983401785369,0.5428763876683874,0.0,0.0,1.0,inf,509.0,inf,220.0,1.0,219.0,0.0,0.0,0.0,0.0,0.0,0.0
356.0,509.0,1525.0,1016.0,508.0,1.9960707269155207,468.7991700892685,937.5983401785369,0.5428763876683874,0.0,0.0,1.0,inf,509.0,inf,220.0,0.0,220.0,0.0,0.0,0.0,0.0,0.0,0.0
357.0,510.0,1528.0,1018.0,509.0,1.996078431372549,469.72379085373916,939.4475817074782,0.5428722261151149,0.0,0.0,1.0,inf,510.0,inf,220.0,1.0,219.0,0.0,0.0,0.0,0.0,0.0,0.0
358.0,510.0,1528.0,1018.0,509.0,1.996078431372549,469.72379085373916,939.4475817074782,0.5428722261151149,0.0,0.0,1.0,inf,510.0,inf,219.0,0.0,219.0,0.0,0.0,0.0,0.0,0.0,0.0
359.0,510.0,1528.0,1018.0,509.0,1.996078431372549,469.72379085373916,939.4475817074782,0.5428722261151149,0.0,0.0,1.0,inf,510.0,inf,220.0,0.0,220.0,0.0,0.0,0.0,0.0,0.0,0.0
360.0,511.0,1531.0,1020.0,510.0,1.9960861056751467,470.6386500416381,941.277300083276,0.542879340609607,0.0,0.0,1.0,inf,511.0,inf,220.0,1.0,219.0,0.0,0.0,0.0,0.0,0.0,0.0
361.0,511.0,1531.0,1020.0,510.0,1.9960861056751467,470.6386500416381,941.277300083276,0.542879340609607,0.0,0.0,1.0,inf,511.0,inf,219.0,0.0,219.0,0.0,0.0,0.0,0.0,0.0,0.0
362.0,512.0,1534.0,1022.0,511.0,1.99609375,471.56951586833856,943.139031736677,0.5428680001263585,0.0,0.0,1.0,inf,512.0,inf,220.0,1.0,219.0,0.0,0.0,0.0,0.0,0.0,0.0
363.0,512.0,1534.0,1022.0,511.0,1.99609375,471.56951586833856,943.139031736677,0.5428680001263585,0.0,0.0,1.0,inf,512.0,inf,218.0,0.0,218.0,0.0,0.0,0.0,0.0,0.0,0.0
364.0,512.0,1534.0,1022.0,511.0,1.99609375,471.56951586833856,943.139031736677,0.5428680001263585,0.0,0.0,1.0,inf,512.0,inf,220.0,0.0,220.0,0.0,0.0,0.0,0.0,0.0,0.0
365.0,514.0,1540.0,1026.0,513.0,1.9961089494163424,473.54971631882506,947.09943263765,0.5427096483085434,0.0,0.0,1.0,inf,514.0,inf,220.0,2.0,218.0,0.0,0.0,0.0,0.0,0.0,0.0
366.0,514.0,1540.0,1026.0,513.0,1.9961089494163424,473.54971631882506,947.09943263765,0.5427096483085434,0.0,0.0,1.0,inf,514.0,inf,214.0,0.0,214.0,0.0,0.0,0.0,0.0,0.0,0.0
367.0,515.0,1543.0,1028.0,514.0,1.996116504854369,474.50714307358686,949.0142861471736,0.5426683323080487,0.0,0.0,1.0,inf,515.0,inf,220.0,1.0,219.0,0.0,0.0,0.0,0.0,0.0,0.0
368.0,515.0,1543.0,1028.0,514.0,1.996116504854369,474.50714307358686,949.0142861471736,0.5426683323080487,0.0,0.0,1.0,inf,515.0,inf,218.0,0.0,218.0,0.0,0.0,0.0,0.0,0.0,0.0
369.0,516.0,1546.0,1030.0,515.0,1.996124031007752,475.4918690398189,950.9837380796376,0.542596029078248,0.0,0.0,1.0,inf,516.0,inf,220.0,1.0,219.0,0.0,0.0,0.0,0.0,0.0,0.0
370.0,516.0,1546.0,1030.0,515.0,1.996124031007752,475.4918690398189,950.9837380796376,0.542596029078248,0.0,0.0,1.0,inf,516.0,inf,215.0,0.0,215.0,0.0,0.0,0.0,0.0,0.0,0.0
371.0,517.0,1549.0,1032.0,516.0,1.9961315280464216,476.44838814134886,952.8967762826976,0.5425561434018543,0.0,0.0,1.0,inf,517.0,inf,220.0,1.0,219.0,0.0,0.0,0.0,0.0,0.0,0.0
372.0,517.0,1549.0,1032.0,516.0,1.9961315280464216,476.44838814134886,952.8967762826976,0.5425561434018543,0.0,0.0,1.0,inf,517.0,inf,215.0,0.0,215.0,0.0,0.0,0.0,0.0,0.0,0.0
373.0,518.0,1552.0,1034.0,517.0,1.9961389961389961,477.33058853349223,954.6611770669844,0.5426008854696038,0.0,0.0,1.0,inf,518.0,inf,220.0,1.0,219.0,0.0,0.0,0.0,0.0,0.0,0.0
374.0,518.0,1552.0,1034.0,517.0,1.9961389961389961,477.33058853349223,954.6611770669844,0.5426008854696038,0.0,0.0,1.0,inf,518.0,inf,220.0,0.0,220.0,0.0,0.0,0.0,0.0,0.0,0.0
375.0,520.0,1558.0,1038.0,519.0,1.9961538461538462,479.1443466759147,958.2886933518292,0.5426339720039726,0.0,0.0,1.0,inf,520.0,inf,220.0,2.0,218.0,0.0,0.0,0.0,0.0,0.0,0.0
376.0,520.0,1558.0,1038.0,519.0,1.9961538461538462,479.1443466759147,958.2886933518292,0.5426339720039726,0.0,0.0,1.0,inf,520.0,inf,215.0,0.0,215.0,0.0,0.0,0.0,0.0,0.0,0.0
377.0,522.0,1564.0,1042.0,521.0,1.996168582375479,480.90987173306337,961.8197434661266,0.5427212360175301,0.0,0.0,1.0,inf,522.0,inf,220.0,2.0,218.0,0.0,0.0,0.0,0.0,0.0,0.0
378.0,522.0,1564.0,1042.0,521.0,1.996168582375479,480.90987173306337,961.8197434661266,0.5427212360175301,0.0,0.0,1.0,inf,522.0,inf,217.0,0.0,217.0,0.0,0.0,0.0,0.0,0.0,0.0
379.0,522.0,1564.0,1042.0,521.0,1.996168582375479,480.90987173306337,961.8197434661266,0.5427212360175301,0.0,0.0,1.0,inf,522.0,inf,220.0,0.0,220.0,0.0,0.0,0.0,0.0,0.0,0.0
380.0,524.0,1570.0,1046.0,523.0,1.9961832061068703,482.6712776407008,965.3425552814015,0.5428124940034905,0.0,0.0,1.0,inf,524.0,inf,220.0,2.0,218.0,0.0,0.0,0.0,0.0,0.0,0.0
381.0,524.0,1570.0,1046.0,523.0,1.9961832061068703,482.6712776407008,965.3425552814015,0.5428124940034905,0.0,0.0,1.0,inf,524.0,inf,216.0,0.0,216.0,0.0,0.0,0.0,0.0,0.0,0.0
382.0,526.0,1576.0,1050.0,525.0,1.9961977186311788,484.4362776546177,968.8725553092353,0.5428990604776873,0.0,0.0,1.0,inf,526.0,inf,220.0,2.0,218.0,0.0,0.0,0.0,0.0,0.0,0.0
383.0,526.0,1576.0,1050.0,525.0,1.9961977186311788,484.4362776546177,968.8725553092353,0.5428990604776873,0.0,0.0,1.0,inf,526.0,inf,214.0,0.0,214.0,0.0,0.0,0.0,0.0,0.0,0.0
384.0,526.0,1576.0,1050.0,525.0,1.9961977186311788,484.4362776546177,968.8725553092353,0.5428990604776873,0.0,0.0,1.0,inf,526.0,inf,220.0,0.0,220.0,0.0,0.0,0.0,0.0,0.0,0.0
385.0,528.0,1582.0,1054.0,527.0,1.996212121212121,486.2168140625442,972.4336281250883,0.542967648103672,0.0,0.0,1.0,inf,528.0,inf,220.0,2.0,218.0,0.0,0.0,0.0,0.0,0.0,0.0
386.0,528.0,1582.0,1054.0,527.0,1.996212121212121,486.2168140625442,972.4336281250883,0.542967648103672,0.0,0.0,1.0,inf,528.0,inf,215.0,0.0,215.0,0.0,0.0,0.0,0.0,0.0,0.0
387.0,530.0,1588.0,1058.0,529.0,1.9962264150943396,488.0408933253446,976.0817866506891,0.5429872857464467,0.0,0.0,1.0,inf,530.0,inf,220.0,2.0,218.0,0.0,0.0,0.0,0.0,0.0,0.0
388.0,530.0,1588.0,1058.0,529.0,1.9962264150943396,488.0408933253446,976.0817866506891,0.5429872857464467,0.0,0.0,1.0,inf,530.0,inf,210.0,0.0,210.0,0.0,0.0,0.0,0.0,0.0,0.0
389.0,531.0,1591.0,1060.0,530.0,1.9962335216572504,489.03884334830377,978.0776866966074,0.5429016602898051,0.0,0.0,1.0,inf,531.0,inf,220.0,1.0,219.0,0.0,0.0,0.0,0.0,0.0,0.0
390.0,531.0,1591.0,1060.0,530.0,1.9962335216572504,489.03884334830377,978.0776866966074,0.5429016602898051,0.0,0.0,1.0,inf,531.0,inf,219.0,0.0,219.0,0.0,0.0,0.0,0.0,0.0,0.0
391.0,532.0,1594.0,1062.0,531.0,1.9962406015037595,489.9614989586799,979.9229979173597,0.5428998004237731,0.0,0.0,1.0,inf,532.0,inf,220.0,1.0,219.0,0.0,0.0,0.0,0.0,0.0,0.0
392.0,532.0,1594.0,1062.0,531.0,1.9962406015037595,489.9614989586799,979.9229979173597,0.5428998004237731,0.0,0.0,1.0,inf,532.0,inf,219.0,0.0,219.0,0.0,0.0,0.0,0.0,0.0,0.0
393.0,532.0,1594.0,1062.0,531.0,1.9962406015037595,489.9614989586799,979.9229979173597,0.5428998004237731,0.0,0.0,1.0,inf,532.0,inf,220.0,0.0,220.0,0.0,0.0,0.0,0.0,0.0,0.0
394.0,533.0,1597.0,1064.0,532.0,1.99624765478424,490.9481736834681,981.8963473669361,0.5428271542401585,0.0,0.0,1.0,inf,533.0,inf,220.0,1.0,219.0,0.0,0.0,0.0,0.0,0.0,0.0
395.0,533.0,1597.0,1064.0,532.0,1.99624765478424,490.9481736834681,981.8963473669361,0.5428271542401585,0.0,0.0,1.0,inf,533.0,inf,217.0,0.0,217.0,0.0,0.0,0.0,0.0,0.0,0.0
396.0,535.0,1603.0,1068.0,534.0,1.9962616822429906,492.7850611243092,985.5701222486183,0.5428330140318943,0.0,0.0,1.0,inf,535.0,inf,220.0,2.0,218.0,0.0,0.0,0.0,0.0,0.0,0.0
397.0,535.0,1603.0,1068.0,534.0,1.9962616822429906,492.7850611243092,985.5701222486183,0.5428330140318943,0.0,0.0,1.0,inf,535.0,inf,217.0,0.0,217.0,0.0,0.0,0.0,0.0,0.0,0.0
398.0,538.0,1612.0,1074.0,537.0,1.996282527881041,495.60874142265124,991.2174828453024,0.5427668592523854,0.0,0.0,1.0,inf,538.0,inf,220.0,3.0,217.0,0.0,0.0,0.0,0.0,0.0,0.0
399.0,538.0,1612.0,1074.0,537.0,1.996282527881041,495.60874142265124,991.2174828453024,0.5427668592523854,0.0,0.0,1.0,inf,538.0,inf,211.0,0.0,211.0,0.0,0.0,0.0,0.0,0.0,0.0
400.0,539.0,1615.0,1076.0,538.0,1.9962894248608534,496.5967973539374,993.1935947078747,0.5426937939108786,0.0,0.0,1.0,inf,539.0,inf,220.0,1.0,219.0,0.0,0.0,0.0,0.0,0.0,0.0
401.0,539.0,1615.0,1076.0,538.0,1.9962894248608534,496.5967973539374,993.1935947078747,0.5426937939108786,0.0,0.0,1.0,inf,539.0,inf,219.0,0.0,219.0,0.0,0.0,0.0,0.0,0.0,0.0
402.0,542.0,1624.0,1082.0,541.0,1.996309963099631,499.55012665290184,999.1002533058036,0.5424881018763041,0.0,0.0,1.0,inf,542.0,inf,220.0,3.0,217.0,0.0,0.0,0.0,0.0,0.0,0.0
403.0,542.0,1624.0,1082.0,541.0,1.996309963099631,499.55012665290184,999.1002533058036,0.5424881018763041,0.0,0.0,1.0,inf,542.0,inf,211.0,0.0,211.0,0.0,0.0,0.0,0.0,0.0,0.0
404.0,543.0,1627.0,1084.0,542.0,1.996316758747698,500.4801969559359,1000.9603939118717,0.5424790064648729,0.0,0.0,1.0,inf,543.0,inf,220.0,1.0,219.0,0.0,0.0,0.0,0.0,0.0,0.0
405.0,543.0,1627.0,1084.0,542.0,1.996316758747698,500.4801969559359,1000.9603939118717,0.5424790064648729,0.0,0.0,1.0,inf,543.0,inf,217.0,0.0,217.0,0.0,0.0,0.0,0.0,0.0,0.0
406.0,546.0,1636.0,1090.0,545.0,1.9963369963369964,503.256935833867,1006.5138716677338,0.5424664432049112,0.0,0.0,1.0,inf,546.0,inf,220.0,3.0,217.0,0.0,0.0,0.0,0.0,0.0,0.0
407.0,546.0,1636.0,1090.0,545.0,1.9963369963369964,503.256935833867,1006.5138716677338,0.5424664432049112,0.0,0.0,1.0,inf,546.0,inf,206.0,0.0,206.0,0.0,0.0,0.0,0.0,0.0,0.0
408.0,546.0,1636.0,1090.0,545.0,1.9963369963369964,503.256935833867,1006.5138716677338,0.5424664432049112,0.0,0.0,1.0,inf,546.0,inf,220.0,0.0,220.0,0.0,0.0,0.0,0.0,0.0,0.0
409.0,548.0,1642.0,1094.0,547.0,1.9963503649635037,505.1598777247765,1010.3197554495529,0.5424025384479999,0.0,0.0,1.0,inf,548.0,inf,220.0,2.0,218.0,0.0,0.0,0.0,0.0,0.0,0.0
410.0,548.0,1642.0,1094.0,547.0,1.9963503649635037,505.1598777247765,1010.3197554495529,0.5424025384479999,0.0,0.0,1.0,inf,548.0,inf,215.0,0.0,215.0,0.0,0.0,0.0,0.0,0.0,0.0
411.0,549.0,1645.0,1096.0,548.0,1.9963570127504553,506.1305920036472,1012.2611840072943,0.5423501450748545,0.0,0.0,1.0,inf,549.0,inf,220.0,1.0,219.0,0.0,0.0,0.0,0.0,0.0,0.0
412.0,549.0,1645.0,1096.0,548.0,1.9963570127504553,506.1305920036472,1012.2611840072943,0.5423501450748545,0.0,0.0,1.0,inf,549.0,inf,215.0,0.0,215.0,0.0,0.0,0.0,0.0,0.0,0.0
413.0,550.0,1648.0,1098.0,549.0,1.9963636363636363,507.06821271048125,1014.1364254209624,0.542333345113502,0.0,0.0,1.0,inf,550.0,inf,220.0,1.0,219.0,0.0,0.0,0.0,0.0,0.0,0.0
414.0,550.0,1648.0,1098.0,549.0,1.9963636363636363,507.06821271048125,1014.1364254209624,0.542333345113502,0.0,0.0,1.0,inf,550.0,inf,217.0,0.0,217.0,0.0,0.0,0.0,0.0,0.0,0.0
415.0,554.0,1660.0,1106.0,553.0,1.9963898916967509,510.69676921853215,1021.3935384370642,0.5423962255016127,0.0,0.0,1.0,inf,554.0,inf,220.0,4.0,216.0,0.0,0.0,0.0,0.0,0.0,0.0
416.0,554.0,1660.0,1106.0,553.0,1.9963898916967509,510.69676921853215,1021.3935384370642,0.5423962255016127,0.0,0.0,1.0,inf,554.0,inf,215.0,0.0,215.0,0.0,0.0,0.0,0.0,0.0,0.0
417.0,555.0,1663.0,1108.0,554.0,1.9963963963963964,511.6328351060975,1023.2656702121949,0.5423811392841016,0.0,0.0,1.0,inf,555.0,inf,220.0,1.0,219.0,0.0,0.0,0.0,0.0,0.0,0.0
418.0,555.0,1663.0,1108.0,554.0,1.9963963963963964,511.6328351060975,1023.2656702121949,0.5423811392841016,0.0,0.0,1.0,inf,555.0,inf,216.0,0.0,216.0,0.0,0.0,0.0,0.0,0.0,0.0
419.0,556.0,1666.0,1110.0,555.0,1.9964028776978417,512.5737580553247,1025.1475161106491,0.5423609687993316,0.0,0.0,1.0,inf,556.0,inf,220.0,1.0,219.0,0.0,0.0,0.0,0.0,0.0,0.0
420.0,556.0,1666.0,1110.0,555.0,1.9964028776978417,512.5737580553247,1025.1475161106491,0.5423609687993316,0.0,0.0,1.0,inf,556.0,inf,217.0,0.0,217.0,0.0,0.0,0.0,0.0,0.0,0.0
421.0,557.0,1669.0,1112.0,556.0,1.9964093357271095,513.5280962009206,1027.056192401841,0.542326704342649,0.0,0.0,1.0,inf,557.0,inf,220.0,1.0,219.0,0.0,0.0,0.0,0.0,0.0,0.0
422.0,557.0,1669.0,1112.0,556.0,1.9964093357271095,513.5280962009206,1027.056192401841,0.542326704342649,0.0,0.0,1.0,inf,557.0,inf,218.0,0.0,218.0,0.0,0.0,0.0,0.0,0.0,0.0
423.0,560.0,1678.0,1118.0,559.0,1.9964285714285714,516.3143951771973,1032.6287903543944,0.5423052361418377,0.0,0.0,1.0,inf,560.0,inf,220.0,3.0,217.0,0.0,0.0,0.0,0.0,0.0,0.0
424.0,560.0,1678.0,1118.0,559.0,1.9964285714285714,516.3143951771973,1032.6287903543944,0.5423052361418377,0.0,0.0,1.0,inf,560.0,inf,210.0,0.0,210.0,0.0,0.0,0.0,0.0,0.0,0.0
425.0,563.0,1687.0,1124.0,562.0,1.9964476021314388,519.1550953387551,1038.31019067751,0.5422271735892679,0.0,0.0,1.0,inf,563.0,inf,220.0,3.0,217.0,0.0,0.0,0.0,0.0,0.0,0.0
426.0,563.0,1687.0,1124.0,562.0,1.9964476021314388,519.1550953387551,1038.31019067751,0.5422271735892679,0.0,0.0,1.0,inf,563.0,inf,210.0,0.0,210.0,0.0,0.0,0.0,0.0,0.0,0.0
427.0,564.0,1690.0,1126.0,563.0,1.99645390070922,520.1190670678089,1040.2381341356177,0.5421835457596004,0.0,0.0,1.0,inf,564.0,inf,220.0,1.0,219.0,0.0,0.0,0.0,0.0,0.0,0.0
428.0,564.0,1690.0,1126.0,563.0,1.99645390070922,520.1190670678089,1040.2381341356177,0.5421835457596004,0.0,0.0,1.0,inf,564.0,inf,218.0,0.0,218.0,0.0,0.0,0.0,0.0,0.0,0.0
429.0,564.0,1690.0,1126.0,563.0,1.99645390070922,520.1190670678089,1040.2381341356177,0.5421835457596004,0.0,0.0,1.0,inf,564.0,inf,220.0,0.0,220.0,0.0,0.0,0.0,0.0,0.0,0.0
430.0,564.0,1690.0,1126.0,563.0,1.99645390070922,520.1190670678089,1040.2381341356177,0.5421835457596004,0.0,0.0,1.0,inf,564.0,inf,220.0,0.0,220.0,0.0,0.0,0.0,0.0,0.0,0.0
431.0,567.0,1699.0,1132.0,566.0,1.9964726631393297,523.095454872643,1046.1909097452858,0.5419660931082325,0.0,0.0,1.0,inf,567.0,inf,220.0,3.0,217.0,0.0,0.0,0.0,0.0,0.0,0.0
432.0,567.0,1699.0,1132.0,566.0,1.9964726631393297,523.095454872643,1046.1909097452858,0.5419660931082325,0.0,0.0,1.0,inf,567.0,inf,213.0,0.0,213.0,0.0,0.0,0.0,0.0,0.0,0.0
433.0,568.0,1702.0,1134.0,567.0,1.9964788732394365,523.9669973940437,1047.9339947880871,0.5420188702961781,0.0,0.0,1.0,inf,568.0,inf,220.0,1.0,219.0,0.0,0.0,0.0,0.0,0.0,0.0
434.0,568.0,1702.0,1134.0,567.0,1.9964788732394365,523.9669973940437,1047.9339947880871,0.5420188702961781,0.0,0.0,1.0,inf,568.0,inf,217.0,0.0,217.0,0.0,0.0,0.0,0.0,0.0,0.0
435.0,569.0,1705.0,1136.0,568.0,1.9964850615114236,524.9008447584382,1049.8016895168762,0.5420071292339571,0.0,0.0,1.0,inf,569.0,inf,220.0,1.0,219.0,0.0,0.0,0.0,0.0,0.0,0.0
436.0,569.0,1705.0,1136.0,568.0,1.9964850615114236,524.9008447584382,1049.8016895168762,0.5420071292339571,0.0,0.0,1.0,inf,569.0,inf,219.0,0.0,219.0,0.0,0.0,0.0,0.0,0.0,0.0
437.0,569.0,1705.0,1136.0,568.0,1.9964850615114236,524.9008447584382,1049.8016895168762,0.5420071292339571,0.0,0.0,1.0,inf,569.0,inf,220.0,0.0,220.0,0.0,0.0,0.0,0.0,0.0,0.0
438.0,570.0,1708.0,1138.0,569.0,1.9964912280701754,525.8794637693126,1051.758927538625,0.5419492861676396,0.0,0.0,1.0,inf,570.0,inf,220.0,1.0,219.0,0.0,0.0,0.0,0.0,0.0,0.0
439.0,570.0,1708.0,1138.0,569.0,1.9964912280701754,525.8794637693126,1051.758927538625,0.5419492861676396,0.0,0.0,1.0,inf,570.0,inf,217.0,0.0,217.0,0.0,0.0,0.0,0.0,0.0,0.0
440.0,572.0,1714.0,1142.0,571.0,1.9965034965034965,527.7695693982677,1055.539138796535,0.5419031649097933,0.0,0.0,1.0,inf,572.0,inf,220.0,2.0,218.0,0.0,0.0,0.0,0.0,0.0,0.0
441.0,572.0,1714.0,1142.0,571.0,1.9965034965034965,527.7695693982677,1055.539138796535,0.5419031649097933,0.0,0.0,1.0,inf,572.0,inf,218.0,0.0,218.0,0.0,0.0,0.0,0.0,0.0,0.0
442.0,573.0,1717.0,1144.0,572.0,1.9965095986038395,528.6299898500752,1057.25997970015,0.5419669816335134,0.0,0.0,1.0,inf,573.0,inf,220.0,1.0,219.0,0.0,0.0,0.0,0.0,0.0,0.0
443.0,573.0,1717.0,1144.0,572.0,1.9965095986038395,528.6299898500752,1057.25997970015,0.5419669816335134,0.0,0.0,1.0,inf,573.0,inf,216.0,0.0,216.0,0.0,0.0,0.0,0.0,0.0,0.0
444.0,575.0,1723.0,1148.0,574.0,1.9965217391304348,530.5179748170019,1061.0359496340036,0.541923202694821,0.0,0.0,1.0,inf,575.0,inf,220.0,2.0,218.0,0.0,0.0,0.0,0.0,0.0,0.0
445.0,575.0,1723.0,1148.0,574.0,1.9965217391304348,530.5179748170019,1061.0359496340036,0.541923202694821,0.0,0.0,1.0,inf,575.0,inf,213.0,0.0,213.0,0.0,0.0,0.0,0.0,0.0,0.0
446.0,575.0,1723.0,1148.0,574.0,1.9965217391304348,530.5179748170019,1061.0359496340036,0.541923202694821,0.0,0.0,1.0,inf,575.0,inf,220.0,0.0,220.0,0.0,0.0,0.0,0.0,0.0,0.0
447.0,577.0,1729.0,1152.0,576.0,1.9965337954939342,532.3310878986644,1064.6621757973285,0.5419559491421615,0.0,0.0,1.0,inf,577.0,inf,220.0,2.0,218.0,0.0,0.0,0.0,0.0,0.0,0.0
448.0,577.0,1729.0,1152.0,576.0,1.9965337954939342,532.3310878986644,1064.6621757973285,0.5419559491421615,0.0,0.0,1.0,inf,577.0,inf,214.0,0.0,214.0,0.0,0.0,0.0,0.0,0.0,0.0
449.0,580.0,1738.0,1158.0,579.0,1.9965517241379311,535.0767742616488,1070.1535485232973,0.5419782990958081,0.0,0.0,1.0,inf,580.0,inf,220.0,3.0,217.0,0.0,0.0,0.0,0.0,0.0,0.0
450.0,580.0,1738.0,1158.0,579.0,1.9965517241379311,535.0767742616488,1070.1535485232973,0.5419782990958081,0.0,0.0,1.0,inf,580.0,inf,209.0,0.0,209.0,0.0,0.0,0.0,0.0,0.0,0.0
451.0,581.0,1741.0,1160.0,580.0,1.9965576592082617,536.0251401762292,1072.0502803524582,0.5419521925865124,0.0,0.0,1.0,inf,581.0,inf,220.0,1.0,219.0,0.0,0.0,0.0,0.0,0.0,0.0
452.0,581.0,1741.0,1160.0,580.0,1.9965576592082617,536.0251401762292,1072.0502803524582,0.5419521925865124,0.0,0.0,1.0,inf,581.0,inf,218.0,0.0,218.0,0.0,0.0,0.0,0.0,0.0,0.0
453.0,584.0,1750.0,1166.0,583.0,1.9965753424657535,538.8688030782023,1077.7376061564044,0.5418758672463437,0.0,0.0,1.0,inf,584.0,inf,220.0,3.0,217.0,0.0,0.0,0.0,0.0,0.0,0.0
454.0,584.0,1750.0,1166.0,583.0,1.9965753424657535,538.8688030782023,1077.7376061564044,0.5418758672463437,0.0,0.0,1.0,inf,584.0,inf,213.0,0.0,213.0,0.0,0.0,0.0,0.0,0.0,0.0
455.0,584.0,1750.0,1166.0,583.0,1.9965753424657535,538.8688030782023,1077.7376061564044,0.5418758672463437,0.0,0.0,1.0,inf,584.0,inf,220.0,0.0,220.0,0.0,0.0,0.0,0.0,0.0,0.0
456.0,584.0,1750.0,1166.0,583.0,1.9965753424657535,538.8688030782023,1077.7376061564044,0.5418758672463437,0.0,0.0,1.0,inf,584.0,inf,220.0,0.0,220.0,0.0,0.0,0.0,0.0,0.0,0.0
457.0,585.0,1753.0,1168.0,584.0,1.9965811965811966,539.792010804401,1079.5840216088018,0.5418753781926393,0.0,0.0,1.0,inf,585.0,inf,220.0,1.0,219.0,0.0,0.0,0.0,0.0,0.0,0.0
458.0,585.0,1753.0,1168.0,584.0,1.9965811965811966,539.792010804401,1079.5840216088018,0.5418753781926393,0.0,0.0,1.0,inf,585.0,inf,219.0,0.0,219.0,0.0,0.0,0.0,0.0,0.0,0.0
459.0,587.0,1759.0,1172.0,586.0,1.9965928449744463,541.6901669725438,1083.3803339450874,0.5418226467730518,0.0,0.0,1.0,inf,587.0,inf,220.0,2.0,218.0,0.0,0.0,0.0,0.0,0.0,0.0
460.0,587.0,1759.0,1172.0,586.0,1.9965928449744463,541.6901669725438,1083.3803339450874,0.5418226467730518,0.0,0.0,1.0,inf,587.0,inf,214.0,0.0,214.0,0.0,0.0,0.0,0.0,0.0,0.0
461.0,587.0,1759.0,1172.0,586.0,1.9965928449744463,541.6901669725438,1083.3803339450874,0.5418226467730518,0.0,0.0,1.0,inf,587.0,inf,220.0,0.0,220.0,0.0,0.0,0.0,0.0,0.0,0.0
462.0,588.0,1762.0,1174.0,587.0,1.9965986394557824,542.5438082487007,1085.087616497401,0.5418917247420345,0.0,0.0,1.0,inf,588.0,inf,220.0,1.0,219.0,0.0,0.0,0.0,0.0,0.0,0.0
463.0,588.0,1762.0,1174.0,587.0,1.9965986394557824,542.5438082487007,1085.087616497401,0.5418917247420345,0.0,0.0,1.0,inf,588.0,inf,217.0,0.0,217.0,0.0,0.0,0.0,0.0,0.0,0.0
464.0,589.0,1765.0,1176.0,588.0,1.99660441426146,543.3993990968738,1086.7987981937474,0.5419586412672835,0.0,0.0,1.0,inf,589.0,inf,220.0,1.0,219.0,0.0,0.0,0.0,0.0,0.0,0.0
465.0,589.0,1765.0,1176.0,588.0,1.99660441426146,543.3993990968738,1086.7987981937474,0.5419586412672835,0.0,0.0,1.0,inf,589.0,inf,215.0,0.0,215.0,0.0,0.0,0.0,0.0,0.0,0.0
466.0,589.0,1765.0,1176.0,588.0,1.99660441426146,543.3993990968738,1086.7987981937474,0.5419586412672835,0.0,0.0,1.0,inf,589.0,inf,220.0,0.0,220.0,0.0,0.0,0.0,0.0,0.0,0.0
467.0,589.0,1765.0,1176.0,588.0,1.99660441426146,543.3993990968738,1086.7987981937474,0.5419586412672835,0.0,0.0,1.0,inf,589.0,inf,220.0,0.0,220.0,0.0,0.0,0.0,0.0,0.0,0.0
468.0,591.0,1771.0,1180.0,590.0,1.996615905245347,545.1992026405434,1090.3984052810865,0.5420037273877433,0.0,0.0,1.0,inf,591.0,inf,220.0,2.0,218.0,0.0,0.0,0.0,0.0,0.0,0.0
469.0,591.0,1771.0,1180.0,590.0,1.996615905245347,545.1992026405434,1090.3984052810865,0.5420037273877433,0.0,0.0,1.0,inf,591.0,inf,214.0,0.0,214.0,0.0,0.0,0.0,0.0,0.0,0.0
470.0,592.0,1774.0,1182.0,591.0,1.9966216216216217,546.1504785234479,1092.3009570468955,0.541975172850264,0.0,0.0,1.0,inf,592.0,inf,220.0,1.0,219.0,0.0,0.0,0.0,0.0,0.0,0.0
471.0,592.0,1774.0,1182.0,591.0,1.9966216216216217,546.1504785234479,1092.3009570468955,0.541975172850264,0.0,0.0,1.0,inf,592.0,inf,217.0,0.0,217.0,0.0,0.0,0.0,0.0,0.0,0.0
472.0,593.0,1777.0,1184.0,592.0,1.9966273187183812,547.042238324787,1094.0844766495738,0.542005679320074,0.0,0.0,1.0,inf,593.0,inf,220.0,1.0,219.0,0.0,0.0,0.0,0.0,0.0,0.0
473.0,593.0,1777.0,1184.0,592.0,1.9966273187183812,547.042238324787,1094.0844766495738,0.542005679320074,0.0,0.0,1.0,inf,593.0,inf,218.0,0.0,218.0,0.0,0.0,0.0,0.0,0.0,0.0
474.0,593.0,1777.0,1184.0,592.0,1.9966273187183812,547.042238324787,1094.0844766495738,0.542005679320074,0.0,0.0,1.0,inf,593.0,inf,220.0,0.0,220.0,0.0,0.0,0.0,0.0,0.0,0.0
475.0,593.0,1777.0,1184.0,592.0,1.9966273187183812,547.042238324787,1094.0844766495738,0.542005679320074,0.0,0.0,1.0,inf,593.0,inf,220.0,0.0,220.0,0.0,0.0,0.0,0.0,0.0,0.0
476.0,594.0,1780.0,1186.0,593.0,1.9966329966329965,548.0128774087938,1096.0257548175873,0.54195806748981,0.0,0.0,1.0,inf,594.0,inf,220.0,1.0,219.0,0.0,0.0,0.0,0.0,0.0,0.0
477.0,594.0,1780.0,1186.0,593.0,1.9966329966329965,548.0128774087938,1096.0257548175873,0.54195806748981,0.0,0.0,1.0,inf,594.0,inf,218.0,0.0,218.0,0.0,0.0,0.0,0.0,0.0,0.0
478.0,598.0,1792.0,1194.0,597.0,1.9966555183946488,551.7450038452037,1103.490007690407,0.5419170049863955,0.0,0.0,1.0,inf,598.0,inf,220.0,4.0,216.0,0.0,0.0,0.0,0.0,0.0,0.0
479.0,598.0,1792.0,1194.0,597.0,1.9966555183946488,551.7450038452037,1103.490007690407,0.5419170049863955,0.0,0.0,1.0,inf,598.0,inf,206.0,0.0,206.0,0.0,0.0,0.0,0.0,0.0,0.0
480.0,599.0,1795.0,1196.0,598.0,1.996661101836394,552.7356095508875,1105.4712191017748,0.5418503798648903,0.0,0.0,1.0,inf,599.0,inf,220.0,1.0,219.0,0.0,0.0,0.0,0.0,0.0,0.0
481.0,599.0,1795.0,1196.0,598.0,1.996661101836394,552.7356095508875,1105.4712191017748,0.5418503798648903,0.0,0.0,1.0,inf,599.0,inf,218.0,0.0,218.0,0.0,0.0,0.0,0.0,0.0,0.0
482.0,599.0,1795.0,1196.0,598.0,1.996661101836394,552.7356095508875,1105.4712191017748,0.5418503798648903,0.0,0.0,1.0,inf,599.0,inf,220.0,0.0,220.0,0.0,0.0,0.0,0.0,0.0,0.0
483.0,601.0,1801.0,1200.0,600.0,1.9966722129783694,554.5294072038215,1109.0588144076428,0.5419009273381041,0.0,0.0,1.0,inf,601.0,inf,220.0,2.0,218.0,0.0,0.0,0.0,0.0,0.0,0.0
484.0,601.0,1801.0,1200.0,600.0,1.9966722129783694,554.5294072038215,1109.0588144076428,0.5419009273381041,0.0,0.0,1.0,inf,601.0,inf,217.0,0.0,217.0,0.0,0.0,0.0,0.0,0.0,0.0
485.0,602.0,1804.0,1202.0,601.0,1.9966777408637875,555.4040203786992,1110.8080407573982,0.5419478234867022,0.0,0.0,1.0,inf,602.0,inf,220.0,1.0,219.0,0.0,0.0,0.0,0.0,0.0,0.0
486.0,602.0,1804.0,1202.0,601.0,1.9966777408637875,555.4040203786992,1110.8080407573982,0.5419478234867022,0.0,0.0,1.0,inf,602.0,inf,216.0,0.0,216.0,0.0,0.0,0.0,0.0,0.0,0.0
487.0,605.0,1813.0,1208.0,604.0,1.9966942148760332,558.2740615710939,1116.5481231421875,0.5418485665422196,0.0,0.0,1.0,inf,605.0,inf,220.0,3.0,217.0,0.0,0.0,0.0,0.0,0.0,0.0
488.0,605.0,1813.0,1208.0,604.0,1.9966942148760332,558.2740615710939,1116.5481231421875,0.5418485665422196,0.0,0.0,1.0,inf,605.0,inf,210.0,0.0,210.0,0.0,0.0,0.0,0.0,0.0,0.0
489.0,606.0,1816.0,1210.0,605.0,1.9966996699669968,559.1923294277175,1118.3846588554347,0.5418529261838999,0.0,0.0,1.0,inf,606.0,inf,220.0,1.0,219.0,0.0,0.0,0.0,0.0,0.0,0.0
490.0,606.0,1816.0,1210.0,605.0,1.9966996699669968,559.1923294277175,1118.3846588554347,0.5418529261838999,0.0,0.0,1.0,inf,606.0,inf,218.0,0.0,218.0,0.0,0.0,0.0,0.0,0.0,0.0
491.0,607.0,1819.0,1212.0,606.0,1.9967051070840198,560.0607397463068,1120.1214794926134,0.5419055085658705,0.0,0.0,1.0,inf,607.0,inf,220.0,1.0,219.0,0.0,0.0,0.0,0.0,0.0,0.0
492.0,607.0,1819.0,1212.0,606.0,1.9967051070840198,560.0607397463068,1120.1214794926134,0.5419055085658705,0.0,0.0,1.0,inf,607.0,inf,218.0,0.0,218.0,0.0,0.0,0.0,0.0,0.0,0.0
493.0,607.0,1819.0,1212.0,606.0,1.9967051070840198,560.0607397463068,1120.1214794926134,0.5419055085658705,0.0,0.0,1.0,inf,607.0,inf,220.0,0.0,220.0,0.0,0.0,0.0,0.0,0.0,0.0
494.0,607.0,1819.0,1212.0,606.0,1.9967051070840198,560.0607397463068,1120.1214794926134,0.5419055085658705,0.0,0.0,1.0,inf,607.0,inf,220.0,0.0,220.0,0.0,0.0,0.0,0.0,0.0,0.0
495.0,607.0,1819.0,1212.0,606.0,1.9967051070840198,560.0607397463068,1120.1214794926134,0.5419055085658705,0.0,0.0,1.0,inf,607.0,inf,220.0,0.0,220.0,0.0,0.0,0.0,0.0,0.0,0.0
496.0,610.0,1828.0,1218.0,609.0,1.9967213114754099,562.8184585787386,1125.636917157477,0.5419154175756842,0.0,0.0,1.0,inf,610.0,inf,220.0,3.0,217.0,0.0,0.0,0.0,0.0,0.0,0.0
497.0,610.0,1828.0,1218.0,609.0,1.9967213114754099,562.8184585787386,1125.636917157477,0.5419154175756842,0.0,0.0,1.0,inf,610.0,inf,212.0,0.0,212.0,0.0,0.0,0.0,0.0,0.0,0.0
498.0,611.0,1831.0,1220.0,610.0,1.9967266775777415,563.7081356791609,1127.4162713583216,0.5419471188435674,0.0,0.0,1.0,inf,611.0,inf,220.0,1.0,219.0,0.0,0.0,0.0,0.0,0.0,0.0
499.0,611.0,1831.0,1220.0,610.0,1.9967266775777415,563.7081356791609,1127.4162713583216,0.5419471188435674,0.0,0.0,1.0,inf,611.0,inf,217.0,0.0,217.0,0.0,0.0,0.0,0.0,0.0,0.0
500.0,612.0,1834.0,1222.0,611.0,1.9967320261437909,564.6433800736289,1129.2867601472576,0.5419349819705634,0.0,0.0,1.0,inf,612.0,inf,220.0,1.0,219.0,0.0,0.0,0.0,0.0,0.0,0.0
501.0,612.0,1834.0,1222.0,611.0,1.9967320261437909,564.6433800736289,1129.2867601472576,0.5419349819705634,0.0,0.0,1.0,inf,612.0,inf,219.0,0.0,219.0,0.0,0.0,0.0,0.0,0.0,0.0
502.0,614.0,1840.0,1226.0,613.0,1.996742671009772,566.4638419897053,1132.9276839794104,0.5419586869334183,0.0,0.0,1.0,inf,614.0,inf,220.0,2.0,218.0,0.0,0.0,0.0,0.0,0.0,0.0
503.0,614.0,1840.0,1226.0,613.0,1.996742671009772,566.4638419897053,1132.9276839794104,0.5419586869334183,0.0,0.0,1.0,inf,614.0,inf,215.0,0.0,215.0,0.0,0.0,0.0,0.0,0.0,0.0
504.0,615.0,1843.0,1228.0,614.0,1.9967479674796749,567.318238145566,1134.6364762911319,0.5420238224759836,0.0,0.0,1.0,inf,615.0,inf,220.0,1.0,219.0,0.0,0.0,0.0,0.0,0.0,0.0
505.0,615.0,1843.0,1228.0,614.0,1.9967479674796749,567.318238145566,1134.6364762911319,0.5420238224759836,0.0,0.0,1.0,inf,615.0,inf,217.0,0.0,217.0,0.0,0.0,0.0,0.0,0.0,0.0
506.0,617.0,1849.0,1232.0,616.0,1.9967585089141004,569.1113103747823,1138.2226207495644,0.5420732190278218,0.0,0.0,1.0,inf,617.0,inf,220.0,2.0,218.0,0.0,0.0,0.0,0.0,0.0,0.0
507.0,617.0,1849.0,1232.0,616.0,1.9967585089141004,569.1113103747823,1138.2226207495644,0.5420732190278218,0.0,0.0,1.0,inf,617.0,inf,217.0,0.0,217.0,0.0,0.0,0.0,0.0,0.0,0.0
508.0,617.0,1849.0,1232.0,616.0,1.9967585089141004,569.1113103747823,1138.2226207495644,0.5420732190278218,0.0,0.0,1.0,inf,617.0,inf,220.0,0.0,220.0,0.0,0.0,0.0,0.0,0.0,0.0
509.0,619.0,1855.0,1236.0,618.0,1.9967689822294024,570.9958213154536,1141.9916426309069,0.5420354903595924,0.0,0.0,1.0,inf,619.0,inf,220.0,2.0,218.0,0.0,0.0,0.0,0.0,0.0,0.0
510.0,619.0,1855.0,1236.0,618.0,1.9967689822294024,570.9958213154536,1141.9916426309069,0.5420354903595924,0.0,0.0,1.0,inf,619.0,inf,211.0,0.0,211.0,0.0,0.0,0.0,0.0,0.0,0.0
511.0,619.0,1855.0,1236.0,618.0,1.9967689822294024,570.9958213154536,1141.9916426309069,0.5420354903595924,0.0,0.0,1.0,inf,619.0,inf,220.0,0.0,220.0,0.0,0.0,0.0,0.0,0.0,0.0
512.0,622.0,1864.0,1242.0,621.0,1.9967845659163987,573.7291026064518,1147.4582052129033,0.542067673728118,0.0,0.0,1.0,inf,622.0,inf,220.0,3.0,217.0,0.0,0.0,0.0,0.0,0.0,0.0
513.0,622.0,1864.0,1242.0,621.0,1.9967845659163987,573.7291026064518,1147.4582052129033,0.542067673728118,0.0,0.0,1.0,inf,622.0,inf,215.0,0.0,215.0,0.0,0.0,0.0,0.0,0.0,0.0
514.0,623.0,1867.0,1244.0,622.0,1.9967897271268058,574.6773947134403,1149.3547894268804,0.5420432452460181,0.0,0.0,1.0,inf,623.0,inf,220.0,1.0,219.0,0.0,0.0,0.0,0.0,0.0,0.0
515.0,623.0,1867.0,1244.0,622.0,1.9967897271268058,574.6773947134403,1149.3547894268804,0.5420432452460181,0.0,0.0,1.0,inf,623.0,inf,217.0,0.0,217.0,0.0,0.0,0.0,0.0,0.0,0.0
516.0,624.0,1870.0,1246.0,623.0,1.9967948717948718,575.5926120513844,1151.1852241027686,0.5420500428037932,0.0,0.0,1.0,inf,624.0,inf,220.0,1.0,219.0,0.0,0.0,0.0,0.0,0.0,0.0
517.0,624.0,1870.0,1246.0,623.0,1.9967948717948718,575.5926120513844,1151.1852241027686,0.5420500428037932,0.0,0.0,1.0,inf,624.0,inf,219.0,0.0,219.0,0.0,0.0,0.0,0.0,0.0,0.0
518.0,626.0,1876.0,1250.0,625.0,1.9968051118210863,577.3297037570621,1154.659407514124,0.5421512143981234,0.0,0.0,1.0,inf,626.0,inf,220.0,2.0,218.0,0.0,0.0,0.0,0.0,0.0,0.0
519.0,626.0,1876.0,1250.0,625.0,1.9968051118210863,577.3297037570621,1154.659407514124,0.5421512143981234,0.0,0.0,1.0,inf,626.0,inf,216.0,0.0,216.0,0.0,0.0,0.0,0.0,0.0,0.0
520.0,627.0,1879.0,1252.0,626.0,1.996810207336523,578.2738237141765,1156.5476474283528,0.5421307123784904,0.0,0.0,1.0,inf,627.0,inf,220.0,1.0,219.0,0.0,0.0,0.0,0.0,0.0,0.0
521.0,627.0,1879.0,1252.0,626.0,1.996810207336523,578.2738237141765,1156.5476474283528,0.5421307123784904,0.0,0.0,1.0,inf,627.0,inf,219.0,0.0,219.0,0.0,0.0,0.0,0.0,0.0,0.0
522.0,629.0,1885.0,1256.0,628.0,1.9968203497615262,580.1380583834425,1160.2761167668848,0.5421123393909991,0.0,0.0,1.0,inf,629.0,inf,220.0,2.0,218.0,0.0,0.0,0.0,0.0,0.0,0.0
523.0,629.0,1885.0,1256.0,628.0,1.9968203497615262,580.1380583834425,1160.2761167668848,0.5421123393909991,0.0,0.0,1.0,inf,629.0,inf,215.0,0.0,215.0,0.0,0.0,0.0,0.0,0.0,0.0
524.0,630.0,1888.0,1258.0,629.0,1.9968253968253968,581.0376065895917,1162.0752131791833,0.5421335838292756,0.0,0.0,1.0,inf,630.0,inf,220.0,1.0,219.0,0.0,0.0,0.0,0.0,0.0,0.0
525.0,630.0,1888.0,1258.0,629.0,1.9968253968253968,581.0376065895917,1162.0752131791833,0.5421335838292756,0.0,0.0,1.0,inf,630.0,inf,216.0,0.0,216.0,0.0,0.0,0.0,0.0,0.0,0.0
526.0,630.0,1888.0,1258.0,629.0,1.9968253968253968,581.0376065895917,1162.0752131791833,0.5421335838292756,0.0,0.0,1.0,inf,630.0,inf,220.0,0.0,220.0,0.0,0.0,0.0,0.0,0.0,0.0
527.0,632.0,1894.0,1262.0,631.0,1.9968354430379747,582.8041628766531,1165.608325753306,0.542206147671048,0.0,0.0,1.0,inf,632.0,inf,220.0,2.0,218.0,0.0,0.0,0.0,0.0,0.0,0.0
528.0,632.0,1894.0,1262.0,631.0,1.9968354430379747,582.8041628766531,1165.608325753306,0.542206147671048,0.0,0.0,1.0,inf,632.0,inf,218.0,0.0,218.0,0.0,0.0,0.0,0.0,0.0,0.0
529.0,633.0,1897.0,1264.0,632.0,1.9968404423380726,583.7590785616692,1167.5181571233381,0.5421757221829048,0.0,0.0,1.0,inf,633.0,inf,220.0,1.0,219.0,0.0,0.0,0.0,0.0,0.0,0.0
530.0,633.0,1897.0,1264.0,632.0,1.9968404423380726,583.7590785616692,1167.5181571233381,0.5421757221829048,0.0,0.0,1.0,inf,633.0,inf,217.0,0.0,217.0,0.0,0.0,0.0,0.0,0.0,0.0
531.0,634.0,1900.0,1266.0,633.0,1.996845425867508,584.6733942329419,1169.3467884658835,0.5421830429207164,0.0,0.0,1.0,inf,634.0,inf,220.0,1.0,219.0,0.0,0.0,0.0,0.0,0.0,0.0
532.0,634.0,1900.0,1266.0,633.0,1.996845425867508,584.6733942329419,1169.3467884658835,0.5421830429207164,0.0,0.0,1.0,inf,634.0,inf,219.0,0.0,219.0,0.0,0.0,0.0,0.0,0.0,0.0
533.0,635.0,1903.0,1268.0,634.0,1.9968503937007873,585.5974531550264,1171.1949063100526,0.5421813197605346,0.0,0.0,1.0,inf,635.0,inf,220.0,1.0,219.0,0.0,0.0,0.0,0.0,0.0,0.0
534.0,635.0,1903.0,1268.0,634.0,1.9968503937007873,585.5974531550264,1171.1949063100526,0.5421813197605346,0.0,0.0,1.0,inf,635.0,inf,218.0,0.0,218.0,0.0,0.0,0.0,0.0,0.0,0.0
535.0,636.0,1906.0,1270.0,635.0,1.9968553459119496,586.5373422680016,1173.074684536003,0.542164969020334,0.0,0.0,1.0,inf,636.0,inf,220.0,1.0,219.0,0.0,0.0,0.0,0.0,0.0,0.0
536.0,636.0,1906.0,1270.0,635.0,1.9968553459119496,586.5373422680016,1173.074684536003,0.542164969020334,0.0,0.0,1.0,inf,636.0,inf,215.0,0.0,215.0,0.0,0.0,0.0,0.0,0.0,0.0
537.0,639.0,1915.0,1276.0,638.0,1.9968701095461658,589.2729039788356,1178.545807957671,0.5421936047673341,0.0,0.0,1.0,inf,639.0,inf,220.0,3.0,217.0,0.0,0.0,0.0,0.0,0.0,0.0
538.0,639.0,1915.0,1276.0,638.0,1.9968701095461658,589.2729039788356,1178.545807957671,0.5421936047673341,0.0,0.0,1.0,inf,639.0,inf,210.0,0.0,210.0,0.0,0.0,0.0,0.0,0.0,0.0
539.0,641.0,1921.0,1280.0,640.0,1.9968798751950079,591.1523391195409,1182.3046782390816,0.5421614341869154,0.0,0.0,1.0,inf,641.0,inf,220.0,2.0,218.0,0.0,0.0,0.0,0.0,0.0,0.0
540.0,641.0,1921.0,1280.0,640.0,1.9968798751950079,591.1523391195409,1182.3046782390816,0.5421614341869154,0.0,0.0,1.0,inf,641.0,inf,218.0,0.0,218.0,0.0,0.0,0.0,0.0,0.0,0.0
541.0,642.0,1924.0,1282.0,641.0,1.9968847352024923,592.0446342252385,1184.0892684504768,0.5421888510484807,0.0,0.0,1.0,inf,642.0,inf,220.0,1.0,219.0,0.0,0.0,0.0,0.0,0.0,0.0
542.0,642.0,1924.0,1282.0,641.0,1.9968847352024923,592.0446342252385,1184.0892684504768,0.5421888510484807,0.0,0.0,1.0,inf,642.0,inf,215.0,0.0,215.0,0.0,0.0,0.0,0.0,0.0,0.0
543.0,644.0,1930.0,1286.0,643.0,1.9968944099378882,593.8441148745457,1187.688229749091,0.5422298410215367,0.0,0.0,1.0,inf,644.0,inf,220.0,2.0,218.0,0.0,0.0,0.0,0.0,0.0,0.0
544.0,644.0,1930.0,1286.0,643.0,1.9968944099378882,593.8441148745457,1187.688229749091,0.5422298410215367,0.0,0.0,1.0,inf,644.0,inf,216.0,0.0,216.0,0.0,0.0,0.0,0.0,0.0,0.0
545.0,647.0,1939.0,1292.0,646.0,1.9969088098918084,596.5311814058018,1193.0623628116034,0.5423019115909935,0.0,0.0,1.0,inf,647.0,inf,220.0,3.0,217.0,0.0,0.0,0.0,0.0,0.0,0.0
546.0,647.0,1939.0,1292.0,646.0,1.9969088098918084,596.5311814058018,1193.0623628116034,0.5423019115909935,0.0,0.0,1.0,inf,647.0,inf,212.0,0.0,212.0,0.0,0.0,0.0,0.0,0.0,0.0
547.0,649.0,1945.0,1296.0,648.0,1.9969183359013867,598.3156008966962,1196.6312017933922,0.5423559063371766,0.0,0.0,1.0,inf,649.0,inf,220.0,2.0,218.0,0.0,0.0,0.0,0.0,0.0,0.0
548.0,649.0,1945.0,1296.0,648.0,1.9969183359013867,598.3156008966962,1196.6312017933922,0.5423559063371766,0.0,0.0,1.0,inf,649.0,inf,213.0,0.0,213.0,0.0,0.0,0.0,0.0,0.0,0.0
549.0,650.0,1948.0,1298.0,649.0,1.996923076923077,599.1664803389145,1198.3329606778289,0.5424201964972506,0.0,0.0,1.0,inf,650.0,inf,220.0,1.0,219.0,0.0,0.0,0.0,0.0,0.0,0.0
550.0,650.0,1948.0,1298.0,649.0,1.996923076923077,599.1664803389145,1198.3329606778289,0.5424201964972506,0.0,0.0,1.0,inf,650.0,inf,220.0,0.0,220.0,0.0,0.0,0.0,0.0,0.0,0.0
551.0,650.0,1948.0,1298.0,649.0,1.996923076923077,599.1664803389145,1198.3329606778289,0.5424201964972506,0.0,0.0,1.0,inf,650.0,inf,220.0,0.0,220.0,0.0,0.0,0.0,0.0,0.0,0.0
552.0,651.0,1951.0,1300.0,650.0,1.9969278033794162,600.160962269972,1200.3219245399437,0.5423545023136302,0.0,0.0,1.0,inf,651.0,inf,220.0,1.0,219.0,0.0,0.0,0.0,0.0,0.0,0.0
553.0,651.0,1951.0,1300.0,650.0,1.9969278033794162,600.160962269972,1200.3219245399437,0.5423545023136302,0.0,0.0,1.0,inf,651.0,inf,220.0,0.0,220.0,0.0,0.0,0.0,0.0,0.0,0.0
554.0,652.0,1954.0,1302.0,651.0,1.9969325153374233,601.157271191773,1202.3145423835458,0.5422873774007867,0.0,0.0,1.0,inf,652.0,inf,220.0,1.0,219.0,0.0,0.0,0.0,0.0,0.0,0.0
555.0,652.0,1954.0,1302.0,651.0,1.9969325153374233,601.157271191773,1202.3145423835458,0.5422873774007867,0.0,0.0,1.0,inf,652.0,inf,218.0,0.0,218.0,0.0,0.0,0.0,0.0,0.0,0.0
556.0,653.0,1957.0,1304.0,652.0,1.996937212863706,602.122408991693,1204.2448179833857,0.5422485446883684,0.0,0.0,1.0,inf,653.0,inf,220.0,1.0,219.0,0.0,0.0,0.0,0.0,0.0,0.0
557.0,653.0,1957.0,1304.0,652.0,1.996937212863706,602.122408991693,1204.2448179833857,0.5422485446883684,0.0,0.0,1.0,inf,653.0,inf,218.0,0.0,218.0,0.0,0.0,0.0,0.0,0.0,0.0
558.0,655.0,1963.0,1308.0,654.0,1.9969465648854963,604.0184569228991,1208.036913845798,0.5422019745363581,0.0,0.0,1.0,inf,655.0,inf,220.0,2.0,218.0,0.0,0.0,0.0,0.0,0.0,0.0
559.0,655.0,1963.0,1308.0,654.0,1.9969465648854963,604.0184569228991,1208.036913845798,0.5422019745363581,0.0,0.0,1.0,inf,655.0,inf,214.0,0.0,214.0,0.0,0.0,0.0,0.0,0.0,0.0
560.0,657.0,1969.0,1312.0,656.0,1.9969558599695585,605.9881609055174,1211.9763218110345,0.5420897984362076,0.0,0.0,1.0,inf,657.0,inf,220.0,2.0,218.0,0.0,0.0,0.0,0.0,0.0,0.0
561.0,657.0,1969.0,1312.0,656.0,1.9969558599695585,605.9881609055174,1211.9763218110345,0.5420897984362076,0.0,0.0,1.0,inf,657.0,inf,218.0,0.0,218.0,0.0,0.0,0.0,0.0,0.0,0.0
562.0,658.0,1972.0,1314.0,657.0,1.9969604863221884,606.9366168274828,1213.8732336549654,0.5420664874690133,0.0,0.0,1.0,inf,658.0,inf,220.0,1.0,219.0,0.0,0.0,0.0,0.0,0.0,0.0
563.0,658.0,1972.0,1314.0,657.0,1.9969604863221884,606.9366168274828,1213.8732336549654,0.5420664874690133,0.0,0.0,1.0,inf,658.0,inf,217.0,0.0,217.0,0.0,0.0,0.0,0.0,0.0,0.0
564.0,658.0,1972.0,1314.0,657.0,1.9969604863221884,606.9366168274828,1213.8732336549654,0.5420664874690133,0.0,0.0,1.0,inf,658.0,inf,220.0,0.0,220.0,0.0,0.0,0.0,0.0,0.0,0.0
565.0,659.0,1975.0,1316.0,658.0,1.9969650986342944,607.902141909434,1215.8042838188678,0.5420280293223401,0.0,0.0,1.0,inf,659.0,inf,220.0,1.0,219.0,0.0,0.0,0.0,0.0,0.0,0.0
566.0,659.0,1975.0,1316.0,658.0,1.9969650986342944,607.902141909434,1215.8042838188678,0.5420280293223401,0.0,0.0,1.0,inf,659.0,inf,216.0,0.0,216.0,0.0,0.0,0.0,0.0,0.0,0.0
567.0,659.0,1975.0,1316.0,658.0,1.9969650986342944,607.902141909434,1215.8042838188678,0.5420280293223401,0.0,0.0,1.0,inf,659.0,inf,220.0,0.0,220.0,0.0,0.0,0.0,0.0,0.0,0.0
568.0,662.0,1984.0,1322.0,661.0,1.9969788519637461,610.5962834073487,1221.192566814697,0.5420930473944258,0.0,0.0,1.0,inf,662.0,inf,220.0,3.0,217.0,0.0,0.0,0.0,0.0,0.0,0.0
569.0,662.0,1984.0,1322.0,661.0,1.9969788519637461,610.5962834073487,1221.192566814697,0.5420930473944258,0.0,0.0,1.0,inf,662.0,inf,208.0,0.0,208.0,0.0,0.0,0.0,0.0,0.0,0.0
570.0,664.0,1990.0,1326.0,663.0,1.9969879518072289,612.3840529612785,1224.7681059225567,0.5421434447787501,0.0,0.0,1.0,inf,664.0,inf,220.0,2.0,218.0,0.0,0.0,0.0,0.0,0.0,0.0
571.0,664.0,1990.0,1326.0,663.0,1.9969879518072289,612.3840529612785,1224.7681059225567,0.5421434447787501,0.0,0.0,1.0,inf,664.0,inf,216.0,0.0,216.0,0.0,0.0,0.0,0.0,0.0,0.0
572.0,665.0,1993.0,1328.0,664.0,1.9969924812030075,613.2722576776581,1226.544515355316,0.5421735547913294,0.0,0.0,1.0,inf,665.0,inf,220.0,1.0,219.0,0.0,0.0,0.0,0.0,0.0,0.0
573.0,665.0,1993.0,1328.0,664.0,1.9969924812030075,613.2722576776581,1226.544515355316,0.5421735547913294,0.0,0.0,1.0,inf,665.0,inf,220.0,0.0,220.0,0.0,0.0,0.0,0.0,0.0,0.0
574.0,667.0,1999.0,1332.0,666.0,1.9970014992503748,615.2052905683333,1230.4105811366665,0.5420954681516297,0.0,0.0,1.0,inf,667.0,inf,220.0,2.0,218.0,0.0,0.0,0.0,0.0,0.0,0.0
575.0,667.0,1999.0,1332.0,666.0,1.9970014992503748,615.2052905683333,1230.4105811366665,0.5420954681516297,0.0,0.0,1.0,inf,667.0,inf,218.0,0.0,218.0,0.0,0.0,0.0,0.0,0.0,0.0
576.0,668.0,2002.0,1334.0,667.0,1.9970059880239521,616.0932743092455,1232.1865486184909,0.5421257038952029,0.0,0.0,1.0,inf,668.0,inf,220.0,1.0,219.0,0.0,0.0,0.0,0.0,0.0,0.0
577.0,668.0,2002.0,1334.0,667.0,1.9970059880239521,616.0932743092455,1232.1865486184909,0.5421257038952029,0.0,0.0,1.0,inf,668.0,inf,218.0,0.0,218.0,0.0,0.0,0.0,0.0,0.0,0.0
578.0,671.0,2011.0,1340.0,670.0,1.9970193740685545,618.98746795985,1237.9749359196999,0.5420142044325879,0.0,0.0,1.0,inf,671.0,inf,220.0,3.0,217.0,0.0,0.0,0.0,0.0,0.0,0.0
579.0,671.0,2011.0,1340.0,670.0,1.9970193740685545,618.98746795985,1237.9749359196999,0.5420142044325879,0.0,0.0,1.0,inf,671.0,inf,213.0,0.0,213.0,0.0,0.0,0.0,0.0,0.0,0.0
580.0,671.0,2011.0,1340.0,670.0,1.9970193740685545,618.98746795985,1237.9749359196999,0.5420142044325879,0.0,0.0,1.0,inf,671.0,inf,220.0,0.0,220.0,0.0,0.0,0.0,0.0,0.0,0.0
581.0,672.0,2014.0,1342.0,671.0,1.9970238095238095,619.9274009453275,1239.8548018906547,0.5419989493731582,0.0,0.0,1.0,inf,672.0,inf,220.0,1.0,219.0,0.0,0.0,0.0,0.0,0.0,0.0
582.0,672.0,2014.0,1342.0,671.0,1.9970238095238095,619.9274009453275,1239.8548018906547,0.5419989493731582,0.0,0.0,1.0,inf,672.0,inf,220.0,0.0,220.0,0.0,0.0,0.0,0.0,0.0,0.0
583.0,672.0,2014.0,1342.0,671.0,1.9970238095238095,619.9274009453275,1239.8548018906547,0.5419989493731582,0.0,0.0,1.0,inf,672.0,inf,220.0,0.0,220.0,0.0,0.0,0.0,0.0,0.0,0.0
584.0,675.0,2023.0,1348.0,674.0,1.997037037037037,622.6072407412001,1245.2144814824,0.5420752890670109,0.0,0.0,1.0,inf,675.0,inf,220.0,3.0,217.0,0.0,0.0,0.0,0.0,0.0,0.0
585.0,675.0,2023.0,1348.0,674.0,1.997037037037037,622.6072407412001,1245.2144814824,0.5420752890670109,0.0,0.0,1.0,inf,675.0,inf,213.0,0.0,213.0,0.0,0.0,0.0,0.0,0.0,0.0
586.0,675.0,2023.0,1348.0,674.0,1.997037037037037,622.6072407412001,1245.2144814824,0.5420752890670109,0.0,0.0,1.0,inf,675.0,inf,220.0,0.0,220.0,0.0,0.0,0.0,0.0,0.0,0.0
587.0,675.0,2023.0,1348.0,674.0,1.997037037037037,622.6072407412001,1245.2144814824,0.5420752890670109,0.0,0.0,1.0,inf,675.0,inf,220.0,0.0,220.0,0.0,0.0,0.0,0.0,0.0,0.0
588.0,675.0,2023.0,1348.0,674.0,1.997037037037037,622.6072407412001,1245.2144814824,0.5420752890670109,0.0,0.0,1.0,inf,675.0,inf,220.0,0.0,220.0,0.0,0.0,0.0,0.0,0.0,0.0
589.0,676.0,2026.0,1350.0,675.0,1.9970414201183433,623.5217769209465,1247.0435538418928,0.5420821092554294,0.0,0.0,1.0,inf,676.0,inf,220.0,1.0,219.0,0.0,0.0,0.0,0.0,0.0,0.0
590.0,676.0,2026.0,1350.0,675.0,1.9970414201183433,623.5217769209465,1247.0435538418928,0.5420821092554294,0.0,0.0,1.0,inf,676.0,inf,220.0,0.0,220.0,0.0,0.0,0.0,0.0,0.0,0.0
591.0,676.0,2026.0,1350.0,675.0,1.9970414201183433,623.5217769209465,1247.0435538418928,0.5420821092554294,0.0,0.0,1.0,inf,676.0,inf,220.0,0.0,220.0,0.0,0.0,0.0,0.0,0.0,0.0
592.0,677.0,2029.0,1352.0,676.0,1.9970457902511078,624.3937016534001,1248.7874033068,0.5421259040628518,0.0,0.0,1.0,inf,677.0,inf,220.0,1.0,219.0,0.0,0.0,0.0,0.0,0.0,0.0
593.0,677.0,2029.0,1352.0,676.0,1.9970457902511078,624.3937016534001,1248.7874033068,0.5421259040628518,0.0,0.0,1.0,inf,677.0,inf,215.0,0.0,215.0,0.0,0.0,0.0,0.0,0.0,0.0
594.0,681.0,2041.0,1360.0,680.0,1.9970631424375918,627.9640952200065,1255.9281904400127,0.5422284531740724,0.0,0.0,1.0,inf,681.0,inf,220.0,4.0,216.0,0.0,0.0,0.0,0.0,0.0,0.0
595.0,681.0,2041.0,1360.0,680.0,1.9970631424375918,627.9640952200065,1255.9281904400127,0.5422284531740724,0.0,0.0,1.0,inf,681.0,inf,212.0,0.0,212.0,0.0,0.0,0.0,0.0,0.0,0.0
596.0,681.0,2041.0,1360.0,680.0,1.9970631424375918,627.9640952200065,1255.9281904400127,0.5422284531740724,0.0,0.0,1.0,inf,681.0,inf,220.0,0.0,220.0,0.0,0.0,0.0,0.0,0.0,0.0
597.0,682.0,2044.0,1362.0,681.0,1.997067448680352,628.9565542254809,1257.9131084509615,0.5421678138324186,0.0,0.0,1.0,inf,682.0,inf,220.0,1.0,219.0,0.0,0.0,0.0,0.0,0.0,0.0
598.0,682.0,2044.0,1362.0,681.0,1.997067448680352,628.9565542254809,1257.9131084509615,0.5421678138324186,0.0,0.0,1.0,inf,682.0,inf,219.0,0.0,219.0,0.0,0.0,0.0,0.0,0.0,0.0
599.0,684.0,2050.0,1366.0,683.0,1.9970760233918128,630.787058712971,1261.5741174259417,0.5421797978826661,0.0,0.0,1.0,inf,684.0,inf,220.0,2.0,218.0,0.0,0.0,0.0,0.0,0.0,0.0
600.0,684.0,2050.0,1366.0,683.0,1.9970760233918128,630.787058712971,1261.5741174259417,0.5421797978826661,0.0,0.0,1.0,inf,684.0,inf,214.0,0.0,214.0,0.0,0.0,0.0,0.0,0.0,0.0
601.0,685.0,2053.0,1368.0,684.0,1.9970802919708028,631.7143252744169,1263.4286505488335,0.542175452252437,0.0,0.0,1.0,inf,685.0,inf,220.0,1.0,219.0,0.0,0.0,0.0,0.0,0.0,0.0
602.0,685.0,2053.0,1368.0,684.0,1.9970802919708028,631.7143252744169,1263.4286505488335,0.542175452252437,0.0,0.0,1.0,inf,685.0,inf,218.0,0.0,218.0,0.0,0.0,0.0,0.0,0.0,0.0
603.0,685.0,2053.0,1368.0,684.0,1.9970802919708028,631.7143252744169,1263.4286505488335,0.542175452252437,0.0,0.0,1.0,inf,685.0,inf,220.0,0.0,220.0,0.0,0.0,0.0,0.0,0.0,0.0
604.0,685.0,2053.0,1368.0,684.0,1.9970802919708028,631.7143252744169,1263.4286505488335,0.542175452252437,0.0,0.0,1.0,inf,685.0,inf,220.0,0.0,220.0,0.0,0.0,0.0,0.0,0.0,0.0
605.0,685.0,2053.0,1368.0,684.0,1.9970802919708028,631.7143252744169,1263.4286505488335,0.542175452252437,0.0,0.0,1.0,inf,685.0,inf,220.0,0.0,220.0,0.0,0.0,0.0,0.0,0.0,0.0
606.0,686.0,2056.0,1370.0,685.0,1.9970845481049562,632.566664142616,1265.1333282852318,0.5422353396774456,0.0,0.0,1.0,inf,686.0,inf,220.0,1.0,219.0,0.0,0.0,0.0,0.0,0.0,0.0
607.0,686.0,2056.0,1370.0,685.0,1.9970845481049562,632.566664142616,1265.1333282852318,0.5422353396774456,0.0,0.0,1.0,inf,686.0,inf,219.0,0.0,219.0,0.0,0.0,0.0,0.0,0.0,0.0
608.0,688.0,2062.0,1374.0,687.0,1.997093023255814,634.412333137895,1268.8246662757897,0.5422340992308999,0.0,0.0,1.0,inf,688.0,inf,220.0,2.0,218.0,0.0,0.0,0.0,0.0,0.0,0.0
609.0,688.0,2062.0,1374.0,687.0,1.997093023255814,634.412333137895,1268.8246662757897,0.5422340992308999,0.0,0.0,1.0,inf,688.0,inf,216.0,0.0,216.0,0.0,0.0,0.0,0.0,0.0,0.0
610.0,689.0,2065.0,1376.0,688.0,1.9970972423802613,635.355176216513,1270.7103524330257,0.5422164057141532,0.0,0.0,1.0,inf,689.0,inf,220.0,1.0,219.0,0.0,0.0,0.0,0.0,0.0,0.0
611.0,689.0,2065.0,1376.0,688.0,1.9970972423802613,635.355176216513,1270.7103524330257,0.5422164057141532,0.0,0.0,1.0,inf,689.0,inf,217.0,0.0,217.0,0.0,0.0,0.0,0.0,0.0,0.0
612.0,689.0,2065.0,1376.0,688.0,1.9970972423802613,635.355176216513,1270.7103524330257,0.5422164057141532,0.0,0.0,1.0,inf,689.0,inf,220.0,0.0,220.0,0.0,0.0,0.0,0.0,0.0,0.0
613.0,690.0,2068.0,1378.0,689.0,1.9971014492753623,636.2570568977812,1272.5141137955623,0.5422336715322695,0.0,0.0,1.0,inf,690.0,inf,220.0,1.0,219.0,0.0,0.0,0.0,0.0,0.0,0.0
614.0,690.0,2068.0,1378.0,689.0,1.9971014492753623,636.2570568977812,1272.5141137955623,0.5422336715322695,0.0,0.0,1.0,inf,690.0,inf,219.0,0.0,219.0,0.0,0.0,0.0,0.0,0.0,0.0
615.0,691.0,2071.0,1380.0,690.0,1.9971056439942112,637.1555663585625,1274.3111327171248,0.5422537575471297,0.0,0.0,1.0,inf,691.0,inf,220.0,1.0,219.0,0.0,0.0,0.0,0.0,0.0,0.0
616.0,691.0,2071.0,1380.0,690.0,1.9971056439942112,637.1555663585625,1274.3111327171248,0.5422537575471297,0.0,0.0,1.0,inf,691.0,inf,219.0,0.0,219.0,0.0,0.0,0.0,0.0,0.0,0.0
617.0,691.0,2071.0,1380.0,690.0,1.9971056439942112,637.1555663585625,1274.3111327171248,0.5422537575471297,0.0,0.0,1.0,inf,691.0,inf,220.0,0.0,220.0,0.0,0.0,0.0,0.0,0.0,0.0
618.0,692.0,2074.0,1382.0,691.0,1.9971098265895955,638.125826488809,1276.2516529776178,0.5422128138956744,0.0,0.0,1.0,inf,692.0,inf,220.0,1.0,219.0,0.0,0.0,0.0,0.0,0.0,0.0
619.0,692.0,2074.0,1382.0,691.0,1.9971098265895955,638.125826488809,1276.2516529776178,0.5422128138956744,0.0,0.0,1.0,inf,692.0,inf,219.0,0.0,219.0,0.0,0.0,0.0,0.0,0.0,0.0
620.0,693.0,2077.0,1384.0,692.0,1.997113997113997,639.0211618162114,1278.0423236324225,0.5422355638664386,0.0,0.0,1.0,inf,693.0,inf,220.0,1.0,219.0,0.0,0.0,0.0,0.0,0.0,0.0
621.0,693.0,2077.0,1384.0,692.0,1.997113997113997,639.0211618162114,1278.0423236324225,0.5422355638664386,0.0,0.0,1.0,inf,693.0,inf,217.0,0.0,217.0,0.0,0.0,0.0,0.0,0.0,0.0
622.0,694.0,2080.0,1386.0,693.0,1.9971181556195965,639.8992943819832,1279.798588763966,0.5422728280004337,0.0,0.0,1.0,inf,694.0,inf,220.0,1.0,219.0,0.0,0.0,0.0,0.0,0.0,0.0
623.0,694.0,2080.0,1386.0,693.0,1.9971181556195965,639.8992943819832,1279.798588763966,0.5422728280004337,0.0,0.0,1.0,inf,694.0,inf,216.0,0.0,216.0,0.0,0.0,0.0,0.0,0.0,0.0
624.0,698.0,2092.0,1394.0,697.0,1.997134670487106,643.6747746992735,1287.3495493985467,0.5421992809381939,0.0,0.0,1.0,inf,698.0,inf,220.0,4.0,216.0,0.0,0.0,0.0,0.0,0.0,0.0
625.0,698.0,2092.0,1394.0,697.0,1.997134670487106,643.6747746992735,1287.3495493985467,0.5421992809381939,0.0,0.0,1.0,inf,698.0,inf,209.0,0.0,209.0,0.0,0.0,0.0,0.0,0.0,0.0
626.0,698.0,2092.0,1394.0,697.0,1.997134670487106,643.6747746992735,1287.3495493985467,0.5421992809381939,0.0,0.0,1.0,inf,698.0,inf,220.0,0.0,220.0,0.0,0.0,0.0,0.0,0.0,0.0
627.0,701.0,2101.0,1400.0,700.0,1.9971469329529243,646.412291939923,1292.8245838798457,0.54222359996919,0.0,0.0,1.0,inf,701.0,inf,220.0,3.0,217.0,0.0,0.0,0.0,0.0,0.0,0.0
628.0,701.0,2101.0,1400.0,700.0,1.9971469329529243,646.412291939923,1292.8245838798457,0.54222359996919,0.0,0.0,1.0,inf,701.0,inf,218.0,0.0,218.0,0.0,0.0,0.0,0.0,0.0,0.0
629.0,702.0,2104.0,1402.0,701.0,1.997150997150997,647.2840236923475,1294.5680473846949,0.5422658170948916,0.0,0.0,1.0,inf,702.0,inf,220.0,1.0,219.0,0.0,0.0,0.0,0.0,0.0,0.0
630.0,702.0,2104.0,1402.0,701.0,1.997150997150997,647.2840236923475,1294.5680473846949,0.5422658170948916,0.0,0.0,1.0,inf,702.0,inf,217.0,0.0,217.0,0.0,0.0,0.0,0.0,0.0,0.0
631.0,703.0,2107.0,1404.0,702.0,1.9971550497866288,648.2704905717478,1296.5409811434954,0.5422119394791387,0.0,0.0,1.0,inf,703.0,inf,220.0,1.0,219.0,0.0,0.0,0.0,0.0,0.0,0.0
632.0,703.0,2107.0,1404.0,702.0,1.9971550497866288,648.2704905717478,1296.5409811434954,0.5422119394791387,0.0,0.0,1.0,inf,703.0,inf,218.0,0.0,218.0,0.0,0.0,0.0,0.0,0.0,0.0
633.0,704.0,2110.0,1406.0,703.0,1.9971590909090908,649.2582397231089,1298.5164794462175,0.5421571548327497,0.0,0.0,1.0,inf,704.0,inf,220.0,1.0,219.0,0.0,0.0,0.0,0.0,0.0,0.0
634.0,704.0,2110.0,1406.0,703.0,1.9971590909090908,649.2582397231089,1298.5164794462175,0.5421571548327497,0.0,0.0,1.0,inf,704.0,inf,219.0,0.0,219.0,0.0,0.0,0.0,0.0,0.0,0.0
635.0,705.0,2113.0,1408.0,704.0,1.9971631205673759,650.1964024244396,1300.392804848879,0.5421438794272084,0.0,0.0,1.0,inf,705.0,inf,220.0,1.0,219.0,0.0,0.0,0.0,0.0,0.0,0.0
636.0,705.0,2113.0,1408.0,704.0,1.9971631205673759,650.1964024244396,1300.392804848879,0.5421438794272084,0.0,0.0,1.0,inf,705.0,inf,219.0,0.0,219.0,0.0,0.0,0.0,0.0,0.0,0.0
637.0,705.0,2113.0,1408.0,704.0,1.9971631205673759,650.1964024244396,1300.392804848879,0.5421438794272084,0.0,0.0,1.0,inf,705.0,inf,220.0,0.0,220.0,0.0,0.0,0.0,0.0,0.0,0.0
638.0,707.0,2119.0,1412.0,706.0,1.997171145685997,652.1141090563124,1304.2282181126245,0.5420830420485107,0.0,0.0,1.0,inf,707.0,inf,220.0,2.0,218.0,0.0,0.0,0.0,0.0,0.0,0.0
639.0,707.0,2119.0,1412.0,706.0,1.997171145685997,652.1141090563124,1304.2282181126245,0.5420830420485107,0.0,0.0,1.0,inf,707.0,inf,215.0,0.0,215.0,0.0,0.0,0.0,0.0,0.0,0.0
640.0,707.0,2119.0,1412.0,706.0,1.997171145685997,652.1141090563124,1304.2282181126245,0.5420830420485107,0.0,0.0,1.0,inf,707.0,inf,220.0,0.0,220.0,0.0,0.0,0.0,0.0,0.0,0.0
641.0,707.0,2119.0,1412.0,706.0,1.997171145685997,652.1141090563124,1304.2282181126245,0.5420830420485107,0.0,0.0,1.0,inf,707.0,inf,220.0,0.0,220.0,0.0,0.0,0.0,0.0,0.0,0.0
642.0,708.0,2122.0,1414.0,707.0,1.997175141242938,653.0473919822523,1306.0947839645044,0.5420739816837377,0.0,0.0,1.0,inf,708.0,inf,220.0,1.0,219.0,0.0,0.0,0.0,0.0,0.0,0.0
643.0,708.0,2122.0,1414.0,707.0,1.997175141242938,653.0473919822523,1306.0947839645044,0.5420739816837377,0.0,0.0,1.0,inf,708.0,inf,219.0,0.0,219.0,0.0,0.0,0.0,0.0,0.0,0.0
644.0,708.0,2122.0,1414.0,707.0,1.997175141242938,653.0473919822523,1306.0947839645044,0.5420739816837377,0.0,0.0,1.0,inf,708.0,inf,220.0,0.0,220.0,0.0,0.0,0.0,0.0,0.0,0.0
645.0,709.0,2125.0,1416.0,708.0,1.997179125528914,653.9069729662295,1307.8139459324589,0.5421260433910496,0.0,0.0,1.0,inf,709.0,inf,220.0,1.0,219.0,0.0,0.0,0.0,0.0,0.0,0.0
646.0,709.0,2125.0,1416.0,708.0,1.997179125528914,653.9069729662295,1307.8139459324589,0.5421260433910496,0.0,0.0,1.0,inf,709.0,inf,218.0,0.0,218.0,0.0,0.0,0.0,0.0,0.0,0.0
647.0,709.0,2125.0,1416.0,708.0,1.997179125528914,653.9069729662295,1307.8139459324589,0.5421260433910496,0.0,0.0,1.0,inf,709.0,inf,220.0,0.0,220.0,0.0,0.0,0.0,0.0,0.0,0.0
648.0,711.0,2131.0,1420.0,710.0,1.9971870604781998,655.7050929490193,1311.4101858980384,0.5421644636022981,0.0,0.0,1.0,inf,711.0,inf,220.0,2.0,218.0,0.0,0.0,0.0,0.0,0.0,0.0
649.0,711.0,2131.0,1420.0,710.0,1.9971870604781998,655.7050929490193,1311.4101858980384,0.5421644636022981,0.0,0.0,1.0,inf,711.0,inf,218.0,0.0,218.0,0.0,0.0,0.0,0.0,0.0,0.0
650.0,712.0,2134.0,1422.0,711.0,1.997191011235955,656.5798951454384,1313.1597902908766,0.5422036261423187,0.0,0.0,1.0,inf,712.0,inf,220.0,1.0,219.0,0.0,0.0,0.0,0.0,0.0,0.0
651.0,712.0,2134.0,1422.0,711.0,1.997191011235955,656.5798951454384,1313.1597902908766,0.5422036261423187,0.0,0.0,1.0,inf,712.0,inf,218.0,0.0,218.0,0.0,0.0,0.0,0.0,0.0,0.0
652.0,715.0,2143.0,1428.0,714.0,1.9972027972027973,659.4510380717181,1318.902076143436,0.5421175786535352,0.0,0.0,1.0,inf,715.0,inf,220.0,3.0,217.0,0.0,0.0,0.0,0.0,0.0,0.0
653.0,715.0,2143.0,1428.0,714.0,1.9972027972027973,659.4510380717181,1318.902076143436,0.5421175786535352,0.0,0.0,1.0,inf,715.0,inf,216.0,0.0,216.0,0.0,0.0,0.0,0.0,0.0,0.0
654.0,716.0,2146.0,1430.0,715.0,1.9972067039106145,660.338543421647,1320.6770868432939,0.5421461514952123,0.0,0.0,1.0,inf,716.0,inf,220.0,1.0,219.0,0.0,0.0,0.0,0.0,0.0,0.0
655.0,716.0,2146.0,1430.0,715.0,1.9972067039106145,660.338543421647,1320.6770868432939,0.5421461514952123,0.0,0.0,1.0,inf,716.0,inf,217.0,0.0,217.0,0.0,0.0,0.0,0.0,0.0,0.0
656.0,716.0,2146.0,1430.0,715.0,1.9972067039106145,660.338543421647,1320.6770868432939,0.5421461514952123,0.0,0.0,1.0,inf,716.0,inf,220.0,0.0,220.0,0.0,0.0,0.0,0.0,0.0,0.0
657.0,717.0,2149.0,1432.0,716.0,1.99721059972106,661.3172180578265,1322.6344361156528,0.542099903360829,0.0,0.0,1.0,inf,717.0,inf,220.0,1.0,219.0,0.0,0.0,0.0,0.0,0.0,0.0
658.0,717.0,2149.0,1432.0,716.0,1.99721059972106,661.3172180578265,1322.6344361156528,0.542099903360829,0.0,0.0,1.0,inf,717.0,inf,218.0,0.0,218.0,0.0,0.0,0.0,0.0,0.0,0.0
659.0,717.0,2149.0,1432.0,716.0,1.99721059972106,661.3172180578265,1322.6344361156528,0.542099903360829,0.0,0.0,1.0,inf,717.0,inf,220.0,0.0,220.0,0.0,0.0,0.0,0.0,0.0,0.0
660.0,717.0,2149.0,1432.0,716.0,1.99721059972106,661.3172180578265,1322.6344361156528,0.542099903360829,0.0,0.0,1.0,inf,717.0,inf,220.0,0.0,220.0,0.0,0.0,0.0,0.0,0.0,0.0
661.0,718.0,2152.0,1434.0,717.0,1.9972144846796658,662.277376652526,1324.5547533050517,0.5420689467222356,0.0,0.0,1.0,inf,718.0,inf,220.0,1.0,219.0,0.0,0.0,0.0,0.0,0.0,0.0
662.0,718.0,2152.0,1434.0,717.0,1.9972144846796658,662.277376652526,1324.5547533050517,0.5420689467222356,0.0,0.0,1.0,inf,718.0,inf,219.0,0.0,219.0,0.0,0.0,0.0,0.0,0.0,0.0
663.0,718.0,2152.0,1434.0,717.0,1.9972144846796658,662.277376652526,1324.5547533050517,0.5420689467222356,0.0,0.0,1.0,inf,718.0,inf,220.0,0.0,220.0,0.0,0.0,0.0,0.0,0.0,0.0
664.0,719.0,2155.0,1436.0,718.0,1.9972183588317107,663.1770616067998,1326.3541232135995,0.5420875069607715,0.0,0.0,1.0,inf,719.0,inf,220.0,1.0,219.0,0.0,0.0,0.0,0.0,0.0,0.0
665.0,719.0,2155.0,1436.0,718.0,1.9972183588317107,663.1770616067998,1326.3541232135995,0.5420875069607715,0.0,0.0,1.0,inf,719.0,inf,215.0,0.0,215.0,0.0,0.0,0.0,0.0,0.0,0.0
666.0,719.0,2155.0,1436.0,718.0,1.9972183588317107,663.1770616067998,1326.3541232135995,0.5420875069607715,0.0,0.0,1.0,inf,719.0,inf,220.0,0.0,220.0,0.0,0.0,0.0,0.0,0.0,0.0
667.0,719.0,2155.0,1436.0,718.0,1.9972183588317107,663.1770616067998,1326.3541232135995,0.5420875069607715,0.0,0.0,1.0,inf,719.0,inf,220.0,0.0,220.0,0.0,0.0,0.0,0.0,0.0,0.0
668.0,721.0,2161.0,1440.0,720.0,1.9972260748959778,664.8958673317485,1329.7917346634968,0.5421901649753063,0.0,0.0,1.0,inf,721.0,inf,220.0,2.0,218.0,0.0,0.0,0.0,0.0,0.0,0.0
669.0,721.0,2161.0,1440.0,720.0,1.9972260748959778,664.8958673317485,1329.7917346634968,0.5421901649753063,0.0,0.0,1.0,inf,721.0,inf,217.0,0.0,217.0,0.0,0.0,0.0,0.0,0.0,0.0
670.0,721.0,2161.0,1440.0,720.0,1.9972260748959778,664.8958673317485,1329.7917346634968,0.5421901649753063,0.0,0.0,1.0,inf,721.0,inf,220.0,0.0,220.0,0.0,0.0,0.0,0.0,0.0,0.0
671.0,721.0,2161.0,1440.0,720.0,1.9972260748959778,664.8958673317485,1329.7917346634968,0.5421901649753063,0.0,0.0,1.0,inf,721.0,inf,220.0,0.0,220.0,0.0,0.0,0.0,0.0,0.0,0.0
672.0,722.0,2164.0,1442.0,721.0,1.997229916897507,665.8288323632535,1331.6576647265067,0.5421813872473621,0.0,0.0,1.0,inf,722.0,inf,220.0,1.0,219.0,0.0,0.0,0.0,0.0,0.0,0.0
673.0,722.0,2164.0,1442.0,721.0,1.997229916897507,665.8288323632535,1331.6576647265067,0.5421813872473621,0.0,0.0,1.0,inf,722.0,inf,215.0,0.0,215.0,0.0,0.0,0.0,0.0,0.0,0.0
674.0,722.0,2164.0,1442.0,721.0,1.997229916897507,665.8288323632535,1331.6576647265067,0.5421813872473621,0.0,0.0,1.0,inf,722.0,inf,220.0,0.0,220.0,0.0,0.0,0.0,0.0,0.0,0.0
675.0,722.0,2164.0,1442.0,721.0,1.997229916897507,665.8288323632535,1331.6576647265067,0.5421813872473621,0.0,0.0,1.0,inf,722.0,inf,220.0,0.0,220.0,0.0,0.0,0.0,0.0,0.0,0.0
676.0,723.0,2167.0,1444.0,722.0,1.9972337482710927,666.787264107631,1333.5745282152618,0.5421519267975216,0.0,0.0,1.0,inf,723.0,inf,220.0,1.0,219.0,0.0,0.0,0.0,0.0,0.0,0.0
677.0,723.0,2167.0,1444.0,722.0,1.9972337482710927,666.787264107631,1333.5745282152618,0.5421519267975216,0.0,0.0,1.0,inf,723.0,inf,218.0,0.0,218.0,0.0,0.0,0.0,0.0,0.0,0.0
678.0,726.0,2176.0,1450.0,725.0,1.997245179063361,669.6873455606122,1339.3746911212243,0.54204398874541,0.0,0.0,1.0,inf,726.0,inf,220.0,3.0,217.0,0.0,0.0,0.0,0.0,0.0,0.0
679.0,726.0,2176.0,1450.0,725.0,1.997245179063361,669.6873455606122,1339.3746911212243,0.54204398874541,0.0,0.0,1.0,inf,726.0,inf,215.0,0.0,215.0,0.0,0.0,0.0,0.0,0.0,0.0
680.0,728.0,2182.0,1454.0,727.0,1.9972527472527473,671.5452341874814,1343.0904683749625,0.5420334796067943,0.0,0.0,1.0,inf,728.0,inf,220.0,2.0,218.0,0.0,0.0,0.0,0.0,0.0,0.0
681.0,728.0,2182.0,1454.0,727.0,1.9972527472527473,671.5452341874814,1343.0904683749625,0.5420334796067943,0.0,0.0,1.0,inf,728.0,inf,217.0,0.0,217.0,0.0,0.0,0.0,0.0,0.0,0.0
682.0,728.0,2182.0,1454.0,727.0,1.9972527472527473,671.5452341874814,1343.0904683749625,0.5420334796067943,0.0,0.0,1.0,inf,728.0,inf,220.0,0.0,220.0,0.0,0.0,0.0,0.0,0.0,0.0
683.0,729.0,2185.0,1456.0,728.0,1.9972565157750344,672.524765765742,1345.0495315314838,0.5419874754872075,0.0,0.0,1.0,inf,729.0,inf,220.0,1.0,219.0,0.0,0.0,0.0,0.0,0.0,0.0
684.0,729.0,2185.0,1456.0,728.0,1.9972565157750344,672.524765765742,1345.0495315314838,0.5419874754872075,0.0,0.0,1.0,inf,729.0,inf,220.0,0.0,220.0,0.0,0.0,0.0,0.0,0.0,0.0
685.0,729.0,2185.0,1456.0,728.0,1.9972565157750344,672.524765765742,1345.0495315314838,0.5419874754872075,0.0,0.0,1.0,inf,729.0,inf,220.0,0.0,220.0,0.0,0.0,0.0,0.0,0.0,0.0
686.0,729.0,2185.0,1456.0,728.0,1.9972565157750344,672.524765765742,1345.0495315314838,0.5419874754872075,0.0,0.0,1.0,inf,729.0,inf,220.0,0.0,220.0,0.0,0.0,0.0,0.0,0.0,0.0
687.0,729.0,2185.0,1456.0,728.0,1.9972565157750344,672.524765765742,1345.0495315314838,0.5419874754872075,0.0,0.0,1.0,inf,729.0,inf,220.0,0.0,220.0,0.0,0.0,0.0,0.0,0.0,0.0
688.0,732.0,2194.0,1462.0,731.0,1.9972677595628416,675.3198099578001,1350.6396199156,0.5419654430437498,0.0,0.0,1.0,inf,732.0,inf,220.0,3.0,217.0,0.0,0.0,0.0,0.0,0.0,0.0
689.0,732.0,2194.0,1462.0,731.0,1.9972677595628416,675.3198099578001,1350.6396199156,0.5419654430437498,0.0,0.0,1.0,inf,732.0,inf,216.0,0.0,216.0,0.0,0.0,0.0,0.0,0.0,0.0
690.0,732.0,2194.0,1462.0,731.0,1.9972677595628416,675.3198099578001,1350.6396199156,0.5419654430437498,0.0,0.0,1.0,inf,732.0,inf,220.0,0.0,220.0,0.0,0.0,0.0,0.0,0.0,0.0
691.0,733.0,2197.0,1464.0,732.0,1.9972714870395634,676.177125823998,1352.3542516479959,0.5420177435806905,0.0,0.0,1.0,inf,733.0,inf,220.0,1.0,219.0,0.0,0.0,0.0,0.0,0.0,0.0
692.0,733.0,2197.0,1464.0,732.0,1.9972714870395634,676.177125823998,1352.3542516479959,0.5420177435806905,0.0,0.0,1.0,inf,733.0,inf,219.0,0.0,219.0,0.0,0.0,0.0,0.0,0.0,0.0
693.0,734.0,2200.0,1466.0,733.0,1.997275204359673,677.0638856483273,1354.1277712966544,0.5420463382839813,0.0,0.0,1.0,inf,734.0,inf,220.0,1.0,219.0,0.0,0.0,0.0,0.0,0.0,0.0
694.0,734.0,2200.0,1466.0,733.0,1.997275204359673,677.0638856483273,1354.1277712966544,0.5420463382839813,0.0,0.0,1.0,inf,734.0,inf,217.0,0.0,217.0,0.0,0.0,0.0,0.0,0.0,0.0
695.0,735.0,2203.0,1468.0,734.0,1.997278911564626,677.9570137016218,1355.9140274032434,0.5420697663314415,0.0,0.0,1.0,inf,735.0,inf,220.0,1.0,219.0,0.0,0.0,0.0,0.0,0.0,0.0
696.0,735.0,2203.0,1468.0,734.0,1.997278911564626,677.9570137016218,1355.9140274032434,0.5420697663314415,0.0,0.0,1.0,inf,735.0,inf,219.0,0.0,219.0,0.0,0.0,0.0,0.0,0.0,0.0
697.0,738.0,2212.0,1474.0,737.0,1.997289972899729,680.732927190003,1361.4658543800058,0.5420628050463122,0.0,0.0,1.0,inf,738.0,inf,220.0,3.0,217.0,0.0,0.0,0.0,0.0,0.0,0.0
698.0,738.0,2212.0,1474.0,737.0,1.997289972899729,680.732927190003,1361.4658543800058,0.5420628050463122,0.0,0.0,1.0,inf,738.0,inf,212.0,0.0,212.0,0.0,0.0,0.0,0.0,0.0,0.0
699.0,738.0,2212.0,1474.0,737.0,1.997289972899729,680.732927190003,1361.4658543800058,0.5420628050463122,0.0,0.0,1.0,inf,738.0,inf,220.0,0.0,220.0,0.0,0.0,0.0,0.0,0.0,0.0
700.0,739.0,2215.0,1476.0,738.0,1.9972936400541272,681.6745901114333,1363.3491802228664,0.5420474891686925,0.0,0.0,1.0,inf,739.0,inf,220.0,1.0,219.0,0.0,0.0,0.0,0.0,0.0,0.0
