t,site_subsystems,total_subsystems,interface_subsystems,n_links,mean_degree,frontier_radius,volume_proxy,density,energy_remaining,energy_density,creation_rate_modifier,memory_total,memory_bound,memory_free,birth_attempts,births_accepted,births_reject_exclusion,births_reject_memory,births_reject_energy,deaths_attempted,deaths_executed,links_attempted_random,links_added_random
0.0,2.0,4.0,2.0,1.0,1.0,0.11033384490655321,0.2206676898131064,9.06340208525268,0.0,0.0,1.0,inf,2.0,inf,0.0,0.0,0.0,0.0,0.0,0.0,0.0,0.0,0.0
1.0,2.0,4.0,2.0,1.0,1.0,0.11033384490655321,0.2206676898131064,9.06340208525268,0.0,0.0,1.0,inf,2.0,inf,0.0,0.0,0.0,0.0,0.0,0.0,0.0,0.0,0.0
2.0,33.0,97.0,64.0,32.0,1.9393939393939394,28.809165511949796,57.618331023899586,0.5727343956962565,0.0,0.0,1.0,inf,33.0,inf,220.0,31.0,189.0,0.0,0.0,0.0,0.0,0.0,0.0
3.0,33.0,97.0,64.0,32.0,1.9393939393939394,28.809165511949796,57.618331023899586,0.5727343956962565,0.0,0.0,1.0,inf,33.0,inf,0.0,0.0,0.0,0.0,0.0,0.0,0.0,0.0,0.0
4.0,51.0,151.0,100.0,50.0,1.9607843137254901,45.33572910164682,90.67145820329362,0.5624702746662944,0.0,0.0,1.0,inf,51.0,inf,220.0,18.0,202.0,0.0,0.0,0.0,0.0,0.0,0.0
5.0,51.0,151.0,100.0,50.0,1.9607843137254901,45.33572910164682,90.67145820329362,0.5624702746662944,0.0,0.0,1.0,inf,51.0,inf,0.0,0.0,0.0,0.0,0.0,0.0,0.0,0.0,0.0
6.0,69.0,205.0,136.0,68.0,1.9710144927536233,61.95958152153765,123.91916304307529,0.5568146064383525,0.0,0.0,1.0,inf,69.0,inf,220.0,18.0,202.0,0.0,0.0,0.0,0.0,0.0,0.0
7.0,69.0,205.0,136.0,68.0,1.9710144927536233,61.95958152153765,123.91916304307529,0.5568146064383525,0.0,0.0,1.0,inf,69.0,inf,0.0,0.0,0.0,0.0,0.0,0.0,0.0,0.0,0.0
8.0,79.0,235.0,156.0,78.0,1.9746835443037976,71.31514358023058,142.63028716046114,0.5538795551264919,0.0,0.0,1.0,inf,79.0,inf,220.0,10.0,210.0,0.0,0.0,0.0,0.0,0.0,0.0
9.0,79.0,235.0,156.0,78.0,1.9746835443037976,71.31514358023058,142.63028716046114,0.5538795551264919,0.0,0.0,1.0,inf,79.0,inf,34.0,0.0,34.0,0.0,0.0,0.0,0.0,0.0,0.0
10.0,87.0,259.0,172.0,86.0,1.9770114942528736,78.62974160920015,157.25948321840028,0.5532257783091868,0.0,0.0,1.0,inf,87.0,inf,220.0,8.0,212.0,0.0,0.0,0.0,0.0,0.0,0.0
11.0,87.0,259.0,172.0,86.0,1.9770114942528736,78.62974160920015,157.25948321840028,0.5532257783091868,0.0,0.0,1.0,inf,87.0,inf,91.0,0.0,91.0,0.0,0.0,0.0,0.0,0.0,0.0
12.0,96.0,286.0,190.0,95.0,1.9791666666666667,86.89405476127818,173.78810952255634,0.552396825442997,0.0,0.0,1.0,inf,96.0,inf,220.0,9.0,211.0,0.0,0.0,0.0,0.0,0.0,0.0
13.0,96.0,286.0,190.0,95.0,1.9791666666666667,86.89405476127818,173.78810952255634,0.552396825442997,0.0,0.0,1.0,inf,96.0,inf,88.0,0.0,88.0,0.0,0.0,0.0,0.0,0.0,0.0
14.0,108.0,322.0,214.0,107.0,1.9814814814814814,97.9355137638801,195.87102752776016,0.5513832309104189,0.0,0.0,1.0,inf,108.0,inf,220.0,12.0,208.0,0.0,0.0,0.0,0.0,0.0,0.0
15.0,108.0,322.0,214.0,107.0,1.9814814814814814,97.9355137638801,195.87102752776016,0.5513832309104189,0.0,0.0,1.0,inf,108.0,inf,57.0,0.0,57.0,0.0,0.0,0.0,0.0,0.0,0.0
16.0,117.0,349.0,232.0,116.0,1.982905982905983,106.08695787351117,212.1739157470223,0.5514344192030683,0.0,0.0,1.0,inf,117.0,inf,220.0,9.0,211.0,0.0,0.0,0.0,0.0,0.0,0.0
17.0,117.0,349.0,232.0,116.0,1.982905982905983,106.08695787351117,212.1739157470223,0.5514344192030683,0.0,0.0,1.0,inf,117.0,inf,120.0,0.0,120.0,0.0,0.0,0.0,0.0,0.0,0.0
18.0,121.0,361.0,240.0,120.0,1.9834710743801653,109.7610357228696,219.52207144573916,0.5511974226696764,0.0,0.0,1.0,inf,121.0,inf,220.0,4.0,216.0,0.0,0.0,0.0,0.0,0.0,0.0
19.0,121.0,361.0,240.0,120.0,1.9834710743801653,109.7610357228696,219.52207144573916,0.5511974226696764,0.0,0.0,1.0,inf,121.0,inf,163.0,0.0,163.0,0.0,0.0,0.0,0.0,0.0,0.0
20.0,125.0,373.0,248.0,124.0,1.984,113.40917031322819,226.81834062645635,0.5511018185511752,0.0,0.0,1.0,inf,125.0,inf,220.0,4.0,216.0,0.0,0.0,0.0,0.0,0.0,0.0
21.0,125.0,373.0,248.0,124.0,1.984,113.40917031322819,226.81834062645635,0.5511018185511752,0.0,0.0,1.0,inf,125.0,inf,167.0,0.0,167.0,0.0,0.0,0.0,0.0,0.0,0.0
22.0,130.0,388.0,258.0,129.0,1.9846153846153847,118.07347220072852,236.146944401457,0.5505046882122516,0.0,0.0,1.0,inf,130.0,inf,220.0,5.0,215.0,0.0,0.0,0.0,0.0,0.0,0.0
23.0,130.0,388.0,258.0,129.0,1.9846153846153847,118.07347220072852,236.146944401457,0.5505046882122516,0.0,0.0,1.0,inf,130.0,inf,178.0,0.0,178.0,0.0,0.0,0.0,0.0,0.0,0.0
24.0,137.0,409.0,272.0,136.0,1.9854014598540146,124.61919212197593,249.23838424395183,0.5496745632322263,0.0,0.0,1.0,inf,137.0,inf,220.0,7.0,213.0,0.0,0.0,0.0,0.0,0.0,0.0
25.0,137.0,409.0,272.0,136.0,1.9854014598540146,124.61919212197593,249.23838424395183,0.5496745632322263,0.0,0.0,1.0,inf,137.0,inf,143.0,0.0,143.0,0.0,0.0,0.0,0.0,0.0,0.0
26.0,145.0,433.0,288.0,144.0,1.986206896551724,131.87430275130552,263.748605502611,0.5497659398944749,0.0,0.0,1.0,inf,145.0,inf,220.0,8.0,212.0,0.0,0.0,0.0,0.0,0.0,0.0
27.0,145.0,433.0,288.0,144.0,1.986206896551724,131.87430275130552,263.748605502611,0.5497659398944749,0.0,0.0,1.0,inf,145.0,inf,158.0,0.0,158.0,0.0,0.0,0.0,0.0,0.0,0.0
28.0,147.0,439.0,292.0,146.0,1.9863945578231292,133.77247935345986,267.54495870691966,0.5494403658752179,0.0,0.0,1.0,inf,147.0,inf,220.0,2.0,218.0,0.0,0.0,0.0,0.0,0.0,0.0
29.0,147.0,439.0,292.0,146.0,1.9863945578231292,133.77247935345986,267.54495870691966,0.5494403658752179,0.0,0.0,1.0,inf,147.0,inf,198.0,0.0,198.0,0.0,0.0,0.0,0.0,0.0,0.0
30.0,152.0,454.0,302.0,151.0,1.986842105263158,138.2887840770188,276.5775681540375,0.5495745769061968,0.0,0.0,1.0,inf,152.0,inf,220.0,5.0,215.0,0.0,0.0,0.0,0.0,0.0,0.0
31.0,152.0,454.0,302.0,151.0,1.986842105263158,138.2887840770188,276.5775681540375,0.5495745769061968,0.0,0.0,1.0,inf,152.0,inf,176.0,0.0,176.0,0.0,0.0,0.0,0.0,0.0,0.0
32.0,155.0,463.0,308.0,154.0,1.9870967741935484,141.12029361356124,282.24058722712243,0.5491768619205345,0.0,0.0,1.0,inf,155.0,inf,220.0,3.0,217.0,0.0,0.0,0.0,0.0,0.0,0.0
33.0,155.0,463.0,308.0,154.0,1.9870967741935484,141.12029361356124,282.24058722712243,0.5491768619205345,0.0,0.0,1.0,inf,155.0,inf,192.0,0.0,192.0,0.0,0.0,0.0,0.0,0.0,0.0
34.0,159.0,475.0,316.0,158.0,1.9874213836477987,144.78706682792648,289.5741336558529,0.5490821918126328,0.0,0.0,1.0,inf,159.0,inf,220.0,4.0,216.0,0.0,0.0,0.0,0.0,0.0,0.0
35.0,159.0,475.0,316.0,158.0,1.9874213836477987,144.78706682792648,289.5741336558529,0.5490821918126328,0.0,0.0,1.0,inf,159.0,inf,184.0,0.0,184.0,0.0,0.0,0.0,0.0,0.0,0.0
36.0,165.0,493.0,328.0,164.0,1.9878787878787878,150.5248061807262,301.0496123614523,0.5480824197238771,0.0,0.0,1.0,inf,165.0,inf,220.0,6.0,214.0,0.0,0.0,0.0,0.0,0.0,0.0
37.0,165.0,493.0,328.0,164.0,1.9878787878787878,150.5248061807262,301.0496123614523,0.5480824197238771,0.0,0.0,1.0,inf,165.0,inf,162.0,0.0,162.0,0.0,0.0,0.0,0.0,0.0,0.0
38.0,170.0,508.0,338.0,169.0,1.988235294117647,154.9999750782671,309.99995015653417,0.548387184946832,0.0,0.0,1.0,inf,170.0,inf,220.0,5.0,215.0,0.0,0.0,0.0,0.0,0.0,0.0
39.0,170.0,508.0,338.0,169.0,1.988235294117647,154.9999750782671,309.99995015653417,0.548387184946832,0.0,0.0,1.0,inf,170.0,inf,184.0,0.0,184.0,0.0,0.0,0.0,0.0,0.0,0.0
40.0,173.0,517.0,344.0,172.0,1.9884393063583814,157.64579159940996,315.29158319881986,0.5486984404874133,0.0,0.0,1.0,inf,173.0,inf,220.0,3.0,217.0,0.0,0.0,0.0,0.0,0.0,0.0
41.0,173.0,517.0,344.0,172.0,1.9884393063583814,157.64579159940996,315.29158319881986,0.5486984404874133,0.0,0.0,1.0,inf,173.0,inf,205.0,0.0,205.0,0.0,0.0,0.0,0.0,0.0,0.0
42.0,177.0,529.0,352.0,176.0,1.9887005649717515,161.2680200329469,322.53604006589376,0.548775882421819,0.0,0.0,1.0,inf,177.0,inf,220.0,4.0,216.0,0.0,0.0,0.0,0.0,0.0,0.0
43.0,177.0,529.0,352.0,176.0,1.9887005649717515,161.2680200329469,322.53604006589376,0.548775882421819,0.0,0.0,1.0,inf,177.0,inf,183.0,0.0,183.0,0.0,0.0,0.0,0.0,0.0,0.0
44.0,183.0,547.0,364.0,182.0,1.989071038251366,166.76704407282722,333.5340881456544,0.5486695558388739,0.0,0.0,1.0,inf,183.0,inf,220.0,6.0,214.0,0.0,0.0,0.0,0.0,0.0,0.0
45.0,183.0,547.0,364.0,182.0,1.989071038251366,166.76704407282722,333.5340881456544,0.5486695558388739,0.0,0.0,1.0,inf,183.0,inf,177.0,0.0,177.0,0.0,0.0,0.0,0.0,0.0,0.0
46.0,189.0,565.0,376.0,188.0,1.9894179894179893,172.34943233544158,344.6988646708831,0.5483046779990306,0.0,0.0,1.0,inf,189.0,inf,220.0,6.0,214.0,0.0,0.0,0.0,0.0,0.0,0.0
47.0,189.0,565.0,376.0,188.0,1.9894179894179893,172.34943233544158,344.6988646708831,0.5483046779990306,0.0,0.0,1.0,inf,189.0,inf,176.0,0.0,176.0,0.0,0.0,0.0,0.0,0.0,0.0
48.0,194.0,580.0,386.0,193.0,1.9896907216494846,177.18875907197793,354.3775181439558,0.5474387907451652,0.0,0.0,1.0,inf,194.0,inf,220.0,5.0,215.0,0.0,0.0,0.0,0.0,0.0,0.0
49.0,194.0,580.0,386.0,193.0,1.9896907216494846,177.18875907197793,354.3775181439558,0.5474387907451652,0.0,0.0,1.0,inf,194.0,inf,178.0,0.0,178.0,0.0,0.0,0.0,0.0,0.0,0.0
50.0,198.0,592.0,394.0,197.0,1.9898989898989898,180.9579893044258,361.91597860885156,0.5470883069630721,0.0,0.0,1.0,inf,198.0,inf,220.0,4.0,216.0,0.0,0.0,0.0,0.0,0.0,0.0
51.0,198.0,592.0,394.0,197.0,1.9898989898989898,180.9579893044258,361.91597860885156,0.5470883069630721,0.0,0.0,1.0,inf,198.0,inf,193.0,0.0,193.0,0.0,0.0,0.0,0.0,0.0,0.0
52.0,200.0,598.0,398.0,199.0,1.99,182.88143074032078,365.7628614806415,0.5468023713243649,0.0,0.0,1.0,inf,200.0,inf,220.0,2.0,218.0,0.0,0.0,0.0,0.0,0.0,0.0
53.0,200.0,598.0,398.0,199.0,1.99,182.88143074032078,365.7628614806415,0.5468023713243649,0.0,0.0,1.0,inf,200.0,inf,207.0,0.0,207.0,0.0,0.0,0.0,0.0,0.0,0.0
54.0,202.0,604.0,402.0,201.0,1.99009900990099,184.79944357470194,369.5988871494038,0.5465384421418592,0.0,0.0,1.0,inf,202.0,inf,220.0,2.0,218.0,0.0,0.0,0.0,0.0,0.0,0.0
55.0,202.0,604.0,402.0,201.0,1.99009900990099,184.79944357470194,369.5988871494038,0.5465384421418592,0.0,0.0,1.0,inf,202.0,inf,203.0,0.0,203.0,0.0,0.0,0.0,0.0,0.0,0.0
56.0,204.0,610.0,406.0,203.0,1.9901960784313726,186.63358982321768,373.2671796464353,0.5465254142976945,0.0,0.0,1.0,inf,204.0,inf,220.0,2.0,218.0,0.0,0.0,0.0,0.0,0.0,0.0
57.0,204.0,610.0,406.0,203.0,1.9901960784313726,186.63358982321768,373.2671796464353,0.5465254142976945,0.0,0.0,1.0,inf,204.0,inf,205.0,0.0,205.0,0.0,0.0,0.0,0.0,0.0,0.0
58.0,207.0,619.0,412.0,206.0,1.9903381642512077,189.40076637577215,378.80153275154424,0.5464603020383532,0.0,0.0,1.0,inf,207.0,inf,220.0,3.0,217.0,0.0,0.0,0.0,0.0,0.0,0.0
59.0,207.0,619.0,412.0,206.0,1.9903381642512077,189.40076637577215,378.80153275154424,0.5464603020383532,0.0,0.0,1.0,inf,207.0,inf,202.0,0.0,202.0,0.0,0.0,0.0,0.0,0.0,0.0
60.0,210.0,628.0,418.0,209.0,1.9904761904761905,192.26702252909905,384.53404505819805,0.546115494060395,0.0,0.0,1.0,inf,210.0,inf,220.0,3.0,217.0,0.0,0.0,0.0,0.0,0.0,0.0
61.0,210.0,628.0,418.0,209.0,1.9904761904761905,192.26702252909905,384.53404505819805,0.546115494060395,0.0,0.0,1.0,inf,210.0,inf,202.0,0.0,202.0,0.0,0.0,0.0,0.0,0.0,0.0
62.0,213.0,637.0,424.0,212.0,1.9906103286384977,195.0610234386886,390.12204687737716,0.5459829858499383,0.0,0.0,1.0,inf,213.0,inf,220.0,3.0,217.0,0.0,0.0,0.0,0.0,0.0,0.0
63.0,213.0,637.0,424.0,212.0,1.9906103286384977,195.0610234386886,390.12204687737716,0.5459829858499383,0.0,0.0,1.0,inf,213.0,inf,199.0,0.0,199.0,0.0,0.0,0.0,0.0,0.0,0.0
64.0,220.0,658.0,438.0,219.0,1.990909090909091,201.44312419160576,402.88624838321147,0.5460598391800745,0.0,0.0,1.0,inf,220.0,inf,220.0,7.0,213.0,0.0,0.0,0.0,0.0,0.0,0.0
65.0,220.0,658.0,438.0,219.0,1.990909090909091,201.44312419160576,402.88624838321147,0.5460598391800745,0.0,0.0,1.0,inf,220.0,inf,183.0,0.0,183.0,0.0,0.0,0.0,0.0,0.0,0.0
66.0,223.0,667.0,444.0,222.0,1.9910313901345291,204.22073782671407,408.4414756534281,0.5459778531140667,0.0,0.0,1.0,inf,223.0,inf,220.0,3.0,217.0,0.0,0.0,0.0,0.0,0.0,0.0
67.0,223.0,667.0,444.0,222.0,1.9910313901345291,204.22073782671407,408.4414756534281,0.5459778531140667,0.0,0.0,1.0,inf,223.0,inf,201.0,0.0,201.0,0.0,0.0,0.0,0.0,0.0,0.0
68.0,227.0,679.0,452.0,226.0,1.9911894273127753,208.01436769984025,416.02873539968044,0.5456353868968215,0.0,0.0,1.0,inf,227.0,inf,220.0,4.0,216.0,0.0,0.0,0.0,0.0,0.0,0.0
69.0,227.0,679.0,452.0,226.0,1.9911894273127753,208.01436769984025,416.02873539968044,0.5456353868968215,0.0,0.0,1.0,inf,227.0,inf,200.0,0.0,200.0,0.0,0.0,0.0,0.0,0.0,0.0
70.0,231.0,691.0,460.0,230.0,1.9913419913419914,211.71336224691845,423.42672449383684,0.5455489383107237,0.0,0.0,1.0,inf,231.0,inf,220.0,4.0,216.0,0.0,0.0,0.0,0.0,0.0,0.0
71.0,231.0,691.0,460.0,230.0,1.9913419913419914,211.71336224691845,423.42672449383684,0.5455489383107237,0.0,0.0,1.0,inf,231.0,inf,194.0,0.0,194.0,0.0,0.0,0.0,0.0,0.0,0.0
72.0,238.0,712.0,474.0,237.0,1.9915966386554622,218.48089121707557,436.9617824341511,0.5446700594138709,0.0,0.0,1.0,inf,238.0,inf,220.0,7.0,213.0,0.0,0.0,0.0,0.0,0.0,0.0
73.0,238.0,712.0,474.0,237.0,1.9915966386554622,218.48089121707557,436.9617824341511,0.5446700594138709,0.0,0.0,1.0,inf,238.0,inf,174.0,0.0,174.0,0.0,0.0,0.0,0.0,0.0,0.0
74.0,243.0,727.0,484.0,242.0,1.991769547325103,223.18104537037132,446.3620907407426,0.5444010704330624,0.0,0.0,1.0,inf,243.0,inf,220.0,5.0,215.0,0.0,0.0,0.0,0.0,0.0,0.0
75.0,243.0,727.0,484.0,242.0,1.991769547325103,223.18104537037132,446.3620907407426,0.5444010704330624,0.0,0.0,1.0,inf,243.0,inf,188.0,0.0,188.0,0.0,0.0,0.0,0.0,0.0,0.0
76.0,248.0,742.0,494.0,247.0,1.9919354838709677,227.64790412732748,455.2958082546549,0.5447008197828372,0.0,0.0,1.0,inf,248.0,inf,220.0,5.0,215.0,0.0,0.0,0.0,0.0,0.0,0.0
77.0,248.0,742.0,494.0,247.0,1.9919354838709677,227.64790412732748,455.2958082546549,0.5447008197828372,0.0,0.0,1.0,inf,248.0,inf,187.0,0.0,187.0,0.0,0.0,0.0,0.0,0.0,0.0
78.0,250.0,748.0,498.0,249.0,1.992,229.5379123481767,459.0758246963533,0.5445723485120515,0.0,0.0,1.0,inf,250.0,inf,220.0,2.0,218.0,0.0,0.0,0.0,0.0,0.0,0.0
79.0,250.0,748.0,498.0,249.0,1.992,229.5379123481767,459.0758246963533,0.5445723485120515,0.0,0.0,1.0,inf,250.0,inf,208.0,0.0,208.0,0.0,0.0,0.0,0.0,0.0,0.0
80.0,252.0,754.0,502.0,251.0,1.992063492063492,231.39568542532228,462.7913708506445,0.5445218210028538,0.0,0.0,1.0,inf,252.0,inf,220.0,2.0,218.0,0.0,0.0,0.0,0.0,0.0,0.0
81.0,252.0,754.0,502.0,251.0,1.992063492063492,231.39568542532228,462.7913708506445,0.5445218210028538,0.0,0.0,1.0,inf,252.0,inf,212.0,0.0,212.0,0.0,0.0,0.0,0.0,0.0,0.0
82.0,255.0,763.0,508.0,254.0,1.992156862745098,234.27593870911156,468.55187741822306,0.5442300250829866,0.0,0.0,1.0,inf,255.0,inf,220.0,3.0,217.0,0.0,0.0,0.0,0.0,0.0,0.0
83.0,255.0,763.0,508.0,254.0,1.992156862745098,234.27593870911156,468.55187741822306,0.5442300250829866,0.0,0.0,1.0,inf,255.0,inf,204.0,0.0,204.0,0.0,0.0,0.0,0.0,0.0,0.0
84.0,259.0,775.0,516.0,258.0,1.9922779922779923,237.9954455058349,475.99089101166976,0.5441280597818208,0.0,0.0,1.0,inf,259.0,inf,220.0,4.0,216.0,0.0,0.0,0.0,0.0,0.0,0.0
85.0,259.0,775.0,516.0,258.0,1.9922779922779923,237.9954455058349,475.99089101166976,0.5441280597818208,0.0,0.0,1.0,inf,259.0,inf,193.0,0.0,193.0,0.0,0.0,0.0,0.0,0.0,0.0
86.0,261.0,781.0,520.0,260.0,1.9923371647509578,239.95395073941347,479.9079014788269,0.5438543503779237,0.0,0.0,1.0,inf,261.0,inf,220.0,2.0,218.0,0.0,0.0,0.0,0.0,0.0,0.0
87.0,261.0,781.0,520.0,260.0,1.9923371647509578,239.95395073941347,479.9079014788269,0.5438543503779237,0.0,0.0,1.0,inf,261.0,inf,207.0,0.0,207.0,0.0,0.0,0.0,0.0,0.0,0.0
88.0,263.0,787.0,524.0,262.0,1.9923954372623573,241.85954216214301,483.719084324286,0.5437039978842026,0.0,0.0,1.0,inf,263.0,inf,220.0,2.0,218.0,0.0,0.0,0.0,0.0,0.0,0.0
89.0,263.0,787.0,524.0,262.0,1.9923954372623573,241.85954216214301,483.719084324286,0.5437039978842026,0.0,0.0,1.0,inf,263.0,inf,205.0,0.0,205.0,0.0,0.0,0.0,0.0,0.0,0.0
90.0,264.0,790.0,526.0,263.0,1.9924242424242424,242.77608233451284,485.5521646690256,0.543710890836939,0.0,0.0,1.0,inf,264.0,inf,220.0,1.0,219.0,0.0,0.0,0.0,0.0,0.0,0.0
91.0,264.0,790.0,526.0,263.0,1.9924242424242424,242.77608233451284,485.5521646690256,0.543710890836939,0.0,0.0,1.0,inf,264.0,inf,217.0,0.0,217.0,0.0,0.0,0.0,0.0,0.0,0.0
92.0,271.0,811.0,540.0,270.0,1.992619926199262,249.1368627502169,498.2737255004337,0.5438777646319304,0.0,0.0,1.0,inf,271.0,inf,220.0,7.0,213.0,0.0,0.0,0.0,0.0,0.0,0.0
93.0,271.0,811.0,540.0,270.0,1.992619926199262,249.1368627502169,498.2737255004337,0.5438777646319304,0.0,0.0,1.0,inf,271.0,inf,175.0,0.0,175.0,0.0,0.0,0.0,0.0,0.0,0.0
94.0,274.0,820.0,546.0,273.0,1.9927007299270072,251.89402987677926,503.78805975355846,0.5438795038811252,0.0,0.0,1.0,inf,274.0,inf,220.0,3.0,217.0,0.0,0.0,0.0,0.0,0.0,0.0
95.0,274.0,820.0,546.0,273.0,1.9927007299270072,251.89402987677926,503.78805975355846,0.5438795038811252,0.0,0.0,1.0,inf,274.0,inf,204.0,0.0,204.0,0.0,0.0,0.0,0.0,0.0,0.0
96.0,276.0,826.0,550.0,275.0,1.9927536231884058,253.62511783691946,507.25023567383886,0.5441101464119724,0.0,0.0,1.0,inf,276.0,inf,220.0,2.0,218.0,0.0,0.0,0.0,0.0,0.0,0.0
97.0,276.0,826.0,550.0,275.0,1.9927536231884058,253.62511783691946,507.25023567383886,0.5441101464119724,0.0,0.0,1.0,inf,276.0,inf,206.0,0.0,206.0,0.0,0.0,0.0,0.0,0.0,0.0
98.0,277.0,829.0,552.0,276.0,1.9927797833935017,254.49963304277904,508.999266085558,0.544205106876203,0.0,0.0,1.0,inf,277.0,inf,220.0,1.0,219.0,0.0,0.0,0.0,0.0,0.0,0.0
99.0,277.0,829.0,552.0,276.0,1.9927797833935017,254.49963304277904,508.999266085558,0.544205106876203,0.0,0.0,1.0,inf,277.0,inf,213.0,0.0,213.0,0.0,0.0,0.0,0.0,0.0,0.0
100.0,282.0,844.0,562.0,281.0,1.9929078014184398,259.0869230541762,518.1738461083523,0.5442188989620148,0.0,0.0,1.0,inf,282.0,inf,220.0,5.0,215.0,0.0,0.0,0.0,0.0,0.0,0.0
101.0,282.0,844.0,562.0,281.0,1.9929078014184398,259.0869230541762,518.1738461083523,0.5442188989620148,0.0,0.0,1.0,inf,282.0,inf,197.0,0.0,197.0,0.0,0.0,0.0,0.0,0.0,0.0
102.0,284.0,850.0,566.0,283.0,1.9929577464788732,260.98580934278687,521.9716186855736,0.5440908850852225,0.0,0.0,1.0,inf,284.0,inf,220.0,2.0,218.0,0.0,0.0,0.0,0.0,0.0,0.0
103.0,284.0,850.0,566.0,283.0,1.9929577464788732,260.98580934278687,521.9716186855736,0.5440908850852225,0.0,0.0,1.0,inf,284.0,inf,209.0,0.0,209.0,0.0,0.0,0.0,0.0,0.0,0.0
104.0,287.0,859.0,572.0,286.0,1.9930313588850175,263.862202578926,527.7244051578518,0.5438444710817442,0.0,0.0,1.0,inf,287.0,inf,220.0,3.0,217.0,0.0,0.0,0.0,0.0,0.0,0.0
105.0,287.0,859.0,572.0,286.0,1.9930313588850175,263.862202578926,527.7244051578518,0.5438444710817442,0.0,0.0,1.0,inf,287.0,inf,205.0,0.0,205.0,0.0,0.0,0.0,0.0,0.0,0.0
106.0,291.0,871.0,580.0,290.0,1.993127147766323,267.593642837663,535.1872856753259,0.543734890175505,0.0,0.0,1.0,inf,291.0,inf,220.0,4.0,216.0,0.0,0.0,0.0,0.0,0.0,0.0
107.0,291.0,871.0,580.0,290.0,1.993127147766323,267.593642837663,535.1872856753259,0.543734890175505,0.0,0.0,1.0,inf,291.0,inf,200.0,0.0,200.0,0.0,0.0,0.0,0.0,0.0,0.0
108.0,292.0,874.0,582.0,291.0,1.9931506849315068,268.50020346192457,537.000406923849,0.5437612266863849,0.0,0.0,1.0,inf,292.0,inf,220.0,1.0,219.0,0.0,0.0,0.0,0.0,0.0,0.0
109.0,292.0,874.0,582.0,291.0,1.9931506849315068,268.50020346192457,537.000406923849,0.5437612266863849,0.0,0.0,1.0,inf,292.0,inf,218.0,0.0,218.0,0.0,0.0,0.0,0.0,0.0,0.0
110.0,295.0,883.0,588.0,294.0,1.993220338983051,271.2657581111371,542.531516222274,0.5437472131649198,0.0,0.0,1.0,inf,295.0,inf,220.0,3.0,217.0,0.0,0.0,0.0,0.0,0.0,0.0
111.0,295.0,883.0,588.0,294.0,1.993220338983051,271.2657581111371,542.531516222274,0.5437472131649198,0.0,0.0,1.0,inf,295.0,inf,209.0,0.0,209.0,0.0,0.0,0.0,0.0,0.0,0.0
112.0,296.0,886.0,590.0,295.0,1.9932432432432432,272.1974866095744,544.3949732191487,0.5437228750472753,0.0,0.0,1.0,inf,296.0,inf,220.0,1.0,219.0,0.0,0.0,0.0,0.0,0.0,0.0
113.0,296.0,886.0,590.0,295.0,1.9932432432432432,272.1974866095744,544.3949732191487,0.5437228750472753,0.0,0.0,1.0,inf,296.0,inf,217.0,0.0,217.0,0.0,0.0,0.0,0.0,0.0,0.0
114.0,302.0,904.0,602.0,301.0,1.9933774834437086,277.7449602328921,555.489920465784,0.5436642302109999,0.0,0.0,1.0,inf,302.0,inf,220.0,6.0,214.0,0.0,0.0,0.0,0.0,0.0,0.0
115.0,302.0,904.0,602.0,301.0,1.9933774834437086,277.7449602328921,555.489920465784,0.5436642302109999,0.0,0.0,1.0,inf,302.0,inf,189.0,0.0,189.0,0.0,0.0,0.0,0.0,0.0,0.0
116.0,305.0,913.0,608.0,304.0,1.9934426229508198,280.3897160327841,560.7794320655681,0.5438858534389657,0.0,0.0,1.0,inf,305.0,inf,220.0,3.0,217.0,0.0,0.0,0.0,0.0,0.0,0.0
117.0,305.0,913.0,608.0,304.0,1.9934426229508198,280.3897160327841,560.7794320655681,0.5438858534389657,0.0,0.0,1.0,inf,305.0,inf,207.0,0.0,207.0,0.0,0.0,0.0,0.0,0.0,0.0
118.0,307.0,919.0,612.0,306.0,1.993485342019544,282.13442988109625,564.2688597621924,0.5440668835231901,0.0,0.0,1.0,inf,307.0,inf,220.0,2.0,218.0,0.0,0.0,0.0,0.0,0.0,0.0
119.0,307.0,919.0,612.0,306.0,1.993485342019544,282.13442988109625,564.2688597621924,0.5440668835231901,0.0,0.0,1.0,inf,307.0,inf,207.0,0.0,207.0,0.0,0.0,0.0,0.0,0.0,0.0
120.0,309.0,925.0,616.0,308.0,1.993527508090615,284.0504705888809,568.1009411777617,0.5439174231244801,0.0,0.0,1.0,inf,309.0,inf,220.0,2.0,218.0,0.0,0.0,0.0,0.0,0.0,0.0
121.0,309.0,925.0,616.0,308.0,1.993527508090615,284.0504705888809,568.1009411777617,0.5439174231244801,0.0,0.0,1.0,inf,309.0,inf,212.0,0.0,212.0,0.0,0.0,0.0,0.0,0.0,0.0
122.0,310.0,928.0,618.0,309.0,1.9935483870967743,285.0410169875644,570.0820339751286,0.5437813885107009,0.0,0.0,1.0,inf,310.0,inf,220.0,1.0,219.0,0.0,0.0,0.0,0.0,0.0,0.0
123.0,310.0,928.0,618.0,309.0,1.9935483870967743,285.0410169875644,570.0820339751286,0.5437813885107009,0.0,0.0,1.0,inf,310.0,inf,214.0,0.0,214.0,0.0,0.0,0.0,0.0,0.0,0.0
124.0,311.0,931.0,620.0,310.0,1.9935691318327975,285.9061483385873,571.8122966771745,0.5438847709418532,0.0,0.0,1.0,inf,311.0,inf,220.0,1.0,219.0,0.0,0.0,0.0,0.0,0.0,0.0
125.0,311.0,931.0,620.0,310.0,1.9935691318327975,285.9061483385873,571.8122966771745,0.5438847709418532,0.0,0.0,1.0,inf,311.0,inf,214.0,0.0,214.0,0.0,0.0,0.0,0.0,0.0,0.0
126.0,313.0,937.0,624.0,312.0,1.9936102236421724,287.68648814538966,575.3729762907792,0.5439949613515,0.0,0.0,1.0,inf,313.0,inf,220.0,2.0,218.0,0.0,0.0,0.0,0.0,0.0,0.0
127.0,313.0,937.0,624.0,312.0,1.9936102236421724,287.68648814538966,575.3729762907792,0.5439949613515,0.0,0.0,1.0,inf,313.0,inf,215.0,0.0,215.0,0.0,0.0,0.0,0.0,0.0,0.0
128.0,314.0,940.0,626.0,313.0,1.9936305732484076,288.59527407916005,577.19054815832,0.544014452422862,0.0,0.0,1.0,inf,314.0,inf,220.0,1.0,219.0,0.0,0.0,0.0,0.0,0.0,0.0
129.0,314.0,940.0,626.0,313.0,1.9936305732484076,288.59527407916005,577.19054815832,0.544014452422862,0.0,0.0,1.0,inf,314.0,inf,217.0,0.0,217.0,0.0,0.0,0.0,0.0,0.0,0.0
130.0,317.0,949.0,632.0,316.0,1.9936908517350158,291.3415849843152,582.6831699686303,0.544034934142797,0.0,0.0,1.0,inf,317.0,inf,220.0,3.0,217.0,0.0,0.0,0.0,0.0,0.0,0.0
131.0,317.0,949.0,632.0,316.0,1.9936908517350158,291.3415849843152,582.6831699686303,0.544034934142797,0.0,0.0,1.0,inf,317.0,inf,206.0,0.0,206.0,0.0,0.0,0.0,0.0,0.0,0.0
132.0,318.0,952.0,634.0,317.0,1.9937106918238994,292.22022735002287,584.4404547000456,0.5441101782784838,0.0,0.0,1.0,inf,318.0,inf,220.0,1.0,219.0,0.0,0.0,0.0,0.0,0.0,0.0
133.0,318.0,952.0,634.0,317.0,1.9937106918238994,292.22022735002287,584.4404547000456,0.5441101782784838,0.0,0.0,1.0,inf,318.0,inf,215.0,0.0,215.0,0.0,0.0,0.0,0.0,0.0,0.0
134.0,320.0,958.0,638.0,319.0,1.99375,293.95933076457464,587.9186615291492,0.5442929795215121,0.0,0.0,1.0,inf,320.0,inf,220.0,2.0,218.0,0.0,0.0,0.0,0.0,0.0,0.0
135.0,320.0,958.0,638.0,319.0,1.99375,293.95933076457464,587.9186615291492,0.5442929795215121,0.0,0.0,1.0,inf,320.0,inf,211.0,0.0,211.0,0.0,0.0,0.0,0.0,0.0,0.0
136.0,321.0,961.0,640.0,320.0,1.9937694704049844,294.8928282443456,589.7856564886911,0.5442655250571613,0.0,0.0,1.0,inf,321.0,inf,220.0,1.0,219.0,0.0,0.0,0.0,0.0,0.0,0.0
137.0,321.0,961.0,640.0,320.0,1.9937694704049844,294.8928282443456,589.7856564886911,0.5442655250571613,0.0,0.0,1.0,inf,321.0,inf,217.0,0.0,217.0,0.0,0.0,0.0,0.0,0.0,0.0
138.0,327.0,979.0,652.0,326.0,1.9938837920489296,300.4277171723976,600.8554343447951,0.544224086708275,0.0,0.0,1.0,inf,327.0,inf,220.0,6.0,214.0,0.0,0.0,0.0,0.0,0.0,0.0
139.0,327.0,979.0,652.0,326.0,1.9938837920489296,300.4277171723976,600.8554343447951,0.544224086708275,0.0,0.0,1.0,inf,327.0,inf,194.0,0.0,194.0,0.0,0.0,0.0,0.0,0.0,0.0
140.0,328.0,982.0,654.0,327.0,1.9939024390243902,301.3717090718716,602.743418143743,0.544178484785674,0.0,0.0,1.0,inf,328.0,inf,220.0,1.0,219.0,0.0,0.0,0.0,0.0,0.0,0.0
141.0,328.0,982.0,654.0,327.0,1.9939024390243902,301.3717090718716,602.743418143743,0.544178484785674,0.0,0.0,1.0,inf,328.0,inf,215.0,0.0,215.0,0.0,0.0,0.0,0.0,0.0,0.0
142.0,331.0,991.0,660.0,330.0,1.9939577039274925,304.1115302338366,608.2230604676731,0.5442082379209503,0.0,0.0,1.0,inf,331.0,inf,220.0,3.0,217.0,0.0,0.0,0.0,0.0,0.0,0.0
143.0,331.0,991.0,660.0,330.0,1.9939577039274925,304.1115302338366,608.2230604676731,0.5442082379209503,0.0,0.0,1.0,inf,331.0,inf,203.0,0.0,203.0,0.0,0.0,0.0,0.0,0.0,0.0
144.0,334.0,1000.0,666.0,333.0,1.9940119760479043,306.9232873180947,613.8465746361893,0.544109902703217,0.0,0.0,1.0,inf,334.0,inf,220.0,3.0,217.0,0.0,0.0,0.0,0.0,0.0,0.0
145.0,334.0,1000.0,666.0,333.0,1.9940119760479043,306.9232873180947,613.8465746361893,0.544109902703217,0.0,0.0,1.0,inf,334.0,inf,206.0,0.0,206.0,0.0,0.0,0.0,0.0,0.0,0.0
146.0,334.0,1000.0,666.0,333.0,1.9940119760479043,306.9232873180947,613.8465746361893,0.544109902703217,0.0,0.0,1.0,inf,334.0,inf,220.0,0.0,220.0,0.0,0.0,0.0,0.0,0.0,0.0
147.0,336.0,1006.0,670.0,335.0,1.994047619047619,308.73141111341386,617.4628222268276,0.5441623169930204,0.0,0.0,1.0,inf,336.0,inf,220.0,2.0,218.0,0.0,0.0,0.0,0.0,0.0,0.0
148.0,336.0,1006.0,670.0,335.0,1.994047619047619,308.73141111341386,617.4628222268276,0.5441623169930204,0.0,0.0,1.0,inf,336.0,inf,213.0,0.0,213.0,0.0,0.0,0.0,0.0,0.0,0.0
149.0,339.0,1015.0,676.0,338.0,1.9941002949852507,311.5235431321445,623.0470862642889,0.5441001289847945,0.0,0.0,1.0,inf,339.0,inf,220.0,3.0,217.0,0.0,0.0,0.0,0.0,0.0,0.0
150.0,339.0,1015.0,676.0,338.0,1.9941002949852507,311.5235431321445,623.0470862642889,0.5441001289847945,0.0,0.0,1.0,inf,339.0,inf,207.0,0.0,207.0,0.0,0.0,0.0,0.0,0.0,0.0
151.0,342.0,1024.0,682.0,341.0,1.9941520467836258,314.13040066388936,628.2608013277786,0.5443599207163817,0.0,0.0,1.0,inf,342.0,inf,220.0,3.0,217.0,0.0,0.0,0.0,0.0,0.0,0.0
152.0,342.0,1024.0,682.0,341.0,1.9941520467836258,314.13040066388936,628.2608013277786,0.5443599207163817,0.0,0.0,1.0,inf,342.0,inf,209.0,0.0,209.0,0.0,0.0,0.0,0.0,0.0,0.0
153.0,346.0,1036.0,690.0,345.0,1.9942196531791907,317.63263387393755,635.265267747875,0.5446543634073208,0.0,0.0,1.0,inf,346.0,inf,220.0,4.0,216.0,0.0,0.0,0.0,0.0,0.0,0.0
154.0,346.0,1036.0,690.0,345.0,1.9942196531791907,317.63263387393755,635.265267747875,0.5446543634073208,0.0,0.0,1.0,inf,346.0,inf,206.0,0.0,206.0,0.0,0.0,0.0,0.0,0.0,0.0
155.0,346.0,1036.0,690.0,345.0,1.9942196531791907,317.63263387393755,635.265267747875,0.5446543634073208,0.0,0.0,1.0,inf,346.0,inf,220.0,0.0,220.0,0.0,0.0,0.0,0.0,0.0,0.0
156.0,347.0,1039.0,692.0,346.0,1.994236311239193,318.62120742029083,637.2424148405815,0.5445337471561882,0.0,0.0,1.0,inf,347.0,inf,220.0,1.0,219.0,0.0,0.0,0.0,0.0,0.0,0.0
157.0,347.0,1039.0,692.0,346.0,1.994236311239193,318.62120742029083,637.2424148405815,0.5445337471561882,0.0,0.0,1.0,inf,347.0,inf,216.0,0.0,216.0,0.0,0.0,0.0,0.0,0.0,0.0
158.0,349.0,1045.0,696.0,348.0,1.994269340974212,320.45771350830745,640.9154270166148,0.5445336237646105,0.0,0.0,1.0,inf,349.0,inf,220.0,2.0,218.0,0.0,0.0,0.0,0.0,0.0,0.0
159.0,349.0,1045.0,696.0,348.0,1.994269340974212,320.45771350830745,640.9154270166148,0.5445336237646105,0.0,0.0,1.0,inf,349.0,inf,213.0,0.0,213.0,0.0,0.0,0.0,0.0,0.0,0.0
160.0,351.0,1051.0,700.0,350.0,1.9943019943019944,322.31462957696976,644.6292591539394,0.5444990201975616,0.0,0.0,1.0,inf,351.0,inf,220.0,2.0,218.0,0.0,0.0,0.0,0.0,0.0,0.0
161.0,351.0,1051.0,700.0,350.0,1.9943019943019944,322.31462957696976,644.6292591539394,0.5444990201975616,0.0,0.0,1.0,inf,351.0,inf,212.0,0.0,212.0,0.0,0.0,0.0,0.0,0.0,0.0
162.0,351.0,1051.0,700.0,350.0,1.9943019943019944,322.31462957696976,644.6292591539394,0.5444990201975616,0.0,0.0,1.0,inf,351.0,inf,220.0,0.0,220.0,0.0,0.0,0.0,0.0,0.0,0.0
163.0,355.0,1063.0,708.0,354.0,1.9943661971830986,325.9080385242066,651.816077048413,0.5446321631211203,0.0,0.0,1.0,inf,355.0,inf,220.0,4.0,216.0,0.0,0.0,0.0,0.0,0.0,0.0
164.0,355.0,1063.0,708.0,354.0,1.9943661971830986,325.9080385242066,651.816077048413,0.5446321631211203,0.0,0.0,1.0,inf,355.0,inf,205.0,0.0,205.0,0.0,0.0,0.0,0.0,0.0,0.0
165.0,357.0,1069.0,712.0,356.0,1.9943977591036415,327.62794847156647,655.2558969431328,0.5448253143015708,0.0,0.0,1.0,inf,357.0,inf,220.0,2.0,218.0,0.0,0.0,0.0,0.0,0.0,0.0
166.0,357.0,1069.0,712.0,356.0,1.9943977591036415,327.62794847156647,655.2558969431328,0.5448253143015708,0.0,0.0,1.0,inf,357.0,inf,212.0,0.0,212.0,0.0,0.0,0.0,0.0,0.0,0.0
167.0,359.0,1075.0,716.0,358.0,1.9944289693593316,329.509586687304,659.0191733746079,0.5447489458640268,0.0,0.0,1.0,inf,359.0,inf,220.0,2.0,218.0,0.0,0.0,0.0,0.0,0.0,0.0
168.0,359.0,1075.0,716.0,358.0,1.9944289693593316,329.509586687304,659.0191733746079,0.5447489458640268,0.0,0.0,1.0,inf,359.0,inf,212.0,0.0,212.0,0.0,0.0,0.0,0.0,0.0,0.0
169.0,361.0,1081.0,720.0,360.0,1.994459833795014,331.22266772941055,662.445335458821,0.5449506256240226,0.0,0.0,1.0,inf,361.0,inf,220.0,2.0,218.0,0.0,0.0,0.0,0.0,0.0,0.0
170.0,361.0,1081.0,720.0,360.0,1.994459833795014,331.22266772941055,662.445335458821,0.5449506256240226,0.0,0.0,1.0,inf,361.0,inf,211.0,0.0,211.0,0.0,0.0,0.0,0.0,0.0,0.0
171.0,364.0,1090.0,726.0,363.0,1.9945054945054945,333.97673295460527,667.9534659092104,0.5449481417160214,0.0,0.0,1.0,inf,364.0,inf,220.0,3.0,217.0,0.0,0.0,0.0,0.0,0.0,0.0
172.0,364.0,1090.0,726.0,363.0,1.9945054945054945,333.97673295460527,667.9534659092104,0.5449481417160214,0.0,0.0,1.0,inf,364.0,inf,206.0,0.0,206.0,0.0,0.0,0.0,0.0,0.0,0.0
173.0,366.0,1096.0,730.0,365.0,1.994535519125683,335.9596980121959,671.9193960243916,0.5447081929254408,0.0,0.0,1.0,inf,366.0,inf,220.0,2.0,218.0,0.0,0.0,0.0,0.0,0.0,0.0
174.0,366.0,1096.0,730.0,365.0,1.994535519125683,335.9596980121959,671.9193960243916,0.5447081929254408,0.0,0.0,1.0,inf,366.0,inf,214.0,0.0,214.0,0.0,0.0,0.0,0.0,0.0,0.0
175.0,366.0,1096.0,730.0,365.0,1.994535519125683,335.9596980121959,671.9193960243916,0.5447081929254408,0.0,0.0,1.0,inf,366.0,inf,220.0,0.0,220.0,0.0,0.0,0.0,0.0,0.0,0.0
176.0,367.0,1099.0,732.0,366.0,1.994550408719346,336.9206220632839,673.8412441265676,0.5446386714955465,0.0,0.0,1.0,inf,367.0,inf,220.0,1.0,219.0,0.0,0.0,0.0,0.0,0.0,0.0
177.0,367.0,1099.0,732.0,366.0,1.994550408719346,336.9206220632839,673.8412441265676,0.5446386714955465,0.0,0.0,1.0,inf,367.0,inf,216.0,0.0,216.0,0.0,0.0,0.0,0.0,0.0,0.0
178.0,368.0,1102.0,734.0,367.0,1.9945652173913044,337.78771021332614,675.5754204266522,0.5447208244604188,0.0,0.0,1.0,inf,368.0,inf,220.0,1.0,219.0,0.0,0.0,0.0,0.0,0.0,0.0
179.0,368.0,1102.0,734.0,367.0,1.9945652173913044,337.78771021332614,675.5754204266522,0.5447208244604188,0.0,0.0,1.0,inf,368.0,inf,215.0,0.0,215.0,0.0,0.0,0.0,0.0,0.0,0.0
180.0,370.0,1108.0,738.0,369.0,1.9945945945945946,339.7227995470321,679.445599094064,0.5445616256744292,0.0,0.0,1.0,inf,370.0,inf,220.0,2.0,218.0,0.0,0.0,0.0,0.0,0.0,0.0
181.0,370.0,1108.0,738.0,369.0,1.9945945945945946,339.7227995470321,679.445599094064,0.5445616256744292,0.0,0.0,1.0,inf,370.0,inf,217.0,0.0,217.0,0.0,0.0,0.0,0.0,0.0,0.0
182.0,372.0,1114.0,742.0,371.0,1.9946236559139785,341.60264946102757,683.205298922055,0.5444922640192233,0.0,0.0,1.0,inf,372.0,inf,220.0,2.0,218.0,0.0,0.0,0.0,0.0,0.0,0.0
183.0,372.0,1114.0,742.0,371.0,1.9946236559139785,341.60264946102757,683.205298922055,0.5444922640192233,0.0,0.0,1.0,inf,372.0,inf,210.0,0.0,210.0,0.0,0.0,0.0,0.0,0.0,0.0
184.0,375.0,1123.0,748.0,374.0,1.9946666666666666,344.3127845791508,688.6255691583015,0.5445629915519371,0.0,0.0,1.0,inf,375.0,inf,220.0,3.0,217.0,0.0,0.0,0.0,0.0,0.0,0.0
185.0,375.0,1123.0,748.0,374.0,1.9946666666666666,344.3127845791508,688.6255691583015,0.5445629915519371,0.0,0.0,1.0,inf,375.0,inf,207.0,0.0,207.0,0.0,0.0,0.0,0.0,0.0,0.0
186.0,376.0,1126.0,750.0,375.0,1.9946808510638299,345.26192943414264,690.5238588682852,0.5445141325257533,0.0,0.0,1.0,inf,376.0,inf,220.0,1.0,219.0,0.0,0.0,0.0,0.0,0.0,0.0
187.0,376.0,1126.0,750.0,375.0,1.9946808510638299,345.26192943414264,690.5238588682852,0.5445141325257533,0.0,0.0,1.0,inf,376.0,inf,215.0,0.0,215.0,0.0,0.0,0.0,0.0,0.0,0.0
188.0,378.0,1132.0,754.0,377.0,1.9947089947089947,347.17345163488466,694.3469032697692,0.5443964655418627,0.0,0.0,1.0,inf,378.0,inf,220.0,2.0,218.0,0.0,0.0,0.0,0.0,0.0,0.0
189.0,378.0,1132.0,754.0,377.0,1.9947089947089947,347.17345163488466,694.3469032697692,0.5443964655418627,0.0,0.0,1.0,inf,378.0,inf,210.0,0.0,210.0,0.0,0.0,0.0,0.0,0.0,0.0
190.0,383.0,1147.0,764.0,382.0,1.9947780678851175,351.65557716003576,703.3111543200714,0.5445669354842902,0.0,0.0,1.0,inf,383.0,inf,220.0,5.0,215.0,0.0,0.0,0.0,0.0,0.0,0.0
191.0,383.0,1147.0,764.0,382.0,1.9947780678851175,351.65557716003576,703.3111543200714,0.5445669354842902,0.0,0.0,1.0,inf,383.0,inf,204.0,0.0,204.0,0.0,0.0,0.0,0.0,0.0,0.0
192.0,384.0,1150.0,766.0,383.0,1.9947916666666667,352.5189676907708,705.0379353815415,0.5446515438806748,0.0,0.0,1.0,inf,384.0,inf,220.0,1.0,219.0,0.0,0.0,0.0,0.0,0.0,0.0
193.0,384.0,1150.0,766.0,383.0,1.9947916666666667,352.5189676907708,705.0379353815415,0.5446515438806748,0.0,0.0,1.0,inf,384.0,inf,216.0,0.0,216.0,0.0,0.0,0.0,0.0,0.0,0.0
194.0,385.0,1153.0,768.0,384.0,1.9948051948051948,353.41227534996494,706.8245506999298,0.544689625761804,0.0,0.0,1.0,inf,385.0,inf,220.0,1.0,219.0,0.0,0.0,0.0,0.0,0.0,0.0
195.0,385.0,1153.0,768.0,384.0,1.9948051948051948,353.41227534996494,706.8245506999298,0.544689625761804,0.0,0.0,1.0,inf,385.0,inf,217.0,0.0,217.0,0.0,0.0,0.0,0.0,0.0,0.0
196.0,386.0,1156.0,770.0,385.0,1.994818652849741,354.31820857116907,708.636417142338,0.5447081051191126,0.0,0.0,1.0,inf,386.0,inf,220.0,1.0,219.0,0.0,0.0,0.0,0.0,0.0,0.0
197.0,386.0,1156.0,770.0,385.0,1.994818652849741,354.31820857116907,708.636417142338,0.5447081051191126,0.0,0.0,1.0,inf,386.0,inf,216.0,0.0,216.0,0.0,0.0,0.0,0.0,0.0,0.0
198.0,387.0,1159.0,772.0,386.0,1.9948320413436693,355.2824157720917,710.5648315441833,0.5446371433257967,0.0,0.0,1.0,inf,387.0,inf,220.0,1.0,219.0,0.0,0.0,0.0,0.0,0.0,0.0
199.0,387.0,1159.0,772.0,386.0,1.9948320413436693,355.2824157720917,710.5648315441833,0.5446371433257967,0.0,0.0,1.0,inf,387.0,inf,217.0,0.0,217.0,0.0,0.0,0.0,0.0,0.0,0.0
200.0,389.0,1165.0,776.0,388.0,1.9948586118251928,357.21278061381446,714.4255612276288,0.5444933959691535,0.0,0.0,1.0,inf,389.0,inf,220.0,2.0,218.0,0.0,0.0,0.0,0.0,0.0,0.0
201.0,389.0,1165.0,776.0,388.0,1.9948586118251928,357.21278061381446,714.4255612276288,0.5444933959691535,0.0,0.0,1.0,inf,389.0,inf,212.0,0.0,212.0,0.0,0.0,0.0,0.0,0.0,0.0
202.0,391.0,1171.0,780.0,390.0,1.9948849104859334,359.1439460089387,718.2878920178773,0.5443499804814592,0.0,0.0,1.0,inf,391.0,inf,220.0,2.0,218.0,0.0,0.0,0.0,0.0,0.0,0.0
203.0,391.0,1171.0,780.0,390.0,1.9948849104859334,359.1439460089387,718.2878920178773,0.5443499804814592,0.0,0.0,1.0,inf,391.0,inf,213.0,0.0,213.0,0.0,0.0,0.0,0.0,0.0,0.0
204.0,391.0,1171.0,780.0,390.0,1.9948849104859334,359.1439460089387,718.2878920178773,0.5443499804814592,0.0,0.0,1.0,inf,391.0,inf,220.0,0.0,220.0,0.0,0.0,0.0,0.0,0.0,0.0
205.0,392.0,1174.0,782.0,391.0,1.9948979591836735,360.13039147188323,720.2607829437663,0.5442473188639579,0.0,0.0,1.0,inf,392.0,inf,220.0,1.0,219.0,0.0,0.0,0.0,0.0,0.0,0.0
206.0,392.0,1174.0,782.0,391.0,1.9948979591836735,360.13039147188323,720.2607829437663,0.5442473188639579,0.0,0.0,1.0,inf,392.0,inf,215.0,0.0,215.0,0.0,0.0,0.0,0.0,0.0,0.0
207.0,396.0,1186.0,790.0,395.0,1.994949494949495,363.79473520751867,727.5894704150372,0.5442629616040356,0.0,0.0,1.0,inf,396.0,inf,220.0,4.0,216.0,0.0,0.0,0.0,0.0,0.0,0.0
208.0,396.0,1186.0,790.0,395.0,1.994949494949495,363.79473520751867,727.5894704150372,0.5442629616040356,0.0,0.0,1.0,inf,396.0,inf,206.0,0.0,206.0,0.0,0.0,0.0,0.0,0.0,0.0
209.0,398.0,1192.0,794.0,397.0,1.9949748743718594,365.66227301028744,731.3245460205748,0.5442180249051873,0.0,0.0,1.0,inf,398.0,inf,220.0,2.0,218.0,0.0,0.0,0.0,0.0,0.0,0.0
210.0,398.0,1192.0,794.0,397.0,1.9949748743718594,365.66227301028744,731.3245460205748,0.5442180249051873,0.0,0.0,1.0,inf,398.0,inf,212.0,0.0,212.0,0.0,0.0,0.0,0.0,0.0,0.0
211.0,399.0,1195.0,796.0,398.0,1.994987468671679,366.5827442028275,733.1654884056549,0.5442154688263727,0.0,0.0,1.0,inf,399.0,inf,220.0,1.0,219.0,0.0,0.0,0.0,0.0,0.0,0.0
212.0,399.0,1195.0,796.0,398.0,1.994987468671679,366.5827442028275,733.1654884056549,0.5442154688263727,0.0,0.0,1.0,inf,399.0,inf,218.0,0.0,218.0,0.0,0.0,0.0,0.0,0.0,0.0
213.0,403.0,1207.0,804.0,402.0,1.9950372208436724,370.2917436246621,740.5834872493241,0.5441655221031501,0.0,0.0,1.0,inf,403.0,inf,220.0,4.0,216.0,0.0,0.0,0.0,0.0,0.0,0.0
214.0,403.0,1207.0,804.0,402.0,1.9950372208436724,370.2917436246621,740.5834872493241,0.5441655221031501,0.0,0.0,1.0,inf,403.0,inf,210.0,0.0,210.0,0.0,0.0,0.0,0.0,0.0,0.0
215.0,405.0,1213.0,808.0,404.0,1.9950617283950618,372.2039702239142,744.4079404478283,0.5440565286774831,0.0,0.0,1.0,inf,405.0,inf,220.0,2.0,218.0,0.0,0.0,0.0,0.0,0.0,0.0
216.0,405.0,1213.0,808.0,404.0,1.9950617283950618,372.2039702239142,744.4079404478283,0.5440565286774831,0.0,0.0,1.0,inf,405.0,inf,214.0,0.0,214.0,0.0,0.0,0.0,0.0,0.0,0.0
217.0,406.0,1216.0,810.0,405.0,1.9950738916256157,373.0794613198281,746.1589226396561,0.5441200093992179,0.0,0.0,1.0,inf,406.0,inf,220.0,1.0,219.0,0.0,0.0,0.0,0.0,0.0,0.0
218.0,406.0,1216.0,810.0,405.0,1.9950738916256157,373.0794613198281,746.1589226396561,0.5441200093992179,0.0,0.0,1.0,inf,406.0,inf,218.0,0.0,218.0,0.0,0.0,0.0,0.0,0.0,0.0
219.0,410.0,1228.0,818.0,409.0,1.9951219512195122,376.68321325577824,753.3664265115564,0.5442238804010611,0.0,0.0,1.0,inf,410.0,inf,220.0,4.0,216.0,0.0,0.0,0.0,0.0,0.0,0.0
220.0,410.0,1228.0,818.0,409.0,1.9951219512195122,376.68321325577824,753.3664265115564,0.5442238804010611,0.0,0.0,1.0,inf,410.0,inf,206.0,0.0,206.0,0.0,0.0,0.0,0.0,0.0,0.0
221.0,410.0,1228.0,818.0,409.0,1.9951219512195122,376.68321325577824,753.3664265115564,0.5442238804010611,0.0,0.0,1.0,inf,410.0,inf,220.0,0.0,220.0,0.0,0.0,0.0,0.0,0.0,0.0
222.0,412.0,1234.0,822.0,411.0,1.9951456310679612,378.529864234263,757.0597284685259,0.5442106936971071,0.0,0.0,1.0,inf,412.0,inf,220.0,2.0,218.0,0.0,0.0,0.0,0.0,0.0,0.0
223.0,412.0,1234.0,822.0,411.0,1.9951456310679612,378.529864234263,757.0597284685259,0.5442106936971071,0.0,0.0,1.0,inf,412.0,inf,215.0,0.0,215.0,0.0,0.0,0.0,0.0,0.0,0.0
224.0,415.0,1243.0,828.0,414.0,1.9951807228915663,381.3676353177871,762.7352706355741,0.54409441385107,0.0,0.0,1.0,inf,415.0,inf,220.0,3.0,217.0,0.0,0.0,0.0,0.0,0.0,0.0
225.0,415.0,1243.0,828.0,414.0,1.9951807228915663,381.3676353177871,762.7352706355741,0.54409441385107,0.0,0.0,1.0,inf,415.0,inf,205.0,0.0,205.0,0.0,0.0,0.0,0.0,0.0,0.0
226.0,415.0,1243.0,828.0,414.0,1.9951807228915663,381.3676353177871,762.7352706355741,0.54409441385107,0.0,0.0,1.0,inf,415.0,inf,220.0,0.0,220.0,0.0,0.0,0.0,0.0,0.0,0.0
227.0,416.0,1246.0,830.0,415.0,1.9951923076923077,382.3647539065522,764.7295078131043,0.5439831937303354,0.0,0.0,1.0,inf,416.0,inf,220.0,1.0,219.0,0.0,0.0,0.0,0.0,0.0,0.0
228.0,416.0,1246.0,830.0,415.0,1.9951923076923077,382.3647539065522,764.7295078131043,0.5439831937303354,0.0,0.0,1.0,inf,416.0,inf,215.0,0.0,215.0,0.0,0.0,0.0,0.0,0.0,0.0
229.0,417.0,1249.0,832.0,416.0,1.9952038369304557,383.2332000913149,766.4664001826297,0.5440551600182857,0.0,0.0,1.0,inf,417.0,inf,220.0,1.0,219.0,0.0,0.0,0.0,0.0,0.0,0.0
230.0,417.0,1249.0,832.0,416.0,1.9952038369304557,383.2332000913149,766.4664001826297,0.5440551600182857,0.0,0.0,1.0,inf,417.0,inf,219.0,0.0,219.0,0.0,0.0,0.0,0.0,0.0,0.0
231.0,418.0,1252.0,834.0,417.0,1.9952153110047848,384.1611113647667,768.3222227295333,0.5440425743707082,0.0,0.0,1.0,inf,418.0,inf,220.0,1.0,219.0,0.0,0.0,0.0,0.0,0.0,0.0
232.0,418.0,1252.0,834.0,417.0,1.9952153110047848,384.1611113647667,768.3222227295333,0.5440425743707082,0.0,0.0,1.0,inf,418.0,inf,217.0,0.0,217.0,0.0,0.0,0.0,0.0,0.0,0.0
233.0,418.0,1252.0,834.0,417.0,1.9952153110047848,384.1611113647667,768.3222227295333,0.5440425743707082,0.0,0.0,1.0,inf,418.0,inf,220.0,0.0,220.0,0.0,0.0,0.0,0.0,0.0,0.0
234.0,419.0,1255.0,836.0,418.0,1.9952267303102624,385.1497464351718,770.2994928703434,0.5439442760616304,0.0,0.0,1.0,inf,419.0,inf,220.0,1.0,219.0,0.0,0.0,0.0,0.0,0.0,0.0
235.0,419.0,1255.0,836.0,418.0,1.9952267303102624,385.1497464351718,770.2994928703434,0.5439442760616304,0.0,0.0,1.0,inf,419.0,inf,218.0,0.0,218.0,0.0,0.0,0.0,0.0,0.0,0.0
236.0,420.0,1258.0,838.0,419.0,1.9952380952380953,386.02516640031445,772.0503328006288,0.5440059827141596,0.0,0.0,1.0,inf,420.0,inf,220.0,1.0,219.0,0.0,0.0,0.0,0.0,0.0,0.0
237.0,420.0,1258.0,838.0,419.0,1.9952380952380953,386.02516640031445,772.0503328006288,0.5440059827141596,0.0,0.0,1.0,inf,420.0,inf,217.0,0.0,217.0,0.0,0.0,0.0,0.0,0.0,0.0
238.0,421.0,1261.0,840.0,420.0,1.995249406175772,386.9013138748396,773.8026277496791,0.5440663870893331,0.0,0.0,1.0,inf,421.0,inf,220.0,1.0,219.0,0.0,0.0,0.0,0.0,0.0,0.0
239.0,421.0,1261.0,840.0,420.0,1.995249406175772,386.9013138748396,773.8026277496791,0.5440663870893331,0.0,0.0,1.0,inf,421.0,inf,217.0,0.0,217.0,0.0,0.0,0.0,0.0,0.0,0.0
240.0,423.0,1267.0,844.0,422.0,1.9952718676122931,388.7373041928522,777.4746083857043,0.5440692151712692,0.0,0.0,1.0,inf,423.0,inf,220.0,2.0,218.0,0.0,0.0,0.0,0.0,0.0,0.0
241.0,423.0,1267.0,844.0,422.0,1.9952718676122931,388.7373041928522,777.4746083857043,0.5440692151712692,0.0,0.0,1.0,inf,423.0,inf,215.0,0.0,215.0,0.0,0.0,0.0,0.0,0.0,0.0
242.0,425.0,1273.0,848.0,424.0,1.9952941176470589,390.6167438277955,781.2334876555909,0.5440114981186809,0.0,0.0,1.0,inf,425.0,inf,220.0,2.0,218.0,0.0,0.0,0.0,0.0,0.0,0.0
243.0,425.0,1273.0,848.0,424.0,1.9952941176470589,390.6167438277955,781.2334876555909,0.5440114981186809,0.0,0.0,1.0,inf,425.0,inf,215.0,0.0,215.0,0.0,0.0,0.0,0.0,0.0,0.0
244.0,430.0,1288.0,858.0,429.0,1.9953488372093022,395.3334139048189,790.6668278096377,0.5438447458219754,0.0,0.0,1.0,inf,430.0,inf,220.0,5.0,215.0,0.0,0.0,0.0,0.0,0.0,0.0
245.0,430.0,1288.0,858.0,429.0,1.9953488372093022,395.3334139048189,790.6668278096377,0.5438447458219754,0.0,0.0,1.0,inf,430.0,inf,194.0,0.0,194.0,0.0,0.0,0.0,0.0,0.0,0.0
246.0,432.0,1294.0,862.0,431.0,1.9953703703703705,397.18098622704264,794.3619724540852,0.5438326795344801,0.0,0.0,1.0,inf,432.0,inf,220.0,2.0,218.0,0.0,0.0,0.0,0.0,0.0,0.0
247.0,432.0,1294.0,862.0,431.0,1.9953703703703705,397.18098622704264,794.3619724540852,0.5438326795344801,0.0,0.0,1.0,inf,432.0,inf,215.0,0.0,215.0,0.0,0.0,0.0,0.0,0.0,0.0
248.0,432.0,1294.0,862.0,431.0,1.9953703703703705,397.18098622704264,794.3619724540852,0.5438326795344801,0.0,0.0,1.0,inf,432.0,inf,220.0,0.0,220.0,0.0,0.0,0.0,0.0,0.0,0.0
249.0,434.0,1300.0,866.0,433.0,1.9953917050691243,398.91346777678723,797.8269355535743,0.5439776230403501,0.0,0.0,1.0,inf,434.0,inf,220.0,2.0,218.0,0.0,0.0,0.0,0.0,0.0,0.0
250.0,434.0,1300.0,866.0,433.0,1.9953917050691243,398.91346777678723,797.8269355535743,0.5439776230403501,0.0,0.0,1.0,inf,434.0,inf,207.0,0.0,207.0,0.0,0.0,0.0,0.0,0.0,0.0
251.0,434.0,1300.0,866.0,433.0,1.9953917050691243,398.91346777678723,797.8269355535743,0.5439776230403501,0.0,0.0,1.0,inf,434.0,inf,220.0,0.0,220.0,0.0,0.0,0.0,0.0,0.0,0.0
252.0,437.0,1309.0,872.0,436.0,1.9954233409610984,401.63949758923906,803.278995178478,0.544020200482031,0.0,0.0,1.0,inf,437.0,inf,220.0,3.0,217.0,0.0,0.0,0.0,0.0,0.0,0.0
253.0,437.0,1309.0,872.0,436.0,1.9954233409610984,401.63949758923906,803.278995178478,0.544020200482031,0.0,0.0,1.0,inf,437.0,inf,207.0,0.0,207.0,0.0,0.0,0.0,0.0,0.0,0.0
254.0,439.0,1315.0,876.0,438.0,1.9954441913439636,403.5090032712669,807.0180065425337,0.5439779489937101,0.0,0.0,1.0,inf,439.0,inf,220.0,2.0,218.0,0.0,0.0,0.0,0.0,0.0,0.0
255.0,439.0,1315.0,876.0,438.0,1.9954441913439636,403.5090032712669,807.0180065425337,0.5439779489937101,0.0,0.0,1.0,inf,439.0,inf,215.0,0.0,215.0,0.0,0.0,0.0,0.0,0.0,0.0
256.0,440.0,1318.0,878.0,439.0,1.9954545454545454,404.44431076528826,808.8886215305764,0.543956223747385,0.0,0.0,1.0,inf,440.0,inf,220.0,1.0,219.0,0.0,0.0,0.0,0.0,0.0,0.0
257.0,440.0,1318.0,878.0,439.0,1.9954545454545454,404.44431076528826,808.8886215305764,0.543956223747385,0.0,0.0,1.0,inf,440.0,inf,219.0,0.0,219.0,0.0,0.0,0.0,0.0,0.0,0.0
258.0,443.0,1327.0,884.0,442.0,1.9954853273137698,407.16598401912404,814.331968038248,0.5440041867289103,0.0,0.0,1.0,inf,443.0,inf,220.0,3.0,217.0,0.0,0.0,0.0,0.0,0.0,0.0
259.0,443.0,1327.0,884.0,442.0,1.9954853273137698,407.16598401912404,814.331968038248,0.5440041867289103,0.0,0.0,1.0,inf,443.0,inf,211.0,0.0,211.0,0.0,0.0,0.0,0.0,0.0,0.0
260.0,446.0,1336.0,890.0,445.0,1.9955156950672646,409.90338375235734,819.8067675047146,0.5440306395097368,0.0,0.0,1.0,inf,446.0,inf,220.0,3.0,217.0,0.0,0.0,0.0,0.0,0.0,0.0
261.0,446.0,1336.0,890.0,445.0,1.9955156950672646,409.90338375235734,819.8067675047146,0.5440306395097368,0.0,0.0,1.0,inf,446.0,inf,209.0,0.0,209.0,0.0,0.0,0.0,0.0,0.0,0.0
262.0,448.0,1342.0,894.0,447.0,1.9955357142857142,411.8072446629229,823.6144893258457,0.5439438059992145,0.0,0.0,1.0,inf,448.0,inf,220.0,2.0,218.0,0.0,0.0,0.0,0.0,0.0,0.0
263.0,448.0,1342.0,894.0,447.0,1.9955357142857142,411.8072446629229,823.6144893258457,0.5439438059992145,0.0,0.0,1.0,inf,448.0,inf,211.0,0.0,211.0,0.0,0.0,0.0,0.0,0.0,0.0
264.0,449.0,1345.0,896.0,448.0,1.9955456570155903,412.71325648557314,825.4265129711462,0.5439612042310245,0.0,0.0,1.0,inf,449.0,inf,220.0,1.0,219.0,0.0,0.0,0.0,0.0,0.0,0.0
265.0,449.0,1345.0,896.0,448.0,1.9955456570155903,412.71325648557314,825.4265129711462,0.5439612042310245,0.0,0.0,1.0,inf,449.0,inf,219.0,0.0,219.0,0.0,0.0,0.0,0.0,0.0,0.0
266.0,450.0,1348.0,898.0,449.0,1.9955555555555555,413.7131379992303,827.4262759984605,0.5438550999084265,0.0,0.0,1.0,inf,450.0,inf,220.0,1.0,219.0,0.0,0.0,0.0,0.0,0.0,0.0
267.0,450.0,1348.0,898.0,449.0,1.9955555555555555,413.7131379992303,827.4262759984605,0.5438550999084265,0.0,0.0,1.0,inf,450.0,inf,217.0,0.0,217.0,0.0,0.0,0.0,0.0,0.0,0.0
268.0,452.0,1354.0,902.0,451.0,1.9955752212389382,415.6249727819373,831.2499455638745,0.5437594341054518,0.0,0.0,1.0,inf,452.0,inf,220.0,2.0,218.0,0.0,0.0,0.0,0.0,0.0,0.0
269.0,452.0,1354.0,902.0,451.0,1.9955752212389382,415.6249727819373,831.2499455638745,0.5437594341054518,0.0,0.0,1.0,inf,452.0,inf,213.0,0.0,213.0,0.0,0.0,0.0,0.0,0.0,0.0
270.0,455.0,1363.0,908.0,454.0,1.9956043956043956,418.4245348772847,836.8490697545693,0.5437061669118449,0.0,0.0,1.0,inf,455.0,inf,220.0,3.0,217.0,0.0,0.0,0.0,0.0,0.0,0.0
271.0,455.0,1363.0,908.0,454.0,1.9956043956043956,418.4245348772847,836.8490697545693,0.5437061669118449,0.0,0.0,1.0,inf,455.0,inf,213.0,0.0,213.0,0.0,0.0,0.0,0.0,0.0,0.0
272.0,455.0,1363.0,908.0,454.0,1.9956043956043956,418.4245348772847,836.8490697545693,0.5437061669118449,0.0,0.0,1.0,inf,455.0,inf,220.0,0.0,220.0,0.0,0.0,0.0,0.0,0.0,0.0
273.0,458.0,1372.0,914.0,457.0,1.9956331877729259,421.11584121641044,842.2316824328208,0.5437933641691657,0.0,0.0,1.0,inf,458.0,inf,220.0,3.0,217.0,0.0,0.0,0.0,0.0,0.0,0.0
274.0,458.0,1372.0,914.0,457.0,1.9956331877729259,421.11584121641044,842.2316824328208,0.5437933641691657,0.0,0.0,1.0,inf,458.0,inf,204.0,0.0,204.0,0.0,0.0,0.0,0.0,0.0,0.0
275.0,458.0,1372.0,914.0,457.0,1.9956331877729259,421.11584121641044,842.2316824328208,0.5437933641691657,0.0,0.0,1.0,inf,458.0,inf,220.0,0.0,220.0,0.0,0.0,0.0,0.0,0.0,0.0
276.0,459.0,1375.0,916.0,458.0,1.9956427015250544,421.9774621483089,843.9549242966177,0.5438679090385627,0.0,0.0,1.0,inf,459.0,inf,220.0,1.0,219.0,0.0,0.0,0.0,0.0,0.0,0.0
277.0,459.0,1375.0,916.0,458.0,1.9956427015250544,421.9774621483089,843.9549242966177,0.5438679090385627,0.0,0.0,1.0,inf,459.0,inf,214.0,0.0,214.0,0.0,0.0,0.0,0.0,0.0,0.0
278.0,461.0,1381.0,920.0,460.0,1.9956616052060738,423.8556547034189,847.7113094068377,0.5438172109825594,0.0,0.0,1.0,inf,461.0,inf,220.0,2.0,218.0,0.0,0.0,0.0,0.0,0.0,0.0
279.0,461.0,1381.0,920.0,460.0,1.9956616052060738,423.8556547034189,847.7113094068377,0.5438172109825594,0.0,0.0,1.0,inf,461.0,inf,214.0,0.0,214.0,0.0,0.0,0.0,0.0,0.0,0.0
280.0,466.0,1396.0,930.0,465.0,1.9957081545064377,428.3821954749992,856.7643909499983,0.5439068254030602,0.0,0.0,1.0,inf,466.0,inf,220.0,5.0,215.0,0.0,0.0,0.0,0.0,0.0,0.0
281.0,466.0,1396.0,930.0,465.0,1.9957081545064377,428.3821954749992,856.7643909499983,0.5439068254030602,0.0,0.0,1.0,inf,466.0,inf,208.0,0.0,208.0,0.0,0.0,0.0,0.0,0.0,0.0
282.0,467.0,1399.0,932.0,466.0,1.9957173447537473,429.3686609540832,858.7373219081663,0.5438217113497498,0.0,0.0,1.0,inf,467.0,inf,220.0,1.0,219.0,0.0,0.0,0.0,0.0,0.0,0.0
283.0,467.0,1399.0,932.0,466.0,1.9957173447537473,429.3686609540832,858.7373219081663,0.5438217113497498,0.0,0.0,1.0,inf,467.0,inf,218.0,0.0,218.0,0.0,0.0,0.0,0.0,0.0,0.0
284.0,469.0,1405.0,936.0,468.0,1.995735607675906,431.16314807262074,862.3262961452414,0.5438776506022338,0.0,0.0,1.0,inf,469.0,inf,220.0,2.0,218.0,0.0,0.0,0.0,0.0,0.0,0.0
285.0,469.0,1405.0,936.0,468.0,1.995735607675906,431.16314807262074,862.3262961452414,0.5438776506022338,0.0,0.0,1.0,inf,469.0,inf,213.0,0.0,213.0,0.0,0.0,0.0,0.0,0.0,0.0
286.0,470.0,1408.0,938.0,469.0,1.995744680851064,432.1383968103981,864.2767936207961,0.5438072657614522,0.0,0.0,1.0,inf,470.0,inf,220.0,1.0,219.0,0.0,0.0,0.0,0.0,0.0,0.0
287.0,470.0,1408.0,938.0,469.0,1.995744680851064,432.1383968103981,864.2767936207961,0.5438072657614522,0.0,0.0,1.0,inf,470.0,inf,217.0,0.0,217.0,0.0,0.0,0.0,0.0,0.0,0.0
288.0,471.0,1411.0,940.0,470.0,1.9957537154989384,433.04403908911723,866.0880781782344,0.5438245969055722,0.0,0.0,1.0,inf,471.0,inf,220.0,1.0,219.0,0.0,0.0,0.0,0.0,0.0,0.0
289.0,471.0,1411.0,940.0,470.0,1.9957537154989384,433.04403908911723,866.0880781782344,0.5438245969055722,0.0,0.0,1.0,inf,471.0,inf,216.0,0.0,216.0,0.0,0.0,0.0,0.0,0.0,0.0
290.0,476.0,1426.0,950.0,475.0,1.995798319327731,437.5873400182278,875.1746800364555,0.5438914206020816,0.0,0.0,1.0,inf,476.0,inf,220.0,5.0,215.0,0.0,0.0,0.0,0.0,0.0,0.0
291.0,476.0,1426.0,950.0,475.0,1.995798319327731,437.5873400182278,875.1746800364555,0.5438914206020816,0.0,0.0,1.0,inf,476.0,inf,212.0,0.0,212.0,0.0,0.0,0.0,0.0,0.0,0.0
292.0,476.0,1426.0,950.0,475.0,1.995798319327731,437.5873400182278,875.1746800364555,0.5438914206020816,0.0,0.0,1.0,inf,476.0,inf,220.0,0.0,220.0,0.0,0.0,0.0,0.0,0.0,0.0
293.0,478.0,1432.0,954.0,477.0,1.99581589958159,439.4545173505346,878.9090347010691,0.5438560546400293,0.0,0.0,1.0,inf,478.0,inf,220.0,2.0,218.0,0.0,0.0,0.0,0.0,0.0,0.0
294.0,478.0,1432.0,954.0,477.0,1.99581589958159,439.4545173505346,878.9090347010691,0.5438560546400293,0.0,0.0,1.0,inf,478.0,inf,218.0,0.0,218.0,0.0,0.0,0.0,0.0,0.0,0.0
295.0,480.0,1438.0,958.0,479.0,1.9958333333333333,441.3361462378415,882.6722924756829,0.5438031805141587,0.0,0.0,1.0,inf,480.0,inf,220.0,2.0,218.0,0.0,0.0,0.0,0.0,0.0,0.0
296.0,480.0,1438.0,958.0,479.0,1.9958333333333333,441.3361462378415,882.6722924756829,0.5438031805141587,0.0,0.0,1.0,inf,480.0,inf,211.0,0.0,211.0,0.0,0.0,0.0,0.0,0.0,0.0
297.0,486.0,1456.0,970.0,485.0,1.9958847736625513,446.9187125601638,893.8374251203275,0.5437230377040603,0.0,0.0,1.0,inf,486.0,inf,220.0,6.0,214.0,0.0,0.0,0.0,0.0,0.0,0.0
298.0,486.0,1456.0,970.0,485.0,1.9958847736625513,446.9187125601638,893.8374251203275,0.5437230377040603,0.0,0.0,1.0,inf,486.0,inf,200.0,0.0,200.0,0.0,0.0,0.0,0.0,0.0,0.0
299.0,486.0,1456.0,970.0,485.0,1.9958847736625513,446.9187125601638,893.8374251203275,0.5437230377040603,0.0,0.0,1.0,inf,486.0,inf,220.0,0.0,220.0,0.0,0.0,0.0,0.0,0.0,0.0
300.0,486.0,1456.0,970.0,485.0,1.9958847736625513,446.9187125601638,893.8374251203275,0.5437230377040603,0.0,0.0,1.0,inf,486.0,inf,220.0,0.0,220.0,0.0,0.0,0.0,0.0,0.0,0.0
301.0,488.0,1462.0,974.0,487.0,1.9959016393442623,448.7692910066887,897.5385820133773,0.5437092173857397,0.0,0.0,1.0,inf,488.0,inf,220.0,2.0,218.0,0.0,0.0,0.0,0.0,0.0,0.0
302.0,488.0,1462.0,974.0,487.0,1.9959016393442623,448.7692910066887,897.5385820133773,0.5437092173857397,0.0,0.0,1.0,inf,488.0,inf,214.0,0.0,214.0,0.0,0.0,0.0,0.0,0.0,0.0
303.0,492.0,1474.0,982.0,491.0,1.9959349593495934,452.47346298654276,904.9469259730854,0.5436782930346491,0.0,0.0,1.0,inf,492.0,inf,220.0,4.0,216.0,0.0,0.0,0.0,0.0,0.0,0.0
304.0,492.0,1474.0,982.0,491.0,1.9959349593495934,452.47346298654276,904.9469259730854,0.5436782930346491,0.0,0.0,1.0,inf,492.0,inf,211.0,0.0,211.0,0.0,0.0,0.0,0.0,0.0,0.0
305.0,492.0,1474.0,982.0,491.0,1.9959349593495934,452.47346298654276,904.9469259730854,0.5436782930346491,0.0,0.0,1.0,inf,492.0,inf,220.0,0.0,220.0,0.0,0.0,0.0,0.0,0.0,0.0
306.0,494.0,1480.0,986.0,493.0,1.9959514170040487,454.2744934602799,908.5489869205597,0.543724121771756,0.0,0.0,1.0,inf,494.0,inf,220.0,2.0,218.0,0.0,0.0,0.0,0.0,0.0,0.0
307.0,494.0,1480.0,986.0,493.0,1.9959514170040487,454.2744934602799,908.5489869205597,0.543724121771756,0.0,0.0,1.0,inf,494.0,inf,214.0,0.0,214.0,0.0,0.0,0.0,0.0,0.0,0.0
308.0,495.0,1483.0,988.0,494.0,1.995959595959596,455.19743367685555,910.394867353711,0.543720112832842,0.0,0.0,1.0,inf,495.0,inf,220.0,1.0,219.0,0.0,0.0,0.0,0.0,0.0,0.0
309.0,495.0,1483.0,988.0,494.0,1.995959595959596,455.19743367685555,910.394867353711,0.543720112832842,0.0,0.0,1.0,inf,495.0,inf,217.0,0.0,217.0,0.0,0.0,0.0,0.0,0.0,0.0
310.0,496.0,1486.0,990.0,495.0,1.9959677419354838,456.13852844038195,912.2770568807638,0.5436944799378289,0.0,0.0,1.0,inf,496.0,inf,220.0,1.0,219.0,0.0,0.0,0.0,0.0,0.0,0.0
311.0,496.0,1486.0,990.0,495.0,1.9959677419354838,456.13852844038195,912.2770568807638,0.5436944799378289,0.0,0.0,1.0,inf,496.0,inf,216.0,0.0,216.0,0.0,0.0,0.0,0.0,0.0,0.0
312.0,498.0,1492.0,994.0,497.0,1.9959839357429718,457.9999196568509,915.9998393137017,0.5436682176419578,0.0,0.0,1.0,inf,498.0,inf,220.0,2.0,218.0,0.0,0.0,0.0,0.0,0.0,0.0
313.0,498.0,1492.0,994.0,497.0,1.9959839357429718,457.9999196568509,915.9998393137017,0.5436682176419578,0.0,0.0,1.0,inf,498.0,inf,212.0,0.0,212.0,0.0,0.0,0.0,0.0,0.0,0.0
314.0,499.0,1495.0,996.0,498.0,1.9959919839679359,458.94186791183773,917.8837358236754,0.5436418366779487,0.0,0.0,1.0,inf,499.0,inf,220.0,1.0,219.0,0.0,0.0,0.0,0.0,0.0,0.0
315.0,499.0,1495.0,996.0,498.0,1.9959919839679359,458.94186791183773,917.8837358236754,0.5436418366779487,0.0,0.0,1.0,inf,499.0,inf,216.0,0.0,216.0,0.0,0.0,0.0,0.0,0.0,0.0
316.0,499.0,1495.0,996.0,498.0,1.9959919839679359,458.94186791183773,917.8837358236754,0.5436418366779487,0.0,0.0,1.0,inf,499.0,inf,220.0,0.0,220.0,0.0,0.0,0.0,0.0,0.0,0.0
317.0,499.0,1495.0,996.0,498.0,1.9959919839679359,458.94186791183773,917.8837358236754,0.5436418366779487,0.0,0.0,1.0,inf,499.0,inf,220.0,0.0,220.0,0.0,0.0,0.0,0.0,0.0,0.0
318.0,500.0,1498.0,998.0,499.0,1.996,459.8156136518219,919.6312273036436,0.5436961959915158,0.0,0.0,1.0,inf,500.0,inf,220.0,1.0,219.0,0.0,0.0,0.0,0.0,0.0,0.0
319.0,500.0,1498.0,998.0,499.0,1.996,459.8156136518219,919.6312273036436,0.5436961959915158,0.0,0.0,1.0,inf,500.0,inf,219.0,0.0,219.0,0.0,0.0,0.0,0.0,0.0,0.0
320.0,501.0,1501.0,1000.0,500.0,1.996007984031936,460.73876990944757,921.477539818895,0.5436920362686922,0.0,0.0,1.0,inf,501.0,inf,220.0,1.0,219.0,0.0,0.0,0.0,0.0,0.0,0.0
321.0,501.0,1501.0,1000.0,500.0,1.996007984031936,460.73876990944757,921.477539818895,0.5436920362686922,0.0,0.0,1.0,inf,501.0,inf,214.0,0.0,214.0,0.0,0.0,0.0,0.0,0.0,0.0
322.0,501.0,1501.0,1000.0,500.0,1.996007984031936,460.73876990944757,921.477539818895,0.5436920362686922,0.0,0.0,1.0,inf,501.0,inf,220.0,0.0,220.0,0.0,0.0,0.0,0.0,0.0,0.0
323.0,502.0,1504.0,1002.0,501.0,1.99601593625498,461.65024477511827,923.3004895502364,0.5437016504177715,0.0,0.0,1.0,inf,502.0,inf,220.0,1.0,219.0,0.0,0.0,0.0,0.0,0.0,0.0
324.0,502.0,1504.0,1002.0,501.0,1.99601593625498,461.65024477511827,923.3004895502364,0.5437016504177715,0.0,0.0,1.0,inf,502.0,inf,217.0,0.0,217.0,0.0,0.0,0.0,0.0,0.0,0.0
325.0,503.0,1507.0,1004.0,502.0,1.9960238568588469,462.5477845905261,925.095569181052,0.5437276069166396,0.0,0.0,1.0,inf,503.0,inf,220.0,1.0,219.0,0.0,0.0,0.0,0.0,0.0,0.0
326.0,503.0,1507.0,1004.0,502.0,1.9960238568588469,462.5477845905261,925.095569181052,0.5437276069166396,0.0,0.0,1.0,inf,503.0,inf,218.0,0.0,218.0,0.0,0.0,0.0,0.0,0.0,0.0
327.0,506.0,1516.0,1010.0,505.0,1.9960474308300395,465.3318481626891,930.663696325378,0.5436980103531326,0.0,0.0,1.0,inf,506.0,inf,220.0,3.0,217.0,0.0,0.0,0.0,0.0,0.0,0.0
328.0,506.0,1516.0,1010.0,505.0,1.9960474308300395,465.3318481626891,930.663696325378,0.5436980103531326,0.0,0.0,1.0,inf,506.0,inf,211.0,0.0,211.0,0.0,0.0,0.0,0.0,0.0,0.0
329.0,509.0,1525.0,1016.0,508.0,1.9960707269155207,468.22264338436196,936.4452867687238,0.5435448361925591,0.0,0.0,1.0,inf,509.0,inf,220.0,3.0,217.0,0.0,0.0,0.0,0.0,0.0,0.0
330.0,509.0,1525.0,1016.0,508.0,1.9960707269155207,468.22264338436196,936.4452867687238,0.5435448361925591,0.0,0.0,1.0,inf,509.0,inf,217.0,0.0,217.0,0.0,0.0,0.0,0.0,0.0,0.0
331.0,510.0,1528.0,1018.0,509.0,1.996078431372549,469.2109080653653,938.4218161307305,0.5434656262604965,0.0,0.0,1.0,inf,510.0,inf,220.0,1.0,219.0,0.0,0.0,0.0,0.0,0.0,0.0
332.0,510.0,1528.0,1018.0,509.0,1.996078431372549,469.2109080653653,938.4218161307305,0.5434656262604965,0.0,0.0,1.0,inf,510.0,inf,216.0,0.0,216.0,0.0,0.0,0.0,0.0,0.0,0.0
333.0,510.0,1528.0,1018.0,509.0,1.996078431372549,469.2109080653653,938.4218161307305,0.5434656262604965,0.0,0.0,1.0,inf,510.0,inf,220.0,0.0,220.0,0.0,0.0,0.0,0.0,0.0,0.0
334.0,510.0,1528.0,1018.0,509.0,1.996078431372549,469.2109080653653,938.4218161307305,0.5434656262604965,0.0,0.0,1.0,inf,510.0,inf,220.0,0.0,220.0,0.0,0.0,0.0,0.0,0.0,0.0
335.0,510.0,1528.0,1018.0,509.0,1.996078431372549,469.2109080653653,938.4218161307305,0.5434656262604965,0.0,0.0,1.0,inf,510.0,inf,220.0,0.0,220.0,0.0,0.0,0.0,0.0,0.0,0.0
336.0,511.0,1531.0,1020.0,510.0,1.9960861056751467,470.10488000169596,940.2097600033918,0.5434957407782669,0.0,0.0,1.0,inf,511.0,inf,220.0,1.0,219.0,0.0,0.0,0.0,0.0,0.0,0.0
337.0,511.0,1531.0,1020.0,510.0,1.9960861056751467,470.10488000169596,940.2097600033918,0.5434957407782669,0.0,0.0,1.0,inf,511.0,inf,218.0,0.0,218.0,0.0,0.0,0.0,0.0,0.0,0.0
338.0,513.0,1537.0,1024.0,512.0,1.996101364522417,471.83970445211014,943.6794089042202,0.5436168206697276,0.0,0.0,1.0,inf,513.0,inf,220.0,2.0,218.0,0.0,0.0,0.0,0.0,0.0,0.0
339.0,513.0,1537.0,1024.0,512.0,1.996101364522417,471.83970445211014,943.6794089042202,0.5436168206697276,0.0,0.0,1.0,inf,513.0,inf,214.0,0.0,214.0,0.0,0.0,0.0,0.0,0.0,0.0
340.0,514.0,1540.0,1026.0,513.0,1.9961089494163424,472.7435473263371,945.487094652674,0.5436351304073787,0.0,0.0,1.0,inf,514.0,inf,220.0,1.0,219.0,0.0,0.0,0.0,0.0,0.0,0.0
341.0,514.0,1540.0,1026.0,513.0,1.9961089494163424,472.7435473263371,945.487094652674,0.5436351304073787,0.0,0.0,1.0,inf,514.0,inf,215.0,0.0,215.0,0.0,0.0,0.0,0.0,0.0,0.0
342.0,516.0,1546.0,1030.0,515.0,1.996124031007752,474.59388002180236,949.1877600436046,0.5436226863864063,0.0,0.0,1.0,inf,516.0,inf,220.0,2.0,218.0,0.0,0.0,0.0,0.0,0.0,0.0
343.0,516.0,1546.0,1030.0,515.0,1.996124031007752,474.59388002180236,949.1877600436046,0.5436226863864063,0.0,0.0,1.0,inf,516.0,inf,214.0,0.0,214.0,0.0,0.0,0.0,0.0,0.0,0.0
344.0,516.0,1546.0,1030.0,515.0,1.996124031007752,474.59388002180236,949.1877600436046,0.5436226863864063,0.0,0.0,1.0,inf,516.0,inf,220.0,0.0,220.0,0.0,0.0,0.0,0.0,0.0,0.0
345.0,519.0,1555.0,1036.0,518.0,1.9961464354527938,477.3618922762424,954.7237845524846,0.5436127269451814,0.0,0.0,1.0,inf,519.0,inf,220.0,3.0,217.0,0.0,0.0,0.0,0.0,0.0,0.0
346.0,519.0,1555.0,1036.0,518.0,1.9961464354527938,477.3618922762424,954.7237845524846,0.5436127269451814,0.0,0.0,1.0,inf,519.0,inf,211.0,0.0,211.0,0.0,0.0,0.0,0.0,0.0,0.0
347.0,522.0,1564.0,1042.0,521.0,1.996168582375479,480.1814555730246,960.3629111460491,0.5435445225358311,0.0,0.0,1.0,inf,522.0,inf,220.0,3.0,217.0,0.0,0.0,0.0,0.0,0.0,0.0
348.0,522.0,1564.0,1042.0,521.0,1.996168582375479,480.1814555730246,960.3629111460491,0.5435445225358311,0.0,0.0,1.0,inf,522.0,inf,212.0,0.0,212.0,0.0,0.0,0.0,0.0,0.0,0.0
349.0,524.0,1570.0,1046.0,523.0,1.9961832061068703,481.9947578750375,963.9895157500749,0.5435743765244982,0.0,0.0,1.0,inf,524.0,inf,220.0,2.0,218.0,0.0,0.0,0.0,0.0,0.0,0.0
350.0,524.0,1570.0,1046.0,523.0,1.9961832061068703,481.9947578750375,963.9895157500749,0.5435743765244982,0.0,0.0,1.0,inf,524.0,inf,215.0,0.0,215.0,0.0,0.0,0.0,0.0,0.0,0.0
351.0,525.0,1573.0,1048.0,524.0,1.9961904761904763,482.8763867231663,965.7527734463325,0.5436173878398648,0.0,0.0,1.0,inf,525.0,inf,220.0,1.0,219.0,0.0,0.0,0.0,0.0,0.0,0.0
352.0,525.0,1573.0,1048.0,524.0,1.9961904761904763,482.8763867231663,965.7527734463325,0.5436173878398648,0.0,0.0,1.0,inf,525.0,inf,217.0,0.0,217.0,0.0,0.0,0.0,0.0,0.0,0.0
353.0,525.0,1573.0,1048.0,524.0,1.9961904761904763,482.8763867231663,965.7527734463325,0.5436173878398648,0.0,0.0,1.0,inf,525.0,inf,220.0,0.0,220.0,0.0,0.0,0.0,0.0,0.0,0.0
354.0,527.0,1579.0,1052.0,526.0,1.9962049335863377,484.62151311998326,969.2430262399664,0.5437232827399521,0.0,0.0,1.0,inf,527.0,inf,220.0,2.0,218.0,0.0,0.0,0.0,0.0,0.0,0.0
355.0,527.0,1579.0,1052.0,526.0,1.9962049335863377,484.62151311998326,969.2430262399664,0.5437232827399521,0.0,0.0,1.0,inf,527.0,inf,215.0,0.0,215.0,0.0,0.0,0.0,0.0,0.0,0.0
356.0,529.0,1585.0,1056.0,528.0,1.996219281663516,486.4423294599532,972.8846589199063,0.5437437985580883,0.0,0.0,1.0,inf,529.0,inf,220.0,2.0,218.0,0.0,0.0,0.0,0.0,0.0,0.0
357.0,529.0,1585.0,1056.0,528.0,1.996219281663516,486.4423294599532,972.8846589199063,0.5437437985580883,0.0,0.0,1.0,inf,529.0,inf,217.0,0.0,217.0,0.0,0.0,0.0,0.0,0.0,0.0
358.0,529.0,1585.0,1056.0,528.0,1.996219281663516,486.4423294599532,972.8846589199063,0.5437437985580883,0.0,0.0,1.0,inf,529.0,inf,220.0,0.0,220.0,0.0,0.0,0.0,0.0,0.0,0.0
359.0,531.0,1591.0,1060.0,530.0,1.9962335216572504,488.289437006927,976.5788740138539,0.5437348832025494,0.0,0.0,1.0,inf,531.0,inf,220.0,2.0,218.0,0.0,0.0,0.0,0.0,0.0,0.0
360.0,531.0,1591.0,1060.0,530.0,1.9962335216572504,488.289437006927,976.5788740138539,0.5437348832025494,0.0,0.0,1.0,inf,531.0,inf,216.0,0.0,216.0,0.0,0.0,0.0,0.0,0.0,0.0
361.0,533.0,1597.0,1064.0,532.0,1.99624765478424,490.0986640461639,980.1973280923277,0.543768060495871,0.0,0.0,1.0,inf,533.0,inf,220.0,2.0,218.0,0.0,0.0,0.0,0.0,0.0,0.0
362.0,533.0,1597.0,1064.0,532.0,1.99624765478424,490.0986640461639,980.1973280923277,0.543768060495871,0.0,0.0,1.0,inf,533.0,inf,218.0,0.0,218.0,0.0,0.0,0.0,0.0,0.0,0.0
363.0,533.0,1597.0,1064.0,532.0,1.99624765478424,490.0986640461639,980.1973280923277,0.543768060495871,0.0,0.0,1.0,inf,533.0,inf,220.0,0.0,220.0,0.0,0.0,0.0,0.0,0.0,0.0
364.0,534.0,1600.0,1066.0,533.0,1.99625468164794,490.9794262536175,981.9588525072348,0.5438109739899367,0.0,0.0,1.0,inf,534.0,inf,220.0,1.0,219.0,0.0,0.0,0.0,0.0,0.0,0.0
365.0,534.0,1600.0,1066.0,533.0,1.99625468164794,490.9794262536175,981.9588525072348,0.5438109739899367,0.0,0.0,1.0,inf,534.0,inf,217.0,0.0,217.0,0.0,0.0,0.0,0.0,0.0,0.0
366.0,535.0,1603.0,1068.0,534.0,1.9962616822429906,491.8419568548759,983.6839137097517,0.5438738933753251,0.0,0.0,1.0,inf,535.0,inf,220.0,1.0,219.0,0.0,0.0,0.0,0.0,0.0,0.0
367.0,535.0,1603.0,1068.0,534.0,1.9962616822429906,491.8419568548759,983.6839137097517,0.5438738933753251,0.0,0.0,1.0,inf,535.0,inf,217.0,0.0,217.0,0.0,0.0,0.0,0.0,0.0,0.0
368.0,535.0,1603.0,1068.0,534.0,1.9962616822429906,491.8419568548759,983.6839137097517,0.5438738933753251,0.0,0.0,1.0,inf,535.0,inf,220.0,0.0,220.0,0.0,0.0,0.0,0.0,0.0,0.0
369.0,536.0,1606.0,1070.0,535.0,1.9962686567164178,492.76692506050875,985.5338501210174,0.5438676712465863,0.0,0.0,1.0,inf,536.0,inf,220.0,1.0,219.0,0.0,0.0,0.0,0.0,0.0,0.0
370.0,536.0,1606.0,1070.0,535.0,1.9962686567164178,492.76692506050875,985.5338501210174,0.5438676712465863,0.0,0.0,1.0,inf,536.0,inf,217.0,0.0,217.0,0.0,0.0,0.0,0.0,0.0,0.0
371.0,536.0,1606.0,1070.0,535.0,1.9962686567164178,492.76692506050875,985.5338501210174,0.5438676712465863,0.0,0.0,1.0,inf,536.0,inf,220.0,0.0,220.0,0.0,0.0,0.0,0.0,0.0,0.0
372.0,538.0,1612.0,1074.0,537.0,1.996282527881041,494.6724215378923,989.3448430757845,0.5437942126704842,0.0,0.0,1.0,inf,538.0,inf,220.0,2.0,218.0,0.0,0.0,0.0,0.0,0.0,0.0
373.0,538.0,1612.0,1074.0,537.0,1.996282527881041,494.6724215378923,989.3448430757845,0.5437942126704842,0.0,0.0,1.0,inf,538.0,inf,215.0,0.0,215.0,0.0,0.0,0.0,0.0,0.0,0.0
374.0,539.0,1615.0,1076.0,538.0,1.9962894248608534,495.5785871958547,991.1571743917093,0.5438088064395981,0.0,0.0,1.0,inf,539.0,inf,220.0,1.0,219.0,0.0,0.0,0.0,0.0,0.0,0.0
375.0,539.0,1615.0,1076.0,538.0,1.9962894248608534,495.5785871958547,991.1571743917093,0.5438088064395981,0.0,0.0,1.0,inf,539.0,inf,219.0,0.0,219.0,0.0,0.0,0.0,0.0,0.0,0.0
376.0,541.0,1621.0,1080.0,540.0,1.9963031423290203,497.30442512269315,994.6088502453862,0.5439324211387486,0.0,0.0,1.0,inf,541.0,inf,220.0,2.0,218.0,0.0,0.0,0.0,0.0,0.0,0.0
377.0,541.0,1621.0,1080.0,540.0,1.9963031423290203,497.30442512269315,994.6088502453862,0.5439324211387486,0.0,0.0,1.0,inf,541.0,inf,214.0,0.0,214.0,0.0,0.0,0.0,0.0,0.0,0.0
378.0,542.0,1624.0,1082.0,541.0,1.996309963099631,498.2863089100796,996.572617820159,0.5438640298842818,0.0,0.0,1.0,inf,542.0,inf,220.0,1.0,219.0,0.0,0.0,0.0,0.0,0.0,0.0
379.0,542.0,1624.0,1082.0,541.0,1.996309963099631,498.2863089100796,996.572617820159,0.5438640298842818,0.0,0.0,1.0,inf,542.0,inf,218.0,0.0,218.0,0.0,0.0,0.0,0.0,0.0,0.0
380.0,543.0,1627.0,1084.0,542.0,1.996316758747698,499.26569557840537,998.5313911568106,0.5437986274732214,0.0,0.0,1.0,inf,543.0,inf,220.0,1.0,219.0,0.0,0.0,0.0,0.0,0.0,0.0
381.0,543.0,1627.0,1084.0,542.0,1.996316758747698,499.26569557840537,998.5313911568106,0.5437986274732214,0.0,0.0,1.0,inf,543.0,inf,217.0,0.0,217.0,0.0,0.0,0.0,0.0,0.0,0.0
382.0,543.0,1627.0,1084.0,542.0,1.996316758747698,499.26569557840537,998.5313911568106,0.5437986274732214,0.0,0.0,1.0,inf,543.0,inf,220.0,0.0,220.0,0.0,0.0,0.0,0.0,0.0,0.0
383.0,543.0,1627.0,1084.0,542.0,1.996316758747698,499.26569557840537,998.5313911568106,0.5437986274732214,0.0,0.0,1.0,inf,543.0,inf,220.0,0.0,220.0,0.0,0.0,0.0,0.0,0.0,0.0
384.0,543.0,1627.0,1084.0,542.0,1.996316758747698,499.26569557840537,998.5313911568106,0.5437986274732214,0.0,0.0,1.0,inf,543.0,inf,220.0,0.0,220.0,0.0,0.0,0.0,0.0,0.0,0.0
385.0,545.0,1633.0,1088.0,544.0,1.996330275229358,501.0477080634333,1002.0954161268664,0.5438603861760429,0.0,0.0,1.0,inf,545.0,inf,220.0,2.0,218.0,0.0,0.0,0.0,0.0,0.0,0.0
386.0,545.0,1633.0,1088.0,544.0,1.996330275229358,501.0477080634333,1002.0954161268664,0.5438603861760429,0.0,0.0,1.0,inf,545.0,inf,217.0,0.0,217.0,0.0,0.0,0.0,0.0,0.0,0.0
387.0,546.0,1636.0,1090.0,545.0,1.9963369963369964,501.9168208191448,1003.8336416382895,0.543914825477367,0.0,0.0,1.0,inf,546.0,inf,220.0,1.0,219.0,0.0,0.0,0.0,0.0,0.0,0.0
388.0,546.0,1636.0,1090.0,545.0,1.9963369963369964,501.9168208191448,1003.8336416382895,0.543914825477367,0.0,0.0,1.0,inf,546.0,inf,218.0,0.0,218.0,0.0,0.0,0.0,0.0,0.0,0.0
389.0,548.0,1642.0,1094.0,547.0,1.9963503649635037,503.7073159543382,1007.4146319086763,0.5439666872435074,0.0,0.0,1.0,inf,548.0,inf,220.0,2.0,218.0,0.0,0.0,0.0,0.0,0.0,0.0
390.0,548.0,1642.0,1094.0,547.0,1.9963503649635037,503.7073159543382,1007.4146319086763,0.5439666872435074,0.0,0.0,1.0,inf,548.0,inf,216.0,0.0,216.0,0.0,0.0,0.0,0.0,0.0,0.0
391.0,548.0,1642.0,1094.0,547.0,1.9963503649635037,503.7073159543382,1007.4146319086763,0.5439666872435074,0.0,0.0,1.0,inf,548.0,inf,220.0,0.0,220.0,0.0,0.0,0.0,0.0,0.0,0.0
392.0,548.0,1642.0,1094.0,547.0,1.9963503649635037,503.7073159543382,1007.4146319086763,0.5439666872435074,0.0,0.0,1.0,inf,548.0,inf,220.0,0.0,220.0,0.0,0.0,0.0,0.0,0.0,0.0
393.0,550.0,1648.0,1098.0,549.0,1.9963636363636363,505.57055068815396,1011.1411013763078,0.5439399103165437,0.0,0.0,1.0,inf,550.0,inf,220.0,2.0,218.0,0.0,0.0,0.0,0.0,0.0,0.0
394.0,550.0,1648.0,1098.0,549.0,1.9963636363636363,505.57055068815396,1011.1411013763078,0.5439399103165437,0.0,0.0,1.0,inf,550.0,inf,217.0,0.0,217.0,0.0,0.0,0.0,0.0,0.0,0.0
395.0,550.0,1648.0,1098.0,549.0,1.9963636363636363,505.57055068815396,1011.1411013763078,0.5439399103165437,0.0,0.0,1.0,inf,550.0,inf,220.0,0.0,220.0,0.0,0.0,0.0,0.0,0.0,0.0
396.0,550.0,1648.0,1098.0,549.0,1.9963636363636363,505.57055068815396,1011.1411013763078,0.5439399103165437,0.0,0.0,1.0,inf,550.0,inf,220.0,0.0,220.0,0.0,0.0,0.0,0.0,0.0,0.0
397.0,551.0,1651.0,1100.0,550.0,1.9963702359346642,506.54417655386385,1013.0883531077276,0.54388148704875,0.0,0.0,1.0,inf,551.0,inf,220.0,1.0,219.0,0.0,0.0,0.0,0.0,0.0,0.0
398.0,551.0,1651.0,1100.0,550.0,1.9963702359346642,506.54417655386385,1013.0883531077276,0.54388148704875,0.0,0.0,1.0,inf,551.0,inf,219.0,0.0,219.0,0.0,0.0,0.0,0.0,0.0,0.0
399.0,553.0,1657.0,1104.0,552.0,1.996383363471971,508.39117281805926,1016.7823456361184,0.5438725430013566,0.0,0.0,1.0,inf,553.0,inf,220.0,2.0,218.0,0.0,0.0,0.0,0.0,0.0,0.0
400.0,553.0,1657.0,1104.0,552.0,1.996383363471971,508.39117281805926,1016.7823456361184,0.5438725430013566,0.0,0.0,1.0,inf,553.0,inf,214.0,0.0,214.0,0.0,0.0,0.0,0.0,0.0,0.0
401.0,553.0,1657.0,1104.0,552.0,1.996383363471971,508.39117281805926,1016.7823456361184,0.5438725430013566,0.0,0.0,1.0,inf,553.0,inf,220.0,0.0,220.0,0.0,0.0,0.0,0.0,0.0,0.0
402.0,553.0,1657.0,1104.0,552.0,1.996383363471971,508.39117281805926,1016.7823456361184,0.5438725430013566,0.0,0.0,1.0,inf,553.0,inf,220.0,0.0,220.0,0.0,0.0,0.0,0.0,0.0,0.0
403.0,553.0,1657.0,1104.0,552.0,1.996383363471971,508.39117281805926,1016.7823456361184,0.5438725430013566,0.0,0.0,1.0,inf,553.0,inf,220.0,0.0,220.0,0.0,0.0,0.0,0.0,0.0,0.0
404.0,554.0,1660.0,1106.0,553.0,1.9963898916967509,509.3405559560935,1018.6811119121869,0.5438404555868082,0.0,0.0,1.0,inf,554.0,inf,220.0,1.0,219.0,0.0,0.0,0.0,0.0,0.0,0.0
405.0,554.0,1660.0,1106.0,553.0,1.9963898916967509,509.3405559560935,1018.6811119121869,0.5438404555868082,0.0,0.0,1.0,inf,554.0,inf,218.0,0.0,218.0,0.0,0.0,0.0,0.0,0.0,0.0
406.0,556.0,1666.0,1110.0,555.0,1.9964028776978417,511.28485942200274,1022.5697188440054,0.5437282072351476,0.0,0.0,1.0,inf,556.0,inf,220.0,2.0,218.0,0.0,0.0,0.0,0.0,0.0,0.0
407.0,556.0,1666.0,1110.0,555.0,1.9964028776978417,511.28485942200274,1022.5697188440054,0.5437282072351476,0.0,0.0,1.0,inf,556.0,inf,210.0,0.0,210.0,0.0,0.0,0.0,0.0,0.0,0.0
408.0,560.0,1678.0,1118.0,559.0,1.9964285714285714,514.9553955679773,1029.9107911359545,0.5437364136968991,0.0,0.0,1.0,inf,560.0,inf,220.0,4.0,216.0,0.0,0.0,0.0,0.0,0.0,0.0
409.0,560.0,1678.0,1118.0,559.0,1.9964285714285714,514.9553955679773,1029.9107911359545,0.5437364136968991,0.0,0.0,1.0,inf,560.0,inf,216.0,0.0,216.0,0.0,0.0,0.0,0.0,0.0,0.0
410.0,560.0,1678.0,1118.0,559.0,1.9964285714285714,514.9553955679773,1029.9107911359545,0.5437364136968991,0.0,0.0,1.0,inf,560.0,inf,220.0,0.0,220.0,0.0,0.0,0.0,0.0,0.0,0.0
411.0,561.0,1681.0,1120.0,560.0,1.9964349376114081,515.8832495731298,1031.7664991462593,0.5437276752678076,0.0,0.0,1.0,inf,561.0,inf,220.0,1.0,219.0,0.0,0.0,0.0,0.0,0.0,0.0
412.0,561.0,1681.0,1120.0,560.0,1.9964349376114081,515.8832495731298,1031.7664991462593,0.5437276752678076,0.0,0.0,1.0,inf,561.0,inf,215.0,0.0,215.0,0.0,0.0,0.0,0.0,0.0,0.0
413.0,563.0,1687.0,1124.0,562.0,1.9964476021314388,517.7493314914675,1035.4986629829348,0.5436993982958704,0.0,0.0,1.0,inf,563.0,inf,220.0,2.0,218.0,0.0,0.0,0.0,0.0,0.0,0.0
414.0,563.0,1687.0,1124.0,562.0,1.9964476021314388,517.7493314914675,1035.4986629829348,0.5436993982958704,0.0,0.0,1.0,inf,563.0,inf,215.0,0.0,215.0,0.0,0.0,0.0,0.0,0.0,0.0
415.0,564.0,1690.0,1126.0,563.0,1.99645390070922,518.604591015946,1037.2091820318917,0.543766879208613,0.0,0.0,1.0,inf,564.0,inf,220.0,1.0,219.0,0.0,0.0,0.0,0.0,0.0,0.0
416.0,564.0,1690.0,1126.0,563.0,1.99645390070922,518.604591015946,1037.2091820318917,0.543766879208613,0.0,0.0,1.0,inf,564.0,inf,216.0,0.0,216.0,0.0,0.0,0.0,0.0,0.0,0.0
417.0,567.0,1699.0,1132.0,566.0,1.9964726631393297,521.4664181456559,1042.9328362913116,0.5436591698620425,0.0,0.0,1.0,inf,567.0,inf,220.0,3.0,217.0,0.0,0.0,0.0,0.0,0.0,0.0
418.0,567.0,1699.0,1132.0,566.0,1.9964726631393297,521.4664181456559,1042.9328362913116,0.5436591698620425,0.0,0.0,1.0,inf,567.0,inf,214.0,0.0,214.0,0.0,0.0,0.0,0.0,0.0,0.0
419.0,567.0,1699.0,1132.0,566.0,1.9964726631393297,521.4664181456559,1042.9328362913116,0.5436591698620425,0.0,0.0,1.0,inf,567.0,inf,220.0,0.0,220.0,0.0,0.0,0.0,0.0,0.0,0.0
420.0,569.0,1705.0,1136.0,568.0,1.9964850615114236,523.2542396332467,1046.5084792664932,0.5437127469801458,0.0,0.0,1.0,inf,569.0,inf,220.0,2.0,218.0,0.0,0.0,0.0,0.0,0.0,0.0
421.0,569.0,1705.0,1136.0,568.0,1.9964850615114236,523.2542396332467,1046.5084792664932,0.5437127469801458,0.0,0.0,1.0,inf,569.0,inf,216.0,0.0,216.0,0.0,0.0,0.0,0.0,0.0,0.0
422.0,570.0,1708.0,1138.0,569.0,1.9964912280701754,524.1677578437099,1048.3355156874195,0.5437190588990366,0.0,0.0,1.0,inf,570.0,inf,220.0,1.0,219.0,0.0,0.0,0.0,0.0,0.0,0.0
423.0,570.0,1708.0,1138.0,569.0,1.9964912280701754,524.1677578437099,1048.3355156874195,0.5437190588990366,0.0,0.0,1.0,inf,570.0,inf,214.0,0.0,214.0,0.0,0.0,0.0,0.0,0.0,0.0
424.0,573.0,1717.0,1144.0,572.0,1.9965095986038395,526.9430331830607,1053.8860663661212,0.543702036004468,0.0,0.0,1.0,inf,573.0,inf,220.0,3.0,217.0,0.0,0.0,0.0,0.0,0.0,0.0
425.0,573.0,1717.0,1144.0,572.0,1.9965095986038395,526.9430331830607,1053.8860663661212,0.543702036004468,0.0,0.0,1.0,inf,573.0,inf,214.0,0.0,214.0,0.0,0.0,0.0,0.0,0.0,0.0
426.0,576.0,1726.0,1150.0,575.0,1.9965277777777777,529.5939025133458,1059.1878050266914,0.543812907650957,0.0,0.0,1.0,inf,576.0,inf,220.0,3.0,217.0,0.0,0.0,0.0,0.0,0.0,0.0
427.0,576.0,1726.0,1150.0,575.0,1.9965277777777777,529.5939025133458,1059.1878050266914,0.543812907650957,0.0,0.0,1.0,inf,576.0,inf,208.0,0.0,208.0,0.0,0.0,0.0,0.0,0.0,0.0
428.0,577.0,1729.0,1152.0,576.0,1.9965337954939342,530.5169910655012,1061.0339821310022,0.543809161362713,0.0,0.0,1.0,inf,577.0,inf,220.0,1.0,219.0,0.0,0.0,0.0,0.0,0.0,0.0
429.0,577.0,1729.0,1152.0,576.0,1.9965337954939342,530.5169910655012,1061.0339821310022,0.543809161362713,0.0,0.0,1.0,inf,577.0,inf,215.0,0.0,215.0,0.0,0.0,0.0,0.0,0.0,0.0
430.0,577.0,1729.0,1152.0,576.0,1.9965337954939342,530.5169910655012,1061.0339821310022,0.543809161362713,0.0,0.0,1.0,inf,577.0,inf,220.0,0.0,220.0,0.0,0.0,0.0,0.0,0.0,0.0
431.0,578.0,1732.0,1154.0,577.0,1.9965397923875432,531.5027517489187,1063.0055034978373,0.5437413052877726,0.0,0.0,1.0,inf,578.0,inf,220.0,1.0,219.0,0.0,0.0,0.0,0.0,0.0,0.0
432.0,578.0,1732.0,1154.0,577.0,1.9965397923875432,531.5027517489187,1063.0055034978373,0.5437413052877726,0.0,0.0,1.0,inf,578.0,inf,219.0,0.0,219.0,0.0,0.0,0.0,0.0,0.0,0.0
433.0,578.0,1732.0,1154.0,577.0,1.9965397923875432,531.5027517489187,1063.0055034978373,0.5437413052877726,0.0,0.0,1.0,inf,578.0,inf,220.0,0.0,220.0,0.0,0.0,0.0,0.0,0.0,0.0
434.0,578.0,1732.0,1154.0,577.0,1.9965397923875432,531.5027517489187,1063.0055034978373,0.5437413052877726,0.0,0.0,1.0,inf,578.0,inf,220.0,0.0,220.0,0.0,0.0,0.0,0.0,0.0,0.0
435.0,579.0,1735.0,1156.0,578.0,1.996545768566494,532.4409669062984,1064.8819338125966,0.5437222490262431,0.0,0.0,1.0,inf,579.0,inf,220.0,1.0,219.0,0.0,0.0,0.0,0.0,0.0,0.0
436.0,579.0,1735.0,1156.0,578.0,1.996545768566494,532.4409669062984,1064.8819338125966,0.5437222490262431,0.0,0.0,1.0,inf,579.0,inf,214.0,0.0,214.0,0.0,0.0,0.0,0.0,0.0,0.0
437.0,580.0,1738.0,1158.0,579.0,1.9965517241379311,533.4095608071739,1066.8191216143475,0.5436722948144423,0.0,0.0,1.0,inf,580.0,inf,220.0,1.0,219.0,0.0,0.0,0.0,0.0,0.0,0.0
438.0,580.0,1738.0,1158.0,579.0,1.9965517241379311,533.4095608071739,1066.8191216143475,0.5436722948144423,0.0,0.0,1.0,inf,580.0,inf,217.0,0.0,217.0,0.0,0.0,0.0,0.0,0.0,0.0
439.0,582.0,1744.0,1162.0,581.0,1.9965635738831615,535.3517195698493,1070.7034391396983,0.5435678813805178,0.0,0.0,1.0,inf,582.0,inf,220.0,2.0,218.0,0.0,0.0,0.0,0.0,0.0,0.0
440.0,582.0,1744.0,1162.0,581.0,1.9965635738831615,535.3517195698493,1070.7034391396983,0.5435678813805178,0.0,0.0,1.0,inf,582.0,inf,218.0,0.0,218.0,0.0,0.0,0.0,0.0,0.0,0.0
441.0,582.0,1744.0,1162.0,581.0,1.9965635738831615,535.3517195698493,1070.7034391396983,0.5435678813805178,0.0,0.0,1.0,inf,582.0,inf,220.0,0.0,220.0,0.0,0.0,0.0,0.0,0.0,0.0
442.0,583.0,1747.0,1164.0,582.0,1.9965694682675814,536.2405091454362,1072.4810182908723,0.5435993645175005,0.0,0.0,1.0,inf,583.0,inf,220.0,1.0,219.0,0.0,0.0,0.0,0.0,0.0,0.0
443.0,583.0,1747.0,1164.0,582.0,1.9965694682675814,536.2405091454362,1072.4810182908723,0.5435993645175005,0.0,0.0,1.0,inf,583.0,inf,218.0,0.0,218.0,0.0,0.0,0.0,0.0,0.0,0.0
444.0,583.0,1747.0,1164.0,582.0,1.9965694682675814,536.2405091454362,1072.4810182908723,0.5435993645175005,0.0,0.0,1.0,inf,583.0,inf,220.0,0.0,220.0,0.0,0.0,0.0,0.0,0.0,0.0
445.0,587.0,1759.0,1172.0,586.0,1.9965928449744463,540.019621411318,1080.0392428226357,0.5434987699760806,0.0,0.0,1.0,inf,587.0,inf,220.0,4.0,216.0,0.0,0.0,0.0,0.0,0.0,0.0
446.0,587.0,1759.0,1172.0,586.0,1.9965928449744463,540.019621411318,1080.0392428226357,0.5434987699760806,0.0,0.0,1.0,inf,587.0,inf,215.0,0.0,215.0,0.0,0.0,0.0,0.0,0.0,0.0
447.0,588.0,1762.0,1174.0,587.0,1.9965986394557824,540.9007880907586,1081.801576181517,0.5435377549323691,0.0,0.0,1.0,inf,588.0,inf,220.0,1.0,219.0,0.0,0.0,0.0,0.0,0.0,0.0
448.0,588.0,1762.0,1174.0,587.0,1.9965986394557824,540.9007880907586,1081.801576181517,0.5435377549323691,0.0,0.0,1.0,inf,588.0,inf,217.0,0.0,217.0,0.0,0.0,0.0,0.0,0.0,0.0
449.0,589.0,1765.0,1176.0,588.0,1.99660441426146,541.7690780569568,1083.5381561139134,0.5435895327511455,0.0,0.0,1.0,inf,589.0,inf,220.0,1.0,219.0,0.0,0.0,0.0,0.0,0.0,0.0
450.0,589.0,1765.0,1176.0,588.0,1.99660441426146,541.7690780569568,1083.5381561139134,0.5435895327511455,0.0,0.0,1.0,inf,589.0,inf,216.0,0.0,216.0,0.0,0.0,0.0,0.0,0.0,0.0
451.0,589.0,1765.0,1176.0,588.0,1.99660441426146,541.7690780569568,1083.5381561139134,0.5435895327511455,0.0,0.0,1.0,inf,589.0,inf,220.0,0.0,220.0,0.0,0.0,0.0,0.0,0.0,0.0
452.0,590.0,1768.0,1178.0,589.0,1.9966101694915255,542.7478062228748,1085.4956124457494,0.5435305248914462,0.0,0.0,1.0,inf,590.0,inf,220.0,1.0,219.0,0.0,0.0,0.0,0.0,0.0,0.0
453.0,590.0,1768.0,1178.0,589.0,1.9966101694915255,542.7478062228748,1085.4956124457494,0.5435305248914462,0.0,0.0,1.0,inf,590.0,inf,217.0,0.0,217.0,0.0,0.0,0.0,0.0,0.0,0.0
454.0,591.0,1771.0,1180.0,590.0,1.996615905245347,543.7273616259619,1087.4547232519235,0.543470902616225,0.0,0.0,1.0,inf,591.0,inf,220.0,1.0,219.0,0.0,0.0,0.0,0.0,0.0,0.0
455.0,591.0,1771.0,1180.0,590.0,1.996615905245347,543.7273616259619,1087.4547232519235,0.543470902616225,0.0,0.0,1.0,inf,591.0,inf,216.0,0.0,216.0,0.0,0.0,0.0,0.0,0.0,0.0
456.0,594.0,1780.0,1186.0,593.0,1.9966329966329965,546.6440384555601,1093.28807691112,0.5433151724093026,0.0,0.0,1.0,inf,594.0,inf,220.0,3.0,217.0,0.0,0.0,0.0,0.0,0.0,0.0
457.0,594.0,1780.0,1186.0,593.0,1.9966329966329965,546.6440384555601,1093.28807691112,0.5433151724093026,0.0,0.0,1.0,inf,594.0,inf,213.0,0.0,213.0,0.0,0.0,0.0,0.0,0.0,0.0
458.0,597.0,1789.0,1192.0,596.0,1.996649916247906,549.4695085840871,1098.939017168174,0.5432512547769877,0.0,0.0,1.0,inf,597.0,inf,220.0,3.0,217.0,0.0,0.0,0.0,0.0,0.0,0.0
459.0,597.0,1789.0,1192.0,596.0,1.996649916247906,549.4695085840871,1098.939017168174,0.5432512547769877,0.0,0.0,1.0,inf,597.0,inf,210.0,0.0,210.0,0.0,0.0,0.0,0.0,0.0,0.0
460.0,598.0,1792.0,1194.0,597.0,1.9966555183946488,550.3366188569805,1100.6732377139608,0.5433038430570128,0.0,0.0,1.0,inf,598.0,inf,220.0,1.0,219.0,0.0,0.0,0.0,0.0,0.0,0.0
461.0,598.0,1792.0,1194.0,597.0,1.9966555183946488,550.3366188569805,1100.6732377139608,0.5433038430570128,0.0,0.0,1.0,inf,598.0,inf,215.0,0.0,215.0,0.0,0.0,0.0,0.0,0.0,0.0
462.0,599.0,1795.0,1196.0,598.0,1.996661101836394,551.2977577306012,1102.5955154612022,0.5432635917709547,0.0,0.0,1.0,inf,599.0,inf,220.0,1.0,219.0,0.0,0.0,0.0,0.0,0.0,0.0
463.0,599.0,1795.0,1196.0,598.0,1.996661101836394,551.2977577306012,1102.5955154612022,0.5432635917709547,0.0,0.0,1.0,inf,599.0,inf,218.0,0.0,218.0,0.0,0.0,0.0,0.0,0.0,0.0
464.0,600.0,1798.0,1198.0,599.0,1.9966666666666666,552.1754739383225,1104.3509478766448,0.5433055507885701,0.0,0.0,1.0,inf,600.0,inf,220.0,1.0,219.0,0.0,0.0,0.0,0.0,0.0,0.0
465.0,600.0,1798.0,1198.0,599.0,1.9966666666666666,552.1754739383225,1104.3509478766448,0.5433055507885701,0.0,0.0,1.0,inf,600.0,inf,219.0,0.0,219.0,0.0,0.0,0.0,0.0,0.0,0.0
466.0,601.0,1801.0,1200.0,600.0,1.9966722129783694,553.0785578088702,1106.1571156177401,0.543322455295483,0.0,0.0,1.0,inf,601.0,inf,220.0,1.0,219.0,0.0,0.0,0.0,0.0,0.0,0.0
467.0,601.0,1801.0,1200.0,600.0,1.9966722129783694,553.0785578088702,1106.1571156177401,0.543322455295483,0.0,0.0,1.0,inf,601.0,inf,217.0,0.0,217.0,0.0,0.0,0.0,0.0,0.0,0.0
468.0,602.0,1804.0,1202.0,601.0,1.9966777408637875,553.9939196897506,1107.9878393795009,0.5433272628128609,0.0,0.0,1.0,inf,602.0,inf,220.0,1.0,219.0,0.0,0.0,0.0,0.0,0.0,0.0
469.0,602.0,1804.0,1202.0,601.0,1.9966777408637875,553.9939196897506,1107.9878393795009,0.5433272628128609,0.0,0.0,1.0,inf,602.0,inf,217.0,0.0,217.0,0.0,0.0,0.0,0.0,0.0,0.0
470.0,602.0,1804.0,1202.0,601.0,1.9966777408637875,553.9939196897506,1107.9878393795009,0.5433272628128609,0.0,0.0,1.0,inf,602.0,inf,220.0,0.0,220.0,0.0,0.0,0.0,0.0,0.0,0.0
471.0,604.0,1810.0,1206.0,603.0,1.9966887417218544,555.9015271553059,1111.8030543106115,0.5432616843947405,0.0,0.0,1.0,inf,604.0,inf,220.0,2.0,218.0,0.0,0.0,0.0,0.0,0.0,0.0
472.0,604.0,1810.0,1206.0,603.0,1.9966887417218544,555.9015271553059,1111.8030543106115,0.5432616843947405,0.0,0.0,1.0,inf,604.0,inf,215.0,0.0,215.0,0.0,0.0,0.0,0.0,0.0,0.0
473.0,604.0,1810.0,1206.0,603.0,1.9966887417218544,555.9015271553059,1111.8030543106115,0.5432616843947405,0.0,0.0,1.0,inf,604.0,inf,220.0,0.0,220.0,0.0,0.0,0.0,0.0,0.0,0.0
474.0,605.0,1813.0,1208.0,604.0,1.9966942148760332,556.7522606977656,1113.504521395531,0.5433296303474069,0.0,0.0,1.0,inf,605.0,inf,220.0,1.0,219.0,0.0,0.0,0.0,0.0,0.0,0.0
475.0,605.0,1813.0,1208.0,604.0,1.9966942148760332,556.7522606977656,1113.504521395531,0.5433296303474069,0.0,0.0,1.0,inf,605.0,inf,216.0,0.0,216.0,0.0,0.0,0.0,0.0,0.0,0.0
476.0,605.0,1813.0,1208.0,604.0,1.9966942148760332,556.7522606977656,1113.504521395531,0.5433296303474069,0.0,0.0,1.0,inf,605.0,inf,220.0,0.0,220.0,0.0,0.0,0.0,0.0,0.0,0.0
477.0,605.0,1813.0,1208.0,604.0,1.9966942148760332,556.7522606977656,1113.504521395531,0.5433296303474069,0.0,0.0,1.0,inf,605.0,inf,220.0,0.0,220.0,0.0,0.0,0.0,0.0,0.0,0.0
478.0,607.0,1819.0,1212.0,606.0,1.9967051070840198,558.6065204272302,1117.2130408544601,0.543316250171729,0.0,0.0,1.0,inf,607.0,inf,220.0,2.0,218.0,0.0,0.0,0.0,0.0,0.0,0.0
479.0,607.0,1819.0,1212.0,606.0,1.9967051070840198,558.6065204272302,1117.2130408544601,0.543316250171729,0.0,0.0,1.0,inf,607.0,inf,216.0,0.0,216.0,0.0,0.0,0.0,0.0,0.0,0.0
480.0,609.0,1825.0,1216.0,608.0,1.9967159277504105,560.3254500992028,1120.6509001984055,0.5434341773090796,0.0,0.0,1.0,inf,609.0,inf,220.0,2.0,218.0,0.0,0.0,0.0,0.0,0.0,0.0
481.0,609.0,1825.0,1216.0,608.0,1.9967159277504105,560.3254500992028,1120.6509001984055,0.5434341773090796,0.0,0.0,1.0,inf,609.0,inf,216.0,0.0,216.0,0.0,0.0,0.0,0.0,0.0,0.0
482.0,612.0,1834.0,1222.0,611.0,1.9967320261437909,563.073138041276,1126.1462760825518,0.5434462760281219,0.0,0.0,1.0,inf,612.0,inf,220.0,3.0,217.0,0.0,0.0,0.0,0.0,0.0,0.0
483.0,612.0,1834.0,1222.0,611.0,1.9967320261437909,563.073138041276,1126.1462760825518,0.5434462760281219,0.0,0.0,1.0,inf,612.0,inf,211.0,0.0,211.0,0.0,0.0,0.0,0.0,0.0,0.0
484.0,614.0,1840.0,1226.0,613.0,1.996742671009772,564.8255842902327,1129.651168580465,0.543530619962586,0.0,0.0,1.0,inf,614.0,inf,220.0,2.0,218.0,0.0,0.0,0.0,0.0,0.0,0.0
485.0,614.0,1840.0,1226.0,613.0,1.996742671009772,564.8255842902327,1129.651168580465,0.543530619962586,0.0,0.0,1.0,inf,614.0,inf,216.0,0.0,216.0,0.0,0.0,0.0,0.0,0.0,0.0
486.0,615.0,1843.0,1228.0,614.0,1.9967479674796749,565.7129653790923,1131.4259307581844,0.5435618746937149,0.0,0.0,1.0,inf,615.0,inf,220.0,1.0,219.0,0.0,0.0,0.0,0.0,0.0,0.0
487.0,615.0,1843.0,1228.0,614.0,1.9967479674796749,565.7129653790923,1131.4259307581844,0.5435618746937149,0.0,0.0,1.0,inf,615.0,inf,220.0,0.0,220.0,0.0,0.0,0.0,0.0,0.0,0.0
488.0,615.0,1843.0,1228.0,614.0,1.9967479674796749,565.7129653790923,1131.4259307581844,0.5435618746937149,0.0,0.0,1.0,inf,615.0,inf,220.0,0.0,220.0,0.0,0.0,0.0,0.0,0.0,0.0
489.0,616.0,1846.0,1230.0,615.0,1.9967532467532467,566.6974353042641,1133.394870608528,0.5434999010267844,0.0,0.0,1.0,inf,616.0,inf,220.0,1.0,219.0,0.0,0.0,0.0,0.0,0.0,0.0
490.0,616.0,1846.0,1230.0,615.0,1.9967532467532467,566.6974353042641,1133.394870608528,0.5434999010267844,0.0,0.0,1.0,inf,616.0,inf,218.0,0.0,218.0,0.0,0.0,0.0,0.0,0.0,0.0
491.0,616.0,1846.0,1230.0,615.0,1.9967532467532467,566.6974353042641,1133.394870608528,0.5434999010267844,0.0,0.0,1.0,inf,616.0,inf,220.0,0.0,220.0,0.0,0.0,0.0,0.0,0.0,0.0
492.0,618.0,1852.0,1234.0,617.0,1.9967637540453074,568.5624682493302,1137.1249364986602,0.5434759015160584,0.0,0.0,1.0,inf,618.0,inf,220.0,2.0,218.0,0.0,0.0,0.0,0.0,0.0,0.0
493.0,618.0,1852.0,1234.0,617.0,1.9967637540453074,568.5624682493302,1137.1249364986602,0.5434759015160584,0.0,0.0,1.0,inf,618.0,inf,218.0,0.0,218.0,0.0,0.0,0.0,0.0,0.0,0.0
494.0,619.0,1855.0,1236.0,618.0,1.9967689822294024,569.5050825106144,1139.0101650212287,0.543454324649037,0.0,0.0,1.0,inf,619.0,inf,220.0,1.0,219.0,0.0,0.0,0.0,0.0,0.0,0.0
495.0,619.0,1855.0,1236.0,618.0,1.9967689822294024,569.5050825106144,1139.0101650212287,0.543454324649037,0.0,0.0,1.0,inf,619.0,inf,217.0,0.0,217.0,0.0,0.0,0.0,0.0,0.0,0.0
496.0,621.0,1861.0,1240.0,620.0,1.996779388083736,571.3856692031189,1142.7713384062376,0.54341579905747,0.0,0.0,1.0,inf,621.0,inf,220.0,2.0,218.0,0.0,0.0,0.0,0.0,0.0,0.0
497.0,621.0,1861.0,1240.0,620.0,1.996779388083736,571.3856692031189,1142.7713384062376,0.54341579905747,0.0,0.0,1.0,inf,621.0,inf,216.0,0.0,216.0,0.0,0.0,0.0,0.0,0.0,0.0
498.0,622.0,1864.0,1242.0,621.0,1.9967845659163987,572.346843342701,1144.6936866854019,0.543376806594501,0.0,0.0,1.0,inf,622.0,inf,220.0,1.0,219.0,0.0,0.0,0.0,0.0,0.0,0.0
499.0,622.0,1864.0,1242.0,621.0,1.9967845659163987,572.346843342701,1144.6936866854019,0.543376806594501,0.0,0.0,1.0,inf,622.0,inf,219.0,0.0,219.0,0.0,0.0,0.0,0.0,0.0,0.0
500.0,623.0,1867.0,1244.0,622.0,1.9967897271268058,573.2883447281623,1146.5766894563244,0.5433565898635264,0.0,0.0,1.0,inf,623.0,inf,220.0,1.0,219.0,0.0,0.0,0.0,0.0,0.0,0.0
501.0,623.0,1867.0,1244.0,622.0,1.9967897271268058,573.2883447281623,1146.5766894563244,0.5433565898635264,0.0,0.0,1.0,inf,623.0,inf,219.0,0.0,219.0,0.0,0.0,0.0,0.0,0.0,0.0
502.0,624.0,1870.0,1246.0,623.0,1.9967948717948718,574.2870008509362,1148.5740017018722,0.5432823649807526,0.0,0.0,1.0,inf,624.0,inf,220.0,1.0,219.0,0.0,0.0,0.0,0.0,0.0,0.0
503.0,624.0,1870.0,1246.0,623.0,1.9967948717948718,574.2870008509362,1148.5740017018722,0.5432823649807526,0.0,0.0,1.0,inf,624.0,inf,215.0,0.0,215.0,0.0,0.0,0.0,0.0,0.0,0.0
504.0,625.0,1873.0,1248.0,624.0,1.9968,575.2189960027634,1150.4379920055267,0.5432713491236975,0.0,0.0,1.0,inf,625.0,inf,220.0,1.0,219.0,0.0,0.0,0.0,0.0,0.0,0.0
505.0,625.0,1873.0,1248.0,624.0,1.9968,575.2189960027634,1150.4379920055267,0.5432713491236975,0.0,0.0,1.0,inf,625.0,inf,217.0,0.0,217.0,0.0,0.0,0.0,0.0,0.0,0.0
506.0,626.0,1876.0,1250.0,625.0,1.9968051118210863,576.2010835176974,1152.4021670353945,0.5432131402619735,0.0,0.0,1.0,inf,626.0,inf,220.0,1.0,219.0,0.0,0.0,0.0,0.0,0.0,0.0
507.0,626.0,1876.0,1250.0,625.0,1.9968051118210863,576.2010835176974,1152.4021670353945,0.5432131402619735,0.0,0.0,1.0,inf,626.0,inf,218.0,0.0,218.0,0.0,0.0,0.0,0.0,0.0,0.0
508.0,627.0,1879.0,1252.0,626.0,1.996810207336523,577.0642339456663,1154.1284678913323,0.5432670776638667,0.0,0.0,1.0,inf,627.0,inf,220.0,1.0,219.0,0.0,0.0,0.0,0.0,0.0,0.0
509.0,627.0,1879.0,1252.0,626.0,1.996810207336523,577.0642339456663,1154.1284678913323,0.5432670776638667,0.0,0.0,1.0,inf,627.0,inf,217.0,0.0,217.0,0.0,0.0,0.0,0.0,0.0,0.0
510.0,628.0,1882.0,1254.0,627.0,1.9968152866242037,578.026869291714,1156.0537385834277,0.5432273423288443,0.0,0.0,1.0,inf,628.0,inf,220.0,1.0,219.0,0.0,0.0,0.0,0.0,0.0,0.0
511.0,628.0,1882.0,1254.0,627.0,1.9968152866242037,578.026869291714,1156.0537385834277,0.5432273423288443,0.0,0.0,1.0,inf,628.0,inf,216.0,0.0,216.0,0.0,0.0,0.0,0.0,0.0,0.0
512.0,629.0,1885.0,1256.0,628.0,1.9968203497615262,578.8786878022194,1157.7573756044385,0.5432917235112525,0.0,0.0,1.0,inf,629.0,inf,220.0,1.0,219.0,0.0,0.0,0.0,0.0,0.0,0.0
513.0,629.0,1885.0,1256.0,628.0,1.9968203497615262,578.8786878022194,1157.7573756044385,0.5432917235112525,0.0,0.0,1.0,inf,629.0,inf,219.0,0.0,219.0,0.0,0.0,0.0,0.0,0.0,0.0
514.0,629.0,1885.0,1256.0,628.0,1.9968203497615262,578.8786878022194,1157.7573756044385,0.5432917235112525,0.0,0.0,1.0,inf,629.0,inf,220.0,0.0,220.0,0.0,0.0,0.0,0.0,0.0,0.0
515.0,630.0,1888.0,1258.0,629.0,1.9968253968253968,579.7987129269652,1159.5974258539302,0.5432919959580512,0.0,0.0,1.0,inf,630.0,inf,220.0,1.0,219.0,0.0,0.0,0.0,0.0,0.0,0.0
516.0,630.0,1888.0,1258.0,629.0,1.9968253968253968,579.7987129269652,1159.5974258539302,0.5432919959580512,0.0,0.0,1.0,inf,630.0,inf,218.0,0.0,218.0,0.0,0.0,0.0,0.0,0.0,0.0
517.0,631.0,1891.0,1260.0,630.0,1.9968304278922346,580.7056780664423,1161.4113561328843,0.5433044861047521,0.0,0.0,1.0,inf,631.0,inf,220.0,1.0,219.0,0.0,0.0,0.0,0.0,0.0,0.0
518.0,631.0,1891.0,1260.0,630.0,1.9968304278922346,580.7056780664423,1161.4113561328843,0.5433044861047521,0.0,0.0,1.0,inf,631.0,inf,218.0,0.0,218.0,0.0,0.0,0.0,0.0,0.0,0.0
519.0,633.0,1897.0,1264.0,632.0,1.9968404423380726,582.5741089154465,1165.1482178308927,0.5432785205460207,0.0,0.0,1.0,inf,633.0,inf,220.0,2.0,218.0,0.0,0.0,0.0,0.0,0.0,0.0
520.0,633.0,1897.0,1264.0,632.0,1.9968404423380726,582.5741089154465,1165.1482178308927,0.5432785205460207,0.0,0.0,1.0,inf,633.0,inf,216.0,0.0,216.0,0.0,0.0,0.0,0.0,0.0,0.0
521.0,635.0,1903.0,1268.0,634.0,1.9968503937007873,584.341102682802,1168.6822053656037,0.5433470254656186,0.0,0.0,1.0,inf,635.0,inf,220.0,2.0,218.0,0.0,0.0,0.0,0.0,0.0,0.0
522.0,635.0,1903.0,1268.0,634.0,1.9968503937007873,584.341102682802,1168.6822053656037,0.5433470254656186,0.0,0.0,1.0,inf,635.0,inf,215.0,0.0,215.0,0.0,0.0,0.0,0.0,0.0,0.0
523.0,635.0,1903.0,1268.0,634.0,1.9968503937007873,584.341102682802,1168.6822053656037,0.5433470254656186,0.0,0.0,1.0,inf,635.0,inf,220.0,0.0,220.0,0.0,0.0,0.0,0.0,0.0,0.0
524.0,635.0,1903.0,1268.0,634.0,1.9968503937007873,584.341102682802,1168.6822053656037,0.5433470254656186,0.0,0.0,1.0,inf,635.0,inf,220.0,0.0,220.0,0.0,0.0,0.0,0.0,0.0,0.0
525.0,636.0,1906.0,1270.0,635.0,1.9968553459119496,585.2811577338272,1170.5623154676541,0.5433286136038902,0.0,0.0,1.0,inf,636.0,inf,220.0,1.0,219.0,0.0,0.0,0.0,0.0,0.0,0.0
526.0,636.0,1906.0,1270.0,635.0,1.9968553459119496,585.2811577338272,1170.5623154676541,0.5433286136038902,0.0,0.0,1.0,inf,636.0,inf,215.0,0.0,215.0,0.0,0.0,0.0,0.0,0.0,0.0
527.0,636.0,1906.0,1270.0,635.0,1.9968553459119496,585.2811577338272,1170.5623154676541,0.5433286136038902,0.0,0.0,1.0,inf,636.0,inf,220.0,0.0,220.0,0.0,0.0,0.0,0.0,0.0,0.0
528.0,636.0,1906.0,1270.0,635.0,1.9968553459119496,585.2811577338272,1170.5623154676541,0.5433286136038902,0.0,0.0,1.0,inf,636.0,inf,220.0,0.0,220.0,0.0,0.0,0.0,0.0,0.0,0.0
529.0,636.0,1906.0,1270.0,635.0,1.9968553459119496,585.2811577338272,1170.5623154676541,0.5433286136038902,0.0,0.0,1.0,inf,636.0,inf,220.0,0.0,220.0,0.0,0.0,0.0,0.0,0.0,0.0
530.0,636.0,1906.0,1270.0,635.0,1.9968553459119496,585.2811577338272,1170.5623154676541,0.5433286136038902,0.0,0.0,1.0,inf,636.0,inf,220.0,0.0,220.0,0.0,0.0,0.0,0.0,0.0,0.0
531.0,637.0,1909.0,1272.0,636.0,1.9968602825745683,586.1535463600075,1172.3070927200147,0.5433729813252409,0.0,0.0,1.0,inf,637.0,inf,220.0,1.0,219.0,0.0,0.0,0.0,0.0,0.0,0.0
532.0,637.0,1909.0,1272.0,636.0,1.9968602825745683,586.1535463600075,1172.3070927200147,0.5433729813252409,0.0,0.0,1.0,inf,637.0,inf,217.0,0.0,217.0,0.0,0.0,0.0,0.0,0.0,0.0
533.0,638.0,1912.0,1274.0,637.0,1.9968652037617556,587.0742621556464,1174.1485243112925,0.5433724837956294,0.0,0.0,1.0,inf,638.0,inf,220.0,1.0,219.0,0.0,0.0,0.0,0.0,0.0,0.0
534.0,638.0,1912.0,1274.0,637.0,1.9968652037617556,587.0742621556464,1174.1485243112925,0.5433724837956294,0.0,0.0,1.0,inf,638.0,inf,216.0,0.0,216.0,0.0,0.0,0.0,0.0,0.0,0.0
535.0,639.0,1915.0,1276.0,638.0,1.9968701095461658,587.9547525771943,1175.9095051543884,0.5434091630342796,0.0,0.0,1.0,inf,639.0,inf,220.0,1.0,219.0,0.0,0.0,0.0,0.0,0.0,0.0
536.0,639.0,1915.0,1276.0,638.0,1.9968701095461658,587.9547525771943,1175.9095051543884,0.5434091630342796,0.0,0.0,1.0,inf,639.0,inf,217.0,0.0,217.0,0.0,0.0,0.0,0.0,0.0,0.0
537.0,640.0,1918.0,1278.0,639.0,1.996875,588.8586547790858,1177.7173095581713,0.5434241263211971,0.0,0.0,1.0,inf,640.0,inf,220.0,1.0,219.0,0.0,0.0,0.0,0.0,0.0,0.0
538.0,640.0,1918.0,1278.0,639.0,1.996875,588.8586547790858,1177.7173095581713,0.5434241263211971,0.0,0.0,1.0,inf,640.0,inf,219.0,0.0,219.0,0.0,0.0,0.0,0.0,0.0,0.0
539.0,642.0,1924.0,1282.0,641.0,1.9968847352024923,590.7561596567567,1181.5123193135132,0.5433713974078723,0.0,0.0,1.0,inf,642.0,inf,220.0,2.0,218.0,0.0,0.0,0.0,0.0,0.0,0.0
540.0,642.0,1924.0,1282.0,641.0,1.9968847352024923,590.7561596567567,1181.5123193135132,0.5433713974078723,0.0,0.0,1.0,inf,642.0,inf,219.0,0.0,219.0,0.0,0.0,0.0,0.0,0.0,0.0
541.0,645.0,1933.0,1288.0,644.0,1.9968992248062016,593.4053299375599,1186.8106598751197,0.5434733793744903,0.0,0.0,1.0,inf,645.0,inf,220.0,3.0,217.0,0.0,0.0,0.0,0.0,0.0,0.0
542.0,645.0,1933.0,1288.0,644.0,1.9968992248062016,593.4053299375599,1186.8106598751197,0.5434733793744903,0.0,0.0,1.0,inf,645.0,inf,215.0,0.0,215.0,0.0,0.0,0.0,0.0,0.0,0.0
543.0,645.0,1933.0,1288.0,644.0,1.9968992248062016,593.4053299375599,1186.8106598751197,0.5434733793744903,0.0,0.0,1.0,inf,645.0,inf,220.0,0.0,220.0,0.0,0.0,0.0,0.0,0.0,0.0
544.0,645.0,1933.0,1288.0,644.0,1.9968992248062016,593.4053299375599,1186.8106598751197,0.5434733793744903,0.0,0.0,1.0,inf,645.0,inf,220.0,0.0,220.0,0.0,0.0,0.0,0.0,0.0,0.0
545.0,645.0,1933.0,1288.0,644.0,1.9968992248062016,593.4053299375599,1186.8106598751197,0.5434733793744903,0.0,0.0,1.0,inf,645.0,inf,220.0,0.0,220.0,0.0,0.0,0.0,0.0,0.0,0.0
546.0,646.0,1936.0,1290.0,645.0,1.9969040247678018,594.3480362030714,1188.6960724061425,0.5434526242627987,0.0,0.0,1.0,inf,646.0,inf,220.0,1.0,219.0,0.0,0.0,0.0,0.0,0.0,0.0
547.0,646.0,1936.0,1290.0,645.0,1.9969040247678018,594.3480362030714,1188.6960724061425,0.5434526242627987,0.0,0.0,1.0,inf,646.0,inf,218.0,0.0,218.0,0.0,0.0,0.0,0.0,0.0,0.0
548.0,646.0,1936.0,1290.0,645.0,1.9969040247678018,594.3480362030714,1188.6960724061425,0.5434526242627987,0.0,0.0,1.0,inf,646.0,inf,220.0,0.0,220.0,0.0,0.0,0.0,0.0,0.0,0.0
549.0,647.0,1939.0,1292.0,646.0,1.9969088098918084,595.2972602008374,1190.5945204016746,0.5434259850126973,0.0,0.0,1.0,inf,647.0,inf,220.0,1.0,219.0,0.0,0.0,0.0,0.0,0.0,0.0
550.0,647.0,1939.0,1292.0,646.0,1.9969088098918084,595.2972602008374,1190.5945204016746,0.5434259850126973,0.0,0.0,1.0,inf,647.0,inf,218.0,0.0,218.0,0.0,0.0,0.0,0.0,0.0,0.0
551.0,648.0,1942.0,1294.0,647.0,1.9969135802469136,596.2898662991827,1192.5797325983651,0.5433598964390856,0.0,0.0,1.0,inf,648.0,inf,220.0,1.0,219.0,0.0,0.0,0.0,0.0,0.0,0.0
552.0,648.0,1942.0,1294.0,647.0,1.9969135802469136,596.2898662991827,1192.5797325983651,0.5433598964390856,0.0,0.0,1.0,inf,648.0,inf,217.0,0.0,217.0,0.0,0.0,0.0,0.0,0.0,0.0
553.0,653.0,1957.0,1304.0,652.0,1.996937212863706,600.9595014160856,1201.919002832171,0.54329784158607,0.0,0.0,1.0,inf,653.0,inf,220.0,5.0,215.0,0.0,0.0,0.0,0.0,0.0,0.0
554.0,653.0,1957.0,1304.0,652.0,1.996937212863706,600.9595014160856,1201.919002832171,0.54329784158607,0.0,0.0,1.0,inf,653.0,inf,214.0,0.0,214.0,0.0,0.0,0.0,0.0,0.0,0.0
555.0,656.0,1966.0,1310.0,655.0,1.9969512195121952,603.6899961791489,1207.3799923582976,0.5433252200234637,0.0,0.0,1.0,inf,656.0,inf,220.0,3.0,217.0,0.0,0.0,0.0,0.0,0.0,0.0
556.0,656.0,1966.0,1310.0,655.0,1.9969512195121952,603.6899961791489,1207.3799923582976,0.5433252200234637,0.0,0.0,1.0,inf,656.0,inf,213.0,0.0,213.0,0.0,0.0,0.0,0.0,0.0,0.0
557.0,657.0,1969.0,1312.0,656.0,1.9969558599695585,604.6506075053941,1209.301215010788,0.5432889604713901,0.0,0.0,1.0,inf,657.0,inf,220.0,1.0,219.0,0.0,0.0,0.0,0.0,0.0,0.0
558.0,657.0,1969.0,1312.0,656.0,1.9969558599695585,604.6506075053941,1209.301215010788,0.5432889604713901,0.0,0.0,1.0,inf,657.0,inf,216.0,0.0,216.0,0.0,0.0,0.0,0.0,0.0,0.0
559.0,657.0,1969.0,1312.0,656.0,1.9969558599695585,604.6506075053941,1209.301215010788,0.5432889604713901,0.0,0.0,1.0,inf,657.0,inf,220.0,0.0,220.0,0.0,0.0,0.0,0.0,0.0,0.0
560.0,657.0,1969.0,1312.0,656.0,1.9969558599695585,604.6506075053941,1209.301215010788,0.5432889604713901,0.0,0.0,1.0,inf,657.0,inf,220.0,0.0,220.0,0.0,0.0,0.0,0.0,0.0,0.0
561.0,658.0,1972.0,1314.0,657.0,1.9969604863221884,605.6152946113402,1211.2305892226802,0.543249159866643,0.0,0.0,1.0,inf,658.0,inf,220.0,1.0,219.0,0.0,0.0,0.0,0.0,0.0,0.0
562.0,658.0,1972.0,1314.0,657.0,1.9969604863221884,605.6152946113402,1211.2305892226802,0.543249159866643,0.0,0.0,1.0,inf,658.0,inf,215.0,0.0,215.0,0.0,0.0,0.0,0.0,0.0,0.0
563.0,659.0,1975.0,1316.0,658.0,1.9969650986342944,606.4858272182846,1212.971654436569,0.5432938169574199,0.0,0.0,1.0,inf,659.0,inf,220.0,1.0,219.0,0.0,0.0,0.0,0.0,0.0,0.0
564.0,659.0,1975.0,1316.0,658.0,1.9969650986342944,606.4858272182846,1212.971654436569,0.5432938169574199,0.0,0.0,1.0,inf,659.0,inf,220.0,0.0,220.0,0.0,0.0,0.0,0.0,0.0,0.0
565.0,659.0,1975.0,1316.0,658.0,1.9969650986342944,606.4858272182846,1212.971654436569,0.5432938169574199,0.0,0.0,1.0,inf,659.0,inf,220.0,0.0,220.0,0.0,0.0,0.0,0.0,0.0,0.0
566.0,659.0,1975.0,1316.0,658.0,1.9969650986342944,606.4858272182846,1212.971654436569,0.5432938169574199,0.0,0.0,1.0,inf,659.0,inf,220.0,0.0,220.0,0.0,0.0,0.0,0.0,0.0,0.0
567.0,659.0,1975.0,1316.0,658.0,1.9969650986342944,606.4858272182846,1212.971654436569,0.5432938169574199,0.0,0.0,1.0,inf,659.0,inf,220.0,0.0,220.0,0.0,0.0,0.0,0.0,0.0,0.0
568.0,660.0,1978.0,1318.0,659.0,1.996969696969697,607.3673583459882,1214.7347166919762,0.5433285069824493,0.0,0.0,1.0,inf,660.0,inf,220.0,1.0,219.0,0.0,0.0,0.0,0.0,0.0,0.0
569.0,660.0,1978.0,1318.0,659.0,1.996969696969697,607.3673583459882,1214.7347166919762,0.5433285069824493,0.0,0.0,1.0,inf,660.0,inf,218.0,0.0,218.0,0.0,0.0,0.0,0.0,0.0,0.0
570.0,662.0,1984.0,1322.0,661.0,1.9969788519637461,609.2385894711158,1218.4771789422314,0.5433011068575669,0.0,0.0,1.0,inf,662.0,inf,220.0,2.0,218.0,0.0,0.0,0.0,0.0,0.0,0.0
571.0,662.0,1984.0,1322.0,661.0,1.9969788519637461,609.2385894711158,1218.4771789422314,0.5433011068575669,0.0,0.0,1.0,inf,662.0,inf,218.0,0.0,218.0,0.0,0.0,0.0,0.0,0.0,0.0
572.0,663.0,1987.0,1324.0,662.0,1.9969834087481146,610.094091216429,1220.1881824328577,0.543358810997567,0.0,0.0,1.0,inf,663.0,inf,220.0,1.0,219.0,0.0,0.0,0.0,0.0,0.0,0.0
573.0,663.0,1987.0,1324.0,662.0,1.9969834087481146,610.094091216429,1220.1881824328577,0.543358810997567,0.0,0.0,1.0,inf,663.0,inf,217.0,0.0,217.0,0.0,0.0,0.0,0.0,0.0,0.0
574.0,665.0,1993.0,1328.0,664.0,1.9969924812030075,611.9670384102697,1223.934076820539,0.5433299166957556,0.0,0.0,1.0,inf,665.0,inf,220.0,2.0,218.0,0.0,0.0,0.0,0.0,0.0,0.0
575.0,665.0,1993.0,1328.0,664.0,1.9969924812030075,611.9670384102697,1223.934076820539,0.5433299166957556,0.0,0.0,1.0,inf,665.0,inf,216.0,0.0,216.0,0.0,0.0,0.0,0.0,0.0,0.0
576.0,667.0,1999.0,1332.0,666.0,1.9970014992503748,613.914193603358,1227.8283872067157,0.5432355261938611,0.0,0.0,1.0,inf,667.0,inf,220.0,2.0,218.0,0.0,0.0,0.0,0.0,0.0,0.0
577.0,667.0,1999.0,1332.0,666.0,1.9970014992503748,613.914193603358,1227.8283872067157,0.5432355261938611,0.0,0.0,1.0,inf,667.0,inf,214.0,0.0,214.0,0.0,0.0,0.0,0.0,0.0,0.0
578.0,672.0,2014.0,1342.0,671.0,1.9970238095238095,618.4548811930508,1236.9097623861014,0.5432894301874183,0.0,0.0,1.0,inf,672.0,inf,220.0,5.0,215.0,0.0,0.0,0.0,0.0,0.0,0.0
579.0,672.0,2014.0,1342.0,671.0,1.9970238095238095,618.4548811930508,1236.9097623861014,0.5432894301874183,0.0,0.0,1.0,inf,672.0,inf,204.0,0.0,204.0,0.0,0.0,0.0,0.0,0.0,0.0
580.0,672.0,2014.0,1342.0,671.0,1.9970238095238095,618.4548811930508,1236.9097623861014,0.5432894301874183,0.0,0.0,1.0,inf,672.0,inf,220.0,0.0,220.0,0.0,0.0,0.0,0.0,0.0,0.0
581.0,674.0,2020.0,1346.0,673.0,1.997032640949555,620.3047975100665,1240.6095950201327,0.5432813051788966,0.0,0.0,1.0,inf,674.0,inf,220.0,2.0,218.0,0.0,0.0,0.0,0.0,0.0,0.0
582.0,674.0,2020.0,1346.0,673.0,1.997032640949555,620.3047975100665,1240.6095950201327,0.5432813051788966,0.0,0.0,1.0,inf,674.0,inf,215.0,0.0,215.0,0.0,0.0,0.0,0.0,0.0,0.0
583.0,674.0,2020.0,1346.0,673.0,1.997032640949555,620.3047975100665,1240.6095950201327,0.5432813051788966,0.0,0.0,1.0,inf,674.0,inf,220.0,0.0,220.0,0.0,0.0,0.0,0.0,0.0,0.0
584.0,676.0,2026.0,1350.0,675.0,1.9970414201183433,622.2122062777269,1244.4244125554535,0.5432230300045455,0.0,0.0,1.0,inf,676.0,inf,220.0,2.0,218.0,0.0,0.0,0.0,0.0,0.0,0.0
585.0,676.0,2026.0,1350.0,675.0,1.9970414201183433,622.2122062777269,1244.4244125554535,0.5432230300045455,0.0,0.0,1.0,inf,676.0,inf,219.0,0.0,219.0,0.0,0.0,0.0,0.0,0.0,0.0
586.0,681.0,2041.0,1360.0,680.0,1.9970631424375918,626.9826892217708,1253.9653784435413,0.5430771947191055,0.0,0.0,1.0,inf,681.0,inf,220.0,5.0,215.0,0.0,0.0,0.0,0.0,0.0,0.0
587.0,681.0,2041.0,1360.0,680.0,1.9970631424375918,626.9826892217708,1253.9653784435413,0.5430771947191055,0.0,0.0,1.0,inf,681.0,inf,213.0,0.0,213.0,0.0,0.0,0.0,0.0,0.0,0.0
588.0,682.0,2044.0,1362.0,681.0,1.997067448680352,627.8521772297261,1255.704354459452,0.5431214740778559,0.0,0.0,1.0,inf,682.0,inf,220.0,1.0,219.0,0.0,0.0,0.0,0.0,0.0,0.0
589.0,682.0,2044.0,1362.0,681.0,1.997067448680352,627.8521772297261,1255.704354459452,0.5431214740778559,0.0,0.0,1.0,inf,682.0,inf,219.0,0.0,219.0,0.0,0.0,0.0,0.0,0.0,0.0
590.0,687.0,2059.0,1372.0,686.0,1.997088791848617,632.4196382256622,1264.8392764513242,0.5431520136909967,0.0,0.0,1.0,inf,687.0,inf,220.0,5.0,215.0,0.0,0.0,0.0,0.0,0.0,0.0
591.0,687.0,2059.0,1372.0,686.0,1.997088791848617,632.4196382256622,1264.8392764513242,0.5431520136909967,0.0,0.0,1.0,inf,687.0,inf,211.0,0.0,211.0,0.0,0.0,0.0,0.0,0.0,0.0
592.0,688.0,2062.0,1374.0,687.0,1.997093023255814,633.3776285725696,1266.755257145139,0.5431199090110996,0.0,0.0,1.0,inf,688.0,inf,220.0,1.0,219.0,0.0,0.0,0.0,0.0,0.0,0.0
593.0,688.0,2062.0,1374.0,687.0,1.997093023255814,633.3776285725696,1266.755257145139,0.5431199090110996,0.0,0.0,1.0,inf,688.0,inf,220.0,0.0,220.0,0.0,0.0,0.0,0.0,0.0,0.0
594.0,690.0,2068.0,1378.0,689.0,1.9971014492753623,635.1873477313515,1270.3746954627027,0.5431468388534648,0.0,0.0,1.0,inf,690.0,inf,220.0,2.0,218.0,0.0,0.0,0.0,0.0,0.0,0.0
595.0,690.0,2068.0,1378.0,689.0,1.9971014492753623,635.1873477313515,1270.3746954627027,0.5431468388534648,0.0,0.0,1.0,inf,690.0,inf,215.0,0.0,215.0,0.0,0.0,0.0,0.0,0.0,0.0
596.0,691.0,2071.0,1380.0,690.0,1.9971056439942112,636.1305463349695,1272.2610926699388,0.5431275105252829,0.0,0.0,1.0,inf,691.0,inf,220.0,1.0,219.0,0.0,0.0,0.0,0.0,0.0,0.0
597.0,691.0,2071.0,1380.0,690.0,1.9971056439942112,636.1305463349695,1272.2610926699388,0.5431275105252829,0.0,0.0,1.0,inf,691.0,inf,217.0,0.0,217.0,0.0,0.0,0.0,0.0,0.0,0.0
598.0,691.0,2071.0,1380.0,690.0,1.9971056439942112,636.1305463349695,1272.2610926699388,0.5431275105252829,0.0,0.0,1.0,inf,691.0,inf,220.0,0.0,220.0,0.0,0.0,0.0,0.0,0.0,0.0
599.0,691.0,2071.0,1380.0,690.0,1.9971056439942112,636.1305463349695,1272.2610926699388,0.5431275105252829,0.0,0.0,1.0,inf,691.0,inf,220.0,0.0,220.0,0.0,0.0,0.0,0.0,0.0,0.0
600.0,692.0,2074.0,1382.0,691.0,1.9971098265895955,637.043924948287,1274.0878498965737,0.5431336622950876,0.0,0.0,1.0,inf,692.0,inf,220.0,1.0,219.0,0.0,0.0,0.0,0.0,0.0,0.0
601.0,692.0,2074.0,1382.0,691.0,1.9971098265895955,637.043924948287,1274.0878498965737,0.5431336622950876,0.0,0.0,1.0,inf,692.0,inf,220.0,0.0,220.0,0.0,0.0,0.0,0.0,0.0,0.0
602.0,692.0,2074.0,1382.0,691.0,1.9971098265895955,637.043924948287,1274.0878498965737,0.5431336622950876,0.0,0.0,1.0,inf,692.0,inf,220.0,0.0,220.0,0.0,0.0,0.0,0.0,0.0,0.0
603.0,695.0,2083.0,1388.0,694.0,1.9971223021582734,639.8396508196219,1279.6793016392435,0.5431048225205479,0.0,0.0,1.0,inf,695.0,inf,220.0,3.0,217.0,0.0,0.0,0.0,0.0,0.0,0.0
604.0,695.0,2083.0,1388.0,694.0,1.9971223021582734,639.8396508196219,1279.6793016392435,0.5431048225205479,0.0,0.0,1.0,inf,695.0,inf,217.0,0.0,217.0,0.0,0.0,0.0,0.0,0.0,0.0
605.0,697.0,2089.0,1392.0,696.0,1.9971305595408895,641.7811033538245,1283.5622067076488,0.543020039354238,0.0,0.0,1.0,inf,697.0,inf,220.0,2.0,218.0,0.0,0.0,0.0,0.0,0.0,0.0
606.0,697.0,2089.0,1392.0,696.0,1.9971305595408895,641.7811033538245,1283.5622067076488,0.543020039354238,0.0,0.0,1.0,inf,697.0,inf,213.0,0.0,213.0,0.0,0.0,0.0,0.0,0.0,0.0
607.0,698.0,2092.0,1394.0,697.0,1.997134670487106,642.6669638040306,1285.333927608061,0.5430495414518011,0.0,0.0,1.0,inf,698.0,inf,220.0,1.0,219.0,0.0,0.0,0.0,0.0,0.0,0.0
608.0,698.0,2092.0,1394.0,697.0,1.997134670487106,642.6669638040306,1285.333927608061,0.5430495414518011,0.0,0.0,1.0,inf,698.0,inf,218.0,0.0,218.0,0.0,0.0,0.0,0.0,0.0,0.0
609.0,700.0,2098.0,1398.0,699.0,1.997142857142857,644.5304673738992,1289.0609347477982,0.543030962409045,0.0,0.0,1.0,inf,700.0,inf,220.0,2.0,218.0,0.0,0.0,0.0,0.0,0.0,0.0
610.0,700.0,2098.0,1398.0,699.0,1.997142857142857,644.5304673738992,1289.0609347477982,0.543030962409045,0.0,0.0,1.0,inf,700.0,inf,216.0,0.0,216.0,0.0,0.0,0.0,0.0,0.0,0.0
611.0,701.0,2101.0,1400.0,700.0,1.9971469329529243,645.4755221432235,1290.9510442864469,0.5430105216634817,0.0,0.0,1.0,inf,701.0,inf,220.0,1.0,219.0,0.0,0.0,0.0,0.0,0.0,0.0
612.0,701.0,2101.0,1400.0,700.0,1.9971469329529243,645.4755221432235,1290.9510442864469,0.5430105216634817,0.0,0.0,1.0,inf,701.0,inf,220.0,0.0,220.0,0.0,0.0,0.0,0.0,0.0,0.0
613.0,703.0,2107.0,1404.0,702.0,1.9971550497866288,647.2488712257252,1294.4977424514502,0.5430677682517209,0.0,0.0,1.0,inf,703.0,inf,220.0,2.0,218.0,0.0,0.0,0.0,0.0,0.0,0.0
614.0,703.0,2107.0,1404.0,702.0,1.9971550497866288,647.2488712257252,1294.4977424514502,0.5430677682517209,0.0,0.0,1.0,inf,703.0,inf,214.0,0.0,214.0,0.0,0.0,0.0,0.0,0.0,0.0
615.0,704.0,2110.0,1406.0,703.0,1.9971590909090908,648.134512386281,1296.2690247725618,0.5430971399810476,0.0,0.0,1.0,inf,704.0,inf,220.0,1.0,219.0,0.0,0.0,0.0,0.0,0.0,0.0
616.0,704.0,2110.0,1406.0,703.0,1.9971590909090908,648.134512386281,1296.2690247725618,0.5430971399810476,0.0,0.0,1.0,inf,704.0,inf,216.0,0.0,216.0,0.0,0.0,0.0,0.0,0.0,0.0
617.0,704.0,2110.0,1406.0,703.0,1.9971590909090908,648.134512386281,1296.2690247725618,0.5430971399810476,0.0,0.0,1.0,inf,704.0,inf,220.0,0.0,220.0,0.0,0.0,0.0,0.0,0.0,0.0
618.0,705.0,2113.0,1408.0,704.0,1.9971631205673759,649.0735240514185,1298.1470481028368,0.5430817726160644,0.0,0.0,1.0,inf,705.0,inf,220.0,1.0,219.0,0.0,0.0,0.0,0.0,0.0,0.0
619.0,705.0,2113.0,1408.0,704.0,1.9971631205673759,649.0735240514185,1298.1470481028368,0.5430817726160644,0.0,0.0,1.0,inf,705.0,inf,220.0,0.0,220.0,0.0,0.0,0.0,0.0,0.0,0.0
620.0,705.0,2113.0,1408.0,704.0,1.9971631205673759,649.0735240514185,1298.1470481028368,0.5430817726160644,0.0,0.0,1.0,inf,705.0,inf,220.0,0.0,220.0,0.0,0.0,0.0,0.0,0.0,0.0
621.0,705.0,2113.0,1408.0,704.0,1.9971631205673759,649.0735240514185,1298.1470481028368,0.5430817726160644,0.0,0.0,1.0,inf,705.0,inf,220.0,0.0,220.0,0.0,0.0,0.0,0.0,0.0,0.0
622.0,708.0,2122.0,1414.0,707.0,1.997175141242938,651.9595622117491,1303.919124423498,0.5429784614233863,0.0,0.0,1.0,inf,708.0,inf,220.0,3.0,217.0,0.0,0.0,0.0,0.0,0.0,0.0
623.0,708.0,2122.0,1414.0,707.0,1.997175141242938,651.9595622117491,1303.919124423498,0.5429784614233863,0.0,0.0,1.0,inf,708.0,inf,214.0,0.0,214.0,0.0,0.0,0.0,0.0,0.0,0.0
624.0,709.0,2125.0,1416.0,708.0,1.997179125528914,652.912608218442,1305.8252164368837,0.542951683790117,0.0,0.0,1.0,inf,709.0,inf,220.0,1.0,219.0,0.0,0.0,0.0,0.0,0.0,0.0
625.0,709.0,2125.0,1416.0,708.0,1.997179125528914,652.912608218442,1305.8252164368837,0.542951683790117,0.0,0.0,1.0,inf,709.0,inf,219.0,0.0,219.0,0.0,0.0,0.0,0.0,0.0,0.0
626.0,711.0,2131.0,1420.0,710.0,1.9971870604781998,654.8190292727663,1309.6380585455324,0.54289808956043,0.0,0.0,1.0,inf,711.0,inf,220.0,2.0,218.0,0.0,0.0,0.0,0.0,0.0,0.0
627.0,711.0,2131.0,1420.0,710.0,1.9971870604781998,654.8190292727663,1309.6380585455324,0.54289808956043,0.0,0.0,1.0,inf,711.0,inf,216.0,0.0,216.0,0.0,0.0,0.0,0.0,0.0,0.0
628.0,713.0,2137.0,1424.0,712.0,1.997194950911641,656.6404320670468,1313.2808641340935,0.5429150911066641,0.0,0.0,1.0,inf,713.0,inf,220.0,2.0,218.0,0.0,0.0,0.0,0.0,0.0,0.0
629.0,713.0,2137.0,1424.0,712.0,1.997194950911641,656.6404320670468,1313.2808641340935,0.5429150911066641,0.0,0.0,1.0,inf,713.0,inf,217.0,0.0,217.0,0.0,0.0,0.0,0.0,0.0,0.0
630.0,714.0,2140.0,1426.0,713.0,1.9971988795518207,657.5246151524059,1315.0492303048115,0.5429454529504603,0.0,0.0,1.0,inf,714.0,inf,220.0,1.0,219.0,0.0,0.0,0.0,0.0,0.0,0.0
631.0,714.0,2140.0,1426.0,713.0,1.9971988795518207,657.5246151524059,1315.0492303048115,0.5429454529504603,0.0,0.0,1.0,inf,714.0,inf,220.0,0.0,220.0,0.0,0.0,0.0,0.0,0.0,0.0
632.0,715.0,2143.0,1428.0,714.0,1.9972027972027973,658.4999102015834,1316.9998204031665,0.5429006055453528,0.0,0.0,1.0,inf,715.0,inf,220.0,1.0,219.0,0.0,0.0,0.0,0.0,0.0,0.0
633.0,715.0,2143.0,1428.0,714.0,1.9972027972027973,658.4999102015834,1316.9998204031665,0.5429006055453528,0.0,0.0,1.0,inf,715.0,inf,218.0,0.0,218.0,0.0,0.0,0.0,0.0,0.0,0.0
634.0,716.0,2146.0,1430.0,715.0,1.9972067039106145,659.3857178637793,1318.7714357275584,0.5429295635334921,0.0,0.0,1.0,inf,716.0,inf,220.0,1.0,219.0,0.0,0.0,0.0,0.0,0.0,0.0
635.0,716.0,2146.0,1430.0,715.0,1.9972067039106145,659.3857178637793,1318.7714357275584,0.5429295635334921,0.0,0.0,1.0,inf,716.0,inf,217.0,0.0,217.0,0.0,0.0,0.0,0.0,0.0,0.0
636.0,718.0,2152.0,1434.0,717.0,1.9972144846796658,661.1666581531287,1322.333316306257,0.5429795885394667,0.0,0.0,1.0,inf,718.0,inf,220.0,2.0,218.0,0.0,0.0,0.0,0.0,0.0,0.0
637.0,718.0,2152.0,1434.0,717.0,1.9972144846796658,661.1666581531287,1322.333316306257,0.5429795885394667,0.0,0.0,1.0,inf,718.0,inf,219.0,0.0,219.0,0.0,0.0,0.0,0.0,0.0,0.0
638.0,721.0,2161.0,1440.0,720.0,1.9972260748959778,664.0281237803406,1328.056247560681,0.5428986922235434,0.0,0.0,1.0,inf,721.0,inf,220.0,3.0,217.0,0.0,0.0,0.0,0.0,0.0,0.0
639.0,721.0,2161.0,1440.0,720.0,1.9972260748959778,664.0281237803406,1328.056247560681,0.5428986922235434,0.0,0.0,1.0,inf,721.0,inf,214.0,0.0,214.0,0.0,0.0,0.0,0.0,0.0,0.0
640.0,721.0,2161.0,1440.0,720.0,1.9972260748959778,664.0281237803406,1328.056247560681,0.5428986922235434,0.0,0.0,1.0,inf,721.0,inf,220.0,0.0,220.0,0.0,0.0,0.0,0.0,0.0,0.0
641.0,725.0,2173.0,1448.0,724.0,1.9972413793103447,667.6050929304898,1335.2101858609794,0.542985671976806,0.0,0.0,1.0,inf,725.0,inf,220.0,4.0,216.0,0.0,0.0,0.0,0.0,0.0,0.0
642.0,725.0,2173.0,1448.0,724.0,1.9972413793103447,667.6050929304898,1335.2101858609794,0.542985671976806,0.0,0.0,1.0,inf,725.0,inf,211.0,0.0,211.0,0.0,0.0,0.0,0.0,0.0,0.0
643.0,727.0,2179.0,1452.0,726.0,1.9972489683631363,669.5698841591519,1339.1397683183036,0.5428858265578724,0.0,0.0,1.0,inf,727.0,inf,220.0,2.0,218.0,0.0,0.0,0.0,0.0,0.0,0.0
644.0,727.0,2179.0,1452.0,726.0,1.9972489683631363,669.5698841591519,1339.1397683183036,0.5428858265578724,0.0,0.0,1.0,inf,727.0,inf,219.0,0.0,219.0,0.0,0.0,0.0,0.0,0.0,0.0
645.0,727.0,2179.0,1452.0,726.0,1.9972489683631363,669.5698841591519,1339.1397683183036,0.5428858265578724,0.0,0.0,1.0,inf,727.0,inf,220.0,0.0,220.0,0.0,0.0,0.0,0.0,0.0,0.0
646.0,727.0,2179.0,1452.0,726.0,1.9972489683631363,669.5698841591519,1339.1397683183036,0.5428858265578724,0.0,0.0,1.0,inf,727.0,inf,220.0,0.0,220.0,0.0,0.0,0.0,0.0,0.0,0.0
647.0,730.0,2188.0,1458.0,729.0,1.9972602739726026,672.3569153608177,1344.713830721635,0.5428664324871624,0.0,0.0,1.0,inf,730.0,inf,220.0,3.0,217.0,0.0,0.0,0.0,0.0,0.0,0.0
648.0,730.0,2188.0,1458.0,729.0,1.9972602739726026,672.3569153608177,1344.713830721635,0.5428664324871624,0.0,0.0,1.0,inf,730.0,inf,213.0,0.0,213.0,0.0,0.0,0.0,0.0,0.0,0.0
649.0,730.0,2188.0,1458.0,729.0,1.9972602739726026,672.3569153608177,1344.713830721635,0.5428664324871624,0.0,0.0,1.0,inf,730.0,inf,220.0,0.0,220.0,0.0,0.0,0.0,0.0,0.0,0.0
650.0,732.0,2194.0,1462.0,731.0,1.9972677595628416,674.2135333726657,1348.427066745331,0.5428547216623383,0.0,0.0,1.0,inf,732.0,inf,220.0,2.0,218.0,0.0,0.0,0.0,0.0,0.0,0.0
651.0,732.0,2194.0,1462.0,731.0,1.9972677595628416,674.2135333726657,1348.427066745331,0.5428547216623383,0.0,0.0,1.0,inf,732.0,inf,219.0,0.0,219.0,0.0,0.0,0.0,0.0,0.0,0.0
652.0,732.0,2194.0,1462.0,731.0,1.9972677595628416,674.2135333726657,1348.427066745331,0.5428547216623383,0.0,0.0,1.0,inf,732.0,inf,220.0,0.0,220.0,0.0,0.0,0.0,0.0,0.0,0.0
653.0,733.0,2197.0,1464.0,732.0,1.9972714870395634,675.1100201678756,1350.220040335751,0.5428744783092757,0.0,0.0,1.0,inf,733.0,inf,220.0,1.0,219.0,0.0,0.0,0.0,0.0,0.0,0.0
654.0,733.0,2197.0,1464.0,732.0,1.9972714870395634,675.1100201678756,1350.220040335751,0.5428744783092757,0.0,0.0,1.0,inf,733.0,inf,215.0,0.0,215.0,0.0,0.0,0.0,0.0,0.0,0.0
655.0,734.0,2200.0,1466.0,733.0,1.997275204359673,676.0688751655207,1352.1377503310412,0.5428440998857522,0.0,0.0,1.0,inf,734.0,inf,220.0,1.0,219.0,0.0,0.0,0.0,0.0,0.0,0.0
656.0,734.0,2200.0,1466.0,733.0,1.997275204359673,676.0688751655207,1352.1377503310412,0.5428440998857522,0.0,0.0,1.0,inf,734.0,inf,220.0,0.0,220.0,0.0,0.0,0.0,0.0,0.0,0.0
657.0,734.0,2200.0,1466.0,733.0,1.997275204359673,676.0688751655207,1352.1377503310412,0.5428440998857522,0.0,0.0,1.0,inf,734.0,inf,220.0,0.0,220.0,0.0,0.0,0.0,0.0,0.0,0.0
658.0,734.0,2200.0,1466.0,733.0,1.997275204359673,676.0688751655207,1352.1377503310412,0.5428440998857522,0.0,0.0,1.0,inf,734.0,inf,220.0,0.0,220.0,0.0,0.0,0.0,0.0,0.0,0.0
659.0,734.0,2200.0,1466.0,733.0,1.997275204359673,676.0688751655207,1352.1377503310412,0.5428440998857522,0.0,0.0,1.0,inf,734.0,inf,220.0,0.0,220.0,0.0,0.0,0.0,0.0,0.0,0.0
660.0,736.0,2206.0,1470.0,735.0,1.997282608695652,677.9282016213923,1355.8564032427844,0.5428303456322647,0.0,0.0,1.0,inf,736.0,inf,220.0,2.0,218.0,0.0,0.0,0.0,0.0,0.0,0.0
661.0,736.0,2206.0,1470.0,735.0,1.997282608695652,677.9282016213923,1355.8564032427844,0.5428303456322647,0.0,0.0,1.0,inf,736.0,inf,216.0,0.0,216.0,0.0,0.0,0.0,0.0,0.0,0.0
662.0,739.0,2215.0,1476.0,738.0,1.9972936400541272,680.6399600220682,1361.2799200441361,0.5428714470246794,0.0,0.0,1.0,inf,739.0,inf,220.0,3.0,217.0,0.0,0.0,0.0,0.0,0.0,0.0
663.0,739.0,2215.0,1476.0,738.0,1.9972936400541272,680.6399600220682,1361.2799200441361,0.5428714470246794,0.0,0.0,1.0,inf,739.0,inf,211.0,0.0,211.0,0.0,0.0,0.0,0.0,0.0,0.0
664.0,741.0,2221.0,1480.0,740.0,1.9973009446693657,682.4280510706507,1364.856102141301,0.5429143767152133,0.0,0.0,1.0,inf,741.0,inf,220.0,2.0,218.0,0.0,0.0,0.0,0.0,0.0,0.0
665.0,741.0,2221.0,1480.0,740.0,1.9973009446693657,682.4280510706507,1364.856102141301,0.5429143767152133,0.0,0.0,1.0,inf,741.0,inf,214.0,0.0,214.0,0.0,0.0,0.0,0.0,0.0,0.0
666.0,742.0,2224.0,1482.0,741.0,1.9973045822102427,683.3176123000378,1366.6352246000754,0.5429393203421453,0.0,0.0,1.0,inf,742.0,inf,220.0,1.0,219.0,0.0,0.0,0.0,0.0,0.0,0.0
667.0,742.0,2224.0,1482.0,741.0,1.9973045822102427,683.3176123000378,1366.6352246000754,0.5429393203421453,0.0,0.0,1.0,inf,742.0,inf,218.0,0.0,218.0,0.0,0.0,0.0,0.0,0.0,0.0
668.0,744.0,2230.0,1486.0,743.0,1.9973118279569892,685.2332718305429,1370.4665436610856,0.5428808192664571,0.0,0.0,1.0,inf,744.0,inf,220.0,2.0,218.0,0.0,0.0,0.0,0.0,0.0,0.0
669.0,744.0,2230.0,1486.0,743.0,1.9973118279569892,685.2332718305429,1370.4665436610856,0.5428808192664571,0.0,0.0,1.0,inf,744.0,inf,217.0,0.0,217.0,0.0,0.0,0.0,0.0,0.0,0.0
670.0,745.0,2233.0,1488.0,744.0,1.9973154362416108,686.1307731454322,1372.261546290864,0.5428994217710813,0.0,0.0,1.0,inf,745.0,inf,220.0,1.0,219.0,0.0,0.0,0.0,0.0,0.0,0.0
671.0,745.0,2233.0,1488.0,744.0,1.9973154362416108,686.1307731454322,1372.261546290864,0.5428994217710813,0.0,0.0,1.0,inf,745.0,inf,219.0,0.0,219.0,0.0,0.0,0.0,0.0,0.0,0.0
672.0,749.0,2245.0,1496.0,748.0,1.9973297730307076,689.8442432365056,1379.688486473011,0.5428761690363296,0.0,0.0,1.0,inf,749.0,inf,220.0,4.0,216.0,0.0,0.0,0.0,0.0,0.0,0.0
673.0,749.0,2245.0,1496.0,748.0,1.9973297730307076,689.8442432365056,1379.688486473011,0.5428761690363296,0.0,0.0,1.0,inf,749.0,inf,210.0,0.0,210.0,0.0,0.0,0.0,0.0,0.0,0.0
674.0,749.0,2245.0,1496.0,748.0,1.9973297730307076,689.8442432365056,1379.688486473011,0.5428761690363296,0.0,0.0,1.0,inf,749.0,inf,220.0,0.0,220.0,0.0,0.0,0.0,0.0,0.0,0.0
675.0,749.0,2245.0,1496.0,748.0,1.9973297730307076,689.8442432365056,1379.688486473011,0.5428761690363296,0.0,0.0,1.0,inf,749.0,inf,220.0,0.0,220.0,0.0,0.0,0.0,0.0,0.0,0.0
676.0,750.0,2248.0,1498.0,749.0,1.9973333333333334,690.7471607346655,1381.4943214693308,0.542890396539824,0.0,0.0,1.0,inf,750.0,inf,220.0,1.0,219.0,0.0,0.0,0.0,0.0,0.0,0.0
677.0,750.0,2248.0,1498.0,749.0,1.9973333333333334,690.7471607346655,1381.4943214693308,0.542890396539824,0.0,0.0,1.0,inf,750.0,inf,216.0,0.0,216.0,0.0,0.0,0.0,0.0,0.0,0.0
678.0,752.0,2254.0,1502.0,751.0,1.997340425531915,692.5556034680553,1385.1112069361104,0.5429166959550034,0.0,0.0,1.0,inf,752.0,inf,220.0,2.0,218.0,0.0,0.0,0.0,0.0,0.0,0.0
679.0,752.0,2254.0,1502.0,751.0,1.997340425531915,692.5556034680553,1385.1112069361104,0.5429166959550034,0.0,0.0,1.0,inf,752.0,inf,217.0,0.0,217.0,0.0,0.0,0.0,0.0,0.0,0.0
680.0,752.0,2254.0,1502.0,751.0,1.997340425531915,692.5556034680553,1385.1112069361104,0.5429166959550034,0.0,0.0,1.0,inf,752.0,inf,220.0,0.0,220.0,0.0,0.0,0.0,0.0,0.0,0.0
681.0,754.0,2260.0,1506.0,753.0,1.9973474801061009,694.2924490587943,1388.5848981175884,0.5429988479798011,0.0,0.0,1.0,inf,754.0,inf,220.0,2.0,218.0,0.0,0.0,0.0,0.0,0.0,0.0
682.0,754.0,2260.0,1506.0,753.0,1.9973474801061009,694.2924490587943,1388.5848981175884,0.5429988479798011,0.0,0.0,1.0,inf,754.0,inf,219.0,0.0,219.0,0.0,0.0,0.0,0.0,0.0,0.0
683.0,754.0,2260.0,1506.0,753.0,1.9973474801061009,694.2924490587943,1388.5848981175884,0.5429988479798011,0.0,0.0,1.0,inf,754.0,inf,220.0,0.0,220.0,0.0,0.0,0.0,0.0,0.0,0.0
684.0,756.0,2266.0,1510.0,755.0,1.9973544973544974,696.1696227703119,1392.3392455406236,0.5429711203080088,0.0,0.0,1.0,inf,756.0,inf,220.0,2.0,218.0,0.0,0.0,0.0,0.0,0.0,0.0
685.0,756.0,2266.0,1510.0,755.0,1.9973544973544974,696.1696227703119,1392.3392455406236,0.5429711203080088,0.0,0.0,1.0,inf,756.0,inf,215.0,0.0,215.0,0.0,0.0,0.0,0.0,0.0,0.0
686.0,756.0,2266.0,1510.0,755.0,1.9973544973544974,696.1696227703119,1392.3392455406236,0.5429711203080088,0.0,0.0,1.0,inf,756.0,inf,220.0,0.0,220.0,0.0,0.0,0.0,0.0,0.0,0.0
687.0,757.0,2269.0,1512.0,756.0,1.9973579920739761,697.0723621632214,1394.1447243264427,0.5429852344531387,0.0,0.0,1.0,inf,757.0,inf,220.0,1.0,219.0,0.0,0.0,0.0,0.0,0.0,0.0
688.0,757.0,2269.0,1512.0,756.0,1.9973579920739761,697.0723621632214,1394.1447243264427,0.5429852344531387,0.0,0.0,1.0,inf,757.0,inf,217.0,0.0,217.0,0.0,0.0,0.0,0.0,0.0,0.0
689.0,758.0,2272.0,1514.0,757.0,1.9973614775725594,697.96138296185,1395.9227659236997,0.5430099848671942,0.0,0.0,1.0,inf,758.0,inf,220.0,1.0,219.0,0.0,0.0,0.0,0.0,0.0,0.0
690.0,758.0,2272.0,1514.0,757.0,1.9973614775725594,697.96138296185,1395.9227659236997,0.5430099848671942,0.0,0.0,1.0,inf,758.0,inf,214.0,0.0,214.0,0.0,0.0,0.0,0.0,0.0,0.0
691.0,758.0,2272.0,1514.0,757.0,1.9973614775725594,697.96138296185,1395.9227659236997,0.5430099848671942,0.0,0.0,1.0,inf,758.0,inf,220.0,0.0,220.0,0.0,0.0,0.0,0.0,0.0,0.0
692.0,758.0,2272.0,1514.0,757.0,1.9973614775725594,697.96138296185,1395.9227659236997,0.5430099848671942,0.0,0.0,1.0,inf,758.0,inf,220.0,0.0,220.0,0.0,0.0,0.0,0.0,0.0,0.0
693.0,758.0,2272.0,1514.0,757.0,1.9973614775725594,697.96138296185,1395.9227659236997,0.5430099848671942,0.0,0.0,1.0,inf,758.0,inf,220.0,0.0,220.0,0.0,0.0,0.0,0.0,0.0,0.0
694.0,758.0,2272.0,1514.0,757.0,1.9973614775725594,697.96138296185,1395.9227659236997,0.5430099848671942,0.0,0.0,1.0,inf,758.0,inf,220.0,0.0,220.0,0.0,0.0,0.0,0.0,0.0,0.0
695.0,759.0,2275.0,1516.0,758.0,1.997364953886693,698.8932000388172,1397.7864000776342,0.5430014199292857,0.0,0.0,1.0,inf,759.0,inf,220.0,1.0,219.0,0.0,0.0,0.0,0.0,0.0,0.0
696.0,759.0,2275.0,1516.0,758.0,1.997364953886693,698.8932000388172,1397.7864000776342,0.5430014199292857,0.0,0.0,1.0,inf,759.0,inf,216.0,0.0,216.0,0.0,0.0,0.0,0.0,0.0,0.0
697.0,760.0,2278.0,1518.0,759.0,1.9973684210526317,699.789783138283,1399.5795662765659,0.5430202171512836,0.0,0.0,1.0,inf,760.0,inf,220.0,1.0,219.0,0.0,0.0,0.0,0.0,0.0,0.0
698.0,760.0,2278.0,1518.0,759.0,1.9973684210526317,699.789783138283,1399.5795662765659,0.5430202171512836,0.0,0.0,1.0,inf,760.0,inf,218.0,0.0,218.0,0.0,0.0,0.0,0.0,0.0,0.0
699.0,760.0,2278.0,1518.0,759.0,1.9973684210526317,699.789783138283,1399.5795662765659,0.5430202171512836,0.0,0.0,1.0,inf,760.0,inf,220.0,0.0,220.0,0.0,0.0,0.0,0.0,0.0,0.0
700.0,761.0,2281.0,1520.0,760.0,1.997371879106439,700.7601821430451,1401.52036428609,0.542981764226908,0.0,0.0,1.0,inf,761.0,inf,220.0,1.0,219.0,0.0,0.0,0.0,0.0,0.0,0.0
