t,site_subsystems,total_subsystems,interface_subsystems,n_links,mean_degree,frontier_radius,volume_proxy,density,energy_remaining,energy_density,creation_rate_modifier,memory_total,memory_bound,memory_free,birth_attempts,births_accepted,births_reject_exclusion,births_reject_memory,births_reject_energy,deaths_attempted,deaths_executed,links_attempted_random,links_added_random
0.0,2.0,4.0,2.0,1.0,1.0,0.09794741683587314,0.19999999999999998,10.0,0.0,0.0,1.0,inf,2.0,inf,0.0,0.0,0.0,0.0,0.0,0.0,0.0,0.0,0.0
1.0,2.0,4.0,2.0,1.0,1.0,0.09794741683587314,0.19999999999999998,10.0,0.0,0.0,1.0,inf,2.0,inf,0.0,0.0,0.0,0.0,0.0,0.0,0.0,0.0,0.0
2.0,34.0,100.0,66.0,33.0,1.9411764705882353,29.17105481719229,58.34210963438457,0.5827694646811626,0.0,0.0,1.0,inf,34.0,inf,220.0,32.0,188.0,0.0,0.0,0.0,0.0,0.0,0.0
3.0,34.0,100.0,66.0,33.0,1.9411764705882353,29.17105481719229,58.34210963438457,0.5827694646811626,0.0,0.0,1.0,inf,34.0,inf,0.0,0.0,0.0,0.0,0.0,0.0,0.0,0.0,0.0
4.0,47.0,139.0,92.0,46.0,1.9574468085106382,41.249932821803945,82.49986564360788,0.5696978974855044,0.0,0.0,1.0,inf,47.0,inf,220.0,13.0,207.0,0.0,0.0,0.0,0.0,0.0,0.0
5.0,47.0,139.0,92.0,46.0,1.9574468085106382,41.249932821803945,82.49986564360788,0.5696978974855044,0.0,0.0,1.0,inf,47.0,inf,0.0,0.0,0.0,0.0,0.0,0.0,0.0,0.0,0.0
6.0,59.0,175.0,116.0,58.0,1.9661016949152543,52.312901707176486,104.62580341435296,0.5639144271737669,0.0,0.0,1.0,inf,59.0,inf,220.0,12.0,208.0,0.0,0.0,0.0,0.0,0.0,0.0
7.0,59.0,175.0,116.0,58.0,1.9661016949152543,52.312901707176486,104.62580341435296,0.5639144271737669,0.0,0.0,1.0,inf,59.0,inf,0.0,0.0,0.0,0.0,0.0,0.0,0.0,0.0,0.0
8.0,70.0,208.0,138.0,69.0,1.9714285714285715,62.55489674044664,125.10979348089326,0.559508556863619,0.0,0.0,1.0,inf,70.0,inf,220.0,11.0,209.0,0.0,0.0,0.0,0.0,0.0,0.0
9.0,70.0,208.0,138.0,69.0,1.9714285714285715,62.55489674044664,125.10979348089326,0.559508556863619,0.0,0.0,1.0,inf,70.0,inf,0.0,0.0,0.0,0.0,0.0,0.0,0.0,0.0,0.0
10.0,85.0,253.0,168.0,84.0,1.9764705882352942,76.59762874110753,153.19525748221503,0.5548474632765179,0.0,0.0,1.0,inf,85.0,inf,220.0,15.0,205.0,0.0,0.0,0.0,0.0,0.0,0.0
11.0,85.0,253.0,168.0,84.0,1.9764705882352942,76.59762874110753,153.19525748221503,0.5548474632765179,0.0,0.0,1.0,inf,85.0,inf,0.0,0.0,0.0,0.0,0.0,0.0,0.0,0.0,0.0
12.0,96.0,286.0,190.0,95.0,1.9791666666666667,86.73949085347276,173.4789817069455,0.5533811592355946,0.0,0.0,1.0,inf,96.0,inf,220.0,11.0,209.0,0.0,0.0,0.0,0.0,0.0,0.0
13.0,96.0,286.0,190.0,95.0,1.9791666666666667,86.73949085347276,173.4789817069455,0.5533811592355946,0.0,0.0,1.0,inf,96.0,inf,53.0,0.0,53.0,0.0,0.0,0.0,0.0,0.0,0.0
14.0,101.0,301.0,200.0,100.0,1.9801980198019802,91.29731114293949,182.59462228587896,0.5531378675647387,0.0,0.0,1.0,inf,101.0,inf,220.0,5.0,215.0,0.0,0.0,0.0,0.0,0.0,0.0
15.0,101.0,301.0,200.0,100.0,1.9801980198019802,91.29731114293949,182.59462228587896,0.5531378675647387,0.0,0.0,1.0,inf,101.0,inf,158.0,0.0,158.0,0.0,0.0,0.0,0.0,0.0,0.0
16.0,108.0,322.0,214.0,107.0,1.9814814814814814,97.72949111283839,195.45898222567675,0.5525455968828452,0.0,0.0,1.0,inf,108.0,inf,220.0,7.0,213.0,0.0,0.0,0.0,0.0,0.0,0.0
17.0,108.0,322.0,214.0,107.0,1.9814814814814814,97.72949111283839,195.45898222567675,0.5525455968828452,0.0,0.0,1.0,inf,108.0,inf,130.0,0.0,130.0,0.0,0.0,0.0,0.0,0.0,0.0
18.0,118.0,352.0,234.0,117.0,1.9830508474576272,106.80815588341159,213.61631176682315,0.5523922729683916,0.0,0.0,1.0,inf,118.0,inf,220.0,10.0,210.0,0.0,0.0,0.0,0.0,0.0,0.0
19.0,118.0,352.0,234.0,117.0,1.9830508474576272,106.80815588341159,213.61631176682315,0.5523922729683916,0.0,0.0,1.0,inf,118.0,inf,100.0,0.0,100.0,0.0,0.0,0.0,0.0,0.0,0.0
20.0,124.0,370.0,246.0,123.0,1.9838709677419355,112.22737968588812,224.45475937177622,0.5524498582567914,0.0,0.0,1.0,inf,124.0,inf,220.0,6.0,214.0,0.0,0.0,0.0,0.0,0.0,0.0
21.0,124.0,370.0,246.0,123.0,1.9838709677419355,112.22737968588812,224.45475937177622,0.5524498582567914,0.0,0.0,1.0,inf,124.0,inf,139.0,0.0,139.0,0.0,0.0,0.0,0.0,0.0,0.0
22.0,129.0,385.0,256.0,128.0,1.9844961240310077,116.94043168954437,233.8808633790887,0.5515628689590937,0.0,0.0,1.0,inf,129.0,inf,220.0,5.0,215.0,0.0,0.0,0.0,0.0,0.0,0.0
23.0,129.0,385.0,256.0,128.0,1.9844961240310077,116.94043168954437,233.8808633790887,0.5515628689590937,0.0,0.0,1.0,inf,129.0,inf,151.0,0.0,151.0,0.0,0.0,0.0,0.0,0.0,0.0
24.0,140.0,418.0,278.0,139.0,1.9857142857142858,127.08301634110535,254.16603268221067,0.5508210460799262,0.0,0.0,1.0,inf,140.0,inf,220.0,11.0,209.0,0.0,0.0,0.0,0.0,0.0,0.0
25.0,140.0,418.0,278.0,139.0,1.9857142857142858,127.08301634110535,254.16603268221067,0.5508210460799262,0.0,0.0,1.0,inf,140.0,inf,105.0,0.0,105.0,0.0,0.0,0.0,0.0,0.0,0.0
26.0,144.0,430.0,286.0,143.0,1.9861111111111112,130.69198938123535,261.38397876247063,0.5509136431458875,0.0,0.0,1.0,inf,144.0,inf,220.0,4.0,216.0,0.0,0.0,0.0,0.0,0.0,0.0
27.0,144.0,430.0,286.0,143.0,1.9861111111111112,130.69198938123535,261.38397876247063,0.5509136431458875,0.0,0.0,1.0,inf,144.0,inf,188.0,0.0,188.0,0.0,0.0,0.0,0.0,0.0,0.0
28.0,152.0,454.0,302.0,151.0,1.986842105263158,137.97267429856817,275.9453485971363,0.5508337095469977,0.0,0.0,1.0,inf,152.0,inf,220.0,8.0,212.0,0.0,0.0,0.0,0.0,0.0,0.0
29.0,152.0,454.0,302.0,151.0,1.986842105263158,137.97267429856817,275.9453485971363,0.5508337095469977,0.0,0.0,1.0,inf,152.0,inf,139.0,0.0,139.0,0.0,0.0,0.0,0.0,0.0,0.0
30.0,154.0,460.0,306.0,153.0,1.9870129870129871,139.8078374004392,279.61567480087837,0.5507559621243245,0.0,0.0,1.0,inf,154.0,inf,220.0,2.0,218.0,0.0,0.0,0.0,0.0,0.0,0.0
31.0,154.0,460.0,306.0,153.0,1.9870129870129871,139.8078374004392,279.61567480087837,0.5507559621243245,0.0,0.0,1.0,inf,154.0,inf,200.0,0.0,200.0,0.0,0.0,0.0,0.0,0.0,0.0
32.0,161.0,481.0,320.0,160.0,1.9875776397515528,146.1304684651534,292.26093693030674,0.5508775879904623,0.0,0.0,1.0,inf,161.0,inf,220.0,7.0,213.0,0.0,0.0,0.0,0.0,0.0,0.0
33.0,161.0,481.0,320.0,160.0,1.9875776397515528,146.1304684651534,292.26093693030674,0.5508775879904623,0.0,0.0,1.0,inf,161.0,inf,154.0,0.0,154.0,0.0,0.0,0.0,0.0,0.0,0.0
34.0,171.0,511.0,340.0,170.0,1.9883040935672514,155.25770831726328,310.5154166345265,0.5506972950114913,0.0,0.0,1.0,inf,171.0,inf,220.0,10.0,210.0,0.0,0.0,0.0,0.0,0.0,0.0
35.0,171.0,511.0,340.0,170.0,1.9883040935672514,155.25770831726328,310.5154166345265,0.5506972950114913,0.0,0.0,1.0,inf,171.0,inf,144.0,0.0,144.0,0.0,0.0,0.0,0.0,0.0,0.0
36.0,177.0,529.0,352.0,176.0,1.9887005649717515,160.94146566387568,321.8829313277513,0.5498893627875318,0.0,0.0,1.0,inf,177.0,inf,220.0,6.0,214.0,0.0,0.0,0.0,0.0,0.0,0.0
37.0,177.0,529.0,352.0,176.0,1.9887005649717515,160.94146566387568,321.8829313277513,0.5498893627875318,0.0,0.0,1.0,inf,177.0,inf,168.0,0.0,168.0,0.0,0.0,0.0,0.0,0.0,0.0
38.0,182.0,544.0,362.0,181.0,1.989010989010989,165.4138499545813,330.82769990916256,0.5501353122787871,0.0,0.0,1.0,inf,182.0,inf,220.0,5.0,215.0,0.0,0.0,0.0,0.0,0.0,0.0
39.0,182.0,544.0,362.0,181.0,1.989010989010989,165.4138499545813,330.82769990916256,0.5501353122787871,0.0,0.0,1.0,inf,182.0,inf,190.0,0.0,190.0,0.0,0.0,0.0,0.0,0.0,0.0
40.0,184.0,550.0,366.0,183.0,1.9891304347826086,167.26816399644338,334.5363279928867,0.5500150046601588,0.0,0.0,1.0,inf,184.0,inf,220.0,2.0,218.0,0.0,0.0,0.0,0.0,0.0,0.0
41.0,184.0,550.0,366.0,183.0,1.9891304347826086,167.26816399644338,334.5363279928867,0.5500150046601588,0.0,0.0,1.0,inf,184.0,inf,199.0,0.0,199.0,0.0,0.0,0.0,0.0,0.0,0.0
42.0,188.0,562.0,374.0,187.0,1.9893617021276595,171.0082579788939,342.01651595778776,0.5496810569908362,0.0,0.0,1.0,inf,188.0,inf,220.0,4.0,216.0,0.0,0.0,0.0,0.0,0.0,0.0
43.0,188.0,562.0,374.0,187.0,1.9893617021276595,171.0082579788939,342.01651595778776,0.5496810569908362,0.0,0.0,1.0,inf,188.0,inf,201.0,0.0,201.0,0.0,0.0,0.0,0.0,0.0,0.0
44.0,190.0,568.0,378.0,189.0,1.9894736842105263,172.8429859064909,345.68597181298173,0.5496317915463205,0.0,0.0,1.0,inf,190.0,inf,220.0,2.0,218.0,0.0,0.0,0.0,0.0,0.0,0.0
45.0,190.0,568.0,378.0,189.0,1.9894736842105263,172.8429859064909,345.68597181298173,0.5496317915463205,0.0,0.0,1.0,inf,190.0,inf,207.0,0.0,207.0,0.0,0.0,0.0,0.0,0.0,0.0
46.0,195.0,583.0,388.0,194.0,1.9897435897435898,177.56007877589545,355.12015755179084,0.5491099163289854,0.0,0.0,1.0,inf,195.0,inf,220.0,5.0,215.0,0.0,0.0,0.0,0.0,0.0,0.0
47.0,195.0,583.0,388.0,194.0,1.9897435897435898,177.56007877589545,355.12015755179084,0.5491099163289854,0.0,0.0,1.0,inf,195.0,inf,175.0,0.0,175.0,0.0,0.0,0.0,0.0,0.0,0.0
48.0,198.0,592.0,394.0,197.0,1.9898989898989898,180.36275545742853,360.725510914857,0.5488938098606906,0.0,0.0,1.0,inf,198.0,inf,220.0,3.0,217.0,0.0,0.0,0.0,0.0,0.0,0.0
49.0,198.0,592.0,394.0,197.0,1.9898989898989898,180.36275545742853,360.725510914857,0.5488938098606906,0.0,0.0,1.0,inf,198.0,inf,203.0,0.0,203.0,0.0,0.0,0.0,0.0,0.0,0.0
50.0,200.0,598.0,398.0,199.0,1.99,182.22389361383526,364.44778722767046,0.5487754542876674,0.0,0.0,1.0,inf,200.0,inf,220.0,2.0,218.0,0.0,0.0,0.0,0.0,0.0,0.0
51.0,200.0,598.0,398.0,199.0,1.99,182.22389361383526,364.44778722767046,0.5487754542876674,0.0,0.0,1.0,inf,200.0,inf,202.0,0.0,202.0,0.0,0.0,0.0,0.0,0.0,0.0
52.0,203.0,607.0,404.0,202.0,1.9901477832512315,184.9418999647895,369.88379992957897,0.5488210082156844,0.0,0.0,1.0,inf,203.0,inf,220.0,3.0,217.0,0.0,0.0,0.0,0.0,0.0,0.0
53.0,203.0,607.0,404.0,202.0,1.9901477832512315,184.9418999647895,369.88379992957897,0.5488210082156844,0.0,0.0,1.0,inf,203.0,inf,195.0,0.0,195.0,0.0,0.0,0.0,0.0,0.0,0.0
54.0,207.0,619.0,412.0,206.0,1.9903381642512077,188.55291392272747,377.1058278454549,0.5489175311415037,0.0,0.0,1.0,inf,207.0,inf,220.0,4.0,216.0,0.0,0.0,0.0,0.0,0.0,0.0
55.0,207.0,619.0,412.0,206.0,1.9903381642512077,188.55291392272747,377.1058278454549,0.5489175311415037,0.0,0.0,1.0,inf,207.0,inf,198.0,0.0,198.0,0.0,0.0,0.0,0.0,0.0,0.0
56.0,210.0,628.0,418.0,209.0,1.9904761904761905,191.28236645436232,382.5647329087246,0.5489267094834471,0.0,0.0,1.0,inf,210.0,inf,220.0,3.0,217.0,0.0,0.0,0.0,0.0,0.0,0.0
57.0,210.0,628.0,418.0,209.0,1.9904761904761905,191.28236645436232,382.5647329087246,0.5489267094834471,0.0,0.0,1.0,inf,210.0,inf,205.0,0.0,205.0,0.0,0.0,0.0,0.0,0.0,0.0
58.0,212.0,634.0,422.0,211.0,1.990566037735849,193.12381918899064,386.2476383779812,0.5488706698383413,0.0,0.0,1.0,inf,212.0,inf,220.0,2.0,218.0,0.0,0.0,0.0,0.0,0.0,0.0
59.0,212.0,634.0,422.0,211.0,1.990566037735849,193.12381918899064,386.2476383779812,0.5488706698383413,0.0,0.0,1.0,inf,212.0,inf,206.0,0.0,206.0,0.0,0.0,0.0,0.0,0.0,0.0
60.0,215.0,643.0,428.0,214.0,1.9906976744186047,195.82346953755365,391.64693907510724,0.5489638205975327,0.0,0.0,1.0,inf,215.0,inf,220.0,3.0,217.0,0.0,0.0,0.0,0.0,0.0,0.0
61.0,215.0,643.0,428.0,214.0,1.9906976744186047,195.82346953755365,391.64693907510724,0.5489638205975327,0.0,0.0,1.0,inf,215.0,inf,195.0,0.0,195.0,0.0,0.0,0.0,0.0,0.0,0.0
62.0,220.0,658.0,438.0,219.0,1.990909090909091,200.58583390721543,401.1716678144308,0.5483936619915167,0.0,0.0,1.0,inf,220.0,inf,220.0,5.0,215.0,0.0,0.0,0.0,0.0,0.0,0.0
63.0,220.0,658.0,438.0,219.0,1.990909090909091,200.58583390721543,401.1716678144308,0.5483936619915167,0.0,0.0,1.0,inf,220.0,inf,191.0,0.0,191.0,0.0,0.0,0.0,0.0,0.0,0.0
64.0,224.0,670.0,446.0,223.0,1.9910714285714286,204.22157721797893,408.4431544359578,0.5484239301533508,0.0,0.0,1.0,inf,224.0,inf,220.0,4.0,216.0,0.0,0.0,0.0,0.0,0.0,0.0
65.0,224.0,670.0,446.0,223.0,1.9910714285714286,204.22157721797893,408.4431544359578,0.5484239301533508,0.0,0.0,1.0,inf,224.0,inf,186.0,0.0,186.0,0.0,0.0,0.0,0.0,0.0,0.0
66.0,224.0,670.0,446.0,223.0,1.9910714285714286,204.22157721797893,408.4431544359578,0.5484239301533508,0.0,0.0,1.0,inf,224.0,inf,220.0,0.0,220.0,0.0,0.0,0.0,0.0,0.0,0.0
67.0,229.0,685.0,456.0,228.0,1.9912663755458515,208.83878287634454,417.677565752689,0.5482698109181979,0.0,0.0,1.0,inf,229.0,inf,220.0,5.0,215.0,0.0,0.0,0.0,0.0,0.0,0.0
68.0,229.0,685.0,456.0,228.0,1.9912663755458515,208.83878287634454,417.677565752689,0.5482698109181979,0.0,0.0,1.0,inf,229.0,inf,179.0,0.0,179.0,0.0,0.0,0.0,0.0,0.0,0.0
69.0,231.0,691.0,460.0,230.0,1.9913419913419914,210.73557990415583,421.4711598083116,0.5480802057845681,0.0,0.0,1.0,inf,231.0,inf,220.0,2.0,218.0,0.0,0.0,0.0,0.0,0.0,0.0
70.0,231.0,691.0,460.0,230.0,1.9913419913419914,210.73557990415583,421.4711598083116,0.5480802057845681,0.0,0.0,1.0,inf,231.0,inf,203.0,0.0,203.0,0.0,0.0,0.0,0.0,0.0,0.0
71.0,236.0,706.0,470.0,235.0,1.9915254237288136,215.2966773169348,430.5933546338695,0.5480809154629642,0.0,0.0,1.0,inf,236.0,inf,220.0,5.0,215.0,0.0,0.0,0.0,0.0,0.0,0.0
72.0,236.0,706.0,470.0,235.0,1.9915254237288136,215.2966773169348,430.5933546338695,0.5480809154629642,0.0,0.0,1.0,inf,236.0,inf,197.0,0.0,197.0,0.0,0.0,0.0,0.0,0.0,0.0
73.0,239.0,715.0,476.0,238.0,1.99163179916318,218.05310602041848,436.1062120408369,0.5480316340406086,0.0,0.0,1.0,inf,239.0,inf,220.0,3.0,217.0,0.0,0.0,0.0,0.0,0.0,0.0
74.0,239.0,715.0,476.0,238.0,1.99163179916318,218.05310602041848,436.1062120408369,0.5480316340406086,0.0,0.0,1.0,inf,239.0,inf,201.0,0.0,201.0,0.0,0.0,0.0,0.0,0.0,0.0
75.0,242.0,724.0,482.0,241.0,1.9917355371900827,220.9378100344124,441.87562006882473,0.5476654266698558,0.0,0.0,1.0,inf,242.0,inf,220.0,3.0,217.0,0.0,0.0,0.0,0.0,0.0,0.0
76.0,242.0,724.0,482.0,241.0,1.9917355371900827,220.9378100344124,441.87562006882473,0.5476654266698558,0.0,0.0,1.0,inf,242.0,inf,198.0,0.0,198.0,0.0,0.0,0.0,0.0,0.0,0.0
77.0,248.0,742.0,494.0,247.0,1.9919354838709677,226.45415444959372,452.9083088991874,0.5475722019822828,0.0,0.0,1.0,inf,248.0,inf,220.0,6.0,214.0,0.0,0.0,0.0,0.0,0.0,0.0
78.0,248.0,742.0,494.0,247.0,1.9919354838709677,226.45415444959372,452.9083088991874,0.5475722019822828,0.0,0.0,1.0,inf,248.0,inf,192.0,0.0,192.0,0.0,0.0,0.0,0.0,0.0,0.0
79.0,250.0,748.0,498.0,249.0,1.992,228.37437176836366,456.74874353672726,0.54734688061577,0.0,0.0,1.0,inf,250.0,inf,220.0,2.0,218.0,0.0,0.0,0.0,0.0,0.0,0.0
80.0,250.0,748.0,498.0,249.0,1.992,228.37437176836366,456.74874353672726,0.54734688061577,0.0,0.0,1.0,inf,250.0,inf,212.0,0.0,212.0,0.0,0.0,0.0,0.0,0.0,0.0
81.0,250.0,748.0,498.0,249.0,1.992,228.37437176836366,456.74874353672726,0.54734688061577,0.0,0.0,1.0,inf,250.0,inf,220.0,0.0,220.0,0.0,0.0,0.0,0.0,0.0,0.0
82.0,254.0,760.0,506.0,253.0,1.9921259842519685,232.06670962325327,464.1334192465065,0.5472564341786769,0.0,0.0,1.0,inf,254.0,inf,220.0,4.0,216.0,0.0,0.0,0.0,0.0,0.0,0.0
83.0,254.0,760.0,506.0,253.0,1.9921259842519685,232.06670962325327,464.1334192465065,0.5472564341786769,0.0,0.0,1.0,inf,254.0,inf,193.0,0.0,193.0,0.0,0.0,0.0,0.0,0.0,0.0
84.0,257.0,769.0,512.0,256.0,1.9922178988326849,234.741717629559,469.4834352591179,0.5474101548612811,0.0,0.0,1.0,inf,257.0,inf,220.0,3.0,217.0,0.0,0.0,0.0,0.0,0.0,0.0
85.0,257.0,769.0,512.0,256.0,1.9922178988326849,234.741717629559,469.4834352591179,0.5474101548612811,0.0,0.0,1.0,inf,257.0,inf,197.0,0.0,197.0,0.0,0.0,0.0,0.0,0.0,0.0
86.0,261.0,781.0,520.0,260.0,1.9923371647509578,238.25970011245565,476.51940022491124,0.5477216664774011,0.0,0.0,1.0,inf,261.0,inf,220.0,4.0,216.0,0.0,0.0,0.0,0.0,0.0,0.0
87.0,261.0,781.0,520.0,260.0,1.9923371647509578,238.25970011245565,476.51940022491124,0.5477216664774011,0.0,0.0,1.0,inf,261.0,inf,193.0,0.0,193.0,0.0,0.0,0.0,0.0,0.0,0.0
88.0,263.0,787.0,524.0,262.0,1.9923954372623573,240.18363792901175,480.36727585802345,0.5474977443670244,0.0,0.0,1.0,inf,263.0,inf,220.0,2.0,218.0,0.0,0.0,0.0,0.0,0.0,0.0
89.0,263.0,787.0,524.0,262.0,1.9923954372623573,240.18363792901175,480.36727585802345,0.5474977443670244,0.0,0.0,1.0,inf,263.0,inf,209.0,0.0,209.0,0.0,0.0,0.0,0.0,0.0,0.0
90.0,266.0,796.0,530.0,265.0,1.9924812030075187,243.08595897810838,486.1719179562167,0.547131560206559,0.0,0.0,1.0,inf,266.0,inf,220.0,3.0,217.0,0.0,0.0,0.0,0.0,0.0,0.0
91.0,266.0,796.0,530.0,265.0,1.9924812030075187,243.08595897810838,486.1719179562167,0.547131560206559,0.0,0.0,1.0,inf,266.0,inf,201.0,0.0,201.0,0.0,0.0,0.0,0.0,0.0,0.0
92.0,271.0,811.0,540.0,270.0,1.992619926199262,247.73965228603896,495.47930457207787,0.5469451448311246,0.0,0.0,1.0,inf,271.0,inf,220.0,5.0,215.0,0.0,0.0,0.0,0.0,0.0,0.0
93.0,271.0,811.0,540.0,270.0,1.992619926199262,247.73965228603896,495.47930457207787,0.5469451448311246,0.0,0.0,1.0,inf,271.0,inf,198.0,0.0,198.0,0.0,0.0,0.0,0.0,0.0,0.0
94.0,275.0,823.0,548.0,274.0,1.9927272727272727,251.48933282562362,502.9786656512472,0.5467428715767402,0.0,0.0,1.0,inf,275.0,inf,220.0,4.0,216.0,0.0,0.0,0.0,0.0,0.0,0.0
95.0,275.0,823.0,548.0,274.0,1.9927272727272727,251.48933282562362,502.9786656512472,0.5467428715767402,0.0,0.0,1.0,inf,275.0,inf,202.0,0.0,202.0,0.0,0.0,0.0,0.0,0.0,0.0
96.0,280.0,838.0,558.0,279.0,1.9928571428571429,256.04215944860675,512.0843188972134,0.5467849525308393,0.0,0.0,1.0,inf,280.0,inf,220.0,5.0,215.0,0.0,0.0,0.0,0.0,0.0,0.0
97.0,280.0,838.0,558.0,279.0,1.9928571428571429,256.04215944860675,512.0843188972134,0.5467849525308393,0.0,0.0,1.0,inf,280.0,inf,199.0,0.0,199.0,0.0,0.0,0.0,0.0,0.0,0.0
98.0,281.0,841.0,560.0,280.0,1.99288256227758,256.9063373424771,513.8126746849541,0.5468919196520328,0.0,0.0,1.0,inf,281.0,inf,220.0,1.0,219.0,0.0,0.0,0.0,0.0,0.0,0.0
99.0,281.0,841.0,560.0,280.0,1.99288256227758,256.9063373424771,513.8126746849541,0.5468919196520328,0.0,0.0,1.0,inf,281.0,inf,220.0,0.0,220.0,0.0,0.0,0.0,0.0,0.0,0.0
100.0,282.0,844.0,562.0,281.0,1.9929078014184398,257.8645214691304,515.7290429382607,0.5467987577223937,0.0,0.0,1.0,inf,282.0,inf,220.0,1.0,219.0,0.0,0.0,0.0,0.0,0.0,0.0
101.0,282.0,844.0,562.0,281.0,1.9929078014184398,257.8645214691304,515.7290429382607,0.5467987577223937,0.0,0.0,1.0,inf,282.0,inf,214.0,0.0,214.0,0.0,0.0,0.0,0.0,0.0,0.0
102.0,284.0,850.0,566.0,283.0,1.9929577464788732,259.7561867504717,519.5123735009433,0.546666478964017,0.0,0.0,1.0,inf,284.0,inf,220.0,2.0,218.0,0.0,0.0,0.0,0.0,0.0,0.0
103.0,284.0,850.0,566.0,283.0,1.9929577464788732,259.7561867504717,519.5123735009433,0.546666478964017,0.0,0.0,1.0,inf,284.0,inf,205.0,0.0,205.0,0.0,0.0,0.0,0.0,0.0,0.0
104.0,291.0,871.0,580.0,290.0,1.993127147766323,266.2479298607651,532.4958597215301,0.5464831222390707,0.0,0.0,1.0,inf,291.0,inf,220.0,7.0,213.0,0.0,0.0,0.0,0.0,0.0,0.0
105.0,291.0,871.0,580.0,290.0,1.993127147766323,266.2479298607651,532.4958597215301,0.5464831222390707,0.0,0.0,1.0,inf,291.0,inf,187.0,0.0,187.0,0.0,0.0,0.0,0.0,0.0,0.0
106.0,293.0,877.0,584.0,292.0,1.993174061433447,268.1884934316437,536.3769868632872,0.5462575896729894,0.0,0.0,1.0,inf,293.0,inf,220.0,2.0,218.0,0.0,0.0,0.0,0.0,0.0,0.0
107.0,293.0,877.0,584.0,292.0,1.993174061433447,268.1884934316437,536.3769868632872,0.5462575896729894,0.0,0.0,1.0,inf,293.0,inf,213.0,0.0,213.0,0.0,0.0,0.0,0.0,0.0,0.0
108.0,298.0,892.0,594.0,297.0,1.9932885906040267,272.99702948215395,545.9940589643078,0.54579348457614,0.0,0.0,1.0,inf,298.0,inf,220.0,5.0,215.0,0.0,0.0,0.0,0.0,0.0,0.0
109.0,298.0,892.0,594.0,297.0,1.9932885906040267,272.99702948215395,545.9940589643078,0.54579348457614,0.0,0.0,1.0,inf,298.0,inf,205.0,0.0,205.0,0.0,0.0,0.0,0.0,0.0,0.0
110.0,300.0,898.0,598.0,299.0,1.9933333333333334,274.8892243678131,549.7784487356261,0.5456743542602233,0.0,0.0,1.0,inf,300.0,inf,220.0,2.0,218.0,0.0,0.0,0.0,0.0,0.0,0.0
111.0,300.0,898.0,598.0,299.0,1.9933333333333334,274.8892243678131,549.7784487356261,0.5456743542602233,0.0,0.0,1.0,inf,300.0,inf,208.0,0.0,208.0,0.0,0.0,0.0,0.0,0.0,0.0
112.0,301.0,901.0,600.0,300.0,1.9933554817275747,275.81799531755917,551.6359906351182,0.5456496767976432,0.0,0.0,1.0,inf,301.0,inf,220.0,1.0,219.0,0.0,0.0,0.0,0.0,0.0,0.0
113.0,301.0,901.0,600.0,300.0,1.9933554817275747,275.81799531755917,551.6359906351182,0.5456496767976432,0.0,0.0,1.0,inf,301.0,inf,216.0,0.0,216.0,0.0,0.0,0.0,0.0,0.0,0.0
114.0,303.0,907.0,604.0,302.0,1.9933993399339933,277.6916445168057,555.3832890336113,0.5455691699460959,0.0,0.0,1.0,inf,303.0,inf,220.0,2.0,218.0,0.0,0.0,0.0,0.0,0.0,0.0
115.0,303.0,907.0,604.0,302.0,1.9933993399339933,277.6916445168057,555.3832890336113,0.5455691699460959,0.0,0.0,1.0,inf,303.0,inf,212.0,0.0,212.0,0.0,0.0,0.0,0.0,0.0,0.0
116.0,308.0,922.0,614.0,307.0,1.9935064935064934,282.2269447880473,564.4538895760945,0.5456601605337653,0.0,0.0,1.0,inf,308.0,inf,220.0,5.0,215.0,0.0,0.0,0.0,0.0,0.0,0.0
117.0,308.0,922.0,614.0,307.0,1.9935064935064934,282.2269447880473,564.4538895760945,0.5456601605337653,0.0,0.0,1.0,inf,308.0,inf,192.0,0.0,192.0,0.0,0.0,0.0,0.0,0.0,0.0
118.0,310.0,928.0,618.0,309.0,1.9935483870967743,284.0755287958621,568.1510575917241,0.5456295396404373,0.0,0.0,1.0,inf,310.0,inf,220.0,2.0,218.0,0.0,0.0,0.0,0.0,0.0,0.0
119.0,310.0,928.0,618.0,309.0,1.9935483870967743,284.0755287958621,568.1510575917241,0.5456295396404373,0.0,0.0,1.0,inf,310.0,inf,212.0,0.0,212.0,0.0,0.0,0.0,0.0,0.0,0.0
120.0,311.0,931.0,620.0,310.0,1.9935691318327975,284.9320546421437,569.8641092842873,0.5457441430915801,0.0,0.0,1.0,inf,311.0,inf,220.0,1.0,219.0,0.0,0.0,0.0,0.0,0.0,0.0
121.0,311.0,931.0,620.0,310.0,1.9935691318327975,284.9320546421437,569.8641092842873,0.5457441430915801,0.0,0.0,1.0,inf,311.0,inf,214.0,0.0,214.0,0.0,0.0,0.0,0.0,0.0,0.0
122.0,311.0,931.0,620.0,310.0,1.9935691318327975,284.9320546421437,569.8641092842873,0.5457441430915801,0.0,0.0,1.0,inf,311.0,inf,220.0,0.0,220.0,0.0,0.0,0.0,0.0,0.0,0.0
123.0,311.0,931.0,620.0,310.0,1.9935691318327975,284.9320546421437,569.8641092842873,0.5457441430915801,0.0,0.0,1.0,inf,311.0,inf,220.0,0.0,220.0,0.0,0.0,0.0,0.0,0.0,0.0
124.0,312.0,934.0,622.0,311.0,1.9935897435897436,285.8410610814971,571.6821221629941,0.5457578397231122,0.0,0.0,1.0,inf,312.0,inf,220.0,1.0,219.0,0.0,0.0,0.0,0.0,0.0,0.0
125.0,312.0,934.0,622.0,311.0,1.9935897435897436,285.8410610814971,571.6821221629941,0.5457578397231122,0.0,0.0,1.0,inf,312.0,inf,218.0,0.0,218.0,0.0,0.0,0.0,0.0,0.0,0.0
126.0,314.0,940.0,626.0,313.0,1.9936305732484076,287.7142234209609,575.4284468419216,0.5456803564775105,0.0,0.0,1.0,inf,314.0,inf,220.0,2.0,218.0,0.0,0.0,0.0,0.0,0.0,0.0
127.0,314.0,940.0,626.0,313.0,1.9936305732484076,287.7142234209609,575.4284468419216,0.5456803564775105,0.0,0.0,1.0,inf,314.0,inf,215.0,0.0,215.0,0.0,0.0,0.0,0.0,0.0,0.0
128.0,316.0,946.0,630.0,315.0,1.9936708860759493,289.62809493307157,579.256189866143,0.5455271873279811,0.0,0.0,1.0,inf,316.0,inf,220.0,2.0,218.0,0.0,0.0,0.0,0.0,0.0,0.0
129.0,316.0,946.0,630.0,315.0,1.9936708860759493,289.62809493307157,579.256189866143,0.5455271873279811,0.0,0.0,1.0,inf,316.0,inf,209.0,0.0,209.0,0.0,0.0,0.0,0.0,0.0,0.0
130.0,318.0,952.0,634.0,317.0,1.9937106918238994,291.42381346026616,582.8476269205322,0.5455971429104873,0.0,0.0,1.0,inf,318.0,inf,220.0,2.0,218.0,0.0,0.0,0.0,0.0,0.0,0.0
131.0,318.0,952.0,634.0,317.0,1.9937106918238994,291.42381346026616,582.8476269205322,0.5455971429104873,0.0,0.0,1.0,inf,318.0,inf,213.0,0.0,213.0,0.0,0.0,0.0,0.0,0.0,0.0
132.0,318.0,952.0,634.0,317.0,1.9937106918238994,291.42381346026616,582.8476269205322,0.5455971429104873,0.0,0.0,1.0,inf,318.0,inf,220.0,0.0,220.0,0.0,0.0,0.0,0.0,0.0,0.0
133.0,320.0,958.0,638.0,319.0,1.99375,293.2577115750014,586.5154231500027,0.5455952006877733,0.0,0.0,1.0,inf,320.0,inf,220.0,2.0,218.0,0.0,0.0,0.0,0.0,0.0,0.0
134.0,320.0,958.0,638.0,319.0,1.99375,293.2577115750014,586.5154231500027,0.5455952006877733,0.0,0.0,1.0,inf,320.0,inf,211.0,0.0,211.0,0.0,0.0,0.0,0.0,0.0,0.0
135.0,320.0,958.0,638.0,319.0,1.99375,293.2577115750014,586.5154231500027,0.5455952006877733,0.0,0.0,1.0,inf,320.0,inf,220.0,0.0,220.0,0.0,0.0,0.0,0.0,0.0,0.0
136.0,321.0,961.0,640.0,320.0,1.9937694704049844,294.20384942162303,588.407698843246,0.5455401087223293,0.0,0.0,1.0,inf,321.0,inf,220.0,1.0,219.0,0.0,0.0,0.0,0.0,0.0,0.0
137.0,321.0,961.0,640.0,320.0,1.9937694704049844,294.20384942162303,588.407698843246,0.5455401087223293,0.0,0.0,1.0,inf,321.0,inf,216.0,0.0,216.0,0.0,0.0,0.0,0.0,0.0,0.0
138.0,321.0,961.0,640.0,320.0,1.9937694704049844,294.20384942162303,588.407698843246,0.5455401087223293,0.0,0.0,1.0,inf,321.0,inf,220.0,0.0,220.0,0.0,0.0,0.0,0.0,0.0,0.0
139.0,322.0,964.0,642.0,321.0,1.9937888198757765,295.09715578046286,590.1943115609256,0.5455830286611633,0.0,0.0,1.0,inf,322.0,inf,220.0,1.0,219.0,0.0,0.0,0.0,0.0,0.0,0.0
140.0,322.0,964.0,642.0,321.0,1.9937888198757765,295.09715578046286,590.1943115609256,0.5455830286611633,0.0,0.0,1.0,inf,322.0,inf,216.0,0.0,216.0,0.0,0.0,0.0,0.0,0.0,0.0
141.0,324.0,970.0,646.0,323.0,1.9938271604938271,296.94713843988114,593.8942768797622,0.5455516454919399,0.0,0.0,1.0,inf,324.0,inf,220.0,2.0,218.0,0.0,0.0,0.0,0.0,0.0,0.0
142.0,324.0,970.0,646.0,323.0,1.9938271604938271,296.94713843988114,593.8942768797622,0.5455516454919399,0.0,0.0,1.0,inf,324.0,inf,214.0,0.0,214.0,0.0,0.0,0.0,0.0,0.0,0.0
143.0,327.0,979.0,652.0,326.0,1.9938837920489296,299.7905158091623,599.5810316183245,0.5453808288721157,0.0,0.0,1.0,inf,327.0,inf,220.0,3.0,217.0,0.0,0.0,0.0,0.0,0.0,0.0
144.0,327.0,979.0,652.0,326.0,1.9938837920489296,299.7905158091623,599.5810316183245,0.5453808288721157,0.0,0.0,1.0,inf,327.0,inf,204.0,0.0,204.0,0.0,0.0,0.0,0.0,0.0,0.0
145.0,330.0,988.0,658.0,329.0,1.993939393939394,302.45391434064413,604.9078286812882,0.5455376577278013,0.0,0.0,1.0,inf,330.0,inf,220.0,3.0,217.0,0.0,0.0,0.0,0.0,0.0,0.0
146.0,330.0,988.0,658.0,329.0,1.993939393939394,302.45391434064413,604.9078286812882,0.5455376577278013,0.0,0.0,1.0,inf,330.0,inf,203.0,0.0,203.0,0.0,0.0,0.0,0.0,0.0,0.0
147.0,330.0,988.0,658.0,329.0,1.993939393939394,302.45391434064413,604.9078286812882,0.5455376577278013,0.0,0.0,1.0,inf,330.0,inf,220.0,0.0,220.0,0.0,0.0,0.0,0.0,0.0,0.0
148.0,332.0,994.0,662.0,331.0,1.9939759036144578,304.3119147714313,608.6238295428625,0.5454929364980095,0.0,0.0,1.0,inf,332.0,inf,220.0,2.0,218.0,0.0,0.0,0.0,0.0,0.0,0.0
149.0,332.0,994.0,662.0,331.0,1.9939759036144578,304.3119147714313,608.6238295428625,0.5454929364980095,0.0,0.0,1.0,inf,332.0,inf,204.0,0.0,204.0,0.0,0.0,0.0,0.0,0.0,0.0
150.0,336.0,1006.0,670.0,335.0,1.994047619047619,308.1115212545217,616.2230425090432,0.5452571176694827,0.0,0.0,1.0,inf,336.0,inf,220.0,4.0,216.0,0.0,0.0,0.0,0.0,0.0,0.0
151.0,336.0,1006.0,670.0,335.0,1.994047619047619,308.1115212545217,616.2230425090432,0.5452571176694827,0.0,0.0,1.0,inf,336.0,inf,201.0,0.0,201.0,0.0,0.0,0.0,0.0,0.0,0.0
152.0,338.0,1012.0,674.0,337.0,1.9940828402366864,310.04122357370215,620.0824471474042,0.545088804811228,0.0,0.0,1.0,inf,338.0,inf,220.0,2.0,218.0,0.0,0.0,0.0,0.0,0.0,0.0
153.0,338.0,1012.0,674.0,337.0,1.9940828402366864,310.04122357370215,620.0824471474042,0.545088804811228,0.0,0.0,1.0,inf,338.0,inf,209.0,0.0,209.0,0.0,0.0,0.0,0.0,0.0,0.0
154.0,339.0,1015.0,676.0,338.0,1.9941002949852507,310.9800113980733,621.9600227961465,0.5450511087126746,0.0,0.0,1.0,inf,339.0,inf,220.0,1.0,219.0,0.0,0.0,0.0,0.0,0.0,0.0
155.0,339.0,1015.0,676.0,338.0,1.9941002949852507,310.9800113980733,621.9600227961465,0.5450511087126746,0.0,0.0,1.0,inf,339.0,inf,216.0,0.0,216.0,0.0,0.0,0.0,0.0,0.0,0.0
156.0,344.0,1030.0,686.0,343.0,1.994186046511628,315.6510918085889,631.3021836171777,0.5449054492873447,0.0,0.0,1.0,inf,344.0,inf,220.0,5.0,215.0,0.0,0.0,0.0,0.0,0.0,0.0
157.0,344.0,1030.0,686.0,343.0,1.994186046511628,315.6510918085889,631.3021836171777,0.5449054492873447,0.0,0.0,1.0,inf,344.0,inf,193.0,0.0,193.0,0.0,0.0,0.0,0.0,0.0,0.0
158.0,347.0,1039.0,692.0,346.0,1.994236311239193,318.5355125027487,637.0710250054973,0.5446802418882662,0.0,0.0,1.0,inf,347.0,inf,220.0,3.0,217.0,0.0,0.0,0.0,0.0,0.0,0.0
159.0,347.0,1039.0,692.0,346.0,1.994236311239193,318.5355125027487,637.0710250054973,0.5446802418882662,0.0,0.0,1.0,inf,347.0,inf,214.0,0.0,214.0,0.0,0.0,0.0,0.0,0.0,0.0
160.0,348.0,1042.0,694.0,347.0,1.9942528735632183,319.4863093092254,638.9726186184507,0.5446242763147273,0.0,0.0,1.0,inf,348.0,inf,220.0,1.0,219.0,0.0,0.0,0.0,0.0,0.0,0.0
161.0,348.0,1042.0,694.0,347.0,1.9942528735632183,319.4863093092254,638.9726186184507,0.5446242763147273,0.0,0.0,1.0,inf,348.0,inf,218.0,0.0,218.0,0.0,0.0,0.0,0.0,0.0,0.0
162.0,348.0,1042.0,694.0,347.0,1.9942528735632183,319.4863093092254,638.9726186184507,0.5446242763147273,0.0,0.0,1.0,inf,348.0,inf,220.0,0.0,220.0,0.0,0.0,0.0,0.0,0.0,0.0
163.0,349.0,1045.0,696.0,348.0,1.994269340974212,320.4704186090916,640.9408372181831,0.5445120356423735,0.0,0.0,1.0,inf,349.0,inf,220.0,1.0,219.0,0.0,0.0,0.0,0.0,0.0,0.0
164.0,349.0,1045.0,696.0,348.0,1.994269340974212,320.4704186090916,640.9408372181831,0.5445120356423735,0.0,0.0,1.0,inf,349.0,inf,217.0,0.0,217.0,0.0,0.0,0.0,0.0,0.0,0.0
165.0,349.0,1045.0,696.0,348.0,1.994269340974212,320.4704186090916,640.9408372181831,0.5445120356423735,0.0,0.0,1.0,inf,349.0,inf,220.0,0.0,220.0,0.0,0.0,0.0,0.0,0.0,0.0
166.0,349.0,1045.0,696.0,348.0,1.994269340974212,320.4704186090916,640.9408372181831,0.5445120356423735,0.0,0.0,1.0,inf,349.0,inf,220.0,0.0,220.0,0.0,0.0,0.0,0.0,0.0,0.0
167.0,352.0,1054.0,702.0,351.0,1.9943181818181819,323.1393332181476,646.2786664362951,0.5446566911159171,0.0,0.0,1.0,inf,352.0,inf,220.0,3.0,217.0,0.0,0.0,0.0,0.0,0.0,0.0
168.0,352.0,1054.0,702.0,351.0,1.9943181818181819,323.1393332181476,646.2786664362951,0.5446566911159171,0.0,0.0,1.0,inf,352.0,inf,207.0,0.0,207.0,0.0,0.0,0.0,0.0,0.0,0.0
169.0,355.0,1063.0,708.0,354.0,1.9943661971830986,325.9724070179947,651.9448140359893,0.5445246167421817,0.0,0.0,1.0,inf,355.0,inf,220.0,3.0,217.0,0.0,0.0,0.0,0.0,0.0,0.0
170.0,355.0,1063.0,708.0,354.0,1.9943661971830986,325.9724070179947,651.9448140359893,0.5445246167421817,0.0,0.0,1.0,inf,355.0,inf,213.0,0.0,213.0,0.0,0.0,0.0,0.0,0.0,0.0
171.0,356.0,1066.0,710.0,355.0,1.9943820224719102,326.84292195390856,653.685843907817,0.544604114220658,0.0,0.0,1.0,inf,356.0,inf,220.0,1.0,219.0,0.0,0.0,0.0,0.0,0.0,0.0
172.0,356.0,1066.0,710.0,355.0,1.9943820224719102,326.84292195390856,653.685843907817,0.544604114220658,0.0,0.0,1.0,inf,356.0,inf,216.0,0.0,216.0,0.0,0.0,0.0,0.0,0.0,0.0
173.0,357.0,1069.0,712.0,356.0,1.9943977591036415,327.70540862634465,655.4108172526892,0.544696533231555,0.0,0.0,1.0,inf,357.0,inf,220.0,1.0,219.0,0.0,0.0,0.0,0.0,0.0,0.0
174.0,357.0,1069.0,712.0,356.0,1.9943977591036415,327.70540862634465,655.4108172526892,0.544696533231555,0.0,0.0,1.0,inf,357.0,inf,215.0,0.0,215.0,0.0,0.0,0.0,0.0,0.0,0.0
175.0,357.0,1069.0,712.0,356.0,1.9943977591036415,327.70540862634465,655.4108172526892,0.544696533231555,0.0,0.0,1.0,inf,357.0,inf,220.0,0.0,220.0,0.0,0.0,0.0,0.0,0.0,0.0
176.0,360.0,1078.0,718.0,359.0,1.9944444444444445,330.4849212135497,660.9698424270993,0.5446541988634008,0.0,0.0,1.0,inf,360.0,inf,220.0,3.0,217.0,0.0,0.0,0.0,0.0,0.0,0.0
177.0,360.0,1078.0,718.0,359.0,1.9944444444444445,330.4849212135497,660.9698424270993,0.5446541988634008,0.0,0.0,1.0,inf,360.0,inf,211.0,0.0,211.0,0.0,0.0,0.0,0.0,0.0,0.0
178.0,366.0,1096.0,730.0,365.0,1.994535519125683,336.09455208031807,672.189104160636,0.5444896350365943,0.0,0.0,1.0,inf,366.0,inf,220.0,6.0,214.0,0.0,0.0,0.0,0.0,0.0,0.0
179.0,366.0,1096.0,730.0,365.0,1.994535519125683,336.09455208031807,672.189104160636,0.5444896350365943,0.0,0.0,1.0,inf,366.0,inf,198.0,0.0,198.0,0.0,0.0,0.0,0.0,0.0,0.0
180.0,369.0,1105.0,736.0,368.0,1.994579945799458,338.86679623528494,677.7335924705698,0.5444617237502856,0.0,0.0,1.0,inf,369.0,inf,220.0,3.0,217.0,0.0,0.0,0.0,0.0,0.0,0.0
181.0,369.0,1105.0,736.0,368.0,1.994579945799458,338.86679623528494,677.7335924705698,0.5444617237502856,0.0,0.0,1.0,inf,369.0,inf,206.0,0.0,206.0,0.0,0.0,0.0,0.0,0.0,0.0
182.0,372.0,1114.0,742.0,371.0,1.9946236559139785,341.75921159163363,683.5184231832671,0.5442428285510282,0.0,0.0,1.0,inf,372.0,inf,220.0,3.0,217.0,0.0,0.0,0.0,0.0,0.0,0.0
183.0,372.0,1114.0,742.0,371.0,1.9946236559139785,341.75921159163363,683.5184231832671,0.5442428285510282,0.0,0.0,1.0,inf,372.0,inf,206.0,0.0,206.0,0.0,0.0,0.0,0.0,0.0,0.0
184.0,375.0,1123.0,748.0,374.0,1.9946666666666666,344.4552719780659,688.9105439561317,0.5443377275756708,0.0,0.0,1.0,inf,375.0,inf,220.0,3.0,217.0,0.0,0.0,0.0,0.0,0.0,0.0
185.0,375.0,1123.0,748.0,374.0,1.9946666666666666,344.4552719780659,688.9105439561317,0.5443377275756708,0.0,0.0,1.0,inf,375.0,inf,208.0,0.0,208.0,0.0,0.0,0.0,0.0,0.0,0.0
186.0,380.0,1138.0,758.0,379.0,1.9947368421052631,349.1818417741984,698.3636835483967,0.5441290962743282,0.0,0.0,1.0,inf,380.0,inf,220.0,5.0,215.0,0.0,0.0,0.0,0.0,0.0,0.0
187.0,380.0,1138.0,758.0,379.0,1.9947368421052631,349.1818417741984,698.3636835483967,0.5441290962743282,0.0,0.0,1.0,inf,380.0,inf,195.0,0.0,195.0,0.0,0.0,0.0,0.0,0.0,0.0
188.0,381.0,1141.0,760.0,380.0,1.994750656167979,350.11182123292787,700.2236424658556,0.5441118763975159,0.0,0.0,1.0,inf,381.0,inf,220.0,1.0,219.0,0.0,0.0,0.0,0.0,0.0,0.0
189.0,381.0,1141.0,760.0,380.0,1.994750656167979,350.11182123292787,700.2236424658556,0.5441118763975159,0.0,0.0,1.0,inf,381.0,inf,215.0,0.0,215.0,0.0,0.0,0.0,0.0,0.0,0.0
190.0,383.0,1147.0,764.0,382.0,1.9947780678851175,351.91386983001695,703.8277396600338,0.5441672420939226,0.0,0.0,1.0,inf,383.0,inf,220.0,2.0,218.0,0.0,0.0,0.0,0.0,0.0,0.0
191.0,383.0,1147.0,764.0,382.0,1.9947780678851175,351.91386983001695,703.8277396600338,0.5441672420939226,0.0,0.0,1.0,inf,383.0,inf,213.0,0.0,213.0,0.0,0.0,0.0,0.0,0.0,0.0
192.0,385.0,1153.0,768.0,384.0,1.9948051948051948,353.81719406290364,707.6343881258072,0.5440662670728666,0.0,0.0,1.0,inf,385.0,inf,220.0,2.0,218.0,0.0,0.0,0.0,0.0,0.0,0.0
193.0,385.0,1153.0,768.0,384.0,1.9948051948051948,353.81719406290364,707.6343881258072,0.5440662670728666,0.0,0.0,1.0,inf,385.0,inf,215.0,0.0,215.0,0.0,0.0,0.0,0.0,0.0,0.0
194.0,385.0,1153.0,768.0,384.0,1.9948051948051948,353.81719406290364,707.6343881258072,0.5440662670728666,0.0,0.0,1.0,inf,385.0,inf,220.0,0.0,220.0,0.0,0.0,0.0,0.0,0.0,0.0
195.0,386.0,1156.0,770.0,385.0,1.994818652849741,354.79834043663584,709.5966808732716,0.5439709773232952,0.0,0.0,1.0,inf,386.0,inf,220.0,1.0,219.0,0.0,0.0,0.0,0.0,0.0,0.0
196.0,386.0,1156.0,770.0,385.0,1.994818652849741,354.79834043663584,709.5966808732716,0.5439709773232952,0.0,0.0,1.0,inf,386.0,inf,219.0,0.0,219.0,0.0,0.0,0.0,0.0,0.0,0.0
197.0,388.0,1162.0,774.0,387.0,1.9948453608247423,356.61757848333315,713.2351569666662,0.5440001046080425,0.0,0.0,1.0,inf,388.0,inf,220.0,2.0,218.0,0.0,0.0,0.0,0.0,0.0,0.0
198.0,388.0,1162.0,774.0,387.0,1.9948453608247423,356.61757848333315,713.2351569666662,0.5440001046080425,0.0,0.0,1.0,inf,388.0,inf,214.0,0.0,214.0,0.0,0.0,0.0,0.0,0.0,0.0
199.0,389.0,1165.0,776.0,388.0,1.9948586118251928,357.6093394672582,715.2186789345163,0.5438895983246766,0.0,0.0,1.0,inf,389.0,inf,220.0,1.0,219.0,0.0,0.0,0.0,0.0,0.0,0.0
200.0,389.0,1165.0,776.0,388.0,1.9948586118251928,357.6093394672582,715.2186789345163,0.5438895983246766,0.0,0.0,1.0,inf,389.0,inf,214.0,0.0,214.0,0.0,0.0,0.0,0.0,0.0,0.0
201.0,395.0,1183.0,788.0,394.0,1.9949367088607595,363.2691176297181,726.5382352594361,0.5436740708614617,0.0,0.0,1.0,inf,395.0,inf,220.0,6.0,214.0,0.0,0.0,0.0,0.0,0.0,0.0
202.0,395.0,1183.0,788.0,394.0,1.9949367088607595,363.2691176297181,726.5382352594361,0.5436740708614617,0.0,0.0,1.0,inf,395.0,inf,199.0,0.0,199.0,0.0,0.0,0.0,0.0,0.0,0.0
203.0,398.0,1192.0,794.0,397.0,1.9949748743718594,366.0914234148414,732.1828468296827,0.5435800657217269,0.0,0.0,1.0,inf,398.0,inf,220.0,3.0,217.0,0.0,0.0,0.0,0.0,0.0,0.0
204.0,398.0,1192.0,794.0,397.0,1.9949748743718594,366.0914234148414,732.1828468296827,0.5435800657217269,0.0,0.0,1.0,inf,398.0,inf,206.0,0.0,206.0,0.0,0.0,0.0,0.0,0.0,0.0
205.0,402.0,1204.0,802.0,401.0,1.9950248756218905,369.6356146699098,739.2712293398195,0.5437787702883989,0.0,0.0,1.0,inf,402.0,inf,220.0,4.0,216.0,0.0,0.0,0.0,0.0,0.0,0.0
206.0,402.0,1204.0,802.0,401.0,1.9950248756218905,369.6356146699098,739.2712293398195,0.5437787702883989,0.0,0.0,1.0,inf,402.0,inf,205.0,0.0,205.0,0.0,0.0,0.0,0.0,0.0,0.0
207.0,406.0,1216.0,810.0,405.0,1.9950738916256157,373.39375660133237,746.7875132026646,0.5436620093697508,0.0,0.0,1.0,inf,406.0,inf,220.0,4.0,216.0,0.0,0.0,0.0,0.0,0.0,0.0
208.0,406.0,1216.0,810.0,405.0,1.9950738916256157,373.39375660133237,746.7875132026646,0.5436620093697508,0.0,0.0,1.0,inf,406.0,inf,212.0,0.0,212.0,0.0,0.0,0.0,0.0,0.0,0.0
209.0,407.0,1219.0,812.0,406.0,1.9950859950859952,374.27695310508443,748.5539062101687,0.5437150172131064,0.0,0.0,1.0,inf,407.0,inf,220.0,1.0,219.0,0.0,0.0,0.0,0.0,0.0,0.0
210.0,407.0,1219.0,812.0,406.0,1.9950859950859952,374.27695310508443,748.5539062101687,0.5437150172131064,0.0,0.0,1.0,inf,407.0,inf,216.0,0.0,216.0,0.0,0.0,0.0,0.0,0.0,0.0
211.0,408.0,1222.0,814.0,407.0,1.9950980392156863,375.22571920775505,750.45143841551,0.5436727536447182,0.0,0.0,1.0,inf,408.0,inf,220.0,1.0,219.0,0.0,0.0,0.0,0.0,0.0,0.0
212.0,408.0,1222.0,814.0,407.0,1.9950980392156863,375.22571920775505,750.45143841551,0.5436727536447182,0.0,0.0,1.0,inf,408.0,inf,216.0,0.0,216.0,0.0,0.0,0.0,0.0,0.0,0.0
213.0,408.0,1222.0,814.0,407.0,1.9950980392156863,375.22571920775505,750.45143841551,0.5436727536447182,0.0,0.0,1.0,inf,408.0,inf,220.0,0.0,220.0,0.0,0.0,0.0,0.0,0.0,0.0
214.0,409.0,1225.0,816.0,408.0,1.9951100244498778,376.20693591337005,752.41387182674,0.543583811137099,0.0,0.0,1.0,inf,409.0,inf,220.0,1.0,219.0,0.0,0.0,0.0,0.0,0.0,0.0
215.0,409.0,1225.0,816.0,408.0,1.9951100244498778,376.20693591337005,752.41387182674,0.543583811137099,0.0,0.0,1.0,inf,409.0,inf,220.0,0.0,220.0,0.0,0.0,0.0,0.0,0.0,0.0
216.0,410.0,1228.0,818.0,409.0,1.9951219512195122,377.1174239683486,754.2348479366971,0.5435972643290161,0.0,0.0,1.0,inf,410.0,inf,220.0,1.0,219.0,0.0,0.0,0.0,0.0,0.0,0.0
217.0,410.0,1228.0,818.0,409.0,1.9951219512195122,377.1174239683486,754.2348479366971,0.5435972643290161,0.0,0.0,1.0,inf,410.0,inf,217.0,0.0,217.0,0.0,0.0,0.0,0.0,0.0,0.0
218.0,412.0,1234.0,822.0,411.0,1.9951456310679612,378.90269348522867,757.8053869704572,0.5436752061727712,0.0,0.0,1.0,inf,412.0,inf,220.0,2.0,218.0,0.0,0.0,0.0,0.0,0.0,0.0
219.0,412.0,1234.0,822.0,411.0,1.9951456310679612,378.90269348522867,757.8053869704572,0.5436752061727712,0.0,0.0,1.0,inf,412.0,inf,216.0,0.0,216.0,0.0,0.0,0.0,0.0,0.0,0.0
220.0,412.0,1234.0,822.0,411.0,1.9951456310679612,378.90269348522867,757.8053869704572,0.5436752061727712,0.0,0.0,1.0,inf,412.0,inf,220.0,0.0,220.0,0.0,0.0,0.0,0.0,0.0,0.0
221.0,414.0,1240.0,826.0,413.0,1.9951690821256038,380.870927518755,761.7418550375099,0.5434912067154478,0.0,0.0,1.0,inf,414.0,inf,220.0,2.0,218.0,0.0,0.0,0.0,0.0,0.0,0.0
222.0,414.0,1240.0,826.0,413.0,1.9951690821256038,380.870927518755,761.7418550375099,0.5434912067154478,0.0,0.0,1.0,inf,414.0,inf,207.0,0.0,207.0,0.0,0.0,0.0,0.0,0.0,0.0
223.0,415.0,1243.0,828.0,414.0,1.9951807228915663,381.7619472969265,763.5238945938529,0.5435324328922988,0.0,0.0,1.0,inf,415.0,inf,220.0,1.0,219.0,0.0,0.0,0.0,0.0,0.0,0.0
224.0,415.0,1243.0,828.0,414.0,1.9951807228915663,381.7619472969265,763.5238945938529,0.5435324328922988,0.0,0.0,1.0,inf,415.0,inf,215.0,0.0,215.0,0.0,0.0,0.0,0.0,0.0,0.0
225.0,416.0,1246.0,830.0,415.0,1.9951923076923077,382.70164070437045,765.4032814087408,0.543504333080913,0.0,0.0,1.0,inf,416.0,inf,220.0,1.0,219.0,0.0,0.0,0.0,0.0,0.0,0.0
226.0,416.0,1246.0,830.0,415.0,1.9951923076923077,382.70164070437045,765.4032814087408,0.543504333080913,0.0,0.0,1.0,inf,416.0,inf,215.0,0.0,215.0,0.0,0.0,0.0,0.0,0.0,0.0
227.0,419.0,1255.0,836.0,418.0,1.9952267303102624,385.51419554890794,771.0283910978158,0.543430053727871,0.0,0.0,1.0,inf,419.0,inf,220.0,3.0,217.0,0.0,0.0,0.0,0.0,0.0,0.0
228.0,419.0,1255.0,836.0,418.0,1.9952267303102624,385.51419554890794,771.0283910978158,0.543430053727871,0.0,0.0,1.0,inf,419.0,inf,205.0,0.0,205.0,0.0,0.0,0.0,0.0,0.0,0.0
229.0,420.0,1258.0,838.0,419.0,1.9952380952380953,386.47167994377,772.9433598875399,0.5433774604921999,0.0,0.0,1.0,inf,420.0,inf,220.0,1.0,219.0,0.0,0.0,0.0,0.0,0.0,0.0
230.0,420.0,1258.0,838.0,419.0,1.9952380952380953,386.47167994377,772.9433598875399,0.5433774604921999,0.0,0.0,1.0,inf,420.0,inf,219.0,0.0,219.0,0.0,0.0,0.0,0.0,0.0,0.0
231.0,422.0,1264.0,842.0,421.0,1.995260663507109,388.4507783558304,776.9015567116606,0.5431833626208334,0.0,0.0,1.0,inf,422.0,inf,220.0,2.0,218.0,0.0,0.0,0.0,0.0,0.0,0.0
232.0,422.0,1264.0,842.0,421.0,1.995260663507109,388.4507783558304,776.9015567116606,0.5431833626208334,0.0,0.0,1.0,inf,422.0,inf,213.0,0.0,213.0,0.0,0.0,0.0,0.0,0.0,0.0
233.0,424.0,1270.0,846.0,423.0,1.9952830188679245,390.3553745813076,780.7107491626151,0.5430948663826897,0.0,0.0,1.0,inf,424.0,inf,220.0,2.0,218.0,0.0,0.0,0.0,0.0,0.0,0.0
234.0,424.0,1270.0,846.0,423.0,1.9952830188679245,390.3553745813076,780.7107491626151,0.5430948663826897,0.0,0.0,1.0,inf,424.0,inf,215.0,0.0,215.0,0.0,0.0,0.0,0.0,0.0,0.0
235.0,425.0,1273.0,848.0,424.0,1.9952941176470589,391.3016304610075,782.6032609220149,0.543059326764485,0.0,0.0,1.0,inf,425.0,inf,220.0,1.0,219.0,0.0,0.0,0.0,0.0,0.0,0.0
236.0,425.0,1273.0,848.0,424.0,1.9952941176470589,391.3016304610075,782.6032609220149,0.543059326764485,0.0,0.0,1.0,inf,425.0,inf,216.0,0.0,216.0,0.0,0.0,0.0,0.0,0.0,0.0
237.0,428.0,1282.0,854.0,427.0,1.9953271028037383,394.0312351981428,788.0624703962854,0.5431041523710369,0.0,0.0,1.0,inf,428.0,inf,220.0,3.0,217.0,0.0,0.0,0.0,0.0,0.0,0.0
238.0,428.0,1282.0,854.0,427.0,1.9953271028037383,394.0312351981428,788.0624703962854,0.5431041523710369,0.0,0.0,1.0,inf,428.0,inf,210.0,0.0,210.0,0.0,0.0,0.0,0.0,0.0,0.0
239.0,428.0,1282.0,854.0,427.0,1.9953271028037383,394.0312351981428,788.0624703962854,0.5431041523710369,0.0,0.0,1.0,inf,428.0,inf,220.0,0.0,220.0,0.0,0.0,0.0,0.0,0.0,0.0
240.0,428.0,1282.0,854.0,427.0,1.9953271028037383,394.0312351981428,788.0624703962854,0.5431041523710369,0.0,0.0,1.0,inf,428.0,inf,220.0,0.0,220.0,0.0,0.0,0.0,0.0,0.0,0.0
241.0,429.0,1285.0,856.0,428.0,1.9953379953379953,395.01797678918837,790.0359535783766,0.5430132616837171,0.0,0.0,1.0,inf,429.0,inf,220.0,1.0,219.0,0.0,0.0,0.0,0.0,0.0,0.0
242.0,429.0,1285.0,856.0,428.0,1.9953379953379953,395.01797678918837,790.0359535783766,0.5430132616837171,0.0,0.0,1.0,inf,429.0,inf,219.0,0.0,219.0,0.0,0.0,0.0,0.0,0.0,0.0
243.0,431.0,1291.0,860.0,430.0,1.9953596287703017,396.9730671037447,793.9461342074893,0.5428579867451848,0.0,0.0,1.0,inf,431.0,inf,220.0,2.0,218.0,0.0,0.0,0.0,0.0,0.0,0.0
244.0,431.0,1291.0,860.0,430.0,1.9953596287703017,396.9730671037447,793.9461342074893,0.5428579867451848,0.0,0.0,1.0,inf,431.0,inf,215.0,0.0,215.0,0.0,0.0,0.0,0.0,0.0,0.0
245.0,437.0,1309.0,872.0,436.0,1.9954233409610984,402.61889545280405,805.237790905608,0.5426968343208649,0.0,0.0,1.0,inf,437.0,inf,220.0,6.0,214.0,0.0,0.0,0.0,0.0,0.0,0.0
246.0,437.0,1309.0,872.0,436.0,1.9954233409610984,402.61889545280405,805.237790905608,0.5426968343208649,0.0,0.0,1.0,inf,437.0,inf,198.0,0.0,198.0,0.0,0.0,0.0,0.0,0.0,0.0
247.0,438.0,1312.0,874.0,437.0,1.995433789954338,403.5576086212108,807.1152172424215,0.5426734506338075,0.0,0.0,1.0,inf,438.0,inf,220.0,1.0,219.0,0.0,0.0,0.0,0.0,0.0,0.0
248.0,438.0,1312.0,874.0,437.0,1.995433789954338,403.5576086212108,807.1152172424215,0.5426734506338075,0.0,0.0,1.0,inf,438.0,inf,215.0,0.0,215.0,0.0,0.0,0.0,0.0,0.0,0.0
249.0,441.0,1321.0,880.0,440.0,1.9954648526077097,406.33933641265133,812.6786728253026,0.5426498993345671,0.0,0.0,1.0,inf,441.0,inf,220.0,3.0,217.0,0.0,0.0,0.0,0.0,0.0,0.0
250.0,441.0,1321.0,880.0,440.0,1.9954648526077097,406.33933641265133,812.6786728253026,0.5426498993345671,0.0,0.0,1.0,inf,441.0,inf,207.0,0.0,207.0,0.0,0.0,0.0,0.0,0.0,0.0
251.0,443.0,1327.0,884.0,442.0,1.9954853273137698,408.12540938771195,816.2508187754238,0.5427253361468091,0.0,0.0,1.0,inf,443.0,inf,220.0,2.0,218.0,0.0,0.0,0.0,0.0,0.0,0.0
252.0,443.0,1327.0,884.0,442.0,1.9954853273137698,408.12540938771195,816.2508187754238,0.5427253361468091,0.0,0.0,1.0,inf,443.0,inf,212.0,0.0,212.0,0.0,0.0,0.0,0.0,0.0,0.0
253.0,445.0,1333.0,888.0,444.0,1.9955056179775281,409.97941638531887,819.9588327706376,0.5427101730172803,0.0,0.0,1.0,inf,445.0,inf,220.0,2.0,218.0,0.0,0.0,0.0,0.0,0.0,0.0
254.0,445.0,1333.0,888.0,444.0,1.9955056179775281,409.97941638531887,819.9588327706376,0.5427101730172803,0.0,0.0,1.0,inf,445.0,inf,214.0,0.0,214.0,0.0,0.0,0.0,0.0,0.0,0.0
255.0,446.0,1336.0,890.0,445.0,1.9955156950672646,410.94045221832573,821.8809044366513,0.5426576984480561,0.0,0.0,1.0,inf,446.0,inf,220.0,1.0,219.0,0.0,0.0,0.0,0.0,0.0,0.0
256.0,446.0,1336.0,890.0,445.0,1.9955156950672646,410.94045221832573,821.8809044366513,0.5426576984480561,0.0,0.0,1.0,inf,446.0,inf,218.0,0.0,218.0,0.0,0.0,0.0,0.0,0.0,0.0
257.0,448.0,1342.0,894.0,447.0,1.9955357142857142,412.8349028319911,825.6698056639821,0.5425897821705253,0.0,0.0,1.0,inf,448.0,inf,220.0,2.0,218.0,0.0,0.0,0.0,0.0,0.0,0.0
258.0,448.0,1342.0,894.0,447.0,1.9955357142857142,412.8349028319911,825.6698056639821,0.5425897821705253,0.0,0.0,1.0,inf,448.0,inf,216.0,0.0,216.0,0.0,0.0,0.0,0.0,0.0,0.0
259.0,452.0,1354.0,902.0,451.0,1.9955752212389382,416.4767389891641,832.9534779783281,0.5426473530035013,0.0,0.0,1.0,inf,452.0,inf,220.0,4.0,216.0,0.0,0.0,0.0,0.0,0.0,0.0
260.0,452.0,1354.0,902.0,451.0,1.9955752212389382,416.4767389891641,832.9534779783281,0.5426473530035013,0.0,0.0,1.0,inf,452.0,inf,203.0,0.0,203.0,0.0,0.0,0.0,0.0,0.0,0.0
261.0,455.0,1363.0,908.0,454.0,1.9956043956043956,419.3439331805257,838.6878663610513,0.5425141083466261,0.0,0.0,1.0,inf,455.0,inf,220.0,3.0,217.0,0.0,0.0,0.0,0.0,0.0,0.0
262.0,455.0,1363.0,908.0,454.0,1.9956043956043956,419.3439331805257,838.6878663610513,0.5425141083466261,0.0,0.0,1.0,inf,455.0,inf,208.0,0.0,208.0,0.0,0.0,0.0,0.0,0.0,0.0
263.0,456.0,1366.0,910.0,455.0,1.9956140350877194,420.30992474151014,840.6198494830202,0.5424568552365725,0.0,0.0,1.0,inf,456.0,inf,220.0,1.0,219.0,0.0,0.0,0.0,0.0,0.0,0.0
264.0,456.0,1366.0,910.0,455.0,1.9956140350877194,420.30992474151014,840.6198494830202,0.5424568552365725,0.0,0.0,1.0,inf,456.0,inf,216.0,0.0,216.0,0.0,0.0,0.0,0.0,0.0,0.0
265.0,458.0,1372.0,914.0,457.0,1.9956331877729259,422.20077009151476,844.4015401830294,0.5423959789328731,0.0,0.0,1.0,inf,458.0,inf,220.0,2.0,218.0,0.0,0.0,0.0,0.0,0.0,0.0
266.0,458.0,1372.0,914.0,457.0,1.9956331877729259,422.20077009151476,844.4015401830294,0.5423959789328731,0.0,0.0,1.0,inf,458.0,inf,217.0,0.0,217.0,0.0,0.0,0.0,0.0,0.0,0.0
267.0,458.0,1372.0,914.0,457.0,1.9956331877729259,422.20077009151476,844.4015401830294,0.5423959789328731,0.0,0.0,1.0,inf,458.0,inf,220.0,0.0,220.0,0.0,0.0,0.0,0.0,0.0,0.0
268.0,459.0,1375.0,916.0,458.0,1.9956427015250544,423.12561010085284,846.2512202017056,0.5423921278253477,0.0,0.0,1.0,inf,459.0,inf,220.0,1.0,219.0,0.0,0.0,0.0,0.0,0.0,0.0
269.0,459.0,1375.0,916.0,458.0,1.9956427015250544,423.12561010085284,846.2512202017056,0.5423921278253477,0.0,0.0,1.0,inf,459.0,inf,219.0,0.0,219.0,0.0,0.0,0.0,0.0,0.0,0.0
270.0,461.0,1381.0,920.0,460.0,1.9956616052060738,425.0395541202026,850.079108240405,0.5423024698892233,0.0,0.0,1.0,inf,461.0,inf,220.0,2.0,218.0,0.0,0.0,0.0,0.0,0.0,0.0
271.0,461.0,1381.0,920.0,460.0,1.9956616052060738,425.0395541202026,850.079108240405,0.5423024698892233,0.0,0.0,1.0,inf,461.0,inf,209.0,0.0,209.0,0.0,0.0,0.0,0.0,0.0,0.0
272.0,462.0,1384.0,922.0,461.0,1.9956709956709957,426.0298989366181,852.0597978732361,0.542215465573149,0.0,0.0,1.0,inf,462.0,inf,220.0,1.0,219.0,0.0,0.0,0.0,0.0,0.0,0.0
273.0,462.0,1384.0,922.0,461.0,1.9956709956709957,426.0298989366181,852.0597978732361,0.542215465573149,0.0,0.0,1.0,inf,462.0,inf,216.0,0.0,216.0,0.0,0.0,0.0,0.0,0.0,0.0
274.0,462.0,1384.0,922.0,461.0,1.9956709956709957,426.0298989366181,852.0597978732361,0.542215465573149,0.0,0.0,1.0,inf,462.0,inf,220.0,0.0,220.0,0.0,0.0,0.0,0.0,0.0,0.0
275.0,463.0,1387.0,924.0,462.0,1.9956803455723542,426.92649722087015,853.8529944417402,0.5422479080286123,0.0,0.0,1.0,inf,463.0,inf,220.0,1.0,219.0,0.0,0.0,0.0,0.0,0.0,0.0
276.0,463.0,1387.0,924.0,462.0,1.9956803455723542,426.92649722087015,853.8529944417402,0.5422479080286123,0.0,0.0,1.0,inf,463.0,inf,215.0,0.0,215.0,0.0,0.0,0.0,0.0,0.0,0.0
277.0,463.0,1387.0,924.0,462.0,1.9956803455723542,426.92649722087015,853.8529944417402,0.5422479080286123,0.0,0.0,1.0,inf,463.0,inf,220.0,0.0,220.0,0.0,0.0,0.0,0.0,0.0,0.0
278.0,464.0,1390.0,926.0,463.0,1.9956896551724137,427.8556899355115,855.7113798710229,0.5422389031099907,0.0,0.0,1.0,inf,464.0,inf,220.0,1.0,219.0,0.0,0.0,0.0,0.0,0.0,0.0
279.0,464.0,1390.0,926.0,463.0,1.9956896551724137,427.8556899355115,855.7113798710229,0.5422389031099907,0.0,0.0,1.0,inf,464.0,inf,215.0,0.0,215.0,0.0,0.0,0.0,0.0,0.0,0.0
280.0,465.0,1393.0,928.0,464.0,1.9956989247311827,428.718484849309,857.4369696986179,0.5423139151131351,0.0,0.0,1.0,inf,465.0,inf,220.0,1.0,219.0,0.0,0.0,0.0,0.0,0.0,0.0
281.0,465.0,1393.0,928.0,464.0,1.9956989247311827,428.718484849309,857.4369696986179,0.5423139151131351,0.0,0.0,1.0,inf,465.0,inf,216.0,0.0,216.0,0.0,0.0,0.0,0.0,0.0,0.0
282.0,466.0,1396.0,930.0,465.0,1.9957081545064377,429.6790943766213,859.3581887532425,0.5422651533420227,0.0,0.0,1.0,inf,466.0,inf,220.0,1.0,219.0,0.0,0.0,0.0,0.0,0.0,0.0
283.0,466.0,1396.0,930.0,465.0,1.9957081545064377,429.6790943766213,859.3581887532425,0.5422651533420227,0.0,0.0,1.0,inf,466.0,inf,219.0,0.0,219.0,0.0,0.0,0.0,0.0,0.0,0.0
284.0,467.0,1399.0,932.0,466.0,1.9957173447537473,430.53372487004924,861.0674497400984,0.5423500797074117,0.0,0.0,1.0,inf,467.0,inf,220.0,1.0,219.0,0.0,0.0,0.0,0.0,0.0,0.0
285.0,467.0,1399.0,932.0,466.0,1.9957173447537473,430.53372487004924,861.0674497400984,0.5423500797074117,0.0,0.0,1.0,inf,467.0,inf,217.0,0.0,217.0,0.0,0.0,0.0,0.0,0.0,0.0
286.0,470.0,1408.0,938.0,469.0,1.995744680851064,433.2781435254007,866.5562870508013,0.5423767700071473,0.0,0.0,1.0,inf,470.0,inf,220.0,3.0,217.0,0.0,0.0,0.0,0.0,0.0,0.0
287.0,470.0,1408.0,938.0,469.0,1.995744680851064,433.2781435254007,866.5562870508013,0.5423767700071473,0.0,0.0,1.0,inf,470.0,inf,212.0,0.0,212.0,0.0,0.0,0.0,0.0,0.0,0.0
288.0,474.0,1420.0,946.0,473.0,1.9957805907172996,437.06260510444406,874.125210208888,0.5422564118551496,0.0,0.0,1.0,inf,474.0,inf,220.0,4.0,216.0,0.0,0.0,0.0,0.0,0.0,0.0
289.0,474.0,1420.0,946.0,473.0,1.9957805907172996,437.06260510444406,874.125210208888,0.5422564118551496,0.0,0.0,1.0,inf,474.0,inf,206.0,0.0,206.0,0.0,0.0,0.0,0.0,0.0,0.0
290.0,475.0,1423.0,948.0,474.0,1.9957894736842106,438.0616870079795,876.1233740159589,0.5421610860839191,0.0,0.0,1.0,inf,475.0,inf,220.0,1.0,219.0,0.0,0.0,0.0,0.0,0.0,0.0
291.0,475.0,1423.0,948.0,474.0,1.9957894736842106,438.0616870079795,876.1233740159589,0.5421610860839191,0.0,0.0,1.0,inf,475.0,inf,217.0,0.0,217.0,0.0,0.0,0.0,0.0,0.0,0.0
292.0,476.0,1426.0,950.0,475.0,1.995798319327731,439.00904744947053,878.018094898941,0.5421300571883854,0.0,0.0,1.0,inf,476.0,inf,220.0,1.0,219.0,0.0,0.0,0.0,0.0,0.0,0.0
293.0,476.0,1426.0,950.0,475.0,1.995798319327731,439.00904744947053,878.018094898941,0.5421300571883854,0.0,0.0,1.0,inf,476.0,inf,217.0,0.0,217.0,0.0,0.0,0.0,0.0,0.0,0.0
294.0,478.0,1432.0,954.0,477.0,1.99581589958159,440.94333839009556,881.886676780191,0.5420197544487236,0.0,0.0,1.0,inf,478.0,inf,220.0,2.0,218.0,0.0,0.0,0.0,0.0,0.0,0.0
295.0,478.0,1432.0,954.0,477.0,1.99581589958159,440.94333839009556,881.886676780191,0.5420197544487236,0.0,0.0,1.0,inf,478.0,inf,214.0,0.0,214.0,0.0,0.0,0.0,0.0,0.0,0.0
296.0,480.0,1438.0,958.0,479.0,1.9958333333333333,442.79691274392616,885.5938254878522,0.5420091990090148,0.0,0.0,1.0,inf,480.0,inf,220.0,2.0,218.0,0.0,0.0,0.0,0.0,0.0,0.0
297.0,480.0,1438.0,958.0,479.0,1.9958333333333333,442.79691274392616,885.5938254878522,0.5420091990090148,0.0,0.0,1.0,inf,480.0,inf,217.0,0.0,217.0,0.0,0.0,0.0,0.0,0.0,0.0
298.0,481.0,1441.0,960.0,480.0,1.995841995841996,443.7271371758615,887.4542743517229,0.5419997558199446,0.0,0.0,1.0,inf,481.0,inf,220.0,1.0,219.0,0.0,0.0,0.0,0.0,0.0,0.0
299.0,481.0,1441.0,960.0,480.0,1.995841995841996,443.7271371758615,887.4542743517229,0.5419997558199446,0.0,0.0,1.0,inf,481.0,inf,217.0,0.0,217.0,0.0,0.0,0.0,0.0,0.0,0.0
300.0,481.0,1441.0,960.0,480.0,1.995841995841996,443.7271371758615,887.4542743517229,0.5419997558199446,0.0,0.0,1.0,inf,481.0,inf,220.0,0.0,220.0,0.0,0.0,0.0,0.0,0.0,0.0
301.0,481.0,1441.0,960.0,480.0,1.995841995841996,443.7271371758615,887.4542743517229,0.5419997558199446,0.0,0.0,1.0,inf,481.0,inf,220.0,0.0,220.0,0.0,0.0,0.0,0.0,0.0,0.0
302.0,481.0,1441.0,960.0,480.0,1.995841995841996,443.7271371758615,887.4542743517229,0.5419997558199446,0.0,0.0,1.0,inf,481.0,inf,220.0,0.0,220.0,0.0,0.0,0.0,0.0,0.0,0.0
303.0,484.0,1450.0,966.0,483.0,1.9958677685950412,446.52598959289526,893.0519791857904,0.5419617349051401,0.0,0.0,1.0,inf,484.0,inf,220.0,3.0,217.0,0.0,0.0,0.0,0.0,0.0,0.0
304.0,484.0,1450.0,966.0,483.0,1.9958677685950412,446.52598959289526,893.0519791857904,0.5419617349051401,0.0,0.0,1.0,inf,484.0,inf,214.0,0.0,214.0,0.0,0.0,0.0,0.0,0.0,0.0
305.0,485.0,1453.0,968.0,484.0,1.9958762886597938,447.47953519000845,894.9590703800168,0.5419242243045369,0.0,0.0,1.0,inf,485.0,inf,220.0,1.0,219.0,0.0,0.0,0.0,0.0,0.0,0.0
306.0,485.0,1453.0,968.0,484.0,1.9958762886597938,447.47953519000845,894.9590703800168,0.5419242243045369,0.0,0.0,1.0,inf,485.0,inf,217.0,0.0,217.0,0.0,0.0,0.0,0.0,0.0,0.0
307.0,491.0,1471.0,980.0,490.0,1.9959266802443991,452.8871520037082,905.7743040074163,0.5420776432138439,0.0,0.0,1.0,inf,491.0,inf,220.0,6.0,214.0,0.0,0.0,0.0,0.0,0.0,0.0
308.0,491.0,1471.0,980.0,490.0,1.9959266802443991,452.8871520037082,905.7743040074163,0.5420776432138439,0.0,0.0,1.0,inf,491.0,inf,203.0,0.0,203.0,0.0,0.0,0.0,0.0,0.0,0.0
309.0,494.0,1480.0,986.0,493.0,1.9959514170040487,455.5976455679845,911.1952911359689,0.5421450317024138,0.0,0.0,1.0,inf,494.0,inf,220.0,3.0,217.0,0.0,0.0,0.0,0.0,0.0,0.0
310.0,494.0,1480.0,986.0,493.0,1.9959514170040487,455.5976455679845,911.1952911359689,0.5421450317024138,0.0,0.0,1.0,inf,494.0,inf,207.0,0.0,207.0,0.0,0.0,0.0,0.0,0.0,0.0
311.0,494.0,1480.0,986.0,493.0,1.9959514170040487,455.5976455679845,911.1952911359689,0.5421450317024138,0.0,0.0,1.0,inf,494.0,inf,220.0,0.0,220.0,0.0,0.0,0.0,0.0,0.0,0.0
312.0,496.0,1486.0,990.0,495.0,1.9959677419354838,457.37607311025243,914.7521462205048,0.542223379359459,0.0,0.0,1.0,inf,496.0,inf,220.0,2.0,218.0,0.0,0.0,0.0,0.0,0.0,0.0
313.0,496.0,1486.0,990.0,495.0,1.9959677419354838,457.37607311025243,914.7521462205048,0.542223379359459,0.0,0.0,1.0,inf,496.0,inf,215.0,0.0,215.0,0.0,0.0,0.0,0.0,0.0,0.0
314.0,498.0,1492.0,994.0,497.0,1.9959839357429718,459.2043798104043,918.4087596208085,0.5422422148996201,0.0,0.0,1.0,inf,498.0,inf,220.0,2.0,218.0,0.0,0.0,0.0,0.0,0.0,0.0
315.0,498.0,1492.0,994.0,497.0,1.9959839357429718,459.2043798104043,918.4087596208085,0.5422422148996201,0.0,0.0,1.0,inf,498.0,inf,217.0,0.0,217.0,0.0,0.0,0.0,0.0,0.0,0.0
316.0,501.0,1501.0,1000.0,500.0,1.996007984031936,462.11842047951967,924.2368409590392,0.5420688483702237,0.0,0.0,1.0,inf,501.0,inf,220.0,3.0,217.0,0.0,0.0,0.0,0.0,0.0,0.0
317.0,501.0,1501.0,1000.0,500.0,1.996007984031936,462.11842047951967,924.2368409590392,0.5420688483702237,0.0,0.0,1.0,inf,501.0,inf,211.0,0.0,211.0,0.0,0.0,0.0,0.0,0.0,0.0
318.0,502.0,1504.0,1002.0,501.0,1.99601593625498,463.1047682303947,926.2095364607893,0.5419939875789133,0.0,0.0,1.0,inf,502.0,inf,220.0,1.0,219.0,0.0,0.0,0.0,0.0,0.0,0.0
319.0,502.0,1504.0,1002.0,501.0,1.99601593625498,463.1047682303947,926.2095364607893,0.5419939875789133,0.0,0.0,1.0,inf,502.0,inf,218.0,0.0,218.0,0.0,0.0,0.0,0.0,0.0,0.0
320.0,503.0,1507.0,1004.0,502.0,1.9960238568588469,464.1025405569659,928.2050811139317,0.5419061048409191,0.0,0.0,1.0,inf,503.0,inf,220.0,1.0,219.0,0.0,0.0,0.0,0.0,0.0,0.0
321.0,503.0,1507.0,1004.0,502.0,1.9960238568588469,464.1025405569659,928.2050811139317,0.5419061048409191,0.0,0.0,1.0,inf,503.0,inf,220.0,0.0,220.0,0.0,0.0,0.0,0.0,0.0,0.0
322.0,504.0,1510.0,1006.0,503.0,1.996031746031746,465.08648567408056,930.172971348161,0.5418347076560606,0.0,0.0,1.0,inf,504.0,inf,220.0,1.0,219.0,0.0,0.0,0.0,0.0,0.0,0.0
323.0,504.0,1510.0,1006.0,503.0,1.996031746031746,465.08648567408056,930.172971348161,0.5418347076560606,0.0,0.0,1.0,inf,504.0,inf,214.0,0.0,214.0,0.0,0.0,0.0,0.0,0.0,0.0
324.0,509.0,1525.0,1016.0,508.0,1.9960707269155207,469.67667835867996,939.3533567173598,0.5418621186160854,0.0,0.0,1.0,inf,509.0,inf,220.0,5.0,215.0,0.0,0.0,0.0,0.0,0.0,0.0
325.0,509.0,1525.0,1016.0,508.0,1.9960707269155207,469.67667835867996,939.3533567173598,0.5418621186160854,0.0,0.0,1.0,inf,509.0,inf,201.0,0.0,201.0,0.0,0.0,0.0,0.0,0.0,0.0
326.0,510.0,1528.0,1018.0,509.0,1.996078431372549,470.5911825442154,941.1823650884307,0.5418716063088176,0.0,0.0,1.0,inf,510.0,inf,220.0,1.0,219.0,0.0,0.0,0.0,0.0,0.0,0.0
327.0,510.0,1528.0,1018.0,509.0,1.996078431372549,470.5911825442154,941.1823650884307,0.5418716063088176,0.0,0.0,1.0,inf,510.0,inf,217.0,0.0,217.0,0.0,0.0,0.0,0.0,0.0,0.0
328.0,512.0,1534.0,1022.0,511.0,1.99609375,472.4661448570334,944.9322897140667,0.5418377650687854,0.0,0.0,1.0,inf,512.0,inf,220.0,2.0,218.0,0.0,0.0,0.0,0.0,0.0,0.0
329.0,512.0,1534.0,1022.0,511.0,1.99609375,472.4661448570334,944.9322897140667,0.5418377650687854,0.0,0.0,1.0,inf,512.0,inf,210.0,0.0,210.0,0.0,0.0,0.0,0.0,0.0,0.0
330.0,512.0,1534.0,1022.0,511.0,1.99609375,472.4661448570334,944.9322897140667,0.5418377650687854,0.0,0.0,1.0,inf,512.0,inf,220.0,0.0,220.0,0.0,0.0,0.0,0.0,0.0,0.0
331.0,514.0,1540.0,1026.0,513.0,1.9961089494163424,474.4049374576823,948.8098749153645,0.5417312926320984,0.0,0.0,1.0,inf,514.0,inf,220.0,2.0,218.0,0.0,0.0,0.0,0.0,0.0,0.0
332.0,514.0,1540.0,1026.0,513.0,1.9961089494163424,474.4049374576823,948.8098749153645,0.5417312926320984,0.0,0.0,1.0,inf,514.0,inf,213.0,0.0,213.0,0.0,0.0,0.0,0.0,0.0,0.0
333.0,515.0,1543.0,1028.0,514.0,1.996116504854369,475.39055078848725,950.7811015769744,0.5416599037841794,0.0,0.0,1.0,inf,515.0,inf,220.0,1.0,219.0,0.0,0.0,0.0,0.0,0.0,0.0
334.0,515.0,1543.0,1028.0,514.0,1.996116504854369,475.39055078848725,950.7811015769744,0.5416599037841794,0.0,0.0,1.0,inf,515.0,inf,219.0,0.0,219.0,0.0,0.0,0.0,0.0,0.0,0.0
335.0,516.0,1546.0,1030.0,515.0,1.996124031007752,476.2609565675384,952.5219131350767,0.541719820703827,0.0,0.0,1.0,inf,516.0,inf,220.0,1.0,219.0,0.0,0.0,0.0,0.0,0.0,0.0
336.0,516.0,1546.0,1030.0,515.0,1.996124031007752,476.2609565675384,952.5219131350767,0.541719820703827,0.0,0.0,1.0,inf,516.0,inf,218.0,0.0,218.0,0.0,0.0,0.0,0.0,0.0,0.0
337.0,518.0,1552.0,1034.0,517.0,1.9961389961389961,478.2019712017315,956.4039424034629,0.5416121546908885,0.0,0.0,1.0,inf,518.0,inf,220.0,2.0,218.0,0.0,0.0,0.0,0.0,0.0,0.0
338.0,518.0,1552.0,1034.0,517.0,1.9961389961389961,478.2019712017315,956.4039424034629,0.5416121546908885,0.0,0.0,1.0,inf,518.0,inf,218.0,0.0,218.0,0.0,0.0,0.0,0.0,0.0,0.0
339.0,518.0,1552.0,1034.0,517.0,1.9961389961389961,478.2019712017315,956.4039424034629,0.5416121546908885,0.0,0.0,1.0,inf,518.0,inf,220.0,0.0,220.0,0.0,0.0,0.0,0.0,0.0,0.0
340.0,521.0,1561.0,1040.0,520.0,1.9961612284069097,480.8988031656803,961.7976063313605,0.541694007731294,0.0,0.0,1.0,inf,521.0,inf,220.0,3.0,217.0,0.0,0.0,0.0,0.0,0.0,0.0
341.0,521.0,1561.0,1040.0,520.0,1.9961612284069097,480.8988031656803,961.7976063313605,0.541694007731294,0.0,0.0,1.0,inf,521.0,inf,211.0,0.0,211.0,0.0,0.0,0.0,0.0,0.0,0.0
342.0,523.0,1567.0,1044.0,522.0,1.9961759082217974,482.7457021111605,965.4914042223209,0.5416930670877007,0.0,0.0,1.0,inf,523.0,inf,220.0,2.0,218.0,0.0,0.0,0.0,0.0,0.0,0.0
343.0,523.0,1567.0,1044.0,522.0,1.9961759082217974,482.7457021111605,965.4914042223209,0.5416930670877007,0.0,0.0,1.0,inf,523.0,inf,213.0,0.0,213.0,0.0,0.0,0.0,0.0,0.0,0.0
344.0,524.0,1570.0,1046.0,523.0,1.9961832061068703,483.71350267459866,967.4270053491972,0.5416429323376805,0.0,0.0,1.0,inf,524.0,inf,220.0,1.0,219.0,0.0,0.0,0.0,0.0,0.0,0.0
345.0,524.0,1570.0,1046.0,523.0,1.9961832061068703,483.71350267459866,967.4270053491972,0.5416429323376805,0.0,0.0,1.0,inf,524.0,inf,215.0,0.0,215.0,0.0,0.0,0.0,0.0,0.0,0.0
346.0,524.0,1570.0,1046.0,523.0,1.9961832061068703,483.71350267459866,967.4270053491972,0.5416429323376805,0.0,0.0,1.0,inf,524.0,inf,220.0,0.0,220.0,0.0,0.0,0.0,0.0,0.0,0.0
347.0,524.0,1570.0,1046.0,523.0,1.9961832061068703,483.71350267459866,967.4270053491972,0.5416429323376805,0.0,0.0,1.0,inf,524.0,inf,220.0,0.0,220.0,0.0,0.0,0.0,0.0,0.0,0.0
348.0,524.0,1570.0,1046.0,523.0,1.9961832061068703,483.71350267459866,967.4270053491972,0.5416429323376805,0.0,0.0,1.0,inf,524.0,inf,220.0,0.0,220.0,0.0,0.0,0.0,0.0,0.0,0.0
349.0,526.0,1576.0,1050.0,525.0,1.9961977186311788,485.5472983920036,971.0945967840071,0.5416568084530224,0.0,0.0,1.0,inf,526.0,inf,220.0,2.0,218.0,0.0,0.0,0.0,0.0,0.0,0.0
350.0,526.0,1576.0,1050.0,525.0,1.9961977186311788,485.5472983920036,971.0945967840071,0.5416568084530224,0.0,0.0,1.0,inf,526.0,inf,217.0,0.0,217.0,0.0,0.0,0.0,0.0,0.0,0.0
351.0,528.0,1582.0,1054.0,527.0,1.996212121212121,487.35284527706654,974.705690554133,0.5417019774449302,0.0,0.0,1.0,inf,528.0,inf,220.0,2.0,218.0,0.0,0.0,0.0,0.0,0.0,0.0
352.0,528.0,1582.0,1054.0,527.0,1.996212121212121,487.35284527706654,974.705690554133,0.5417019774449302,0.0,0.0,1.0,inf,528.0,inf,213.0,0.0,213.0,0.0,0.0,0.0,0.0,0.0,0.0
353.0,530.0,1588.0,1058.0,529.0,1.9962264150943396,489.30288881391135,978.6057776278226,0.5415868290546374,0.0,0.0,1.0,inf,530.0,inf,220.0,2.0,218.0,0.0,0.0,0.0,0.0,0.0,0.0
354.0,530.0,1588.0,1058.0,529.0,1.9962264150943396,489.30288881391135,978.6057776278226,0.5415868290546374,0.0,0.0,1.0,inf,530.0,inf,218.0,0.0,218.0,0.0,0.0,0.0,0.0,0.0,0.0
355.0,533.0,1597.0,1064.0,532.0,1.99624765478424,492.0011937687007,984.0023875374013,0.5416653523919839,0.0,0.0,1.0,inf,533.0,inf,220.0,3.0,217.0,0.0,0.0,0.0,0.0,0.0,0.0
356.0,533.0,1597.0,1064.0,532.0,1.99624765478424,492.0011937687007,984.0023875374013,0.5416653523919839,0.0,0.0,1.0,inf,533.0,inf,208.0,0.0,208.0,0.0,0.0,0.0,0.0,0.0,0.0
357.0,534.0,1600.0,1066.0,533.0,1.99625468164794,492.8596013454854,985.7192026909706,0.5417364281249702,0.0,0.0,1.0,inf,534.0,inf,220.0,1.0,219.0,0.0,0.0,0.0,0.0,0.0,0.0
358.0,534.0,1600.0,1066.0,533.0,1.99625468164794,492.8596013454854,985.7192026909706,0.5417364281249702,0.0,0.0,1.0,inf,534.0,inf,217.0,0.0,217.0,0.0,0.0,0.0,0.0,0.0,0.0
359.0,535.0,1603.0,1068.0,534.0,1.9962616822429906,493.82461284477944,987.6492256895588,0.5416902945744454,0.0,0.0,1.0,inf,535.0,inf,220.0,1.0,219.0,0.0,0.0,0.0,0.0,0.0,0.0
360.0,535.0,1603.0,1068.0,534.0,1.9962616822429906,493.82461284477944,987.6492256895588,0.5416902945744454,0.0,0.0,1.0,inf,535.0,inf,218.0,0.0,218.0,0.0,0.0,0.0,0.0,0.0,0.0
361.0,535.0,1603.0,1068.0,534.0,1.9962616822429906,493.82461284477944,987.6492256895588,0.5416902945744454,0.0,0.0,1.0,inf,535.0,inf,220.0,0.0,220.0,0.0,0.0,0.0,0.0,0.0,0.0
362.0,535.0,1603.0,1068.0,534.0,1.9962616822429906,493.82461284477944,987.6492256895588,0.5416902945744454,0.0,0.0,1.0,inf,535.0,inf,220.0,0.0,220.0,0.0,0.0,0.0,0.0,0.0,0.0
363.0,538.0,1612.0,1074.0,537.0,1.996282527881041,496.425466463257,992.8509329265139,0.5418738928050342,0.0,0.0,1.0,inf,538.0,inf,220.0,3.0,217.0,0.0,0.0,0.0,0.0,0.0,0.0
364.0,538.0,1612.0,1074.0,537.0,1.996282527881041,496.425466463257,992.8509329265139,0.5418738928050342,0.0,0.0,1.0,inf,538.0,inf,209.0,0.0,209.0,0.0,0.0,0.0,0.0,0.0,0.0
365.0,539.0,1615.0,1076.0,538.0,1.9962894248608534,497.34763701837613,994.6952740367522,0.5418744957061945,0.0,0.0,1.0,inf,539.0,inf,220.0,1.0,219.0,0.0,0.0,0.0,0.0,0.0,0.0
366.0,539.0,1615.0,1076.0,538.0,1.9962894248608534,497.34763701837613,994.6952740367522,0.5418744957061945,0.0,0.0,1.0,inf,539.0,inf,219.0,0.0,219.0,0.0,0.0,0.0,0.0,0.0,0.0
367.0,540.0,1618.0,1078.0,539.0,1.9962962962962962,498.27923354206484,996.5584670841296,0.541864845702438,0.0,0.0,1.0,inf,540.0,inf,220.0,1.0,219.0,0.0,0.0,0.0,0.0,0.0,0.0
368.0,540.0,1618.0,1078.0,539.0,1.9962962962962962,498.27923354206484,996.5584670841296,0.541864845702438,0.0,0.0,1.0,inf,540.0,inf,219.0,0.0,219.0,0.0,0.0,0.0,0.0,0.0,0.0
369.0,543.0,1627.0,1084.0,542.0,1.996316758747698,501.01212744467887,1002.0242548893576,0.5419030501012747,0.0,0.0,1.0,inf,543.0,inf,220.0,3.0,217.0,0.0,0.0,0.0,0.0,0.0,0.0
370.0,543.0,1627.0,1084.0,542.0,1.996316758747698,501.01212744467887,1002.0242548893576,0.5419030501012747,0.0,0.0,1.0,inf,543.0,inf,209.0,0.0,209.0,0.0,0.0,0.0,0.0,0.0,0.0
371.0,547.0,1639.0,1092.0,546.0,1.9963436928702012,504.7280895317737,1009.4561790635473,0.5418759242302535,0.0,0.0,1.0,inf,547.0,inf,220.0,4.0,216.0,0.0,0.0,0.0,0.0,0.0,0.0
372.0,547.0,1639.0,1092.0,546.0,1.9963436928702012,504.7280895317737,1009.4561790635473,0.5418759242302535,0.0,0.0,1.0,inf,547.0,inf,211.0,0.0,211.0,0.0,0.0,0.0,0.0,0.0,0.0
373.0,547.0,1639.0,1092.0,546.0,1.9963436928702012,504.7280895317737,1009.4561790635473,0.5418759242302535,0.0,0.0,1.0,inf,547.0,inf,220.0,0.0,220.0,0.0,0.0,0.0,0.0,0.0,0.0
374.0,548.0,1642.0,1094.0,547.0,1.9963503649635037,505.63107385240534,1011.2621477048106,0.5418970750994254,0.0,0.0,1.0,inf,548.0,inf,220.0,1.0,219.0,0.0,0.0,0.0,0.0,0.0,0.0
375.0,548.0,1642.0,1094.0,547.0,1.9963503649635037,505.63107385240534,1011.2621477048106,0.5418970750994254,0.0,0.0,1.0,inf,548.0,inf,216.0,0.0,216.0,0.0,0.0,0.0,0.0,0.0,0.0
376.0,549.0,1645.0,1096.0,548.0,1.9963570127504553,506.56099801189544,1013.1219960237908,0.5418893303616596,0.0,0.0,1.0,inf,549.0,inf,220.0,1.0,219.0,0.0,0.0,0.0,0.0,0.0,0.0
377.0,549.0,1645.0,1096.0,548.0,1.9963570127504553,506.56099801189544,1013.1219960237908,0.5418893303616596,0.0,0.0,1.0,inf,549.0,inf,218.0,0.0,218.0,0.0,0.0,0.0,0.0,0.0,0.0
378.0,552.0,1654.0,1102.0,551.0,1.9963768115942029,509.44152541265487,1018.8830508253096,0.5417697345665651,0.0,0.0,1.0,inf,552.0,inf,220.0,3.0,217.0,0.0,0.0,0.0,0.0,0.0,0.0
379.0,552.0,1654.0,1102.0,551.0,1.9963768115942029,509.44152541265487,1018.8830508253096,0.5417697345665651,0.0,0.0,1.0,inf,552.0,inf,209.0,0.0,209.0,0.0,0.0,0.0,0.0,0.0,0.0
380.0,556.0,1666.0,1110.0,555.0,1.9964028776978417,512.9998443335404,1025.9996886670806,0.5419104958231742,0.0,0.0,1.0,inf,556.0,inf,220.0,4.0,216.0,0.0,0.0,0.0,0.0,0.0,0.0
381.0,556.0,1666.0,1110.0,555.0,1.9964028776978417,512.9998443335404,1025.9996886670806,0.5419104958231742,0.0,0.0,1.0,inf,556.0,inf,204.0,0.0,204.0,0.0,0.0,0.0,0.0,0.0,0.0
382.0,557.0,1669.0,1112.0,556.0,1.9964093357271095,513.946860894355,1027.8937217887099,0.5418848157090845,0.0,0.0,1.0,inf,557.0,inf,220.0,1.0,219.0,0.0,0.0,0.0,0.0,0.0,0.0
383.0,557.0,1669.0,1112.0,556.0,1.9964093357271095,513.946860894355,1027.8937217887099,0.5418848157090845,0.0,0.0,1.0,inf,557.0,inf,215.0,0.0,215.0,0.0,0.0,0.0,0.0,0.0,0.0
384.0,557.0,1669.0,1112.0,556.0,1.9964093357271095,513.946860894355,1027.8937217887099,0.5418848157090845,0.0,0.0,1.0,inf,557.0,inf,220.0,0.0,220.0,0.0,0.0,0.0,0.0,0.0,0.0
385.0,557.0,1669.0,1112.0,556.0,1.9964093357271095,513.946860894355,1027.8937217887099,0.5418848157090845,0.0,0.0,1.0,inf,557.0,inf,220.0,0.0,220.0,0.0,0.0,0.0,0.0,0.0,0.0
386.0,557.0,1669.0,1112.0,556.0,1.9964093357271095,513.946860894355,1027.8937217887099,0.5418848157090845,0.0,0.0,1.0,inf,557.0,inf,220.0,0.0,220.0,0.0,0.0,0.0,0.0,0.0,0.0
387.0,558.0,1672.0,1114.0,557.0,1.996415770609319,514.8845217115247,1029.7690434230492,0.5418690759484821,0.0,0.0,1.0,inf,558.0,inf,220.0,1.0,219.0,0.0,0.0,0.0,0.0,0.0,0.0
388.0,558.0,1672.0,1114.0,557.0,1.996415770609319,514.8845217115247,1029.7690434230492,0.5418690759484821,0.0,0.0,1.0,inf,558.0,inf,218.0,0.0,218.0,0.0,0.0,0.0,0.0,0.0,0.0
389.0,561.0,1681.0,1120.0,560.0,1.9964349376114081,517.617056434359,1035.2341128687178,0.5419064084407182,0.0,0.0,1.0,inf,561.0,inf,220.0,3.0,217.0,0.0,0.0,0.0,0.0,0.0,0.0
390.0,561.0,1681.0,1120.0,560.0,1.9964349376114081,517.617056434359,1035.2341128687178,0.5419064084407182,0.0,0.0,1.0,inf,561.0,inf,210.0,0.0,210.0,0.0,0.0,0.0,0.0,0.0,0.0
391.0,563.0,1687.0,1124.0,562.0,1.9964476021314388,519.4304564331705,1038.8609128663409,0.5419397274719058,0.0,0.0,1.0,inf,563.0,inf,220.0,2.0,218.0,0.0,0.0,0.0,0.0,0.0,0.0
392.0,563.0,1687.0,1124.0,562.0,1.9964476021314388,519.4304564331705,1038.8609128663409,0.5419397274719058,0.0,0.0,1.0,inf,563.0,inf,216.0,0.0,216.0,0.0,0.0,0.0,0.0,0.0,0.0
393.0,565.0,1693.0,1128.0,564.0,1.9964601769911505,521.2891494043043,1042.5782988086085,0.5419257245673018,0.0,0.0,1.0,inf,565.0,inf,220.0,2.0,218.0,0.0,0.0,0.0,0.0,0.0,0.0
394.0,565.0,1693.0,1128.0,564.0,1.9964601769911505,521.2891494043043,1042.5782988086085,0.5419257245673018,0.0,0.0,1.0,inf,565.0,inf,214.0,0.0,214.0,0.0,0.0,0.0,0.0,0.0,0.0
395.0,566.0,1696.0,1130.0,565.0,1.9964664310954063,522.2183438457449,1044.4366876914896,0.5419189182745251,0.0,0.0,1.0,inf,566.0,inf,220.0,1.0,219.0,0.0,0.0,0.0,0.0,0.0,0.0
396.0,566.0,1696.0,1130.0,565.0,1.9964664310954063,522.2183438457449,1044.4366876914896,0.5419189182745251,0.0,0.0,1.0,inf,566.0,inf,216.0,0.0,216.0,0.0,0.0,0.0,0.0,0.0,0.0
397.0,567.0,1699.0,1132.0,566.0,1.9964726631393297,523.1146508246366,1046.2293016492729,0.541946205393199,0.0,0.0,1.0,inf,567.0,inf,220.0,1.0,219.0,0.0,0.0,0.0,0.0,0.0,0.0
398.0,567.0,1699.0,1132.0,566.0,1.9964726631393297,523.1146508246366,1046.2293016492729,0.541946205393199,0.0,0.0,1.0,inf,567.0,inf,216.0,0.0,216.0,0.0,0.0,0.0,0.0,0.0,0.0
399.0,567.0,1699.0,1132.0,566.0,1.9964726631393297,523.1146508246366,1046.2293016492729,0.541946205393199,0.0,0.0,1.0,inf,567.0,inf,220.0,0.0,220.0,0.0,0.0,0.0,0.0,0.0,0.0
400.0,572.0,1714.0,1142.0,571.0,1.9965034965034965,527.771150988177,1055.5423019763539,0.5419015409699931,0.0,0.0,1.0,inf,572.0,inf,220.0,5.0,215.0,0.0,0.0,0.0,0.0,0.0,0.0
401.0,572.0,1714.0,1142.0,571.0,1.9965034965034965,527.771150988177,1055.5423019763539,0.5419015409699931,0.0,0.0,1.0,inf,572.0,inf,208.0,0.0,208.0,0.0,0.0,0.0,0.0,0.0,0.0
402.0,573.0,1717.0,1144.0,572.0,1.9965095986038395,528.7318689308814,1057.4637378617626,0.5418625523354879,0.0,0.0,1.0,inf,573.0,inf,220.0,1.0,219.0,0.0,0.0,0.0,0.0,0.0,0.0
403.0,573.0,1717.0,1144.0,572.0,1.9965095986038395,528.7318689308814,1057.4637378617626,0.5418625523354879,0.0,0.0,1.0,inf,573.0,inf,220.0,0.0,220.0,0.0,0.0,0.0,0.0,0.0,0.0
404.0,575.0,1723.0,1148.0,574.0,1.9965217391304348,530.5875600764434,1061.1751201528866,0.5418521307936036,0.0,0.0,1.0,inf,575.0,inf,220.0,2.0,218.0,0.0,0.0,0.0,0.0,0.0,0.0
405.0,575.0,1723.0,1148.0,574.0,1.9965217391304348,530.5875600764434,1061.1751201528866,0.5418521307936036,0.0,0.0,1.0,inf,575.0,inf,212.0,0.0,212.0,0.0,0.0,0.0,0.0,0.0,0.0
406.0,576.0,1726.0,1150.0,575.0,1.9965277777777777,531.4534258390183,1062.9068516780364,0.5419101392475315,0.0,0.0,1.0,inf,576.0,inf,220.0,1.0,219.0,0.0,0.0,0.0,0.0,0.0,0.0
407.0,576.0,1726.0,1150.0,575.0,1.9965277777777777,531.4534258390183,1062.9068516780364,0.5419101392475315,0.0,0.0,1.0,inf,576.0,inf,217.0,0.0,217.0,0.0,0.0,0.0,0.0,0.0,0.0
408.0,578.0,1732.0,1154.0,577.0,1.9965397923875432,533.3353205775943,1066.6706411551884,0.5418729809363034,0.0,0.0,1.0,inf,578.0,inf,220.0,2.0,218.0,0.0,0.0,0.0,0.0,0.0,0.0
409.0,578.0,1732.0,1154.0,577.0,1.9965397923875432,533.3353205775943,1066.6706411551884,0.5418729809363034,0.0,0.0,1.0,inf,578.0,inf,214.0,0.0,214.0,0.0,0.0,0.0,0.0,0.0,0.0
410.0,579.0,1735.0,1156.0,578.0,1.996545768566494,534.2804917283321,1068.560983456664,0.5418502162852754,0.0,0.0,1.0,inf,579.0,inf,220.0,1.0,219.0,0.0,0.0,0.0,0.0,0.0,0.0
411.0,579.0,1735.0,1156.0,578.0,1.996545768566494,534.2804917283321,1068.560983456664,0.5418502162852754,0.0,0.0,1.0,inf,579.0,inf,220.0,0.0,220.0,0.0,0.0,0.0,0.0,0.0,0.0
412.0,579.0,1735.0,1156.0,578.0,1.996545768566494,534.2804917283321,1068.560983456664,0.5418502162852754,0.0,0.0,1.0,inf,579.0,inf,220.0,0.0,220.0,0.0,0.0,0.0,0.0,0.0,0.0
413.0,580.0,1738.0,1158.0,579.0,1.9965517241379311,535.1753634060325,1070.3507268120647,0.5418784567255571,0.0,0.0,1.0,inf,580.0,inf,220.0,1.0,219.0,0.0,0.0,0.0,0.0,0.0,0.0
414.0,580.0,1738.0,1158.0,579.0,1.9965517241379311,535.1753634060325,1070.3507268120647,0.5418784567255571,0.0,0.0,1.0,inf,580.0,inf,216.0,0.0,216.0,0.0,0.0,0.0,0.0,0.0,0.0
415.0,581.0,1741.0,1160.0,580.0,1.9965576592082617,536.0384231942511,1072.076846388502,0.5419387630254405,0.0,0.0,1.0,inf,581.0,inf,220.0,1.0,219.0,0.0,0.0,0.0,0.0,0.0,0.0
416.0,581.0,1741.0,1160.0,580.0,1.9965576592082617,536.0384231942511,1072.076846388502,0.5419387630254405,0.0,0.0,1.0,inf,581.0,inf,218.0,0.0,218.0,0.0,0.0,0.0,0.0,0.0,0.0
417.0,581.0,1741.0,1160.0,580.0,1.9965576592082617,536.0384231942511,1072.076846388502,0.5419387630254405,0.0,0.0,1.0,inf,581.0,inf,220.0,0.0,220.0,0.0,0.0,0.0,0.0,0.0,0.0
418.0,582.0,1744.0,1162.0,581.0,1.9965635738831615,536.9112583862086,1073.822516772417,0.541989007410009,0.0,0.0,1.0,inf,582.0,inf,220.0,1.0,219.0,0.0,0.0,0.0,0.0,0.0,0.0
419.0,582.0,1744.0,1162.0,581.0,1.9965635738831615,536.9112583862086,1073.822516772417,0.541989007410009,0.0,0.0,1.0,inf,582.0,inf,213.0,0.0,213.0,0.0,0.0,0.0,0.0,0.0,0.0
420.0,583.0,1747.0,1164.0,582.0,1.9965694682675814,537.9021272325259,1075.8042544650516,0.5419201472575504,0.0,0.0,1.0,inf,583.0,inf,220.0,1.0,219.0,0.0,0.0,0.0,0.0,0.0,0.0
421.0,583.0,1747.0,1164.0,582.0,1.9965694682675814,537.9021272325259,1075.8042544650516,0.5419201472575504,0.0,0.0,1.0,inf,583.0,inf,215.0,0.0,215.0,0.0,0.0,0.0,0.0,0.0,0.0
422.0,584.0,1750.0,1166.0,583.0,1.9965753424657535,538.791098388,1077.5821967759998,0.5419540168232733,0.0,0.0,1.0,inf,584.0,inf,220.0,1.0,219.0,0.0,0.0,0.0,0.0,0.0,0.0
423.0,584.0,1750.0,1166.0,583.0,1.9965753424657535,538.791098388,1077.5821967759998,0.5419540168232733,0.0,0.0,1.0,inf,584.0,inf,217.0,0.0,217.0,0.0,0.0,0.0,0.0,0.0,0.0
424.0,584.0,1750.0,1166.0,583.0,1.9965753424657535,538.791098388,1077.5821967759998,0.5419540168232733,0.0,0.0,1.0,inf,584.0,inf,220.0,0.0,220.0,0.0,0.0,0.0,0.0,0.0,0.0
425.0,585.0,1753.0,1168.0,584.0,1.9965811965811966,539.7015597374832,1079.4031194749662,0.5419661935797913,0.0,0.0,1.0,inf,585.0,inf,220.0,1.0,219.0,0.0,0.0,0.0,0.0,0.0,0.0
426.0,585.0,1753.0,1168.0,584.0,1.9965811965811966,539.7015597374832,1079.4031194749662,0.5419661935797913,0.0,0.0,1.0,inf,585.0,inf,217.0,0.0,217.0,0.0,0.0,0.0,0.0,0.0,0.0
427.0,589.0,1765.0,1176.0,588.0,1.99660441426146,543.4258474786313,1086.8516949572625,0.5419322642940358,0.0,0.0,1.0,inf,589.0,inf,220.0,4.0,216.0,0.0,0.0,0.0,0.0,0.0,0.0
428.0,589.0,1765.0,1176.0,588.0,1.99660441426146,543.4258474786313,1086.8516949572625,0.5419322642940358,0.0,0.0,1.0,inf,589.0,inf,206.0,0.0,206.0,0.0,0.0,0.0,0.0,0.0,0.0
429.0,591.0,1771.0,1180.0,590.0,1.996615905245347,545.2000048579843,1090.4000097159683,0.5420029298733645,0.0,0.0,1.0,inf,591.0,inf,220.0,2.0,218.0,0.0,0.0,0.0,0.0,0.0,0.0
430.0,591.0,1771.0,1180.0,590.0,1.996615905245347,545.2000048579843,1090.4000097159683,0.5420029298733645,0.0,0.0,1.0,inf,591.0,inf,215.0,0.0,215.0,0.0,0.0,0.0,0.0,0.0,0.0
431.0,591.0,1771.0,1180.0,590.0,1.996615905245347,545.2000048579843,1090.4000097159683,0.5420029298733645,0.0,0.0,1.0,inf,591.0,inf,220.0,0.0,220.0,0.0,0.0,0.0,0.0,0.0,0.0
432.0,591.0,1771.0,1180.0,590.0,1.996615905245347,545.2000048579843,1090.4000097159683,0.5420029298733645,0.0,0.0,1.0,inf,591.0,inf,220.0,0.0,220.0,0.0,0.0,0.0,0.0,0.0,0.0
433.0,593.0,1777.0,1184.0,592.0,1.9966273187183812,547.146647186229,1094.2932943724577,0.5419022514800903,0.0,0.0,1.0,inf,593.0,inf,220.0,2.0,218.0,0.0,0.0,0.0,0.0,0.0,0.0
434.0,593.0,1777.0,1184.0,592.0,1.9966273187183812,547.146647186229,1094.2932943724577,0.5419022514800903,0.0,0.0,1.0,inf,593.0,inf,216.0,0.0,216.0,0.0,0.0,0.0,0.0,0.0,0.0
435.0,593.0,1777.0,1184.0,592.0,1.9966273187183812,547.146647186229,1094.2932943724577,0.5419022514800903,0.0,0.0,1.0,inf,593.0,inf,220.0,0.0,220.0,0.0,0.0,0.0,0.0,0.0,0.0
436.0,593.0,1777.0,1184.0,592.0,1.9966273187183812,547.146647186229,1094.2932943724577,0.5419022514800903,0.0,0.0,1.0,inf,593.0,inf,220.0,0.0,220.0,0.0,0.0,0.0,0.0,0.0,0.0
437.0,593.0,1777.0,1184.0,592.0,1.9966273187183812,547.146647186229,1094.2932943724577,0.5419022514800903,0.0,0.0,1.0,inf,593.0,inf,220.0,0.0,220.0,0.0,0.0,0.0,0.0,0.0,0.0
438.0,594.0,1780.0,1186.0,593.0,1.9966329966329965,548.0193673306953,1096.0387346613904,0.54195164934888,0.0,0.0,1.0,inf,594.0,inf,220.0,1.0,219.0,0.0,0.0,0.0,0.0,0.0,0.0
439.0,594.0,1780.0,1186.0,593.0,1.9966329966329965,548.0193673306953,1096.0387346613904,0.54195164934888,0.0,0.0,1.0,inf,594.0,inf,218.0,0.0,218.0,0.0,0.0,0.0,0.0,0.0,0.0
440.0,596.0,1786.0,1190.0,595.0,1.9966442953020134,549.8601305799282,1099.7202611598561,0.5419560055858287,0.0,0.0,1.0,inf,596.0,inf,220.0,2.0,218.0,0.0,0.0,0.0,0.0,0.0,0.0
441.0,596.0,1786.0,1190.0,595.0,1.9966442953020134,549.8601305799282,1099.7202611598561,0.5419560055858287,0.0,0.0,1.0,inf,596.0,inf,217.0,0.0,217.0,0.0,0.0,0.0,0.0,0.0,0.0
442.0,598.0,1792.0,1194.0,597.0,1.9966555183946488,551.6409165739368,1103.2818331478734,0.5420192574854532,0.0,0.0,1.0,inf,598.0,inf,220.0,2.0,218.0,0.0,0.0,0.0,0.0,0.0,0.0
443.0,598.0,1792.0,1194.0,597.0,1.9966555183946488,551.6409165739368,1103.2818331478734,0.5420192574854532,0.0,0.0,1.0,inf,598.0,inf,216.0,0.0,216.0,0.0,0.0,0.0,0.0,0.0,0.0
444.0,600.0,1798.0,1198.0,599.0,1.9966666666666666,553.399523865755,1106.7990477315097,0.5421038274560837,0.0,0.0,1.0,inf,600.0,inf,220.0,2.0,218.0,0.0,0.0,0.0,0.0,0.0,0.0
445.0,600.0,1798.0,1198.0,599.0,1.9966666666666666,553.399523865755,1106.7990477315097,0.5421038274560837,0.0,0.0,1.0,inf,600.0,inf,216.0,0.0,216.0,0.0,0.0,0.0,0.0,0.0,0.0
446.0,600.0,1798.0,1198.0,599.0,1.9966666666666666,553.399523865755,1106.7990477315097,0.5421038274560837,0.0,0.0,1.0,inf,600.0,inf,220.0,0.0,220.0,0.0,0.0,0.0,0.0,0.0,0.0
447.0,601.0,1801.0,1200.0,600.0,1.9966722129783694,554.3393015361261,1108.678603072252,0.5420867673774644,0.0,0.0,1.0,inf,601.0,inf,220.0,1.0,219.0,0.0,0.0,0.0,0.0,0.0,0.0
448.0,601.0,1801.0,1200.0,600.0,1.9966722129783694,554.3393015361261,1108.678603072252,0.5420867673774644,0.0,0.0,1.0,inf,601.0,inf,219.0,0.0,219.0,0.0,0.0,0.0,0.0,0.0,0.0
449.0,602.0,1804.0,1202.0,601.0,1.9966777408637875,555.3330320916092,1110.6660641832182,0.5420171007409952,0.0,0.0,1.0,inf,602.0,inf,220.0,1.0,219.0,0.0,0.0,0.0,0.0,0.0,0.0
450.0,602.0,1804.0,1202.0,601.0,1.9966777408637875,555.3330320916092,1110.6660641832182,0.5420171007409952,0.0,0.0,1.0,inf,602.0,inf,219.0,0.0,219.0,0.0,0.0,0.0,0.0,0.0,0.0
451.0,602.0,1804.0,1202.0,601.0,1.9966777408637875,555.3330320916092,1110.6660641832182,0.5420171007409952,0.0,0.0,1.0,inf,602.0,inf,220.0,0.0,220.0,0.0,0.0,0.0,0.0,0.0,0.0
452.0,602.0,1804.0,1202.0,601.0,1.9966777408637875,555.3330320916092,1110.6660641832182,0.5420171007409952,0.0,0.0,1.0,inf,602.0,inf,220.0,0.0,220.0,0.0,0.0,0.0,0.0,0.0,0.0
453.0,603.0,1807.0,1204.0,602.0,1.9966832504145937,556.2058288501449,1112.4116577002897,0.5420655166870453,0.0,0.0,1.0,inf,603.0,inf,220.0,1.0,219.0,0.0,0.0,0.0,0.0,0.0,0.0
454.0,603.0,1807.0,1204.0,602.0,1.9966832504145937,556.2058288501449,1112.4116577002897,0.5420655166870453,0.0,0.0,1.0,inf,603.0,inf,217.0,0.0,217.0,0.0,0.0,0.0,0.0,0.0,0.0
455.0,604.0,1810.0,1206.0,603.0,1.9966887417218544,557.0675033426829,1114.1350066853656,0.5421246046266376,0.0,0.0,1.0,inf,604.0,inf,220.0,1.0,219.0,0.0,0.0,0.0,0.0,0.0,0.0
456.0,604.0,1810.0,1206.0,603.0,1.9966887417218544,557.0675033426829,1114.1350066853656,0.5421246046266376,0.0,0.0,1.0,inf,604.0,inf,217.0,0.0,217.0,0.0,0.0,0.0,0.0,0.0,0.0
457.0,605.0,1813.0,1208.0,604.0,1.9966942148760332,557.9811331913922,1115.9622663827843,0.5421330256631455,0.0,0.0,1.0,inf,605.0,inf,220.0,1.0,219.0,0.0,0.0,0.0,0.0,0.0,0.0
458.0,605.0,1813.0,1208.0,604.0,1.9966942148760332,557.9811331913922,1115.9622663827843,0.5421330256631455,0.0,0.0,1.0,inf,605.0,inf,218.0,0.0,218.0,0.0,0.0,0.0,0.0,0.0,0.0
459.0,606.0,1816.0,1210.0,605.0,1.9966996699669968,558.839454648257,1117.6789092965137,0.5421950749535274,0.0,0.0,1.0,inf,606.0,inf,220.0,1.0,219.0,0.0,0.0,0.0,0.0,0.0,0.0
460.0,606.0,1816.0,1210.0,605.0,1.9966996699669968,558.839454648257,1117.6789092965137,0.5421950749535274,0.0,0.0,1.0,inf,606.0,inf,219.0,0.0,219.0,0.0,0.0,0.0,0.0,0.0,0.0
461.0,608.0,1822.0,1214.0,607.0,1.9967105263157894,560.6714246264964,1121.3428492529927,0.5422070514874489,0.0,0.0,1.0,inf,608.0,inf,220.0,2.0,218.0,0.0,0.0,0.0,0.0,0.0,0.0
462.0,608.0,1822.0,1214.0,607.0,1.9967105263157894,560.6714246264964,1121.3428492529927,0.5422070514874489,0.0,0.0,1.0,inf,608.0,inf,215.0,0.0,215.0,0.0,0.0,0.0,0.0,0.0,0.0
463.0,608.0,1822.0,1214.0,607.0,1.9967105263157894,560.6714246264964,1121.3428492529927,0.5422070514874489,0.0,0.0,1.0,inf,608.0,inf,220.0,0.0,220.0,0.0,0.0,0.0,0.0,0.0,0.0
464.0,610.0,1828.0,1218.0,609.0,1.9967213114754099,562.5052531206776,1125.010506241355,0.5422171585205918,0.0,0.0,1.0,inf,610.0,inf,220.0,2.0,218.0,0.0,0.0,0.0,0.0,0.0,0.0
465.0,610.0,1828.0,1218.0,609.0,1.9967213114754099,562.5052531206776,1125.010506241355,0.5422171585205918,0.0,0.0,1.0,inf,610.0,inf,216.0,0.0,216.0,0.0,0.0,0.0,0.0,0.0,0.0
466.0,612.0,1834.0,1222.0,611.0,1.9967320261437909,564.3787710020907,1128.7575420041812,0.5421890682682438,0.0,0.0,1.0,inf,612.0,inf,220.0,2.0,218.0,0.0,0.0,0.0,0.0,0.0,0.0
467.0,612.0,1834.0,1222.0,611.0,1.9967320261437909,564.3787710020907,1128.7575420041812,0.5421890682682438,0.0,0.0,1.0,inf,612.0,inf,216.0,0.0,216.0,0.0,0.0,0.0,0.0,0.0,0.0
468.0,612.0,1834.0,1222.0,611.0,1.9967320261437909,564.3787710020907,1128.7575420041812,0.5421890682682438,0.0,0.0,1.0,inf,612.0,inf,220.0,0.0,220.0,0.0,0.0,0.0,0.0,0.0,0.0
469.0,612.0,1834.0,1222.0,611.0,1.9967320261437909,564.3787710020907,1128.7575420041812,0.5421890682682438,0.0,0.0,1.0,inf,612.0,inf,220.0,0.0,220.0,0.0,0.0,0.0,0.0,0.0,0.0
470.0,614.0,1840.0,1226.0,613.0,1.996742671009772,566.254999826218,1132.5099996524357,0.5421585683026507,0.0,0.0,1.0,inf,614.0,inf,220.0,2.0,218.0,0.0,0.0,0.0,0.0,0.0,0.0
471.0,614.0,1840.0,1226.0,613.0,1.996742671009772,566.254999826218,1132.5099996524357,0.5421585683026507,0.0,0.0,1.0,inf,614.0,inf,218.0,0.0,218.0,0.0,0.0,0.0,0.0,0.0,0.0
472.0,614.0,1840.0,1226.0,613.0,1.996742671009772,566.254999826218,1132.5099996524357,0.5421585683026507,0.0,0.0,1.0,inf,614.0,inf,220.0,0.0,220.0,0.0,0.0,0.0,0.0,0.0,0.0
473.0,619.0,1855.0,1236.0,618.0,1.9967689822294024,570.9116862092794,1141.8233724185586,0.5421153699883215,0.0,0.0,1.0,inf,619.0,inf,220.0,5.0,215.0,0.0,0.0,0.0,0.0,0.0,0.0
474.0,619.0,1855.0,1236.0,618.0,1.9967689822294024,570.9116862092794,1141.8233724185586,0.5421153699883215,0.0,0.0,1.0,inf,619.0,inf,205.0,0.0,205.0,0.0,0.0,0.0,0.0,0.0,0.0
475.0,620.0,1858.0,1238.0,619.0,1.9967741935483871,571.7768207269356,1143.553641453871,0.5421695821909633,0.0,0.0,1.0,inf,620.0,inf,220.0,1.0,219.0,0.0,0.0,0.0,0.0,0.0,0.0
476.0,620.0,1858.0,1238.0,619.0,1.9967741935483871,571.7768207269356,1143.553641453871,0.5421695821909633,0.0,0.0,1.0,inf,620.0,inf,218.0,0.0,218.0,0.0,0.0,0.0,0.0,0.0,0.0
477.0,622.0,1864.0,1242.0,621.0,1.9967845659163987,573.7146521666137,1147.4293043332273,0.5420813270595743,0.0,0.0,1.0,inf,622.0,inf,220.0,2.0,218.0,0.0,0.0,0.0,0.0,0.0,0.0
478.0,622.0,1864.0,1242.0,621.0,1.9967845659163987,573.7146521666137,1147.4293043332273,0.5420813270595743,0.0,0.0,1.0,inf,622.0,inf,218.0,0.0,218.0,0.0,0.0,0.0,0.0,0.0,0.0
479.0,623.0,1867.0,1244.0,622.0,1.9967897271268058,574.6036480850056,1149.207296170011,0.5421128129592339,0.0,0.0,1.0,inf,623.0,inf,220.0,1.0,219.0,0.0,0.0,0.0,0.0,0.0,0.0
480.0,623.0,1867.0,1244.0,622.0,1.9967897271268058,574.6036480850056,1149.207296170011,0.5421128129592339,0.0,0.0,1.0,inf,623.0,inf,215.0,0.0,215.0,0.0,0.0,0.0,0.0,0.0,0.0
481.0,625.0,1873.0,1248.0,624.0,1.9968,576.3607006846167,1152.7214013692333,0.5421951906658524,0.0,0.0,1.0,inf,625.0,inf,220.0,2.0,218.0,0.0,0.0,0.0,0.0,0.0,0.0
482.0,625.0,1873.0,1248.0,624.0,1.9968,576.3607006846167,1152.7214013692333,0.5421951906658524,0.0,0.0,1.0,inf,625.0,inf,213.0,0.0,213.0,0.0,0.0,0.0,0.0,0.0,0.0
483.0,627.0,1879.0,1252.0,626.0,1.996810207336523,578.2378760572741,1156.475752114548,0.5421644153399389,0.0,0.0,1.0,inf,627.0,inf,220.0,2.0,218.0,0.0,0.0,0.0,0.0,0.0,0.0
484.0,627.0,1879.0,1252.0,626.0,1.996810207336523,578.2378760572741,1156.475752114548,0.5421644153399389,0.0,0.0,1.0,inf,627.0,inf,216.0,0.0,216.0,0.0,0.0,0.0,0.0,0.0,0.0
485.0,630.0,1888.0,1258.0,629.0,1.9968253968253968,580.94422498512,1161.8884499702397,0.542220726969217,0.0,0.0,1.0,inf,630.0,inf,220.0,3.0,217.0,0.0,0.0,0.0,0.0,0.0,0.0
486.0,630.0,1888.0,1258.0,629.0,1.9968253968253968,580.94422498512,1161.8884499702397,0.542220726969217,0.0,0.0,1.0,inf,630.0,inf,214.0,0.0,214.0,0.0,0.0,0.0,0.0,0.0,0.0
487.0,631.0,1891.0,1260.0,630.0,1.9968304278922346,581.9130533203812,1163.8261066407622,0.5421772173690984,0.0,0.0,1.0,inf,631.0,inf,220.0,1.0,219.0,0.0,0.0,0.0,0.0,0.0,0.0
488.0,631.0,1891.0,1260.0,630.0,1.9968304278922346,581.9130533203812,1163.8261066407622,0.5421772173690984,0.0,0.0,1.0,inf,631.0,inf,216.0,0.0,216.0,0.0,0.0,0.0,0.0,0.0,0.0
489.0,632.0,1894.0,1262.0,631.0,1.9968354430379747,582.807084648943,1165.6141692978858,0.5422034294424275,0.0,0.0,1.0,inf,632.0,inf,220.0,1.0,219.0,0.0,0.0,0.0,0.0,0.0,0.0
490.0,632.0,1894.0,1262.0,631.0,1.9968354430379747,582.807084648943,1165.6141692978858,0.5422034294424275,0.0,0.0,1.0,inf,632.0,inf,217.0,0.0,217.0,0.0,0.0,0.0,0.0,0.0,0.0
491.0,632.0,1894.0,1262.0,631.0,1.9968354430379747,582.807084648943,1165.6141692978858,0.5422034294424275,0.0,0.0,1.0,inf,632.0,inf,220.0,0.0,220.0,0.0,0.0,0.0,0.0,0.0,0.0
492.0,634.0,1900.0,1266.0,633.0,1.996845425867508,584.7504031267882,1169.5008062535762,0.5421116399491677,0.0,0.0,1.0,inf,634.0,inf,220.0,2.0,218.0,0.0,0.0,0.0,0.0,0.0,0.0
493.0,634.0,1900.0,1266.0,633.0,1.996845425867508,584.7504031267882,1169.5008062535762,0.5421116399491677,0.0,0.0,1.0,inf,634.0,inf,216.0,0.0,216.0,0.0,0.0,0.0,0.0,0.0,0.0
494.0,634.0,1900.0,1266.0,633.0,1.996845425867508,584.7504031267882,1169.5008062535762,0.5421116399491677,0.0,0.0,1.0,inf,634.0,inf,220.0,0.0,220.0,0.0,0.0,0.0,0.0,0.0,0.0
495.0,634.0,1900.0,1266.0,633.0,1.996845425867508,584.7504031267882,1169.5008062535762,0.5421116399491677,0.0,0.0,1.0,inf,634.0,inf,220.0,0.0,220.0,0.0,0.0,0.0,0.0,0.0,0.0
496.0,635.0,1903.0,1268.0,634.0,1.9968503937007873,585.7399276175224,1171.4798552350446,0.5420494404255839,0.0,0.0,1.0,inf,635.0,inf,220.0,1.0,219.0,0.0,0.0,0.0,0.0,0.0,0.0
497.0,635.0,1903.0,1268.0,634.0,1.9968503937007873,585.7399276175224,1171.4798552350446,0.5420494404255839,0.0,0.0,1.0,inf,635.0,inf,219.0,0.0,219.0,0.0,0.0,0.0,0.0,0.0,0.0
498.0,637.0,1909.0,1272.0,636.0,1.9968602825745683,587.6003605757361,1175.200721151472,0.5420350656148865,0.0,0.0,1.0,inf,637.0,inf,220.0,2.0,218.0,0.0,0.0,0.0,0.0,0.0,0.0
499.0,637.0,1909.0,1272.0,636.0,1.9968602825745683,587.6003605757361,1175.200721151472,0.5420350656148865,0.0,0.0,1.0,inf,637.0,inf,217.0,0.0,217.0,0.0,0.0,0.0,0.0,0.0,0.0
500.0,640.0,1918.0,1278.0,639.0,1.996875,590.3078596281272,1180.6157192562541,0.542090020962263,0.0,0.0,1.0,inf,640.0,inf,220.0,3.0,217.0,0.0,0.0,0.0,0.0,0.0,0.0
501.0,640.0,1918.0,1278.0,639.0,1.996875,590.3078596281272,1180.6157192562541,0.542090020962263,0.0,0.0,1.0,inf,640.0,inf,214.0,0.0,214.0,0.0,0.0,0.0,0.0,0.0,0.0
502.0,640.0,1918.0,1278.0,639.0,1.996875,590.3078596281272,1180.6157192562541,0.542090020962263,0.0,0.0,1.0,inf,640.0,inf,220.0,0.0,220.0,0.0,0.0,0.0,0.0,0.0,0.0
503.0,640.0,1918.0,1278.0,639.0,1.996875,590.3078596281272,1180.6157192562541,0.542090020962263,0.0,0.0,1.0,inf,640.0,inf,220.0,0.0,220.0,0.0,0.0,0.0,0.0,0.0,0.0
504.0,640.0,1918.0,1278.0,639.0,1.996875,590.3078596281272,1180.6157192562541,0.542090020962263,0.0,0.0,1.0,inf,640.0,inf,220.0,0.0,220.0,0.0,0.0,0.0,0.0,0.0,0.0
505.0,640.0,1918.0,1278.0,639.0,1.996875,590.3078596281272,1180.6157192562541,0.542090020962263,0.0,0.0,1.0,inf,640.0,inf,220.0,0.0,220.0,0.0,0.0,0.0,0.0,0.0,0.0
506.0,642.0,1924.0,1282.0,641.0,1.9968847352024923,592.2090598362392,1184.4181196724783,0.5420383134441825,0.0,0.0,1.0,inf,642.0,inf,220.0,2.0,218.0,0.0,0.0,0.0,0.0,0.0,0.0
507.0,642.0,1924.0,1282.0,641.0,1.9968847352024923,592.2090598362392,1184.4181196724783,0.5420383134441825,0.0,0.0,1.0,inf,642.0,inf,213.0,0.0,213.0,0.0,0.0,0.0,0.0,0.0,0.0
508.0,644.0,1930.0,1286.0,643.0,1.9968944099378882,594.0032016538344,1188.0064033076685,0.5420846202570657,0.0,0.0,1.0,inf,644.0,inf,220.0,2.0,218.0,0.0,0.0,0.0,0.0,0.0,0.0
509.0,644.0,1930.0,1286.0,643.0,1.9968944099378882,594.0032016538344,1188.0064033076685,0.5420846202570657,0.0,0.0,1.0,inf,644.0,inf,216.0,0.0,216.0,0.0,0.0,0.0,0.0,0.0,0.0
510.0,647.0,1939.0,1292.0,646.0,1.9969088098918084,596.889513162369,1193.7790263247377,0.5419763505076021,0.0,0.0,1.0,inf,647.0,inf,220.0,3.0,217.0,0.0,0.0,0.0,0.0,0.0,0.0
511.0,647.0,1939.0,1292.0,646.0,1.9969088098918084,596.889513162369,1193.7790263247377,0.5419763505076021,0.0,0.0,1.0,inf,647.0,inf,211.0,0.0,211.0,0.0,0.0,0.0,0.0,0.0,0.0
512.0,648.0,1942.0,1294.0,647.0,1.9969135802469136,597.8744383849119,1195.7488767698235,0.5419198065654861,0.0,0.0,1.0,inf,648.0,inf,220.0,1.0,219.0,0.0,0.0,0.0,0.0,0.0,0.0
513.0,648.0,1942.0,1294.0,647.0,1.9969135802469136,597.8744383849119,1195.7488767698235,0.5419198065654861,0.0,0.0,1.0,inf,648.0,inf,214.0,0.0,214.0,0.0,0.0,0.0,0.0,0.0,0.0
514.0,649.0,1945.0,1296.0,648.0,1.9969183359013867,598.7823568740433,1197.5647137480864,0.5419331352614656,0.0,0.0,1.0,inf,649.0,inf,220.0,1.0,219.0,0.0,0.0,0.0,0.0,0.0,0.0
515.0,649.0,1945.0,1296.0,648.0,1.9969183359013867,598.7823568740433,1197.5647137480864,0.5419331352614656,0.0,0.0,1.0,inf,649.0,inf,218.0,0.0,218.0,0.0,0.0,0.0,0.0,0.0,0.0
516.0,650.0,1948.0,1298.0,649.0,1.996923076923077,599.7573222412275,1199.5146444824547,0.5418858394016943,0.0,0.0,1.0,inf,650.0,inf,220.0,1.0,219.0,0.0,0.0,0.0,0.0,0.0,0.0
517.0,650.0,1948.0,1298.0,649.0,1.996923076923077,599.7573222412275,1199.5146444824547,0.5418858394016943,0.0,0.0,1.0,inf,650.0,inf,218.0,0.0,218.0,0.0,0.0,0.0,0.0,0.0,0.0
518.0,651.0,1951.0,1300.0,650.0,1.9969278033794162,600.7382479686579,1201.4764959373156,0.5418333210855958,0.0,0.0,1.0,inf,651.0,inf,220.0,1.0,219.0,0.0,0.0,0.0,0.0,0.0,0.0
519.0,651.0,1951.0,1300.0,650.0,1.9969278033794162,600.7382479686579,1201.4764959373156,0.5418333210855958,0.0,0.0,1.0,inf,651.0,inf,216.0,0.0,216.0,0.0,0.0,0.0,0.0,0.0,0.0
520.0,652.0,1954.0,1302.0,651.0,1.9969325153374233,601.68122389406,1203.3624477881199,0.541815145718092,0.0,0.0,1.0,inf,652.0,inf,220.0,1.0,219.0,0.0,0.0,0.0,0.0,0.0,0.0
521.0,652.0,1954.0,1302.0,651.0,1.9969325153374233,601.68122389406,1203.3624477881199,0.541815145718092,0.0,0.0,1.0,inf,652.0,inf,218.0,0.0,218.0,0.0,0.0,0.0,0.0,0.0,0.0
522.0,653.0,1957.0,1304.0,652.0,1.996937212863706,602.6001520660313,1205.2003041320625,0.5418186485359915,0.0,0.0,1.0,inf,653.0,inf,220.0,1.0,219.0,0.0,0.0,0.0,0.0,0.0,0.0
523.0,653.0,1957.0,1304.0,652.0,1.996937212863706,602.6001520660313,1205.2003041320625,0.5418186485359915,0.0,0.0,1.0,inf,653.0,inf,219.0,0.0,219.0,0.0,0.0,0.0,0.0,0.0,0.0
524.0,654.0,1960.0,1306.0,653.0,1.996941896024465,603.5116656467908,1207.0233312935814,0.5418287973763526,0.0,0.0,1.0,inf,654.0,inf,220.0,1.0,219.0,0.0,0.0,0.0,0.0,0.0,0.0
525.0,654.0,1960.0,1306.0,653.0,1.996941896024465,603.5116656467908,1207.0233312935814,0.5418287973763526,0.0,0.0,1.0,inf,654.0,inf,214.0,0.0,214.0,0.0,0.0,0.0,0.0,0.0,0.0
526.0,654.0,1960.0,1306.0,653.0,1.996941896024465,603.5116656467908,1207.0233312935814,0.5418287973763526,0.0,0.0,1.0,inf,654.0,inf,220.0,0.0,220.0,0.0,0.0,0.0,0.0,0.0,0.0
527.0,655.0,1963.0,1308.0,654.0,1.9969465648854963,604.4480094997245,1208.8960189994489,0.5418166572689315,0.0,0.0,1.0,inf,655.0,inf,220.0,1.0,219.0,0.0,0.0,0.0,0.0,0.0,0.0
528.0,655.0,1963.0,1308.0,654.0,1.9969465648854963,604.4480094997245,1208.8960189994489,0.5418166572689315,0.0,0.0,1.0,inf,655.0,inf,215.0,0.0,215.0,0.0,0.0,0.0,0.0,0.0,0.0
529.0,658.0,1972.0,1314.0,657.0,1.9969604863221884,607.1908461739665,1214.3816923479328,0.54183952553484,0.0,0.0,1.0,inf,658.0,inf,220.0,3.0,217.0,0.0,0.0,0.0,0.0,0.0,0.0
530.0,658.0,1972.0,1314.0,657.0,1.9969604863221884,607.1908461739665,1214.3816923479328,0.54183952553484,0.0,0.0,1.0,inf,658.0,inf,213.0,0.0,213.0,0.0,0.0,0.0,0.0,0.0,0.0
531.0,660.0,1978.0,1318.0,659.0,1.996969696969697,609.1122631588405,1218.2245263176808,0.5417720508344859,0.0,0.0,1.0,inf,660.0,inf,220.0,2.0,218.0,0.0,0.0,0.0,0.0,0.0,0.0
532.0,660.0,1978.0,1318.0,659.0,1.996969696969697,609.1122631588405,1218.2245263176808,0.5417720508344859,0.0,0.0,1.0,inf,660.0,inf,219.0,0.0,219.0,0.0,0.0,0.0,0.0,0.0,0.0
533.0,660.0,1978.0,1318.0,659.0,1.996969696969697,609.1122631588405,1218.2245263176808,0.5417720508344859,0.0,0.0,1.0,inf,660.0,inf,220.0,0.0,220.0,0.0,0.0,0.0,0.0,0.0,0.0
534.0,663.0,1987.0,1324.0,662.0,1.9969834087481146,611.7383303652085,1223.4766607304168,0.5418983633118006,0.0,0.0,1.0,inf,663.0,inf,220.0,3.0,217.0,0.0,0.0,0.0,0.0,0.0,0.0
535.0,663.0,1987.0,1324.0,662.0,1.9969834087481146,611.7383303652085,1223.4766607304168,0.5418983633118006,0.0,0.0,1.0,inf,663.0,inf,211.0,0.0,211.0,0.0,0.0,0.0,0.0,0.0,0.0
536.0,664.0,1990.0,1326.0,663.0,1.9969879518072289,612.5905703598121,1225.181140719624,0.5419606766147185,0.0,0.0,1.0,inf,664.0,inf,220.0,1.0,219.0,0.0,0.0,0.0,0.0,0.0,0.0
537.0,664.0,1990.0,1326.0,663.0,1.9969879518072289,612.5905703598121,1225.181140719624,0.5419606766147185,0.0,0.0,1.0,inf,664.0,inf,215.0,0.0,215.0,0.0,0.0,0.0,0.0,0.0,0.0
538.0,665.0,1993.0,1328.0,664.0,1.9969924812030075,613.5193612000805,1227.0387224001609,0.5419551867924921,0.0,0.0,1.0,inf,665.0,inf,220.0,1.0,219.0,0.0,0.0,0.0,0.0,0.0,0.0
539.0,665.0,1993.0,1328.0,664.0,1.9969924812030075,613.5193612000805,1227.0387224001609,0.5419551867924921,0.0,0.0,1.0,inf,665.0,inf,218.0,0.0,218.0,0.0,0.0,0.0,0.0,0.0,0.0
540.0,669.0,2005.0,1336.0,668.0,1.9970104633781764,617.1804641691034,1234.3609283382066,0.5419808620325177,0.0,0.0,1.0,inf,669.0,inf,220.0,4.0,216.0,0.0,0.0,0.0,0.0,0.0,0.0
541.0,669.0,2005.0,1336.0,668.0,1.9970104633781764,617.1804641691034,1234.3609283382066,0.5419808620325177,0.0,0.0,1.0,inf,669.0,inf,216.0,0.0,216.0,0.0,0.0,0.0,0.0,0.0,0.0
542.0,670.0,2008.0,1338.0,669.0,1.9970149253731344,618.1295464860075,1236.2590929720147,0.5419575910979098,0.0,0.0,1.0,inf,670.0,inf,220.0,1.0,219.0,0.0,0.0,0.0,0.0,0.0,0.0
543.0,670.0,2008.0,1338.0,669.0,1.9970149253731344,618.1295464860075,1236.2590929720147,0.5419575910979098,0.0,0.0,1.0,inf,670.0,inf,217.0,0.0,217.0,0.0,0.0,0.0,0.0,0.0,0.0
544.0,672.0,2014.0,1342.0,671.0,1.9970238095238095,619.9836937277863,1239.9673874555724,0.5419497373870065,0.0,0.0,1.0,inf,672.0,inf,220.0,2.0,218.0,0.0,0.0,0.0,0.0,0.0,0.0
545.0,672.0,2014.0,1342.0,671.0,1.9970238095238095,619.9836937277863,1239.9673874555724,0.5419497373870065,0.0,0.0,1.0,inf,672.0,inf,215.0,0.0,215.0,0.0,0.0,0.0,0.0,0.0,0.0
546.0,673.0,2017.0,1344.0,672.0,1.9970282317979198,620.9617845612805,1241.9235691225608,0.5419013027311217,0.0,0.0,1.0,inf,673.0,inf,220.0,1.0,219.0,0.0,0.0,0.0,0.0,0.0,0.0
547.0,673.0,2017.0,1344.0,672.0,1.9970282317979198,620.9617845612805,1241.9235691225608,0.5419013027311217,0.0,0.0,1.0,inf,673.0,inf,218.0,0.0,218.0,0.0,0.0,0.0,0.0,0.0,0.0
548.0,673.0,2017.0,1344.0,672.0,1.9970282317979198,620.9617845612805,1241.9235691225608,0.5419013027311217,0.0,0.0,1.0,inf,673.0,inf,220.0,0.0,220.0,0.0,0.0,0.0,0.0,0.0,0.0
549.0,675.0,2023.0,1348.0,674.0,1.997037037037037,622.7860492938979,1245.5720985877956,0.5419196534390112,0.0,0.0,1.0,inf,675.0,inf,220.0,2.0,218.0,0.0,0.0,0.0,0.0,0.0,0.0
550.0,675.0,2023.0,1348.0,674.0,1.997037037037037,622.7860492938979,1245.5720985877956,0.5419196534390112,0.0,0.0,1.0,inf,675.0,inf,215.0,0.0,215.0,0.0,0.0,0.0,0.0,0.0,0.0
551.0,678.0,2032.0,1354.0,677.0,1.9970501474926254,625.6677833008796,1251.335566601759,0.5418210894790105,0.0,0.0,1.0,inf,678.0,inf,220.0,3.0,217.0,0.0,0.0,0.0,0.0,0.0,0.0
552.0,678.0,2032.0,1354.0,677.0,1.9970501474926254,625.6677833008796,1251.335566601759,0.5418210894790105,0.0,0.0,1.0,inf,678.0,inf,215.0,0.0,215.0,0.0,0.0,0.0,0.0,0.0,0.0
553.0,678.0,2032.0,1354.0,677.0,1.9970501474926254,625.6677833008796,1251.335566601759,0.5418210894790105,0.0,0.0,1.0,inf,678.0,inf,220.0,0.0,220.0,0.0,0.0,0.0,0.0,0.0,0.0
554.0,678.0,2032.0,1354.0,677.0,1.9970501474926254,625.6677833008796,1251.335566601759,0.5418210894790105,0.0,0.0,1.0,inf,678.0,inf,220.0,0.0,220.0,0.0,0.0,0.0,0.0,0.0,0.0
555.0,678.0,2032.0,1354.0,677.0,1.9970501474926254,625.6677833008796,1251.335566601759,0.5418210894790105,0.0,0.0,1.0,inf,678.0,inf,220.0,0.0,220.0,0.0,0.0,0.0,0.0,0.0,0.0
556.0,678.0,2032.0,1354.0,677.0,1.9970501474926254,625.6677833008796,1251.335566601759,0.5418210894790105,0.0,0.0,1.0,inf,678.0,inf,220.0,0.0,220.0,0.0,0.0,0.0,0.0,0.0,0.0
557.0,678.0,2032.0,1354.0,677.0,1.9970501474926254,625.6677833008796,1251.335566601759,0.5418210894790105,0.0,0.0,1.0,inf,678.0,inf,220.0,0.0,220.0,0.0,0.0,0.0,0.0,0.0,0.0
558.0,678.0,2032.0,1354.0,677.0,1.9970501474926254,625.6677833008796,1251.335566601759,0.5418210894790105,0.0,0.0,1.0,inf,678.0,inf,220.0,0.0,220.0,0.0,0.0,0.0,0.0,0.0,0.0
559.0,679.0,2035.0,1356.0,678.0,1.9970544918998527,626.6030141504926,1253.206028300985,0.54181035254079,0.0,0.0,1.0,inf,679.0,inf,220.0,1.0,219.0,0.0,0.0,0.0,0.0,0.0,0.0
560.0,679.0,2035.0,1356.0,678.0,1.9970544918998527,626.6030141504926,1253.206028300985,0.54181035254079,0.0,0.0,1.0,inf,679.0,inf,218.0,0.0,218.0,0.0,0.0,0.0,0.0,0.0,0.0
561.0,679.0,2035.0,1356.0,678.0,1.9970544918998527,626.6030141504926,1253.206028300985,0.54181035254079,0.0,0.0,1.0,inf,679.0,inf,220.0,0.0,220.0,0.0,0.0,0.0,0.0,0.0,0.0
562.0,681.0,2041.0,1360.0,680.0,1.9970631424375918,628.5202994411021,1257.040598882204,0.5417486122608645,0.0,0.0,1.0,inf,681.0,inf,220.0,2.0,218.0,0.0,0.0,0.0,0.0,0.0,0.0
563.0,681.0,2041.0,1360.0,680.0,1.9970631424375918,628.5202994411021,1257.040598882204,0.5417486122608645,0.0,0.0,1.0,inf,681.0,inf,218.0,0.0,218.0,0.0,0.0,0.0,0.0,0.0,0.0
564.0,681.0,2041.0,1360.0,680.0,1.9970631424375918,628.5202994411021,1257.040598882204,0.5417486122608645,0.0,0.0,1.0,inf,681.0,inf,220.0,0.0,220.0,0.0,0.0,0.0,0.0,0.0,0.0
565.0,681.0,2041.0,1360.0,680.0,1.9970631424375918,628.5202994411021,1257.040598882204,0.5417486122608645,0.0,0.0,1.0,inf,681.0,inf,220.0,0.0,220.0,0.0,0.0,0.0,0.0,0.0,0.0
566.0,681.0,2041.0,1360.0,680.0,1.9970631424375918,628.5202994411021,1257.040598882204,0.5417486122608645,0.0,0.0,1.0,inf,681.0,inf,220.0,0.0,220.0,0.0,0.0,0.0,0.0,0.0,0.0
567.0,682.0,2044.0,1362.0,681.0,1.997067448680352,629.4433326934638,1258.8866653869275,0.5417485296743394,0.0,0.0,1.0,inf,682.0,inf,220.0,1.0,219.0,0.0,0.0,0.0,0.0,0.0,0.0
568.0,682.0,2044.0,1362.0,681.0,1.997067448680352,629.4433326934638,1258.8866653869275,0.5417485296743394,0.0,0.0,1.0,inf,682.0,inf,218.0,0.0,218.0,0.0,0.0,0.0,0.0,0.0,0.0
569.0,685.0,2053.0,1368.0,684.0,1.9970802919708028,632.0802608175211,1264.160521635042,0.541861566056527,0.0,0.0,1.0,inf,685.0,inf,220.0,3.0,217.0,0.0,0.0,0.0,0.0,0.0,0.0
570.0,685.0,2053.0,1368.0,684.0,1.9970802919708028,632.0802608175211,1264.160521635042,0.541861566056527,0.0,0.0,1.0,inf,685.0,inf,214.0,0.0,214.0,0.0,0.0,0.0,0.0,0.0,0.0
571.0,686.0,2056.0,1370.0,685.0,1.9970845481049562,633.0134483134684,1266.0268966269366,0.5418526271659024,0.0,0.0,1.0,inf,686.0,inf,220.0,1.0,219.0,0.0,0.0,0.0,0.0,0.0,0.0
572.0,686.0,2056.0,1370.0,685.0,1.9970845481049562,633.0134483134684,1266.0268966269366,0.5418526271659024,0.0,0.0,1.0,inf,686.0,inf,218.0,0.0,218.0,0.0,0.0,0.0,0.0,0.0,0.0
573.0,687.0,2059.0,1372.0,686.0,1.997088791848617,633.8803938187126,1267.760787637425,0.5419003385333286,0.0,0.0,1.0,inf,687.0,inf,220.0,1.0,219.0,0.0,0.0,0.0,0.0,0.0,0.0
574.0,687.0,2059.0,1372.0,686.0,1.997088791848617,633.8803938187126,1267.760787637425,0.5419003385333286,0.0,0.0,1.0,inf,687.0,inf,218.0,0.0,218.0,0.0,0.0,0.0,0.0,0.0,0.0
575.0,690.0,2068.0,1378.0,689.0,1.9971014492753623,636.7175663841974,1273.4351327683946,0.5418414980431464,0.0,0.0,1.0,inf,690.0,inf,220.0,3.0,217.0,0.0,0.0,0.0,0.0,0.0,0.0
576.0,690.0,2068.0,1378.0,689.0,1.9971014492753623,636.7175663841974,1273.4351327683946,0.5418414980431464,0.0,0.0,1.0,inf,690.0,inf,210.0,0.0,210.0,0.0,0.0,0.0,0.0,0.0,0.0
577.0,690.0,2068.0,1378.0,689.0,1.9971014492753623,636.7175663841974,1273.4351327683946,0.5418414980431464,0.0,0.0,1.0,inf,690.0,inf,220.0,0.0,220.0,0.0,0.0,0.0,0.0,0.0,0.0
578.0,694.0,2080.0,1386.0,693.0,1.9971181556195965,640.4069638302748,1280.8139276605493,0.5418429523698379,0.0,0.0,1.0,inf,694.0,inf,220.0,4.0,216.0,0.0,0.0,0.0,0.0,0.0,0.0
579.0,694.0,2080.0,1386.0,693.0,1.9971181556195965,640.4069638302748,1280.8139276605493,0.5418429523698379,0.0,0.0,1.0,inf,694.0,inf,209.0,0.0,209.0,0.0,0.0,0.0,0.0,0.0,0.0
580.0,694.0,2080.0,1386.0,693.0,1.9971181556195965,640.4069638302748,1280.8139276605493,0.5418429523698379,0.0,0.0,1.0,inf,694.0,inf,220.0,0.0,220.0,0.0,0.0,0.0,0.0,0.0,0.0
581.0,697.0,2089.0,1392.0,696.0,1.9971305595408895,643.0814592662351,1286.16291853247,0.5419220146661411,0.0,0.0,1.0,inf,697.0,inf,220.0,3.0,217.0,0.0,0.0,0.0,0.0,0.0,0.0
582.0,697.0,2089.0,1392.0,696.0,1.9971305595408895,643.0814592662351,1286.16291853247,0.5419220146661411,0.0,0.0,1.0,inf,697.0,inf,214.0,0.0,214.0,0.0,0.0,0.0,0.0,0.0,0.0
583.0,697.0,2089.0,1392.0,696.0,1.9971305595408895,643.0814592662351,1286.16291853247,0.5419220146661411,0.0,0.0,1.0,inf,697.0,inf,220.0,0.0,220.0,0.0,0.0,0.0,0.0,0.0,0.0
584.0,698.0,2092.0,1394.0,697.0,1.997134670487106,643.9694549641675,1287.9389099283349,0.5419511706800123,0.0,0.0,1.0,inf,698.0,inf,220.0,1.0,219.0,0.0,0.0,0.0,0.0,0.0,0.0
585.0,698.0,2092.0,1394.0,697.0,1.997134670487106,643.9694549641675,1287.9389099283349,0.5419511706800123,0.0,0.0,1.0,inf,698.0,inf,219.0,0.0,219.0,0.0,0.0,0.0,0.0,0.0,0.0
586.0,699.0,2095.0,1396.0,698.0,1.9971387696709586,644.9438732424506,1289.887746484901,0.5419076209576057,0.0,0.0,1.0,inf,699.0,inf,220.0,1.0,219.0,0.0,0.0,0.0,0.0,0.0,0.0
587.0,699.0,2095.0,1396.0,698.0,1.9971387696709586,644.9438732424506,1289.887746484901,0.5419076209576057,0.0,0.0,1.0,inf,699.0,inf,215.0,0.0,215.0,0.0,0.0,0.0,0.0,0.0,0.0
588.0,701.0,2101.0,1400.0,700.0,1.9971469329529243,646.7618072119719,1293.5236144239436,0.541930577983443,0.0,0.0,1.0,inf,701.0,inf,220.0,2.0,218.0,0.0,0.0,0.0,0.0,0.0,0.0
589.0,701.0,2101.0,1400.0,700.0,1.9971469329529243,646.7618072119719,1293.5236144239436,0.541930577983443,0.0,0.0,1.0,inf,701.0,inf,216.0,0.0,216.0,0.0,0.0,0.0,0.0,0.0,0.0
590.0,701.0,2101.0,1400.0,700.0,1.9971469329529243,646.7618072119719,1293.5236144239436,0.541930577983443,0.0,0.0,1.0,inf,701.0,inf,220.0,0.0,220.0,0.0,0.0,0.0,0.0,0.0,0.0
591.0,704.0,2110.0,1406.0,703.0,1.9971590909090908,649.5755541685267,1299.151108337053,0.5418923137441173,0.0,0.0,1.0,inf,704.0,inf,220.0,3.0,217.0,0.0,0.0,0.0,0.0,0.0,0.0
592.0,704.0,2110.0,1406.0,703.0,1.9971590909090908,649.5755541685267,1299.151108337053,0.5418923137441173,0.0,0.0,1.0,inf,704.0,inf,216.0,0.0,216.0,0.0,0.0,0.0,0.0,0.0,0.0
593.0,704.0,2110.0,1406.0,703.0,1.9971590909090908,649.5755541685267,1299.151108337053,0.5418923137441173,0.0,0.0,1.0,inf,704.0,inf,220.0,0.0,220.0,0.0,0.0,0.0,0.0,0.0,0.0
594.0,705.0,2113.0,1408.0,704.0,1.9971631205673759,650.5687945329113,1301.1375890658223,0.5418335508285245,0.0,0.0,1.0,inf,705.0,inf,220.0,1.0,219.0,0.0,0.0,0.0,0.0,0.0,0.0
595.0,705.0,2113.0,1408.0,704.0,1.9971631205673759,650.5687945329113,1301.1375890658223,0.5418335508285245,0.0,0.0,1.0,inf,705.0,inf,217.0,0.0,217.0,0.0,0.0,0.0,0.0,0.0,0.0
596.0,705.0,2113.0,1408.0,704.0,1.9971631205673759,650.5687945329113,1301.1375890658223,0.5418335508285245,0.0,0.0,1.0,inf,705.0,inf,220.0,0.0,220.0,0.0,0.0,0.0,0.0,0.0,0.0
597.0,709.0,2125.0,1416.0,708.0,1.997179125528914,654.3251840976717,1308.6503681953432,0.5417795442015014,0.0,0.0,1.0,inf,709.0,inf,220.0,4.0,216.0,0.0,0.0,0.0,0.0,0.0,0.0
598.0,709.0,2125.0,1416.0,708.0,1.997179125528914,654.3251840976717,1308.6503681953432,0.5417795442015014,0.0,0.0,1.0,inf,709.0,inf,212.0,0.0,212.0,0.0,0.0,0.0,0.0,0.0,0.0
599.0,710.0,2128.0,1418.0,709.0,1.9971830985915493,655.305783770794,1310.6115675415879,0.5417318277846426,0.0,0.0,1.0,inf,710.0,inf,220.0,1.0,219.0,0.0,0.0,0.0,0.0,0.0,0.0
600.0,710.0,2128.0,1418.0,709.0,1.9971830985915493,655.305783770794,1310.6115675415879,0.5417318277846426,0.0,0.0,1.0,inf,710.0,inf,218.0,0.0,218.0,0.0,0.0,0.0,0.0,0.0,0.0
601.0,712.0,2134.0,1422.0,711.0,1.997191011235955,657.1192827348076,1314.238565469615,0.5417585655353083,0.0,0.0,1.0,inf,712.0,inf,220.0,2.0,218.0,0.0,0.0,0.0,0.0,0.0,0.0
602.0,712.0,2134.0,1422.0,711.0,1.997191011235955,657.1192827348076,1314.238565469615,0.5417585655353083,0.0,0.0,1.0,inf,712.0,inf,219.0,0.0,219.0,0.0,0.0,0.0,0.0,0.0,0.0
603.0,712.0,2134.0,1422.0,711.0,1.997191011235955,657.1192827348076,1314.238565469615,0.5417585655353083,0.0,0.0,1.0,inf,712.0,inf,220.0,0.0,220.0,0.0,0.0,0.0,0.0,0.0,0.0
604.0,712.0,2134.0,1422.0,711.0,1.997191011235955,657.1192827348076,1314.238565469615,0.5417585655353083,0.0,0.0,1.0,inf,712.0,inf,220.0,0.0,220.0,0.0,0.0,0.0,0.0,0.0,0.0
605.0,712.0,2134.0,1422.0,711.0,1.997191011235955,657.1192827348076,1314.238565469615,0.5417585655353083,0.0,0.0,1.0,inf,712.0,inf,220.0,0.0,220.0,0.0,0.0,0.0,0.0,0.0,0.0
606.0,716.0,2146.0,1430.0,715.0,1.9972067039106145,660.9107165094999,1321.8214330189996,0.5416767969669534,0.0,0.0,1.0,inf,716.0,inf,220.0,4.0,216.0,0.0,0.0,0.0,0.0,0.0,0.0
607.0,716.0,2146.0,1430.0,715.0,1.9972067039106145,660.9107165094999,1321.8214330189996,0.5416767969669534,0.0,0.0,1.0,inf,716.0,inf,211.0,0.0,211.0,0.0,0.0,0.0,0.0,0.0,0.0
608.0,716.0,2146.0,1430.0,715.0,1.9972067039106145,660.9107165094999,1321.8214330189996,0.5416767969669534,0.0,0.0,1.0,inf,716.0,inf,220.0,0.0,220.0,0.0,0.0,0.0,0.0,0.0,0.0
609.0,717.0,2149.0,1432.0,716.0,1.99721059972106,661.8638983524205,1323.7277967048408,0.5416521446364049,0.0,0.0,1.0,inf,717.0,inf,220.0,1.0,219.0,0.0,0.0,0.0,0.0,0.0,0.0
610.0,717.0,2149.0,1432.0,716.0,1.99721059972106,661.8638983524205,1323.7277967048408,0.5416521446364049,0.0,0.0,1.0,inf,717.0,inf,218.0,0.0,218.0,0.0,0.0,0.0,0.0,0.0,0.0
611.0,719.0,2155.0,1436.0,718.0,1.9972183588317107,663.6315720414905,1327.2631440829807,0.5417162400729241,0.0,0.0,1.0,inf,719.0,inf,220.0,2.0,218.0,0.0,0.0,0.0,0.0,0.0,0.0
612.0,719.0,2155.0,1436.0,718.0,1.9972183588317107,663.6315720414905,1327.2631440829807,0.5417162400729241,0.0,0.0,1.0,inf,719.0,inf,218.0,0.0,218.0,0.0,0.0,0.0,0.0,0.0,0.0
613.0,719.0,2155.0,1436.0,718.0,1.9972183588317107,663.6315720414905,1327.2631440829807,0.5417162400729241,0.0,0.0,1.0,inf,719.0,inf,220.0,0.0,220.0,0.0,0.0,0.0,0.0,0.0,0.0
614.0,720.0,2158.0,1438.0,719.0,1.9972222222222222,664.6132424185403,1329.2264848370803,0.5416684125792517,0.0,0.0,1.0,inf,720.0,inf,220.0,1.0,219.0,0.0,0.0,0.0,0.0,0.0,0.0
615.0,720.0,2158.0,1438.0,719.0,1.9972222222222222,664.6132424185403,1329.2264848370803,0.5416684125792517,0.0,0.0,1.0,inf,720.0,inf,219.0,0.0,219.0,0.0,0.0,0.0,0.0,0.0,0.0
616.0,722.0,2164.0,1442.0,721.0,1.997229916897507,666.6081955624329,1333.2163911248656,0.5415474973202451,0.0,0.0,1.0,inf,722.0,inf,220.0,2.0,218.0,0.0,0.0,0.0,0.0,0.0,0.0
617.0,722.0,2164.0,1442.0,721.0,1.997229916897507,666.6081955624329,1333.2163911248656,0.5415474973202451,0.0,0.0,1.0,inf,722.0,inf,217.0,0.0,217.0,0.0,0.0,0.0,0.0,0.0,0.0
618.0,722.0,2164.0,1442.0,721.0,1.997229916897507,666.6081955624329,1333.2163911248656,0.5415474973202451,0.0,0.0,1.0,inf,722.0,inf,220.0,0.0,220.0,0.0,0.0,0.0,0.0,0.0,0.0
619.0,722.0,2164.0,1442.0,721.0,1.997229916897507,666.6081955624329,1333.2163911248656,0.5415474973202451,0.0,0.0,1.0,inf,722.0,inf,220.0,0.0,220.0,0.0,0.0,0.0,0.0,0.0,0.0
620.0,723.0,2167.0,1444.0,722.0,1.9972337482710927,667.5736323910056,1335.147264782011,0.541513298997803,0.0,0.0,1.0,inf,723.0,inf,220.0,1.0,219.0,0.0,0.0,0.0,0.0,0.0,0.0
621.0,723.0,2167.0,1444.0,722.0,1.9972337482710927,667.5736323910056,1335.147264782011,0.541513298997803,0.0,0.0,1.0,inf,723.0,inf,219.0,0.0,219.0,0.0,0.0,0.0,0.0,0.0,0.0
622.0,724.0,2170.0,1446.0,723.0,1.9972375690607735,668.5216433737999,1337.0432867475995,0.5414933137738219,0.0,0.0,1.0,inf,724.0,inf,220.0,1.0,219.0,0.0,0.0,0.0,0.0,0.0,0.0
623.0,724.0,2170.0,1446.0,723.0,1.9972375690607735,668.5216433737999,1337.0432867475995,0.5414933137738219,0.0,0.0,1.0,inf,724.0,inf,218.0,0.0,218.0,0.0,0.0,0.0,0.0,0.0,0.0
624.0,724.0,2170.0,1446.0,723.0,1.9972375690607735,668.5216433737999,1337.0432867475995,0.5414933137738219,0.0,0.0,1.0,inf,724.0,inf,220.0,0.0,220.0,0.0,0.0,0.0,0.0,0.0,0.0
625.0,725.0,2173.0,1448.0,724.0,1.9972413793103447,669.4415870017816,1338.883174003563,0.5414960872441815,0.0,0.0,1.0,inf,725.0,inf,220.0,1.0,219.0,0.0,0.0,0.0,0.0,0.0,0.0
626.0,725.0,2173.0,1448.0,724.0,1.9972413793103447,669.4415870017816,1338.883174003563,0.5414960872441815,0.0,0.0,1.0,inf,725.0,inf,218.0,0.0,218.0,0.0,0.0,0.0,0.0,0.0,0.0
627.0,725.0,2173.0,1448.0,724.0,1.9972413793103447,669.4415870017816,1338.883174003563,0.5414960872441815,0.0,0.0,1.0,inf,725.0,inf,220.0,0.0,220.0,0.0,0.0,0.0,0.0,0.0,0.0
628.0,726.0,2176.0,1450.0,725.0,1.997245179063361,670.3541343400622,1340.708268680124,0.5415048276794169,0.0,0.0,1.0,inf,726.0,inf,220.0,1.0,219.0,0.0,0.0,0.0,0.0,0.0,0.0
629.0,726.0,2176.0,1450.0,725.0,1.997245179063361,670.3541343400622,1340.708268680124,0.5415048276794169,0.0,0.0,1.0,inf,726.0,inf,217.0,0.0,217.0,0.0,0.0,0.0,0.0,0.0,0.0
630.0,727.0,2179.0,1452.0,726.0,1.9972489683631363,671.3135385555391,1342.627077111078,0.5414757473566533,0.0,0.0,1.0,inf,727.0,inf,220.0,1.0,219.0,0.0,0.0,0.0,0.0,0.0,0.0
631.0,727.0,2179.0,1452.0,726.0,1.9972489683631363,671.3135385555391,1342.627077111078,0.5414757473566533,0.0,0.0,1.0,inf,727.0,inf,217.0,0.0,217.0,0.0,0.0,0.0,0.0,0.0,0.0
632.0,728.0,2182.0,1454.0,727.0,1.9972527472527473,672.1698364710213,1344.3396729420424,0.5415298042992337,0.0,0.0,1.0,inf,728.0,inf,220.0,1.0,219.0,0.0,0.0,0.0,0.0,0.0,0.0
633.0,728.0,2182.0,1454.0,727.0,1.9972527472527473,672.1698364710213,1344.3396729420424,0.5415298042992337,0.0,0.0,1.0,inf,728.0,inf,215.0,0.0,215.0,0.0,0.0,0.0,0.0,0.0,0.0
634.0,731.0,2191.0,1460.0,730.0,1.9972640218878248,675.037416355156,1350.0748327103117,0.5414514679401125,0.0,0.0,1.0,inf,731.0,inf,220.0,3.0,217.0,0.0,0.0,0.0,0.0,0.0,0.0
635.0,731.0,2191.0,1460.0,730.0,1.9972640218878248,675.037416355156,1350.0748327103117,0.5414514679401125,0.0,0.0,1.0,inf,731.0,inf,211.0,0.0,211.0,0.0,0.0,0.0,0.0,0.0,0.0
636.0,733.0,2197.0,1464.0,732.0,1.9972714870395634,676.9906485166921,1353.981297033384,0.5413664144445911,0.0,0.0,1.0,inf,733.0,inf,220.0,2.0,218.0,0.0,0.0,0.0,0.0,0.0,0.0
637.0,733.0,2197.0,1464.0,732.0,1.9972714870395634,676.9906485166921,1353.981297033384,0.5413664144445911,0.0,0.0,1.0,inf,733.0,inf,216.0,0.0,216.0,0.0,0.0,0.0,0.0,0.0,0.0
638.0,733.0,2197.0,1464.0,732.0,1.9972714870395634,676.9906485166921,1353.981297033384,0.5413664144445911,0.0,0.0,1.0,inf,733.0,inf,220.0,0.0,220.0,0.0,0.0,0.0,0.0,0.0,0.0
639.0,735.0,2203.0,1468.0,734.0,1.997278911564626,678.8238950021466,1357.647790004293,0.5413775247243439,0.0,0.0,1.0,inf,735.0,inf,220.0,2.0,218.0,0.0,0.0,0.0,0.0,0.0,0.0
640.0,735.0,2203.0,1468.0,734.0,1.997278911564626,678.8238950021466,1357.647790004293,0.5413775247243439,0.0,0.0,1.0,inf,735.0,inf,218.0,0.0,218.0,0.0,0.0,0.0,0.0,0.0,0.0
641.0,735.0,2203.0,1468.0,734.0,1.997278911564626,678.8238950021466,1357.647790004293,0.5413775247243439,0.0,0.0,1.0,inf,735.0,inf,220.0,0.0,220.0,0.0,0.0,0.0,0.0,0.0,0.0
642.0,737.0,2209.0,1472.0,736.0,1.9972862957937585,680.6486965956532,1361.2973931913061,0.5413952922309223,0.0,0.0,1.0,inf,737.0,inf,220.0,2.0,218.0,0.0,0.0,0.0,0.0,0.0,0.0
643.0,737.0,2209.0,1472.0,736.0,1.9972862957937585,680.6486965956532,1361.2973931913061,0.5413952922309223,0.0,0.0,1.0,inf,737.0,inf,215.0,0.0,215.0,0.0,0.0,0.0,0.0,0.0,0.0
644.0,738.0,2212.0,1474.0,737.0,1.997289972899729,681.644329340259,1363.2886586805178,0.5413380323388636,0.0,0.0,1.0,inf,738.0,inf,220.0,1.0,219.0,0.0,0.0,0.0,0.0,0.0,0.0
645.0,738.0,2212.0,1474.0,737.0,1.997289972899729,681.644329340259,1363.2886586805178,0.5413380323388636,0.0,0.0,1.0,inf,738.0,inf,220.0,0.0,220.0,0.0,0.0,0.0,0.0,0.0,0.0
646.0,738.0,2212.0,1474.0,737.0,1.997289972899729,681.644329340259,1363.2886586805178,0.5413380323388636,0.0,0.0,1.0,inf,738.0,inf,220.0,0.0,220.0,0.0,0.0,0.0,0.0,0.0,0.0
647.0,739.0,2215.0,1476.0,738.0,1.9972936400541272,682.6341741059181,1365.268348211836,0.541285528934958,0.0,0.0,1.0,inf,739.0,inf,220.0,1.0,219.0,0.0,0.0,0.0,0.0,0.0,0.0
648.0,739.0,2215.0,1476.0,738.0,1.9972936400541272,682.6341741059181,1365.268348211836,0.541285528934958,0.0,0.0,1.0,inf,739.0,inf,217.0,0.0,217.0,0.0,0.0,0.0,0.0,0.0,0.0
649.0,740.0,2218.0,1478.0,739.0,1.9972972972972973,683.582689867318,1367.1653797346357,0.5412659002114526,0.0,0.0,1.0,inf,740.0,inf,220.0,1.0,219.0,0.0,0.0,0.0,0.0,0.0,0.0
650.0,740.0,2218.0,1478.0,739.0,1.9972972972972973,683.582689867318,1367.1653797346357,0.5412659002114526,0.0,0.0,1.0,inf,740.0,inf,218.0,0.0,218.0,0.0,0.0,0.0,0.0,0.0,0.0
651.0,742.0,2224.0,1482.0,741.0,1.9973045822102427,685.3562914097403,1370.7125828194803,0.5413242785542589,0.0,0.0,1.0,inf,742.0,inf,220.0,2.0,218.0,0.0,0.0,0.0,0.0,0.0,0.0
652.0,742.0,2224.0,1482.0,741.0,1.9973045822102427,685.3562914097403,1370.7125828194803,0.5413242785542589,0.0,0.0,1.0,inf,742.0,inf,212.0,0.0,212.0,0.0,0.0,0.0,0.0,0.0,0.0
653.0,744.0,2230.0,1486.0,743.0,1.9973118279569892,687.2972219147555,1374.5944438295107,0.5412505509096015,0.0,0.0,1.0,inf,744.0,inf,220.0,2.0,218.0,0.0,0.0,0.0,0.0,0.0,0.0
654.0,744.0,2230.0,1486.0,743.0,1.9973118279569892,687.2972219147555,1374.5944438295107,0.5412505509096015,0.0,0.0,1.0,inf,744.0,inf,216.0,0.0,216.0,0.0,0.0,0.0,0.0,0.0,0.0
655.0,744.0,2230.0,1486.0,743.0,1.9973118279569892,687.2972219147555,1374.5944438295107,0.5412505509096015,0.0,0.0,1.0,inf,744.0,inf,220.0,0.0,220.0,0.0,0.0,0.0,0.0,0.0,0.0
656.0,745.0,2233.0,1488.0,744.0,1.9973154362416108,688.2209668837241,1376.441933767448,0.5412505836413066,0.0,0.0,1.0,inf,745.0,inf,220.0,1.0,219.0,0.0,0.0,0.0,0.0,0.0,0.0
657.0,745.0,2233.0,1488.0,744.0,1.9973154362416108,688.2209668837241,1376.441933767448,0.5412505836413066,0.0,0.0,1.0,inf,745.0,inf,218.0,0.0,218.0,0.0,0.0,0.0,0.0,0.0,0.0
658.0,746.0,2236.0,1490.0,745.0,1.997319034852547,689.1329942841362,1378.2659885682722,0.5412598193581899,0.0,0.0,1.0,inf,746.0,inf,220.0,1.0,219.0,0.0,0.0,0.0,0.0,0.0,0.0
659.0,746.0,2236.0,1490.0,745.0,1.997319034852547,689.1329942841362,1378.2659885682722,0.5412598193581899,0.0,0.0,1.0,inf,746.0,inf,218.0,0.0,218.0,0.0,0.0,0.0,0.0,0.0,0.0
660.0,747.0,2239.0,1492.0,746.0,1.997322623828648,690.032791644545,1380.0655832890898,0.5412786240344362,0.0,0.0,1.0,inf,747.0,inf,220.0,1.0,219.0,0.0,0.0,0.0,0.0,0.0,0.0
661.0,747.0,2239.0,1492.0,746.0,1.997322623828648,690.032791644545,1380.0655832890898,0.5412786240344362,0.0,0.0,1.0,inf,747.0,inf,219.0,0.0,219.0,0.0,0.0,0.0,0.0,0.0,0.0
662.0,747.0,2239.0,1492.0,746.0,1.997322623828648,690.032791644545,1380.0655832890898,0.5412786240344362,0.0,0.0,1.0,inf,747.0,inf,220.0,0.0,220.0,0.0,0.0,0.0,0.0,0.0,0.0
663.0,748.0,2242.0,1494.0,747.0,1.9973262032085561,690.9336547855712,1381.8673095711422,0.5412965447689324,0.0,0.0,1.0,inf,748.0,inf,220.0,1.0,219.0,0.0,0.0,0.0,0.0,0.0,0.0
664.0,748.0,2242.0,1494.0,747.0,1.9973262032085561,690.9336547855712,1381.8673095711422,0.5412965447689324,0.0,0.0,1.0,inf,748.0,inf,217.0,0.0,217.0,0.0,0.0,0.0,0.0,0.0,0.0
665.0,751.0,2251.0,1500.0,750.0,1.9973368841544608,693.6919525881794,1387.3839051763587,0.5413065534334103,0.0,0.0,1.0,inf,751.0,inf,220.0,3.0,217.0,0.0,0.0,0.0,0.0,0.0,0.0
666.0,751.0,2251.0,1500.0,750.0,1.9973368841544608,693.6919525881794,1387.3839051763587,0.5413065534334103,0.0,0.0,1.0,inf,751.0,inf,213.0,0.0,213.0,0.0,0.0,0.0,0.0,0.0,0.0
667.0,752.0,2254.0,1502.0,751.0,1.997340425531915,694.5567558455336,1389.113511691067,0.5413524479252503,0.0,0.0,1.0,inf,752.0,inf,220.0,1.0,219.0,0.0,0.0,0.0,0.0,0.0,0.0
668.0,752.0,2254.0,1502.0,751.0,1.997340425531915,694.5567558455336,1389.113511691067,0.5413524479252503,0.0,0.0,1.0,inf,752.0,inf,219.0,0.0,219.0,0.0,0.0,0.0,0.0,0.0,0.0
669.0,753.0,2257.0,1504.0,752.0,1.99734395750332,695.4279426280737,1390.855885256147,0.5413932586274557,0.0,0.0,1.0,inf,753.0,inf,220.0,1.0,219.0,0.0,0.0,0.0,0.0,0.0,0.0
670.0,753.0,2257.0,1504.0,752.0,1.99734395750332,695.4279426280737,1390.855885256147,0.5413932586274557,0.0,0.0,1.0,inf,753.0,inf,217.0,0.0,217.0,0.0,0.0,0.0,0.0,0.0,0.0
671.0,755.0,2263.0,1508.0,754.0,1.9973509933774833,697.3547976723753,1394.7095953447504,0.5413313298481867,0.0,0.0,1.0,inf,755.0,inf,220.0,2.0,218.0,0.0,0.0,0.0,0.0,0.0,0.0
672.0,755.0,2263.0,1508.0,754.0,1.9973509933774833,697.3547976723753,1394.7095953447504,0.5413313298481867,0.0,0.0,1.0,inf,755.0,inf,216.0,0.0,216.0,0.0,0.0,0.0,0.0,0.0,0.0
673.0,755.0,2263.0,1508.0,754.0,1.9973509933774833,697.3547976723753,1394.7095953447504,0.5413313298481867,0.0,0.0,1.0,inf,755.0,inf,220.0,0.0,220.0,0.0,0.0,0.0,0.0,0.0,0.0
674.0,756.0,2266.0,1510.0,755.0,1.9973544973544974,698.2487381923412,1396.4974763846822,0.5413543617401788,0.0,0.0,1.0,inf,756.0,inf,220.0,1.0,219.0,0.0,0.0,0.0,0.0,0.0,0.0
675.0,756.0,2266.0,1510.0,755.0,1.9973544973544974,698.2487381923412,1396.4974763846822,0.5413543617401788,0.0,0.0,1.0,inf,756.0,inf,216.0,0.0,216.0,0.0,0.0,0.0,0.0,0.0,0.0
676.0,758.0,2272.0,1514.0,757.0,1.9973614775725594,700.0008142221908,1400.0016284443814,0.5414279416533646,0.0,0.0,1.0,inf,758.0,inf,220.0,2.0,218.0,0.0,0.0,0.0,0.0,0.0,0.0
677.0,758.0,2272.0,1514.0,757.0,1.9973614775725594,700.0008142221908,1400.0016284443814,0.5414279416533646,0.0,0.0,1.0,inf,758.0,inf,215.0,0.0,215.0,0.0,0.0,0.0,0.0,0.0,0.0
678.0,758.0,2272.0,1514.0,757.0,1.9973614775725594,700.0008142221908,1400.0016284443814,0.5414279416533646,0.0,0.0,1.0,inf,758.0,inf,220.0,0.0,220.0,0.0,0.0,0.0,0.0,0.0,0.0
679.0,760.0,2278.0,1518.0,759.0,1.9973684210526317,701.7408264298164,1403.4816528596325,0.5415104632479371,0.0,0.0,1.0,inf,760.0,inf,220.0,2.0,218.0,0.0,0.0,0.0,0.0,0.0,0.0
680.0,760.0,2278.0,1518.0,759.0,1.9973684210526317,701.7408264298164,1403.4816528596325,0.5415104632479371,0.0,0.0,1.0,inf,760.0,inf,218.0,0.0,218.0,0.0,0.0,0.0,0.0,0.0,0.0
681.0,760.0,2278.0,1518.0,759.0,1.9973684210526317,701.7408264298164,1403.4816528596325,0.5415104632479371,0.0,0.0,1.0,inf,760.0,inf,220.0,0.0,220.0,0.0,0.0,0.0,0.0,0.0,0.0
682.0,760.0,2278.0,1518.0,759.0,1.9973684210526317,701.7408264298164,1403.4816528596325,0.5415104632479371,0.0,0.0,1.0,inf,760.0,inf,220.0,0.0,220.0,0.0,0.0,0.0,0.0,0.0,0.0
683.0,762.0,2284.0,1522.0,761.0,1.9973753280839894,703.692155948081,1407.3843118961618,0.5414299374798069,0.0,0.0,1.0,inf,762.0,inf,220.0,2.0,218.0,0.0,0.0,0.0,0.0,0.0,0.0
684.0,762.0,2284.0,1522.0,761.0,1.9973753280839894,703.692155948081,1407.3843118961618,0.5414299374798069,0.0,0.0,1.0,inf,762.0,inf,218.0,0.0,218.0,0.0,0.0,0.0,0.0,0.0,0.0
685.0,763.0,2287.0,1524.0,762.0,1.9973787680209698,704.6767512048216,1409.353502409643,0.5413829807038903,0.0,0.0,1.0,inf,763.0,inf,220.0,1.0,219.0,0.0,0.0,0.0,0.0,0.0,0.0
686.0,763.0,2287.0,1524.0,762.0,1.9973787680209698,704.6767512048216,1409.353502409643,0.5413829807038903,0.0,0.0,1.0,inf,763.0,inf,218.0,0.0,218.0,0.0,0.0,0.0,0.0,0.0,0.0
687.0,763.0,2287.0,1524.0,762.0,1.9973787680209698,704.6767512048216,1409.353502409643,0.5413829807038903,0.0,0.0,1.0,inf,763.0,inf,220.0,0.0,220.0,0.0,0.0,0.0,0.0,0.0,0.0
688.0,764.0,2290.0,1526.0,763.0,1.9973821989528795,705.566500893521,1411.1330017870418,0.541408923916087,0.0,0.0,1.0,inf,764.0,inf,220.0,1.0,219.0,0.0,0.0,0.0,0.0,0.0,0.0
689.0,764.0,2290.0,1526.0,763.0,1.9973821989528795,705.566500893521,1411.1330017870418,0.541408923916087,0.0,0.0,1.0,inf,764.0,inf,218.0,0.0,218.0,0.0,0.0,0.0,0.0,0.0,0.0
690.0,765.0,2293.0,1528.0,764.0,1.9973856209150327,706.4668042306414,1412.9336084612826,0.5414267134838011,0.0,0.0,1.0,inf,765.0,inf,220.0,1.0,219.0,0.0,0.0,0.0,0.0,0.0,0.0
691.0,765.0,2293.0,1528.0,764.0,1.9973856209150327,706.4668042306414,1412.9336084612826,0.5414267134838011,0.0,0.0,1.0,inf,765.0,inf,216.0,0.0,216.0,0.0,0.0,0.0,0.0,0.0,0.0
692.0,767.0,2299.0,1532.0,766.0,1.9973924380704042,708.2957209534334,1416.5914419068665,0.5414405151054317,0.0,0.0,1.0,inf,767.0,inf,220.0,2.0,218.0,0.0,0.0,0.0,0.0,0.0,0.0
693.0,767.0,2299.0,1532.0,766.0,1.9973924380704042,708.2957209534334,1416.5914419068665,0.5414405151054317,0.0,0.0,1.0,inf,767.0,inf,216.0,0.0,216.0,0.0,0.0,0.0,0.0,0.0,0.0
694.0,767.0,2299.0,1532.0,766.0,1.9973924380704042,708.2957209534334,1416.5914419068665,0.5414405151054317,0.0,0.0,1.0,inf,767.0,inf,220.0,0.0,220.0,0.0,0.0,0.0,0.0,0.0,0.0
695.0,767.0,2299.0,1532.0,766.0,1.9973924380704042,708.2957209534334,1416.5914419068665,0.5414405151054317,0.0,0.0,1.0,inf,767.0,inf,220.0,0.0,220.0,0.0,0.0,0.0,0.0,0.0,0.0
696.0,767.0,2299.0,1532.0,766.0,1.9973924380704042,708.2957209534334,1416.5914419068665,0.5414405151054317,0.0,0.0,1.0,inf,767.0,inf,220.0,0.0,220.0,0.0,0.0,0.0,0.0,0.0,0.0
697.0,767.0,2299.0,1532.0,766.0,1.9973924380704042,708.2957209534334,1416.5914419068665,0.5414405151054317,0.0,0.0,1.0,inf,767.0,inf,220.0,0.0,220.0,0.0,0.0,0.0,0.0,0.0,0.0
698.0,767.0,2299.0,1532.0,766.0,1.9973924380704042,708.2957209534334,1416.5914419068665,0.5414405151054317,0.0,0.0,1.0,inf,767.0,inf,220.0,0.0,220.0,0.0,0.0,0.0,0.0,0.0,0.0
699.0,767.0,2299.0,1532.0,766.0,1.9973924380704042,708.2957209534334,1416.5914419068665,0.5414405151054317,0.0,0.0,1.0,inf,767.0,inf,220.0,0.0,220.0,0.0,0.0,0.0,0.0,0.0,0.0
700.0,769.0,2305.0,1536.0,768.0,1.9973992197659298,710.1077632000276,1420.215526400055,0.5414671123538917,0.0,0.0,1.0,inf,769.0,inf,220.0,2.0,218.0,0.0,0.0,0.0,0.0,0.0,0.0
